sample_id,image_path,harmonized_label,original_folder_label,label_rule,file_sha256,method,seed,is_primary_seed,predicted_label,correct,prob_AMD_DRY,prob_AMD_WET,prob_NORMAL
STARE_AMD_DRY_0001_d263f50d89b2,AMD_DRY/im0006.png,AMD_DRY,AMD_DRY,Predefined folder label used as a rule-harmonized three-class category,07404fb4bd53b34ee25026662f3aa297e0556661c85da6cc611afc72690dd067,FROZEN_VIT_SVM,42,True,AMD_WET,0,0.2407572625960236,0.6819742259641557,0.07726851143982066
STARE_AMD_DRY_0002_229c41f2cf25,AMD_DRY/im0012.png,AMD_DRY,AMD_DRY,Predefined folder label used as a rule-harmonized three-class category,7ead02e3f48eb036c8e46131fa3c26573762533cf84bb586588ea1586b9a151a,FROZEN_VIT_SVM,42,True,AMD_WET,0,0.12462573237603171,0.8416440090922686,0.0337302585316999
STARE_AMD_DRY_0003_d6d7c11dd912,AMD_DRY/im0015.png,AMD_DRY,AMD_DRY,Predefined folder label used as a rule-harmonized three-class category,a3e8437cae1948c95e2e91e75d8e33c016295d76bbd77a62d6066b602e77cde2,FROZEN_VIT_SVM,42,True,AMD_WET,0,0.11150687920046694,0.5305174509066597,0.3579756698928733
STARE_AMD_DRY_0004_b06dde6ef269,AMD_DRY/im0046.png,AMD_DRY,AMD_DRY,Predefined folder label used as a rule-harmonized three-class category,02463d320cda2ff13bf3719d639973124b40fbd8b127cf778b4bf9af3be5ae26,FROZEN_VIT_SVM,42,True,NORMAL,0,0.18979683385925866,0.013978930999645575,0.796224235141096
STARE_AMD_DRY_0005_937e0f008180,AMD_DRY/im0063.png,AMD_DRY,AMD_DRY,Predefined folder label used as a rule-harmonized three-class category,4ecde88543ad41f537feab30920481af39418f67cbd4a0af6741557e269bc487,FROZEN_VIT_SVM,42,True,AMD_DRY,1,0.5967253605724698,0.25951616844775305,0.14375847097977712
STARE_AMD_DRY_0006_cc78e90fdf44,AMD_DRY/im0066.png,AMD_DRY,AMD_DRY,Predefined folder label used as a rule-harmonized three-class category,2240107c1ed6c3fa19669456df1652a098850fd217eceba2630795b2aa8c49db,FROZEN_VIT_SVM,42,True,AMD_WET,0,0.32189036307550395,0.5340963041566331,0.14401333276786266
STARE_AMD_DRY_0007_1e4f490def47,AMD_DRY/im0068.png,AMD_DRY,AMD_DRY,Predefined folder label used as a rule-harmonized three-class category,6f526995077b937f5fea61e713f5c5ff158fe9505855bc2c1e026438d467aeb2,FROZEN_VIT_SVM,42,True,AMD_DRY,1,0.8037322907574506,0.01783067042260748,0.17843703881994202
STARE_AMD_DRY_0008_c8d5b3bc7fd1,AMD_DRY/im0175.png,AMD_DRY,AMD_DRY,Predefined folder label used as a rule-harmonized three-class category,b9078b917d6bab1ba7794307d6de24878364c3a9a686638d18208e7508628339,FROZEN_VIT_SVM,42,True,AMD_DRY,1,0.7727483266594638,0.15443924900857467,0.07281242433196128
STARE_AMD_DRY_0009_1b44b3f95920,AMD_DRY/im0193.png,AMD_DRY,AMD_DRY,Predefined folder label used as a rule-harmonized three-class category,432a8c9a1caf88b55bb56a507ac762d5b327717050fefc5be278fd4338c19f30,FROZEN_VIT_SVM,42,True,AMD_DRY,1,0.8557899044307372,0.11881594534408033,0.025394150225182363
STARE_AMD_DRY_0010_831581454862,AMD_DRY/im0250.png,AMD_DRY,AMD_DRY,Predefined folder label used as a rule-harmonized three-class category,f0b0ea1b3c6b93f64fbaa5e5ce949029f0a1114170600a59727d7bb4ec12c5c3,FROZEN_VIT_SVM,42,True,AMD_DRY,1,0.6928757962114126,0.0944697520639164,0.21265445172467104
STARE_AMD_DRY_0011_1f3e7a28dfdb,AMD_DRY/im0262.png,AMD_DRY,AMD_DRY,Predefined folder label used as a rule-harmonized three-class category,3e5597a19b733c677176fc433af21a35226f819671da0d09f5f5030e4f2b26b0,FROZEN_VIT_SVM,42,True,AMD_WET,0,0.28933012495125954,0.41340504182544546,0.297264833223295
STARE_AMD_DRY_0012_faa094e238d5,AMD_DRY/im0263.png,AMD_DRY,AMD_DRY,Predefined folder label used as a rule-harmonized three-class category,4db3e481700ec8db703d55c2fc73a741a76ee153011608264863a52740bc8fb1,FROZEN_VIT_SVM,42,True,AMD_DRY,1,0.42527960765805467,0.1319862462888262,0.44273414605311906
STARE_AMD_DRY_0013_667486851e7b,AMD_DRY/im0264.png,AMD_DRY,AMD_DRY,Predefined folder label used as a rule-harmonized three-class category,8ebb345117e4ef7e9b7d36fb7c1cd4c4cf989442736ea0b46079b8871a4ea779,FROZEN_VIT_SVM,42,True,AMD_DRY,1,0.8488498699163641,0.09463870518780915,0.056511424895826834
STARE_AMD_DRY_0014_77bca31945cf,AMD_DRY/im0265.png,AMD_DRY,AMD_DRY,Predefined folder label used as a rule-harmonized three-class category,ad1821d60e315daecf235929f70cf8f3dfde962469edb679592996b12f95db36,FROZEN_VIT_SVM,42,True,AMD_DRY,1,0.6044713683466759,0.3366172100335783,0.058911421619745746
STARE_AMD_DRY_0015_9816ec7268cf,AMD_DRY/im0266.png,AMD_DRY,AMD_DRY,Predefined folder label used as a rule-harmonized three-class category,8d46fced829b536a3d2db2bd9333d6b33635c06e5252f1d4776f4162d18fc081,FROZEN_VIT_SVM,42,True,AMD_DRY,1,0.5631345114846832,0.41570904773056444,0.021156440784752404
STARE_AMD_DRY_0016_b0cdd859d6ed,AMD_DRY/im0292.png,AMD_DRY,AMD_DRY,Predefined folder label used as a rule-harmonized three-class category,f5fe8b111acf618451880f97052f418600aeb562be4deb3abebfeb1c176a4b64,FROZEN_VIT_SVM,42,True,AMD_WET,0,0.22613094238515727,0.716691384513372,0.057177673101470795
STARE_AMD_DRY_0017_7456c8a0cd69,AMD_DRY/im0401.png,AMD_DRY,AMD_DRY,Predefined folder label used as a rule-harmonized three-class category,ba2d68ee6bbf1771c5b2d79805beaf8e46860cfb245819074ee4fd1f94de33bd,FROZEN_VIT_SVM,42,True,AMD_WET,0,0.48894504822484053,0.3975157526494955,0.11353919912566376
STARE_AMD_DRY_0018_379873cbb1a2,AMD_DRY/im0402.png,AMD_DRY,AMD_DRY,Predefined folder label used as a rule-harmonized three-class category,14ed4022ab6157297273acaef2c6a656c74b45e826c5c81119024c9e089ae712,FROZEN_VIT_SVM,42,True,AMD_WET,0,0.35910908697343913,0.5383328765463432,0.1025580364802176
STARE_AMD_WET_0001_4abb74838c2e,AMD_WET/im0007.png,AMD_WET,AMD_WET,Predefined folder label used as a rule-harmonized three-class category,43efff95090bce4ff7388809dd5f71ec968f84c8868f4597d50267e06f6a80ab,FROZEN_VIT_SVM,42,True,AMD_WET,1,0.027436780562957168,0.9287738300297603,0.04378938940728264
STARE_AMD_WET_0002_364d7d338f60,AMD_WET/im0008.png,AMD_WET,AMD_WET,Predefined folder label used as a rule-harmonized three-class category,97947d82cf545207422cbd803d4dbc1a44338829d22d841b49f4bcfd305a70d3,FROZEN_VIT_SVM,42,True,AMD_WET,1,0.04314794312826309,0.945715178869608,0.011136878002129138
STARE_AMD_WET_0003_a3a1c9c56853,AMD_WET/im0011.png,AMD_WET,AMD_WET,Predefined folder label used as a rule-harmonized three-class category,e449e9fd863250088ca5750e581ca89d9a8be324a6dbe88334824697fb987a9e,FROZEN_VIT_SVM,42,True,AMD_WET,1,0.0025444098382035206,0.9970663039810944,0.0003892861807020009
STARE_AMD_WET_0004_b1fbc6d203b8,AMD_WET/im0017.png,AMD_WET,AMD_WET,Predefined folder label used as a rule-harmonized three-class category,426c86d782efc552afc690378865191e61df5aa4ccd9bfe1f682174328a87cef,FROZEN_VIT_SVM,42,True,AMD_WET,1,0.0693807128865809,0.9275362318515259,0.0030830552618931243
STARE_AMD_WET_0005_67527302d081,AMD_WET/im0034.png,AMD_WET,AMD_WET,Predefined folder label used as a rule-harmonized three-class category,03e98b766cd9c45837d9b19be05cd460593d335a3f8bdcc20b25fe6fce757879,FROZEN_VIT_SVM,42,True,AMD_WET,1,0.031274804453904716,0.9563207274503582,0.012404468095737014
STARE_AMD_WET_0006_db064e8eb44c,AMD_WET/im0036.png,AMD_WET,AMD_WET,Predefined folder label used as a rule-harmonized three-class category,40ed5b10850dbe2cac6fa5ad0da28d12e14f3c03ba1d8656667cbeef1faefbb2,FROZEN_VIT_SVM,42,True,AMD_WET,1,0.03213597277739838,0.9597736009363117,0.008090426286289934
STARE_AMD_WET_0007_5b7bee080dcd,AMD_WET/im0037.png,AMD_WET,AMD_WET,Predefined folder label used as a rule-harmonized three-class category,63a74787d05305a09f9daae4964e7f067306f3c4f6521a8c6fb2ade01e8cadf2,FROZEN_VIT_SVM,42,True,AMD_WET,1,0.009912138166145818,0.9879561106608631,0.00213175117299114
STARE_AMD_WET_0008_ce070d9aedb0,AMD_WET/im0053.png,AMD_WET,AMD_WET,Predefined folder label used as a rule-harmonized three-class category,5bd3fdb5c8efcbe5bd534875a8ab9ced630474e6e6b3f6c7645ea7106028bb99,FROZEN_VIT_SVM,42,True,AMD_WET,1,0.05572642709316843,0.9268876396811292,0.01738593322570234
STARE_AMD_WET_0009_7f040538c58a,AMD_WET/im0054.png,AMD_WET,AMD_WET,Predefined folder label used as a rule-harmonized three-class category,748a963e24d304d8145fac9e87991a1f4a2e8f8f9ec250a94e3b76c86bffd32f,FROZEN_VIT_SVM,42,True,AMD_WET,1,0.014097798509760694,0.9841925237648255,0.0017096777254137707
STARE_AMD_WET_0010_f9748c7fccb6,AMD_WET/im0061.png,AMD_WET,AMD_WET,Predefined folder label used as a rule-harmonized three-class category,3618ee890a682dad4db87a0f55e8bb3e60e13889c98f32b5be93e86847dad88e,FROZEN_VIT_SVM,42,True,AMD_WET,1,0.046665003314653695,0.9437054240535624,0.009629572631783897
STARE_AMD_WET_0011_685974b697be,AMD_WET/im0062.png,AMD_WET,AMD_WET,Predefined folder label used as a rule-harmonized three-class category,7f7de2b94bdba9e000b42e074aa5fdc898876c7c192460b346a01e5feb9c23bb,FROZEN_VIT_SVM,42,True,AMD_WET,1,0.010601461669673467,0.9892640393405973,0.00013449898972915243
STARE_AMD_WET_0012_b0e1926f7dfc,AMD_WET/im0083.png,AMD_WET,AMD_WET,Predefined folder label used as a rule-harmonized three-class category,ad9eac2b2d2369f5d8277bc425012ce4787c38b55081296e2d47b27874c9efa6,FROZEN_VIT_SVM,42,True,AMD_WET,1,0.014916998768581198,0.9378021228843316,0.04728087834708695
STARE_AMD_WET_0013_e4e4377d057a,AMD_WET/im0084.png,AMD_WET,AMD_WET,Predefined folder label used as a rule-harmonized three-class category,6d3f7fb5846b79faf4e775d5f9f50891641312aa4903ba8e2842934a697819b7,FROZEN_VIT_SVM,42,True,AMD_WET,1,0.02658629593430062,0.958723746000335,0.014689958065364507
STARE_AMD_WET_0014_e880931c9146,AMD_WET/im0091.png,AMD_WET,AMD_WET,Predefined folder label used as a rule-harmonized three-class category,39d871a3e16f95b5048404122c29149267c6159c219c1d297bc9642257eb1492,FROZEN_VIT_SVM,42,True,AMD_WET,1,0.022403145880889902,0.9707360081979978,0.006860845921112448
STARE_AMD_WET_0015_25c7cf74080b,AMD_WET/im0092.png,AMD_WET,AMD_WET,Predefined folder label used as a rule-harmonized three-class category,15584a9280772911b2d202c8af1a671461257b3dca76e9fa46e972502b706de1,FROZEN_VIT_SVM,42,True,AMD_WET,1,0.18734007765745617,0.8101825758879163,0.0024773464546272643
STARE_AMD_WET_0016_7f0eb389baee,AMD_WET/im0100.png,AMD_WET,AMD_WET,Predefined folder label used as a rule-harmonized three-class category,7bf274c7d773c817b4503ea8f88247bad16dd34eb8ce8dcc0c1b9f7f8c1a2ece,FROZEN_VIT_SVM,42,True,NORMAL,0,0.02516496682676274,0.06004242953152411,0.9147926036417131
STARE_AMD_WET_0017_22cbd7234f5e,AMD_WET/im0101.png,AMD_WET,AMD_WET,Predefined folder label used as a rule-harmonized three-class category,a2e7d0814149deaffc104d661424651f7db5381d84c7456bb37dbe660241cd9f,FROZEN_VIT_SVM,42,True,AMD_WET,1,0.10108861374754761,0.6073495815513952,0.291561804701057
STARE_AMD_WET_0018_04d706241959,AMD_WET/im0103.png,AMD_WET,AMD_WET,Predefined folder label used as a rule-harmonized three-class category,7f2fd1dd0bb83282a3036f49680952a097afd5ab56e8f97fcf4d055f76830d66,FROZEN_VIT_SVM,42,True,AMD_WET,1,0.04122118449369108,0.9533180536557951,0.005460761850513922
STARE_AMD_WET_0019_5add82a8671c,AMD_WET/im0104.png,AMD_WET,AMD_WET,Predefined folder label used as a rule-harmonized three-class category,8cd524a53014090924ea38e650597a8690329ca3a4a53cbafe5bf66a54e5b3da,FROZEN_VIT_SVM,42,True,AMD_WET,1,0.025148963016438652,0.9306335365321131,0.04421750045144823
STARE_AMD_WET_0020_0d6202ae9b41,AMD_WET/im0105.png,AMD_WET,AMD_WET,Predefined folder label used as a rule-harmonized three-class category,6adfaa348c4fefcf987d1345282b82d6344a49a72df761012fa6682216d3cd6d,FROZEN_VIT_SVM,42,True,AMD_WET,1,0.10631211754798513,0.875342494155284,0.018345388296730974
STARE_AMD_WET_0021_b244af1ee88b,AMD_WET/im0106.png,AMD_WET,AMD_WET,Predefined folder label used as a rule-harmonized three-class category,d7734c772af108c633197d99af226712ffdedf208de12e3401f1c0ff364bf415,FROZEN_VIT_SVM,42,True,AMD_WET,1,0.18587172220022202,0.7365873595967618,0.0775409182030161
STARE_AMD_WET_0022_485b7e19dbb9,AMD_WET/im0110.png,AMD_WET,AMD_WET,Predefined folder label used as a rule-harmonized three-class category,4cf4d8a5431840b301a45b27517dc9e4f6c315af9a951ee7a9e7aecd8d1fff87,FROZEN_VIT_SVM,42,True,AMD_WET,1,0.09214515561451767,0.907120983486418,0.000733860899064253
STARE_AMD_WET_0023_783924ab9d3e,AMD_WET/im0142.png,AMD_WET,AMD_WET,Predefined folder label used as a rule-harmonized three-class category,8652ae4720f76835d83600178ecd2d5ad364cff1aca2d5e6130f5a7edddbba86,FROZEN_VIT_SVM,42,True,AMD_WET,1,0.03217918457139267,0.572469890056364,0.3953509253722432
STARE_AMD_WET_0024_c037a55bcb6c,AMD_WET/im0143.png,AMD_WET,AMD_WET,Predefined folder label used as a rule-harmonized three-class category,3453e39c772c5bab740f6413943cb5f93f5fe08c9c343a854a625e0b402ddb6d,FROZEN_VIT_SVM,42,True,AMD_WET,1,0.08711681832986813,0.8692731119895032,0.04361006968062901
STARE_AMD_WET_0025_98ec0df7bc68,AMD_WET/im0145.png,AMD_WET,AMD_WET,Predefined folder label used as a rule-harmonized three-class category,a5681525b97c4dca5f45ce5a5e1da936b07e025271f89ea246ff9b5dc6983440,FROZEN_VIT_SVM,42,True,AMD_WET,1,0.006109930902139962,0.9904938348669655,0.003396234230894729
STARE_AMD_WET_0026_2352e6cbeec6,AMD_WET/im0147.png,AMD_WET,AMD_WET,Predefined folder label used as a rule-harmonized three-class category,69c37425ca991739d3d10cbc578ac571c6a4e99322393a8713ba4eb848eb5502,FROZEN_VIT_SVM,42,True,AMD_DRY,0,0.6128320972170531,0.38681192442158235,0.00035597836136447704
STARE_AMD_WET_0027_10d3c0ba4d12,AMD_WET/im0148.png,AMD_WET,AMD_WET,Predefined folder label used as a rule-harmonized three-class category,b4bcfa8a3773c76313794c74e7ae8e82c21615838abbebdffca7d3cdf2917e30,FROZEN_VIT_SVM,42,True,AMD_WET,1,0.11237522184920017,0.882086417527044,0.005538360623755734
STARE_AMD_WET_0028_f46e77551412,AMD_WET/im0149.png,AMD_WET,AMD_WET,Predefined folder label used as a rule-harmonized three-class category,6f3fdbf773038c12c6e7c67386281b866491545eb6875000f674d23142bbd85c,FROZEN_VIT_SVM,42,True,AMD_WET,1,0.012555181164321643,0.9867217375449893,0.0007230812906891851
STARE_AMD_WET_0029_dc7db43f95e6,AMD_WET/im0150.png,AMD_WET,AMD_WET,Predefined folder label used as a rule-harmonized three-class category,d908ec1498c17f64e75e8497e8397e759b2e133e69c4f86aad3f9e748c2c506d,FROZEN_VIT_SVM,42,True,AMD_WET,1,0.31893503304928233,0.5865511370447384,0.09451382990597898
STARE_AMD_WET_0030_217ba81e51a4,AMD_WET/im0151.png,AMD_WET,AMD_WET,Predefined folder label used as a rule-harmonized three-class category,8426b239b4497a8d26c2eef041be117d86819413209f92ff27a35821cc98e7aa,FROZEN_VIT_SVM,42,True,AMD_WET,1,0.04137400193400313,0.9340983083691577,0.024527689696838887
STARE_AMD_WET_0031_ea436d9c2155,AMD_WET/im0154.png,AMD_WET,AMD_WET,Predefined folder label used as a rule-harmonized three-class category,3e30820f11968c852328d7ce0e311f95a9d8e8d2aa4e967c54c7899bf05e78af,FROZEN_VIT_SVM,42,True,AMD_WET,1,0.06443648308240377,0.9274502425077744,0.008113274409821779
STARE_AMD_WET_0032_82a866bf90e7,AMD_WET/im0158.png,AMD_WET,AMD_WET,Predefined folder label used as a rule-harmonized three-class category,acfeb121c561a1f48875b41496a49b0052e28623d3e80699cc5a5724b9caaf07,FROZEN_VIT_SVM,42,True,AMD_WET,1,0.005642295176492206,0.9857230756238727,0.008634629199634914
STARE_AMD_WET_0033_3f2dc2fca284,AMD_WET/im0162.png,AMD_WET,AMD_WET,Predefined folder label used as a rule-harmonized three-class category,72e00297ec08da2d035593fb29639d79d88f8b39cd0b42b787601000ef19feeb,FROZEN_VIT_SVM,42,True,NORMAL,0,0.02266221126636913,0.127814475122004,0.8495233136116268
STARE_AMD_WET_0034_8775b8a29b66,AMD_WET/im0163.png,AMD_WET,AMD_WET,Predefined folder label used as a rule-harmonized three-class category,d41b401024384b648248ed09f5d762674d085959b8e5dfe2162d01b4fd4c2ef0,FROZEN_VIT_SVM,42,True,AMD_WET,1,0.170668668385051,0.4117438684080485,0.4175874632069003
STARE_AMD_WET_0035_4c0db4ccf5a4,AMD_WET/im0164.png,AMD_WET,AMD_WET,Predefined folder label used as a rule-harmonized three-class category,fef2c9c937e4640ab7bc97fdf7248f5943b843bb46961d3b328303d0741a9ded,FROZEN_VIT_SVM,42,True,AMD_WET,1,0.2517654038699574,0.5834132350109195,0.16482136111912307
STARE_AMD_WET_0036_c00e1422854e,AMD_WET/im0171.png,AMD_WET,AMD_WET,Predefined folder label used as a rule-harmonized three-class category,27508429504998fba48c98402a0c27ad4b52a8eb901a6560b94bcdfbe5f02b5e,FROZEN_VIT_SVM,42,True,AMD_WET,1,0.004461514118635597,0.9923326847904144,0.0032058010909499536
STARE_AMD_WET_0037_f615feb0e70f,AMD_WET/im0172.png,AMD_WET,AMD_WET,Predefined folder label used as a rule-harmonized three-class category,ef627ca53ec6663be33e93ab56135bd86105368b41bd762ff33fdf721cd11f47,FROZEN_VIT_SVM,42,True,AMD_WET,1,0.041055840910076115,0.9427364053750464,0.01620775371487754
STARE_AMD_WET_0038_f067b2299705,AMD_WET/im0259.png,AMD_WET,AMD_WET,Predefined folder label used as a rule-harmonized three-class category,3ddfc0b707bd98706b3d375e2f9b1b4d04b0b1d29819028e980a276a5e5931e8,FROZEN_VIT_SVM,42,True,AMD_WET,1,0.1698731504715232,0.8283937480622288,0.0017331014662479818
STARE_AMD_WET_0039_901400a328ea,AMD_WET/im0260.png,AMD_WET,AMD_WET,Predefined folder label used as a rule-harmonized three-class category,05dc807bfa30fa429de8d8b049ecafd790c32c2a559f9405882d54e63ea674a9,FROZEN_VIT_SVM,42,True,AMD_WET,1,0.17636354390492037,0.679463829372525,0.14417262672255438
STARE_AMD_WET_0040_a363219f11d0,AMD_WET/im0268.png,AMD_WET,AMD_WET,Predefined folder label used as a rule-harmonized three-class category,35888c752846e3adb3516a194fcd44f813a0bb0346a881c9cce8d8f88ed976a9,FROZEN_VIT_SVM,42,True,AMD_WET,1,0.0020874347092016965,0.997255042501516,0.0006575227892822871
STARE_AMD_WET_0041_690c73b63336,AMD_WET/im0269.png,AMD_WET,AMD_WET,Predefined folder label used as a rule-harmonized three-class category,2f075a6a797e24f97921a61f679e1ae0ab73ad90d36632093ec7750205784168,FROZEN_VIT_SVM,42,True,AMD_WET,1,0.0029635514150364852,0.9966824157782791,0.0003540328066843757
STARE_AMD_WET_0042_69540105ba9b,AMD_WET/im0270.png,AMD_WET,AMD_WET,Predefined folder label used as a rule-harmonized three-class category,76d593aa16b8092375d9df1f1daf3d05a70f0f95019bb2ea6fbe2b633a712e52,FROZEN_VIT_SVM,42,True,AMD_WET,1,0.027702235547630582,0.9715810294283476,0.0007167350240217869
STARE_AMD_WET_0043_4ed7714513bd,AMD_WET/im0375.png,AMD_WET,AMD_WET,Predefined folder label used as a rule-harmonized three-class category,3285ead4943823ab422def9a6ba9ce19f6cb90266b55ca36873af16cbe14d4cd,FROZEN_VIT_SVM,42,True,AMD_WET,1,0.06990283227415452,0.8396871421641671,0.09041002556167833
STARE_AMD_WET_0044_1eca6ca88367,AMD_WET/im0376.png,AMD_WET,AMD_WET,Predefined folder label used as a rule-harmonized three-class category,2e9e22db7a9b5246621d6f46a9eb6ba71e7cbaee0e7407aeec5a40204eebd0d2,FROZEN_VIT_SVM,42,True,AMD_WET,1,0.0034877662627240996,0.7381643986412948,0.258347835095981
STARE_AMD_WET_0045_a7ac74c12223,AMD_WET/im0377.png,AMD_WET,AMD_WET,Predefined folder label used as a rule-harmonized three-class category,fc69ff53cc325cd060f4424c0f95424e90716f5143248286ab8a235f2adb238d,FROZEN_VIT_SVM,42,True,NORMAL,0,0.002040972651454796,0.007084509559954096,0.9908745177885914
STARE_AMD_WET_0046_930a5d6ef337,AMD_WET/im0378.png,AMD_WET,AMD_WET,Predefined folder label used as a rule-harmonized three-class category,938e4f4d27b037c2468b2acd649d075f6b8a232dd58c4bab39f9802478c3d099,FROZEN_VIT_SVM,42,True,AMD_WET,1,0.04479859261203237,0.8687644793458019,0.08643692804216575
STARE_AMD_WET_0047_33adc64edf0e,AMD_WET/im0379.png,AMD_WET,AMD_WET,Predefined folder label used as a rule-harmonized three-class category,f56238dd685cc66e4d92d338b424d0a61d475111ba3e3cb9a73b26b1356ab412,FROZEN_VIT_SVM,42,True,AMD_WET,1,0.22758635133222666,0.6679714091616693,0.10444223950610415
STARE_AMD_WET_0048_06963c6124c6,AMD_WET/im0380.png,AMD_WET,AMD_WET,Predefined folder label used as a rule-harmonized three-class category,7a673e54c6ffc0e1423acafccc440d30bda225ac2b2a446b0c50091c02f8a9ac,FROZEN_VIT_SVM,42,True,AMD_WET,1,0.09174880691069076,0.8776757344042071,0.030575458685102235
STARE_AMD_WET_0049_9bf3d111a53d,AMD_WET/im0381.png,AMD_WET,AMD_WET,Predefined folder label used as a rule-harmonized three-class category,83ab520e218e344b07e97523c41262b626658654defdf671c0a15aafa62d69dc,FROZEN_VIT_SVM,42,True,AMD_WET,1,0.10870474387416161,0.658584053313783,0.23271120281205537
STARE_AMD_WET_0050_e8a530fce5a2,AMD_WET/im0382.png,AMD_WET,AMD_WET,Predefined folder label used as a rule-harmonized three-class category,2a5f5949d58920bc4640f201a952752009f04984297e630fb2cc08bf28633614,FROZEN_VIT_SVM,42,True,AMD_DRY,0,0.6159853300334087,0.37326779594155324,0.010746874025037911
STARE_AMD_WET_0051_482de20e4e3b,AMD_WET/im0383.png,AMD_WET,AMD_WET,Predefined folder label used as a rule-harmonized three-class category,35e60c03d2808a6df90a4a6e87a30a54599dab57e027eb19fd2161d8b24bde2b,FROZEN_VIT_SVM,42,True,AMD_WET,1,0.2815262841701717,0.6282650496942263,0.09020866613560209
STARE_AMD_WET_0052_d1204ef9efbf,AMD_WET/im0384.png,AMD_WET,AMD_WET,Predefined folder label used as a rule-harmonized three-class category,dbc8302f2327e1d4813cc03c89406f01c2f5a4e5c1926c01053b54d77c00e7f8,FROZEN_VIT_SVM,42,True,AMD_WET,1,0.07276472788928823,0.7526079139955189,0.17462735811519306
STARE_AMD_WET_0053_a654eff73804,AMD_WET/im0385.png,AMD_WET,AMD_WET,Predefined folder label used as a rule-harmonized three-class category,7cf72f7ef7a41de0d1156ce7f03b44973bdd92a1a1b2b99ff8a77647ba54ed25,FROZEN_VIT_SVM,42,True,AMD_WET,1,0.006847904263207011,0.9849392008421377,0.008212894894655291
STARE_NORMAL_0001_bcb949751692,NORMAL/im0032.png,NORMAL,NORMAL,Predefined folder label used as a rule-harmonized three-class category,62e879df0174360b7ae75d1c10991e5b696428f0facbf09043a5cbd406b67599,FROZEN_VIT_SVM,42,True,NORMAL,1,0.00909591354550382,0.016479035004869587,0.9744250514496268
STARE_NORMAL_0002_5dc0f880fbb0,NORMAL/im0035.png,NORMAL,NORMAL,Predefined folder label used as a rule-harmonized three-class category,e37c8438fcce197544ae71f483ab8997c91457351e6d5a1477f8a14afc1a2a4e,FROZEN_VIT_SVM,42,True,AMD_WET,0,0.340979114933356,0.4249848489590762,0.23403603610756785
STARE_NORMAL_0003_af8dffaab8e8,NORMAL/im0076.png,NORMAL,NORMAL,Predefined folder label used as a rule-harmonized three-class category,6f6ca7f36384eb7df2ffeac7b66373ce318a74b3ff5aad4db689649dd0bfd7cd,FROZEN_VIT_SVM,42,True,NORMAL,1,3.1466907860326247e-07,2.652458447831029e-07,0.9999994200850767
STARE_NORMAL_0004_a7c8b54fa43f,NORMAL/im0077.png,NORMAL,NORMAL,Predefined folder label used as a rule-harmonized three-class category,09e643596a6f4780adffefeeee2bd8d87372f8ace5fb1793dd127ad485a62af7,FROZEN_VIT_SVM,42,True,NORMAL,1,0.03964335629710416,0.06340985863302781,0.8969467850698682
STARE_NORMAL_0005_9545e76ea708,NORMAL/im0080.png,NORMAL,NORMAL,Predefined folder label used as a rule-harmonized three-class category,2d1c47abfa3a52970bea03740f7ed219245b4a8ee2f559b833335ed69bf49628,FROZEN_VIT_SVM,42,True,AMD_DRY,0,0.38685254664275465,0.35885304772438875,0.25429440563285666
STARE_NORMAL_0006_a0954f383019,NORMAL/im0081.png,NORMAL,NORMAL,Predefined folder label used as a rule-harmonized three-class category,4baf8ebb88eca8082da1e458c72c9fe393ff8e5ec16e91175432bed19627aa1d,FROZEN_VIT_SVM,42,True,NORMAL,1,0.06649750157440217,0.34349866764660403,0.5900038307789939
STARE_NORMAL_0007_5980e3b87e9e,NORMAL/im0082.png,NORMAL,NORMAL,Predefined folder label used as a rule-harmonized three-class category,2884006bfa703a7117eed97da8d82ae7b5bb529685b56fd91142f027c32fd415,FROZEN_VIT_SVM,42,True,NORMAL,1,0.021910259470852667,0.03549863469637114,0.942591105832776
STARE_NORMAL_0008_67b0b3d6d1f2,NORMAL/im0119.png,NORMAL,NORMAL,Predefined folder label used as a rule-harmonized three-class category,6150b14dd0d0dd390bcf1e364e4389f2cf4e03392b886b57173ec61b5681404b,FROZEN_VIT_SVM,42,True,NORMAL,1,0.02417224744213784,0.21428777572237387,0.7615399768354885
STARE_NORMAL_0009_6a65823b5152,NORMAL/im0120.png,NORMAL,NORMAL,Predefined folder label used as a rule-harmonized three-class category,bcde9855e79ec1b7af4d668ae77ded4f721959afbdecb43b7674a061234cd473,FROZEN_VIT_SVM,42,True,NORMAL,1,0.011843290459411644,0.05813943890670244,0.9300172706338857
STARE_NORMAL_0010_288860135381,NORMAL/im0170.png,NORMAL,NORMAL,Predefined folder label used as a rule-harmonized three-class category,a35491abd3cdf67d5011dbd78bf89a4d93c4ee0d613994338ee88050813d95ea,FROZEN_VIT_SVM,42,True,NORMAL,1,0.04713354101240238,0.12736996271248638,0.8254964962751112
STARE_NORMAL_0011_adb7788e4f81,NORMAL/im0190.png,NORMAL,NORMAL,Predefined folder label used as a rule-harmonized three-class category,c750838f7b3cdbb4d7456a56e0bf87f36dfaf5db349e036b972ccaab23d00c21,FROZEN_VIT_SVM,42,True,NORMAL,1,0.0003009378117555717,0.010544026427413864,0.9891550357608305
STARE_NORMAL_0012_88861f2bdfe4,NORMAL/im0198.png,NORMAL,NORMAL,Predefined folder label used as a rule-harmonized three-class category,87add79ee388d59aa87622a56d873fd8d360f85d7bf6a50a21d3c0a0b41ae571,FROZEN_VIT_SVM,42,True,NORMAL,1,0.22779287307740362,0.041491326700329706,0.7307158002222666
STARE_NORMAL_0013_c303b9fa8118,NORMAL/im0199.png,NORMAL,NORMAL,Predefined folder label used as a rule-harmonized three-class category,453319f57d81ffb75d5a6d623d221956b7612f662aedf38ea3f810765b18394d,FROZEN_VIT_SVM,42,True,NORMAL,1,0.022273458220350262,0.13163522281078635,0.846091318968863
STARE_NORMAL_0014_4235d006c6c5,NORMAL/im0216.png,NORMAL,NORMAL,Predefined folder label used as a rule-harmonized three-class category,e3c533d5cdda64345e0dd8c7df973d1ffcf27ba72bd3260e888f7050ec8b8864,FROZEN_VIT_SVM,42,True,NORMAL,1,0.07071987931685225,0.04696100512012765,0.8823191155630202
STARE_NORMAL_0015_3ec130b0c8aa,NORMAL/im0219.png,NORMAL,NORMAL,Predefined folder label used as a rule-harmonized three-class category,5319f005326e3766c0f7cd49defd75b26089ea46ae1984d7877bbda6fbf0f5b9,FROZEN_VIT_SVM,42,True,NORMAL,1,0.0008286149169656331,0.0049764595895497345,0.9941949254934846
STARE_NORMAL_0016_a5dd62b18f81,NORMAL/im0231.png,NORMAL,NORMAL,Predefined folder label used as a rule-harmonized three-class category,69e9a35b9cef4038cc12fc6533b15395e80f631dbd5088442a0ec6af0c77ccff,FROZEN_VIT_SVM,42,True,AMD_WET,0,0.31766886670944894,0.4037953794150146,0.2785357538755362
STARE_NORMAL_0017_f2351c6ce9fa,NORMAL/im0234.png,NORMAL,NORMAL,Predefined folder label used as a rule-harmonized three-class category,5558231804283e500c7b1867373702abafe24e462b5c21118a896a6130732122,FROZEN_VIT_SVM,42,True,NORMAL,1,0.07916671479448453,0.14879057492498712,0.772042710280528
STARE_NORMAL_0018_4bb8a01681a3,NORMAL/im0235.png,NORMAL,NORMAL,Predefined folder label used as a rule-harmonized three-class category,3809fd30b63a0d911aec81ae9eac6ebba104db3075fed8c8b109f3e379a09528,FROZEN_VIT_SVM,42,True,NORMAL,1,0.09240591402285685,0.20845022870783636,0.6991438572693066
STARE_NORMAL_0019_d06a1b708664,NORMAL/im0236.png,NORMAL,NORMAL,Predefined folder label used as a rule-harmonized three-class category,aa35e55e4281f566394437f6552842612810d3df0f21dd38952ff0bf0fb3fe52,FROZEN_VIT_SVM,42,True,AMD_WET,0,0.0752419587024574,0.5861323285580824,0.3386257127394601
STARE_NORMAL_0020_80b19c79855d,NORMAL/im0237.png,NORMAL,NORMAL,Predefined folder label used as a rule-harmonized three-class category,5f4909ef146efb4de3ab5bce07d15658fef5d126757033521700b1b45e7471a8,FROZEN_VIT_SVM,42,True,AMD_DRY,0,0.49956574161708744,0.10374927459941057,0.3966849837835018
STARE_NORMAL_0021_a8a97366077a,NORMAL/im0238.png,NORMAL,NORMAL,Predefined folder label used as a rule-harmonized three-class category,a8a64a614eb8df3408b22ad6f21cfb439d2a5d006216e1fe6277d2911b53e75a,FROZEN_VIT_SVM,42,True,NORMAL,1,0.160474440193398,0.13242558273675326,0.7070999770698486
STARE_NORMAL_0022_7d403a344fb9,NORMAL/im0239.png,NORMAL,NORMAL,Predefined folder label used as a rule-harmonized three-class category,eb5a6ca738083158f1f644cbc6f6a1df1b54d11b438e8a9b79ba5f0c435cf63d,FROZEN_VIT_SVM,42,True,NORMAL,1,0.0019948077080118795,0.006728328614822168,0.9912768636771659
STARE_NORMAL_0023_47ed930d2f03,NORMAL/im0240.png,NORMAL,NORMAL,Predefined folder label used as a rule-harmonized three-class category,5fb8b1d5f3fe6585ad73dc399b90d469afacac14da43d19541c0e4d283c741d7,FROZEN_VIT_SVM,42,True,NORMAL,1,0.0013635851030819129,0.0025098007922120143,0.9961266141047062
STARE_NORMAL_0024_bb5cb2546ea1,NORMAL/im0241.png,NORMAL,NORMAL,Predefined folder label used as a rule-harmonized three-class category,76e76bf16fdfbd8909809773a537914810f675f5cd7b465919a2ac954784721d,FROZEN_VIT_SVM,42,True,AMD_DRY,0,0.4062517647912003,0.12796852159630098,0.4657797136124985
STARE_NORMAL_0025_40962a17dfbb,NORMAL/im0252.png,NORMAL,NORMAL,Predefined folder label used as a rule-harmonized three-class category,9a8b2d7e790afb389f2e0cfebe109925e7f7e107f04786b6e9764be6baea5377,FROZEN_VIT_SVM,42,True,NORMAL,1,0.014037109531761372,0.3862904883446508,0.5996724021235879
STARE_NORMAL_0026_0e9ac8c7e0ab,NORMAL/im0253.png,NORMAL,NORMAL,Predefined folder label used as a rule-harmonized three-class category,88e1280e81b83f87b9d2004480a7abbaf39c31af89466d280a1398291118f320,FROZEN_VIT_SVM,42,True,AMD_WET,0,0.3098796778386271,0.5413340891870861,0.1487862329742869
STARE_NORMAL_0027_a729417ea11b,NORMAL/im0254.png,NORMAL,NORMAL,Predefined folder label used as a rule-harmonized three-class category,b5bd3c6208c42d3375edc38f4316d86afbd9254e82b68a828c64dcc0315896df,FROZEN_VIT_SVM,42,True,NORMAL,1,0.010987105682072314,0.026137064165230733,0.9628758301526967
STARE_NORMAL_0028_904d555e7186,NORMAL/im0255.png,NORMAL,NORMAL,Predefined folder label used as a rule-harmonized three-class category,359d311f41cc6fbcb2c742d40260e4db79f49e952b8c4f7d7fce7062d2ebad75,FROZEN_VIT_SVM,42,True,NORMAL,1,0.0012452627353439188,0.00779178289455852,0.9909629543700977
STARE_NORMAL_0029_26e8fa5a34fb,NORMAL/im0278.png,NORMAL,NORMAL,Predefined folder label used as a rule-harmonized three-class category,bd1a0421f976637181ec6f3b282239391a5644af975394630aa4deca815e7c54,FROZEN_VIT_SVM,42,True,AMD_WET,0,0.3062515944244053,0.6130522689054457,0.08069613667014865
STARE_AMD_DRY_0001_d263f50d89b2,AMD_DRY/im0006.png,AMD_DRY,AMD_DRY,Predefined folder label used as a rule-harmonized three-class category,07404fb4bd53b34ee25026662f3aa297e0556661c85da6cc611afc72690dd067,FROZEN_VIT_SVM,123,False,AMD_WET,0,0.2094549936589408,0.7201706311109606,0.07037437523009846
STARE_AMD_DRY_0002_229c41f2cf25,AMD_DRY/im0012.png,AMD_DRY,AMD_DRY,Predefined folder label used as a rule-harmonized three-class category,7ead02e3f48eb036c8e46131fa3c26573762533cf84bb586588ea1586b9a151a,FROZEN_VIT_SVM,123,False,AMD_WET,0,0.13303933150539096,0.8354514736275758,0.031509194867033116
STARE_AMD_DRY_0003_d6d7c11dd912,AMD_DRY/im0015.png,AMD_DRY,AMD_DRY,Predefined folder label used as a rule-harmonized three-class category,a3e8437cae1948c95e2e91e75d8e33c016295d76bbd77a62d6066b602e77cde2,FROZEN_VIT_SVM,123,False,AMD_WET,0,0.0984540303308561,0.5555060795332214,0.3460398901359224
STARE_AMD_DRY_0004_b06dde6ef269,AMD_DRY/im0046.png,AMD_DRY,AMD_DRY,Predefined folder label used as a rule-harmonized three-class category,02463d320cda2ff13bf3719d639973124b40fbd8b127cf778b4bf9af3be5ae26,FROZEN_VIT_SVM,123,False,NORMAL,0,0.18949157110312947,0.016296487655968275,0.7942119412409022
STARE_AMD_DRY_0005_937e0f008180,AMD_DRY/im0063.png,AMD_DRY,AMD_DRY,Predefined folder label used as a rule-harmonized three-class category,4ecde88543ad41f537feab30920481af39418f67cbd4a0af6741557e269bc487,FROZEN_VIT_SVM,123,False,AMD_DRY,1,0.502418123838997,0.3628841035590308,0.13469777260197185
STARE_AMD_DRY_0006_cc78e90fdf44,AMD_DRY/im0066.png,AMD_DRY,AMD_DRY,Predefined folder label used as a rule-harmonized three-class category,2240107c1ed6c3fa19669456df1652a098850fd217eceba2630795b2aa8c49db,FROZEN_VIT_SVM,123,False,AMD_WET,0,0.272279059428358,0.5867350398477647,0.14098590072387757
STARE_AMD_DRY_0007_1e4f490def47,AMD_DRY/im0068.png,AMD_DRY,AMD_DRY,Predefined folder label used as a rule-harmonized three-class category,6f526995077b937f5fea61e713f5c5ff158fe9505855bc2c1e026438d467aeb2,FROZEN_VIT_SVM,123,False,AMD_DRY,1,0.8224976684880769,0.027996347621499242,0.14950598389042394
STARE_AMD_DRY_0008_c8d5b3bc7fd1,AMD_DRY/im0175.png,AMD_DRY,AMD_DRY,Predefined folder label used as a rule-harmonized three-class category,b9078b917d6bab1ba7794307d6de24878364c3a9a686638d18208e7508628339,FROZEN_VIT_SVM,123,False,AMD_DRY,1,0.6685881317022633,0.26832682496264004,0.0630850433350966
STARE_AMD_DRY_0009_1b44b3f95920,AMD_DRY/im0193.png,AMD_DRY,AMD_DRY,Predefined folder label used as a rule-harmonized three-class category,432a8c9a1caf88b55bb56a507ac762d5b327717050fefc5be278fd4338c19f30,FROZEN_VIT_SVM,123,False,AMD_DRY,1,0.7434156590735242,0.2343438138279593,0.02224052709851635
STARE_AMD_DRY_0010_831581454862,AMD_DRY/im0250.png,AMD_DRY,AMD_DRY,Predefined folder label used as a rule-harmonized three-class category,f0b0ea1b3c6b93f64fbaa5e5ce949029f0a1114170600a59727d7bb4ec12c5c3,FROZEN_VIT_SVM,123,False,AMD_DRY,1,0.6486528212570151,0.14434359592950963,0.20700358281347517
STARE_AMD_DRY_0011_1f3e7a28dfdb,AMD_DRY/im0262.png,AMD_DRY,AMD_DRY,Predefined folder label used as a rule-harmonized three-class category,3e5597a19b733c677176fc433af21a35226f819671da0d09f5f5030e4f2b26b0,FROZEN_VIT_SVM,123,False,AMD_DRY,1,0.2709463010936715,0.43776631770723856,0.29128738119908976
STARE_AMD_DRY_0012_faa094e238d5,AMD_DRY/im0263.png,AMD_DRY,AMD_DRY,Predefined folder label used as a rule-harmonized three-class category,4db3e481700ec8db703d55c2fc73a741a76ee153011608264863a52740bc8fb1,FROZEN_VIT_SVM,123,False,AMD_DRY,1,0.41184842429034485,0.17169052423057987,0.41646105147907536
STARE_AMD_DRY_0013_667486851e7b,AMD_DRY/im0264.png,AMD_DRY,AMD_DRY,Predefined folder label used as a rule-harmonized three-class category,8ebb345117e4ef7e9b7d36fb7c1cd4c4cf989442736ea0b46079b8871a4ea779,FROZEN_VIT_SVM,123,False,AMD_DRY,1,0.7839569443909452,0.17170162618162846,0.044341429427426235
STARE_AMD_DRY_0014_77bca31945cf,AMD_DRY/im0265.png,AMD_DRY,AMD_DRY,Predefined folder label used as a rule-harmonized three-class category,ad1821d60e315daecf235929f70cf8f3dfde962469edb679592996b12f95db36,FROZEN_VIT_SVM,123,False,AMD_DRY,1,0.4976240690524126,0.45496456550542574,0.047411365442161645
STARE_AMD_DRY_0015_9816ec7268cf,AMD_DRY/im0266.png,AMD_DRY,AMD_DRY,Predefined folder label used as a rule-harmonized three-class category,8d46fced829b536a3d2db2bd9333d6b33635c06e5252f1d4776f4162d18fc081,FROZEN_VIT_SVM,123,False,AMD_DRY,1,0.4634431599493569,0.5198177718434029,0.016739068207240044
STARE_AMD_DRY_0016_b0cdd859d6ed,AMD_DRY/im0292.png,AMD_DRY,AMD_DRY,Predefined folder label used as a rule-harmonized three-class category,f5fe8b111acf618451880f97052f418600aeb562be4deb3abebfeb1c176a4b64,FROZEN_VIT_SVM,123,False,AMD_WET,0,0.2074456818886112,0.7368086722913242,0.055745645820064665
STARE_AMD_DRY_0017_7456c8a0cd69,AMD_DRY/im0401.png,AMD_DRY,AMD_DRY,Predefined folder label used as a rule-harmonized three-class category,ba2d68ee6bbf1771c5b2d79805beaf8e46860cfb245819074ee4fd1f94de33bd,FROZEN_VIT_SVM,123,False,AMD_DRY,1,0.40778506948780774,0.4902585360733802,0.10195639443881171
STARE_AMD_DRY_0018_379873cbb1a2,AMD_DRY/im0402.png,AMD_DRY,AMD_DRY,Predefined folder label used as a rule-harmonized three-class category,14ed4022ab6157297273acaef2c6a656c74b45e826c5c81119024c9e089ae712,FROZEN_VIT_SVM,123,False,AMD_WET,0,0.31321533894126846,0.5939750241876135,0.09280963687111811
STARE_AMD_WET_0001_4abb74838c2e,AMD_WET/im0007.png,AMD_WET,AMD_WET,Predefined folder label used as a rule-harmonized three-class category,43efff95090bce4ff7388809dd5f71ec968f84c8868f4597d50267e06f6a80ab,FROZEN_VIT_SVM,123,False,AMD_WET,1,0.03786017105094096,0.9256249486220016,0.03651488032705732
STARE_AMD_WET_0002_364d7d338f60,AMD_WET/im0008.png,AMD_WET,AMD_WET,Predefined folder label used as a rule-harmonized three-class category,97947d82cf545207422cbd803d4dbc1a44338829d22d841b49f4bcfd305a70d3,FROZEN_VIT_SVM,123,False,AMD_WET,1,0.06358751158938805,0.9258868321100661,0.010525656300545883
STARE_AMD_WET_0003_a3a1c9c56853,AMD_WET/im0011.png,AMD_WET,AMD_WET,Predefined folder label used as a rule-harmonized three-class category,e449e9fd863250088ca5750e581ca89d9a8be324a6dbe88334824697fb987a9e,FROZEN_VIT_SVM,123,False,AMD_WET,1,0.00464193900975565,0.9950672461975332,0.0002908147927110861
STARE_AMD_WET_0004_b1fbc6d203b8,AMD_WET/im0017.png,AMD_WET,AMD_WET,Predefined folder label used as a rule-harmonized three-class category,426c86d782efc552afc690378865191e61df5aa4ccd9bfe1f682174328a87cef,FROZEN_VIT_SVM,123,False,AMD_WET,1,0.07805181867736101,0.9193467943529634,0.0026013869696755445
STARE_AMD_WET_0005_67527302d081,AMD_WET/im0034.png,AMD_WET,AMD_WET,Predefined folder label used as a rule-harmonized three-class category,03e98b766cd9c45837d9b19be05cd460593d335a3f8bdcc20b25fe6fce757879,FROZEN_VIT_SVM,123,False,AMD_WET,1,0.03928537669741654,0.9487373092106989,0.011977314091884671
STARE_AMD_WET_0006_db064e8eb44c,AMD_WET/im0036.png,AMD_WET,AMD_WET,Predefined folder label used as a rule-harmonized three-class category,40ed5b10850dbe2cac6fa5ad0da28d12e14f3c03ba1d8656667cbeef1faefbb2,FROZEN_VIT_SVM,123,False,AMD_WET,1,0.03833789647481251,0.9551603788567156,0.006501724668472229
STARE_AMD_WET_0007_5b7bee080dcd,AMD_WET/im0037.png,AMD_WET,AMD_WET,Predefined folder label used as a rule-harmonized three-class category,63a74787d05305a09f9daae4964e7f067306f3c4f6521a8c6fb2ade01e8cadf2,FROZEN_VIT_SVM,123,False,AMD_WET,1,0.014797322251501087,0.9834086019481324,0.0017940758003664532
STARE_AMD_WET_0008_ce070d9aedb0,AMD_WET/im0053.png,AMD_WET,AMD_WET,Predefined folder label used as a rule-harmonized three-class category,5bd3fdb5c8efcbe5bd534875a8ab9ced630474e6e6b3f6c7645ea7106028bb99,FROZEN_VIT_SVM,123,False,AMD_WET,1,0.08465413192673787,0.8971066201895384,0.018239247883723726
STARE_AMD_WET_0009_7f040538c58a,AMD_WET/im0054.png,AMD_WET,AMD_WET,Predefined folder label used as a rule-harmonized three-class category,748a963e24d304d8145fac9e87991a1f4a2e8f8f9ec250a94e3b76c86bffd32f,FROZEN_VIT_SVM,123,False,AMD_WET,1,0.0284993615255293,0.9700387756878036,0.0014618627866669904
STARE_AMD_WET_0010_f9748c7fccb6,AMD_WET/im0061.png,AMD_WET,AMD_WET,Predefined folder label used as a rule-harmonized three-class category,3618ee890a682dad4db87a0f55e8bb3e60e13889c98f32b5be93e86847dad88e,FROZEN_VIT_SVM,123,False,AMD_WET,1,0.06136954800232322,0.9297624668429095,0.008867985154767003
STARE_AMD_WET_0011_685974b697be,AMD_WET/im0062.png,AMD_WET,AMD_WET,Predefined folder label used as a rule-harmonized three-class category,7f7de2b94bdba9e000b42e074aa5fdc898876c7c192460b346a01e5feb9c23bb,FROZEN_VIT_SVM,123,False,AMD_WET,1,0.01882154485807235,0.9810745855619202,0.00010386958000744866
STARE_AMD_WET_0012_b0e1926f7dfc,AMD_WET/im0083.png,AMD_WET,AMD_WET,Predefined folder label used as a rule-harmonized three-class category,ad9eac2b2d2369f5d8277bc425012ce4787c38b55081296e2d47b27874c9efa6,FROZEN_VIT_SVM,123,False,AMD_WET,1,0.020376892331587022,0.9312498793370372,0.048373228331375744
STARE_AMD_WET_0013_e4e4377d057a,AMD_WET/im0084.png,AMD_WET,AMD_WET,Predefined folder label used as a rule-harmonized three-class category,6d3f7fb5846b79faf4e775d5f9f50891641312aa4903ba8e2842934a697819b7,FROZEN_VIT_SVM,123,False,AMD_WET,1,0.03556713716629636,0.9512259962546672,0.013206866579036315
STARE_AMD_WET_0014_e880931c9146,AMD_WET/im0091.png,AMD_WET,AMD_WET,Predefined folder label used as a rule-harmonized three-class category,39d871a3e16f95b5048404122c29149267c6159c219c1d297bc9642257eb1492,FROZEN_VIT_SVM,123,False,AMD_WET,1,0.025734967494171073,0.9685048811368964,0.005760151368932505
STARE_AMD_WET_0015_25c7cf74080b,AMD_WET/im0092.png,AMD_WET,AMD_WET,Predefined folder label used as a rule-harmonized three-class category,15584a9280772911b2d202c8af1a671461257b3dca76e9fa46e972502b706de1,FROZEN_VIT_SVM,123,False,AMD_WET,1,0.17502551980869796,0.8231599858995272,0.001814494291774853
STARE_AMD_WET_0016_7f0eb389baee,AMD_WET/im0100.png,AMD_WET,AMD_WET,Predefined folder label used as a rule-harmonized three-class category,7bf274c7d773c817b4503ea8f88247bad16dd34eb8ce8dcc0c1b9f7f8c1a2ece,FROZEN_VIT_SVM,123,False,NORMAL,0,0.017963602894786254,0.05977312643335068,0.9222632706718629
STARE_AMD_WET_0017_22cbd7234f5e,AMD_WET/im0101.png,AMD_WET,AMD_WET,Predefined folder label used as a rule-harmonized three-class category,a2e7d0814149deaffc104d661424651f7db5381d84c7456bb37dbe660241cd9f,FROZEN_VIT_SVM,123,False,AMD_WET,1,0.0915533394990039,0.6202157184281188,0.28823094207287714
STARE_AMD_WET_0018_04d706241959,AMD_WET/im0103.png,AMD_WET,AMD_WET,Predefined folder label used as a rule-harmonized three-class category,7f2fd1dd0bb83282a3036f49680952a097afd5ab56e8f97fcf4d055f76830d66,FROZEN_VIT_SVM,123,False,AMD_WET,1,0.05284473058937852,0.9419154350502575,0.005239834360364161
STARE_AMD_WET_0019_5add82a8671c,AMD_WET/im0104.png,AMD_WET,AMD_WET,Predefined folder label used as a rule-harmonized three-class category,8cd524a53014090924ea38e650597a8690329ca3a4a53cbafe5bf66a54e5b3da,FROZEN_VIT_SVM,123,False,AMD_WET,1,0.030296018765784968,0.9275547223574523,0.04214925887676287
STARE_AMD_WET_0020_0d6202ae9b41,AMD_WET/im0105.png,AMD_WET,AMD_WET,Predefined folder label used as a rule-harmonized three-class category,6adfaa348c4fefcf987d1345282b82d6344a49a72df761012fa6682216d3cd6d,FROZEN_VIT_SVM,123,False,AMD_WET,1,0.1321592679400258,0.8525133690820436,0.015327362977930498
STARE_AMD_WET_0021_b244af1ee88b,AMD_WET/im0106.png,AMD_WET,AMD_WET,Predefined folder label used as a rule-harmonized three-class category,d7734c772af108c633197d99af226712ffdedf208de12e3401f1c0ff364bf415,FROZEN_VIT_SVM,123,False,AMD_WET,1,0.1835616254558882,0.7402426455015296,0.07619572904258223
STARE_AMD_WET_0022_485b7e19dbb9,AMD_WET/im0110.png,AMD_WET,AMD_WET,Predefined folder label used as a rule-harmonized three-class category,4cf4d8a5431840b301a45b27517dc9e4f6c315af9a951ee7a9e7aecd8d1fff87,FROZEN_VIT_SVM,123,False,AMD_WET,1,0.08417025697423752,0.9153549714396029,0.00047477158615959875
STARE_AMD_WET_0023_783924ab9d3e,AMD_WET/im0142.png,AMD_WET,AMD_WET,Predefined folder label used as a rule-harmonized three-class category,8652ae4720f76835d83600178ecd2d5ad364cff1aca2d5e6130f5a7edddbba86,FROZEN_VIT_SVM,123,False,AMD_WET,1,0.03808580176589089,0.5820471233434674,0.37986707489064164
STARE_AMD_WET_0024_c037a55bcb6c,AMD_WET/im0143.png,AMD_WET,AMD_WET,Predefined folder label used as a rule-harmonized three-class category,3453e39c772c5bab740f6413943cb5f93f5fe08c9c343a854a625e0b402ddb6d,FROZEN_VIT_SVM,123,False,AMD_WET,1,0.09688150781504237,0.8643093491560165,0.03880914302894098
STARE_AMD_WET_0025_98ec0df7bc68,AMD_WET/im0145.png,AMD_WET,AMD_WET,Predefined folder label used as a rule-harmonized three-class category,a5681525b97c4dca5f45ce5a5e1da936b07e025271f89ea246ff9b5dc6983440,FROZEN_VIT_SVM,123,False,AMD_WET,1,0.009722563424400492,0.9872264847699891,0.0030509518056103116
STARE_AMD_WET_0026_2352e6cbeec6,AMD_WET/im0147.png,AMD_WET,AMD_WET,Predefined folder label used as a rule-harmonized three-class category,69c37425ca991739d3d10cbc578ac571c6a4e99322393a8713ba4eb848eb5502,FROZEN_VIT_SVM,123,False,AMD_DRY,0,0.5722701758887958,0.42742938905165084,0.00030043505955357376
STARE_AMD_WET_0027_10d3c0ba4d12,AMD_WET/im0148.png,AMD_WET,AMD_WET,Predefined folder label used as a rule-harmonized three-class category,b4bcfa8a3773c76313794c74e7ae8e82c21615838abbebdffca7d3cdf2917e30,FROZEN_VIT_SVM,123,False,AMD_WET,1,0.1396611732134752,0.8553835175344847,0.004955309252040085
STARE_AMD_WET_0028_f46e77551412,AMD_WET/im0149.png,AMD_WET,AMD_WET,Predefined folder label used as a rule-harmonized three-class category,6f3fdbf773038c12c6e7c67386281b866491545eb6875000f674d23142bbd85c,FROZEN_VIT_SVM,123,False,AMD_WET,1,0.02661490836413197,0.9727252542622246,0.0006598373736436367
STARE_AMD_WET_0029_dc7db43f95e6,AMD_WET/im0150.png,AMD_WET,AMD_WET,Predefined folder label used as a rule-harmonized three-class category,d908ec1498c17f64e75e8497e8397e759b2e133e69c4f86aad3f9e748c2c506d,FROZEN_VIT_SVM,123,False,AMD_WET,1,0.2578428035601425,0.6637365083735809,0.07842068806627668
STARE_AMD_WET_0030_217ba81e51a4,AMD_WET/im0151.png,AMD_WET,AMD_WET,Predefined folder label used as a rule-harmonized three-class category,8426b239b4497a8d26c2eef041be117d86819413209f92ff27a35821cc98e7aa,FROZEN_VIT_SVM,123,False,AMD_WET,1,0.05472431432442557,0.9165236310640972,0.02875205461147716
STARE_AMD_WET_0031_ea436d9c2155,AMD_WET/im0154.png,AMD_WET,AMD_WET,Predefined folder label used as a rule-harmonized three-class category,3e30820f11968c852328d7ce0e311f95a9d8e8d2aa4e967c54c7899bf05e78af,FROZEN_VIT_SVM,123,False,AMD_WET,1,0.08010798362985827,0.9121307467719306,0.007761269598211411
STARE_AMD_WET_0032_82a866bf90e7,AMD_WET/im0158.png,AMD_WET,AMD_WET,Predefined folder label used as a rule-harmonized three-class category,acfeb121c561a1f48875b41496a49b0052e28623d3e80699cc5a5724b9caaf07,FROZEN_VIT_SVM,123,False,AMD_WET,1,0.012467218154741555,0.9779266236494432,0.009606158195815184
STARE_AMD_WET_0033_3f2dc2fca284,AMD_WET/im0162.png,AMD_WET,AMD_WET,Predefined folder label used as a rule-harmonized three-class category,72e00297ec08da2d035593fb29639d79d88f8b39cd0b42b787601000ef19feeb,FROZEN_VIT_SVM,123,False,NORMAL,0,0.01818475497260496,0.13541786389727187,0.8463973811301232
STARE_AMD_WET_0034_8775b8a29b66,AMD_WET/im0163.png,AMD_WET,AMD_WET,Predefined folder label used as a rule-harmonized three-class category,d41b401024384b648248ed09f5d762674d085959b8e5dfe2162d01b4fd4c2ef0,FROZEN_VIT_SVM,123,False,AMD_WET,1,0.13168021994281257,0.4407086740620123,0.4276111059951751
STARE_AMD_WET_0035_4c0db4ccf5a4,AMD_WET/im0164.png,AMD_WET,AMD_WET,Predefined folder label used as a rule-harmonized three-class category,fef2c9c937e4640ab7bc97fdf7248f5943b843bb46961d3b328303d0741a9ded,FROZEN_VIT_SVM,123,False,AMD_WET,1,0.19558871756800986,0.6485383921468415,0.1558728902851484
STARE_AMD_WET_0036_c00e1422854e,AMD_WET/im0171.png,AMD_WET,AMD_WET,Predefined folder label used as a rule-harmonized three-class category,27508429504998fba48c98402a0c27ad4b52a8eb901a6560b94bcdfbe5f02b5e,FROZEN_VIT_SVM,123,False,AMD_WET,1,0.007862055069149446,0.988679592624737,0.003458352306113412
STARE_AMD_WET_0037_f615feb0e70f,AMD_WET/im0172.png,AMD_WET,AMD_WET,Predefined folder label used as a rule-harmonized three-class category,ef627ca53ec6663be33e93ab56135bd86105368b41bd762ff33fdf721cd11f47,FROZEN_VIT_SVM,123,False,AMD_WET,1,0.04702435458860222,0.9362998268586068,0.016675818552790725
STARE_AMD_WET_0038_f067b2299705,AMD_WET/im0259.png,AMD_WET,AMD_WET,Predefined folder label used as a rule-harmonized three-class category,3ddfc0b707bd98706b3d375e2f9b1b4d04b0b1d29819028e980a276a5e5931e8,FROZEN_VIT_SVM,123,False,AMD_WET,1,0.20740553579263088,0.7914443530480114,0.001150111159358035
STARE_AMD_WET_0039_901400a328ea,AMD_WET/im0260.png,AMD_WET,AMD_WET,Predefined folder label used as a rule-harmonized three-class category,05dc807bfa30fa429de8d8b049ecafd790c32c2a559f9405882d54e63ea674a9,FROZEN_VIT_SVM,123,False,AMD_WET,1,0.15564903273736094,0.712769948284786,0.13158101897785315
STARE_AMD_WET_0040_a363219f11d0,AMD_WET/im0268.png,AMD_WET,AMD_WET,Predefined folder label used as a rule-harmonized three-class category,35888c752846e3adb3516a194fcd44f813a0bb0346a881c9cce8d8f88ed976a9,FROZEN_VIT_SVM,123,False,AMD_WET,1,0.005633421781901389,0.9934529333902823,0.000913644827816219
STARE_AMD_WET_0041_690c73b63336,AMD_WET/im0269.png,AMD_WET,AMD_WET,Predefined folder label used as a rule-harmonized three-class category,2f075a6a797e24f97921a61f679e1ae0ab73ad90d36632093ec7750205784168,FROZEN_VIT_SVM,123,False,AMD_WET,1,0.007343338289650781,0.9923478237500197,0.0003088379603291694
STARE_AMD_WET_0042_69540105ba9b,AMD_WET/im0270.png,AMD_WET,AMD_WET,Predefined folder label used as a rule-harmonized three-class category,76d593aa16b8092375d9df1f1daf3d05a70f0f95019bb2ea6fbe2b633a712e52,FROZEN_VIT_SVM,123,False,AMD_WET,1,0.03738816675108331,0.9620135758491168,0.0005982573997999058
STARE_AMD_WET_0043_4ed7714513bd,AMD_WET/im0375.png,AMD_WET,AMD_WET,Predefined folder label used as a rule-harmonized three-class category,3285ead4943823ab422def9a6ba9ce19f6cb90266b55ca36873af16cbe14d4cd,FROZEN_VIT_SVM,123,False,AMD_WET,1,0.07579469523878951,0.8315333722401984,0.09267193252101216
STARE_AMD_WET_0044_1eca6ca88367,AMD_WET/im0376.png,AMD_WET,AMD_WET,Predefined folder label used as a rule-harmonized three-class category,2e9e22db7a9b5246621d6f46a9eb6ba71e7cbaee0e7407aeec5a40204eebd0d2,FROZEN_VIT_SVM,123,False,AMD_WET,1,0.0031668497463011847,0.7237098312404874,0.2731233190132116
STARE_AMD_WET_0045_a7ac74c12223,AMD_WET/im0377.png,AMD_WET,AMD_WET,Predefined folder label used as a rule-harmonized three-class category,fc69ff53cc325cd060f4424c0f95424e90716f5143248286ab8a235f2adb238d,FROZEN_VIT_SVM,123,False,NORMAL,0,0.001083991175910677,0.006470184981078046,0.9924458238430114
STARE_AMD_WET_0046_930a5d6ef337,AMD_WET/im0378.png,AMD_WET,AMD_WET,Predefined folder label used as a rule-harmonized three-class category,938e4f4d27b037c2468b2acd649d075f6b8a232dd58c4bab39f9802478c3d099,FROZEN_VIT_SVM,123,False,AMD_WET,1,0.048416984898683825,0.8721328754806554,0.07945013962066094
STARE_AMD_WET_0047_33adc64edf0e,AMD_WET/im0379.png,AMD_WET,AMD_WET,Predefined folder label used as a rule-harmonized three-class category,f56238dd685cc66e4d92d338b424d0a61d475111ba3e3cb9a73b26b1356ab412,FROZEN_VIT_SVM,123,False,AMD_WET,1,0.20760815373822536,0.6941722599915967,0.098219586270178
STARE_AMD_WET_0048_06963c6124c6,AMD_WET/im0380.png,AMD_WET,AMD_WET,Predefined folder label used as a rule-harmonized three-class category,7a673e54c6ffc0e1423acafccc440d30bda225ac2b2a446b0c50091c02f8a9ac,FROZEN_VIT_SVM,123,False,AMD_WET,1,0.10062714481906075,0.869423873882365,0.029948981298574213
STARE_AMD_WET_0049_9bf3d111a53d,AMD_WET/im0381.png,AMD_WET,AMD_WET,Predefined folder label used as a rule-harmonized three-class category,83ab520e218e344b07e97523c41262b626658654defdf671c0a15aafa62d69dc,FROZEN_VIT_SVM,123,False,AMD_WET,1,0.09421022530356539,0.6247108566083096,0.2810789180881248
STARE_AMD_WET_0050_e8a530fce5a2,AMD_WET/im0382.png,AMD_WET,AMD_WET,Predefined folder label used as a rule-harmonized three-class category,2a5f5949d58920bc4640f201a952752009f04984297e630fb2cc08bf28633614,FROZEN_VIT_SVM,123,False,AMD_DRY,0,0.5117834310619931,0.4810775367455864,0.007139032192420585
STARE_AMD_WET_0051_482de20e4e3b,AMD_WET/im0383.png,AMD_WET,AMD_WET,Predefined folder label used as a rule-harmonized three-class category,35e60c03d2808a6df90a4a6e87a30a54599dab57e027eb19fd2161d8b24bde2b,FROZEN_VIT_SVM,123,False,AMD_WET,1,0.2642807222332582,0.6536503008806399,0.08206897688610154
STARE_AMD_WET_0052_d1204ef9efbf,AMD_WET/im0384.png,AMD_WET,AMD_WET,Predefined folder label used as a rule-harmonized three-class category,dbc8302f2327e1d4813cc03c89406f01c2f5a4e5c1926c01053b54d77c00e7f8,FROZEN_VIT_SVM,123,False,AMD_WET,1,0.07312996448319013,0.751092281637979,0.17577775387883104
STARE_AMD_WET_0053_a654eff73804,AMD_WET/im0385.png,AMD_WET,AMD_WET,Predefined folder label used as a rule-harmonized three-class category,7cf72f7ef7a41de0d1156ce7f03b44973bdd92a1a1b2b99ff8a77647ba54ed25,FROZEN_VIT_SVM,123,False,AMD_WET,1,0.012370190326710885,0.9791146239347682,0.008515185738520979
STARE_NORMAL_0001_bcb949751692,NORMAL/im0032.png,NORMAL,NORMAL,Predefined folder label used as a rule-harmonized three-class category,62e879df0174360b7ae75d1c10991e5b696428f0facbf09043a5cbd406b67599,FROZEN_VIT_SVM,123,False,NORMAL,1,0.007064535761544707,0.01886657442018406,0.9740688898182708
STARE_NORMAL_0002_5dc0f880fbb0,NORMAL/im0035.png,NORMAL,NORMAL,Predefined folder label used as a rule-harmonized three-class category,e37c8438fcce197544ae71f483ab8997c91457351e6d5a1477f8a14afc1a2a4e,FROZEN_VIT_SVM,123,False,AMD_WET,0,0.27638993836257036,0.502818326625693,0.22079173501173638
STARE_NORMAL_0003_af8dffaab8e8,NORMAL/im0076.png,NORMAL,NORMAL,Predefined folder label used as a rule-harmonized three-class category,6f6ca7f36384eb7df2ffeac7b66373ce318a74b3ff5aad4db689649dd0bfd7cd,FROZEN_VIT_SVM,123,False,NORMAL,1,2.194905875419624e-07,2.1531070192671944e-07,0.9999995651987105
STARE_NORMAL_0004_a7c8b54fa43f,NORMAL/im0077.png,NORMAL,NORMAL,Predefined folder label used as a rule-harmonized three-class category,09e643596a6f4780adffefeeee2bd8d87372f8ace5fb1793dd127ad485a62af7,FROZEN_VIT_SVM,123,False,NORMAL,1,0.02881805456389994,0.059500495281975256,0.9116814501541247
STARE_NORMAL_0005_9545e76ea708,NORMAL/im0080.png,NORMAL,NORMAL,Predefined folder label used as a rule-harmonized three-class category,2d1c47abfa3a52970bea03740f7ed219245b4a8ee2f559b833335ed69bf49628,FROZEN_VIT_SVM,123,False,AMD_DRY,0,0.3074750471091691,0.4557236695443825,0.23680128334644843
STARE_NORMAL_0006_a0954f383019,NORMAL/im0081.png,NORMAL,NORMAL,Predefined folder label used as a rule-harmonized three-class category,4baf8ebb88eca8082da1e458c72c9fe393ff8e5ec16e91175432bed19627aa1d,FROZEN_VIT_SVM,123,False,NORMAL,1,0.052892089616995173,0.3329525530726675,0.6141553573103371
STARE_NORMAL_0007_5980e3b87e9e,NORMAL/im0082.png,NORMAL,NORMAL,Predefined folder label used as a rule-harmonized three-class category,2884006bfa703a7117eed97da8d82ae7b5bb529685b56fd91142f027c32fd415,FROZEN_VIT_SVM,123,False,NORMAL,1,0.01530215735096911,0.037083403643978205,0.9476144390050526
STARE_NORMAL_0008_67b0b3d6d1f2,NORMAL/im0119.png,NORMAL,NORMAL,Predefined folder label used as a rule-harmonized three-class category,6150b14dd0d0dd390bcf1e364e4389f2cf4e03392b886b57173ec61b5681404b,FROZEN_VIT_SVM,123,False,NORMAL,1,0.019603709540314384,0.2046402878207215,0.7757560026389639
STARE_NORMAL_0009_6a65823b5152,NORMAL/im0120.png,NORMAL,NORMAL,Predefined folder label used as a rule-harmonized three-class category,bcde9855e79ec1b7af4d668ae77ded4f721959afbdecb43b7674a061234cd473,FROZEN_VIT_SVM,123,False,NORMAL,1,0.0080164136118026,0.056545918376154636,0.9354376680120429
STARE_NORMAL_0010_288860135381,NORMAL/im0170.png,NORMAL,NORMAL,Predefined folder label used as a rule-harmonized three-class category,a35491abd3cdf67d5011dbd78bf89a4d93c4ee0d613994338ee88050813d95ea,FROZEN_VIT_SVM,123,False,NORMAL,1,0.034460587581003566,0.13650197580840284,0.8290374366105936
STARE_NORMAL_0011_adb7788e4f81,NORMAL/im0190.png,NORMAL,NORMAL,Predefined folder label used as a rule-harmonized three-class category,c750838f7b3cdbb4d7456a56e0bf87f36dfaf5db349e036b972ccaab23d00c21,FROZEN_VIT_SVM,123,False,NORMAL,1,0.00023718269733887976,0.014811774503476415,0.9849510427991847
STARE_NORMAL_0012_88861f2bdfe4,NORMAL/im0198.png,NORMAL,NORMAL,Predefined folder label used as a rule-harmonized three-class category,87add79ee388d59aa87622a56d873fd8d360f85d7bf6a50a21d3c0a0b41ae571,FROZEN_VIT_SVM,123,False,NORMAL,1,0.21192962584360306,0.05243973918430542,0.7356306349720915
STARE_NORMAL_0013_c303b9fa8118,NORMAL/im0199.png,NORMAL,NORMAL,Predefined folder label used as a rule-harmonized three-class category,453319f57d81ffb75d5a6d623d221956b7612f662aedf38ea3f810765b18394d,FROZEN_VIT_SVM,123,False,NORMAL,1,0.016951887053702066,0.1599846043765449,0.8230635085697531
STARE_NORMAL_0014_4235d006c6c5,NORMAL/im0216.png,NORMAL,NORMAL,Predefined folder label used as a rule-harmonized three-class category,e3c533d5cdda64345e0dd8c7df973d1ffcf27ba72bd3260e888f7050ec8b8864,FROZEN_VIT_SVM,123,False,NORMAL,1,0.060415341134847395,0.05291046336083491,0.8866741955043175
STARE_NORMAL_0015_3ec130b0c8aa,NORMAL/im0219.png,NORMAL,NORMAL,Predefined folder label used as a rule-harmonized three-class category,5319f005326e3766c0f7cd49defd75b26089ea46ae1984d7877bbda6fbf0f5b9,FROZEN_VIT_SVM,123,False,NORMAL,1,0.00037116628976917234,0.004885849617528801,0.9947429840927022
STARE_NORMAL_0016_a5dd62b18f81,NORMAL/im0231.png,NORMAL,NORMAL,Predefined folder label used as a rule-harmonized three-class category,69e9a35b9cef4038cc12fc6533b15395e80f631dbd5088442a0ec6af0c77ccff,FROZEN_VIT_SVM,123,False,AMD_WET,0,0.25247292137600646,0.4868869391748798,0.2606401394491136
STARE_NORMAL_0017_f2351c6ce9fa,NORMAL/im0234.png,NORMAL,NORMAL,Predefined folder label used as a rule-harmonized three-class category,5558231804283e500c7b1867373702abafe24e462b5c21118a896a6130732122,FROZEN_VIT_SVM,123,False,NORMAL,1,0.0590026615815268,0.13843366306784022,0.8025636753506328
STARE_NORMAL_0018_4bb8a01681a3,NORMAL/im0235.png,NORMAL,NORMAL,Predefined folder label used as a rule-harmonized three-class category,3809fd30b63a0d911aec81ae9eac6ebba104db3075fed8c8b109f3e379a09528,FROZEN_VIT_SVM,123,False,NORMAL,1,0.06623646416152407,0.21891141137040251,0.7148521244680732
STARE_NORMAL_0019_d06a1b708664,NORMAL/im0236.png,NORMAL,NORMAL,Predefined folder label used as a rule-harmonized three-class category,aa35e55e4281f566394437f6552842612810d3df0f21dd38952ff0bf0fb3fe52,FROZEN_VIT_SVM,123,False,AMD_WET,0,0.07001491141356497,0.5877910855277807,0.3421940030586541
STARE_NORMAL_0020_80b19c79855d,NORMAL/im0237.png,NORMAL,NORMAL,Predefined folder label used as a rule-harmonized three-class category,5f4909ef146efb4de3ab5bce07d15658fef5d126757033521700b1b45e7471a8,FROZEN_VIT_SVM,123,False,AMD_DRY,0,0.46638670036816704,0.14162873914346638,0.3919845604883668
STARE_NORMAL_0021_a8a97366077a,NORMAL/im0238.png,NORMAL,NORMAL,Predefined folder label used as a rule-harmonized three-class category,a8a64a614eb8df3408b22ad6f21cfb439d2a5d006216e1fe6277d2911b53e75a,FROZEN_VIT_SVM,123,False,NORMAL,1,0.12962375273366775,0.15541760668107907,0.7149586405852532
STARE_NORMAL_0022_7d403a344fb9,NORMAL/im0239.png,NORMAL,NORMAL,Predefined folder label used as a rule-harmonized three-class category,eb5a6ca738083158f1f644cbc6f6a1df1b54d11b438e8a9b79ba5f0c435cf63d,FROZEN_VIT_SVM,123,False,NORMAL,1,0.0009221485694144621,0.006707655646252243,0.9923701957843335
STARE_NORMAL_0023_47ed930d2f03,NORMAL/im0240.png,NORMAL,NORMAL,Predefined folder label used as a rule-harmonized three-class category,5fb8b1d5f3fe6585ad73dc399b90d469afacac14da43d19541c0e4d283c741d7,FROZEN_VIT_SVM,123,False,NORMAL,1,0.0007332229084144658,0.0027814975737962553,0.9964852795177894
STARE_NORMAL_0024_bb5cb2546ea1,NORMAL/im0241.png,NORMAL,NORMAL,Predefined folder label used as a rule-harmonized three-class category,76e76bf16fdfbd8909809773a537914810f675f5cd7b465919a2ac954784721d,FROZEN_VIT_SVM,123,False,AMD_DRY,0,0.3433253072252129,0.16577436372523843,0.49090032904954856
STARE_NORMAL_0025_40962a17dfbb,NORMAL/im0252.png,NORMAL,NORMAL,Predefined folder label used as a rule-harmonized three-class category,9a8b2d7e790afb389f2e0cfebe109925e7f7e107f04786b6e9764be6baea5377,FROZEN_VIT_SVM,123,False,AMD_WET,0,0.010278919662185039,0.5032431530707178,0.486477927267097
STARE_NORMAL_0026_0e9ac8c7e0ab,NORMAL/im0253.png,NORMAL,NORMAL,Predefined folder label used as a rule-harmonized three-class category,88e1280e81b83f87b9d2004480a7abbaf39c31af89466d280a1398291118f320,FROZEN_VIT_SVM,123,False,AMD_WET,0,0.235351499633171,0.6185458130333712,0.14610268733345771
STARE_NORMAL_0027_a729417ea11b,NORMAL/im0254.png,NORMAL,NORMAL,Predefined folder label used as a rule-harmonized three-class category,b5bd3c6208c42d3375edc38f4316d86afbd9254e82b68a828c64dcc0315896df,FROZEN_VIT_SVM,123,False,NORMAL,1,0.007167461541390885,0.033337114061226254,0.9594954243973827
STARE_NORMAL_0028_904d555e7186,NORMAL/im0255.png,NORMAL,NORMAL,Predefined folder label used as a rule-harmonized three-class category,359d311f41cc6fbcb2c742d40260e4db79f49e952b8c4f7d7fce7062d2ebad75,FROZEN_VIT_SVM,123,False,NORMAL,1,0.0006142248447484622,0.009359020644225826,0.9900267545110257
STARE_NORMAL_0029_26e8fa5a34fb,NORMAL/im0278.png,NORMAL,NORMAL,Predefined folder label used as a rule-harmonized three-class category,bd1a0421f976637181ec6f3b282239391a5644af975394630aa4deca815e7c54,FROZEN_VIT_SVM,123,False,AMD_WET,0,0.24280954078351707,0.6870229505394141,0.07016750867706857
STARE_AMD_DRY_0001_d263f50d89b2,AMD_DRY/im0006.png,AMD_DRY,AMD_DRY,Predefined folder label used as a rule-harmonized three-class category,07404fb4bd53b34ee25026662f3aa297e0556661c85da6cc611afc72690dd067,FROZEN_VIT_SVM,2026,False,AMD_WET,0,0.2510516057197861,0.6878902399932539,0.06105815428696008
STARE_AMD_DRY_0002_229c41f2cf25,AMD_DRY/im0012.png,AMD_DRY,AMD_DRY,Predefined folder label used as a rule-harmonized three-class category,7ead02e3f48eb036c8e46131fa3c26573762533cf84bb586588ea1586b9a151a,FROZEN_VIT_SVM,2026,False,AMD_WET,0,0.13427949146674686,0.8389531100792599,0.026767398453993188
STARE_AMD_DRY_0003_d6d7c11dd912,AMD_DRY/im0015.png,AMD_DRY,AMD_DRY,Predefined folder label used as a rule-harmonized three-class category,a3e8437cae1948c95e2e91e75d8e33c016295d76bbd77a62d6066b602e77cde2,FROZEN_VIT_SVM,2026,False,AMD_WET,0,0.1280341751006729,0.5720183981398359,0.29994742675949115
STARE_AMD_DRY_0004_b06dde6ef269,AMD_DRY/im0046.png,AMD_DRY,AMD_DRY,Predefined folder label used as a rule-harmonized three-class category,02463d320cda2ff13bf3719d639973124b40fbd8b127cf778b4bf9af3be5ae26,FROZEN_VIT_SVM,2026,False,NORMAL,0,0.2695679204236351,0.014767132787559034,0.7156649467888059
STARE_AMD_DRY_0005_937e0f008180,AMD_DRY/im0063.png,AMD_DRY,AMD_DRY,Predefined folder label used as a rule-harmonized three-class category,4ecde88543ad41f537feab30920481af39418f67cbd4a0af6741557e269bc487,FROZEN_VIT_SVM,2026,False,AMD_DRY,1,0.5689292959089023,0.3186244800239974,0.11244622406710038
STARE_AMD_DRY_0006_cc78e90fdf44,AMD_DRY/im0066.png,AMD_DRY,AMD_DRY,Predefined folder label used as a rule-harmonized three-class category,2240107c1ed6c3fa19669456df1652a098850fd217eceba2630795b2aa8c49db,FROZEN_VIT_SVM,2026,False,AMD_WET,0,0.2995424572502452,0.5841954998903448,0.11626204285941001
STARE_AMD_DRY_0007_1e4f490def47,AMD_DRY/im0068.png,AMD_DRY,AMD_DRY,Predefined folder label used as a rule-harmonized three-class category,6f526995077b937f5fea61e713f5c5ff158fe9505855bc2c1e026438d467aeb2,FROZEN_VIT_SVM,2026,False,AMD_DRY,1,0.8355778167369944,0.02350100540923617,0.14092117785376973
STARE_AMD_DRY_0008_c8d5b3bc7fd1,AMD_DRY/im0175.png,AMD_DRY,AMD_DRY,Predefined folder label used as a rule-harmonized three-class category,b9078b917d6bab1ba7794307d6de24878364c3a9a686638d18208e7508628339,FROZEN_VIT_SVM,2026,False,AMD_DRY,1,0.7350556489498455,0.20793451252611275,0.05700983852404175
STARE_AMD_DRY_0009_1b44b3f95920,AMD_DRY/im0193.png,AMD_DRY,AMD_DRY,Predefined folder label used as a rule-harmonized three-class category,432a8c9a1caf88b55bb56a507ac762d5b327717050fefc5be278fd4338c19f30,FROZEN_VIT_SVM,2026,False,AMD_DRY,1,0.8014249787361352,0.17880362425953422,0.019771397004330532
STARE_AMD_DRY_0010_831581454862,AMD_DRY/im0250.png,AMD_DRY,AMD_DRY,Predefined folder label used as a rule-harmonized three-class category,f0b0ea1b3c6b93f64fbaa5e5ce949029f0a1114170600a59727d7bb4ec12c5c3,FROZEN_VIT_SVM,2026,False,AMD_DRY,1,0.6959882601548731,0.11981926482176251,0.18419247502336428
STARE_AMD_DRY_0011_1f3e7a28dfdb,AMD_DRY/im0262.png,AMD_DRY,AMD_DRY,Predefined folder label used as a rule-harmonized three-class category,3e5597a19b733c677176fc433af21a35226f819671da0d09f5f5030e4f2b26b0,FROZEN_VIT_SVM,2026,False,AMD_WET,0,0.32937285975908276,0.4442358504654538,0.2263912897754636
STARE_AMD_DRY_0012_faa094e238d5,AMD_DRY/im0263.png,AMD_DRY,AMD_DRY,Predefined folder label used as a rule-harmonized three-class category,4db3e481700ec8db703d55c2fc73a741a76ee153011608264863a52740bc8fb1,FROZEN_VIT_SVM,2026,False,AMD_DRY,1,0.5092863126931346,0.15554225351480766,0.3351714337920576
STARE_AMD_DRY_0013_667486851e7b,AMD_DRY/im0264.png,AMD_DRY,AMD_DRY,Predefined folder label used as a rule-harmonized three-class category,8ebb345117e4ef7e9b7d36fb7c1cd4c4cf989442736ea0b46079b8871a4ea779,FROZEN_VIT_SVM,2026,False,AMD_DRY,1,0.8333926873331077,0.12288302669742154,0.0437242859694707
STARE_AMD_DRY_0014_77bca31945cf,AMD_DRY/im0265.png,AMD_DRY,AMD_DRY,Predefined folder label used as a rule-harmonized three-class category,ad1821d60e315daecf235929f70cf8f3dfde962469edb679592996b12f95db36,FROZEN_VIT_SVM,2026,False,AMD_DRY,1,0.5580304202175399,0.4000730611022483,0.04189651868021174
STARE_AMD_DRY_0015_9816ec7268cf,AMD_DRY/im0266.png,AMD_DRY,AMD_DRY,Predefined folder label used as a rule-harmonized three-class category,8d46fced829b536a3d2db2bd9333d6b33635c06e5252f1d4776f4162d18fc081,FROZEN_VIT_SVM,2026,False,AMD_WET,0,0.48837088712959875,0.49505788447365084,0.016571228396750393
STARE_AMD_DRY_0016_b0cdd859d6ed,AMD_DRY/im0292.png,AMD_DRY,AMD_DRY,Predefined folder label used as a rule-harmonized three-class category,f5fe8b111acf618451880f97052f418600aeb562be4deb3abebfeb1c176a4b64,FROZEN_VIT_SVM,2026,False,AMD_WET,0,0.21213891324548315,0.7476755381027635,0.04018554865175326
STARE_AMD_DRY_0017_7456c8a0cd69,AMD_DRY/im0401.png,AMD_DRY,AMD_DRY,Predefined folder label used as a rule-harmonized three-class category,ba2d68ee6bbf1771c5b2d79805beaf8e46860cfb245819074ee4fd1f94de33bd,FROZEN_VIT_SVM,2026,False,AMD_WET,0,0.45312195836832353,0.46583464432913657,0.08104339730253986
STARE_AMD_DRY_0018_379873cbb1a2,AMD_DRY/im0402.png,AMD_DRY,AMD_DRY,Predefined folder label used as a rule-harmonized three-class category,14ed4022ab6157297273acaef2c6a656c74b45e826c5c81119024c9e089ae712,FROZEN_VIT_SVM,2026,False,AMD_WET,0,0.32288052043016363,0.606098146654782,0.07102133291505454
STARE_AMD_WET_0001_4abb74838c2e,AMD_WET/im0007.png,AMD_WET,AMD_WET,Predefined folder label used as a rule-harmonized three-class category,43efff95090bce4ff7388809dd5f71ec968f84c8868f4597d50267e06f6a80ab,FROZEN_VIT_SVM,2026,False,AMD_WET,1,0.0402346853278897,0.92795298436187,0.03181233031024021
STARE_AMD_WET_0002_364d7d338f60,AMD_WET/im0008.png,AMD_WET,AMD_WET,Predefined folder label used as a rule-harmonized three-class category,97947d82cf545207422cbd803d4dbc1a44338829d22d841b49f4bcfd305a70d3,FROZEN_VIT_SVM,2026,False,AMD_WET,1,0.053154177022380004,0.9381919528866819,0.008653870090938109
STARE_AMD_WET_0003_a3a1c9c56853,AMD_WET/im0011.png,AMD_WET,AMD_WET,Predefined folder label used as a rule-harmonized three-class category,e449e9fd863250088ca5750e581ca89d9a8be324a6dbe88334824697fb987a9e,FROZEN_VIT_SVM,2026,False,AMD_WET,1,0.003887611573971677,0.99584820214835,0.000264186277678324
STARE_AMD_WET_0004_b1fbc6d203b8,AMD_WET/im0017.png,AMD_WET,AMD_WET,Predefined folder label used as a rule-harmonized three-class category,426c86d782efc552afc690378865191e61df5aa4ccd9bfe1f682174328a87cef,FROZEN_VIT_SVM,2026,False,AMD_WET,1,0.07133532204530411,0.9264331619255837,0.0022315160291123542
STARE_AMD_WET_0005_67527302d081,AMD_WET/im0034.png,AMD_WET,AMD_WET,Predefined folder label used as a rule-harmonized three-class category,03e98b766cd9c45837d9b19be05cd460593d335a3f8bdcc20b25fe6fce757879,FROZEN_VIT_SVM,2026,False,AMD_WET,1,0.03622716760966716,0.9552623718997271,0.008510460490605757
STARE_AMD_WET_0006_db064e8eb44c,AMD_WET/im0036.png,AMD_WET,AMD_WET,Predefined folder label used as a rule-harmonized three-class category,40ed5b10850dbe2cac6fa5ad0da28d12e14f3c03ba1d8656667cbeef1faefbb2,FROZEN_VIT_SVM,2026,False,AMD_WET,1,0.03603802885085846,0.9582958164841707,0.005666154664970843
STARE_AMD_WET_0007_5b7bee080dcd,AMD_WET/im0037.png,AMD_WET,AMD_WET,Predefined folder label used as a rule-harmonized three-class category,63a74787d05305a09f9daae4964e7f067306f3c4f6521a8c6fb2ade01e8cadf2,FROZEN_VIT_SVM,2026,False,AMD_WET,1,0.013862893084465321,0.9845831492510512,0.0015539576644838732
STARE_AMD_WET_0008_ce070d9aedb0,AMD_WET/im0053.png,AMD_WET,AMD_WET,Predefined folder label used as a rule-harmonized three-class category,5bd3fdb5c8efcbe5bd534875a8ab9ced630474e6e6b3f6c7645ea7106028bb99,FROZEN_VIT_SVM,2026,False,AMD_WET,1,0.06907526156545533,0.9178384206788787,0.01308631775566593
STARE_AMD_WET_0009_7f040538c58a,AMD_WET/im0054.png,AMD_WET,AMD_WET,Predefined folder label used as a rule-harmonized three-class category,748a963e24d304d8145fac9e87991a1f4a2e8f8f9ec250a94e3b76c86bffd32f,FROZEN_VIT_SVM,2026,False,AMD_WET,1,0.024372453418896184,0.9743604732913871,0.0012670732897168133
STARE_AMD_WET_0010_f9748c7fccb6,AMD_WET/im0061.png,AMD_WET,AMD_WET,Predefined folder label used as a rule-harmonized three-class category,3618ee890a682dad4db87a0f55e8bb3e60e13889c98f32b5be93e86847dad88e,FROZEN_VIT_SVM,2026,False,AMD_WET,1,0.05450256102330893,0.9386216047668938,0.006875834209797522
STARE_AMD_WET_0011_685974b697be,AMD_WET/im0062.png,AMD_WET,AMD_WET,Predefined folder label used as a rule-harmonized three-class category,7f7de2b94bdba9e000b42e074aa5fdc898876c7c192460b346a01e5feb9c23bb,FROZEN_VIT_SVM,2026,False,AMD_WET,1,0.014458759321923875,0.9854536322020649,8.760847601113255e-05
STARE_AMD_WET_0012_b0e1926f7dfc,AMD_WET/im0083.png,AMD_WET,AMD_WET,Predefined folder label used as a rule-harmonized three-class category,ad9eac2b2d2369f5d8277bc425012ce4787c38b55081296e2d47b27874c9efa6,FROZEN_VIT_SVM,2026,False,AMD_WET,1,0.017405612656563933,0.9490818317022353,0.03351255564120111
STARE_AMD_WET_0013_e4e4377d057a,AMD_WET/im0084.png,AMD_WET,AMD_WET,Predefined folder label used as a rule-harmonized three-class category,6d3f7fb5846b79faf4e775d5f9f50891641312aa4903ba8e2842934a697819b7,FROZEN_VIT_SVM,2026,False,AMD_WET,1,0.030955836831823354,0.9590777445831468,0.00996641858502981
STARE_AMD_WET_0014_e880931c9146,AMD_WET/im0091.png,AMD_WET,AMD_WET,Predefined folder label used as a rule-harmonized three-class category,39d871a3e16f95b5048404122c29149267c6159c219c1d297bc9642257eb1492,FROZEN_VIT_SVM,2026,False,AMD_WET,1,0.024971291734314158,0.969869667479773,0.0051590407859131125
STARE_AMD_WET_0015_25c7cf74080b,AMD_WET/im0092.png,AMD_WET,AMD_WET,Predefined folder label used as a rule-harmonized three-class category,15584a9280772911b2d202c8af1a671461257b3dca76e9fa46e972502b706de1,FROZEN_VIT_SVM,2026,False,AMD_WET,1,0.19942054271194987,0.7982077877486563,0.002371669539393548
STARE_AMD_WET_0016_7f0eb389baee,AMD_WET/im0100.png,AMD_WET,AMD_WET,Predefined folder label used as a rule-harmonized three-class category,7bf274c7d773c817b4503ea8f88247bad16dd34eb8ce8dcc0c1b9f7f8c1a2ece,FROZEN_VIT_SVM,2026,False,NORMAL,0,0.04191608351678662,0.07074164558051199,0.8873422709027011
STARE_AMD_WET_0017_22cbd7234f5e,AMD_WET/im0101.png,AMD_WET,AMD_WET,Predefined folder label used as a rule-harmonized three-class category,a2e7d0814149deaffc104d661424651f7db5381d84c7456bb37dbe660241cd9f,FROZEN_VIT_SVM,2026,False,AMD_WET,1,0.1212630703905522,0.6412111750740306,0.2375257545354175
STARE_AMD_WET_0018_04d706241959,AMD_WET/im0103.png,AMD_WET,AMD_WET,Predefined folder label used as a rule-harmonized three-class category,7f2fd1dd0bb83282a3036f49680952a097afd5ab56e8f97fcf4d055f76830d66,FROZEN_VIT_SVM,2026,False,AMD_WET,1,0.05054588781406631,0.9454549401554457,0.003999172030487961
STARE_AMD_WET_0019_5add82a8671c,AMD_WET/im0104.png,AMD_WET,AMD_WET,Predefined folder label used as a rule-harmonized three-class category,8cd524a53014090924ea38e650597a8690329ca3a4a53cbafe5bf66a54e5b3da,FROZEN_VIT_SVM,2026,False,AMD_WET,1,0.03037718046828672,0.9368840299439551,0.03273878958775817
STARE_AMD_WET_0020_0d6202ae9b41,AMD_WET/im0105.png,AMD_WET,AMD_WET,Predefined folder label used as a rule-harmonized three-class category,6adfaa348c4fefcf987d1345282b82d6344a49a72df761012fa6682216d3cd6d,FROZEN_VIT_SVM,2026,False,AMD_WET,1,0.1080532024119037,0.878541150940593,0.013405646647503041
STARE_AMD_WET_0021_b244af1ee88b,AMD_WET/im0106.png,AMD_WET,AMD_WET,Predefined folder label used as a rule-harmonized three-class category,d7734c772af108c633197d99af226712ffdedf208de12e3401f1c0ff364bf415,FROZEN_VIT_SVM,2026,False,AMD_WET,1,0.18346103157986532,0.759366214413433,0.05717275400670182
STARE_AMD_WET_0022_485b7e19dbb9,AMD_WET/im0110.png,AMD_WET,AMD_WET,Predefined folder label used as a rule-harmonized three-class category,4cf4d8a5431840b301a45b27517dc9e4f6c315af9a951ee7a9e7aecd8d1fff87,FROZEN_VIT_SVM,2026,False,AMD_WET,1,0.0907065833053392,0.9087532296846081,0.0005401870100529061
STARE_AMD_WET_0023_783924ab9d3e,AMD_WET/im0142.png,AMD_WET,AMD_WET,Predefined folder label used as a rule-harmonized three-class category,8652ae4720f76835d83600178ecd2d5ad364cff1aca2d5e6130f5a7edddbba86,FROZEN_VIT_SVM,2026,False,AMD_WET,1,0.04560098257660036,0.6375782984930881,0.31682071893031155
STARE_AMD_WET_0024_c037a55bcb6c,AMD_WET/im0143.png,AMD_WET,AMD_WET,Predefined folder label used as a rule-harmonized three-class category,3453e39c772c5bab740f6413943cb5f93f5fe08c9c343a854a625e0b402ddb6d,FROZEN_VIT_SVM,2026,False,AMD_WET,1,0.09437892074173262,0.8752276091466009,0.030393470111666508
STARE_AMD_WET_0025_98ec0df7bc68,AMD_WET/im0145.png,AMD_WET,AMD_WET,Predefined folder label used as a rule-harmonized three-class category,a5681525b97c4dca5f45ce5a5e1da936b07e025271f89ea246ff9b5dc6983440,FROZEN_VIT_SVM,2026,False,AMD_WET,1,0.009018144742987393,0.9885025562656958,0.002479298991316809
STARE_AMD_WET_0026_2352e6cbeec6,AMD_WET/im0147.png,AMD_WET,AMD_WET,Predefined folder label used as a rule-harmonized three-class category,69c37425ca991739d3d10cbc578ac571c6a4e99322393a8713ba4eb848eb5502,FROZEN_VIT_SVM,2026,False,AMD_DRY,0,0.5803232050772729,0.41931601234097915,0.00036078258174825095
STARE_AMD_WET_0027_10d3c0ba4d12,AMD_WET/im0148.png,AMD_WET,AMD_WET,Predefined folder label used as a rule-harmonized three-class category,b4bcfa8a3773c76313794c74e7ae8e82c21615838abbebdffca7d3cdf2917e30,FROZEN_VIT_SVM,2026,False,AMD_WET,1,0.13153170646147846,0.8639375031620452,0.004530790376476519
STARE_AMD_WET_0028_f46e77551412,AMD_WET/im0149.png,AMD_WET,AMD_WET,Predefined folder label used as a rule-harmonized three-class category,6f3fdbf773038c12c6e7c67386281b866491545eb6875000f674d23142bbd85c,FROZEN_VIT_SVM,2026,False,AMD_WET,1,0.021775246970306267,0.9776241815178377,0.0006005715118559253
STARE_AMD_WET_0029_dc7db43f95e6,AMD_WET/im0150.png,AMD_WET,AMD_WET,Predefined folder label used as a rule-harmonized three-class category,d908ec1498c17f64e75e8497e8397e759b2e133e69c4f86aad3f9e748c2c506d,FROZEN_VIT_SVM,2026,False,AMD_WET,1,0.32763210261320086,0.5991354303145079,0.07323246707229122
STARE_AMD_WET_0030_217ba81e51a4,AMD_WET/im0151.png,AMD_WET,AMD_WET,Predefined folder label used as a rule-harmonized three-class category,8426b239b4497a8d26c2eef041be117d86819413209f92ff27a35821cc98e7aa,FROZEN_VIT_SVM,2026,False,AMD_WET,1,0.054540610079260116,0.9219149914113206,0.02354439850941919
STARE_AMD_WET_0031_ea436d9c2155,AMD_WET/im0154.png,AMD_WET,AMD_WET,Predefined folder label used as a rule-harmonized three-class category,3e30820f11968c852328d7ce0e311f95a9d8e8d2aa4e967c54c7899bf05e78af,FROZEN_VIT_SVM,2026,False,AMD_WET,1,0.06912710366769027,0.9249475736427869,0.005925322689522759
STARE_AMD_WET_0032_82a866bf90e7,AMD_WET/im0158.png,AMD_WET,AMD_WET,Predefined folder label used as a rule-harmonized three-class category,acfeb121c561a1f48875b41496a49b0052e28623d3e80699cc5a5724b9caaf07,FROZEN_VIT_SVM,2026,False,AMD_WET,1,0.008167760103717486,0.9859708586871847,0.0058613812090977605
STARE_AMD_WET_0033_3f2dc2fca284,AMD_WET/im0162.png,AMD_WET,AMD_WET,Predefined folder label used as a rule-harmonized three-class category,72e00297ec08da2d035593fb29639d79d88f8b39cd0b42b787601000ef19feeb,FROZEN_VIT_SVM,2026,False,NORMAL,0,0.037539720004624674,0.17429112735043814,0.7881691526449369
STARE_AMD_WET_0034_8775b8a29b66,AMD_WET/im0163.png,AMD_WET,AMD_WET,Predefined folder label used as a rule-harmonized three-class category,d41b401024384b648248ed09f5d762674d085959b8e5dfe2162d01b4fd4c2ef0,FROZEN_VIT_SVM,2026,False,AMD_WET,1,0.19500146395051668,0.44970453271339267,0.35529400333609046
STARE_AMD_WET_0035_4c0db4ccf5a4,AMD_WET/im0164.png,AMD_WET,AMD_WET,Predefined folder label used as a rule-harmonized three-class category,fef2c9c937e4640ab7bc97fdf7248f5943b843bb46961d3b328303d0741a9ded,FROZEN_VIT_SVM,2026,False,AMD_WET,1,0.26305832591140793,0.6127386537586039,0.12420302032998776
STARE_AMD_WET_0036_c00e1422854e,AMD_WET/im0171.png,AMD_WET,AMD_WET,Predefined folder label used as a rule-harmonized three-class category,27508429504998fba48c98402a0c27ad4b52a8eb901a6560b94bcdfbe5f02b5e,FROZEN_VIT_SVM,2026,False,AMD_WET,1,0.006340823150135487,0.9912936978249101,0.002365479024954372
STARE_AMD_WET_0037_f615feb0e70f,AMD_WET/im0172.png,AMD_WET,AMD_WET,Predefined folder label used as a rule-harmonized three-class category,ef627ca53ec6663be33e93ab56135bd86105368b41bd762ff33fdf721cd11f47,FROZEN_VIT_SVM,2026,False,AMD_WET,1,0.04818093338827022,0.9391544651078653,0.012664601503864477
STARE_AMD_WET_0038_f067b2299705,AMD_WET/im0259.png,AMD_WET,AMD_WET,Predefined folder label used as a rule-harmonized three-class category,3ddfc0b707bd98706b3d375e2f9b1b4d04b0b1d29819028e980a276a5e5931e8,FROZEN_VIT_SVM,2026,False,AMD_WET,1,0.20674804748123374,0.791995517719356,0.0012564347994104227
STARE_AMD_WET_0039_901400a328ea,AMD_WET/im0260.png,AMD_WET,AMD_WET,Predefined folder label used as a rule-harmonized three-class category,05dc807bfa30fa429de8d8b049ecafd790c32c2a559f9405882d54e63ea674a9,FROZEN_VIT_SVM,2026,False,AMD_WET,1,0.1973677586015236,0.6952882585968777,0.10734398280159867
STARE_AMD_WET_0040_a363219f11d0,AMD_WET/im0268.png,AMD_WET,AMD_WET,Predefined folder label used as a rule-harmonized three-class category,35888c752846e3adb3516a194fcd44f813a0bb0346a881c9cce8d8f88ed976a9,FROZEN_VIT_SVM,2026,False,AMD_WET,1,0.0040354394653827255,0.9953449966336286,0.0006195639009885502
STARE_AMD_WET_0041_690c73b63336,AMD_WET/im0269.png,AMD_WET,AMD_WET,Predefined folder label used as a rule-harmonized three-class category,2f075a6a797e24f97921a61f679e1ae0ab73ad90d36632093ec7750205784168,FROZEN_VIT_SVM,2026,False,AMD_WET,1,0.00609502311454484,0.9936289039261158,0.00027607295933941816
STARE_AMD_WET_0042_69540105ba9b,AMD_WET/im0270.png,AMD_WET,AMD_WET,Predefined folder label used as a rule-harmonized three-class category,76d593aa16b8092375d9df1f1daf3d05a70f0f95019bb2ea6fbe2b633a712e52,FROZEN_VIT_SVM,2026,False,AMD_WET,1,0.03760834121842985,0.9618169813164831,0.0005746774650870645
STARE_AMD_WET_0043_4ed7714513bd,AMD_WET/im0375.png,AMD_WET,AMD_WET,Predefined folder label used as a rule-harmonized three-class category,3285ead4943823ab422def9a6ba9ce19f6cb90266b55ca36873af16cbe14d4cd,FROZEN_VIT_SVM,2026,False,AMD_WET,1,0.07685685912887345,0.8587476066349458,0.06439553423618076
STARE_AMD_WET_0044_1eca6ca88367,AMD_WET/im0376.png,AMD_WET,AMD_WET,Predefined folder label used as a rule-harmonized three-class category,2e9e22db7a9b5246621d6f46a9eb6ba71e7cbaee0e7407aeec5a40204eebd0d2,FROZEN_VIT_SVM,2026,False,AMD_WET,1,0.006034240396216603,0.7858715811456073,0.20809417845817635
STARE_AMD_WET_0045_a7ac74c12223,AMD_WET/im0377.png,AMD_WET,AMD_WET,Predefined folder label used as a rule-harmonized three-class category,fc69ff53cc325cd060f4424c0f95424e90716f5143248286ab8a235f2adb238d,FROZEN_VIT_SVM,2026,False,NORMAL,0,0.005072556800685066,0.009182067898268791,0.9857453753010461
STARE_AMD_WET_0046_930a5d6ef337,AMD_WET/im0378.png,AMD_WET,AMD_WET,Predefined folder label used as a rule-harmonized three-class category,938e4f4d27b037c2468b2acd649d075f6b8a232dd58c4bab39f9802478c3d099,FROZEN_VIT_SVM,2026,False,AMD_WET,1,0.04488730803802588,0.8976396252972173,0.05747306666475705
STARE_AMD_WET_0047_33adc64edf0e,AMD_WET/im0379.png,AMD_WET,AMD_WET,Predefined folder label used as a rule-harmonized three-class category,f56238dd685cc66e4d92d338b424d0a61d475111ba3e3cb9a73b26b1356ab412,FROZEN_VIT_SVM,2026,False,AMD_WET,1,0.2212274934431492,0.7012177106404244,0.07755479591642639
STARE_AMD_WET_0048_06963c6124c6,AMD_WET/im0380.png,AMD_WET,AMD_WET,Predefined folder label used as a rule-harmonized three-class category,7a673e54c6ffc0e1423acafccc440d30bda225ac2b2a446b0c50091c02f8a9ac,FROZEN_VIT_SVM,2026,False,AMD_WET,1,0.09298902929850997,0.8869072065982593,0.020103764103230688
STARE_AMD_WET_0049_9bf3d111a53d,AMD_WET/im0381.png,AMD_WET,AMD_WET,Predefined folder label used as a rule-harmonized three-class category,83ab520e218e344b07e97523c41262b626658654defdf671c0a15aafa62d69dc,FROZEN_VIT_SVM,2026,False,AMD_WET,1,0.11937811021792626,0.6635562039924865,0.21706568578958738
STARE_AMD_WET_0050_e8a530fce5a2,AMD_WET/im0382.png,AMD_WET,AMD_WET,Predefined folder label used as a rule-harmonized three-class category,2a5f5949d58920bc4640f201a952752009f04984297e630fb2cc08bf28633614,FROZEN_VIT_SVM,2026,False,AMD_DRY,0,0.592089493155986,0.3989803197294949,0.008930187114519103
STARE_AMD_WET_0051_482de20e4e3b,AMD_WET/im0383.png,AMD_WET,AMD_WET,Predefined folder label used as a rule-harmonized three-class category,35e60c03d2808a6df90a4a6e87a30a54599dab57e027eb19fd2161d8b24bde2b,FROZEN_VIT_SVM,2026,False,AMD_WET,1,0.27864590961518365,0.6552762199204317,0.06607787046438446
STARE_AMD_WET_0052_d1204ef9efbf,AMD_WET/im0384.png,AMD_WET,AMD_WET,Predefined folder label used as a rule-harmonized three-class category,dbc8302f2327e1d4813cc03c89406f01c2f5a4e5c1926c01053b54d77c00e7f8,FROZEN_VIT_SVM,2026,False,AMD_WET,1,0.07508192341775836,0.7962638836058997,0.1286541929763422
STARE_AMD_WET_0053_a654eff73804,AMD_WET/im0385.png,AMD_WET,AMD_WET,Predefined folder label used as a rule-harmonized three-class category,7cf72f7ef7a41de0d1156ce7f03b44973bdd92a1a1b2b99ff8a77647ba54ed25,FROZEN_VIT_SVM,2026,False,AMD_WET,1,0.010338156281029971,0.9834220934854403,0.006239750233529571
STARE_NORMAL_0001_bcb949751692,NORMAL/im0032.png,NORMAL,NORMAL,Predefined folder label used as a rule-harmonized three-class category,62e879df0174360b7ae75d1c10991e5b696428f0facbf09043a5cbd406b67599,FROZEN_VIT_SVM,2026,False,NORMAL,1,0.018701971406397108,0.021432087004265375,0.9598659415893377
STARE_NORMAL_0002_5dc0f880fbb0,NORMAL/im0035.png,NORMAL,NORMAL,Predefined folder label used as a rule-harmonized three-class category,e37c8438fcce197544ae71f483ab8997c91457351e6d5a1477f8a14afc1a2a4e,FROZEN_VIT_SVM,2026,False,AMD_WET,0,0.3348982776273883,0.48786832940320674,0.17723339296940496
STARE_NORMAL_0003_af8dffaab8e8,NORMAL/im0076.png,NORMAL,NORMAL,Predefined folder label used as a rule-harmonized three-class category,6f6ca7f36384eb7df2ffeac7b66373ce318a74b3ff5aad4db689649dd0bfd7cd,FROZEN_VIT_SVM,2026,False,NORMAL,1,1.0472529763255675e-06,9.228725118139373e-07,0.9999980298745118
STARE_NORMAL_0004_a7c8b54fa43f,NORMAL/im0077.png,NORMAL,NORMAL,Predefined folder label used as a rule-harmonized three-class category,09e643596a6f4780adffefeeee2bd8d87372f8ace5fb1793dd127ad485a62af7,FROZEN_VIT_SVM,2026,False,NORMAL,1,0.06279551849788288,0.07251758533885254,0.8646868961632643
STARE_NORMAL_0005_9545e76ea708,NORMAL/im0080.png,NORMAL,NORMAL,Predefined folder label used as a rule-harmonized three-class category,2d1c47abfa3a52970bea03740f7ed219245b4a8ee2f559b833335ed69bf49628,FROZEN_VIT_SVM,2026,False,AMD_DRY,0,0.4120407044629049,0.40089768329666575,0.18706161224042922
STARE_NORMAL_0006_a0954f383019,NORMAL/im0081.png,NORMAL,NORMAL,Predefined folder label used as a rule-harmonized three-class category,4baf8ebb88eca8082da1e458c72c9fe393ff8e5ec16e91175432bed19627aa1d,FROZEN_VIT_SVM,2026,False,NORMAL,1,0.087969207431587,0.35077052890712834,0.5612602636612849
STARE_NORMAL_0007_5980e3b87e9e,NORMAL/im0082.png,NORMAL,NORMAL,Predefined folder label used as a rule-harmonized three-class category,2884006bfa703a7117eed97da8d82ae7b5bb529685b56fd91142f027c32fd415,FROZEN_VIT_SVM,2026,False,NORMAL,1,0.041867453195800056,0.047241924726398585,0.9108906220778015
STARE_NORMAL_0008_67b0b3d6d1f2,NORMAL/im0119.png,NORMAL,NORMAL,Predefined folder label used as a rule-harmonized three-class category,6150b14dd0d0dd390bcf1e364e4389f2cf4e03392b886b57173ec61b5681404b,FROZEN_VIT_SVM,2026,False,NORMAL,1,0.03329758274777235,0.2589666818102935,0.7077357354419344
STARE_NORMAL_0009_6a65823b5152,NORMAL/im0120.png,NORMAL,NORMAL,Predefined folder label used as a rule-harmonized three-class category,bcde9855e79ec1b7af4d668ae77ded4f721959afbdecb43b7674a061234cd473,FROZEN_VIT_SVM,2026,False,NORMAL,1,0.016421553962264742,0.06659478164290245,0.9169836643948329
STARE_NORMAL_0010_288860135381,NORMAL/im0170.png,NORMAL,NORMAL,Predefined folder label used as a rule-harmonized three-class category,a35491abd3cdf67d5011dbd78bf89a4d93c4ee0d613994338ee88050813d95ea,FROZEN_VIT_SVM,2026,False,NORMAL,1,0.07140709284331262,0.153256987943774,0.7753359192129136
STARE_NORMAL_0011_adb7788e4f81,NORMAL/im0190.png,NORMAL,NORMAL,Predefined folder label used as a rule-harmonized three-class category,c750838f7b3cdbb4d7456a56e0bf87f36dfaf5db349e036b972ccaab23d00c21,FROZEN_VIT_SVM,2026,False,NORMAL,1,0.0007583788682189804,0.013081194903403683,0.9861604262283773
STARE_NORMAL_0012_88861f2bdfe4,NORMAL/im0198.png,NORMAL,NORMAL,Predefined folder label used as a rule-harmonized three-class category,87add79ee388d59aa87622a56d873fd8d360f85d7bf6a50a21d3c0a0b41ae571,FROZEN_VIT_SVM,2026,False,NORMAL,1,0.29138597754435686,0.05667122280358677,0.6519427996520563
STARE_NORMAL_0013_c303b9fa8118,NORMAL/im0199.png,NORMAL,NORMAL,Predefined folder label used as a rule-harmonized three-class category,453319f57d81ffb75d5a6d623d221956b7612f662aedf38ea3f810765b18394d,FROZEN_VIT_SVM,2026,False,NORMAL,1,0.03761728932245205,0.15404077076073763,0.80834193991681
STARE_NORMAL_0014_4235d006c6c5,NORMAL/im0216.png,NORMAL,NORMAL,Predefined folder label used as a rule-harmonized three-class category,e3c533d5cdda64345e0dd8c7df973d1ffcf27ba72bd3260e888f7050ec8b8864,FROZEN_VIT_SVM,2026,False,NORMAL,1,0.12236062799444175,0.05941052575824706,0.8182288462473113
STARE_NORMAL_0015_3ec130b0c8aa,NORMAL/im0219.png,NORMAL,NORMAL,Predefined folder label used as a rule-harmonized three-class category,5319f005326e3766c0f7cd49defd75b26089ea46ae1984d7877bbda6fbf0f5b9,FROZEN_VIT_SVM,2026,False,NORMAL,1,0.00235713558004882,0.006510001413703637,0.9911328630062476
STARE_NORMAL_0016_a5dd62b18f81,NORMAL/im0231.png,NORMAL,NORMAL,Predefined folder label used as a rule-harmonized three-class category,69e9a35b9cef4038cc12fc6533b15395e80f631dbd5088442a0ec6af0c77ccff,FROZEN_VIT_SVM,2026,False,AMD_WET,0,0.3382454778340341,0.45501982297247107,0.2067346991934948
STARE_NORMAL_0017_f2351c6ce9fa,NORMAL/im0234.png,NORMAL,NORMAL,Predefined folder label used as a rule-harmonized three-class category,5558231804283e500c7b1867373702abafe24e462b5c21118a896a6130732122,FROZEN_VIT_SVM,2026,False,NORMAL,1,0.1098375482037021,0.1666014938761315,0.7235609579201665
STARE_NORMAL_0018_4bb8a01681a3,NORMAL/im0235.png,NORMAL,NORMAL,Predefined folder label used as a rule-harmonized three-class category,3809fd30b63a0d911aec81ae9eac6ebba104db3075fed8c8b109f3e379a09528,FROZEN_VIT_SVM,2026,False,NORMAL,1,0.11888179464289604,0.23810454665438316,0.6430136587027206
STARE_NORMAL_0019_d06a1b708664,NORMAL/im0236.png,NORMAL,NORMAL,Predefined folder label used as a rule-harmonized three-class category,aa35e55e4281f566394437f6552842612810d3df0f21dd38952ff0bf0fb3fe52,FROZEN_VIT_SVM,2026,False,AMD_WET,0,0.09270147648811797,0.6242211550011442,0.2830773685107375
STARE_NORMAL_0020_80b19c79855d,NORMAL/im0237.png,NORMAL,NORMAL,Predefined folder label used as a rule-harmonized three-class category,5f4909ef146efb4de3ab5bce07d15658fef5d126757033521700b1b45e7471a8,FROZEN_VIT_SVM,2026,False,AMD_DRY,0,0.5730484095218893,0.12134100757256659,0.3056105829055442
STARE_NORMAL_0021_a8a97366077a,NORMAL/im0238.png,NORMAL,NORMAL,Predefined folder label used as a rule-harmonized three-class category,a8a64a614eb8df3408b22ad6f21cfb439d2a5d006216e1fe6277d2911b53e75a,FROZEN_VIT_SVM,2026,False,NORMAL,1,0.22863144006686817,0.16212501292593035,0.6092435470072013
STARE_NORMAL_0022_7d403a344fb9,NORMAL/im0239.png,NORMAL,NORMAL,Predefined folder label used as a rule-harmonized three-class category,eb5a6ca738083158f1f644cbc6f6a1df1b54d11b438e8a9b79ba5f0c435cf63d,FROZEN_VIT_SVM,2026,False,NORMAL,1,0.00402207651804397,0.006704235064644749,0.9892736884173112
STARE_NORMAL_0023_47ed930d2f03,NORMAL/im0240.png,NORMAL,NORMAL,Predefined folder label used as a rule-harmonized three-class category,5fb8b1d5f3fe6585ad73dc399b90d469afacac14da43d19541c0e4d283c741d7,FROZEN_VIT_SVM,2026,False,NORMAL,1,0.0034554322391317986,0.003419428220025942,0.9931251395408424
STARE_NORMAL_0024_bb5cb2546ea1,NORMAL/im0241.png,NORMAL,NORMAL,Predefined folder label used as a rule-harmonized three-class category,76e76bf16fdfbd8909809773a537914810f675f5cd7b465919a2ac954784721d,FROZEN_VIT_SVM,2026,False,AMD_DRY,0,0.47869562328881304,0.1565865118620638,0.3647178648491233
STARE_NORMAL_0025_40962a17dfbb,NORMAL/im0252.png,NORMAL,NORMAL,Predefined folder label used as a rule-harmonized three-class category,9a8b2d7e790afb389f2e0cfebe109925e7f7e107f04786b6e9764be6baea5377,FROZEN_VIT_SVM,2026,False,AMD_WET,0,0.021991047166585776,0.47764580592253597,0.5003631469108782
STARE_NORMAL_0026_0e9ac8c7e0ab,NORMAL/im0253.png,NORMAL,NORMAL,Predefined folder label used as a rule-harmonized three-class category,88e1280e81b83f87b9d2004480a7abbaf39c31af89466d280a1398291118f320,FROZEN_VIT_SVM,2026,False,AMD_WET,0,0.30115541084172925,0.5873476644155643,0.11149692474270627
STARE_NORMAL_0027_a729417ea11b,NORMAL/im0254.png,NORMAL,NORMAL,Predefined folder label used as a rule-harmonized three-class category,b5bd3c6208c42d3375edc38f4316d86afbd9254e82b68a828c64dcc0315896df,FROZEN_VIT_SVM,2026,False,NORMAL,1,0.016670035823102836,0.03304220407363857,0.9502877601032587
STARE_NORMAL_0028_904d555e7186,NORMAL/im0255.png,NORMAL,NORMAL,Predefined folder label used as a rule-harmonized three-class category,359d311f41cc6fbcb2c742d40260e4db79f49e952b8c4f7d7fce7062d2ebad75,FROZEN_VIT_SVM,2026,False,NORMAL,1,0.0028932199366871673,0.0093762131301011,0.9877305669332117
STARE_NORMAL_0029_26e8fa5a34fb,NORMAL/im0278.png,NORMAL,NORMAL,Predefined folder label used as a rule-harmonized three-class category,bd1a0421f976637181ec6f3b282239391a5644af975394630aa4deca815e7c54,FROZEN_VIT_SVM,2026,False,AMD_WET,0,0.2724456109139736,0.6741311135194948,0.053423275566531474
STARE_AMD_DRY_0001_d263f50d89b2,AMD_DRY/im0006.png,AMD_DRY,AMD_DRY,Predefined folder label used as a rule-harmonized three-class category,07404fb4bd53b34ee25026662f3aa297e0556661c85da6cc611afc72690dd067,FROZEN_VIT_SVM,3407,False,AMD_WET,0,0.14735407403506245,0.801081423736694,0.051564502228243415
STARE_AMD_DRY_0002_229c41f2cf25,AMD_DRY/im0012.png,AMD_DRY,AMD_DRY,Predefined folder label used as a rule-harmonized three-class category,7ead02e3f48eb036c8e46131fa3c26573762533cf84bb586588ea1586b9a151a,FROZEN_VIT_SVM,3407,False,AMD_WET,0,0.07217875971103133,0.9089118580224875,0.018909382266481332
STARE_AMD_DRY_0003_d6d7c11dd912,AMD_DRY/im0015.png,AMD_DRY,AMD_DRY,Predefined folder label used as a rule-harmonized three-class category,a3e8437cae1948c95e2e91e75d8e33c016295d76bbd77a62d6066b602e77cde2,FROZEN_VIT_SVM,3407,False,AMD_WET,0,0.07389594457977845,0.6457948377520498,0.2803092176681717
STARE_AMD_DRY_0004_b06dde6ef269,AMD_DRY/im0046.png,AMD_DRY,AMD_DRY,Predefined folder label used as a rule-harmonized three-class category,02463d320cda2ff13bf3719d639973124b40fbd8b127cf778b4bf9af3be5ae26,FROZEN_VIT_SVM,3407,False,NORMAL,0,0.24741694625902344,0.01892015625036912,0.7336628974906075
STARE_AMD_DRY_0005_937e0f008180,AMD_DRY/im0063.png,AMD_DRY,AMD_DRY,Predefined folder label used as a rule-harmonized three-class category,4ecde88543ad41f537feab30920481af39418f67cbd4a0af6741557e269bc487,FROZEN_VIT_SVM,3407,False,AMD_DRY,1,0.49673268266786424,0.39511707240865945,0.10815024492347652
STARE_AMD_DRY_0006_cc78e90fdf44,AMD_DRY/im0066.png,AMD_DRY,AMD_DRY,Predefined folder label used as a rule-harmonized three-class category,2240107c1ed6c3fa19669456df1652a098850fd217eceba2630795b2aa8c49db,FROZEN_VIT_SVM,3407,False,AMD_WET,0,0.204069586209543,0.6901261634672973,0.10580425032315983
STARE_AMD_DRY_0007_1e4f490def47,AMD_DRY/im0068.png,AMD_DRY,AMD_DRY,Predefined folder label used as a rule-harmonized three-class category,6f526995077b937f5fea61e713f5c5ff158fe9505855bc2c1e026438d467aeb2,FROZEN_VIT_SVM,3407,False,AMD_DRY,1,0.8603424521927563,0.024038453216337064,0.11561909459090663
STARE_AMD_DRY_0008_c8d5b3bc7fd1,AMD_DRY/im0175.png,AMD_DRY,AMD_DRY,Predefined folder label used as a rule-harmonized three-class category,b9078b917d6bab1ba7794307d6de24878364c3a9a686638d18208e7508628339,FROZEN_VIT_SVM,3407,False,AMD_DRY,1,0.6664565002703741,0.2806029255637196,0.05294057416590636
STARE_AMD_DRY_0009_1b44b3f95920,AMD_DRY/im0193.png,AMD_DRY,AMD_DRY,Predefined folder label used as a rule-harmonized three-class category,432a8c9a1caf88b55bb56a507ac762d5b327717050fefc5be278fd4338c19f30,FROZEN_VIT_SVM,3407,False,AMD_DRY,1,0.7599703599647379,0.22281249527640118,0.0172171447588608
STARE_AMD_DRY_0010_831581454862,AMD_DRY/im0250.png,AMD_DRY,AMD_DRY,Predefined folder label used as a rule-harmonized three-class category,f0b0ea1b3c6b93f64fbaa5e5ce949029f0a1114170600a59727d7bb4ec12c5c3,FROZEN_VIT_SVM,3407,False,AMD_DRY,1,0.6763486804753019,0.15418856048288204,0.16946275904181587
STARE_AMD_DRY_0011_1f3e7a28dfdb,AMD_DRY/im0262.png,AMD_DRY,AMD_DRY,Predefined folder label used as a rule-harmonized three-class category,3e5597a19b733c677176fc433af21a35226f819671da0d09f5f5030e4f2b26b0,FROZEN_VIT_SVM,3407,False,AMD_WET,0,0.21820606114656454,0.5778800998421896,0.2039138390112459
STARE_AMD_DRY_0012_faa094e238d5,AMD_DRY/im0263.png,AMD_DRY,AMD_DRY,Predefined folder label used as a rule-harmonized three-class category,4db3e481700ec8db703d55c2fc73a741a76ee153011608264863a52740bc8fb1,FROZEN_VIT_SVM,3407,False,AMD_DRY,1,0.46169369214104533,0.19563787336403635,0.34266843449491846
STARE_AMD_DRY_0013_667486851e7b,AMD_DRY/im0264.png,AMD_DRY,AMD_DRY,Predefined folder label used as a rule-harmonized three-class category,8ebb345117e4ef7e9b7d36fb7c1cd4c4cf989442736ea0b46079b8871a4ea779,FROZEN_VIT_SVM,3407,False,AMD_DRY,1,0.7744475446662205,0.1893342777659805,0.0362181775677992
STARE_AMD_DRY_0014_77bca31945cf,AMD_DRY/im0265.png,AMD_DRY,AMD_DRY,Predefined folder label used as a rule-harmonized three-class category,ad1821d60e315daecf235929f70cf8f3dfde962469edb679592996b12f95db36,FROZEN_VIT_SVM,3407,False,AMD_DRY,1,0.43783373245362456,0.5260090792364032,0.03615718830997216
STARE_AMD_DRY_0015_9816ec7268cf,AMD_DRY/im0266.png,AMD_DRY,AMD_DRY,Predefined folder label used as a rule-harmonized three-class category,8d46fced829b536a3d2db2bd9333d6b33635c06e5252f1d4776f4162d18fc081,FROZEN_VIT_SVM,3407,False,AMD_WET,0,0.37964624785373485,0.607400277693759,0.012953474452505916
STARE_AMD_DRY_0016_b0cdd859d6ed,AMD_DRY/im0292.png,AMD_DRY,AMD_DRY,Predefined folder label used as a rule-harmonized three-class category,f5fe8b111acf618451880f97052f418600aeb562be4deb3abebfeb1c176a4b64,FROZEN_VIT_SVM,3407,False,AMD_WET,0,0.1380716789803868,0.8250326082860953,0.03689571273351811
STARE_AMD_DRY_0017_7456c8a0cd69,AMD_DRY/im0401.png,AMD_DRY,AMD_DRY,Predefined folder label used as a rule-harmonized three-class category,ba2d68ee6bbf1771c5b2d79805beaf8e46860cfb245819074ee4fd1f94de33bd,FROZEN_VIT_SVM,3407,False,AMD_WET,0,0.32663137390860825,0.5962760537962143,0.07709257229517727
STARE_AMD_DRY_0018_379873cbb1a2,AMD_DRY/im0402.png,AMD_DRY,AMD_DRY,Predefined folder label used as a rule-harmonized three-class category,14ed4022ab6157297273acaef2c6a656c74b45e826c5c81119024c9e089ae712,FROZEN_VIT_SVM,3407,False,AMD_WET,0,0.22076201281223232,0.7110200253045941,0.06821796188317365
STARE_AMD_WET_0001_4abb74838c2e,AMD_WET/im0007.png,AMD_WET,AMD_WET,Predefined folder label used as a rule-harmonized three-class category,43efff95090bce4ff7388809dd5f71ec968f84c8868f4597d50267e06f6a80ab,FROZEN_VIT_SVM,3407,False,AMD_WET,1,0.021113296978151494,0.9495701644752557,0.02931653854659301
STARE_AMD_WET_0002_364d7d338f60,AMD_WET/im0008.png,AMD_WET,AMD_WET,Predefined folder label used as a rule-harmonized three-class category,97947d82cf545207422cbd803d4dbc1a44338829d22d841b49f4bcfd305a70d3,FROZEN_VIT_SVM,3407,False,AMD_WET,1,0.024510986979143435,0.9688868106212543,0.006602202399602065
STARE_AMD_WET_0003_a3a1c9c56853,AMD_WET/im0011.png,AMD_WET,AMD_WET,Predefined folder label used as a rule-harmonized three-class category,e449e9fd863250088ca5750e581ca89d9a8be324a6dbe88334824697fb987a9e,FROZEN_VIT_SVM,3407,False,AMD_WET,1,2.8268768073454436e-06,0.9997516097782301,0.00024556334496265894
STARE_AMD_WET_0004_b1fbc6d203b8,AMD_WET/im0017.png,AMD_WET,AMD_WET,Predefined folder label used as a rule-harmonized three-class category,426c86d782efc552afc690378865191e61df5aa4ccd9bfe1f682174328a87cef,FROZEN_VIT_SVM,3407,False,AMD_WET,1,0.03844993345607687,0.9597478979539709,0.0018021685899522143
STARE_AMD_WET_0005_67527302d081,AMD_WET/im0034.png,AMD_WET,AMD_WET,Predefined folder label used as a rule-harmonized three-class category,03e98b766cd9c45837d9b19be05cd460593d335a3f8bdcc20b25fe6fce757879,FROZEN_VIT_SVM,3407,False,AMD_WET,1,0.015509846159220363,0.9770755073208987,0.007414646519880888
STARE_AMD_WET_0006_db064e8eb44c,AMD_WET/im0036.png,AMD_WET,AMD_WET,Predefined folder label used as a rule-harmonized three-class category,40ed5b10850dbe2cac6fa5ad0da28d12e14f3c03ba1d8656667cbeef1faefbb2,FROZEN_VIT_SVM,3407,False,AMD_WET,1,0.019017986000622194,0.9754141135538236,0.005567900445554215
STARE_AMD_WET_0007_5b7bee080dcd,AMD_WET/im0037.png,AMD_WET,AMD_WET,Predefined folder label used as a rule-harmonized three-class category,63a74787d05305a09f9daae4964e7f067306f3c4f6521a8c6fb2ade01e8cadf2,FROZEN_VIT_SVM,3407,False,AMD_WET,1,0.00554469838682486,0.9931903670578065,0.001264934555368843
STARE_AMD_WET_0008_ce070d9aedb0,AMD_WET/im0053.png,AMD_WET,AMD_WET,Predefined folder label used as a rule-harmonized three-class category,5bd3fdb5c8efcbe5bd534875a8ab9ced630474e6e6b3f6c7645ea7106028bb99,FROZEN_VIT_SVM,3407,False,AMD_WET,1,0.03349051507822208,0.9555442266416581,0.01096525828012013
STARE_AMD_WET_0009_7f040538c58a,AMD_WET/im0054.png,AMD_WET,AMD_WET,Predefined folder label used as a rule-harmonized three-class category,748a963e24d304d8145fac9e87991a1f4a2e8f8f9ec250a94e3b76c86bffd32f,FROZEN_VIT_SVM,3407,False,AMD_WET,1,0.007320413091247032,0.9915355135235532,0.0011440733851997575
STARE_AMD_WET_0010_f9748c7fccb6,AMD_WET/im0061.png,AMD_WET,AMD_WET,Predefined folder label used as a rule-harmonized three-class category,3618ee890a682dad4db87a0f55e8bb3e60e13889c98f32b5be93e86847dad88e,FROZEN_VIT_SVM,3407,False,AMD_WET,1,0.02721077309654514,0.9665727099547796,0.006216516948675498
STARE_AMD_WET_0011_685974b697be,AMD_WET/im0062.png,AMD_WET,AMD_WET,Predefined folder label used as a rule-harmonized three-class category,7f7de2b94bdba9e000b42e074aa5fdc898876c7c192460b346a01e5feb9c23bb,FROZEN_VIT_SVM,3407,False,AMD_WET,1,0.005801254268715365,0.9941048984386122,9.384729267228995e-05
STARE_AMD_WET_0012_b0e1926f7dfc,AMD_WET/im0083.png,AMD_WET,AMD_WET,Predefined folder label used as a rule-harmonized three-class category,ad9eac2b2d2369f5d8277bc425012ce4787c38b55081296e2d47b27874c9efa6,FROZEN_VIT_SVM,3407,False,AMD_WET,1,0.010972908262777957,0.9519492833801998,0.03707780835702229
STARE_AMD_WET_0013_e4e4377d057a,AMD_WET/im0084.png,AMD_WET,AMD_WET,Predefined folder label used as a rule-harmonized three-class category,6d3f7fb5846b79faf4e775d5f9f50891641312aa4903ba8e2842934a697819b7,FROZEN_VIT_SVM,3407,False,AMD_WET,1,0.013755875622798282,0.9763328603427717,0.009911264034430264
STARE_AMD_WET_0014_e880931c9146,AMD_WET/im0091.png,AMD_WET,AMD_WET,Predefined folder label used as a rule-harmonized three-class category,39d871a3e16f95b5048404122c29149267c6159c219c1d297bc9642257eb1492,FROZEN_VIT_SVM,3407,False,AMD_WET,1,0.012486397317305468,0.982812858282474,0.004700744400220177
STARE_AMD_WET_0015_25c7cf74080b,AMD_WET/im0092.png,AMD_WET,AMD_WET,Predefined folder label used as a rule-harmonized three-class category,15584a9280772911b2d202c8af1a671461257b3dca76e9fa46e972502b706de1,FROZEN_VIT_SVM,3407,False,AMD_WET,1,0.11591082467476188,0.8826852771776167,0.0014038981476213466
STARE_AMD_WET_0016_7f0eb389baee,AMD_WET/im0100.png,AMD_WET,AMD_WET,Predefined folder label used as a rule-harmonized three-class category,7bf274c7d773c817b4503ea8f88247bad16dd34eb8ce8dcc0c1b9f7f8c1a2ece,FROZEN_VIT_SVM,3407,False,NORMAL,0,0.024676927932718994,0.07643319137470501,0.8988898806925762
STARE_AMD_WET_0017_22cbd7234f5e,AMD_WET/im0101.png,AMD_WET,AMD_WET,Predefined folder label used as a rule-harmonized three-class category,a2e7d0814149deaffc104d661424651f7db5381d84c7456bb37dbe660241cd9f,FROZEN_VIT_SVM,3407,False,AMD_WET,1,0.07725250277571571,0.6899852443724428,0.23276225285184138
STARE_AMD_WET_0018_04d706241959,AMD_WET/im0103.png,AMD_WET,AMD_WET,Predefined folder label used as a rule-harmonized three-class category,7f2fd1dd0bb83282a3036f49680952a097afd5ab56e8f97fcf4d055f76830d66,FROZEN_VIT_SVM,3407,False,AMD_WET,1,0.02493331931358122,0.9714374887482774,0.003629191938141315
STARE_AMD_WET_0019_5add82a8671c,AMD_WET/im0104.png,AMD_WET,AMD_WET,Predefined folder label used as a rule-harmonized three-class category,8cd524a53014090924ea38e650597a8690329ca3a4a53cbafe5bf66a54e5b3da,FROZEN_VIT_SVM,3407,False,AMD_WET,1,0.01667735134740808,0.953717660640068,0.029604988012524043
STARE_AMD_WET_0020_0d6202ae9b41,AMD_WET/im0105.png,AMD_WET,AMD_WET,Predefined folder label used as a rule-harmonized three-class category,6adfaa348c4fefcf987d1345282b82d6344a49a72df761012fa6682216d3cd6d,FROZEN_VIT_SVM,3407,False,AMD_WET,1,0.06148090416962017,0.9245067910463336,0.014012304784046168
STARE_AMD_WET_0021_b244af1ee88b,AMD_WET/im0106.png,AMD_WET,AMD_WET,Predefined folder label used as a rule-harmonized three-class category,d7734c772af108c633197d99af226712ffdedf208de12e3401f1c0ff364bf415,FROZEN_VIT_SVM,3407,False,AMD_WET,1,0.11442707264611089,0.8289035423027776,0.05666938505111139
STARE_AMD_WET_0022_485b7e19dbb9,AMD_WET/im0110.png,AMD_WET,AMD_WET,Predefined folder label used as a rule-harmonized three-class category,4cf4d8a5431840b301a45b27517dc9e4f6c315af9a951ee7a9e7aecd8d1fff87,FROZEN_VIT_SVM,3407,False,AMD_WET,1,0.05754658408254517,0.9419731613227552,0.0004802545946995348
STARE_AMD_WET_0023_783924ab9d3e,AMD_WET/im0142.png,AMD_WET,AMD_WET,Predefined folder label used as a rule-harmonized three-class category,8652ae4720f76835d83600178ecd2d5ad364cff1aca2d5e6130f5a7edddbba86,FROZEN_VIT_SVM,3407,False,AMD_WET,1,0.024793314994937723,0.6644200589641948,0.3107866260408677
STARE_AMD_WET_0024_c037a55bcb6c,AMD_WET/im0143.png,AMD_WET,AMD_WET,Predefined folder label used as a rule-harmonized three-class category,3453e39c772c5bab740f6413943cb5f93f5fe08c9c343a854a625e0b402ddb6d,FROZEN_VIT_SVM,3407,False,AMD_WET,1,0.05159275468431722,0.9186248084826416,0.029782436833041166
STARE_AMD_WET_0025_98ec0df7bc68,AMD_WET/im0145.png,AMD_WET,AMD_WET,Predefined folder label used as a rule-harmonized three-class category,a5681525b97c4dca5f45ce5a5e1da936b07e025271f89ea246ff9b5dc6983440,FROZEN_VIT_SVM,3407,False,AMD_WET,1,0.0034456572513225044,0.9942300738100485,0.002324268938629278
STARE_AMD_WET_0026_2352e6cbeec6,AMD_WET/im0147.png,AMD_WET,AMD_WET,Predefined folder label used as a rule-harmonized three-class category,69c37425ca991739d3d10cbc578ac571c6a4e99322393a8713ba4eb848eb5502,FROZEN_VIT_SVM,3407,False,AMD_DRY,0,0.48294198127695553,0.5166669131891706,0.0003911055338737328
STARE_AMD_WET_0027_10d3c0ba4d12,AMD_WET/im0148.png,AMD_WET,AMD_WET,Predefined folder label used as a rule-harmonized three-class category,b4bcfa8a3773c76313794c74e7ae8e82c21615838abbebdffca7d3cdf2917e30,FROZEN_VIT_SVM,3407,False,AMD_WET,1,0.06840390820989758,0.9284862887320533,0.0031098030580493556
STARE_AMD_WET_0028_f46e77551412,AMD_WET/im0149.png,AMD_WET,AMD_WET,Predefined folder label used as a rule-harmonized three-class category,6f3fdbf773038c12c6e7c67386281b866491545eb6875000f674d23142bbd85c,FROZEN_VIT_SVM,3407,False,AMD_WET,1,0.007486218637235877,0.9920230582305198,0.0004907231322445438
STARE_AMD_WET_0029_dc7db43f95e6,AMD_WET/im0150.png,AMD_WET,AMD_WET,Predefined folder label used as a rule-harmonized three-class category,d908ec1498c17f64e75e8497e8397e759b2e133e69c4f86aad3f9e748c2c506d,FROZEN_VIT_SVM,3407,False,AMD_WET,1,0.23642329892363362,0.7023408520637898,0.06123584901257677
STARE_AMD_WET_0030_217ba81e51a4,AMD_WET/im0151.png,AMD_WET,AMD_WET,Predefined folder label used as a rule-harmonized three-class category,8426b239b4497a8d26c2eef041be117d86819413209f92ff27a35821cc98e7aa,FROZEN_VIT_SVM,3407,False,AMD_WET,1,0.028030928729941867,0.9537809546399357,0.018188116630122292
STARE_AMD_WET_0031_ea436d9c2155,AMD_WET/im0154.png,AMD_WET,AMD_WET,Predefined folder label used as a rule-harmonized three-class category,3e30820f11968c852328d7ce0e311f95a9d8e8d2aa4e967c54c7899bf05e78af,FROZEN_VIT_SVM,3407,False,AMD_WET,1,0.04023515562321609,0.9543416451015211,0.005423199275262613
STARE_AMD_WET_0032_82a866bf90e7,AMD_WET/im0158.png,AMD_WET,AMD_WET,Predefined folder label used as a rule-harmonized three-class category,acfeb121c561a1f48875b41496a49b0052e28623d3e80699cc5a5724b9caaf07,FROZEN_VIT_SVM,3407,False,AMD_WET,1,0.0032625831654683377,0.9913592944493793,0.005378122385152445
STARE_AMD_WET_0033_3f2dc2fca284,AMD_WET/im0162.png,AMD_WET,AMD_WET,Predefined folder label used as a rule-harmonized three-class category,72e00297ec08da2d035593fb29639d79d88f8b39cd0b42b787601000ef19feeb,FROZEN_VIT_SVM,3407,False,NORMAL,0,0.019724571958079497,0.18673880798556491,0.7935366200563555
STARE_AMD_WET_0034_8775b8a29b66,AMD_WET/im0163.png,AMD_WET,AMD_WET,Predefined folder label used as a rule-harmonized three-class category,d41b401024384b648248ed09f5d762674d085959b8e5dfe2162d01b4fd4c2ef0,FROZEN_VIT_SVM,3407,False,AMD_WET,1,0.13582977990238962,0.5175996723832949,0.34657054771431556
STARE_AMD_WET_0035_4c0db4ccf5a4,AMD_WET/im0164.png,AMD_WET,AMD_WET,Predefined folder label used as a rule-harmonized three-class category,fef2c9c937e4640ab7bc97fdf7248f5943b843bb46961d3b328303d0741a9ded,FROZEN_VIT_SVM,3407,False,AMD_WET,1,0.1736262597394086,0.7094102437130912,0.11696349654750036
STARE_AMD_WET_0036_c00e1422854e,AMD_WET/im0171.png,AMD_WET,AMD_WET,Predefined folder label used as a rule-harmonized three-class category,27508429504998fba48c98402a0c27ad4b52a8eb901a6560b94bcdfbe5f02b5e,FROZEN_VIT_SVM,3407,False,AMD_WET,1,0.0028428300853630085,0.9950365385623847,0.002120631352252155
STARE_AMD_WET_0037_f615feb0e70f,AMD_WET/im0172.png,AMD_WET,AMD_WET,Predefined folder label used as a rule-harmonized three-class category,ef627ca53ec6663be33e93ab56135bd86105368b41bd762ff33fdf721cd11f47,FROZEN_VIT_SVM,3407,False,AMD_WET,1,0.02452942504305886,0.9652303035938459,0.01024027136309509
STARE_AMD_WET_0038_f067b2299705,AMD_WET/im0259.png,AMD_WET,AMD_WET,Predefined folder label used as a rule-harmonized three-class category,3ddfc0b707bd98706b3d375e2f9b1b4d04b0b1d29819028e980a276a5e5931e8,FROZEN_VIT_SVM,3407,False,AMD_WET,1,0.09709617627829975,0.9017494071884238,0.001154416533276374
STARE_AMD_WET_0039_901400a328ea,AMD_WET/im0260.png,AMD_WET,AMD_WET,Predefined folder label used as a rule-harmonized three-class category,05dc807bfa30fa429de8d8b049ecafd790c32c2a559f9405882d54e63ea674a9,FROZEN_VIT_SVM,3407,False,AMD_WET,1,0.12097757322471492,0.7711278000193721,0.10789462675591281
STARE_AMD_WET_0040_a363219f11d0,AMD_WET/im0268.png,AMD_WET,AMD_WET,Predefined folder label used as a rule-harmonized three-class category,35888c752846e3adb3516a194fcd44f813a0bb0346a881c9cce8d8f88ed976a9,FROZEN_VIT_SVM,3407,False,AMD_WET,1,3.1181452547411944e-06,0.9995691889217021,0.00042769293304326615
STARE_AMD_WET_0041_690c73b63336,AMD_WET/im0269.png,AMD_WET,AMD_WET,Predefined folder label used as a rule-harmonized three-class category,2f075a6a797e24f97921a61f679e1ae0ab73ad90d36632093ec7750205784168,FROZEN_VIT_SVM,3407,False,AMD_WET,1,0.0020571355640971625,0.9976483452500021,0.00029451918590081555
STARE_AMD_WET_0042_69540105ba9b,AMD_WET/im0270.png,AMD_WET,AMD_WET,Predefined folder label used as a rule-harmonized three-class category,76d593aa16b8092375d9df1f1daf3d05a70f0f95019bb2ea6fbe2b633a712e52,FROZEN_VIT_SVM,3407,False,AMD_WET,1,0.017744899321961563,0.9817212905945016,0.0005338100835368059
STARE_AMD_WET_0043_4ed7714513bd,AMD_WET/im0375.png,AMD_WET,AMD_WET,Predefined folder label used as a rule-harmonized three-class category,3285ead4943823ab422def9a6ba9ce19f6cb90266b55ca36873af16cbe14d4cd,FROZEN_VIT_SVM,3407,False,AMD_WET,1,0.04296192847170671,0.8954113948758988,0.0616266766523944
STARE_AMD_WET_0044_1eca6ca88367,AMD_WET/im0376.png,AMD_WET,AMD_WET,Predefined folder label used as a rule-harmonized three-class category,2e9e22db7a9b5246621d6f46a9eb6ba71e7cbaee0e7407aeec5a40204eebd0d2,FROZEN_VIT_SVM,3407,False,AMD_WET,1,0.003122131646819303,0.8069116445662357,0.18996622378694497
STARE_AMD_WET_0045_a7ac74c12223,AMD_WET/im0377.png,AMD_WET,AMD_WET,Predefined folder label used as a rule-harmonized three-class category,fc69ff53cc325cd060f4424c0f95424e90716f5143248286ab8a235f2adb238d,FROZEN_VIT_SVM,3407,False,NORMAL,0,0.0017695949121717767,0.009701038693756945,0.9885293663940714
STARE_AMD_WET_0046_930a5d6ef337,AMD_WET/im0378.png,AMD_WET,AMD_WET,Predefined folder label used as a rule-harmonized three-class category,938e4f4d27b037c2468b2acd649d075f6b8a232dd58c4bab39f9802478c3d099,FROZEN_VIT_SVM,3407,False,AMD_WET,1,0.028666120362596716,0.9107530473770542,0.060580832260349056
STARE_AMD_WET_0047_33adc64edf0e,AMD_WET/im0379.png,AMD_WET,AMD_WET,Predefined folder label used as a rule-harmonized three-class category,f56238dd685cc66e4d92d338b424d0a61d475111ba3e3cb9a73b26b1356ab412,FROZEN_VIT_SVM,3407,False,AMD_WET,1,0.1465826312291844,0.7769837093438952,0.07643365942692013
STARE_AMD_WET_0048_06963c6124c6,AMD_WET/im0380.png,AMD_WET,AMD_WET,Predefined folder label used as a rule-harmonized three-class category,7a673e54c6ffc0e1423acafccc440d30bda225ac2b2a446b0c50091c02f8a9ac,FROZEN_VIT_SVM,3407,False,AMD_WET,1,0.05144454264895281,0.9311045263682717,0.01745093098277573
STARE_AMD_WET_0049_9bf3d111a53d,AMD_WET/im0381.png,AMD_WET,AMD_WET,Predefined folder label used as a rule-harmonized three-class category,83ab520e218e344b07e97523c41262b626658654defdf671c0a15aafa62d69dc,FROZEN_VIT_SVM,3407,False,AMD_WET,1,0.07965015346366486,0.6954647473970721,0.22488509913926302
STARE_AMD_WET_0050_e8a530fce5a2,AMD_WET/im0382.png,AMD_WET,AMD_WET,Predefined folder label used as a rule-harmonized three-class category,2a5f5949d58920bc4640f201a952752009f04984297e630fb2cc08bf28633614,FROZEN_VIT_SVM,3407,False,AMD_DRY,0,0.45764174573223004,0.5360387669894465,0.00631948727832351
STARE_AMD_WET_0051_482de20e4e3b,AMD_WET/im0383.png,AMD_WET,AMD_WET,Predefined folder label used as a rule-harmonized three-class category,35e60c03d2808a6df90a4a6e87a30a54599dab57e027eb19fd2161d8b24bde2b,FROZEN_VIT_SVM,3407,False,AMD_WET,1,0.17550536901346314,0.7617205843615497,0.06277404662498717
STARE_AMD_WET_0052_d1204ef9efbf,AMD_WET/im0384.png,AMD_WET,AMD_WET,Predefined folder label used as a rule-harmonized three-class category,dbc8302f2327e1d4813cc03c89406f01c2f5a4e5c1926c01053b54d77c00e7f8,FROZEN_VIT_SVM,3407,False,AMD_WET,1,0.05237621690218485,0.8132205636171209,0.1344032194806943
STARE_AMD_WET_0053_a654eff73804,AMD_WET/im0385.png,AMD_WET,AMD_WET,Predefined folder label used as a rule-harmonized three-class category,7cf72f7ef7a41de0d1156ce7f03b44973bdd92a1a1b2b99ff8a77647ba54ed25,FROZEN_VIT_SVM,3407,False,AMD_WET,1,0.004250104551000332,0.9896180380021761,0.006131857446823487
STARE_NORMAL_0001_bcb949751692,NORMAL/im0032.png,NORMAL,NORMAL,Predefined folder label used as a rule-harmonized three-class category,62e879df0174360b7ae75d1c10991e5b696428f0facbf09043a5cbd406b67599,FROZEN_VIT_SVM,3407,False,NORMAL,1,0.01141635477500017,0.026297220176508436,0.9622864250484915
STARE_NORMAL_0002_5dc0f880fbb0,NORMAL/im0035.png,NORMAL,NORMAL,Predefined folder label used as a rule-harmonized three-class category,e37c8438fcce197544ae71f483ab8997c91457351e6d5a1477f8a14afc1a2a4e,FROZEN_VIT_SVM,3407,False,AMD_WET,0,0.25536401976538947,0.5768462538220912,0.16778972641251907
STARE_NORMAL_0003_af8dffaab8e8,NORMAL/im0076.png,NORMAL,NORMAL,Predefined folder label used as a rule-harmonized three-class category,6f6ca7f36384eb7df2ffeac7b66373ce318a74b3ff5aad4db689649dd0bfd7cd,FROZEN_VIT_SVM,3407,False,NORMAL,1,3.292320853210007e-07,3.1288431872209265e-07,0.9999993578835958
STARE_NORMAL_0004_a7c8b54fa43f,NORMAL/im0077.png,NORMAL,NORMAL,Predefined folder label used as a rule-harmonized three-class category,09e643596a6f4780adffefeeee2bd8d87372f8ace5fb1793dd127ad485a62af7,FROZEN_VIT_SVM,3407,False,NORMAL,1,0.04197525136835609,0.0858829584875791,0.8721417901440647
STARE_NORMAL_0005_9545e76ea708,NORMAL/im0080.png,NORMAL,NORMAL,Predefined folder label used as a rule-harmonized three-class category,2d1c47abfa3a52970bea03740f7ed219245b4a8ee2f559b833335ed69bf49628,FROZEN_VIT_SVM,3407,False,AMD_WET,0,0.3135687361350976,0.5072788978690775,0.1791523659958248
STARE_NORMAL_0006_a0954f383019,NORMAL/im0081.png,NORMAL,NORMAL,Predefined folder label used as a rule-harmonized three-class category,4baf8ebb88eca8082da1e458c72c9fe393ff8e5ec16e91175432bed19627aa1d,FROZEN_VIT_SVM,3407,False,NORMAL,1,0.05181743549229772,0.3824813972151407,0.5657011672925617
STARE_NORMAL_0007_5980e3b87e9e,NORMAL/im0082.png,NORMAL,NORMAL,Predefined folder label used as a rule-harmonized three-class category,2884006bfa703a7117eed97da8d82ae7b5bb529685b56fd91142f027c32fd415,FROZEN_VIT_SVM,3407,False,NORMAL,1,0.023306676765099694,0.052191646143616516,0.9245016770912838
STARE_NORMAL_0008_67b0b3d6d1f2,NORMAL/im0119.png,NORMAL,NORMAL,Predefined folder label used as a rule-harmonized three-class category,6150b14dd0d0dd390bcf1e364e4389f2cf4e03392b886b57173ec61b5681404b,FROZEN_VIT_SVM,3407,False,NORMAL,1,0.019106369519175364,0.2899353516935186,0.6909582787873059
STARE_NORMAL_0009_6a65823b5152,NORMAL/im0120.png,NORMAL,NORMAL,Predefined folder label used as a rule-harmonized three-class category,bcde9855e79ec1b7af4d668ae77ded4f721959afbdecb43b7674a061234cd473,FROZEN_VIT_SVM,3407,False,NORMAL,1,0.008991209561419713,0.07873657403693061,0.9122722164016497
STARE_NORMAL_0010_288860135381,NORMAL/im0170.png,NORMAL,NORMAL,Predefined folder label used as a rule-harmonized three-class category,a35491abd3cdf67d5011dbd78bf89a4d93c4ee0d613994338ee88050813d95ea,FROZEN_VIT_SVM,3407,False,NORMAL,1,0.043798423279709245,0.1637981291472737,0.7924034475730172
STARE_NORMAL_0011_adb7788e4f81,NORMAL/im0190.png,NORMAL,NORMAL,Predefined folder label used as a rule-harmonized three-class category,c750838f7b3cdbb4d7456a56e0bf87f36dfaf5db349e036b972ccaab23d00c21,FROZEN_VIT_SVM,3407,False,NORMAL,1,0.00027129727217319754,0.011258885063345964,0.9884698176644808
STARE_NORMAL_0012_88861f2bdfe4,NORMAL/im0198.png,NORMAL,NORMAL,Predefined folder label used as a rule-harmonized three-class category,87add79ee388d59aa87622a56d873fd8d360f85d7bf6a50a21d3c0a0b41ae571,FROZEN_VIT_SVM,3407,False,NORMAL,1,0.2687499341371526,0.06086159851079709,0.6703884673520503
STARE_NORMAL_0013_c303b9fa8118,NORMAL/im0199.png,NORMAL,NORMAL,Predefined folder label used as a rule-harmonized three-class category,453319f57d81ffb75d5a6d623d221956b7612f662aedf38ea3f810765b18394d,FROZEN_VIT_SVM,3407,False,NORMAL,1,0.021235491325124974,0.15541233321434722,0.8233521754605275
STARE_NORMAL_0014_4235d006c6c5,NORMAL/im0216.png,NORMAL,NORMAL,Predefined folder label used as a rule-harmonized three-class category,e3c533d5cdda64345e0dd8c7df973d1ffcf27ba72bd3260e888f7050ec8b8864,FROZEN_VIT_SVM,3407,False,NORMAL,1,0.09160878630204225,0.07095391501582075,0.8374372986821372
STARE_NORMAL_0015_3ec130b0c8aa,NORMAL/im0219.png,NORMAL,NORMAL,Predefined folder label used as a rule-harmonized three-class category,5319f005326e3766c0f7cd49defd75b26089ea46ae1984d7877bbda6fbf0f5b9,FROZEN_VIT_SVM,3407,False,NORMAL,1,0.0007437408819748083,0.007665845406267443,0.9915904137117579
STARE_NORMAL_0016_a5dd62b18f81,NORMAL/im0231.png,NORMAL,NORMAL,Predefined folder label used as a rule-harmonized three-class category,69e9a35b9cef4038cc12fc6533b15395e80f631dbd5088442a0ec6af0c77ccff,FROZEN_VIT_SVM,3407,False,AMD_WET,0,0.2514961631649364,0.536895239595624,0.21160859723943953
STARE_NORMAL_0017_f2351c6ce9fa,NORMAL/im0234.png,NORMAL,NORMAL,Predefined folder label used as a rule-harmonized three-class category,5558231804283e500c7b1867373702abafe24e462b5c21118a896a6130732122,FROZEN_VIT_SVM,3407,False,NORMAL,1,0.07321899742179526,0.19320946212610768,0.7335715404520972
STARE_NORMAL_0018_4bb8a01681a3,NORMAL/im0235.png,NORMAL,NORMAL,Predefined folder label used as a rule-harmonized three-class category,3809fd30b63a0d911aec81ae9eac6ebba104db3075fed8c8b109f3e379a09528,FROZEN_VIT_SVM,3407,False,NORMAL,1,0.08482568057979009,0.26363561921530304,0.6515387002049068
STARE_NORMAL_0019_d06a1b708664,NORMAL/im0236.png,NORMAL,NORMAL,Predefined folder label used as a rule-harmonized three-class category,aa35e55e4281f566394437f6552842612810d3df0f21dd38952ff0bf0fb3fe52,FROZEN_VIT_SVM,3407,False,AMD_WET,0,0.06164840294638777,0.6430880495267005,0.2952635475269118
STARE_NORMAL_0020_80b19c79855d,NORMAL/im0237.png,NORMAL,NORMAL,Predefined folder label used as a rule-harmonized three-class category,5f4909ef146efb4de3ab5bce07d15658fef5d126757033521700b1b45e7471a8,FROZEN_VIT_SVM,3407,False,AMD_DRY,0,0.5198500560955557,0.15623865919459134,0.32391128470985314
STARE_NORMAL_0021_a8a97366077a,NORMAL/im0238.png,NORMAL,NORMAL,Predefined folder label used as a rule-harmonized three-class category,a8a64a614eb8df3408b22ad6f21cfb439d2a5d006216e1fe6277d2911b53e75a,FROZEN_VIT_SVM,3407,False,NORMAL,1,0.17299982677942496,0.19913574339374296,0.627864429826832
STARE_NORMAL_0022_7d403a344fb9,NORMAL/im0239.png,NORMAL,NORMAL,Predefined folder label used as a rule-harmonized three-class category,eb5a6ca738083158f1f644cbc6f6a1df1b54d11b438e8a9b79ba5f0c435cf63d,FROZEN_VIT_SVM,3407,False,NORMAL,1,0.0017584032781958287,0.007562070971558585,0.9906795257502455
STARE_NORMAL_0023_47ed930d2f03,NORMAL/im0240.png,NORMAL,NORMAL,Predefined folder label used as a rule-harmonized three-class category,5fb8b1d5f3fe6585ad73dc399b90d469afacac14da43d19541c0e4d283c741d7,FROZEN_VIT_SVM,3407,False,NORMAL,1,0.0012739798278176703,0.003313092237317834,0.9954129279348647
STARE_NORMAL_0024_bb5cb2546ea1,NORMAL/im0241.png,NORMAL,NORMAL,Predefined folder label used as a rule-harmonized three-class category,76e76bf16fdfbd8909809773a537914810f675f5cd7b465919a2ac954784721d,FROZEN_VIT_SVM,3407,False,AMD_DRY,0,0.4132840239719942,0.18014060987264616,0.40657536615535994
STARE_NORMAL_0025_40962a17dfbb,NORMAL/im0252.png,NORMAL,NORMAL,Predefined folder label used as a rule-harmonized three-class category,9a8b2d7e790afb389f2e0cfebe109925e7f7e107f04786b6e9764be6baea5377,FROZEN_VIT_SVM,3407,False,NORMAL,1,0.015851720245709657,0.4308494584156935,0.5532988213385966
STARE_NORMAL_0026_0e9ac8c7e0ab,NORMAL/im0253.png,NORMAL,NORMAL,Predefined folder label used as a rule-harmonized three-class category,88e1280e81b83f87b9d2004480a7abbaf39c31af89466d280a1398291118f320,FROZEN_VIT_SVM,3407,False,AMD_WET,0,0.2139005943325135,0.6777397461536586,0.10835965951382795
STARE_NORMAL_0027_a729417ea11b,NORMAL/im0254.png,NORMAL,NORMAL,Predefined folder label used as a rule-harmonized three-class category,b5bd3c6208c42d3375edc38f4316d86afbd9254e82b68a828c64dcc0315896df,FROZEN_VIT_SVM,3407,False,NORMAL,1,0.009706196709819342,0.029035510309408787,0.961258292980772
STARE_NORMAL_0028_904d555e7186,NORMAL/im0255.png,NORMAL,NORMAL,Predefined folder label used as a rule-harmonized three-class category,359d311f41cc6fbcb2c742d40260e4db79f49e952b8c4f7d7fce7062d2ebad75,FROZEN_VIT_SVM,3407,False,NORMAL,1,0.0011243429132005921,0.010494276618289547,0.9883813804685098
STARE_NORMAL_0029_26e8fa5a34fb,NORMAL/im0278.png,NORMAL,NORMAL,Predefined folder label used as a rule-harmonized three-class category,bd1a0421f976637181ec6f3b282239391a5644af975394630aa4deca815e7c54,FROZEN_VIT_SVM,3407,False,AMD_WET,0,0.18901978083724058,0.7615812073491337,0.04939901181362577
STARE_AMD_DRY_0001_d263f50d89b2,AMD_DRY/im0006.png,AMD_DRY,AMD_DRY,Predefined folder label used as a rule-harmonized three-class category,07404fb4bd53b34ee25026662f3aa297e0556661c85da6cc611afc72690dd067,FROZEN_VIT_SVM,7777,False,AMD_WET,0,0.29524790100341186,0.6385932444007536,0.06615885459583475
STARE_AMD_DRY_0002_229c41f2cf25,AMD_DRY/im0012.png,AMD_DRY,AMD_DRY,Predefined folder label used as a rule-harmonized three-class category,7ead02e3f48eb036c8e46131fa3c26573762533cf84bb586588ea1586b9a151a,FROZEN_VIT_SVM,7777,False,AMD_WET,0,0.1608546074031871,0.8078442711758049,0.03130112142100813
STARE_AMD_DRY_0003_d6d7c11dd912,AMD_DRY/im0015.png,AMD_DRY,AMD_DRY,Predefined folder label used as a rule-harmonized three-class category,a3e8437cae1948c95e2e91e75d8e33c016295d76bbd77a62d6066b602e77cde2,FROZEN_VIT_SVM,7777,False,AMD_WET,0,0.13283895254950387,0.5239472646161932,0.3432137828343028
STARE_AMD_DRY_0004_b06dde6ef269,AMD_DRY/im0046.png,AMD_DRY,AMD_DRY,Predefined folder label used as a rule-harmonized three-class category,02463d320cda2ff13bf3719d639973124b40fbd8b127cf778b4bf9af3be5ae26,FROZEN_VIT_SVM,7777,False,NORMAL,0,0.28042889848953395,0.013290549463659157,0.7062805520468068
STARE_AMD_DRY_0005_937e0f008180,AMD_DRY/im0063.png,AMD_DRY,AMD_DRY,Predefined folder label used as a rule-harmonized three-class category,4ecde88543ad41f537feab30920481af39418f67cbd4a0af6741557e269bc487,FROZEN_VIT_SVM,7777,False,AMD_DRY,1,0.671107816550614,0.22456109419441486,0.10433108925497113
STARE_AMD_DRY_0006_cc78e90fdf44,AMD_DRY/im0066.png,AMD_DRY,AMD_DRY,Predefined folder label used as a rule-harmonized three-class category,2240107c1ed6c3fa19669456df1652a098850fd217eceba2630795b2aa8c49db,FROZEN_VIT_SVM,7777,False,AMD_WET,0,0.4037128347617487,0.4713868733891026,0.12490029184914853
STARE_AMD_DRY_0007_1e4f490def47,AMD_DRY/im0068.png,AMD_DRY,AMD_DRY,Predefined folder label used as a rule-harmonized three-class category,6f526995077b937f5fea61e713f5c5ff158fe9505855bc2c1e026438d467aeb2,FROZEN_VIT_SVM,7777,False,AMD_DRY,1,0.8863731699316957,0.011822755774329403,0.10180407429397502
STARE_AMD_DRY_0008_c8d5b3bc7fd1,AMD_DRY/im0175.png,AMD_DRY,AMD_DRY,Predefined folder label used as a rule-harmonized three-class category,b9078b917d6bab1ba7794307d6de24878364c3a9a686638d18208e7508628339,FROZEN_VIT_SVM,7777,False,AMD_DRY,1,0.837072263047026,0.12044647768307999,0.04248125926989414
STARE_AMD_DRY_0009_1b44b3f95920,AMD_DRY/im0193.png,AMD_DRY,AMD_DRY,Predefined folder label used as a rule-harmonized three-class category,432a8c9a1caf88b55bb56a507ac762d5b327717050fefc5be278fd4338c19f30,FROZEN_VIT_SVM,7777,False,AMD_DRY,1,0.8786571195065436,0.10678098621538533,0.014561894278071209
STARE_AMD_DRY_0010_831581454862,AMD_DRY/im0250.png,AMD_DRY,AMD_DRY,Predefined folder label used as a rule-harmonized three-class category,f0b0ea1b3c6b93f64fbaa5e5ce949029f0a1114170600a59727d7bb4ec12c5c3,FROZEN_VIT_SVM,7777,False,AMD_DRY,1,0.746472094215177,0.08504800929974517,0.1684798964850778
STARE_AMD_DRY_0011_1f3e7a28dfdb,AMD_DRY/im0262.png,AMD_DRY,AMD_DRY,Predefined folder label used as a rule-harmonized three-class category,3e5597a19b733c677176fc433af21a35226f819671da0d09f5f5030e4f2b26b0,FROZEN_VIT_SVM,7777,False,AMD_DRY,1,0.40996523178589067,0.31149589433827934,0.27853887387583
STARE_AMD_DRY_0012_faa094e238d5,AMD_DRY/im0263.png,AMD_DRY,AMD_DRY,Predefined folder label used as a rule-harmonized three-class category,4db3e481700ec8db703d55c2fc73a741a76ee153011608264863a52740bc8fb1,FROZEN_VIT_SVM,7777,False,AMD_DRY,1,0.5482079456883628,0.11496082569630106,0.3368312286153361
STARE_AMD_DRY_0013_667486851e7b,AMD_DRY/im0264.png,AMD_DRY,AMD_DRY,Predefined folder label used as a rule-harmonized three-class category,8ebb345117e4ef7e9b7d36fb7c1cd4c4cf989442736ea0b46079b8871a4ea779,FROZEN_VIT_SVM,7777,False,AMD_DRY,1,0.905568653868157,0.061680688500203806,0.03275065763163932
STARE_AMD_DRY_0014_77bca31945cf,AMD_DRY/im0265.png,AMD_DRY,AMD_DRY,Predefined folder label used as a rule-harmonized three-class category,ad1821d60e315daecf235929f70cf8f3dfde962469edb679592996b12f95db36,FROZEN_VIT_SVM,7777,False,AMD_DRY,1,0.6762193031947721,0.2856702818447696,0.038110414960458486
STARE_AMD_DRY_0015_9816ec7268cf,AMD_DRY/im0266.png,AMD_DRY,AMD_DRY,Predefined folder label used as a rule-harmonized three-class category,8d46fced829b536a3d2db2bd9333d6b33635c06e5252f1d4776f4162d18fc081,FROZEN_VIT_SVM,7777,False,AMD_DRY,1,0.6281365045023178,0.3584450598244258,0.013418435673256188
STARE_AMD_DRY_0016_b0cdd859d6ed,AMD_DRY/im0292.png,AMD_DRY,AMD_DRY,Predefined folder label used as a rule-harmonized three-class category,f5fe8b111acf618451880f97052f418600aeb562be4deb3abebfeb1c176a4b64,FROZEN_VIT_SVM,7777,False,AMD_WET,0,0.2736114135104807,0.6757482293333318,0.05064035715618777
STARE_AMD_DRY_0017_7456c8a0cd69,AMD_DRY/im0401.png,AMD_DRY,AMD_DRY,Predefined folder label used as a rule-harmonized three-class category,ba2d68ee6bbf1771c5b2d79805beaf8e46860cfb245819074ee4fd1f94de33bd,FROZEN_VIT_SVM,7777,False,AMD_DRY,1,0.5658748817734421,0.3505092593552062,0.08361585887135149
STARE_AMD_DRY_0018_379873cbb1a2,AMD_DRY/im0402.png,AMD_DRY,AMD_DRY,Predefined folder label used as a rule-harmonized three-class category,14ed4022ab6157297273acaef2c6a656c74b45e826c5c81119024c9e089ae712,FROZEN_VIT_SVM,7777,False,AMD_WET,0,0.4215697239296475,0.5006110337051953,0.07781924236515729
STARE_AMD_WET_0001_4abb74838c2e,AMD_WET/im0007.png,AMD_WET,AMD_WET,Predefined folder label used as a rule-harmonized three-class category,43efff95090bce4ff7388809dd5f71ec968f84c8868f4597d50267e06f6a80ab,FROZEN_VIT_SVM,7777,False,AMD_WET,1,0.03733895141435902,0.9194903033118201,0.04317074527382081
STARE_AMD_WET_0002_364d7d338f60,AMD_WET/im0008.png,AMD_WET,AMD_WET,Predefined folder label used as a rule-harmonized three-class category,97947d82cf545207422cbd803d4dbc1a44338829d22d841b49f4bcfd305a70d3,FROZEN_VIT_SVM,7777,False,AMD_WET,1,0.07576342713321266,0.9129568113848331,0.011279761481954326
STARE_AMD_WET_0003_a3a1c9c56853,AMD_WET/im0011.png,AMD_WET,AMD_WET,Predefined folder label used as a rule-harmonized three-class category,e449e9fd863250088ca5750e581ca89d9a8be324a6dbe88334824697fb987a9e,FROZEN_VIT_SVM,7777,False,AMD_WET,1,0.002933640970056756,0.996670395487118,0.000395963542825151
STARE_AMD_WET_0004_b1fbc6d203b8,AMD_WET/im0017.png,AMD_WET,AMD_WET,Predefined folder label used as a rule-harmonized three-class category,426c86d782efc552afc690378865191e61df5aa4ccd9bfe1f682174328a87cef,FROZEN_VIT_SVM,7777,False,AMD_WET,1,0.09393406407489412,0.9032386750851734,0.0028272608399325075
STARE_AMD_WET_0005_67527302d081,AMD_WET/im0034.png,AMD_WET,AMD_WET,Predefined folder label used as a rule-harmonized three-class category,03e98b766cd9c45837d9b19be05cd460593d335a3f8bdcc20b25fe6fce757879,FROZEN_VIT_SVM,7777,False,AMD_WET,1,0.03921047887425343,0.9495798845510269,0.011209636574719661
STARE_AMD_WET_0006_db064e8eb44c,AMD_WET/im0036.png,AMD_WET,AMD_WET,Predefined folder label used as a rule-harmonized three-class category,40ed5b10850dbe2cac6fa5ad0da28d12e14f3c03ba1d8656667cbeef1faefbb2,FROZEN_VIT_SVM,7777,False,AMD_WET,1,0.03788600884810649,0.9547577509394267,0.0073562402124667855
STARE_AMD_WET_0007_5b7bee080dcd,AMD_WET/im0037.png,AMD_WET,AMD_WET,Predefined folder label used as a rule-harmonized three-class category,63a74787d05305a09f9daae4964e7f067306f3c4f6521a8c6fb2ade01e8cadf2,FROZEN_VIT_SVM,7777,False,AMD_WET,1,0.012403419056775191,0.9856715352720937,0.0019250456711309596
STARE_AMD_WET_0008_ce070d9aedb0,AMD_WET/im0053.png,AMD_WET,AMD_WET,Predefined folder label used as a rule-harmonized three-class category,5bd3fdb5c8efcbe5bd534875a8ab9ced630474e6e6b3f6c7645ea7106028bb99,FROZEN_VIT_SVM,7777,False,AMD_WET,1,0.09733459365692798,0.8851987321271614,0.01746667421591037
STARE_AMD_WET_0009_7f040538c58a,AMD_WET/im0054.png,AMD_WET,AMD_WET,Predefined folder label used as a rule-harmonized three-class category,748a963e24d304d8145fac9e87991a1f4a2e8f8f9ec250a94e3b76c86bffd32f,FROZEN_VIT_SVM,7777,False,AMD_WET,1,0.027491631515408652,0.9706200960566866,0.0018882724279049331
STARE_AMD_WET_0010_f9748c7fccb6,AMD_WET/im0061.png,AMD_WET,AMD_WET,Predefined folder label used as a rule-harmonized three-class category,3618ee890a682dad4db87a0f55e8bb3e60e13889c98f32b5be93e86847dad88e,FROZEN_VIT_SVM,7777,False,AMD_WET,1,0.06363110079822307,0.9272631119492294,0.009105787252547516
STARE_AMD_WET_0011_685974b697be,AMD_WET/im0062.png,AMD_WET,AMD_WET,Predefined folder label used as a rule-harmonized three-class category,7f7de2b94bdba9e000b42e074aa5fdc898876c7c192460b346a01e5feb9c23bb,FROZEN_VIT_SVM,7777,False,AMD_WET,1,0.017125097826848443,0.9827078685506072,0.0001670336225440235
STARE_AMD_WET_0012_b0e1926f7dfc,AMD_WET/im0083.png,AMD_WET,AMD_WET,Predefined folder label used as a rule-harmonized three-class category,ad9eac2b2d2369f5d8277bc425012ce4787c38b55081296e2d47b27874c9efa6,FROZEN_VIT_SVM,7777,False,AMD_WET,1,0.023428242736578217,0.9273356609965325,0.0492360962668892
STARE_AMD_WET_0013_e4e4377d057a,AMD_WET/im0084.png,AMD_WET,AMD_WET,Predefined folder label used as a rule-harmonized three-class category,6d3f7fb5846b79faf4e775d5f9f50891641312aa4903ba8e2842934a697819b7,FROZEN_VIT_SVM,7777,False,AMD_WET,1,0.039309087622692,0.947013797232261,0.01367711514504692
STARE_AMD_WET_0014_e880931c9146,AMD_WET/im0091.png,AMD_WET,AMD_WET,Predefined folder label used as a rule-harmonized three-class category,39d871a3e16f95b5048404122c29149267c6159c219c1d297bc9642257eb1492,FROZEN_VIT_SVM,7777,False,AMD_WET,1,0.024683264928774953,0.968585089495706,0.00673164557551911
STARE_AMD_WET_0015_25c7cf74080b,AMD_WET/im0092.png,AMD_WET,AMD_WET,Predefined folder label used as a rule-harmonized three-class category,15584a9280772911b2d202c8af1a671461257b3dca76e9fa46e972502b706de1,FROZEN_VIT_SVM,7777,False,AMD_WET,1,0.24126694512856606,0.7567383728607862,0.0019946820106479532
STARE_AMD_WET_0016_7f0eb389baee,AMD_WET/im0100.png,AMD_WET,AMD_WET,Predefined folder label used as a rule-harmonized three-class category,7bf274c7d773c817b4503ea8f88247bad16dd34eb8ce8dcc0c1b9f7f8c1a2ece,FROZEN_VIT_SVM,7777,False,NORMAL,0,0.032160380235460424,0.06786310704116509,0.8999765127233746
STARE_AMD_WET_0017_22cbd7234f5e,AMD_WET/im0101.png,AMD_WET,AMD_WET,Predefined folder label used as a rule-harmonized three-class category,a2e7d0814149deaffc104d661424651f7db5381d84c7456bb37dbe660241cd9f,FROZEN_VIT_SVM,7777,False,AMD_WET,1,0.13783221658456257,0.5925575397495176,0.2696102436659196
STARE_AMD_WET_0018_04d706241959,AMD_WET/im0103.png,AMD_WET,AMD_WET,Predefined folder label used as a rule-harmonized three-class category,7f2fd1dd0bb83282a3036f49680952a097afd5ab56e8f97fcf4d055f76830d66,FROZEN_VIT_SVM,7777,False,AMD_WET,1,0.0563038695160473,0.9384076196654392,0.005288510818513707
STARE_AMD_WET_0019_5add82a8671c,AMD_WET/im0104.png,AMD_WET,AMD_WET,Predefined folder label used as a rule-harmonized three-class category,8cd524a53014090924ea38e650597a8690329ca3a4a53cbafe5bf66a54e5b3da,FROZEN_VIT_SVM,7777,False,AMD_WET,1,0.035266062184623706,0.9228652400985615,0.041868697716814965
STARE_AMD_WET_0020_0d6202ae9b41,AMD_WET/im0105.png,AMD_WET,AMD_WET,Predefined folder label used as a rule-harmonized three-class category,6adfaa348c4fefcf987d1345282b82d6344a49a72df761012fa6682216d3cd6d,FROZEN_VIT_SVM,7777,False,AMD_WET,1,0.15453652846433066,0.8277837175840748,0.01767975395159454
STARE_AMD_WET_0021_b244af1ee88b,AMD_WET/im0106.png,AMD_WET,AMD_WET,Predefined folder label used as a rule-harmonized three-class category,d7734c772af108c633197d99af226712ffdedf208de12e3401f1c0ff364bf415,FROZEN_VIT_SVM,7777,False,AMD_WET,1,0.2495591401676845,0.6872437215817783,0.06319713825053717
STARE_AMD_WET_0022_485b7e19dbb9,AMD_WET/im0110.png,AMD_WET,AMD_WET,Predefined folder label used as a rule-harmonized three-class category,4cf4d8a5431840b301a45b27517dc9e4f6c315af9a951ee7a9e7aecd8d1fff87,FROZEN_VIT_SVM,7777,False,AMD_WET,1,0.12700293782949948,0.8723355257860814,0.0006615363844191365
STARE_AMD_WET_0023_783924ab9d3e,AMD_WET/im0142.png,AMD_WET,AMD_WET,Predefined folder label used as a rule-harmonized three-class category,8652ae4720f76835d83600178ecd2d5ad364cff1aca2d5e6130f5a7edddbba86,FROZEN_VIT_SVM,7777,False,AMD_WET,1,0.04598354758628933,0.5924457729024738,0.36157067951123695
STARE_AMD_WET_0024_c037a55bcb6c,AMD_WET/im0143.png,AMD_WET,AMD_WET,Predefined folder label used as a rule-harmonized three-class category,3453e39c772c5bab740f6413943cb5f93f5fe08c9c343a854a625e0b402ddb6d,FROZEN_VIT_SVM,7777,False,AMD_WET,1,0.11064339358009372,0.8538140050391219,0.035542601380784584
STARE_AMD_WET_0025_98ec0df7bc68,AMD_WET/im0145.png,AMD_WET,AMD_WET,Predefined folder label used as a rule-harmonized three-class category,a5681525b97c4dca5f45ce5a5e1da936b07e025271f89ea246ff9b5dc6983440,FROZEN_VIT_SVM,7777,False,AMD_WET,1,0.007709137762743443,0.9890035375400554,0.00328732469720112
STARE_AMD_WET_0026_2352e6cbeec6,AMD_WET/im0147.png,AMD_WET,AMD_WET,Predefined folder label used as a rule-harmonized three-class category,69c37425ca991739d3d10cbc578ac571c6a4e99322393a8713ba4eb848eb5502,FROZEN_VIT_SVM,7777,False,AMD_DRY,0,0.7603298688984739,0.23948586909776004,0.00018426200376603352
STARE_AMD_WET_0027_10d3c0ba4d12,AMD_WET/im0148.png,AMD_WET,AMD_WET,Predefined folder label used as a rule-harmonized three-class category,b4bcfa8a3773c76313794c74e7ae8e82c21615838abbebdffca7d3cdf2917e30,FROZEN_VIT_SVM,7777,False,AMD_WET,1,0.17227807044155827,0.8227834557227824,0.0049384738356591995
STARE_AMD_WET_0028_f46e77551412,AMD_WET/im0149.png,AMD_WET,AMD_WET,Predefined folder label used as a rule-harmonized three-class category,6f3fdbf773038c12c6e7c67386281b866491545eb6875000f674d23142bbd85c,FROZEN_VIT_SVM,7777,False,AMD_WET,1,0.0200206890827097,0.9792391813081299,0.0007401296091602999
STARE_AMD_WET_0029_dc7db43f95e6,AMD_WET/im0150.png,AMD_WET,AMD_WET,Predefined folder label used as a rule-harmonized three-class category,d908ec1498c17f64e75e8497e8397e759b2e133e69c4f86aad3f9e748c2c506d,FROZEN_VIT_SVM,7777,False,AMD_WET,1,0.4015451221508642,0.5136835668450598,0.08477131100407592
STARE_AMD_WET_0030_217ba81e51a4,AMD_WET/im0151.png,AMD_WET,AMD_WET,Predefined folder label used as a rule-harmonized three-class category,8426b239b4497a8d26c2eef041be117d86819413209f92ff27a35821cc98e7aa,FROZEN_VIT_SVM,7777,False,AMD_WET,1,0.06057334677735302,0.912610616436725,0.026816036785922
STARE_AMD_WET_0031_ea436d9c2155,AMD_WET/im0154.png,AMD_WET,AMD_WET,Predefined folder label used as a rule-harmonized three-class category,3e30820f11968c852328d7ce0e311f95a9d8e8d2aa4e967c54c7899bf05e78af,FROZEN_VIT_SVM,7777,False,AMD_WET,1,0.09400959099425826,0.8981647234203277,0.00782568558541399
STARE_AMD_WET_0032_82a866bf90e7,AMD_WET/im0158.png,AMD_WET,AMD_WET,Predefined folder label used as a rule-harmonized three-class category,acfeb121c561a1f48875b41496a49b0052e28623d3e80699cc5a5724b9caaf07,FROZEN_VIT_SVM,7777,False,AMD_WET,1,0.008123364683752675,0.9835952930013738,0.008281342314873314
STARE_AMD_WET_0033_3f2dc2fca284,AMD_WET/im0162.png,AMD_WET,AMD_WET,Predefined folder label used as a rule-harmonized three-class category,72e00297ec08da2d035593fb29639d79d88f8b39cd0b42b787601000ef19feeb,FROZEN_VIT_SVM,7777,False,NORMAL,0,0.025737053566611344,0.1332564771318858,0.841006469301503
STARE_AMD_WET_0034_8775b8a29b66,AMD_WET/im0163.png,AMD_WET,AMD_WET,Predefined folder label used as a rule-harmonized three-class category,d41b401024384b648248ed09f5d762674d085959b8e5dfe2162d01b4fd4c2ef0,FROZEN_VIT_SVM,7777,False,AMD_WET,1,0.19482156647060955,0.3949913109766253,0.41018712255276496
STARE_AMD_WET_0035_4c0db4ccf5a4,AMD_WET/im0164.png,AMD_WET,AMD_WET,Predefined folder label used as a rule-harmonized three-class category,fef2c9c937e4640ab7bc97fdf7248f5943b843bb46961d3b328303d0741a9ded,FROZEN_VIT_SVM,7777,False,AMD_WET,1,0.30778762255596437,0.5419415300128181,0.15027084743121732
STARE_AMD_WET_0036_c00e1422854e,AMD_WET/im0171.png,AMD_WET,AMD_WET,Predefined folder label used as a rule-harmonized three-class category,27508429504998fba48c98402a0c27ad4b52a8eb901a6560b94bcdfbe5f02b5e,FROZEN_VIT_SVM,7777,False,AMD_WET,1,0.005472726690481325,0.9914506183755262,0.0030766549339924934
STARE_AMD_WET_0037_f615feb0e70f,AMD_WET/im0172.png,AMD_WET,AMD_WET,Predefined folder label used as a rule-harmonized three-class category,ef627ca53ec6663be33e93ab56135bd86105368b41bd762ff33fdf721cd11f47,FROZEN_VIT_SVM,7777,False,AMD_WET,1,0.051214362782420905,0.9332631447812039,0.015522492436375225
STARE_AMD_WET_0038_f067b2299705,AMD_WET/im0259.png,AMD_WET,AMD_WET,Predefined folder label used as a rule-harmonized three-class category,3ddfc0b707bd98706b3d375e2f9b1b4d04b0b1d29819028e980a276a5e5931e8,FROZEN_VIT_SVM,7777,False,AMD_WET,1,0.2809474942712732,0.7175843081933949,0.001468197535331654
STARE_AMD_WET_0039_901400a328ea,AMD_WET/im0260.png,AMD_WET,AMD_WET,Predefined folder label used as a rule-harmonized three-class category,05dc807bfa30fa429de8d8b049ecafd790c32c2a559f9405882d54e63ea674a9,FROZEN_VIT_SVM,7777,False,AMD_WET,1,0.23009953151397264,0.6434817152262181,0.12641875325980906
STARE_AMD_WET_0040_a363219f11d0,AMD_WET/im0268.png,AMD_WET,AMD_WET,Predefined folder label used as a rule-harmonized three-class category,35888c752846e3adb3516a194fcd44f813a0bb0346a881c9cce8d8f88ed976a9,FROZEN_VIT_SVM,7777,False,AMD_WET,1,0.0030259996318433378,0.9961882628580059,0.0007857375101508378
STARE_AMD_WET_0041_690c73b63336,AMD_WET/im0269.png,AMD_WET,AMD_WET,Predefined folder label used as a rule-harmonized three-class category,2f075a6a797e24f97921a61f679e1ae0ab73ad90d36632093ec7750205784168,FROZEN_VIT_SVM,7777,False,AMD_WET,1,0.004599363473911999,0.9949923668921405,0.0004082696339474197
STARE_AMD_WET_0042_69540105ba9b,AMD_WET/im0270.png,AMD_WET,AMD_WET,Predefined folder label used as a rule-harmonized three-class category,76d593aa16b8092375d9df1f1daf3d05a70f0f95019bb2ea6fbe2b633a712e52,FROZEN_VIT_SVM,7777,False,AMD_WET,1,0.04526948884837061,0.9539529742318269,0.0007775369198024364
STARE_AMD_WET_0043_4ed7714513bd,AMD_WET/im0375.png,AMD_WET,AMD_WET,Predefined folder label used as a rule-harmonized three-class category,3285ead4943823ab422def9a6ba9ce19f6cb90266b55ca36873af16cbe14d4cd,FROZEN_VIT_SVM,7777,False,AMD_WET,1,0.08697812386826977,0.8254735006097041,0.0875483755220261
STARE_AMD_WET_0044_1eca6ca88367,AMD_WET/im0376.png,AMD_WET,AMD_WET,Predefined folder label used as a rule-harmonized three-class category,2e9e22db7a9b5246621d6f46a9eb6ba71e7cbaee0e7407aeec5a40204eebd0d2,FROZEN_VIT_SVM,7777,False,AMD_WET,1,0.003997524594362749,0.723055232219543,0.27294724318609437
STARE_AMD_WET_0045_a7ac74c12223,AMD_WET/im0377.png,AMD_WET,AMD_WET,Predefined folder label used as a rule-harmonized three-class category,fc69ff53cc325cd060f4424c0f95424e90716f5143248286ab8a235f2adb238d,FROZEN_VIT_SVM,7777,False,NORMAL,0,0.002075843079641629,0.00781320089968986,0.9901109560206683
STARE_AMD_WET_0046_930a5d6ef337,AMD_WET/im0378.png,AMD_WET,AMD_WET,Predefined folder label used as a rule-harmonized three-class category,938e4f4d27b037c2468b2acd649d075f6b8a232dd58c4bab39f9802478c3d099,FROZEN_VIT_SVM,7777,False,AMD_WET,1,0.056205507862105174,0.8652145044190833,0.07857998771881165
STARE_AMD_WET_0047_33adc64edf0e,AMD_WET/im0379.png,AMD_WET,AMD_WET,Predefined folder label used as a rule-harmonized three-class category,f56238dd685cc66e4d92d338b424d0a61d475111ba3e3cb9a73b26b1356ab412,FROZEN_VIT_SVM,7777,False,AMD_WET,1,0.2665329812426208,0.6440496736174627,0.08941734513991653
STARE_AMD_WET_0048_06963c6124c6,AMD_WET/im0380.png,AMD_WET,AMD_WET,Predefined folder label used as a rule-harmonized three-class category,7a673e54c6ffc0e1423acafccc440d30bda225ac2b2a446b0c50091c02f8a9ac,FROZEN_VIT_SVM,7777,False,AMD_WET,1,0.11585055236558572,0.8575657058204006,0.02658374181401374
STARE_AMD_WET_0049_9bf3d111a53d,AMD_WET/im0381.png,AMD_WET,AMD_WET,Predefined folder label used as a rule-harmonized three-class category,83ab520e218e344b07e97523c41262b626658654defdf671c0a15aafa62d69dc,FROZEN_VIT_SVM,7777,False,AMD_WET,1,0.13670940462697687,0.6239206703073702,0.23936992506565294
STARE_AMD_WET_0050_e8a530fce5a2,AMD_WET/im0382.png,AMD_WET,AMD_WET,Predefined folder label used as a rule-harmonized three-class category,2a5f5949d58920bc4640f201a952752009f04984297e630fb2cc08bf28633614,FROZEN_VIT_SVM,7777,False,AMD_DRY,0,0.6747194096960807,0.31932493902937537,0.00595565127454372
STARE_AMD_WET_0051_482de20e4e3b,AMD_WET/im0383.png,AMD_WET,AMD_WET,Predefined folder label used as a rule-harmonized three-class category,35e60c03d2808a6df90a4a6e87a30a54599dab57e027eb19fd2161d8b24bde2b,FROZEN_VIT_SVM,7777,False,AMD_WET,1,0.3740106508093181,0.5545584888815561,0.07143086030912543
STARE_AMD_WET_0052_d1204ef9efbf,AMD_WET/im0384.png,AMD_WET,AMD_WET,Predefined folder label used as a rule-harmonized three-class category,dbc8302f2327e1d4813cc03c89406f01c2f5a4e5c1926c01053b54d77c00e7f8,FROZEN_VIT_SVM,7777,False,AMD_WET,1,0.08905998699442952,0.7505690484555081,0.16037096455006253
STARE_AMD_WET_0053_a654eff73804,AMD_WET/im0385.png,AMD_WET,AMD_WET,Predefined folder label used as a rule-harmonized three-class category,7cf72f7ef7a41de0d1156ce7f03b44973bdd92a1a1b2b99ff8a77647ba54ed25,FROZEN_VIT_SVM,7777,False,AMD_WET,1,0.008466941693300586,0.983328768989597,0.008204289317102282
STARE_NORMAL_0001_bcb949751692,NORMAL/im0032.png,NORMAL,NORMAL,Predefined folder label used as a rule-harmonized three-class category,62e879df0174360b7ae75d1c10991e5b696428f0facbf09043a5cbd406b67599,FROZEN_VIT_SVM,7777,False,NORMAL,1,0.00973419082863192,0.01835513144634324,0.9719106777250249
STARE_NORMAL_0002_5dc0f880fbb0,NORMAL/im0035.png,NORMAL,NORMAL,Predefined folder label used as a rule-harmonized three-class category,e37c8438fcce197544ae71f483ab8997c91457351e6d5a1477f8a14afc1a2a4e,FROZEN_VIT_SVM,7777,False,AMD_WET,0,0.3849024127797745,0.4035933009496356,0.21150428627059012
STARE_NORMAL_0003_af8dffaab8e8,NORMAL/im0076.png,NORMAL,NORMAL,Predefined folder label used as a rule-harmonized three-class category,6f6ca7f36384eb7df2ffeac7b66373ce318a74b3ff5aad4db689649dd0bfd7cd,FROZEN_VIT_SVM,7777,False,NORMAL,1,3.5636439064070354e-07,3.019659913649064e-07,0.999999341669618
STARE_NORMAL_0004_a7c8b54fa43f,NORMAL/im0077.png,NORMAL,NORMAL,Predefined folder label used as a rule-harmonized three-class category,09e643596a6f4780adffefeeee2bd8d87372f8ace5fb1793dd127ad485a62af7,FROZEN_VIT_SVM,7777,False,NORMAL,1,0.0517393025548632,0.06651815113392291,0.8817425463112135
STARE_NORMAL_0005_9545e76ea708,NORMAL/im0080.png,NORMAL,NORMAL,Predefined folder label used as a rule-harmonized three-class category,2d1c47abfa3a52970bea03740f7ed219245b4a8ee2f559b833335ed69bf49628,FROZEN_VIT_SVM,7777,False,AMD_DRY,0,0.4428642838385565,0.33395126047147744,0.22318445568996617
STARE_NORMAL_0006_a0954f383019,NORMAL/im0081.png,NORMAL,NORMAL,Predefined folder label used as a rule-harmonized three-class category,4baf8ebb88eca8082da1e458c72c9fe393ff8e5ec16e91175432bed19627aa1d,FROZEN_VIT_SVM,7777,False,NORMAL,1,0.08212340663963077,0.3539320049931716,0.5639445883671974
STARE_NORMAL_0007_5980e3b87e9e,NORMAL/im0082.png,NORMAL,NORMAL,Predefined folder label used as a rule-harmonized three-class category,2884006bfa703a7117eed97da8d82ae7b5bb529685b56fd91142f027c32fd415,FROZEN_VIT_SVM,7777,False,NORMAL,1,0.02722328365167137,0.03716704100181923,0.9356096753465091
STARE_NORMAL_0008_67b0b3d6d1f2,NORMAL/im0119.png,NORMAL,NORMAL,Predefined folder label used as a rule-harmonized three-class category,6150b14dd0d0dd390bcf1e364e4389f2cf4e03392b886b57173ec61b5681404b,FROZEN_VIT_SVM,7777,False,NORMAL,1,0.032981642204450254,0.21224448603724225,0.7547738717583075
STARE_NORMAL_0009_6a65823b5152,NORMAL/im0120.png,NORMAL,NORMAL,Predefined folder label used as a rule-harmonized three-class category,bcde9855e79ec1b7af4d668ae77ded4f721959afbdecb43b7674a061234cd473,FROZEN_VIT_SVM,7777,False,NORMAL,1,0.01351628187324772,0.06174396549952234,0.9247397526272297
STARE_NORMAL_0010_288860135381,NORMAL/im0170.png,NORMAL,NORMAL,Predefined folder label used as a rule-harmonized three-class category,a35491abd3cdf67d5011dbd78bf89a4d93c4ee0d613994338ee88050813d95ea,FROZEN_VIT_SVM,7777,False,NORMAL,1,0.0549999455631141,0.140171176861052,0.8048288775758339
STARE_NORMAL_0011_adb7788e4f81,NORMAL/im0190.png,NORMAL,NORMAL,Predefined folder label used as a rule-harmonized three-class category,c750838f7b3cdbb4d7456a56e0bf87f36dfaf5db349e036b972ccaab23d00c21,FROZEN_VIT_SVM,7777,False,NORMAL,1,0.0002834592107433457,0.01201408414367807,0.9877024566455785
STARE_NORMAL_0012_88861f2bdfe4,NORMAL/im0198.png,NORMAL,NORMAL,Predefined folder label used as a rule-harmonized three-class category,87add79ee388d59aa87622a56d873fd8d360f85d7bf6a50a21d3c0a0b41ae571,FROZEN_VIT_SVM,7777,False,NORMAL,1,0.2909460465393636,0.040790481254926514,0.6682634722057096
STARE_NORMAL_0013_c303b9fa8118,NORMAL/im0199.png,NORMAL,NORMAL,Predefined folder label used as a rule-harmonized three-class category,453319f57d81ffb75d5a6d623d221956b7612f662aedf38ea3f810765b18394d,FROZEN_VIT_SVM,7777,False,NORMAL,1,0.02849563751021562,0.13624250763376186,0.8352618548560226
STARE_NORMAL_0014_4235d006c6c5,NORMAL/im0216.png,NORMAL,NORMAL,Predefined folder label used as a rule-harmonized three-class category,e3c533d5cdda64345e0dd8c7df973d1ffcf27ba72bd3260e888f7050ec8b8864,FROZEN_VIT_SVM,7777,False,NORMAL,1,0.08888976900962038,0.050227417606231645,0.860882813384148
STARE_NORMAL_0015_3ec130b0c8aa,NORMAL/im0219.png,NORMAL,NORMAL,Predefined folder label used as a rule-harmonized three-class category,5319f005326e3766c0f7cd49defd75b26089ea46ae1984d7877bbda6fbf0f5b9,FROZEN_VIT_SVM,7777,False,NORMAL,1,0.0007906464438479648,0.005917733903051013,0.993291619653101
STARE_NORMAL_0016_a5dd62b18f81,NORMAL/im0231.png,NORMAL,NORMAL,Predefined folder label used as a rule-harmonized three-class category,69e9a35b9cef4038cc12fc6533b15395e80f631dbd5088442a0ec6af0c77ccff,FROZEN_VIT_SVM,7777,False,AMD_DRY,0,0.39504434288672685,0.35141205605763043,0.2535436010556425
STARE_NORMAL_0017_f2351c6ce9fa,NORMAL/im0234.png,NORMAL,NORMAL,Predefined folder label used as a rule-harmonized three-class category,5558231804283e500c7b1867373702abafe24e462b5c21118a896a6130732122,FROZEN_VIT_SVM,7777,False,NORMAL,1,0.10031342251204121,0.1547456802126325,0.7449408972753264
STARE_NORMAL_0018_4bb8a01681a3,NORMAL/im0235.png,NORMAL,NORMAL,Predefined folder label used as a rule-harmonized three-class category,3809fd30b63a0d911aec81ae9eac6ebba104db3075fed8c8b109f3e379a09528,FROZEN_VIT_SVM,7777,False,NORMAL,1,0.10703613192292726,0.21119009268419248,0.68177377539288
STARE_NORMAL_0019_d06a1b708664,NORMAL/im0236.png,NORMAL,NORMAL,Predefined folder label used as a rule-harmonized three-class category,aa35e55e4281f566394437f6552842612810d3df0f21dd38952ff0bf0fb3fe52,FROZEN_VIT_SVM,7777,False,AMD_WET,0,0.10021412911261213,0.5783100418873315,0.32147582900005667
STARE_NORMAL_0020_80b19c79855d,NORMAL/im0237.png,NORMAL,NORMAL,Predefined folder label used as a rule-harmonized three-class category,5f4909ef146efb4de3ab5bce07d15658fef5d126757033521700b1b45e7471a8,FROZEN_VIT_SVM,7777,False,AMD_DRY,0,0.5984217116376038,0.08675932264087223,0.31481896572152396
STARE_NORMAL_0021_a8a97366077a,NORMAL/im0238.png,NORMAL,NORMAL,Predefined folder label used as a rule-harmonized three-class category,a8a64a614eb8df3408b22ad6f21cfb439d2a5d006216e1fe6277d2911b53e75a,FROZEN_VIT_SVM,7777,False,NORMAL,1,0.2050580964691328,0.1290672272985405,0.6658746762323267
STARE_NORMAL_0022_7d403a344fb9,NORMAL/im0239.png,NORMAL,NORMAL,Predefined folder label used as a rule-harmonized three-class category,eb5a6ca738083158f1f644cbc6f6a1df1b54d11b438e8a9b79ba5f0c435cf63d,FROZEN_VIT_SVM,7777,False,NORMAL,1,0.001729769724893707,0.007336454955665819,0.9909337753194406
STARE_NORMAL_0023_47ed930d2f03,NORMAL/im0240.png,NORMAL,NORMAL,Predefined folder label used as a rule-harmonized three-class category,5fb8b1d5f3fe6585ad73dc399b90d469afacac14da43d19541c0e4d283c741d7,FROZEN_VIT_SVM,7777,False,NORMAL,1,0.0014171213081419689,0.0028448319603123023,0.9957380467315458
STARE_NORMAL_0024_bb5cb2546ea1,NORMAL/im0241.png,NORMAL,NORMAL,Predefined folder label used as a rule-harmonized three-class category,76e76bf16fdfbd8909809773a537914810f675f5cd7b465919a2ac954784721d,FROZEN_VIT_SVM,7777,False,AMD_DRY,0,0.4941183480034955,0.11981102884651322,0.38607062314999124
STARE_NORMAL_0025_40962a17dfbb,NORMAL/im0252.png,NORMAL,NORMAL,Predefined folder label used as a rule-harmonized three-class category,9a8b2d7e790afb389f2e0cfebe109925e7f7e107f04786b6e9764be6baea5377,FROZEN_VIT_SVM,7777,False,NORMAL,1,0.016407495386950348,0.3944324770743422,0.5891600275387077
STARE_NORMAL_0026_0e9ac8c7e0ab,NORMAL/im0253.png,NORMAL,NORMAL,Predefined folder label used as a rule-harmonized three-class category,88e1280e81b83f87b9d2004480a7abbaf39c31af89466d280a1398291118f320,FROZEN_VIT_SVM,7777,False,AMD_WET,0,0.36291845703570336,0.49781576719777454,0.13926577576652194
STARE_NORMAL_0027_a729417ea11b,NORMAL/im0254.png,NORMAL,NORMAL,Predefined folder label used as a rule-harmonized three-class category,b5bd3c6208c42d3375edc38f4316d86afbd9254e82b68a828c64dcc0315896df,FROZEN_VIT_SVM,7777,False,NORMAL,1,0.009921875642563643,0.028869893759471958,0.9612082305979645
STARE_NORMAL_0028_904d555e7186,NORMAL/im0255.png,NORMAL,NORMAL,Predefined folder label used as a rule-harmonized three-class category,359d311f41cc6fbcb2c742d40260e4db79f49e952b8c4f7d7fce7062d2ebad75,FROZEN_VIT_SVM,7777,False,NORMAL,1,0.0010067170501426046,0.0089907657574601,0.9900025171923973
STARE_NORMAL_0029_26e8fa5a34fb,NORMAL/im0278.png,NORMAL,NORMAL,Predefined folder label used as a rule-harmonized three-class category,bd1a0421f976637181ec6f3b282239391a5644af975394630aa4deca815e7c54,FROZEN_VIT_SVM,7777,False,AMD_WET,0,0.3833283070899062,0.5504468429442568,0.06622484996583698
STARE_AMD_DRY_0001_d263f50d89b2,AMD_DRY/im0006.png,AMD_DRY,AMD_DRY,Predefined folder label used as a rule-harmonized three-class category,07404fb4bd53b34ee25026662f3aa297e0556661c85da6cc611afc72690dd067,PROPOSED_HYBRID_PCA128_SVM,42,True,AMD_WET,0,0.2666614367113381,0.6912850416179701,0.042053521670691894
STARE_AMD_DRY_0002_229c41f2cf25,AMD_DRY/im0012.png,AMD_DRY,AMD_DRY,Predefined folder label used as a rule-harmonized three-class category,7ead02e3f48eb036c8e46131fa3c26573762533cf84bb586588ea1586b9a151a,PROPOSED_HYBRID_PCA128_SVM,42,True,AMD_WET,0,0.17598760224137122,0.8006608976825641,0.023351500076064586
STARE_AMD_DRY_0003_d6d7c11dd912,AMD_DRY/im0015.png,AMD_DRY,AMD_DRY,Predefined folder label used as a rule-harmonized three-class category,a3e8437cae1948c95e2e91e75d8e33c016295d76bbd77a62d6066b602e77cde2,PROPOSED_HYBRID_PCA128_SVM,42,True,AMD_WET,0,0.2605868362921134,0.5810443860673201,0.15836877764056675
STARE_AMD_DRY_0004_b06dde6ef269,AMD_DRY/im0046.png,AMD_DRY,AMD_DRY,Predefined folder label used as a rule-harmonized three-class category,02463d320cda2ff13bf3719d639973124b40fbd8b127cf778b4bf9af3be5ae26,PROPOSED_HYBRID_PCA128_SVM,42,True,AMD_DRY,1,0.39525828310953837,0.03810070387902004,0.5666410130114419
STARE_AMD_DRY_0005_937e0f008180,AMD_DRY/im0063.png,AMD_DRY,AMD_DRY,Predefined folder label used as a rule-harmonized three-class category,4ecde88543ad41f537feab30920481af39418f67cbd4a0af6741557e269bc487,PROPOSED_HYBRID_PCA128_SVM,42,True,AMD_DRY,1,0.8050622092207141,0.07737126511955267,0.1175665256597333
STARE_AMD_DRY_0006_cc78e90fdf44,AMD_DRY/im0066.png,AMD_DRY,AMD_DRY,Predefined folder label used as a rule-harmonized three-class category,2240107c1ed6c3fa19669456df1652a098850fd217eceba2630795b2aa8c49db,PROPOSED_HYBRID_PCA128_SVM,42,True,AMD_WET,0,0.30183695073613487,0.5543735307518415,0.14378951851202354
STARE_AMD_DRY_0007_1e4f490def47,AMD_DRY/im0068.png,AMD_DRY,AMD_DRY,Predefined folder label used as a rule-harmonized three-class category,6f526995077b937f5fea61e713f5c5ff158fe9505855bc2c1e026438d467aeb2,PROPOSED_HYBRID_PCA128_SVM,42,True,AMD_DRY,1,0.9288805860636343,0.015043468867544213,0.056075945068821485
STARE_AMD_DRY_0008_c8d5b3bc7fd1,AMD_DRY/im0175.png,AMD_DRY,AMD_DRY,Predefined folder label used as a rule-harmonized three-class category,b9078b917d6bab1ba7794307d6de24878364c3a9a686638d18208e7508628339,PROPOSED_HYBRID_PCA128_SVM,42,True,AMD_DRY,1,0.9216635237156446,0.04866180944230994,0.029674666842045512
STARE_AMD_DRY_0009_1b44b3f95920,AMD_DRY/im0193.png,AMD_DRY,AMD_DRY,Predefined folder label used as a rule-harmonized three-class category,432a8c9a1caf88b55bb56a507ac762d5b327717050fefc5be278fd4338c19f30,PROPOSED_HYBRID_PCA128_SVM,42,True,AMD_DRY,1,0.9650801131234311,0.028428235204962175,0.0064916516716067366
STARE_AMD_DRY_0010_831581454862,AMD_DRY/im0250.png,AMD_DRY,AMD_DRY,Predefined folder label used as a rule-harmonized three-class category,f0b0ea1b3c6b93f64fbaa5e5ce949029f0a1114170600a59727d7bb4ec12c5c3,PROPOSED_HYBRID_PCA128_SVM,42,True,AMD_DRY,1,0.8320313624451636,0.06421389868083373,0.10375473887400263
STARE_AMD_DRY_0011_1f3e7a28dfdb,AMD_DRY/im0262.png,AMD_DRY,AMD_DRY,Predefined folder label used as a rule-harmonized three-class category,3e5597a19b733c677176fc433af21a35226f819671da0d09f5f5030e4f2b26b0,PROPOSED_HYBRID_PCA128_SVM,42,True,AMD_DRY,1,0.4794941624915285,0.33395334619882194,0.18655249130964957
STARE_AMD_DRY_0012_faa094e238d5,AMD_DRY/im0263.png,AMD_DRY,AMD_DRY,Predefined folder label used as a rule-harmonized three-class category,4db3e481700ec8db703d55c2fc73a741a76ee153011608264863a52740bc8fb1,PROPOSED_HYBRID_PCA128_SVM,42,True,AMD_DRY,1,0.46118073706082835,0.15879231774715874,0.3800269451920131
STARE_AMD_DRY_0013_667486851e7b,AMD_DRY/im0264.png,AMD_DRY,AMD_DRY,Predefined folder label used as a rule-harmonized three-class category,8ebb345117e4ef7e9b7d36fb7c1cd4c4cf989442736ea0b46079b8871a4ea779,PROPOSED_HYBRID_PCA128_SVM,42,True,AMD_DRY,1,0.9053972475659356,0.043693408315052855,0.050909344119011615
STARE_AMD_DRY_0014_77bca31945cf,AMD_DRY/im0265.png,AMD_DRY,AMD_DRY,Predefined folder label used as a rule-harmonized three-class category,ad1821d60e315daecf235929f70cf8f3dfde962469edb679592996b12f95db36,PROPOSED_HYBRID_PCA128_SVM,42,True,AMD_DRY,1,0.8513711135013006,0.11230115483957841,0.03632773165912094
STARE_AMD_DRY_0015_9816ec7268cf,AMD_DRY/im0266.png,AMD_DRY,AMD_DRY,Predefined folder label used as a rule-harmonized three-class category,8d46fced829b536a3d2db2bd9333d6b33635c06e5252f1d4776f4162d18fc081,PROPOSED_HYBRID_PCA128_SVM,42,True,AMD_DRY,1,0.6920024159844046,0.2993131504438516,0.008684433571743911
STARE_AMD_DRY_0016_b0cdd859d6ed,AMD_DRY/im0292.png,AMD_DRY,AMD_DRY,Predefined folder label used as a rule-harmonized three-class category,f5fe8b111acf618451880f97052f418600aeb562be4deb3abebfeb1c176a4b64,PROPOSED_HYBRID_PCA128_SVM,42,True,AMD_WET,0,0.19185573994531474,0.7815153667185119,0.026628893336173437
STARE_AMD_DRY_0017_7456c8a0cd69,AMD_DRY/im0401.png,AMD_DRY,AMD_DRY,Predefined folder label used as a rule-harmonized three-class category,ba2d68ee6bbf1771c5b2d79805beaf8e46860cfb245819074ee4fd1f94de33bd,PROPOSED_HYBRID_PCA128_SVM,42,True,AMD_DRY,1,0.648372723921586,0.2312992049023603,0.12032807117605372
STARE_AMD_DRY_0018_379873cbb1a2,AMD_DRY/im0402.png,AMD_DRY,AMD_DRY,Predefined folder label used as a rule-harmonized three-class category,14ed4022ab6157297273acaef2c6a656c74b45e826c5c81119024c9e089ae712,PROPOSED_HYBRID_PCA128_SVM,42,True,AMD_WET,0,0.44516967229895305,0.46289575779866227,0.09193456990238467
STARE_AMD_WET_0001_4abb74838c2e,AMD_WET/im0007.png,AMD_WET,AMD_WET,Predefined folder label used as a rule-harmonized three-class category,43efff95090bce4ff7388809dd5f71ec968f84c8868f4597d50267e06f6a80ab,PROPOSED_HYBRID_PCA128_SVM,42,True,AMD_WET,1,0.023220734494863032,0.9591062910858306,0.017672974419306403
STARE_AMD_WET_0002_364d7d338f60,AMD_WET/im0008.png,AMD_WET,AMD_WET,Predefined folder label used as a rule-harmonized three-class category,97947d82cf545207422cbd803d4dbc1a44338829d22d841b49f4bcfd305a70d3,PROPOSED_HYBRID_PCA128_SVM,42,True,AMD_WET,1,0.0440652408284653,0.9544549161007626,0.0014798430707720996
STARE_AMD_WET_0003_a3a1c9c56853,AMD_WET/im0011.png,AMD_WET,AMD_WET,Predefined folder label used as a rule-harmonized three-class category,e449e9fd863250088ca5750e581ca89d9a8be324a6dbe88334824697fb987a9e,PROPOSED_HYBRID_PCA128_SVM,42,True,AMD_WET,1,5.174219590721026e-08,0.9999596098202012,4.0338437602797456e-05
STARE_AMD_WET_0004_b1fbc6d203b8,AMD_WET/im0017.png,AMD_WET,AMD_WET,Predefined folder label used as a rule-harmonized three-class category,426c86d782efc552afc690378865191e61df5aa4ccd9bfe1f682174328a87cef,PROPOSED_HYBRID_PCA128_SVM,42,True,AMD_WET,1,0.07585663131781167,0.9233705001669148,0.0007728685152733157
STARE_AMD_WET_0005_67527302d081,AMD_WET/im0034.png,AMD_WET,AMD_WET,Predefined folder label used as a rule-harmonized three-class category,03e98b766cd9c45837d9b19be05cd460593d335a3f8bdcc20b25fe6fce757879,PROPOSED_HYBRID_PCA128_SVM,42,True,AMD_WET,1,0.002925032208948273,0.9955066043088467,0.0015683634822048038
STARE_AMD_WET_0006_db064e8eb44c,AMD_WET/im0036.png,AMD_WET,AMD_WET,Predefined folder label used as a rule-harmonized three-class category,40ed5b10850dbe2cac6fa5ad0da28d12e14f3c03ba1d8656667cbeef1faefbb2,PROPOSED_HYBRID_PCA128_SVM,42,True,AMD_WET,1,0.005403524759647163,0.9934885339466428,0.0011079412937100382
STARE_AMD_WET_0007_5b7bee080dcd,AMD_WET/im0037.png,AMD_WET,AMD_WET,Predefined folder label used as a rule-harmonized three-class category,63a74787d05305a09f9daae4964e7f067306f3c4f6521a8c6fb2ade01e8cadf2,PROPOSED_HYBRID_PCA128_SVM,42,True,AMD_WET,1,0.004571588729389897,0.9950609049956397,0.0003675062749704905
STARE_AMD_WET_0008_ce070d9aedb0,AMD_WET/im0053.png,AMD_WET,AMD_WET,Predefined folder label used as a rule-harmonized three-class category,5bd3fdb5c8efcbe5bd534875a8ab9ced630474e6e6b3f6c7645ea7106028bb99,PROPOSED_HYBRID_PCA128_SVM,42,True,AMD_WET,1,0.05357814516270917,0.9416672695076642,0.004754585329626638
STARE_AMD_WET_0009_7f040538c58a,AMD_WET/im0054.png,AMD_WET,AMD_WET,Predefined folder label used as a rule-harmonized three-class category,748a963e24d304d8145fac9e87991a1f4a2e8f8f9ec250a94e3b76c86bffd32f,PROPOSED_HYBRID_PCA128_SVM,42,True,AMD_WET,1,0.01727042914912091,0.9821943056052693,0.00053526524560987
STARE_AMD_WET_0010_f9748c7fccb6,AMD_WET/im0061.png,AMD_WET,AMD_WET,Predefined folder label used as a rule-harmonized three-class category,3618ee890a682dad4db87a0f55e8bb3e60e13889c98f32b5be93e86847dad88e,PROPOSED_HYBRID_PCA128_SVM,42,True,AMD_WET,1,0.022192514215423478,0.9743222855957133,0.0034852001888631937
STARE_AMD_WET_0011_685974b697be,AMD_WET/im0062.png,AMD_WET,AMD_WET,Predefined folder label used as a rule-harmonized three-class category,7f7de2b94bdba9e000b42e074aa5fdc898876c7c192460b346a01e5feb9c23bb,PROPOSED_HYBRID_PCA128_SVM,42,True,AMD_WET,1,0.007563156318083142,0.9923589668541435,7.7876827773447e-05
STARE_AMD_WET_0012_b0e1926f7dfc,AMD_WET/im0083.png,AMD_WET,AMD_WET,Predefined folder label used as a rule-harmonized three-class category,ad9eac2b2d2369f5d8277bc425012ce4787c38b55081296e2d47b27874c9efa6,PROPOSED_HYBRID_PCA128_SVM,42,True,AMD_WET,1,0.008922435227670625,0.9849236901480891,0.0061538746242404034
STARE_AMD_WET_0013_e4e4377d057a,AMD_WET/im0084.png,AMD_WET,AMD_WET,Predefined folder label used as a rule-harmonized three-class category,6d3f7fb5846b79faf4e775d5f9f50891641312aa4903ba8e2842934a697819b7,PROPOSED_HYBRID_PCA128_SVM,42,True,AMD_WET,1,0.008388367097978902,0.9872403221721561,0.004371310729864833
STARE_AMD_WET_0014_e880931c9146,AMD_WET/im0091.png,AMD_WET,AMD_WET,Predefined folder label used as a rule-harmonized three-class category,39d871a3e16f95b5048404122c29149267c6159c219c1d297bc9642257eb1492,PROPOSED_HYBRID_PCA128_SVM,42,True,AMD_WET,1,0.009318758050177735,0.9885542297243798,0.0021270122254424748
STARE_AMD_WET_0015_25c7cf74080b,AMD_WET/im0092.png,AMD_WET,AMD_WET,Predefined folder label used as a rule-harmonized three-class category,15584a9280772911b2d202c8af1a671461257b3dca76e9fa46e972502b706de1,PROPOSED_HYBRID_PCA128_SVM,42,True,AMD_WET,1,0.15356918728864358,0.8455878252237871,0.0008429874875693795
STARE_AMD_WET_0016_7f0eb389baee,AMD_WET/im0100.png,AMD_WET,AMD_WET,Predefined folder label used as a rule-harmonized three-class category,7bf274c7d773c817b4503ea8f88247bad16dd34eb8ce8dcc0c1b9f7f8c1a2ece,PROPOSED_HYBRID_PCA128_SVM,42,True,NORMAL,0,0.009725071594995355,0.0592195928062277,0.9310553355987771
STARE_AMD_WET_0017_22cbd7234f5e,AMD_WET/im0101.png,AMD_WET,AMD_WET,Predefined folder label used as a rule-harmonized three-class category,a2e7d0814149deaffc104d661424651f7db5381d84c7456bb37dbe660241cd9f,PROPOSED_HYBRID_PCA128_SVM,42,True,NORMAL,0,0.05517979044773347,0.39532361893574947,0.5494965906165169
STARE_AMD_WET_0018_04d706241959,AMD_WET/im0103.png,AMD_WET,AMD_WET,Predefined folder label used as a rule-harmonized three-class category,7f2fd1dd0bb83282a3036f49680952a097afd5ab56e8f97fcf4d055f76830d66,PROPOSED_HYBRID_PCA128_SVM,42,True,AMD_WET,1,0.006584135454089647,0.9927996951567496,0.0006161693891609777
STARE_AMD_WET_0019_5add82a8671c,AMD_WET/im0104.png,AMD_WET,AMD_WET,Predefined folder label used as a rule-harmonized three-class category,8cd524a53014090924ea38e650597a8690329ca3a4a53cbafe5bf66a54e5b3da,PROPOSED_HYBRID_PCA128_SVM,42,True,AMD_WET,1,0.012986344179682448,0.9734714297629323,0.013542226057385476
STARE_AMD_WET_0020_0d6202ae9b41,AMD_WET/im0105.png,AMD_WET,AMD_WET,Predefined folder label used as a rule-harmonized three-class category,6adfaa348c4fefcf987d1345282b82d6344a49a72df761012fa6682216d3cd6d,PROPOSED_HYBRID_PCA128_SVM,42,True,AMD_WET,1,0.10742503574875466,0.8873526562738638,0.005222307977381528
STARE_AMD_WET_0021_b244af1ee88b,AMD_WET/im0106.png,AMD_WET,AMD_WET,Predefined folder label used as a rule-harmonized three-class category,d7734c772af108c633197d99af226712ffdedf208de12e3401f1c0ff364bf415,PROPOSED_HYBRID_PCA128_SVM,42,True,AMD_WET,1,0.18351734863853666,0.7883469363851963,0.028135714976266987
STARE_AMD_WET_0022_485b7e19dbb9,AMD_WET/im0110.png,AMD_WET,AMD_WET,Predefined folder label used as a rule-harmonized three-class category,4cf4d8a5431840b301a45b27517dc9e4f6c315af9a951ee7a9e7aecd8d1fff87,PROPOSED_HYBRID_PCA128_SVM,42,True,AMD_WET,1,0.13893634058813584,0.8607174311722346,0.0003462282396294009
STARE_AMD_WET_0023_783924ab9d3e,AMD_WET/im0142.png,AMD_WET,AMD_WET,Predefined folder label used as a rule-harmonized three-class category,8652ae4720f76835d83600178ecd2d5ad364cff1aca2d5e6130f5a7edddbba86,PROPOSED_HYBRID_PCA128_SVM,42,True,AMD_WET,1,0.017108671650816767,0.7738085088428636,0.2090828195063196
STARE_AMD_WET_0024_c037a55bcb6c,AMD_WET/im0143.png,AMD_WET,AMD_WET,Predefined folder label used as a rule-harmonized three-class category,3453e39c772c5bab740f6413943cb5f93f5fe08c9c343a854a625e0b402ddb6d,PROPOSED_HYBRID_PCA128_SVM,42,True,AMD_WET,1,0.04865502713338139,0.9386928268147889,0.012652146051829747
STARE_AMD_WET_0025_98ec0df7bc68,AMD_WET/im0145.png,AMD_WET,AMD_WET,Predefined folder label used as a rule-harmonized three-class category,a5681525b97c4dca5f45ce5a5e1da936b07e025271f89ea246ff9b5dc6983440,PROPOSED_HYBRID_PCA128_SVM,42,True,AMD_WET,1,3.0715299369601327e-07,0.9997367049583629,0.00026298788864351355
STARE_AMD_WET_0026_2352e6cbeec6,AMD_WET/im0147.png,AMD_WET,AMD_WET,Predefined folder label used as a rule-harmonized three-class category,69c37425ca991739d3d10cbc578ac571c6a4e99322393a8713ba4eb848eb5502,PROPOSED_HYBRID_PCA128_SVM,42,True,AMD_DRY,0,0.8761764447599348,0.12373618761137305,8.736762869210492e-05
STARE_AMD_WET_0027_10d3c0ba4d12,AMD_WET/im0148.png,AMD_WET,AMD_WET,Predefined folder label used as a rule-harmonized three-class category,b4bcfa8a3773c76313794c74e7ae8e82c21615838abbebdffca7d3cdf2917e30,PROPOSED_HYBRID_PCA128_SVM,42,True,AMD_WET,1,0.09253523766068335,0.9061336093701112,0.0013311529692053147
STARE_AMD_WET_0028_f46e77551412,AMD_WET/im0149.png,AMD_WET,AMD_WET,Predefined folder label used as a rule-harmonized three-class category,6f3fdbf773038c12c6e7c67386281b866491545eb6875000f674d23142bbd85c,PROPOSED_HYBRID_PCA128_SVM,42,True,AMD_WET,1,0.006868033629569851,0.992799507259446,0.0003324591109844076
STARE_AMD_WET_0029_dc7db43f95e6,AMD_WET/im0150.png,AMD_WET,AMD_WET,Predefined folder label used as a rule-harmonized three-class category,d908ec1498c17f64e75e8497e8397e759b2e133e69c4f86aad3f9e748c2c506d,PROPOSED_HYBRID_PCA128_SVM,42,True,AMD_WET,1,0.4820138034390705,0.44861697682826857,0.06936921973266087
STARE_AMD_WET_0030_217ba81e51a4,AMD_WET/im0151.png,AMD_WET,AMD_WET,Predefined folder label used as a rule-harmonized three-class category,8426b239b4497a8d26c2eef041be117d86819413209f92ff27a35821cc98e7aa,PROPOSED_HYBRID_PCA128_SVM,42,True,AMD_WET,1,0.03729836417167571,0.9510130336930003,0.011688602135324163
STARE_AMD_WET_0031_ea436d9c2155,AMD_WET/im0154.png,AMD_WET,AMD_WET,Predefined folder label used as a rule-harmonized three-class category,3e30820f11968c852328d7ce0e311f95a9d8e8d2aa4e967c54c7899bf05e78af,PROPOSED_HYBRID_PCA128_SVM,42,True,AMD_WET,1,0.06390090986812587,0.9337456331951163,0.002353456936757738
STARE_AMD_WET_0032_82a866bf90e7,AMD_WET/im0158.png,AMD_WET,AMD_WET,Predefined folder label used as a rule-harmonized three-class category,acfeb121c561a1f48875b41496a49b0052e28623d3e80699cc5a5724b9caaf07,PROPOSED_HYBRID_PCA128_SVM,42,True,AMD_WET,1,9.636310851537872e-06,0.99834258114199,0.0016477825471584017
STARE_AMD_WET_0033_3f2dc2fca284,AMD_WET/im0162.png,AMD_WET,AMD_WET,Predefined folder label used as a rule-harmonized three-class category,72e00297ec08da2d035593fb29639d79d88f8b39cd0b42b787601000ef19feeb,PROPOSED_HYBRID_PCA128_SVM,42,True,NORMAL,0,0.007845118427919781,0.06860660539715038,0.9235482761749298
STARE_AMD_WET_0034_8775b8a29b66,AMD_WET/im0163.png,AMD_WET,AMD_WET,Predefined folder label used as a rule-harmonized three-class category,d41b401024384b648248ed09f5d762674d085959b8e5dfe2162d01b4fd4c2ef0,PROPOSED_HYBRID_PCA128_SVM,42,True,AMD_DRY,0,0.1544547594088433,0.35815506310319506,0.4873901774879617
STARE_AMD_WET_0035_4c0db4ccf5a4,AMD_WET/im0164.png,AMD_WET,AMD_WET,Predefined folder label used as a rule-harmonized three-class category,fef2c9c937e4640ab7bc97fdf7248f5943b843bb46961d3b328303d0741a9ded,PROPOSED_HYBRID_PCA128_SVM,42,True,AMD_WET,1,0.1835298236465353,0.5152966064334124,0.3011735699200523
STARE_AMD_WET_0036_c00e1422854e,AMD_WET/im0171.png,AMD_WET,AMD_WET,Predefined folder label used as a rule-harmonized three-class category,27508429504998fba48c98402a0c27ad4b52a8eb901a6560b94bcdfbe5f02b5e,PROPOSED_HYBRID_PCA128_SVM,42,True,AMD_WET,1,1.0086275946588234e-06,0.9994748549279581,0.0005241364444471886
STARE_AMD_WET_0037_f615feb0e70f,AMD_WET/im0172.png,AMD_WET,AMD_WET,Predefined folder label used as a rule-harmonized three-class category,ef627ca53ec6663be33e93ab56135bd86105368b41bd762ff33fdf721cd11f47,PROPOSED_HYBRID_PCA128_SVM,42,True,AMD_WET,1,0.01473507856702224,0.9804602917711079,0.004804629661869739
STARE_AMD_WET_0038_f067b2299705,AMD_WET/im0259.png,AMD_WET,AMD_WET,Predefined folder label used as a rule-harmonized three-class category,3ddfc0b707bd98706b3d375e2f9b1b4d04b0b1d29819028e980a276a5e5931e8,PROPOSED_HYBRID_PCA128_SVM,42,True,AMD_WET,1,0.18848506953811275,0.810768592949679,0.0007463375122081103
STARE_AMD_WET_0039_901400a328ea,AMD_WET/im0260.png,AMD_WET,AMD_WET,Predefined folder label used as a rule-harmonized three-class category,05dc807bfa30fa429de8d8b049ecafd790c32c2a559f9405882d54e63ea674a9,PROPOSED_HYBRID_PCA128_SVM,42,True,AMD_WET,1,0.0772011297865122,0.8442939807220989,0.07850488949138906
STARE_AMD_WET_0040_a363219f11d0,AMD_WET/im0268.png,AMD_WET,AMD_WET,Predefined folder label used as a rule-harmonized three-class category,35888c752846e3adb3516a194fcd44f813a0bb0346a881c9cce8d8f88ed976a9,PROPOSED_HYBRID_PCA128_SVM,42,True,AMD_WET,1,6.927579331930799e-08,0.9999055699811745,9.43607430322078e-05
STARE_AMD_WET_0041_690c73b63336,AMD_WET/im0269.png,AMD_WET,AMD_WET,Predefined folder label used as a rule-harmonized three-class category,2f075a6a797e24f97921a61f679e1ae0ab73ad90d36632093ec7750205784168,PROPOSED_HYBRID_PCA128_SVM,42,True,AMD_WET,1,6.834150285379336e-07,0.999932329065026,6.698751994551399e-05
STARE_AMD_WET_0042_69540105ba9b,AMD_WET/im0270.png,AMD_WET,AMD_WET,Predefined folder label used as a rule-harmonized three-class category,76d593aa16b8092375d9df1f1daf3d05a70f0f95019bb2ea6fbe2b633a712e52,PROPOSED_HYBRID_PCA128_SVM,42,True,AMD_WET,1,0.006236870817694127,0.9936695913796196,9.353780268626782e-05
STARE_AMD_WET_0043_4ed7714513bd,AMD_WET/im0375.png,AMD_WET,AMD_WET,Predefined folder label used as a rule-harmonized three-class category,3285ead4943823ab422def9a6ba9ce19f6cb90266b55ca36873af16cbe14d4cd,PROPOSED_HYBRID_PCA128_SVM,42,True,AMD_WET,1,0.035249756629057445,0.9054209706599218,0.05932927271102106
STARE_AMD_WET_0044_1eca6ca88367,AMD_WET/im0376.png,AMD_WET,AMD_WET,Predefined folder label used as a rule-harmonized three-class category,2e9e22db7a9b5246621d6f46a9eb6ba71e7cbaee0e7407aeec5a40204eebd0d2,PROPOSED_HYBRID_PCA128_SVM,42,True,AMD_WET,1,0.002162492141518561,0.8670069503550007,0.1308305575034808
STARE_AMD_WET_0045_a7ac74c12223,AMD_WET/im0377.png,AMD_WET,AMD_WET,Predefined folder label used as a rule-harmonized three-class category,fc69ff53cc325cd060f4424c0f95424e90716f5143248286ab8a235f2adb238d,PROPOSED_HYBRID_PCA128_SVM,42,True,NORMAL,0,0.0017065569196794762,0.008323243666723695,0.9899701994135971
STARE_AMD_WET_0046_930a5d6ef337,AMD_WET/im0378.png,AMD_WET,AMD_WET,Predefined folder label used as a rule-harmonized three-class category,938e4f4d27b037c2468b2acd649d075f6b8a232dd58c4bab39f9802478c3d099,PROPOSED_HYBRID_PCA128_SVM,42,True,AMD_WET,1,0.01629367585212548,0.9327563255261062,0.0509499986217683
STARE_AMD_WET_0047_33adc64edf0e,AMD_WET/im0379.png,AMD_WET,AMD_WET,Predefined folder label used as a rule-harmonized three-class category,f56238dd685cc66e4d92d338b424d0a61d475111ba3e3cb9a73b26b1356ab412,PROPOSED_HYBRID_PCA128_SVM,42,True,AMD_WET,1,0.3185389953659636,0.6523352784093692,0.029125726224666963
STARE_AMD_WET_0048_06963c6124c6,AMD_WET/im0380.png,AMD_WET,AMD_WET,Predefined folder label used as a rule-harmonized three-class category,7a673e54c6ffc0e1423acafccc440d30bda225ac2b2a446b0c50091c02f8a9ac,PROPOSED_HYBRID_PCA128_SVM,42,True,AMD_WET,1,0.035234513457696265,0.9517592878873662,0.013006198654937547
STARE_AMD_WET_0049_9bf3d111a53d,AMD_WET/im0381.png,AMD_WET,AMD_WET,Predefined folder label used as a rule-harmonized three-class category,83ab520e218e344b07e97523c41262b626658654defdf671c0a15aafa62d69dc,PROPOSED_HYBRID_PCA128_SVM,42,True,AMD_WET,1,0.15148590585141122,0.7231455265957388,0.12536856755285009
STARE_AMD_WET_0050_e8a530fce5a2,AMD_WET/im0382.png,AMD_WET,AMD_WET,Predefined folder label used as a rule-harmonized three-class category,2a5f5949d58920bc4640f201a952752009f04984297e630fb2cc08bf28633614,PROPOSED_HYBRID_PCA128_SVM,42,True,AMD_DRY,0,0.8185631576494937,0.17807698234406255,0.003359860006443697
STARE_AMD_WET_0051_482de20e4e3b,AMD_WET/im0383.png,AMD_WET,AMD_WET,Predefined folder label used as a rule-harmonized three-class category,35e60c03d2808a6df90a4a6e87a30a54599dab57e027eb19fd2161d8b24bde2b,PROPOSED_HYBRID_PCA128_SVM,42,True,AMD_WET,1,0.2953651132254066,0.6338092423584331,0.07082564441616039
STARE_AMD_WET_0052_d1204ef9efbf,AMD_WET/im0384.png,AMD_WET,AMD_WET,Predefined folder label used as a rule-harmonized three-class category,dbc8302f2327e1d4813cc03c89406f01c2f5a4e5c1926c01053b54d77c00e7f8,PROPOSED_HYBRID_PCA128_SVM,42,True,AMD_WET,1,0.0381601655727754,0.802671164952762,0.15916866947446262
STARE_AMD_WET_0053_a654eff73804,AMD_WET/im0385.png,AMD_WET,AMD_WET,Predefined folder label used as a rule-harmonized three-class category,7cf72f7ef7a41de0d1156ce7f03b44973bdd92a1a1b2b99ff8a77647ba54ed25,PROPOSED_HYBRID_PCA128_SVM,42,True,AMD_WET,1,1.8111146120460373e-05,0.9975573072090379,0.0024245816448415112
STARE_NORMAL_0001_bcb949751692,NORMAL/im0032.png,NORMAL,NORMAL,Predefined folder label used as a rule-harmonized three-class category,62e879df0174360b7ae75d1c10991e5b696428f0facbf09043a5cbd406b67599,PROPOSED_HYBRID_PCA128_SVM,42,True,NORMAL,1,0.005862573753509937,0.019815664327715962,0.9743217619187741
STARE_NORMAL_0002_5dc0f880fbb0,NORMAL/im0035.png,NORMAL,NORMAL,Predefined folder label used as a rule-harmonized three-class category,e37c8438fcce197544ae71f483ab8997c91457351e6d5a1477f8a14afc1a2a4e,PROPOSED_HYBRID_PCA128_SVM,42,True,AMD_DRY,0,0.30974849990707354,0.337899576194383,0.35235192389854325
STARE_NORMAL_0003_af8dffaab8e8,NORMAL/im0076.png,NORMAL,NORMAL,Predefined folder label used as a rule-harmonized three-class category,6f6ca7f36384eb7df2ffeac7b66373ce318a74b3ff5aad4db689649dd0bfd7cd,PROPOSED_HYBRID_PCA128_SVM,42,True,NORMAL,1,4.603185770795009e-06,3.1918399028286136e-06,0.9999922049743264
STARE_NORMAL_0004_a7c8b54fa43f,NORMAL/im0077.png,NORMAL,NORMAL,Predefined folder label used as a rule-harmonized three-class category,09e643596a6f4780adffefeeee2bd8d87372f8ace5fb1793dd127ad485a62af7,PROPOSED_HYBRID_PCA128_SVM,42,True,NORMAL,1,0.015675188250229455,0.024796630559812058,0.9595281811899585
STARE_NORMAL_0005_9545e76ea708,NORMAL/im0080.png,NORMAL,NORMAL,Predefined folder label used as a rule-harmonized three-class category,2d1c47abfa3a52970bea03740f7ed219245b4a8ee2f559b833335ed69bf49628,PROPOSED_HYBRID_PCA128_SVM,42,True,AMD_DRY,0,0.29595421915274944,0.2997336638433826,0.4043121170038676
STARE_NORMAL_0006_a0954f383019,NORMAL/im0081.png,NORMAL,NORMAL,Predefined folder label used as a rule-harmonized three-class category,4baf8ebb88eca8082da1e458c72c9fe393ff8e5ec16e91175432bed19627aa1d,PROPOSED_HYBRID_PCA128_SVM,42,True,NORMAL,1,0.040618577342843645,0.2578398363075639,0.7015415863495924
STARE_NORMAL_0007_5980e3b87e9e,NORMAL/im0082.png,NORMAL,NORMAL,Predefined folder label used as a rule-harmonized three-class category,2884006bfa703a7117eed97da8d82ae7b5bb529685b56fd91142f027c32fd415,PROPOSED_HYBRID_PCA128_SVM,42,True,NORMAL,1,0.013310318075074257,0.026564796814216255,0.9601248851107094
STARE_NORMAL_0008_67b0b3d6d1f2,NORMAL/im0119.png,NORMAL,NORMAL,Predefined folder label used as a rule-harmonized three-class category,6150b14dd0d0dd390bcf1e364e4389f2cf4e03392b886b57173ec61b5681404b,PROPOSED_HYBRID_PCA128_SVM,42,True,NORMAL,1,0.020392278195204703,0.2222312997666843,0.7573764220381107
STARE_NORMAL_0009_6a65823b5152,NORMAL/im0120.png,NORMAL,NORMAL,Predefined folder label used as a rule-harmonized three-class category,bcde9855e79ec1b7af4d668ae77ded4f721959afbdecb43b7674a061234cd473,PROPOSED_HYBRID_PCA128_SVM,42,True,NORMAL,1,0.010899992591286142,0.06996675702343044,0.9191332503852837
STARE_NORMAL_0010_288860135381,NORMAL/im0170.png,NORMAL,NORMAL,Predefined folder label used as a rule-harmonized three-class category,a35491abd3cdf67d5011dbd78bf89a4d93c4ee0d613994338ee88050813d95ea,PROPOSED_HYBRID_PCA128_SVM,42,True,NORMAL,1,0.04886975403867078,0.10870358456632973,0.8424266613949996
STARE_NORMAL_0011_adb7788e4f81,NORMAL/im0190.png,NORMAL,NORMAL,Predefined folder label used as a rule-harmonized three-class category,c750838f7b3cdbb4d7456a56e0bf87f36dfaf5db349e036b972ccaab23d00c21,PROPOSED_HYBRID_PCA128_SVM,42,True,NORMAL,1,0.0007892943390675466,0.034822985941279624,0.9643877197196526
STARE_NORMAL_0012_88861f2bdfe4,NORMAL/im0198.png,NORMAL,NORMAL,Predefined folder label used as a rule-harmonized three-class category,87add79ee388d59aa87622a56d873fd8d360f85d7bf6a50a21d3c0a0b41ae571,PROPOSED_HYBRID_PCA128_SVM,42,True,NORMAL,1,0.1372691470249018,0.03167852343362781,0.8310523295414702
STARE_NORMAL_0013_c303b9fa8118,NORMAL/im0199.png,NORMAL,NORMAL,Predefined folder label used as a rule-harmonized three-class category,453319f57d81ffb75d5a6d623d221956b7612f662aedf38ea3f810765b18394d,PROPOSED_HYBRID_PCA128_SVM,42,True,NORMAL,1,0.028253234928625873,0.23900204639075226,0.7327447186806217
STARE_NORMAL_0014_4235d006c6c5,NORMAL/im0216.png,NORMAL,NORMAL,Predefined folder label used as a rule-harmonized three-class category,e3c533d5cdda64345e0dd8c7df973d1ffcf27ba72bd3260e888f7050ec8b8864,PROPOSED_HYBRID_PCA128_SVM,42,True,NORMAL,1,0.022443161478872226,0.03208029618057602,0.945476542340552
STARE_NORMAL_0015_3ec130b0c8aa,NORMAL/im0219.png,NORMAL,NORMAL,Predefined folder label used as a rule-harmonized three-class category,5319f005326e3766c0f7cd49defd75b26089ea46ae1984d7877bbda6fbf0f5b9,PROPOSED_HYBRID_PCA128_SVM,42,True,NORMAL,1,0.00023946669139395327,0.0048124202861094196,0.9949481130224965
STARE_NORMAL_0016_a5dd62b18f81,NORMAL/im0231.png,NORMAL,NORMAL,Predefined folder label used as a rule-harmonized three-class category,69e9a35b9cef4038cc12fc6533b15395e80f631dbd5088442a0ec6af0c77ccff,PROPOSED_HYBRID_PCA128_SVM,42,True,AMD_DRY,0,0.2497591898176396,0.3898901725747253,0.3603506376076352
STARE_NORMAL_0017_f2351c6ce9fa,NORMAL/im0234.png,NORMAL,NORMAL,Predefined folder label used as a rule-harmonized three-class category,5558231804283e500c7b1867373702abafe24e462b5c21118a896a6130732122,PROPOSED_HYBRID_PCA128_SVM,42,True,NORMAL,1,0.04752678616166701,0.1223681017683192,0.8301051120700138
STARE_NORMAL_0018_4bb8a01681a3,NORMAL/im0235.png,NORMAL,NORMAL,Predefined folder label used as a rule-harmonized three-class category,3809fd30b63a0d911aec81ae9eac6ebba104db3075fed8c8b109f3e379a09528,PROPOSED_HYBRID_PCA128_SVM,42,True,NORMAL,1,0.09783305944040965,0.22365032098010953,0.6785166195794808
STARE_NORMAL_0019_d06a1b708664,NORMAL/im0236.png,NORMAL,NORMAL,Predefined folder label used as a rule-harmonized three-class category,aa35e55e4281f566394437f6552842612810d3df0f21dd38952ff0bf0fb3fe52,PROPOSED_HYBRID_PCA128_SVM,42,True,AMD_WET,0,0.052323185695165766,0.5896304029303474,0.35804641137448656
STARE_NORMAL_0020_80b19c79855d,NORMAL/im0237.png,NORMAL,NORMAL,Predefined folder label used as a rule-harmonized three-class category,5f4909ef146efb4de3ab5bce07d15658fef5d126757033521700b1b45e7471a8,PROPOSED_HYBRID_PCA128_SVM,42,True,AMD_DRY,0,0.5908925534980078,0.09987065537033983,0.30923679113165237
STARE_NORMAL_0021_a8a97366077a,NORMAL/im0238.png,NORMAL,NORMAL,Predefined folder label used as a rule-harmonized three-class category,a8a64a614eb8df3408b22ad6f21cfb439d2a5d006216e1fe6277d2911b53e75a,PROPOSED_HYBRID_PCA128_SVM,42,True,NORMAL,1,0.16731926188189558,0.1705536216800359,0.6621271164380683
STARE_NORMAL_0022_7d403a344fb9,NORMAL/im0239.png,NORMAL,NORMAL,Predefined folder label used as a rule-harmonized three-class category,eb5a6ca738083158f1f644cbc6f6a1df1b54d11b438e8a9b79ba5f0c435cf63d,PROPOSED_HYBRID_PCA128_SVM,42,True,NORMAL,1,0.0034014568680831585,0.00821583602684488,0.9883827071050719
STARE_NORMAL_0023_47ed930d2f03,NORMAL/im0240.png,NORMAL,NORMAL,Predefined folder label used as a rule-harmonized three-class category,5fb8b1d5f3fe6585ad73dc399b90d469afacac14da43d19541c0e4d283c741d7,PROPOSED_HYBRID_PCA128_SVM,42,True,NORMAL,1,0.0007034683948394452,0.0028247972591140505,0.9964717343460463
STARE_NORMAL_0024_bb5cb2546ea1,NORMAL/im0241.png,NORMAL,NORMAL,Predefined folder label used as a rule-harmonized three-class category,76e76bf16fdfbd8909809773a537914810f675f5cd7b465919a2ac954784721d,PROPOSED_HYBRID_PCA128_SVM,42,True,AMD_DRY,0,0.4713424943042473,0.09876392788747175,0.4298935778082809
STARE_NORMAL_0025_40962a17dfbb,NORMAL/im0252.png,NORMAL,NORMAL,Predefined folder label used as a rule-harmonized three-class category,9a8b2d7e790afb389f2e0cfebe109925e7f7e107f04786b6e9764be6baea5377,PROPOSED_HYBRID_PCA128_SVM,42,True,AMD_WET,0,0.015232960104224832,0.5252153609546166,0.4595516789411585
STARE_NORMAL_0026_0e9ac8c7e0ab,NORMAL/im0253.png,NORMAL,NORMAL,Predefined folder label used as a rule-harmonized three-class category,88e1280e81b83f87b9d2004480a7abbaf39c31af89466d280a1398291118f320,PROPOSED_HYBRID_PCA128_SVM,42,True,AMD_WET,0,0.33695416204594986,0.42683340813616505,0.2362124298178851
STARE_NORMAL_0027_a729417ea11b,NORMAL/im0254.png,NORMAL,NORMAL,Predefined folder label used as a rule-harmonized three-class category,b5bd3c6208c42d3375edc38f4316d86afbd9254e82b68a828c64dcc0315896df,PROPOSED_HYBRID_PCA128_SVM,42,True,NORMAL,1,0.018493456674824698,0.06122596498199932,0.9202805783431759
STARE_NORMAL_0028_904d555e7186,NORMAL/im0255.png,NORMAL,NORMAL,Predefined folder label used as a rule-harmonized three-class category,359d311f41cc6fbcb2c742d40260e4db79f49e952b8c4f7d7fce7062d2ebad75,PROPOSED_HYBRID_PCA128_SVM,42,True,NORMAL,1,0.0021525731702845058,0.015136556672431318,0.9827108701572842
STARE_NORMAL_0029_26e8fa5a34fb,NORMAL/im0278.png,NORMAL,NORMAL,Predefined folder label used as a rule-harmonized three-class category,bd1a0421f976637181ec6f3b282239391a5644af975394630aa4deca815e7c54,PROPOSED_HYBRID_PCA128_SVM,42,True,AMD_WET,0,0.23122392986907786,0.6579512847482882,0.11082478538263399
STARE_AMD_DRY_0001_d263f50d89b2,AMD_DRY/im0006.png,AMD_DRY,AMD_DRY,Predefined folder label used as a rule-harmonized three-class category,07404fb4bd53b34ee25026662f3aa297e0556661c85da6cc611afc72690dd067,PROPOSED_HYBRID_PCA128_SVM,123,False,AMD_WET,0,0.23263299127455542,0.7383111270301893,0.029055881695255335
STARE_AMD_DRY_0002_229c41f2cf25,AMD_DRY/im0012.png,AMD_DRY,AMD_DRY,Predefined folder label used as a rule-harmonized three-class category,7ead02e3f48eb036c8e46131fa3c26573762533cf84bb586588ea1586b9a151a,PROPOSED_HYBRID_PCA128_SVM,123,False,AMD_WET,0,0.12998669478601182,0.8551893226249196,0.014823982589068536
STARE_AMD_DRY_0003_d6d7c11dd912,AMD_DRY/im0015.png,AMD_DRY,AMD_DRY,Predefined folder label used as a rule-harmonized three-class category,a3e8437cae1948c95e2e91e75d8e33c016295d76bbd77a62d6066b602e77cde2,PROPOSED_HYBRID_PCA128_SVM,123,False,AMD_WET,0,0.22804489982186082,0.6247272285877548,0.14722787159038414
STARE_AMD_DRY_0004_b06dde6ef269,AMD_DRY/im0046.png,AMD_DRY,AMD_DRY,Predefined folder label used as a rule-harmonized three-class category,02463d320cda2ff13bf3719d639973124b40fbd8b127cf778b4bf9af3be5ae26,PROPOSED_HYBRID_PCA128_SVM,123,False,NORMAL,0,0.41676005006106787,0.027518601441865596,0.5557213484970667
STARE_AMD_DRY_0005_937e0f008180,AMD_DRY/im0063.png,AMD_DRY,AMD_DRY,Predefined folder label used as a rule-harmonized three-class category,4ecde88543ad41f537feab30920481af39418f67cbd4a0af6741557e269bc487,PROPOSED_HYBRID_PCA128_SVM,123,False,AMD_DRY,1,0.8094662911844411,0.13475080737782832,0.05578290143773052
STARE_AMD_DRY_0006_cc78e90fdf44,AMD_DRY/im0066.png,AMD_DRY,AMD_DRY,Predefined folder label used as a rule-harmonized three-class category,2240107c1ed6c3fa19669456df1652a098850fd217eceba2630795b2aa8c49db,PROPOSED_HYBRID_PCA128_SVM,123,False,AMD_WET,0,0.22770094189525444,0.6151019492401866,0.1571971088645591
STARE_AMD_DRY_0007_1e4f490def47,AMD_DRY/im0068.png,AMD_DRY,AMD_DRY,Predefined folder label used as a rule-harmonized three-class category,6f526995077b937f5fea61e713f5c5ff158fe9505855bc2c1e026438d467aeb2,PROPOSED_HYBRID_PCA128_SVM,123,False,AMD_DRY,1,0.9600154106368917,0.013923373237003902,0.026061216126104698
STARE_AMD_DRY_0008_c8d5b3bc7fd1,AMD_DRY/im0175.png,AMD_DRY,AMD_DRY,Predefined folder label used as a rule-harmonized three-class category,b9078b917d6bab1ba7794307d6de24878364c3a9a686638d18208e7508628339,PROPOSED_HYBRID_PCA128_SVM,123,False,AMD_DRY,1,0.870883047861206,0.11175407150091887,0.017362880637875118
STARE_AMD_DRY_0009_1b44b3f95920,AMD_DRY/im0193.png,AMD_DRY,AMD_DRY,Predefined folder label used as a rule-harmonized three-class category,432a8c9a1caf88b55bb56a507ac762d5b327717050fefc5be278fd4338c19f30,PROPOSED_HYBRID_PCA128_SVM,123,False,AMD_DRY,1,0.927876338602833,0.06792826771867759,0.0041953936784896225
STARE_AMD_DRY_0010_831581454862,AMD_DRY/im0250.png,AMD_DRY,AMD_DRY,Predefined folder label used as a rule-harmonized three-class category,f0b0ea1b3c6b93f64fbaa5e5ce949029f0a1114170600a59727d7bb4ec12c5c3,PROPOSED_HYBRID_PCA128_SVM,123,False,AMD_DRY,1,0.8126256715064912,0.13288788638011928,0.05448644211338973
STARE_AMD_DRY_0011_1f3e7a28dfdb,AMD_DRY/im0262.png,AMD_DRY,AMD_DRY,Predefined folder label used as a rule-harmonized three-class category,3e5597a19b733c677176fc433af21a35226f819671da0d09f5f5030e4f2b26b0,PROPOSED_HYBRID_PCA128_SVM,123,False,AMD_DRY,1,0.41901352329955965,0.4329669080949363,0.14801956860550394
STARE_AMD_DRY_0012_faa094e238d5,AMD_DRY/im0263.png,AMD_DRY,AMD_DRY,Predefined folder label used as a rule-harmonized three-class category,4db3e481700ec8db703d55c2fc73a741a76ee153011608264863a52740bc8fb1,PROPOSED_HYBRID_PCA128_SVM,123,False,AMD_DRY,1,0.501926929431308,0.18765720697696267,0.3104158635917292
STARE_AMD_DRY_0013_667486851e7b,AMD_DRY/im0264.png,AMD_DRY,AMD_DRY,Predefined folder label used as a rule-harmonized three-class category,8ebb345117e4ef7e9b7d36fb7c1cd4c4cf989442736ea0b46079b8871a4ea779,PROPOSED_HYBRID_PCA128_SVM,123,False,AMD_DRY,1,0.9058402686937796,0.06384537019595046,0.030314361110269774
STARE_AMD_DRY_0014_77bca31945cf,AMD_DRY/im0265.png,AMD_DRY,AMD_DRY,Predefined folder label used as a rule-harmonized three-class category,ad1821d60e315daecf235929f70cf8f3dfde962469edb679592996b12f95db36,PROPOSED_HYBRID_PCA128_SVM,123,False,AMD_DRY,1,0.7686563940872819,0.20931034993126071,0.02203325598145759
STARE_AMD_DRY_0015_9816ec7268cf,AMD_DRY/im0266.png,AMD_DRY,AMD_DRY,Predefined folder label used as a rule-harmonized three-class category,8d46fced829b536a3d2db2bd9333d6b33635c06e5252f1d4776f4162d18fc081,PROPOSED_HYBRID_PCA128_SVM,123,False,AMD_DRY,1,0.5602226254952204,0.4341735144286636,0.005603860076115923
STARE_AMD_DRY_0016_b0cdd859d6ed,AMD_DRY/im0292.png,AMD_DRY,AMD_DRY,Predefined folder label used as a rule-harmonized three-class category,f5fe8b111acf618451880f97052f418600aeb562be4deb3abebfeb1c176a4b64,PROPOSED_HYBRID_PCA128_SVM,123,False,AMD_WET,0,0.14398463975244005,0.8332295819466128,0.0227857783009473
STARE_AMD_DRY_0017_7456c8a0cd69,AMD_DRY/im0401.png,AMD_DRY,AMD_DRY,Predefined folder label used as a rule-harmonized three-class category,ba2d68ee6bbf1771c5b2d79805beaf8e46860cfb245819074ee4fd1f94de33bd,PROPOSED_HYBRID_PCA128_SVM,123,False,AMD_DRY,1,0.5369702072435223,0.37627742665220837,0.08675236610426944
STARE_AMD_DRY_0018_379873cbb1a2,AMD_DRY/im0402.png,AMD_DRY,AMD_DRY,Predefined folder label used as a rule-harmonized three-class category,14ed4022ab6157297273acaef2c6a656c74b45e826c5c81119024c9e089ae712,PROPOSED_HYBRID_PCA128_SVM,123,False,AMD_WET,0,0.3468450167040296,0.5828493709616478,0.07030561233432259
STARE_AMD_WET_0001_4abb74838c2e,AMD_WET/im0007.png,AMD_WET,AMD_WET,Predefined folder label used as a rule-harmonized three-class category,43efff95090bce4ff7388809dd5f71ec968f84c8868f4597d50267e06f6a80ab,PROPOSED_HYBRID_PCA128_SVM,123,False,AMD_WET,1,0.027722455505625014,0.9556174284152643,0.016660116079110353
STARE_AMD_WET_0002_364d7d338f60,AMD_WET/im0008.png,AMD_WET,AMD_WET,Predefined folder label used as a rule-harmonized three-class category,97947d82cf545207422cbd803d4dbc1a44338829d22d841b49f4bcfd305a70d3,PROPOSED_HYBRID_PCA128_SVM,123,False,AMD_WET,1,0.06566487794904785,0.9329555511421201,0.0013795709088322706
STARE_AMD_WET_0003_a3a1c9c56853,AMD_WET/im0011.png,AMD_WET,AMD_WET,Predefined folder label used as a rule-harmonized three-class category,e449e9fd863250088ca5750e581ca89d9a8be324a6dbe88334824697fb987a9e,PROPOSED_HYBRID_PCA128_SVM,123,False,AMD_WET,1,7.849432134598817e-08,0.9999619000095865,3.802149609200742e-05
STARE_AMD_WET_0004_b1fbc6d203b8,AMD_WET/im0017.png,AMD_WET,AMD_WET,Predefined folder label used as a rule-harmonized three-class category,426c86d782efc552afc690378865191e61df5aa4ccd9bfe1f682174328a87cef,PROPOSED_HYBRID_PCA128_SVM,123,False,AMD_WET,1,0.03809618382931634,0.9614428940078501,0.0004609221628335335
STARE_AMD_WET_0005_67527302d081,AMD_WET/im0034.png,AMD_WET,AMD_WET,Predefined folder label used as a rule-harmonized three-class category,03e98b766cd9c45837d9b19be05cd460593d335a3f8bdcc20b25fe6fce757879,PROPOSED_HYBRID_PCA128_SVM,123,False,AMD_WET,1,0.0038219377428083943,0.9945589563660701,0.0016191058911216864
STARE_AMD_WET_0006_db064e8eb44c,AMD_WET/im0036.png,AMD_WET,AMD_WET,Predefined folder label used as a rule-harmonized three-class category,40ed5b10850dbe2cac6fa5ad0da28d12e14f3c03ba1d8656667cbeef1faefbb2,PROPOSED_HYBRID_PCA128_SVM,123,False,AMD_WET,1,0.00608180030712822,0.9930324954713572,0.0008857042215143858
STARE_AMD_WET_0007_5b7bee080dcd,AMD_WET/im0037.png,AMD_WET,AMD_WET,Predefined folder label used as a rule-harmonized three-class category,63a74787d05305a09f9daae4964e7f067306f3c4f6521a8c6fb2ade01e8cadf2,PROPOSED_HYBRID_PCA128_SVM,123,False,AMD_WET,1,0.005390336003757801,0.9943057298274883,0.0003039341687540026
STARE_AMD_WET_0008_ce070d9aedb0,AMD_WET/im0053.png,AMD_WET,AMD_WET,Predefined folder label used as a rule-harmonized three-class category,5bd3fdb5c8efcbe5bd534875a8ab9ced630474e6e6b3f6c7645ea7106028bb99,PROPOSED_HYBRID_PCA128_SVM,123,False,AMD_WET,1,0.04657505452976284,0.949715513405379,0.0037094320648579596
STARE_AMD_WET_0009_7f040538c58a,AMD_WET/im0054.png,AMD_WET,AMD_WET,Predefined folder label used as a rule-harmonized three-class category,748a963e24d304d8145fac9e87991a1f4a2e8f8f9ec250a94e3b76c86bffd32f,PROPOSED_HYBRID_PCA128_SVM,123,False,AMD_WET,1,0.019183650859060042,0.9803874898849438,0.0004288592559962339
STARE_AMD_WET_0010_f9748c7fccb6,AMD_WET/im0061.png,AMD_WET,AMD_WET,Predefined folder label used as a rule-harmonized three-class category,3618ee890a682dad4db87a0f55e8bb3e60e13889c98f32b5be93e86847dad88e,PROPOSED_HYBRID_PCA128_SVM,123,False,AMD_WET,1,0.024604125910968333,0.972465019106555,0.002930854982476835
STARE_AMD_WET_0011_685974b697be,AMD_WET/im0062.png,AMD_WET,AMD_WET,Predefined folder label used as a rule-harmonized three-class category,7f7de2b94bdba9e000b42e074aa5fdc898876c7c192460b346a01e5feb9c23bb,PROPOSED_HYBRID_PCA128_SVM,123,False,AMD_WET,1,0.0067868603162325085,0.9931430518213544,7.008786241335366e-05
STARE_AMD_WET_0012_b0e1926f7dfc,AMD_WET/im0083.png,AMD_WET,AMD_WET,Predefined folder label used as a rule-harmonized three-class category,ad9eac2b2d2369f5d8277bc425012ce4787c38b55081296e2d47b27874c9efa6,PROPOSED_HYBRID_PCA128_SVM,123,False,AMD_WET,1,0.015353199639104004,0.9775692562708306,0.007077544090065047
STARE_AMD_WET_0013_e4e4377d057a,AMD_WET/im0084.png,AMD_WET,AMD_WET,Predefined folder label used as a rule-harmonized three-class category,6d3f7fb5846b79faf4e775d5f9f50891641312aa4903ba8e2842934a697819b7,PROPOSED_HYBRID_PCA128_SVM,123,False,AMD_WET,1,0.008399835704824792,0.9869801843300539,0.004619979965121409
STARE_AMD_WET_0014_e880931c9146,AMD_WET/im0091.png,AMD_WET,AMD_WET,Predefined folder label used as a rule-harmonized three-class category,39d871a3e16f95b5048404122c29149267c6159c219c1d297bc9642257eb1492,PROPOSED_HYBRID_PCA128_SVM,123,False,AMD_WET,1,0.009499163879814016,0.9883241606225137,0.0021766754976723784
STARE_AMD_WET_0015_25c7cf74080b,AMD_WET/im0092.png,AMD_WET,AMD_WET,Predefined folder label used as a rule-harmonized three-class category,15584a9280772911b2d202c8af1a671461257b3dca76e9fa46e972502b706de1,PROPOSED_HYBRID_PCA128_SVM,123,False,AMD_WET,1,0.09266185898404548,0.9070273830209046,0.00031075799504984975
STARE_AMD_WET_0016_7f0eb389baee,AMD_WET/im0100.png,AMD_WET,AMD_WET,Predefined folder label used as a rule-harmonized three-class category,7bf274c7d773c817b4503ea8f88247bad16dd34eb8ce8dcc0c1b9f7f8c1a2ece,PROPOSED_HYBRID_PCA128_SVM,123,False,NORMAL,0,0.008210184391562758,0.0530822257847799,0.9387075898236577
STARE_AMD_WET_0017_22cbd7234f5e,AMD_WET/im0101.png,AMD_WET,AMD_WET,Predefined folder label used as a rule-harmonized three-class category,a2e7d0814149deaffc104d661424651f7db5381d84c7456bb37dbe660241cd9f,PROPOSED_HYBRID_PCA128_SVM,123,False,NORMAL,0,0.05932616159848793,0.44200897081960583,0.49866486758190615
STARE_AMD_WET_0018_04d706241959,AMD_WET/im0103.png,AMD_WET,AMD_WET,Predefined folder label used as a rule-harmonized three-class category,7f2fd1dd0bb83282a3036f49680952a097afd5ab56e8f97fcf4d055f76830d66,PROPOSED_HYBRID_PCA128_SVM,123,False,AMD_WET,1,0.0089357840809645,0.9903280307617804,0.000736185157254765
STARE_AMD_WET_0019_5add82a8671c,AMD_WET/im0104.png,AMD_WET,AMD_WET,Predefined folder label used as a rule-harmonized three-class category,8cd524a53014090924ea38e650597a8690329ca3a4a53cbafe5bf66a54e5b3da,PROPOSED_HYBRID_PCA128_SVM,123,False,AMD_WET,1,0.013267699971801711,0.9745053264263877,0.012226973601810315
STARE_AMD_WET_0020_0d6202ae9b41,AMD_WET/im0105.png,AMD_WET,AMD_WET,Predefined folder label used as a rule-harmonized three-class category,6adfaa348c4fefcf987d1345282b82d6344a49a72df761012fa6682216d3cd6d,PROPOSED_HYBRID_PCA128_SVM,123,False,AMD_WET,1,0.10235313601543629,0.8935841903496127,0.004062673634950895
STARE_AMD_WET_0021_b244af1ee88b,AMD_WET/im0106.png,AMD_WET,AMD_WET,Predefined folder label used as a rule-harmonized three-class category,d7734c772af108c633197d99af226712ffdedf208de12e3401f1c0ff364bf415,PROPOSED_HYBRID_PCA128_SVM,123,False,AMD_WET,1,0.13904866475726088,0.8388999440048012,0.02205139123793778
STARE_AMD_WET_0022_485b7e19dbb9,AMD_WET/im0110.png,AMD_WET,AMD_WET,Predefined folder label used as a rule-harmonized three-class category,4cf4d8a5431840b301a45b27517dc9e4f6c315af9a951ee7a9e7aecd8d1fff87,PROPOSED_HYBRID_PCA128_SVM,123,False,AMD_WET,1,0.13176392869593126,0.8680199648082781,0.00021610649579039155
STARE_AMD_WET_0023_783924ab9d3e,AMD_WET/im0142.png,AMD_WET,AMD_WET,Predefined folder label used as a rule-harmonized three-class category,8652ae4720f76835d83600178ecd2d5ad364cff1aca2d5e6130f5a7edddbba86,PROPOSED_HYBRID_PCA128_SVM,123,False,AMD_WET,1,0.023191924622789795,0.7513863112238118,0.22542176415339846
STARE_AMD_WET_0024_c037a55bcb6c,AMD_WET/im0143.png,AMD_WET,AMD_WET,Predefined folder label used as a rule-harmonized three-class category,3453e39c772c5bab740f6413943cb5f93f5fe08c9c343a854a625e0b402ddb6d,PROPOSED_HYBRID_PCA128_SVM,123,False,AMD_WET,1,0.05101892521517397,0.9378852115482628,0.011095863236563237
STARE_AMD_WET_0025_98ec0df7bc68,AMD_WET/im0145.png,AMD_WET,AMD_WET,Predefined folder label used as a rule-harmonized three-class category,a5681525b97c4dca5f45ce5a5e1da936b07e025271f89ea246ff9b5dc6983440,PROPOSED_HYBRID_PCA128_SVM,123,False,AMD_WET,1,3.9855371893665736e-07,0.9997280416152995,0.00027155983098157835
STARE_AMD_WET_0026_2352e6cbeec6,AMD_WET/im0147.png,AMD_WET,AMD_WET,Predefined folder label used as a rule-harmonized three-class category,69c37425ca991739d3d10cbc578ac571c6a4e99322393a8713ba4eb848eb5502,PROPOSED_HYBRID_PCA128_SVM,123,False,AMD_DRY,0,0.748493537834851,0.25144401050209486,6.245166305406959e-05
STARE_AMD_WET_0027_10d3c0ba4d12,AMD_WET/im0148.png,AMD_WET,AMD_WET,Predefined folder label used as a rule-harmonized three-class category,b4bcfa8a3773c76313794c74e7ae8e82c21615838abbebdffca7d3cdf2917e30,PROPOSED_HYBRID_PCA128_SVM,123,False,AMD_WET,1,0.08213463951617551,0.9168066496800419,0.001058710803782405
STARE_AMD_WET_0028_f46e77551412,AMD_WET/im0149.png,AMD_WET,AMD_WET,Predefined folder label used as a rule-harmonized three-class category,6f3fdbf773038c12c6e7c67386281b866491545eb6875000f674d23142bbd85c,PROPOSED_HYBRID_PCA128_SVM,123,False,AMD_WET,1,0.007365162234532328,0.9922994368726595,0.0003354008928080809
STARE_AMD_WET_0029_dc7db43f95e6,AMD_WET/im0150.png,AMD_WET,AMD_WET,Predefined folder label used as a rule-harmonized three-class category,d908ec1498c17f64e75e8497e8397e759b2e133e69c4f86aad3f9e748c2c506d,PROPOSED_HYBRID_PCA128_SVM,123,False,AMD_DRY,0,0.42667875610708506,0.5334075154406023,0.039913728452312815
STARE_AMD_WET_0030_217ba81e51a4,AMD_WET/im0151.png,AMD_WET,AMD_WET,Predefined folder label used as a rule-harmonized three-class category,8426b239b4497a8d26c2eef041be117d86819413209f92ff27a35821cc98e7aa,PROPOSED_HYBRID_PCA128_SVM,123,False,AMD_WET,1,0.03435892352091423,0.9554660440663187,0.010175032412766735
STARE_AMD_WET_0031_ea436d9c2155,AMD_WET/im0154.png,AMD_WET,AMD_WET,Predefined folder label used as a rule-harmonized three-class category,3e30820f11968c852328d7ce0e311f95a9d8e8d2aa4e967c54c7899bf05e78af,PROPOSED_HYBRID_PCA128_SVM,123,False,AMD_WET,1,0.05273071318256361,0.9452457303601333,0.0020235564573032076
STARE_AMD_WET_0032_82a866bf90e7,AMD_WET/im0158.png,AMD_WET,AMD_WET,Predefined folder label used as a rule-harmonized three-class category,acfeb121c561a1f48875b41496a49b0052e28623d3e80699cc5a5724b9caaf07,PROPOSED_HYBRID_PCA128_SVM,123,False,AMD_WET,1,0.002066111529791061,0.9961021860491751,0.001831702421033519
STARE_AMD_WET_0033_3f2dc2fca284,AMD_WET/im0162.png,AMD_WET,AMD_WET,Predefined folder label used as a rule-harmonized three-class category,72e00297ec08da2d035593fb29639d79d88f8b39cd0b42b787601000ef19feeb,PROPOSED_HYBRID_PCA128_SVM,123,False,NORMAL,0,0.005361725568018283,0.06093619871312397,0.9337020757188578
STARE_AMD_WET_0034_8775b8a29b66,AMD_WET/im0163.png,AMD_WET,AMD_WET,Predefined folder label used as a rule-harmonized three-class category,d41b401024384b648248ed09f5d762674d085959b8e5dfe2162d01b4fd4c2ef0,PROPOSED_HYBRID_PCA128_SVM,123,False,NORMAL,0,0.12049044698477364,0.351324557058802,0.5281849959564243
STARE_AMD_WET_0035_4c0db4ccf5a4,AMD_WET/im0164.png,AMD_WET,AMD_WET,Predefined folder label used as a rule-harmonized three-class category,fef2c9c937e4640ab7bc97fdf7248f5943b843bb46961d3b328303d0741a9ded,PROPOSED_HYBRID_PCA128_SVM,123,False,AMD_WET,1,0.1370903295813439,0.5422501951097332,0.320659475308923
STARE_AMD_WET_0036_c00e1422854e,AMD_WET/im0171.png,AMD_WET,AMD_WET,Predefined folder label used as a rule-harmonized three-class category,27508429504998fba48c98402a0c27ad4b52a8eb901a6560b94bcdfbe5f02b5e,PROPOSED_HYBRID_PCA128_SVM,123,False,AMD_WET,1,2.5749456175448043e-06,0.9992463362081936,0.0007510888461889009
STARE_AMD_WET_0037_f615feb0e70f,AMD_WET/im0172.png,AMD_WET,AMD_WET,Predefined folder label used as a rule-harmonized three-class category,ef627ca53ec6663be33e93ab56135bd86105368b41bd762ff33fdf721cd11f47,PROPOSED_HYBRID_PCA128_SVM,123,False,AMD_WET,1,0.015644328580212797,0.9793711830834726,0.0049844883363145635
STARE_AMD_WET_0038_f067b2299705,AMD_WET/im0259.png,AMD_WET,AMD_WET,Predefined folder label used as a rule-harmonized three-class category,3ddfc0b707bd98706b3d375e2f9b1b4d04b0b1d29819028e980a276a5e5931e8,PROPOSED_HYBRID_PCA128_SVM,123,False,AMD_WET,1,0.16058757729946968,0.8387962778268186,0.0006161448737117834
STARE_AMD_WET_0039_901400a328ea,AMD_WET/im0260.png,AMD_WET,AMD_WET,Predefined folder label used as a rule-harmonized three-class category,05dc807bfa30fa429de8d8b049ecafd790c32c2a559f9405882d54e63ea674a9,PROPOSED_HYBRID_PCA128_SVM,123,False,AMD_WET,1,0.05890294514036132,0.8577523167726763,0.08334473808696265
STARE_AMD_WET_0040_a363219f11d0,AMD_WET/im0268.png,AMD_WET,AMD_WET,Predefined folder label used as a rule-harmonized three-class category,35888c752846e3adb3516a194fcd44f813a0bb0346a881c9cce8d8f88ed976a9,PROPOSED_HYBRID_PCA128_SVM,123,False,AMD_WET,1,2.2952272838990105e-07,0.9998702140175891,0.00012955645968251166
STARE_AMD_WET_0041_690c73b63336,AMD_WET/im0269.png,AMD_WET,AMD_WET,Predefined folder label used as a rule-harmonized three-class category,2f075a6a797e24f97921a61f679e1ae0ab73ad90d36632093ec7750205784168,PROPOSED_HYBRID_PCA128_SVM,123,False,AMD_WET,1,2.770186103467491e-06,0.999919942474508,7.728733938854745e-05
STARE_AMD_WET_0042_69540105ba9b,AMD_WET/im0270.png,AMD_WET,AMD_WET,Predefined folder label used as a rule-harmonized three-class category,76d593aa16b8092375d9df1f1daf3d05a70f0f95019bb2ea6fbe2b633a712e52,PROPOSED_HYBRID_PCA128_SVM,123,False,AMD_WET,1,0.0077940725225369,0.9921262442667937,7.968321066943744e-05
STARE_AMD_WET_0043_4ed7714513bd,AMD_WET/im0375.png,AMD_WET,AMD_WET,Predefined folder label used as a rule-harmonized three-class category,3285ead4943823ab422def9a6ba9ce19f6cb90266b55ca36873af16cbe14d4cd,PROPOSED_HYBRID_PCA128_SVM,123,False,AMD_WET,1,0.03361654801910229,0.904045109902307,0.06233834207859067
STARE_AMD_WET_0044_1eca6ca88367,AMD_WET/im0376.png,AMD_WET,AMD_WET,Predefined folder label used as a rule-harmonized three-class category,2e9e22db7a9b5246621d6f46a9eb6ba71e7cbaee0e7407aeec5a40204eebd0d2,PROPOSED_HYBRID_PCA128_SVM,123,False,AMD_WET,1,0.004336848257950184,0.8140418485457567,0.18162130319629313
STARE_AMD_WET_0045_a7ac74c12223,AMD_WET/im0377.png,AMD_WET,AMD_WET,Predefined folder label used as a rule-harmonized three-class category,fc69ff53cc325cd060f4424c0f95424e90716f5143248286ab8a235f2adb238d,PROPOSED_HYBRID_PCA128_SVM,123,False,NORMAL,0,0.00043574659439039697,0.006800566914724907,0.9927636864908848
STARE_AMD_WET_0046_930a5d6ef337,AMD_WET/im0378.png,AMD_WET,AMD_WET,Predefined folder label used as a rule-harmonized three-class category,938e4f4d27b037c2468b2acd649d075f6b8a232dd58c4bab39f9802478c3d099,PROPOSED_HYBRID_PCA128_SVM,123,False,AMD_WET,1,0.01946526775153619,0.9274956880429067,0.053039044205557016
STARE_AMD_WET_0047_33adc64edf0e,AMD_WET/im0379.png,AMD_WET,AMD_WET,Predefined folder label used as a rule-harmonized three-class category,f56238dd685cc66e4d92d338b424d0a61d475111ba3e3cb9a73b26b1356ab412,PROPOSED_HYBRID_PCA128_SVM,123,False,AMD_WET,1,0.26481670834750226,0.7120770767333819,0.02310621491911579
STARE_AMD_WET_0048_06963c6124c6,AMD_WET/im0380.png,AMD_WET,AMD_WET,Predefined folder label used as a rule-harmonized three-class category,7a673e54c6ffc0e1423acafccc440d30bda225ac2b2a446b0c50091c02f8a9ac,PROPOSED_HYBRID_PCA128_SVM,123,False,AMD_WET,1,0.028736671319108655,0.9601726300821478,0.011090698598743714
STARE_AMD_WET_0049_9bf3d111a53d,AMD_WET/im0381.png,AMD_WET,AMD_WET,Predefined folder label used as a rule-harmonized three-class category,83ab520e218e344b07e97523c41262b626658654defdf671c0a15aafa62d69dc,PROPOSED_HYBRID_PCA128_SVM,123,False,AMD_WET,1,0.1486811890438998,0.7174077564707237,0.13391105448537627
STARE_AMD_WET_0050_e8a530fce5a2,AMD_WET/im0382.png,AMD_WET,AMD_WET,Predefined folder label used as a rule-harmonized three-class category,2a5f5949d58920bc4640f201a952752009f04984297e630fb2cc08bf28633614,PROPOSED_HYBRID_PCA128_SVM,123,False,AMD_DRY,0,0.7497945230308688,0.24860821587269694,0.001597261096433963
STARE_AMD_WET_0051_482de20e4e3b,AMD_WET/im0383.png,AMD_WET,AMD_WET,Predefined folder label used as a rule-harmonized three-class category,35e60c03d2808a6df90a4a6e87a30a54599dab57e027eb19fd2161d8b24bde2b,PROPOSED_HYBRID_PCA128_SVM,123,False,AMD_WET,1,0.21996111071945756,0.7284393975647869,0.05159949171575561
STARE_AMD_WET_0052_d1204ef9efbf,AMD_WET/im0384.png,AMD_WET,AMD_WET,Predefined folder label used as a rule-harmonized three-class category,dbc8302f2327e1d4813cc03c89406f01c2f5a4e5c1926c01053b54d77c00e7f8,PROPOSED_HYBRID_PCA128_SVM,123,False,AMD_WET,1,0.0460649923599822,0.7861118424946107,0.16782316514540702
STARE_AMD_WET_0053_a654eff73804,AMD_WET/im0385.png,AMD_WET,AMD_WET,Predefined folder label used as a rule-harmonized three-class category,7cf72f7ef7a41de0d1156ce7f03b44973bdd92a1a1b2b99ff8a77647ba54ed25,PROPOSED_HYBRID_PCA128_SVM,123,False,AMD_WET,1,2.1516568774217556e-05,0.9975150585371435,0.00246342489408222
STARE_NORMAL_0001_bcb949751692,NORMAL/im0032.png,NORMAL,NORMAL,Predefined folder label used as a rule-harmonized three-class category,62e879df0174360b7ae75d1c10991e5b696428f0facbf09043a5cbd406b67599,PROPOSED_HYBRID_PCA128_SVM,123,False,NORMAL,1,0.007396163123626989,0.023277491120369066,0.969326345756004
STARE_NORMAL_0002_5dc0f880fbb0,NORMAL/im0035.png,NORMAL,NORMAL,Predefined folder label used as a rule-harmonized three-class category,e37c8438fcce197544ae71f483ab8997c91457351e6d5a1477f8a14afc1a2a4e,PROPOSED_HYBRID_PCA128_SVM,123,False,AMD_WET,0,0.23130696421731622,0.43655670136789493,0.3321363344147888
STARE_NORMAL_0003_af8dffaab8e8,NORMAL/im0076.png,NORMAL,NORMAL,Predefined folder label used as a rule-harmonized three-class category,6f6ca7f36384eb7df2ffeac7b66373ce318a74b3ff5aad4db689649dd0bfd7cd,PROPOSED_HYBRID_PCA128_SVM,123,False,NORMAL,1,3.0768637077528686e-06,2.4454758943391183e-06,0.999994477660398
STARE_NORMAL_0004_a7c8b54fa43f,NORMAL/im0077.png,NORMAL,NORMAL,Predefined folder label used as a rule-harmonized three-class category,09e643596a6f4780adffefeeee2bd8d87372f8ace5fb1793dd127ad485a62af7,PROPOSED_HYBRID_PCA128_SVM,123,False,NORMAL,1,0.023525634888095743,0.03465946489263058,0.9418149002192737
STARE_NORMAL_0005_9545e76ea708,NORMAL/im0080.png,NORMAL,NORMAL,Predefined folder label used as a rule-harmonized three-class category,2d1c47abfa3a52970bea03740f7ed219245b4a8ee2f559b833335ed69bf49628,PROPOSED_HYBRID_PCA128_SVM,123,False,AMD_DRY,0,0.26136966105191295,0.350156912617521,0.3884734263305659
STARE_NORMAL_0006_a0954f383019,NORMAL/im0081.png,NORMAL,NORMAL,Predefined folder label used as a rule-harmonized three-class category,4baf8ebb88eca8082da1e458c72c9fe393ff8e5ec16e91175432bed19627aa1d,PROPOSED_HYBRID_PCA128_SVM,123,False,NORMAL,1,0.03411269173312459,0.2526641201329728,0.7132231881339024
STARE_NORMAL_0007_5980e3b87e9e,NORMAL/im0082.png,NORMAL,NORMAL,Predefined folder label used as a rule-harmonized three-class category,2884006bfa703a7117eed97da8d82ae7b5bb529685b56fd91142f027c32fd415,PROPOSED_HYBRID_PCA128_SVM,123,False,NORMAL,1,0.01528639708079615,0.03166721923541562,0.9530463836837881
STARE_NORMAL_0008_67b0b3d6d1f2,NORMAL/im0119.png,NORMAL,NORMAL,Predefined folder label used as a rule-harmonized three-class category,6150b14dd0d0dd390bcf1e364e4389f2cf4e03392b886b57173ec61b5681404b,PROPOSED_HYBRID_PCA128_SVM,123,False,NORMAL,1,0.01903066493344738,0.17309274514645334,0.8078765899200993
STARE_NORMAL_0009_6a65823b5152,NORMAL/im0120.png,NORMAL,NORMAL,Predefined folder label used as a rule-harmonized three-class category,bcde9855e79ec1b7af4d668ae77ded4f721959afbdecb43b7674a061234cd473,PROPOSED_HYBRID_PCA128_SVM,123,False,NORMAL,1,0.007737745455154918,0.05842212164095171,0.9338401329038932
STARE_NORMAL_0010_288860135381,NORMAL/im0170.png,NORMAL,NORMAL,Predefined folder label used as a rule-harmonized three-class category,a35491abd3cdf67d5011dbd78bf89a4d93c4ee0d613994338ee88050813d95ea,PROPOSED_HYBRID_PCA128_SVM,123,False,NORMAL,1,0.05098011752302421,0.08949832820054258,0.859521554276433
STARE_NORMAL_0011_adb7788e4f81,NORMAL/im0190.png,NORMAL,NORMAL,Predefined folder label used as a rule-harmonized three-class category,c750838f7b3cdbb4d7456a56e0bf87f36dfaf5db349e036b972ccaab23d00c21,PROPOSED_HYBRID_PCA128_SVM,123,False,NORMAL,1,0.00041756912852626056,0.020195322070545627,0.9793871088009282
STARE_NORMAL_0012_88861f2bdfe4,NORMAL/im0198.png,NORMAL,NORMAL,Predefined folder label used as a rule-harmonized three-class category,87add79ee388d59aa87622a56d873fd8d360f85d7bf6a50a21d3c0a0b41ae571,PROPOSED_HYBRID_PCA128_SVM,123,False,NORMAL,1,0.18471548593594073,0.03416126373860628,0.7811232503254528
STARE_NORMAL_0013_c303b9fa8118,NORMAL/im0199.png,NORMAL,NORMAL,Predefined folder label used as a rule-harmonized three-class category,453319f57d81ffb75d5a6d623d221956b7612f662aedf38ea3f810765b18394d,PROPOSED_HYBRID_PCA128_SVM,123,False,NORMAL,1,0.025942162641621462,0.225637217706427,0.7484206196519517
STARE_NORMAL_0014_4235d006c6c5,NORMAL/im0216.png,NORMAL,NORMAL,Predefined folder label used as a rule-harmonized three-class category,e3c533d5cdda64345e0dd8c7df973d1ffcf27ba72bd3260e888f7050ec8b8864,PROPOSED_HYBRID_PCA128_SVM,123,False,NORMAL,1,0.021327604906173688,0.025827897080637367,0.9528444980131892
STARE_NORMAL_0015_3ec130b0c8aa,NORMAL/im0219.png,NORMAL,NORMAL,Predefined folder label used as a rule-harmonized three-class category,5319f005326e3766c0f7cd49defd75b26089ea46ae1984d7877bbda6fbf0f5b9,PROPOSED_HYBRID_PCA128_SVM,123,False,NORMAL,1,0.00016537982053327544,0.004282264203794273,0.9955523559756725
STARE_NORMAL_0016_a5dd62b18f81,NORMAL/im0231.png,NORMAL,NORMAL,Predefined folder label used as a rule-harmonized three-class category,69e9a35b9cef4038cc12fc6533b15395e80f631dbd5088442a0ec6af0c77ccff,PROPOSED_HYBRID_PCA128_SVM,123,False,AMD_DRY,0,0.21849395081029427,0.4032267334220193,0.3782793157676867
STARE_NORMAL_0017_f2351c6ce9fa,NORMAL/im0234.png,NORMAL,NORMAL,Predefined folder label used as a rule-harmonized three-class category,5558231804283e500c7b1867373702abafe24e462b5c21118a896a6130732122,PROPOSED_HYBRID_PCA128_SVM,123,False,NORMAL,1,0.05873312884142455,0.1317526800443461,0.8095141911142294
STARE_NORMAL_0018_4bb8a01681a3,NORMAL/im0235.png,NORMAL,NORMAL,Predefined folder label used as a rule-harmonized three-class category,3809fd30b63a0d911aec81ae9eac6ebba104db3075fed8c8b109f3e379a09528,PROPOSED_HYBRID_PCA128_SVM,123,False,NORMAL,1,0.08567306855479603,0.22471974640509806,0.689607185040106
STARE_NORMAL_0019_d06a1b708664,NORMAL/im0236.png,NORMAL,NORMAL,Predefined folder label used as a rule-harmonized three-class category,aa35e55e4281f566394437f6552842612810d3df0f21dd38952ff0bf0fb3fe52,PROPOSED_HYBRID_PCA128_SVM,123,False,AMD_WET,0,0.0612595643135097,0.5797407695237887,0.35899966616270146
STARE_NORMAL_0020_80b19c79855d,NORMAL/im0237.png,NORMAL,NORMAL,Predefined folder label used as a rule-harmonized three-class category,5f4909ef146efb4de3ab5bce07d15658fef5d126757033521700b1b45e7471a8,PROPOSED_HYBRID_PCA128_SVM,123,False,AMD_DRY,0,0.6423669199232849,0.10940322662611725,0.2482298534505977
STARE_NORMAL_0021_a8a97366077a,NORMAL/im0238.png,NORMAL,NORMAL,Predefined folder label used as a rule-harmonized three-class category,a8a64a614eb8df3408b22ad6f21cfb439d2a5d006216e1fe6277d2911b53e75a,PROPOSED_HYBRID_PCA128_SVM,123,False,NORMAL,1,0.1654600021947142,0.15963930889315744,0.6749006889121283
STARE_NORMAL_0022_7d403a344fb9,NORMAL/im0239.png,NORMAL,NORMAL,Predefined folder label used as a rule-harmonized three-class category,eb5a6ca738083158f1f644cbc6f6a1df1b54d11b438e8a9b79ba5f0c435cf63d,PROPOSED_HYBRID_PCA128_SVM,123,False,NORMAL,1,0.0016138231609036978,0.00608861954952356,0.9922975572895726
STARE_NORMAL_0023_47ed930d2f03,NORMAL/im0240.png,NORMAL,NORMAL,Predefined folder label used as a rule-harmonized three-class category,5fb8b1d5f3fe6585ad73dc399b90d469afacac14da43d19541c0e4d283c741d7,PROPOSED_HYBRID_PCA128_SVM,123,False,NORMAL,1,0.0007111763724397559,0.002869564291371018,0.9964192593361891
STARE_NORMAL_0024_bb5cb2546ea1,NORMAL/im0241.png,NORMAL,NORMAL,Predefined folder label used as a rule-harmonized three-class category,76e76bf16fdfbd8909809773a537914810f675f5cd7b465919a2ac954784721d,PROPOSED_HYBRID_PCA128_SVM,123,False,AMD_DRY,0,0.4946610431946693,0.11487652392187805,0.3904624328834526
STARE_NORMAL_0025_40962a17dfbb,NORMAL/im0252.png,NORMAL,NORMAL,Predefined folder label used as a rule-harmonized three-class category,9a8b2d7e790afb389f2e0cfebe109925e7f7e107f04786b6e9764be6baea5377,PROPOSED_HYBRID_PCA128_SVM,123,False,AMD_WET,0,0.01604652519282885,0.5084109942268482,0.47554248058032283
STARE_NORMAL_0026_0e9ac8c7e0ab,NORMAL/im0253.png,NORMAL,NORMAL,Predefined folder label used as a rule-harmonized three-class category,88e1280e81b83f87b9d2004480a7abbaf39c31af89466d280a1398291118f320,PROPOSED_HYBRID_PCA128_SVM,123,False,AMD_WET,0,0.268218877276646,0.47678458325794215,0.2549965394654118
STARE_NORMAL_0027_a729417ea11b,NORMAL/im0254.png,NORMAL,NORMAL,Predefined folder label used as a rule-harmonized three-class category,b5bd3c6208c42d3375edc38f4316d86afbd9254e82b68a828c64dcc0315896df,PROPOSED_HYBRID_PCA128_SVM,123,False,NORMAL,1,0.019387632317631312,0.04532416607451781,0.9352882016078509
STARE_NORMAL_0028_904d555e7186,NORMAL/im0255.png,NORMAL,NORMAL,Predefined folder label used as a rule-harmonized three-class category,359d311f41cc6fbcb2c742d40260e4db79f49e952b8c4f7d7fce7062d2ebad75,PROPOSED_HYBRID_PCA128_SVM,123,False,NORMAL,1,0.0008051814706670445,0.013516679844171204,0.9856781386851617
STARE_NORMAL_0029_26e8fa5a34fb,NORMAL/im0278.png,NORMAL,NORMAL,Predefined folder label used as a rule-harmonized three-class category,bd1a0421f976637181ec6f3b282239391a5644af975394630aa4deca815e7c54,PROPOSED_HYBRID_PCA128_SVM,123,False,AMD_WET,0,0.16988467605453544,0.7218488068758503,0.10826651706961427
STARE_AMD_DRY_0001_d263f50d89b2,AMD_DRY/im0006.png,AMD_DRY,AMD_DRY,Predefined folder label used as a rule-harmonized three-class category,07404fb4bd53b34ee25026662f3aa297e0556661c85da6cc611afc72690dd067,PROPOSED_HYBRID_PCA128_SVM,2026,False,AMD_WET,0,0.24455010386846604,0.7293713869941133,0.026078509137420682
STARE_AMD_DRY_0002_229c41f2cf25,AMD_DRY/im0012.png,AMD_DRY,AMD_DRY,Predefined folder label used as a rule-harmonized three-class category,7ead02e3f48eb036c8e46131fa3c26573762533cf84bb586588ea1586b9a151a,PROPOSED_HYBRID_PCA128_SVM,2026,False,AMD_WET,0,0.0738905442367411,0.9182124241966504,0.007897031566608556
STARE_AMD_DRY_0003_d6d7c11dd912,AMD_DRY/im0015.png,AMD_DRY,AMD_DRY,Predefined folder label used as a rule-harmonized three-class category,a3e8437cae1948c95e2e91e75d8e33c016295d76bbd77a62d6066b602e77cde2,PROPOSED_HYBRID_PCA128_SVM,2026,False,AMD_WET,0,0.18510510571123212,0.7153930652116997,0.09950182907706827
STARE_AMD_DRY_0004_b06dde6ef269,AMD_DRY/im0046.png,AMD_DRY,AMD_DRY,Predefined folder label used as a rule-harmonized three-class category,02463d320cda2ff13bf3719d639973124b40fbd8b127cf778b4bf9af3be5ae26,PROPOSED_HYBRID_PCA128_SVM,2026,False,NORMAL,0,0.4557665551136466,0.033726553988839024,0.510506890897514
STARE_AMD_DRY_0005_937e0f008180,AMD_DRY/im0063.png,AMD_DRY,AMD_DRY,Predefined folder label used as a rule-harmonized three-class category,4ecde88543ad41f537feab30920481af39418f67cbd4a0af6741557e269bc487,PROPOSED_HYBRID_PCA128_SVM,2026,False,AMD_DRY,1,0.7749590971677608,0.16137555299297032,0.06366534983926884
STARE_AMD_DRY_0006_cc78e90fdf44,AMD_DRY/im0066.png,AMD_DRY,AMD_DRY,Predefined folder label used as a rule-harmonized three-class category,2240107c1ed6c3fa19669456df1652a098850fd217eceba2630795b2aa8c49db,PROPOSED_HYBRID_PCA128_SVM,2026,False,AMD_WET,0,0.24826777312888829,0.6450878065540853,0.10664442031702638
STARE_AMD_DRY_0007_1e4f490def47,AMD_DRY/im0068.png,AMD_DRY,AMD_DRY,Predefined folder label used as a rule-harmonized three-class category,6f526995077b937f5fea61e713f5c5ff158fe9505855bc2c1e026438d467aeb2,PROPOSED_HYBRID_PCA128_SVM,2026,False,AMD_DRY,1,0.9613184453726855,0.017789558070887532,0.02089199655642691
STARE_AMD_DRY_0008_c8d5b3bc7fd1,AMD_DRY/im0175.png,AMD_DRY,AMD_DRY,Predefined folder label used as a rule-harmonized three-class category,b9078b917d6bab1ba7794307d6de24878364c3a9a686638d18208e7508628339,PROPOSED_HYBRID_PCA128_SVM,2026,False,AMD_DRY,1,0.8427438982959786,0.1419481977549389,0.015307903949082621
STARE_AMD_DRY_0009_1b44b3f95920,AMD_DRY/im0193.png,AMD_DRY,AMD_DRY,Predefined folder label used as a rule-harmonized three-class category,432a8c9a1caf88b55bb56a507ac762d5b327717050fefc5be278fd4338c19f30,PROPOSED_HYBRID_PCA128_SVM,2026,False,AMD_DRY,1,0.9280912965567552,0.06825689036872917,0.0036518130745157393
STARE_AMD_DRY_0010_831581454862,AMD_DRY/im0250.png,AMD_DRY,AMD_DRY,Predefined folder label used as a rule-harmonized three-class category,f0b0ea1b3c6b93f64fbaa5e5ce949029f0a1114170600a59727d7bb4ec12c5c3,PROPOSED_HYBRID_PCA128_SVM,2026,False,AMD_DRY,1,0.7897588307180151,0.17118686105882722,0.03905430822315748
STARE_AMD_DRY_0011_1f3e7a28dfdb,AMD_DRY/im0262.png,AMD_DRY,AMD_DRY,Predefined folder label used as a rule-harmonized three-class category,3e5597a19b733c677176fc433af21a35226f819671da0d09f5f5030e4f2b26b0,PROPOSED_HYBRID_PCA128_SVM,2026,False,AMD_DRY,1,0.4113809100217583,0.4874676490460831,0.10115144093215846
STARE_AMD_DRY_0012_faa094e238d5,AMD_DRY/im0263.png,AMD_DRY,AMD_DRY,Predefined folder label used as a rule-harmonized three-class category,4db3e481700ec8db703d55c2fc73a741a76ee153011608264863a52740bc8fb1,PROPOSED_HYBRID_PCA128_SVM,2026,False,AMD_DRY,1,0.557934421637718,0.20773438990207999,0.2343311884602021
STARE_AMD_DRY_0013_667486851e7b,AMD_DRY/im0264.png,AMD_DRY,AMD_DRY,Predefined folder label used as a rule-harmonized three-class category,8ebb345117e4ef7e9b7d36fb7c1cd4c4cf989442736ea0b46079b8871a4ea779,PROPOSED_HYBRID_PCA128_SVM,2026,False,AMD_DRY,1,0.8575304849459997,0.11349520179100793,0.028974313262992085
STARE_AMD_DRY_0014_77bca31945cf,AMD_DRY/im0265.png,AMD_DRY,AMD_DRY,Predefined folder label used as a rule-harmonized three-class category,ad1821d60e315daecf235929f70cf8f3dfde962469edb679592996b12f95db36,PROPOSED_HYBRID_PCA128_SVM,2026,False,AMD_DRY,1,0.7580420855258855,0.22182584815302953,0.020132066321085006
STARE_AMD_DRY_0015_9816ec7268cf,AMD_DRY/im0266.png,AMD_DRY,AMD_DRY,Predefined folder label used as a rule-harmonized three-class category,8d46fced829b536a3d2db2bd9333d6b33635c06e5252f1d4776f4162d18fc081,PROPOSED_HYBRID_PCA128_SVM,2026,False,AMD_DRY,1,0.5715564253059106,0.4244472918631048,0.003996282830984725
STARE_AMD_DRY_0016_b0cdd859d6ed,AMD_DRY/im0292.png,AMD_DRY,AMD_DRY,Predefined folder label used as a rule-harmonized three-class category,f5fe8b111acf618451880f97052f418600aeb562be4deb3abebfeb1c176a4b64,PROPOSED_HYBRID_PCA128_SVM,2026,False,AMD_WET,0,0.13679279017290608,0.8449056463613288,0.018301563465765194
STARE_AMD_DRY_0017_7456c8a0cd69,AMD_DRY/im0401.png,AMD_DRY,AMD_DRY,Predefined folder label used as a rule-harmonized three-class category,ba2d68ee6bbf1771c5b2d79805beaf8e46860cfb245819074ee4fd1f94de33bd,PROPOSED_HYBRID_PCA128_SVM,2026,False,AMD_DRY,1,0.5596459392464682,0.36515536118438235,0.07519869956914921
STARE_AMD_DRY_0018_379873cbb1a2,AMD_DRY/im0402.png,AMD_DRY,AMD_DRY,Predefined folder label used as a rule-harmonized three-class category,14ed4022ab6157297273acaef2c6a656c74b45e826c5c81119024c9e089ae712,PROPOSED_HYBRID_PCA128_SVM,2026,False,AMD_WET,0,0.3391433475723777,0.6012457111055203,0.05961094132210211
STARE_AMD_WET_0001_4abb74838c2e,AMD_WET/im0007.png,AMD_WET,AMD_WET,Predefined folder label used as a rule-harmonized three-class category,43efff95090bce4ff7388809dd5f71ec968f84c8868f4597d50267e06f6a80ab,PROPOSED_HYBRID_PCA128_SVM,2026,False,AMD_WET,1,0.020040209428347493,0.9649527504860632,0.015007040085589467
STARE_AMD_WET_0002_364d7d338f60,AMD_WET/im0008.png,AMD_WET,AMD_WET,Predefined folder label used as a rule-harmonized three-class category,97947d82cf545207422cbd803d4dbc1a44338829d22d841b49f4bcfd305a70d3,PROPOSED_HYBRID_PCA128_SVM,2026,False,AMD_WET,1,0.06949436019836377,0.9293360476819843,0.001169592119652044
STARE_AMD_WET_0003_a3a1c9c56853,AMD_WET/im0011.png,AMD_WET,AMD_WET,Predefined folder label used as a rule-harmonized three-class category,e449e9fd863250088ca5750e581ca89d9a8be324a6dbe88334824697fb987a9e,PROPOSED_HYBRID_PCA128_SVM,2026,False,AMD_WET,1,3.799007614936552e-07,0.9999710991293239,2.852096991454721e-05
STARE_AMD_WET_0004_b1fbc6d203b8,AMD_WET/im0017.png,AMD_WET,AMD_WET,Predefined folder label used as a rule-harmonized three-class category,426c86d782efc552afc690378865191e61df5aa4ccd9bfe1f682174328a87cef,PROPOSED_HYBRID_PCA128_SVM,2026,False,AMD_WET,1,0.08950153663828317,0.9100485886541412,0.0004498747075758064
STARE_AMD_WET_0005_67527302d081,AMD_WET/im0034.png,AMD_WET,AMD_WET,Predefined folder label used as a rule-harmonized three-class category,03e98b766cd9c45837d9b19be05cd460593d335a3f8bdcc20b25fe6fce757879,PROPOSED_HYBRID_PCA128_SVM,2026,False,AMD_WET,1,0.004539716612818327,0.9941333229448946,0.0013269604422870025
STARE_AMD_WET_0006_db064e8eb44c,AMD_WET/im0036.png,AMD_WET,AMD_WET,Predefined folder label used as a rule-harmonized three-class category,40ed5b10850dbe2cac6fa5ad0da28d12e14f3c03ba1d8656667cbeef1faefbb2,PROPOSED_HYBRID_PCA128_SVM,2026,False,AMD_WET,1,0.0076473568170883225,0.9916101469293883,0.0007424962535234619
STARE_AMD_WET_0007_5b7bee080dcd,AMD_WET/im0037.png,AMD_WET,AMD_WET,Predefined folder label used as a rule-harmonized three-class category,63a74787d05305a09f9daae4964e7f067306f3c4f6521a8c6fb2ade01e8cadf2,PROPOSED_HYBRID_PCA128_SVM,2026,False,AMD_WET,1,0.008856581369780632,0.9909001673229386,0.00024325130728083375
STARE_AMD_WET_0008_ce070d9aedb0,AMD_WET/im0053.png,AMD_WET,AMD_WET,Predefined folder label used as a rule-harmonized three-class category,5bd3fdb5c8efcbe5bd534875a8ab9ced630474e6e6b3f6c7645ea7106028bb99,PROPOSED_HYBRID_PCA128_SVM,2026,False,AMD_WET,1,0.03853884815321752,0.9594175763346409,0.002043575512141604
STARE_AMD_WET_0009_7f040538c58a,AMD_WET/im0054.png,AMD_WET,AMD_WET,Predefined folder label used as a rule-harmonized three-class category,748a963e24d304d8145fac9e87991a1f4a2e8f8f9ec250a94e3b76c86bffd32f,PROPOSED_HYBRID_PCA128_SVM,2026,False,AMD_WET,1,0.034876957523148205,0.9648014014488127,0.00032164102803951017
STARE_AMD_WET_0010_f9748c7fccb6,AMD_WET/im0061.png,AMD_WET,AMD_WET,Predefined folder label used as a rule-harmonized three-class category,3618ee890a682dad4db87a0f55e8bb3e60e13889c98f32b5be93e86847dad88e,PROPOSED_HYBRID_PCA128_SVM,2026,False,AMD_WET,1,0.03048987816020835,0.9673526124846574,0.0021575093551342824
STARE_AMD_WET_0011_685974b697be,AMD_WET/im0062.png,AMD_WET,AMD_WET,Predefined folder label used as a rule-harmonized three-class category,7f7de2b94bdba9e000b42e074aa5fdc898876c7c192460b346a01e5feb9c23bb,PROPOSED_HYBRID_PCA128_SVM,2026,False,AMD_WET,1,0.019874975880216156,0.9800733393906005,5.1684729183335934e-05
STARE_AMD_WET_0012_b0e1926f7dfc,AMD_WET/im0083.png,AMD_WET,AMD_WET,Predefined folder label used as a rule-harmonized three-class category,ad9eac2b2d2369f5d8277bc425012ce4787c38b55081296e2d47b27874c9efa6,PROPOSED_HYBRID_PCA128_SVM,2026,False,AMD_WET,1,0.014008041039073651,0.9806210248847694,0.005370934076157008
STARE_AMD_WET_0013_e4e4377d057a,AMD_WET/im0084.png,AMD_WET,AMD_WET,Predefined folder label used as a rule-harmonized three-class category,6d3f7fb5846b79faf4e775d5f9f50891641312aa4903ba8e2842934a697819b7,PROPOSED_HYBRID_PCA128_SVM,2026,False,AMD_WET,1,0.009361486892670452,0.9878942711980252,0.0027442419093042206
STARE_AMD_WET_0014_e880931c9146,AMD_WET/im0091.png,AMD_WET,AMD_WET,Predefined folder label used as a rule-harmonized three-class category,39d871a3e16f95b5048404122c29149267c6159c219c1d297bc9642257eb1492,PROPOSED_HYBRID_PCA128_SVM,2026,False,AMD_WET,1,0.012362592541373986,0.9857591570881867,0.0018782503704397164
STARE_AMD_WET_0015_25c7cf74080b,AMD_WET/im0092.png,AMD_WET,AMD_WET,Predefined folder label used as a rule-harmonized three-class category,15584a9280772911b2d202c8af1a671461257b3dca76e9fa46e972502b706de1,PROPOSED_HYBRID_PCA128_SVM,2026,False,AMD_WET,1,0.11357345266794923,0.8860671215023643,0.0003594258296864063
STARE_AMD_WET_0016_7f0eb389baee,AMD_WET/im0100.png,AMD_WET,AMD_WET,Predefined folder label used as a rule-harmonized three-class category,7bf274c7d773c817b4503ea8f88247bad16dd34eb8ce8dcc0c1b9f7f8c1a2ece,PROPOSED_HYBRID_PCA128_SVM,2026,False,NORMAL,0,0.011130121830327673,0.04509978661012773,0.9437700915595444
STARE_AMD_WET_0017_22cbd7234f5e,AMD_WET/im0101.png,AMD_WET,AMD_WET,Predefined folder label used as a rule-harmonized three-class category,a2e7d0814149deaffc104d661424651f7db5381d84c7456bb37dbe660241cd9f,PROPOSED_HYBRID_PCA128_SVM,2026,False,NORMAL,0,0.05960603829200432,0.41240718744342963,0.5279867742645659
STARE_AMD_WET_0018_04d706241959,AMD_WET/im0103.png,AMD_WET,AMD_WET,Predefined folder label used as a rule-harmonized three-class category,7f2fd1dd0bb83282a3036f49680952a097afd5ab56e8f97fcf4d055f76830d66,PROPOSED_HYBRID_PCA128_SVM,2026,False,AMD_WET,1,0.01771164150188309,0.9817961195443027,0.0004922389538142787
STARE_AMD_WET_0019_5add82a8671c,AMD_WET/im0104.png,AMD_WET,AMD_WET,Predefined folder label used as a rule-harmonized three-class category,8cd524a53014090924ea38e650597a8690329ca3a4a53cbafe5bf66a54e5b3da,PROPOSED_HYBRID_PCA128_SVM,2026,False,AMD_WET,1,0.012049738591239012,0.9804289787026503,0.007521282706110867
STARE_AMD_WET_0020_0d6202ae9b41,AMD_WET/im0105.png,AMD_WET,AMD_WET,Predefined folder label used as a rule-harmonized three-class category,6adfaa348c4fefcf987d1345282b82d6344a49a72df761012fa6682216d3cd6d,PROPOSED_HYBRID_PCA128_SVM,2026,False,AMD_WET,1,0.11259018984911819,0.8843702069381203,0.0030396032127615077
STARE_AMD_WET_0021_b244af1ee88b,AMD_WET/im0106.png,AMD_WET,AMD_WET,Predefined folder label used as a rule-harmonized three-class category,d7734c772af108c633197d99af226712ffdedf208de12e3401f1c0ff364bf415,PROPOSED_HYBRID_PCA128_SVM,2026,False,AMD_WET,1,0.13335599213291477,0.8511410403284665,0.015502967538618621
STARE_AMD_WET_0022_485b7e19dbb9,AMD_WET/im0110.png,AMD_WET,AMD_WET,Predefined folder label used as a rule-harmonized three-class category,4cf4d8a5431840b301a45b27517dc9e4f6c315af9a951ee7a9e7aecd8d1fff87,PROPOSED_HYBRID_PCA128_SVM,2026,False,AMD_WET,1,0.14261698752055993,0.8571932181785185,0.00018979430092153212
STARE_AMD_WET_0023_783924ab9d3e,AMD_WET/im0142.png,AMD_WET,AMD_WET,Predefined folder label used as a rule-harmonized three-class category,8652ae4720f76835d83600178ecd2d5ad364cff1aca2d5e6130f5a7edddbba86,PROPOSED_HYBRID_PCA128_SVM,2026,False,AMD_WET,1,0.02579980935092133,0.7910330573275247,0.18316713332155382
STARE_AMD_WET_0024_c037a55bcb6c,AMD_WET/im0143.png,AMD_WET,AMD_WET,Predefined folder label used as a rule-harmonized three-class category,3453e39c772c5bab740f6413943cb5f93f5fe08c9c343a854a625e0b402ddb6d,PROPOSED_HYBRID_PCA128_SVM,2026,False,AMD_WET,1,0.04894383003923063,0.943195338212413,0.00786083174835667
STARE_AMD_WET_0025_98ec0df7bc68,AMD_WET/im0145.png,AMD_WET,AMD_WET,Predefined folder label used as a rule-harmonized three-class category,a5681525b97c4dca5f45ce5a5e1da936b07e025271f89ea246ff9b5dc6983440,PROPOSED_HYBRID_PCA128_SVM,2026,False,AMD_WET,1,2.7464134679668964e-07,0.9998194598148341,0.00018026554381920802
STARE_AMD_WET_0026_2352e6cbeec6,AMD_WET/im0147.png,AMD_WET,AMD_WET,Predefined folder label used as a rule-harmonized three-class category,69c37425ca991739d3d10cbc578ac571c6a4e99322393a8713ba4eb848eb5502,PROPOSED_HYBRID_PCA128_SVM,2026,False,AMD_DRY,0,0.7356510047749126,0.26428782823701025,6.116698807686958e-05
STARE_AMD_WET_0027_10d3c0ba4d12,AMD_WET/im0148.png,AMD_WET,AMD_WET,Predefined folder label used as a rule-harmonized three-class category,b4bcfa8a3773c76313794c74e7ae8e82c21615838abbebdffca7d3cdf2917e30,PROPOSED_HYBRID_PCA128_SVM,2026,False,AMD_WET,1,0.08563209724263669,0.9137312680850904,0.0006366346722730243
STARE_AMD_WET_0028_f46e77551412,AMD_WET/im0149.png,AMD_WET,AMD_WET,Predefined folder label used as a rule-harmonized three-class category,6f3fdbf773038c12c6e7c67386281b866491545eb6875000f674d23142bbd85c,PROPOSED_HYBRID_PCA128_SVM,2026,False,AMD_WET,1,0.008506320698332686,0.9913150630696514,0.00017861623201603663
STARE_AMD_WET_0029_dc7db43f95e6,AMD_WET/im0150.png,AMD_WET,AMD_WET,Predefined folder label used as a rule-harmonized three-class category,d908ec1498c17f64e75e8497e8397e759b2e133e69c4f86aad3f9e748c2c506d,PROPOSED_HYBRID_PCA128_SVM,2026,False,AMD_DRY,0,0.40454802892878794,0.5556346153373992,0.039817355733812704
STARE_AMD_WET_0030_217ba81e51a4,AMD_WET/im0151.png,AMD_WET,AMD_WET,Predefined folder label used as a rule-harmonized three-class category,8426b239b4497a8d26c2eef041be117d86819413209f92ff27a35821cc98e7aa,PROPOSED_HYBRID_PCA128_SVM,2026,False,AMD_WET,1,0.03636800040035781,0.9559643850753768,0.007667614524265132
STARE_AMD_WET_0031_ea436d9c2155,AMD_WET/im0154.png,AMD_WET,AMD_WET,Predefined folder label used as a rule-harmonized three-class category,3e30820f11968c852328d7ce0e311f95a9d8e8d2aa4e967c54c7899bf05e78af,PROPOSED_HYBRID_PCA128_SVM,2026,False,AMD_WET,1,0.06716562065369895,0.9314779356719923,0.0013564436743086802
STARE_AMD_WET_0032_82a866bf90e7,AMD_WET/im0158.png,AMD_WET,AMD_WET,Predefined folder label used as a rule-harmonized three-class category,acfeb121c561a1f48875b41496a49b0052e28623d3e80699cc5a5724b9caaf07,PROPOSED_HYBRID_PCA128_SVM,2026,False,AMD_WET,1,0.0025827376580101454,0.9962557775728881,0.0011614847691018544
STARE_AMD_WET_0033_3f2dc2fca284,AMD_WET/im0162.png,AMD_WET,AMD_WET,Predefined folder label used as a rule-harmonized three-class category,72e00297ec08da2d035593fb29639d79d88f8b39cd0b42b787601000ef19feeb,PROPOSED_HYBRID_PCA128_SVM,2026,False,NORMAL,0,0.0067389891928687825,0.06332070858814516,0.9299403022189862
STARE_AMD_WET_0034_8775b8a29b66,AMD_WET/im0163.png,AMD_WET,AMD_WET,Predefined folder label used as a rule-harmonized three-class category,d41b401024384b648248ed09f5d762674d085959b8e5dfe2162d01b4fd4c2ef0,PROPOSED_HYBRID_PCA128_SVM,2026,False,NORMAL,0,0.13299072901236106,0.3574766517844422,0.5095326192031967
STARE_AMD_WET_0035_4c0db4ccf5a4,AMD_WET/im0164.png,AMD_WET,AMD_WET,Predefined folder label used as a rule-harmonized three-class category,fef2c9c937e4640ab7bc97fdf7248f5943b843bb46961d3b328303d0741a9ded,PROPOSED_HYBRID_PCA128_SVM,2026,False,AMD_WET,1,0.1565180023221476,0.5441937476819376,0.2992882499959148
STARE_AMD_WET_0036_c00e1422854e,AMD_WET/im0171.png,AMD_WET,AMD_WET,Predefined folder label used as a rule-harmonized three-class category,27508429504998fba48c98402a0c27ad4b52a8eb901a6560b94bcdfbe5f02b5e,PROPOSED_HYBRID_PCA128_SVM,2026,False,AMD_WET,1,1.745726513664582e-06,0.9995697653179838,0.0004284889555026138
STARE_AMD_WET_0037_f615feb0e70f,AMD_WET/im0172.png,AMD_WET,AMD_WET,Predefined folder label used as a rule-harmonized three-class category,ef627ca53ec6663be33e93ab56135bd86105368b41bd762ff33fdf721cd11f47,PROPOSED_HYBRID_PCA128_SVM,2026,False,AMD_WET,1,0.017048389721237074,0.9792048449866165,0.003746765292146379
STARE_AMD_WET_0038_f067b2299705,AMD_WET/im0259.png,AMD_WET,AMD_WET,Predefined folder label used as a rule-harmonized three-class category,3ddfc0b707bd98706b3d375e2f9b1b4d04b0b1d29819028e980a276a5e5931e8,PROPOSED_HYBRID_PCA128_SVM,2026,False,AMD_WET,1,0.20737462811248436,0.7921689325092374,0.0004564393782783035
STARE_AMD_WET_0039_901400a328ea,AMD_WET/im0260.png,AMD_WET,AMD_WET,Predefined folder label used as a rule-harmonized three-class category,05dc807bfa30fa429de8d8b049ecafd790c32c2a559f9405882d54e63ea674a9,PROPOSED_HYBRID_PCA128_SVM,2026,False,AMD_WET,1,0.06508832229983792,0.8713093868047151,0.06360229089544675
STARE_AMD_WET_0040_a363219f11d0,AMD_WET/im0268.png,AMD_WET,AMD_WET,Predefined folder label used as a rule-harmonized three-class category,35888c752846e3adb3516a194fcd44f813a0bb0346a881c9cce8d8f88ed976a9,PROPOSED_HYBRID_PCA128_SVM,2026,False,AMD_WET,1,6.600610991247155e-07,0.99991764031599,8.169962291093322e-05
STARE_AMD_WET_0041_690c73b63336,AMD_WET/im0269.png,AMD_WET,AMD_WET,Predefined folder label used as a rule-harmonized three-class category,2f075a6a797e24f97921a61f679e1ae0ab73ad90d36632093ec7750205784168,PROPOSED_HYBRID_PCA128_SVM,2026,False,AMD_WET,1,0.002227631034995042,0.9977175439824693,5.482498253556372e-05
STARE_AMD_WET_0042_69540105ba9b,AMD_WET/im0270.png,AMD_WET,AMD_WET,Predefined folder label used as a rule-harmonized three-class category,76d593aa16b8092375d9df1f1daf3d05a70f0f95019bb2ea6fbe2b633a712e52,PROPOSED_HYBRID_PCA128_SVM,2026,False,AMD_WET,1,0.011850366941997809,0.9880807073145313,6.892574347105148e-05
STARE_AMD_WET_0043_4ed7714513bd,AMD_WET/im0375.png,AMD_WET,AMD_WET,Predefined folder label used as a rule-harmonized three-class category,3285ead4943823ab422def9a6ba9ce19f6cb90266b55ca36873af16cbe14d4cd,PROPOSED_HYBRID_PCA128_SVM,2026,False,AMD_WET,1,0.029845977584937258,0.9167135955829562,0.0534404268321067
STARE_AMD_WET_0044_1eca6ca88367,AMD_WET/im0376.png,AMD_WET,AMD_WET,Predefined folder label used as a rule-harmonized three-class category,2e9e22db7a9b5246621d6f46a9eb6ba71e7cbaee0e7407aeec5a40204eebd0d2,PROPOSED_HYBRID_PCA128_SVM,2026,False,AMD_WET,1,0.004625027462138824,0.8479733917920392,0.14740158074582185
STARE_AMD_WET_0045_a7ac74c12223,AMD_WET/im0377.png,AMD_WET,AMD_WET,Predefined folder label used as a rule-harmonized three-class category,fc69ff53cc325cd060f4424c0f95424e90716f5143248286ab8a235f2adb238d,PROPOSED_HYBRID_PCA128_SVM,2026,False,NORMAL,0,0.0006960934176915308,0.006537462631062005,0.9927664439512466
STARE_AMD_WET_0046_930a5d6ef337,AMD_WET/im0378.png,AMD_WET,AMD_WET,Predefined folder label used as a rule-harmonized three-class category,938e4f4d27b037c2468b2acd649d075f6b8a232dd58c4bab39f9802478c3d099,PROPOSED_HYBRID_PCA128_SVM,2026,False,AMD_WET,1,0.019520068070805884,0.9392595429818499,0.04122038894734425
STARE_AMD_WET_0047_33adc64edf0e,AMD_WET/im0379.png,AMD_WET,AMD_WET,Predefined folder label used as a rule-harmonized three-class category,f56238dd685cc66e4d92d338b424d0a61d475111ba3e3cb9a73b26b1356ab412,PROPOSED_HYBRID_PCA128_SVM,2026,False,AMD_WET,1,0.2362660153301059,0.7452540173324471,0.018479967337447223
STARE_AMD_WET_0048_06963c6124c6,AMD_WET/im0380.png,AMD_WET,AMD_WET,Predefined folder label used as a rule-harmonized three-class category,7a673e54c6ffc0e1423acafccc440d30bda225ac2b2a446b0c50091c02f8a9ac,PROPOSED_HYBRID_PCA128_SVM,2026,False,AMD_WET,1,0.02962895716819988,0.9624090197928081,0.007962023038991921
STARE_AMD_WET_0049_9bf3d111a53d,AMD_WET/im0381.png,AMD_WET,AMD_WET,Predefined folder label used as a rule-harmonized three-class category,83ab520e218e344b07e97523c41262b626658654defdf671c0a15aafa62d69dc,PROPOSED_HYBRID_PCA128_SVM,2026,False,AMD_WET,1,0.16241121194110852,0.7167307929069733,0.12085799515191802
STARE_AMD_WET_0050_e8a530fce5a2,AMD_WET/im0382.png,AMD_WET,AMD_WET,Predefined folder label used as a rule-harmonized three-class category,2a5f5949d58920bc4640f201a952752009f04984297e630fb2cc08bf28633614,PROPOSED_HYBRID_PCA128_SVM,2026,False,AMD_DRY,0,0.6876393408470122,0.31077053447365505,0.001590124679332708
STARE_AMD_WET_0051_482de20e4e3b,AMD_WET/im0383.png,AMD_WET,AMD_WET,Predefined folder label used as a rule-harmonized three-class category,35e60c03d2808a6df90a4a6e87a30a54599dab57e027eb19fd2161d8b24bde2b,PROPOSED_HYBRID_PCA128_SVM,2026,False,AMD_WET,1,0.21793719389550031,0.7420786469354144,0.03998415916908518
STARE_AMD_WET_0052_d1204ef9efbf,AMD_WET/im0384.png,AMD_WET,AMD_WET,Predefined folder label used as a rule-harmonized three-class category,dbc8302f2327e1d4813cc03c89406f01c2f5a4e5c1926c01053b54d77c00e7f8,PROPOSED_HYBRID_PCA128_SVM,2026,False,AMD_WET,1,0.04332487771234119,0.8163325670128991,0.1403425552747598
STARE_AMD_WET_0053_a654eff73804,AMD_WET/im0385.png,AMD_WET,AMD_WET,Predefined folder label used as a rule-harmonized three-class category,7cf72f7ef7a41de0d1156ce7f03b44973bdd92a1a1b2b99ff8a77647ba54ed25,PROPOSED_HYBRID_PCA128_SVM,2026,False,AMD_WET,1,1.516638799588401e-05,0.9980154615882871,0.0019693720237170284
STARE_NORMAL_0001_bcb949751692,NORMAL/im0032.png,NORMAL,NORMAL,Predefined folder label used as a rule-harmonized three-class category,62e879df0174360b7ae75d1c10991e5b696428f0facbf09043a5cbd406b67599,PROPOSED_HYBRID_PCA128_SVM,2026,False,NORMAL,1,0.008855614472029098,0.02329054790852935,0.9678538376194413
STARE_NORMAL_0002_5dc0f880fbb0,NORMAL/im0035.png,NORMAL,NORMAL,Predefined folder label used as a rule-harmonized three-class category,e37c8438fcce197544ae71f483ab8997c91457351e6d5a1477f8a14afc1a2a4e,PROPOSED_HYBRID_PCA128_SVM,2026,False,AMD_WET,0,0.20671294349802577,0.4992133131695523,0.294073743332422
STARE_NORMAL_0003_af8dffaab8e8,NORMAL/im0076.png,NORMAL,NORMAL,Predefined folder label used as a rule-harmonized three-class category,6f6ca7f36384eb7df2ffeac7b66373ce318a74b3ff5aad4db689649dd0bfd7cd,PROPOSED_HYBRID_PCA128_SVM,2026,False,NORMAL,1,4.1591010063824135e-06,3.427956990361998e-06,0.9999924129420031
STARE_NORMAL_0004_a7c8b54fa43f,NORMAL/im0077.png,NORMAL,NORMAL,Predefined folder label used as a rule-harmonized three-class category,09e643596a6f4780adffefeeee2bd8d87372f8ace5fb1793dd127ad485a62af7,PROPOSED_HYBRID_PCA128_SVM,2026,False,NORMAL,1,0.024625551958433432,0.03604999923520586,0.9393244488063608
STARE_NORMAL_0005_9545e76ea708,NORMAL/im0080.png,NORMAL,NORMAL,Predefined folder label used as a rule-harmonized three-class category,2d1c47abfa3a52970bea03740f7ed219245b4a8ee2f559b833335ed69bf49628,PROPOSED_HYBRID_PCA128_SVM,2026,False,AMD_DRY,0,0.3357757627925971,0.3290595360165185,0.3351647011908845
STARE_NORMAL_0006_a0954f383019,NORMAL/im0081.png,NORMAL,NORMAL,Predefined folder label used as a rule-harmonized three-class category,4baf8ebb88eca8082da1e458c72c9fe393ff8e5ec16e91175432bed19627aa1d,PROPOSED_HYBRID_PCA128_SVM,2026,False,NORMAL,1,0.04279746710987792,0.3129607158918388,0.6442418169982834
STARE_NORMAL_0007_5980e3b87e9e,NORMAL/im0082.png,NORMAL,NORMAL,Predefined folder label used as a rule-harmonized three-class category,2884006bfa703a7117eed97da8d82ae7b5bb529685b56fd91142f027c32fd415,PROPOSED_HYBRID_PCA128_SVM,2026,False,NORMAL,1,0.019130162705184164,0.029274562613876308,0.9515952746809393
STARE_NORMAL_0008_67b0b3d6d1f2,NORMAL/im0119.png,NORMAL,NORMAL,Predefined folder label used as a rule-harmonized three-class category,6150b14dd0d0dd390bcf1e364e4389f2cf4e03392b886b57173ec61b5681404b,PROPOSED_HYBRID_PCA128_SVM,2026,False,NORMAL,1,0.016416082462719965,0.21830998014329045,0.7652739373939896
STARE_NORMAL_0009_6a65823b5152,NORMAL/im0120.png,NORMAL,NORMAL,Predefined folder label used as a rule-harmonized three-class category,bcde9855e79ec1b7af4d668ae77ded4f721959afbdecb43b7674a061234cd473,PROPOSED_HYBRID_PCA128_SVM,2026,False,NORMAL,1,0.009052001073062112,0.07183989549487585,0.9191081034320622
STARE_NORMAL_0010_288860135381,NORMAL/im0170.png,NORMAL,NORMAL,Predefined folder label used as a rule-harmonized three-class category,a35491abd3cdf67d5011dbd78bf89a4d93c4ee0d613994338ee88050813d95ea,PROPOSED_HYBRID_PCA128_SVM,2026,False,NORMAL,1,0.04560186513181676,0.10550737287164672,0.8488907619965365
STARE_NORMAL_0011_adb7788e4f81,NORMAL/im0190.png,NORMAL,NORMAL,Predefined folder label used as a rule-harmonized three-class category,c750838f7b3cdbb4d7456a56e0bf87f36dfaf5db349e036b972ccaab23d00c21,PROPOSED_HYBRID_PCA128_SVM,2026,False,NORMAL,1,0.000899371008674322,0.036482567462518135,0.9626180615288076
STARE_NORMAL_0012_88861f2bdfe4,NORMAL/im0198.png,NORMAL,NORMAL,Predefined folder label used as a rule-harmonized three-class category,87add79ee388d59aa87622a56d873fd8d360f85d7bf6a50a21d3c0a0b41ae571,PROPOSED_HYBRID_PCA128_SVM,2026,False,NORMAL,1,0.2167398813363784,0.04002299046703669,0.7432371281965849
STARE_NORMAL_0013_c303b9fa8118,NORMAL/im0199.png,NORMAL,NORMAL,Predefined folder label used as a rule-harmonized three-class category,453319f57d81ffb75d5a6d623d221956b7612f662aedf38ea3f810765b18394d,PROPOSED_HYBRID_PCA128_SVM,2026,False,NORMAL,1,0.029615434045380473,0.2371758421165149,0.7332087238381045
STARE_NORMAL_0014_4235d006c6c5,NORMAL/im0216.png,NORMAL,NORMAL,Predefined folder label used as a rule-harmonized three-class category,e3c533d5cdda64345e0dd8c7df973d1ffcf27ba72bd3260e888f7050ec8b8864,PROPOSED_HYBRID_PCA128_SVM,2026,False,NORMAL,1,0.03711212096255677,0.0265756498881393,0.9363122291493041
STARE_NORMAL_0015_3ec130b0c8aa,NORMAL/im0219.png,NORMAL,NORMAL,Predefined folder label used as a rule-harmonized three-class category,5319f005326e3766c0f7cd49defd75b26089ea46ae1984d7877bbda6fbf0f5b9,PROPOSED_HYBRID_PCA128_SVM,2026,False,NORMAL,1,0.0003156480782130526,0.00465335213029307,0.9950309997914938
STARE_NORMAL_0016_a5dd62b18f81,NORMAL/im0231.png,NORMAL,NORMAL,Predefined folder label used as a rule-harmonized three-class category,69e9a35b9cef4038cc12fc6533b15395e80f631dbd5088442a0ec6af0c77ccff,PROPOSED_HYBRID_PCA128_SVM,2026,False,AMD_DRY,0,0.23236185273489743,0.4072366353967657,0.36040151186833697
STARE_NORMAL_0017_f2351c6ce9fa,NORMAL/im0234.png,NORMAL,NORMAL,Predefined folder label used as a rule-harmonized three-class category,5558231804283e500c7b1867373702abafe24e462b5c21118a896a6130732122,PROPOSED_HYBRID_PCA128_SVM,2026,False,NORMAL,1,0.05843719469467979,0.12985008393781358,0.8117127213675068
STARE_NORMAL_0018_4bb8a01681a3,NORMAL/im0235.png,NORMAL,NORMAL,Predefined folder label used as a rule-harmonized three-class category,3809fd30b63a0d911aec81ae9eac6ebba104db3075fed8c8b109f3e379a09528,PROPOSED_HYBRID_PCA128_SVM,2026,False,NORMAL,1,0.09824371750038273,0.25902952171389565,0.6427267607857214
STARE_NORMAL_0019_d06a1b708664,NORMAL/im0236.png,NORMAL,NORMAL,Predefined folder label used as a rule-harmonized three-class category,aa35e55e4281f566394437f6552842612810d3df0f21dd38952ff0bf0fb3fe52,PROPOSED_HYBRID_PCA128_SVM,2026,False,AMD_WET,0,0.05792741222016188,0.6177543182708901,0.3243182695089482
STARE_NORMAL_0020_80b19c79855d,NORMAL/im0237.png,NORMAL,NORMAL,Predefined folder label used as a rule-harmonized three-class category,5f4909ef146efb4de3ab5bce07d15658fef5d126757033521700b1b45e7471a8,PROPOSED_HYBRID_PCA128_SVM,2026,False,AMD_DRY,0,0.638896611947659,0.1423251177965693,0.21877827025577196
STARE_NORMAL_0021_a8a97366077a,NORMAL/im0238.png,NORMAL,NORMAL,Predefined folder label used as a rule-harmonized three-class category,a8a64a614eb8df3408b22ad6f21cfb439d2a5d006216e1fe6277d2911b53e75a,PROPOSED_HYBRID_PCA128_SVM,2026,False,NORMAL,1,0.19368590790905788,0.16570919796002279,0.6406048941309191
STARE_NORMAL_0022_7d403a344fb9,NORMAL/im0239.png,NORMAL,NORMAL,Predefined folder label used as a rule-harmonized three-class category,eb5a6ca738083158f1f644cbc6f6a1df1b54d11b438e8a9b79ba5f0c435cf63d,PROPOSED_HYBRID_PCA128_SVM,2026,False,NORMAL,1,0.0022514414362377524,0.008045435324725101,0.9897031232390372
STARE_NORMAL_0023_47ed930d2f03,NORMAL/im0240.png,NORMAL,NORMAL,Predefined folder label used as a rule-harmonized three-class category,5fb8b1d5f3fe6585ad73dc399b90d469afacac14da43d19541c0e4d283c741d7,PROPOSED_HYBRID_PCA128_SVM,2026,False,NORMAL,1,0.0010373158177807923,0.0020251745885912988,0.9969375095936278
STARE_NORMAL_0024_bb5cb2546ea1,NORMAL/im0241.png,NORMAL,NORMAL,Predefined folder label used as a rule-harmonized three-class category,76e76bf16fdfbd8909809773a537914810f675f5cd7b465919a2ac954784721d,PROPOSED_HYBRID_PCA128_SVM,2026,False,AMD_DRY,0,0.5334112567931231,0.14886061971618345,0.3177281234906934
STARE_NORMAL_0025_40962a17dfbb,NORMAL/im0252.png,NORMAL,NORMAL,Predefined folder label used as a rule-harmonized three-class category,9a8b2d7e790afb389f2e0cfebe109925e7f7e107f04786b6e9764be6baea5377,PROPOSED_HYBRID_PCA128_SVM,2026,False,AMD_WET,0,0.019909338755586793,0.5344735064307351,0.445617154813678
STARE_NORMAL_0026_0e9ac8c7e0ab,NORMAL/im0253.png,NORMAL,NORMAL,Predefined folder label used as a rule-harmonized three-class category,88e1280e81b83f87b9d2004480a7abbaf39c31af89466d280a1398291118f320,PROPOSED_HYBRID_PCA128_SVM,2026,False,AMD_WET,0,0.2766337863383652,0.5198221277026468,0.20354408595898768
STARE_NORMAL_0027_a729417ea11b,NORMAL/im0254.png,NORMAL,NORMAL,Predefined folder label used as a rule-harmonized three-class category,b5bd3c6208c42d3375edc38f4316d86afbd9254e82b68a828c64dcc0315896df,PROPOSED_HYBRID_PCA128_SVM,2026,False,NORMAL,1,0.02609565395376777,0.06020858783983658,0.9136957582063956
STARE_NORMAL_0028_904d555e7186,NORMAL/im0255.png,NORMAL,NORMAL,Predefined folder label used as a rule-harmonized three-class category,359d311f41cc6fbcb2c742d40260e4db79f49e952b8c4f7d7fce7062d2ebad75,PROPOSED_HYBRID_PCA128_SVM,2026,False,NORMAL,1,0.001499788416575519,0.012670080748891196,0.9858301308345333
STARE_NORMAL_0029_26e8fa5a34fb,NORMAL/im0278.png,NORMAL,NORMAL,Predefined folder label used as a rule-harmonized three-class category,bd1a0421f976637181ec6f3b282239391a5644af975394630aa4deca815e7c54,PROPOSED_HYBRID_PCA128_SVM,2026,False,AMD_WET,0,0.17961290817509543,0.7270592354692225,0.09332785635568176
STARE_AMD_DRY_0001_d263f50d89b2,AMD_DRY/im0006.png,AMD_DRY,AMD_DRY,Predefined folder label used as a rule-harmonized three-class category,07404fb4bd53b34ee25026662f3aa297e0556661c85da6cc611afc72690dd067,PROPOSED_HYBRID_PCA128_SVM,3407,False,AMD_WET,0,0.1466334794727991,0.8331845695408208,0.02018195098638013
STARE_AMD_DRY_0002_229c41f2cf25,AMD_DRY/im0012.png,AMD_DRY,AMD_DRY,Predefined folder label used as a rule-harmonized three-class category,7ead02e3f48eb036c8e46131fa3c26573762533cf84bb586588ea1586b9a151a,PROPOSED_HYBRID_PCA128_SVM,3407,False,AMD_WET,0,0.08042121403175415,0.9097898092704204,0.0097889766978255
STARE_AMD_DRY_0003_d6d7c11dd912,AMD_DRY/im0015.png,AMD_DRY,AMD_DRY,Predefined folder label used as a rule-harmonized three-class category,a3e8437cae1948c95e2e91e75d8e33c016295d76bbd77a62d6066b602e77cde2,PROPOSED_HYBRID_PCA128_SVM,3407,False,AMD_WET,0,0.13694196989901375,0.7602862265578704,0.10277180354311598
STARE_AMD_DRY_0004_b06dde6ef269,AMD_DRY/im0046.png,AMD_DRY,AMD_DRY,Predefined folder label used as a rule-harmonized three-class category,02463d320cda2ff13bf3719d639973124b40fbd8b127cf778b4bf9af3be5ae26,PROPOSED_HYBRID_PCA128_SVM,3407,False,NORMAL,0,0.42414230104929,0.034057390498880895,0.541800308451829
STARE_AMD_DRY_0005_937e0f008180,AMD_DRY/im0063.png,AMD_DRY,AMD_DRY,Predefined folder label used as a rule-harmonized three-class category,4ecde88543ad41f537feab30920481af39418f67cbd4a0af6741557e269bc487,PROPOSED_HYBRID_PCA128_SVM,3407,False,AMD_DRY,1,0.8098293394334405,0.11215958911975145,0.07801107144680791
STARE_AMD_DRY_0006_cc78e90fdf44,AMD_DRY/im0066.png,AMD_DRY,AMD_DRY,Predefined folder label used as a rule-harmonized three-class category,2240107c1ed6c3fa19669456df1652a098850fd217eceba2630795b2aa8c49db,PROPOSED_HYBRID_PCA128_SVM,3407,False,AMD_WET,0,0.19312755374007204,0.669136345431265,0.1377361008286632
STARE_AMD_DRY_0007_1e4f490def47,AMD_DRY/im0068.png,AMD_DRY,AMD_DRY,Predefined folder label used as a rule-harmonized three-class category,6f526995077b937f5fea61e713f5c5ff158fe9505855bc2c1e026438d467aeb2,PROPOSED_HYBRID_PCA128_SVM,3407,False,AMD_DRY,1,0.9625966996956397,0.01131436457370783,0.02608893573065249
STARE_AMD_DRY_0008_c8d5b3bc7fd1,AMD_DRY/im0175.png,AMD_DRY,AMD_DRY,Predefined folder label used as a rule-harmonized three-class category,b9078b917d6bab1ba7794307d6de24878364c3a9a686638d18208e7508628339,PROPOSED_HYBRID_PCA128_SVM,3407,False,AMD_DRY,1,0.9029585337735662,0.08139236084648696,0.015649105379946883
STARE_AMD_DRY_0009_1b44b3f95920,AMD_DRY/im0193.png,AMD_DRY,AMD_DRY,Predefined folder label used as a rule-harmonized three-class category,432a8c9a1caf88b55bb56a507ac762d5b327717050fefc5be278fd4338c19f30,PROPOSED_HYBRID_PCA128_SVM,3407,False,AMD_DRY,1,0.9474772492273903,0.04812710421265384,0.004395646559955796
STARE_AMD_DRY_0010_831581454862,AMD_DRY/im0250.png,AMD_DRY,AMD_DRY,Predefined folder label used as a rule-harmonized three-class category,f0b0ea1b3c6b93f64fbaa5e5ce949029f0a1114170600a59727d7bb4ec12c5c3,PROPOSED_HYBRID_PCA128_SVM,3407,False,AMD_DRY,1,0.8045645161324703,0.14681849150989998,0.04861699235762979
STARE_AMD_DRY_0011_1f3e7a28dfdb,AMD_DRY/im0262.png,AMD_DRY,AMD_DRY,Predefined folder label used as a rule-harmonized three-class category,3e5597a19b733c677176fc433af21a35226f819671da0d09f5f5030e4f2b26b0,PROPOSED_HYBRID_PCA128_SVM,3407,False,AMD_WET,0,0.3265756642454528,0.5510267647158142,0.12239757103873276
STARE_AMD_DRY_0012_faa094e238d5,AMD_DRY/im0263.png,AMD_DRY,AMD_DRY,Predefined folder label used as a rule-harmonized three-class category,4db3e481700ec8db703d55c2fc73a741a76ee153011608264863a52740bc8fb1,PROPOSED_HYBRID_PCA128_SVM,3407,False,AMD_DRY,1,0.5752195148287524,0.15871790114078685,0.2660625840304603
STARE_AMD_DRY_0013_667486851e7b,AMD_DRY/im0264.png,AMD_DRY,AMD_DRY,Predefined folder label used as a rule-harmonized three-class category,8ebb345117e4ef7e9b7d36fb7c1cd4c4cf989442736ea0b46079b8871a4ea779,PROPOSED_HYBRID_PCA128_SVM,3407,False,AMD_DRY,1,0.8157855891760564,0.1545259892441838,0.029688421579759948
STARE_AMD_DRY_0014_77bca31945cf,AMD_DRY/im0265.png,AMD_DRY,AMD_DRY,Predefined folder label used as a rule-harmonized three-class category,ad1821d60e315daecf235929f70cf8f3dfde962469edb679592996b12f95db36,PROPOSED_HYBRID_PCA128_SVM,3407,False,AMD_DRY,1,0.727984982680008,0.25082863460146376,0.021186382718528216
STARE_AMD_DRY_0015_9816ec7268cf,AMD_DRY/im0266.png,AMD_DRY,AMD_DRY,Predefined folder label used as a rule-harmonized three-class category,8d46fced829b536a3d2db2bd9333d6b33635c06e5252f1d4776f4162d18fc081,PROPOSED_HYBRID_PCA128_SVM,3407,False,AMD_DRY,1,0.5287131122582532,0.4663640454593766,0.00492284228237029
STARE_AMD_DRY_0016_b0cdd859d6ed,AMD_DRY/im0292.png,AMD_DRY,AMD_DRY,Predefined folder label used as a rule-harmonized three-class category,f5fe8b111acf618451880f97052f418600aeb562be4deb3abebfeb1c176a4b64,PROPOSED_HYBRID_PCA128_SVM,3407,False,AMD_WET,0,0.1279454064148477,0.8510368332355397,0.021017760349612623
STARE_AMD_DRY_0017_7456c8a0cd69,AMD_DRY/im0401.png,AMD_DRY,AMD_DRY,Predefined folder label used as a rule-harmonized three-class category,ba2d68ee6bbf1771c5b2d79805beaf8e46860cfb245819074ee4fd1f94de33bd,PROPOSED_HYBRID_PCA128_SVM,3407,False,AMD_DRY,1,0.6267411648836994,0.29850698195716385,0.07475185315913686
STARE_AMD_DRY_0018_379873cbb1a2,AMD_DRY/im0402.png,AMD_DRY,AMD_DRY,Predefined folder label used as a rule-harmonized three-class category,14ed4022ab6157297273acaef2c6a656c74b45e826c5c81119024c9e089ae712,PROPOSED_HYBRID_PCA128_SVM,3407,False,AMD_WET,0,0.3493780060726381,0.5902425964442272,0.060379397483134936
STARE_AMD_WET_0001_4abb74838c2e,AMD_WET/im0007.png,AMD_WET,AMD_WET,Predefined folder label used as a rule-harmonized three-class category,43efff95090bce4ff7388809dd5f71ec968f84c8868f4597d50267e06f6a80ab,PROPOSED_HYBRID_PCA128_SVM,3407,False,AMD_WET,1,0.010158842531234558,0.979055975010259,0.01078518245850608
STARE_AMD_WET_0002_364d7d338f60,AMD_WET/im0008.png,AMD_WET,AMD_WET,Predefined folder label used as a rule-harmonized three-class category,97947d82cf545207422cbd803d4dbc1a44338829d22d841b49f4bcfd305a70d3,PROPOSED_HYBRID_PCA128_SVM,3407,False,AMD_WET,1,0.033406978495231054,0.9656128256064936,0.0009801958982752637
STARE_AMD_WET_0003_a3a1c9c56853,AMD_WET/im0011.png,AMD_WET,AMD_WET,Predefined folder label used as a rule-harmonized three-class category,e449e9fd863250088ca5750e581ca89d9a8be324a6dbe88334824697fb987a9e,PROPOSED_HYBRID_PCA128_SVM,3407,False,AMD_WET,1,7.202283813495752e-08,0.9999695601709457,3.036780621604734e-05
STARE_AMD_WET_0004_b1fbc6d203b8,AMD_WET/im0017.png,AMD_WET,AMD_WET,Predefined folder label used as a rule-harmonized three-class category,426c86d782efc552afc690378865191e61df5aa4ccd9bfe1f682174328a87cef,PROPOSED_HYBRID_PCA128_SVM,3407,False,AMD_WET,1,0.06976523819625134,0.9298030476661923,0.00043171413755637784
STARE_AMD_WET_0005_67527302d081,AMD_WET/im0034.png,AMD_WET,AMD_WET,Predefined folder label used as a rule-harmonized three-class category,03e98b766cd9c45837d9b19be05cd460593d335a3f8bdcc20b25fe6fce757879,PROPOSED_HYBRID_PCA128_SVM,3407,False,AMD_WET,1,0.002105845266597174,0.9966272850132478,0.0012668697201549041
STARE_AMD_WET_0006_db064e8eb44c,AMD_WET/im0036.png,AMD_WET,AMD_WET,Predefined folder label used as a rule-harmonized three-class category,40ed5b10850dbe2cac6fa5ad0da28d12e14f3c03ba1d8656667cbeef1faefbb2,PROPOSED_HYBRID_PCA128_SVM,3407,False,AMD_WET,1,0.006577735996282816,0.9926068966876324,0.0008153673160848434
STARE_AMD_WET_0007_5b7bee080dcd,AMD_WET/im0037.png,AMD_WET,AMD_WET,Predefined folder label used as a rule-harmonized three-class category,63a74787d05305a09f9daae4964e7f067306f3c4f6521a8c6fb2ade01e8cadf2,PROPOSED_HYBRID_PCA128_SVM,3407,False,AMD_WET,1,0.003887780645625177,0.9958776974446816,0.00023452190969304058
STARE_AMD_WET_0008_ce070d9aedb0,AMD_WET/im0053.png,AMD_WET,AMD_WET,Predefined folder label used as a rule-harmonized three-class category,5bd3fdb5c8efcbe5bd534875a8ab9ced630474e6e6b3f6c7645ea7106028bb99,PROPOSED_HYBRID_PCA128_SVM,3407,False,AMD_WET,1,0.022279436043921783,0.9753766573342463,0.0023439066218318887
STARE_AMD_WET_0009_7f040538c58a,AMD_WET/im0054.png,AMD_WET,AMD_WET,Predefined folder label used as a rule-harmonized three-class category,748a963e24d304d8145fac9e87991a1f4a2e8f8f9ec250a94e3b76c86bffd32f,PROPOSED_HYBRID_PCA128_SVM,3407,False,AMD_WET,1,0.026201400071487874,0.9733867031140286,0.00041189681448356634
STARE_AMD_WET_0010_f9748c7fccb6,AMD_WET/im0061.png,AMD_WET,AMD_WET,Predefined folder label used as a rule-harmonized three-class category,3618ee890a682dad4db87a0f55e8bb3e60e13889c98f32b5be93e86847dad88e,PROPOSED_HYBRID_PCA128_SVM,3407,False,AMD_WET,1,0.018072266554634186,0.979416125858487,0.002511607586878816
STARE_AMD_WET_0011_685974b697be,AMD_WET/im0062.png,AMD_WET,AMD_WET,Predefined folder label used as a rule-harmonized three-class category,7f7de2b94bdba9e000b42e074aa5fdc898876c7c192460b346a01e5feb9c23bb,PROPOSED_HYBRID_PCA128_SVM,3407,False,AMD_WET,1,0.005646400810935841,0.9943012280427023,5.237114636195869e-05
STARE_AMD_WET_0012_b0e1926f7dfc,AMD_WET/im0083.png,AMD_WET,AMD_WET,Predefined folder label used as a rule-harmonized three-class category,ad9eac2b2d2369f5d8277bc425012ce4787c38b55081296e2d47b27874c9efa6,PROPOSED_HYBRID_PCA128_SVM,3407,False,AMD_WET,1,0.005450572857304545,0.9899092927327283,0.00464013440996711
STARE_AMD_WET_0013_e4e4377d057a,AMD_WET/im0084.png,AMD_WET,AMD_WET,Predefined folder label used as a rule-harmonized three-class category,6d3f7fb5846b79faf4e775d5f9f50891641312aa4903ba8e2842934a697819b7,PROPOSED_HYBRID_PCA128_SVM,3407,False,AMD_WET,1,0.004310593171730945,0.9924250732381762,0.0032643335900927302
STARE_AMD_WET_0014_e880931c9146,AMD_WET/im0091.png,AMD_WET,AMD_WET,Predefined folder label used as a rule-harmonized three-class category,39d871a3e16f95b5048404122c29149267c6159c219c1d297bc9642257eb1492,PROPOSED_HYBRID_PCA128_SVM,3407,False,AMD_WET,1,0.007872005390565501,0.9902655818359941,0.0018624127734403783
STARE_AMD_WET_0015_25c7cf74080b,AMD_WET/im0092.png,AMD_WET,AMD_WET,Predefined folder label used as a rule-harmonized three-class category,15584a9280772911b2d202c8af1a671461257b3dca76e9fa46e972502b706de1,PROPOSED_HYBRID_PCA128_SVM,3407,False,AMD_WET,1,0.07864394967840903,0.9209825718517546,0.0003734784698362116
STARE_AMD_WET_0016_7f0eb389baee,AMD_WET/im0100.png,AMD_WET,AMD_WET,Predefined folder label used as a rule-harmonized three-class category,7bf274c7d773c817b4503ea8f88247bad16dd34eb8ce8dcc0c1b9f7f8c1a2ece,PROPOSED_HYBRID_PCA128_SVM,3407,False,NORMAL,0,0.012624486454520592,0.05982717939757994,0.9275483341478994
STARE_AMD_WET_0017_22cbd7234f5e,AMD_WET/im0101.png,AMD_WET,AMD_WET,Predefined folder label used as a rule-harmonized three-class category,a2e7d0814149deaffc104d661424651f7db5381d84c7456bb37dbe660241cd9f,PROPOSED_HYBRID_PCA128_SVM,3407,False,NORMAL,0,0.05875469593578584,0.4506961281801014,0.4905491758841132
STARE_AMD_WET_0018_04d706241959,AMD_WET/im0103.png,AMD_WET,AMD_WET,Predefined folder label used as a rule-harmonized three-class category,7f2fd1dd0bb83282a3036f49680952a097afd5ab56e8f97fcf4d055f76830d66,PROPOSED_HYBRID_PCA128_SVM,3407,False,AMD_WET,1,0.012006349497576898,0.9872519544115096,0.0007416960909137095
STARE_AMD_WET_0019_5add82a8671c,AMD_WET/im0104.png,AMD_WET,AMD_WET,Predefined folder label used as a rule-harmonized three-class category,8cd524a53014090924ea38e650597a8690329ca3a4a53cbafe5bf66a54e5b3da,PROPOSED_HYBRID_PCA128_SVM,3407,False,AMD_WET,1,0.010560915736482763,0.9794434368817467,0.009995647381770528
STARE_AMD_WET_0020_0d6202ae9b41,AMD_WET/im0105.png,AMD_WET,AMD_WET,Predefined folder label used as a rule-harmonized three-class category,6adfaa348c4fefcf987d1345282b82d6344a49a72df761012fa6682216d3cd6d,PROPOSED_HYBRID_PCA128_SVM,3407,False,AMD_WET,1,0.08496302868750265,0.91180948742289,0.003227483889607181
STARE_AMD_WET_0021_b244af1ee88b,AMD_WET/im0106.png,AMD_WET,AMD_WET,Predefined folder label used as a rule-harmonized three-class category,d7734c772af108c633197d99af226712ffdedf208de12e3401f1c0ff364bf415,PROPOSED_HYBRID_PCA128_SVM,3407,False,AMD_WET,1,0.12487560093494848,0.8564996930619806,0.018624706003070833
STARE_AMD_WET_0022_485b7e19dbb9,AMD_WET/im0110.png,AMD_WET,AMD_WET,Predefined folder label used as a rule-harmonized three-class category,4cf4d8a5431840b301a45b27517dc9e4f6c315af9a951ee7a9e7aecd8d1fff87,PROPOSED_HYBRID_PCA128_SVM,3407,False,AMD_WET,1,0.1566649274820415,0.84315750446356,0.0001775680543985683
STARE_AMD_WET_0023_783924ab9d3e,AMD_WET/im0142.png,AMD_WET,AMD_WET,Predefined folder label used as a rule-harmonized three-class category,8652ae4720f76835d83600178ecd2d5ad364cff1aca2d5e6130f5a7edddbba86,PROPOSED_HYBRID_PCA128_SVM,3407,False,AMD_WET,1,0.016225860324521297,0.7999647401348254,0.18380939954065337
STARE_AMD_WET_0024_c037a55bcb6c,AMD_WET/im0143.png,AMD_WET,AMD_WET,Predefined folder label used as a rule-harmonized three-class category,3453e39c772c5bab740f6413943cb5f93f5fe08c9c343a854a625e0b402ddb6d,PROPOSED_HYBRID_PCA128_SVM,3407,False,AMD_WET,1,0.03702021646060576,0.9547261481830233,0.008253635356370772
STARE_AMD_WET_0025_98ec0df7bc68,AMD_WET/im0145.png,AMD_WET,AMD_WET,Predefined folder label used as a rule-harmonized three-class category,a5681525b97c4dca5f45ce5a5e1da936b07e025271f89ea246ff9b5dc6983440,PROPOSED_HYBRID_PCA128_SVM,3407,False,AMD_WET,1,2.2342196259802206e-07,0.9997819995319858,0.00021777704605154157
STARE_AMD_WET_0026_2352e6cbeec6,AMD_WET/im0147.png,AMD_WET,AMD_WET,Predefined folder label used as a rule-harmonized three-class category,69c37425ca991739d3d10cbc578ac571c6a4e99322393a8713ba4eb848eb5502,PROPOSED_HYBRID_PCA128_SVM,3407,False,AMD_DRY,0,0.8326855789502847,0.16724872295107227,6.569809864301057e-05
STARE_AMD_WET_0027_10d3c0ba4d12,AMD_WET/im0148.png,AMD_WET,AMD_WET,Predefined folder label used as a rule-harmonized three-class category,b4bcfa8a3773c76313794c74e7ae8e82c21615838abbebdffca7d3cdf2917e30,PROPOSED_HYBRID_PCA128_SVM,3407,False,AMD_WET,1,0.09260677400926312,0.9064758713143851,0.0009173546763518939
STARE_AMD_WET_0028_f46e77551412,AMD_WET/im0149.png,AMD_WET,AMD_WET,Predefined folder label used as a rule-harmonized three-class category,6f3fdbf773038c12c6e7c67386281b866491545eb6875000f674d23142bbd85c,PROPOSED_HYBRID_PCA128_SVM,3407,False,AMD_WET,1,0.0029413312535570522,0.9968547901861287,0.00020387856031427588
STARE_AMD_WET_0029_dc7db43f95e6,AMD_WET/im0150.png,AMD_WET,AMD_WET,Predefined folder label used as a rule-harmonized three-class category,d908ec1498c17f64e75e8497e8397e759b2e133e69c4f86aad3f9e748c2c506d,PROPOSED_HYBRID_PCA128_SVM,3407,False,AMD_DRY,0,0.46918540737936343,0.48904807044096393,0.0417665221796727
STARE_AMD_WET_0030_217ba81e51a4,AMD_WET/im0151.png,AMD_WET,AMD_WET,Predefined folder label used as a rule-harmonized three-class category,8426b239b4497a8d26c2eef041be117d86819413209f92ff27a35821cc98e7aa,PROPOSED_HYBRID_PCA128_SVM,3407,False,AMD_WET,1,0.03532057184664722,0.9558450231983527,0.008834404955000218
STARE_AMD_WET_0031_ea436d9c2155,AMD_WET/im0154.png,AMD_WET,AMD_WET,Predefined folder label used as a rule-harmonized three-class category,3e30820f11968c852328d7ce0e311f95a9d8e8d2aa4e967c54c7899bf05e78af,PROPOSED_HYBRID_PCA128_SVM,3407,False,AMD_WET,1,0.053488382302786394,0.9447381665210345,0.0017734511761790994
STARE_AMD_WET_0032_82a866bf90e7,AMD_WET/im0158.png,AMD_WET,AMD_WET,Predefined folder label used as a rule-harmonized three-class category,acfeb121c561a1f48875b41496a49b0052e28623d3e80699cc5a5724b9caaf07,PROPOSED_HYBRID_PCA128_SVM,3407,False,AMD_WET,1,4.105318378262229e-06,0.9989716901069738,0.0010242045746478548
STARE_AMD_WET_0033_3f2dc2fca284,AMD_WET/im0162.png,AMD_WET,AMD_WET,Predefined folder label used as a rule-harmonized three-class category,72e00297ec08da2d035593fb29639d79d88f8b39cd0b42b787601000ef19feeb,PROPOSED_HYBRID_PCA128_SVM,3407,False,NORMAL,0,0.006294816695401735,0.0674098827483092,0.926295300556289
STARE_AMD_WET_0034_8775b8a29b66,AMD_WET/im0163.png,AMD_WET,AMD_WET,Predefined folder label used as a rule-harmonized three-class category,d41b401024384b648248ed09f5d762674d085959b8e5dfe2162d01b4fd4c2ef0,PROPOSED_HYBRID_PCA128_SVM,3407,False,AMD_DRY,0,0.13015543636581892,0.37096956775670087,0.4988749958774801
STARE_AMD_WET_0035_4c0db4ccf5a4,AMD_WET/im0164.png,AMD_WET,AMD_WET,Predefined folder label used as a rule-harmonized three-class category,fef2c9c937e4640ab7bc97fdf7248f5943b843bb46961d3b328303d0741a9ded,PROPOSED_HYBRID_PCA128_SVM,3407,False,AMD_WET,1,0.1472591790904065,0.5565916379704,0.2961491829391934
STARE_AMD_WET_0036_c00e1422854e,AMD_WET/im0171.png,AMD_WET,AMD_WET,Predefined folder label used as a rule-harmonized three-class category,27508429504998fba48c98402a0c27ad4b52a8eb901a6560b94bcdfbe5f02b5e,PROPOSED_HYBRID_PCA128_SVM,3407,False,AMD_WET,1,8.87374724049935e-07,0.9995654921531896,0.00043362047208641164
STARE_AMD_WET_0037_f615feb0e70f,AMD_WET/im0172.png,AMD_WET,AMD_WET,Predefined folder label used as a rule-harmonized three-class category,ef627ca53ec6663be33e93ab56135bd86105368b41bd762ff33fdf721cd11f47,PROPOSED_HYBRID_PCA128_SVM,3407,False,AMD_WET,1,0.013378343492114609,0.9827807323186942,0.003840924189191046
STARE_AMD_WET_0038_f067b2299705,AMD_WET/im0259.png,AMD_WET,AMD_WET,Predefined folder label used as a rule-harmonized three-class category,3ddfc0b707bd98706b3d375e2f9b1b4d04b0b1d29819028e980a276a5e5931e8,PROPOSED_HYBRID_PCA128_SVM,3407,False,AMD_WET,1,0.05029413479207376,0.9492479625139304,0.00045790269399603473
STARE_AMD_WET_0039_901400a328ea,AMD_WET/im0260.png,AMD_WET,AMD_WET,Predefined folder label used as a rule-harmonized three-class category,05dc807bfa30fa429de8d8b049ecafd790c32c2a559f9405882d54e63ea674a9,PROPOSED_HYBRID_PCA128_SVM,3407,False,AMD_WET,1,0.05592774738660569,0.8695605661868127,0.07451168642658162
STARE_AMD_WET_0040_a363219f11d0,AMD_WET/im0268.png,AMD_WET,AMD_WET,Predefined folder label used as a rule-harmonized three-class category,35888c752846e3adb3516a194fcd44f813a0bb0346a881c9cce8d8f88ed976a9,PROPOSED_HYBRID_PCA128_SVM,3407,False,AMD_WET,1,4.7630499664166945e-08,0.9999162979014381,8.365446806224167e-05
STARE_AMD_WET_0041_690c73b63336,AMD_WET/im0269.png,AMD_WET,AMD_WET,Predefined folder label used as a rule-harmonized three-class category,2f075a6a797e24f97921a61f679e1ae0ab73ad90d36632093ec7750205784168,PROPOSED_HYBRID_PCA128_SVM,3407,False,AMD_WET,1,3.7458493982261064e-07,0.9999388434503358,6.0781964724358145e-05
STARE_AMD_WET_0042_69540105ba9b,AMD_WET/im0270.png,AMD_WET,AMD_WET,Predefined folder label used as a rule-harmonized three-class category,76d593aa16b8092375d9df1f1daf3d05a70f0f95019bb2ea6fbe2b633a712e52,PROPOSED_HYBRID_PCA128_SVM,3407,False,AMD_WET,1,0.004544119703542447,0.9953795572067468,7.632308971074128e-05
STARE_AMD_WET_0043_4ed7714513bd,AMD_WET/im0375.png,AMD_WET,AMD_WET,Predefined folder label used as a rule-harmonized three-class category,3285ead4943823ab422def9a6ba9ce19f6cb90266b55ca36873af16cbe14d4cd,PROPOSED_HYBRID_PCA128_SVM,3407,False,AMD_WET,1,0.025537473648024514,0.9298962845835023,0.04456624176847316
STARE_AMD_WET_0044_1eca6ca88367,AMD_WET/im0376.png,AMD_WET,AMD_WET,Predefined folder label used as a rule-harmonized three-class category,2e9e22db7a9b5246621d6f46a9eb6ba71e7cbaee0e7407aeec5a40204eebd0d2,PROPOSED_HYBRID_PCA128_SVM,3407,False,AMD_WET,1,0.0029790628578873317,0.8705497521829895,0.1264711849591233
STARE_AMD_WET_0045_a7ac74c12223,AMD_WET/im0377.png,AMD_WET,AMD_WET,Predefined folder label used as a rule-harmonized three-class category,fc69ff53cc325cd060f4424c0f95424e90716f5143248286ab8a235f2adb238d,PROPOSED_HYBRID_PCA128_SVM,3407,False,NORMAL,0,0.0007080512292781018,0.006833978129129299,0.9924579706415927
STARE_AMD_WET_0046_930a5d6ef337,AMD_WET/im0378.png,AMD_WET,AMD_WET,Predefined folder label used as a rule-harmonized three-class category,938e4f4d27b037c2468b2acd649d075f6b8a232dd58c4bab39f9802478c3d099,PROPOSED_HYBRID_PCA128_SVM,3407,False,AMD_WET,1,0.015896846249723935,0.9369717291003505,0.04713142464992563
STARE_AMD_WET_0047_33adc64edf0e,AMD_WET/im0379.png,AMD_WET,AMD_WET,Predefined folder label used as a rule-harmonized three-class category,f56238dd685cc66e4d92d338b424d0a61d475111ba3e3cb9a73b26b1356ab412,PROPOSED_HYBRID_PCA128_SVM,3407,False,AMD_WET,1,0.19523190688092573,0.7860626179061296,0.018705475212944415
STARE_AMD_WET_0048_06963c6124c6,AMD_WET/im0380.png,AMD_WET,AMD_WET,Predefined folder label used as a rule-harmonized three-class category,7a673e54c6ffc0e1423acafccc440d30bda225ac2b2a446b0c50091c02f8a9ac,PROPOSED_HYBRID_PCA128_SVM,3407,False,AMD_WET,1,0.02332650853515687,0.9675923857768552,0.00908110568798776
STARE_AMD_WET_0049_9bf3d111a53d,AMD_WET/im0381.png,AMD_WET,AMD_WET,Predefined folder label used as a rule-harmonized three-class category,83ab520e218e344b07e97523c41262b626658654defdf671c0a15aafa62d69dc,PROPOSED_HYBRID_PCA128_SVM,3407,False,AMD_WET,1,0.1907402651197946,0.677468379981122,0.1317913548990831
STARE_AMD_WET_0050_e8a530fce5a2,AMD_WET/im0382.png,AMD_WET,AMD_WET,Predefined folder label used as a rule-harmonized three-class category,2a5f5949d58920bc4640f201a952752009f04984297e630fb2cc08bf28633614,PROPOSED_HYBRID_PCA128_SVM,3407,False,AMD_DRY,0,0.720186064267797,0.27790161217610515,0.0019123235560978935
STARE_AMD_WET_0051_482de20e4e3b,AMD_WET/im0383.png,AMD_WET,AMD_WET,Predefined folder label used as a rule-harmonized three-class category,35e60c03d2808a6df90a4a6e87a30a54599dab57e027eb19fd2161d8b24bde2b,PROPOSED_HYBRID_PCA128_SVM,3407,False,AMD_WET,1,0.20498018863558481,0.7490676664097099,0.04595214495470533
STARE_AMD_WET_0052_d1204ef9efbf,AMD_WET/im0384.png,AMD_WET,AMD_WET,Predefined folder label used as a rule-harmonized three-class category,dbc8302f2327e1d4813cc03c89406f01c2f5a4e5c1926c01053b54d77c00e7f8,PROPOSED_HYBRID_PCA128_SVM,3407,False,AMD_WET,1,0.039622937242517434,0.813470127029835,0.14690693572764787
STARE_AMD_WET_0053_a654eff73804,AMD_WET/im0385.png,AMD_WET,AMD_WET,Predefined folder label used as a rule-harmonized three-class category,7cf72f7ef7a41de0d1156ce7f03b44973bdd92a1a1b2b99ff8a77647ba54ed25,PROPOSED_HYBRID_PCA128_SVM,3407,False,AMD_WET,1,1.6035206477318385e-05,0.9978044406263756,0.002179524167147171
STARE_NORMAL_0001_bcb949751692,NORMAL/im0032.png,NORMAL,NORMAL,Predefined folder label used as a rule-harmonized three-class category,62e879df0174360b7ae75d1c10991e5b696428f0facbf09043a5cbd406b67599,PROPOSED_HYBRID_PCA128_SVM,3407,False,NORMAL,1,0.008513038857181831,0.0236229855269699,0.9678639756158484
STARE_NORMAL_0002_5dc0f880fbb0,NORMAL/im0035.png,NORMAL,NORMAL,Predefined folder label used as a rule-harmonized three-class category,e37c8438fcce197544ae71f483ab8997c91457351e6d5a1477f8a14afc1a2a4e,PROPOSED_HYBRID_PCA128_SVM,3407,False,AMD_DRY,0,0.2952391458659213,0.4202902651386009,0.2844705889954779
STARE_NORMAL_0003_af8dffaab8e8,NORMAL/im0076.png,NORMAL,NORMAL,Predefined folder label used as a rule-harmonized three-class category,6f6ca7f36384eb7df2ffeac7b66373ce318a74b3ff5aad4db689649dd0bfd7cd,PROPOSED_HYBRID_PCA128_SVM,3407,False,NORMAL,1,5.2058979557982175e-06,3.902798631481059e-06,0.9999908913034127
STARE_NORMAL_0004_a7c8b54fa43f,NORMAL/im0077.png,NORMAL,NORMAL,Predefined folder label used as a rule-harmonized three-class category,09e643596a6f4780adffefeeee2bd8d87372f8ace5fb1793dd127ad485a62af7,PROPOSED_HYBRID_PCA128_SVM,3407,False,NORMAL,1,0.022485479374709027,0.03436160148853452,0.9431529191367565
STARE_NORMAL_0005_9545e76ea708,NORMAL/im0080.png,NORMAL,NORMAL,Predefined folder label used as a rule-harmonized three-class category,2d1c47abfa3a52970bea03740f7ed219245b4a8ee2f559b833335ed69bf49628,PROPOSED_HYBRID_PCA128_SVM,3407,False,AMD_DRY,0,0.26706188512137957,0.4068283207909378,0.3261097940876826
STARE_NORMAL_0006_a0954f383019,NORMAL/im0081.png,NORMAL,NORMAL,Predefined folder label used as a rule-harmonized three-class category,4baf8ebb88eca8082da1e458c72c9fe393ff8e5ec16e91175432bed19627aa1d,PROPOSED_HYBRID_PCA128_SVM,3407,False,NORMAL,1,0.033884200711838945,0.26251262621403143,0.7036031730741295
STARE_NORMAL_0007_5980e3b87e9e,NORMAL/im0082.png,NORMAL,NORMAL,Predefined folder label used as a rule-harmonized three-class category,2884006bfa703a7117eed97da8d82ae7b5bb529685b56fd91142f027c32fd415,PROPOSED_HYBRID_PCA128_SVM,3407,False,NORMAL,1,0.020782885919976162,0.032914624893197034,0.946302489186827
STARE_NORMAL_0008_67b0b3d6d1f2,NORMAL/im0119.png,NORMAL,NORMAL,Predefined folder label used as a rule-harmonized three-class category,6150b14dd0d0dd390bcf1e364e4389f2cf4e03392b886b57173ec61b5681404b,PROPOSED_HYBRID_PCA128_SVM,3407,False,NORMAL,1,0.01456502839570854,0.22191425271160167,0.7635207188926899
STARE_NORMAL_0009_6a65823b5152,NORMAL/im0120.png,NORMAL,NORMAL,Predefined folder label used as a rule-harmonized three-class category,bcde9855e79ec1b7af4d668ae77ded4f721959afbdecb43b7674a061234cd473,PROPOSED_HYBRID_PCA128_SVM,3407,False,NORMAL,1,0.012003292972483865,0.06285222916616075,0.9251444778613552
STARE_NORMAL_0010_288860135381,NORMAL/im0170.png,NORMAL,NORMAL,Predefined folder label used as a rule-harmonized three-class category,a35491abd3cdf67d5011dbd78bf89a4d93c4ee0d613994338ee88050813d95ea,PROPOSED_HYBRID_PCA128_SVM,3407,False,NORMAL,1,0.04117366859466644,0.09870175032723291,0.8601245810781005
STARE_NORMAL_0011_adb7788e4f81,NORMAL/im0190.png,NORMAL,NORMAL,Predefined folder label used as a rule-harmonized three-class category,c750838f7b3cdbb4d7456a56e0bf87f36dfaf5db349e036b972ccaab23d00c21,PROPOSED_HYBRID_PCA128_SVM,3407,False,NORMAL,1,0.0005320050830370749,0.02217412283120564,0.9772938720857574
STARE_NORMAL_0012_88861f2bdfe4,NORMAL/im0198.png,NORMAL,NORMAL,Predefined folder label used as a rule-harmonized three-class category,87add79ee388d59aa87622a56d873fd8d360f85d7bf6a50a21d3c0a0b41ae571,PROPOSED_HYBRID_PCA128_SVM,3407,False,NORMAL,1,0.22115492883969357,0.03772747857208982,0.7411175925882165
STARE_NORMAL_0013_c303b9fa8118,NORMAL/im0199.png,NORMAL,NORMAL,Predefined folder label used as a rule-harmonized three-class category,453319f57d81ffb75d5a6d623d221956b7612f662aedf38ea3f810765b18394d,PROPOSED_HYBRID_PCA128_SVM,3407,False,NORMAL,1,0.031760206107470226,0.2615210006232444,0.7067187932692854
STARE_NORMAL_0014_4235d006c6c5,NORMAL/im0216.png,NORMAL,NORMAL,Predefined folder label used as a rule-harmonized three-class category,e3c533d5cdda64345e0dd8c7df973d1ffcf27ba72bd3260e888f7050ec8b8864,PROPOSED_HYBRID_PCA128_SVM,3407,False,NORMAL,1,0.029650788338806394,0.02909420134373533,0.9412550103174582
STARE_NORMAL_0015_3ec130b0c8aa,NORMAL/im0219.png,NORMAL,NORMAL,Predefined folder label used as a rule-harmonized three-class category,5319f005326e3766c0f7cd49defd75b26089ea46ae1984d7877bbda6fbf0f5b9,PROPOSED_HYBRID_PCA128_SVM,3407,False,NORMAL,1,0.00033561496797338984,0.0049288107798600355,0.9947355742521666
STARE_NORMAL_0016_a5dd62b18f81,NORMAL/im0231.png,NORMAL,NORMAL,Predefined folder label used as a rule-harmonized three-class category,69e9a35b9cef4038cc12fc6533b15395e80f631dbd5088442a0ec6af0c77ccff,PROPOSED_HYBRID_PCA128_SVM,3407,False,AMD_WET,0,0.19643510296369174,0.48089084530169524,0.3226740517346127
STARE_NORMAL_0017_f2351c6ce9fa,NORMAL/im0234.png,NORMAL,NORMAL,Predefined folder label used as a rule-harmonized three-class category,5558231804283e500c7b1867373702abafe24e462b5c21118a896a6130732122,PROPOSED_HYBRID_PCA128_SVM,3407,False,NORMAL,1,0.050058881767145846,0.1403143917592071,0.8096267264736471
STARE_NORMAL_0018_4bb8a01681a3,NORMAL/im0235.png,NORMAL,NORMAL,Predefined folder label used as a rule-harmonized three-class category,3809fd30b63a0d911aec81ae9eac6ebba104db3075fed8c8b109f3e379a09528,PROPOSED_HYBRID_PCA128_SVM,3407,False,NORMAL,1,0.10140679181125142,0.2723333453736806,0.626259862815068
STARE_NORMAL_0019_d06a1b708664,NORMAL/im0236.png,NORMAL,NORMAL,Predefined folder label used as a rule-harmonized three-class category,aa35e55e4281f566394437f6552842612810d3df0f21dd38952ff0bf0fb3fe52,PROPOSED_HYBRID_PCA128_SVM,3407,False,AMD_WET,0,0.056543784501151786,0.6500510110649705,0.2934052044338776
STARE_NORMAL_0020_80b19c79855d,NORMAL/im0237.png,NORMAL,NORMAL,Predefined folder label used as a rule-harmonized three-class category,5f4909ef146efb4de3ab5bce07d15658fef5d126757033521700b1b45e7471a8,PROPOSED_HYBRID_PCA128_SVM,3407,False,AMD_DRY,0,0.6073963690614301,0.14310989723846254,0.24949373370010755
STARE_NORMAL_0021_a8a97366077a,NORMAL/im0238.png,NORMAL,NORMAL,Predefined folder label used as a rule-harmonized three-class category,a8a64a614eb8df3408b22ad6f21cfb439d2a5d006216e1fe6277d2911b53e75a,PROPOSED_HYBRID_PCA128_SVM,3407,False,NORMAL,1,0.16591973060256113,0.1678232505255398,0.6662570188718991
STARE_NORMAL_0022_7d403a344fb9,NORMAL/im0239.png,NORMAL,NORMAL,Predefined folder label used as a rule-harmonized three-class category,eb5a6ca738083158f1f644cbc6f6a1df1b54d11b438e8a9b79ba5f0c435cf63d,PROPOSED_HYBRID_PCA128_SVM,3407,False,NORMAL,1,0.002105464981228197,0.0064605843825915645,0.99143395063618
STARE_NORMAL_0023_47ed930d2f03,NORMAL/im0240.png,NORMAL,NORMAL,Predefined folder label used as a rule-harmonized three-class category,5fb8b1d5f3fe6585ad73dc399b90d469afacac14da43d19541c0e4d283c741d7,PROPOSED_HYBRID_PCA128_SVM,3407,False,NORMAL,1,0.0009999465579261467,0.0022568744399473766,0.9967431790021266
STARE_NORMAL_0024_bb5cb2546ea1,NORMAL/im0241.png,NORMAL,NORMAL,Predefined folder label used as a rule-harmonized three-class category,76e76bf16fdfbd8909809773a537914810f675f5cd7b465919a2ac954784721d,PROPOSED_HYBRID_PCA128_SVM,3407,False,AMD_DRY,0,0.5618081650564851,0.10878759556411827,0.3294042393793965
STARE_NORMAL_0025_40962a17dfbb,NORMAL/im0252.png,NORMAL,NORMAL,Predefined folder label used as a rule-harmonized three-class category,9a8b2d7e790afb389f2e0cfebe109925e7f7e107f04786b6e9764be6baea5377,PROPOSED_HYBRID_PCA128_SVM,3407,False,AMD_WET,0,0.022654142831902185,0.5095028519514927,0.4678430052166054
STARE_NORMAL_0026_0e9ac8c7e0ab,NORMAL/im0253.png,NORMAL,NORMAL,Predefined folder label used as a rule-harmonized three-class category,88e1280e81b83f87b9d2004480a7abbaf39c31af89466d280a1398291118f320,PROPOSED_HYBRID_PCA128_SVM,3407,False,AMD_WET,0,0.2510299497967622,0.5208140676081424,0.2281559825950957
STARE_NORMAL_0027_a729417ea11b,NORMAL/im0254.png,NORMAL,NORMAL,Predefined folder label used as a rule-harmonized three-class category,b5bd3c6208c42d3375edc38f4316d86afbd9254e82b68a828c64dcc0315896df,PROPOSED_HYBRID_PCA128_SVM,3407,False,NORMAL,1,0.021237388790316208,0.04344350643894462,0.9353191047707392
STARE_NORMAL_0028_904d555e7186,NORMAL/im0255.png,NORMAL,NORMAL,Predefined folder label used as a rule-harmonized three-class category,359d311f41cc6fbcb2c742d40260e4db79f49e952b8c4f7d7fce7062d2ebad75,PROPOSED_HYBRID_PCA128_SVM,3407,False,NORMAL,1,0.0010587056234602455,0.01174175657953102,0.9871995377970086
STARE_NORMAL_0029_26e8fa5a34fb,NORMAL/im0278.png,NORMAL,NORMAL,Predefined folder label used as a rule-harmonized three-class category,bd1a0421f976637181ec6f3b282239391a5644af975394630aa4deca815e7c54,PROPOSED_HYBRID_PCA128_SVM,3407,False,AMD_WET,0,0.1766124390366568,0.7277858031222715,0.09560175784107187
STARE_AMD_DRY_0001_d263f50d89b2,AMD_DRY/im0006.png,AMD_DRY,AMD_DRY,Predefined folder label used as a rule-harmonized three-class category,07404fb4bd53b34ee25026662f3aa297e0556661c85da6cc611afc72690dd067,PROPOSED_HYBRID_PCA128_SVM,7777,False,AMD_WET,0,0.2404939977508207,0.7378772374869189,0.021628764762260083
STARE_AMD_DRY_0002_229c41f2cf25,AMD_DRY/im0012.png,AMD_DRY,AMD_DRY,Predefined folder label used as a rule-harmonized three-class category,7ead02e3f48eb036c8e46131fa3c26573762533cf84bb586588ea1586b9a151a,PROPOSED_HYBRID_PCA128_SVM,7777,False,AMD_WET,0,0.11675562443052032,0.8723384366670648,0.010905938902415022
STARE_AMD_DRY_0003_d6d7c11dd912,AMD_DRY/im0015.png,AMD_DRY,AMD_DRY,Predefined folder label used as a rule-harmonized three-class category,a3e8437cae1948c95e2e91e75d8e33c016295d76bbd77a62d6066b602e77cde2,PROPOSED_HYBRID_PCA128_SVM,7777,False,AMD_WET,0,0.25535667665528994,0.6147169341172118,0.12992638922749802
STARE_AMD_DRY_0004_b06dde6ef269,AMD_DRY/im0046.png,AMD_DRY,AMD_DRY,Predefined folder label used as a rule-harmonized three-class category,02463d320cda2ff13bf3719d639973124b40fbd8b127cf778b4bf9af3be5ae26,PROPOSED_HYBRID_PCA128_SVM,7777,False,NORMAL,0,0.5228359343569774,0.0291095799856197,0.4480544856574028
STARE_AMD_DRY_0005_937e0f008180,AMD_DRY/im0063.png,AMD_DRY,AMD_DRY,Predefined folder label used as a rule-harmonized three-class category,4ecde88543ad41f537feab30920481af39418f67cbd4a0af6741557e269bc487,PROPOSED_HYBRID_PCA128_SVM,7777,False,AMD_DRY,1,0.7281464118637792,0.2062694634704437,0.0655841246657771
STARE_AMD_DRY_0006_cc78e90fdf44,AMD_DRY/im0066.png,AMD_DRY,AMD_DRY,Predefined folder label used as a rule-harmonized three-class category,2240107c1ed6c3fa19669456df1652a098850fd217eceba2630795b2aa8c49db,PROPOSED_HYBRID_PCA128_SVM,7777,False,AMD_WET,0,0.2173907756198743,0.6458709232383874,0.13673830114173852
STARE_AMD_DRY_0007_1e4f490def47,AMD_DRY/im0068.png,AMD_DRY,AMD_DRY,Predefined folder label used as a rule-harmonized three-class category,6f526995077b937f5fea61e713f5c5ff158fe9505855bc2c1e026438d467aeb2,PROPOSED_HYBRID_PCA128_SVM,7777,False,AMD_DRY,1,0.9641470218481094,0.018490324835358757,0.01736265331653192
STARE_AMD_DRY_0008_c8d5b3bc7fd1,AMD_DRY/im0175.png,AMD_DRY,AMD_DRY,Predefined folder label used as a rule-harmonized three-class category,b9078b917d6bab1ba7794307d6de24878364c3a9a686638d18208e7508628339,PROPOSED_HYBRID_PCA128_SVM,7777,False,AMD_DRY,1,0.8341879616332071,0.15096657890715104,0.0148454594596421
STARE_AMD_DRY_0009_1b44b3f95920,AMD_DRY/im0193.png,AMD_DRY,AMD_DRY,Predefined folder label used as a rule-harmonized three-class category,432a8c9a1caf88b55bb56a507ac762d5b327717050fefc5be278fd4338c19f30,PROPOSED_HYBRID_PCA128_SVM,7777,False,AMD_DRY,1,0.8827253712466636,0.11291749500833369,0.004357133745002615
STARE_AMD_DRY_0010_831581454862,AMD_DRY/im0250.png,AMD_DRY,AMD_DRY,Predefined folder label used as a rule-harmonized three-class category,f0b0ea1b3c6b93f64fbaa5e5ce949029f0a1114170600a59727d7bb4ec12c5c3,PROPOSED_HYBRID_PCA128_SVM,7777,False,AMD_DRY,1,0.8465131793893813,0.12055516401645501,0.0329316565941635
STARE_AMD_DRY_0011_1f3e7a28dfdb,AMD_DRY/im0262.png,AMD_DRY,AMD_DRY,Predefined folder label used as a rule-harmonized three-class category,3e5597a19b733c677176fc433af21a35226f819671da0d09f5f5030e4f2b26b0,PROPOSED_HYBRID_PCA128_SVM,7777,False,AMD_DRY,1,0.45761221055590057,0.42505965768494014,0.11732813175915939
STARE_AMD_DRY_0012_faa094e238d5,AMD_DRY/im0263.png,AMD_DRY,AMD_DRY,Predefined folder label used as a rule-harmonized three-class category,4db3e481700ec8db703d55c2fc73a741a76ee153011608264863a52740bc8fb1,PROPOSED_HYBRID_PCA128_SVM,7777,False,AMD_DRY,1,0.5952214757667602,0.16912239715015362,0.23565612708308603
STARE_AMD_DRY_0013_667486851e7b,AMD_DRY/im0264.png,AMD_DRY,AMD_DRY,Predefined folder label used as a rule-harmonized three-class category,8ebb345117e4ef7e9b7d36fb7c1cd4c4cf989442736ea0b46079b8871a4ea779,PROPOSED_HYBRID_PCA128_SVM,7777,False,AMD_DRY,1,0.8809348711485375,0.0930341051859661,0.02603102366549625
STARE_AMD_DRY_0014_77bca31945cf,AMD_DRY/im0265.png,AMD_DRY,AMD_DRY,Predefined folder label used as a rule-harmonized three-class category,ad1821d60e315daecf235929f70cf8f3dfde962469edb679592996b12f95db36,PROPOSED_HYBRID_PCA128_SVM,7777,False,AMD_DRY,1,0.6966828320033019,0.28512991473752847,0.018187253259169516
STARE_AMD_DRY_0015_9816ec7268cf,AMD_DRY/im0266.png,AMD_DRY,AMD_DRY,Predefined folder label used as a rule-harmonized three-class category,8d46fced829b536a3d2db2bd9333d6b33635c06e5252f1d4776f4162d18fc081,PROPOSED_HYBRID_PCA128_SVM,7777,False,AMD_DRY,1,0.51726221900585,0.4784813826616057,0.004256398332544097
STARE_AMD_DRY_0016_b0cdd859d6ed,AMD_DRY/im0292.png,AMD_DRY,AMD_DRY,Predefined folder label used as a rule-harmonized three-class category,f5fe8b111acf618451880f97052f418600aeb562be4deb3abebfeb1c176a4b64,PROPOSED_HYBRID_PCA128_SVM,7777,False,AMD_WET,0,0.11175915101640216,0.8663390725898971,0.02190177639370089
STARE_AMD_DRY_0017_7456c8a0cd69,AMD_DRY/im0401.png,AMD_DRY,AMD_DRY,Predefined folder label used as a rule-harmonized three-class category,ba2d68ee6bbf1771c5b2d79805beaf8e46860cfb245819074ee4fd1f94de33bd,PROPOSED_HYBRID_PCA128_SVM,7777,False,AMD_DRY,1,0.5623652740543832,0.35626543135165734,0.08136929459395958
STARE_AMD_DRY_0018_379873cbb1a2,AMD_DRY/im0402.png,AMD_DRY,AMD_DRY,Predefined folder label used as a rule-harmonized three-class category,14ed4022ab6157297273acaef2c6a656c74b45e826c5c81119024c9e089ae712,PROPOSED_HYBRID_PCA128_SVM,7777,False,AMD_WET,0,0.34112073179296093,0.5927294395445941,0.06614982866244491
STARE_AMD_WET_0001_4abb74838c2e,AMD_WET/im0007.png,AMD_WET,AMD_WET,Predefined folder label used as a rule-harmonized three-class category,43efff95090bce4ff7388809dd5f71ec968f84c8868f4597d50267e06f6a80ab,PROPOSED_HYBRID_PCA128_SVM,7777,False,AMD_WET,1,0.03328643326937809,0.947819426567916,0.01889414016270613
STARE_AMD_WET_0002_364d7d338f60,AMD_WET/im0008.png,AMD_WET,AMD_WET,Predefined folder label used as a rule-harmonized three-class category,97947d82cf545207422cbd803d4dbc1a44338829d22d841b49f4bcfd305a70d3,PROPOSED_HYBRID_PCA128_SVM,7777,False,AMD_WET,1,0.060225257993966906,0.938614069401977,0.001160672604056048
STARE_AMD_WET_0003_a3a1c9c56853,AMD_WET/im0011.png,AMD_WET,AMD_WET,Predefined folder label used as a rule-harmonized three-class category,e449e9fd863250088ca5750e581ca89d9a8be324a6dbe88334824697fb987a9e,PROPOSED_HYBRID_PCA128_SVM,7777,False,AMD_WET,1,4.1008862628887093e-07,0.9999564429529488,4.314695842499631e-05
STARE_AMD_WET_0004_b1fbc6d203b8,AMD_WET/im0017.png,AMD_WET,AMD_WET,Predefined folder label used as a rule-harmonized three-class category,426c86d782efc552afc690378865191e61df5aa4ccd9bfe1f682174328a87cef,PROPOSED_HYBRID_PCA128_SVM,7777,False,AMD_WET,1,0.05098414702919751,0.9485947958984852,0.0004210570723173386
STARE_AMD_WET_0005_67527302d081,AMD_WET/im0034.png,AMD_WET,AMD_WET,Predefined folder label used as a rule-harmonized three-class category,03e98b766cd9c45837d9b19be05cd460593d335a3f8bdcc20b25fe6fce757879,PROPOSED_HYBRID_PCA128_SVM,7777,False,AMD_WET,1,0.006098647631400332,0.9923645564951112,0.0015367958734885938
STARE_AMD_WET_0006_db064e8eb44c,AMD_WET/im0036.png,AMD_WET,AMD_WET,Predefined folder label used as a rule-harmonized three-class category,40ed5b10850dbe2cac6fa5ad0da28d12e14f3c03ba1d8656667cbeef1faefbb2,PROPOSED_HYBRID_PCA128_SVM,7777,False,AMD_WET,1,0.008300944056888842,0.9908511953117871,0.0008478606313241962
STARE_AMD_WET_0007_5b7bee080dcd,AMD_WET/im0037.png,AMD_WET,AMD_WET,Predefined folder label used as a rule-harmonized three-class category,63a74787d05305a09f9daae4964e7f067306f3c4f6521a8c6fb2ade01e8cadf2,PROPOSED_HYBRID_PCA128_SVM,7777,False,AMD_WET,1,0.008534664399621583,0.9911498822397055,0.0003154533606732445
STARE_AMD_WET_0008_ce070d9aedb0,AMD_WET/im0053.png,AMD_WET,AMD_WET,Predefined folder label used as a rule-harmonized three-class category,5bd3fdb5c8efcbe5bd534875a8ab9ced630474e6e6b3f6c7645ea7106028bb99,PROPOSED_HYBRID_PCA128_SVM,7777,False,AMD_WET,1,0.047533949957766705,0.9495415937329711,0.0029244563092624197
STARE_AMD_WET_0009_7f040538c58a,AMD_WET/im0054.png,AMD_WET,AMD_WET,Predefined folder label used as a rule-harmonized three-class category,748a963e24d304d8145fac9e87991a1f4a2e8f8f9ec250a94e3b76c86bffd32f,PROPOSED_HYBRID_PCA128_SVM,7777,False,AMD_WET,1,0.027852208176405626,0.9716119691742814,0.0005358226493128301
STARE_AMD_WET_0010_f9748c7fccb6,AMD_WET/im0061.png,AMD_WET,AMD_WET,Predefined folder label used as a rule-harmonized three-class category,3618ee890a682dad4db87a0f55e8bb3e60e13889c98f32b5be93e86847dad88e,PROPOSED_HYBRID_PCA128_SVM,7777,False,AMD_WET,1,0.02667896384307041,0.9700484568504518,0.0032725793064780806
STARE_AMD_WET_0011_685974b697be,AMD_WET/im0062.png,AMD_WET,AMD_WET,Predefined folder label used as a rule-harmonized three-class category,7f7de2b94bdba9e000b42e074aa5fdc898876c7c192460b346a01e5feb9c23bb,PROPOSED_HYBRID_PCA128_SVM,7777,False,AMD_WET,1,0.009930198834318275,0.989991472972317,7.832819336476313e-05
STARE_AMD_WET_0012_b0e1926f7dfc,AMD_WET/im0083.png,AMD_WET,AMD_WET,Predefined folder label used as a rule-harmonized three-class category,ad9eac2b2d2369f5d8277bc425012ce4787c38b55081296e2d47b27874c9efa6,PROPOSED_HYBRID_PCA128_SVM,7777,False,AMD_WET,1,0.014167865810009145,0.9808565792662417,0.004975554923749182
STARE_AMD_WET_0013_e4e4377d057a,AMD_WET/im0084.png,AMD_WET,AMD_WET,Predefined folder label used as a rule-harmonized three-class category,6d3f7fb5846b79faf4e775d5f9f50891641312aa4903ba8e2842934a697819b7,PROPOSED_HYBRID_PCA128_SVM,7777,False,AMD_WET,1,0.012032140054719767,0.9841962570841752,0.0037716028611048196
STARE_AMD_WET_0014_e880931c9146,AMD_WET/im0091.png,AMD_WET,AMD_WET,Predefined folder label used as a rule-harmonized three-class category,39d871a3e16f95b5048404122c29149267c6159c219c1d297bc9642257eb1492,PROPOSED_HYBRID_PCA128_SVM,7777,False,AMD_WET,1,0.010711236433992742,0.987093889296362,0.0021948742696451798
STARE_AMD_WET_0015_25c7cf74080b,AMD_WET/im0092.png,AMD_WET,AMD_WET,Predefined folder label used as a rule-harmonized three-class category,15584a9280772911b2d202c8af1a671461257b3dca76e9fa46e972502b706de1,PROPOSED_HYBRID_PCA128_SVM,7777,False,AMD_WET,1,0.11855023551563901,0.8811330833297351,0.00031668115462586856
STARE_AMD_WET_0016_7f0eb389baee,AMD_WET/im0100.png,AMD_WET,AMD_WET,Predefined folder label used as a rule-harmonized three-class category,7bf274c7d773c817b4503ea8f88247bad16dd34eb8ce8dcc0c1b9f7f8c1a2ece,PROPOSED_HYBRID_PCA128_SVM,7777,False,NORMAL,0,0.013386308987908583,0.05169224520223791,0.9349214458098535
STARE_AMD_WET_0017_22cbd7234f5e,AMD_WET/im0101.png,AMD_WET,AMD_WET,Predefined folder label used as a rule-harmonized three-class category,a2e7d0814149deaffc104d661424651f7db5381d84c7456bb37dbe660241cd9f,PROPOSED_HYBRID_PCA128_SVM,7777,False,NORMAL,0,0.06977539262286431,0.3904175088988114,0.5398070984783241
STARE_AMD_WET_0018_04d706241959,AMD_WET/im0103.png,AMD_WET,AMD_WET,Predefined folder label used as a rule-harmonized three-class category,7f2fd1dd0bb83282a3036f49680952a097afd5ab56e8f97fcf4d055f76830d66,PROPOSED_HYBRID_PCA128_SVM,7777,False,AMD_WET,1,0.013514592353347652,0.9858718968630616,0.0006135107835908226
STARE_AMD_WET_0019_5add82a8671c,AMD_WET/im0104.png,AMD_WET,AMD_WET,Predefined folder label used as a rule-harmonized three-class category,8cd524a53014090924ea38e650597a8690329ca3a4a53cbafe5bf66a54e5b3da,PROPOSED_HYBRID_PCA128_SVM,7777,False,AMD_WET,1,0.017096250680337356,0.9709296840293327,0.011974065290330134
STARE_AMD_WET_0020_0d6202ae9b41,AMD_WET/im0105.png,AMD_WET,AMD_WET,Predefined folder label used as a rule-harmonized three-class category,6adfaa348c4fefcf987d1345282b82d6344a49a72df761012fa6682216d3cd6d,PROPOSED_HYBRID_PCA128_SVM,7777,False,AMD_WET,1,0.0950198457069115,0.9007046537657344,0.004275500527354344
STARE_AMD_WET_0021_b244af1ee88b,AMD_WET/im0106.png,AMD_WET,AMD_WET,Predefined folder label used as a rule-harmonized three-class category,d7734c772af108c633197d99af226712ffdedf208de12e3401f1c0ff364bf415,PROPOSED_HYBRID_PCA128_SVM,7777,False,AMD_WET,1,0.12875663348760222,0.8492023867234824,0.022040979788915428
STARE_AMD_WET_0022_485b7e19dbb9,AMD_WET/im0110.png,AMD_WET,AMD_WET,Predefined folder label used as a rule-harmonized three-class category,4cf4d8a5431840b301a45b27517dc9e4f6c315af9a951ee7a9e7aecd8d1fff87,PROPOSED_HYBRID_PCA128_SVM,7777,False,AMD_WET,1,0.09704230208552682,0.9027623471754435,0.00019535073902979106
STARE_AMD_WET_0023_783924ab9d3e,AMD_WET/im0142.png,AMD_WET,AMD_WET,Predefined folder label used as a rule-harmonized three-class category,8652ae4720f76835d83600178ecd2d5ad364cff1aca2d5e6130f5a7edddbba86,PROPOSED_HYBRID_PCA128_SVM,7777,False,AMD_WET,1,0.030041705870300753,0.7592127102239045,0.210745583905795
STARE_AMD_WET_0024_c037a55bcb6c,AMD_WET/im0143.png,AMD_WET,AMD_WET,Predefined folder label used as a rule-harmonized three-class category,3453e39c772c5bab740f6413943cb5f93f5fe08c9c343a854a625e0b402ddb6d,PROPOSED_HYBRID_PCA128_SVM,7777,False,AMD_WET,1,0.05744376916423512,0.9325049203900018,0.010051310445763056
STARE_AMD_WET_0025_98ec0df7bc68,AMD_WET/im0145.png,AMD_WET,AMD_WET,Predefined folder label used as a rule-harmonized three-class category,a5681525b97c4dca5f45ce5a5e1da936b07e025271f89ea246ff9b5dc6983440,PROPOSED_HYBRID_PCA128_SVM,7777,False,AMD_WET,1,4.0222619826299547e-07,0.9997793508980639,0.00022024687573801664
STARE_AMD_WET_0026_2352e6cbeec6,AMD_WET/im0147.png,AMD_WET,AMD_WET,Predefined folder label used as a rule-harmonized three-class category,69c37425ca991739d3d10cbc578ac571c6a4e99322393a8713ba4eb848eb5502,PROPOSED_HYBRID_PCA128_SVM,7777,False,AMD_DRY,0,0.6907497939328617,0.30916522324174467,8.49828253934294e-05
STARE_AMD_WET_0027_10d3c0ba4d12,AMD_WET/im0148.png,AMD_WET,AMD_WET,Predefined folder label used as a rule-harmonized three-class category,b4bcfa8a3773c76313794c74e7ae8e82c21615838abbebdffca7d3cdf2917e30,PROPOSED_HYBRID_PCA128_SVM,7777,False,AMD_WET,1,0.11870258424658285,0.8802395061096076,0.0010579096438094835
STARE_AMD_WET_0028_f46e77551412,AMD_WET/im0149.png,AMD_WET,AMD_WET,Predefined folder label used as a rule-harmonized three-class category,6f3fdbf773038c12c6e7c67386281b866491545eb6875000f674d23142bbd85c,PROPOSED_HYBRID_PCA128_SVM,7777,False,AMD_WET,1,0.009448793629984034,0.990254333669319,0.00029687270069701533
STARE_AMD_WET_0029_dc7db43f95e6,AMD_WET/im0150.png,AMD_WET,AMD_WET,Predefined folder label used as a rule-harmonized three-class category,d908ec1498c17f64e75e8497e8397e759b2e133e69c4f86aad3f9e748c2c506d,PROPOSED_HYBRID_PCA128_SVM,7777,False,AMD_WET,1,0.3338573842148468,0.6385679593389418,0.02757465644621122
STARE_AMD_WET_0030_217ba81e51a4,AMD_WET/im0151.png,AMD_WET,AMD_WET,Predefined folder label used as a rule-harmonized three-class category,8426b239b4497a8d26c2eef041be117d86819413209f92ff27a35821cc98e7aa,PROPOSED_HYBRID_PCA128_SVM,7777,False,AMD_WET,1,0.032209962349433297,0.9597648666120822,0.008025171038484631
STARE_AMD_WET_0031_ea436d9c2155,AMD_WET/im0154.png,AMD_WET,AMD_WET,Predefined folder label used as a rule-harmonized three-class category,3e30820f11968c852328d7ce0e311f95a9d8e8d2aa4e967c54c7899bf05e78af,PROPOSED_HYBRID_PCA128_SVM,7777,False,AMD_WET,1,0.037989426406658075,0.960394598241567,0.0016159753517748987
STARE_AMD_WET_0032_82a866bf90e7,AMD_WET/im0158.png,AMD_WET,AMD_WET,Predefined folder label used as a rule-harmonized three-class category,acfeb121c561a1f48875b41496a49b0052e28623d3e80699cc5a5724b9caaf07,PROPOSED_HYBRID_PCA128_SVM,7777,False,AMD_WET,1,0.0030820282766401683,0.9954046805338967,0.001513291189463103
STARE_AMD_WET_0033_3f2dc2fca284,AMD_WET/im0162.png,AMD_WET,AMD_WET,Predefined folder label used as a rule-harmonized three-class category,72e00297ec08da2d035593fb29639d79d88f8b39cd0b42b787601000ef19feeb,PROPOSED_HYBRID_PCA128_SVM,7777,False,NORMAL,0,0.006893557807988823,0.05539412901342343,0.9377123131785878
STARE_AMD_WET_0034_8775b8a29b66,AMD_WET/im0163.png,AMD_WET,AMD_WET,Predefined folder label used as a rule-harmonized three-class category,d41b401024384b648248ed09f5d762674d085959b8e5dfe2162d01b4fd4c2ef0,PROPOSED_HYBRID_PCA128_SVM,7777,False,NORMAL,0,0.12398655409081057,0.35134482792109195,0.5246686179880974
STARE_AMD_WET_0035_4c0db4ccf5a4,AMD_WET/im0164.png,AMD_WET,AMD_WET,Predefined folder label used as a rule-harmonized three-class category,fef2c9c937e4640ab7bc97fdf7248f5943b843bb46961d3b328303d0741a9ded,PROPOSED_HYBRID_PCA128_SVM,7777,False,AMD_WET,1,0.16430601856197322,0.5213698389943096,0.3143241424437175
STARE_AMD_WET_0036_c00e1422854e,AMD_WET/im0171.png,AMD_WET,AMD_WET,Predefined folder label used as a rule-harmonized three-class category,27508429504998fba48c98402a0c27ad4b52a8eb901a6560b94bcdfbe5f02b5e,PROPOSED_HYBRID_PCA128_SVM,7777,False,AMD_WET,1,2.0177353123599085e-06,0.9995538911762293,0.0004440910884583364
STARE_AMD_WET_0037_f615feb0e70f,AMD_WET/im0172.png,AMD_WET,AMD_WET,Predefined folder label used as a rule-harmonized three-class category,ef627ca53ec6663be33e93ab56135bd86105368b41bd762ff33fdf721cd11f47,PROPOSED_HYBRID_PCA128_SVM,7777,False,AMD_WET,1,0.020170326237899015,0.9754582926533489,0.004371381108751964
STARE_AMD_WET_0038_f067b2299705,AMD_WET/im0259.png,AMD_WET,AMD_WET,Predefined folder label used as a rule-harmonized three-class category,3ddfc0b707bd98706b3d375e2f9b1b4d04b0b1d29819028e980a276a5e5931e8,PROPOSED_HYBRID_PCA128_SVM,7777,False,AMD_WET,1,0.16196442330704694,0.8374379775529518,0.0005975991400008146
STARE_AMD_WET_0039_901400a328ea,AMD_WET/im0260.png,AMD_WET,AMD_WET,Predefined folder label used as a rule-harmonized three-class category,05dc807bfa30fa429de8d8b049ecafd790c32c2a559f9405882d54e63ea674a9,PROPOSED_HYBRID_PCA128_SVM,7777,False,AMD_WET,1,0.08190589174165572,0.8538290504502987,0.06426505780804563
STARE_AMD_WET_0040_a363219f11d0,AMD_WET/im0268.png,AMD_WET,AMD_WET,Predefined folder label used as a rule-harmonized three-class category,35888c752846e3adb3516a194fcd44f813a0bb0346a881c9cce8d8f88ed976a9,PROPOSED_HYBRID_PCA128_SVM,7777,False,AMD_WET,1,5.274973554149252e-07,0.9999117365629577,8.77359396868889e-05
STARE_AMD_WET_0041_690c73b63336,AMD_WET/im0269.png,AMD_WET,AMD_WET,Predefined folder label used as a rule-harmonized three-class category,2f075a6a797e24f97921a61f679e1ae0ab73ad90d36632093ec7750205784168,PROPOSED_HYBRID_PCA128_SVM,7777,False,AMD_WET,1,0.002602343416170754,0.9973259828998635,7.167368396568094e-05
STARE_AMD_WET_0042_69540105ba9b,AMD_WET/im0270.png,AMD_WET,AMD_WET,Predefined folder label used as a rule-harmonized three-class category,76d593aa16b8092375d9df1f1daf3d05a70f0f95019bb2ea6fbe2b633a712e52,PROPOSED_HYBRID_PCA128_SVM,7777,False,AMD_WET,1,0.012060075527325239,0.9878417068526646,9.8217620010156e-05
STARE_AMD_WET_0043_4ed7714513bd,AMD_WET/im0375.png,AMD_WET,AMD_WET,Predefined folder label used as a rule-harmonized three-class category,3285ead4943823ab422def9a6ba9ce19f6cb90266b55ca36873af16cbe14d4cd,PROPOSED_HYBRID_PCA128_SVM,7777,False,AMD_WET,1,0.033872832742442086,0.8993765422270474,0.06675062503051049
STARE_AMD_WET_0044_1eca6ca88367,AMD_WET/im0376.png,AMD_WET,AMD_WET,Predefined folder label used as a rule-harmonized three-class category,2e9e22db7a9b5246621d6f46a9eb6ba71e7cbaee0e7407aeec5a40204eebd0d2,PROPOSED_HYBRID_PCA128_SVM,7777,False,AMD_WET,1,0.0057975691684434205,0.8368842768721285,0.1573181539594279
STARE_AMD_WET_0045_a7ac74c12223,AMD_WET/im0377.png,AMD_WET,AMD_WET,Predefined folder label used as a rule-harmonized three-class category,fc69ff53cc325cd060f4424c0f95424e90716f5143248286ab8a235f2adb238d,PROPOSED_HYBRID_PCA128_SVM,7777,False,NORMAL,0,0.0010331704894525283,0.006035657403917001,0.9929311721066305
STARE_AMD_WET_0046_930a5d6ef337,AMD_WET/im0378.png,AMD_WET,AMD_WET,Predefined folder label used as a rule-harmonized three-class category,938e4f4d27b037c2468b2acd649d075f6b8a232dd58c4bab39f9802478c3d099,PROPOSED_HYBRID_PCA128_SVM,7777,False,AMD_WET,1,0.02189762820887035,0.9290089357916863,0.049093435999443456
STARE_AMD_WET_0047_33adc64edf0e,AMD_WET/im0379.png,AMD_WET,AMD_WET,Predefined folder label used as a rule-harmonized three-class category,f56238dd685cc66e4d92d338b424d0a61d475111ba3e3cb9a73b26b1356ab412,PROPOSED_HYBRID_PCA128_SVM,7777,False,AMD_WET,1,0.2541682808361655,0.72533284650791,0.02049887265592479
STARE_AMD_WET_0048_06963c6124c6,AMD_WET/im0380.png,AMD_WET,AMD_WET,Predefined folder label used as a rule-harmonized three-class category,7a673e54c6ffc0e1423acafccc440d30bda225ac2b2a446b0c50091c02f8a9ac,PROPOSED_HYBRID_PCA128_SVM,7777,False,AMD_WET,1,0.03265114875882427,0.9560369961609749,0.011311855080200724
STARE_AMD_WET_0049_9bf3d111a53d,AMD_WET/im0381.png,AMD_WET,AMD_WET,Predefined folder label used as a rule-harmonized three-class category,83ab520e218e344b07e97523c41262b626658654defdf671c0a15aafa62d69dc,PROPOSED_HYBRID_PCA128_SVM,7777,False,AMD_WET,1,0.14197196178151789,0.7493181003704279,0.10870993784805408
STARE_AMD_WET_0050_e8a530fce5a2,AMD_WET/im0382.png,AMD_WET,AMD_WET,Predefined folder label used as a rule-harmonized three-class category,2a5f5949d58920bc4640f201a952752009f04984297e630fb2cc08bf28633614,PROPOSED_HYBRID_PCA128_SVM,7777,False,AMD_DRY,0,0.6890949960248111,0.30954221119339387,0.0013627927817948906
STARE_AMD_WET_0051_482de20e4e3b,AMD_WET/im0383.png,AMD_WET,AMD_WET,Predefined folder label used as a rule-harmonized three-class category,35e60c03d2808a6df90a4a6e87a30a54599dab57e027eb19fd2161d8b24bde2b,PROPOSED_HYBRID_PCA128_SVM,7777,False,AMD_WET,1,0.20262249468348023,0.7562618620810521,0.04111564323546753
STARE_AMD_WET_0052_d1204ef9efbf,AMD_WET/im0384.png,AMD_WET,AMD_WET,Predefined folder label used as a rule-harmonized three-class category,dbc8302f2327e1d4813cc03c89406f01c2f5a4e5c1926c01053b54d77c00e7f8,PROPOSED_HYBRID_PCA128_SVM,7777,False,AMD_WET,1,0.05517236906990222,0.7908256654784988,0.15400196545159903
STARE_AMD_WET_0053_a654eff73804,AMD_WET/im0385.png,AMD_WET,AMD_WET,Predefined folder label used as a rule-harmonized three-class category,7cf72f7ef7a41de0d1156ce7f03b44973bdd92a1a1b2b99ff8a77647ba54ed25,PROPOSED_HYBRID_PCA128_SVM,7777,False,AMD_WET,1,1.6310561033914375e-05,0.9979352764497686,0.0020484129891976018
STARE_NORMAL_0001_bcb949751692,NORMAL/im0032.png,NORMAL,NORMAL,Predefined folder label used as a rule-harmonized three-class category,62e879df0174360b7ae75d1c10991e5b696428f0facbf09043a5cbd406b67599,PROPOSED_HYBRID_PCA128_SVM,7777,False,NORMAL,1,0.007443349365563987,0.018247739891114854,0.974308910743321
STARE_NORMAL_0002_5dc0f880fbb0,NORMAL/im0035.png,NORMAL,NORMAL,Predefined folder label used as a rule-harmonized three-class category,e37c8438fcce197544ae71f483ab8997c91457351e6d5a1477f8a14afc1a2a4e,PROPOSED_HYBRID_PCA128_SVM,7777,False,AMD_DRY,0,0.27583475001458857,0.4393888753851696,0.2847763746002417
STARE_NORMAL_0003_af8dffaab8e8,NORMAL/im0076.png,NORMAL,NORMAL,Predefined folder label used as a rule-harmonized three-class category,6f6ca7f36384eb7df2ffeac7b66373ce318a74b3ff5aad4db689649dd0bfd7cd,PROPOSED_HYBRID_PCA128_SVM,7777,False,NORMAL,1,0.0017255837706605512,0.0013576759439098494,0.9969167402854294
STARE_NORMAL_0004_a7c8b54fa43f,NORMAL/im0077.png,NORMAL,NORMAL,Predefined folder label used as a rule-harmonized three-class category,09e643596a6f4780adffefeeee2bd8d87372f8ace5fb1793dd127ad485a62af7,PROPOSED_HYBRID_PCA128_SVM,7777,False,NORMAL,1,0.026289661252330572,0.0324420601892478,0.9412682785584217
STARE_NORMAL_0005_9545e76ea708,NORMAL/im0080.png,NORMAL,NORMAL,Predefined folder label used as a rule-harmonized three-class category,2d1c47abfa3a52970bea03740f7ed219245b4a8ee2f559b833335ed69bf49628,PROPOSED_HYBRID_PCA128_SVM,7777,False,AMD_DRY,0,0.289611192423718,0.35684228179165334,0.3535465257846286
STARE_NORMAL_0006_a0954f383019,NORMAL/im0081.png,NORMAL,NORMAL,Predefined folder label used as a rule-harmonized three-class category,4baf8ebb88eca8082da1e458c72c9fe393ff8e5ec16e91175432bed19627aa1d,PROPOSED_HYBRID_PCA128_SVM,7777,False,NORMAL,1,0.04228327487515621,0.2629974608807142,0.6947192642441293
STARE_NORMAL_0007_5980e3b87e9e,NORMAL/im0082.png,NORMAL,NORMAL,Predefined folder label used as a rule-harmonized three-class category,2884006bfa703a7117eed97da8d82ae7b5bb529685b56fd91142f027c32fd415,PROPOSED_HYBRID_PCA128_SVM,7777,False,NORMAL,1,0.01866148193581747,0.025884736594598338,0.9554537814695842
STARE_NORMAL_0008_67b0b3d6d1f2,NORMAL/im0119.png,NORMAL,NORMAL,Predefined folder label used as a rule-harmonized three-class category,6150b14dd0d0dd390bcf1e364e4389f2cf4e03392b886b57173ec61b5681404b,PROPOSED_HYBRID_PCA128_SVM,7777,False,NORMAL,1,0.022512277859457638,0.19593975370516117,0.7815479684353812
STARE_NORMAL_0009_6a65823b5152,NORMAL/im0120.png,NORMAL,NORMAL,Predefined folder label used as a rule-harmonized three-class category,bcde9855e79ec1b7af4d668ae77ded4f721959afbdecb43b7674a061234cd473,PROPOSED_HYBRID_PCA128_SVM,7777,False,NORMAL,1,0.008902013692580743,0.058864760590013276,0.932233225717406
STARE_NORMAL_0010_288860135381,NORMAL/im0170.png,NORMAL,NORMAL,Predefined folder label used as a rule-harmonized three-class category,a35491abd3cdf67d5011dbd78bf89a4d93c4ee0d613994338ee88050813d95ea,PROPOSED_HYBRID_PCA128_SVM,7777,False,NORMAL,1,0.06620535892180278,0.09686452154293994,0.8369301195352571
STARE_NORMAL_0011_adb7788e4f81,NORMAL/im0190.png,NORMAL,NORMAL,Predefined folder label used as a rule-harmonized three-class category,c750838f7b3cdbb4d7456a56e0bf87f36dfaf5db349e036b972ccaab23d00c21,PROPOSED_HYBRID_PCA128_SVM,7777,False,NORMAL,1,0.00067461413969903,0.02600707400388093,0.9733183118564199
STARE_NORMAL_0012_88861f2bdfe4,NORMAL/im0198.png,NORMAL,NORMAL,Predefined folder label used as a rule-harmonized three-class category,87add79ee388d59aa87622a56d873fd8d360f85d7bf6a50a21d3c0a0b41ae571,PROPOSED_HYBRID_PCA128_SVM,7777,False,NORMAL,1,0.21566908783767333,0.04662720965500159,0.737703702507325
STARE_NORMAL_0013_c303b9fa8118,NORMAL/im0199.png,NORMAL,NORMAL,Predefined folder label used as a rule-harmonized three-class category,453319f57d81ffb75d5a6d623d221956b7612f662aedf38ea3f810765b18394d,PROPOSED_HYBRID_PCA128_SVM,7777,False,NORMAL,1,0.04132213461034928,0.2611929554254072,0.6974849099642435
STARE_NORMAL_0014_4235d006c6c5,NORMAL/im0216.png,NORMAL,NORMAL,Predefined folder label used as a rule-harmonized three-class category,e3c533d5cdda64345e0dd8c7df973d1ffcf27ba72bd3260e888f7050ec8b8864,PROPOSED_HYBRID_PCA128_SVM,7777,False,NORMAL,1,0.03115395925551048,0.02442650686354218,0.9444195338809473
STARE_NORMAL_0015_3ec130b0c8aa,NORMAL/im0219.png,NORMAL,NORMAL,Predefined folder label used as a rule-harmonized three-class category,5319f005326e3766c0f7cd49defd75b26089ea46ae1984d7877bbda6fbf0f5b9,PROPOSED_HYBRID_PCA128_SVM,7777,False,NORMAL,1,0.00038242581902185347,0.003799293275479553,0.9958182809054986
STARE_NORMAL_0016_a5dd62b18f81,NORMAL/im0231.png,NORMAL,NORMAL,Predefined folder label used as a rule-harmonized three-class category,69e9a35b9cef4038cc12fc6533b15395e80f631dbd5088442a0ec6af0c77ccff,PROPOSED_HYBRID_PCA128_SVM,7777,False,AMD_DRY,0,0.22742386615373322,0.42575629796546605,0.3468198358808005
STARE_NORMAL_0017_f2351c6ce9fa,NORMAL/im0234.png,NORMAL,NORMAL,Predefined folder label used as a rule-harmonized three-class category,5558231804283e500c7b1867373702abafe24e462b5c21118a896a6130732122,PROPOSED_HYBRID_PCA128_SVM,7777,False,NORMAL,1,0.07023307614629534,0.13478440307299144,0.7949825207807133
STARE_NORMAL_0018_4bb8a01681a3,NORMAL/im0235.png,NORMAL,NORMAL,Predefined folder label used as a rule-harmonized three-class category,3809fd30b63a0d911aec81ae9eac6ebba104db3075fed8c8b109f3e379a09528,PROPOSED_HYBRID_PCA128_SVM,7777,False,NORMAL,1,0.10150054747979831,0.2603993916759621,0.6381000608442393
STARE_NORMAL_0019_d06a1b708664,NORMAL/im0236.png,NORMAL,NORMAL,Predefined folder label used as a rule-harmonized three-class category,aa35e55e4281f566394437f6552842612810d3df0f21dd38952ff0bf0fb3fe52,PROPOSED_HYBRID_PCA128_SVM,7777,False,AMD_WET,0,0.05705560874211405,0.607997274405662,0.3349471168522237
STARE_NORMAL_0020_80b19c79855d,NORMAL/im0237.png,NORMAL,NORMAL,Predefined folder label used as a rule-harmonized three-class category,5f4909ef146efb4de3ab5bce07d15658fef5d126757033521700b1b45e7471a8,PROPOSED_HYBRID_PCA128_SVM,7777,False,AMD_DRY,0,0.6320723435025568,0.13283479747969526,0.23509285901774837
STARE_NORMAL_0021_a8a97366077a,NORMAL/im0238.png,NORMAL,NORMAL,Predefined folder label used as a rule-harmonized three-class category,a8a64a614eb8df3408b22ad6f21cfb439d2a5d006216e1fe6277d2911b53e75a,PROPOSED_HYBRID_PCA128_SVM,7777,False,NORMAL,1,0.20465315005967674,0.17578976207083344,0.6195570878694898
STARE_NORMAL_0022_7d403a344fb9,NORMAL/im0239.png,NORMAL,NORMAL,Predefined folder label used as a rule-harmonized three-class category,eb5a6ca738083158f1f644cbc6f6a1df1b54d11b438e8a9b79ba5f0c435cf63d,PROPOSED_HYBRID_PCA128_SVM,7777,False,NORMAL,1,0.0034221149794122045,0.007767795925135168,0.9888100890954525
STARE_NORMAL_0023_47ed930d2f03,NORMAL/im0240.png,NORMAL,NORMAL,Predefined folder label used as a rule-harmonized three-class category,5fb8b1d5f3fe6585ad73dc399b90d469afacac14da43d19541c0e4d283c741d7,PROPOSED_HYBRID_PCA128_SVM,7777,False,NORMAL,1,0.0018771989448064692,0.002869575782006754,0.9952532252731866
STARE_NORMAL_0024_bb5cb2546ea1,NORMAL/im0241.png,NORMAL,NORMAL,Predefined folder label used as a rule-harmonized three-class category,76e76bf16fdfbd8909809773a537914810f675f5cd7b465919a2ac954784721d,PROPOSED_HYBRID_PCA128_SVM,7777,False,AMD_DRY,0,0.6138892541836174,0.12871483839348055,0.2573959074229022
STARE_NORMAL_0025_40962a17dfbb,NORMAL/im0252.png,NORMAL,NORMAL,Predefined folder label used as a rule-harmonized three-class category,9a8b2d7e790afb389f2e0cfebe109925e7f7e107f04786b6e9764be6baea5377,PROPOSED_HYBRID_PCA128_SVM,7777,False,AMD_WET,0,0.019872139780828888,0.5657343966093085,0.4143934636098627
STARE_NORMAL_0026_0e9ac8c7e0ab,NORMAL/im0253.png,NORMAL,NORMAL,Predefined folder label used as a rule-harmonized three-class category,88e1280e81b83f87b9d2004480a7abbaf39c31af89466d280a1398291118f320,PROPOSED_HYBRID_PCA128_SVM,7777,False,AMD_WET,0,0.28975265363441904,0.47546547456694643,0.2347818717986343
STARE_NORMAL_0027_a729417ea11b,NORMAL/im0254.png,NORMAL,NORMAL,Predefined folder label used as a rule-harmonized three-class category,b5bd3c6208c42d3375edc38f4316d86afbd9254e82b68a828c64dcc0315896df,PROPOSED_HYBRID_PCA128_SVM,7777,False,NORMAL,1,0.02519963369752122,0.04582999346336307,0.928970372839116
STARE_NORMAL_0028_904d555e7186,NORMAL/im0255.png,NORMAL,NORMAL,Predefined folder label used as a rule-harmonized three-class category,359d311f41cc6fbcb2c742d40260e4db79f49e952b8c4f7d7fce7062d2ebad75,PROPOSED_HYBRID_PCA128_SVM,7777,False,NORMAL,1,0.0015069358174362368,0.012357357073684377,0.9861357071088793
STARE_NORMAL_0029_26e8fa5a34fb,NORMAL/im0278.png,NORMAL,NORMAL,Predefined folder label used as a rule-harmonized three-class category,bd1a0421f976637181ec6f3b282239391a5644af975394630aa4deca815e7c54,PROPOSED_HYBRID_PCA128_SVM,7777,False,AMD_WET,0,0.16646019461368272,0.7415749647974196,0.09196484058889753
