sample_id,source_dataset,held_out_source,true_label,scenario,consensus_predicted_label,consensus_correct
S000001,ADAM,ADAM,AMD_DRY,FROZEN_VIT_768D,AMD_DRY,1
S000001,ADAM,ADAM,AMD_DRY,FULL_HYBRID_800D,AMD_DRY,1
S000001,ADAM,ADAM,AMD_DRY,HANDCRAFTED_ONLY_32D,AMD_DRY,1
S000001,ADAM,ADAM,AMD_DRY,HYBRID_MINUS_COLOR,AMD_DRY,1
S000001,ADAM,ADAM,AMD_DRY,HYBRID_MINUS_HARALICK,AMD_DRY,1
S000001,ADAM,ADAM,AMD_DRY,HYBRID_MINUS_LBP,AMD_DRY,1
S000001,ADAM,ADAM,AMD_DRY,VIT_PLUS_COLOR,AMD_DRY,1
S000001,ADAM,ADAM,AMD_DRY,VIT_PLUS_HARALICK,AMD_DRY,1
S000001,ADAM,ADAM,AMD_DRY,VIT_PLUS_LBP,AMD_DRY,1
S000002,ADAM,ADAM,AMD_DRY,FROZEN_VIT_768D,AMD_DRY,1
S000002,ADAM,ADAM,AMD_DRY,FULL_HYBRID_800D,AMD_DRY,1
S000002,ADAM,ADAM,AMD_DRY,HANDCRAFTED_ONLY_32D,NORMAL,0
S000002,ADAM,ADAM,AMD_DRY,HYBRID_MINUS_COLOR,AMD_DRY,1
S000002,ADAM,ADAM,AMD_DRY,HYBRID_MINUS_HARALICK,AMD_DRY,1
S000002,ADAM,ADAM,AMD_DRY,HYBRID_MINUS_LBP,AMD_DRY,1
S000002,ADAM,ADAM,AMD_DRY,VIT_PLUS_COLOR,AMD_DRY,1
S000002,ADAM,ADAM,AMD_DRY,VIT_PLUS_HARALICK,AMD_DRY,1
S000002,ADAM,ADAM,AMD_DRY,VIT_PLUS_LBP,AMD_DRY,1
S000003,ADAM,ADAM,AMD_DRY,FROZEN_VIT_768D,AMD_DRY,1
S000003,ADAM,ADAM,AMD_DRY,FULL_HYBRID_800D,AMD_DRY,1
S000003,ADAM,ADAM,AMD_DRY,HANDCRAFTED_ONLY_32D,AMD_DRY,1
S000003,ADAM,ADAM,AMD_DRY,HYBRID_MINUS_COLOR,AMD_DRY,1
S000003,ADAM,ADAM,AMD_DRY,HYBRID_MINUS_HARALICK,AMD_DRY,1
S000003,ADAM,ADAM,AMD_DRY,HYBRID_MINUS_LBP,AMD_DRY,1
S000003,ADAM,ADAM,AMD_DRY,VIT_PLUS_COLOR,AMD_DRY,1
S000003,ADAM,ADAM,AMD_DRY,VIT_PLUS_HARALICK,AMD_DRY,1
S000003,ADAM,ADAM,AMD_DRY,VIT_PLUS_LBP,AMD_DRY,1
S000004,ADAM,ADAM,AMD_DRY,FROZEN_VIT_768D,AMD_DRY,1
S000004,ADAM,ADAM,AMD_DRY,FULL_HYBRID_800D,AMD_DRY,1
S000004,ADAM,ADAM,AMD_DRY,HANDCRAFTED_ONLY_32D,AMD_DRY,1
S000004,ADAM,ADAM,AMD_DRY,HYBRID_MINUS_COLOR,AMD_DRY,1
S000004,ADAM,ADAM,AMD_DRY,HYBRID_MINUS_HARALICK,AMD_DRY,1
S000004,ADAM,ADAM,AMD_DRY,HYBRID_MINUS_LBP,AMD_DRY,1
S000004,ADAM,ADAM,AMD_DRY,VIT_PLUS_COLOR,AMD_DRY,1
S000004,ADAM,ADAM,AMD_DRY,VIT_PLUS_HARALICK,AMD_DRY,1
S000004,ADAM,ADAM,AMD_DRY,VIT_PLUS_LBP,AMD_DRY,1
S000005,ADAM,ADAM,AMD_DRY,FROZEN_VIT_768D,NORMAL,0
S000005,ADAM,ADAM,AMD_DRY,FULL_HYBRID_800D,NORMAL,0
S000005,ADAM,ADAM,AMD_DRY,HANDCRAFTED_ONLY_32D,NORMAL,0
S000005,ADAM,ADAM,AMD_DRY,HYBRID_MINUS_COLOR,NORMAL,0
S000005,ADAM,ADAM,AMD_DRY,HYBRID_MINUS_HARALICK,NORMAL,0
S000005,ADAM,ADAM,AMD_DRY,HYBRID_MINUS_LBP,NORMAL,0
S000005,ADAM,ADAM,AMD_DRY,VIT_PLUS_COLOR,NORMAL,0
S000005,ADAM,ADAM,AMD_DRY,VIT_PLUS_HARALICK,NORMAL,0
S000005,ADAM,ADAM,AMD_DRY,VIT_PLUS_LBP,NORMAL,0
S000006,ADAM,ADAM,AMD_DRY,FROZEN_VIT_768D,AMD_DRY,1
S000006,ADAM,ADAM,AMD_DRY,FULL_HYBRID_800D,AMD_DRY,1
S000006,ADAM,ADAM,AMD_DRY,HANDCRAFTED_ONLY_32D,AMD_DRY,1
S000006,ADAM,ADAM,AMD_DRY,HYBRID_MINUS_COLOR,AMD_DRY,1
S000006,ADAM,ADAM,AMD_DRY,HYBRID_MINUS_HARALICK,AMD_DRY,1
S000006,ADAM,ADAM,AMD_DRY,HYBRID_MINUS_LBP,AMD_DRY,1
S000006,ADAM,ADAM,AMD_DRY,VIT_PLUS_COLOR,AMD_DRY,1
S000006,ADAM,ADAM,AMD_DRY,VIT_PLUS_HARALICK,AMD_DRY,1
S000006,ADAM,ADAM,AMD_DRY,VIT_PLUS_LBP,AMD_DRY,1
S000007,ADAM,ADAM,AMD_DRY,FROZEN_VIT_768D,AMD_DRY,1
S000007,ADAM,ADAM,AMD_DRY,FULL_HYBRID_800D,AMD_DRY,1
S000007,ADAM,ADAM,AMD_DRY,HANDCRAFTED_ONLY_32D,AMD_DRY,1
S000007,ADAM,ADAM,AMD_DRY,HYBRID_MINUS_COLOR,AMD_DRY,1
S000007,ADAM,ADAM,AMD_DRY,HYBRID_MINUS_HARALICK,AMD_DRY,1
S000007,ADAM,ADAM,AMD_DRY,HYBRID_MINUS_LBP,AMD_DRY,1
S000007,ADAM,ADAM,AMD_DRY,VIT_PLUS_COLOR,AMD_DRY,1
S000007,ADAM,ADAM,AMD_DRY,VIT_PLUS_HARALICK,AMD_DRY,1
S000007,ADAM,ADAM,AMD_DRY,VIT_PLUS_LBP,AMD_DRY,1
S000008,ADAM,ADAM,AMD_DRY,FROZEN_VIT_768D,AMD_DRY,1
S000008,ADAM,ADAM,AMD_DRY,FULL_HYBRID_800D,AMD_DRY,1
S000008,ADAM,ADAM,AMD_DRY,HANDCRAFTED_ONLY_32D,AMD_DRY,1
S000008,ADAM,ADAM,AMD_DRY,HYBRID_MINUS_COLOR,AMD_DRY,1
S000008,ADAM,ADAM,AMD_DRY,HYBRID_MINUS_HARALICK,AMD_DRY,1
S000008,ADAM,ADAM,AMD_DRY,HYBRID_MINUS_LBP,AMD_DRY,1
S000008,ADAM,ADAM,AMD_DRY,VIT_PLUS_COLOR,AMD_DRY,1
S000008,ADAM,ADAM,AMD_DRY,VIT_PLUS_HARALICK,AMD_DRY,1
S000008,ADAM,ADAM,AMD_DRY,VIT_PLUS_LBP,AMD_DRY,1
S000009,ADAM,ADAM,AMD_DRY,FROZEN_VIT_768D,AMD_DRY,1
S000009,ADAM,ADAM,AMD_DRY,FULL_HYBRID_800D,AMD_DRY,1
S000009,ADAM,ADAM,AMD_DRY,HANDCRAFTED_ONLY_32D,AMD_DRY,1
S000009,ADAM,ADAM,AMD_DRY,HYBRID_MINUS_COLOR,AMD_DRY,1
S000009,ADAM,ADAM,AMD_DRY,HYBRID_MINUS_HARALICK,AMD_DRY,1
S000009,ADAM,ADAM,AMD_DRY,HYBRID_MINUS_LBP,AMD_DRY,1
S000009,ADAM,ADAM,AMD_DRY,VIT_PLUS_COLOR,AMD_DRY,1
S000009,ADAM,ADAM,AMD_DRY,VIT_PLUS_HARALICK,AMD_DRY,1
S000009,ADAM,ADAM,AMD_DRY,VIT_PLUS_LBP,AMD_DRY,1
S000010,ADAM,ADAM,AMD_DRY,FROZEN_VIT_768D,AMD_DRY,1
S000010,ADAM,ADAM,AMD_DRY,FULL_HYBRID_800D,AMD_DRY,1
S000010,ADAM,ADAM,AMD_DRY,HANDCRAFTED_ONLY_32D,AMD_DRY,1
S000010,ADAM,ADAM,AMD_DRY,HYBRID_MINUS_COLOR,AMD_DRY,1
S000010,ADAM,ADAM,AMD_DRY,HYBRID_MINUS_HARALICK,AMD_DRY,1
S000010,ADAM,ADAM,AMD_DRY,HYBRID_MINUS_LBP,AMD_DRY,1
S000010,ADAM,ADAM,AMD_DRY,VIT_PLUS_COLOR,AMD_DRY,1
S000010,ADAM,ADAM,AMD_DRY,VIT_PLUS_HARALICK,AMD_DRY,1
S000010,ADAM,ADAM,AMD_DRY,VIT_PLUS_LBP,AMD_DRY,1
S000011,ADAM,ADAM,AMD_DRY,FROZEN_VIT_768D,AMD_DRY,1
S000011,ADAM,ADAM,AMD_DRY,FULL_HYBRID_800D,AMD_DRY,1
S000011,ADAM,ADAM,AMD_DRY,HANDCRAFTED_ONLY_32D,NORMAL,0
S000011,ADAM,ADAM,AMD_DRY,HYBRID_MINUS_COLOR,AMD_DRY,1
S000011,ADAM,ADAM,AMD_DRY,HYBRID_MINUS_HARALICK,AMD_DRY,1
S000011,ADAM,ADAM,AMD_DRY,HYBRID_MINUS_LBP,AMD_DRY,1
S000011,ADAM,ADAM,AMD_DRY,VIT_PLUS_COLOR,AMD_DRY,1
S000011,ADAM,ADAM,AMD_DRY,VIT_PLUS_HARALICK,AMD_DRY,1
S000011,ADAM,ADAM,AMD_DRY,VIT_PLUS_LBP,AMD_DRY,1
S000012,ADAM,ADAM,AMD_DRY,FROZEN_VIT_768D,AMD_DRY,1
S000012,ADAM,ADAM,AMD_DRY,FULL_HYBRID_800D,AMD_DRY,1
S000012,ADAM,ADAM,AMD_DRY,HANDCRAFTED_ONLY_32D,AMD_DRY,1
S000012,ADAM,ADAM,AMD_DRY,HYBRID_MINUS_COLOR,AMD_DRY,1
S000012,ADAM,ADAM,AMD_DRY,HYBRID_MINUS_HARALICK,AMD_DRY,1
S000012,ADAM,ADAM,AMD_DRY,HYBRID_MINUS_LBP,AMD_DRY,1
S000012,ADAM,ADAM,AMD_DRY,VIT_PLUS_COLOR,AMD_DRY,1
S000012,ADAM,ADAM,AMD_DRY,VIT_PLUS_HARALICK,AMD_DRY,1
S000012,ADAM,ADAM,AMD_DRY,VIT_PLUS_LBP,AMD_DRY,1
S000013,ADAM,ADAM,AMD_DRY,FROZEN_VIT_768D,AMD_DRY,1
S000013,ADAM,ADAM,AMD_DRY,FULL_HYBRID_800D,AMD_DRY,1
S000013,ADAM,ADAM,AMD_DRY,HANDCRAFTED_ONLY_32D,AMD_DRY,1
S000013,ADAM,ADAM,AMD_DRY,HYBRID_MINUS_COLOR,AMD_DRY,1
S000013,ADAM,ADAM,AMD_DRY,HYBRID_MINUS_HARALICK,AMD_DRY,1
S000013,ADAM,ADAM,AMD_DRY,HYBRID_MINUS_LBP,AMD_DRY,1
S000013,ADAM,ADAM,AMD_DRY,VIT_PLUS_COLOR,AMD_DRY,1
S000013,ADAM,ADAM,AMD_DRY,VIT_PLUS_HARALICK,AMD_DRY,1
S000013,ADAM,ADAM,AMD_DRY,VIT_PLUS_LBP,AMD_DRY,1
S000014,ADAM,ADAM,AMD_DRY,FROZEN_VIT_768D,NORMAL,0
S000014,ADAM,ADAM,AMD_DRY,FULL_HYBRID_800D,NORMAL,0
S000014,ADAM,ADAM,AMD_DRY,HANDCRAFTED_ONLY_32D,NORMAL,0
S000014,ADAM,ADAM,AMD_DRY,HYBRID_MINUS_COLOR,NORMAL,0
S000014,ADAM,ADAM,AMD_DRY,HYBRID_MINUS_HARALICK,NORMAL,0
S000014,ADAM,ADAM,AMD_DRY,HYBRID_MINUS_LBP,NORMAL,0
S000014,ADAM,ADAM,AMD_DRY,VIT_PLUS_COLOR,NORMAL,0
S000014,ADAM,ADAM,AMD_DRY,VIT_PLUS_HARALICK,NORMAL,0
S000014,ADAM,ADAM,AMD_DRY,VIT_PLUS_LBP,NORMAL,0
S000015,ADAM,ADAM,AMD_DRY,FROZEN_VIT_768D,AMD_DRY,1
S000015,ADAM,ADAM,AMD_DRY,FULL_HYBRID_800D,AMD_DRY,1
S000015,ADAM,ADAM,AMD_DRY,HANDCRAFTED_ONLY_32D,AMD_DRY,1
S000015,ADAM,ADAM,AMD_DRY,HYBRID_MINUS_COLOR,AMD_DRY,1
S000015,ADAM,ADAM,AMD_DRY,HYBRID_MINUS_HARALICK,AMD_DRY,1
S000015,ADAM,ADAM,AMD_DRY,HYBRID_MINUS_LBP,AMD_DRY,1
S000015,ADAM,ADAM,AMD_DRY,VIT_PLUS_COLOR,AMD_DRY,1
S000015,ADAM,ADAM,AMD_DRY,VIT_PLUS_HARALICK,AMD_DRY,1
S000015,ADAM,ADAM,AMD_DRY,VIT_PLUS_LBP,AMD_DRY,1
S000016,ADAM,ADAM,AMD_DRY,FROZEN_VIT_768D,AMD_DRY,1
S000016,ADAM,ADAM,AMD_DRY,FULL_HYBRID_800D,AMD_DRY,1
S000016,ADAM,ADAM,AMD_DRY,HANDCRAFTED_ONLY_32D,NORMAL,0
S000016,ADAM,ADAM,AMD_DRY,HYBRID_MINUS_COLOR,AMD_DRY,1
S000016,ADAM,ADAM,AMD_DRY,HYBRID_MINUS_HARALICK,AMD_DRY,1
S000016,ADAM,ADAM,AMD_DRY,HYBRID_MINUS_LBP,AMD_DRY,1
S000016,ADAM,ADAM,AMD_DRY,VIT_PLUS_COLOR,AMD_DRY,1
S000016,ADAM,ADAM,AMD_DRY,VIT_PLUS_HARALICK,AMD_DRY,1
S000016,ADAM,ADAM,AMD_DRY,VIT_PLUS_LBP,AMD_DRY,1
S000017,ADAM,ADAM,AMD_DRY,FROZEN_VIT_768D,AMD_DRY,1
S000017,ADAM,ADAM,AMD_DRY,FULL_HYBRID_800D,AMD_DRY,1
S000017,ADAM,ADAM,AMD_DRY,HANDCRAFTED_ONLY_32D,NORMAL,0
S000017,ADAM,ADAM,AMD_DRY,HYBRID_MINUS_COLOR,AMD_DRY,1
S000017,ADAM,ADAM,AMD_DRY,HYBRID_MINUS_HARALICK,AMD_DRY,1
S000017,ADAM,ADAM,AMD_DRY,HYBRID_MINUS_LBP,AMD_DRY,1
S000017,ADAM,ADAM,AMD_DRY,VIT_PLUS_COLOR,AMD_DRY,1
S000017,ADAM,ADAM,AMD_DRY,VIT_PLUS_HARALICK,AMD_DRY,1
S000017,ADAM,ADAM,AMD_DRY,VIT_PLUS_LBP,AMD_DRY,1
S000018,ADAM,ADAM,AMD_DRY,FROZEN_VIT_768D,AMD_DRY,1
S000018,ADAM,ADAM,AMD_DRY,FULL_HYBRID_800D,AMD_DRY,1
S000018,ADAM,ADAM,AMD_DRY,HANDCRAFTED_ONLY_32D,AMD_DRY,1
S000018,ADAM,ADAM,AMD_DRY,HYBRID_MINUS_COLOR,AMD_DRY,1
S000018,ADAM,ADAM,AMD_DRY,HYBRID_MINUS_HARALICK,AMD_DRY,1
S000018,ADAM,ADAM,AMD_DRY,HYBRID_MINUS_LBP,AMD_DRY,1
S000018,ADAM,ADAM,AMD_DRY,VIT_PLUS_COLOR,AMD_DRY,1
S000018,ADAM,ADAM,AMD_DRY,VIT_PLUS_HARALICK,AMD_DRY,1
S000018,ADAM,ADAM,AMD_DRY,VIT_PLUS_LBP,AMD_DRY,1
S000019,ADAM,ADAM,AMD_DRY,FROZEN_VIT_768D,NORMAL,0
S000019,ADAM,ADAM,AMD_DRY,FULL_HYBRID_800D,NORMAL,0
S000019,ADAM,ADAM,AMD_DRY,HANDCRAFTED_ONLY_32D,NORMAL,0
S000019,ADAM,ADAM,AMD_DRY,HYBRID_MINUS_COLOR,NORMAL,0
S000019,ADAM,ADAM,AMD_DRY,HYBRID_MINUS_HARALICK,NORMAL,0
S000019,ADAM,ADAM,AMD_DRY,HYBRID_MINUS_LBP,NORMAL,0
S000019,ADAM,ADAM,AMD_DRY,VIT_PLUS_COLOR,NORMAL,0
S000019,ADAM,ADAM,AMD_DRY,VIT_PLUS_HARALICK,NORMAL,0
S000019,ADAM,ADAM,AMD_DRY,VIT_PLUS_LBP,NORMAL,0
S000020,ADAM,ADAM,AMD_DRY,FROZEN_VIT_768D,AMD_DRY,1
S000020,ADAM,ADAM,AMD_DRY,FULL_HYBRID_800D,AMD_DRY,1
S000020,ADAM,ADAM,AMD_DRY,HANDCRAFTED_ONLY_32D,NORMAL,0
S000020,ADAM,ADAM,AMD_DRY,HYBRID_MINUS_COLOR,AMD_DRY,1
S000020,ADAM,ADAM,AMD_DRY,HYBRID_MINUS_HARALICK,AMD_DRY,1
S000020,ADAM,ADAM,AMD_DRY,HYBRID_MINUS_LBP,AMD_DRY,1
S000020,ADAM,ADAM,AMD_DRY,VIT_PLUS_COLOR,AMD_DRY,1
S000020,ADAM,ADAM,AMD_DRY,VIT_PLUS_HARALICK,AMD_DRY,1
S000020,ADAM,ADAM,AMD_DRY,VIT_PLUS_LBP,AMD_DRY,1
S000021,ADAM,ADAM,AMD_DRY,FROZEN_VIT_768D,NORMAL,0
S000021,ADAM,ADAM,AMD_DRY,FULL_HYBRID_800D,NORMAL,0
S000021,ADAM,ADAM,AMD_DRY,HANDCRAFTED_ONLY_32D,NORMAL,0
S000021,ADAM,ADAM,AMD_DRY,HYBRID_MINUS_COLOR,NORMAL,0
S000021,ADAM,ADAM,AMD_DRY,HYBRID_MINUS_HARALICK,NORMAL,0
S000021,ADAM,ADAM,AMD_DRY,HYBRID_MINUS_LBP,NORMAL,0
S000021,ADAM,ADAM,AMD_DRY,VIT_PLUS_COLOR,NORMAL,0
S000021,ADAM,ADAM,AMD_DRY,VIT_PLUS_HARALICK,NORMAL,0
S000021,ADAM,ADAM,AMD_DRY,VIT_PLUS_LBP,NORMAL,0
S000022,ADAM,ADAM,AMD_DRY,FROZEN_VIT_768D,NORMAL,0
S000022,ADAM,ADAM,AMD_DRY,FULL_HYBRID_800D,NORMAL,0
S000022,ADAM,ADAM,AMD_DRY,HANDCRAFTED_ONLY_32D,NORMAL,0
S000022,ADAM,ADAM,AMD_DRY,HYBRID_MINUS_COLOR,NORMAL,0
S000022,ADAM,ADAM,AMD_DRY,HYBRID_MINUS_HARALICK,NORMAL,0
S000022,ADAM,ADAM,AMD_DRY,HYBRID_MINUS_LBP,NORMAL,0
S000022,ADAM,ADAM,AMD_DRY,VIT_PLUS_COLOR,NORMAL,0
S000022,ADAM,ADAM,AMD_DRY,VIT_PLUS_HARALICK,NORMAL,0
S000022,ADAM,ADAM,AMD_DRY,VIT_PLUS_LBP,NORMAL,0
S000023,ADAM,ADAM,AMD_DRY,FROZEN_VIT_768D,AMD_DRY,1
S000023,ADAM,ADAM,AMD_DRY,FULL_HYBRID_800D,AMD_DRY,1
S000023,ADAM,ADAM,AMD_DRY,HANDCRAFTED_ONLY_32D,AMD_WET,0
S000023,ADAM,ADAM,AMD_DRY,HYBRID_MINUS_COLOR,AMD_DRY,1
S000023,ADAM,ADAM,AMD_DRY,HYBRID_MINUS_HARALICK,AMD_DRY,1
S000023,ADAM,ADAM,AMD_DRY,HYBRID_MINUS_LBP,AMD_DRY,1
S000023,ADAM,ADAM,AMD_DRY,VIT_PLUS_COLOR,AMD_DRY,1
S000023,ADAM,ADAM,AMD_DRY,VIT_PLUS_HARALICK,AMD_DRY,1
S000023,ADAM,ADAM,AMD_DRY,VIT_PLUS_LBP,AMD_DRY,1
S000024,ADAM,ADAM,AMD_DRY,FROZEN_VIT_768D,NORMAL,0
S000024,ADAM,ADAM,AMD_DRY,FULL_HYBRID_800D,AMD_DRY,1
S000024,ADAM,ADAM,AMD_DRY,HANDCRAFTED_ONLY_32D,AMD_DRY,1
S000024,ADAM,ADAM,AMD_DRY,HYBRID_MINUS_COLOR,AMD_DRY,1
S000024,ADAM,ADAM,AMD_DRY,HYBRID_MINUS_HARALICK,NORMAL,0
S000024,ADAM,ADAM,AMD_DRY,HYBRID_MINUS_LBP,NORMAL,0
S000024,ADAM,ADAM,AMD_DRY,VIT_PLUS_COLOR,NORMAL,0
S000024,ADAM,ADAM,AMD_DRY,VIT_PLUS_HARALICK,AMD_DRY,1
S000024,ADAM,ADAM,AMD_DRY,VIT_PLUS_LBP,AMD_DRY,1
S000025,ADAM,ADAM,AMD_DRY,FROZEN_VIT_768D,NORMAL,0
S000025,ADAM,ADAM,AMD_DRY,FULL_HYBRID_800D,NORMAL,0
S000025,ADAM,ADAM,AMD_DRY,HANDCRAFTED_ONLY_32D,NORMAL,0
S000025,ADAM,ADAM,AMD_DRY,HYBRID_MINUS_COLOR,NORMAL,0
S000025,ADAM,ADAM,AMD_DRY,HYBRID_MINUS_HARALICK,NORMAL,0
S000025,ADAM,ADAM,AMD_DRY,HYBRID_MINUS_LBP,NORMAL,0
S000025,ADAM,ADAM,AMD_DRY,VIT_PLUS_COLOR,NORMAL,0
S000025,ADAM,ADAM,AMD_DRY,VIT_PLUS_HARALICK,AMD_DRY,1
S000025,ADAM,ADAM,AMD_DRY,VIT_PLUS_LBP,NORMAL,0
S000026,ADAM,ADAM,AMD_DRY,FROZEN_VIT_768D,AMD_DRY,1
S000026,ADAM,ADAM,AMD_DRY,FULL_HYBRID_800D,AMD_DRY,1
S000026,ADAM,ADAM,AMD_DRY,HANDCRAFTED_ONLY_32D,AMD_DRY,1
S000026,ADAM,ADAM,AMD_DRY,HYBRID_MINUS_COLOR,AMD_DRY,1
S000026,ADAM,ADAM,AMD_DRY,HYBRID_MINUS_HARALICK,AMD_DRY,1
S000026,ADAM,ADAM,AMD_DRY,HYBRID_MINUS_LBP,AMD_DRY,1
S000026,ADAM,ADAM,AMD_DRY,VIT_PLUS_COLOR,AMD_DRY,1
S000026,ADAM,ADAM,AMD_DRY,VIT_PLUS_HARALICK,AMD_DRY,1
S000026,ADAM,ADAM,AMD_DRY,VIT_PLUS_LBP,AMD_DRY,1
S000027,ADAM,ADAM,AMD_DRY,FROZEN_VIT_768D,AMD_DRY,1
S000027,ADAM,ADAM,AMD_DRY,FULL_HYBRID_800D,AMD_DRY,1
S000027,ADAM,ADAM,AMD_DRY,HANDCRAFTED_ONLY_32D,NORMAL,0
S000027,ADAM,ADAM,AMD_DRY,HYBRID_MINUS_COLOR,AMD_DRY,1
S000027,ADAM,ADAM,AMD_DRY,HYBRID_MINUS_HARALICK,AMD_DRY,1
S000027,ADAM,ADAM,AMD_DRY,HYBRID_MINUS_LBP,AMD_DRY,1
S000027,ADAM,ADAM,AMD_DRY,VIT_PLUS_COLOR,AMD_DRY,1
S000027,ADAM,ADAM,AMD_DRY,VIT_PLUS_HARALICK,AMD_DRY,1
S000027,ADAM,ADAM,AMD_DRY,VIT_PLUS_LBP,AMD_DRY,1
S000028,ADAM,ADAM,AMD_DRY,FROZEN_VIT_768D,NORMAL,0
S000028,ADAM,ADAM,AMD_DRY,FULL_HYBRID_800D,NORMAL,0
S000028,ADAM,ADAM,AMD_DRY,HANDCRAFTED_ONLY_32D,NORMAL,0
S000028,ADAM,ADAM,AMD_DRY,HYBRID_MINUS_COLOR,NORMAL,0
S000028,ADAM,ADAM,AMD_DRY,HYBRID_MINUS_HARALICK,NORMAL,0
S000028,ADAM,ADAM,AMD_DRY,HYBRID_MINUS_LBP,NORMAL,0
S000028,ADAM,ADAM,AMD_DRY,VIT_PLUS_COLOR,NORMAL,0
S000028,ADAM,ADAM,AMD_DRY,VIT_PLUS_HARALICK,NORMAL,0
S000028,ADAM,ADAM,AMD_DRY,VIT_PLUS_LBP,NORMAL,0
S000029,ADAM,ADAM,AMD_DRY,FROZEN_VIT_768D,AMD_DRY,1
S000029,ADAM,ADAM,AMD_DRY,FULL_HYBRID_800D,AMD_DRY,1
S000029,ADAM,ADAM,AMD_DRY,HANDCRAFTED_ONLY_32D,AMD_DRY,1
S000029,ADAM,ADAM,AMD_DRY,HYBRID_MINUS_COLOR,AMD_DRY,1
S000029,ADAM,ADAM,AMD_DRY,HYBRID_MINUS_HARALICK,AMD_DRY,1
S000029,ADAM,ADAM,AMD_DRY,HYBRID_MINUS_LBP,AMD_DRY,1
S000029,ADAM,ADAM,AMD_DRY,VIT_PLUS_COLOR,AMD_DRY,1
S000029,ADAM,ADAM,AMD_DRY,VIT_PLUS_HARALICK,AMD_DRY,1
S000029,ADAM,ADAM,AMD_DRY,VIT_PLUS_LBP,AMD_DRY,1
S000030,ADAM,ADAM,AMD_DRY,FROZEN_VIT_768D,NORMAL,0
S000030,ADAM,ADAM,AMD_DRY,FULL_HYBRID_800D,NORMAL,0
S000030,ADAM,ADAM,AMD_DRY,HANDCRAFTED_ONLY_32D,NORMAL,0
S000030,ADAM,ADAM,AMD_DRY,HYBRID_MINUS_COLOR,NORMAL,0
S000030,ADAM,ADAM,AMD_DRY,HYBRID_MINUS_HARALICK,NORMAL,0
S000030,ADAM,ADAM,AMD_DRY,HYBRID_MINUS_LBP,NORMAL,0
S000030,ADAM,ADAM,AMD_DRY,VIT_PLUS_COLOR,NORMAL,0
S000030,ADAM,ADAM,AMD_DRY,VIT_PLUS_HARALICK,NORMAL,0
S000030,ADAM,ADAM,AMD_DRY,VIT_PLUS_LBP,NORMAL,0
S000031,ADAM,ADAM,AMD_DRY,FROZEN_VIT_768D,NORMAL,0
S000031,ADAM,ADAM,AMD_DRY,FULL_HYBRID_800D,NORMAL,0
S000031,ADAM,ADAM,AMD_DRY,HANDCRAFTED_ONLY_32D,NORMAL,0
S000031,ADAM,ADAM,AMD_DRY,HYBRID_MINUS_COLOR,NORMAL,0
S000031,ADAM,ADAM,AMD_DRY,HYBRID_MINUS_HARALICK,NORMAL,0
S000031,ADAM,ADAM,AMD_DRY,HYBRID_MINUS_LBP,NORMAL,0
S000031,ADAM,ADAM,AMD_DRY,VIT_PLUS_COLOR,NORMAL,0
S000031,ADAM,ADAM,AMD_DRY,VIT_PLUS_HARALICK,NORMAL,0
S000031,ADAM,ADAM,AMD_DRY,VIT_PLUS_LBP,NORMAL,0
S000032,ADAM,ADAM,AMD_DRY,FROZEN_VIT_768D,AMD_DRY,1
S000032,ADAM,ADAM,AMD_DRY,FULL_HYBRID_800D,AMD_DRY,1
S000032,ADAM,ADAM,AMD_DRY,HANDCRAFTED_ONLY_32D,AMD_DRY,1
S000032,ADAM,ADAM,AMD_DRY,HYBRID_MINUS_COLOR,AMD_DRY,1
S000032,ADAM,ADAM,AMD_DRY,HYBRID_MINUS_HARALICK,AMD_DRY,1
S000032,ADAM,ADAM,AMD_DRY,HYBRID_MINUS_LBP,AMD_DRY,1
S000032,ADAM,ADAM,AMD_DRY,VIT_PLUS_COLOR,AMD_DRY,1
S000032,ADAM,ADAM,AMD_DRY,VIT_PLUS_HARALICK,AMD_DRY,1
S000032,ADAM,ADAM,AMD_DRY,VIT_PLUS_LBP,AMD_DRY,1
S000033,ADAM,ADAM,AMD_DRY,FROZEN_VIT_768D,AMD_DRY,1
S000033,ADAM,ADAM,AMD_DRY,FULL_HYBRID_800D,AMD_DRY,1
S000033,ADAM,ADAM,AMD_DRY,HANDCRAFTED_ONLY_32D,AMD_DRY,1
S000033,ADAM,ADAM,AMD_DRY,HYBRID_MINUS_COLOR,AMD_DRY,1
S000033,ADAM,ADAM,AMD_DRY,HYBRID_MINUS_HARALICK,AMD_DRY,1
S000033,ADAM,ADAM,AMD_DRY,HYBRID_MINUS_LBP,AMD_DRY,1
S000033,ADAM,ADAM,AMD_DRY,VIT_PLUS_COLOR,AMD_DRY,1
S000033,ADAM,ADAM,AMD_DRY,VIT_PLUS_HARALICK,AMD_DRY,1
S000033,ADAM,ADAM,AMD_DRY,VIT_PLUS_LBP,AMD_DRY,1
S000034,ADAM,ADAM,AMD_DRY,FROZEN_VIT_768D,AMD_DRY,1
S000034,ADAM,ADAM,AMD_DRY,FULL_HYBRID_800D,AMD_DRY,1
S000034,ADAM,ADAM,AMD_DRY,HANDCRAFTED_ONLY_32D,AMD_DRY,1
S000034,ADAM,ADAM,AMD_DRY,HYBRID_MINUS_COLOR,AMD_DRY,1
S000034,ADAM,ADAM,AMD_DRY,HYBRID_MINUS_HARALICK,AMD_DRY,1
S000034,ADAM,ADAM,AMD_DRY,HYBRID_MINUS_LBP,AMD_DRY,1
S000034,ADAM,ADAM,AMD_DRY,VIT_PLUS_COLOR,AMD_DRY,1
S000034,ADAM,ADAM,AMD_DRY,VIT_PLUS_HARALICK,AMD_DRY,1
S000034,ADAM,ADAM,AMD_DRY,VIT_PLUS_LBP,AMD_DRY,1
S000035,ADAM,ADAM,AMD_DRY,FROZEN_VIT_768D,AMD_WET,0
S000035,ADAM,ADAM,AMD_DRY,FULL_HYBRID_800D,AMD_WET,0
S000035,ADAM,ADAM,AMD_DRY,HANDCRAFTED_ONLY_32D,AMD_DRY,1
S000035,ADAM,ADAM,AMD_DRY,HYBRID_MINUS_COLOR,AMD_WET,0
S000035,ADAM,ADAM,AMD_DRY,HYBRID_MINUS_HARALICK,AMD_WET,0
S000035,ADAM,ADAM,AMD_DRY,HYBRID_MINUS_LBP,AMD_WET,0
S000035,ADAM,ADAM,AMD_DRY,VIT_PLUS_COLOR,AMD_WET,0
S000035,ADAM,ADAM,AMD_DRY,VIT_PLUS_HARALICK,AMD_WET,0
S000035,ADAM,ADAM,AMD_DRY,VIT_PLUS_LBP,AMD_WET,0
S000036,ADAM,ADAM,AMD_WET,FROZEN_VIT_768D,AMD_DRY,0
S000036,ADAM,ADAM,AMD_WET,FULL_HYBRID_800D,AMD_DRY,0
S000036,ADAM,ADAM,AMD_WET,HANDCRAFTED_ONLY_32D,NORMAL,0
S000036,ADAM,ADAM,AMD_WET,HYBRID_MINUS_COLOR,AMD_DRY,0
S000036,ADAM,ADAM,AMD_WET,HYBRID_MINUS_HARALICK,AMD_DRY,0
S000036,ADAM,ADAM,AMD_WET,HYBRID_MINUS_LBP,AMD_DRY,0
S000036,ADAM,ADAM,AMD_WET,VIT_PLUS_COLOR,AMD_DRY,0
S000036,ADAM,ADAM,AMD_WET,VIT_PLUS_HARALICK,AMD_DRY,0
S000036,ADAM,ADAM,AMD_WET,VIT_PLUS_LBP,AMD_DRY,0
S000037,ADAM,ADAM,AMD_WET,FROZEN_VIT_768D,AMD_WET,1
S000037,ADAM,ADAM,AMD_WET,FULL_HYBRID_800D,AMD_WET,1
S000037,ADAM,ADAM,AMD_WET,HANDCRAFTED_ONLY_32D,AMD_WET,1
S000037,ADAM,ADAM,AMD_WET,HYBRID_MINUS_COLOR,AMD_WET,1
S000037,ADAM,ADAM,AMD_WET,HYBRID_MINUS_HARALICK,AMD_WET,1
S000037,ADAM,ADAM,AMD_WET,HYBRID_MINUS_LBP,AMD_WET,1
S000037,ADAM,ADAM,AMD_WET,VIT_PLUS_COLOR,AMD_WET,1
S000037,ADAM,ADAM,AMD_WET,VIT_PLUS_HARALICK,AMD_WET,1
S000037,ADAM,ADAM,AMD_WET,VIT_PLUS_LBP,AMD_WET,1
S000038,ADAM,ADAM,AMD_WET,FROZEN_VIT_768D,AMD_WET,1
S000038,ADAM,ADAM,AMD_WET,FULL_HYBRID_800D,AMD_WET,1
S000038,ADAM,ADAM,AMD_WET,HANDCRAFTED_ONLY_32D,AMD_WET,1
S000038,ADAM,ADAM,AMD_WET,HYBRID_MINUS_COLOR,AMD_WET,1
S000038,ADAM,ADAM,AMD_WET,HYBRID_MINUS_HARALICK,AMD_WET,1
S000038,ADAM,ADAM,AMD_WET,HYBRID_MINUS_LBP,AMD_WET,1
S000038,ADAM,ADAM,AMD_WET,VIT_PLUS_COLOR,AMD_WET,1
S000038,ADAM,ADAM,AMD_WET,VIT_PLUS_HARALICK,AMD_WET,1
S000038,ADAM,ADAM,AMD_WET,VIT_PLUS_LBP,AMD_WET,1
S000039,ADAM,ADAM,AMD_WET,FROZEN_VIT_768D,AMD_WET,1
S000039,ADAM,ADAM,AMD_WET,FULL_HYBRID_800D,AMD_WET,1
S000039,ADAM,ADAM,AMD_WET,HANDCRAFTED_ONLY_32D,AMD_WET,1
S000039,ADAM,ADAM,AMD_WET,HYBRID_MINUS_COLOR,AMD_WET,1
S000039,ADAM,ADAM,AMD_WET,HYBRID_MINUS_HARALICK,AMD_WET,1
S000039,ADAM,ADAM,AMD_WET,HYBRID_MINUS_LBP,AMD_WET,1
S000039,ADAM,ADAM,AMD_WET,VIT_PLUS_COLOR,AMD_WET,1
S000039,ADAM,ADAM,AMD_WET,VIT_PLUS_HARALICK,AMD_WET,1
S000039,ADAM,ADAM,AMD_WET,VIT_PLUS_LBP,AMD_WET,1
S000040,ADAM,ADAM,AMD_WET,FROZEN_VIT_768D,AMD_WET,1
S000040,ADAM,ADAM,AMD_WET,FULL_HYBRID_800D,AMD_WET,1
S000040,ADAM,ADAM,AMD_WET,HANDCRAFTED_ONLY_32D,AMD_WET,1
S000040,ADAM,ADAM,AMD_WET,HYBRID_MINUS_COLOR,AMD_WET,1
S000040,ADAM,ADAM,AMD_WET,HYBRID_MINUS_HARALICK,AMD_WET,1
S000040,ADAM,ADAM,AMD_WET,HYBRID_MINUS_LBP,AMD_WET,1
S000040,ADAM,ADAM,AMD_WET,VIT_PLUS_COLOR,AMD_WET,1
S000040,ADAM,ADAM,AMD_WET,VIT_PLUS_HARALICK,AMD_WET,1
S000040,ADAM,ADAM,AMD_WET,VIT_PLUS_LBP,AMD_WET,1
S000041,ADAM,ADAM,AMD_WET,FROZEN_VIT_768D,AMD_WET,1
S000041,ADAM,ADAM,AMD_WET,FULL_HYBRID_800D,AMD_WET,1
S000041,ADAM,ADAM,AMD_WET,HANDCRAFTED_ONLY_32D,AMD_WET,1
S000041,ADAM,ADAM,AMD_WET,HYBRID_MINUS_COLOR,AMD_WET,1
S000041,ADAM,ADAM,AMD_WET,HYBRID_MINUS_HARALICK,AMD_WET,1
S000041,ADAM,ADAM,AMD_WET,HYBRID_MINUS_LBP,AMD_WET,1
S000041,ADAM,ADAM,AMD_WET,VIT_PLUS_COLOR,AMD_WET,1
S000041,ADAM,ADAM,AMD_WET,VIT_PLUS_HARALICK,AMD_WET,1
S000041,ADAM,ADAM,AMD_WET,VIT_PLUS_LBP,AMD_WET,1
S000042,ADAM,ADAM,AMD_WET,FROZEN_VIT_768D,AMD_WET,1
S000042,ADAM,ADAM,AMD_WET,FULL_HYBRID_800D,AMD_DRY,0
S000042,ADAM,ADAM,AMD_WET,HANDCRAFTED_ONLY_32D,AMD_WET,1
S000042,ADAM,ADAM,AMD_WET,HYBRID_MINUS_COLOR,AMD_DRY,0
S000042,ADAM,ADAM,AMD_WET,HYBRID_MINUS_HARALICK,AMD_WET,1
S000042,ADAM,ADAM,AMD_WET,HYBRID_MINUS_LBP,AMD_DRY,0
S000042,ADAM,ADAM,AMD_WET,VIT_PLUS_COLOR,AMD_WET,1
S000042,ADAM,ADAM,AMD_WET,VIT_PLUS_HARALICK,AMD_DRY,0
S000042,ADAM,ADAM,AMD_WET,VIT_PLUS_LBP,AMD_DRY,0
S000043,ADAM,ADAM,AMD_WET,FROZEN_VIT_768D,AMD_WET,1
S000043,ADAM,ADAM,AMD_WET,FULL_HYBRID_800D,AMD_WET,1
S000043,ADAM,ADAM,AMD_WET,HANDCRAFTED_ONLY_32D,AMD_WET,1
S000043,ADAM,ADAM,AMD_WET,HYBRID_MINUS_COLOR,AMD_WET,1
S000043,ADAM,ADAM,AMD_WET,HYBRID_MINUS_HARALICK,AMD_WET,1
S000043,ADAM,ADAM,AMD_WET,HYBRID_MINUS_LBP,AMD_WET,1
S000043,ADAM,ADAM,AMD_WET,VIT_PLUS_COLOR,AMD_WET,1
S000043,ADAM,ADAM,AMD_WET,VIT_PLUS_HARALICK,AMD_WET,1
S000043,ADAM,ADAM,AMD_WET,VIT_PLUS_LBP,AMD_WET,1
S000044,ADAM,ADAM,AMD_WET,FROZEN_VIT_768D,AMD_DRY,0
S000044,ADAM,ADAM,AMD_WET,FULL_HYBRID_800D,AMD_DRY,0
S000044,ADAM,ADAM,AMD_WET,HANDCRAFTED_ONLY_32D,AMD_DRY,0
S000044,ADAM,ADAM,AMD_WET,HYBRID_MINUS_COLOR,AMD_DRY,0
S000044,ADAM,ADAM,AMD_WET,HYBRID_MINUS_HARALICK,AMD_DRY,0
S000044,ADAM,ADAM,AMD_WET,HYBRID_MINUS_LBP,AMD_DRY,0
S000044,ADAM,ADAM,AMD_WET,VIT_PLUS_COLOR,AMD_DRY,0
S000044,ADAM,ADAM,AMD_WET,VIT_PLUS_HARALICK,AMD_DRY,0
S000044,ADAM,ADAM,AMD_WET,VIT_PLUS_LBP,AMD_DRY,0
S000045,ADAM,ADAM,AMD_WET,FROZEN_VIT_768D,AMD_WET,1
S000045,ADAM,ADAM,AMD_WET,FULL_HYBRID_800D,AMD_WET,1
S000045,ADAM,ADAM,AMD_WET,HANDCRAFTED_ONLY_32D,AMD_DRY,0
S000045,ADAM,ADAM,AMD_WET,HYBRID_MINUS_COLOR,AMD_WET,1
S000045,ADAM,ADAM,AMD_WET,HYBRID_MINUS_HARALICK,AMD_WET,1
S000045,ADAM,ADAM,AMD_WET,HYBRID_MINUS_LBP,AMD_WET,1
S000045,ADAM,ADAM,AMD_WET,VIT_PLUS_COLOR,AMD_WET,1
S000045,ADAM,ADAM,AMD_WET,VIT_PLUS_HARALICK,AMD_WET,1
S000045,ADAM,ADAM,AMD_WET,VIT_PLUS_LBP,AMD_WET,1
S000046,ADAM,ADAM,AMD_WET,FROZEN_VIT_768D,AMD_WET,1
S000046,ADAM,ADAM,AMD_WET,FULL_HYBRID_800D,AMD_WET,1
S000046,ADAM,ADAM,AMD_WET,HANDCRAFTED_ONLY_32D,AMD_WET,1
S000046,ADAM,ADAM,AMD_WET,HYBRID_MINUS_COLOR,AMD_WET,1
S000046,ADAM,ADAM,AMD_WET,HYBRID_MINUS_HARALICK,AMD_WET,1
S000046,ADAM,ADAM,AMD_WET,HYBRID_MINUS_LBP,AMD_WET,1
S000046,ADAM,ADAM,AMD_WET,VIT_PLUS_COLOR,AMD_WET,1
S000046,ADAM,ADAM,AMD_WET,VIT_PLUS_HARALICK,AMD_WET,1
S000046,ADAM,ADAM,AMD_WET,VIT_PLUS_LBP,AMD_WET,1
S000047,ADAM,ADAM,AMD_WET,FROZEN_VIT_768D,AMD_WET,1
S000047,ADAM,ADAM,AMD_WET,FULL_HYBRID_800D,AMD_WET,1
S000047,ADAM,ADAM,AMD_WET,HANDCRAFTED_ONLY_32D,NORMAL,0
S000047,ADAM,ADAM,AMD_WET,HYBRID_MINUS_COLOR,AMD_WET,1
S000047,ADAM,ADAM,AMD_WET,HYBRID_MINUS_HARALICK,AMD_WET,1
S000047,ADAM,ADAM,AMD_WET,HYBRID_MINUS_LBP,AMD_WET,1
S000047,ADAM,ADAM,AMD_WET,VIT_PLUS_COLOR,AMD_WET,1
S000047,ADAM,ADAM,AMD_WET,VIT_PLUS_HARALICK,AMD_WET,1
S000047,ADAM,ADAM,AMD_WET,VIT_PLUS_LBP,AMD_WET,1
S000048,ADAM,ADAM,AMD_WET,FROZEN_VIT_768D,AMD_WET,1
S000048,ADAM,ADAM,AMD_WET,FULL_HYBRID_800D,AMD_WET,1
S000048,ADAM,ADAM,AMD_WET,HANDCRAFTED_ONLY_32D,AMD_WET,1
S000048,ADAM,ADAM,AMD_WET,HYBRID_MINUS_COLOR,AMD_WET,1
S000048,ADAM,ADAM,AMD_WET,HYBRID_MINUS_HARALICK,AMD_WET,1
S000048,ADAM,ADAM,AMD_WET,HYBRID_MINUS_LBP,AMD_WET,1
S000048,ADAM,ADAM,AMD_WET,VIT_PLUS_COLOR,AMD_WET,1
S000048,ADAM,ADAM,AMD_WET,VIT_PLUS_HARALICK,AMD_WET,1
S000048,ADAM,ADAM,AMD_WET,VIT_PLUS_LBP,AMD_WET,1
S000049,ADAM,ADAM,AMD_WET,FROZEN_VIT_768D,NORMAL,0
S000049,ADAM,ADAM,AMD_WET,FULL_HYBRID_800D,NORMAL,0
S000049,ADAM,ADAM,AMD_WET,HANDCRAFTED_ONLY_32D,NORMAL,0
S000049,ADAM,ADAM,AMD_WET,HYBRID_MINUS_COLOR,NORMAL,0
S000049,ADAM,ADAM,AMD_WET,HYBRID_MINUS_HARALICK,NORMAL,0
S000049,ADAM,ADAM,AMD_WET,HYBRID_MINUS_LBP,NORMAL,0
S000049,ADAM,ADAM,AMD_WET,VIT_PLUS_COLOR,NORMAL,0
S000049,ADAM,ADAM,AMD_WET,VIT_PLUS_HARALICK,NORMAL,0
S000049,ADAM,ADAM,AMD_WET,VIT_PLUS_LBP,NORMAL,0
S000050,ADAM,ADAM,AMD_WET,FROZEN_VIT_768D,AMD_WET,1
S000050,ADAM,ADAM,AMD_WET,FULL_HYBRID_800D,AMD_DRY,0
S000050,ADAM,ADAM,AMD_WET,HANDCRAFTED_ONLY_32D,AMD_DRY,0
S000050,ADAM,ADAM,AMD_WET,HYBRID_MINUS_COLOR,AMD_DRY,0
S000050,ADAM,ADAM,AMD_WET,HYBRID_MINUS_HARALICK,AMD_WET,1
S000050,ADAM,ADAM,AMD_WET,HYBRID_MINUS_LBP,AMD_WET,1
S000050,ADAM,ADAM,AMD_WET,VIT_PLUS_COLOR,AMD_WET,1
S000050,ADAM,ADAM,AMD_WET,VIT_PLUS_HARALICK,AMD_DRY,0
S000050,ADAM,ADAM,AMD_WET,VIT_PLUS_LBP,AMD_WET,1
S000051,ADAM,ADAM,AMD_WET,FROZEN_VIT_768D,AMD_WET,1
S000051,ADAM,ADAM,AMD_WET,FULL_HYBRID_800D,AMD_WET,1
S000051,ADAM,ADAM,AMD_WET,HANDCRAFTED_ONLY_32D,AMD_WET,1
S000051,ADAM,ADAM,AMD_WET,HYBRID_MINUS_COLOR,AMD_WET,1
S000051,ADAM,ADAM,AMD_WET,HYBRID_MINUS_HARALICK,AMD_WET,1
S000051,ADAM,ADAM,AMD_WET,HYBRID_MINUS_LBP,AMD_WET,1
S000051,ADAM,ADAM,AMD_WET,VIT_PLUS_COLOR,AMD_WET,1
S000051,ADAM,ADAM,AMD_WET,VIT_PLUS_HARALICK,AMD_WET,1
S000051,ADAM,ADAM,AMD_WET,VIT_PLUS_LBP,AMD_WET,1
S000052,ADAM,ADAM,AMD_WET,FROZEN_VIT_768D,AMD_WET,1
S000052,ADAM,ADAM,AMD_WET,FULL_HYBRID_800D,AMD_WET,1
S000052,ADAM,ADAM,AMD_WET,HANDCRAFTED_ONLY_32D,AMD_WET,1
S000052,ADAM,ADAM,AMD_WET,HYBRID_MINUS_COLOR,AMD_WET,1
S000052,ADAM,ADAM,AMD_WET,HYBRID_MINUS_HARALICK,AMD_WET,1
S000052,ADAM,ADAM,AMD_WET,HYBRID_MINUS_LBP,AMD_WET,1
S000052,ADAM,ADAM,AMD_WET,VIT_PLUS_COLOR,AMD_WET,1
S000052,ADAM,ADAM,AMD_WET,VIT_PLUS_HARALICK,AMD_WET,1
S000052,ADAM,ADAM,AMD_WET,VIT_PLUS_LBP,AMD_WET,1
S000053,FIVES,FIVES,NORMAL,FROZEN_VIT_768D,NORMAL,1
S000053,FIVES,FIVES,NORMAL,FULL_HYBRID_800D,NORMAL,1
S000053,FIVES,FIVES,NORMAL,HANDCRAFTED_ONLY_32D,NORMAL,1
S000053,FIVES,FIVES,NORMAL,HYBRID_MINUS_COLOR,NORMAL,1
S000053,FIVES,FIVES,NORMAL,HYBRID_MINUS_HARALICK,NORMAL,1
S000053,FIVES,FIVES,NORMAL,HYBRID_MINUS_LBP,NORMAL,1
S000053,FIVES,FIVES,NORMAL,VIT_PLUS_COLOR,NORMAL,1
S000053,FIVES,FIVES,NORMAL,VIT_PLUS_HARALICK,NORMAL,1
S000053,FIVES,FIVES,NORMAL,VIT_PLUS_LBP,NORMAL,1
S000054,FIVES,FIVES,NORMAL,FROZEN_VIT_768D,NORMAL,1
S000054,FIVES,FIVES,NORMAL,FULL_HYBRID_800D,NORMAL,1
S000054,FIVES,FIVES,NORMAL,HANDCRAFTED_ONLY_32D,NORMAL,1
S000054,FIVES,FIVES,NORMAL,HYBRID_MINUS_COLOR,NORMAL,1
S000054,FIVES,FIVES,NORMAL,HYBRID_MINUS_HARALICK,NORMAL,1
S000054,FIVES,FIVES,NORMAL,HYBRID_MINUS_LBP,NORMAL,1
S000054,FIVES,FIVES,NORMAL,VIT_PLUS_COLOR,NORMAL,1
S000054,FIVES,FIVES,NORMAL,VIT_PLUS_HARALICK,NORMAL,1
S000054,FIVES,FIVES,NORMAL,VIT_PLUS_LBP,NORMAL,1
S000055,FIVES,FIVES,NORMAL,FROZEN_VIT_768D,NORMAL,1
S000055,FIVES,FIVES,NORMAL,FULL_HYBRID_800D,NORMAL,1
S000055,FIVES,FIVES,NORMAL,HANDCRAFTED_ONLY_32D,NORMAL,1
S000055,FIVES,FIVES,NORMAL,HYBRID_MINUS_COLOR,NORMAL,1
S000055,FIVES,FIVES,NORMAL,HYBRID_MINUS_HARALICK,NORMAL,1
S000055,FIVES,FIVES,NORMAL,HYBRID_MINUS_LBP,NORMAL,1
S000055,FIVES,FIVES,NORMAL,VIT_PLUS_COLOR,NORMAL,1
S000055,FIVES,FIVES,NORMAL,VIT_PLUS_HARALICK,NORMAL,1
S000055,FIVES,FIVES,NORMAL,VIT_PLUS_LBP,NORMAL,1
S000056,FIVES,FIVES,NORMAL,FROZEN_VIT_768D,NORMAL,1
S000056,FIVES,FIVES,NORMAL,FULL_HYBRID_800D,NORMAL,1
S000056,FIVES,FIVES,NORMAL,HANDCRAFTED_ONLY_32D,AMD_DRY,0
S000056,FIVES,FIVES,NORMAL,HYBRID_MINUS_COLOR,NORMAL,1
S000056,FIVES,FIVES,NORMAL,HYBRID_MINUS_HARALICK,NORMAL,1
S000056,FIVES,FIVES,NORMAL,HYBRID_MINUS_LBP,NORMAL,1
S000056,FIVES,FIVES,NORMAL,VIT_PLUS_COLOR,NORMAL,1
S000056,FIVES,FIVES,NORMAL,VIT_PLUS_HARALICK,NORMAL,1
S000056,FIVES,FIVES,NORMAL,VIT_PLUS_LBP,NORMAL,1
S000057,FIVES,FIVES,NORMAL,FROZEN_VIT_768D,NORMAL,1
S000057,FIVES,FIVES,NORMAL,FULL_HYBRID_800D,NORMAL,1
S000057,FIVES,FIVES,NORMAL,HANDCRAFTED_ONLY_32D,NORMAL,1
S000057,FIVES,FIVES,NORMAL,HYBRID_MINUS_COLOR,NORMAL,1
S000057,FIVES,FIVES,NORMAL,HYBRID_MINUS_HARALICK,NORMAL,1
S000057,FIVES,FIVES,NORMAL,HYBRID_MINUS_LBP,NORMAL,1
S000057,FIVES,FIVES,NORMAL,VIT_PLUS_COLOR,NORMAL,1
S000057,FIVES,FIVES,NORMAL,VIT_PLUS_HARALICK,NORMAL,1
S000057,FIVES,FIVES,NORMAL,VIT_PLUS_LBP,NORMAL,1
S000058,FIVES,FIVES,NORMAL,FROZEN_VIT_768D,NORMAL,1
S000058,FIVES,FIVES,NORMAL,FULL_HYBRID_800D,NORMAL,1
S000058,FIVES,FIVES,NORMAL,HANDCRAFTED_ONLY_32D,NORMAL,1
S000058,FIVES,FIVES,NORMAL,HYBRID_MINUS_COLOR,NORMAL,1
S000058,FIVES,FIVES,NORMAL,HYBRID_MINUS_HARALICK,NORMAL,1
S000058,FIVES,FIVES,NORMAL,HYBRID_MINUS_LBP,NORMAL,1
S000058,FIVES,FIVES,NORMAL,VIT_PLUS_COLOR,NORMAL,1
S000058,FIVES,FIVES,NORMAL,VIT_PLUS_HARALICK,NORMAL,1
S000058,FIVES,FIVES,NORMAL,VIT_PLUS_LBP,NORMAL,1
S000059,FIVES,FIVES,NORMAL,FROZEN_VIT_768D,NORMAL,1
S000059,FIVES,FIVES,NORMAL,FULL_HYBRID_800D,NORMAL,1
S000059,FIVES,FIVES,NORMAL,HANDCRAFTED_ONLY_32D,NORMAL,1
S000059,FIVES,FIVES,NORMAL,HYBRID_MINUS_COLOR,NORMAL,1
S000059,FIVES,FIVES,NORMAL,HYBRID_MINUS_HARALICK,NORMAL,1
S000059,FIVES,FIVES,NORMAL,HYBRID_MINUS_LBP,NORMAL,1
S000059,FIVES,FIVES,NORMAL,VIT_PLUS_COLOR,NORMAL,1
S000059,FIVES,FIVES,NORMAL,VIT_PLUS_HARALICK,NORMAL,1
S000059,FIVES,FIVES,NORMAL,VIT_PLUS_LBP,NORMAL,1
S000060,FIVES,FIVES,NORMAL,FROZEN_VIT_768D,NORMAL,1
S000060,FIVES,FIVES,NORMAL,FULL_HYBRID_800D,NORMAL,1
S000060,FIVES,FIVES,NORMAL,HANDCRAFTED_ONLY_32D,NORMAL,1
S000060,FIVES,FIVES,NORMAL,HYBRID_MINUS_COLOR,NORMAL,1
S000060,FIVES,FIVES,NORMAL,HYBRID_MINUS_HARALICK,NORMAL,1
S000060,FIVES,FIVES,NORMAL,HYBRID_MINUS_LBP,NORMAL,1
S000060,FIVES,FIVES,NORMAL,VIT_PLUS_COLOR,NORMAL,1
S000060,FIVES,FIVES,NORMAL,VIT_PLUS_HARALICK,NORMAL,1
S000060,FIVES,FIVES,NORMAL,VIT_PLUS_LBP,NORMAL,1
S000061,FIVES,FIVES,NORMAL,FROZEN_VIT_768D,NORMAL,1
S000061,FIVES,FIVES,NORMAL,FULL_HYBRID_800D,NORMAL,1
S000061,FIVES,FIVES,NORMAL,HANDCRAFTED_ONLY_32D,NORMAL,1
S000061,FIVES,FIVES,NORMAL,HYBRID_MINUS_COLOR,NORMAL,1
S000061,FIVES,FIVES,NORMAL,HYBRID_MINUS_HARALICK,NORMAL,1
S000061,FIVES,FIVES,NORMAL,HYBRID_MINUS_LBP,NORMAL,1
S000061,FIVES,FIVES,NORMAL,VIT_PLUS_COLOR,NORMAL,1
S000061,FIVES,FIVES,NORMAL,VIT_PLUS_HARALICK,NORMAL,1
S000061,FIVES,FIVES,NORMAL,VIT_PLUS_LBP,NORMAL,1
S000062,FIVES,FIVES,NORMAL,FROZEN_VIT_768D,NORMAL,1
S000062,FIVES,FIVES,NORMAL,FULL_HYBRID_800D,NORMAL,1
S000062,FIVES,FIVES,NORMAL,HANDCRAFTED_ONLY_32D,AMD_DRY,0
S000062,FIVES,FIVES,NORMAL,HYBRID_MINUS_COLOR,NORMAL,1
S000062,FIVES,FIVES,NORMAL,HYBRID_MINUS_HARALICK,NORMAL,1
S000062,FIVES,FIVES,NORMAL,HYBRID_MINUS_LBP,NORMAL,1
S000062,FIVES,FIVES,NORMAL,VIT_PLUS_COLOR,NORMAL,1
S000062,FIVES,FIVES,NORMAL,VIT_PLUS_HARALICK,NORMAL,1
S000062,FIVES,FIVES,NORMAL,VIT_PLUS_LBP,NORMAL,1
S000063,FIVES,FIVES,NORMAL,FROZEN_VIT_768D,NORMAL,1
S000063,FIVES,FIVES,NORMAL,FULL_HYBRID_800D,NORMAL,1
S000063,FIVES,FIVES,NORMAL,HANDCRAFTED_ONLY_32D,NORMAL,1
S000063,FIVES,FIVES,NORMAL,HYBRID_MINUS_COLOR,NORMAL,1
S000063,FIVES,FIVES,NORMAL,HYBRID_MINUS_HARALICK,NORMAL,1
S000063,FIVES,FIVES,NORMAL,HYBRID_MINUS_LBP,NORMAL,1
S000063,FIVES,FIVES,NORMAL,VIT_PLUS_COLOR,NORMAL,1
S000063,FIVES,FIVES,NORMAL,VIT_PLUS_HARALICK,NORMAL,1
S000063,FIVES,FIVES,NORMAL,VIT_PLUS_LBP,NORMAL,1
S000064,FIVES,FIVES,NORMAL,FROZEN_VIT_768D,NORMAL,1
S000064,FIVES,FIVES,NORMAL,FULL_HYBRID_800D,NORMAL,1
S000064,FIVES,FIVES,NORMAL,HANDCRAFTED_ONLY_32D,NORMAL,1
S000064,FIVES,FIVES,NORMAL,HYBRID_MINUS_COLOR,NORMAL,1
S000064,FIVES,FIVES,NORMAL,HYBRID_MINUS_HARALICK,NORMAL,1
S000064,FIVES,FIVES,NORMAL,HYBRID_MINUS_LBP,NORMAL,1
S000064,FIVES,FIVES,NORMAL,VIT_PLUS_COLOR,NORMAL,1
S000064,FIVES,FIVES,NORMAL,VIT_PLUS_HARALICK,NORMAL,1
S000064,FIVES,FIVES,NORMAL,VIT_PLUS_LBP,NORMAL,1
S000065,FIVES,FIVES,NORMAL,FROZEN_VIT_768D,NORMAL,1
S000065,FIVES,FIVES,NORMAL,FULL_HYBRID_800D,NORMAL,1
S000065,FIVES,FIVES,NORMAL,HANDCRAFTED_ONLY_32D,NORMAL,1
S000065,FIVES,FIVES,NORMAL,HYBRID_MINUS_COLOR,NORMAL,1
S000065,FIVES,FIVES,NORMAL,HYBRID_MINUS_HARALICK,NORMAL,1
S000065,FIVES,FIVES,NORMAL,HYBRID_MINUS_LBP,NORMAL,1
S000065,FIVES,FIVES,NORMAL,VIT_PLUS_COLOR,NORMAL,1
S000065,FIVES,FIVES,NORMAL,VIT_PLUS_HARALICK,NORMAL,1
S000065,FIVES,FIVES,NORMAL,VIT_PLUS_LBP,NORMAL,1
S000066,FIVES,FIVES,NORMAL,FROZEN_VIT_768D,NORMAL,1
S000066,FIVES,FIVES,NORMAL,FULL_HYBRID_800D,NORMAL,1
S000066,FIVES,FIVES,NORMAL,HANDCRAFTED_ONLY_32D,NORMAL,1
S000066,FIVES,FIVES,NORMAL,HYBRID_MINUS_COLOR,NORMAL,1
S000066,FIVES,FIVES,NORMAL,HYBRID_MINUS_HARALICK,NORMAL,1
S000066,FIVES,FIVES,NORMAL,HYBRID_MINUS_LBP,NORMAL,1
S000066,FIVES,FIVES,NORMAL,VIT_PLUS_COLOR,NORMAL,1
S000066,FIVES,FIVES,NORMAL,VIT_PLUS_HARALICK,NORMAL,1
S000066,FIVES,FIVES,NORMAL,VIT_PLUS_LBP,NORMAL,1
S000067,FIVES,FIVES,NORMAL,FROZEN_VIT_768D,NORMAL,1
S000067,FIVES,FIVES,NORMAL,FULL_HYBRID_800D,NORMAL,1
S000067,FIVES,FIVES,NORMAL,HANDCRAFTED_ONLY_32D,NORMAL,1
S000067,FIVES,FIVES,NORMAL,HYBRID_MINUS_COLOR,NORMAL,1
S000067,FIVES,FIVES,NORMAL,HYBRID_MINUS_HARALICK,NORMAL,1
S000067,FIVES,FIVES,NORMAL,HYBRID_MINUS_LBP,NORMAL,1
S000067,FIVES,FIVES,NORMAL,VIT_PLUS_COLOR,NORMAL,1
S000067,FIVES,FIVES,NORMAL,VIT_PLUS_HARALICK,NORMAL,1
S000067,FIVES,FIVES,NORMAL,VIT_PLUS_LBP,NORMAL,1
S000068,FIVES,FIVES,NORMAL,FROZEN_VIT_768D,AMD_DRY,0
S000068,FIVES,FIVES,NORMAL,FULL_HYBRID_800D,AMD_DRY,0
S000068,FIVES,FIVES,NORMAL,HANDCRAFTED_ONLY_32D,NORMAL,1
S000068,FIVES,FIVES,NORMAL,HYBRID_MINUS_COLOR,AMD_DRY,0
S000068,FIVES,FIVES,NORMAL,HYBRID_MINUS_HARALICK,AMD_DRY,0
S000068,FIVES,FIVES,NORMAL,HYBRID_MINUS_LBP,AMD_DRY,0
S000068,FIVES,FIVES,NORMAL,VIT_PLUS_COLOR,AMD_DRY,0
S000068,FIVES,FIVES,NORMAL,VIT_PLUS_HARALICK,AMD_DRY,0
S000068,FIVES,FIVES,NORMAL,VIT_PLUS_LBP,AMD_DRY,0
S000069,FIVES,FIVES,NORMAL,FROZEN_VIT_768D,NORMAL,1
S000069,FIVES,FIVES,NORMAL,FULL_HYBRID_800D,NORMAL,1
S000069,FIVES,FIVES,NORMAL,HANDCRAFTED_ONLY_32D,NORMAL,1
S000069,FIVES,FIVES,NORMAL,HYBRID_MINUS_COLOR,NORMAL,1
S000069,FIVES,FIVES,NORMAL,HYBRID_MINUS_HARALICK,NORMAL,1
S000069,FIVES,FIVES,NORMAL,HYBRID_MINUS_LBP,NORMAL,1
S000069,FIVES,FIVES,NORMAL,VIT_PLUS_COLOR,NORMAL,1
S000069,FIVES,FIVES,NORMAL,VIT_PLUS_HARALICK,NORMAL,1
S000069,FIVES,FIVES,NORMAL,VIT_PLUS_LBP,NORMAL,1
S000070,FIVES,FIVES,NORMAL,FROZEN_VIT_768D,NORMAL,1
S000070,FIVES,FIVES,NORMAL,FULL_HYBRID_800D,NORMAL,1
S000070,FIVES,FIVES,NORMAL,HANDCRAFTED_ONLY_32D,NORMAL,1
S000070,FIVES,FIVES,NORMAL,HYBRID_MINUS_COLOR,NORMAL,1
S000070,FIVES,FIVES,NORMAL,HYBRID_MINUS_HARALICK,NORMAL,1
S000070,FIVES,FIVES,NORMAL,HYBRID_MINUS_LBP,NORMAL,1
S000070,FIVES,FIVES,NORMAL,VIT_PLUS_COLOR,NORMAL,1
S000070,FIVES,FIVES,NORMAL,VIT_PLUS_HARALICK,NORMAL,1
S000070,FIVES,FIVES,NORMAL,VIT_PLUS_LBP,NORMAL,1
S000071,FIVES,FIVES,NORMAL,FROZEN_VIT_768D,NORMAL,1
S000071,FIVES,FIVES,NORMAL,FULL_HYBRID_800D,NORMAL,1
S000071,FIVES,FIVES,NORMAL,HANDCRAFTED_ONLY_32D,AMD_DRY,0
S000071,FIVES,FIVES,NORMAL,HYBRID_MINUS_COLOR,NORMAL,1
S000071,FIVES,FIVES,NORMAL,HYBRID_MINUS_HARALICK,NORMAL,1
S000071,FIVES,FIVES,NORMAL,HYBRID_MINUS_LBP,NORMAL,1
S000071,FIVES,FIVES,NORMAL,VIT_PLUS_COLOR,NORMAL,1
S000071,FIVES,FIVES,NORMAL,VIT_PLUS_HARALICK,NORMAL,1
S000071,FIVES,FIVES,NORMAL,VIT_PLUS_LBP,NORMAL,1
S000072,FIVES,FIVES,NORMAL,FROZEN_VIT_768D,NORMAL,1
S000072,FIVES,FIVES,NORMAL,FULL_HYBRID_800D,NORMAL,1
S000072,FIVES,FIVES,NORMAL,HANDCRAFTED_ONLY_32D,AMD_DRY,0
S000072,FIVES,FIVES,NORMAL,HYBRID_MINUS_COLOR,NORMAL,1
S000072,FIVES,FIVES,NORMAL,HYBRID_MINUS_HARALICK,NORMAL,1
S000072,FIVES,FIVES,NORMAL,HYBRID_MINUS_LBP,NORMAL,1
S000072,FIVES,FIVES,NORMAL,VIT_PLUS_COLOR,NORMAL,1
S000072,FIVES,FIVES,NORMAL,VIT_PLUS_HARALICK,NORMAL,1
S000072,FIVES,FIVES,NORMAL,VIT_PLUS_LBP,NORMAL,1
S000073,FIVES,FIVES,NORMAL,FROZEN_VIT_768D,NORMAL,1
S000073,FIVES,FIVES,NORMAL,FULL_HYBRID_800D,NORMAL,1
S000073,FIVES,FIVES,NORMAL,HANDCRAFTED_ONLY_32D,NORMAL,1
S000073,FIVES,FIVES,NORMAL,HYBRID_MINUS_COLOR,NORMAL,1
S000073,FIVES,FIVES,NORMAL,HYBRID_MINUS_HARALICK,NORMAL,1
S000073,FIVES,FIVES,NORMAL,HYBRID_MINUS_LBP,NORMAL,1
S000073,FIVES,FIVES,NORMAL,VIT_PLUS_COLOR,NORMAL,1
S000073,FIVES,FIVES,NORMAL,VIT_PLUS_HARALICK,NORMAL,1
S000073,FIVES,FIVES,NORMAL,VIT_PLUS_LBP,NORMAL,1
S000074,FIVES,FIVES,NORMAL,FROZEN_VIT_768D,NORMAL,1
S000074,FIVES,FIVES,NORMAL,FULL_HYBRID_800D,NORMAL,1
S000074,FIVES,FIVES,NORMAL,HANDCRAFTED_ONLY_32D,AMD_DRY,0
S000074,FIVES,FIVES,NORMAL,HYBRID_MINUS_COLOR,NORMAL,1
S000074,FIVES,FIVES,NORMAL,HYBRID_MINUS_HARALICK,NORMAL,1
S000074,FIVES,FIVES,NORMAL,HYBRID_MINUS_LBP,NORMAL,1
S000074,FIVES,FIVES,NORMAL,VIT_PLUS_COLOR,NORMAL,1
S000074,FIVES,FIVES,NORMAL,VIT_PLUS_HARALICK,NORMAL,1
S000074,FIVES,FIVES,NORMAL,VIT_PLUS_LBP,NORMAL,1
S000075,FIVES,FIVES,NORMAL,FROZEN_VIT_768D,NORMAL,1
S000075,FIVES,FIVES,NORMAL,FULL_HYBRID_800D,NORMAL,1
S000075,FIVES,FIVES,NORMAL,HANDCRAFTED_ONLY_32D,NORMAL,1
S000075,FIVES,FIVES,NORMAL,HYBRID_MINUS_COLOR,NORMAL,1
S000075,FIVES,FIVES,NORMAL,HYBRID_MINUS_HARALICK,NORMAL,1
S000075,FIVES,FIVES,NORMAL,HYBRID_MINUS_LBP,NORMAL,1
S000075,FIVES,FIVES,NORMAL,VIT_PLUS_COLOR,NORMAL,1
S000075,FIVES,FIVES,NORMAL,VIT_PLUS_HARALICK,NORMAL,1
S000075,FIVES,FIVES,NORMAL,VIT_PLUS_LBP,NORMAL,1
S000076,FIVES,FIVES,NORMAL,FROZEN_VIT_768D,NORMAL,1
S000076,FIVES,FIVES,NORMAL,FULL_HYBRID_800D,NORMAL,1
S000076,FIVES,FIVES,NORMAL,HANDCRAFTED_ONLY_32D,NORMAL,1
S000076,FIVES,FIVES,NORMAL,HYBRID_MINUS_COLOR,NORMAL,1
S000076,FIVES,FIVES,NORMAL,HYBRID_MINUS_HARALICK,NORMAL,1
S000076,FIVES,FIVES,NORMAL,HYBRID_MINUS_LBP,NORMAL,1
S000076,FIVES,FIVES,NORMAL,VIT_PLUS_COLOR,NORMAL,1
S000076,FIVES,FIVES,NORMAL,VIT_PLUS_HARALICK,NORMAL,1
S000076,FIVES,FIVES,NORMAL,VIT_PLUS_LBP,NORMAL,1
S000077,FIVES,FIVES,NORMAL,FROZEN_VIT_768D,NORMAL,1
S000077,FIVES,FIVES,NORMAL,FULL_HYBRID_800D,NORMAL,1
S000077,FIVES,FIVES,NORMAL,HANDCRAFTED_ONLY_32D,AMD_DRY,0
S000077,FIVES,FIVES,NORMAL,HYBRID_MINUS_COLOR,NORMAL,1
S000077,FIVES,FIVES,NORMAL,HYBRID_MINUS_HARALICK,NORMAL,1
S000077,FIVES,FIVES,NORMAL,HYBRID_MINUS_LBP,NORMAL,1
S000077,FIVES,FIVES,NORMAL,VIT_PLUS_COLOR,NORMAL,1
S000077,FIVES,FIVES,NORMAL,VIT_PLUS_HARALICK,NORMAL,1
S000077,FIVES,FIVES,NORMAL,VIT_PLUS_LBP,NORMAL,1
S000078,FIVES,FIVES,NORMAL,FROZEN_VIT_768D,NORMAL,1
S000078,FIVES,FIVES,NORMAL,FULL_HYBRID_800D,NORMAL,1
S000078,FIVES,FIVES,NORMAL,HANDCRAFTED_ONLY_32D,AMD_DRY,0
S000078,FIVES,FIVES,NORMAL,HYBRID_MINUS_COLOR,NORMAL,1
S000078,FIVES,FIVES,NORMAL,HYBRID_MINUS_HARALICK,NORMAL,1
S000078,FIVES,FIVES,NORMAL,HYBRID_MINUS_LBP,NORMAL,1
S000078,FIVES,FIVES,NORMAL,VIT_PLUS_COLOR,NORMAL,1
S000078,FIVES,FIVES,NORMAL,VIT_PLUS_HARALICK,NORMAL,1
S000078,FIVES,FIVES,NORMAL,VIT_PLUS_LBP,NORMAL,1
S000079,FIVES,FIVES,NORMAL,FROZEN_VIT_768D,NORMAL,1
S000079,FIVES,FIVES,NORMAL,FULL_HYBRID_800D,NORMAL,1
S000079,FIVES,FIVES,NORMAL,HANDCRAFTED_ONLY_32D,NORMAL,1
S000079,FIVES,FIVES,NORMAL,HYBRID_MINUS_COLOR,NORMAL,1
S000079,FIVES,FIVES,NORMAL,HYBRID_MINUS_HARALICK,NORMAL,1
S000079,FIVES,FIVES,NORMAL,HYBRID_MINUS_LBP,NORMAL,1
S000079,FIVES,FIVES,NORMAL,VIT_PLUS_COLOR,NORMAL,1
S000079,FIVES,FIVES,NORMAL,VIT_PLUS_HARALICK,NORMAL,1
S000079,FIVES,FIVES,NORMAL,VIT_PLUS_LBP,NORMAL,1
S000080,FIVES,FIVES,NORMAL,FROZEN_VIT_768D,NORMAL,1
S000080,FIVES,FIVES,NORMAL,FULL_HYBRID_800D,NORMAL,1
S000080,FIVES,FIVES,NORMAL,HANDCRAFTED_ONLY_32D,NORMAL,1
S000080,FIVES,FIVES,NORMAL,HYBRID_MINUS_COLOR,NORMAL,1
S000080,FIVES,FIVES,NORMAL,HYBRID_MINUS_HARALICK,NORMAL,1
S000080,FIVES,FIVES,NORMAL,HYBRID_MINUS_LBP,NORMAL,1
S000080,FIVES,FIVES,NORMAL,VIT_PLUS_COLOR,NORMAL,1
S000080,FIVES,FIVES,NORMAL,VIT_PLUS_HARALICK,NORMAL,1
S000080,FIVES,FIVES,NORMAL,VIT_PLUS_LBP,NORMAL,1
S000081,FIVES,FIVES,NORMAL,FROZEN_VIT_768D,NORMAL,1
S000081,FIVES,FIVES,NORMAL,FULL_HYBRID_800D,NORMAL,1
S000081,FIVES,FIVES,NORMAL,HANDCRAFTED_ONLY_32D,NORMAL,1
S000081,FIVES,FIVES,NORMAL,HYBRID_MINUS_COLOR,NORMAL,1
S000081,FIVES,FIVES,NORMAL,HYBRID_MINUS_HARALICK,NORMAL,1
S000081,FIVES,FIVES,NORMAL,HYBRID_MINUS_LBP,NORMAL,1
S000081,FIVES,FIVES,NORMAL,VIT_PLUS_COLOR,NORMAL,1
S000081,FIVES,FIVES,NORMAL,VIT_PLUS_HARALICK,NORMAL,1
S000081,FIVES,FIVES,NORMAL,VIT_PLUS_LBP,NORMAL,1
S000082,FIVES,FIVES,NORMAL,FROZEN_VIT_768D,NORMAL,1
S000082,FIVES,FIVES,NORMAL,FULL_HYBRID_800D,NORMAL,1
S000082,FIVES,FIVES,NORMAL,HANDCRAFTED_ONLY_32D,NORMAL,1
S000082,FIVES,FIVES,NORMAL,HYBRID_MINUS_COLOR,NORMAL,1
S000082,FIVES,FIVES,NORMAL,HYBRID_MINUS_HARALICK,NORMAL,1
S000082,FIVES,FIVES,NORMAL,HYBRID_MINUS_LBP,NORMAL,1
S000082,FIVES,FIVES,NORMAL,VIT_PLUS_COLOR,NORMAL,1
S000082,FIVES,FIVES,NORMAL,VIT_PLUS_HARALICK,NORMAL,1
S000082,FIVES,FIVES,NORMAL,VIT_PLUS_LBP,NORMAL,1
S000083,FIVES,FIVES,NORMAL,FROZEN_VIT_768D,NORMAL,1
S000083,FIVES,FIVES,NORMAL,FULL_HYBRID_800D,NORMAL,1
S000083,FIVES,FIVES,NORMAL,HANDCRAFTED_ONLY_32D,NORMAL,1
S000083,FIVES,FIVES,NORMAL,HYBRID_MINUS_COLOR,NORMAL,1
S000083,FIVES,FIVES,NORMAL,HYBRID_MINUS_HARALICK,NORMAL,1
S000083,FIVES,FIVES,NORMAL,HYBRID_MINUS_LBP,NORMAL,1
S000083,FIVES,FIVES,NORMAL,VIT_PLUS_COLOR,NORMAL,1
S000083,FIVES,FIVES,NORMAL,VIT_PLUS_HARALICK,NORMAL,1
S000083,FIVES,FIVES,NORMAL,VIT_PLUS_LBP,NORMAL,1
S000084,FIVES,FIVES,NORMAL,FROZEN_VIT_768D,NORMAL,1
S000084,FIVES,FIVES,NORMAL,FULL_HYBRID_800D,NORMAL,1
S000084,FIVES,FIVES,NORMAL,HANDCRAFTED_ONLY_32D,NORMAL,1
S000084,FIVES,FIVES,NORMAL,HYBRID_MINUS_COLOR,NORMAL,1
S000084,FIVES,FIVES,NORMAL,HYBRID_MINUS_HARALICK,NORMAL,1
S000084,FIVES,FIVES,NORMAL,HYBRID_MINUS_LBP,NORMAL,1
S000084,FIVES,FIVES,NORMAL,VIT_PLUS_COLOR,NORMAL,1
S000084,FIVES,FIVES,NORMAL,VIT_PLUS_HARALICK,NORMAL,1
S000084,FIVES,FIVES,NORMAL,VIT_PLUS_LBP,NORMAL,1
S000085,FIVES,FIVES,NORMAL,FROZEN_VIT_768D,NORMAL,1
S000085,FIVES,FIVES,NORMAL,FULL_HYBRID_800D,NORMAL,1
S000085,FIVES,FIVES,NORMAL,HANDCRAFTED_ONLY_32D,NORMAL,1
S000085,FIVES,FIVES,NORMAL,HYBRID_MINUS_COLOR,NORMAL,1
S000085,FIVES,FIVES,NORMAL,HYBRID_MINUS_HARALICK,NORMAL,1
S000085,FIVES,FIVES,NORMAL,HYBRID_MINUS_LBP,NORMAL,1
S000085,FIVES,FIVES,NORMAL,VIT_PLUS_COLOR,NORMAL,1
S000085,FIVES,FIVES,NORMAL,VIT_PLUS_HARALICK,NORMAL,1
S000085,FIVES,FIVES,NORMAL,VIT_PLUS_LBP,NORMAL,1
S000086,FIVES,FIVES,NORMAL,FROZEN_VIT_768D,NORMAL,1
S000086,FIVES,FIVES,NORMAL,FULL_HYBRID_800D,NORMAL,1
S000086,FIVES,FIVES,NORMAL,HANDCRAFTED_ONLY_32D,AMD_DRY,0
S000086,FIVES,FIVES,NORMAL,HYBRID_MINUS_COLOR,NORMAL,1
S000086,FIVES,FIVES,NORMAL,HYBRID_MINUS_HARALICK,NORMAL,1
S000086,FIVES,FIVES,NORMAL,HYBRID_MINUS_LBP,NORMAL,1
S000086,FIVES,FIVES,NORMAL,VIT_PLUS_COLOR,NORMAL,1
S000086,FIVES,FIVES,NORMAL,VIT_PLUS_HARALICK,NORMAL,1
S000086,FIVES,FIVES,NORMAL,VIT_PLUS_LBP,NORMAL,1
S000087,FIVES,FIVES,NORMAL,FROZEN_VIT_768D,NORMAL,1
S000087,FIVES,FIVES,NORMAL,FULL_HYBRID_800D,NORMAL,1
S000087,FIVES,FIVES,NORMAL,HANDCRAFTED_ONLY_32D,NORMAL,1
S000087,FIVES,FIVES,NORMAL,HYBRID_MINUS_COLOR,NORMAL,1
S000087,FIVES,FIVES,NORMAL,HYBRID_MINUS_HARALICK,NORMAL,1
S000087,FIVES,FIVES,NORMAL,HYBRID_MINUS_LBP,NORMAL,1
S000087,FIVES,FIVES,NORMAL,VIT_PLUS_COLOR,NORMAL,1
S000087,FIVES,FIVES,NORMAL,VIT_PLUS_HARALICK,NORMAL,1
S000087,FIVES,FIVES,NORMAL,VIT_PLUS_LBP,NORMAL,1
S000088,FIVES,FIVES,NORMAL,FROZEN_VIT_768D,NORMAL,1
S000088,FIVES,FIVES,NORMAL,FULL_HYBRID_800D,NORMAL,1
S000088,FIVES,FIVES,NORMAL,HANDCRAFTED_ONLY_32D,AMD_DRY,0
S000088,FIVES,FIVES,NORMAL,HYBRID_MINUS_COLOR,NORMAL,1
S000088,FIVES,FIVES,NORMAL,HYBRID_MINUS_HARALICK,NORMAL,1
S000088,FIVES,FIVES,NORMAL,HYBRID_MINUS_LBP,NORMAL,1
S000088,FIVES,FIVES,NORMAL,VIT_PLUS_COLOR,NORMAL,1
S000088,FIVES,FIVES,NORMAL,VIT_PLUS_HARALICK,NORMAL,1
S000088,FIVES,FIVES,NORMAL,VIT_PLUS_LBP,NORMAL,1
S000089,FIVES,FIVES,NORMAL,FROZEN_VIT_768D,NORMAL,1
S000089,FIVES,FIVES,NORMAL,FULL_HYBRID_800D,NORMAL,1
S000089,FIVES,FIVES,NORMAL,HANDCRAFTED_ONLY_32D,AMD_DRY,0
S000089,FIVES,FIVES,NORMAL,HYBRID_MINUS_COLOR,NORMAL,1
S000089,FIVES,FIVES,NORMAL,HYBRID_MINUS_HARALICK,NORMAL,1
S000089,FIVES,FIVES,NORMAL,HYBRID_MINUS_LBP,NORMAL,1
S000089,FIVES,FIVES,NORMAL,VIT_PLUS_COLOR,NORMAL,1
S000089,FIVES,FIVES,NORMAL,VIT_PLUS_HARALICK,NORMAL,1
S000089,FIVES,FIVES,NORMAL,VIT_PLUS_LBP,NORMAL,1
S000090,FIVES,FIVES,NORMAL,FROZEN_VIT_768D,NORMAL,1
S000090,FIVES,FIVES,NORMAL,FULL_HYBRID_800D,NORMAL,1
S000090,FIVES,FIVES,NORMAL,HANDCRAFTED_ONLY_32D,AMD_DRY,0
S000090,FIVES,FIVES,NORMAL,HYBRID_MINUS_COLOR,NORMAL,1
S000090,FIVES,FIVES,NORMAL,HYBRID_MINUS_HARALICK,NORMAL,1
S000090,FIVES,FIVES,NORMAL,HYBRID_MINUS_LBP,NORMAL,1
S000090,FIVES,FIVES,NORMAL,VIT_PLUS_COLOR,NORMAL,1
S000090,FIVES,FIVES,NORMAL,VIT_PLUS_HARALICK,NORMAL,1
S000090,FIVES,FIVES,NORMAL,VIT_PLUS_LBP,NORMAL,1
S000091,FIVES,FIVES,NORMAL,FROZEN_VIT_768D,NORMAL,1
S000091,FIVES,FIVES,NORMAL,FULL_HYBRID_800D,NORMAL,1
S000091,FIVES,FIVES,NORMAL,HANDCRAFTED_ONLY_32D,NORMAL,1
S000091,FIVES,FIVES,NORMAL,HYBRID_MINUS_COLOR,NORMAL,1
S000091,FIVES,FIVES,NORMAL,HYBRID_MINUS_HARALICK,NORMAL,1
S000091,FIVES,FIVES,NORMAL,HYBRID_MINUS_LBP,NORMAL,1
S000091,FIVES,FIVES,NORMAL,VIT_PLUS_COLOR,NORMAL,1
S000091,FIVES,FIVES,NORMAL,VIT_PLUS_HARALICK,NORMAL,1
S000091,FIVES,FIVES,NORMAL,VIT_PLUS_LBP,NORMAL,1
S000092,FIVES,FIVES,NORMAL,FROZEN_VIT_768D,NORMAL,1
S000092,FIVES,FIVES,NORMAL,FULL_HYBRID_800D,NORMAL,1
S000092,FIVES,FIVES,NORMAL,HANDCRAFTED_ONLY_32D,NORMAL,1
S000092,FIVES,FIVES,NORMAL,HYBRID_MINUS_COLOR,NORMAL,1
S000092,FIVES,FIVES,NORMAL,HYBRID_MINUS_HARALICK,NORMAL,1
S000092,FIVES,FIVES,NORMAL,HYBRID_MINUS_LBP,NORMAL,1
S000092,FIVES,FIVES,NORMAL,VIT_PLUS_COLOR,NORMAL,1
S000092,FIVES,FIVES,NORMAL,VIT_PLUS_HARALICK,NORMAL,1
S000092,FIVES,FIVES,NORMAL,VIT_PLUS_LBP,NORMAL,1
S000093,FIVES,FIVES,NORMAL,FROZEN_VIT_768D,NORMAL,1
S000093,FIVES,FIVES,NORMAL,FULL_HYBRID_800D,NORMAL,1
S000093,FIVES,FIVES,NORMAL,HANDCRAFTED_ONLY_32D,NORMAL,1
S000093,FIVES,FIVES,NORMAL,HYBRID_MINUS_COLOR,NORMAL,1
S000093,FIVES,FIVES,NORMAL,HYBRID_MINUS_HARALICK,NORMAL,1
S000093,FIVES,FIVES,NORMAL,HYBRID_MINUS_LBP,NORMAL,1
S000093,FIVES,FIVES,NORMAL,VIT_PLUS_COLOR,NORMAL,1
S000093,FIVES,FIVES,NORMAL,VIT_PLUS_HARALICK,NORMAL,1
S000093,FIVES,FIVES,NORMAL,VIT_PLUS_LBP,NORMAL,1
S000094,FIVES,FIVES,NORMAL,FROZEN_VIT_768D,NORMAL,1
S000094,FIVES,FIVES,NORMAL,FULL_HYBRID_800D,NORMAL,1
S000094,FIVES,FIVES,NORMAL,HANDCRAFTED_ONLY_32D,NORMAL,1
S000094,FIVES,FIVES,NORMAL,HYBRID_MINUS_COLOR,NORMAL,1
S000094,FIVES,FIVES,NORMAL,HYBRID_MINUS_HARALICK,NORMAL,1
S000094,FIVES,FIVES,NORMAL,HYBRID_MINUS_LBP,NORMAL,1
S000094,FIVES,FIVES,NORMAL,VIT_PLUS_COLOR,NORMAL,1
S000094,FIVES,FIVES,NORMAL,VIT_PLUS_HARALICK,NORMAL,1
S000094,FIVES,FIVES,NORMAL,VIT_PLUS_LBP,NORMAL,1
S000095,FIVES,FIVES,NORMAL,FROZEN_VIT_768D,NORMAL,1
S000095,FIVES,FIVES,NORMAL,FULL_HYBRID_800D,NORMAL,1
S000095,FIVES,FIVES,NORMAL,HANDCRAFTED_ONLY_32D,NORMAL,1
S000095,FIVES,FIVES,NORMAL,HYBRID_MINUS_COLOR,NORMAL,1
S000095,FIVES,FIVES,NORMAL,HYBRID_MINUS_HARALICK,NORMAL,1
S000095,FIVES,FIVES,NORMAL,HYBRID_MINUS_LBP,NORMAL,1
S000095,FIVES,FIVES,NORMAL,VIT_PLUS_COLOR,NORMAL,1
S000095,FIVES,FIVES,NORMAL,VIT_PLUS_HARALICK,NORMAL,1
S000095,FIVES,FIVES,NORMAL,VIT_PLUS_LBP,NORMAL,1
S000096,FIVES,FIVES,NORMAL,FROZEN_VIT_768D,AMD_DRY,0
S000096,FIVES,FIVES,NORMAL,FULL_HYBRID_800D,AMD_DRY,0
S000096,FIVES,FIVES,NORMAL,HANDCRAFTED_ONLY_32D,AMD_DRY,0
S000096,FIVES,FIVES,NORMAL,HYBRID_MINUS_COLOR,AMD_DRY,0
S000096,FIVES,FIVES,NORMAL,HYBRID_MINUS_HARALICK,AMD_DRY,0
S000096,FIVES,FIVES,NORMAL,HYBRID_MINUS_LBP,AMD_DRY,0
S000096,FIVES,FIVES,NORMAL,VIT_PLUS_COLOR,AMD_DRY,0
S000096,FIVES,FIVES,NORMAL,VIT_PLUS_HARALICK,AMD_DRY,0
S000096,FIVES,FIVES,NORMAL,VIT_PLUS_LBP,AMD_DRY,0
S000097,FIVES,FIVES,NORMAL,FROZEN_VIT_768D,AMD_WET,0
S000097,FIVES,FIVES,NORMAL,FULL_HYBRID_800D,AMD_WET,0
S000097,FIVES,FIVES,NORMAL,HANDCRAFTED_ONLY_32D,AMD_DRY,0
S000097,FIVES,FIVES,NORMAL,HYBRID_MINUS_COLOR,AMD_WET,0
S000097,FIVES,FIVES,NORMAL,HYBRID_MINUS_HARALICK,AMD_WET,0
S000097,FIVES,FIVES,NORMAL,HYBRID_MINUS_LBP,AMD_WET,0
S000097,FIVES,FIVES,NORMAL,VIT_PLUS_COLOR,AMD_WET,0
S000097,FIVES,FIVES,NORMAL,VIT_PLUS_HARALICK,AMD_WET,0
S000097,FIVES,FIVES,NORMAL,VIT_PLUS_LBP,AMD_WET,0
S000098,FIVES,FIVES,NORMAL,FROZEN_VIT_768D,NORMAL,1
S000098,FIVES,FIVES,NORMAL,FULL_HYBRID_800D,NORMAL,1
S000098,FIVES,FIVES,NORMAL,HANDCRAFTED_ONLY_32D,AMD_DRY,0
S000098,FIVES,FIVES,NORMAL,HYBRID_MINUS_COLOR,NORMAL,1
S000098,FIVES,FIVES,NORMAL,HYBRID_MINUS_HARALICK,NORMAL,1
S000098,FIVES,FIVES,NORMAL,HYBRID_MINUS_LBP,NORMAL,1
S000098,FIVES,FIVES,NORMAL,VIT_PLUS_COLOR,NORMAL,1
S000098,FIVES,FIVES,NORMAL,VIT_PLUS_HARALICK,NORMAL,1
S000098,FIVES,FIVES,NORMAL,VIT_PLUS_LBP,NORMAL,1
S000099,FIVES,FIVES,NORMAL,FROZEN_VIT_768D,AMD_DRY,0
S000099,FIVES,FIVES,NORMAL,FULL_HYBRID_800D,AMD_DRY,0
S000099,FIVES,FIVES,NORMAL,HANDCRAFTED_ONLY_32D,AMD_DRY,0
S000099,FIVES,FIVES,NORMAL,HYBRID_MINUS_COLOR,AMD_DRY,0
S000099,FIVES,FIVES,NORMAL,HYBRID_MINUS_HARALICK,AMD_DRY,0
S000099,FIVES,FIVES,NORMAL,HYBRID_MINUS_LBP,AMD_DRY,0
S000099,FIVES,FIVES,NORMAL,VIT_PLUS_COLOR,AMD_DRY,0
S000099,FIVES,FIVES,NORMAL,VIT_PLUS_HARALICK,AMD_DRY,0
S000099,FIVES,FIVES,NORMAL,VIT_PLUS_LBP,AMD_DRY,0
S000100,FIVES,FIVES,NORMAL,FROZEN_VIT_768D,NORMAL,1
S000100,FIVES,FIVES,NORMAL,FULL_HYBRID_800D,NORMAL,1
S000100,FIVES,FIVES,NORMAL,HANDCRAFTED_ONLY_32D,AMD_DRY,0
S000100,FIVES,FIVES,NORMAL,HYBRID_MINUS_COLOR,NORMAL,1
S000100,FIVES,FIVES,NORMAL,HYBRID_MINUS_HARALICK,NORMAL,1
S000100,FIVES,FIVES,NORMAL,HYBRID_MINUS_LBP,NORMAL,1
S000100,FIVES,FIVES,NORMAL,VIT_PLUS_COLOR,NORMAL,1
S000100,FIVES,FIVES,NORMAL,VIT_PLUS_HARALICK,NORMAL,1
S000100,FIVES,FIVES,NORMAL,VIT_PLUS_LBP,NORMAL,1
S000101,FIVES,FIVES,NORMAL,FROZEN_VIT_768D,NORMAL,1
S000101,FIVES,FIVES,NORMAL,FULL_HYBRID_800D,NORMAL,1
S000101,FIVES,FIVES,NORMAL,HANDCRAFTED_ONLY_32D,AMD_DRY,0
S000101,FIVES,FIVES,NORMAL,HYBRID_MINUS_COLOR,NORMAL,1
S000101,FIVES,FIVES,NORMAL,HYBRID_MINUS_HARALICK,NORMAL,1
S000101,FIVES,FIVES,NORMAL,HYBRID_MINUS_LBP,NORMAL,1
S000101,FIVES,FIVES,NORMAL,VIT_PLUS_COLOR,NORMAL,1
S000101,FIVES,FIVES,NORMAL,VIT_PLUS_HARALICK,NORMAL,1
S000101,FIVES,FIVES,NORMAL,VIT_PLUS_LBP,NORMAL,1
S000102,FIVES,FIVES,NORMAL,FROZEN_VIT_768D,NORMAL,1
S000102,FIVES,FIVES,NORMAL,FULL_HYBRID_800D,NORMAL,1
S000102,FIVES,FIVES,NORMAL,HANDCRAFTED_ONLY_32D,NORMAL,1
S000102,FIVES,FIVES,NORMAL,HYBRID_MINUS_COLOR,NORMAL,1
S000102,FIVES,FIVES,NORMAL,HYBRID_MINUS_HARALICK,NORMAL,1
S000102,FIVES,FIVES,NORMAL,HYBRID_MINUS_LBP,NORMAL,1
S000102,FIVES,FIVES,NORMAL,VIT_PLUS_COLOR,NORMAL,1
S000102,FIVES,FIVES,NORMAL,VIT_PLUS_HARALICK,NORMAL,1
S000102,FIVES,FIVES,NORMAL,VIT_PLUS_LBP,NORMAL,1
S000103,FIVES,FIVES,NORMAL,FROZEN_VIT_768D,NORMAL,1
S000103,FIVES,FIVES,NORMAL,FULL_HYBRID_800D,NORMAL,1
S000103,FIVES,FIVES,NORMAL,HANDCRAFTED_ONLY_32D,NORMAL,1
S000103,FIVES,FIVES,NORMAL,HYBRID_MINUS_COLOR,NORMAL,1
S000103,FIVES,FIVES,NORMAL,HYBRID_MINUS_HARALICK,NORMAL,1
S000103,FIVES,FIVES,NORMAL,HYBRID_MINUS_LBP,NORMAL,1
S000103,FIVES,FIVES,NORMAL,VIT_PLUS_COLOR,NORMAL,1
S000103,FIVES,FIVES,NORMAL,VIT_PLUS_HARALICK,NORMAL,1
S000103,FIVES,FIVES,NORMAL,VIT_PLUS_LBP,NORMAL,1
S000104,FIVES,FIVES,NORMAL,FROZEN_VIT_768D,NORMAL,1
S000104,FIVES,FIVES,NORMAL,FULL_HYBRID_800D,NORMAL,1
S000104,FIVES,FIVES,NORMAL,HANDCRAFTED_ONLY_32D,AMD_DRY,0
S000104,FIVES,FIVES,NORMAL,HYBRID_MINUS_COLOR,NORMAL,1
S000104,FIVES,FIVES,NORMAL,HYBRID_MINUS_HARALICK,NORMAL,1
S000104,FIVES,FIVES,NORMAL,HYBRID_MINUS_LBP,NORMAL,1
S000104,FIVES,FIVES,NORMAL,VIT_PLUS_COLOR,NORMAL,1
S000104,FIVES,FIVES,NORMAL,VIT_PLUS_HARALICK,NORMAL,1
S000104,FIVES,FIVES,NORMAL,VIT_PLUS_LBP,NORMAL,1
S000105,FIVES,FIVES,NORMAL,FROZEN_VIT_768D,NORMAL,1
S000105,FIVES,FIVES,NORMAL,FULL_HYBRID_800D,NORMAL,1
S000105,FIVES,FIVES,NORMAL,HANDCRAFTED_ONLY_32D,NORMAL,1
S000105,FIVES,FIVES,NORMAL,HYBRID_MINUS_COLOR,NORMAL,1
S000105,FIVES,FIVES,NORMAL,HYBRID_MINUS_HARALICK,NORMAL,1
S000105,FIVES,FIVES,NORMAL,HYBRID_MINUS_LBP,NORMAL,1
S000105,FIVES,FIVES,NORMAL,VIT_PLUS_COLOR,NORMAL,1
S000105,FIVES,FIVES,NORMAL,VIT_PLUS_HARALICK,NORMAL,1
S000105,FIVES,FIVES,NORMAL,VIT_PLUS_LBP,NORMAL,1
S000106,FIVES,FIVES,NORMAL,FROZEN_VIT_768D,NORMAL,1
S000106,FIVES,FIVES,NORMAL,FULL_HYBRID_800D,NORMAL,1
S000106,FIVES,FIVES,NORMAL,HANDCRAFTED_ONLY_32D,NORMAL,1
S000106,FIVES,FIVES,NORMAL,HYBRID_MINUS_COLOR,NORMAL,1
S000106,FIVES,FIVES,NORMAL,HYBRID_MINUS_HARALICK,NORMAL,1
S000106,FIVES,FIVES,NORMAL,HYBRID_MINUS_LBP,NORMAL,1
S000106,FIVES,FIVES,NORMAL,VIT_PLUS_COLOR,NORMAL,1
S000106,FIVES,FIVES,NORMAL,VIT_PLUS_HARALICK,NORMAL,1
S000106,FIVES,FIVES,NORMAL,VIT_PLUS_LBP,NORMAL,1
S000107,FIVES,FIVES,NORMAL,FROZEN_VIT_768D,NORMAL,1
S000107,FIVES,FIVES,NORMAL,FULL_HYBRID_800D,NORMAL,1
S000107,FIVES,FIVES,NORMAL,HANDCRAFTED_ONLY_32D,NORMAL,1
S000107,FIVES,FIVES,NORMAL,HYBRID_MINUS_COLOR,NORMAL,1
S000107,FIVES,FIVES,NORMAL,HYBRID_MINUS_HARALICK,NORMAL,1
S000107,FIVES,FIVES,NORMAL,HYBRID_MINUS_LBP,NORMAL,1
S000107,FIVES,FIVES,NORMAL,VIT_PLUS_COLOR,NORMAL,1
S000107,FIVES,FIVES,NORMAL,VIT_PLUS_HARALICK,NORMAL,1
S000107,FIVES,FIVES,NORMAL,VIT_PLUS_LBP,NORMAL,1
S000108,FIVES,FIVES,NORMAL,FROZEN_VIT_768D,NORMAL,1
S000108,FIVES,FIVES,NORMAL,FULL_HYBRID_800D,NORMAL,1
S000108,FIVES,FIVES,NORMAL,HANDCRAFTED_ONLY_32D,NORMAL,1
S000108,FIVES,FIVES,NORMAL,HYBRID_MINUS_COLOR,NORMAL,1
S000108,FIVES,FIVES,NORMAL,HYBRID_MINUS_HARALICK,NORMAL,1
S000108,FIVES,FIVES,NORMAL,HYBRID_MINUS_LBP,NORMAL,1
S000108,FIVES,FIVES,NORMAL,VIT_PLUS_COLOR,NORMAL,1
S000108,FIVES,FIVES,NORMAL,VIT_PLUS_HARALICK,NORMAL,1
S000108,FIVES,FIVES,NORMAL,VIT_PLUS_LBP,NORMAL,1
S000109,FIVES,FIVES,NORMAL,FROZEN_VIT_768D,NORMAL,1
S000109,FIVES,FIVES,NORMAL,FULL_HYBRID_800D,NORMAL,1
S000109,FIVES,FIVES,NORMAL,HANDCRAFTED_ONLY_32D,NORMAL,1
S000109,FIVES,FIVES,NORMAL,HYBRID_MINUS_COLOR,NORMAL,1
S000109,FIVES,FIVES,NORMAL,HYBRID_MINUS_HARALICK,NORMAL,1
S000109,FIVES,FIVES,NORMAL,HYBRID_MINUS_LBP,NORMAL,1
S000109,FIVES,FIVES,NORMAL,VIT_PLUS_COLOR,NORMAL,1
S000109,FIVES,FIVES,NORMAL,VIT_PLUS_HARALICK,NORMAL,1
S000109,FIVES,FIVES,NORMAL,VIT_PLUS_LBP,NORMAL,1
S000110,FIVES,FIVES,NORMAL,FROZEN_VIT_768D,NORMAL,1
S000110,FIVES,FIVES,NORMAL,FULL_HYBRID_800D,NORMAL,1
S000110,FIVES,FIVES,NORMAL,HANDCRAFTED_ONLY_32D,NORMAL,1
S000110,FIVES,FIVES,NORMAL,HYBRID_MINUS_COLOR,NORMAL,1
S000110,FIVES,FIVES,NORMAL,HYBRID_MINUS_HARALICK,NORMAL,1
S000110,FIVES,FIVES,NORMAL,HYBRID_MINUS_LBP,NORMAL,1
S000110,FIVES,FIVES,NORMAL,VIT_PLUS_COLOR,NORMAL,1
S000110,FIVES,FIVES,NORMAL,VIT_PLUS_HARALICK,NORMAL,1
S000110,FIVES,FIVES,NORMAL,VIT_PLUS_LBP,NORMAL,1
S000111,FIVES,FIVES,NORMAL,FROZEN_VIT_768D,NORMAL,1
S000111,FIVES,FIVES,NORMAL,FULL_HYBRID_800D,NORMAL,1
S000111,FIVES,FIVES,NORMAL,HANDCRAFTED_ONLY_32D,AMD_DRY,0
S000111,FIVES,FIVES,NORMAL,HYBRID_MINUS_COLOR,NORMAL,1
S000111,FIVES,FIVES,NORMAL,HYBRID_MINUS_HARALICK,NORMAL,1
S000111,FIVES,FIVES,NORMAL,HYBRID_MINUS_LBP,NORMAL,1
S000111,FIVES,FIVES,NORMAL,VIT_PLUS_COLOR,NORMAL,1
S000111,FIVES,FIVES,NORMAL,VIT_PLUS_HARALICK,NORMAL,1
S000111,FIVES,FIVES,NORMAL,VIT_PLUS_LBP,NORMAL,1
S000112,FIVES,FIVES,NORMAL,FROZEN_VIT_768D,NORMAL,1
S000112,FIVES,FIVES,NORMAL,FULL_HYBRID_800D,NORMAL,1
S000112,FIVES,FIVES,NORMAL,HANDCRAFTED_ONLY_32D,AMD_DRY,0
S000112,FIVES,FIVES,NORMAL,HYBRID_MINUS_COLOR,NORMAL,1
S000112,FIVES,FIVES,NORMAL,HYBRID_MINUS_HARALICK,NORMAL,1
S000112,FIVES,FIVES,NORMAL,HYBRID_MINUS_LBP,NORMAL,1
S000112,FIVES,FIVES,NORMAL,VIT_PLUS_COLOR,NORMAL,1
S000112,FIVES,FIVES,NORMAL,VIT_PLUS_HARALICK,NORMAL,1
S000112,FIVES,FIVES,NORMAL,VIT_PLUS_LBP,NORMAL,1
S000113,FIVES,FIVES,NORMAL,FROZEN_VIT_768D,NORMAL,1
S000113,FIVES,FIVES,NORMAL,FULL_HYBRID_800D,NORMAL,1
S000113,FIVES,FIVES,NORMAL,HANDCRAFTED_ONLY_32D,AMD_DRY,0
S000113,FIVES,FIVES,NORMAL,HYBRID_MINUS_COLOR,NORMAL,1
S000113,FIVES,FIVES,NORMAL,HYBRID_MINUS_HARALICK,NORMAL,1
S000113,FIVES,FIVES,NORMAL,HYBRID_MINUS_LBP,NORMAL,1
S000113,FIVES,FIVES,NORMAL,VIT_PLUS_COLOR,NORMAL,1
S000113,FIVES,FIVES,NORMAL,VIT_PLUS_HARALICK,NORMAL,1
S000113,FIVES,FIVES,NORMAL,VIT_PLUS_LBP,NORMAL,1
S000114,FIVES,FIVES,NORMAL,FROZEN_VIT_768D,NORMAL,1
S000114,FIVES,FIVES,NORMAL,FULL_HYBRID_800D,NORMAL,1
S000114,FIVES,FIVES,NORMAL,HANDCRAFTED_ONLY_32D,NORMAL,1
S000114,FIVES,FIVES,NORMAL,HYBRID_MINUS_COLOR,NORMAL,1
S000114,FIVES,FIVES,NORMAL,HYBRID_MINUS_HARALICK,NORMAL,1
S000114,FIVES,FIVES,NORMAL,HYBRID_MINUS_LBP,NORMAL,1
S000114,FIVES,FIVES,NORMAL,VIT_PLUS_COLOR,NORMAL,1
S000114,FIVES,FIVES,NORMAL,VIT_PLUS_HARALICK,NORMAL,1
S000114,FIVES,FIVES,NORMAL,VIT_PLUS_LBP,NORMAL,1
S000115,FIVES,FIVES,NORMAL,FROZEN_VIT_768D,NORMAL,1
S000115,FIVES,FIVES,NORMAL,FULL_HYBRID_800D,NORMAL,1
S000115,FIVES,FIVES,NORMAL,HANDCRAFTED_ONLY_32D,NORMAL,1
S000115,FIVES,FIVES,NORMAL,HYBRID_MINUS_COLOR,NORMAL,1
S000115,FIVES,FIVES,NORMAL,HYBRID_MINUS_HARALICK,NORMAL,1
S000115,FIVES,FIVES,NORMAL,HYBRID_MINUS_LBP,NORMAL,1
S000115,FIVES,FIVES,NORMAL,VIT_PLUS_COLOR,NORMAL,1
S000115,FIVES,FIVES,NORMAL,VIT_PLUS_HARALICK,NORMAL,1
S000115,FIVES,FIVES,NORMAL,VIT_PLUS_LBP,NORMAL,1
S000116,FIVES,FIVES,NORMAL,FROZEN_VIT_768D,AMD_DRY,0
S000116,FIVES,FIVES,NORMAL,FULL_HYBRID_800D,AMD_DRY,0
S000116,FIVES,FIVES,NORMAL,HANDCRAFTED_ONLY_32D,AMD_DRY,0
S000116,FIVES,FIVES,NORMAL,HYBRID_MINUS_COLOR,AMD_DRY,0
S000116,FIVES,FIVES,NORMAL,HYBRID_MINUS_HARALICK,AMD_DRY,0
S000116,FIVES,FIVES,NORMAL,HYBRID_MINUS_LBP,AMD_DRY,0
S000116,FIVES,FIVES,NORMAL,VIT_PLUS_COLOR,AMD_DRY,0
S000116,FIVES,FIVES,NORMAL,VIT_PLUS_HARALICK,AMD_DRY,0
S000116,FIVES,FIVES,NORMAL,VIT_PLUS_LBP,AMD_DRY,0
S000117,FIVES,FIVES,NORMAL,FROZEN_VIT_768D,NORMAL,1
S000117,FIVES,FIVES,NORMAL,FULL_HYBRID_800D,NORMAL,1
S000117,FIVES,FIVES,NORMAL,HANDCRAFTED_ONLY_32D,NORMAL,1
S000117,FIVES,FIVES,NORMAL,HYBRID_MINUS_COLOR,NORMAL,1
S000117,FIVES,FIVES,NORMAL,HYBRID_MINUS_HARALICK,NORMAL,1
S000117,FIVES,FIVES,NORMAL,HYBRID_MINUS_LBP,NORMAL,1
S000117,FIVES,FIVES,NORMAL,VIT_PLUS_COLOR,NORMAL,1
S000117,FIVES,FIVES,NORMAL,VIT_PLUS_HARALICK,NORMAL,1
S000117,FIVES,FIVES,NORMAL,VIT_PLUS_LBP,NORMAL,1
S000118,FIVES,FIVES,NORMAL,FROZEN_VIT_768D,NORMAL,1
S000118,FIVES,FIVES,NORMAL,FULL_HYBRID_800D,NORMAL,1
S000118,FIVES,FIVES,NORMAL,HANDCRAFTED_ONLY_32D,NORMAL,1
S000118,FIVES,FIVES,NORMAL,HYBRID_MINUS_COLOR,NORMAL,1
S000118,FIVES,FIVES,NORMAL,HYBRID_MINUS_HARALICK,NORMAL,1
S000118,FIVES,FIVES,NORMAL,HYBRID_MINUS_LBP,NORMAL,1
S000118,FIVES,FIVES,NORMAL,VIT_PLUS_COLOR,NORMAL,1
S000118,FIVES,FIVES,NORMAL,VIT_PLUS_HARALICK,NORMAL,1
S000118,FIVES,FIVES,NORMAL,VIT_PLUS_LBP,NORMAL,1
S000119,FIVES,FIVES,NORMAL,FROZEN_VIT_768D,NORMAL,1
S000119,FIVES,FIVES,NORMAL,FULL_HYBRID_800D,NORMAL,1
S000119,FIVES,FIVES,NORMAL,HANDCRAFTED_ONLY_32D,AMD_DRY,0
S000119,FIVES,FIVES,NORMAL,HYBRID_MINUS_COLOR,NORMAL,1
S000119,FIVES,FIVES,NORMAL,HYBRID_MINUS_HARALICK,NORMAL,1
S000119,FIVES,FIVES,NORMAL,HYBRID_MINUS_LBP,NORMAL,1
S000119,FIVES,FIVES,NORMAL,VIT_PLUS_COLOR,NORMAL,1
S000119,FIVES,FIVES,NORMAL,VIT_PLUS_HARALICK,NORMAL,1
S000119,FIVES,FIVES,NORMAL,VIT_PLUS_LBP,NORMAL,1
S000120,FIVES,FIVES,NORMAL,FROZEN_VIT_768D,NORMAL,1
S000120,FIVES,FIVES,NORMAL,FULL_HYBRID_800D,NORMAL,1
S000120,FIVES,FIVES,NORMAL,HANDCRAFTED_ONLY_32D,NORMAL,1
S000120,FIVES,FIVES,NORMAL,HYBRID_MINUS_COLOR,NORMAL,1
S000120,FIVES,FIVES,NORMAL,HYBRID_MINUS_HARALICK,NORMAL,1
S000120,FIVES,FIVES,NORMAL,HYBRID_MINUS_LBP,NORMAL,1
S000120,FIVES,FIVES,NORMAL,VIT_PLUS_COLOR,NORMAL,1
S000120,FIVES,FIVES,NORMAL,VIT_PLUS_HARALICK,NORMAL,1
S000120,FIVES,FIVES,NORMAL,VIT_PLUS_LBP,NORMAL,1
S000121,FIVES,FIVES,NORMAL,FROZEN_VIT_768D,NORMAL,1
S000121,FIVES,FIVES,NORMAL,FULL_HYBRID_800D,NORMAL,1
S000121,FIVES,FIVES,NORMAL,HANDCRAFTED_ONLY_32D,NORMAL,1
S000121,FIVES,FIVES,NORMAL,HYBRID_MINUS_COLOR,NORMAL,1
S000121,FIVES,FIVES,NORMAL,HYBRID_MINUS_HARALICK,NORMAL,1
S000121,FIVES,FIVES,NORMAL,HYBRID_MINUS_LBP,NORMAL,1
S000121,FIVES,FIVES,NORMAL,VIT_PLUS_COLOR,NORMAL,1
S000121,FIVES,FIVES,NORMAL,VIT_PLUS_HARALICK,NORMAL,1
S000121,FIVES,FIVES,NORMAL,VIT_PLUS_LBP,NORMAL,1
S000122,FIVES,FIVES,NORMAL,FROZEN_VIT_768D,NORMAL,1
S000122,FIVES,FIVES,NORMAL,FULL_HYBRID_800D,NORMAL,1
S000122,FIVES,FIVES,NORMAL,HANDCRAFTED_ONLY_32D,NORMAL,1
S000122,FIVES,FIVES,NORMAL,HYBRID_MINUS_COLOR,NORMAL,1
S000122,FIVES,FIVES,NORMAL,HYBRID_MINUS_HARALICK,NORMAL,1
S000122,FIVES,FIVES,NORMAL,HYBRID_MINUS_LBP,NORMAL,1
S000122,FIVES,FIVES,NORMAL,VIT_PLUS_COLOR,NORMAL,1
S000122,FIVES,FIVES,NORMAL,VIT_PLUS_HARALICK,NORMAL,1
S000122,FIVES,FIVES,NORMAL,VIT_PLUS_LBP,NORMAL,1
S000123,FIVES,FIVES,NORMAL,FROZEN_VIT_768D,NORMAL,1
S000123,FIVES,FIVES,NORMAL,FULL_HYBRID_800D,NORMAL,1
S000123,FIVES,FIVES,NORMAL,HANDCRAFTED_ONLY_32D,NORMAL,1
S000123,FIVES,FIVES,NORMAL,HYBRID_MINUS_COLOR,NORMAL,1
S000123,FIVES,FIVES,NORMAL,HYBRID_MINUS_HARALICK,NORMAL,1
S000123,FIVES,FIVES,NORMAL,HYBRID_MINUS_LBP,NORMAL,1
S000123,FIVES,FIVES,NORMAL,VIT_PLUS_COLOR,NORMAL,1
S000123,FIVES,FIVES,NORMAL,VIT_PLUS_HARALICK,NORMAL,1
S000123,FIVES,FIVES,NORMAL,VIT_PLUS_LBP,NORMAL,1
S000124,FIVES,FIVES,NORMAL,FROZEN_VIT_768D,NORMAL,1
S000124,FIVES,FIVES,NORMAL,FULL_HYBRID_800D,NORMAL,1
S000124,FIVES,FIVES,NORMAL,HANDCRAFTED_ONLY_32D,NORMAL,1
S000124,FIVES,FIVES,NORMAL,HYBRID_MINUS_COLOR,NORMAL,1
S000124,FIVES,FIVES,NORMAL,HYBRID_MINUS_HARALICK,NORMAL,1
S000124,FIVES,FIVES,NORMAL,HYBRID_MINUS_LBP,NORMAL,1
S000124,FIVES,FIVES,NORMAL,VIT_PLUS_COLOR,NORMAL,1
S000124,FIVES,FIVES,NORMAL,VIT_PLUS_HARALICK,NORMAL,1
S000124,FIVES,FIVES,NORMAL,VIT_PLUS_LBP,NORMAL,1
S000125,FIVES,FIVES,NORMAL,FROZEN_VIT_768D,NORMAL,1
S000125,FIVES,FIVES,NORMAL,FULL_HYBRID_800D,NORMAL,1
S000125,FIVES,FIVES,NORMAL,HANDCRAFTED_ONLY_32D,NORMAL,1
S000125,FIVES,FIVES,NORMAL,HYBRID_MINUS_COLOR,NORMAL,1
S000125,FIVES,FIVES,NORMAL,HYBRID_MINUS_HARALICK,NORMAL,1
S000125,FIVES,FIVES,NORMAL,HYBRID_MINUS_LBP,NORMAL,1
S000125,FIVES,FIVES,NORMAL,VIT_PLUS_COLOR,NORMAL,1
S000125,FIVES,FIVES,NORMAL,VIT_PLUS_HARALICK,NORMAL,1
S000125,FIVES,FIVES,NORMAL,VIT_PLUS_LBP,NORMAL,1
S000126,FIVES,FIVES,NORMAL,FROZEN_VIT_768D,NORMAL,1
S000126,FIVES,FIVES,NORMAL,FULL_HYBRID_800D,NORMAL,1
S000126,FIVES,FIVES,NORMAL,HANDCRAFTED_ONLY_32D,AMD_DRY,0
S000126,FIVES,FIVES,NORMAL,HYBRID_MINUS_COLOR,NORMAL,1
S000126,FIVES,FIVES,NORMAL,HYBRID_MINUS_HARALICK,NORMAL,1
S000126,FIVES,FIVES,NORMAL,HYBRID_MINUS_LBP,NORMAL,1
S000126,FIVES,FIVES,NORMAL,VIT_PLUS_COLOR,NORMAL,1
S000126,FIVES,FIVES,NORMAL,VIT_PLUS_HARALICK,NORMAL,1
S000126,FIVES,FIVES,NORMAL,VIT_PLUS_LBP,NORMAL,1
S000127,FIVES,FIVES,NORMAL,FROZEN_VIT_768D,NORMAL,1
S000127,FIVES,FIVES,NORMAL,FULL_HYBRID_800D,NORMAL,1
S000127,FIVES,FIVES,NORMAL,HANDCRAFTED_ONLY_32D,AMD_DRY,0
S000127,FIVES,FIVES,NORMAL,HYBRID_MINUS_COLOR,NORMAL,1
S000127,FIVES,FIVES,NORMAL,HYBRID_MINUS_HARALICK,NORMAL,1
S000127,FIVES,FIVES,NORMAL,HYBRID_MINUS_LBP,NORMAL,1
S000127,FIVES,FIVES,NORMAL,VIT_PLUS_COLOR,NORMAL,1
S000127,FIVES,FIVES,NORMAL,VIT_PLUS_HARALICK,NORMAL,1
S000127,FIVES,FIVES,NORMAL,VIT_PLUS_LBP,NORMAL,1
S000128,FIVES,FIVES,NORMAL,FROZEN_VIT_768D,NORMAL,1
S000128,FIVES,FIVES,NORMAL,FULL_HYBRID_800D,NORMAL,1
S000128,FIVES,FIVES,NORMAL,HANDCRAFTED_ONLY_32D,NORMAL,1
S000128,FIVES,FIVES,NORMAL,HYBRID_MINUS_COLOR,NORMAL,1
S000128,FIVES,FIVES,NORMAL,HYBRID_MINUS_HARALICK,NORMAL,1
S000128,FIVES,FIVES,NORMAL,HYBRID_MINUS_LBP,NORMAL,1
S000128,FIVES,FIVES,NORMAL,VIT_PLUS_COLOR,NORMAL,1
S000128,FIVES,FIVES,NORMAL,VIT_PLUS_HARALICK,NORMAL,1
S000128,FIVES,FIVES,NORMAL,VIT_PLUS_LBP,NORMAL,1
S000129,FIVES,FIVES,NORMAL,FROZEN_VIT_768D,NORMAL,1
S000129,FIVES,FIVES,NORMAL,FULL_HYBRID_800D,NORMAL,1
S000129,FIVES,FIVES,NORMAL,HANDCRAFTED_ONLY_32D,NORMAL,1
S000129,FIVES,FIVES,NORMAL,HYBRID_MINUS_COLOR,NORMAL,1
S000129,FIVES,FIVES,NORMAL,HYBRID_MINUS_HARALICK,NORMAL,1
S000129,FIVES,FIVES,NORMAL,HYBRID_MINUS_LBP,NORMAL,1
S000129,FIVES,FIVES,NORMAL,VIT_PLUS_COLOR,NORMAL,1
S000129,FIVES,FIVES,NORMAL,VIT_PLUS_HARALICK,NORMAL,1
S000129,FIVES,FIVES,NORMAL,VIT_PLUS_LBP,NORMAL,1
S000130,FIVES,FIVES,NORMAL,FROZEN_VIT_768D,NORMAL,1
S000130,FIVES,FIVES,NORMAL,FULL_HYBRID_800D,NORMAL,1
S000130,FIVES,FIVES,NORMAL,HANDCRAFTED_ONLY_32D,AMD_DRY,0
S000130,FIVES,FIVES,NORMAL,HYBRID_MINUS_COLOR,NORMAL,1
S000130,FIVES,FIVES,NORMAL,HYBRID_MINUS_HARALICK,NORMAL,1
S000130,FIVES,FIVES,NORMAL,HYBRID_MINUS_LBP,NORMAL,1
S000130,FIVES,FIVES,NORMAL,VIT_PLUS_COLOR,NORMAL,1
S000130,FIVES,FIVES,NORMAL,VIT_PLUS_HARALICK,NORMAL,1
S000130,FIVES,FIVES,NORMAL,VIT_PLUS_LBP,NORMAL,1
S000131,FIVES,FIVES,NORMAL,FROZEN_VIT_768D,NORMAL,1
S000131,FIVES,FIVES,NORMAL,FULL_HYBRID_800D,NORMAL,1
S000131,FIVES,FIVES,NORMAL,HANDCRAFTED_ONLY_32D,NORMAL,1
S000131,FIVES,FIVES,NORMAL,HYBRID_MINUS_COLOR,NORMAL,1
S000131,FIVES,FIVES,NORMAL,HYBRID_MINUS_HARALICK,NORMAL,1
S000131,FIVES,FIVES,NORMAL,HYBRID_MINUS_LBP,NORMAL,1
S000131,FIVES,FIVES,NORMAL,VIT_PLUS_COLOR,NORMAL,1
S000131,FIVES,FIVES,NORMAL,VIT_PLUS_HARALICK,NORMAL,1
S000131,FIVES,FIVES,NORMAL,VIT_PLUS_LBP,NORMAL,1
S000132,FIVES,FIVES,NORMAL,FROZEN_VIT_768D,NORMAL,1
S000132,FIVES,FIVES,NORMAL,FULL_HYBRID_800D,NORMAL,1
S000132,FIVES,FIVES,NORMAL,HANDCRAFTED_ONLY_32D,NORMAL,1
S000132,FIVES,FIVES,NORMAL,HYBRID_MINUS_COLOR,NORMAL,1
S000132,FIVES,FIVES,NORMAL,HYBRID_MINUS_HARALICK,NORMAL,1
S000132,FIVES,FIVES,NORMAL,HYBRID_MINUS_LBP,NORMAL,1
S000132,FIVES,FIVES,NORMAL,VIT_PLUS_COLOR,NORMAL,1
S000132,FIVES,FIVES,NORMAL,VIT_PLUS_HARALICK,NORMAL,1
S000132,FIVES,FIVES,NORMAL,VIT_PLUS_LBP,NORMAL,1
S000133,FIVES,FIVES,NORMAL,FROZEN_VIT_768D,NORMAL,1
S000133,FIVES,FIVES,NORMAL,FULL_HYBRID_800D,NORMAL,1
S000133,FIVES,FIVES,NORMAL,HANDCRAFTED_ONLY_32D,NORMAL,1
S000133,FIVES,FIVES,NORMAL,HYBRID_MINUS_COLOR,NORMAL,1
S000133,FIVES,FIVES,NORMAL,HYBRID_MINUS_HARALICK,NORMAL,1
S000133,FIVES,FIVES,NORMAL,HYBRID_MINUS_LBP,NORMAL,1
S000133,FIVES,FIVES,NORMAL,VIT_PLUS_COLOR,NORMAL,1
S000133,FIVES,FIVES,NORMAL,VIT_PLUS_HARALICK,NORMAL,1
S000133,FIVES,FIVES,NORMAL,VIT_PLUS_LBP,NORMAL,1
S000134,FIVES,FIVES,NORMAL,FROZEN_VIT_768D,NORMAL,1
S000134,FIVES,FIVES,NORMAL,FULL_HYBRID_800D,NORMAL,1
S000134,FIVES,FIVES,NORMAL,HANDCRAFTED_ONLY_32D,NORMAL,1
S000134,FIVES,FIVES,NORMAL,HYBRID_MINUS_COLOR,NORMAL,1
S000134,FIVES,FIVES,NORMAL,HYBRID_MINUS_HARALICK,NORMAL,1
S000134,FIVES,FIVES,NORMAL,HYBRID_MINUS_LBP,NORMAL,1
S000134,FIVES,FIVES,NORMAL,VIT_PLUS_COLOR,NORMAL,1
S000134,FIVES,FIVES,NORMAL,VIT_PLUS_HARALICK,NORMAL,1
S000134,FIVES,FIVES,NORMAL,VIT_PLUS_LBP,NORMAL,1
S000135,FIVES,FIVES,NORMAL,FROZEN_VIT_768D,NORMAL,1
S000135,FIVES,FIVES,NORMAL,FULL_HYBRID_800D,NORMAL,1
S000135,FIVES,FIVES,NORMAL,HANDCRAFTED_ONLY_32D,NORMAL,1
S000135,FIVES,FIVES,NORMAL,HYBRID_MINUS_COLOR,NORMAL,1
S000135,FIVES,FIVES,NORMAL,HYBRID_MINUS_HARALICK,NORMAL,1
S000135,FIVES,FIVES,NORMAL,HYBRID_MINUS_LBP,NORMAL,1
S000135,FIVES,FIVES,NORMAL,VIT_PLUS_COLOR,NORMAL,1
S000135,FIVES,FIVES,NORMAL,VIT_PLUS_HARALICK,NORMAL,1
S000135,FIVES,FIVES,NORMAL,VIT_PLUS_LBP,NORMAL,1
S000136,FIVES,FIVES,NORMAL,FROZEN_VIT_768D,NORMAL,1
S000136,FIVES,FIVES,NORMAL,FULL_HYBRID_800D,NORMAL,1
S000136,FIVES,FIVES,NORMAL,HANDCRAFTED_ONLY_32D,NORMAL,1
S000136,FIVES,FIVES,NORMAL,HYBRID_MINUS_COLOR,NORMAL,1
S000136,FIVES,FIVES,NORMAL,HYBRID_MINUS_HARALICK,NORMAL,1
S000136,FIVES,FIVES,NORMAL,HYBRID_MINUS_LBP,NORMAL,1
S000136,FIVES,FIVES,NORMAL,VIT_PLUS_COLOR,NORMAL,1
S000136,FIVES,FIVES,NORMAL,VIT_PLUS_HARALICK,NORMAL,1
S000136,FIVES,FIVES,NORMAL,VIT_PLUS_LBP,NORMAL,1
S000137,FIVES,FIVES,NORMAL,FROZEN_VIT_768D,NORMAL,1
S000137,FIVES,FIVES,NORMAL,FULL_HYBRID_800D,NORMAL,1
S000137,FIVES,FIVES,NORMAL,HANDCRAFTED_ONLY_32D,AMD_DRY,0
S000137,FIVES,FIVES,NORMAL,HYBRID_MINUS_COLOR,NORMAL,1
S000137,FIVES,FIVES,NORMAL,HYBRID_MINUS_HARALICK,NORMAL,1
S000137,FIVES,FIVES,NORMAL,HYBRID_MINUS_LBP,NORMAL,1
S000137,FIVES,FIVES,NORMAL,VIT_PLUS_COLOR,NORMAL,1
S000137,FIVES,FIVES,NORMAL,VIT_PLUS_HARALICK,NORMAL,1
S000137,FIVES,FIVES,NORMAL,VIT_PLUS_LBP,NORMAL,1
S000138,FIVES,FIVES,NORMAL,FROZEN_VIT_768D,NORMAL,1
S000138,FIVES,FIVES,NORMAL,FULL_HYBRID_800D,NORMAL,1
S000138,FIVES,FIVES,NORMAL,HANDCRAFTED_ONLY_32D,NORMAL,1
S000138,FIVES,FIVES,NORMAL,HYBRID_MINUS_COLOR,NORMAL,1
S000138,FIVES,FIVES,NORMAL,HYBRID_MINUS_HARALICK,NORMAL,1
S000138,FIVES,FIVES,NORMAL,HYBRID_MINUS_LBP,NORMAL,1
S000138,FIVES,FIVES,NORMAL,VIT_PLUS_COLOR,NORMAL,1
S000138,FIVES,FIVES,NORMAL,VIT_PLUS_HARALICK,NORMAL,1
S000138,FIVES,FIVES,NORMAL,VIT_PLUS_LBP,NORMAL,1
S000139,FIVES,FIVES,NORMAL,FROZEN_VIT_768D,NORMAL,1
S000139,FIVES,FIVES,NORMAL,FULL_HYBRID_800D,NORMAL,1
S000139,FIVES,FIVES,NORMAL,HANDCRAFTED_ONLY_32D,AMD_DRY,0
S000139,FIVES,FIVES,NORMAL,HYBRID_MINUS_COLOR,NORMAL,1
S000139,FIVES,FIVES,NORMAL,HYBRID_MINUS_HARALICK,NORMAL,1
S000139,FIVES,FIVES,NORMAL,HYBRID_MINUS_LBP,NORMAL,1
S000139,FIVES,FIVES,NORMAL,VIT_PLUS_COLOR,NORMAL,1
S000139,FIVES,FIVES,NORMAL,VIT_PLUS_HARALICK,NORMAL,1
S000139,FIVES,FIVES,NORMAL,VIT_PLUS_LBP,NORMAL,1
S000140,FIVES,FIVES,NORMAL,FROZEN_VIT_768D,NORMAL,1
S000140,FIVES,FIVES,NORMAL,FULL_HYBRID_800D,NORMAL,1
S000140,FIVES,FIVES,NORMAL,HANDCRAFTED_ONLY_32D,NORMAL,1
S000140,FIVES,FIVES,NORMAL,HYBRID_MINUS_COLOR,NORMAL,1
S000140,FIVES,FIVES,NORMAL,HYBRID_MINUS_HARALICK,NORMAL,1
S000140,FIVES,FIVES,NORMAL,HYBRID_MINUS_LBP,NORMAL,1
S000140,FIVES,FIVES,NORMAL,VIT_PLUS_COLOR,NORMAL,1
S000140,FIVES,FIVES,NORMAL,VIT_PLUS_HARALICK,NORMAL,1
S000140,FIVES,FIVES,NORMAL,VIT_PLUS_LBP,NORMAL,1
S000141,FIVES,FIVES,NORMAL,FROZEN_VIT_768D,NORMAL,1
S000141,FIVES,FIVES,NORMAL,FULL_HYBRID_800D,NORMAL,1
S000141,FIVES,FIVES,NORMAL,HANDCRAFTED_ONLY_32D,NORMAL,1
S000141,FIVES,FIVES,NORMAL,HYBRID_MINUS_COLOR,NORMAL,1
S000141,FIVES,FIVES,NORMAL,HYBRID_MINUS_HARALICK,NORMAL,1
S000141,FIVES,FIVES,NORMAL,HYBRID_MINUS_LBP,NORMAL,1
S000141,FIVES,FIVES,NORMAL,VIT_PLUS_COLOR,NORMAL,1
S000141,FIVES,FIVES,NORMAL,VIT_PLUS_HARALICK,NORMAL,1
S000141,FIVES,FIVES,NORMAL,VIT_PLUS_LBP,NORMAL,1
S000142,FIVES,FIVES,NORMAL,FROZEN_VIT_768D,NORMAL,1
S000142,FIVES,FIVES,NORMAL,FULL_HYBRID_800D,NORMAL,1
S000142,FIVES,FIVES,NORMAL,HANDCRAFTED_ONLY_32D,NORMAL,1
S000142,FIVES,FIVES,NORMAL,HYBRID_MINUS_COLOR,NORMAL,1
S000142,FIVES,FIVES,NORMAL,HYBRID_MINUS_HARALICK,NORMAL,1
S000142,FIVES,FIVES,NORMAL,HYBRID_MINUS_LBP,NORMAL,1
S000142,FIVES,FIVES,NORMAL,VIT_PLUS_COLOR,NORMAL,1
S000142,FIVES,FIVES,NORMAL,VIT_PLUS_HARALICK,NORMAL,1
S000142,FIVES,FIVES,NORMAL,VIT_PLUS_LBP,NORMAL,1
S000143,FIVES,FIVES,NORMAL,FROZEN_VIT_768D,NORMAL,1
S000143,FIVES,FIVES,NORMAL,FULL_HYBRID_800D,NORMAL,1
S000143,FIVES,FIVES,NORMAL,HANDCRAFTED_ONLY_32D,NORMAL,1
S000143,FIVES,FIVES,NORMAL,HYBRID_MINUS_COLOR,NORMAL,1
S000143,FIVES,FIVES,NORMAL,HYBRID_MINUS_HARALICK,NORMAL,1
S000143,FIVES,FIVES,NORMAL,HYBRID_MINUS_LBP,NORMAL,1
S000143,FIVES,FIVES,NORMAL,VIT_PLUS_COLOR,NORMAL,1
S000143,FIVES,FIVES,NORMAL,VIT_PLUS_HARALICK,NORMAL,1
S000143,FIVES,FIVES,NORMAL,VIT_PLUS_LBP,NORMAL,1
S000144,FIVES,FIVES,NORMAL,FROZEN_VIT_768D,NORMAL,1
S000144,FIVES,FIVES,NORMAL,FULL_HYBRID_800D,NORMAL,1
S000144,FIVES,FIVES,NORMAL,HANDCRAFTED_ONLY_32D,NORMAL,1
S000144,FIVES,FIVES,NORMAL,HYBRID_MINUS_COLOR,NORMAL,1
S000144,FIVES,FIVES,NORMAL,HYBRID_MINUS_HARALICK,NORMAL,1
S000144,FIVES,FIVES,NORMAL,HYBRID_MINUS_LBP,NORMAL,1
S000144,FIVES,FIVES,NORMAL,VIT_PLUS_COLOR,NORMAL,1
S000144,FIVES,FIVES,NORMAL,VIT_PLUS_HARALICK,NORMAL,1
S000144,FIVES,FIVES,NORMAL,VIT_PLUS_LBP,NORMAL,1
S000145,FIVES,FIVES,NORMAL,FROZEN_VIT_768D,NORMAL,1
S000145,FIVES,FIVES,NORMAL,FULL_HYBRID_800D,NORMAL,1
S000145,FIVES,FIVES,NORMAL,HANDCRAFTED_ONLY_32D,NORMAL,1
S000145,FIVES,FIVES,NORMAL,HYBRID_MINUS_COLOR,NORMAL,1
S000145,FIVES,FIVES,NORMAL,HYBRID_MINUS_HARALICK,NORMAL,1
S000145,FIVES,FIVES,NORMAL,HYBRID_MINUS_LBP,NORMAL,1
S000145,FIVES,FIVES,NORMAL,VIT_PLUS_COLOR,NORMAL,1
S000145,FIVES,FIVES,NORMAL,VIT_PLUS_HARALICK,NORMAL,1
S000145,FIVES,FIVES,NORMAL,VIT_PLUS_LBP,NORMAL,1
S000146,FIVES,FIVES,NORMAL,FROZEN_VIT_768D,NORMAL,1
S000146,FIVES,FIVES,NORMAL,FULL_HYBRID_800D,NORMAL,1
S000146,FIVES,FIVES,NORMAL,HANDCRAFTED_ONLY_32D,NORMAL,1
S000146,FIVES,FIVES,NORMAL,HYBRID_MINUS_COLOR,NORMAL,1
S000146,FIVES,FIVES,NORMAL,HYBRID_MINUS_HARALICK,NORMAL,1
S000146,FIVES,FIVES,NORMAL,HYBRID_MINUS_LBP,NORMAL,1
S000146,FIVES,FIVES,NORMAL,VIT_PLUS_COLOR,NORMAL,1
S000146,FIVES,FIVES,NORMAL,VIT_PLUS_HARALICK,NORMAL,1
S000146,FIVES,FIVES,NORMAL,VIT_PLUS_LBP,NORMAL,1
S000147,FIVES,FIVES,NORMAL,FROZEN_VIT_768D,NORMAL,1
S000147,FIVES,FIVES,NORMAL,FULL_HYBRID_800D,NORMAL,1
S000147,FIVES,FIVES,NORMAL,HANDCRAFTED_ONLY_32D,NORMAL,1
S000147,FIVES,FIVES,NORMAL,HYBRID_MINUS_COLOR,NORMAL,1
S000147,FIVES,FIVES,NORMAL,HYBRID_MINUS_HARALICK,NORMAL,1
S000147,FIVES,FIVES,NORMAL,HYBRID_MINUS_LBP,NORMAL,1
S000147,FIVES,FIVES,NORMAL,VIT_PLUS_COLOR,NORMAL,1
S000147,FIVES,FIVES,NORMAL,VIT_PLUS_HARALICK,NORMAL,1
S000147,FIVES,FIVES,NORMAL,VIT_PLUS_LBP,NORMAL,1
S000148,FIVES,FIVES,NORMAL,FROZEN_VIT_768D,NORMAL,1
S000148,FIVES,FIVES,NORMAL,FULL_HYBRID_800D,NORMAL,1
S000148,FIVES,FIVES,NORMAL,HANDCRAFTED_ONLY_32D,NORMAL,1
S000148,FIVES,FIVES,NORMAL,HYBRID_MINUS_COLOR,NORMAL,1
S000148,FIVES,FIVES,NORMAL,HYBRID_MINUS_HARALICK,NORMAL,1
S000148,FIVES,FIVES,NORMAL,HYBRID_MINUS_LBP,NORMAL,1
S000148,FIVES,FIVES,NORMAL,VIT_PLUS_COLOR,NORMAL,1
S000148,FIVES,FIVES,NORMAL,VIT_PLUS_HARALICK,NORMAL,1
S000148,FIVES,FIVES,NORMAL,VIT_PLUS_LBP,NORMAL,1
S000149,FIVES,FIVES,NORMAL,FROZEN_VIT_768D,NORMAL,1
S000149,FIVES,FIVES,NORMAL,FULL_HYBRID_800D,NORMAL,1
S000149,FIVES,FIVES,NORMAL,HANDCRAFTED_ONLY_32D,NORMAL,1
S000149,FIVES,FIVES,NORMAL,HYBRID_MINUS_COLOR,NORMAL,1
S000149,FIVES,FIVES,NORMAL,HYBRID_MINUS_HARALICK,NORMAL,1
S000149,FIVES,FIVES,NORMAL,HYBRID_MINUS_LBP,NORMAL,1
S000149,FIVES,FIVES,NORMAL,VIT_PLUS_COLOR,NORMAL,1
S000149,FIVES,FIVES,NORMAL,VIT_PLUS_HARALICK,NORMAL,1
S000149,FIVES,FIVES,NORMAL,VIT_PLUS_LBP,NORMAL,1
S000150,FIVES,FIVES,NORMAL,FROZEN_VIT_768D,NORMAL,1
S000150,FIVES,FIVES,NORMAL,FULL_HYBRID_800D,NORMAL,1
S000150,FIVES,FIVES,NORMAL,HANDCRAFTED_ONLY_32D,NORMAL,1
S000150,FIVES,FIVES,NORMAL,HYBRID_MINUS_COLOR,NORMAL,1
S000150,FIVES,FIVES,NORMAL,HYBRID_MINUS_HARALICK,NORMAL,1
S000150,FIVES,FIVES,NORMAL,HYBRID_MINUS_LBP,NORMAL,1
S000150,FIVES,FIVES,NORMAL,VIT_PLUS_COLOR,NORMAL,1
S000150,FIVES,FIVES,NORMAL,VIT_PLUS_HARALICK,NORMAL,1
S000150,FIVES,FIVES,NORMAL,VIT_PLUS_LBP,NORMAL,1
S000151,FIVES,FIVES,NORMAL,FROZEN_VIT_768D,NORMAL,1
S000151,FIVES,FIVES,NORMAL,FULL_HYBRID_800D,NORMAL,1
S000151,FIVES,FIVES,NORMAL,HANDCRAFTED_ONLY_32D,NORMAL,1
S000151,FIVES,FIVES,NORMAL,HYBRID_MINUS_COLOR,NORMAL,1
S000151,FIVES,FIVES,NORMAL,HYBRID_MINUS_HARALICK,NORMAL,1
S000151,FIVES,FIVES,NORMAL,HYBRID_MINUS_LBP,NORMAL,1
S000151,FIVES,FIVES,NORMAL,VIT_PLUS_COLOR,NORMAL,1
S000151,FIVES,FIVES,NORMAL,VIT_PLUS_HARALICK,NORMAL,1
S000151,FIVES,FIVES,NORMAL,VIT_PLUS_LBP,NORMAL,1
S000152,FIVES,FIVES,AMD_DRY,FROZEN_VIT_768D,AMD_WET,0
S000152,FIVES,FIVES,AMD_DRY,FULL_HYBRID_800D,AMD_WET,0
S000152,FIVES,FIVES,AMD_DRY,HANDCRAFTED_ONLY_32D,AMD_WET,0
S000152,FIVES,FIVES,AMD_DRY,HYBRID_MINUS_COLOR,AMD_WET,0
S000152,FIVES,FIVES,AMD_DRY,HYBRID_MINUS_HARALICK,AMD_WET,0
S000152,FIVES,FIVES,AMD_DRY,HYBRID_MINUS_LBP,AMD_WET,0
S000152,FIVES,FIVES,AMD_DRY,VIT_PLUS_COLOR,AMD_WET,0
S000152,FIVES,FIVES,AMD_DRY,VIT_PLUS_HARALICK,AMD_WET,0
S000152,FIVES,FIVES,AMD_DRY,VIT_PLUS_LBP,AMD_WET,0
S000153,FIVES,FIVES,AMD_DRY,FROZEN_VIT_768D,AMD_DRY,1
S000153,FIVES,FIVES,AMD_DRY,FULL_HYBRID_800D,AMD_DRY,1
S000153,FIVES,FIVES,AMD_DRY,HANDCRAFTED_ONLY_32D,AMD_DRY,1
S000153,FIVES,FIVES,AMD_DRY,HYBRID_MINUS_COLOR,AMD_DRY,1
S000153,FIVES,FIVES,AMD_DRY,HYBRID_MINUS_HARALICK,AMD_DRY,1
S000153,FIVES,FIVES,AMD_DRY,HYBRID_MINUS_LBP,AMD_DRY,1
S000153,FIVES,FIVES,AMD_DRY,VIT_PLUS_COLOR,AMD_DRY,1
S000153,FIVES,FIVES,AMD_DRY,VIT_PLUS_HARALICK,AMD_DRY,1
S000153,FIVES,FIVES,AMD_DRY,VIT_PLUS_LBP,AMD_DRY,1
S000154,FIVES,FIVES,AMD_DRY,FROZEN_VIT_768D,AMD_WET,0
S000154,FIVES,FIVES,AMD_DRY,FULL_HYBRID_800D,AMD_DRY,1
S000154,FIVES,FIVES,AMD_DRY,HANDCRAFTED_ONLY_32D,AMD_DRY,1
S000154,FIVES,FIVES,AMD_DRY,HYBRID_MINUS_COLOR,AMD_WET,0
S000154,FIVES,FIVES,AMD_DRY,HYBRID_MINUS_HARALICK,AMD_DRY,1
S000154,FIVES,FIVES,AMD_DRY,HYBRID_MINUS_LBP,AMD_DRY,1
S000154,FIVES,FIVES,AMD_DRY,VIT_PLUS_COLOR,AMD_WET,0
S000154,FIVES,FIVES,AMD_DRY,VIT_PLUS_HARALICK,AMD_WET,0
S000154,FIVES,FIVES,AMD_DRY,VIT_PLUS_LBP,AMD_DRY,1
S000155,FIVES,FIVES,AMD_DRY,FROZEN_VIT_768D,AMD_DRY,1
S000155,FIVES,FIVES,AMD_DRY,FULL_HYBRID_800D,AMD_DRY,1
S000155,FIVES,FIVES,AMD_DRY,HANDCRAFTED_ONLY_32D,AMD_DRY,1
S000155,FIVES,FIVES,AMD_DRY,HYBRID_MINUS_COLOR,AMD_DRY,1
S000155,FIVES,FIVES,AMD_DRY,HYBRID_MINUS_HARALICK,AMD_DRY,1
S000155,FIVES,FIVES,AMD_DRY,HYBRID_MINUS_LBP,AMD_DRY,1
S000155,FIVES,FIVES,AMD_DRY,VIT_PLUS_COLOR,AMD_DRY,1
S000155,FIVES,FIVES,AMD_DRY,VIT_PLUS_HARALICK,AMD_DRY,1
S000155,FIVES,FIVES,AMD_DRY,VIT_PLUS_LBP,AMD_DRY,1
S000156,FIVES,FIVES,AMD_DRY,FROZEN_VIT_768D,AMD_WET,0
S000156,FIVES,FIVES,AMD_DRY,FULL_HYBRID_800D,AMD_WET,0
S000156,FIVES,FIVES,AMD_DRY,HANDCRAFTED_ONLY_32D,AMD_WET,0
S000156,FIVES,FIVES,AMD_DRY,HYBRID_MINUS_COLOR,AMD_WET,0
S000156,FIVES,FIVES,AMD_DRY,HYBRID_MINUS_HARALICK,AMD_WET,0
S000156,FIVES,FIVES,AMD_DRY,HYBRID_MINUS_LBP,AMD_DRY,1
S000156,FIVES,FIVES,AMD_DRY,VIT_PLUS_COLOR,AMD_WET,0
S000156,FIVES,FIVES,AMD_DRY,VIT_PLUS_HARALICK,AMD_WET,0
S000156,FIVES,FIVES,AMD_DRY,VIT_PLUS_LBP,AMD_WET,0
S000157,FIVES,FIVES,AMD_DRY,FROZEN_VIT_768D,AMD_DRY,1
S000157,FIVES,FIVES,AMD_DRY,FULL_HYBRID_800D,AMD_DRY,1
S000157,FIVES,FIVES,AMD_DRY,HANDCRAFTED_ONLY_32D,AMD_DRY,1
S000157,FIVES,FIVES,AMD_DRY,HYBRID_MINUS_COLOR,AMD_DRY,1
S000157,FIVES,FIVES,AMD_DRY,HYBRID_MINUS_HARALICK,AMD_DRY,1
S000157,FIVES,FIVES,AMD_DRY,HYBRID_MINUS_LBP,AMD_DRY,1
S000157,FIVES,FIVES,AMD_DRY,VIT_PLUS_COLOR,AMD_DRY,1
S000157,FIVES,FIVES,AMD_DRY,VIT_PLUS_HARALICK,AMD_DRY,1
S000157,FIVES,FIVES,AMD_DRY,VIT_PLUS_LBP,AMD_DRY,1
S000158,FIVES,FIVES,AMD_DRY,FROZEN_VIT_768D,AMD_DRY,1
S000158,FIVES,FIVES,AMD_DRY,FULL_HYBRID_800D,AMD_DRY,1
S000158,FIVES,FIVES,AMD_DRY,HANDCRAFTED_ONLY_32D,AMD_DRY,1
S000158,FIVES,FIVES,AMD_DRY,HYBRID_MINUS_COLOR,AMD_DRY,1
S000158,FIVES,FIVES,AMD_DRY,HYBRID_MINUS_HARALICK,AMD_DRY,1
S000158,FIVES,FIVES,AMD_DRY,HYBRID_MINUS_LBP,AMD_DRY,1
S000158,FIVES,FIVES,AMD_DRY,VIT_PLUS_COLOR,AMD_DRY,1
S000158,FIVES,FIVES,AMD_DRY,VIT_PLUS_HARALICK,AMD_DRY,1
S000158,FIVES,FIVES,AMD_DRY,VIT_PLUS_LBP,AMD_DRY,1
S000159,FIVES,FIVES,AMD_DRY,FROZEN_VIT_768D,AMD_DRY,1
S000159,FIVES,FIVES,AMD_DRY,FULL_HYBRID_800D,AMD_DRY,1
S000159,FIVES,FIVES,AMD_DRY,HANDCRAFTED_ONLY_32D,AMD_DRY,1
S000159,FIVES,FIVES,AMD_DRY,HYBRID_MINUS_COLOR,AMD_DRY,1
S000159,FIVES,FIVES,AMD_DRY,HYBRID_MINUS_HARALICK,AMD_DRY,1
S000159,FIVES,FIVES,AMD_DRY,HYBRID_MINUS_LBP,AMD_DRY,1
S000159,FIVES,FIVES,AMD_DRY,VIT_PLUS_COLOR,AMD_DRY,1
S000159,FIVES,FIVES,AMD_DRY,VIT_PLUS_HARALICK,AMD_DRY,1
S000159,FIVES,FIVES,AMD_DRY,VIT_PLUS_LBP,AMD_DRY,1
S000160,FIVES,FIVES,AMD_DRY,FROZEN_VIT_768D,AMD_WET,0
S000160,FIVES,FIVES,AMD_DRY,FULL_HYBRID_800D,AMD_WET,0
S000160,FIVES,FIVES,AMD_DRY,HANDCRAFTED_ONLY_32D,AMD_DRY,1
S000160,FIVES,FIVES,AMD_DRY,HYBRID_MINUS_COLOR,AMD_WET,0
S000160,FIVES,FIVES,AMD_DRY,HYBRID_MINUS_HARALICK,AMD_WET,0
S000160,FIVES,FIVES,AMD_DRY,HYBRID_MINUS_LBP,AMD_WET,0
S000160,FIVES,FIVES,AMD_DRY,VIT_PLUS_COLOR,AMD_WET,0
S000160,FIVES,FIVES,AMD_DRY,VIT_PLUS_HARALICK,AMD_WET,0
S000160,FIVES,FIVES,AMD_DRY,VIT_PLUS_LBP,AMD_WET,0
S000161,FIVES,FIVES,AMD_DRY,FROZEN_VIT_768D,AMD_WET,0
S000161,FIVES,FIVES,AMD_DRY,FULL_HYBRID_800D,AMD_WET,0
S000161,FIVES,FIVES,AMD_DRY,HANDCRAFTED_ONLY_32D,AMD_WET,0
S000161,FIVES,FIVES,AMD_DRY,HYBRID_MINUS_COLOR,AMD_WET,0
S000161,FIVES,FIVES,AMD_DRY,HYBRID_MINUS_HARALICK,AMD_WET,0
S000161,FIVES,FIVES,AMD_DRY,HYBRID_MINUS_LBP,AMD_WET,0
S000161,FIVES,FIVES,AMD_DRY,VIT_PLUS_COLOR,AMD_WET,0
S000161,FIVES,FIVES,AMD_DRY,VIT_PLUS_HARALICK,AMD_WET,0
S000161,FIVES,FIVES,AMD_DRY,VIT_PLUS_LBP,AMD_WET,0
S000162,FIVES,FIVES,AMD_DRY,FROZEN_VIT_768D,AMD_DRY,1
S000162,FIVES,FIVES,AMD_DRY,FULL_HYBRID_800D,AMD_DRY,1
S000162,FIVES,FIVES,AMD_DRY,HANDCRAFTED_ONLY_32D,AMD_DRY,1
S000162,FIVES,FIVES,AMD_DRY,HYBRID_MINUS_COLOR,AMD_DRY,1
S000162,FIVES,FIVES,AMD_DRY,HYBRID_MINUS_HARALICK,AMD_DRY,1
S000162,FIVES,FIVES,AMD_DRY,HYBRID_MINUS_LBP,AMD_DRY,1
S000162,FIVES,FIVES,AMD_DRY,VIT_PLUS_COLOR,AMD_DRY,1
S000162,FIVES,FIVES,AMD_DRY,VIT_PLUS_HARALICK,AMD_DRY,1
S000162,FIVES,FIVES,AMD_DRY,VIT_PLUS_LBP,AMD_DRY,1
S000163,FIVES,FIVES,AMD_DRY,FROZEN_VIT_768D,AMD_DRY,1
S000163,FIVES,FIVES,AMD_DRY,FULL_HYBRID_800D,AMD_DRY,1
S000163,FIVES,FIVES,AMD_DRY,HANDCRAFTED_ONLY_32D,AMD_DRY,1
S000163,FIVES,FIVES,AMD_DRY,HYBRID_MINUS_COLOR,AMD_DRY,1
S000163,FIVES,FIVES,AMD_DRY,HYBRID_MINUS_HARALICK,AMD_DRY,1
S000163,FIVES,FIVES,AMD_DRY,HYBRID_MINUS_LBP,AMD_DRY,1
S000163,FIVES,FIVES,AMD_DRY,VIT_PLUS_COLOR,AMD_DRY,1
S000163,FIVES,FIVES,AMD_DRY,VIT_PLUS_HARALICK,AMD_DRY,1
S000163,FIVES,FIVES,AMD_DRY,VIT_PLUS_LBP,AMD_DRY,1
S000164,FIVES,FIVES,AMD_DRY,FROZEN_VIT_768D,AMD_DRY,1
S000164,FIVES,FIVES,AMD_DRY,FULL_HYBRID_800D,AMD_DRY,1
S000164,FIVES,FIVES,AMD_DRY,HANDCRAFTED_ONLY_32D,AMD_DRY,1
S000164,FIVES,FIVES,AMD_DRY,HYBRID_MINUS_COLOR,AMD_DRY,1
S000164,FIVES,FIVES,AMD_DRY,HYBRID_MINUS_HARALICK,AMD_DRY,1
S000164,FIVES,FIVES,AMD_DRY,HYBRID_MINUS_LBP,AMD_DRY,1
S000164,FIVES,FIVES,AMD_DRY,VIT_PLUS_COLOR,AMD_DRY,1
S000164,FIVES,FIVES,AMD_DRY,VIT_PLUS_HARALICK,AMD_DRY,1
S000164,FIVES,FIVES,AMD_DRY,VIT_PLUS_LBP,AMD_DRY,1
S000165,FIVES,FIVES,AMD_DRY,FROZEN_VIT_768D,AMD_DRY,1
S000165,FIVES,FIVES,AMD_DRY,FULL_HYBRID_800D,AMD_DRY,1
S000165,FIVES,FIVES,AMD_DRY,HANDCRAFTED_ONLY_32D,AMD_DRY,1
S000165,FIVES,FIVES,AMD_DRY,HYBRID_MINUS_COLOR,AMD_DRY,1
S000165,FIVES,FIVES,AMD_DRY,HYBRID_MINUS_HARALICK,AMD_DRY,1
S000165,FIVES,FIVES,AMD_DRY,HYBRID_MINUS_LBP,AMD_DRY,1
S000165,FIVES,FIVES,AMD_DRY,VIT_PLUS_COLOR,AMD_DRY,1
S000165,FIVES,FIVES,AMD_DRY,VIT_PLUS_HARALICK,AMD_DRY,1
S000165,FIVES,FIVES,AMD_DRY,VIT_PLUS_LBP,AMD_DRY,1
S000166,FIVES,FIVES,AMD_DRY,FROZEN_VIT_768D,AMD_WET,0
S000166,FIVES,FIVES,AMD_DRY,FULL_HYBRID_800D,AMD_WET,0
S000166,FIVES,FIVES,AMD_DRY,HANDCRAFTED_ONLY_32D,AMD_WET,0
S000166,FIVES,FIVES,AMD_DRY,HYBRID_MINUS_COLOR,AMD_WET,0
S000166,FIVES,FIVES,AMD_DRY,HYBRID_MINUS_HARALICK,AMD_WET,0
S000166,FIVES,FIVES,AMD_DRY,HYBRID_MINUS_LBP,AMD_WET,0
S000166,FIVES,FIVES,AMD_DRY,VIT_PLUS_COLOR,AMD_WET,0
S000166,FIVES,FIVES,AMD_DRY,VIT_PLUS_HARALICK,AMD_WET,0
S000166,FIVES,FIVES,AMD_DRY,VIT_PLUS_LBP,AMD_WET,0
S000167,FIVES,FIVES,AMD_WET,FROZEN_VIT_768D,AMD_WET,1
S000167,FIVES,FIVES,AMD_WET,FULL_HYBRID_800D,AMD_WET,1
S000167,FIVES,FIVES,AMD_WET,HANDCRAFTED_ONLY_32D,AMD_WET,1
S000167,FIVES,FIVES,AMD_WET,HYBRID_MINUS_COLOR,AMD_WET,1
S000167,FIVES,FIVES,AMD_WET,HYBRID_MINUS_HARALICK,AMD_WET,1
S000167,FIVES,FIVES,AMD_WET,HYBRID_MINUS_LBP,AMD_WET,1
S000167,FIVES,FIVES,AMD_WET,VIT_PLUS_COLOR,AMD_WET,1
S000167,FIVES,FIVES,AMD_WET,VIT_PLUS_HARALICK,AMD_WET,1
S000167,FIVES,FIVES,AMD_WET,VIT_PLUS_LBP,AMD_WET,1
S000168,FIVES,FIVES,AMD_WET,FROZEN_VIT_768D,AMD_WET,1
S000168,FIVES,FIVES,AMD_WET,FULL_HYBRID_800D,AMD_WET,1
S000168,FIVES,FIVES,AMD_WET,HANDCRAFTED_ONLY_32D,AMD_WET,1
S000168,FIVES,FIVES,AMD_WET,HYBRID_MINUS_COLOR,AMD_WET,1
S000168,FIVES,FIVES,AMD_WET,HYBRID_MINUS_HARALICK,AMD_WET,1
S000168,FIVES,FIVES,AMD_WET,HYBRID_MINUS_LBP,AMD_WET,1
S000168,FIVES,FIVES,AMD_WET,VIT_PLUS_COLOR,AMD_WET,1
S000168,FIVES,FIVES,AMD_WET,VIT_PLUS_HARALICK,AMD_WET,1
S000168,FIVES,FIVES,AMD_WET,VIT_PLUS_LBP,AMD_WET,1
S000169,FIVES,FIVES,AMD_WET,FROZEN_VIT_768D,AMD_WET,1
S000169,FIVES,FIVES,AMD_WET,FULL_HYBRID_800D,AMD_WET,1
S000169,FIVES,FIVES,AMD_WET,HANDCRAFTED_ONLY_32D,AMD_WET,1
S000169,FIVES,FIVES,AMD_WET,HYBRID_MINUS_COLOR,AMD_WET,1
S000169,FIVES,FIVES,AMD_WET,HYBRID_MINUS_HARALICK,AMD_WET,1
S000169,FIVES,FIVES,AMD_WET,HYBRID_MINUS_LBP,AMD_WET,1
S000169,FIVES,FIVES,AMD_WET,VIT_PLUS_COLOR,AMD_WET,1
S000169,FIVES,FIVES,AMD_WET,VIT_PLUS_HARALICK,AMD_WET,1
S000169,FIVES,FIVES,AMD_WET,VIT_PLUS_LBP,AMD_WET,1
S000170,FIVES,FIVES,AMD_WET,FROZEN_VIT_768D,AMD_WET,1
S000170,FIVES,FIVES,AMD_WET,FULL_HYBRID_800D,AMD_WET,1
S000170,FIVES,FIVES,AMD_WET,HANDCRAFTED_ONLY_32D,AMD_WET,1
S000170,FIVES,FIVES,AMD_WET,HYBRID_MINUS_COLOR,AMD_WET,1
S000170,FIVES,FIVES,AMD_WET,HYBRID_MINUS_HARALICK,AMD_WET,1
S000170,FIVES,FIVES,AMD_WET,HYBRID_MINUS_LBP,AMD_WET,1
S000170,FIVES,FIVES,AMD_WET,VIT_PLUS_COLOR,AMD_WET,1
S000170,FIVES,FIVES,AMD_WET,VIT_PLUS_HARALICK,AMD_WET,1
S000170,FIVES,FIVES,AMD_WET,VIT_PLUS_LBP,AMD_WET,1
S000171,FIVES,FIVES,AMD_WET,FROZEN_VIT_768D,AMD_WET,1
S000171,FIVES,FIVES,AMD_WET,FULL_HYBRID_800D,AMD_WET,1
S000171,FIVES,FIVES,AMD_WET,HANDCRAFTED_ONLY_32D,AMD_WET,1
S000171,FIVES,FIVES,AMD_WET,HYBRID_MINUS_COLOR,AMD_WET,1
S000171,FIVES,FIVES,AMD_WET,HYBRID_MINUS_HARALICK,AMD_WET,1
S000171,FIVES,FIVES,AMD_WET,HYBRID_MINUS_LBP,AMD_WET,1
S000171,FIVES,FIVES,AMD_WET,VIT_PLUS_COLOR,AMD_WET,1
S000171,FIVES,FIVES,AMD_WET,VIT_PLUS_HARALICK,AMD_WET,1
S000171,FIVES,FIVES,AMD_WET,VIT_PLUS_LBP,AMD_WET,1
S000172,FIVES,FIVES,AMD_WET,FROZEN_VIT_768D,AMD_WET,1
S000172,FIVES,FIVES,AMD_WET,FULL_HYBRID_800D,AMD_WET,1
S000172,FIVES,FIVES,AMD_WET,HANDCRAFTED_ONLY_32D,AMD_WET,1
S000172,FIVES,FIVES,AMD_WET,HYBRID_MINUS_COLOR,AMD_WET,1
S000172,FIVES,FIVES,AMD_WET,HYBRID_MINUS_HARALICK,AMD_WET,1
S000172,FIVES,FIVES,AMD_WET,HYBRID_MINUS_LBP,AMD_WET,1
S000172,FIVES,FIVES,AMD_WET,VIT_PLUS_COLOR,AMD_WET,1
S000172,FIVES,FIVES,AMD_WET,VIT_PLUS_HARALICK,AMD_WET,1
S000172,FIVES,FIVES,AMD_WET,VIT_PLUS_LBP,AMD_WET,1
S000173,FIVES,FIVES,AMD_WET,FROZEN_VIT_768D,AMD_WET,1
S000173,FIVES,FIVES,AMD_WET,FULL_HYBRID_800D,AMD_WET,1
S000173,FIVES,FIVES,AMD_WET,HANDCRAFTED_ONLY_32D,AMD_WET,1
S000173,FIVES,FIVES,AMD_WET,HYBRID_MINUS_COLOR,AMD_WET,1
S000173,FIVES,FIVES,AMD_WET,HYBRID_MINUS_HARALICK,AMD_WET,1
S000173,FIVES,FIVES,AMD_WET,HYBRID_MINUS_LBP,AMD_WET,1
S000173,FIVES,FIVES,AMD_WET,VIT_PLUS_COLOR,AMD_WET,1
S000173,FIVES,FIVES,AMD_WET,VIT_PLUS_HARALICK,AMD_WET,1
S000173,FIVES,FIVES,AMD_WET,VIT_PLUS_LBP,AMD_WET,1
S000174,FIVES,FIVES,AMD_WET,FROZEN_VIT_768D,AMD_WET,1
S000174,FIVES,FIVES,AMD_WET,FULL_HYBRID_800D,AMD_WET,1
S000174,FIVES,FIVES,AMD_WET,HANDCRAFTED_ONLY_32D,AMD_WET,1
S000174,FIVES,FIVES,AMD_WET,HYBRID_MINUS_COLOR,AMD_WET,1
S000174,FIVES,FIVES,AMD_WET,HYBRID_MINUS_HARALICK,AMD_WET,1
S000174,FIVES,FIVES,AMD_WET,HYBRID_MINUS_LBP,AMD_WET,1
S000174,FIVES,FIVES,AMD_WET,VIT_PLUS_COLOR,AMD_WET,1
S000174,FIVES,FIVES,AMD_WET,VIT_PLUS_HARALICK,AMD_WET,1
S000174,FIVES,FIVES,AMD_WET,VIT_PLUS_LBP,AMD_WET,1
S000175,FIVES,FIVES,AMD_WET,FROZEN_VIT_768D,AMD_WET,1
S000175,FIVES,FIVES,AMD_WET,FULL_HYBRID_800D,AMD_WET,1
S000175,FIVES,FIVES,AMD_WET,HANDCRAFTED_ONLY_32D,AMD_WET,1
S000175,FIVES,FIVES,AMD_WET,HYBRID_MINUS_COLOR,AMD_WET,1
S000175,FIVES,FIVES,AMD_WET,HYBRID_MINUS_HARALICK,AMD_WET,1
S000175,FIVES,FIVES,AMD_WET,HYBRID_MINUS_LBP,AMD_WET,1
S000175,FIVES,FIVES,AMD_WET,VIT_PLUS_COLOR,AMD_WET,1
S000175,FIVES,FIVES,AMD_WET,VIT_PLUS_HARALICK,AMD_WET,1
S000175,FIVES,FIVES,AMD_WET,VIT_PLUS_LBP,AMD_WET,1
S000176,FIVES,FIVES,AMD_WET,FROZEN_VIT_768D,AMD_WET,1
S000176,FIVES,FIVES,AMD_WET,FULL_HYBRID_800D,AMD_DRY,0
S000176,FIVES,FIVES,AMD_WET,HANDCRAFTED_ONLY_32D,AMD_WET,1
S000176,FIVES,FIVES,AMD_WET,HYBRID_MINUS_COLOR,AMD_DRY,0
S000176,FIVES,FIVES,AMD_WET,HYBRID_MINUS_HARALICK,AMD_DRY,0
S000176,FIVES,FIVES,AMD_WET,HYBRID_MINUS_LBP,AMD_DRY,0
S000176,FIVES,FIVES,AMD_WET,VIT_PLUS_COLOR,AMD_DRY,0
S000176,FIVES,FIVES,AMD_WET,VIT_PLUS_HARALICK,AMD_DRY,0
S000176,FIVES,FIVES,AMD_WET,VIT_PLUS_LBP,AMD_DRY,0
S000177,FIVES,FIVES,AMD_WET,FROZEN_VIT_768D,AMD_WET,1
S000177,FIVES,FIVES,AMD_WET,FULL_HYBRID_800D,AMD_WET,1
S000177,FIVES,FIVES,AMD_WET,HANDCRAFTED_ONLY_32D,AMD_WET,1
S000177,FIVES,FIVES,AMD_WET,HYBRID_MINUS_COLOR,AMD_WET,1
S000177,FIVES,FIVES,AMD_WET,HYBRID_MINUS_HARALICK,AMD_WET,1
S000177,FIVES,FIVES,AMD_WET,HYBRID_MINUS_LBP,AMD_WET,1
S000177,FIVES,FIVES,AMD_WET,VIT_PLUS_COLOR,AMD_WET,1
S000177,FIVES,FIVES,AMD_WET,VIT_PLUS_HARALICK,AMD_WET,1
S000177,FIVES,FIVES,AMD_WET,VIT_PLUS_LBP,AMD_WET,1
S000178,FIVES,FIVES,AMD_WET,FROZEN_VIT_768D,AMD_WET,1
S000178,FIVES,FIVES,AMD_WET,FULL_HYBRID_800D,AMD_WET,1
S000178,FIVES,FIVES,AMD_WET,HANDCRAFTED_ONLY_32D,AMD_WET,1
S000178,FIVES,FIVES,AMD_WET,HYBRID_MINUS_COLOR,AMD_WET,1
S000178,FIVES,FIVES,AMD_WET,HYBRID_MINUS_HARALICK,AMD_WET,1
S000178,FIVES,FIVES,AMD_WET,HYBRID_MINUS_LBP,AMD_WET,1
S000178,FIVES,FIVES,AMD_WET,VIT_PLUS_COLOR,AMD_WET,1
S000178,FIVES,FIVES,AMD_WET,VIT_PLUS_HARALICK,AMD_WET,1
S000178,FIVES,FIVES,AMD_WET,VIT_PLUS_LBP,AMD_WET,1
S000179,FIVES,FIVES,AMD_WET,FROZEN_VIT_768D,AMD_WET,1
S000179,FIVES,FIVES,AMD_WET,FULL_HYBRID_800D,AMD_WET,1
S000179,FIVES,FIVES,AMD_WET,HANDCRAFTED_ONLY_32D,AMD_WET,1
S000179,FIVES,FIVES,AMD_WET,HYBRID_MINUS_COLOR,AMD_WET,1
S000179,FIVES,FIVES,AMD_WET,HYBRID_MINUS_HARALICK,AMD_WET,1
S000179,FIVES,FIVES,AMD_WET,HYBRID_MINUS_LBP,AMD_WET,1
S000179,FIVES,FIVES,AMD_WET,VIT_PLUS_COLOR,AMD_WET,1
S000179,FIVES,FIVES,AMD_WET,VIT_PLUS_HARALICK,AMD_WET,1
S000179,FIVES,FIVES,AMD_WET,VIT_PLUS_LBP,AMD_WET,1
S000180,FIVES,FIVES,AMD_WET,FROZEN_VIT_768D,AMD_WET,1
S000180,FIVES,FIVES,AMD_WET,FULL_HYBRID_800D,AMD_WET,1
S000180,FIVES,FIVES,AMD_WET,HANDCRAFTED_ONLY_32D,NORMAL,0
S000180,FIVES,FIVES,AMD_WET,HYBRID_MINUS_COLOR,AMD_WET,1
S000180,FIVES,FIVES,AMD_WET,HYBRID_MINUS_HARALICK,AMD_WET,1
S000180,FIVES,FIVES,AMD_WET,HYBRID_MINUS_LBP,AMD_WET,1
S000180,FIVES,FIVES,AMD_WET,VIT_PLUS_COLOR,AMD_WET,1
S000180,FIVES,FIVES,AMD_WET,VIT_PLUS_HARALICK,AMD_WET,1
S000180,FIVES,FIVES,AMD_WET,VIT_PLUS_LBP,AMD_WET,1
S000181,FIVES,FIVES,AMD_WET,FROZEN_VIT_768D,AMD_WET,1
S000181,FIVES,FIVES,AMD_WET,FULL_HYBRID_800D,AMD_WET,1
S000181,FIVES,FIVES,AMD_WET,HANDCRAFTED_ONLY_32D,AMD_WET,1
S000181,FIVES,FIVES,AMD_WET,HYBRID_MINUS_COLOR,AMD_WET,1
S000181,FIVES,FIVES,AMD_WET,HYBRID_MINUS_HARALICK,AMD_WET,1
S000181,FIVES,FIVES,AMD_WET,HYBRID_MINUS_LBP,AMD_WET,1
S000181,FIVES,FIVES,AMD_WET,VIT_PLUS_COLOR,AMD_WET,1
S000181,FIVES,FIVES,AMD_WET,VIT_PLUS_HARALICK,AMD_WET,1
S000181,FIVES,FIVES,AMD_WET,VIT_PLUS_LBP,AMD_WET,1
S000182,FIVES,FIVES,AMD_WET,FROZEN_VIT_768D,AMD_WET,1
S000182,FIVES,FIVES,AMD_WET,FULL_HYBRID_800D,AMD_WET,1
S000182,FIVES,FIVES,AMD_WET,HANDCRAFTED_ONLY_32D,AMD_WET,1
S000182,FIVES,FIVES,AMD_WET,HYBRID_MINUS_COLOR,AMD_WET,1
S000182,FIVES,FIVES,AMD_WET,HYBRID_MINUS_HARALICK,AMD_WET,1
S000182,FIVES,FIVES,AMD_WET,HYBRID_MINUS_LBP,AMD_WET,1
S000182,FIVES,FIVES,AMD_WET,VIT_PLUS_COLOR,AMD_WET,1
S000182,FIVES,FIVES,AMD_WET,VIT_PLUS_HARALICK,AMD_WET,1
S000182,FIVES,FIVES,AMD_WET,VIT_PLUS_LBP,AMD_WET,1
S000183,FIVES,FIVES,AMD_WET,FROZEN_VIT_768D,AMD_WET,1
S000183,FIVES,FIVES,AMD_WET,FULL_HYBRID_800D,AMD_WET,1
S000183,FIVES,FIVES,AMD_WET,HANDCRAFTED_ONLY_32D,AMD_WET,1
S000183,FIVES,FIVES,AMD_WET,HYBRID_MINUS_COLOR,AMD_WET,1
S000183,FIVES,FIVES,AMD_WET,HYBRID_MINUS_HARALICK,AMD_WET,1
S000183,FIVES,FIVES,AMD_WET,HYBRID_MINUS_LBP,AMD_WET,1
S000183,FIVES,FIVES,AMD_WET,VIT_PLUS_COLOR,AMD_WET,1
S000183,FIVES,FIVES,AMD_WET,VIT_PLUS_HARALICK,AMD_WET,1
S000183,FIVES,FIVES,AMD_WET,VIT_PLUS_LBP,AMD_WET,1
S000184,FIVES,FIVES,AMD_WET,FROZEN_VIT_768D,AMD_WET,1
S000184,FIVES,FIVES,AMD_WET,FULL_HYBRID_800D,AMD_WET,1
S000184,FIVES,FIVES,AMD_WET,HANDCRAFTED_ONLY_32D,AMD_WET,1
S000184,FIVES,FIVES,AMD_WET,HYBRID_MINUS_COLOR,AMD_WET,1
S000184,FIVES,FIVES,AMD_WET,HYBRID_MINUS_HARALICK,AMD_WET,1
S000184,FIVES,FIVES,AMD_WET,HYBRID_MINUS_LBP,AMD_WET,1
S000184,FIVES,FIVES,AMD_WET,VIT_PLUS_COLOR,AMD_WET,1
S000184,FIVES,FIVES,AMD_WET,VIT_PLUS_HARALICK,AMD_WET,1
S000184,FIVES,FIVES,AMD_WET,VIT_PLUS_LBP,AMD_WET,1
S000185,FIVES,FIVES,AMD_WET,FROZEN_VIT_768D,AMD_WET,1
S000185,FIVES,FIVES,AMD_WET,FULL_HYBRID_800D,AMD_WET,1
S000185,FIVES,FIVES,AMD_WET,HANDCRAFTED_ONLY_32D,AMD_WET,1
S000185,FIVES,FIVES,AMD_WET,HYBRID_MINUS_COLOR,AMD_WET,1
S000185,FIVES,FIVES,AMD_WET,HYBRID_MINUS_HARALICK,AMD_WET,1
S000185,FIVES,FIVES,AMD_WET,HYBRID_MINUS_LBP,AMD_WET,1
S000185,FIVES,FIVES,AMD_WET,VIT_PLUS_COLOR,AMD_WET,1
S000185,FIVES,FIVES,AMD_WET,VIT_PLUS_HARALICK,AMD_WET,1
S000185,FIVES,FIVES,AMD_WET,VIT_PLUS_LBP,AMD_WET,1
S000186,FIVES,FIVES,AMD_WET,FROZEN_VIT_768D,AMD_WET,1
S000186,FIVES,FIVES,AMD_WET,FULL_HYBRID_800D,AMD_WET,1
S000186,FIVES,FIVES,AMD_WET,HANDCRAFTED_ONLY_32D,AMD_WET,1
S000186,FIVES,FIVES,AMD_WET,HYBRID_MINUS_COLOR,AMD_WET,1
S000186,FIVES,FIVES,AMD_WET,HYBRID_MINUS_HARALICK,AMD_WET,1
S000186,FIVES,FIVES,AMD_WET,HYBRID_MINUS_LBP,AMD_WET,1
S000186,FIVES,FIVES,AMD_WET,VIT_PLUS_COLOR,AMD_WET,1
S000186,FIVES,FIVES,AMD_WET,VIT_PLUS_HARALICK,AMD_WET,1
S000186,FIVES,FIVES,AMD_WET,VIT_PLUS_LBP,AMD_WET,1
S000187,FIVES,FIVES,AMD_WET,FROZEN_VIT_768D,AMD_WET,1
S000187,FIVES,FIVES,AMD_WET,FULL_HYBRID_800D,AMD_WET,1
S000187,FIVES,FIVES,AMD_WET,HANDCRAFTED_ONLY_32D,AMD_WET,1
S000187,FIVES,FIVES,AMD_WET,HYBRID_MINUS_COLOR,AMD_WET,1
S000187,FIVES,FIVES,AMD_WET,HYBRID_MINUS_HARALICK,AMD_WET,1
S000187,FIVES,FIVES,AMD_WET,HYBRID_MINUS_LBP,AMD_WET,1
S000187,FIVES,FIVES,AMD_WET,VIT_PLUS_COLOR,AMD_WET,1
S000187,FIVES,FIVES,AMD_WET,VIT_PLUS_HARALICK,AMD_WET,1
S000187,FIVES,FIVES,AMD_WET,VIT_PLUS_LBP,AMD_WET,1
S000188,FIVES,FIVES,AMD_WET,FROZEN_VIT_768D,AMD_WET,1
S000188,FIVES,FIVES,AMD_WET,FULL_HYBRID_800D,AMD_WET,1
S000188,FIVES,FIVES,AMD_WET,HANDCRAFTED_ONLY_32D,AMD_WET,1
S000188,FIVES,FIVES,AMD_WET,HYBRID_MINUS_COLOR,AMD_WET,1
S000188,FIVES,FIVES,AMD_WET,HYBRID_MINUS_HARALICK,AMD_WET,1
S000188,FIVES,FIVES,AMD_WET,HYBRID_MINUS_LBP,AMD_WET,1
S000188,FIVES,FIVES,AMD_WET,VIT_PLUS_COLOR,AMD_WET,1
S000188,FIVES,FIVES,AMD_WET,VIT_PLUS_HARALICK,AMD_WET,1
S000188,FIVES,FIVES,AMD_WET,VIT_PLUS_LBP,AMD_WET,1
S000189,FIVES,FIVES,AMD_WET,FROZEN_VIT_768D,AMD_WET,1
S000189,FIVES,FIVES,AMD_WET,FULL_HYBRID_800D,AMD_WET,1
S000189,FIVES,FIVES,AMD_WET,HANDCRAFTED_ONLY_32D,AMD_WET,1
S000189,FIVES,FIVES,AMD_WET,HYBRID_MINUS_COLOR,AMD_WET,1
S000189,FIVES,FIVES,AMD_WET,HYBRID_MINUS_HARALICK,AMD_WET,1
S000189,FIVES,FIVES,AMD_WET,HYBRID_MINUS_LBP,AMD_WET,1
S000189,FIVES,FIVES,AMD_WET,VIT_PLUS_COLOR,AMD_WET,1
S000189,FIVES,FIVES,AMD_WET,VIT_PLUS_HARALICK,AMD_WET,1
S000189,FIVES,FIVES,AMD_WET,VIT_PLUS_LBP,AMD_WET,1
S000190,FIVES,FIVES,AMD_WET,FROZEN_VIT_768D,AMD_WET,1
S000190,FIVES,FIVES,AMD_WET,FULL_HYBRID_800D,AMD_WET,1
S000190,FIVES,FIVES,AMD_WET,HANDCRAFTED_ONLY_32D,AMD_WET,1
S000190,FIVES,FIVES,AMD_WET,HYBRID_MINUS_COLOR,AMD_WET,1
S000190,FIVES,FIVES,AMD_WET,HYBRID_MINUS_HARALICK,AMD_WET,1
S000190,FIVES,FIVES,AMD_WET,HYBRID_MINUS_LBP,AMD_WET,1
S000190,FIVES,FIVES,AMD_WET,VIT_PLUS_COLOR,AMD_WET,1
S000190,FIVES,FIVES,AMD_WET,VIT_PLUS_HARALICK,AMD_WET,1
S000190,FIVES,FIVES,AMD_WET,VIT_PLUS_LBP,AMD_WET,1
S000191,FIVES,FIVES,AMD_WET,FROZEN_VIT_768D,AMD_WET,1
S000191,FIVES,FIVES,AMD_WET,FULL_HYBRID_800D,AMD_WET,1
S000191,FIVES,FIVES,AMD_WET,HANDCRAFTED_ONLY_32D,AMD_WET,1
S000191,FIVES,FIVES,AMD_WET,HYBRID_MINUS_COLOR,AMD_WET,1
S000191,FIVES,FIVES,AMD_WET,HYBRID_MINUS_HARALICK,AMD_WET,1
S000191,FIVES,FIVES,AMD_WET,HYBRID_MINUS_LBP,AMD_WET,1
S000191,FIVES,FIVES,AMD_WET,VIT_PLUS_COLOR,AMD_WET,1
S000191,FIVES,FIVES,AMD_WET,VIT_PLUS_HARALICK,AMD_WET,1
S000191,FIVES,FIVES,AMD_WET,VIT_PLUS_LBP,AMD_WET,1
S000192,FIVES,FIVES,AMD_WET,FROZEN_VIT_768D,NORMAL,0
S000192,FIVES,FIVES,AMD_WET,FULL_HYBRID_800D,NORMAL,0
S000192,FIVES,FIVES,AMD_WET,HANDCRAFTED_ONLY_32D,NORMAL,0
S000192,FIVES,FIVES,AMD_WET,HYBRID_MINUS_COLOR,NORMAL,0
S000192,FIVES,FIVES,AMD_WET,HYBRID_MINUS_HARALICK,NORMAL,0
S000192,FIVES,FIVES,AMD_WET,HYBRID_MINUS_LBP,NORMAL,0
S000192,FIVES,FIVES,AMD_WET,VIT_PLUS_COLOR,NORMAL,0
S000192,FIVES,FIVES,AMD_WET,VIT_PLUS_HARALICK,NORMAL,0
S000192,FIVES,FIVES,AMD_WET,VIT_PLUS_LBP,NORMAL,0
S000193,FIVES,FIVES,AMD_WET,FROZEN_VIT_768D,AMD_WET,1
S000193,FIVES,FIVES,AMD_WET,FULL_HYBRID_800D,AMD_WET,1
S000193,FIVES,FIVES,AMD_WET,HANDCRAFTED_ONLY_32D,AMD_WET,1
S000193,FIVES,FIVES,AMD_WET,HYBRID_MINUS_COLOR,AMD_WET,1
S000193,FIVES,FIVES,AMD_WET,HYBRID_MINUS_HARALICK,AMD_WET,1
S000193,FIVES,FIVES,AMD_WET,HYBRID_MINUS_LBP,AMD_WET,1
S000193,FIVES,FIVES,AMD_WET,VIT_PLUS_COLOR,AMD_WET,1
S000193,FIVES,FIVES,AMD_WET,VIT_PLUS_HARALICK,AMD_WET,1
S000193,FIVES,FIVES,AMD_WET,VIT_PLUS_LBP,AMD_WET,1
S000194,FIVES,FIVES,AMD_WET,FROZEN_VIT_768D,AMD_WET,1
S000194,FIVES,FIVES,AMD_WET,FULL_HYBRID_800D,AMD_WET,1
S000194,FIVES,FIVES,AMD_WET,HANDCRAFTED_ONLY_32D,AMD_WET,1
S000194,FIVES,FIVES,AMD_WET,HYBRID_MINUS_COLOR,AMD_WET,1
S000194,FIVES,FIVES,AMD_WET,HYBRID_MINUS_HARALICK,AMD_WET,1
S000194,FIVES,FIVES,AMD_WET,HYBRID_MINUS_LBP,AMD_WET,1
S000194,FIVES,FIVES,AMD_WET,VIT_PLUS_COLOR,AMD_WET,1
S000194,FIVES,FIVES,AMD_WET,VIT_PLUS_HARALICK,AMD_WET,1
S000194,FIVES,FIVES,AMD_WET,VIT_PLUS_LBP,AMD_WET,1
S000195,FIVES,FIVES,AMD_WET,FROZEN_VIT_768D,AMD_WET,1
S000195,FIVES,FIVES,AMD_WET,FULL_HYBRID_800D,AMD_WET,1
S000195,FIVES,FIVES,AMD_WET,HANDCRAFTED_ONLY_32D,AMD_WET,1
S000195,FIVES,FIVES,AMD_WET,HYBRID_MINUS_COLOR,AMD_WET,1
S000195,FIVES,FIVES,AMD_WET,HYBRID_MINUS_HARALICK,AMD_WET,1
S000195,FIVES,FIVES,AMD_WET,HYBRID_MINUS_LBP,AMD_WET,1
S000195,FIVES,FIVES,AMD_WET,VIT_PLUS_COLOR,AMD_WET,1
S000195,FIVES,FIVES,AMD_WET,VIT_PLUS_HARALICK,AMD_WET,1
S000195,FIVES,FIVES,AMD_WET,VIT_PLUS_LBP,AMD_WET,1
S000196,FIVES,FIVES,AMD_WET,FROZEN_VIT_768D,AMD_WET,1
S000196,FIVES,FIVES,AMD_WET,FULL_HYBRID_800D,AMD_WET,1
S000196,FIVES,FIVES,AMD_WET,HANDCRAFTED_ONLY_32D,AMD_WET,1
S000196,FIVES,FIVES,AMD_WET,HYBRID_MINUS_COLOR,AMD_WET,1
S000196,FIVES,FIVES,AMD_WET,HYBRID_MINUS_HARALICK,AMD_WET,1
S000196,FIVES,FIVES,AMD_WET,HYBRID_MINUS_LBP,AMD_WET,1
S000196,FIVES,FIVES,AMD_WET,VIT_PLUS_COLOR,AMD_WET,1
S000196,FIVES,FIVES,AMD_WET,VIT_PLUS_HARALICK,AMD_WET,1
S000196,FIVES,FIVES,AMD_WET,VIT_PLUS_LBP,AMD_WET,1
S000197,FIVES,FIVES,AMD_WET,FROZEN_VIT_768D,AMD_WET,1
S000197,FIVES,FIVES,AMD_WET,FULL_HYBRID_800D,AMD_WET,1
S000197,FIVES,FIVES,AMD_WET,HANDCRAFTED_ONLY_32D,AMD_WET,1
S000197,FIVES,FIVES,AMD_WET,HYBRID_MINUS_COLOR,AMD_WET,1
S000197,FIVES,FIVES,AMD_WET,HYBRID_MINUS_HARALICK,AMD_WET,1
S000197,FIVES,FIVES,AMD_WET,HYBRID_MINUS_LBP,AMD_WET,1
S000197,FIVES,FIVES,AMD_WET,VIT_PLUS_COLOR,AMD_WET,1
S000197,FIVES,FIVES,AMD_WET,VIT_PLUS_HARALICK,AMD_WET,1
S000197,FIVES,FIVES,AMD_WET,VIT_PLUS_LBP,AMD_WET,1
S000198,FIVES,FIVES,AMD_WET,FROZEN_VIT_768D,AMD_WET,1
S000198,FIVES,FIVES,AMD_WET,FULL_HYBRID_800D,AMD_WET,1
S000198,FIVES,FIVES,AMD_WET,HANDCRAFTED_ONLY_32D,AMD_DRY,0
S000198,FIVES,FIVES,AMD_WET,HYBRID_MINUS_COLOR,AMD_WET,1
S000198,FIVES,FIVES,AMD_WET,HYBRID_MINUS_HARALICK,AMD_WET,1
S000198,FIVES,FIVES,AMD_WET,HYBRID_MINUS_LBP,AMD_WET,1
S000198,FIVES,FIVES,AMD_WET,VIT_PLUS_COLOR,AMD_WET,1
S000198,FIVES,FIVES,AMD_WET,VIT_PLUS_HARALICK,AMD_WET,1
S000198,FIVES,FIVES,AMD_WET,VIT_PLUS_LBP,AMD_WET,1
S000199,FIVES,FIVES,AMD_WET,FROZEN_VIT_768D,AMD_WET,1
S000199,FIVES,FIVES,AMD_WET,FULL_HYBRID_800D,AMD_WET,1
S000199,FIVES,FIVES,AMD_WET,HANDCRAFTED_ONLY_32D,AMD_WET,1
S000199,FIVES,FIVES,AMD_WET,HYBRID_MINUS_COLOR,AMD_WET,1
S000199,FIVES,FIVES,AMD_WET,HYBRID_MINUS_HARALICK,AMD_WET,1
S000199,FIVES,FIVES,AMD_WET,HYBRID_MINUS_LBP,AMD_WET,1
S000199,FIVES,FIVES,AMD_WET,VIT_PLUS_COLOR,AMD_WET,1
S000199,FIVES,FIVES,AMD_WET,VIT_PLUS_HARALICK,AMD_WET,1
S000199,FIVES,FIVES,AMD_WET,VIT_PLUS_LBP,AMD_WET,1
S000200,FIVES,FIVES,AMD_WET,FROZEN_VIT_768D,AMD_DRY,0
S000200,FIVES,FIVES,AMD_WET,FULL_HYBRID_800D,AMD_DRY,0
S000200,FIVES,FIVES,AMD_WET,HANDCRAFTED_ONLY_32D,AMD_WET,1
S000200,FIVES,FIVES,AMD_WET,HYBRID_MINUS_COLOR,AMD_DRY,0
S000200,FIVES,FIVES,AMD_WET,HYBRID_MINUS_HARALICK,AMD_DRY,0
S000200,FIVES,FIVES,AMD_WET,HYBRID_MINUS_LBP,AMD_DRY,0
S000200,FIVES,FIVES,AMD_WET,VIT_PLUS_COLOR,AMD_DRY,0
S000200,FIVES,FIVES,AMD_WET,VIT_PLUS_HARALICK,AMD_DRY,0
S000200,FIVES,FIVES,AMD_WET,VIT_PLUS_LBP,AMD_DRY,0
S000201,FIVES,FIVES,AMD_WET,FROZEN_VIT_768D,AMD_WET,1
S000201,FIVES,FIVES,AMD_WET,FULL_HYBRID_800D,AMD_WET,1
S000201,FIVES,FIVES,AMD_WET,HANDCRAFTED_ONLY_32D,AMD_WET,1
S000201,FIVES,FIVES,AMD_WET,HYBRID_MINUS_COLOR,AMD_WET,1
S000201,FIVES,FIVES,AMD_WET,HYBRID_MINUS_HARALICK,AMD_WET,1
S000201,FIVES,FIVES,AMD_WET,HYBRID_MINUS_LBP,AMD_WET,1
S000201,FIVES,FIVES,AMD_WET,VIT_PLUS_COLOR,AMD_WET,1
S000201,FIVES,FIVES,AMD_WET,VIT_PLUS_HARALICK,AMD_WET,1
S000201,FIVES,FIVES,AMD_WET,VIT_PLUS_LBP,AMD_WET,1
S000202,FIVES,FIVES,AMD_WET,FROZEN_VIT_768D,AMD_WET,1
S000202,FIVES,FIVES,AMD_WET,FULL_HYBRID_800D,AMD_WET,1
S000202,FIVES,FIVES,AMD_WET,HANDCRAFTED_ONLY_32D,AMD_WET,1
S000202,FIVES,FIVES,AMD_WET,HYBRID_MINUS_COLOR,AMD_WET,1
S000202,FIVES,FIVES,AMD_WET,HYBRID_MINUS_HARALICK,AMD_WET,1
S000202,FIVES,FIVES,AMD_WET,HYBRID_MINUS_LBP,AMD_WET,1
S000202,FIVES,FIVES,AMD_WET,VIT_PLUS_COLOR,AMD_WET,1
S000202,FIVES,FIVES,AMD_WET,VIT_PLUS_HARALICK,AMD_WET,1
S000202,FIVES,FIVES,AMD_WET,VIT_PLUS_LBP,AMD_WET,1
S000203,FIVES,FIVES,AMD_WET,FROZEN_VIT_768D,AMD_WET,1
S000203,FIVES,FIVES,AMD_WET,FULL_HYBRID_800D,AMD_DRY,0
S000203,FIVES,FIVES,AMD_WET,HANDCRAFTED_ONLY_32D,NORMAL,0
S000203,FIVES,FIVES,AMD_WET,HYBRID_MINUS_COLOR,AMD_DRY,0
S000203,FIVES,FIVES,AMD_WET,HYBRID_MINUS_HARALICK,AMD_DRY,0
S000203,FIVES,FIVES,AMD_WET,HYBRID_MINUS_LBP,AMD_DRY,0
S000203,FIVES,FIVES,AMD_WET,VIT_PLUS_COLOR,AMD_DRY,0
S000203,FIVES,FIVES,AMD_WET,VIT_PLUS_HARALICK,AMD_DRY,0
S000203,FIVES,FIVES,AMD_WET,VIT_PLUS_LBP,AMD_DRY,0
S000204,FIVES,FIVES,AMD_WET,FROZEN_VIT_768D,AMD_WET,1
S000204,FIVES,FIVES,AMD_WET,FULL_HYBRID_800D,AMD_WET,1
S000204,FIVES,FIVES,AMD_WET,HANDCRAFTED_ONLY_32D,AMD_WET,1
S000204,FIVES,FIVES,AMD_WET,HYBRID_MINUS_COLOR,AMD_WET,1
S000204,FIVES,FIVES,AMD_WET,HYBRID_MINUS_HARALICK,AMD_WET,1
S000204,FIVES,FIVES,AMD_WET,HYBRID_MINUS_LBP,AMD_WET,1
S000204,FIVES,FIVES,AMD_WET,VIT_PLUS_COLOR,AMD_WET,1
S000204,FIVES,FIVES,AMD_WET,VIT_PLUS_HARALICK,AMD_WET,1
S000204,FIVES,FIVES,AMD_WET,VIT_PLUS_LBP,AMD_WET,1
S000205,FIVES,FIVES,AMD_WET,FROZEN_VIT_768D,AMD_WET,1
S000205,FIVES,FIVES,AMD_WET,FULL_HYBRID_800D,AMD_WET,1
S000205,FIVES,FIVES,AMD_WET,HANDCRAFTED_ONLY_32D,AMD_WET,1
S000205,FIVES,FIVES,AMD_WET,HYBRID_MINUS_COLOR,AMD_WET,1
S000205,FIVES,FIVES,AMD_WET,HYBRID_MINUS_HARALICK,AMD_WET,1
S000205,FIVES,FIVES,AMD_WET,HYBRID_MINUS_LBP,AMD_WET,1
S000205,FIVES,FIVES,AMD_WET,VIT_PLUS_COLOR,AMD_WET,1
S000205,FIVES,FIVES,AMD_WET,VIT_PLUS_HARALICK,AMD_WET,1
S000205,FIVES,FIVES,AMD_WET,VIT_PLUS_LBP,AMD_WET,1
S000207,FIVES,FIVES,AMD_WET,FROZEN_VIT_768D,AMD_WET,1
S000207,FIVES,FIVES,AMD_WET,FULL_HYBRID_800D,AMD_WET,1
S000207,FIVES,FIVES,AMD_WET,HANDCRAFTED_ONLY_32D,AMD_WET,1
S000207,FIVES,FIVES,AMD_WET,HYBRID_MINUS_COLOR,AMD_WET,1
S000207,FIVES,FIVES,AMD_WET,HYBRID_MINUS_HARALICK,AMD_WET,1
S000207,FIVES,FIVES,AMD_WET,HYBRID_MINUS_LBP,AMD_WET,1
S000207,FIVES,FIVES,AMD_WET,VIT_PLUS_COLOR,AMD_WET,1
S000207,FIVES,FIVES,AMD_WET,VIT_PLUS_HARALICK,AMD_WET,1
S000207,FIVES,FIVES,AMD_WET,VIT_PLUS_LBP,AMD_WET,1
S000208,FIVES,FIVES,AMD_WET,FROZEN_VIT_768D,AMD_DRY,0
S000208,FIVES,FIVES,AMD_WET,FULL_HYBRID_800D,AMD_WET,1
S000208,FIVES,FIVES,AMD_WET,HANDCRAFTED_ONLY_32D,AMD_WET,1
S000208,FIVES,FIVES,AMD_WET,HYBRID_MINUS_COLOR,AMD_DRY,0
S000208,FIVES,FIVES,AMD_WET,HYBRID_MINUS_HARALICK,AMD_WET,1
S000208,FIVES,FIVES,AMD_WET,HYBRID_MINUS_LBP,AMD_WET,1
S000208,FIVES,FIVES,AMD_WET,VIT_PLUS_COLOR,AMD_WET,1
S000208,FIVES,FIVES,AMD_WET,VIT_PLUS_HARALICK,AMD_WET,1
S000208,FIVES,FIVES,AMD_WET,VIT_PLUS_LBP,AMD_WET,1
S000209,FIVES,FIVES,AMD_WET,FROZEN_VIT_768D,AMD_WET,1
S000209,FIVES,FIVES,AMD_WET,FULL_HYBRID_800D,AMD_WET,1
S000209,FIVES,FIVES,AMD_WET,HANDCRAFTED_ONLY_32D,AMD_WET,1
S000209,FIVES,FIVES,AMD_WET,HYBRID_MINUS_COLOR,AMD_WET,1
S000209,FIVES,FIVES,AMD_WET,HYBRID_MINUS_HARALICK,AMD_WET,1
S000209,FIVES,FIVES,AMD_WET,HYBRID_MINUS_LBP,AMD_WET,1
S000209,FIVES,FIVES,AMD_WET,VIT_PLUS_COLOR,AMD_WET,1
S000209,FIVES,FIVES,AMD_WET,VIT_PLUS_HARALICK,AMD_WET,1
S000209,FIVES,FIVES,AMD_WET,VIT_PLUS_LBP,AMD_WET,1
S000210,FIVES,FIVES,AMD_WET,FROZEN_VIT_768D,AMD_WET,1
S000210,FIVES,FIVES,AMD_WET,FULL_HYBRID_800D,AMD_WET,1
S000210,FIVES,FIVES,AMD_WET,HANDCRAFTED_ONLY_32D,AMD_WET,1
S000210,FIVES,FIVES,AMD_WET,HYBRID_MINUS_COLOR,AMD_WET,1
S000210,FIVES,FIVES,AMD_WET,HYBRID_MINUS_HARALICK,AMD_WET,1
S000210,FIVES,FIVES,AMD_WET,HYBRID_MINUS_LBP,AMD_WET,1
S000210,FIVES,FIVES,AMD_WET,VIT_PLUS_COLOR,AMD_WET,1
S000210,FIVES,FIVES,AMD_WET,VIT_PLUS_HARALICK,AMD_WET,1
S000210,FIVES,FIVES,AMD_WET,VIT_PLUS_LBP,AMD_WET,1
S000211,FIVES,FIVES,AMD_WET,FROZEN_VIT_768D,AMD_WET,1
S000211,FIVES,FIVES,AMD_WET,FULL_HYBRID_800D,AMD_WET,1
S000211,FIVES,FIVES,AMD_WET,HANDCRAFTED_ONLY_32D,AMD_WET,1
S000211,FIVES,FIVES,AMD_WET,HYBRID_MINUS_COLOR,AMD_WET,1
S000211,FIVES,FIVES,AMD_WET,HYBRID_MINUS_HARALICK,AMD_WET,1
S000211,FIVES,FIVES,AMD_WET,HYBRID_MINUS_LBP,AMD_WET,1
S000211,FIVES,FIVES,AMD_WET,VIT_PLUS_COLOR,AMD_WET,1
S000211,FIVES,FIVES,AMD_WET,VIT_PLUS_HARALICK,AMD_WET,1
S000211,FIVES,FIVES,AMD_WET,VIT_PLUS_LBP,AMD_WET,1
S000212,FIVES,FIVES,AMD_WET,FROZEN_VIT_768D,AMD_WET,1
S000212,FIVES,FIVES,AMD_WET,FULL_HYBRID_800D,AMD_WET,1
S000212,FIVES,FIVES,AMD_WET,HANDCRAFTED_ONLY_32D,AMD_WET,1
S000212,FIVES,FIVES,AMD_WET,HYBRID_MINUS_COLOR,AMD_WET,1
S000212,FIVES,FIVES,AMD_WET,HYBRID_MINUS_HARALICK,AMD_WET,1
S000212,FIVES,FIVES,AMD_WET,HYBRID_MINUS_LBP,AMD_WET,1
S000212,FIVES,FIVES,AMD_WET,VIT_PLUS_COLOR,AMD_WET,1
S000212,FIVES,FIVES,AMD_WET,VIT_PLUS_HARALICK,AMD_WET,1
S000212,FIVES,FIVES,AMD_WET,VIT_PLUS_LBP,AMD_WET,1
S000213,FIVES,FIVES,AMD_WET,FROZEN_VIT_768D,AMD_WET,1
S000213,FIVES,FIVES,AMD_WET,FULL_HYBRID_800D,AMD_WET,1
S000213,FIVES,FIVES,AMD_WET,HANDCRAFTED_ONLY_32D,NORMAL,0
S000213,FIVES,FIVES,AMD_WET,HYBRID_MINUS_COLOR,AMD_WET,1
S000213,FIVES,FIVES,AMD_WET,HYBRID_MINUS_HARALICK,AMD_WET,1
S000213,FIVES,FIVES,AMD_WET,HYBRID_MINUS_LBP,AMD_WET,1
S000213,FIVES,FIVES,AMD_WET,VIT_PLUS_COLOR,AMD_WET,1
S000213,FIVES,FIVES,AMD_WET,VIT_PLUS_HARALICK,AMD_WET,1
S000213,FIVES,FIVES,AMD_WET,VIT_PLUS_LBP,AMD_WET,1
S000214,FIVES,FIVES,AMD_WET,FROZEN_VIT_768D,AMD_WET,1
S000214,FIVES,FIVES,AMD_WET,FULL_HYBRID_800D,AMD_WET,1
S000214,FIVES,FIVES,AMD_WET,HANDCRAFTED_ONLY_32D,AMD_WET,1
S000214,FIVES,FIVES,AMD_WET,HYBRID_MINUS_COLOR,AMD_WET,1
S000214,FIVES,FIVES,AMD_WET,HYBRID_MINUS_HARALICK,AMD_WET,1
S000214,FIVES,FIVES,AMD_WET,HYBRID_MINUS_LBP,AMD_WET,1
S000214,FIVES,FIVES,AMD_WET,VIT_PLUS_COLOR,AMD_WET,1
S000214,FIVES,FIVES,AMD_WET,VIT_PLUS_HARALICK,AMD_WET,1
S000214,FIVES,FIVES,AMD_WET,VIT_PLUS_LBP,AMD_WET,1
S000215,FIVES,FIVES,AMD_WET,FROZEN_VIT_768D,AMD_WET,1
S000215,FIVES,FIVES,AMD_WET,FULL_HYBRID_800D,AMD_WET,1
S000215,FIVES,FIVES,AMD_WET,HANDCRAFTED_ONLY_32D,AMD_WET,1
S000215,FIVES,FIVES,AMD_WET,HYBRID_MINUS_COLOR,AMD_WET,1
S000215,FIVES,FIVES,AMD_WET,HYBRID_MINUS_HARALICK,AMD_WET,1
S000215,FIVES,FIVES,AMD_WET,HYBRID_MINUS_LBP,AMD_WET,1
S000215,FIVES,FIVES,AMD_WET,VIT_PLUS_COLOR,AMD_WET,1
S000215,FIVES,FIVES,AMD_WET,VIT_PLUS_HARALICK,AMD_WET,1
S000215,FIVES,FIVES,AMD_WET,VIT_PLUS_LBP,AMD_WET,1
S000216,FIVES,FIVES,AMD_WET,FROZEN_VIT_768D,AMD_WET,1
S000216,FIVES,FIVES,AMD_WET,FULL_HYBRID_800D,AMD_WET,1
S000216,FIVES,FIVES,AMD_WET,HANDCRAFTED_ONLY_32D,AMD_WET,1
S000216,FIVES,FIVES,AMD_WET,HYBRID_MINUS_COLOR,AMD_WET,1
S000216,FIVES,FIVES,AMD_WET,HYBRID_MINUS_HARALICK,AMD_WET,1
S000216,FIVES,FIVES,AMD_WET,HYBRID_MINUS_LBP,AMD_WET,1
S000216,FIVES,FIVES,AMD_WET,VIT_PLUS_COLOR,AMD_WET,1
S000216,FIVES,FIVES,AMD_WET,VIT_PLUS_HARALICK,AMD_WET,1
S000216,FIVES,FIVES,AMD_WET,VIT_PLUS_LBP,AMD_WET,1
S000217,FIVES,FIVES,AMD_WET,FROZEN_VIT_768D,AMD_WET,1
S000217,FIVES,FIVES,AMD_WET,FULL_HYBRID_800D,AMD_WET,1
S000217,FIVES,FIVES,AMD_WET,HANDCRAFTED_ONLY_32D,AMD_WET,1
S000217,FIVES,FIVES,AMD_WET,HYBRID_MINUS_COLOR,AMD_WET,1
S000217,FIVES,FIVES,AMD_WET,HYBRID_MINUS_HARALICK,AMD_WET,1
S000217,FIVES,FIVES,AMD_WET,HYBRID_MINUS_LBP,AMD_WET,1
S000217,FIVES,FIVES,AMD_WET,VIT_PLUS_COLOR,AMD_WET,1
S000217,FIVES,FIVES,AMD_WET,VIT_PLUS_HARALICK,AMD_WET,1
S000217,FIVES,FIVES,AMD_WET,VIT_PLUS_LBP,AMD_WET,1
S000218,FIVES,FIVES,AMD_WET,FROZEN_VIT_768D,AMD_DRY,0
S000218,FIVES,FIVES,AMD_WET,FULL_HYBRID_800D,AMD_DRY,0
S000218,FIVES,FIVES,AMD_WET,HANDCRAFTED_ONLY_32D,NORMAL,0
S000218,FIVES,FIVES,AMD_WET,HYBRID_MINUS_COLOR,AMD_DRY,0
S000218,FIVES,FIVES,AMD_WET,HYBRID_MINUS_HARALICK,AMD_DRY,0
S000218,FIVES,FIVES,AMD_WET,HYBRID_MINUS_LBP,AMD_DRY,0
S000218,FIVES,FIVES,AMD_WET,VIT_PLUS_COLOR,AMD_DRY,0
S000218,FIVES,FIVES,AMD_WET,VIT_PLUS_HARALICK,AMD_DRY,0
S000218,FIVES,FIVES,AMD_WET,VIT_PLUS_LBP,AMD_DRY,0
S000220,FIVES,FIVES,AMD_WET,FROZEN_VIT_768D,AMD_WET,1
S000220,FIVES,FIVES,AMD_WET,FULL_HYBRID_800D,AMD_WET,1
S000220,FIVES,FIVES,AMD_WET,HANDCRAFTED_ONLY_32D,AMD_WET,1
S000220,FIVES,FIVES,AMD_WET,HYBRID_MINUS_COLOR,AMD_WET,1
S000220,FIVES,FIVES,AMD_WET,HYBRID_MINUS_HARALICK,AMD_WET,1
S000220,FIVES,FIVES,AMD_WET,HYBRID_MINUS_LBP,AMD_WET,1
S000220,FIVES,FIVES,AMD_WET,VIT_PLUS_COLOR,AMD_WET,1
S000220,FIVES,FIVES,AMD_WET,VIT_PLUS_HARALICK,AMD_WET,1
S000220,FIVES,FIVES,AMD_WET,VIT_PLUS_LBP,AMD_WET,1
S000221,FIVES,FIVES,AMD_WET,FROZEN_VIT_768D,AMD_WET,1
S000221,FIVES,FIVES,AMD_WET,FULL_HYBRID_800D,AMD_WET,1
S000221,FIVES,FIVES,AMD_WET,HANDCRAFTED_ONLY_32D,AMD_WET,1
S000221,FIVES,FIVES,AMD_WET,HYBRID_MINUS_COLOR,AMD_WET,1
S000221,FIVES,FIVES,AMD_WET,HYBRID_MINUS_HARALICK,AMD_WET,1
S000221,FIVES,FIVES,AMD_WET,HYBRID_MINUS_LBP,AMD_WET,1
S000221,FIVES,FIVES,AMD_WET,VIT_PLUS_COLOR,AMD_WET,1
S000221,FIVES,FIVES,AMD_WET,VIT_PLUS_HARALICK,AMD_WET,1
S000221,FIVES,FIVES,AMD_WET,VIT_PLUS_LBP,AMD_WET,1
S000222,FIVES,FIVES,AMD_WET,FROZEN_VIT_768D,AMD_WET,1
S000222,FIVES,FIVES,AMD_WET,FULL_HYBRID_800D,AMD_WET,1
S000222,FIVES,FIVES,AMD_WET,HANDCRAFTED_ONLY_32D,AMD_WET,1
S000222,FIVES,FIVES,AMD_WET,HYBRID_MINUS_COLOR,AMD_WET,1
S000222,FIVES,FIVES,AMD_WET,HYBRID_MINUS_HARALICK,AMD_WET,1
S000222,FIVES,FIVES,AMD_WET,HYBRID_MINUS_LBP,AMD_WET,1
S000222,FIVES,FIVES,AMD_WET,VIT_PLUS_COLOR,AMD_WET,1
S000222,FIVES,FIVES,AMD_WET,VIT_PLUS_HARALICK,AMD_WET,1
S000222,FIVES,FIVES,AMD_WET,VIT_PLUS_LBP,AMD_WET,1
S000223,FIVES,FIVES,AMD_WET,FROZEN_VIT_768D,AMD_DRY,0
S000223,FIVES,FIVES,AMD_WET,FULL_HYBRID_800D,AMD_DRY,0
S000223,FIVES,FIVES,AMD_WET,HANDCRAFTED_ONLY_32D,AMD_WET,1
S000223,FIVES,FIVES,AMD_WET,HYBRID_MINUS_COLOR,AMD_DRY,0
S000223,FIVES,FIVES,AMD_WET,HYBRID_MINUS_HARALICK,AMD_DRY,0
S000223,FIVES,FIVES,AMD_WET,HYBRID_MINUS_LBP,AMD_DRY,0
S000223,FIVES,FIVES,AMD_WET,VIT_PLUS_COLOR,AMD_DRY,0
S000223,FIVES,FIVES,AMD_WET,VIT_PLUS_HARALICK,AMD_DRY,0
S000223,FIVES,FIVES,AMD_WET,VIT_PLUS_LBP,AMD_DRY,0
S000224,FIVES,FIVES,AMD_WET,FROZEN_VIT_768D,AMD_WET,1
S000224,FIVES,FIVES,AMD_WET,FULL_HYBRID_800D,AMD_WET,1
S000224,FIVES,FIVES,AMD_WET,HANDCRAFTED_ONLY_32D,AMD_WET,1
S000224,FIVES,FIVES,AMD_WET,HYBRID_MINUS_COLOR,AMD_WET,1
S000224,FIVES,FIVES,AMD_WET,HYBRID_MINUS_HARALICK,AMD_WET,1
S000224,FIVES,FIVES,AMD_WET,HYBRID_MINUS_LBP,AMD_WET,1
S000224,FIVES,FIVES,AMD_WET,VIT_PLUS_COLOR,AMD_WET,1
S000224,FIVES,FIVES,AMD_WET,VIT_PLUS_HARALICK,AMD_WET,1
S000224,FIVES,FIVES,AMD_WET,VIT_PLUS_LBP,AMD_WET,1
S000225,FIVES,FIVES,AMD_WET,FROZEN_VIT_768D,AMD_WET,1
S000225,FIVES,FIVES,AMD_WET,FULL_HYBRID_800D,AMD_WET,1
S000225,FIVES,FIVES,AMD_WET,HANDCRAFTED_ONLY_32D,AMD_WET,1
S000225,FIVES,FIVES,AMD_WET,HYBRID_MINUS_COLOR,AMD_WET,1
S000225,FIVES,FIVES,AMD_WET,HYBRID_MINUS_HARALICK,AMD_WET,1
S000225,FIVES,FIVES,AMD_WET,HYBRID_MINUS_LBP,AMD_WET,1
S000225,FIVES,FIVES,AMD_WET,VIT_PLUS_COLOR,AMD_WET,1
S000225,FIVES,FIVES,AMD_WET,VIT_PLUS_HARALICK,AMD_WET,1
S000225,FIVES,FIVES,AMD_WET,VIT_PLUS_LBP,AMD_WET,1
S000226,FIVES,FIVES,AMD_WET,FROZEN_VIT_768D,AMD_WET,1
S000226,FIVES,FIVES,AMD_WET,FULL_HYBRID_800D,AMD_WET,1
S000226,FIVES,FIVES,AMD_WET,HANDCRAFTED_ONLY_32D,AMD_WET,1
S000226,FIVES,FIVES,AMD_WET,HYBRID_MINUS_COLOR,AMD_WET,1
S000226,FIVES,FIVES,AMD_WET,HYBRID_MINUS_HARALICK,AMD_WET,1
S000226,FIVES,FIVES,AMD_WET,HYBRID_MINUS_LBP,AMD_WET,1
S000226,FIVES,FIVES,AMD_WET,VIT_PLUS_COLOR,AMD_WET,1
S000226,FIVES,FIVES,AMD_WET,VIT_PLUS_HARALICK,AMD_WET,1
S000226,FIVES,FIVES,AMD_WET,VIT_PLUS_LBP,AMD_WET,1
S000227,FIVES,FIVES,AMD_WET,FROZEN_VIT_768D,AMD_WET,1
S000227,FIVES,FIVES,AMD_WET,FULL_HYBRID_800D,AMD_WET,1
S000227,FIVES,FIVES,AMD_WET,HANDCRAFTED_ONLY_32D,AMD_WET,1
S000227,FIVES,FIVES,AMD_WET,HYBRID_MINUS_COLOR,AMD_WET,1
S000227,FIVES,FIVES,AMD_WET,HYBRID_MINUS_HARALICK,AMD_WET,1
S000227,FIVES,FIVES,AMD_WET,HYBRID_MINUS_LBP,AMD_WET,1
S000227,FIVES,FIVES,AMD_WET,VIT_PLUS_COLOR,AMD_WET,1
S000227,FIVES,FIVES,AMD_WET,VIT_PLUS_HARALICK,AMD_WET,1
S000227,FIVES,FIVES,AMD_WET,VIT_PLUS_LBP,AMD_WET,1
S000228,FIVES,FIVES,AMD_WET,FROZEN_VIT_768D,AMD_WET,1
S000228,FIVES,FIVES,AMD_WET,FULL_HYBRID_800D,AMD_WET,1
S000228,FIVES,FIVES,AMD_WET,HANDCRAFTED_ONLY_32D,AMD_WET,1
S000228,FIVES,FIVES,AMD_WET,HYBRID_MINUS_COLOR,AMD_WET,1
S000228,FIVES,FIVES,AMD_WET,HYBRID_MINUS_HARALICK,AMD_WET,1
S000228,FIVES,FIVES,AMD_WET,HYBRID_MINUS_LBP,AMD_WET,1
S000228,FIVES,FIVES,AMD_WET,VIT_PLUS_COLOR,AMD_WET,1
S000228,FIVES,FIVES,AMD_WET,VIT_PLUS_HARALICK,AMD_WET,1
S000228,FIVES,FIVES,AMD_WET,VIT_PLUS_LBP,AMD_WET,1
S000229,FIVES,FIVES,AMD_WET,FROZEN_VIT_768D,AMD_WET,1
S000229,FIVES,FIVES,AMD_WET,FULL_HYBRID_800D,AMD_WET,1
S000229,FIVES,FIVES,AMD_WET,HANDCRAFTED_ONLY_32D,AMD_WET,1
S000229,FIVES,FIVES,AMD_WET,HYBRID_MINUS_COLOR,AMD_WET,1
S000229,FIVES,FIVES,AMD_WET,HYBRID_MINUS_HARALICK,AMD_WET,1
S000229,FIVES,FIVES,AMD_WET,HYBRID_MINUS_LBP,AMD_WET,1
S000229,FIVES,FIVES,AMD_WET,VIT_PLUS_COLOR,AMD_WET,1
S000229,FIVES,FIVES,AMD_WET,VIT_PLUS_HARALICK,AMD_WET,1
S000229,FIVES,FIVES,AMD_WET,VIT_PLUS_LBP,AMD_WET,1
S000230,FIVES,FIVES,AMD_WET,FROZEN_VIT_768D,AMD_WET,1
S000230,FIVES,FIVES,AMD_WET,FULL_HYBRID_800D,AMD_WET,1
S000230,FIVES,FIVES,AMD_WET,HANDCRAFTED_ONLY_32D,AMD_WET,1
S000230,FIVES,FIVES,AMD_WET,HYBRID_MINUS_COLOR,AMD_WET,1
S000230,FIVES,FIVES,AMD_WET,HYBRID_MINUS_HARALICK,AMD_WET,1
S000230,FIVES,FIVES,AMD_WET,HYBRID_MINUS_LBP,AMD_WET,1
S000230,FIVES,FIVES,AMD_WET,VIT_PLUS_COLOR,AMD_WET,1
S000230,FIVES,FIVES,AMD_WET,VIT_PLUS_HARALICK,AMD_WET,1
S000230,FIVES,FIVES,AMD_WET,VIT_PLUS_LBP,AMD_WET,1
S000231,FIVES,FIVES,AMD_WET,FROZEN_VIT_768D,AMD_WET,1
S000231,FIVES,FIVES,AMD_WET,FULL_HYBRID_800D,AMD_WET,1
S000231,FIVES,FIVES,AMD_WET,HANDCRAFTED_ONLY_32D,AMD_DRY,0
S000231,FIVES,FIVES,AMD_WET,HYBRID_MINUS_COLOR,AMD_WET,1
S000231,FIVES,FIVES,AMD_WET,HYBRID_MINUS_HARALICK,AMD_WET,1
S000231,FIVES,FIVES,AMD_WET,HYBRID_MINUS_LBP,AMD_WET,1
S000231,FIVES,FIVES,AMD_WET,VIT_PLUS_COLOR,AMD_WET,1
S000231,FIVES,FIVES,AMD_WET,VIT_PLUS_HARALICK,AMD_WET,1
S000231,FIVES,FIVES,AMD_WET,VIT_PLUS_LBP,AMD_WET,1
S000232,FIVES,FIVES,AMD_WET,FROZEN_VIT_768D,AMD_DRY,0
S000232,FIVES,FIVES,AMD_WET,FULL_HYBRID_800D,AMD_DRY,0
S000232,FIVES,FIVES,AMD_WET,HANDCRAFTED_ONLY_32D,AMD_WET,1
S000232,FIVES,FIVES,AMD_WET,HYBRID_MINUS_COLOR,AMD_DRY,0
S000232,FIVES,FIVES,AMD_WET,HYBRID_MINUS_HARALICK,AMD_DRY,0
S000232,FIVES,FIVES,AMD_WET,HYBRID_MINUS_LBP,AMD_DRY,0
S000232,FIVES,FIVES,AMD_WET,VIT_PLUS_COLOR,AMD_DRY,0
S000232,FIVES,FIVES,AMD_WET,VIT_PLUS_HARALICK,AMD_DRY,0
S000232,FIVES,FIVES,AMD_WET,VIT_PLUS_LBP,AMD_DRY,0
S000233,FIVES,FIVES,AMD_WET,FROZEN_VIT_768D,AMD_WET,1
S000233,FIVES,FIVES,AMD_WET,FULL_HYBRID_800D,AMD_DRY,0
S000233,FIVES,FIVES,AMD_WET,HANDCRAFTED_ONLY_32D,AMD_WET,1
S000233,FIVES,FIVES,AMD_WET,HYBRID_MINUS_COLOR,AMD_DRY,0
S000233,FIVES,FIVES,AMD_WET,HYBRID_MINUS_HARALICK,AMD_DRY,0
S000233,FIVES,FIVES,AMD_WET,HYBRID_MINUS_LBP,AMD_DRY,0
S000233,FIVES,FIVES,AMD_WET,VIT_PLUS_COLOR,AMD_DRY,0
S000233,FIVES,FIVES,AMD_WET,VIT_PLUS_HARALICK,AMD_DRY,0
S000233,FIVES,FIVES,AMD_WET,VIT_PLUS_LBP,AMD_WET,1
S000234,FIVES,FIVES,AMD_WET,FROZEN_VIT_768D,AMD_WET,1
S000234,FIVES,FIVES,AMD_WET,FULL_HYBRID_800D,AMD_WET,1
S000234,FIVES,FIVES,AMD_WET,HANDCRAFTED_ONLY_32D,NORMAL,0
S000234,FIVES,FIVES,AMD_WET,HYBRID_MINUS_COLOR,AMD_WET,1
S000234,FIVES,FIVES,AMD_WET,HYBRID_MINUS_HARALICK,AMD_WET,1
S000234,FIVES,FIVES,AMD_WET,HYBRID_MINUS_LBP,AMD_WET,1
S000234,FIVES,FIVES,AMD_WET,VIT_PLUS_COLOR,AMD_WET,1
S000234,FIVES,FIVES,AMD_WET,VIT_PLUS_HARALICK,AMD_WET,1
S000234,FIVES,FIVES,AMD_WET,VIT_PLUS_LBP,AMD_WET,1
S000235,FIVES,FIVES,AMD_WET,FROZEN_VIT_768D,AMD_WET,1
S000235,FIVES,FIVES,AMD_WET,FULL_HYBRID_800D,AMD_WET,1
S000235,FIVES,FIVES,AMD_WET,HANDCRAFTED_ONLY_32D,AMD_WET,1
S000235,FIVES,FIVES,AMD_WET,HYBRID_MINUS_COLOR,AMD_WET,1
S000235,FIVES,FIVES,AMD_WET,HYBRID_MINUS_HARALICK,AMD_WET,1
S000235,FIVES,FIVES,AMD_WET,HYBRID_MINUS_LBP,AMD_WET,1
S000235,FIVES,FIVES,AMD_WET,VIT_PLUS_COLOR,AMD_WET,1
S000235,FIVES,FIVES,AMD_WET,VIT_PLUS_HARALICK,AMD_WET,1
S000235,FIVES,FIVES,AMD_WET,VIT_PLUS_LBP,AMD_WET,1
S000236,FIVES,FIVES,AMD_WET,FROZEN_VIT_768D,AMD_WET,1
S000236,FIVES,FIVES,AMD_WET,FULL_HYBRID_800D,AMD_WET,1
S000236,FIVES,FIVES,AMD_WET,HANDCRAFTED_ONLY_32D,AMD_WET,1
S000236,FIVES,FIVES,AMD_WET,HYBRID_MINUS_COLOR,AMD_WET,1
S000236,FIVES,FIVES,AMD_WET,HYBRID_MINUS_HARALICK,AMD_WET,1
S000236,FIVES,FIVES,AMD_WET,HYBRID_MINUS_LBP,AMD_WET,1
S000236,FIVES,FIVES,AMD_WET,VIT_PLUS_COLOR,AMD_WET,1
S000236,FIVES,FIVES,AMD_WET,VIT_PLUS_HARALICK,AMD_WET,1
S000236,FIVES,FIVES,AMD_WET,VIT_PLUS_LBP,AMD_WET,1
S000238,FIVES,FIVES,AMD_WET,FROZEN_VIT_768D,AMD_WET,1
S000238,FIVES,FIVES,AMD_WET,FULL_HYBRID_800D,AMD_WET,1
S000238,FIVES,FIVES,AMD_WET,HANDCRAFTED_ONLY_32D,AMD_DRY,0
S000238,FIVES,FIVES,AMD_WET,HYBRID_MINUS_COLOR,AMD_WET,1
S000238,FIVES,FIVES,AMD_WET,HYBRID_MINUS_HARALICK,AMD_WET,1
S000238,FIVES,FIVES,AMD_WET,HYBRID_MINUS_LBP,AMD_WET,1
S000238,FIVES,FIVES,AMD_WET,VIT_PLUS_COLOR,AMD_WET,1
S000238,FIVES,FIVES,AMD_WET,VIT_PLUS_HARALICK,AMD_WET,1
S000238,FIVES,FIVES,AMD_WET,VIT_PLUS_LBP,AMD_WET,1
S000239,ODIR,ODIR,NORMAL,FROZEN_VIT_768D,NORMAL,1
S000239,ODIR,ODIR,NORMAL,FULL_HYBRID_800D,NORMAL,1
S000239,ODIR,ODIR,NORMAL,HANDCRAFTED_ONLY_32D,AMD_WET,0
S000239,ODIR,ODIR,NORMAL,HYBRID_MINUS_COLOR,NORMAL,1
S000239,ODIR,ODIR,NORMAL,HYBRID_MINUS_HARALICK,NORMAL,1
S000239,ODIR,ODIR,NORMAL,HYBRID_MINUS_LBP,NORMAL,1
S000239,ODIR,ODIR,NORMAL,VIT_PLUS_COLOR,NORMAL,1
S000239,ODIR,ODIR,NORMAL,VIT_PLUS_HARALICK,NORMAL,1
S000239,ODIR,ODIR,NORMAL,VIT_PLUS_LBP,NORMAL,1
S000240,ODIR,ODIR,NORMAL,FROZEN_VIT_768D,AMD_DRY,0
S000240,ODIR,ODIR,NORMAL,FULL_HYBRID_800D,AMD_DRY,0
S000240,ODIR,ODIR,NORMAL,HANDCRAFTED_ONLY_32D,AMD_WET,0
S000240,ODIR,ODIR,NORMAL,HYBRID_MINUS_COLOR,AMD_DRY,0
S000240,ODIR,ODIR,NORMAL,HYBRID_MINUS_HARALICK,AMD_DRY,0
S000240,ODIR,ODIR,NORMAL,HYBRID_MINUS_LBP,AMD_DRY,0
S000240,ODIR,ODIR,NORMAL,VIT_PLUS_COLOR,AMD_DRY,0
S000240,ODIR,ODIR,NORMAL,VIT_PLUS_HARALICK,AMD_DRY,0
S000240,ODIR,ODIR,NORMAL,VIT_PLUS_LBP,NORMAL,1
S000241,ODIR,ODIR,NORMAL,FROZEN_VIT_768D,NORMAL,1
S000241,ODIR,ODIR,NORMAL,FULL_HYBRID_800D,NORMAL,1
S000241,ODIR,ODIR,NORMAL,HANDCRAFTED_ONLY_32D,AMD_WET,0
S000241,ODIR,ODIR,NORMAL,HYBRID_MINUS_COLOR,NORMAL,1
S000241,ODIR,ODIR,NORMAL,HYBRID_MINUS_HARALICK,NORMAL,1
S000241,ODIR,ODIR,NORMAL,HYBRID_MINUS_LBP,NORMAL,1
S000241,ODIR,ODIR,NORMAL,VIT_PLUS_COLOR,NORMAL,1
S000241,ODIR,ODIR,NORMAL,VIT_PLUS_HARALICK,NORMAL,1
S000241,ODIR,ODIR,NORMAL,VIT_PLUS_LBP,NORMAL,1
S000242,ODIR,ODIR,NORMAL,FROZEN_VIT_768D,AMD_DRY,0
S000242,ODIR,ODIR,NORMAL,FULL_HYBRID_800D,AMD_DRY,0
S000242,ODIR,ODIR,NORMAL,HANDCRAFTED_ONLY_32D,NORMAL,1
S000242,ODIR,ODIR,NORMAL,HYBRID_MINUS_COLOR,AMD_DRY,0
S000242,ODIR,ODIR,NORMAL,HYBRID_MINUS_HARALICK,AMD_DRY,0
S000242,ODIR,ODIR,NORMAL,HYBRID_MINUS_LBP,AMD_DRY,0
S000242,ODIR,ODIR,NORMAL,VIT_PLUS_COLOR,AMD_DRY,0
S000242,ODIR,ODIR,NORMAL,VIT_PLUS_HARALICK,AMD_DRY,0
S000242,ODIR,ODIR,NORMAL,VIT_PLUS_LBP,AMD_DRY,0
S000243,ODIR,ODIR,NORMAL,FROZEN_VIT_768D,AMD_DRY,0
S000243,ODIR,ODIR,NORMAL,FULL_HYBRID_800D,AMD_DRY,0
S000243,ODIR,ODIR,NORMAL,HANDCRAFTED_ONLY_32D,AMD_DRY,0
S000243,ODIR,ODIR,NORMAL,HYBRID_MINUS_COLOR,AMD_DRY,0
S000243,ODIR,ODIR,NORMAL,HYBRID_MINUS_HARALICK,AMD_DRY,0
S000243,ODIR,ODIR,NORMAL,HYBRID_MINUS_LBP,AMD_DRY,0
S000243,ODIR,ODIR,NORMAL,VIT_PLUS_COLOR,AMD_DRY,0
S000243,ODIR,ODIR,NORMAL,VIT_PLUS_HARALICK,AMD_DRY,0
S000243,ODIR,ODIR,NORMAL,VIT_PLUS_LBP,AMD_DRY,0
S000244,ODIR,ODIR,NORMAL,FROZEN_VIT_768D,NORMAL,1
S000244,ODIR,ODIR,NORMAL,FULL_HYBRID_800D,NORMAL,1
S000244,ODIR,ODIR,NORMAL,HANDCRAFTED_ONLY_32D,AMD_WET,0
S000244,ODIR,ODIR,NORMAL,HYBRID_MINUS_COLOR,NORMAL,1
S000244,ODIR,ODIR,NORMAL,HYBRID_MINUS_HARALICK,NORMAL,1
S000244,ODIR,ODIR,NORMAL,HYBRID_MINUS_LBP,NORMAL,1
S000244,ODIR,ODIR,NORMAL,VIT_PLUS_COLOR,NORMAL,1
S000244,ODIR,ODIR,NORMAL,VIT_PLUS_HARALICK,NORMAL,1
S000244,ODIR,ODIR,NORMAL,VIT_PLUS_LBP,NORMAL,1
S000245,ODIR,ODIR,NORMAL,FROZEN_VIT_768D,NORMAL,1
S000245,ODIR,ODIR,NORMAL,FULL_HYBRID_800D,NORMAL,1
S000245,ODIR,ODIR,NORMAL,HANDCRAFTED_ONLY_32D,NORMAL,1
S000245,ODIR,ODIR,NORMAL,HYBRID_MINUS_COLOR,AMD_DRY,0
S000245,ODIR,ODIR,NORMAL,HYBRID_MINUS_HARALICK,NORMAL,1
S000245,ODIR,ODIR,NORMAL,HYBRID_MINUS_LBP,NORMAL,1
S000245,ODIR,ODIR,NORMAL,VIT_PLUS_COLOR,NORMAL,1
S000245,ODIR,ODIR,NORMAL,VIT_PLUS_HARALICK,AMD_DRY,0
S000245,ODIR,ODIR,NORMAL,VIT_PLUS_LBP,NORMAL,1
S000246,ODIR,ODIR,NORMAL,FROZEN_VIT_768D,AMD_DRY,0
S000246,ODIR,ODIR,NORMAL,FULL_HYBRID_800D,NORMAL,1
S000246,ODIR,ODIR,NORMAL,HANDCRAFTED_ONLY_32D,NORMAL,1
S000246,ODIR,ODIR,NORMAL,HYBRID_MINUS_COLOR,AMD_DRY,0
S000246,ODIR,ODIR,NORMAL,HYBRID_MINUS_HARALICK,NORMAL,1
S000246,ODIR,ODIR,NORMAL,HYBRID_MINUS_LBP,NORMAL,1
S000246,ODIR,ODIR,NORMAL,VIT_PLUS_COLOR,NORMAL,1
S000246,ODIR,ODIR,NORMAL,VIT_PLUS_HARALICK,AMD_DRY,0
S000246,ODIR,ODIR,NORMAL,VIT_PLUS_LBP,NORMAL,1
S000247,ODIR,ODIR,NORMAL,FROZEN_VIT_768D,NORMAL,1
S000247,ODIR,ODIR,NORMAL,FULL_HYBRID_800D,NORMAL,1
S000247,ODIR,ODIR,NORMAL,HANDCRAFTED_ONLY_32D,AMD_DRY,0
S000247,ODIR,ODIR,NORMAL,HYBRID_MINUS_COLOR,NORMAL,1
S000247,ODIR,ODIR,NORMAL,HYBRID_MINUS_HARALICK,NORMAL,1
S000247,ODIR,ODIR,NORMAL,HYBRID_MINUS_LBP,NORMAL,1
S000247,ODIR,ODIR,NORMAL,VIT_PLUS_COLOR,NORMAL,1
S000247,ODIR,ODIR,NORMAL,VIT_PLUS_HARALICK,NORMAL,1
S000247,ODIR,ODIR,NORMAL,VIT_PLUS_LBP,NORMAL,1
S000248,ODIR,ODIR,NORMAL,FROZEN_VIT_768D,NORMAL,1
S000248,ODIR,ODIR,NORMAL,FULL_HYBRID_800D,NORMAL,1
S000248,ODIR,ODIR,NORMAL,HANDCRAFTED_ONLY_32D,AMD_WET,0
S000248,ODIR,ODIR,NORMAL,HYBRID_MINUS_COLOR,NORMAL,1
S000248,ODIR,ODIR,NORMAL,HYBRID_MINUS_HARALICK,NORMAL,1
S000248,ODIR,ODIR,NORMAL,HYBRID_MINUS_LBP,NORMAL,1
S000248,ODIR,ODIR,NORMAL,VIT_PLUS_COLOR,NORMAL,1
S000248,ODIR,ODIR,NORMAL,VIT_PLUS_HARALICK,NORMAL,1
S000248,ODIR,ODIR,NORMAL,VIT_PLUS_LBP,NORMAL,1
S000249,ODIR,ODIR,NORMAL,FROZEN_VIT_768D,NORMAL,1
S000249,ODIR,ODIR,NORMAL,FULL_HYBRID_800D,NORMAL,1
S000249,ODIR,ODIR,NORMAL,HANDCRAFTED_ONLY_32D,NORMAL,1
S000249,ODIR,ODIR,NORMAL,HYBRID_MINUS_COLOR,NORMAL,1
S000249,ODIR,ODIR,NORMAL,HYBRID_MINUS_HARALICK,NORMAL,1
S000249,ODIR,ODIR,NORMAL,HYBRID_MINUS_LBP,NORMAL,1
S000249,ODIR,ODIR,NORMAL,VIT_PLUS_COLOR,NORMAL,1
S000249,ODIR,ODIR,NORMAL,VIT_PLUS_HARALICK,NORMAL,1
S000249,ODIR,ODIR,NORMAL,VIT_PLUS_LBP,NORMAL,1
S000250,ODIR,ODIR,NORMAL,FROZEN_VIT_768D,AMD_DRY,0
S000250,ODIR,ODIR,NORMAL,FULL_HYBRID_800D,AMD_DRY,0
S000250,ODIR,ODIR,NORMAL,HANDCRAFTED_ONLY_32D,AMD_WET,0
S000250,ODIR,ODIR,NORMAL,HYBRID_MINUS_COLOR,AMD_DRY,0
S000250,ODIR,ODIR,NORMAL,HYBRID_MINUS_HARALICK,AMD_DRY,0
S000250,ODIR,ODIR,NORMAL,HYBRID_MINUS_LBP,AMD_DRY,0
S000250,ODIR,ODIR,NORMAL,VIT_PLUS_COLOR,AMD_DRY,0
S000250,ODIR,ODIR,NORMAL,VIT_PLUS_HARALICK,AMD_DRY,0
S000250,ODIR,ODIR,NORMAL,VIT_PLUS_LBP,AMD_DRY,0
S000251,ODIR,ODIR,NORMAL,FROZEN_VIT_768D,AMD_DRY,0
S000251,ODIR,ODIR,NORMAL,FULL_HYBRID_800D,AMD_DRY,0
S000251,ODIR,ODIR,NORMAL,HANDCRAFTED_ONLY_32D,AMD_WET,0
S000251,ODIR,ODIR,NORMAL,HYBRID_MINUS_COLOR,AMD_DRY,0
S000251,ODIR,ODIR,NORMAL,HYBRID_MINUS_HARALICK,AMD_DRY,0
S000251,ODIR,ODIR,NORMAL,HYBRID_MINUS_LBP,AMD_DRY,0
S000251,ODIR,ODIR,NORMAL,VIT_PLUS_COLOR,AMD_DRY,0
S000251,ODIR,ODIR,NORMAL,VIT_PLUS_HARALICK,AMD_DRY,0
S000251,ODIR,ODIR,NORMAL,VIT_PLUS_LBP,AMD_DRY,0
S000252,ODIR,ODIR,NORMAL,FROZEN_VIT_768D,AMD_DRY,0
S000252,ODIR,ODIR,NORMAL,FULL_HYBRID_800D,AMD_DRY,0
S000252,ODIR,ODIR,NORMAL,HANDCRAFTED_ONLY_32D,AMD_DRY,0
S000252,ODIR,ODIR,NORMAL,HYBRID_MINUS_COLOR,AMD_DRY,0
S000252,ODIR,ODIR,NORMAL,HYBRID_MINUS_HARALICK,NORMAL,1
S000252,ODIR,ODIR,NORMAL,HYBRID_MINUS_LBP,NORMAL,1
S000252,ODIR,ODIR,NORMAL,VIT_PLUS_COLOR,NORMAL,1
S000252,ODIR,ODIR,NORMAL,VIT_PLUS_HARALICK,NORMAL,1
S000252,ODIR,ODIR,NORMAL,VIT_PLUS_LBP,AMD_DRY,0
S000253,ODIR,ODIR,NORMAL,FROZEN_VIT_768D,NORMAL,1
S000253,ODIR,ODIR,NORMAL,FULL_HYBRID_800D,NORMAL,1
S000253,ODIR,ODIR,NORMAL,HANDCRAFTED_ONLY_32D,NORMAL,1
S000253,ODIR,ODIR,NORMAL,HYBRID_MINUS_COLOR,NORMAL,1
S000253,ODIR,ODIR,NORMAL,HYBRID_MINUS_HARALICK,NORMAL,1
S000253,ODIR,ODIR,NORMAL,HYBRID_MINUS_LBP,NORMAL,1
S000253,ODIR,ODIR,NORMAL,VIT_PLUS_COLOR,NORMAL,1
S000253,ODIR,ODIR,NORMAL,VIT_PLUS_HARALICK,NORMAL,1
S000253,ODIR,ODIR,NORMAL,VIT_PLUS_LBP,NORMAL,1
S000254,ODIR,ODIR,NORMAL,FROZEN_VIT_768D,NORMAL,1
S000254,ODIR,ODIR,NORMAL,FULL_HYBRID_800D,NORMAL,1
S000254,ODIR,ODIR,NORMAL,HANDCRAFTED_ONLY_32D,AMD_WET,0
S000254,ODIR,ODIR,NORMAL,HYBRID_MINUS_COLOR,NORMAL,1
S000254,ODIR,ODIR,NORMAL,HYBRID_MINUS_HARALICK,NORMAL,1
S000254,ODIR,ODIR,NORMAL,HYBRID_MINUS_LBP,NORMAL,1
S000254,ODIR,ODIR,NORMAL,VIT_PLUS_COLOR,NORMAL,1
S000254,ODIR,ODIR,NORMAL,VIT_PLUS_HARALICK,NORMAL,1
S000254,ODIR,ODIR,NORMAL,VIT_PLUS_LBP,NORMAL,1
S000255,ODIR,ODIR,NORMAL,FROZEN_VIT_768D,AMD_DRY,0
S000255,ODIR,ODIR,NORMAL,FULL_HYBRID_800D,AMD_DRY,0
S000255,ODIR,ODIR,NORMAL,HANDCRAFTED_ONLY_32D,NORMAL,1
S000255,ODIR,ODIR,NORMAL,HYBRID_MINUS_COLOR,AMD_DRY,0
S000255,ODIR,ODIR,NORMAL,HYBRID_MINUS_HARALICK,AMD_DRY,0
S000255,ODIR,ODIR,NORMAL,HYBRID_MINUS_LBP,AMD_DRY,0
S000255,ODIR,ODIR,NORMAL,VIT_PLUS_COLOR,AMD_DRY,0
S000255,ODIR,ODIR,NORMAL,VIT_PLUS_HARALICK,AMD_DRY,0
S000255,ODIR,ODIR,NORMAL,VIT_PLUS_LBP,AMD_DRY,0
S000256,ODIR,ODIR,NORMAL,FROZEN_VIT_768D,AMD_DRY,0
S000256,ODIR,ODIR,NORMAL,FULL_HYBRID_800D,AMD_DRY,0
S000256,ODIR,ODIR,NORMAL,HANDCRAFTED_ONLY_32D,AMD_WET,0
S000256,ODIR,ODIR,NORMAL,HYBRID_MINUS_COLOR,AMD_DRY,0
S000256,ODIR,ODIR,NORMAL,HYBRID_MINUS_HARALICK,AMD_DRY,0
S000256,ODIR,ODIR,NORMAL,HYBRID_MINUS_LBP,AMD_DRY,0
S000256,ODIR,ODIR,NORMAL,VIT_PLUS_COLOR,AMD_DRY,0
S000256,ODIR,ODIR,NORMAL,VIT_PLUS_HARALICK,AMD_DRY,0
S000256,ODIR,ODIR,NORMAL,VIT_PLUS_LBP,AMD_DRY,0
S000257,ODIR,ODIR,NORMAL,FROZEN_VIT_768D,AMD_DRY,0
S000257,ODIR,ODIR,NORMAL,FULL_HYBRID_800D,AMD_DRY,0
S000257,ODIR,ODIR,NORMAL,HANDCRAFTED_ONLY_32D,AMD_DRY,0
S000257,ODIR,ODIR,NORMAL,HYBRID_MINUS_COLOR,AMD_DRY,0
S000257,ODIR,ODIR,NORMAL,HYBRID_MINUS_HARALICK,AMD_DRY,0
S000257,ODIR,ODIR,NORMAL,HYBRID_MINUS_LBP,AMD_DRY,0
S000257,ODIR,ODIR,NORMAL,VIT_PLUS_COLOR,AMD_DRY,0
S000257,ODIR,ODIR,NORMAL,VIT_PLUS_HARALICK,AMD_DRY,0
S000257,ODIR,ODIR,NORMAL,VIT_PLUS_LBP,AMD_DRY,0
S000258,ODIR,ODIR,NORMAL,FROZEN_VIT_768D,AMD_DRY,0
S000258,ODIR,ODIR,NORMAL,FULL_HYBRID_800D,AMD_DRY,0
S000258,ODIR,ODIR,NORMAL,HANDCRAFTED_ONLY_32D,AMD_WET,0
S000258,ODIR,ODIR,NORMAL,HYBRID_MINUS_COLOR,AMD_DRY,0
S000258,ODIR,ODIR,NORMAL,HYBRID_MINUS_HARALICK,AMD_DRY,0
S000258,ODIR,ODIR,NORMAL,HYBRID_MINUS_LBP,AMD_DRY,0
S000258,ODIR,ODIR,NORMAL,VIT_PLUS_COLOR,AMD_DRY,0
S000258,ODIR,ODIR,NORMAL,VIT_PLUS_HARALICK,AMD_DRY,0
S000258,ODIR,ODIR,NORMAL,VIT_PLUS_LBP,AMD_DRY,0
S000259,ODIR,ODIR,NORMAL,FROZEN_VIT_768D,AMD_DRY,0
S000259,ODIR,ODIR,NORMAL,FULL_HYBRID_800D,AMD_DRY,0
S000259,ODIR,ODIR,NORMAL,HANDCRAFTED_ONLY_32D,AMD_WET,0
S000259,ODIR,ODIR,NORMAL,HYBRID_MINUS_COLOR,AMD_DRY,0
S000259,ODIR,ODIR,NORMAL,HYBRID_MINUS_HARALICK,AMD_DRY,0
S000259,ODIR,ODIR,NORMAL,HYBRID_MINUS_LBP,AMD_DRY,0
S000259,ODIR,ODIR,NORMAL,VIT_PLUS_COLOR,AMD_DRY,0
S000259,ODIR,ODIR,NORMAL,VIT_PLUS_HARALICK,AMD_DRY,0
S000259,ODIR,ODIR,NORMAL,VIT_PLUS_LBP,AMD_DRY,0
S000260,ODIR,ODIR,NORMAL,FROZEN_VIT_768D,AMD_DRY,0
S000260,ODIR,ODIR,NORMAL,FULL_HYBRID_800D,AMD_DRY,0
S000260,ODIR,ODIR,NORMAL,HANDCRAFTED_ONLY_32D,AMD_WET,0
S000260,ODIR,ODIR,NORMAL,HYBRID_MINUS_COLOR,AMD_DRY,0
S000260,ODIR,ODIR,NORMAL,HYBRID_MINUS_HARALICK,AMD_DRY,0
S000260,ODIR,ODIR,NORMAL,HYBRID_MINUS_LBP,AMD_DRY,0
S000260,ODIR,ODIR,NORMAL,VIT_PLUS_COLOR,AMD_DRY,0
S000260,ODIR,ODIR,NORMAL,VIT_PLUS_HARALICK,AMD_DRY,0
S000260,ODIR,ODIR,NORMAL,VIT_PLUS_LBP,AMD_DRY,0
S000261,ODIR,ODIR,NORMAL,FROZEN_VIT_768D,NORMAL,1
S000261,ODIR,ODIR,NORMAL,FULL_HYBRID_800D,NORMAL,1
S000261,ODIR,ODIR,NORMAL,HANDCRAFTED_ONLY_32D,NORMAL,1
S000261,ODIR,ODIR,NORMAL,HYBRID_MINUS_COLOR,NORMAL,1
S000261,ODIR,ODIR,NORMAL,HYBRID_MINUS_HARALICK,NORMAL,1
S000261,ODIR,ODIR,NORMAL,HYBRID_MINUS_LBP,NORMAL,1
S000261,ODIR,ODIR,NORMAL,VIT_PLUS_COLOR,NORMAL,1
S000261,ODIR,ODIR,NORMAL,VIT_PLUS_HARALICK,NORMAL,1
S000261,ODIR,ODIR,NORMAL,VIT_PLUS_LBP,NORMAL,1
S000262,ODIR,ODIR,NORMAL,FROZEN_VIT_768D,NORMAL,1
S000262,ODIR,ODIR,NORMAL,FULL_HYBRID_800D,NORMAL,1
S000262,ODIR,ODIR,NORMAL,HANDCRAFTED_ONLY_32D,AMD_DRY,0
S000262,ODIR,ODIR,NORMAL,HYBRID_MINUS_COLOR,NORMAL,1
S000262,ODIR,ODIR,NORMAL,HYBRID_MINUS_HARALICK,NORMAL,1
S000262,ODIR,ODIR,NORMAL,HYBRID_MINUS_LBP,NORMAL,1
S000262,ODIR,ODIR,NORMAL,VIT_PLUS_COLOR,NORMAL,1
S000262,ODIR,ODIR,NORMAL,VIT_PLUS_HARALICK,NORMAL,1
S000262,ODIR,ODIR,NORMAL,VIT_PLUS_LBP,NORMAL,1
S000263,ODIR,ODIR,NORMAL,FROZEN_VIT_768D,NORMAL,1
S000263,ODIR,ODIR,NORMAL,FULL_HYBRID_800D,NORMAL,1
S000263,ODIR,ODIR,NORMAL,HANDCRAFTED_ONLY_32D,AMD_DRY,0
S000263,ODIR,ODIR,NORMAL,HYBRID_MINUS_COLOR,NORMAL,1
S000263,ODIR,ODIR,NORMAL,HYBRID_MINUS_HARALICK,NORMAL,1
S000263,ODIR,ODIR,NORMAL,HYBRID_MINUS_LBP,NORMAL,1
S000263,ODIR,ODIR,NORMAL,VIT_PLUS_COLOR,NORMAL,1
S000263,ODIR,ODIR,NORMAL,VIT_PLUS_HARALICK,NORMAL,1
S000263,ODIR,ODIR,NORMAL,VIT_PLUS_LBP,NORMAL,1
S000264,ODIR,ODIR,NORMAL,FROZEN_VIT_768D,NORMAL,1
S000264,ODIR,ODIR,NORMAL,FULL_HYBRID_800D,NORMAL,1
S000264,ODIR,ODIR,NORMAL,HANDCRAFTED_ONLY_32D,NORMAL,1
S000264,ODIR,ODIR,NORMAL,HYBRID_MINUS_COLOR,NORMAL,1
S000264,ODIR,ODIR,NORMAL,HYBRID_MINUS_HARALICK,NORMAL,1
S000264,ODIR,ODIR,NORMAL,HYBRID_MINUS_LBP,NORMAL,1
S000264,ODIR,ODIR,NORMAL,VIT_PLUS_COLOR,NORMAL,1
S000264,ODIR,ODIR,NORMAL,VIT_PLUS_HARALICK,NORMAL,1
S000264,ODIR,ODIR,NORMAL,VIT_PLUS_LBP,NORMAL,1
S000265,ODIR,ODIR,NORMAL,FROZEN_VIT_768D,NORMAL,1
S000265,ODIR,ODIR,NORMAL,FULL_HYBRID_800D,NORMAL,1
S000265,ODIR,ODIR,NORMAL,HANDCRAFTED_ONLY_32D,NORMAL,1
S000265,ODIR,ODIR,NORMAL,HYBRID_MINUS_COLOR,NORMAL,1
S000265,ODIR,ODIR,NORMAL,HYBRID_MINUS_HARALICK,NORMAL,1
S000265,ODIR,ODIR,NORMAL,HYBRID_MINUS_LBP,NORMAL,1
S000265,ODIR,ODIR,NORMAL,VIT_PLUS_COLOR,NORMAL,1
S000265,ODIR,ODIR,NORMAL,VIT_PLUS_HARALICK,NORMAL,1
S000265,ODIR,ODIR,NORMAL,VIT_PLUS_LBP,NORMAL,1
S000266,ODIR,ODIR,NORMAL,FROZEN_VIT_768D,NORMAL,1
S000266,ODIR,ODIR,NORMAL,FULL_HYBRID_800D,NORMAL,1
S000266,ODIR,ODIR,NORMAL,HANDCRAFTED_ONLY_32D,NORMAL,1
S000266,ODIR,ODIR,NORMAL,HYBRID_MINUS_COLOR,NORMAL,1
S000266,ODIR,ODIR,NORMAL,HYBRID_MINUS_HARALICK,NORMAL,1
S000266,ODIR,ODIR,NORMAL,HYBRID_MINUS_LBP,NORMAL,1
S000266,ODIR,ODIR,NORMAL,VIT_PLUS_COLOR,NORMAL,1
S000266,ODIR,ODIR,NORMAL,VIT_PLUS_HARALICK,NORMAL,1
S000266,ODIR,ODIR,NORMAL,VIT_PLUS_LBP,NORMAL,1
S000267,ODIR,ODIR,NORMAL,FROZEN_VIT_768D,AMD_DRY,0
S000267,ODIR,ODIR,NORMAL,FULL_HYBRID_800D,AMD_DRY,0
S000267,ODIR,ODIR,NORMAL,HANDCRAFTED_ONLY_32D,AMD_WET,0
S000267,ODIR,ODIR,NORMAL,HYBRID_MINUS_COLOR,AMD_DRY,0
S000267,ODIR,ODIR,NORMAL,HYBRID_MINUS_HARALICK,AMD_DRY,0
S000267,ODIR,ODIR,NORMAL,HYBRID_MINUS_LBP,AMD_DRY,0
S000267,ODIR,ODIR,NORMAL,VIT_PLUS_COLOR,AMD_DRY,0
S000267,ODIR,ODIR,NORMAL,VIT_PLUS_HARALICK,AMD_DRY,0
S000267,ODIR,ODIR,NORMAL,VIT_PLUS_LBP,AMD_DRY,0
S000268,ODIR,ODIR,NORMAL,FROZEN_VIT_768D,AMD_DRY,0
S000268,ODIR,ODIR,NORMAL,FULL_HYBRID_800D,AMD_DRY,0
S000268,ODIR,ODIR,NORMAL,HANDCRAFTED_ONLY_32D,AMD_DRY,0
S000268,ODIR,ODIR,NORMAL,HYBRID_MINUS_COLOR,AMD_DRY,0
S000268,ODIR,ODIR,NORMAL,HYBRID_MINUS_HARALICK,AMD_DRY,0
S000268,ODIR,ODIR,NORMAL,HYBRID_MINUS_LBP,AMD_DRY,0
S000268,ODIR,ODIR,NORMAL,VIT_PLUS_COLOR,AMD_DRY,0
S000268,ODIR,ODIR,NORMAL,VIT_PLUS_HARALICK,AMD_DRY,0
S000268,ODIR,ODIR,NORMAL,VIT_PLUS_LBP,AMD_DRY,0
S000269,ODIR,ODIR,NORMAL,FROZEN_VIT_768D,NORMAL,1
S000269,ODIR,ODIR,NORMAL,FULL_HYBRID_800D,NORMAL,1
S000269,ODIR,ODIR,NORMAL,HANDCRAFTED_ONLY_32D,AMD_DRY,0
S000269,ODIR,ODIR,NORMAL,HYBRID_MINUS_COLOR,NORMAL,1
S000269,ODIR,ODIR,NORMAL,HYBRID_MINUS_HARALICK,NORMAL,1
S000269,ODIR,ODIR,NORMAL,HYBRID_MINUS_LBP,NORMAL,1
S000269,ODIR,ODIR,NORMAL,VIT_PLUS_COLOR,NORMAL,1
S000269,ODIR,ODIR,NORMAL,VIT_PLUS_HARALICK,NORMAL,1
S000269,ODIR,ODIR,NORMAL,VIT_PLUS_LBP,NORMAL,1
S000270,ODIR,ODIR,NORMAL,FROZEN_VIT_768D,AMD_DRY,0
S000270,ODIR,ODIR,NORMAL,FULL_HYBRID_800D,AMD_DRY,0
S000270,ODIR,ODIR,NORMAL,HANDCRAFTED_ONLY_32D,AMD_DRY,0
S000270,ODIR,ODIR,NORMAL,HYBRID_MINUS_COLOR,AMD_DRY,0
S000270,ODIR,ODIR,NORMAL,HYBRID_MINUS_HARALICK,AMD_DRY,0
S000270,ODIR,ODIR,NORMAL,HYBRID_MINUS_LBP,AMD_DRY,0
S000270,ODIR,ODIR,NORMAL,VIT_PLUS_COLOR,AMD_DRY,0
S000270,ODIR,ODIR,NORMAL,VIT_PLUS_HARALICK,AMD_DRY,0
S000270,ODIR,ODIR,NORMAL,VIT_PLUS_LBP,AMD_DRY,0
S000271,ODIR,ODIR,NORMAL,FROZEN_VIT_768D,NORMAL,1
S000271,ODIR,ODIR,NORMAL,FULL_HYBRID_800D,NORMAL,1
S000271,ODIR,ODIR,NORMAL,HANDCRAFTED_ONLY_32D,NORMAL,1
S000271,ODIR,ODIR,NORMAL,HYBRID_MINUS_COLOR,NORMAL,1
S000271,ODIR,ODIR,NORMAL,HYBRID_MINUS_HARALICK,NORMAL,1
S000271,ODIR,ODIR,NORMAL,HYBRID_MINUS_LBP,NORMAL,1
S000271,ODIR,ODIR,NORMAL,VIT_PLUS_COLOR,NORMAL,1
S000271,ODIR,ODIR,NORMAL,VIT_PLUS_HARALICK,NORMAL,1
S000271,ODIR,ODIR,NORMAL,VIT_PLUS_LBP,NORMAL,1
S000272,ODIR,ODIR,NORMAL,FROZEN_VIT_768D,NORMAL,1
S000272,ODIR,ODIR,NORMAL,FULL_HYBRID_800D,NORMAL,1
S000272,ODIR,ODIR,NORMAL,HANDCRAFTED_ONLY_32D,AMD_WET,0
S000272,ODIR,ODIR,NORMAL,HYBRID_MINUS_COLOR,NORMAL,1
S000272,ODIR,ODIR,NORMAL,HYBRID_MINUS_HARALICK,NORMAL,1
S000272,ODIR,ODIR,NORMAL,HYBRID_MINUS_LBP,NORMAL,1
S000272,ODIR,ODIR,NORMAL,VIT_PLUS_COLOR,NORMAL,1
S000272,ODIR,ODIR,NORMAL,VIT_PLUS_HARALICK,NORMAL,1
S000272,ODIR,ODIR,NORMAL,VIT_PLUS_LBP,NORMAL,1
S000273,ODIR,ODIR,NORMAL,FROZEN_VIT_768D,NORMAL,1
S000273,ODIR,ODIR,NORMAL,FULL_HYBRID_800D,NORMAL,1
S000273,ODIR,ODIR,NORMAL,HANDCRAFTED_ONLY_32D,NORMAL,1
S000273,ODIR,ODIR,NORMAL,HYBRID_MINUS_COLOR,NORMAL,1
S000273,ODIR,ODIR,NORMAL,HYBRID_MINUS_HARALICK,NORMAL,1
S000273,ODIR,ODIR,NORMAL,HYBRID_MINUS_LBP,NORMAL,1
S000273,ODIR,ODIR,NORMAL,VIT_PLUS_COLOR,NORMAL,1
S000273,ODIR,ODIR,NORMAL,VIT_PLUS_HARALICK,NORMAL,1
S000273,ODIR,ODIR,NORMAL,VIT_PLUS_LBP,NORMAL,1
S000274,ODIR,ODIR,NORMAL,FROZEN_VIT_768D,NORMAL,1
S000274,ODIR,ODIR,NORMAL,FULL_HYBRID_800D,NORMAL,1
S000274,ODIR,ODIR,NORMAL,HANDCRAFTED_ONLY_32D,AMD_WET,0
S000274,ODIR,ODIR,NORMAL,HYBRID_MINUS_COLOR,NORMAL,1
S000274,ODIR,ODIR,NORMAL,HYBRID_MINUS_HARALICK,NORMAL,1
S000274,ODIR,ODIR,NORMAL,HYBRID_MINUS_LBP,NORMAL,1
S000274,ODIR,ODIR,NORMAL,VIT_PLUS_COLOR,NORMAL,1
S000274,ODIR,ODIR,NORMAL,VIT_PLUS_HARALICK,NORMAL,1
S000274,ODIR,ODIR,NORMAL,VIT_PLUS_LBP,NORMAL,1
S000275,ODIR,ODIR,NORMAL,FROZEN_VIT_768D,NORMAL,1
S000275,ODIR,ODIR,NORMAL,FULL_HYBRID_800D,NORMAL,1
S000275,ODIR,ODIR,NORMAL,HANDCRAFTED_ONLY_32D,AMD_WET,0
S000275,ODIR,ODIR,NORMAL,HYBRID_MINUS_COLOR,NORMAL,1
S000275,ODIR,ODIR,NORMAL,HYBRID_MINUS_HARALICK,NORMAL,1
S000275,ODIR,ODIR,NORMAL,HYBRID_MINUS_LBP,NORMAL,1
S000275,ODIR,ODIR,NORMAL,VIT_PLUS_COLOR,NORMAL,1
S000275,ODIR,ODIR,NORMAL,VIT_PLUS_HARALICK,NORMAL,1
S000275,ODIR,ODIR,NORMAL,VIT_PLUS_LBP,NORMAL,1
S000276,ODIR,ODIR,NORMAL,FROZEN_VIT_768D,AMD_DRY,0
S000276,ODIR,ODIR,NORMAL,FULL_HYBRID_800D,AMD_DRY,0
S000276,ODIR,ODIR,NORMAL,HANDCRAFTED_ONLY_32D,AMD_WET,0
S000276,ODIR,ODIR,NORMAL,HYBRID_MINUS_COLOR,AMD_DRY,0
S000276,ODIR,ODIR,NORMAL,HYBRID_MINUS_HARALICK,AMD_DRY,0
S000276,ODIR,ODIR,NORMAL,HYBRID_MINUS_LBP,AMD_DRY,0
S000276,ODIR,ODIR,NORMAL,VIT_PLUS_COLOR,AMD_DRY,0
S000276,ODIR,ODIR,NORMAL,VIT_PLUS_HARALICK,AMD_DRY,0
S000276,ODIR,ODIR,NORMAL,VIT_PLUS_LBP,AMD_DRY,0
S000277,ODIR,ODIR,NORMAL,FROZEN_VIT_768D,NORMAL,1
S000277,ODIR,ODIR,NORMAL,FULL_HYBRID_800D,NORMAL,1
S000277,ODIR,ODIR,NORMAL,HANDCRAFTED_ONLY_32D,NORMAL,1
S000277,ODIR,ODIR,NORMAL,HYBRID_MINUS_COLOR,NORMAL,1
S000277,ODIR,ODIR,NORMAL,HYBRID_MINUS_HARALICK,NORMAL,1
S000277,ODIR,ODIR,NORMAL,HYBRID_MINUS_LBP,NORMAL,1
S000277,ODIR,ODIR,NORMAL,VIT_PLUS_COLOR,NORMAL,1
S000277,ODIR,ODIR,NORMAL,VIT_PLUS_HARALICK,NORMAL,1
S000277,ODIR,ODIR,NORMAL,VIT_PLUS_LBP,NORMAL,1
S000278,ODIR,ODIR,NORMAL,FROZEN_VIT_768D,NORMAL,1
S000278,ODIR,ODIR,NORMAL,FULL_HYBRID_800D,NORMAL,1
S000278,ODIR,ODIR,NORMAL,HANDCRAFTED_ONLY_32D,NORMAL,1
S000278,ODIR,ODIR,NORMAL,HYBRID_MINUS_COLOR,NORMAL,1
S000278,ODIR,ODIR,NORMAL,HYBRID_MINUS_HARALICK,NORMAL,1
S000278,ODIR,ODIR,NORMAL,HYBRID_MINUS_LBP,NORMAL,1
S000278,ODIR,ODIR,NORMAL,VIT_PLUS_COLOR,NORMAL,1
S000278,ODIR,ODIR,NORMAL,VIT_PLUS_HARALICK,NORMAL,1
S000278,ODIR,ODIR,NORMAL,VIT_PLUS_LBP,NORMAL,1
S000279,ODIR,ODIR,NORMAL,FROZEN_VIT_768D,AMD_DRY,0
S000279,ODIR,ODIR,NORMAL,FULL_HYBRID_800D,NORMAL,1
S000279,ODIR,ODIR,NORMAL,HANDCRAFTED_ONLY_32D,AMD_WET,0
S000279,ODIR,ODIR,NORMAL,HYBRID_MINUS_COLOR,AMD_DRY,0
S000279,ODIR,ODIR,NORMAL,HYBRID_MINUS_HARALICK,NORMAL,1
S000279,ODIR,ODIR,NORMAL,HYBRID_MINUS_LBP,AMD_DRY,0
S000279,ODIR,ODIR,NORMAL,VIT_PLUS_COLOR,NORMAL,1
S000279,ODIR,ODIR,NORMAL,VIT_PLUS_HARALICK,AMD_DRY,0
S000279,ODIR,ODIR,NORMAL,VIT_PLUS_LBP,AMD_DRY,0
S000280,ODIR,ODIR,NORMAL,FROZEN_VIT_768D,AMD_DRY,0
S000280,ODIR,ODIR,NORMAL,FULL_HYBRID_800D,AMD_DRY,0
S000280,ODIR,ODIR,NORMAL,HANDCRAFTED_ONLY_32D,AMD_DRY,0
S000280,ODIR,ODIR,NORMAL,HYBRID_MINUS_COLOR,AMD_DRY,0
S000280,ODIR,ODIR,NORMAL,HYBRID_MINUS_HARALICK,AMD_DRY,0
S000280,ODIR,ODIR,NORMAL,HYBRID_MINUS_LBP,AMD_DRY,0
S000280,ODIR,ODIR,NORMAL,VIT_PLUS_COLOR,AMD_DRY,0
S000280,ODIR,ODIR,NORMAL,VIT_PLUS_HARALICK,AMD_DRY,0
S000280,ODIR,ODIR,NORMAL,VIT_PLUS_LBP,AMD_DRY,0
S000281,ODIR,ODIR,NORMAL,FROZEN_VIT_768D,NORMAL,1
S000281,ODIR,ODIR,NORMAL,FULL_HYBRID_800D,NORMAL,1
S000281,ODIR,ODIR,NORMAL,HANDCRAFTED_ONLY_32D,NORMAL,1
S000281,ODIR,ODIR,NORMAL,HYBRID_MINUS_COLOR,NORMAL,1
S000281,ODIR,ODIR,NORMAL,HYBRID_MINUS_HARALICK,NORMAL,1
S000281,ODIR,ODIR,NORMAL,HYBRID_MINUS_LBP,NORMAL,1
S000281,ODIR,ODIR,NORMAL,VIT_PLUS_COLOR,NORMAL,1
S000281,ODIR,ODIR,NORMAL,VIT_PLUS_HARALICK,NORMAL,1
S000281,ODIR,ODIR,NORMAL,VIT_PLUS_LBP,NORMAL,1
S000282,ODIR,ODIR,NORMAL,FROZEN_VIT_768D,AMD_DRY,0
S000282,ODIR,ODIR,NORMAL,FULL_HYBRID_800D,NORMAL,1
S000282,ODIR,ODIR,NORMAL,HANDCRAFTED_ONLY_32D,AMD_WET,0
S000282,ODIR,ODIR,NORMAL,HYBRID_MINUS_COLOR,NORMAL,1
S000282,ODIR,ODIR,NORMAL,HYBRID_MINUS_HARALICK,NORMAL,1
S000282,ODIR,ODIR,NORMAL,HYBRID_MINUS_LBP,NORMAL,1
S000282,ODIR,ODIR,NORMAL,VIT_PLUS_COLOR,NORMAL,1
S000282,ODIR,ODIR,NORMAL,VIT_PLUS_HARALICK,NORMAL,1
S000282,ODIR,ODIR,NORMAL,VIT_PLUS_LBP,NORMAL,1
S000283,ODIR,ODIR,NORMAL,FROZEN_VIT_768D,AMD_DRY,0
S000283,ODIR,ODIR,NORMAL,FULL_HYBRID_800D,AMD_DRY,0
S000283,ODIR,ODIR,NORMAL,HANDCRAFTED_ONLY_32D,AMD_WET,0
S000283,ODIR,ODIR,NORMAL,HYBRID_MINUS_COLOR,AMD_DRY,0
S000283,ODIR,ODIR,NORMAL,HYBRID_MINUS_HARALICK,AMD_DRY,0
S000283,ODIR,ODIR,NORMAL,HYBRID_MINUS_LBP,AMD_DRY,0
S000283,ODIR,ODIR,NORMAL,VIT_PLUS_COLOR,AMD_DRY,0
S000283,ODIR,ODIR,NORMAL,VIT_PLUS_HARALICK,AMD_DRY,0
S000283,ODIR,ODIR,NORMAL,VIT_PLUS_LBP,AMD_DRY,0
S000284,ODIR,ODIR,NORMAL,FROZEN_VIT_768D,NORMAL,1
S000284,ODIR,ODIR,NORMAL,FULL_HYBRID_800D,NORMAL,1
S000284,ODIR,ODIR,NORMAL,HANDCRAFTED_ONLY_32D,AMD_DRY,0
S000284,ODIR,ODIR,NORMAL,HYBRID_MINUS_COLOR,NORMAL,1
S000284,ODIR,ODIR,NORMAL,HYBRID_MINUS_HARALICK,NORMAL,1
S000284,ODIR,ODIR,NORMAL,HYBRID_MINUS_LBP,NORMAL,1
S000284,ODIR,ODIR,NORMAL,VIT_PLUS_COLOR,NORMAL,1
S000284,ODIR,ODIR,NORMAL,VIT_PLUS_HARALICK,NORMAL,1
S000284,ODIR,ODIR,NORMAL,VIT_PLUS_LBP,NORMAL,1
S000285,ODIR,ODIR,NORMAL,FROZEN_VIT_768D,NORMAL,1
S000285,ODIR,ODIR,NORMAL,FULL_HYBRID_800D,NORMAL,1
S000285,ODIR,ODIR,NORMAL,HANDCRAFTED_ONLY_32D,AMD_WET,0
S000285,ODIR,ODIR,NORMAL,HYBRID_MINUS_COLOR,NORMAL,1
S000285,ODIR,ODIR,NORMAL,HYBRID_MINUS_HARALICK,NORMAL,1
S000285,ODIR,ODIR,NORMAL,HYBRID_MINUS_LBP,NORMAL,1
S000285,ODIR,ODIR,NORMAL,VIT_PLUS_COLOR,NORMAL,1
S000285,ODIR,ODIR,NORMAL,VIT_PLUS_HARALICK,NORMAL,1
S000285,ODIR,ODIR,NORMAL,VIT_PLUS_LBP,NORMAL,1
S000286,ODIR,ODIR,NORMAL,FROZEN_VIT_768D,AMD_DRY,0
S000286,ODIR,ODIR,NORMAL,FULL_HYBRID_800D,AMD_DRY,0
S000286,ODIR,ODIR,NORMAL,HANDCRAFTED_ONLY_32D,AMD_DRY,0
S000286,ODIR,ODIR,NORMAL,HYBRID_MINUS_COLOR,AMD_DRY,0
S000286,ODIR,ODIR,NORMAL,HYBRID_MINUS_HARALICK,AMD_DRY,0
S000286,ODIR,ODIR,NORMAL,HYBRID_MINUS_LBP,AMD_DRY,0
S000286,ODIR,ODIR,NORMAL,VIT_PLUS_COLOR,AMD_DRY,0
S000286,ODIR,ODIR,NORMAL,VIT_PLUS_HARALICK,AMD_DRY,0
S000286,ODIR,ODIR,NORMAL,VIT_PLUS_LBP,AMD_DRY,0
S000287,ODIR,ODIR,NORMAL,FROZEN_VIT_768D,NORMAL,1
S000287,ODIR,ODIR,NORMAL,FULL_HYBRID_800D,NORMAL,1
S000287,ODIR,ODIR,NORMAL,HANDCRAFTED_ONLY_32D,AMD_WET,0
S000287,ODIR,ODIR,NORMAL,HYBRID_MINUS_COLOR,NORMAL,1
S000287,ODIR,ODIR,NORMAL,HYBRID_MINUS_HARALICK,NORMAL,1
S000287,ODIR,ODIR,NORMAL,HYBRID_MINUS_LBP,NORMAL,1
S000287,ODIR,ODIR,NORMAL,VIT_PLUS_COLOR,NORMAL,1
S000287,ODIR,ODIR,NORMAL,VIT_PLUS_HARALICK,NORMAL,1
S000287,ODIR,ODIR,NORMAL,VIT_PLUS_LBP,NORMAL,1
S000288,ODIR,ODIR,NORMAL,FROZEN_VIT_768D,AMD_DRY,0
S000288,ODIR,ODIR,NORMAL,FULL_HYBRID_800D,AMD_DRY,0
S000288,ODIR,ODIR,NORMAL,HANDCRAFTED_ONLY_32D,NORMAL,1
S000288,ODIR,ODIR,NORMAL,HYBRID_MINUS_COLOR,AMD_DRY,0
S000288,ODIR,ODIR,NORMAL,HYBRID_MINUS_HARALICK,AMD_DRY,0
S000288,ODIR,ODIR,NORMAL,HYBRID_MINUS_LBP,AMD_DRY,0
S000288,ODIR,ODIR,NORMAL,VIT_PLUS_COLOR,AMD_DRY,0
S000288,ODIR,ODIR,NORMAL,VIT_PLUS_HARALICK,AMD_DRY,0
S000288,ODIR,ODIR,NORMAL,VIT_PLUS_LBP,AMD_DRY,0
S000289,ODIR,ODIR,NORMAL,FROZEN_VIT_768D,NORMAL,1
S000289,ODIR,ODIR,NORMAL,FULL_HYBRID_800D,NORMAL,1
S000289,ODIR,ODIR,NORMAL,HANDCRAFTED_ONLY_32D,AMD_WET,0
S000289,ODIR,ODIR,NORMAL,HYBRID_MINUS_COLOR,NORMAL,1
S000289,ODIR,ODIR,NORMAL,HYBRID_MINUS_HARALICK,NORMAL,1
S000289,ODIR,ODIR,NORMAL,HYBRID_MINUS_LBP,NORMAL,1
S000289,ODIR,ODIR,NORMAL,VIT_PLUS_COLOR,NORMAL,1
S000289,ODIR,ODIR,NORMAL,VIT_PLUS_HARALICK,NORMAL,1
S000289,ODIR,ODIR,NORMAL,VIT_PLUS_LBP,NORMAL,1
S000290,ODIR,ODIR,NORMAL,FROZEN_VIT_768D,NORMAL,1
S000290,ODIR,ODIR,NORMAL,FULL_HYBRID_800D,NORMAL,1
S000290,ODIR,ODIR,NORMAL,HANDCRAFTED_ONLY_32D,AMD_WET,0
S000290,ODIR,ODIR,NORMAL,HYBRID_MINUS_COLOR,NORMAL,1
S000290,ODIR,ODIR,NORMAL,HYBRID_MINUS_HARALICK,NORMAL,1
S000290,ODIR,ODIR,NORMAL,HYBRID_MINUS_LBP,NORMAL,1
S000290,ODIR,ODIR,NORMAL,VIT_PLUS_COLOR,NORMAL,1
S000290,ODIR,ODIR,NORMAL,VIT_PLUS_HARALICK,NORMAL,1
S000290,ODIR,ODIR,NORMAL,VIT_PLUS_LBP,NORMAL,1
S000291,ODIR,ODIR,NORMAL,FROZEN_VIT_768D,AMD_DRY,0
S000291,ODIR,ODIR,NORMAL,FULL_HYBRID_800D,AMD_DRY,0
S000291,ODIR,ODIR,NORMAL,HANDCRAFTED_ONLY_32D,AMD_DRY,0
S000291,ODIR,ODIR,NORMAL,HYBRID_MINUS_COLOR,AMD_DRY,0
S000291,ODIR,ODIR,NORMAL,HYBRID_MINUS_HARALICK,AMD_DRY,0
S000291,ODIR,ODIR,NORMAL,HYBRID_MINUS_LBP,AMD_DRY,0
S000291,ODIR,ODIR,NORMAL,VIT_PLUS_COLOR,AMD_DRY,0
S000291,ODIR,ODIR,NORMAL,VIT_PLUS_HARALICK,AMD_DRY,0
S000291,ODIR,ODIR,NORMAL,VIT_PLUS_LBP,AMD_DRY,0
S000292,ODIR,ODIR,NORMAL,FROZEN_VIT_768D,NORMAL,1
S000292,ODIR,ODIR,NORMAL,FULL_HYBRID_800D,NORMAL,1
S000292,ODIR,ODIR,NORMAL,HANDCRAFTED_ONLY_32D,NORMAL,1
S000292,ODIR,ODIR,NORMAL,HYBRID_MINUS_COLOR,NORMAL,1
S000292,ODIR,ODIR,NORMAL,HYBRID_MINUS_HARALICK,NORMAL,1
S000292,ODIR,ODIR,NORMAL,HYBRID_MINUS_LBP,NORMAL,1
S000292,ODIR,ODIR,NORMAL,VIT_PLUS_COLOR,NORMAL,1
S000292,ODIR,ODIR,NORMAL,VIT_PLUS_HARALICK,NORMAL,1
S000292,ODIR,ODIR,NORMAL,VIT_PLUS_LBP,NORMAL,1
S000293,ODIR,ODIR,NORMAL,FROZEN_VIT_768D,AMD_DRY,0
S000293,ODIR,ODIR,NORMAL,FULL_HYBRID_800D,AMD_DRY,0
S000293,ODIR,ODIR,NORMAL,HANDCRAFTED_ONLY_32D,NORMAL,1
S000293,ODIR,ODIR,NORMAL,HYBRID_MINUS_COLOR,AMD_DRY,0
S000293,ODIR,ODIR,NORMAL,HYBRID_MINUS_HARALICK,AMD_DRY,0
S000293,ODIR,ODIR,NORMAL,HYBRID_MINUS_LBP,AMD_DRY,0
S000293,ODIR,ODIR,NORMAL,VIT_PLUS_COLOR,AMD_DRY,0
S000293,ODIR,ODIR,NORMAL,VIT_PLUS_HARALICK,AMD_DRY,0
S000293,ODIR,ODIR,NORMAL,VIT_PLUS_LBP,AMD_DRY,0
S000294,ODIR,ODIR,NORMAL,FROZEN_VIT_768D,NORMAL,1
S000294,ODIR,ODIR,NORMAL,FULL_HYBRID_800D,NORMAL,1
S000294,ODIR,ODIR,NORMAL,HANDCRAFTED_ONLY_32D,NORMAL,1
S000294,ODIR,ODIR,NORMAL,HYBRID_MINUS_COLOR,NORMAL,1
S000294,ODIR,ODIR,NORMAL,HYBRID_MINUS_HARALICK,NORMAL,1
S000294,ODIR,ODIR,NORMAL,HYBRID_MINUS_LBP,NORMAL,1
S000294,ODIR,ODIR,NORMAL,VIT_PLUS_COLOR,NORMAL,1
S000294,ODIR,ODIR,NORMAL,VIT_PLUS_HARALICK,NORMAL,1
S000294,ODIR,ODIR,NORMAL,VIT_PLUS_LBP,NORMAL,1
S000295,ODIR,ODIR,NORMAL,FROZEN_VIT_768D,AMD_DRY,0
S000295,ODIR,ODIR,NORMAL,FULL_HYBRID_800D,AMD_DRY,0
S000295,ODIR,ODIR,NORMAL,HANDCRAFTED_ONLY_32D,AMD_DRY,0
S000295,ODIR,ODIR,NORMAL,HYBRID_MINUS_COLOR,AMD_DRY,0
S000295,ODIR,ODIR,NORMAL,HYBRID_MINUS_HARALICK,AMD_DRY,0
S000295,ODIR,ODIR,NORMAL,HYBRID_MINUS_LBP,AMD_DRY,0
S000295,ODIR,ODIR,NORMAL,VIT_PLUS_COLOR,AMD_DRY,0
S000295,ODIR,ODIR,NORMAL,VIT_PLUS_HARALICK,AMD_DRY,0
S000295,ODIR,ODIR,NORMAL,VIT_PLUS_LBP,AMD_DRY,0
S000296,ODIR,ODIR,NORMAL,FROZEN_VIT_768D,AMD_DRY,0
S000296,ODIR,ODIR,NORMAL,FULL_HYBRID_800D,AMD_DRY,0
S000296,ODIR,ODIR,NORMAL,HANDCRAFTED_ONLY_32D,AMD_WET,0
S000296,ODIR,ODIR,NORMAL,HYBRID_MINUS_COLOR,AMD_DRY,0
S000296,ODIR,ODIR,NORMAL,HYBRID_MINUS_HARALICK,AMD_DRY,0
S000296,ODIR,ODIR,NORMAL,HYBRID_MINUS_LBP,AMD_DRY,0
S000296,ODIR,ODIR,NORMAL,VIT_PLUS_COLOR,AMD_DRY,0
S000296,ODIR,ODIR,NORMAL,VIT_PLUS_HARALICK,AMD_DRY,0
S000296,ODIR,ODIR,NORMAL,VIT_PLUS_LBP,AMD_DRY,0
S000297,ODIR,ODIR,NORMAL,FROZEN_VIT_768D,AMD_DRY,0
S000297,ODIR,ODIR,NORMAL,FULL_HYBRID_800D,AMD_DRY,0
S000297,ODIR,ODIR,NORMAL,HANDCRAFTED_ONLY_32D,NORMAL,1
S000297,ODIR,ODIR,NORMAL,HYBRID_MINUS_COLOR,AMD_DRY,0
S000297,ODIR,ODIR,NORMAL,HYBRID_MINUS_HARALICK,AMD_DRY,0
S000297,ODIR,ODIR,NORMAL,HYBRID_MINUS_LBP,AMD_DRY,0
S000297,ODIR,ODIR,NORMAL,VIT_PLUS_COLOR,AMD_DRY,0
S000297,ODIR,ODIR,NORMAL,VIT_PLUS_HARALICK,AMD_DRY,0
S000297,ODIR,ODIR,NORMAL,VIT_PLUS_LBP,AMD_DRY,0
S000298,ODIR,ODIR,NORMAL,FROZEN_VIT_768D,NORMAL,1
S000298,ODIR,ODIR,NORMAL,FULL_HYBRID_800D,NORMAL,1
S000298,ODIR,ODIR,NORMAL,HANDCRAFTED_ONLY_32D,NORMAL,1
S000298,ODIR,ODIR,NORMAL,HYBRID_MINUS_COLOR,NORMAL,1
S000298,ODIR,ODIR,NORMAL,HYBRID_MINUS_HARALICK,NORMAL,1
S000298,ODIR,ODIR,NORMAL,HYBRID_MINUS_LBP,NORMAL,1
S000298,ODIR,ODIR,NORMAL,VIT_PLUS_COLOR,NORMAL,1
S000298,ODIR,ODIR,NORMAL,VIT_PLUS_HARALICK,NORMAL,1
S000298,ODIR,ODIR,NORMAL,VIT_PLUS_LBP,NORMAL,1
S000299,ODIR,ODIR,NORMAL,FROZEN_VIT_768D,AMD_DRY,0
S000299,ODIR,ODIR,NORMAL,FULL_HYBRID_800D,AMD_DRY,0
S000299,ODIR,ODIR,NORMAL,HANDCRAFTED_ONLY_32D,AMD_WET,0
S000299,ODIR,ODIR,NORMAL,HYBRID_MINUS_COLOR,AMD_DRY,0
S000299,ODIR,ODIR,NORMAL,HYBRID_MINUS_HARALICK,AMD_DRY,0
S000299,ODIR,ODIR,NORMAL,HYBRID_MINUS_LBP,AMD_DRY,0
S000299,ODIR,ODIR,NORMAL,VIT_PLUS_COLOR,AMD_DRY,0
S000299,ODIR,ODIR,NORMAL,VIT_PLUS_HARALICK,AMD_DRY,0
S000299,ODIR,ODIR,NORMAL,VIT_PLUS_LBP,AMD_DRY,0
S000300,ODIR,ODIR,NORMAL,FROZEN_VIT_768D,AMD_DRY,0
S000300,ODIR,ODIR,NORMAL,FULL_HYBRID_800D,AMD_DRY,0
S000300,ODIR,ODIR,NORMAL,HANDCRAFTED_ONLY_32D,AMD_WET,0
S000300,ODIR,ODIR,NORMAL,HYBRID_MINUS_COLOR,AMD_DRY,0
S000300,ODIR,ODIR,NORMAL,HYBRID_MINUS_HARALICK,AMD_DRY,0
S000300,ODIR,ODIR,NORMAL,HYBRID_MINUS_LBP,AMD_WET,0
S000300,ODIR,ODIR,NORMAL,VIT_PLUS_COLOR,AMD_DRY,0
S000300,ODIR,ODIR,NORMAL,VIT_PLUS_HARALICK,AMD_DRY,0
S000300,ODIR,ODIR,NORMAL,VIT_PLUS_LBP,AMD_DRY,0
S000301,ODIR,ODIR,NORMAL,FROZEN_VIT_768D,NORMAL,1
S000301,ODIR,ODIR,NORMAL,FULL_HYBRID_800D,NORMAL,1
S000301,ODIR,ODIR,NORMAL,HANDCRAFTED_ONLY_32D,AMD_WET,0
S000301,ODIR,ODIR,NORMAL,HYBRID_MINUS_COLOR,NORMAL,1
S000301,ODIR,ODIR,NORMAL,HYBRID_MINUS_HARALICK,NORMAL,1
S000301,ODIR,ODIR,NORMAL,HYBRID_MINUS_LBP,NORMAL,1
S000301,ODIR,ODIR,NORMAL,VIT_PLUS_COLOR,NORMAL,1
S000301,ODIR,ODIR,NORMAL,VIT_PLUS_HARALICK,NORMAL,1
S000301,ODIR,ODIR,NORMAL,VIT_PLUS_LBP,NORMAL,1
S000302,ODIR,ODIR,NORMAL,FROZEN_VIT_768D,NORMAL,1
S000302,ODIR,ODIR,NORMAL,FULL_HYBRID_800D,NORMAL,1
S000302,ODIR,ODIR,NORMAL,HANDCRAFTED_ONLY_32D,NORMAL,1
S000302,ODIR,ODIR,NORMAL,HYBRID_MINUS_COLOR,NORMAL,1
S000302,ODIR,ODIR,NORMAL,HYBRID_MINUS_HARALICK,NORMAL,1
S000302,ODIR,ODIR,NORMAL,HYBRID_MINUS_LBP,NORMAL,1
S000302,ODIR,ODIR,NORMAL,VIT_PLUS_COLOR,NORMAL,1
S000302,ODIR,ODIR,NORMAL,VIT_PLUS_HARALICK,NORMAL,1
S000302,ODIR,ODIR,NORMAL,VIT_PLUS_LBP,NORMAL,1
S000303,ODIR,ODIR,NORMAL,FROZEN_VIT_768D,AMD_DRY,0
S000303,ODIR,ODIR,NORMAL,FULL_HYBRID_800D,AMD_DRY,0
S000303,ODIR,ODIR,NORMAL,HANDCRAFTED_ONLY_32D,AMD_DRY,0
S000303,ODIR,ODIR,NORMAL,HYBRID_MINUS_COLOR,AMD_DRY,0
S000303,ODIR,ODIR,NORMAL,HYBRID_MINUS_HARALICK,AMD_DRY,0
S000303,ODIR,ODIR,NORMAL,HYBRID_MINUS_LBP,AMD_DRY,0
S000303,ODIR,ODIR,NORMAL,VIT_PLUS_COLOR,AMD_DRY,0
S000303,ODIR,ODIR,NORMAL,VIT_PLUS_HARALICK,AMD_DRY,0
S000303,ODIR,ODIR,NORMAL,VIT_PLUS_LBP,AMD_DRY,0
S000304,ODIR,ODIR,NORMAL,FROZEN_VIT_768D,AMD_DRY,0
S000304,ODIR,ODIR,NORMAL,FULL_HYBRID_800D,AMD_DRY,0
S000304,ODIR,ODIR,NORMAL,HANDCRAFTED_ONLY_32D,AMD_DRY,0
S000304,ODIR,ODIR,NORMAL,HYBRID_MINUS_COLOR,AMD_DRY,0
S000304,ODIR,ODIR,NORMAL,HYBRID_MINUS_HARALICK,AMD_DRY,0
S000304,ODIR,ODIR,NORMAL,HYBRID_MINUS_LBP,AMD_DRY,0
S000304,ODIR,ODIR,NORMAL,VIT_PLUS_COLOR,AMD_DRY,0
S000304,ODIR,ODIR,NORMAL,VIT_PLUS_HARALICK,AMD_DRY,0
S000304,ODIR,ODIR,NORMAL,VIT_PLUS_LBP,AMD_DRY,0
S000305,ODIR,ODIR,NORMAL,FROZEN_VIT_768D,NORMAL,1
S000305,ODIR,ODIR,NORMAL,FULL_HYBRID_800D,NORMAL,1
S000305,ODIR,ODIR,NORMAL,HANDCRAFTED_ONLY_32D,NORMAL,1
S000305,ODIR,ODIR,NORMAL,HYBRID_MINUS_COLOR,NORMAL,1
S000305,ODIR,ODIR,NORMAL,HYBRID_MINUS_HARALICK,NORMAL,1
S000305,ODIR,ODIR,NORMAL,HYBRID_MINUS_LBP,NORMAL,1
S000305,ODIR,ODIR,NORMAL,VIT_PLUS_COLOR,NORMAL,1
S000305,ODIR,ODIR,NORMAL,VIT_PLUS_HARALICK,NORMAL,1
S000305,ODIR,ODIR,NORMAL,VIT_PLUS_LBP,NORMAL,1
S000306,ODIR,ODIR,NORMAL,FROZEN_VIT_768D,AMD_DRY,0
S000306,ODIR,ODIR,NORMAL,FULL_HYBRID_800D,AMD_DRY,0
S000306,ODIR,ODIR,NORMAL,HANDCRAFTED_ONLY_32D,AMD_DRY,0
S000306,ODIR,ODIR,NORMAL,HYBRID_MINUS_COLOR,AMD_DRY,0
S000306,ODIR,ODIR,NORMAL,HYBRID_MINUS_HARALICK,AMD_DRY,0
S000306,ODIR,ODIR,NORMAL,HYBRID_MINUS_LBP,AMD_DRY,0
S000306,ODIR,ODIR,NORMAL,VIT_PLUS_COLOR,AMD_DRY,0
S000306,ODIR,ODIR,NORMAL,VIT_PLUS_HARALICK,AMD_DRY,0
S000306,ODIR,ODIR,NORMAL,VIT_PLUS_LBP,AMD_DRY,0
S000307,ODIR,ODIR,NORMAL,FROZEN_VIT_768D,AMD_DRY,0
S000307,ODIR,ODIR,NORMAL,FULL_HYBRID_800D,AMD_DRY,0
S000307,ODIR,ODIR,NORMAL,HANDCRAFTED_ONLY_32D,AMD_DRY,0
S000307,ODIR,ODIR,NORMAL,HYBRID_MINUS_COLOR,AMD_DRY,0
S000307,ODIR,ODIR,NORMAL,HYBRID_MINUS_HARALICK,AMD_DRY,0
S000307,ODIR,ODIR,NORMAL,HYBRID_MINUS_LBP,AMD_DRY,0
S000307,ODIR,ODIR,NORMAL,VIT_PLUS_COLOR,AMD_DRY,0
S000307,ODIR,ODIR,NORMAL,VIT_PLUS_HARALICK,AMD_DRY,0
S000307,ODIR,ODIR,NORMAL,VIT_PLUS_LBP,AMD_DRY,0
S000308,ODIR,ODIR,NORMAL,FROZEN_VIT_768D,AMD_DRY,0
S000308,ODIR,ODIR,NORMAL,FULL_HYBRID_800D,AMD_DRY,0
S000308,ODIR,ODIR,NORMAL,HANDCRAFTED_ONLY_32D,AMD_DRY,0
S000308,ODIR,ODIR,NORMAL,HYBRID_MINUS_COLOR,AMD_DRY,0
S000308,ODIR,ODIR,NORMAL,HYBRID_MINUS_HARALICK,AMD_DRY,0
S000308,ODIR,ODIR,NORMAL,HYBRID_MINUS_LBP,AMD_DRY,0
S000308,ODIR,ODIR,NORMAL,VIT_PLUS_COLOR,AMD_DRY,0
S000308,ODIR,ODIR,NORMAL,VIT_PLUS_HARALICK,AMD_DRY,0
S000308,ODIR,ODIR,NORMAL,VIT_PLUS_LBP,AMD_DRY,0
S000309,ODIR,ODIR,NORMAL,FROZEN_VIT_768D,NORMAL,1
S000309,ODIR,ODIR,NORMAL,FULL_HYBRID_800D,NORMAL,1
S000309,ODIR,ODIR,NORMAL,HANDCRAFTED_ONLY_32D,AMD_DRY,0
S000309,ODIR,ODIR,NORMAL,HYBRID_MINUS_COLOR,AMD_DRY,0
S000309,ODIR,ODIR,NORMAL,HYBRID_MINUS_HARALICK,NORMAL,1
S000309,ODIR,ODIR,NORMAL,HYBRID_MINUS_LBP,NORMAL,1
S000309,ODIR,ODIR,NORMAL,VIT_PLUS_COLOR,NORMAL,1
S000309,ODIR,ODIR,NORMAL,VIT_PLUS_HARALICK,AMD_DRY,0
S000309,ODIR,ODIR,NORMAL,VIT_PLUS_LBP,NORMAL,1
S000310,ODIR,ODIR,NORMAL,FROZEN_VIT_768D,AMD_DRY,0
S000310,ODIR,ODIR,NORMAL,FULL_HYBRID_800D,AMD_DRY,0
S000310,ODIR,ODIR,NORMAL,HANDCRAFTED_ONLY_32D,AMD_DRY,0
S000310,ODIR,ODIR,NORMAL,HYBRID_MINUS_COLOR,AMD_DRY,0
S000310,ODIR,ODIR,NORMAL,HYBRID_MINUS_HARALICK,AMD_DRY,0
S000310,ODIR,ODIR,NORMAL,HYBRID_MINUS_LBP,AMD_DRY,0
S000310,ODIR,ODIR,NORMAL,VIT_PLUS_COLOR,AMD_DRY,0
S000310,ODIR,ODIR,NORMAL,VIT_PLUS_HARALICK,AMD_DRY,0
S000310,ODIR,ODIR,NORMAL,VIT_PLUS_LBP,AMD_DRY,0
S000311,ODIR,ODIR,NORMAL,FROZEN_VIT_768D,AMD_DRY,0
S000311,ODIR,ODIR,NORMAL,FULL_HYBRID_800D,AMD_DRY,0
S000311,ODIR,ODIR,NORMAL,HANDCRAFTED_ONLY_32D,AMD_WET,0
S000311,ODIR,ODIR,NORMAL,HYBRID_MINUS_COLOR,AMD_DRY,0
S000311,ODIR,ODIR,NORMAL,HYBRID_MINUS_HARALICK,AMD_DRY,0
S000311,ODIR,ODIR,NORMAL,HYBRID_MINUS_LBP,AMD_DRY,0
S000311,ODIR,ODIR,NORMAL,VIT_PLUS_COLOR,AMD_DRY,0
S000311,ODIR,ODIR,NORMAL,VIT_PLUS_HARALICK,AMD_DRY,0
S000311,ODIR,ODIR,NORMAL,VIT_PLUS_LBP,AMD_DRY,0
S000312,ODIR,ODIR,NORMAL,FROZEN_VIT_768D,AMD_DRY,0
S000312,ODIR,ODIR,NORMAL,FULL_HYBRID_800D,AMD_DRY,0
S000312,ODIR,ODIR,NORMAL,HANDCRAFTED_ONLY_32D,AMD_WET,0
S000312,ODIR,ODIR,NORMAL,HYBRID_MINUS_COLOR,AMD_DRY,0
S000312,ODIR,ODIR,NORMAL,HYBRID_MINUS_HARALICK,AMD_DRY,0
S000312,ODIR,ODIR,NORMAL,HYBRID_MINUS_LBP,AMD_DRY,0
S000312,ODIR,ODIR,NORMAL,VIT_PLUS_COLOR,AMD_DRY,0
S000312,ODIR,ODIR,NORMAL,VIT_PLUS_HARALICK,AMD_DRY,0
S000312,ODIR,ODIR,NORMAL,VIT_PLUS_LBP,AMD_DRY,0
S000313,ODIR,ODIR,NORMAL,FROZEN_VIT_768D,AMD_DRY,0
S000313,ODIR,ODIR,NORMAL,FULL_HYBRID_800D,AMD_DRY,0
S000313,ODIR,ODIR,NORMAL,HANDCRAFTED_ONLY_32D,AMD_WET,0
S000313,ODIR,ODIR,NORMAL,HYBRID_MINUS_COLOR,AMD_DRY,0
S000313,ODIR,ODIR,NORMAL,HYBRID_MINUS_HARALICK,AMD_DRY,0
S000313,ODIR,ODIR,NORMAL,HYBRID_MINUS_LBP,AMD_DRY,0
S000313,ODIR,ODIR,NORMAL,VIT_PLUS_COLOR,AMD_DRY,0
S000313,ODIR,ODIR,NORMAL,VIT_PLUS_HARALICK,AMD_DRY,0
S000313,ODIR,ODIR,NORMAL,VIT_PLUS_LBP,AMD_DRY,0
S000314,ODIR,ODIR,NORMAL,FROZEN_VIT_768D,AMD_DRY,0
S000314,ODIR,ODIR,NORMAL,FULL_HYBRID_800D,AMD_DRY,0
S000314,ODIR,ODIR,NORMAL,HANDCRAFTED_ONLY_32D,AMD_WET,0
S000314,ODIR,ODIR,NORMAL,HYBRID_MINUS_COLOR,AMD_DRY,0
S000314,ODIR,ODIR,NORMAL,HYBRID_MINUS_HARALICK,AMD_DRY,0
S000314,ODIR,ODIR,NORMAL,HYBRID_MINUS_LBP,AMD_DRY,0
S000314,ODIR,ODIR,NORMAL,VIT_PLUS_COLOR,AMD_DRY,0
S000314,ODIR,ODIR,NORMAL,VIT_PLUS_HARALICK,AMD_DRY,0
S000314,ODIR,ODIR,NORMAL,VIT_PLUS_LBP,NORMAL,1
S000315,ODIR,ODIR,NORMAL,FROZEN_VIT_768D,NORMAL,1
S000315,ODIR,ODIR,NORMAL,FULL_HYBRID_800D,NORMAL,1
S000315,ODIR,ODIR,NORMAL,HANDCRAFTED_ONLY_32D,AMD_WET,0
S000315,ODIR,ODIR,NORMAL,HYBRID_MINUS_COLOR,NORMAL,1
S000315,ODIR,ODIR,NORMAL,HYBRID_MINUS_HARALICK,NORMAL,1
S000315,ODIR,ODIR,NORMAL,HYBRID_MINUS_LBP,NORMAL,1
S000315,ODIR,ODIR,NORMAL,VIT_PLUS_COLOR,NORMAL,1
S000315,ODIR,ODIR,NORMAL,VIT_PLUS_HARALICK,NORMAL,1
S000315,ODIR,ODIR,NORMAL,VIT_PLUS_LBP,NORMAL,1
S000316,ODIR,ODIR,NORMAL,FROZEN_VIT_768D,NORMAL,1
S000316,ODIR,ODIR,NORMAL,FULL_HYBRID_800D,NORMAL,1
S000316,ODIR,ODIR,NORMAL,HANDCRAFTED_ONLY_32D,NORMAL,1
S000316,ODIR,ODIR,NORMAL,HYBRID_MINUS_COLOR,NORMAL,1
S000316,ODIR,ODIR,NORMAL,HYBRID_MINUS_HARALICK,NORMAL,1
S000316,ODIR,ODIR,NORMAL,HYBRID_MINUS_LBP,NORMAL,1
S000316,ODIR,ODIR,NORMAL,VIT_PLUS_COLOR,NORMAL,1
S000316,ODIR,ODIR,NORMAL,VIT_PLUS_HARALICK,NORMAL,1
S000316,ODIR,ODIR,NORMAL,VIT_PLUS_LBP,NORMAL,1
S000317,ODIR,ODIR,NORMAL,FROZEN_VIT_768D,NORMAL,1
S000317,ODIR,ODIR,NORMAL,FULL_HYBRID_800D,NORMAL,1
S000317,ODIR,ODIR,NORMAL,HANDCRAFTED_ONLY_32D,AMD_DRY,0
S000317,ODIR,ODIR,NORMAL,HYBRID_MINUS_COLOR,NORMAL,1
S000317,ODIR,ODIR,NORMAL,HYBRID_MINUS_HARALICK,NORMAL,1
S000317,ODIR,ODIR,NORMAL,HYBRID_MINUS_LBP,NORMAL,1
S000317,ODIR,ODIR,NORMAL,VIT_PLUS_COLOR,NORMAL,1
S000317,ODIR,ODIR,NORMAL,VIT_PLUS_HARALICK,NORMAL,1
S000317,ODIR,ODIR,NORMAL,VIT_PLUS_LBP,NORMAL,1
S000318,ODIR,ODIR,NORMAL,FROZEN_VIT_768D,NORMAL,1
S000318,ODIR,ODIR,NORMAL,FULL_HYBRID_800D,NORMAL,1
S000318,ODIR,ODIR,NORMAL,HANDCRAFTED_ONLY_32D,NORMAL,1
S000318,ODIR,ODIR,NORMAL,HYBRID_MINUS_COLOR,NORMAL,1
S000318,ODIR,ODIR,NORMAL,HYBRID_MINUS_HARALICK,NORMAL,1
S000318,ODIR,ODIR,NORMAL,HYBRID_MINUS_LBP,NORMAL,1
S000318,ODIR,ODIR,NORMAL,VIT_PLUS_COLOR,NORMAL,1
S000318,ODIR,ODIR,NORMAL,VIT_PLUS_HARALICK,NORMAL,1
S000318,ODIR,ODIR,NORMAL,VIT_PLUS_LBP,NORMAL,1
S000319,ODIR,ODIR,NORMAL,FROZEN_VIT_768D,NORMAL,1
S000319,ODIR,ODIR,NORMAL,FULL_HYBRID_800D,NORMAL,1
S000319,ODIR,ODIR,NORMAL,HANDCRAFTED_ONLY_32D,AMD_DRY,0
S000319,ODIR,ODIR,NORMAL,HYBRID_MINUS_COLOR,NORMAL,1
S000319,ODIR,ODIR,NORMAL,HYBRID_MINUS_HARALICK,NORMAL,1
S000319,ODIR,ODIR,NORMAL,HYBRID_MINUS_LBP,NORMAL,1
S000319,ODIR,ODIR,NORMAL,VIT_PLUS_COLOR,NORMAL,1
S000319,ODIR,ODIR,NORMAL,VIT_PLUS_HARALICK,NORMAL,1
S000319,ODIR,ODIR,NORMAL,VIT_PLUS_LBP,NORMAL,1
S000320,ODIR,ODIR,NORMAL,FROZEN_VIT_768D,AMD_DRY,0
S000320,ODIR,ODIR,NORMAL,FULL_HYBRID_800D,AMD_DRY,0
S000320,ODIR,ODIR,NORMAL,HANDCRAFTED_ONLY_32D,AMD_WET,0
S000320,ODIR,ODIR,NORMAL,HYBRID_MINUS_COLOR,AMD_DRY,0
S000320,ODIR,ODIR,NORMAL,HYBRID_MINUS_HARALICK,AMD_DRY,0
S000320,ODIR,ODIR,NORMAL,HYBRID_MINUS_LBP,AMD_DRY,0
S000320,ODIR,ODIR,NORMAL,VIT_PLUS_COLOR,AMD_DRY,0
S000320,ODIR,ODIR,NORMAL,VIT_PLUS_HARALICK,AMD_DRY,0
S000320,ODIR,ODIR,NORMAL,VIT_PLUS_LBP,AMD_DRY,0
S000321,ODIR,ODIR,NORMAL,FROZEN_VIT_768D,AMD_WET,0
S000321,ODIR,ODIR,NORMAL,FULL_HYBRID_800D,AMD_DRY,0
S000321,ODIR,ODIR,NORMAL,HANDCRAFTED_ONLY_32D,AMD_WET,0
S000321,ODIR,ODIR,NORMAL,HYBRID_MINUS_COLOR,AMD_WET,0
S000321,ODIR,ODIR,NORMAL,HYBRID_MINUS_HARALICK,AMD_DRY,0
S000321,ODIR,ODIR,NORMAL,HYBRID_MINUS_LBP,AMD_WET,0
S000321,ODIR,ODIR,NORMAL,VIT_PLUS_COLOR,AMD_DRY,0
S000321,ODIR,ODIR,NORMAL,VIT_PLUS_HARALICK,AMD_WET,0
S000321,ODIR,ODIR,NORMAL,VIT_PLUS_LBP,AMD_DRY,0
S000322,ODIR,ODIR,NORMAL,FROZEN_VIT_768D,AMD_DRY,0
S000322,ODIR,ODIR,NORMAL,FULL_HYBRID_800D,AMD_DRY,0
S000322,ODIR,ODIR,NORMAL,HANDCRAFTED_ONLY_32D,AMD_WET,0
S000322,ODIR,ODIR,NORMAL,HYBRID_MINUS_COLOR,AMD_DRY,0
S000322,ODIR,ODIR,NORMAL,HYBRID_MINUS_HARALICK,AMD_DRY,0
S000322,ODIR,ODIR,NORMAL,HYBRID_MINUS_LBP,AMD_DRY,0
S000322,ODIR,ODIR,NORMAL,VIT_PLUS_COLOR,AMD_DRY,0
S000322,ODIR,ODIR,NORMAL,VIT_PLUS_HARALICK,AMD_DRY,0
S000322,ODIR,ODIR,NORMAL,VIT_PLUS_LBP,AMD_DRY,0
S000323,ODIR,ODIR,NORMAL,FROZEN_VIT_768D,NORMAL,1
S000323,ODIR,ODIR,NORMAL,FULL_HYBRID_800D,NORMAL,1
S000323,ODIR,ODIR,NORMAL,HANDCRAFTED_ONLY_32D,AMD_WET,0
S000323,ODIR,ODIR,NORMAL,HYBRID_MINUS_COLOR,NORMAL,1
S000323,ODIR,ODIR,NORMAL,HYBRID_MINUS_HARALICK,NORMAL,1
S000323,ODIR,ODIR,NORMAL,HYBRID_MINUS_LBP,NORMAL,1
S000323,ODIR,ODIR,NORMAL,VIT_PLUS_COLOR,NORMAL,1
S000323,ODIR,ODIR,NORMAL,VIT_PLUS_HARALICK,NORMAL,1
S000323,ODIR,ODIR,NORMAL,VIT_PLUS_LBP,NORMAL,1
S000324,ODIR,ODIR,NORMAL,FROZEN_VIT_768D,NORMAL,1
S000324,ODIR,ODIR,NORMAL,FULL_HYBRID_800D,NORMAL,1
S000324,ODIR,ODIR,NORMAL,HANDCRAFTED_ONLY_32D,AMD_WET,0
S000324,ODIR,ODIR,NORMAL,HYBRID_MINUS_COLOR,NORMAL,1
S000324,ODIR,ODIR,NORMAL,HYBRID_MINUS_HARALICK,NORMAL,1
S000324,ODIR,ODIR,NORMAL,HYBRID_MINUS_LBP,NORMAL,1
S000324,ODIR,ODIR,NORMAL,VIT_PLUS_COLOR,NORMAL,1
S000324,ODIR,ODIR,NORMAL,VIT_PLUS_HARALICK,NORMAL,1
S000324,ODIR,ODIR,NORMAL,VIT_PLUS_LBP,NORMAL,1
S000325,ODIR,ODIR,NORMAL,FROZEN_VIT_768D,NORMAL,1
S000325,ODIR,ODIR,NORMAL,FULL_HYBRID_800D,NORMAL,1
S000325,ODIR,ODIR,NORMAL,HANDCRAFTED_ONLY_32D,AMD_DRY,0
S000325,ODIR,ODIR,NORMAL,HYBRID_MINUS_COLOR,NORMAL,1
S000325,ODIR,ODIR,NORMAL,HYBRID_MINUS_HARALICK,NORMAL,1
S000325,ODIR,ODIR,NORMAL,HYBRID_MINUS_LBP,NORMAL,1
S000325,ODIR,ODIR,NORMAL,VIT_PLUS_COLOR,NORMAL,1
S000325,ODIR,ODIR,NORMAL,VIT_PLUS_HARALICK,NORMAL,1
S000325,ODIR,ODIR,NORMAL,VIT_PLUS_LBP,NORMAL,1
S000326,ODIR,ODIR,NORMAL,FROZEN_VIT_768D,AMD_DRY,0
S000326,ODIR,ODIR,NORMAL,FULL_HYBRID_800D,AMD_DRY,0
S000326,ODIR,ODIR,NORMAL,HANDCRAFTED_ONLY_32D,NORMAL,1
S000326,ODIR,ODIR,NORMAL,HYBRID_MINUS_COLOR,AMD_DRY,0
S000326,ODIR,ODIR,NORMAL,HYBRID_MINUS_HARALICK,AMD_DRY,0
S000326,ODIR,ODIR,NORMAL,HYBRID_MINUS_LBP,AMD_DRY,0
S000326,ODIR,ODIR,NORMAL,VIT_PLUS_COLOR,AMD_DRY,0
S000326,ODIR,ODIR,NORMAL,VIT_PLUS_HARALICK,AMD_DRY,0
S000326,ODIR,ODIR,NORMAL,VIT_PLUS_LBP,AMD_DRY,0
S000327,ODIR,ODIR,NORMAL,FROZEN_VIT_768D,AMD_DRY,0
S000327,ODIR,ODIR,NORMAL,FULL_HYBRID_800D,AMD_DRY,0
S000327,ODIR,ODIR,NORMAL,HANDCRAFTED_ONLY_32D,AMD_WET,0
S000327,ODIR,ODIR,NORMAL,HYBRID_MINUS_COLOR,AMD_DRY,0
S000327,ODIR,ODIR,NORMAL,HYBRID_MINUS_HARALICK,AMD_DRY,0
S000327,ODIR,ODIR,NORMAL,HYBRID_MINUS_LBP,AMD_DRY,0
S000327,ODIR,ODIR,NORMAL,VIT_PLUS_COLOR,AMD_DRY,0
S000327,ODIR,ODIR,NORMAL,VIT_PLUS_HARALICK,AMD_DRY,0
S000327,ODIR,ODIR,NORMAL,VIT_PLUS_LBP,AMD_DRY,0
S000328,ODIR,ODIR,NORMAL,FROZEN_VIT_768D,AMD_DRY,0
S000328,ODIR,ODIR,NORMAL,FULL_HYBRID_800D,AMD_DRY,0
S000328,ODIR,ODIR,NORMAL,HANDCRAFTED_ONLY_32D,AMD_DRY,0
S000328,ODIR,ODIR,NORMAL,HYBRID_MINUS_COLOR,AMD_DRY,0
S000328,ODIR,ODIR,NORMAL,HYBRID_MINUS_HARALICK,AMD_DRY,0
S000328,ODIR,ODIR,NORMAL,HYBRID_MINUS_LBP,AMD_DRY,0
S000328,ODIR,ODIR,NORMAL,VIT_PLUS_COLOR,AMD_DRY,0
S000328,ODIR,ODIR,NORMAL,VIT_PLUS_HARALICK,AMD_DRY,0
S000328,ODIR,ODIR,NORMAL,VIT_PLUS_LBP,AMD_DRY,0
S000329,ODIR,ODIR,NORMAL,FROZEN_VIT_768D,AMD_DRY,0
S000329,ODIR,ODIR,NORMAL,FULL_HYBRID_800D,AMD_DRY,0
S000329,ODIR,ODIR,NORMAL,HANDCRAFTED_ONLY_32D,AMD_WET,0
S000329,ODIR,ODIR,NORMAL,HYBRID_MINUS_COLOR,AMD_DRY,0
S000329,ODIR,ODIR,NORMAL,HYBRID_MINUS_HARALICK,AMD_DRY,0
S000329,ODIR,ODIR,NORMAL,HYBRID_MINUS_LBP,AMD_DRY,0
S000329,ODIR,ODIR,NORMAL,VIT_PLUS_COLOR,AMD_DRY,0
S000329,ODIR,ODIR,NORMAL,VIT_PLUS_HARALICK,AMD_DRY,0
S000329,ODIR,ODIR,NORMAL,VIT_PLUS_LBP,AMD_DRY,0
S000330,ODIR,ODIR,NORMAL,FROZEN_VIT_768D,AMD_DRY,0
S000330,ODIR,ODIR,NORMAL,FULL_HYBRID_800D,AMD_DRY,0
S000330,ODIR,ODIR,NORMAL,HANDCRAFTED_ONLY_32D,AMD_WET,0
S000330,ODIR,ODIR,NORMAL,HYBRID_MINUS_COLOR,AMD_DRY,0
S000330,ODIR,ODIR,NORMAL,HYBRID_MINUS_HARALICK,AMD_DRY,0
S000330,ODIR,ODIR,NORMAL,HYBRID_MINUS_LBP,AMD_DRY,0
S000330,ODIR,ODIR,NORMAL,VIT_PLUS_COLOR,AMD_DRY,0
S000330,ODIR,ODIR,NORMAL,VIT_PLUS_HARALICK,AMD_DRY,0
S000330,ODIR,ODIR,NORMAL,VIT_PLUS_LBP,AMD_DRY,0
S000331,ODIR,ODIR,NORMAL,FROZEN_VIT_768D,NORMAL,1
S000331,ODIR,ODIR,NORMAL,FULL_HYBRID_800D,NORMAL,1
S000331,ODIR,ODIR,NORMAL,HANDCRAFTED_ONLY_32D,AMD_WET,0
S000331,ODIR,ODIR,NORMAL,HYBRID_MINUS_COLOR,AMD_DRY,0
S000331,ODIR,ODIR,NORMAL,HYBRID_MINUS_HARALICK,NORMAL,1
S000331,ODIR,ODIR,NORMAL,HYBRID_MINUS_LBP,NORMAL,1
S000331,ODIR,ODIR,NORMAL,VIT_PLUS_COLOR,NORMAL,1
S000331,ODIR,ODIR,NORMAL,VIT_PLUS_HARALICK,NORMAL,1
S000331,ODIR,ODIR,NORMAL,VIT_PLUS_LBP,NORMAL,1
S000332,ODIR,ODIR,NORMAL,FROZEN_VIT_768D,AMD_DRY,0
S000332,ODIR,ODIR,NORMAL,FULL_HYBRID_800D,AMD_DRY,0
S000332,ODIR,ODIR,NORMAL,HANDCRAFTED_ONLY_32D,AMD_DRY,0
S000332,ODIR,ODIR,NORMAL,HYBRID_MINUS_COLOR,AMD_DRY,0
S000332,ODIR,ODIR,NORMAL,HYBRID_MINUS_HARALICK,AMD_DRY,0
S000332,ODIR,ODIR,NORMAL,HYBRID_MINUS_LBP,AMD_DRY,0
S000332,ODIR,ODIR,NORMAL,VIT_PLUS_COLOR,AMD_DRY,0
S000332,ODIR,ODIR,NORMAL,VIT_PLUS_HARALICK,AMD_DRY,0
S000332,ODIR,ODIR,NORMAL,VIT_PLUS_LBP,AMD_DRY,0
S000333,ODIR,ODIR,NORMAL,FROZEN_VIT_768D,NORMAL,1
S000333,ODIR,ODIR,NORMAL,FULL_HYBRID_800D,NORMAL,1
S000333,ODIR,ODIR,NORMAL,HANDCRAFTED_ONLY_32D,AMD_DRY,0
S000333,ODIR,ODIR,NORMAL,HYBRID_MINUS_COLOR,AMD_DRY,0
S000333,ODIR,ODIR,NORMAL,HYBRID_MINUS_HARALICK,NORMAL,1
S000333,ODIR,ODIR,NORMAL,HYBRID_MINUS_LBP,AMD_DRY,0
S000333,ODIR,ODIR,NORMAL,VIT_PLUS_COLOR,NORMAL,1
S000333,ODIR,ODIR,NORMAL,VIT_PLUS_HARALICK,AMD_DRY,0
S000333,ODIR,ODIR,NORMAL,VIT_PLUS_LBP,NORMAL,1
S000334,ODIR,ODIR,NORMAL,FROZEN_VIT_768D,NORMAL,1
S000334,ODIR,ODIR,NORMAL,FULL_HYBRID_800D,NORMAL,1
S000334,ODIR,ODIR,NORMAL,HANDCRAFTED_ONLY_32D,AMD_DRY,0
S000334,ODIR,ODIR,NORMAL,HYBRID_MINUS_COLOR,NORMAL,1
S000334,ODIR,ODIR,NORMAL,HYBRID_MINUS_HARALICK,NORMAL,1
S000334,ODIR,ODIR,NORMAL,HYBRID_MINUS_LBP,NORMAL,1
S000334,ODIR,ODIR,NORMAL,VIT_PLUS_COLOR,NORMAL,1
S000334,ODIR,ODIR,NORMAL,VIT_PLUS_HARALICK,NORMAL,1
S000334,ODIR,ODIR,NORMAL,VIT_PLUS_LBP,NORMAL,1
S000335,ODIR,ODIR,NORMAL,FROZEN_VIT_768D,NORMAL,1
S000335,ODIR,ODIR,NORMAL,FULL_HYBRID_800D,NORMAL,1
S000335,ODIR,ODIR,NORMAL,HANDCRAFTED_ONLY_32D,AMD_WET,0
S000335,ODIR,ODIR,NORMAL,HYBRID_MINUS_COLOR,NORMAL,1
S000335,ODIR,ODIR,NORMAL,HYBRID_MINUS_HARALICK,NORMAL,1
S000335,ODIR,ODIR,NORMAL,HYBRID_MINUS_LBP,NORMAL,1
S000335,ODIR,ODIR,NORMAL,VIT_PLUS_COLOR,NORMAL,1
S000335,ODIR,ODIR,NORMAL,VIT_PLUS_HARALICK,NORMAL,1
S000335,ODIR,ODIR,NORMAL,VIT_PLUS_LBP,NORMAL,1
S000336,ODIR,ODIR,NORMAL,FROZEN_VIT_768D,NORMAL,1
S000336,ODIR,ODIR,NORMAL,FULL_HYBRID_800D,NORMAL,1
S000336,ODIR,ODIR,NORMAL,HANDCRAFTED_ONLY_32D,AMD_WET,0
S000336,ODIR,ODIR,NORMAL,HYBRID_MINUS_COLOR,NORMAL,1
S000336,ODIR,ODIR,NORMAL,HYBRID_MINUS_HARALICK,NORMAL,1
S000336,ODIR,ODIR,NORMAL,HYBRID_MINUS_LBP,NORMAL,1
S000336,ODIR,ODIR,NORMAL,VIT_PLUS_COLOR,NORMAL,1
S000336,ODIR,ODIR,NORMAL,VIT_PLUS_HARALICK,NORMAL,1
S000336,ODIR,ODIR,NORMAL,VIT_PLUS_LBP,NORMAL,1
S000337,ODIR,ODIR,NORMAL,FROZEN_VIT_768D,AMD_DRY,0
S000337,ODIR,ODIR,NORMAL,FULL_HYBRID_800D,AMD_DRY,0
S000337,ODIR,ODIR,NORMAL,HANDCRAFTED_ONLY_32D,AMD_WET,0
S000337,ODIR,ODIR,NORMAL,HYBRID_MINUS_COLOR,AMD_DRY,0
S000337,ODIR,ODIR,NORMAL,HYBRID_MINUS_HARALICK,NORMAL,1
S000337,ODIR,ODIR,NORMAL,HYBRID_MINUS_LBP,AMD_DRY,0
S000337,ODIR,ODIR,NORMAL,VIT_PLUS_COLOR,NORMAL,1
S000337,ODIR,ODIR,NORMAL,VIT_PLUS_HARALICK,AMD_DRY,0
S000337,ODIR,ODIR,NORMAL,VIT_PLUS_LBP,NORMAL,1
S000338,ODIR,ODIR,NORMAL,FROZEN_VIT_768D,AMD_DRY,0
S000338,ODIR,ODIR,NORMAL,FULL_HYBRID_800D,AMD_DRY,0
S000338,ODIR,ODIR,NORMAL,HANDCRAFTED_ONLY_32D,AMD_DRY,0
S000338,ODIR,ODIR,NORMAL,HYBRID_MINUS_COLOR,AMD_DRY,0
S000338,ODIR,ODIR,NORMAL,HYBRID_MINUS_HARALICK,AMD_DRY,0
S000338,ODIR,ODIR,NORMAL,HYBRID_MINUS_LBP,AMD_DRY,0
S000338,ODIR,ODIR,NORMAL,VIT_PLUS_COLOR,AMD_DRY,0
S000338,ODIR,ODIR,NORMAL,VIT_PLUS_HARALICK,AMD_DRY,0
S000338,ODIR,ODIR,NORMAL,VIT_PLUS_LBP,AMD_DRY,0
S000339,ODIR,ODIR,NORMAL,FROZEN_VIT_768D,AMD_DRY,0
S000339,ODIR,ODIR,NORMAL,FULL_HYBRID_800D,AMD_DRY,0
S000339,ODIR,ODIR,NORMAL,HANDCRAFTED_ONLY_32D,AMD_DRY,0
S000339,ODIR,ODIR,NORMAL,HYBRID_MINUS_COLOR,AMD_DRY,0
S000339,ODIR,ODIR,NORMAL,HYBRID_MINUS_HARALICK,AMD_DRY,0
S000339,ODIR,ODIR,NORMAL,HYBRID_MINUS_LBP,AMD_DRY,0
S000339,ODIR,ODIR,NORMAL,VIT_PLUS_COLOR,AMD_DRY,0
S000339,ODIR,ODIR,NORMAL,VIT_PLUS_HARALICK,AMD_DRY,0
S000339,ODIR,ODIR,NORMAL,VIT_PLUS_LBP,AMD_DRY,0
S000340,ODIR,ODIR,NORMAL,FROZEN_VIT_768D,NORMAL,1
S000340,ODIR,ODIR,NORMAL,FULL_HYBRID_800D,NORMAL,1
S000340,ODIR,ODIR,NORMAL,HANDCRAFTED_ONLY_32D,AMD_DRY,0
S000340,ODIR,ODIR,NORMAL,HYBRID_MINUS_COLOR,NORMAL,1
S000340,ODIR,ODIR,NORMAL,HYBRID_MINUS_HARALICK,NORMAL,1
S000340,ODIR,ODIR,NORMAL,HYBRID_MINUS_LBP,NORMAL,1
S000340,ODIR,ODIR,NORMAL,VIT_PLUS_COLOR,NORMAL,1
S000340,ODIR,ODIR,NORMAL,VIT_PLUS_HARALICK,NORMAL,1
S000340,ODIR,ODIR,NORMAL,VIT_PLUS_LBP,NORMAL,1
S000341,ODIR,ODIR,NORMAL,FROZEN_VIT_768D,NORMAL,1
S000341,ODIR,ODIR,NORMAL,FULL_HYBRID_800D,NORMAL,1
S000341,ODIR,ODIR,NORMAL,HANDCRAFTED_ONLY_32D,AMD_WET,0
S000341,ODIR,ODIR,NORMAL,HYBRID_MINUS_COLOR,NORMAL,1
S000341,ODIR,ODIR,NORMAL,HYBRID_MINUS_HARALICK,NORMAL,1
S000341,ODIR,ODIR,NORMAL,HYBRID_MINUS_LBP,NORMAL,1
S000341,ODIR,ODIR,NORMAL,VIT_PLUS_COLOR,NORMAL,1
S000341,ODIR,ODIR,NORMAL,VIT_PLUS_HARALICK,NORMAL,1
S000341,ODIR,ODIR,NORMAL,VIT_PLUS_LBP,NORMAL,1
S000342,ODIR,ODIR,NORMAL,FROZEN_VIT_768D,NORMAL,1
S000342,ODIR,ODIR,NORMAL,FULL_HYBRID_800D,NORMAL,1
S000342,ODIR,ODIR,NORMAL,HANDCRAFTED_ONLY_32D,AMD_WET,0
S000342,ODIR,ODIR,NORMAL,HYBRID_MINUS_COLOR,NORMAL,1
S000342,ODIR,ODIR,NORMAL,HYBRID_MINUS_HARALICK,NORMAL,1
S000342,ODIR,ODIR,NORMAL,HYBRID_MINUS_LBP,NORMAL,1
S000342,ODIR,ODIR,NORMAL,VIT_PLUS_COLOR,NORMAL,1
S000342,ODIR,ODIR,NORMAL,VIT_PLUS_HARALICK,NORMAL,1
S000342,ODIR,ODIR,NORMAL,VIT_PLUS_LBP,NORMAL,1
S000343,ODIR,ODIR,NORMAL,FROZEN_VIT_768D,NORMAL,1
S000343,ODIR,ODIR,NORMAL,FULL_HYBRID_800D,NORMAL,1
S000343,ODIR,ODIR,NORMAL,HANDCRAFTED_ONLY_32D,NORMAL,1
S000343,ODIR,ODIR,NORMAL,HYBRID_MINUS_COLOR,NORMAL,1
S000343,ODIR,ODIR,NORMAL,HYBRID_MINUS_HARALICK,NORMAL,1
S000343,ODIR,ODIR,NORMAL,HYBRID_MINUS_LBP,NORMAL,1
S000343,ODIR,ODIR,NORMAL,VIT_PLUS_COLOR,NORMAL,1
S000343,ODIR,ODIR,NORMAL,VIT_PLUS_HARALICK,NORMAL,1
S000343,ODIR,ODIR,NORMAL,VIT_PLUS_LBP,NORMAL,1
S000344,ODIR,ODIR,NORMAL,FROZEN_VIT_768D,NORMAL,1
S000344,ODIR,ODIR,NORMAL,FULL_HYBRID_800D,NORMAL,1
S000344,ODIR,ODIR,NORMAL,HANDCRAFTED_ONLY_32D,NORMAL,1
S000344,ODIR,ODIR,NORMAL,HYBRID_MINUS_COLOR,NORMAL,1
S000344,ODIR,ODIR,NORMAL,HYBRID_MINUS_HARALICK,NORMAL,1
S000344,ODIR,ODIR,NORMAL,HYBRID_MINUS_LBP,NORMAL,1
S000344,ODIR,ODIR,NORMAL,VIT_PLUS_COLOR,NORMAL,1
S000344,ODIR,ODIR,NORMAL,VIT_PLUS_HARALICK,NORMAL,1
S000344,ODIR,ODIR,NORMAL,VIT_PLUS_LBP,NORMAL,1
S000345,ODIR,ODIR,NORMAL,FROZEN_VIT_768D,NORMAL,1
S000345,ODIR,ODIR,NORMAL,FULL_HYBRID_800D,NORMAL,1
S000345,ODIR,ODIR,NORMAL,HANDCRAFTED_ONLY_32D,NORMAL,1
S000345,ODIR,ODIR,NORMAL,HYBRID_MINUS_COLOR,NORMAL,1
S000345,ODIR,ODIR,NORMAL,HYBRID_MINUS_HARALICK,NORMAL,1
S000345,ODIR,ODIR,NORMAL,HYBRID_MINUS_LBP,NORMAL,1
S000345,ODIR,ODIR,NORMAL,VIT_PLUS_COLOR,NORMAL,1
S000345,ODIR,ODIR,NORMAL,VIT_PLUS_HARALICK,NORMAL,1
S000345,ODIR,ODIR,NORMAL,VIT_PLUS_LBP,NORMAL,1
S000346,ODIR,ODIR,NORMAL,FROZEN_VIT_768D,AMD_DRY,0
S000346,ODIR,ODIR,NORMAL,FULL_HYBRID_800D,AMD_DRY,0
S000346,ODIR,ODIR,NORMAL,HANDCRAFTED_ONLY_32D,AMD_DRY,0
S000346,ODIR,ODIR,NORMAL,HYBRID_MINUS_COLOR,AMD_DRY,0
S000346,ODIR,ODIR,NORMAL,HYBRID_MINUS_HARALICK,AMD_DRY,0
S000346,ODIR,ODIR,NORMAL,HYBRID_MINUS_LBP,AMD_DRY,0
S000346,ODIR,ODIR,NORMAL,VIT_PLUS_COLOR,AMD_DRY,0
S000346,ODIR,ODIR,NORMAL,VIT_PLUS_HARALICK,AMD_DRY,0
S000346,ODIR,ODIR,NORMAL,VIT_PLUS_LBP,AMD_DRY,0
S000347,ODIR,ODIR,NORMAL,FROZEN_VIT_768D,AMD_DRY,0
S000347,ODIR,ODIR,NORMAL,FULL_HYBRID_800D,AMD_DRY,0
S000347,ODIR,ODIR,NORMAL,HANDCRAFTED_ONLY_32D,AMD_WET,0
S000347,ODIR,ODIR,NORMAL,HYBRID_MINUS_COLOR,AMD_DRY,0
S000347,ODIR,ODIR,NORMAL,HYBRID_MINUS_HARALICK,AMD_DRY,0
S000347,ODIR,ODIR,NORMAL,HYBRID_MINUS_LBP,AMD_DRY,0
S000347,ODIR,ODIR,NORMAL,VIT_PLUS_COLOR,AMD_DRY,0
S000347,ODIR,ODIR,NORMAL,VIT_PLUS_HARALICK,AMD_DRY,0
S000347,ODIR,ODIR,NORMAL,VIT_PLUS_LBP,AMD_DRY,0
S000348,ODIR,ODIR,NORMAL,FROZEN_VIT_768D,AMD_DRY,0
S000348,ODIR,ODIR,NORMAL,FULL_HYBRID_800D,NORMAL,1
S000348,ODIR,ODIR,NORMAL,HANDCRAFTED_ONLY_32D,NORMAL,1
S000348,ODIR,ODIR,NORMAL,HYBRID_MINUS_COLOR,NORMAL,1
S000348,ODIR,ODIR,NORMAL,HYBRID_MINUS_HARALICK,NORMAL,1
S000348,ODIR,ODIR,NORMAL,HYBRID_MINUS_LBP,AMD_DRY,0
S000348,ODIR,ODIR,NORMAL,VIT_PLUS_COLOR,AMD_DRY,0
S000348,ODIR,ODIR,NORMAL,VIT_PLUS_HARALICK,AMD_DRY,0
S000348,ODIR,ODIR,NORMAL,VIT_PLUS_LBP,AMD_DRY,0
S000349,ODIR,ODIR,NORMAL,FROZEN_VIT_768D,NORMAL,1
S000349,ODIR,ODIR,NORMAL,FULL_HYBRID_800D,NORMAL,1
S000349,ODIR,ODIR,NORMAL,HANDCRAFTED_ONLY_32D,NORMAL,1
S000349,ODIR,ODIR,NORMAL,HYBRID_MINUS_COLOR,NORMAL,1
S000349,ODIR,ODIR,NORMAL,HYBRID_MINUS_HARALICK,NORMAL,1
S000349,ODIR,ODIR,NORMAL,HYBRID_MINUS_LBP,NORMAL,1
S000349,ODIR,ODIR,NORMAL,VIT_PLUS_COLOR,NORMAL,1
S000349,ODIR,ODIR,NORMAL,VIT_PLUS_HARALICK,NORMAL,1
S000349,ODIR,ODIR,NORMAL,VIT_PLUS_LBP,NORMAL,1
S000350,ODIR,ODIR,NORMAL,FROZEN_VIT_768D,NORMAL,1
S000350,ODIR,ODIR,NORMAL,FULL_HYBRID_800D,NORMAL,1
S000350,ODIR,ODIR,NORMAL,HANDCRAFTED_ONLY_32D,AMD_DRY,0
S000350,ODIR,ODIR,NORMAL,HYBRID_MINUS_COLOR,NORMAL,1
S000350,ODIR,ODIR,NORMAL,HYBRID_MINUS_HARALICK,NORMAL,1
S000350,ODIR,ODIR,NORMAL,HYBRID_MINUS_LBP,NORMAL,1
S000350,ODIR,ODIR,NORMAL,VIT_PLUS_COLOR,NORMAL,1
S000350,ODIR,ODIR,NORMAL,VIT_PLUS_HARALICK,NORMAL,1
S000350,ODIR,ODIR,NORMAL,VIT_PLUS_LBP,NORMAL,1
S000351,ODIR,ODIR,NORMAL,FROZEN_VIT_768D,NORMAL,1
S000351,ODIR,ODIR,NORMAL,FULL_HYBRID_800D,NORMAL,1
S000351,ODIR,ODIR,NORMAL,HANDCRAFTED_ONLY_32D,NORMAL,1
S000351,ODIR,ODIR,NORMAL,HYBRID_MINUS_COLOR,NORMAL,1
S000351,ODIR,ODIR,NORMAL,HYBRID_MINUS_HARALICK,NORMAL,1
S000351,ODIR,ODIR,NORMAL,HYBRID_MINUS_LBP,NORMAL,1
S000351,ODIR,ODIR,NORMAL,VIT_PLUS_COLOR,NORMAL,1
S000351,ODIR,ODIR,NORMAL,VIT_PLUS_HARALICK,NORMAL,1
S000351,ODIR,ODIR,NORMAL,VIT_PLUS_LBP,NORMAL,1
S000352,ODIR,ODIR,NORMAL,FROZEN_VIT_768D,AMD_DRY,0
S000352,ODIR,ODIR,NORMAL,FULL_HYBRID_800D,AMD_DRY,0
S000352,ODIR,ODIR,NORMAL,HANDCRAFTED_ONLY_32D,NORMAL,1
S000352,ODIR,ODIR,NORMAL,HYBRID_MINUS_COLOR,AMD_DRY,0
S000352,ODIR,ODIR,NORMAL,HYBRID_MINUS_HARALICK,AMD_DRY,0
S000352,ODIR,ODIR,NORMAL,HYBRID_MINUS_LBP,AMD_DRY,0
S000352,ODIR,ODIR,NORMAL,VIT_PLUS_COLOR,AMD_DRY,0
S000352,ODIR,ODIR,NORMAL,VIT_PLUS_HARALICK,AMD_DRY,0
S000352,ODIR,ODIR,NORMAL,VIT_PLUS_LBP,AMD_DRY,0
S000353,ODIR,ODIR,NORMAL,FROZEN_VIT_768D,AMD_DRY,0
S000353,ODIR,ODIR,NORMAL,FULL_HYBRID_800D,AMD_DRY,0
S000353,ODIR,ODIR,NORMAL,HANDCRAFTED_ONLY_32D,AMD_DRY,0
S000353,ODIR,ODIR,NORMAL,HYBRID_MINUS_COLOR,AMD_DRY,0
S000353,ODIR,ODIR,NORMAL,HYBRID_MINUS_HARALICK,AMD_DRY,0
S000353,ODIR,ODIR,NORMAL,HYBRID_MINUS_LBP,NORMAL,1
S000353,ODIR,ODIR,NORMAL,VIT_PLUS_COLOR,AMD_DRY,0
S000353,ODIR,ODIR,NORMAL,VIT_PLUS_HARALICK,AMD_DRY,0
S000353,ODIR,ODIR,NORMAL,VIT_PLUS_LBP,AMD_DRY,0
S000354,ODIR,ODIR,NORMAL,FROZEN_VIT_768D,AMD_DRY,0
S000354,ODIR,ODIR,NORMAL,FULL_HYBRID_800D,NORMAL,1
S000354,ODIR,ODIR,NORMAL,HANDCRAFTED_ONLY_32D,NORMAL,1
S000354,ODIR,ODIR,NORMAL,HYBRID_MINUS_COLOR,AMD_DRY,0
S000354,ODIR,ODIR,NORMAL,HYBRID_MINUS_HARALICK,NORMAL,1
S000354,ODIR,ODIR,NORMAL,HYBRID_MINUS_LBP,NORMAL,1
S000354,ODIR,ODIR,NORMAL,VIT_PLUS_COLOR,NORMAL,1
S000354,ODIR,ODIR,NORMAL,VIT_PLUS_HARALICK,AMD_DRY,0
S000354,ODIR,ODIR,NORMAL,VIT_PLUS_LBP,AMD_DRY,0
S000355,ODIR,ODIR,NORMAL,FROZEN_VIT_768D,NORMAL,1
S000355,ODIR,ODIR,NORMAL,FULL_HYBRID_800D,NORMAL,1
S000355,ODIR,ODIR,NORMAL,HANDCRAFTED_ONLY_32D,NORMAL,1
S000355,ODIR,ODIR,NORMAL,HYBRID_MINUS_COLOR,NORMAL,1
S000355,ODIR,ODIR,NORMAL,HYBRID_MINUS_HARALICK,NORMAL,1
S000355,ODIR,ODIR,NORMAL,HYBRID_MINUS_LBP,NORMAL,1
S000355,ODIR,ODIR,NORMAL,VIT_PLUS_COLOR,NORMAL,1
S000355,ODIR,ODIR,NORMAL,VIT_PLUS_HARALICK,NORMAL,1
S000355,ODIR,ODIR,NORMAL,VIT_PLUS_LBP,NORMAL,1
S000356,ODIR,ODIR,NORMAL,FROZEN_VIT_768D,AMD_DRY,0
S000356,ODIR,ODIR,NORMAL,FULL_HYBRID_800D,AMD_DRY,0
S000356,ODIR,ODIR,NORMAL,HANDCRAFTED_ONLY_32D,AMD_WET,0
S000356,ODIR,ODIR,NORMAL,HYBRID_MINUS_COLOR,AMD_DRY,0
S000356,ODIR,ODIR,NORMAL,HYBRID_MINUS_HARALICK,AMD_DRY,0
S000356,ODIR,ODIR,NORMAL,HYBRID_MINUS_LBP,AMD_DRY,0
S000356,ODIR,ODIR,NORMAL,VIT_PLUS_COLOR,AMD_DRY,0
S000356,ODIR,ODIR,NORMAL,VIT_PLUS_HARALICK,AMD_DRY,0
S000356,ODIR,ODIR,NORMAL,VIT_PLUS_LBP,AMD_DRY,0
S000357,ODIR,ODIR,NORMAL,FROZEN_VIT_768D,AMD_DRY,0
S000357,ODIR,ODIR,NORMAL,FULL_HYBRID_800D,AMD_DRY,0
S000357,ODIR,ODIR,NORMAL,HANDCRAFTED_ONLY_32D,NORMAL,1
S000357,ODIR,ODIR,NORMAL,HYBRID_MINUS_COLOR,AMD_DRY,0
S000357,ODIR,ODIR,NORMAL,HYBRID_MINUS_HARALICK,AMD_DRY,0
S000357,ODIR,ODIR,NORMAL,HYBRID_MINUS_LBP,AMD_DRY,0
S000357,ODIR,ODIR,NORMAL,VIT_PLUS_COLOR,AMD_DRY,0
S000357,ODIR,ODIR,NORMAL,VIT_PLUS_HARALICK,AMD_DRY,0
S000357,ODIR,ODIR,NORMAL,VIT_PLUS_LBP,AMD_DRY,0
S000358,ODIR,ODIR,NORMAL,FROZEN_VIT_768D,NORMAL,1
S000358,ODIR,ODIR,NORMAL,FULL_HYBRID_800D,NORMAL,1
S000358,ODIR,ODIR,NORMAL,HANDCRAFTED_ONLY_32D,AMD_WET,0
S000358,ODIR,ODIR,NORMAL,HYBRID_MINUS_COLOR,NORMAL,1
S000358,ODIR,ODIR,NORMAL,HYBRID_MINUS_HARALICK,NORMAL,1
S000358,ODIR,ODIR,NORMAL,HYBRID_MINUS_LBP,NORMAL,1
S000358,ODIR,ODIR,NORMAL,VIT_PLUS_COLOR,NORMAL,1
S000358,ODIR,ODIR,NORMAL,VIT_PLUS_HARALICK,NORMAL,1
S000358,ODIR,ODIR,NORMAL,VIT_PLUS_LBP,NORMAL,1
S000359,ODIR,ODIR,NORMAL,FROZEN_VIT_768D,AMD_DRY,0
S000359,ODIR,ODIR,NORMAL,FULL_HYBRID_800D,NORMAL,1
S000359,ODIR,ODIR,NORMAL,HANDCRAFTED_ONLY_32D,NORMAL,1
S000359,ODIR,ODIR,NORMAL,HYBRID_MINUS_COLOR,NORMAL,1
S000359,ODIR,ODIR,NORMAL,HYBRID_MINUS_HARALICK,NORMAL,1
S000359,ODIR,ODIR,NORMAL,HYBRID_MINUS_LBP,NORMAL,1
S000359,ODIR,ODIR,NORMAL,VIT_PLUS_COLOR,NORMAL,1
S000359,ODIR,ODIR,NORMAL,VIT_PLUS_HARALICK,NORMAL,1
S000359,ODIR,ODIR,NORMAL,VIT_PLUS_LBP,NORMAL,1
S000360,ODIR,ODIR,NORMAL,FROZEN_VIT_768D,AMD_DRY,0
S000360,ODIR,ODIR,NORMAL,FULL_HYBRID_800D,AMD_DRY,0
S000360,ODIR,ODIR,NORMAL,HANDCRAFTED_ONLY_32D,AMD_DRY,0
S000360,ODIR,ODIR,NORMAL,HYBRID_MINUS_COLOR,AMD_DRY,0
S000360,ODIR,ODIR,NORMAL,HYBRID_MINUS_HARALICK,AMD_DRY,0
S000360,ODIR,ODIR,NORMAL,HYBRID_MINUS_LBP,AMD_DRY,0
S000360,ODIR,ODIR,NORMAL,VIT_PLUS_COLOR,AMD_DRY,0
S000360,ODIR,ODIR,NORMAL,VIT_PLUS_HARALICK,AMD_DRY,0
S000360,ODIR,ODIR,NORMAL,VIT_PLUS_LBP,AMD_DRY,0
S000361,ODIR,ODIR,NORMAL,FROZEN_VIT_768D,AMD_DRY,0
S000361,ODIR,ODIR,NORMAL,FULL_HYBRID_800D,AMD_DRY,0
S000361,ODIR,ODIR,NORMAL,HANDCRAFTED_ONLY_32D,AMD_DRY,0
S000361,ODIR,ODIR,NORMAL,HYBRID_MINUS_COLOR,AMD_DRY,0
S000361,ODIR,ODIR,NORMAL,HYBRID_MINUS_HARALICK,AMD_DRY,0
S000361,ODIR,ODIR,NORMAL,HYBRID_MINUS_LBP,AMD_DRY,0
S000361,ODIR,ODIR,NORMAL,VIT_PLUS_COLOR,AMD_DRY,0
S000361,ODIR,ODIR,NORMAL,VIT_PLUS_HARALICK,AMD_DRY,0
S000361,ODIR,ODIR,NORMAL,VIT_PLUS_LBP,AMD_DRY,0
S000362,ODIR,ODIR,NORMAL,FROZEN_VIT_768D,AMD_DRY,0
S000362,ODIR,ODIR,NORMAL,FULL_HYBRID_800D,AMD_DRY,0
S000362,ODIR,ODIR,NORMAL,HANDCRAFTED_ONLY_32D,AMD_DRY,0
S000362,ODIR,ODIR,NORMAL,HYBRID_MINUS_COLOR,AMD_DRY,0
S000362,ODIR,ODIR,NORMAL,HYBRID_MINUS_HARALICK,AMD_DRY,0
S000362,ODIR,ODIR,NORMAL,HYBRID_MINUS_LBP,AMD_DRY,0
S000362,ODIR,ODIR,NORMAL,VIT_PLUS_COLOR,AMD_DRY,0
S000362,ODIR,ODIR,NORMAL,VIT_PLUS_HARALICK,AMD_DRY,0
S000362,ODIR,ODIR,NORMAL,VIT_PLUS_LBP,AMD_DRY,0
S000363,ODIR,ODIR,NORMAL,FROZEN_VIT_768D,AMD_DRY,0
S000363,ODIR,ODIR,NORMAL,FULL_HYBRID_800D,AMD_DRY,0
S000363,ODIR,ODIR,NORMAL,HANDCRAFTED_ONLY_32D,NORMAL,1
S000363,ODIR,ODIR,NORMAL,HYBRID_MINUS_COLOR,AMD_DRY,0
S000363,ODIR,ODIR,NORMAL,HYBRID_MINUS_HARALICK,AMD_DRY,0
S000363,ODIR,ODIR,NORMAL,HYBRID_MINUS_LBP,AMD_DRY,0
S000363,ODIR,ODIR,NORMAL,VIT_PLUS_COLOR,AMD_DRY,0
S000363,ODIR,ODIR,NORMAL,VIT_PLUS_HARALICK,AMD_DRY,0
S000363,ODIR,ODIR,NORMAL,VIT_PLUS_LBP,AMD_DRY,0
S000364,ODIR,ODIR,AMD_DRY,FROZEN_VIT_768D,AMD_DRY,1
S000364,ODIR,ODIR,AMD_DRY,FULL_HYBRID_800D,AMD_DRY,1
S000364,ODIR,ODIR,AMD_DRY,HANDCRAFTED_ONLY_32D,AMD_WET,0
S000364,ODIR,ODIR,AMD_DRY,HYBRID_MINUS_COLOR,AMD_DRY,1
S000364,ODIR,ODIR,AMD_DRY,HYBRID_MINUS_HARALICK,AMD_DRY,1
S000364,ODIR,ODIR,AMD_DRY,HYBRID_MINUS_LBP,AMD_DRY,1
S000364,ODIR,ODIR,AMD_DRY,VIT_PLUS_COLOR,AMD_DRY,1
S000364,ODIR,ODIR,AMD_DRY,VIT_PLUS_HARALICK,AMD_DRY,1
S000364,ODIR,ODIR,AMD_DRY,VIT_PLUS_LBP,AMD_DRY,1
S000365,ODIR,ODIR,AMD_DRY,FROZEN_VIT_768D,AMD_DRY,1
S000365,ODIR,ODIR,AMD_DRY,FULL_HYBRID_800D,AMD_DRY,1
S000365,ODIR,ODIR,AMD_DRY,HANDCRAFTED_ONLY_32D,AMD_WET,0
S000365,ODIR,ODIR,AMD_DRY,HYBRID_MINUS_COLOR,AMD_DRY,1
S000365,ODIR,ODIR,AMD_DRY,HYBRID_MINUS_HARALICK,AMD_DRY,1
S000365,ODIR,ODIR,AMD_DRY,HYBRID_MINUS_LBP,AMD_DRY,1
S000365,ODIR,ODIR,AMD_DRY,VIT_PLUS_COLOR,AMD_DRY,1
S000365,ODIR,ODIR,AMD_DRY,VIT_PLUS_HARALICK,AMD_DRY,1
S000365,ODIR,ODIR,AMD_DRY,VIT_PLUS_LBP,AMD_DRY,1
S000366,ODIR,ODIR,AMD_DRY,FROZEN_VIT_768D,AMD_DRY,1
S000366,ODIR,ODIR,AMD_DRY,FULL_HYBRID_800D,AMD_DRY,1
S000366,ODIR,ODIR,AMD_DRY,HANDCRAFTED_ONLY_32D,AMD_WET,0
S000366,ODIR,ODIR,AMD_DRY,HYBRID_MINUS_COLOR,AMD_DRY,1
S000366,ODIR,ODIR,AMD_DRY,HYBRID_MINUS_HARALICK,AMD_DRY,1
S000366,ODIR,ODIR,AMD_DRY,HYBRID_MINUS_LBP,AMD_DRY,1
S000366,ODIR,ODIR,AMD_DRY,VIT_PLUS_COLOR,AMD_DRY,1
S000366,ODIR,ODIR,AMD_DRY,VIT_PLUS_HARALICK,AMD_DRY,1
S000366,ODIR,ODIR,AMD_DRY,VIT_PLUS_LBP,AMD_DRY,1
S000367,ODIR,ODIR,AMD_DRY,FROZEN_VIT_768D,AMD_WET,0
S000367,ODIR,ODIR,AMD_DRY,FULL_HYBRID_800D,AMD_DRY,1
S000367,ODIR,ODIR,AMD_DRY,HANDCRAFTED_ONLY_32D,AMD_WET,0
S000367,ODIR,ODIR,AMD_DRY,HYBRID_MINUS_COLOR,AMD_DRY,1
S000367,ODIR,ODIR,AMD_DRY,HYBRID_MINUS_HARALICK,AMD_DRY,1
S000367,ODIR,ODIR,AMD_DRY,HYBRID_MINUS_LBP,AMD_DRY,1
S000367,ODIR,ODIR,AMD_DRY,VIT_PLUS_COLOR,AMD_DRY,1
S000367,ODIR,ODIR,AMD_DRY,VIT_PLUS_HARALICK,AMD_DRY,1
S000367,ODIR,ODIR,AMD_DRY,VIT_PLUS_LBP,AMD_DRY,1
S000368,ODIR,ODIR,AMD_DRY,FROZEN_VIT_768D,AMD_DRY,1
S000368,ODIR,ODIR,AMD_DRY,FULL_HYBRID_800D,AMD_DRY,1
S000368,ODIR,ODIR,AMD_DRY,HANDCRAFTED_ONLY_32D,AMD_WET,0
S000368,ODIR,ODIR,AMD_DRY,HYBRID_MINUS_COLOR,AMD_DRY,1
S000368,ODIR,ODIR,AMD_DRY,HYBRID_MINUS_HARALICK,AMD_DRY,1
S000368,ODIR,ODIR,AMD_DRY,HYBRID_MINUS_LBP,AMD_DRY,1
S000368,ODIR,ODIR,AMD_DRY,VIT_PLUS_COLOR,AMD_DRY,1
S000368,ODIR,ODIR,AMD_DRY,VIT_PLUS_HARALICK,AMD_DRY,1
S000368,ODIR,ODIR,AMD_DRY,VIT_PLUS_LBP,AMD_DRY,1
S000369,ODIR,ODIR,AMD_DRY,FROZEN_VIT_768D,AMD_DRY,1
S000369,ODIR,ODIR,AMD_DRY,FULL_HYBRID_800D,AMD_DRY,1
S000369,ODIR,ODIR,AMD_DRY,HANDCRAFTED_ONLY_32D,AMD_DRY,1
S000369,ODIR,ODIR,AMD_DRY,HYBRID_MINUS_COLOR,AMD_DRY,1
S000369,ODIR,ODIR,AMD_DRY,HYBRID_MINUS_HARALICK,AMD_DRY,1
S000369,ODIR,ODIR,AMD_DRY,HYBRID_MINUS_LBP,AMD_DRY,1
S000369,ODIR,ODIR,AMD_DRY,VIT_PLUS_COLOR,AMD_DRY,1
S000369,ODIR,ODIR,AMD_DRY,VIT_PLUS_HARALICK,AMD_DRY,1
S000369,ODIR,ODIR,AMD_DRY,VIT_PLUS_LBP,AMD_DRY,1
S000370,ODIR,ODIR,AMD_DRY,FROZEN_VIT_768D,AMD_DRY,1
S000370,ODIR,ODIR,AMD_DRY,FULL_HYBRID_800D,AMD_DRY,1
S000370,ODIR,ODIR,AMD_DRY,HANDCRAFTED_ONLY_32D,AMD_WET,0
S000370,ODIR,ODIR,AMD_DRY,HYBRID_MINUS_COLOR,AMD_DRY,1
S000370,ODIR,ODIR,AMD_DRY,HYBRID_MINUS_HARALICK,AMD_DRY,1
S000370,ODIR,ODIR,AMD_DRY,HYBRID_MINUS_LBP,AMD_DRY,1
S000370,ODIR,ODIR,AMD_DRY,VIT_PLUS_COLOR,AMD_DRY,1
S000370,ODIR,ODIR,AMD_DRY,VIT_PLUS_HARALICK,AMD_DRY,1
S000370,ODIR,ODIR,AMD_DRY,VIT_PLUS_LBP,AMD_DRY,1
S000371,ODIR,ODIR,AMD_DRY,FROZEN_VIT_768D,AMD_DRY,1
S000371,ODIR,ODIR,AMD_DRY,FULL_HYBRID_800D,AMD_DRY,1
S000371,ODIR,ODIR,AMD_DRY,HANDCRAFTED_ONLY_32D,AMD_DRY,1
S000371,ODIR,ODIR,AMD_DRY,HYBRID_MINUS_COLOR,AMD_DRY,1
S000371,ODIR,ODIR,AMD_DRY,HYBRID_MINUS_HARALICK,AMD_DRY,1
S000371,ODIR,ODIR,AMD_DRY,HYBRID_MINUS_LBP,AMD_DRY,1
S000371,ODIR,ODIR,AMD_DRY,VIT_PLUS_COLOR,AMD_DRY,1
S000371,ODIR,ODIR,AMD_DRY,VIT_PLUS_HARALICK,AMD_DRY,1
S000371,ODIR,ODIR,AMD_DRY,VIT_PLUS_LBP,AMD_DRY,1
S000372,ODIR,ODIR,AMD_DRY,FROZEN_VIT_768D,AMD_DRY,1
S000372,ODIR,ODIR,AMD_DRY,FULL_HYBRID_800D,AMD_DRY,1
S000372,ODIR,ODIR,AMD_DRY,HANDCRAFTED_ONLY_32D,AMD_DRY,1
S000372,ODIR,ODIR,AMD_DRY,HYBRID_MINUS_COLOR,AMD_DRY,1
S000372,ODIR,ODIR,AMD_DRY,HYBRID_MINUS_HARALICK,AMD_DRY,1
S000372,ODIR,ODIR,AMD_DRY,HYBRID_MINUS_LBP,AMD_DRY,1
S000372,ODIR,ODIR,AMD_DRY,VIT_PLUS_COLOR,AMD_DRY,1
S000372,ODIR,ODIR,AMD_DRY,VIT_PLUS_HARALICK,AMD_DRY,1
S000372,ODIR,ODIR,AMD_DRY,VIT_PLUS_LBP,AMD_DRY,1
S000373,ODIR,ODIR,AMD_DRY,FROZEN_VIT_768D,AMD_DRY,1
S000373,ODIR,ODIR,AMD_DRY,FULL_HYBRID_800D,AMD_DRY,1
S000373,ODIR,ODIR,AMD_DRY,HANDCRAFTED_ONLY_32D,AMD_DRY,1
S000373,ODIR,ODIR,AMD_DRY,HYBRID_MINUS_COLOR,AMD_DRY,1
S000373,ODIR,ODIR,AMD_DRY,HYBRID_MINUS_HARALICK,AMD_DRY,1
S000373,ODIR,ODIR,AMD_DRY,HYBRID_MINUS_LBP,AMD_DRY,1
S000373,ODIR,ODIR,AMD_DRY,VIT_PLUS_COLOR,AMD_DRY,1
S000373,ODIR,ODIR,AMD_DRY,VIT_PLUS_HARALICK,AMD_DRY,1
S000373,ODIR,ODIR,AMD_DRY,VIT_PLUS_LBP,AMD_DRY,1
S000374,ODIR,ODIR,AMD_DRY,FROZEN_VIT_768D,AMD_DRY,1
S000374,ODIR,ODIR,AMD_DRY,FULL_HYBRID_800D,AMD_DRY,1
S000374,ODIR,ODIR,AMD_DRY,HANDCRAFTED_ONLY_32D,AMD_WET,0
S000374,ODIR,ODIR,AMD_DRY,HYBRID_MINUS_COLOR,AMD_DRY,1
S000374,ODIR,ODIR,AMD_DRY,HYBRID_MINUS_HARALICK,AMD_DRY,1
S000374,ODIR,ODIR,AMD_DRY,HYBRID_MINUS_LBP,AMD_DRY,1
S000374,ODIR,ODIR,AMD_DRY,VIT_PLUS_COLOR,AMD_DRY,1
S000374,ODIR,ODIR,AMD_DRY,VIT_PLUS_HARALICK,AMD_DRY,1
S000374,ODIR,ODIR,AMD_DRY,VIT_PLUS_LBP,AMD_DRY,1
S000375,ODIR,ODIR,AMD_DRY,FROZEN_VIT_768D,AMD_DRY,1
S000375,ODIR,ODIR,AMD_DRY,FULL_HYBRID_800D,AMD_DRY,1
S000375,ODIR,ODIR,AMD_DRY,HANDCRAFTED_ONLY_32D,AMD_WET,0
S000375,ODIR,ODIR,AMD_DRY,HYBRID_MINUS_COLOR,AMD_DRY,1
S000375,ODIR,ODIR,AMD_DRY,HYBRID_MINUS_HARALICK,AMD_DRY,1
S000375,ODIR,ODIR,AMD_DRY,HYBRID_MINUS_LBP,AMD_DRY,1
S000375,ODIR,ODIR,AMD_DRY,VIT_PLUS_COLOR,AMD_DRY,1
S000375,ODIR,ODIR,AMD_DRY,VIT_PLUS_HARALICK,AMD_DRY,1
S000375,ODIR,ODIR,AMD_DRY,VIT_PLUS_LBP,AMD_DRY,1
S000376,ODIR,ODIR,AMD_DRY,FROZEN_VIT_768D,AMD_DRY,1
S000376,ODIR,ODIR,AMD_DRY,FULL_HYBRID_800D,AMD_DRY,1
S000376,ODIR,ODIR,AMD_DRY,HANDCRAFTED_ONLY_32D,AMD_DRY,1
S000376,ODIR,ODIR,AMD_DRY,HYBRID_MINUS_COLOR,AMD_DRY,1
S000376,ODIR,ODIR,AMD_DRY,HYBRID_MINUS_HARALICK,AMD_DRY,1
S000376,ODIR,ODIR,AMD_DRY,HYBRID_MINUS_LBP,AMD_DRY,1
S000376,ODIR,ODIR,AMD_DRY,VIT_PLUS_COLOR,AMD_DRY,1
S000376,ODIR,ODIR,AMD_DRY,VIT_PLUS_HARALICK,AMD_DRY,1
S000376,ODIR,ODIR,AMD_DRY,VIT_PLUS_LBP,AMD_DRY,1
S000377,ODIR,ODIR,AMD_DRY,FROZEN_VIT_768D,AMD_DRY,1
S000377,ODIR,ODIR,AMD_DRY,FULL_HYBRID_800D,AMD_DRY,1
S000377,ODIR,ODIR,AMD_DRY,HANDCRAFTED_ONLY_32D,AMD_DRY,1
S000377,ODIR,ODIR,AMD_DRY,HYBRID_MINUS_COLOR,AMD_DRY,1
S000377,ODIR,ODIR,AMD_DRY,HYBRID_MINUS_HARALICK,AMD_DRY,1
S000377,ODIR,ODIR,AMD_DRY,HYBRID_MINUS_LBP,AMD_DRY,1
S000377,ODIR,ODIR,AMD_DRY,VIT_PLUS_COLOR,AMD_DRY,1
S000377,ODIR,ODIR,AMD_DRY,VIT_PLUS_HARALICK,AMD_DRY,1
S000377,ODIR,ODIR,AMD_DRY,VIT_PLUS_LBP,AMD_DRY,1
S000378,ODIR,ODIR,AMD_DRY,FROZEN_VIT_768D,AMD_DRY,1
S000378,ODIR,ODIR,AMD_DRY,FULL_HYBRID_800D,AMD_DRY,1
S000378,ODIR,ODIR,AMD_DRY,HANDCRAFTED_ONLY_32D,AMD_WET,0
S000378,ODIR,ODIR,AMD_DRY,HYBRID_MINUS_COLOR,AMD_DRY,1
S000378,ODIR,ODIR,AMD_DRY,HYBRID_MINUS_HARALICK,AMD_DRY,1
S000378,ODIR,ODIR,AMD_DRY,HYBRID_MINUS_LBP,AMD_DRY,1
S000378,ODIR,ODIR,AMD_DRY,VIT_PLUS_COLOR,AMD_DRY,1
S000378,ODIR,ODIR,AMD_DRY,VIT_PLUS_HARALICK,AMD_DRY,1
S000378,ODIR,ODIR,AMD_DRY,VIT_PLUS_LBP,AMD_DRY,1
S000379,ODIR,ODIR,AMD_DRY,FROZEN_VIT_768D,AMD_DRY,1
S000379,ODIR,ODIR,AMD_DRY,FULL_HYBRID_800D,AMD_DRY,1
S000379,ODIR,ODIR,AMD_DRY,HANDCRAFTED_ONLY_32D,AMD_WET,0
S000379,ODIR,ODIR,AMD_DRY,HYBRID_MINUS_COLOR,AMD_DRY,1
S000379,ODIR,ODIR,AMD_DRY,HYBRID_MINUS_HARALICK,AMD_DRY,1
S000379,ODIR,ODIR,AMD_DRY,HYBRID_MINUS_LBP,AMD_DRY,1
S000379,ODIR,ODIR,AMD_DRY,VIT_PLUS_COLOR,AMD_DRY,1
S000379,ODIR,ODIR,AMD_DRY,VIT_PLUS_HARALICK,AMD_DRY,1
S000379,ODIR,ODIR,AMD_DRY,VIT_PLUS_LBP,AMD_DRY,1
S000380,ODIR,ODIR,AMD_DRY,FROZEN_VIT_768D,AMD_DRY,1
S000380,ODIR,ODIR,AMD_DRY,FULL_HYBRID_800D,AMD_DRY,1
S000380,ODIR,ODIR,AMD_DRY,HANDCRAFTED_ONLY_32D,AMD_WET,0
S000380,ODIR,ODIR,AMD_DRY,HYBRID_MINUS_COLOR,AMD_DRY,1
S000380,ODIR,ODIR,AMD_DRY,HYBRID_MINUS_HARALICK,AMD_DRY,1
S000380,ODIR,ODIR,AMD_DRY,HYBRID_MINUS_LBP,AMD_DRY,1
S000380,ODIR,ODIR,AMD_DRY,VIT_PLUS_COLOR,AMD_DRY,1
S000380,ODIR,ODIR,AMD_DRY,VIT_PLUS_HARALICK,AMD_DRY,1
S000380,ODIR,ODIR,AMD_DRY,VIT_PLUS_LBP,AMD_DRY,1
S000381,ODIR,ODIR,AMD_DRY,FROZEN_VIT_768D,AMD_DRY,1
S000381,ODIR,ODIR,AMD_DRY,FULL_HYBRID_800D,AMD_DRY,1
S000381,ODIR,ODIR,AMD_DRY,HANDCRAFTED_ONLY_32D,AMD_DRY,1
S000381,ODIR,ODIR,AMD_DRY,HYBRID_MINUS_COLOR,AMD_DRY,1
S000381,ODIR,ODIR,AMD_DRY,HYBRID_MINUS_HARALICK,AMD_DRY,1
S000381,ODIR,ODIR,AMD_DRY,HYBRID_MINUS_LBP,AMD_DRY,1
S000381,ODIR,ODIR,AMD_DRY,VIT_PLUS_COLOR,AMD_DRY,1
S000381,ODIR,ODIR,AMD_DRY,VIT_PLUS_HARALICK,AMD_DRY,1
S000381,ODIR,ODIR,AMD_DRY,VIT_PLUS_LBP,AMD_DRY,1
S000382,ODIR,ODIR,AMD_DRY,FROZEN_VIT_768D,AMD_DRY,1
S000382,ODIR,ODIR,AMD_DRY,FULL_HYBRID_800D,AMD_DRY,1
S000382,ODIR,ODIR,AMD_DRY,HANDCRAFTED_ONLY_32D,AMD_DRY,1
S000382,ODIR,ODIR,AMD_DRY,HYBRID_MINUS_COLOR,AMD_DRY,1
S000382,ODIR,ODIR,AMD_DRY,HYBRID_MINUS_HARALICK,AMD_DRY,1
S000382,ODIR,ODIR,AMD_DRY,HYBRID_MINUS_LBP,AMD_DRY,1
S000382,ODIR,ODIR,AMD_DRY,VIT_PLUS_COLOR,AMD_DRY,1
S000382,ODIR,ODIR,AMD_DRY,VIT_PLUS_HARALICK,AMD_DRY,1
S000382,ODIR,ODIR,AMD_DRY,VIT_PLUS_LBP,AMD_DRY,1
S000383,ODIR,ODIR,AMD_DRY,FROZEN_VIT_768D,AMD_DRY,1
S000383,ODIR,ODIR,AMD_DRY,FULL_HYBRID_800D,AMD_DRY,1
S000383,ODIR,ODIR,AMD_DRY,HANDCRAFTED_ONLY_32D,AMD_WET,0
S000383,ODIR,ODIR,AMD_DRY,HYBRID_MINUS_COLOR,AMD_DRY,1
S000383,ODIR,ODIR,AMD_DRY,HYBRID_MINUS_HARALICK,AMD_DRY,1
S000383,ODIR,ODIR,AMD_DRY,HYBRID_MINUS_LBP,AMD_DRY,1
S000383,ODIR,ODIR,AMD_DRY,VIT_PLUS_COLOR,AMD_DRY,1
S000383,ODIR,ODIR,AMD_DRY,VIT_PLUS_HARALICK,AMD_DRY,1
S000383,ODIR,ODIR,AMD_DRY,VIT_PLUS_LBP,AMD_DRY,1
S000384,ODIR,ODIR,AMD_DRY,FROZEN_VIT_768D,AMD_DRY,1
S000384,ODIR,ODIR,AMD_DRY,FULL_HYBRID_800D,AMD_DRY,1
S000384,ODIR,ODIR,AMD_DRY,HANDCRAFTED_ONLY_32D,AMD_WET,0
S000384,ODIR,ODIR,AMD_DRY,HYBRID_MINUS_COLOR,AMD_DRY,1
S000384,ODIR,ODIR,AMD_DRY,HYBRID_MINUS_HARALICK,AMD_DRY,1
S000384,ODIR,ODIR,AMD_DRY,HYBRID_MINUS_LBP,AMD_DRY,1
S000384,ODIR,ODIR,AMD_DRY,VIT_PLUS_COLOR,AMD_DRY,1
S000384,ODIR,ODIR,AMD_DRY,VIT_PLUS_HARALICK,AMD_DRY,1
S000384,ODIR,ODIR,AMD_DRY,VIT_PLUS_LBP,AMD_DRY,1
S000385,ODIR,ODIR,AMD_DRY,FROZEN_VIT_768D,AMD_DRY,1
S000385,ODIR,ODIR,AMD_DRY,FULL_HYBRID_800D,AMD_DRY,1
S000385,ODIR,ODIR,AMD_DRY,HANDCRAFTED_ONLY_32D,AMD_DRY,1
S000385,ODIR,ODIR,AMD_DRY,HYBRID_MINUS_COLOR,AMD_DRY,1
S000385,ODIR,ODIR,AMD_DRY,HYBRID_MINUS_HARALICK,AMD_DRY,1
S000385,ODIR,ODIR,AMD_DRY,HYBRID_MINUS_LBP,AMD_DRY,1
S000385,ODIR,ODIR,AMD_DRY,VIT_PLUS_COLOR,AMD_DRY,1
S000385,ODIR,ODIR,AMD_DRY,VIT_PLUS_HARALICK,AMD_DRY,1
S000385,ODIR,ODIR,AMD_DRY,VIT_PLUS_LBP,AMD_DRY,1
S000386,ODIR,ODIR,AMD_DRY,FROZEN_VIT_768D,AMD_DRY,1
S000386,ODIR,ODIR,AMD_DRY,FULL_HYBRID_800D,AMD_DRY,1
S000386,ODIR,ODIR,AMD_DRY,HANDCRAFTED_ONLY_32D,AMD_WET,0
S000386,ODIR,ODIR,AMD_DRY,HYBRID_MINUS_COLOR,AMD_DRY,1
S000386,ODIR,ODIR,AMD_DRY,HYBRID_MINUS_HARALICK,AMD_DRY,1
S000386,ODIR,ODIR,AMD_DRY,HYBRID_MINUS_LBP,AMD_DRY,1
S000386,ODIR,ODIR,AMD_DRY,VIT_PLUS_COLOR,AMD_DRY,1
S000386,ODIR,ODIR,AMD_DRY,VIT_PLUS_HARALICK,AMD_DRY,1
S000386,ODIR,ODIR,AMD_DRY,VIT_PLUS_LBP,AMD_DRY,1
S000387,ODIR,ODIR,AMD_DRY,FROZEN_VIT_768D,AMD_DRY,1
S000387,ODIR,ODIR,AMD_DRY,FULL_HYBRID_800D,AMD_DRY,1
S000387,ODIR,ODIR,AMD_DRY,HANDCRAFTED_ONLY_32D,AMD_DRY,1
S000387,ODIR,ODIR,AMD_DRY,HYBRID_MINUS_COLOR,AMD_DRY,1
S000387,ODIR,ODIR,AMD_DRY,HYBRID_MINUS_HARALICK,AMD_DRY,1
S000387,ODIR,ODIR,AMD_DRY,HYBRID_MINUS_LBP,AMD_DRY,1
S000387,ODIR,ODIR,AMD_DRY,VIT_PLUS_COLOR,AMD_DRY,1
S000387,ODIR,ODIR,AMD_DRY,VIT_PLUS_HARALICK,AMD_DRY,1
S000387,ODIR,ODIR,AMD_DRY,VIT_PLUS_LBP,AMD_DRY,1
S000388,ODIR,ODIR,AMD_DRY,FROZEN_VIT_768D,AMD_DRY,1
S000388,ODIR,ODIR,AMD_DRY,FULL_HYBRID_800D,AMD_DRY,1
S000388,ODIR,ODIR,AMD_DRY,HANDCRAFTED_ONLY_32D,AMD_DRY,1
S000388,ODIR,ODIR,AMD_DRY,HYBRID_MINUS_COLOR,AMD_DRY,1
S000388,ODIR,ODIR,AMD_DRY,HYBRID_MINUS_HARALICK,AMD_DRY,1
S000388,ODIR,ODIR,AMD_DRY,HYBRID_MINUS_LBP,AMD_DRY,1
S000388,ODIR,ODIR,AMD_DRY,VIT_PLUS_COLOR,AMD_DRY,1
S000388,ODIR,ODIR,AMD_DRY,VIT_PLUS_HARALICK,AMD_DRY,1
S000388,ODIR,ODIR,AMD_DRY,VIT_PLUS_LBP,AMD_DRY,1
S000389,ODIR,ODIR,AMD_DRY,FROZEN_VIT_768D,AMD_DRY,1
S000389,ODIR,ODIR,AMD_DRY,FULL_HYBRID_800D,AMD_DRY,1
S000389,ODIR,ODIR,AMD_DRY,HANDCRAFTED_ONLY_32D,AMD_WET,0
S000389,ODIR,ODIR,AMD_DRY,HYBRID_MINUS_COLOR,AMD_DRY,1
S000389,ODIR,ODIR,AMD_DRY,HYBRID_MINUS_HARALICK,AMD_DRY,1
S000389,ODIR,ODIR,AMD_DRY,HYBRID_MINUS_LBP,AMD_DRY,1
S000389,ODIR,ODIR,AMD_DRY,VIT_PLUS_COLOR,AMD_DRY,1
S000389,ODIR,ODIR,AMD_DRY,VIT_PLUS_HARALICK,AMD_DRY,1
S000389,ODIR,ODIR,AMD_DRY,VIT_PLUS_LBP,AMD_DRY,1
S000390,ODIR,ODIR,AMD_DRY,FROZEN_VIT_768D,AMD_DRY,1
S000390,ODIR,ODIR,AMD_DRY,FULL_HYBRID_800D,AMD_DRY,1
S000390,ODIR,ODIR,AMD_DRY,HANDCRAFTED_ONLY_32D,AMD_WET,0
S000390,ODIR,ODIR,AMD_DRY,HYBRID_MINUS_COLOR,AMD_DRY,1
S000390,ODIR,ODIR,AMD_DRY,HYBRID_MINUS_HARALICK,AMD_DRY,1
S000390,ODIR,ODIR,AMD_DRY,HYBRID_MINUS_LBP,AMD_DRY,1
S000390,ODIR,ODIR,AMD_DRY,VIT_PLUS_COLOR,AMD_DRY,1
S000390,ODIR,ODIR,AMD_DRY,VIT_PLUS_HARALICK,AMD_DRY,1
S000390,ODIR,ODIR,AMD_DRY,VIT_PLUS_LBP,AMD_DRY,1
S000391,ODIR,ODIR,AMD_DRY,FROZEN_VIT_768D,AMD_DRY,1
S000391,ODIR,ODIR,AMD_DRY,FULL_HYBRID_800D,AMD_DRY,1
S000391,ODIR,ODIR,AMD_DRY,HANDCRAFTED_ONLY_32D,AMD_WET,0
S000391,ODIR,ODIR,AMD_DRY,HYBRID_MINUS_COLOR,AMD_DRY,1
S000391,ODIR,ODIR,AMD_DRY,HYBRID_MINUS_HARALICK,AMD_DRY,1
S000391,ODIR,ODIR,AMD_DRY,HYBRID_MINUS_LBP,AMD_DRY,1
S000391,ODIR,ODIR,AMD_DRY,VIT_PLUS_COLOR,AMD_DRY,1
S000391,ODIR,ODIR,AMD_DRY,VIT_PLUS_HARALICK,AMD_DRY,1
S000391,ODIR,ODIR,AMD_DRY,VIT_PLUS_LBP,AMD_DRY,1
S000392,ODIR,ODIR,AMD_DRY,FROZEN_VIT_768D,AMD_DRY,1
S000392,ODIR,ODIR,AMD_DRY,FULL_HYBRID_800D,AMD_DRY,1
S000392,ODIR,ODIR,AMD_DRY,HANDCRAFTED_ONLY_32D,AMD_DRY,1
S000392,ODIR,ODIR,AMD_DRY,HYBRID_MINUS_COLOR,AMD_DRY,1
S000392,ODIR,ODIR,AMD_DRY,HYBRID_MINUS_HARALICK,AMD_DRY,1
S000392,ODIR,ODIR,AMD_DRY,HYBRID_MINUS_LBP,AMD_DRY,1
S000392,ODIR,ODIR,AMD_DRY,VIT_PLUS_COLOR,AMD_DRY,1
S000392,ODIR,ODIR,AMD_DRY,VIT_PLUS_HARALICK,AMD_DRY,1
S000392,ODIR,ODIR,AMD_DRY,VIT_PLUS_LBP,AMD_DRY,1
S000393,ODIR,ODIR,AMD_DRY,FROZEN_VIT_768D,AMD_DRY,1
S000393,ODIR,ODIR,AMD_DRY,FULL_HYBRID_800D,AMD_DRY,1
S000393,ODIR,ODIR,AMD_DRY,HANDCRAFTED_ONLY_32D,AMD_WET,0
S000393,ODIR,ODIR,AMD_DRY,HYBRID_MINUS_COLOR,AMD_DRY,1
S000393,ODIR,ODIR,AMD_DRY,HYBRID_MINUS_HARALICK,AMD_DRY,1
S000393,ODIR,ODIR,AMD_DRY,HYBRID_MINUS_LBP,AMD_DRY,1
S000393,ODIR,ODIR,AMD_DRY,VIT_PLUS_COLOR,AMD_DRY,1
S000393,ODIR,ODIR,AMD_DRY,VIT_PLUS_HARALICK,AMD_DRY,1
S000393,ODIR,ODIR,AMD_DRY,VIT_PLUS_LBP,AMD_DRY,1
S000394,ODIR,ODIR,AMD_DRY,FROZEN_VIT_768D,AMD_DRY,1
S000394,ODIR,ODIR,AMD_DRY,FULL_HYBRID_800D,AMD_DRY,1
S000394,ODIR,ODIR,AMD_DRY,HANDCRAFTED_ONLY_32D,AMD_DRY,1
S000394,ODIR,ODIR,AMD_DRY,HYBRID_MINUS_COLOR,AMD_DRY,1
S000394,ODIR,ODIR,AMD_DRY,HYBRID_MINUS_HARALICK,AMD_DRY,1
S000394,ODIR,ODIR,AMD_DRY,HYBRID_MINUS_LBP,AMD_DRY,1
S000394,ODIR,ODIR,AMD_DRY,VIT_PLUS_COLOR,AMD_DRY,1
S000394,ODIR,ODIR,AMD_DRY,VIT_PLUS_HARALICK,AMD_DRY,1
S000394,ODIR,ODIR,AMD_DRY,VIT_PLUS_LBP,AMD_DRY,1
S000395,ODIR,ODIR,AMD_DRY,FROZEN_VIT_768D,AMD_DRY,1
S000395,ODIR,ODIR,AMD_DRY,FULL_HYBRID_800D,AMD_DRY,1
S000395,ODIR,ODIR,AMD_DRY,HANDCRAFTED_ONLY_32D,AMD_WET,0
S000395,ODIR,ODIR,AMD_DRY,HYBRID_MINUS_COLOR,AMD_DRY,1
S000395,ODIR,ODIR,AMD_DRY,HYBRID_MINUS_HARALICK,AMD_DRY,1
S000395,ODIR,ODIR,AMD_DRY,HYBRID_MINUS_LBP,AMD_DRY,1
S000395,ODIR,ODIR,AMD_DRY,VIT_PLUS_COLOR,AMD_DRY,1
S000395,ODIR,ODIR,AMD_DRY,VIT_PLUS_HARALICK,AMD_DRY,1
S000395,ODIR,ODIR,AMD_DRY,VIT_PLUS_LBP,AMD_DRY,1
S000396,ODIR,ODIR,AMD_DRY,FROZEN_VIT_768D,AMD_DRY,1
S000396,ODIR,ODIR,AMD_DRY,FULL_HYBRID_800D,AMD_DRY,1
S000396,ODIR,ODIR,AMD_DRY,HANDCRAFTED_ONLY_32D,AMD_DRY,1
S000396,ODIR,ODIR,AMD_DRY,HYBRID_MINUS_COLOR,AMD_DRY,1
S000396,ODIR,ODIR,AMD_DRY,HYBRID_MINUS_HARALICK,AMD_DRY,1
S000396,ODIR,ODIR,AMD_DRY,HYBRID_MINUS_LBP,AMD_DRY,1
S000396,ODIR,ODIR,AMD_DRY,VIT_PLUS_COLOR,AMD_DRY,1
S000396,ODIR,ODIR,AMD_DRY,VIT_PLUS_HARALICK,AMD_DRY,1
S000396,ODIR,ODIR,AMD_DRY,VIT_PLUS_LBP,AMD_DRY,1
S000397,ODIR,ODIR,AMD_DRY,FROZEN_VIT_768D,AMD_DRY,1
S000397,ODIR,ODIR,AMD_DRY,FULL_HYBRID_800D,AMD_DRY,1
S000397,ODIR,ODIR,AMD_DRY,HANDCRAFTED_ONLY_32D,AMD_DRY,1
S000397,ODIR,ODIR,AMD_DRY,HYBRID_MINUS_COLOR,AMD_DRY,1
S000397,ODIR,ODIR,AMD_DRY,HYBRID_MINUS_HARALICK,AMD_DRY,1
S000397,ODIR,ODIR,AMD_DRY,HYBRID_MINUS_LBP,AMD_DRY,1
S000397,ODIR,ODIR,AMD_DRY,VIT_PLUS_COLOR,AMD_DRY,1
S000397,ODIR,ODIR,AMD_DRY,VIT_PLUS_HARALICK,AMD_DRY,1
S000397,ODIR,ODIR,AMD_DRY,VIT_PLUS_LBP,AMD_DRY,1
S000398,ODIR,ODIR,AMD_DRY,FROZEN_VIT_768D,AMD_DRY,1
S000398,ODIR,ODIR,AMD_DRY,FULL_HYBRID_800D,AMD_DRY,1
S000398,ODIR,ODIR,AMD_DRY,HANDCRAFTED_ONLY_32D,AMD_DRY,1
S000398,ODIR,ODIR,AMD_DRY,HYBRID_MINUS_COLOR,AMD_DRY,1
S000398,ODIR,ODIR,AMD_DRY,HYBRID_MINUS_HARALICK,AMD_DRY,1
S000398,ODIR,ODIR,AMD_DRY,HYBRID_MINUS_LBP,AMD_DRY,1
S000398,ODIR,ODIR,AMD_DRY,VIT_PLUS_COLOR,AMD_DRY,1
S000398,ODIR,ODIR,AMD_DRY,VIT_PLUS_HARALICK,AMD_DRY,1
S000398,ODIR,ODIR,AMD_DRY,VIT_PLUS_LBP,AMD_DRY,1
S000399,ODIR,ODIR,AMD_DRY,FROZEN_VIT_768D,AMD_WET,0
S000399,ODIR,ODIR,AMD_DRY,FULL_HYBRID_800D,AMD_DRY,1
S000399,ODIR,ODIR,AMD_DRY,HANDCRAFTED_ONLY_32D,AMD_DRY,1
S000399,ODIR,ODIR,AMD_DRY,HYBRID_MINUS_COLOR,AMD_WET,0
S000399,ODIR,ODIR,AMD_DRY,HYBRID_MINUS_HARALICK,AMD_DRY,1
S000399,ODIR,ODIR,AMD_DRY,HYBRID_MINUS_LBP,AMD_DRY,1
S000399,ODIR,ODIR,AMD_DRY,VIT_PLUS_COLOR,AMD_DRY,1
S000399,ODIR,ODIR,AMD_DRY,VIT_PLUS_HARALICK,AMD_WET,0
S000399,ODIR,ODIR,AMD_DRY,VIT_PLUS_LBP,AMD_WET,0
S000400,ODIR,ODIR,AMD_DRY,FROZEN_VIT_768D,AMD_WET,0
S000400,ODIR,ODIR,AMD_DRY,FULL_HYBRID_800D,AMD_WET,0
S000400,ODIR,ODIR,AMD_DRY,HANDCRAFTED_ONLY_32D,AMD_WET,0
S000400,ODIR,ODIR,AMD_DRY,HYBRID_MINUS_COLOR,AMD_WET,0
S000400,ODIR,ODIR,AMD_DRY,HYBRID_MINUS_HARALICK,AMD_WET,0
S000400,ODIR,ODIR,AMD_DRY,HYBRID_MINUS_LBP,AMD_WET,0
S000400,ODIR,ODIR,AMD_DRY,VIT_PLUS_COLOR,AMD_WET,0
S000400,ODIR,ODIR,AMD_DRY,VIT_PLUS_HARALICK,AMD_WET,0
S000400,ODIR,ODIR,AMD_DRY,VIT_PLUS_LBP,AMD_WET,0
S000401,ODIR,ODIR,AMD_DRY,FROZEN_VIT_768D,AMD_WET,0
S000401,ODIR,ODIR,AMD_DRY,FULL_HYBRID_800D,AMD_WET,0
S000401,ODIR,ODIR,AMD_DRY,HANDCRAFTED_ONLY_32D,AMD_DRY,1
S000401,ODIR,ODIR,AMD_DRY,HYBRID_MINUS_COLOR,AMD_WET,0
S000401,ODIR,ODIR,AMD_DRY,HYBRID_MINUS_HARALICK,AMD_WET,0
S000401,ODIR,ODIR,AMD_DRY,HYBRID_MINUS_LBP,AMD_WET,0
S000401,ODIR,ODIR,AMD_DRY,VIT_PLUS_COLOR,AMD_WET,0
S000401,ODIR,ODIR,AMD_DRY,VIT_PLUS_HARALICK,AMD_WET,0
S000401,ODIR,ODIR,AMD_DRY,VIT_PLUS_LBP,AMD_WET,0
S000402,ODIR,ODIR,AMD_DRY,FROZEN_VIT_768D,AMD_DRY,1
S000402,ODIR,ODIR,AMD_DRY,FULL_HYBRID_800D,AMD_DRY,1
S000402,ODIR,ODIR,AMD_DRY,HANDCRAFTED_ONLY_32D,AMD_DRY,1
S000402,ODIR,ODIR,AMD_DRY,HYBRID_MINUS_COLOR,AMD_DRY,1
S000402,ODIR,ODIR,AMD_DRY,HYBRID_MINUS_HARALICK,AMD_DRY,1
S000402,ODIR,ODIR,AMD_DRY,HYBRID_MINUS_LBP,AMD_DRY,1
S000402,ODIR,ODIR,AMD_DRY,VIT_PLUS_COLOR,AMD_DRY,1
S000402,ODIR,ODIR,AMD_DRY,VIT_PLUS_HARALICK,AMD_DRY,1
S000402,ODIR,ODIR,AMD_DRY,VIT_PLUS_LBP,AMD_DRY,1
S000403,ODIR,ODIR,AMD_DRY,FROZEN_VIT_768D,AMD_DRY,1
S000403,ODIR,ODIR,AMD_DRY,FULL_HYBRID_800D,AMD_DRY,1
S000403,ODIR,ODIR,AMD_DRY,HANDCRAFTED_ONLY_32D,AMD_DRY,1
S000403,ODIR,ODIR,AMD_DRY,HYBRID_MINUS_COLOR,AMD_DRY,1
S000403,ODIR,ODIR,AMD_DRY,HYBRID_MINUS_HARALICK,AMD_DRY,1
S000403,ODIR,ODIR,AMD_DRY,HYBRID_MINUS_LBP,AMD_DRY,1
S000403,ODIR,ODIR,AMD_DRY,VIT_PLUS_COLOR,AMD_DRY,1
S000403,ODIR,ODIR,AMD_DRY,VIT_PLUS_HARALICK,AMD_DRY,1
S000403,ODIR,ODIR,AMD_DRY,VIT_PLUS_LBP,AMD_DRY,1
S000404,ODIR,ODIR,AMD_DRY,FROZEN_VIT_768D,AMD_DRY,1
S000404,ODIR,ODIR,AMD_DRY,FULL_HYBRID_800D,AMD_DRY,1
S000404,ODIR,ODIR,AMD_DRY,HANDCRAFTED_ONLY_32D,AMD_DRY,1
S000404,ODIR,ODIR,AMD_DRY,HYBRID_MINUS_COLOR,AMD_DRY,1
S000404,ODIR,ODIR,AMD_DRY,HYBRID_MINUS_HARALICK,AMD_DRY,1
S000404,ODIR,ODIR,AMD_DRY,HYBRID_MINUS_LBP,AMD_DRY,1
S000404,ODIR,ODIR,AMD_DRY,VIT_PLUS_COLOR,AMD_DRY,1
S000404,ODIR,ODIR,AMD_DRY,VIT_PLUS_HARALICK,AMD_DRY,1
S000404,ODIR,ODIR,AMD_DRY,VIT_PLUS_LBP,AMD_DRY,1
S000405,ODIR,ODIR,AMD_DRY,FROZEN_VIT_768D,AMD_DRY,1
S000405,ODIR,ODIR,AMD_DRY,FULL_HYBRID_800D,AMD_DRY,1
S000405,ODIR,ODIR,AMD_DRY,HANDCRAFTED_ONLY_32D,AMD_WET,0
S000405,ODIR,ODIR,AMD_DRY,HYBRID_MINUS_COLOR,AMD_DRY,1
S000405,ODIR,ODIR,AMD_DRY,HYBRID_MINUS_HARALICK,AMD_DRY,1
S000405,ODIR,ODIR,AMD_DRY,HYBRID_MINUS_LBP,AMD_DRY,1
S000405,ODIR,ODIR,AMD_DRY,VIT_PLUS_COLOR,AMD_DRY,1
S000405,ODIR,ODIR,AMD_DRY,VIT_PLUS_HARALICK,AMD_DRY,1
S000405,ODIR,ODIR,AMD_DRY,VIT_PLUS_LBP,AMD_DRY,1
S000406,ODIR,ODIR,AMD_DRY,FROZEN_VIT_768D,AMD_DRY,1
S000406,ODIR,ODIR,AMD_DRY,FULL_HYBRID_800D,AMD_DRY,1
S000406,ODIR,ODIR,AMD_DRY,HANDCRAFTED_ONLY_32D,AMD_DRY,1
S000406,ODIR,ODIR,AMD_DRY,HYBRID_MINUS_COLOR,AMD_DRY,1
S000406,ODIR,ODIR,AMD_DRY,HYBRID_MINUS_HARALICK,AMD_DRY,1
S000406,ODIR,ODIR,AMD_DRY,HYBRID_MINUS_LBP,AMD_DRY,1
S000406,ODIR,ODIR,AMD_DRY,VIT_PLUS_COLOR,AMD_DRY,1
S000406,ODIR,ODIR,AMD_DRY,VIT_PLUS_HARALICK,AMD_DRY,1
S000406,ODIR,ODIR,AMD_DRY,VIT_PLUS_LBP,AMD_DRY,1
S000407,ODIR,ODIR,AMD_DRY,FROZEN_VIT_768D,AMD_WET,0
S000407,ODIR,ODIR,AMD_DRY,FULL_HYBRID_800D,AMD_WET,0
S000407,ODIR,ODIR,AMD_DRY,HANDCRAFTED_ONLY_32D,AMD_WET,0
S000407,ODIR,ODIR,AMD_DRY,HYBRID_MINUS_COLOR,AMD_DRY,1
S000407,ODIR,ODIR,AMD_DRY,HYBRID_MINUS_HARALICK,AMD_DRY,1
S000407,ODIR,ODIR,AMD_DRY,HYBRID_MINUS_LBP,AMD_DRY,1
S000407,ODIR,ODIR,AMD_DRY,VIT_PLUS_COLOR,AMD_DRY,1
S000407,ODIR,ODIR,AMD_DRY,VIT_PLUS_HARALICK,AMD_DRY,1
S000407,ODIR,ODIR,AMD_DRY,VIT_PLUS_LBP,AMD_DRY,1
S000408,ODIR,ODIR,AMD_DRY,FROZEN_VIT_768D,AMD_DRY,1
S000408,ODIR,ODIR,AMD_DRY,FULL_HYBRID_800D,AMD_DRY,1
S000408,ODIR,ODIR,AMD_DRY,HANDCRAFTED_ONLY_32D,AMD_DRY,1
S000408,ODIR,ODIR,AMD_DRY,HYBRID_MINUS_COLOR,AMD_DRY,1
S000408,ODIR,ODIR,AMD_DRY,HYBRID_MINUS_HARALICK,AMD_DRY,1
S000408,ODIR,ODIR,AMD_DRY,HYBRID_MINUS_LBP,AMD_DRY,1
S000408,ODIR,ODIR,AMD_DRY,VIT_PLUS_COLOR,AMD_DRY,1
S000408,ODIR,ODIR,AMD_DRY,VIT_PLUS_HARALICK,AMD_DRY,1
S000408,ODIR,ODIR,AMD_DRY,VIT_PLUS_LBP,AMD_DRY,1
S000409,ODIR,ODIR,AMD_DRY,FROZEN_VIT_768D,AMD_DRY,1
S000409,ODIR,ODIR,AMD_DRY,FULL_HYBRID_800D,AMD_DRY,1
S000409,ODIR,ODIR,AMD_DRY,HANDCRAFTED_ONLY_32D,AMD_WET,0
S000409,ODIR,ODIR,AMD_DRY,HYBRID_MINUS_COLOR,AMD_DRY,1
S000409,ODIR,ODIR,AMD_DRY,HYBRID_MINUS_HARALICK,AMD_DRY,1
S000409,ODIR,ODIR,AMD_DRY,HYBRID_MINUS_LBP,AMD_DRY,1
S000409,ODIR,ODIR,AMD_DRY,VIT_PLUS_COLOR,AMD_DRY,1
S000409,ODIR,ODIR,AMD_DRY,VIT_PLUS_HARALICK,AMD_DRY,1
S000409,ODIR,ODIR,AMD_DRY,VIT_PLUS_LBP,AMD_DRY,1
S000410,ODIR,ODIR,AMD_DRY,FROZEN_VIT_768D,AMD_DRY,1
S000410,ODIR,ODIR,AMD_DRY,FULL_HYBRID_800D,AMD_DRY,1
S000410,ODIR,ODIR,AMD_DRY,HANDCRAFTED_ONLY_32D,AMD_DRY,1
S000410,ODIR,ODIR,AMD_DRY,HYBRID_MINUS_COLOR,AMD_DRY,1
S000410,ODIR,ODIR,AMD_DRY,HYBRID_MINUS_HARALICK,AMD_DRY,1
S000410,ODIR,ODIR,AMD_DRY,HYBRID_MINUS_LBP,AMD_DRY,1
S000410,ODIR,ODIR,AMD_DRY,VIT_PLUS_COLOR,AMD_DRY,1
S000410,ODIR,ODIR,AMD_DRY,VIT_PLUS_HARALICK,AMD_DRY,1
S000410,ODIR,ODIR,AMD_DRY,VIT_PLUS_LBP,AMD_DRY,1
S000411,ODIR,ODIR,AMD_DRY,FROZEN_VIT_768D,AMD_DRY,1
S000411,ODIR,ODIR,AMD_DRY,FULL_HYBRID_800D,AMD_DRY,1
S000411,ODIR,ODIR,AMD_DRY,HANDCRAFTED_ONLY_32D,AMD_WET,0
S000411,ODIR,ODIR,AMD_DRY,HYBRID_MINUS_COLOR,AMD_DRY,1
S000411,ODIR,ODIR,AMD_DRY,HYBRID_MINUS_HARALICK,AMD_DRY,1
S000411,ODIR,ODIR,AMD_DRY,HYBRID_MINUS_LBP,AMD_DRY,1
S000411,ODIR,ODIR,AMD_DRY,VIT_PLUS_COLOR,AMD_DRY,1
S000411,ODIR,ODIR,AMD_DRY,VIT_PLUS_HARALICK,AMD_DRY,1
S000411,ODIR,ODIR,AMD_DRY,VIT_PLUS_LBP,AMD_DRY,1
S000412,ODIR,ODIR,AMD_DRY,FROZEN_VIT_768D,AMD_DRY,1
S000412,ODIR,ODIR,AMD_DRY,FULL_HYBRID_800D,AMD_DRY,1
S000412,ODIR,ODIR,AMD_DRY,HANDCRAFTED_ONLY_32D,AMD_DRY,1
S000412,ODIR,ODIR,AMD_DRY,HYBRID_MINUS_COLOR,AMD_DRY,1
S000412,ODIR,ODIR,AMD_DRY,HYBRID_MINUS_HARALICK,AMD_DRY,1
S000412,ODIR,ODIR,AMD_DRY,HYBRID_MINUS_LBP,AMD_DRY,1
S000412,ODIR,ODIR,AMD_DRY,VIT_PLUS_COLOR,AMD_DRY,1
S000412,ODIR,ODIR,AMD_DRY,VIT_PLUS_HARALICK,AMD_DRY,1
S000412,ODIR,ODIR,AMD_DRY,VIT_PLUS_LBP,AMD_DRY,1
S000413,ODIR,ODIR,AMD_DRY,FROZEN_VIT_768D,AMD_DRY,1
S000413,ODIR,ODIR,AMD_DRY,FULL_HYBRID_800D,AMD_DRY,1
S000413,ODIR,ODIR,AMD_DRY,HANDCRAFTED_ONLY_32D,AMD_DRY,1
S000413,ODIR,ODIR,AMD_DRY,HYBRID_MINUS_COLOR,AMD_DRY,1
S000413,ODIR,ODIR,AMD_DRY,HYBRID_MINUS_HARALICK,AMD_DRY,1
S000413,ODIR,ODIR,AMD_DRY,HYBRID_MINUS_LBP,AMD_DRY,1
S000413,ODIR,ODIR,AMD_DRY,VIT_PLUS_COLOR,AMD_DRY,1
S000413,ODIR,ODIR,AMD_DRY,VIT_PLUS_HARALICK,AMD_DRY,1
S000413,ODIR,ODIR,AMD_DRY,VIT_PLUS_LBP,AMD_DRY,1
S000414,ODIR,ODIR,AMD_DRY,FROZEN_VIT_768D,AMD_DRY,1
S000414,ODIR,ODIR,AMD_DRY,FULL_HYBRID_800D,AMD_DRY,1
S000414,ODIR,ODIR,AMD_DRY,HANDCRAFTED_ONLY_32D,AMD_DRY,1
S000414,ODIR,ODIR,AMD_DRY,HYBRID_MINUS_COLOR,AMD_DRY,1
S000414,ODIR,ODIR,AMD_DRY,HYBRID_MINUS_HARALICK,AMD_DRY,1
S000414,ODIR,ODIR,AMD_DRY,HYBRID_MINUS_LBP,AMD_DRY,1
S000414,ODIR,ODIR,AMD_DRY,VIT_PLUS_COLOR,AMD_DRY,1
S000414,ODIR,ODIR,AMD_DRY,VIT_PLUS_HARALICK,AMD_DRY,1
S000414,ODIR,ODIR,AMD_DRY,VIT_PLUS_LBP,AMD_DRY,1
S000415,ODIR,ODIR,AMD_DRY,FROZEN_VIT_768D,AMD_DRY,1
S000415,ODIR,ODIR,AMD_DRY,FULL_HYBRID_800D,AMD_DRY,1
S000415,ODIR,ODIR,AMD_DRY,HANDCRAFTED_ONLY_32D,AMD_DRY,1
S000415,ODIR,ODIR,AMD_DRY,HYBRID_MINUS_COLOR,AMD_DRY,1
S000415,ODIR,ODIR,AMD_DRY,HYBRID_MINUS_HARALICK,AMD_DRY,1
S000415,ODIR,ODIR,AMD_DRY,HYBRID_MINUS_LBP,AMD_DRY,1
S000415,ODIR,ODIR,AMD_DRY,VIT_PLUS_COLOR,AMD_DRY,1
S000415,ODIR,ODIR,AMD_DRY,VIT_PLUS_HARALICK,AMD_DRY,1
S000415,ODIR,ODIR,AMD_DRY,VIT_PLUS_LBP,AMD_DRY,1
S000416,ODIR,ODIR,AMD_DRY,FROZEN_VIT_768D,AMD_DRY,1
S000416,ODIR,ODIR,AMD_DRY,FULL_HYBRID_800D,AMD_DRY,1
S000416,ODIR,ODIR,AMD_DRY,HANDCRAFTED_ONLY_32D,NORMAL,0
S000416,ODIR,ODIR,AMD_DRY,HYBRID_MINUS_COLOR,AMD_DRY,1
S000416,ODIR,ODIR,AMD_DRY,HYBRID_MINUS_HARALICK,AMD_DRY,1
S000416,ODIR,ODIR,AMD_DRY,HYBRID_MINUS_LBP,AMD_DRY,1
S000416,ODIR,ODIR,AMD_DRY,VIT_PLUS_COLOR,AMD_DRY,1
S000416,ODIR,ODIR,AMD_DRY,VIT_PLUS_HARALICK,AMD_DRY,1
S000416,ODIR,ODIR,AMD_DRY,VIT_PLUS_LBP,AMD_DRY,1
S000417,ODIR,ODIR,AMD_DRY,FROZEN_VIT_768D,AMD_DRY,1
S000417,ODIR,ODIR,AMD_DRY,FULL_HYBRID_800D,AMD_DRY,1
S000417,ODIR,ODIR,AMD_DRY,HANDCRAFTED_ONLY_32D,AMD_DRY,1
S000417,ODIR,ODIR,AMD_DRY,HYBRID_MINUS_COLOR,AMD_DRY,1
S000417,ODIR,ODIR,AMD_DRY,HYBRID_MINUS_HARALICK,AMD_DRY,1
S000417,ODIR,ODIR,AMD_DRY,HYBRID_MINUS_LBP,AMD_DRY,1
S000417,ODIR,ODIR,AMD_DRY,VIT_PLUS_COLOR,AMD_DRY,1
S000417,ODIR,ODIR,AMD_DRY,VIT_PLUS_HARALICK,AMD_DRY,1
S000417,ODIR,ODIR,AMD_DRY,VIT_PLUS_LBP,AMD_DRY,1
S000418,ODIR,ODIR,AMD_DRY,FROZEN_VIT_768D,AMD_WET,0
S000418,ODIR,ODIR,AMD_DRY,FULL_HYBRID_800D,AMD_WET,0
S000418,ODIR,ODIR,AMD_DRY,HANDCRAFTED_ONLY_32D,AMD_WET,0
S000418,ODIR,ODIR,AMD_DRY,HYBRID_MINUS_COLOR,AMD_WET,0
S000418,ODIR,ODIR,AMD_DRY,HYBRID_MINUS_HARALICK,AMD_WET,0
S000418,ODIR,ODIR,AMD_DRY,HYBRID_MINUS_LBP,AMD_WET,0
S000418,ODIR,ODIR,AMD_DRY,VIT_PLUS_COLOR,AMD_WET,0
S000418,ODIR,ODIR,AMD_DRY,VIT_PLUS_HARALICK,AMD_WET,0
S000418,ODIR,ODIR,AMD_DRY,VIT_PLUS_LBP,AMD_WET,0
S000419,ODIR,ODIR,AMD_DRY,FROZEN_VIT_768D,AMD_DRY,1
S000419,ODIR,ODIR,AMD_DRY,FULL_HYBRID_800D,AMD_DRY,1
S000419,ODIR,ODIR,AMD_DRY,HANDCRAFTED_ONLY_32D,AMD_DRY,1
S000419,ODIR,ODIR,AMD_DRY,HYBRID_MINUS_COLOR,AMD_DRY,1
S000419,ODIR,ODIR,AMD_DRY,HYBRID_MINUS_HARALICK,AMD_DRY,1
S000419,ODIR,ODIR,AMD_DRY,HYBRID_MINUS_LBP,AMD_DRY,1
S000419,ODIR,ODIR,AMD_DRY,VIT_PLUS_COLOR,AMD_DRY,1
S000419,ODIR,ODIR,AMD_DRY,VIT_PLUS_HARALICK,AMD_DRY,1
S000419,ODIR,ODIR,AMD_DRY,VIT_PLUS_LBP,AMD_DRY,1
S000420,ODIR,ODIR,AMD_DRY,FROZEN_VIT_768D,AMD_DRY,1
S000420,ODIR,ODIR,AMD_DRY,FULL_HYBRID_800D,AMD_DRY,1
S000420,ODIR,ODIR,AMD_DRY,HANDCRAFTED_ONLY_32D,AMD_DRY,1
S000420,ODIR,ODIR,AMD_DRY,HYBRID_MINUS_COLOR,AMD_WET,0
S000420,ODIR,ODIR,AMD_DRY,HYBRID_MINUS_HARALICK,AMD_DRY,1
S000420,ODIR,ODIR,AMD_DRY,HYBRID_MINUS_LBP,AMD_WET,0
S000420,ODIR,ODIR,AMD_DRY,VIT_PLUS_COLOR,AMD_DRY,1
S000420,ODIR,ODIR,AMD_DRY,VIT_PLUS_HARALICK,AMD_WET,0
S000420,ODIR,ODIR,AMD_DRY,VIT_PLUS_LBP,AMD_DRY,1
S000421,ODIR,ODIR,AMD_DRY,FROZEN_VIT_768D,AMD_DRY,1
S000421,ODIR,ODIR,AMD_DRY,FULL_HYBRID_800D,AMD_DRY,1
S000421,ODIR,ODIR,AMD_DRY,HANDCRAFTED_ONLY_32D,AMD_DRY,1
S000421,ODIR,ODIR,AMD_DRY,HYBRID_MINUS_COLOR,AMD_DRY,1
S000421,ODIR,ODIR,AMD_DRY,HYBRID_MINUS_HARALICK,AMD_DRY,1
S000421,ODIR,ODIR,AMD_DRY,HYBRID_MINUS_LBP,AMD_DRY,1
S000421,ODIR,ODIR,AMD_DRY,VIT_PLUS_COLOR,AMD_DRY,1
S000421,ODIR,ODIR,AMD_DRY,VIT_PLUS_HARALICK,AMD_DRY,1
S000421,ODIR,ODIR,AMD_DRY,VIT_PLUS_LBP,AMD_DRY,1
S000422,ODIR,ODIR,AMD_DRY,FROZEN_VIT_768D,AMD_DRY,1
S000422,ODIR,ODIR,AMD_DRY,FULL_HYBRID_800D,AMD_DRY,1
S000422,ODIR,ODIR,AMD_DRY,HANDCRAFTED_ONLY_32D,AMD_DRY,1
S000422,ODIR,ODIR,AMD_DRY,HYBRID_MINUS_COLOR,AMD_DRY,1
S000422,ODIR,ODIR,AMD_DRY,HYBRID_MINUS_HARALICK,AMD_DRY,1
S000422,ODIR,ODIR,AMD_DRY,HYBRID_MINUS_LBP,AMD_DRY,1
S000422,ODIR,ODIR,AMD_DRY,VIT_PLUS_COLOR,AMD_DRY,1
S000422,ODIR,ODIR,AMD_DRY,VIT_PLUS_HARALICK,AMD_DRY,1
S000422,ODIR,ODIR,AMD_DRY,VIT_PLUS_LBP,AMD_DRY,1
S000423,ODIR,ODIR,AMD_DRY,FROZEN_VIT_768D,AMD_DRY,1
S000423,ODIR,ODIR,AMD_DRY,FULL_HYBRID_800D,AMD_DRY,1
S000423,ODIR,ODIR,AMD_DRY,HANDCRAFTED_ONLY_32D,AMD_WET,0
S000423,ODIR,ODIR,AMD_DRY,HYBRID_MINUS_COLOR,AMD_DRY,1
S000423,ODIR,ODIR,AMD_DRY,HYBRID_MINUS_HARALICK,AMD_DRY,1
S000423,ODIR,ODIR,AMD_DRY,HYBRID_MINUS_LBP,AMD_DRY,1
S000423,ODIR,ODIR,AMD_DRY,VIT_PLUS_COLOR,AMD_DRY,1
S000423,ODIR,ODIR,AMD_DRY,VIT_PLUS_HARALICK,AMD_DRY,1
S000423,ODIR,ODIR,AMD_DRY,VIT_PLUS_LBP,AMD_DRY,1
S000424,ODIR,ODIR,AMD_DRY,FROZEN_VIT_768D,AMD_DRY,1
S000424,ODIR,ODIR,AMD_DRY,FULL_HYBRID_800D,AMD_DRY,1
S000424,ODIR,ODIR,AMD_DRY,HANDCRAFTED_ONLY_32D,AMD_DRY,1
S000424,ODIR,ODIR,AMD_DRY,HYBRID_MINUS_COLOR,AMD_DRY,1
S000424,ODIR,ODIR,AMD_DRY,HYBRID_MINUS_HARALICK,AMD_DRY,1
S000424,ODIR,ODIR,AMD_DRY,HYBRID_MINUS_LBP,AMD_DRY,1
S000424,ODIR,ODIR,AMD_DRY,VIT_PLUS_COLOR,AMD_DRY,1
S000424,ODIR,ODIR,AMD_DRY,VIT_PLUS_HARALICK,AMD_DRY,1
S000424,ODIR,ODIR,AMD_DRY,VIT_PLUS_LBP,AMD_DRY,1
S000425,ODIR,ODIR,AMD_DRY,FROZEN_VIT_768D,AMD_DRY,1
S000425,ODIR,ODIR,AMD_DRY,FULL_HYBRID_800D,AMD_DRY,1
S000425,ODIR,ODIR,AMD_DRY,HANDCRAFTED_ONLY_32D,AMD_WET,0
S000425,ODIR,ODIR,AMD_DRY,HYBRID_MINUS_COLOR,AMD_DRY,1
S000425,ODIR,ODIR,AMD_DRY,HYBRID_MINUS_HARALICK,AMD_DRY,1
S000425,ODIR,ODIR,AMD_DRY,HYBRID_MINUS_LBP,AMD_DRY,1
S000425,ODIR,ODIR,AMD_DRY,VIT_PLUS_COLOR,AMD_DRY,1
S000425,ODIR,ODIR,AMD_DRY,VIT_PLUS_HARALICK,AMD_DRY,1
S000425,ODIR,ODIR,AMD_DRY,VIT_PLUS_LBP,AMD_DRY,1
S000426,ODIR,ODIR,AMD_DRY,FROZEN_VIT_768D,AMD_DRY,1
S000426,ODIR,ODIR,AMD_DRY,FULL_HYBRID_800D,AMD_DRY,1
S000426,ODIR,ODIR,AMD_DRY,HANDCRAFTED_ONLY_32D,AMD_DRY,1
S000426,ODIR,ODIR,AMD_DRY,HYBRID_MINUS_COLOR,AMD_DRY,1
S000426,ODIR,ODIR,AMD_DRY,HYBRID_MINUS_HARALICK,AMD_DRY,1
S000426,ODIR,ODIR,AMD_DRY,HYBRID_MINUS_LBP,AMD_DRY,1
S000426,ODIR,ODIR,AMD_DRY,VIT_PLUS_COLOR,AMD_DRY,1
S000426,ODIR,ODIR,AMD_DRY,VIT_PLUS_HARALICK,AMD_DRY,1
S000426,ODIR,ODIR,AMD_DRY,VIT_PLUS_LBP,AMD_DRY,1
S000427,ODIR,ODIR,AMD_DRY,FROZEN_VIT_768D,AMD_DRY,1
S000427,ODIR,ODIR,AMD_DRY,FULL_HYBRID_800D,AMD_DRY,1
S000427,ODIR,ODIR,AMD_DRY,HANDCRAFTED_ONLY_32D,AMD_DRY,1
S000427,ODIR,ODIR,AMD_DRY,HYBRID_MINUS_COLOR,AMD_DRY,1
S000427,ODIR,ODIR,AMD_DRY,HYBRID_MINUS_HARALICK,AMD_DRY,1
S000427,ODIR,ODIR,AMD_DRY,HYBRID_MINUS_LBP,AMD_DRY,1
S000427,ODIR,ODIR,AMD_DRY,VIT_PLUS_COLOR,AMD_DRY,1
S000427,ODIR,ODIR,AMD_DRY,VIT_PLUS_HARALICK,AMD_DRY,1
S000427,ODIR,ODIR,AMD_DRY,VIT_PLUS_LBP,AMD_DRY,1
S000428,ODIR,ODIR,AMD_DRY,FROZEN_VIT_768D,AMD_DRY,1
S000428,ODIR,ODIR,AMD_DRY,FULL_HYBRID_800D,AMD_DRY,1
S000428,ODIR,ODIR,AMD_DRY,HANDCRAFTED_ONLY_32D,NORMAL,0
S000428,ODIR,ODIR,AMD_DRY,HYBRID_MINUS_COLOR,AMD_DRY,1
S000428,ODIR,ODIR,AMD_DRY,HYBRID_MINUS_HARALICK,AMD_DRY,1
S000428,ODIR,ODIR,AMD_DRY,HYBRID_MINUS_LBP,AMD_DRY,1
S000428,ODIR,ODIR,AMD_DRY,VIT_PLUS_COLOR,AMD_DRY,1
S000428,ODIR,ODIR,AMD_DRY,VIT_PLUS_HARALICK,AMD_DRY,1
S000428,ODIR,ODIR,AMD_DRY,VIT_PLUS_LBP,AMD_DRY,1
S000429,ODIR,ODIR,AMD_DRY,FROZEN_VIT_768D,AMD_DRY,1
S000429,ODIR,ODIR,AMD_DRY,FULL_HYBRID_800D,AMD_DRY,1
S000429,ODIR,ODIR,AMD_DRY,HANDCRAFTED_ONLY_32D,AMD_DRY,1
S000429,ODIR,ODIR,AMD_DRY,HYBRID_MINUS_COLOR,AMD_DRY,1
S000429,ODIR,ODIR,AMD_DRY,HYBRID_MINUS_HARALICK,AMD_DRY,1
S000429,ODIR,ODIR,AMD_DRY,HYBRID_MINUS_LBP,AMD_DRY,1
S000429,ODIR,ODIR,AMD_DRY,VIT_PLUS_COLOR,AMD_DRY,1
S000429,ODIR,ODIR,AMD_DRY,VIT_PLUS_HARALICK,AMD_DRY,1
S000429,ODIR,ODIR,AMD_DRY,VIT_PLUS_LBP,AMD_DRY,1
S000430,ODIR,ODIR,AMD_DRY,FROZEN_VIT_768D,AMD_DRY,1
S000430,ODIR,ODIR,AMD_DRY,FULL_HYBRID_800D,AMD_DRY,1
S000430,ODIR,ODIR,AMD_DRY,HANDCRAFTED_ONLY_32D,AMD_DRY,1
S000430,ODIR,ODIR,AMD_DRY,HYBRID_MINUS_COLOR,AMD_DRY,1
S000430,ODIR,ODIR,AMD_DRY,HYBRID_MINUS_HARALICK,AMD_DRY,1
S000430,ODIR,ODIR,AMD_DRY,HYBRID_MINUS_LBP,AMD_DRY,1
S000430,ODIR,ODIR,AMD_DRY,VIT_PLUS_COLOR,AMD_DRY,1
S000430,ODIR,ODIR,AMD_DRY,VIT_PLUS_HARALICK,AMD_DRY,1
S000430,ODIR,ODIR,AMD_DRY,VIT_PLUS_LBP,AMD_DRY,1
S000431,ODIR,ODIR,AMD_DRY,FROZEN_VIT_768D,AMD_DRY,1
S000431,ODIR,ODIR,AMD_DRY,FULL_HYBRID_800D,AMD_DRY,1
S000431,ODIR,ODIR,AMD_DRY,HANDCRAFTED_ONLY_32D,AMD_DRY,1
S000431,ODIR,ODIR,AMD_DRY,HYBRID_MINUS_COLOR,AMD_DRY,1
S000431,ODIR,ODIR,AMD_DRY,HYBRID_MINUS_HARALICK,AMD_DRY,1
S000431,ODIR,ODIR,AMD_DRY,HYBRID_MINUS_LBP,AMD_DRY,1
S000431,ODIR,ODIR,AMD_DRY,VIT_PLUS_COLOR,AMD_DRY,1
S000431,ODIR,ODIR,AMD_DRY,VIT_PLUS_HARALICK,AMD_DRY,1
S000431,ODIR,ODIR,AMD_DRY,VIT_PLUS_LBP,AMD_DRY,1
S000432,ODIR,ODIR,AMD_DRY,FROZEN_VIT_768D,AMD_DRY,1
S000432,ODIR,ODIR,AMD_DRY,FULL_HYBRID_800D,AMD_DRY,1
S000432,ODIR,ODIR,AMD_DRY,HANDCRAFTED_ONLY_32D,AMD_DRY,1
S000432,ODIR,ODIR,AMD_DRY,HYBRID_MINUS_COLOR,AMD_DRY,1
S000432,ODIR,ODIR,AMD_DRY,HYBRID_MINUS_HARALICK,AMD_DRY,1
S000432,ODIR,ODIR,AMD_DRY,HYBRID_MINUS_LBP,AMD_DRY,1
S000432,ODIR,ODIR,AMD_DRY,VIT_PLUS_COLOR,AMD_DRY,1
S000432,ODIR,ODIR,AMD_DRY,VIT_PLUS_HARALICK,AMD_DRY,1
S000432,ODIR,ODIR,AMD_DRY,VIT_PLUS_LBP,AMD_DRY,1
S000433,ODIR,ODIR,AMD_DRY,FROZEN_VIT_768D,AMD_DRY,1
S000433,ODIR,ODIR,AMD_DRY,FULL_HYBRID_800D,AMD_DRY,1
S000433,ODIR,ODIR,AMD_DRY,HANDCRAFTED_ONLY_32D,AMD_DRY,1
S000433,ODIR,ODIR,AMD_DRY,HYBRID_MINUS_COLOR,AMD_DRY,1
S000433,ODIR,ODIR,AMD_DRY,HYBRID_MINUS_HARALICK,AMD_DRY,1
S000433,ODIR,ODIR,AMD_DRY,HYBRID_MINUS_LBP,AMD_DRY,1
S000433,ODIR,ODIR,AMD_DRY,VIT_PLUS_COLOR,AMD_DRY,1
S000433,ODIR,ODIR,AMD_DRY,VIT_PLUS_HARALICK,AMD_DRY,1
S000433,ODIR,ODIR,AMD_DRY,VIT_PLUS_LBP,AMD_DRY,1
S000434,ODIR,ODIR,AMD_DRY,FROZEN_VIT_768D,AMD_DRY,1
S000434,ODIR,ODIR,AMD_DRY,FULL_HYBRID_800D,AMD_DRY,1
S000434,ODIR,ODIR,AMD_DRY,HANDCRAFTED_ONLY_32D,AMD_DRY,1
S000434,ODIR,ODIR,AMD_DRY,HYBRID_MINUS_COLOR,AMD_DRY,1
S000434,ODIR,ODIR,AMD_DRY,HYBRID_MINUS_HARALICK,AMD_DRY,1
S000434,ODIR,ODIR,AMD_DRY,HYBRID_MINUS_LBP,AMD_DRY,1
S000434,ODIR,ODIR,AMD_DRY,VIT_PLUS_COLOR,AMD_DRY,1
S000434,ODIR,ODIR,AMD_DRY,VIT_PLUS_HARALICK,AMD_DRY,1
S000434,ODIR,ODIR,AMD_DRY,VIT_PLUS_LBP,AMD_DRY,1
S000435,ODIR,ODIR,AMD_DRY,FROZEN_VIT_768D,AMD_DRY,1
S000435,ODIR,ODIR,AMD_DRY,FULL_HYBRID_800D,AMD_DRY,1
S000435,ODIR,ODIR,AMD_DRY,HANDCRAFTED_ONLY_32D,AMD_WET,0
S000435,ODIR,ODIR,AMD_DRY,HYBRID_MINUS_COLOR,AMD_DRY,1
S000435,ODIR,ODIR,AMD_DRY,HYBRID_MINUS_HARALICK,AMD_DRY,1
S000435,ODIR,ODIR,AMD_DRY,HYBRID_MINUS_LBP,AMD_DRY,1
S000435,ODIR,ODIR,AMD_DRY,VIT_PLUS_COLOR,AMD_DRY,1
S000435,ODIR,ODIR,AMD_DRY,VIT_PLUS_HARALICK,AMD_DRY,1
S000435,ODIR,ODIR,AMD_DRY,VIT_PLUS_LBP,AMD_DRY,1
S000436,ODIR,ODIR,AMD_DRY,FROZEN_VIT_768D,AMD_DRY,1
S000436,ODIR,ODIR,AMD_DRY,FULL_HYBRID_800D,AMD_DRY,1
S000436,ODIR,ODIR,AMD_DRY,HANDCRAFTED_ONLY_32D,AMD_DRY,1
S000436,ODIR,ODIR,AMD_DRY,HYBRID_MINUS_COLOR,AMD_DRY,1
S000436,ODIR,ODIR,AMD_DRY,HYBRID_MINUS_HARALICK,AMD_DRY,1
S000436,ODIR,ODIR,AMD_DRY,HYBRID_MINUS_LBP,AMD_DRY,1
S000436,ODIR,ODIR,AMD_DRY,VIT_PLUS_COLOR,AMD_DRY,1
S000436,ODIR,ODIR,AMD_DRY,VIT_PLUS_HARALICK,AMD_DRY,1
S000436,ODIR,ODIR,AMD_DRY,VIT_PLUS_LBP,AMD_DRY,1
S000437,ODIR,ODIR,AMD_DRY,FROZEN_VIT_768D,AMD_DRY,1
S000437,ODIR,ODIR,AMD_DRY,FULL_HYBRID_800D,AMD_DRY,1
S000437,ODIR,ODIR,AMD_DRY,HANDCRAFTED_ONLY_32D,AMD_WET,0
S000437,ODIR,ODIR,AMD_DRY,HYBRID_MINUS_COLOR,AMD_DRY,1
S000437,ODIR,ODIR,AMD_DRY,HYBRID_MINUS_HARALICK,AMD_DRY,1
S000437,ODIR,ODIR,AMD_DRY,HYBRID_MINUS_LBP,AMD_DRY,1
S000437,ODIR,ODIR,AMD_DRY,VIT_PLUS_COLOR,AMD_DRY,1
S000437,ODIR,ODIR,AMD_DRY,VIT_PLUS_HARALICK,AMD_DRY,1
S000437,ODIR,ODIR,AMD_DRY,VIT_PLUS_LBP,AMD_DRY,1
S000438,ODIR,ODIR,AMD_DRY,FROZEN_VIT_768D,AMD_WET,0
S000438,ODIR,ODIR,AMD_DRY,FULL_HYBRID_800D,AMD_WET,0
S000438,ODIR,ODIR,AMD_DRY,HANDCRAFTED_ONLY_32D,AMD_WET,0
S000438,ODIR,ODIR,AMD_DRY,HYBRID_MINUS_COLOR,AMD_WET,0
S000438,ODIR,ODIR,AMD_DRY,HYBRID_MINUS_HARALICK,AMD_WET,0
S000438,ODIR,ODIR,AMD_DRY,HYBRID_MINUS_LBP,AMD_WET,0
S000438,ODIR,ODIR,AMD_DRY,VIT_PLUS_COLOR,AMD_WET,0
S000438,ODIR,ODIR,AMD_DRY,VIT_PLUS_HARALICK,AMD_WET,0
S000438,ODIR,ODIR,AMD_DRY,VIT_PLUS_LBP,AMD_WET,0
S000439,ODIR,ODIR,AMD_DRY,FROZEN_VIT_768D,AMD_DRY,1
S000439,ODIR,ODIR,AMD_DRY,FULL_HYBRID_800D,AMD_DRY,1
S000439,ODIR,ODIR,AMD_DRY,HANDCRAFTED_ONLY_32D,AMD_WET,0
S000439,ODIR,ODIR,AMD_DRY,HYBRID_MINUS_COLOR,AMD_DRY,1
S000439,ODIR,ODIR,AMD_DRY,HYBRID_MINUS_HARALICK,AMD_DRY,1
S000439,ODIR,ODIR,AMD_DRY,HYBRID_MINUS_LBP,AMD_DRY,1
S000439,ODIR,ODIR,AMD_DRY,VIT_PLUS_COLOR,AMD_DRY,1
S000439,ODIR,ODIR,AMD_DRY,VIT_PLUS_HARALICK,AMD_DRY,1
S000439,ODIR,ODIR,AMD_DRY,VIT_PLUS_LBP,AMD_DRY,1
S000440,ODIR,ODIR,AMD_DRY,FROZEN_VIT_768D,AMD_DRY,1
S000440,ODIR,ODIR,AMD_DRY,FULL_HYBRID_800D,NORMAL,0
S000440,ODIR,ODIR,AMD_DRY,HANDCRAFTED_ONLY_32D,AMD_WET,0
S000440,ODIR,ODIR,AMD_DRY,HYBRID_MINUS_COLOR,AMD_DRY,1
S000440,ODIR,ODIR,AMD_DRY,HYBRID_MINUS_HARALICK,NORMAL,0
S000440,ODIR,ODIR,AMD_DRY,HYBRID_MINUS_LBP,NORMAL,0
S000440,ODIR,ODIR,AMD_DRY,VIT_PLUS_COLOR,NORMAL,0
S000440,ODIR,ODIR,AMD_DRY,VIT_PLUS_HARALICK,AMD_DRY,1
S000440,ODIR,ODIR,AMD_DRY,VIT_PLUS_LBP,NORMAL,0
S000441,ODIR,ODIR,AMD_DRY,FROZEN_VIT_768D,AMD_DRY,1
S000441,ODIR,ODIR,AMD_DRY,FULL_HYBRID_800D,AMD_DRY,1
S000441,ODIR,ODIR,AMD_DRY,HANDCRAFTED_ONLY_32D,AMD_DRY,1
S000441,ODIR,ODIR,AMD_DRY,HYBRID_MINUS_COLOR,AMD_DRY,1
S000441,ODIR,ODIR,AMD_DRY,HYBRID_MINUS_HARALICK,AMD_DRY,1
S000441,ODIR,ODIR,AMD_DRY,HYBRID_MINUS_LBP,AMD_DRY,1
S000441,ODIR,ODIR,AMD_DRY,VIT_PLUS_COLOR,AMD_DRY,1
S000441,ODIR,ODIR,AMD_DRY,VIT_PLUS_HARALICK,AMD_DRY,1
S000441,ODIR,ODIR,AMD_DRY,VIT_PLUS_LBP,AMD_DRY,1
S000442,ODIR,ODIR,AMD_DRY,FROZEN_VIT_768D,AMD_DRY,1
S000442,ODIR,ODIR,AMD_DRY,FULL_HYBRID_800D,AMD_DRY,1
S000442,ODIR,ODIR,AMD_DRY,HANDCRAFTED_ONLY_32D,AMD_WET,0
S000442,ODIR,ODIR,AMD_DRY,HYBRID_MINUS_COLOR,AMD_DRY,1
S000442,ODIR,ODIR,AMD_DRY,HYBRID_MINUS_HARALICK,AMD_DRY,1
S000442,ODIR,ODIR,AMD_DRY,HYBRID_MINUS_LBP,AMD_DRY,1
S000442,ODIR,ODIR,AMD_DRY,VIT_PLUS_COLOR,AMD_DRY,1
S000442,ODIR,ODIR,AMD_DRY,VIT_PLUS_HARALICK,AMD_DRY,1
S000442,ODIR,ODIR,AMD_DRY,VIT_PLUS_LBP,AMD_DRY,1
S000443,ODIR,ODIR,AMD_DRY,FROZEN_VIT_768D,AMD_DRY,1
S000443,ODIR,ODIR,AMD_DRY,FULL_HYBRID_800D,AMD_DRY,1
S000443,ODIR,ODIR,AMD_DRY,HANDCRAFTED_ONLY_32D,AMD_WET,0
S000443,ODIR,ODIR,AMD_DRY,HYBRID_MINUS_COLOR,AMD_DRY,1
S000443,ODIR,ODIR,AMD_DRY,HYBRID_MINUS_HARALICK,AMD_DRY,1
S000443,ODIR,ODIR,AMD_DRY,HYBRID_MINUS_LBP,AMD_DRY,1
S000443,ODIR,ODIR,AMD_DRY,VIT_PLUS_COLOR,AMD_DRY,1
S000443,ODIR,ODIR,AMD_DRY,VIT_PLUS_HARALICK,AMD_DRY,1
S000443,ODIR,ODIR,AMD_DRY,VIT_PLUS_LBP,AMD_DRY,1
S000444,ODIR,ODIR,AMD_DRY,FROZEN_VIT_768D,AMD_DRY,1
S000444,ODIR,ODIR,AMD_DRY,FULL_HYBRID_800D,AMD_DRY,1
S000444,ODIR,ODIR,AMD_DRY,HANDCRAFTED_ONLY_32D,NORMAL,0
S000444,ODIR,ODIR,AMD_DRY,HYBRID_MINUS_COLOR,AMD_DRY,1
S000444,ODIR,ODIR,AMD_DRY,HYBRID_MINUS_HARALICK,AMD_DRY,1
S000444,ODIR,ODIR,AMD_DRY,HYBRID_MINUS_LBP,AMD_DRY,1
S000444,ODIR,ODIR,AMD_DRY,VIT_PLUS_COLOR,AMD_DRY,1
S000444,ODIR,ODIR,AMD_DRY,VIT_PLUS_HARALICK,AMD_DRY,1
S000444,ODIR,ODIR,AMD_DRY,VIT_PLUS_LBP,AMD_DRY,1
S000445,ODIR,ODIR,AMD_WET,FROZEN_VIT_768D,AMD_DRY,0
S000445,ODIR,ODIR,AMD_WET,FULL_HYBRID_800D,AMD_DRY,0
S000445,ODIR,ODIR,AMD_WET,HANDCRAFTED_ONLY_32D,AMD_WET,1
S000445,ODIR,ODIR,AMD_WET,HYBRID_MINUS_COLOR,AMD_DRY,0
S000445,ODIR,ODIR,AMD_WET,HYBRID_MINUS_HARALICK,AMD_DRY,0
S000445,ODIR,ODIR,AMD_WET,HYBRID_MINUS_LBP,AMD_DRY,0
S000445,ODIR,ODIR,AMD_WET,VIT_PLUS_COLOR,AMD_DRY,0
S000445,ODIR,ODIR,AMD_WET,VIT_PLUS_HARALICK,AMD_DRY,0
S000445,ODIR,ODIR,AMD_WET,VIT_PLUS_LBP,AMD_DRY,0
S000446,ODIR,ODIR,AMD_WET,FROZEN_VIT_768D,AMD_DRY,0
S000446,ODIR,ODIR,AMD_WET,FULL_HYBRID_800D,AMD_DRY,0
S000446,ODIR,ODIR,AMD_WET,HANDCRAFTED_ONLY_32D,AMD_WET,1
S000446,ODIR,ODIR,AMD_WET,HYBRID_MINUS_COLOR,AMD_DRY,0
S000446,ODIR,ODIR,AMD_WET,HYBRID_MINUS_HARALICK,AMD_DRY,0
S000446,ODIR,ODIR,AMD_WET,HYBRID_MINUS_LBP,AMD_DRY,0
S000446,ODIR,ODIR,AMD_WET,VIT_PLUS_COLOR,AMD_DRY,0
S000446,ODIR,ODIR,AMD_WET,VIT_PLUS_HARALICK,AMD_DRY,0
S000446,ODIR,ODIR,AMD_WET,VIT_PLUS_LBP,AMD_DRY,0
S000447,ODIR,ODIR,AMD_WET,FROZEN_VIT_768D,AMD_WET,1
S000447,ODIR,ODIR,AMD_WET,FULL_HYBRID_800D,AMD_WET,1
S000447,ODIR,ODIR,AMD_WET,HANDCRAFTED_ONLY_32D,AMD_WET,1
S000447,ODIR,ODIR,AMD_WET,HYBRID_MINUS_COLOR,AMD_WET,1
S000447,ODIR,ODIR,AMD_WET,HYBRID_MINUS_HARALICK,AMD_WET,1
S000447,ODIR,ODIR,AMD_WET,HYBRID_MINUS_LBP,AMD_WET,1
S000447,ODIR,ODIR,AMD_WET,VIT_PLUS_COLOR,AMD_WET,1
S000447,ODIR,ODIR,AMD_WET,VIT_PLUS_HARALICK,AMD_WET,1
S000447,ODIR,ODIR,AMD_WET,VIT_PLUS_LBP,AMD_WET,1
S000448,ODIR,ODIR,AMD_WET,FROZEN_VIT_768D,AMD_WET,1
S000448,ODIR,ODIR,AMD_WET,FULL_HYBRID_800D,AMD_WET,1
S000448,ODIR,ODIR,AMD_WET,HANDCRAFTED_ONLY_32D,AMD_WET,1
S000448,ODIR,ODIR,AMD_WET,HYBRID_MINUS_COLOR,AMD_WET,1
S000448,ODIR,ODIR,AMD_WET,HYBRID_MINUS_HARALICK,AMD_WET,1
S000448,ODIR,ODIR,AMD_WET,HYBRID_MINUS_LBP,AMD_WET,1
S000448,ODIR,ODIR,AMD_WET,VIT_PLUS_COLOR,AMD_WET,1
S000448,ODIR,ODIR,AMD_WET,VIT_PLUS_HARALICK,AMD_WET,1
S000448,ODIR,ODIR,AMD_WET,VIT_PLUS_LBP,AMD_WET,1
S000449,ODIR,ODIR,AMD_WET,FROZEN_VIT_768D,AMD_WET,1
S000449,ODIR,ODIR,AMD_WET,FULL_HYBRID_800D,AMD_WET,1
S000449,ODIR,ODIR,AMD_WET,HANDCRAFTED_ONLY_32D,AMD_WET,1
S000449,ODIR,ODIR,AMD_WET,HYBRID_MINUS_COLOR,AMD_WET,1
S000449,ODIR,ODIR,AMD_WET,HYBRID_MINUS_HARALICK,AMD_WET,1
S000449,ODIR,ODIR,AMD_WET,HYBRID_MINUS_LBP,AMD_WET,1
S000449,ODIR,ODIR,AMD_WET,VIT_PLUS_COLOR,AMD_WET,1
S000449,ODIR,ODIR,AMD_WET,VIT_PLUS_HARALICK,AMD_WET,1
S000449,ODIR,ODIR,AMD_WET,VIT_PLUS_LBP,AMD_WET,1
S000450,ODIR,ODIR,AMD_WET,FROZEN_VIT_768D,AMD_WET,1
S000450,ODIR,ODIR,AMD_WET,FULL_HYBRID_800D,AMD_WET,1
S000450,ODIR,ODIR,AMD_WET,HANDCRAFTED_ONLY_32D,AMD_DRY,0
S000450,ODIR,ODIR,AMD_WET,HYBRID_MINUS_COLOR,AMD_WET,1
S000450,ODIR,ODIR,AMD_WET,HYBRID_MINUS_HARALICK,AMD_WET,1
S000450,ODIR,ODIR,AMD_WET,HYBRID_MINUS_LBP,AMD_WET,1
S000450,ODIR,ODIR,AMD_WET,VIT_PLUS_COLOR,AMD_WET,1
S000450,ODIR,ODIR,AMD_WET,VIT_PLUS_HARALICK,AMD_WET,1
S000450,ODIR,ODIR,AMD_WET,VIT_PLUS_LBP,AMD_WET,1
S000451,ODIR,ODIR,AMD_WET,FROZEN_VIT_768D,AMD_WET,1
S000451,ODIR,ODIR,AMD_WET,FULL_HYBRID_800D,AMD_WET,1
S000451,ODIR,ODIR,AMD_WET,HANDCRAFTED_ONLY_32D,AMD_WET,1
S000451,ODIR,ODIR,AMD_WET,HYBRID_MINUS_COLOR,AMD_WET,1
S000451,ODIR,ODIR,AMD_WET,HYBRID_MINUS_HARALICK,AMD_WET,1
S000451,ODIR,ODIR,AMD_WET,HYBRID_MINUS_LBP,AMD_WET,1
S000451,ODIR,ODIR,AMD_WET,VIT_PLUS_COLOR,AMD_WET,1
S000451,ODIR,ODIR,AMD_WET,VIT_PLUS_HARALICK,AMD_WET,1
S000451,ODIR,ODIR,AMD_WET,VIT_PLUS_LBP,AMD_WET,1
S000452,ODIR,ODIR,AMD_WET,FROZEN_VIT_768D,AMD_WET,1
S000452,ODIR,ODIR,AMD_WET,FULL_HYBRID_800D,AMD_WET,1
S000452,ODIR,ODIR,AMD_WET,HANDCRAFTED_ONLY_32D,AMD_WET,1
S000452,ODIR,ODIR,AMD_WET,HYBRID_MINUS_COLOR,AMD_WET,1
S000452,ODIR,ODIR,AMD_WET,HYBRID_MINUS_HARALICK,AMD_WET,1
S000452,ODIR,ODIR,AMD_WET,HYBRID_MINUS_LBP,AMD_WET,1
S000452,ODIR,ODIR,AMD_WET,VIT_PLUS_COLOR,AMD_DRY,0
S000452,ODIR,ODIR,AMD_WET,VIT_PLUS_HARALICK,AMD_WET,1
S000452,ODIR,ODIR,AMD_WET,VIT_PLUS_LBP,AMD_DRY,0
S000453,ODIR,ODIR,AMD_WET,FROZEN_VIT_768D,AMD_WET,1
S000453,ODIR,ODIR,AMD_WET,FULL_HYBRID_800D,AMD_WET,1
S000453,ODIR,ODIR,AMD_WET,HANDCRAFTED_ONLY_32D,AMD_WET,1
S000453,ODIR,ODIR,AMD_WET,HYBRID_MINUS_COLOR,AMD_WET,1
S000453,ODIR,ODIR,AMD_WET,HYBRID_MINUS_HARALICK,AMD_WET,1
S000453,ODIR,ODIR,AMD_WET,HYBRID_MINUS_LBP,AMD_WET,1
S000453,ODIR,ODIR,AMD_WET,VIT_PLUS_COLOR,AMD_WET,1
S000453,ODIR,ODIR,AMD_WET,VIT_PLUS_HARALICK,AMD_WET,1
S000453,ODIR,ODIR,AMD_WET,VIT_PLUS_LBP,AMD_WET,1
S000454,ODIR,ODIR,AMD_WET,FROZEN_VIT_768D,AMD_WET,1
S000454,ODIR,ODIR,AMD_WET,FULL_HYBRID_800D,AMD_WET,1
S000454,ODIR,ODIR,AMD_WET,HANDCRAFTED_ONLY_32D,AMD_WET,1
S000454,ODIR,ODIR,AMD_WET,HYBRID_MINUS_COLOR,AMD_WET,1
S000454,ODIR,ODIR,AMD_WET,HYBRID_MINUS_HARALICK,AMD_WET,1
S000454,ODIR,ODIR,AMD_WET,HYBRID_MINUS_LBP,AMD_WET,1
S000454,ODIR,ODIR,AMD_WET,VIT_PLUS_COLOR,AMD_WET,1
S000454,ODIR,ODIR,AMD_WET,VIT_PLUS_HARALICK,AMD_WET,1
S000454,ODIR,ODIR,AMD_WET,VIT_PLUS_LBP,AMD_WET,1
S000455,ODIR,ODIR,AMD_WET,FROZEN_VIT_768D,AMD_WET,1
S000455,ODIR,ODIR,AMD_WET,FULL_HYBRID_800D,AMD_WET,1
S000455,ODIR,ODIR,AMD_WET,HANDCRAFTED_ONLY_32D,AMD_WET,1
S000455,ODIR,ODIR,AMD_WET,HYBRID_MINUS_COLOR,AMD_WET,1
S000455,ODIR,ODIR,AMD_WET,HYBRID_MINUS_HARALICK,AMD_WET,1
S000455,ODIR,ODIR,AMD_WET,HYBRID_MINUS_LBP,AMD_WET,1
S000455,ODIR,ODIR,AMD_WET,VIT_PLUS_COLOR,AMD_WET,1
S000455,ODIR,ODIR,AMD_WET,VIT_PLUS_HARALICK,AMD_WET,1
S000455,ODIR,ODIR,AMD_WET,VIT_PLUS_LBP,AMD_WET,1
S000456,ODIR,ODIR,AMD_WET,FROZEN_VIT_768D,AMD_WET,1
S000456,ODIR,ODIR,AMD_WET,FULL_HYBRID_800D,AMD_WET,1
S000456,ODIR,ODIR,AMD_WET,HANDCRAFTED_ONLY_32D,AMD_WET,1
S000456,ODIR,ODIR,AMD_WET,HYBRID_MINUS_COLOR,AMD_WET,1
S000456,ODIR,ODIR,AMD_WET,HYBRID_MINUS_HARALICK,AMD_WET,1
S000456,ODIR,ODIR,AMD_WET,HYBRID_MINUS_LBP,AMD_WET,1
S000456,ODIR,ODIR,AMD_WET,VIT_PLUS_COLOR,AMD_WET,1
S000456,ODIR,ODIR,AMD_WET,VIT_PLUS_HARALICK,AMD_WET,1
S000456,ODIR,ODIR,AMD_WET,VIT_PLUS_LBP,AMD_WET,1
S000457,ODIR,ODIR,AMD_WET,FROZEN_VIT_768D,AMD_WET,1
S000457,ODIR,ODIR,AMD_WET,FULL_HYBRID_800D,AMD_WET,1
S000457,ODIR,ODIR,AMD_WET,HANDCRAFTED_ONLY_32D,AMD_WET,1
S000457,ODIR,ODIR,AMD_WET,HYBRID_MINUS_COLOR,AMD_WET,1
S000457,ODIR,ODIR,AMD_WET,HYBRID_MINUS_HARALICK,AMD_WET,1
S000457,ODIR,ODIR,AMD_WET,HYBRID_MINUS_LBP,AMD_WET,1
S000457,ODIR,ODIR,AMD_WET,VIT_PLUS_COLOR,AMD_WET,1
S000457,ODIR,ODIR,AMD_WET,VIT_PLUS_HARALICK,AMD_WET,1
S000457,ODIR,ODIR,AMD_WET,VIT_PLUS_LBP,AMD_WET,1
S000458,ODIR,ODIR,AMD_WET,FROZEN_VIT_768D,AMD_DRY,0
S000458,ODIR,ODIR,AMD_WET,FULL_HYBRID_800D,AMD_DRY,0
S000458,ODIR,ODIR,AMD_WET,HANDCRAFTED_ONLY_32D,AMD_WET,1
S000458,ODIR,ODIR,AMD_WET,HYBRID_MINUS_COLOR,AMD_WET,1
S000458,ODIR,ODIR,AMD_WET,HYBRID_MINUS_HARALICK,AMD_DRY,0
S000458,ODIR,ODIR,AMD_WET,HYBRID_MINUS_LBP,AMD_WET,1
S000458,ODIR,ODIR,AMD_WET,VIT_PLUS_COLOR,AMD_DRY,0
S000458,ODIR,ODIR,AMD_WET,VIT_PLUS_HARALICK,AMD_DRY,0
S000458,ODIR,ODIR,AMD_WET,VIT_PLUS_LBP,AMD_DRY,0
S000459,ODIR,ODIR,AMD_WET,FROZEN_VIT_768D,AMD_WET,1
S000459,ODIR,ODIR,AMD_WET,FULL_HYBRID_800D,AMD_WET,1
S000459,ODIR,ODIR,AMD_WET,HANDCRAFTED_ONLY_32D,AMD_WET,1
S000459,ODIR,ODIR,AMD_WET,HYBRID_MINUS_COLOR,AMD_WET,1
S000459,ODIR,ODIR,AMD_WET,HYBRID_MINUS_HARALICK,AMD_WET,1
S000459,ODIR,ODIR,AMD_WET,HYBRID_MINUS_LBP,AMD_WET,1
S000459,ODIR,ODIR,AMD_WET,VIT_PLUS_COLOR,AMD_WET,1
S000459,ODIR,ODIR,AMD_WET,VIT_PLUS_HARALICK,AMD_WET,1
S000459,ODIR,ODIR,AMD_WET,VIT_PLUS_LBP,AMD_WET,1
S000460,ODIR,ODIR,AMD_WET,FROZEN_VIT_768D,AMD_DRY,0
S000460,ODIR,ODIR,AMD_WET,FULL_HYBRID_800D,AMD_DRY,0
S000460,ODIR,ODIR,AMD_WET,HANDCRAFTED_ONLY_32D,AMD_WET,1
S000460,ODIR,ODIR,AMD_WET,HYBRID_MINUS_COLOR,AMD_DRY,0
S000460,ODIR,ODIR,AMD_WET,HYBRID_MINUS_HARALICK,AMD_DRY,0
S000460,ODIR,ODIR,AMD_WET,HYBRID_MINUS_LBP,AMD_DRY,0
S000460,ODIR,ODIR,AMD_WET,VIT_PLUS_COLOR,AMD_DRY,0
S000460,ODIR,ODIR,AMD_WET,VIT_PLUS_HARALICK,AMD_DRY,0
S000460,ODIR,ODIR,AMD_WET,VIT_PLUS_LBP,AMD_DRY,0
S000461,ODIR,ODIR,AMD_WET,FROZEN_VIT_768D,AMD_WET,1
S000461,ODIR,ODIR,AMD_WET,FULL_HYBRID_800D,AMD_WET,1
S000461,ODIR,ODIR,AMD_WET,HANDCRAFTED_ONLY_32D,AMD_DRY,0
S000461,ODIR,ODIR,AMD_WET,HYBRID_MINUS_COLOR,AMD_WET,1
S000461,ODIR,ODIR,AMD_WET,HYBRID_MINUS_HARALICK,AMD_WET,1
S000461,ODIR,ODIR,AMD_WET,HYBRID_MINUS_LBP,AMD_DRY,0
S000461,ODIR,ODIR,AMD_WET,VIT_PLUS_COLOR,AMD_WET,1
S000461,ODIR,ODIR,AMD_WET,VIT_PLUS_HARALICK,AMD_DRY,0
S000461,ODIR,ODIR,AMD_WET,VIT_PLUS_LBP,AMD_WET,1
S000462,ODIR,ODIR,AMD_WET,FROZEN_VIT_768D,AMD_WET,1
S000462,ODIR,ODIR,AMD_WET,FULL_HYBRID_800D,AMD_WET,1
S000462,ODIR,ODIR,AMD_WET,HANDCRAFTED_ONLY_32D,AMD_WET,1
S000462,ODIR,ODIR,AMD_WET,HYBRID_MINUS_COLOR,AMD_WET,1
S000462,ODIR,ODIR,AMD_WET,HYBRID_MINUS_HARALICK,AMD_WET,1
S000462,ODIR,ODIR,AMD_WET,HYBRID_MINUS_LBP,AMD_WET,1
S000462,ODIR,ODIR,AMD_WET,VIT_PLUS_COLOR,AMD_WET,1
S000462,ODIR,ODIR,AMD_WET,VIT_PLUS_HARALICK,AMD_WET,1
S000462,ODIR,ODIR,AMD_WET,VIT_PLUS_LBP,AMD_WET,1
S000463,ODIR,ODIR,AMD_WET,FROZEN_VIT_768D,AMD_WET,1
S000463,ODIR,ODIR,AMD_WET,FULL_HYBRID_800D,AMD_WET,1
S000463,ODIR,ODIR,AMD_WET,HANDCRAFTED_ONLY_32D,AMD_WET,1
S000463,ODIR,ODIR,AMD_WET,HYBRID_MINUS_COLOR,AMD_WET,1
S000463,ODIR,ODIR,AMD_WET,HYBRID_MINUS_HARALICK,AMD_WET,1
S000463,ODIR,ODIR,AMD_WET,HYBRID_MINUS_LBP,AMD_WET,1
S000463,ODIR,ODIR,AMD_WET,VIT_PLUS_COLOR,AMD_WET,1
S000463,ODIR,ODIR,AMD_WET,VIT_PLUS_HARALICK,AMD_WET,1
S000463,ODIR,ODIR,AMD_WET,VIT_PLUS_LBP,AMD_WET,1
S000464,ODIR,ODIR,AMD_WET,FROZEN_VIT_768D,AMD_WET,1
S000464,ODIR,ODIR,AMD_WET,FULL_HYBRID_800D,AMD_WET,1
S000464,ODIR,ODIR,AMD_WET,HANDCRAFTED_ONLY_32D,AMD_WET,1
S000464,ODIR,ODIR,AMD_WET,HYBRID_MINUS_COLOR,AMD_WET,1
S000464,ODIR,ODIR,AMD_WET,HYBRID_MINUS_HARALICK,AMD_WET,1
S000464,ODIR,ODIR,AMD_WET,HYBRID_MINUS_LBP,AMD_WET,1
S000464,ODIR,ODIR,AMD_WET,VIT_PLUS_COLOR,AMD_WET,1
S000464,ODIR,ODIR,AMD_WET,VIT_PLUS_HARALICK,AMD_WET,1
S000464,ODIR,ODIR,AMD_WET,VIT_PLUS_LBP,AMD_WET,1
S000465,ODIR,ODIR,AMD_WET,FROZEN_VIT_768D,AMD_WET,1
S000465,ODIR,ODIR,AMD_WET,FULL_HYBRID_800D,AMD_WET,1
S000465,ODIR,ODIR,AMD_WET,HANDCRAFTED_ONLY_32D,AMD_WET,1
S000465,ODIR,ODIR,AMD_WET,HYBRID_MINUS_COLOR,AMD_WET,1
S000465,ODIR,ODIR,AMD_WET,HYBRID_MINUS_HARALICK,AMD_WET,1
S000465,ODIR,ODIR,AMD_WET,HYBRID_MINUS_LBP,AMD_WET,1
S000465,ODIR,ODIR,AMD_WET,VIT_PLUS_COLOR,AMD_WET,1
S000465,ODIR,ODIR,AMD_WET,VIT_PLUS_HARALICK,AMD_WET,1
S000465,ODIR,ODIR,AMD_WET,VIT_PLUS_LBP,AMD_WET,1
S000466,ODIR,ODIR,AMD_WET,FROZEN_VIT_768D,AMD_WET,1
S000466,ODIR,ODIR,AMD_WET,FULL_HYBRID_800D,AMD_WET,1
S000466,ODIR,ODIR,AMD_WET,HANDCRAFTED_ONLY_32D,AMD_WET,1
S000466,ODIR,ODIR,AMD_WET,HYBRID_MINUS_COLOR,AMD_WET,1
S000466,ODIR,ODIR,AMD_WET,HYBRID_MINUS_HARALICK,AMD_WET,1
S000466,ODIR,ODIR,AMD_WET,HYBRID_MINUS_LBP,AMD_WET,1
S000466,ODIR,ODIR,AMD_WET,VIT_PLUS_COLOR,AMD_WET,1
S000466,ODIR,ODIR,AMD_WET,VIT_PLUS_HARALICK,AMD_WET,1
S000466,ODIR,ODIR,AMD_WET,VIT_PLUS_LBP,AMD_WET,1
S000467,ODIR,ODIR,AMD_WET,FROZEN_VIT_768D,AMD_DRY,0
S000467,ODIR,ODIR,AMD_WET,FULL_HYBRID_800D,AMD_DRY,0
S000467,ODIR,ODIR,AMD_WET,HANDCRAFTED_ONLY_32D,AMD_WET,1
S000467,ODIR,ODIR,AMD_WET,HYBRID_MINUS_COLOR,AMD_DRY,0
S000467,ODIR,ODIR,AMD_WET,HYBRID_MINUS_HARALICK,AMD_DRY,0
S000467,ODIR,ODIR,AMD_WET,HYBRID_MINUS_LBP,AMD_DRY,0
S000467,ODIR,ODIR,AMD_WET,VIT_PLUS_COLOR,AMD_DRY,0
S000467,ODIR,ODIR,AMD_WET,VIT_PLUS_HARALICK,AMD_DRY,0
S000467,ODIR,ODIR,AMD_WET,VIT_PLUS_LBP,AMD_DRY,0
S000468,ODIR,ODIR,AMD_WET,FROZEN_VIT_768D,AMD_WET,1
S000468,ODIR,ODIR,AMD_WET,FULL_HYBRID_800D,AMD_WET,1
S000468,ODIR,ODIR,AMD_WET,HANDCRAFTED_ONLY_32D,AMD_WET,1
S000468,ODIR,ODIR,AMD_WET,HYBRID_MINUS_COLOR,AMD_WET,1
S000468,ODIR,ODIR,AMD_WET,HYBRID_MINUS_HARALICK,AMD_WET,1
S000468,ODIR,ODIR,AMD_WET,HYBRID_MINUS_LBP,AMD_WET,1
S000468,ODIR,ODIR,AMD_WET,VIT_PLUS_COLOR,AMD_WET,1
S000468,ODIR,ODIR,AMD_WET,VIT_PLUS_HARALICK,AMD_WET,1
S000468,ODIR,ODIR,AMD_WET,VIT_PLUS_LBP,AMD_WET,1
S000469,ODIR,ODIR,AMD_WET,FROZEN_VIT_768D,AMD_WET,1
S000469,ODIR,ODIR,AMD_WET,FULL_HYBRID_800D,AMD_DRY,0
S000469,ODIR,ODIR,AMD_WET,HANDCRAFTED_ONLY_32D,AMD_WET,1
S000469,ODIR,ODIR,AMD_WET,HYBRID_MINUS_COLOR,AMD_WET,1
S000469,ODIR,ODIR,AMD_WET,HYBRID_MINUS_HARALICK,AMD_WET,1
S000469,ODIR,ODIR,AMD_WET,HYBRID_MINUS_LBP,AMD_WET,1
S000469,ODIR,ODIR,AMD_WET,VIT_PLUS_COLOR,AMD_DRY,0
S000469,ODIR,ODIR,AMD_WET,VIT_PLUS_HARALICK,AMD_WET,1
S000469,ODIR,ODIR,AMD_WET,VIT_PLUS_LBP,AMD_WET,1
S000470,ODIR,ODIR,AMD_WET,FROZEN_VIT_768D,AMD_WET,1
S000470,ODIR,ODIR,AMD_WET,FULL_HYBRID_800D,AMD_DRY,0
S000470,ODIR,ODIR,AMD_WET,HANDCRAFTED_ONLY_32D,AMD_WET,1
S000470,ODIR,ODIR,AMD_WET,HYBRID_MINUS_COLOR,AMD_DRY,0
S000470,ODIR,ODIR,AMD_WET,HYBRID_MINUS_HARALICK,AMD_WET,1
S000470,ODIR,ODIR,AMD_WET,HYBRID_MINUS_LBP,AMD_DRY,0
S000470,ODIR,ODIR,AMD_WET,VIT_PLUS_COLOR,AMD_DRY,0
S000470,ODIR,ODIR,AMD_WET,VIT_PLUS_HARALICK,AMD_DRY,0
S000470,ODIR,ODIR,AMD_WET,VIT_PLUS_LBP,AMD_DRY,0
S000471,ODIR,ODIR,AMD_WET,FROZEN_VIT_768D,AMD_WET,1
S000471,ODIR,ODIR,AMD_WET,FULL_HYBRID_800D,AMD_WET,1
S000471,ODIR,ODIR,AMD_WET,HANDCRAFTED_ONLY_32D,AMD_WET,1
S000471,ODIR,ODIR,AMD_WET,HYBRID_MINUS_COLOR,AMD_WET,1
S000471,ODIR,ODIR,AMD_WET,HYBRID_MINUS_HARALICK,AMD_WET,1
S000471,ODIR,ODIR,AMD_WET,HYBRID_MINUS_LBP,AMD_WET,1
S000471,ODIR,ODIR,AMD_WET,VIT_PLUS_COLOR,AMD_WET,1
S000471,ODIR,ODIR,AMD_WET,VIT_PLUS_HARALICK,AMD_WET,1
S000471,ODIR,ODIR,AMD_WET,VIT_PLUS_LBP,AMD_WET,1
S000472,ODIR,ODIR,AMD_WET,FROZEN_VIT_768D,AMD_DRY,0
S000472,ODIR,ODIR,AMD_WET,FULL_HYBRID_800D,AMD_DRY,0
S000472,ODIR,ODIR,AMD_WET,HANDCRAFTED_ONLY_32D,AMD_WET,1
S000472,ODIR,ODIR,AMD_WET,HYBRID_MINUS_COLOR,AMD_DRY,0
S000472,ODIR,ODIR,AMD_WET,HYBRID_MINUS_HARALICK,AMD_DRY,0
S000472,ODIR,ODIR,AMD_WET,HYBRID_MINUS_LBP,AMD_DRY,0
S000472,ODIR,ODIR,AMD_WET,VIT_PLUS_COLOR,AMD_DRY,0
S000472,ODIR,ODIR,AMD_WET,VIT_PLUS_HARALICK,AMD_DRY,0
S000472,ODIR,ODIR,AMD_WET,VIT_PLUS_LBP,AMD_DRY,0
S000473,RFMID,RFMID,NORMAL,FROZEN_VIT_768D,NORMAL,1
S000473,RFMID,RFMID,NORMAL,FULL_HYBRID_800D,NORMAL,1
S000473,RFMID,RFMID,NORMAL,HANDCRAFTED_ONLY_32D,NORMAL,1
S000473,RFMID,RFMID,NORMAL,HYBRID_MINUS_COLOR,NORMAL,1
S000473,RFMID,RFMID,NORMAL,HYBRID_MINUS_HARALICK,NORMAL,1
S000473,RFMID,RFMID,NORMAL,HYBRID_MINUS_LBP,NORMAL,1
S000473,RFMID,RFMID,NORMAL,VIT_PLUS_COLOR,NORMAL,1
S000473,RFMID,RFMID,NORMAL,VIT_PLUS_HARALICK,NORMAL,1
S000473,RFMID,RFMID,NORMAL,VIT_PLUS_LBP,NORMAL,1
S000474,RFMID,RFMID,NORMAL,FROZEN_VIT_768D,NORMAL,1
S000474,RFMID,RFMID,NORMAL,FULL_HYBRID_800D,NORMAL,1
S000474,RFMID,RFMID,NORMAL,HANDCRAFTED_ONLY_32D,NORMAL,1
S000474,RFMID,RFMID,NORMAL,HYBRID_MINUS_COLOR,NORMAL,1
S000474,RFMID,RFMID,NORMAL,HYBRID_MINUS_HARALICK,NORMAL,1
S000474,RFMID,RFMID,NORMAL,HYBRID_MINUS_LBP,NORMAL,1
S000474,RFMID,RFMID,NORMAL,VIT_PLUS_COLOR,NORMAL,1
S000474,RFMID,RFMID,NORMAL,VIT_PLUS_HARALICK,NORMAL,1
S000474,RFMID,RFMID,NORMAL,VIT_PLUS_LBP,NORMAL,1
S000475,RFMID,RFMID,NORMAL,FROZEN_VIT_768D,NORMAL,1
S000475,RFMID,RFMID,NORMAL,FULL_HYBRID_800D,NORMAL,1
S000475,RFMID,RFMID,NORMAL,HANDCRAFTED_ONLY_32D,NORMAL,1
S000475,RFMID,RFMID,NORMAL,HYBRID_MINUS_COLOR,NORMAL,1
S000475,RFMID,RFMID,NORMAL,HYBRID_MINUS_HARALICK,NORMAL,1
S000475,RFMID,RFMID,NORMAL,HYBRID_MINUS_LBP,NORMAL,1
S000475,RFMID,RFMID,NORMAL,VIT_PLUS_COLOR,NORMAL,1
S000475,RFMID,RFMID,NORMAL,VIT_PLUS_HARALICK,NORMAL,1
S000475,RFMID,RFMID,NORMAL,VIT_PLUS_LBP,NORMAL,1
S000476,RFMID,RFMID,NORMAL,FROZEN_VIT_768D,NORMAL,1
S000476,RFMID,RFMID,NORMAL,FULL_HYBRID_800D,NORMAL,1
S000476,RFMID,RFMID,NORMAL,HANDCRAFTED_ONLY_32D,NORMAL,1
S000476,RFMID,RFMID,NORMAL,HYBRID_MINUS_COLOR,NORMAL,1
S000476,RFMID,RFMID,NORMAL,HYBRID_MINUS_HARALICK,NORMAL,1
S000476,RFMID,RFMID,NORMAL,HYBRID_MINUS_LBP,NORMAL,1
S000476,RFMID,RFMID,NORMAL,VIT_PLUS_COLOR,NORMAL,1
S000476,RFMID,RFMID,NORMAL,VIT_PLUS_HARALICK,NORMAL,1
S000476,RFMID,RFMID,NORMAL,VIT_PLUS_LBP,NORMAL,1
S000477,RFMID,RFMID,NORMAL,FROZEN_VIT_768D,NORMAL,1
S000477,RFMID,RFMID,NORMAL,FULL_HYBRID_800D,NORMAL,1
S000477,RFMID,RFMID,NORMAL,HANDCRAFTED_ONLY_32D,NORMAL,1
S000477,RFMID,RFMID,NORMAL,HYBRID_MINUS_COLOR,NORMAL,1
S000477,RFMID,RFMID,NORMAL,HYBRID_MINUS_HARALICK,NORMAL,1
S000477,RFMID,RFMID,NORMAL,HYBRID_MINUS_LBP,NORMAL,1
S000477,RFMID,RFMID,NORMAL,VIT_PLUS_COLOR,NORMAL,1
S000477,RFMID,RFMID,NORMAL,VIT_PLUS_HARALICK,NORMAL,1
S000477,RFMID,RFMID,NORMAL,VIT_PLUS_LBP,NORMAL,1
S000478,RFMID,RFMID,NORMAL,FROZEN_VIT_768D,NORMAL,1
S000478,RFMID,RFMID,NORMAL,FULL_HYBRID_800D,NORMAL,1
S000478,RFMID,RFMID,NORMAL,HANDCRAFTED_ONLY_32D,NORMAL,1
S000478,RFMID,RFMID,NORMAL,HYBRID_MINUS_COLOR,NORMAL,1
S000478,RFMID,RFMID,NORMAL,HYBRID_MINUS_HARALICK,NORMAL,1
S000478,RFMID,RFMID,NORMAL,HYBRID_MINUS_LBP,NORMAL,1
S000478,RFMID,RFMID,NORMAL,VIT_PLUS_COLOR,NORMAL,1
S000478,RFMID,RFMID,NORMAL,VIT_PLUS_HARALICK,NORMAL,1
S000478,RFMID,RFMID,NORMAL,VIT_PLUS_LBP,NORMAL,1
S000479,RFMID,RFMID,NORMAL,FROZEN_VIT_768D,NORMAL,1
S000479,RFMID,RFMID,NORMAL,FULL_HYBRID_800D,NORMAL,1
S000479,RFMID,RFMID,NORMAL,HANDCRAFTED_ONLY_32D,NORMAL,1
S000479,RFMID,RFMID,NORMAL,HYBRID_MINUS_COLOR,NORMAL,1
S000479,RFMID,RFMID,NORMAL,HYBRID_MINUS_HARALICK,NORMAL,1
S000479,RFMID,RFMID,NORMAL,HYBRID_MINUS_LBP,NORMAL,1
S000479,RFMID,RFMID,NORMAL,VIT_PLUS_COLOR,NORMAL,1
S000479,RFMID,RFMID,NORMAL,VIT_PLUS_HARALICK,NORMAL,1
S000479,RFMID,RFMID,NORMAL,VIT_PLUS_LBP,NORMAL,1
S000480,RFMID,RFMID,NORMAL,FROZEN_VIT_768D,NORMAL,1
S000480,RFMID,RFMID,NORMAL,FULL_HYBRID_800D,NORMAL,1
S000480,RFMID,RFMID,NORMAL,HANDCRAFTED_ONLY_32D,NORMAL,1
S000480,RFMID,RFMID,NORMAL,HYBRID_MINUS_COLOR,NORMAL,1
S000480,RFMID,RFMID,NORMAL,HYBRID_MINUS_HARALICK,NORMAL,1
S000480,RFMID,RFMID,NORMAL,HYBRID_MINUS_LBP,NORMAL,1
S000480,RFMID,RFMID,NORMAL,VIT_PLUS_COLOR,NORMAL,1
S000480,RFMID,RFMID,NORMAL,VIT_PLUS_HARALICK,NORMAL,1
S000480,RFMID,RFMID,NORMAL,VIT_PLUS_LBP,NORMAL,1
S000481,RFMID,RFMID,NORMAL,FROZEN_VIT_768D,NORMAL,1
S000481,RFMID,RFMID,NORMAL,FULL_HYBRID_800D,NORMAL,1
S000481,RFMID,RFMID,NORMAL,HANDCRAFTED_ONLY_32D,NORMAL,1
S000481,RFMID,RFMID,NORMAL,HYBRID_MINUS_COLOR,NORMAL,1
S000481,RFMID,RFMID,NORMAL,HYBRID_MINUS_HARALICK,NORMAL,1
S000481,RFMID,RFMID,NORMAL,HYBRID_MINUS_LBP,NORMAL,1
S000481,RFMID,RFMID,NORMAL,VIT_PLUS_COLOR,NORMAL,1
S000481,RFMID,RFMID,NORMAL,VIT_PLUS_HARALICK,NORMAL,1
S000481,RFMID,RFMID,NORMAL,VIT_PLUS_LBP,NORMAL,1
S000482,RFMID,RFMID,NORMAL,FROZEN_VIT_768D,NORMAL,1
S000482,RFMID,RFMID,NORMAL,FULL_HYBRID_800D,NORMAL,1
S000482,RFMID,RFMID,NORMAL,HANDCRAFTED_ONLY_32D,NORMAL,1
S000482,RFMID,RFMID,NORMAL,HYBRID_MINUS_COLOR,NORMAL,1
S000482,RFMID,RFMID,NORMAL,HYBRID_MINUS_HARALICK,NORMAL,1
S000482,RFMID,RFMID,NORMAL,HYBRID_MINUS_LBP,NORMAL,1
S000482,RFMID,RFMID,NORMAL,VIT_PLUS_COLOR,NORMAL,1
S000482,RFMID,RFMID,NORMAL,VIT_PLUS_HARALICK,NORMAL,1
S000482,RFMID,RFMID,NORMAL,VIT_PLUS_LBP,NORMAL,1
S000483,RFMID,RFMID,NORMAL,FROZEN_VIT_768D,NORMAL,1
S000483,RFMID,RFMID,NORMAL,FULL_HYBRID_800D,NORMAL,1
S000483,RFMID,RFMID,NORMAL,HANDCRAFTED_ONLY_32D,NORMAL,1
S000483,RFMID,RFMID,NORMAL,HYBRID_MINUS_COLOR,NORMAL,1
S000483,RFMID,RFMID,NORMAL,HYBRID_MINUS_HARALICK,NORMAL,1
S000483,RFMID,RFMID,NORMAL,HYBRID_MINUS_LBP,NORMAL,1
S000483,RFMID,RFMID,NORMAL,VIT_PLUS_COLOR,NORMAL,1
S000483,RFMID,RFMID,NORMAL,VIT_PLUS_HARALICK,NORMAL,1
S000483,RFMID,RFMID,NORMAL,VIT_PLUS_LBP,NORMAL,1
S000484,RFMID,RFMID,NORMAL,FROZEN_VIT_768D,NORMAL,1
S000484,RFMID,RFMID,NORMAL,FULL_HYBRID_800D,NORMAL,1
S000484,RFMID,RFMID,NORMAL,HANDCRAFTED_ONLY_32D,NORMAL,1
S000484,RFMID,RFMID,NORMAL,HYBRID_MINUS_COLOR,NORMAL,1
S000484,RFMID,RFMID,NORMAL,HYBRID_MINUS_HARALICK,NORMAL,1
S000484,RFMID,RFMID,NORMAL,HYBRID_MINUS_LBP,NORMAL,1
S000484,RFMID,RFMID,NORMAL,VIT_PLUS_COLOR,NORMAL,1
S000484,RFMID,RFMID,NORMAL,VIT_PLUS_HARALICK,NORMAL,1
S000484,RFMID,RFMID,NORMAL,VIT_PLUS_LBP,NORMAL,1
S000485,RFMID,RFMID,NORMAL,FROZEN_VIT_768D,NORMAL,1
S000485,RFMID,RFMID,NORMAL,FULL_HYBRID_800D,NORMAL,1
S000485,RFMID,RFMID,NORMAL,HANDCRAFTED_ONLY_32D,NORMAL,1
S000485,RFMID,RFMID,NORMAL,HYBRID_MINUS_COLOR,NORMAL,1
S000485,RFMID,RFMID,NORMAL,HYBRID_MINUS_HARALICK,NORMAL,1
S000485,RFMID,RFMID,NORMAL,HYBRID_MINUS_LBP,NORMAL,1
S000485,RFMID,RFMID,NORMAL,VIT_PLUS_COLOR,NORMAL,1
S000485,RFMID,RFMID,NORMAL,VIT_PLUS_HARALICK,NORMAL,1
S000485,RFMID,RFMID,NORMAL,VIT_PLUS_LBP,NORMAL,1
S000486,RFMID,RFMID,NORMAL,FROZEN_VIT_768D,NORMAL,1
S000486,RFMID,RFMID,NORMAL,FULL_HYBRID_800D,NORMAL,1
S000486,RFMID,RFMID,NORMAL,HANDCRAFTED_ONLY_32D,AMD_WET,0
S000486,RFMID,RFMID,NORMAL,HYBRID_MINUS_COLOR,NORMAL,1
S000486,RFMID,RFMID,NORMAL,HYBRID_MINUS_HARALICK,NORMAL,1
S000486,RFMID,RFMID,NORMAL,HYBRID_MINUS_LBP,NORMAL,1
S000486,RFMID,RFMID,NORMAL,VIT_PLUS_COLOR,NORMAL,1
S000486,RFMID,RFMID,NORMAL,VIT_PLUS_HARALICK,NORMAL,1
S000486,RFMID,RFMID,NORMAL,VIT_PLUS_LBP,NORMAL,1
S000487,RFMID,RFMID,NORMAL,FROZEN_VIT_768D,NORMAL,1
S000487,RFMID,RFMID,NORMAL,FULL_HYBRID_800D,NORMAL,1
S000487,RFMID,RFMID,NORMAL,HANDCRAFTED_ONLY_32D,NORMAL,1
S000487,RFMID,RFMID,NORMAL,HYBRID_MINUS_COLOR,NORMAL,1
S000487,RFMID,RFMID,NORMAL,HYBRID_MINUS_HARALICK,NORMAL,1
S000487,RFMID,RFMID,NORMAL,HYBRID_MINUS_LBP,NORMAL,1
S000487,RFMID,RFMID,NORMAL,VIT_PLUS_COLOR,NORMAL,1
S000487,RFMID,RFMID,NORMAL,VIT_PLUS_HARALICK,NORMAL,1
S000487,RFMID,RFMID,NORMAL,VIT_PLUS_LBP,NORMAL,1
S000488,RFMID,RFMID,NORMAL,FROZEN_VIT_768D,NORMAL,1
S000488,RFMID,RFMID,NORMAL,FULL_HYBRID_800D,NORMAL,1
S000488,RFMID,RFMID,NORMAL,HANDCRAFTED_ONLY_32D,NORMAL,1
S000488,RFMID,RFMID,NORMAL,HYBRID_MINUS_COLOR,NORMAL,1
S000488,RFMID,RFMID,NORMAL,HYBRID_MINUS_HARALICK,NORMAL,1
S000488,RFMID,RFMID,NORMAL,HYBRID_MINUS_LBP,NORMAL,1
S000488,RFMID,RFMID,NORMAL,VIT_PLUS_COLOR,NORMAL,1
S000488,RFMID,RFMID,NORMAL,VIT_PLUS_HARALICK,NORMAL,1
S000488,RFMID,RFMID,NORMAL,VIT_PLUS_LBP,NORMAL,1
S000489,RFMID,RFMID,NORMAL,FROZEN_VIT_768D,NORMAL,1
S000489,RFMID,RFMID,NORMAL,FULL_HYBRID_800D,NORMAL,1
S000489,RFMID,RFMID,NORMAL,HANDCRAFTED_ONLY_32D,NORMAL,1
S000489,RFMID,RFMID,NORMAL,HYBRID_MINUS_COLOR,NORMAL,1
S000489,RFMID,RFMID,NORMAL,HYBRID_MINUS_HARALICK,NORMAL,1
S000489,RFMID,RFMID,NORMAL,HYBRID_MINUS_LBP,NORMAL,1
S000489,RFMID,RFMID,NORMAL,VIT_PLUS_COLOR,NORMAL,1
S000489,RFMID,RFMID,NORMAL,VIT_PLUS_HARALICK,NORMAL,1
S000489,RFMID,RFMID,NORMAL,VIT_PLUS_LBP,NORMAL,1
S000490,RFMID,RFMID,NORMAL,FROZEN_VIT_768D,NORMAL,1
S000490,RFMID,RFMID,NORMAL,FULL_HYBRID_800D,NORMAL,1
S000490,RFMID,RFMID,NORMAL,HANDCRAFTED_ONLY_32D,AMD_WET,0
S000490,RFMID,RFMID,NORMAL,HYBRID_MINUS_COLOR,NORMAL,1
S000490,RFMID,RFMID,NORMAL,HYBRID_MINUS_HARALICK,NORMAL,1
S000490,RFMID,RFMID,NORMAL,HYBRID_MINUS_LBP,NORMAL,1
S000490,RFMID,RFMID,NORMAL,VIT_PLUS_COLOR,NORMAL,1
S000490,RFMID,RFMID,NORMAL,VIT_PLUS_HARALICK,NORMAL,1
S000490,RFMID,RFMID,NORMAL,VIT_PLUS_LBP,NORMAL,1
S000491,RFMID,RFMID,NORMAL,FROZEN_VIT_768D,NORMAL,1
S000491,RFMID,RFMID,NORMAL,FULL_HYBRID_800D,NORMAL,1
S000491,RFMID,RFMID,NORMAL,HANDCRAFTED_ONLY_32D,AMD_WET,0
S000491,RFMID,RFMID,NORMAL,HYBRID_MINUS_COLOR,NORMAL,1
S000491,RFMID,RFMID,NORMAL,HYBRID_MINUS_HARALICK,NORMAL,1
S000491,RFMID,RFMID,NORMAL,HYBRID_MINUS_LBP,NORMAL,1
S000491,RFMID,RFMID,NORMAL,VIT_PLUS_COLOR,NORMAL,1
S000491,RFMID,RFMID,NORMAL,VIT_PLUS_HARALICK,NORMAL,1
S000491,RFMID,RFMID,NORMAL,VIT_PLUS_LBP,NORMAL,1
S000492,RFMID,RFMID,NORMAL,FROZEN_VIT_768D,NORMAL,1
S000492,RFMID,RFMID,NORMAL,FULL_HYBRID_800D,NORMAL,1
S000492,RFMID,RFMID,NORMAL,HANDCRAFTED_ONLY_32D,AMD_WET,0
S000492,RFMID,RFMID,NORMAL,HYBRID_MINUS_COLOR,NORMAL,1
S000492,RFMID,RFMID,NORMAL,HYBRID_MINUS_HARALICK,NORMAL,1
S000492,RFMID,RFMID,NORMAL,HYBRID_MINUS_LBP,NORMAL,1
S000492,RFMID,RFMID,NORMAL,VIT_PLUS_COLOR,NORMAL,1
S000492,RFMID,RFMID,NORMAL,VIT_PLUS_HARALICK,NORMAL,1
S000492,RFMID,RFMID,NORMAL,VIT_PLUS_LBP,NORMAL,1
S000493,RFMID,RFMID,NORMAL,FROZEN_VIT_768D,NORMAL,1
S000493,RFMID,RFMID,NORMAL,FULL_HYBRID_800D,NORMAL,1
S000493,RFMID,RFMID,NORMAL,HANDCRAFTED_ONLY_32D,AMD_WET,0
S000493,RFMID,RFMID,NORMAL,HYBRID_MINUS_COLOR,NORMAL,1
S000493,RFMID,RFMID,NORMAL,HYBRID_MINUS_HARALICK,NORMAL,1
S000493,RFMID,RFMID,NORMAL,HYBRID_MINUS_LBP,NORMAL,1
S000493,RFMID,RFMID,NORMAL,VIT_PLUS_COLOR,NORMAL,1
S000493,RFMID,RFMID,NORMAL,VIT_PLUS_HARALICK,NORMAL,1
S000493,RFMID,RFMID,NORMAL,VIT_PLUS_LBP,NORMAL,1
S000494,RFMID,RFMID,NORMAL,FROZEN_VIT_768D,NORMAL,1
S000494,RFMID,RFMID,NORMAL,FULL_HYBRID_800D,NORMAL,1
S000494,RFMID,RFMID,NORMAL,HANDCRAFTED_ONLY_32D,NORMAL,1
S000494,RFMID,RFMID,NORMAL,HYBRID_MINUS_COLOR,NORMAL,1
S000494,RFMID,RFMID,NORMAL,HYBRID_MINUS_HARALICK,NORMAL,1
S000494,RFMID,RFMID,NORMAL,HYBRID_MINUS_LBP,NORMAL,1
S000494,RFMID,RFMID,NORMAL,VIT_PLUS_COLOR,NORMAL,1
S000494,RFMID,RFMID,NORMAL,VIT_PLUS_HARALICK,NORMAL,1
S000494,RFMID,RFMID,NORMAL,VIT_PLUS_LBP,NORMAL,1
S000495,RFMID,RFMID,NORMAL,FROZEN_VIT_768D,NORMAL,1
S000495,RFMID,RFMID,NORMAL,FULL_HYBRID_800D,NORMAL,1
S000495,RFMID,RFMID,NORMAL,HANDCRAFTED_ONLY_32D,NORMAL,1
S000495,RFMID,RFMID,NORMAL,HYBRID_MINUS_COLOR,NORMAL,1
S000495,RFMID,RFMID,NORMAL,HYBRID_MINUS_HARALICK,NORMAL,1
S000495,RFMID,RFMID,NORMAL,HYBRID_MINUS_LBP,NORMAL,1
S000495,RFMID,RFMID,NORMAL,VIT_PLUS_COLOR,NORMAL,1
S000495,RFMID,RFMID,NORMAL,VIT_PLUS_HARALICK,NORMAL,1
S000495,RFMID,RFMID,NORMAL,VIT_PLUS_LBP,NORMAL,1
S000496,RFMID,RFMID,NORMAL,FROZEN_VIT_768D,NORMAL,1
S000496,RFMID,RFMID,NORMAL,FULL_HYBRID_800D,NORMAL,1
S000496,RFMID,RFMID,NORMAL,HANDCRAFTED_ONLY_32D,NORMAL,1
S000496,RFMID,RFMID,NORMAL,HYBRID_MINUS_COLOR,NORMAL,1
S000496,RFMID,RFMID,NORMAL,HYBRID_MINUS_HARALICK,NORMAL,1
S000496,RFMID,RFMID,NORMAL,HYBRID_MINUS_LBP,NORMAL,1
S000496,RFMID,RFMID,NORMAL,VIT_PLUS_COLOR,NORMAL,1
S000496,RFMID,RFMID,NORMAL,VIT_PLUS_HARALICK,NORMAL,1
S000496,RFMID,RFMID,NORMAL,VIT_PLUS_LBP,NORMAL,1
S000497,RFMID,RFMID,NORMAL,FROZEN_VIT_768D,NORMAL,1
S000497,RFMID,RFMID,NORMAL,FULL_HYBRID_800D,NORMAL,1
S000497,RFMID,RFMID,NORMAL,HANDCRAFTED_ONLY_32D,NORMAL,1
S000497,RFMID,RFMID,NORMAL,HYBRID_MINUS_COLOR,NORMAL,1
S000497,RFMID,RFMID,NORMAL,HYBRID_MINUS_HARALICK,NORMAL,1
S000497,RFMID,RFMID,NORMAL,HYBRID_MINUS_LBP,NORMAL,1
S000497,RFMID,RFMID,NORMAL,VIT_PLUS_COLOR,NORMAL,1
S000497,RFMID,RFMID,NORMAL,VIT_PLUS_HARALICK,NORMAL,1
S000497,RFMID,RFMID,NORMAL,VIT_PLUS_LBP,NORMAL,1
S000498,RFMID,RFMID,NORMAL,FROZEN_VIT_768D,NORMAL,1
S000498,RFMID,RFMID,NORMAL,FULL_HYBRID_800D,NORMAL,1
S000498,RFMID,RFMID,NORMAL,HANDCRAFTED_ONLY_32D,NORMAL,1
S000498,RFMID,RFMID,NORMAL,HYBRID_MINUS_COLOR,NORMAL,1
S000498,RFMID,RFMID,NORMAL,HYBRID_MINUS_HARALICK,NORMAL,1
S000498,RFMID,RFMID,NORMAL,HYBRID_MINUS_LBP,NORMAL,1
S000498,RFMID,RFMID,NORMAL,VIT_PLUS_COLOR,NORMAL,1
S000498,RFMID,RFMID,NORMAL,VIT_PLUS_HARALICK,NORMAL,1
S000498,RFMID,RFMID,NORMAL,VIT_PLUS_LBP,NORMAL,1
S000499,RFMID,RFMID,NORMAL,FROZEN_VIT_768D,AMD_WET,0
S000499,RFMID,RFMID,NORMAL,FULL_HYBRID_800D,AMD_WET,0
S000499,RFMID,RFMID,NORMAL,HANDCRAFTED_ONLY_32D,NORMAL,1
S000499,RFMID,RFMID,NORMAL,HYBRID_MINUS_COLOR,AMD_WET,0
S000499,RFMID,RFMID,NORMAL,HYBRID_MINUS_HARALICK,AMD_WET,0
S000499,RFMID,RFMID,NORMAL,HYBRID_MINUS_LBP,AMD_WET,0
S000499,RFMID,RFMID,NORMAL,VIT_PLUS_COLOR,AMD_WET,0
S000499,RFMID,RFMID,NORMAL,VIT_PLUS_HARALICK,AMD_WET,0
S000499,RFMID,RFMID,NORMAL,VIT_PLUS_LBP,AMD_WET,0
S000500,RFMID,RFMID,NORMAL,FROZEN_VIT_768D,NORMAL,1
S000500,RFMID,RFMID,NORMAL,FULL_HYBRID_800D,NORMAL,1
S000500,RFMID,RFMID,NORMAL,HANDCRAFTED_ONLY_32D,NORMAL,1
S000500,RFMID,RFMID,NORMAL,HYBRID_MINUS_COLOR,NORMAL,1
S000500,RFMID,RFMID,NORMAL,HYBRID_MINUS_HARALICK,NORMAL,1
S000500,RFMID,RFMID,NORMAL,HYBRID_MINUS_LBP,NORMAL,1
S000500,RFMID,RFMID,NORMAL,VIT_PLUS_COLOR,NORMAL,1
S000500,RFMID,RFMID,NORMAL,VIT_PLUS_HARALICK,NORMAL,1
S000500,RFMID,RFMID,NORMAL,VIT_PLUS_LBP,NORMAL,1
S000501,RFMID,RFMID,NORMAL,FROZEN_VIT_768D,NORMAL,1
S000501,RFMID,RFMID,NORMAL,FULL_HYBRID_800D,NORMAL,1
S000501,RFMID,RFMID,NORMAL,HANDCRAFTED_ONLY_32D,NORMAL,1
S000501,RFMID,RFMID,NORMAL,HYBRID_MINUS_COLOR,NORMAL,1
S000501,RFMID,RFMID,NORMAL,HYBRID_MINUS_HARALICK,NORMAL,1
S000501,RFMID,RFMID,NORMAL,HYBRID_MINUS_LBP,NORMAL,1
S000501,RFMID,RFMID,NORMAL,VIT_PLUS_COLOR,NORMAL,1
S000501,RFMID,RFMID,NORMAL,VIT_PLUS_HARALICK,NORMAL,1
S000501,RFMID,RFMID,NORMAL,VIT_PLUS_LBP,NORMAL,1
S000502,RFMID,RFMID,NORMAL,FROZEN_VIT_768D,NORMAL,1
S000502,RFMID,RFMID,NORMAL,FULL_HYBRID_800D,NORMAL,1
S000502,RFMID,RFMID,NORMAL,HANDCRAFTED_ONLY_32D,NORMAL,1
S000502,RFMID,RFMID,NORMAL,HYBRID_MINUS_COLOR,NORMAL,1
S000502,RFMID,RFMID,NORMAL,HYBRID_MINUS_HARALICK,NORMAL,1
S000502,RFMID,RFMID,NORMAL,HYBRID_MINUS_LBP,NORMAL,1
S000502,RFMID,RFMID,NORMAL,VIT_PLUS_COLOR,NORMAL,1
S000502,RFMID,RFMID,NORMAL,VIT_PLUS_HARALICK,NORMAL,1
S000502,RFMID,RFMID,NORMAL,VIT_PLUS_LBP,NORMAL,1
S000503,RFMID,RFMID,NORMAL,FROZEN_VIT_768D,NORMAL,1
S000503,RFMID,RFMID,NORMAL,FULL_HYBRID_800D,NORMAL,1
S000503,RFMID,RFMID,NORMAL,HANDCRAFTED_ONLY_32D,NORMAL,1
S000503,RFMID,RFMID,NORMAL,HYBRID_MINUS_COLOR,NORMAL,1
S000503,RFMID,RFMID,NORMAL,HYBRID_MINUS_HARALICK,NORMAL,1
S000503,RFMID,RFMID,NORMAL,HYBRID_MINUS_LBP,NORMAL,1
S000503,RFMID,RFMID,NORMAL,VIT_PLUS_COLOR,NORMAL,1
S000503,RFMID,RFMID,NORMAL,VIT_PLUS_HARALICK,NORMAL,1
S000503,RFMID,RFMID,NORMAL,VIT_PLUS_LBP,NORMAL,1
S000504,RFMID,RFMID,NORMAL,FROZEN_VIT_768D,NORMAL,1
S000504,RFMID,RFMID,NORMAL,FULL_HYBRID_800D,NORMAL,1
S000504,RFMID,RFMID,NORMAL,HANDCRAFTED_ONLY_32D,NORMAL,1
S000504,RFMID,RFMID,NORMAL,HYBRID_MINUS_COLOR,NORMAL,1
S000504,RFMID,RFMID,NORMAL,HYBRID_MINUS_HARALICK,NORMAL,1
S000504,RFMID,RFMID,NORMAL,HYBRID_MINUS_LBP,NORMAL,1
S000504,RFMID,RFMID,NORMAL,VIT_PLUS_COLOR,NORMAL,1
S000504,RFMID,RFMID,NORMAL,VIT_PLUS_HARALICK,NORMAL,1
S000504,RFMID,RFMID,NORMAL,VIT_PLUS_LBP,NORMAL,1
S000505,RFMID,RFMID,NORMAL,FROZEN_VIT_768D,NORMAL,1
S000505,RFMID,RFMID,NORMAL,FULL_HYBRID_800D,NORMAL,1
S000505,RFMID,RFMID,NORMAL,HANDCRAFTED_ONLY_32D,NORMAL,1
S000505,RFMID,RFMID,NORMAL,HYBRID_MINUS_COLOR,NORMAL,1
S000505,RFMID,RFMID,NORMAL,HYBRID_MINUS_HARALICK,NORMAL,1
S000505,RFMID,RFMID,NORMAL,HYBRID_MINUS_LBP,NORMAL,1
S000505,RFMID,RFMID,NORMAL,VIT_PLUS_COLOR,NORMAL,1
S000505,RFMID,RFMID,NORMAL,VIT_PLUS_HARALICK,NORMAL,1
S000505,RFMID,RFMID,NORMAL,VIT_PLUS_LBP,NORMAL,1
S000506,RFMID,RFMID,NORMAL,FROZEN_VIT_768D,NORMAL,1
S000506,RFMID,RFMID,NORMAL,FULL_HYBRID_800D,NORMAL,1
S000506,RFMID,RFMID,NORMAL,HANDCRAFTED_ONLY_32D,NORMAL,1
S000506,RFMID,RFMID,NORMAL,HYBRID_MINUS_COLOR,NORMAL,1
S000506,RFMID,RFMID,NORMAL,HYBRID_MINUS_HARALICK,NORMAL,1
S000506,RFMID,RFMID,NORMAL,HYBRID_MINUS_LBP,NORMAL,1
S000506,RFMID,RFMID,NORMAL,VIT_PLUS_COLOR,NORMAL,1
S000506,RFMID,RFMID,NORMAL,VIT_PLUS_HARALICK,NORMAL,1
S000506,RFMID,RFMID,NORMAL,VIT_PLUS_LBP,NORMAL,1
S000507,RFMID,RFMID,NORMAL,FROZEN_VIT_768D,NORMAL,1
S000507,RFMID,RFMID,NORMAL,FULL_HYBRID_800D,NORMAL,1
S000507,RFMID,RFMID,NORMAL,HANDCRAFTED_ONLY_32D,NORMAL,1
S000507,RFMID,RFMID,NORMAL,HYBRID_MINUS_COLOR,NORMAL,1
S000507,RFMID,RFMID,NORMAL,HYBRID_MINUS_HARALICK,NORMAL,1
S000507,RFMID,RFMID,NORMAL,HYBRID_MINUS_LBP,NORMAL,1
S000507,RFMID,RFMID,NORMAL,VIT_PLUS_COLOR,NORMAL,1
S000507,RFMID,RFMID,NORMAL,VIT_PLUS_HARALICK,NORMAL,1
S000507,RFMID,RFMID,NORMAL,VIT_PLUS_LBP,NORMAL,1
S000508,RFMID,RFMID,NORMAL,FROZEN_VIT_768D,NORMAL,1
S000508,RFMID,RFMID,NORMAL,FULL_HYBRID_800D,NORMAL,1
S000508,RFMID,RFMID,NORMAL,HANDCRAFTED_ONLY_32D,NORMAL,1
S000508,RFMID,RFMID,NORMAL,HYBRID_MINUS_COLOR,NORMAL,1
S000508,RFMID,RFMID,NORMAL,HYBRID_MINUS_HARALICK,NORMAL,1
S000508,RFMID,RFMID,NORMAL,HYBRID_MINUS_LBP,NORMAL,1
S000508,RFMID,RFMID,NORMAL,VIT_PLUS_COLOR,NORMAL,1
S000508,RFMID,RFMID,NORMAL,VIT_PLUS_HARALICK,NORMAL,1
S000508,RFMID,RFMID,NORMAL,VIT_PLUS_LBP,NORMAL,1
S000509,RFMID,RFMID,NORMAL,FROZEN_VIT_768D,NORMAL,1
S000509,RFMID,RFMID,NORMAL,FULL_HYBRID_800D,NORMAL,1
S000509,RFMID,RFMID,NORMAL,HANDCRAFTED_ONLY_32D,NORMAL,1
S000509,RFMID,RFMID,NORMAL,HYBRID_MINUS_COLOR,NORMAL,1
S000509,RFMID,RFMID,NORMAL,HYBRID_MINUS_HARALICK,NORMAL,1
S000509,RFMID,RFMID,NORMAL,HYBRID_MINUS_LBP,NORMAL,1
S000509,RFMID,RFMID,NORMAL,VIT_PLUS_COLOR,NORMAL,1
S000509,RFMID,RFMID,NORMAL,VIT_PLUS_HARALICK,NORMAL,1
S000509,RFMID,RFMID,NORMAL,VIT_PLUS_LBP,NORMAL,1
S000510,RFMID,RFMID,NORMAL,FROZEN_VIT_768D,NORMAL,1
S000510,RFMID,RFMID,NORMAL,FULL_HYBRID_800D,NORMAL,1
S000510,RFMID,RFMID,NORMAL,HANDCRAFTED_ONLY_32D,NORMAL,1
S000510,RFMID,RFMID,NORMAL,HYBRID_MINUS_COLOR,NORMAL,1
S000510,RFMID,RFMID,NORMAL,HYBRID_MINUS_HARALICK,NORMAL,1
S000510,RFMID,RFMID,NORMAL,HYBRID_MINUS_LBP,NORMAL,1
S000510,RFMID,RFMID,NORMAL,VIT_PLUS_COLOR,NORMAL,1
S000510,RFMID,RFMID,NORMAL,VIT_PLUS_HARALICK,NORMAL,1
S000510,RFMID,RFMID,NORMAL,VIT_PLUS_LBP,NORMAL,1
S000511,RFMID,RFMID,NORMAL,FROZEN_VIT_768D,NORMAL,1
S000511,RFMID,RFMID,NORMAL,FULL_HYBRID_800D,NORMAL,1
S000511,RFMID,RFMID,NORMAL,HANDCRAFTED_ONLY_32D,NORMAL,1
S000511,RFMID,RFMID,NORMAL,HYBRID_MINUS_COLOR,NORMAL,1
S000511,RFMID,RFMID,NORMAL,HYBRID_MINUS_HARALICK,NORMAL,1
S000511,RFMID,RFMID,NORMAL,HYBRID_MINUS_LBP,NORMAL,1
S000511,RFMID,RFMID,NORMAL,VIT_PLUS_COLOR,NORMAL,1
S000511,RFMID,RFMID,NORMAL,VIT_PLUS_HARALICK,NORMAL,1
S000511,RFMID,RFMID,NORMAL,VIT_PLUS_LBP,NORMAL,1
S000512,RFMID,RFMID,NORMAL,FROZEN_VIT_768D,NORMAL,1
S000512,RFMID,RFMID,NORMAL,FULL_HYBRID_800D,NORMAL,1
S000512,RFMID,RFMID,NORMAL,HANDCRAFTED_ONLY_32D,NORMAL,1
S000512,RFMID,RFMID,NORMAL,HYBRID_MINUS_COLOR,NORMAL,1
S000512,RFMID,RFMID,NORMAL,HYBRID_MINUS_HARALICK,NORMAL,1
S000512,RFMID,RFMID,NORMAL,HYBRID_MINUS_LBP,NORMAL,1
S000512,RFMID,RFMID,NORMAL,VIT_PLUS_COLOR,NORMAL,1
S000512,RFMID,RFMID,NORMAL,VIT_PLUS_HARALICK,NORMAL,1
S000512,RFMID,RFMID,NORMAL,VIT_PLUS_LBP,NORMAL,1
S000513,RFMID,RFMID,NORMAL,FROZEN_VIT_768D,NORMAL,1
S000513,RFMID,RFMID,NORMAL,FULL_HYBRID_800D,NORMAL,1
S000513,RFMID,RFMID,NORMAL,HANDCRAFTED_ONLY_32D,NORMAL,1
S000513,RFMID,RFMID,NORMAL,HYBRID_MINUS_COLOR,NORMAL,1
S000513,RFMID,RFMID,NORMAL,HYBRID_MINUS_HARALICK,NORMAL,1
S000513,RFMID,RFMID,NORMAL,HYBRID_MINUS_LBP,NORMAL,1
S000513,RFMID,RFMID,NORMAL,VIT_PLUS_COLOR,NORMAL,1
S000513,RFMID,RFMID,NORMAL,VIT_PLUS_HARALICK,NORMAL,1
S000513,RFMID,RFMID,NORMAL,VIT_PLUS_LBP,NORMAL,1
S000514,RFMID,RFMID,NORMAL,FROZEN_VIT_768D,NORMAL,1
S000514,RFMID,RFMID,NORMAL,FULL_HYBRID_800D,NORMAL,1
S000514,RFMID,RFMID,NORMAL,HANDCRAFTED_ONLY_32D,NORMAL,1
S000514,RFMID,RFMID,NORMAL,HYBRID_MINUS_COLOR,NORMAL,1
S000514,RFMID,RFMID,NORMAL,HYBRID_MINUS_HARALICK,NORMAL,1
S000514,RFMID,RFMID,NORMAL,HYBRID_MINUS_LBP,NORMAL,1
S000514,RFMID,RFMID,NORMAL,VIT_PLUS_COLOR,NORMAL,1
S000514,RFMID,RFMID,NORMAL,VIT_PLUS_HARALICK,NORMAL,1
S000514,RFMID,RFMID,NORMAL,VIT_PLUS_LBP,NORMAL,1
S000515,RFMID,RFMID,NORMAL,FROZEN_VIT_768D,NORMAL,1
S000515,RFMID,RFMID,NORMAL,FULL_HYBRID_800D,NORMAL,1
S000515,RFMID,RFMID,NORMAL,HANDCRAFTED_ONLY_32D,NORMAL,1
S000515,RFMID,RFMID,NORMAL,HYBRID_MINUS_COLOR,NORMAL,1
S000515,RFMID,RFMID,NORMAL,HYBRID_MINUS_HARALICK,NORMAL,1
S000515,RFMID,RFMID,NORMAL,HYBRID_MINUS_LBP,NORMAL,1
S000515,RFMID,RFMID,NORMAL,VIT_PLUS_COLOR,NORMAL,1
S000515,RFMID,RFMID,NORMAL,VIT_PLUS_HARALICK,NORMAL,1
S000515,RFMID,RFMID,NORMAL,VIT_PLUS_LBP,NORMAL,1
S000516,RFMID,RFMID,NORMAL,FROZEN_VIT_768D,NORMAL,1
S000516,RFMID,RFMID,NORMAL,FULL_HYBRID_800D,NORMAL,1
S000516,RFMID,RFMID,NORMAL,HANDCRAFTED_ONLY_32D,NORMAL,1
S000516,RFMID,RFMID,NORMAL,HYBRID_MINUS_COLOR,NORMAL,1
S000516,RFMID,RFMID,NORMAL,HYBRID_MINUS_HARALICK,NORMAL,1
S000516,RFMID,RFMID,NORMAL,HYBRID_MINUS_LBP,NORMAL,1
S000516,RFMID,RFMID,NORMAL,VIT_PLUS_COLOR,NORMAL,1
S000516,RFMID,RFMID,NORMAL,VIT_PLUS_HARALICK,NORMAL,1
S000516,RFMID,RFMID,NORMAL,VIT_PLUS_LBP,NORMAL,1
S000517,RFMID,RFMID,NORMAL,FROZEN_VIT_768D,NORMAL,1
S000517,RFMID,RFMID,NORMAL,FULL_HYBRID_800D,NORMAL,1
S000517,RFMID,RFMID,NORMAL,HANDCRAFTED_ONLY_32D,NORMAL,1
S000517,RFMID,RFMID,NORMAL,HYBRID_MINUS_COLOR,NORMAL,1
S000517,RFMID,RFMID,NORMAL,HYBRID_MINUS_HARALICK,NORMAL,1
S000517,RFMID,RFMID,NORMAL,HYBRID_MINUS_LBP,NORMAL,1
S000517,RFMID,RFMID,NORMAL,VIT_PLUS_COLOR,NORMAL,1
S000517,RFMID,RFMID,NORMAL,VIT_PLUS_HARALICK,NORMAL,1
S000517,RFMID,RFMID,NORMAL,VIT_PLUS_LBP,NORMAL,1
S000518,RFMID,RFMID,NORMAL,FROZEN_VIT_768D,NORMAL,1
S000518,RFMID,RFMID,NORMAL,FULL_HYBRID_800D,NORMAL,1
S000518,RFMID,RFMID,NORMAL,HANDCRAFTED_ONLY_32D,NORMAL,1
S000518,RFMID,RFMID,NORMAL,HYBRID_MINUS_COLOR,NORMAL,1
S000518,RFMID,RFMID,NORMAL,HYBRID_MINUS_HARALICK,NORMAL,1
S000518,RFMID,RFMID,NORMAL,HYBRID_MINUS_LBP,NORMAL,1
S000518,RFMID,RFMID,NORMAL,VIT_PLUS_COLOR,NORMAL,1
S000518,RFMID,RFMID,NORMAL,VIT_PLUS_HARALICK,NORMAL,1
S000518,RFMID,RFMID,NORMAL,VIT_PLUS_LBP,NORMAL,1
S000519,RFMID,RFMID,NORMAL,FROZEN_VIT_768D,AMD_DRY,0
S000519,RFMID,RFMID,NORMAL,FULL_HYBRID_800D,NORMAL,1
S000519,RFMID,RFMID,NORMAL,HANDCRAFTED_ONLY_32D,NORMAL,1
S000519,RFMID,RFMID,NORMAL,HYBRID_MINUS_COLOR,AMD_DRY,0
S000519,RFMID,RFMID,NORMAL,HYBRID_MINUS_HARALICK,NORMAL,1
S000519,RFMID,RFMID,NORMAL,HYBRID_MINUS_LBP,NORMAL,1
S000519,RFMID,RFMID,NORMAL,VIT_PLUS_COLOR,NORMAL,1
S000519,RFMID,RFMID,NORMAL,VIT_PLUS_HARALICK,NORMAL,1
S000519,RFMID,RFMID,NORMAL,VIT_PLUS_LBP,AMD_DRY,0
S000520,RFMID,RFMID,NORMAL,FROZEN_VIT_768D,NORMAL,1
S000520,RFMID,RFMID,NORMAL,FULL_HYBRID_800D,NORMAL,1
S000520,RFMID,RFMID,NORMAL,HANDCRAFTED_ONLY_32D,NORMAL,1
S000520,RFMID,RFMID,NORMAL,HYBRID_MINUS_COLOR,NORMAL,1
S000520,RFMID,RFMID,NORMAL,HYBRID_MINUS_HARALICK,NORMAL,1
S000520,RFMID,RFMID,NORMAL,HYBRID_MINUS_LBP,NORMAL,1
S000520,RFMID,RFMID,NORMAL,VIT_PLUS_COLOR,NORMAL,1
S000520,RFMID,RFMID,NORMAL,VIT_PLUS_HARALICK,NORMAL,1
S000520,RFMID,RFMID,NORMAL,VIT_PLUS_LBP,NORMAL,1
S000521,RFMID,RFMID,NORMAL,FROZEN_VIT_768D,NORMAL,1
S000521,RFMID,RFMID,NORMAL,FULL_HYBRID_800D,NORMAL,1
S000521,RFMID,RFMID,NORMAL,HANDCRAFTED_ONLY_32D,NORMAL,1
S000521,RFMID,RFMID,NORMAL,HYBRID_MINUS_COLOR,NORMAL,1
S000521,RFMID,RFMID,NORMAL,HYBRID_MINUS_HARALICK,NORMAL,1
S000521,RFMID,RFMID,NORMAL,HYBRID_MINUS_LBP,NORMAL,1
S000521,RFMID,RFMID,NORMAL,VIT_PLUS_COLOR,NORMAL,1
S000521,RFMID,RFMID,NORMAL,VIT_PLUS_HARALICK,NORMAL,1
S000521,RFMID,RFMID,NORMAL,VIT_PLUS_LBP,NORMAL,1
S000522,RFMID,RFMID,NORMAL,FROZEN_VIT_768D,NORMAL,1
S000522,RFMID,RFMID,NORMAL,FULL_HYBRID_800D,NORMAL,1
S000522,RFMID,RFMID,NORMAL,HANDCRAFTED_ONLY_32D,NORMAL,1
S000522,RFMID,RFMID,NORMAL,HYBRID_MINUS_COLOR,NORMAL,1
S000522,RFMID,RFMID,NORMAL,HYBRID_MINUS_HARALICK,NORMAL,1
S000522,RFMID,RFMID,NORMAL,HYBRID_MINUS_LBP,NORMAL,1
S000522,RFMID,RFMID,NORMAL,VIT_PLUS_COLOR,NORMAL,1
S000522,RFMID,RFMID,NORMAL,VIT_PLUS_HARALICK,NORMAL,1
S000522,RFMID,RFMID,NORMAL,VIT_PLUS_LBP,NORMAL,1
S000523,RFMID,RFMID,NORMAL,FROZEN_VIT_768D,NORMAL,1
S000523,RFMID,RFMID,NORMAL,FULL_HYBRID_800D,NORMAL,1
S000523,RFMID,RFMID,NORMAL,HANDCRAFTED_ONLY_32D,NORMAL,1
S000523,RFMID,RFMID,NORMAL,HYBRID_MINUS_COLOR,NORMAL,1
S000523,RFMID,RFMID,NORMAL,HYBRID_MINUS_HARALICK,NORMAL,1
S000523,RFMID,RFMID,NORMAL,HYBRID_MINUS_LBP,NORMAL,1
S000523,RFMID,RFMID,NORMAL,VIT_PLUS_COLOR,NORMAL,1
S000523,RFMID,RFMID,NORMAL,VIT_PLUS_HARALICK,NORMAL,1
S000523,RFMID,RFMID,NORMAL,VIT_PLUS_LBP,NORMAL,1
S000524,RFMID,RFMID,NORMAL,FROZEN_VIT_768D,NORMAL,1
S000524,RFMID,RFMID,NORMAL,FULL_HYBRID_800D,NORMAL,1
S000524,RFMID,RFMID,NORMAL,HANDCRAFTED_ONLY_32D,NORMAL,1
S000524,RFMID,RFMID,NORMAL,HYBRID_MINUS_COLOR,NORMAL,1
S000524,RFMID,RFMID,NORMAL,HYBRID_MINUS_HARALICK,NORMAL,1
S000524,RFMID,RFMID,NORMAL,HYBRID_MINUS_LBP,NORMAL,1
S000524,RFMID,RFMID,NORMAL,VIT_PLUS_COLOR,NORMAL,1
S000524,RFMID,RFMID,NORMAL,VIT_PLUS_HARALICK,NORMAL,1
S000524,RFMID,RFMID,NORMAL,VIT_PLUS_LBP,NORMAL,1
S000525,RFMID,RFMID,NORMAL,FROZEN_VIT_768D,NORMAL,1
S000525,RFMID,RFMID,NORMAL,FULL_HYBRID_800D,NORMAL,1
S000525,RFMID,RFMID,NORMAL,HANDCRAFTED_ONLY_32D,NORMAL,1
S000525,RFMID,RFMID,NORMAL,HYBRID_MINUS_COLOR,NORMAL,1
S000525,RFMID,RFMID,NORMAL,HYBRID_MINUS_HARALICK,NORMAL,1
S000525,RFMID,RFMID,NORMAL,HYBRID_MINUS_LBP,NORMAL,1
S000525,RFMID,RFMID,NORMAL,VIT_PLUS_COLOR,NORMAL,1
S000525,RFMID,RFMID,NORMAL,VIT_PLUS_HARALICK,NORMAL,1
S000525,RFMID,RFMID,NORMAL,VIT_PLUS_LBP,NORMAL,1
S000526,RFMID,RFMID,NORMAL,FROZEN_VIT_768D,NORMAL,1
S000526,RFMID,RFMID,NORMAL,FULL_HYBRID_800D,NORMAL,1
S000526,RFMID,RFMID,NORMAL,HANDCRAFTED_ONLY_32D,NORMAL,1
S000526,RFMID,RFMID,NORMAL,HYBRID_MINUS_COLOR,NORMAL,1
S000526,RFMID,RFMID,NORMAL,HYBRID_MINUS_HARALICK,NORMAL,1
S000526,RFMID,RFMID,NORMAL,HYBRID_MINUS_LBP,NORMAL,1
S000526,RFMID,RFMID,NORMAL,VIT_PLUS_COLOR,NORMAL,1
S000526,RFMID,RFMID,NORMAL,VIT_PLUS_HARALICK,NORMAL,1
S000526,RFMID,RFMID,NORMAL,VIT_PLUS_LBP,NORMAL,1
S000527,RFMID,RFMID,NORMAL,FROZEN_VIT_768D,NORMAL,1
S000527,RFMID,RFMID,NORMAL,FULL_HYBRID_800D,NORMAL,1
S000527,RFMID,RFMID,NORMAL,HANDCRAFTED_ONLY_32D,NORMAL,1
S000527,RFMID,RFMID,NORMAL,HYBRID_MINUS_COLOR,NORMAL,1
S000527,RFMID,RFMID,NORMAL,HYBRID_MINUS_HARALICK,NORMAL,1
S000527,RFMID,RFMID,NORMAL,HYBRID_MINUS_LBP,NORMAL,1
S000527,RFMID,RFMID,NORMAL,VIT_PLUS_COLOR,NORMAL,1
S000527,RFMID,RFMID,NORMAL,VIT_PLUS_HARALICK,NORMAL,1
S000527,RFMID,RFMID,NORMAL,VIT_PLUS_LBP,NORMAL,1
S000528,RFMID,RFMID,NORMAL,FROZEN_VIT_768D,NORMAL,1
S000528,RFMID,RFMID,NORMAL,FULL_HYBRID_800D,NORMAL,1
S000528,RFMID,RFMID,NORMAL,HANDCRAFTED_ONLY_32D,NORMAL,1
S000528,RFMID,RFMID,NORMAL,HYBRID_MINUS_COLOR,NORMAL,1
S000528,RFMID,RFMID,NORMAL,HYBRID_MINUS_HARALICK,NORMAL,1
S000528,RFMID,RFMID,NORMAL,HYBRID_MINUS_LBP,NORMAL,1
S000528,RFMID,RFMID,NORMAL,VIT_PLUS_COLOR,NORMAL,1
S000528,RFMID,RFMID,NORMAL,VIT_PLUS_HARALICK,NORMAL,1
S000528,RFMID,RFMID,NORMAL,VIT_PLUS_LBP,NORMAL,1
S000529,RFMID,RFMID,NORMAL,FROZEN_VIT_768D,NORMAL,1
S000529,RFMID,RFMID,NORMAL,FULL_HYBRID_800D,NORMAL,1
S000529,RFMID,RFMID,NORMAL,HANDCRAFTED_ONLY_32D,NORMAL,1
S000529,RFMID,RFMID,NORMAL,HYBRID_MINUS_COLOR,NORMAL,1
S000529,RFMID,RFMID,NORMAL,HYBRID_MINUS_HARALICK,NORMAL,1
S000529,RFMID,RFMID,NORMAL,HYBRID_MINUS_LBP,NORMAL,1
S000529,RFMID,RFMID,NORMAL,VIT_PLUS_COLOR,NORMAL,1
S000529,RFMID,RFMID,NORMAL,VIT_PLUS_HARALICK,NORMAL,1
S000529,RFMID,RFMID,NORMAL,VIT_PLUS_LBP,NORMAL,1
S000530,RFMID,RFMID,NORMAL,FROZEN_VIT_768D,NORMAL,1
S000530,RFMID,RFMID,NORMAL,FULL_HYBRID_800D,NORMAL,1
S000530,RFMID,RFMID,NORMAL,HANDCRAFTED_ONLY_32D,NORMAL,1
S000530,RFMID,RFMID,NORMAL,HYBRID_MINUS_COLOR,NORMAL,1
S000530,RFMID,RFMID,NORMAL,HYBRID_MINUS_HARALICK,NORMAL,1
S000530,RFMID,RFMID,NORMAL,HYBRID_MINUS_LBP,NORMAL,1
S000530,RFMID,RFMID,NORMAL,VIT_PLUS_COLOR,NORMAL,1
S000530,RFMID,RFMID,NORMAL,VIT_PLUS_HARALICK,NORMAL,1
S000530,RFMID,RFMID,NORMAL,VIT_PLUS_LBP,NORMAL,1
S000531,RFMID,RFMID,NORMAL,FROZEN_VIT_768D,NORMAL,1
S000531,RFMID,RFMID,NORMAL,FULL_HYBRID_800D,NORMAL,1
S000531,RFMID,RFMID,NORMAL,HANDCRAFTED_ONLY_32D,NORMAL,1
S000531,RFMID,RFMID,NORMAL,HYBRID_MINUS_COLOR,NORMAL,1
S000531,RFMID,RFMID,NORMAL,HYBRID_MINUS_HARALICK,NORMAL,1
S000531,RFMID,RFMID,NORMAL,HYBRID_MINUS_LBP,NORMAL,1
S000531,RFMID,RFMID,NORMAL,VIT_PLUS_COLOR,NORMAL,1
S000531,RFMID,RFMID,NORMAL,VIT_PLUS_HARALICK,NORMAL,1
S000531,RFMID,RFMID,NORMAL,VIT_PLUS_LBP,NORMAL,1
S000532,RFMID,RFMID,NORMAL,FROZEN_VIT_768D,NORMAL,1
S000532,RFMID,RFMID,NORMAL,FULL_HYBRID_800D,NORMAL,1
S000532,RFMID,RFMID,NORMAL,HANDCRAFTED_ONLY_32D,NORMAL,1
S000532,RFMID,RFMID,NORMAL,HYBRID_MINUS_COLOR,NORMAL,1
S000532,RFMID,RFMID,NORMAL,HYBRID_MINUS_HARALICK,NORMAL,1
S000532,RFMID,RFMID,NORMAL,HYBRID_MINUS_LBP,NORMAL,1
S000532,RFMID,RFMID,NORMAL,VIT_PLUS_COLOR,NORMAL,1
S000532,RFMID,RFMID,NORMAL,VIT_PLUS_HARALICK,NORMAL,1
S000532,RFMID,RFMID,NORMAL,VIT_PLUS_LBP,NORMAL,1
S000533,RFMID,RFMID,NORMAL,FROZEN_VIT_768D,NORMAL,1
S000533,RFMID,RFMID,NORMAL,FULL_HYBRID_800D,NORMAL,1
S000533,RFMID,RFMID,NORMAL,HANDCRAFTED_ONLY_32D,AMD_DRY,0
S000533,RFMID,RFMID,NORMAL,HYBRID_MINUS_COLOR,NORMAL,1
S000533,RFMID,RFMID,NORMAL,HYBRID_MINUS_HARALICK,NORMAL,1
S000533,RFMID,RFMID,NORMAL,HYBRID_MINUS_LBP,NORMAL,1
S000533,RFMID,RFMID,NORMAL,VIT_PLUS_COLOR,NORMAL,1
S000533,RFMID,RFMID,NORMAL,VIT_PLUS_HARALICK,NORMAL,1
S000533,RFMID,RFMID,NORMAL,VIT_PLUS_LBP,NORMAL,1
S000534,RFMID,RFMID,NORMAL,FROZEN_VIT_768D,NORMAL,1
S000534,RFMID,RFMID,NORMAL,FULL_HYBRID_800D,NORMAL,1
S000534,RFMID,RFMID,NORMAL,HANDCRAFTED_ONLY_32D,NORMAL,1
S000534,RFMID,RFMID,NORMAL,HYBRID_MINUS_COLOR,NORMAL,1
S000534,RFMID,RFMID,NORMAL,HYBRID_MINUS_HARALICK,NORMAL,1
S000534,RFMID,RFMID,NORMAL,HYBRID_MINUS_LBP,NORMAL,1
S000534,RFMID,RFMID,NORMAL,VIT_PLUS_COLOR,NORMAL,1
S000534,RFMID,RFMID,NORMAL,VIT_PLUS_HARALICK,NORMAL,1
S000534,RFMID,RFMID,NORMAL,VIT_PLUS_LBP,NORMAL,1
S000535,RFMID,RFMID,NORMAL,FROZEN_VIT_768D,AMD_DRY,0
S000535,RFMID,RFMID,NORMAL,FULL_HYBRID_800D,NORMAL,1
S000535,RFMID,RFMID,NORMAL,HANDCRAFTED_ONLY_32D,NORMAL,1
S000535,RFMID,RFMID,NORMAL,HYBRID_MINUS_COLOR,NORMAL,1
S000535,RFMID,RFMID,NORMAL,HYBRID_MINUS_HARALICK,NORMAL,1
S000535,RFMID,RFMID,NORMAL,HYBRID_MINUS_LBP,AMD_DRY,0
S000535,RFMID,RFMID,NORMAL,VIT_PLUS_COLOR,NORMAL,1
S000535,RFMID,RFMID,NORMAL,VIT_PLUS_HARALICK,AMD_DRY,0
S000535,RFMID,RFMID,NORMAL,VIT_PLUS_LBP,NORMAL,1
S000536,RFMID,RFMID,AMD_DRY,FROZEN_VIT_768D,AMD_WET,0
S000536,RFMID,RFMID,AMD_DRY,FULL_HYBRID_800D,AMD_DRY,1
S000536,RFMID,RFMID,AMD_DRY,HANDCRAFTED_ONLY_32D,AMD_WET,0
S000536,RFMID,RFMID,AMD_DRY,HYBRID_MINUS_COLOR,AMD_DRY,1
S000536,RFMID,RFMID,AMD_DRY,HYBRID_MINUS_HARALICK,AMD_WET,0
S000536,RFMID,RFMID,AMD_DRY,HYBRID_MINUS_LBP,AMD_DRY,1
S000536,RFMID,RFMID,AMD_DRY,VIT_PLUS_COLOR,AMD_DRY,1
S000536,RFMID,RFMID,AMD_DRY,VIT_PLUS_HARALICK,AMD_DRY,1
S000536,RFMID,RFMID,AMD_DRY,VIT_PLUS_LBP,AMD_DRY,1
S000537,RFMID,RFMID,AMD_DRY,FROZEN_VIT_768D,AMD_WET,0
S000537,RFMID,RFMID,AMD_DRY,FULL_HYBRID_800D,AMD_WET,0
S000537,RFMID,RFMID,AMD_DRY,HANDCRAFTED_ONLY_32D,AMD_WET,0
S000537,RFMID,RFMID,AMD_DRY,HYBRID_MINUS_COLOR,AMD_WET,0
S000537,RFMID,RFMID,AMD_DRY,HYBRID_MINUS_HARALICK,AMD_WET,0
S000537,RFMID,RFMID,AMD_DRY,HYBRID_MINUS_LBP,AMD_WET,0
S000537,RFMID,RFMID,AMD_DRY,VIT_PLUS_COLOR,AMD_WET,0
S000537,RFMID,RFMID,AMD_DRY,VIT_PLUS_HARALICK,AMD_WET,0
S000537,RFMID,RFMID,AMD_DRY,VIT_PLUS_LBP,AMD_WET,0
S000538,RFMID,RFMID,AMD_DRY,FROZEN_VIT_768D,AMD_WET,0
S000538,RFMID,RFMID,AMD_DRY,FULL_HYBRID_800D,AMD_WET,0
S000538,RFMID,RFMID,AMD_DRY,HANDCRAFTED_ONLY_32D,AMD_WET,0
S000538,RFMID,RFMID,AMD_DRY,HYBRID_MINUS_COLOR,AMD_WET,0
S000538,RFMID,RFMID,AMD_DRY,HYBRID_MINUS_HARALICK,AMD_WET,0
S000538,RFMID,RFMID,AMD_DRY,HYBRID_MINUS_LBP,AMD_WET,0
S000538,RFMID,RFMID,AMD_DRY,VIT_PLUS_COLOR,AMD_WET,0
S000538,RFMID,RFMID,AMD_DRY,VIT_PLUS_HARALICK,AMD_WET,0
S000538,RFMID,RFMID,AMD_DRY,VIT_PLUS_LBP,AMD_WET,0
S000539,RFMID,RFMID,AMD_DRY,FROZEN_VIT_768D,AMD_WET,0
S000539,RFMID,RFMID,AMD_DRY,FULL_HYBRID_800D,AMD_WET,0
S000539,RFMID,RFMID,AMD_DRY,HANDCRAFTED_ONLY_32D,AMD_WET,0
S000539,RFMID,RFMID,AMD_DRY,HYBRID_MINUS_COLOR,AMD_WET,0
S000539,RFMID,RFMID,AMD_DRY,HYBRID_MINUS_HARALICK,AMD_WET,0
S000539,RFMID,RFMID,AMD_DRY,HYBRID_MINUS_LBP,AMD_WET,0
S000539,RFMID,RFMID,AMD_DRY,VIT_PLUS_COLOR,AMD_WET,0
S000539,RFMID,RFMID,AMD_DRY,VIT_PLUS_HARALICK,AMD_WET,0
S000539,RFMID,RFMID,AMD_DRY,VIT_PLUS_LBP,AMD_WET,0
S000540,RFMID,RFMID,AMD_DRY,FROZEN_VIT_768D,AMD_WET,0
S000540,RFMID,RFMID,AMD_DRY,FULL_HYBRID_800D,AMD_WET,0
S000540,RFMID,RFMID,AMD_DRY,HANDCRAFTED_ONLY_32D,AMD_WET,0
S000540,RFMID,RFMID,AMD_DRY,HYBRID_MINUS_COLOR,AMD_WET,0
S000540,RFMID,RFMID,AMD_DRY,HYBRID_MINUS_HARALICK,AMD_WET,0
S000540,RFMID,RFMID,AMD_DRY,HYBRID_MINUS_LBP,AMD_WET,0
S000540,RFMID,RFMID,AMD_DRY,VIT_PLUS_COLOR,AMD_WET,0
S000540,RFMID,RFMID,AMD_DRY,VIT_PLUS_HARALICK,AMD_WET,0
S000540,RFMID,RFMID,AMD_DRY,VIT_PLUS_LBP,AMD_WET,0
S000541,RFMID,RFMID,AMD_DRY,FROZEN_VIT_768D,AMD_WET,0
S000541,RFMID,RFMID,AMD_DRY,FULL_HYBRID_800D,AMD_DRY,1
S000541,RFMID,RFMID,AMD_DRY,HANDCRAFTED_ONLY_32D,AMD_WET,0
S000541,RFMID,RFMID,AMD_DRY,HYBRID_MINUS_COLOR,AMD_DRY,1
S000541,RFMID,RFMID,AMD_DRY,HYBRID_MINUS_HARALICK,AMD_DRY,1
S000541,RFMID,RFMID,AMD_DRY,HYBRID_MINUS_LBP,AMD_DRY,1
S000541,RFMID,RFMID,AMD_DRY,VIT_PLUS_COLOR,AMD_DRY,1
S000541,RFMID,RFMID,AMD_DRY,VIT_PLUS_HARALICK,AMD_DRY,1
S000541,RFMID,RFMID,AMD_DRY,VIT_PLUS_LBP,AMD_DRY,1
S000542,RFMID,RFMID,AMD_DRY,FROZEN_VIT_768D,AMD_WET,0
S000542,RFMID,RFMID,AMD_DRY,FULL_HYBRID_800D,AMD_WET,0
S000542,RFMID,RFMID,AMD_DRY,HANDCRAFTED_ONLY_32D,AMD_WET,0
S000542,RFMID,RFMID,AMD_DRY,HYBRID_MINUS_COLOR,AMD_WET,0
S000542,RFMID,RFMID,AMD_DRY,HYBRID_MINUS_HARALICK,AMD_WET,0
S000542,RFMID,RFMID,AMD_DRY,HYBRID_MINUS_LBP,AMD_WET,0
S000542,RFMID,RFMID,AMD_DRY,VIT_PLUS_COLOR,AMD_WET,0
S000542,RFMID,RFMID,AMD_DRY,VIT_PLUS_HARALICK,AMD_WET,0
S000542,RFMID,RFMID,AMD_DRY,VIT_PLUS_LBP,AMD_WET,0
S000543,RFMID,RFMID,AMD_DRY,FROZEN_VIT_768D,AMD_WET,0
S000543,RFMID,RFMID,AMD_DRY,FULL_HYBRID_800D,AMD_WET,0
S000543,RFMID,RFMID,AMD_DRY,HANDCRAFTED_ONLY_32D,AMD_WET,0
S000543,RFMID,RFMID,AMD_DRY,HYBRID_MINUS_COLOR,AMD_DRY,1
S000543,RFMID,RFMID,AMD_DRY,HYBRID_MINUS_HARALICK,AMD_DRY,1
S000543,RFMID,RFMID,AMD_DRY,HYBRID_MINUS_LBP,AMD_WET,0
S000543,RFMID,RFMID,AMD_DRY,VIT_PLUS_COLOR,AMD_DRY,1
S000543,RFMID,RFMID,AMD_DRY,VIT_PLUS_HARALICK,AMD_WET,0
S000543,RFMID,RFMID,AMD_DRY,VIT_PLUS_LBP,AMD_DRY,1
S000544,RFMID,RFMID,AMD_WET,FROZEN_VIT_768D,AMD_WET,1
S000544,RFMID,RFMID,AMD_WET,FULL_HYBRID_800D,AMD_WET,1
S000544,RFMID,RFMID,AMD_WET,HANDCRAFTED_ONLY_32D,AMD_WET,1
S000544,RFMID,RFMID,AMD_WET,HYBRID_MINUS_COLOR,AMD_WET,1
S000544,RFMID,RFMID,AMD_WET,HYBRID_MINUS_HARALICK,AMD_WET,1
S000544,RFMID,RFMID,AMD_WET,HYBRID_MINUS_LBP,AMD_WET,1
S000544,RFMID,RFMID,AMD_WET,VIT_PLUS_COLOR,AMD_WET,1
S000544,RFMID,RFMID,AMD_WET,VIT_PLUS_HARALICK,AMD_WET,1
S000544,RFMID,RFMID,AMD_WET,VIT_PLUS_LBP,AMD_WET,1
S000545,RFMID,RFMID,AMD_WET,FROZEN_VIT_768D,AMD_WET,1
S000545,RFMID,RFMID,AMD_WET,FULL_HYBRID_800D,AMD_WET,1
S000545,RFMID,RFMID,AMD_WET,HANDCRAFTED_ONLY_32D,AMD_WET,1
S000545,RFMID,RFMID,AMD_WET,HYBRID_MINUS_COLOR,AMD_WET,1
S000545,RFMID,RFMID,AMD_WET,HYBRID_MINUS_HARALICK,AMD_WET,1
S000545,RFMID,RFMID,AMD_WET,HYBRID_MINUS_LBP,AMD_WET,1
S000545,RFMID,RFMID,AMD_WET,VIT_PLUS_COLOR,AMD_WET,1
S000545,RFMID,RFMID,AMD_WET,VIT_PLUS_HARALICK,AMD_WET,1
S000545,RFMID,RFMID,AMD_WET,VIT_PLUS_LBP,AMD_WET,1
S000546,RFMID,RFMID,AMD_WET,FROZEN_VIT_768D,AMD_WET,1
S000546,RFMID,RFMID,AMD_WET,FULL_HYBRID_800D,AMD_WET,1
S000546,RFMID,RFMID,AMD_WET,HANDCRAFTED_ONLY_32D,AMD_WET,1
S000546,RFMID,RFMID,AMD_WET,HYBRID_MINUS_COLOR,AMD_WET,1
S000546,RFMID,RFMID,AMD_WET,HYBRID_MINUS_HARALICK,AMD_WET,1
S000546,RFMID,RFMID,AMD_WET,HYBRID_MINUS_LBP,AMD_WET,1
S000546,RFMID,RFMID,AMD_WET,VIT_PLUS_COLOR,AMD_WET,1
S000546,RFMID,RFMID,AMD_WET,VIT_PLUS_HARALICK,AMD_WET,1
S000546,RFMID,RFMID,AMD_WET,VIT_PLUS_LBP,AMD_WET,1
S000547,RFMID,RFMID,AMD_WET,FROZEN_VIT_768D,AMD_WET,1
S000547,RFMID,RFMID,AMD_WET,FULL_HYBRID_800D,AMD_WET,1
S000547,RFMID,RFMID,AMD_WET,HANDCRAFTED_ONLY_32D,AMD_WET,1
S000547,RFMID,RFMID,AMD_WET,HYBRID_MINUS_COLOR,AMD_WET,1
S000547,RFMID,RFMID,AMD_WET,HYBRID_MINUS_HARALICK,AMD_WET,1
S000547,RFMID,RFMID,AMD_WET,HYBRID_MINUS_LBP,AMD_WET,1
S000547,RFMID,RFMID,AMD_WET,VIT_PLUS_COLOR,AMD_WET,1
S000547,RFMID,RFMID,AMD_WET,VIT_PLUS_HARALICK,AMD_WET,1
S000547,RFMID,RFMID,AMD_WET,VIT_PLUS_LBP,AMD_WET,1
S000548,RFMID,RFMID,AMD_WET,FROZEN_VIT_768D,AMD_WET,1
S000548,RFMID,RFMID,AMD_WET,FULL_HYBRID_800D,AMD_WET,1
S000548,RFMID,RFMID,AMD_WET,HANDCRAFTED_ONLY_32D,AMD_WET,1
S000548,RFMID,RFMID,AMD_WET,HYBRID_MINUS_COLOR,AMD_WET,1
S000548,RFMID,RFMID,AMD_WET,HYBRID_MINUS_HARALICK,AMD_WET,1
S000548,RFMID,RFMID,AMD_WET,HYBRID_MINUS_LBP,AMD_WET,1
S000548,RFMID,RFMID,AMD_WET,VIT_PLUS_COLOR,AMD_WET,1
S000548,RFMID,RFMID,AMD_WET,VIT_PLUS_HARALICK,AMD_WET,1
S000548,RFMID,RFMID,AMD_WET,VIT_PLUS_LBP,AMD_WET,1
S000549,RFMID,RFMID,AMD_WET,FROZEN_VIT_768D,AMD_WET,1
S000549,RFMID,RFMID,AMD_WET,FULL_HYBRID_800D,AMD_WET,1
S000549,RFMID,RFMID,AMD_WET,HANDCRAFTED_ONLY_32D,AMD_WET,1
S000549,RFMID,RFMID,AMD_WET,HYBRID_MINUS_COLOR,AMD_WET,1
S000549,RFMID,RFMID,AMD_WET,HYBRID_MINUS_HARALICK,AMD_WET,1
S000549,RFMID,RFMID,AMD_WET,HYBRID_MINUS_LBP,AMD_WET,1
S000549,RFMID,RFMID,AMD_WET,VIT_PLUS_COLOR,AMD_WET,1
S000549,RFMID,RFMID,AMD_WET,VIT_PLUS_HARALICK,AMD_WET,1
S000549,RFMID,RFMID,AMD_WET,VIT_PLUS_LBP,AMD_WET,1
S000550,RFMID,RFMID,AMD_WET,FROZEN_VIT_768D,AMD_WET,1
S000550,RFMID,RFMID,AMD_WET,FULL_HYBRID_800D,AMD_WET,1
S000550,RFMID,RFMID,AMD_WET,HANDCRAFTED_ONLY_32D,AMD_WET,1
S000550,RFMID,RFMID,AMD_WET,HYBRID_MINUS_COLOR,AMD_WET,1
S000550,RFMID,RFMID,AMD_WET,HYBRID_MINUS_HARALICK,AMD_WET,1
S000550,RFMID,RFMID,AMD_WET,HYBRID_MINUS_LBP,AMD_WET,1
S000550,RFMID,RFMID,AMD_WET,VIT_PLUS_COLOR,AMD_WET,1
S000550,RFMID,RFMID,AMD_WET,VIT_PLUS_HARALICK,AMD_WET,1
S000550,RFMID,RFMID,AMD_WET,VIT_PLUS_LBP,AMD_WET,1
S000551,RFMID,RFMID,AMD_WET,FROZEN_VIT_768D,AMD_WET,1
S000551,RFMID,RFMID,AMD_WET,FULL_HYBRID_800D,AMD_WET,1
S000551,RFMID,RFMID,AMD_WET,HANDCRAFTED_ONLY_32D,AMD_WET,1
S000551,RFMID,RFMID,AMD_WET,HYBRID_MINUS_COLOR,AMD_WET,1
S000551,RFMID,RFMID,AMD_WET,HYBRID_MINUS_HARALICK,AMD_WET,1
S000551,RFMID,RFMID,AMD_WET,HYBRID_MINUS_LBP,AMD_WET,1
S000551,RFMID,RFMID,AMD_WET,VIT_PLUS_COLOR,AMD_WET,1
S000551,RFMID,RFMID,AMD_WET,VIT_PLUS_HARALICK,AMD_WET,1
S000551,RFMID,RFMID,AMD_WET,VIT_PLUS_LBP,AMD_WET,1
S000552,RFMID,RFMID,AMD_WET,FROZEN_VIT_768D,AMD_WET,1
S000552,RFMID,RFMID,AMD_WET,FULL_HYBRID_800D,AMD_WET,1
S000552,RFMID,RFMID,AMD_WET,HANDCRAFTED_ONLY_32D,NORMAL,0
S000552,RFMID,RFMID,AMD_WET,HYBRID_MINUS_COLOR,AMD_WET,1
S000552,RFMID,RFMID,AMD_WET,HYBRID_MINUS_HARALICK,AMD_WET,1
S000552,RFMID,RFMID,AMD_WET,HYBRID_MINUS_LBP,AMD_WET,1
S000552,RFMID,RFMID,AMD_WET,VIT_PLUS_COLOR,AMD_WET,1
S000552,RFMID,RFMID,AMD_WET,VIT_PLUS_HARALICK,AMD_WET,1
S000552,RFMID,RFMID,AMD_WET,VIT_PLUS_LBP,AMD_WET,1
S000553,RFMID,RFMID,AMD_WET,FROZEN_VIT_768D,AMD_WET,1
S000553,RFMID,RFMID,AMD_WET,FULL_HYBRID_800D,AMD_WET,1
S000553,RFMID,RFMID,AMD_WET,HANDCRAFTED_ONLY_32D,AMD_DRY,0
S000553,RFMID,RFMID,AMD_WET,HYBRID_MINUS_COLOR,AMD_WET,1
S000553,RFMID,RFMID,AMD_WET,HYBRID_MINUS_HARALICK,AMD_WET,1
S000553,RFMID,RFMID,AMD_WET,HYBRID_MINUS_LBP,AMD_WET,1
S000553,RFMID,RFMID,AMD_WET,VIT_PLUS_COLOR,AMD_WET,1
S000553,RFMID,RFMID,AMD_WET,VIT_PLUS_HARALICK,AMD_WET,1
S000553,RFMID,RFMID,AMD_WET,VIT_PLUS_LBP,AMD_WET,1
S000554,RFMID,RFMID,AMD_WET,FROZEN_VIT_768D,AMD_WET,1
S000554,RFMID,RFMID,AMD_WET,FULL_HYBRID_800D,AMD_WET,1
S000554,RFMID,RFMID,AMD_WET,HANDCRAFTED_ONLY_32D,AMD_WET,1
S000554,RFMID,RFMID,AMD_WET,HYBRID_MINUS_COLOR,AMD_WET,1
S000554,RFMID,RFMID,AMD_WET,HYBRID_MINUS_HARALICK,AMD_WET,1
S000554,RFMID,RFMID,AMD_WET,HYBRID_MINUS_LBP,AMD_WET,1
S000554,RFMID,RFMID,AMD_WET,VIT_PLUS_COLOR,AMD_WET,1
S000554,RFMID,RFMID,AMD_WET,VIT_PLUS_HARALICK,AMD_WET,1
S000554,RFMID,RFMID,AMD_WET,VIT_PLUS_LBP,AMD_WET,1
S000555,RFMID,RFMID,AMD_WET,FROZEN_VIT_768D,AMD_WET,1
S000555,RFMID,RFMID,AMD_WET,FULL_HYBRID_800D,AMD_WET,1
S000555,RFMID,RFMID,AMD_WET,HANDCRAFTED_ONLY_32D,AMD_WET,1
S000555,RFMID,RFMID,AMD_WET,HYBRID_MINUS_COLOR,AMD_WET,1
S000555,RFMID,RFMID,AMD_WET,HYBRID_MINUS_HARALICK,AMD_WET,1
S000555,RFMID,RFMID,AMD_WET,HYBRID_MINUS_LBP,AMD_WET,1
S000555,RFMID,RFMID,AMD_WET,VIT_PLUS_COLOR,AMD_WET,1
S000555,RFMID,RFMID,AMD_WET,VIT_PLUS_HARALICK,AMD_WET,1
S000555,RFMID,RFMID,AMD_WET,VIT_PLUS_LBP,AMD_WET,1
S000556,RFMID,RFMID,AMD_WET,FROZEN_VIT_768D,AMD_WET,1
S000556,RFMID,RFMID,AMD_WET,FULL_HYBRID_800D,AMD_WET,1
S000556,RFMID,RFMID,AMD_WET,HANDCRAFTED_ONLY_32D,AMD_WET,1
S000556,RFMID,RFMID,AMD_WET,HYBRID_MINUS_COLOR,AMD_WET,1
S000556,RFMID,RFMID,AMD_WET,HYBRID_MINUS_HARALICK,AMD_WET,1
S000556,RFMID,RFMID,AMD_WET,HYBRID_MINUS_LBP,AMD_WET,1
S000556,RFMID,RFMID,AMD_WET,VIT_PLUS_COLOR,AMD_WET,1
S000556,RFMID,RFMID,AMD_WET,VIT_PLUS_HARALICK,AMD_WET,1
S000556,RFMID,RFMID,AMD_WET,VIT_PLUS_LBP,AMD_WET,1
S000557,RFMID,RFMID,AMD_WET,FROZEN_VIT_768D,AMD_WET,1
S000557,RFMID,RFMID,AMD_WET,FULL_HYBRID_800D,AMD_WET,1
S000557,RFMID,RFMID,AMD_WET,HANDCRAFTED_ONLY_32D,AMD_WET,1
S000557,RFMID,RFMID,AMD_WET,HYBRID_MINUS_COLOR,AMD_WET,1
S000557,RFMID,RFMID,AMD_WET,HYBRID_MINUS_HARALICK,AMD_WET,1
S000557,RFMID,RFMID,AMD_WET,HYBRID_MINUS_LBP,AMD_WET,1
S000557,RFMID,RFMID,AMD_WET,VIT_PLUS_COLOR,AMD_WET,1
S000557,RFMID,RFMID,AMD_WET,VIT_PLUS_HARALICK,AMD_WET,1
S000557,RFMID,RFMID,AMD_WET,VIT_PLUS_LBP,AMD_WET,1
S000558,RFMID,RFMID,AMD_WET,FROZEN_VIT_768D,AMD_WET,1
S000558,RFMID,RFMID,AMD_WET,FULL_HYBRID_800D,AMD_WET,1
S000558,RFMID,RFMID,AMD_WET,HANDCRAFTED_ONLY_32D,AMD_WET,1
S000558,RFMID,RFMID,AMD_WET,HYBRID_MINUS_COLOR,AMD_WET,1
S000558,RFMID,RFMID,AMD_WET,HYBRID_MINUS_HARALICK,AMD_WET,1
S000558,RFMID,RFMID,AMD_WET,HYBRID_MINUS_LBP,AMD_WET,1
S000558,RFMID,RFMID,AMD_WET,VIT_PLUS_COLOR,AMD_WET,1
S000558,RFMID,RFMID,AMD_WET,VIT_PLUS_HARALICK,AMD_WET,1
S000558,RFMID,RFMID,AMD_WET,VIT_PLUS_LBP,AMD_WET,1
S000559,RFMID,RFMID,AMD_WET,FROZEN_VIT_768D,AMD_WET,1
S000559,RFMID,RFMID,AMD_WET,FULL_HYBRID_800D,AMD_WET,1
S000559,RFMID,RFMID,AMD_WET,HANDCRAFTED_ONLY_32D,AMD_WET,1
S000559,RFMID,RFMID,AMD_WET,HYBRID_MINUS_COLOR,AMD_WET,1
S000559,RFMID,RFMID,AMD_WET,HYBRID_MINUS_HARALICK,AMD_WET,1
S000559,RFMID,RFMID,AMD_WET,HYBRID_MINUS_LBP,AMD_WET,1
S000559,RFMID,RFMID,AMD_WET,VIT_PLUS_COLOR,AMD_WET,1
S000559,RFMID,RFMID,AMD_WET,VIT_PLUS_HARALICK,AMD_WET,1
S000559,RFMID,RFMID,AMD_WET,VIT_PLUS_LBP,AMD_WET,1
S000560,RFMID,RFMID,AMD_WET,FROZEN_VIT_768D,AMD_WET,1
S000560,RFMID,RFMID,AMD_WET,FULL_HYBRID_800D,AMD_WET,1
S000560,RFMID,RFMID,AMD_WET,HANDCRAFTED_ONLY_32D,AMD_WET,1
S000560,RFMID,RFMID,AMD_WET,HYBRID_MINUS_COLOR,AMD_WET,1
S000560,RFMID,RFMID,AMD_WET,HYBRID_MINUS_HARALICK,AMD_WET,1
S000560,RFMID,RFMID,AMD_WET,HYBRID_MINUS_LBP,AMD_WET,1
S000560,RFMID,RFMID,AMD_WET,VIT_PLUS_COLOR,AMD_WET,1
S000560,RFMID,RFMID,AMD_WET,VIT_PLUS_HARALICK,AMD_WET,1
S000560,RFMID,RFMID,AMD_WET,VIT_PLUS_LBP,AMD_WET,1
S000561,RFMID,RFMID,AMD_WET,FROZEN_VIT_768D,AMD_WET,1
S000561,RFMID,RFMID,AMD_WET,FULL_HYBRID_800D,AMD_WET,1
S000561,RFMID,RFMID,AMD_WET,HANDCRAFTED_ONLY_32D,AMD_WET,1
S000561,RFMID,RFMID,AMD_WET,HYBRID_MINUS_COLOR,AMD_WET,1
S000561,RFMID,RFMID,AMD_WET,HYBRID_MINUS_HARALICK,AMD_WET,1
S000561,RFMID,RFMID,AMD_WET,HYBRID_MINUS_LBP,AMD_WET,1
S000561,RFMID,RFMID,AMD_WET,VIT_PLUS_COLOR,AMD_WET,1
S000561,RFMID,RFMID,AMD_WET,VIT_PLUS_HARALICK,AMD_WET,1
S000561,RFMID,RFMID,AMD_WET,VIT_PLUS_LBP,AMD_WET,1
S000562,RFMID,RFMID,AMD_WET,FROZEN_VIT_768D,AMD_WET,1
S000562,RFMID,RFMID,AMD_WET,FULL_HYBRID_800D,AMD_WET,1
S000562,RFMID,RFMID,AMD_WET,HANDCRAFTED_ONLY_32D,AMD_WET,1
S000562,RFMID,RFMID,AMD_WET,HYBRID_MINUS_COLOR,AMD_WET,1
S000562,RFMID,RFMID,AMD_WET,HYBRID_MINUS_HARALICK,AMD_WET,1
S000562,RFMID,RFMID,AMD_WET,HYBRID_MINUS_LBP,AMD_WET,1
S000562,RFMID,RFMID,AMD_WET,VIT_PLUS_COLOR,AMD_WET,1
S000562,RFMID,RFMID,AMD_WET,VIT_PLUS_HARALICK,AMD_WET,1
S000562,RFMID,RFMID,AMD_WET,VIT_PLUS_LBP,AMD_WET,1
S000563,RFMID,RFMID,AMD_WET,FROZEN_VIT_768D,AMD_WET,1
S000563,RFMID,RFMID,AMD_WET,FULL_HYBRID_800D,AMD_WET,1
S000563,RFMID,RFMID,AMD_WET,HANDCRAFTED_ONLY_32D,AMD_WET,1
S000563,RFMID,RFMID,AMD_WET,HYBRID_MINUS_COLOR,AMD_WET,1
S000563,RFMID,RFMID,AMD_WET,HYBRID_MINUS_HARALICK,AMD_WET,1
S000563,RFMID,RFMID,AMD_WET,HYBRID_MINUS_LBP,AMD_WET,1
S000563,RFMID,RFMID,AMD_WET,VIT_PLUS_COLOR,AMD_WET,1
S000563,RFMID,RFMID,AMD_WET,VIT_PLUS_HARALICK,AMD_WET,1
S000563,RFMID,RFMID,AMD_WET,VIT_PLUS_LBP,AMD_WET,1
S000564,RFMID,RFMID,AMD_WET,FROZEN_VIT_768D,AMD_WET,1
S000564,RFMID,RFMID,AMD_WET,FULL_HYBRID_800D,AMD_WET,1
S000564,RFMID,RFMID,AMD_WET,HANDCRAFTED_ONLY_32D,AMD_WET,1
S000564,RFMID,RFMID,AMD_WET,HYBRID_MINUS_COLOR,AMD_WET,1
S000564,RFMID,RFMID,AMD_WET,HYBRID_MINUS_HARALICK,AMD_WET,1
S000564,RFMID,RFMID,AMD_WET,HYBRID_MINUS_LBP,AMD_WET,1
S000564,RFMID,RFMID,AMD_WET,VIT_PLUS_COLOR,AMD_WET,1
S000564,RFMID,RFMID,AMD_WET,VIT_PLUS_HARALICK,AMD_WET,1
S000564,RFMID,RFMID,AMD_WET,VIT_PLUS_LBP,AMD_WET,1
S000565,RFMID,RFMID,AMD_WET,FROZEN_VIT_768D,AMD_WET,1
S000565,RFMID,RFMID,AMD_WET,FULL_HYBRID_800D,AMD_WET,1
S000565,RFMID,RFMID,AMD_WET,HANDCRAFTED_ONLY_32D,AMD_WET,1
S000565,RFMID,RFMID,AMD_WET,HYBRID_MINUS_COLOR,AMD_WET,1
S000565,RFMID,RFMID,AMD_WET,HYBRID_MINUS_HARALICK,AMD_WET,1
S000565,RFMID,RFMID,AMD_WET,HYBRID_MINUS_LBP,AMD_WET,1
S000565,RFMID,RFMID,AMD_WET,VIT_PLUS_COLOR,AMD_WET,1
S000565,RFMID,RFMID,AMD_WET,VIT_PLUS_HARALICK,AMD_WET,1
S000565,RFMID,RFMID,AMD_WET,VIT_PLUS_LBP,AMD_WET,1
S000566,RFMID,RFMID,AMD_WET,FROZEN_VIT_768D,AMD_WET,1
S000566,RFMID,RFMID,AMD_WET,FULL_HYBRID_800D,AMD_WET,1
S000566,RFMID,RFMID,AMD_WET,HANDCRAFTED_ONLY_32D,AMD_WET,1
S000566,RFMID,RFMID,AMD_WET,HYBRID_MINUS_COLOR,AMD_WET,1
S000566,RFMID,RFMID,AMD_WET,HYBRID_MINUS_HARALICK,AMD_WET,1
S000566,RFMID,RFMID,AMD_WET,HYBRID_MINUS_LBP,AMD_WET,1
S000566,RFMID,RFMID,AMD_WET,VIT_PLUS_COLOR,AMD_WET,1
S000566,RFMID,RFMID,AMD_WET,VIT_PLUS_HARALICK,AMD_WET,1
S000566,RFMID,RFMID,AMD_WET,VIT_PLUS_LBP,AMD_WET,1
S000567,RFMID,RFMID,AMD_WET,FROZEN_VIT_768D,AMD_WET,1
S000567,RFMID,RFMID,AMD_WET,FULL_HYBRID_800D,AMD_WET,1
S000567,RFMID,RFMID,AMD_WET,HANDCRAFTED_ONLY_32D,AMD_WET,1
S000567,RFMID,RFMID,AMD_WET,HYBRID_MINUS_COLOR,AMD_WET,1
S000567,RFMID,RFMID,AMD_WET,HYBRID_MINUS_HARALICK,AMD_WET,1
S000567,RFMID,RFMID,AMD_WET,HYBRID_MINUS_LBP,AMD_WET,1
S000567,RFMID,RFMID,AMD_WET,VIT_PLUS_COLOR,AMD_WET,1
S000567,RFMID,RFMID,AMD_WET,VIT_PLUS_HARALICK,AMD_WET,1
S000567,RFMID,RFMID,AMD_WET,VIT_PLUS_LBP,AMD_WET,1
S000568,RFMID,RFMID,AMD_WET,FROZEN_VIT_768D,AMD_WET,1
S000568,RFMID,RFMID,AMD_WET,FULL_HYBRID_800D,AMD_WET,1
S000568,RFMID,RFMID,AMD_WET,HANDCRAFTED_ONLY_32D,NORMAL,0
S000568,RFMID,RFMID,AMD_WET,HYBRID_MINUS_COLOR,AMD_WET,1
S000568,RFMID,RFMID,AMD_WET,HYBRID_MINUS_HARALICK,AMD_WET,1
S000568,RFMID,RFMID,AMD_WET,HYBRID_MINUS_LBP,AMD_WET,1
S000568,RFMID,RFMID,AMD_WET,VIT_PLUS_COLOR,AMD_WET,1
S000568,RFMID,RFMID,AMD_WET,VIT_PLUS_HARALICK,AMD_WET,1
S000568,RFMID,RFMID,AMD_WET,VIT_PLUS_LBP,AMD_WET,1
S000569,RFMID,RFMID,AMD_WET,FROZEN_VIT_768D,AMD_WET,1
S000569,RFMID,RFMID,AMD_WET,FULL_HYBRID_800D,AMD_WET,1
S000569,RFMID,RFMID,AMD_WET,HANDCRAFTED_ONLY_32D,AMD_WET,1
S000569,RFMID,RFMID,AMD_WET,HYBRID_MINUS_COLOR,AMD_WET,1
S000569,RFMID,RFMID,AMD_WET,HYBRID_MINUS_HARALICK,AMD_WET,1
S000569,RFMID,RFMID,AMD_WET,HYBRID_MINUS_LBP,AMD_WET,1
S000569,RFMID,RFMID,AMD_WET,VIT_PLUS_COLOR,AMD_WET,1
S000569,RFMID,RFMID,AMD_WET,VIT_PLUS_HARALICK,AMD_WET,1
S000569,RFMID,RFMID,AMD_WET,VIT_PLUS_LBP,AMD_WET,1
S000570,RFMID,RFMID,AMD_WET,FROZEN_VIT_768D,AMD_WET,1
S000570,RFMID,RFMID,AMD_WET,FULL_HYBRID_800D,AMD_WET,1
S000570,RFMID,RFMID,AMD_WET,HANDCRAFTED_ONLY_32D,AMD_WET,1
S000570,RFMID,RFMID,AMD_WET,HYBRID_MINUS_COLOR,AMD_WET,1
S000570,RFMID,RFMID,AMD_WET,HYBRID_MINUS_HARALICK,AMD_WET,1
S000570,RFMID,RFMID,AMD_WET,HYBRID_MINUS_LBP,AMD_WET,1
S000570,RFMID,RFMID,AMD_WET,VIT_PLUS_COLOR,AMD_WET,1
S000570,RFMID,RFMID,AMD_WET,VIT_PLUS_HARALICK,AMD_WET,1
S000570,RFMID,RFMID,AMD_WET,VIT_PLUS_LBP,AMD_WET,1
S000571,RFMID,RFMID,AMD_WET,FROZEN_VIT_768D,AMD_WET,1
S000571,RFMID,RFMID,AMD_WET,FULL_HYBRID_800D,AMD_WET,1
S000571,RFMID,RFMID,AMD_WET,HANDCRAFTED_ONLY_32D,AMD_WET,1
S000571,RFMID,RFMID,AMD_WET,HYBRID_MINUS_COLOR,AMD_WET,1
S000571,RFMID,RFMID,AMD_WET,HYBRID_MINUS_HARALICK,AMD_WET,1
S000571,RFMID,RFMID,AMD_WET,HYBRID_MINUS_LBP,AMD_WET,1
S000571,RFMID,RFMID,AMD_WET,VIT_PLUS_COLOR,AMD_WET,1
S000571,RFMID,RFMID,AMD_WET,VIT_PLUS_HARALICK,AMD_WET,1
S000571,RFMID,RFMID,AMD_WET,VIT_PLUS_LBP,AMD_WET,1
S000572,RFMID,RFMID,AMD_WET,FROZEN_VIT_768D,AMD_WET,1
S000572,RFMID,RFMID,AMD_WET,FULL_HYBRID_800D,AMD_WET,1
S000572,RFMID,RFMID,AMD_WET,HANDCRAFTED_ONLY_32D,AMD_WET,1
S000572,RFMID,RFMID,AMD_WET,HYBRID_MINUS_COLOR,AMD_WET,1
S000572,RFMID,RFMID,AMD_WET,HYBRID_MINUS_HARALICK,AMD_WET,1
S000572,RFMID,RFMID,AMD_WET,HYBRID_MINUS_LBP,AMD_WET,1
S000572,RFMID,RFMID,AMD_WET,VIT_PLUS_COLOR,AMD_WET,1
S000572,RFMID,RFMID,AMD_WET,VIT_PLUS_HARALICK,AMD_WET,1
S000572,RFMID,RFMID,AMD_WET,VIT_PLUS_LBP,AMD_WET,1
S000573,RFMID,RFMID,AMD_WET,FROZEN_VIT_768D,AMD_WET,1
S000573,RFMID,RFMID,AMD_WET,FULL_HYBRID_800D,AMD_WET,1
S000573,RFMID,RFMID,AMD_WET,HANDCRAFTED_ONLY_32D,AMD_WET,1
S000573,RFMID,RFMID,AMD_WET,HYBRID_MINUS_COLOR,AMD_WET,1
S000573,RFMID,RFMID,AMD_WET,HYBRID_MINUS_HARALICK,AMD_WET,1
S000573,RFMID,RFMID,AMD_WET,HYBRID_MINUS_LBP,AMD_WET,1
S000573,RFMID,RFMID,AMD_WET,VIT_PLUS_COLOR,AMD_WET,1
S000573,RFMID,RFMID,AMD_WET,VIT_PLUS_HARALICK,AMD_WET,1
S000573,RFMID,RFMID,AMD_WET,VIT_PLUS_LBP,AMD_WET,1
S000574,RFMID,RFMID,AMD_WET,FROZEN_VIT_768D,AMD_WET,1
S000574,RFMID,RFMID,AMD_WET,FULL_HYBRID_800D,AMD_WET,1
S000574,RFMID,RFMID,AMD_WET,HANDCRAFTED_ONLY_32D,AMD_DRY,0
S000574,RFMID,RFMID,AMD_WET,HYBRID_MINUS_COLOR,AMD_WET,1
S000574,RFMID,RFMID,AMD_WET,HYBRID_MINUS_HARALICK,AMD_WET,1
S000574,RFMID,RFMID,AMD_WET,HYBRID_MINUS_LBP,AMD_WET,1
S000574,RFMID,RFMID,AMD_WET,VIT_PLUS_COLOR,AMD_WET,1
S000574,RFMID,RFMID,AMD_WET,VIT_PLUS_HARALICK,AMD_WET,1
S000574,RFMID,RFMID,AMD_WET,VIT_PLUS_LBP,AMD_WET,1
S000575,RFMID,RFMID,AMD_WET,FROZEN_VIT_768D,AMD_WET,1
S000575,RFMID,RFMID,AMD_WET,FULL_HYBRID_800D,AMD_WET,1
S000575,RFMID,RFMID,AMD_WET,HANDCRAFTED_ONLY_32D,AMD_WET,1
S000575,RFMID,RFMID,AMD_WET,HYBRID_MINUS_COLOR,AMD_WET,1
S000575,RFMID,RFMID,AMD_WET,HYBRID_MINUS_HARALICK,AMD_WET,1
S000575,RFMID,RFMID,AMD_WET,HYBRID_MINUS_LBP,AMD_WET,1
S000575,RFMID,RFMID,AMD_WET,VIT_PLUS_COLOR,AMD_WET,1
S000575,RFMID,RFMID,AMD_WET,VIT_PLUS_HARALICK,AMD_WET,1
S000575,RFMID,RFMID,AMD_WET,VIT_PLUS_LBP,AMD_WET,1
S000576,RFMID,RFMID,AMD_WET,FROZEN_VIT_768D,AMD_WET,1
S000576,RFMID,RFMID,AMD_WET,FULL_HYBRID_800D,AMD_WET,1
S000576,RFMID,RFMID,AMD_WET,HANDCRAFTED_ONLY_32D,AMD_WET,1
S000576,RFMID,RFMID,AMD_WET,HYBRID_MINUS_COLOR,AMD_WET,1
S000576,RFMID,RFMID,AMD_WET,HYBRID_MINUS_HARALICK,AMD_WET,1
S000576,RFMID,RFMID,AMD_WET,HYBRID_MINUS_LBP,AMD_WET,1
S000576,RFMID,RFMID,AMD_WET,VIT_PLUS_COLOR,AMD_WET,1
S000576,RFMID,RFMID,AMD_WET,VIT_PLUS_HARALICK,AMD_WET,1
S000576,RFMID,RFMID,AMD_WET,VIT_PLUS_LBP,AMD_WET,1
S000577,RFMID,RFMID,AMD_WET,FROZEN_VIT_768D,AMD_WET,1
S000577,RFMID,RFMID,AMD_WET,FULL_HYBRID_800D,AMD_WET,1
S000577,RFMID,RFMID,AMD_WET,HANDCRAFTED_ONLY_32D,AMD_WET,1
S000577,RFMID,RFMID,AMD_WET,HYBRID_MINUS_COLOR,AMD_WET,1
S000577,RFMID,RFMID,AMD_WET,HYBRID_MINUS_HARALICK,AMD_WET,1
S000577,RFMID,RFMID,AMD_WET,HYBRID_MINUS_LBP,AMD_WET,1
S000577,RFMID,RFMID,AMD_WET,VIT_PLUS_COLOR,AMD_WET,1
S000577,RFMID,RFMID,AMD_WET,VIT_PLUS_HARALICK,AMD_WET,1
S000577,RFMID,RFMID,AMD_WET,VIT_PLUS_LBP,AMD_WET,1
S000578,RFMID,RFMID,AMD_WET,FROZEN_VIT_768D,AMD_WET,1
S000578,RFMID,RFMID,AMD_WET,FULL_HYBRID_800D,AMD_WET,1
S000578,RFMID,RFMID,AMD_WET,HANDCRAFTED_ONLY_32D,AMD_WET,1
S000578,RFMID,RFMID,AMD_WET,HYBRID_MINUS_COLOR,AMD_WET,1
S000578,RFMID,RFMID,AMD_WET,HYBRID_MINUS_HARALICK,AMD_WET,1
S000578,RFMID,RFMID,AMD_WET,HYBRID_MINUS_LBP,AMD_WET,1
S000578,RFMID,RFMID,AMD_WET,VIT_PLUS_COLOR,AMD_WET,1
S000578,RFMID,RFMID,AMD_WET,VIT_PLUS_HARALICK,AMD_WET,1
S000578,RFMID,RFMID,AMD_WET,VIT_PLUS_LBP,AMD_WET,1
S000579,RFMID,RFMID,AMD_WET,FROZEN_VIT_768D,AMD_WET,1
S000579,RFMID,RFMID,AMD_WET,FULL_HYBRID_800D,AMD_WET,1
S000579,RFMID,RFMID,AMD_WET,HANDCRAFTED_ONLY_32D,AMD_WET,1
S000579,RFMID,RFMID,AMD_WET,HYBRID_MINUS_COLOR,AMD_WET,1
S000579,RFMID,RFMID,AMD_WET,HYBRID_MINUS_HARALICK,AMD_WET,1
S000579,RFMID,RFMID,AMD_WET,HYBRID_MINUS_LBP,AMD_WET,1
S000579,RFMID,RFMID,AMD_WET,VIT_PLUS_COLOR,AMD_WET,1
S000579,RFMID,RFMID,AMD_WET,VIT_PLUS_HARALICK,AMD_WET,1
S000579,RFMID,RFMID,AMD_WET,VIT_PLUS_LBP,AMD_WET,1
S000580,RFMID,RFMID,AMD_WET,FROZEN_VIT_768D,AMD_WET,1
S000580,RFMID,RFMID,AMD_WET,FULL_HYBRID_800D,AMD_WET,1
S000580,RFMID,RFMID,AMD_WET,HANDCRAFTED_ONLY_32D,AMD_WET,1
S000580,RFMID,RFMID,AMD_WET,HYBRID_MINUS_COLOR,AMD_WET,1
S000580,RFMID,RFMID,AMD_WET,HYBRID_MINUS_HARALICK,AMD_WET,1
S000580,RFMID,RFMID,AMD_WET,HYBRID_MINUS_LBP,AMD_WET,1
S000580,RFMID,RFMID,AMD_WET,VIT_PLUS_COLOR,AMD_WET,1
S000580,RFMID,RFMID,AMD_WET,VIT_PLUS_HARALICK,AMD_WET,1
S000580,RFMID,RFMID,AMD_WET,VIT_PLUS_LBP,AMD_WET,1
S000581,RFMID,RFMID,AMD_WET,FROZEN_VIT_768D,AMD_WET,1
S000581,RFMID,RFMID,AMD_WET,FULL_HYBRID_800D,AMD_WET,1
S000581,RFMID,RFMID,AMD_WET,HANDCRAFTED_ONLY_32D,AMD_WET,1
S000581,RFMID,RFMID,AMD_WET,HYBRID_MINUS_COLOR,AMD_WET,1
S000581,RFMID,RFMID,AMD_WET,HYBRID_MINUS_HARALICK,AMD_WET,1
S000581,RFMID,RFMID,AMD_WET,HYBRID_MINUS_LBP,AMD_WET,1
S000581,RFMID,RFMID,AMD_WET,VIT_PLUS_COLOR,AMD_WET,1
S000581,RFMID,RFMID,AMD_WET,VIT_PLUS_HARALICK,AMD_WET,1
S000581,RFMID,RFMID,AMD_WET,VIT_PLUS_LBP,AMD_WET,1
S000582,RFMID,RFMID,AMD_WET,FROZEN_VIT_768D,AMD_WET,1
S000582,RFMID,RFMID,AMD_WET,FULL_HYBRID_800D,AMD_WET,1
S000582,RFMID,RFMID,AMD_WET,HANDCRAFTED_ONLY_32D,AMD_DRY,0
S000582,RFMID,RFMID,AMD_WET,HYBRID_MINUS_COLOR,AMD_WET,1
S000582,RFMID,RFMID,AMD_WET,HYBRID_MINUS_HARALICK,AMD_WET,1
S000582,RFMID,RFMID,AMD_WET,HYBRID_MINUS_LBP,AMD_WET,1
S000582,RFMID,RFMID,AMD_WET,VIT_PLUS_COLOR,AMD_WET,1
S000582,RFMID,RFMID,AMD_WET,VIT_PLUS_HARALICK,AMD_WET,1
S000582,RFMID,RFMID,AMD_WET,VIT_PLUS_LBP,AMD_WET,1
S000583,RFMID,RFMID,AMD_WET,FROZEN_VIT_768D,AMD_WET,1
S000583,RFMID,RFMID,AMD_WET,FULL_HYBRID_800D,AMD_WET,1
S000583,RFMID,RFMID,AMD_WET,HANDCRAFTED_ONLY_32D,AMD_WET,1
S000583,RFMID,RFMID,AMD_WET,HYBRID_MINUS_COLOR,AMD_WET,1
S000583,RFMID,RFMID,AMD_WET,HYBRID_MINUS_HARALICK,AMD_WET,1
S000583,RFMID,RFMID,AMD_WET,HYBRID_MINUS_LBP,AMD_WET,1
S000583,RFMID,RFMID,AMD_WET,VIT_PLUS_COLOR,AMD_WET,1
S000583,RFMID,RFMID,AMD_WET,VIT_PLUS_HARALICK,AMD_WET,1
S000583,RFMID,RFMID,AMD_WET,VIT_PLUS_LBP,AMD_WET,1
S000584,RFMID,RFMID,AMD_WET,FROZEN_VIT_768D,AMD_WET,1
S000584,RFMID,RFMID,AMD_WET,FULL_HYBRID_800D,AMD_WET,1
S000584,RFMID,RFMID,AMD_WET,HANDCRAFTED_ONLY_32D,AMD_WET,1
S000584,RFMID,RFMID,AMD_WET,HYBRID_MINUS_COLOR,AMD_WET,1
S000584,RFMID,RFMID,AMD_WET,HYBRID_MINUS_HARALICK,AMD_WET,1
S000584,RFMID,RFMID,AMD_WET,HYBRID_MINUS_LBP,AMD_WET,1
S000584,RFMID,RFMID,AMD_WET,VIT_PLUS_COLOR,AMD_WET,1
S000584,RFMID,RFMID,AMD_WET,VIT_PLUS_HARALICK,AMD_WET,1
S000584,RFMID,RFMID,AMD_WET,VIT_PLUS_LBP,AMD_WET,1
S000585,RFMID,RFMID,AMD_WET,FROZEN_VIT_768D,AMD_WET,1
S000585,RFMID,RFMID,AMD_WET,FULL_HYBRID_800D,AMD_WET,1
S000585,RFMID,RFMID,AMD_WET,HANDCRAFTED_ONLY_32D,AMD_WET,1
S000585,RFMID,RFMID,AMD_WET,HYBRID_MINUS_COLOR,AMD_WET,1
S000585,RFMID,RFMID,AMD_WET,HYBRID_MINUS_HARALICK,AMD_WET,1
S000585,RFMID,RFMID,AMD_WET,HYBRID_MINUS_LBP,AMD_WET,1
S000585,RFMID,RFMID,AMD_WET,VIT_PLUS_COLOR,AMD_WET,1
S000585,RFMID,RFMID,AMD_WET,VIT_PLUS_HARALICK,AMD_WET,1
S000585,RFMID,RFMID,AMD_WET,VIT_PLUS_LBP,AMD_WET,1
S000586,RFMID,RFMID,AMD_WET,FROZEN_VIT_768D,AMD_WET,1
S000586,RFMID,RFMID,AMD_WET,FULL_HYBRID_800D,AMD_WET,1
S000586,RFMID,RFMID,AMD_WET,HANDCRAFTED_ONLY_32D,AMD_WET,1
S000586,RFMID,RFMID,AMD_WET,HYBRID_MINUS_COLOR,AMD_WET,1
S000586,RFMID,RFMID,AMD_WET,HYBRID_MINUS_HARALICK,AMD_WET,1
S000586,RFMID,RFMID,AMD_WET,HYBRID_MINUS_LBP,AMD_WET,1
S000586,RFMID,RFMID,AMD_WET,VIT_PLUS_COLOR,AMD_WET,1
S000586,RFMID,RFMID,AMD_WET,VIT_PLUS_HARALICK,AMD_WET,1
S000586,RFMID,RFMID,AMD_WET,VIT_PLUS_LBP,AMD_WET,1
S000587,RFMID,RFMID,AMD_WET,FROZEN_VIT_768D,AMD_WET,1
S000587,RFMID,RFMID,AMD_WET,FULL_HYBRID_800D,AMD_WET,1
S000587,RFMID,RFMID,AMD_WET,HANDCRAFTED_ONLY_32D,AMD_WET,1
S000587,RFMID,RFMID,AMD_WET,HYBRID_MINUS_COLOR,AMD_WET,1
S000587,RFMID,RFMID,AMD_WET,HYBRID_MINUS_HARALICK,AMD_WET,1
S000587,RFMID,RFMID,AMD_WET,HYBRID_MINUS_LBP,AMD_WET,1
S000587,RFMID,RFMID,AMD_WET,VIT_PLUS_COLOR,AMD_WET,1
S000587,RFMID,RFMID,AMD_WET,VIT_PLUS_HARALICK,AMD_WET,1
S000587,RFMID,RFMID,AMD_WET,VIT_PLUS_LBP,AMD_WET,1
S000588,RFMID,RFMID,AMD_WET,FROZEN_VIT_768D,AMD_WET,1
S000588,RFMID,RFMID,AMD_WET,FULL_HYBRID_800D,AMD_WET,1
S000588,RFMID,RFMID,AMD_WET,HANDCRAFTED_ONLY_32D,AMD_WET,1
S000588,RFMID,RFMID,AMD_WET,HYBRID_MINUS_COLOR,AMD_WET,1
S000588,RFMID,RFMID,AMD_WET,HYBRID_MINUS_HARALICK,AMD_WET,1
S000588,RFMID,RFMID,AMD_WET,HYBRID_MINUS_LBP,AMD_WET,1
S000588,RFMID,RFMID,AMD_WET,VIT_PLUS_COLOR,AMD_WET,1
S000588,RFMID,RFMID,AMD_WET,VIT_PLUS_HARALICK,AMD_WET,1
S000588,RFMID,RFMID,AMD_WET,VIT_PLUS_LBP,AMD_WET,1
S000589,RFMID,RFMID,AMD_WET,FROZEN_VIT_768D,AMD_WET,1
S000589,RFMID,RFMID,AMD_WET,FULL_HYBRID_800D,AMD_WET,1
S000589,RFMID,RFMID,AMD_WET,HANDCRAFTED_ONLY_32D,AMD_WET,1
S000589,RFMID,RFMID,AMD_WET,HYBRID_MINUS_COLOR,AMD_WET,1
S000589,RFMID,RFMID,AMD_WET,HYBRID_MINUS_HARALICK,AMD_WET,1
S000589,RFMID,RFMID,AMD_WET,HYBRID_MINUS_LBP,AMD_WET,1
S000589,RFMID,RFMID,AMD_WET,VIT_PLUS_COLOR,AMD_WET,1
S000589,RFMID,RFMID,AMD_WET,VIT_PLUS_HARALICK,AMD_WET,1
S000589,RFMID,RFMID,AMD_WET,VIT_PLUS_LBP,AMD_WET,1
S000590,RFMID,RFMID,AMD_WET,FROZEN_VIT_768D,AMD_WET,1
S000590,RFMID,RFMID,AMD_WET,FULL_HYBRID_800D,AMD_WET,1
S000590,RFMID,RFMID,AMD_WET,HANDCRAFTED_ONLY_32D,AMD_WET,1
S000590,RFMID,RFMID,AMD_WET,HYBRID_MINUS_COLOR,AMD_WET,1
S000590,RFMID,RFMID,AMD_WET,HYBRID_MINUS_HARALICK,AMD_WET,1
S000590,RFMID,RFMID,AMD_WET,HYBRID_MINUS_LBP,AMD_WET,1
S000590,RFMID,RFMID,AMD_WET,VIT_PLUS_COLOR,AMD_WET,1
S000590,RFMID,RFMID,AMD_WET,VIT_PLUS_HARALICK,AMD_WET,1
S000590,RFMID,RFMID,AMD_WET,VIT_PLUS_LBP,AMD_WET,1
S000591,RFMID,RFMID,AMD_WET,FROZEN_VIT_768D,AMD_WET,1
S000591,RFMID,RFMID,AMD_WET,FULL_HYBRID_800D,AMD_WET,1
S000591,RFMID,RFMID,AMD_WET,HANDCRAFTED_ONLY_32D,AMD_WET,1
S000591,RFMID,RFMID,AMD_WET,HYBRID_MINUS_COLOR,AMD_WET,1
S000591,RFMID,RFMID,AMD_WET,HYBRID_MINUS_HARALICK,AMD_WET,1
S000591,RFMID,RFMID,AMD_WET,HYBRID_MINUS_LBP,AMD_WET,1
S000591,RFMID,RFMID,AMD_WET,VIT_PLUS_COLOR,AMD_WET,1
S000591,RFMID,RFMID,AMD_WET,VIT_PLUS_HARALICK,AMD_WET,1
S000591,RFMID,RFMID,AMD_WET,VIT_PLUS_LBP,AMD_WET,1
S000592,RFMID,RFMID,AMD_WET,FROZEN_VIT_768D,AMD_WET,1
S000592,RFMID,RFMID,AMD_WET,FULL_HYBRID_800D,AMD_WET,1
S000592,RFMID,RFMID,AMD_WET,HANDCRAFTED_ONLY_32D,NORMAL,0
S000592,RFMID,RFMID,AMD_WET,HYBRID_MINUS_COLOR,AMD_WET,1
S000592,RFMID,RFMID,AMD_WET,HYBRID_MINUS_HARALICK,AMD_WET,1
S000592,RFMID,RFMID,AMD_WET,HYBRID_MINUS_LBP,AMD_WET,1
S000592,RFMID,RFMID,AMD_WET,VIT_PLUS_COLOR,AMD_WET,1
S000592,RFMID,RFMID,AMD_WET,VIT_PLUS_HARALICK,AMD_WET,1
S000592,RFMID,RFMID,AMD_WET,VIT_PLUS_LBP,AMD_WET,1
S000593,RFMID,RFMID,AMD_WET,FROZEN_VIT_768D,AMD_WET,1
S000593,RFMID,RFMID,AMD_WET,FULL_HYBRID_800D,AMD_WET,1
S000593,RFMID,RFMID,AMD_WET,HANDCRAFTED_ONLY_32D,AMD_WET,1
S000593,RFMID,RFMID,AMD_WET,HYBRID_MINUS_COLOR,AMD_WET,1
S000593,RFMID,RFMID,AMD_WET,HYBRID_MINUS_HARALICK,AMD_WET,1
S000593,RFMID,RFMID,AMD_WET,HYBRID_MINUS_LBP,AMD_WET,1
S000593,RFMID,RFMID,AMD_WET,VIT_PLUS_COLOR,AMD_WET,1
S000593,RFMID,RFMID,AMD_WET,VIT_PLUS_HARALICK,AMD_WET,1
S000593,RFMID,RFMID,AMD_WET,VIT_PLUS_LBP,AMD_WET,1
S000594,RFMID,RFMID,AMD_WET,FROZEN_VIT_768D,AMD_WET,1
S000594,RFMID,RFMID,AMD_WET,FULL_HYBRID_800D,AMD_WET,1
S000594,RFMID,RFMID,AMD_WET,HANDCRAFTED_ONLY_32D,NORMAL,0
S000594,RFMID,RFMID,AMD_WET,HYBRID_MINUS_COLOR,AMD_WET,1
S000594,RFMID,RFMID,AMD_WET,HYBRID_MINUS_HARALICK,AMD_WET,1
S000594,RFMID,RFMID,AMD_WET,HYBRID_MINUS_LBP,AMD_WET,1
S000594,RFMID,RFMID,AMD_WET,VIT_PLUS_COLOR,AMD_WET,1
S000594,RFMID,RFMID,AMD_WET,VIT_PLUS_HARALICK,AMD_WET,1
S000594,RFMID,RFMID,AMD_WET,VIT_PLUS_LBP,AMD_WET,1
S000595,RFMID,RFMID,AMD_WET,FROZEN_VIT_768D,AMD_WET,1
S000595,RFMID,RFMID,AMD_WET,FULL_HYBRID_800D,AMD_WET,1
S000595,RFMID,RFMID,AMD_WET,HANDCRAFTED_ONLY_32D,AMD_WET,1
S000595,RFMID,RFMID,AMD_WET,HYBRID_MINUS_COLOR,AMD_WET,1
S000595,RFMID,RFMID,AMD_WET,HYBRID_MINUS_HARALICK,AMD_WET,1
S000595,RFMID,RFMID,AMD_WET,HYBRID_MINUS_LBP,AMD_WET,1
S000595,RFMID,RFMID,AMD_WET,VIT_PLUS_COLOR,AMD_WET,1
S000595,RFMID,RFMID,AMD_WET,VIT_PLUS_HARALICK,AMD_WET,1
S000595,RFMID,RFMID,AMD_WET,VIT_PLUS_LBP,AMD_WET,1
S000596,RFMID,RFMID,AMD_WET,FROZEN_VIT_768D,AMD_WET,1
S000596,RFMID,RFMID,AMD_WET,FULL_HYBRID_800D,AMD_WET,1
S000596,RFMID,RFMID,AMD_WET,HANDCRAFTED_ONLY_32D,AMD_WET,1
S000596,RFMID,RFMID,AMD_WET,HYBRID_MINUS_COLOR,AMD_WET,1
S000596,RFMID,RFMID,AMD_WET,HYBRID_MINUS_HARALICK,AMD_WET,1
S000596,RFMID,RFMID,AMD_WET,HYBRID_MINUS_LBP,AMD_WET,1
S000596,RFMID,RFMID,AMD_WET,VIT_PLUS_COLOR,AMD_WET,1
S000596,RFMID,RFMID,AMD_WET,VIT_PLUS_HARALICK,AMD_WET,1
S000596,RFMID,RFMID,AMD_WET,VIT_PLUS_LBP,AMD_WET,1
S000597,RFMID,RFMID,AMD_WET,FROZEN_VIT_768D,AMD_WET,1
S000597,RFMID,RFMID,AMD_WET,FULL_HYBRID_800D,AMD_WET,1
S000597,RFMID,RFMID,AMD_WET,HANDCRAFTED_ONLY_32D,NORMAL,0
S000597,RFMID,RFMID,AMD_WET,HYBRID_MINUS_COLOR,AMD_WET,1
S000597,RFMID,RFMID,AMD_WET,HYBRID_MINUS_HARALICK,AMD_WET,1
S000597,RFMID,RFMID,AMD_WET,HYBRID_MINUS_LBP,AMD_WET,1
S000597,RFMID,RFMID,AMD_WET,VIT_PLUS_COLOR,AMD_WET,1
S000597,RFMID,RFMID,AMD_WET,VIT_PLUS_HARALICK,AMD_WET,1
S000597,RFMID,RFMID,AMD_WET,VIT_PLUS_LBP,AMD_WET,1
