method,seed,outer_fold,sample_id,source_dataset,true_label,predicted_label,correct,prob_AMD_DRY,prob_AMD_WET,prob_NORMAL
RETFOUND_MAE_CFP_FROZEN_PCA128_SVM,42,1,S000002,ADAM,AMD_DRY,AMD_DRY,1,0.8469755761147333,0.014480169321214936,0.1385442545640518
RETFOUND_MAE_CFP_FROZEN_PCA128_SVM,42,1,S000003,ADAM,AMD_DRY,AMD_DRY,1,0.9980806481564238,0.0009430003317352027,0.0009763515118409921
RETFOUND_MAE_CFP_FROZEN_PCA128_SVM,42,1,S000010,ADAM,AMD_DRY,AMD_WET,0,0.36211553841626787,0.6327697903730128,0.005114671210719263
RETFOUND_MAE_CFP_FROZEN_PCA128_SVM,42,1,S000013,ADAM,AMD_DRY,AMD_DRY,1,0.9910902884888166,0.007518014168833141,0.001391697342350164
RETFOUND_MAE_CFP_FROZEN_PCA128_SVM,42,1,S000019,ADAM,AMD_DRY,AMD_DRY,1,0.60947239576728,0.3891450950540068,0.0013825091787133187
RETFOUND_MAE_CFP_FROZEN_PCA128_SVM,42,1,S000026,ADAM,AMD_DRY,AMD_DRY,1,0.9326436116552161,0.06346568305591974,0.003890705288864022
RETFOUND_MAE_CFP_FROZEN_PCA128_SVM,42,1,S000032,ADAM,AMD_DRY,AMD_DRY,1,0.9956853921606842,0.0036193807861250827,0.0006952270531908695
RETFOUND_MAE_CFP_FROZEN_PCA128_SVM,42,1,S000040,ADAM,AMD_WET,AMD_WET,1,0.011767748750332556,0.9880252404411999,0.0002070108084672541
RETFOUND_MAE_CFP_FROZEN_PCA128_SVM,42,1,S000045,ADAM,AMD_WET,AMD_WET,1,0.1884229496712468,0.8109469122431956,0.000630138085557542
RETFOUND_MAE_CFP_FROZEN_PCA128_SVM,42,1,S000047,ADAM,AMD_WET,AMD_DRY,0,0.9779074605347263,0.019758486790735597,0.002334052674538203
RETFOUND_MAE_CFP_FROZEN_PCA128_SVM,42,1,S000051,ADAM,AMD_WET,AMD_WET,1,0.009383874650625105,0.9904161288025083,0.0001999965468666937
RETFOUND_MAE_CFP_FROZEN_PCA128_SVM,42,1,S000062,FIVES,NORMAL,NORMAL,1,0.00246909397808432,0.0008797851366824845,0.996651120885233
RETFOUND_MAE_CFP_FROZEN_PCA128_SVM,42,1,S000064,FIVES,NORMAL,NORMAL,1,5.714377578391949e-06,6.044343988480064e-06,0.9999882412784331
RETFOUND_MAE_CFP_FROZEN_PCA128_SVM,42,1,S000071,FIVES,NORMAL,NORMAL,1,0.006480071628567539,0.062403213079127655,0.9311167152923049
RETFOUND_MAE_CFP_FROZEN_PCA128_SVM,42,1,S000072,FIVES,NORMAL,NORMAL,1,0.050390897243726085,0.007511329898909408,0.9420977728573644
RETFOUND_MAE_CFP_FROZEN_PCA128_SVM,42,1,S000083,FIVES,NORMAL,NORMAL,1,0.0006402516131104463,0.006287763213144586,0.993071985173745
RETFOUND_MAE_CFP_FROZEN_PCA128_SVM,42,1,S000085,FIVES,NORMAL,NORMAL,1,0.0013885613663937536,0.0010421289983973368,0.997569309635209
RETFOUND_MAE_CFP_FROZEN_PCA128_SVM,42,1,S000090,FIVES,NORMAL,NORMAL,1,1.6734760428824322e-06,1.550353199975505e-06,0.9999967761707571
RETFOUND_MAE_CFP_FROZEN_PCA128_SVM,42,1,S000093,FIVES,NORMAL,NORMAL,1,8.185658981296725e-07,8.97457139488999e-07,0.9999982839769624
RETFOUND_MAE_CFP_FROZEN_PCA128_SVM,42,1,S000101,FIVES,NORMAL,NORMAL,1,4.146434172944393e-06,3.16198914176707e-06,0.9999926915766852
RETFOUND_MAE_CFP_FROZEN_PCA128_SVM,42,1,S000105,FIVES,NORMAL,NORMAL,1,1.9929922769315594e-06,2.0761423143112493e-06,0.9999959308654087
RETFOUND_MAE_CFP_FROZEN_PCA128_SVM,42,1,S000106,FIVES,NORMAL,NORMAL,1,0.0010019072424691858,0.002837046509920631,0.99616104624761
RETFOUND_MAE_CFP_FROZEN_PCA128_SVM,42,1,S000107,FIVES,NORMAL,NORMAL,1,0.001260792530534736,0.009129896286577649,0.9896093111828876
RETFOUND_MAE_CFP_FROZEN_PCA128_SVM,42,1,S000111,FIVES,NORMAL,NORMAL,1,0.013510850037917913,0.0016028007803416226,0.9848863491817405
RETFOUND_MAE_CFP_FROZEN_PCA128_SVM,42,1,S000114,FIVES,NORMAL,NORMAL,1,4.010211519286839e-06,4.632431521995239e-06,0.9999913573569587
RETFOUND_MAE_CFP_FROZEN_PCA128_SVM,42,1,S000123,FIVES,NORMAL,NORMAL,1,2.201655863493221e-07,2.311636181796492e-07,0.9999995486707954
RETFOUND_MAE_CFP_FROZEN_PCA128_SVM,42,1,S000124,FIVES,NORMAL,NORMAL,1,0.0001255646682343337,0.002740891001944768,0.9971335443298208
RETFOUND_MAE_CFP_FROZEN_PCA128_SVM,42,1,S000126,FIVES,NORMAL,NORMAL,1,0.011296613188193727,0.0552292985581607,0.9334740882536454
RETFOUND_MAE_CFP_FROZEN_PCA128_SVM,42,1,S000136,FIVES,NORMAL,NORMAL,1,0.005978868332391259,0.0010708449901155291,0.9929502866774932
RETFOUND_MAE_CFP_FROZEN_PCA128_SVM,42,1,S000142,FIVES,NORMAL,NORMAL,1,0.0011201170456553217,0.0008245053924135265,0.9980553775619313
RETFOUND_MAE_CFP_FROZEN_PCA128_SVM,42,1,S000143,FIVES,NORMAL,NORMAL,1,3.958380853045482e-07,3.507148590997237e-07,0.9999992534470556
RETFOUND_MAE_CFP_FROZEN_PCA128_SVM,42,1,S000157,FIVES,AMD_DRY,AMD_WET,0,0.330290186434425,0.6642911516769149,0.005418661888659857
RETFOUND_MAE_CFP_FROZEN_PCA128_SVM,42,1,S000165,FIVES,AMD_DRY,AMD_DRY,1,0.9864333670668919,0.011286706595856306,0.002279926337251855
RETFOUND_MAE_CFP_FROZEN_PCA128_SVM,42,1,S000166,FIVES,AMD_DRY,AMD_WET,0,5.063600108128918e-07,0.9999900065445934,9.487095395736397e-06
RETFOUND_MAE_CFP_FROZEN_PCA128_SVM,42,1,S000171,FIVES,AMD_WET,AMD_WET,1,0.007213625828811685,0.9925504882021081,0.0002358859690802228
RETFOUND_MAE_CFP_FROZEN_PCA128_SVM,42,1,S000175,FIVES,AMD_WET,AMD_WET,1,0.014155638632048972,0.9855683917788245,0.00027596958912669663
RETFOUND_MAE_CFP_FROZEN_PCA128_SVM,42,1,S000181,FIVES,AMD_WET,AMD_WET,1,0.06634211409159886,0.9332419804635304,0.00041590544487074544
RETFOUND_MAE_CFP_FROZEN_PCA128_SVM,42,1,S000196,FIVES,AMD_WET,AMD_WET,1,5.98931689599938e-08,0.9999515929599875,4.834714684346675e-05
RETFOUND_MAE_CFP_FROZEN_PCA128_SVM,42,1,S000197,FIVES,AMD_WET,AMD_WET,1,3.54369371793974e-10,0.9999979409753296,2.058670301116694e-06
RETFOUND_MAE_CFP_FROZEN_PCA128_SVM,42,1,S000198,FIVES,AMD_WET,AMD_WET,1,0.002886210981326234,0.9935541430393895,0.0035596459792841526
RETFOUND_MAE_CFP_FROZEN_PCA128_SVM,42,1,S000199,FIVES,AMD_WET,AMD_WET,1,0.2428440039797848,0.7563242719850684,0.0008317240351468458
RETFOUND_MAE_CFP_FROZEN_PCA128_SVM,42,1,S000209,FIVES,AMD_WET,AMD_WET,1,0.008414926522013474,0.9868980752665094,0.004686998211477174
RETFOUND_MAE_CFP_FROZEN_PCA128_SVM,42,1,S000214,FIVES,AMD_WET,AMD_WET,1,0.010338108723765595,0.9894399307662435,0.00022196050999106972
RETFOUND_MAE_CFP_FROZEN_PCA128_SVM,42,1,S000221,FIVES,AMD_WET,AMD_WET,1,0.007338160562005031,0.9921599425120119,0.0005018969259827415
RETFOUND_MAE_CFP_FROZEN_PCA128_SVM,42,1,S000223,FIVES,AMD_WET,AMD_WET,1,0.12696540505004134,0.8670946711509776,0.005939923798980839
RETFOUND_MAE_CFP_FROZEN_PCA128_SVM,42,1,S000228,FIVES,AMD_WET,AMD_WET,1,0.0016929319725598592,0.9978661005873273,0.00044096744011279344
RETFOUND_MAE_CFP_FROZEN_PCA128_SVM,42,1,S000231,FIVES,AMD_WET,AMD_DRY,0,0.7070528678976031,0.28621610375399026,0.006731028348406807
RETFOUND_MAE_CFP_FROZEN_PCA128_SVM,42,1,S000240,ODIR,NORMAL,NORMAL,1,0.0037882902409234185,0.002130389998186817,0.9940813197608895
RETFOUND_MAE_CFP_FROZEN_PCA128_SVM,42,1,S000252,ODIR,NORMAL,NORMAL,1,0.0026215042441422075,0.0007229661661750148,0.9966555295896828
RETFOUND_MAE_CFP_FROZEN_PCA128_SVM,42,1,S000255,ODIR,NORMAL,NORMAL,1,1.6255392874627776e-06,8.248686964009463e-07,0.9999975495920161
RETFOUND_MAE_CFP_FROZEN_PCA128_SVM,42,1,S000256,ODIR,NORMAL,NORMAL,1,0.0022042149015781914,0.00014638475850970313,0.9976494003399119
RETFOUND_MAE_CFP_FROZEN_PCA128_SVM,42,1,S000258,ODIR,NORMAL,NORMAL,1,0.025012750215753242,0.0005377172246400311,0.9744495325596069
RETFOUND_MAE_CFP_FROZEN_PCA128_SVM,42,1,S000264,ODIR,NORMAL,NORMAL,1,2.7413135797080837e-07,1.51786341812401e-07,0.9999995740823002
RETFOUND_MAE_CFP_FROZEN_PCA128_SVM,42,1,S000265,ODIR,NORMAL,NORMAL,1,0.013134128067246417,0.0012710486672095165,0.985594823265544
RETFOUND_MAE_CFP_FROZEN_PCA128_SVM,42,1,S000267,ODIR,NORMAL,NORMAL,1,0.016895355278069176,0.0015091804265871833,0.9815954642953436
RETFOUND_MAE_CFP_FROZEN_PCA128_SVM,42,1,S000268,ODIR,NORMAL,NORMAL,1,0.007015343088839518,0.004315227008094999,0.9886694299030654
RETFOUND_MAE_CFP_FROZEN_PCA128_SVM,42,1,S000274,ODIR,NORMAL,NORMAL,1,0.011595847332078997,0.0012367047268727561,0.9871674479410482
RETFOUND_MAE_CFP_FROZEN_PCA128_SVM,42,1,S000275,ODIR,NORMAL,NORMAL,1,0.0018378457678284194,0.0017729488129894315,0.9963892054191823
RETFOUND_MAE_CFP_FROZEN_PCA128_SVM,42,1,S000282,ODIR,NORMAL,NORMAL,1,0.00244358869472634,8.672058765254407e-05,0.9974696907176211
RETFOUND_MAE_CFP_FROZEN_PCA128_SVM,42,1,S000291,ODIR,NORMAL,NORMAL,1,0.010595883480559445,0.020335962021713082,0.9690681544977277
RETFOUND_MAE_CFP_FROZEN_PCA128_SVM,42,1,S000298,ODIR,NORMAL,NORMAL,1,2.073328188038773e-06,1.0864280474324396e-06,0.9999968402437646
RETFOUND_MAE_CFP_FROZEN_PCA128_SVM,42,1,S000307,ODIR,NORMAL,NORMAL,1,0.0019472239561384524,0.00025797624805890776,0.9977947997958028
RETFOUND_MAE_CFP_FROZEN_PCA128_SVM,42,1,S000317,ODIR,NORMAL,NORMAL,1,0.007228647538896255,0.00020131134386366746,0.9925700411172398
RETFOUND_MAE_CFP_FROZEN_PCA128_SVM,42,1,S000318,ODIR,NORMAL,NORMAL,1,0.051321480563076456,0.0004277129301988093,0.9482508065067249
RETFOUND_MAE_CFP_FROZEN_PCA128_SVM,42,1,S000321,ODIR,NORMAL,NORMAL,1,0.016278628291298645,0.00475876458870152,0.9789626071199997
RETFOUND_MAE_CFP_FROZEN_PCA128_SVM,42,1,S000326,ODIR,NORMAL,NORMAL,1,0.023840226181517418,0.00018207641268179226,0.9759776974058005
RETFOUND_MAE_CFP_FROZEN_PCA128_SVM,42,1,S000327,ODIR,NORMAL,NORMAL,1,0.058451096289704726,0.004958634243152864,0.9365902694671423
RETFOUND_MAE_CFP_FROZEN_PCA128_SVM,42,1,S000329,ODIR,NORMAL,NORMAL,1,0.04396338416094182,0.008538952413218986,0.947497663425839
RETFOUND_MAE_CFP_FROZEN_PCA128_SVM,42,1,S000333,ODIR,NORMAL,NORMAL,1,0.01613614174494628,0.0016274471583374176,0.9822364110967162
RETFOUND_MAE_CFP_FROZEN_PCA128_SVM,42,1,S000349,ODIR,NORMAL,NORMAL,1,0.017637889287925097,0.001218666706395678,0.9811434440056792
RETFOUND_MAE_CFP_FROZEN_PCA128_SVM,42,1,S000351,ODIR,NORMAL,NORMAL,1,0.01882134793524345,0.00015472097957663024,0.9810239310851797
RETFOUND_MAE_CFP_FROZEN_PCA128_SVM,42,1,S000356,ODIR,NORMAL,NORMAL,1,0.01636068246318917,0.00017026752779906974,0.9834690500090119
RETFOUND_MAE_CFP_FROZEN_PCA128_SVM,42,1,S000382,ODIR,AMD_DRY,AMD_WET,0,0.28369518065287497,0.7143098534409162,0.001994965906208631
RETFOUND_MAE_CFP_FROZEN_PCA128_SVM,42,1,S000387,ODIR,AMD_DRY,AMD_DRY,1,0.6827283814717727,0.3110382401632291,0.006233378364998211
RETFOUND_MAE_CFP_FROZEN_PCA128_SVM,42,1,S000388,ODIR,AMD_DRY,AMD_DRY,1,0.6799872172519899,0.31554433822456596,0.004468444523444399
RETFOUND_MAE_CFP_FROZEN_PCA128_SVM,42,1,S000397,ODIR,AMD_DRY,AMD_DRY,1,0.9743886334518551,0.02372199187056895,0.0018893746775761279
RETFOUND_MAE_CFP_FROZEN_PCA128_SVM,42,1,S000405,ODIR,AMD_DRY,AMD_DRY,1,0.9966054374545,0.0028254170994674492,0.0005691454460325594
RETFOUND_MAE_CFP_FROZEN_PCA128_SVM,42,1,S000408,ODIR,AMD_DRY,AMD_DRY,1,0.6307257679952454,0.2448797119561957,0.12439452004855879
RETFOUND_MAE_CFP_FROZEN_PCA128_SVM,42,1,S000413,ODIR,AMD_DRY,AMD_DRY,1,0.974450979236853,0.015039977206996258,0.010509043556150796
RETFOUND_MAE_CFP_FROZEN_PCA128_SVM,42,1,S000414,ODIR,AMD_DRY,AMD_DRY,1,0.9824511204876207,0.013562466977548392,0.003986412534830832
RETFOUND_MAE_CFP_FROZEN_PCA128_SVM,42,1,S000415,ODIR,AMD_DRY,AMD_DRY,1,0.9906439963272081,0.005324722410317081,0.004031281262475098
RETFOUND_MAE_CFP_FROZEN_PCA128_SVM,42,1,S000421,ODIR,AMD_DRY,AMD_DRY,1,0.9417160394725604,0.04998814423735367,0.00829581629008564
RETFOUND_MAE_CFP_FROZEN_PCA128_SVM,42,1,S000422,ODIR,AMD_DRY,AMD_DRY,1,0.9680035282647059,0.02374424161671075,0.008252230118583314
RETFOUND_MAE_CFP_FROZEN_PCA128_SVM,42,1,S000429,ODIR,AMD_DRY,AMD_DRY,1,0.9973501343718696,0.0024876712825783304,0.00016219434555228505
RETFOUND_MAE_CFP_FROZEN_PCA128_SVM,42,1,S000431,ODIR,AMD_DRY,AMD_DRY,1,0.9787867055514538,0.020228712815442113,0.0009845816331040935
RETFOUND_MAE_CFP_FROZEN_PCA128_SVM,42,1,S000432,ODIR,AMD_DRY,AMD_DRY,1,0.9787699723347533,0.013335248532863535,0.007894779132383135
RETFOUND_MAE_CFP_FROZEN_PCA128_SVM,42,1,S000433,ODIR,AMD_DRY,AMD_DRY,1,0.995815432781588,0.0037685859331869956,0.0004159812852248122
RETFOUND_MAE_CFP_FROZEN_PCA128_SVM,42,1,S000436,ODIR,AMD_DRY,AMD_DRY,1,0.9796979305258994,0.017053710472636912,0.003248359001463648
RETFOUND_MAE_CFP_FROZEN_PCA128_SVM,42,1,S000437,ODIR,AMD_DRY,AMD_DRY,1,0.7968355955699749,0.14977370377957297,0.05339070065045198
RETFOUND_MAE_CFP_FROZEN_PCA128_SVM,42,1,S000446,ODIR,AMD_WET,AMD_DRY,0,0.8293590933245112,0.16377168339717754,0.006869223278311444
RETFOUND_MAE_CFP_FROZEN_PCA128_SVM,42,1,S000450,ODIR,AMD_WET,AMD_WET,1,0.005586494171500137,0.9930000336491196,0.001413472179380182
RETFOUND_MAE_CFP_FROZEN_PCA128_SVM,42,1,S000452,ODIR,AMD_WET,AMD_DRY,0,0.7844628947627328,0.023086081987512514,0.19245102324975485
RETFOUND_MAE_CFP_FROZEN_PCA128_SVM,42,1,S000454,ODIR,AMD_WET,AMD_WET,1,0.05350202016860146,0.9419557001628648,0.004542279668534087
RETFOUND_MAE_CFP_FROZEN_PCA128_SVM,42,1,S000467,ODIR,AMD_WET,AMD_WET,1,0.0211691954251735,0.974110839983915,0.004719964590911621
RETFOUND_MAE_CFP_FROZEN_PCA128_SVM,42,1,S000477,RFMID,NORMAL,NORMAL,1,0.0006175195712582622,0.002852383497994809,0.9965300969307469
RETFOUND_MAE_CFP_FROZEN_PCA128_SVM,42,1,S000480,RFMID,NORMAL,NORMAL,1,6.123529915729147e-07,3.814147502597621e-07,0.9999990062322581
RETFOUND_MAE_CFP_FROZEN_PCA128_SVM,42,1,S000484,RFMID,NORMAL,NORMAL,1,0.02010441193823205,0.03209928738334891,0.9477963006784188
RETFOUND_MAE_CFP_FROZEN_PCA128_SVM,42,1,S000485,RFMID,NORMAL,NORMAL,1,0.005630147208088553,0.0024141199070948235,0.9919557328848165
RETFOUND_MAE_CFP_FROZEN_PCA128_SVM,42,1,S000491,RFMID,NORMAL,NORMAL,1,0.025590515173600403,0.05851501550642976,0.91589446931997
RETFOUND_MAE_CFP_FROZEN_PCA128_SVM,42,1,S000493,RFMID,NORMAL,NORMAL,1,0.0011864157029868793,0.006103175143328903,0.9927104091536844
RETFOUND_MAE_CFP_FROZEN_PCA128_SVM,42,1,S000504,RFMID,NORMAL,NORMAL,1,0.003390999501227333,0.0010335901297441102,0.9955754103690286
RETFOUND_MAE_CFP_FROZEN_PCA128_SVM,42,1,S000506,RFMID,NORMAL,NORMAL,1,0.0011054480132643358,0.0021417642575486877,0.9967527877291869
RETFOUND_MAE_CFP_FROZEN_PCA128_SVM,42,1,S000507,RFMID,NORMAL,NORMAL,1,1.5857220649895776e-07,1.0154291349439413e-07,0.99999973988488
RETFOUND_MAE_CFP_FROZEN_PCA128_SVM,42,1,S000515,RFMID,NORMAL,NORMAL,1,0.0025734132819799724,0.0011769998857356497,0.9962495868322845
RETFOUND_MAE_CFP_FROZEN_PCA128_SVM,42,1,S000522,RFMID,NORMAL,NORMAL,1,0.00985978206805418,0.008011111593646827,0.9821291063382989
RETFOUND_MAE_CFP_FROZEN_PCA128_SVM,42,1,S000527,RFMID,NORMAL,NORMAL,1,0.0035304525290787902,0.002045899455063031,0.9944236480158581
RETFOUND_MAE_CFP_FROZEN_PCA128_SVM,42,1,S000529,RFMID,NORMAL,NORMAL,1,0.0021462472847739084,0.0027763848646905477,0.9950773678505355
RETFOUND_MAE_CFP_FROZEN_PCA128_SVM,42,1,S000542,RFMID,AMD_DRY,AMD_DRY,1,0.642868480443779,0.35216620697737416,0.00496531257884696
RETFOUND_MAE_CFP_FROZEN_PCA128_SVM,42,1,S000545,RFMID,AMD_WET,AMD_WET,1,0.0739786841084669,0.9257322996208396,0.0002890162706934795
RETFOUND_MAE_CFP_FROZEN_PCA128_SVM,42,1,S000552,RFMID,AMD_WET,AMD_WET,1,0.011569642506532921,0.9808000905361862,0.007630266957280681
RETFOUND_MAE_CFP_FROZEN_PCA128_SVM,42,1,S000553,RFMID,AMD_WET,AMD_WET,1,0.028265556807474824,0.9625493727004467,0.009185070492078253
RETFOUND_MAE_CFP_FROZEN_PCA128_SVM,42,1,S000565,RFMID,AMD_WET,AMD_WET,1,7.904561414261429e-07,0.9999883223714091,1.0887172449475036e-05
RETFOUND_MAE_CFP_FROZEN_PCA128_SVM,42,1,S000576,RFMID,AMD_WET,AMD_WET,1,9.446984880255222e-07,0.9996277957723697,0.00037125952914216355
RETFOUND_MAE_CFP_FROZEN_PCA128_SVM,42,1,S000578,RFMID,AMD_WET,AMD_WET,1,0.03516052679119698,0.9636714164798759,0.0011680567289269665
RETFOUND_MAE_CFP_FROZEN_PCA128_SVM,42,1,S000580,RFMID,AMD_WET,AMD_WET,1,1.0818610364031115e-06,0.9995626666082095,0.00043625153075408984
RETFOUND_MAE_CFP_FROZEN_PCA128_SVM,42,1,S000583,RFMID,AMD_WET,AMD_WET,1,0.013743790866649102,0.9838132068777692,0.002443002255581815
RETFOUND_MAE_CFP_FROZEN_PCA128_SVM,42,1,S000584,RFMID,AMD_WET,AMD_WET,1,1.6154437027550775e-06,0.9993837053520672,0.0006146792042300853
RETFOUND_MAE_CFP_FROZEN_PCA128_SVM,42,1,S000589,RFMID,AMD_WET,AMD_WET,1,0.05102895481386376,0.943166853287747,0.0058041918983890006
RETFOUND_MAE_CFP_FROZEN_PCA128_SVM,42,1,S000591,RFMID,AMD_WET,AMD_WET,1,1.2483527635208393e-06,0.9996271164125884,0.00037163523464802447
RETFOUND_MAE_CFP_FROZEN_PCA128_SVM,42,2,S000005,ADAM,AMD_DRY,AMD_DRY,1,0.7809231881357771,0.0015381132567767286,0.21753869860744587
RETFOUND_MAE_CFP_FROZEN_PCA128_SVM,42,2,S000006,ADAM,AMD_DRY,AMD_DRY,1,0.9086964773149456,0.09124412816878462,5.939451626974171e-05
RETFOUND_MAE_CFP_FROZEN_PCA128_SVM,42,2,S000009,ADAM,AMD_DRY,AMD_DRY,1,0.9536540041578517,0.04578485523633046,0.0005611406058181091
RETFOUND_MAE_CFP_FROZEN_PCA128_SVM,42,2,S000011,ADAM,AMD_DRY,AMD_DRY,1,0.802242165090512,0.03003760468668343,0.16772023022280466
RETFOUND_MAE_CFP_FROZEN_PCA128_SVM,42,2,S000025,ADAM,AMD_DRY,AMD_DRY,1,0.9054575744522546,0.020910352528059305,0.07363207301968602
RETFOUND_MAE_CFP_FROZEN_PCA128_SVM,42,2,S000027,ADAM,AMD_DRY,AMD_DRY,1,0.9178143439363619,0.0013668145572823562,0.08081884150635589
RETFOUND_MAE_CFP_FROZEN_PCA128_SVM,42,2,S000033,ADAM,AMD_DRY,AMD_DRY,1,0.996990797775251,0.0002104498923475391,0.002798752332401487
RETFOUND_MAE_CFP_FROZEN_PCA128_SVM,42,2,S000037,ADAM,AMD_WET,AMD_DRY,0,0.6128439130260683,0.38667021420548836,0.00048587276844356566
RETFOUND_MAE_CFP_FROZEN_PCA128_SVM,42,2,S000039,ADAM,AMD_WET,AMD_WET,1,1.7768531566661141e-06,0.9995242550535827,0.00047396809326078984
RETFOUND_MAE_CFP_FROZEN_PCA128_SVM,42,2,S000044,ADAM,AMD_WET,AMD_DRY,0,0.67785488354074,0.3206412447010296,0.0015038717582301162
RETFOUND_MAE_CFP_FROZEN_PCA128_SVM,42,2,S000049,ADAM,AMD_WET,AMD_DRY,0,0.8243558138260064,0.0025815751833420334,0.17306261099065168
RETFOUND_MAE_CFP_FROZEN_PCA128_SVM,42,2,S000054,FIVES,NORMAL,NORMAL,1,4.977735000160232e-07,5.101809826983651e-07,0.9999989920455172
RETFOUND_MAE_CFP_FROZEN_PCA128_SVM,42,2,S000059,FIVES,NORMAL,NORMAL,1,1.3922779102196383e-06,1.4222724776840788e-06,0.999997185449612
RETFOUND_MAE_CFP_FROZEN_PCA128_SVM,42,2,S000060,FIVES,NORMAL,NORMAL,1,0.0004451744417585527,0.004729772167416002,0.9948250533908253
RETFOUND_MAE_CFP_FROZEN_PCA128_SVM,42,2,S000063,FIVES,NORMAL,NORMAL,1,4.802639209291917e-07,3.6173711104166715e-07,0.999999157998968
RETFOUND_MAE_CFP_FROZEN_PCA128_SVM,42,2,S000068,FIVES,NORMAL,NORMAL,1,0.004084911544398792,0.0029701878630340795,0.992944900592567
RETFOUND_MAE_CFP_FROZEN_PCA128_SVM,42,2,S000069,FIVES,NORMAL,NORMAL,1,5.452683971268012e-07,3.4273455306651734e-07,0.9999991119970498
RETFOUND_MAE_CFP_FROZEN_PCA128_SVM,42,2,S000091,FIVES,NORMAL,NORMAL,1,0.0015446668304641552,0.0028496448671369687,0.9956056883023989
RETFOUND_MAE_CFP_FROZEN_PCA128_SVM,42,2,S000092,FIVES,NORMAL,NORMAL,1,0.0017402461534067794,0.006324607560108772,0.9919351462864845
RETFOUND_MAE_CFP_FROZEN_PCA128_SVM,42,2,S000098,FIVES,NORMAL,NORMAL,1,0.0017723217333686105,0.0008187781499504463,0.997408900116681
RETFOUND_MAE_CFP_FROZEN_PCA128_SVM,42,2,S000099,FIVES,NORMAL,NORMAL,1,0.018434916207708072,0.03497987214302229,0.9465852116492696
RETFOUND_MAE_CFP_FROZEN_PCA128_SVM,42,2,S000102,FIVES,NORMAL,NORMAL,1,4.18067200870593e-07,3.977807734600191e-07,0.9999991841520257
RETFOUND_MAE_CFP_FROZEN_PCA128_SVM,42,2,S000112,FIVES,NORMAL,NORMAL,1,0.002004808220131902,0.001369587208917818,0.9966256045709504
RETFOUND_MAE_CFP_FROZEN_PCA128_SVM,42,2,S000113,FIVES,NORMAL,NORMAL,1,3.282057187337851e-06,3.18802391314746e-06,0.9999935299188994
RETFOUND_MAE_CFP_FROZEN_PCA128_SVM,42,2,S000121,FIVES,NORMAL,NORMAL,1,1.3874391557673501e-06,1.4991867794068549e-06,0.9999971133740648
RETFOUND_MAE_CFP_FROZEN_PCA128_SVM,42,2,S000134,FIVES,NORMAL,NORMAL,1,0.000915325689356532,0.0023630899670370803,0.9967215843436065
RETFOUND_MAE_CFP_FROZEN_PCA128_SVM,42,2,S000137,FIVES,NORMAL,NORMAL,1,0.0033363145270460712,0.00014023931783708197,0.9965234461551168
RETFOUND_MAE_CFP_FROZEN_PCA128_SVM,42,2,S000138,FIVES,NORMAL,NORMAL,1,4.225979981960551e-06,4.070828525494349e-06,0.9999917031914926
RETFOUND_MAE_CFP_FROZEN_PCA128_SVM,42,2,S000147,FIVES,NORMAL,NORMAL,1,0.0013228444637397821,0.005004030043743376,0.9936731254925169
RETFOUND_MAE_CFP_FROZEN_PCA128_SVM,42,2,S000150,FIVES,NORMAL,NORMAL,1,0.004361451472801595,0.0036207232512869116,0.9920178252759115
RETFOUND_MAE_CFP_FROZEN_PCA128_SVM,42,2,S000153,FIVES,AMD_DRY,AMD_DRY,1,0.9780287899118133,0.01866206861205244,0.00330914147613418
RETFOUND_MAE_CFP_FROZEN_PCA128_SVM,42,2,S000154,FIVES,AMD_DRY,AMD_DRY,1,0.9543438037965256,0.04487042492789648,0.0007857712755780836
RETFOUND_MAE_CFP_FROZEN_PCA128_SVM,42,2,S000160,FIVES,AMD_DRY,AMD_DRY,1,0.9847880369602485,0.00829352558574792,0.00691843745400344
RETFOUND_MAE_CFP_FROZEN_PCA128_SVM,42,2,S000167,FIVES,AMD_WET,AMD_WET,1,0.07185442230787324,0.9273748594785975,0.0007707182135294539
RETFOUND_MAE_CFP_FROZEN_PCA128_SVM,42,2,S000178,FIVES,AMD_WET,AMD_WET,1,0.00438526121581457,0.9947773500648988,0.0008373887192867851
RETFOUND_MAE_CFP_FROZEN_PCA128_SVM,42,2,S000180,FIVES,AMD_WET,AMD_WET,1,0.005262443393567878,0.9945861589208488,0.0001513976855833548
RETFOUND_MAE_CFP_FROZEN_PCA128_SVM,42,2,S000183,FIVES,AMD_WET,AMD_WET,1,2.1183844100771807e-06,0.9991393524371679,0.0008585291784220485
RETFOUND_MAE_CFP_FROZEN_PCA128_SVM,42,2,S000184,FIVES,AMD_WET,AMD_WET,1,0.0023070968342460076,0.9976053315783707,8.757158738339951e-05
RETFOUND_MAE_CFP_FROZEN_PCA128_SVM,42,2,S000186,FIVES,AMD_WET,AMD_WET,1,3.1368403149090033e-06,0.9998210362276685,0.00017582693201662248
RETFOUND_MAE_CFP_FROZEN_PCA128_SVM,42,2,S000188,FIVES,AMD_WET,AMD_WET,1,0.0031469135479100774,0.9967930485545842,6.0037897506162056e-05
RETFOUND_MAE_CFP_FROZEN_PCA128_SVM,42,2,S000205,FIVES,AMD_WET,AMD_WET,1,1.8026882716869587e-07,0.999789859928693,0.00020995980247978235
RETFOUND_MAE_CFP_FROZEN_PCA128_SVM,42,2,S000210,FIVES,AMD_WET,AMD_WET,1,0.0067366149065961585,0.991253323626333,0.002010061467070623
RETFOUND_MAE_CFP_FROZEN_PCA128_SVM,42,2,S000222,FIVES,AMD_WET,AMD_WET,1,7.418840460990936e-07,0.9995224704224451,0.00047678769350861783
RETFOUND_MAE_CFP_FROZEN_PCA128_SVM,42,2,S000226,FIVES,AMD_WET,AMD_WET,1,0.01846386559444305,0.9790445785363886,0.0024915558691683388
RETFOUND_MAE_CFP_FROZEN_PCA128_SVM,42,2,S000230,FIVES,AMD_WET,AMD_WET,1,4.937550579686553e-07,0.9998718627996216,0.00012764344532057367
RETFOUND_MAE_CFP_FROZEN_PCA128_SVM,42,2,S000233,FIVES,AMD_WET,AMD_WET,1,0.008312572087102323,0.8732123101475595,0.11847511776533817
RETFOUND_MAE_CFP_FROZEN_PCA128_SVM,42,2,S000238,FIVES,AMD_WET,AMD_WET,1,0.1033802701457258,0.754681311256057,0.14193841859821718
RETFOUND_MAE_CFP_FROZEN_PCA128_SVM,42,2,S000241,ODIR,NORMAL,NORMAL,1,0.04633101275219623,0.0009180665894800271,0.9527509206583238
RETFOUND_MAE_CFP_FROZEN_PCA128_SVM,42,2,S000244,ODIR,NORMAL,NORMAL,1,0.0060428189833711165,0.003458631899020546,0.9904985491176083
RETFOUND_MAE_CFP_FROZEN_PCA128_SVM,42,2,S000250,ODIR,NORMAL,NORMAL,1,0.1098176893091288,0.0011795491121732698,0.889002761578698
RETFOUND_MAE_CFP_FROZEN_PCA128_SVM,42,2,S000259,ODIR,NORMAL,NORMAL,1,0.004481523096394004,0.0007745757962282773,0.9947439011073775
RETFOUND_MAE_CFP_FROZEN_PCA128_SVM,42,2,S000260,ODIR,NORMAL,NORMAL,1,0.0029619541420165337,0.0016639136220642438,0.9953741322359191
RETFOUND_MAE_CFP_FROZEN_PCA128_SVM,42,2,S000261,ODIR,NORMAL,NORMAL,1,0.014668429113719137,0.00015366763614706156,0.985177903250134
RETFOUND_MAE_CFP_FROZEN_PCA128_SVM,42,2,S000266,ODIR,NORMAL,NORMAL,1,9.706810676854973e-08,4.8849400602430874e-08,0.9999998540824926
RETFOUND_MAE_CFP_FROZEN_PCA128_SVM,42,2,S000276,ODIR,NORMAL,NORMAL,1,0.0029511352845659764,0.00040735039939593474,0.9966415143160382
RETFOUND_MAE_CFP_FROZEN_PCA128_SVM,42,2,S000284,ODIR,NORMAL,NORMAL,1,0.027259326142100714,0.0010312081708465969,0.9717094656870527
RETFOUND_MAE_CFP_FROZEN_PCA128_SVM,42,2,S000287,ODIR,NORMAL,NORMAL,1,0.041355044823665595,0.0009231846573432123,0.9577217705189911
RETFOUND_MAE_CFP_FROZEN_PCA128_SVM,42,2,S000290,ODIR,NORMAL,NORMAL,1,0.002662118214149461,0.0009090337853943079,0.9964288480004563
RETFOUND_MAE_CFP_FROZEN_PCA128_SVM,42,2,S000293,ODIR,NORMAL,NORMAL,1,0.0013736099445968595,0.001505031785485188,0.9971213582699179
RETFOUND_MAE_CFP_FROZEN_PCA128_SVM,42,2,S000295,ODIR,NORMAL,AMD_DRY,0,0.522469717987706,0.0021814681411916857,0.47534881387110195
RETFOUND_MAE_CFP_FROZEN_PCA128_SVM,42,2,S000297,ODIR,NORMAL,NORMAL,1,0.013380717192371902,0.000345045735689808,0.9862742370719384
RETFOUND_MAE_CFP_FROZEN_PCA128_SVM,42,2,S000300,ODIR,NORMAL,NORMAL,1,0.008089607168511847,0.0044780750034612215,0.9874323178280269
RETFOUND_MAE_CFP_FROZEN_PCA128_SVM,42,2,S000310,ODIR,NORMAL,NORMAL,1,0.0002836941807150595,0.0011566848955462529,0.9985596209237385
RETFOUND_MAE_CFP_FROZEN_PCA128_SVM,42,2,S000322,ODIR,NORMAL,NORMAL,1,0.017560814334987074,0.003834388627917283,0.9786047970370955
RETFOUND_MAE_CFP_FROZEN_PCA128_SVM,42,2,S000340,ODIR,NORMAL,NORMAL,1,0.0029115539766193825,0.0011611840374423082,0.9959272619859385
RETFOUND_MAE_CFP_FROZEN_PCA128_SVM,42,2,S000344,ODIR,NORMAL,NORMAL,1,1.982762614111212e-06,1.0188552624807927e-06,0.9999969983821234
RETFOUND_MAE_CFP_FROZEN_PCA128_SVM,42,2,S000345,ODIR,NORMAL,NORMAL,1,2.327907083474052e-07,1.1888110576073882e-07,0.9999996483281859
RETFOUND_MAE_CFP_FROZEN_PCA128_SVM,42,2,S000347,ODIR,NORMAL,NORMAL,1,0.13721130480664298,0.014446968663729309,0.8483417265296278
RETFOUND_MAE_CFP_FROZEN_PCA128_SVM,42,2,S000350,ODIR,NORMAL,NORMAL,1,0.010577525814300102,0.01012778973526331,0.9792946844504365
RETFOUND_MAE_CFP_FROZEN_PCA128_SVM,42,2,S000352,ODIR,NORMAL,NORMAL,1,0.08763270362047704,0.12817905086954912,0.7841882455099735
RETFOUND_MAE_CFP_FROZEN_PCA128_SVM,42,2,S000359,ODIR,NORMAL,NORMAL,1,0.014336217697032106,0.0024540531431122706,0.9832097291598556
RETFOUND_MAE_CFP_FROZEN_PCA128_SVM,42,2,S000361,ODIR,NORMAL,NORMAL,1,0.041051331488257174,0.002008714262309103,0.9569399542494336
RETFOUND_MAE_CFP_FROZEN_PCA128_SVM,42,2,S000366,ODIR,AMD_DRY,AMD_DRY,1,0.6575814596878319,0.19450556810720665,0.1479129722049614
RETFOUND_MAE_CFP_FROZEN_PCA128_SVM,42,2,S000368,ODIR,AMD_DRY,AMD_DRY,1,0.9897387803999502,0.00041299648989836623,0.009848223110151539
RETFOUND_MAE_CFP_FROZEN_PCA128_SVM,42,2,S000369,ODIR,AMD_DRY,AMD_DRY,1,0.8567280367798553,0.13447682965534352,0.008795133564801143
RETFOUND_MAE_CFP_FROZEN_PCA128_SVM,42,2,S000370,ODIR,AMD_DRY,AMD_DRY,1,0.8081941438484075,0.10798140387284054,0.08382445227875217
RETFOUND_MAE_CFP_FROZEN_PCA128_SVM,42,2,S000374,ODIR,AMD_DRY,AMD_DRY,1,0.8668085791398176,0.12664280826247287,0.006548612597709495
RETFOUND_MAE_CFP_FROZEN_PCA128_SVM,42,2,S000377,ODIR,AMD_DRY,AMD_DRY,1,0.4748613836249901,0.4684512159986477,0.05668740037636224
RETFOUND_MAE_CFP_FROZEN_PCA128_SVM,42,2,S000378,ODIR,AMD_DRY,AMD_DRY,1,0.6617604086017161,0.10450839333458065,0.23373119806370357
RETFOUND_MAE_CFP_FROZEN_PCA128_SVM,42,2,S000379,ODIR,AMD_DRY,AMD_DRY,1,0.654290381376196,0.33798221543345264,0.007727403190351536
RETFOUND_MAE_CFP_FROZEN_PCA128_SVM,42,2,S000380,ODIR,AMD_DRY,AMD_DRY,1,0.9426867447203614,0.05681489241618725,0.0004983628634513393
RETFOUND_MAE_CFP_FROZEN_PCA128_SVM,42,2,S000383,ODIR,AMD_DRY,AMD_DRY,1,0.6011851330190694,0.3381455241395233,0.06066934284140726
RETFOUND_MAE_CFP_FROZEN_PCA128_SVM,42,2,S000390,ODIR,AMD_DRY,AMD_WET,0,0.3607263806497159,0.6196130088209973,0.019660610529286634
RETFOUND_MAE_CFP_FROZEN_PCA128_SVM,42,2,S000402,ODIR,AMD_DRY,AMD_DRY,1,0.9951255156791488,0.0030233315795659445,0.0018511527412854907
RETFOUND_MAE_CFP_FROZEN_PCA128_SVM,42,2,S000416,ODIR,AMD_DRY,AMD_DRY,1,0.819503633375661,0.02295624339233505,0.15754012323200375
RETFOUND_MAE_CFP_FROZEN_PCA128_SVM,42,2,S000439,ODIR,AMD_DRY,AMD_DRY,1,0.9544338234253336,0.04138074748668117,0.0041854290879853795
RETFOUND_MAE_CFP_FROZEN_PCA128_SVM,42,2,S000441,ODIR,AMD_DRY,AMD_DRY,1,0.9902973590417979,0.003573844800029424,0.006128796158172624
RETFOUND_MAE_CFP_FROZEN_PCA128_SVM,42,2,S000444,ODIR,AMD_DRY,NORMAL,0,0.29146824831686013,0.00579882784705945,0.7027329238360804
RETFOUND_MAE_CFP_FROZEN_PCA128_SVM,42,2,S000447,ODIR,AMD_WET,AMD_WET,1,0.2531343978998144,0.74560111492654,0.0012644871736457275
RETFOUND_MAE_CFP_FROZEN_PCA128_SVM,42,2,S000455,ODIR,AMD_WET,AMD_WET,1,0.14454586964162777,0.8541959582910824,0.0012581720672898763
RETFOUND_MAE_CFP_FROZEN_PCA128_SVM,42,2,S000459,ODIR,AMD_WET,AMD_DRY,0,0.859721964446375,0.12033968943122753,0.019938346122397435
RETFOUND_MAE_CFP_FROZEN_PCA128_SVM,42,2,S000460,ODIR,AMD_WET,AMD_DRY,0,0.9833899003131132,0.004213681053289278,0.012396418633597138
RETFOUND_MAE_CFP_FROZEN_PCA128_SVM,42,2,S000465,ODIR,AMD_WET,AMD_DRY,0,0.6359174731723772,0.2550934877984271,0.10898903902919553
RETFOUND_MAE_CFP_FROZEN_PCA128_SVM,42,2,S000472,ODIR,AMD_WET,AMD_DRY,0,0.9754944190495219,0.01645150686830925,0.008054074082168714
RETFOUND_MAE_CFP_FROZEN_PCA128_SVM,42,2,S000478,RFMID,NORMAL,NORMAL,1,0.01555116574859791,0.008698838168807328,0.9757499960825945
RETFOUND_MAE_CFP_FROZEN_PCA128_SVM,42,2,S000481,RFMID,NORMAL,NORMAL,1,0.005871620908676856,0.0019977358689140497,0.9921306432224092
RETFOUND_MAE_CFP_FROZEN_PCA128_SVM,42,2,S000490,RFMID,NORMAL,NORMAL,1,4.4433867962502614e-06,4.361747097257256e-06,0.9999911948661065
RETFOUND_MAE_CFP_FROZEN_PCA128_SVM,42,2,S000494,RFMID,NORMAL,NORMAL,1,0.006488014461764347,0.013671061146882485,0.9798409243913532
RETFOUND_MAE_CFP_FROZEN_PCA128_SVM,42,2,S000498,RFMID,NORMAL,NORMAL,1,0.032844703898430486,0.045292825111017204,0.9218624709905524
RETFOUND_MAE_CFP_FROZEN_PCA128_SVM,42,2,S000502,RFMID,NORMAL,NORMAL,1,0.0018641473844052572,0.0015690969587897976,0.9965667556568047
RETFOUND_MAE_CFP_FROZEN_PCA128_SVM,42,2,S000508,RFMID,NORMAL,NORMAL,1,0.01627082272491024,0.0011134724131101645,0.9826157048619796
RETFOUND_MAE_CFP_FROZEN_PCA128_SVM,42,2,S000509,RFMID,NORMAL,NORMAL,1,0.0037574181723693313,0.0007578787832534176,0.9954847030443773
RETFOUND_MAE_CFP_FROZEN_PCA128_SVM,42,2,S000510,RFMID,NORMAL,NORMAL,1,0.0236379522059579,0.0031705994270098277,0.9731914483670323
RETFOUND_MAE_CFP_FROZEN_PCA128_SVM,42,2,S000516,RFMID,NORMAL,NORMAL,1,0.00224089656045653,0.0001911178915966445,0.9975679855479468
RETFOUND_MAE_CFP_FROZEN_PCA128_SVM,42,2,S000517,RFMID,NORMAL,NORMAL,1,0.04378710053641131,0.0013251728816071578,0.9548877265819815
RETFOUND_MAE_CFP_FROZEN_PCA128_SVM,42,2,S000518,RFMID,NORMAL,NORMAL,1,3.4721032186582945e-07,2.0757425969870977e-07,0.9999994452154185
RETFOUND_MAE_CFP_FROZEN_PCA128_SVM,42,2,S000523,RFMID,NORMAL,NORMAL,1,3.2603461519335655e-08,2.3816527541868823e-08,0.999999943580011
RETFOUND_MAE_CFP_FROZEN_PCA128_SVM,42,2,S000537,RFMID,AMD_DRY,AMD_DRY,1,0.991412618550467,0.005843973581863952,0.0027434078676692006
RETFOUND_MAE_CFP_FROZEN_PCA128_SVM,42,2,S000555,RFMID,AMD_WET,AMD_WET,1,0.015066404414520354,0.9539027789080301,0.031030816677449766
RETFOUND_MAE_CFP_FROZEN_PCA128_SVM,42,2,S000557,RFMID,AMD_WET,AMD_WET,1,1.6905065803691726e-08,0.9999352284555475,6.475463938665329e-05
RETFOUND_MAE_CFP_FROZEN_PCA128_SVM,42,2,S000559,RFMID,AMD_WET,AMD_WET,1,0.008057515258782028,0.9877656192131342,0.004176865528083958
RETFOUND_MAE_CFP_FROZEN_PCA128_SVM,42,2,S000568,RFMID,AMD_WET,AMD_WET,1,0.046372859100125924,0.9467741734753709,0.006852967424503389
RETFOUND_MAE_CFP_FROZEN_PCA128_SVM,42,2,S000571,RFMID,AMD_WET,AMD_WET,1,0.0027687985278140076,0.995550315053534,0.0016808864186519707
RETFOUND_MAE_CFP_FROZEN_PCA128_SVM,42,2,S000572,RFMID,AMD_WET,AMD_WET,1,0.0038864921622930996,0.9953390550278978,0.0007744528098090672
RETFOUND_MAE_CFP_FROZEN_PCA128_SVM,42,2,S000573,RFMID,AMD_WET,AMD_WET,1,0.15093592202948355,0.8387661601836912,0.010297917786825175
RETFOUND_MAE_CFP_FROZEN_PCA128_SVM,42,2,S000586,RFMID,AMD_WET,AMD_WET,1,0.021194038046891073,0.9475952563607205,0.0312107055923886
RETFOUND_MAE_CFP_FROZEN_PCA128_SVM,42,2,S000587,RFMID,AMD_WET,AMD_WET,1,0.009273664210086236,0.9895499354030335,0.0011764003868804825
RETFOUND_MAE_CFP_FROZEN_PCA128_SVM,42,2,S000594,RFMID,AMD_WET,AMD_WET,1,0.002258470591330899,0.9966309836856536,0.0011105457230154443
RETFOUND_MAE_CFP_FROZEN_PCA128_SVM,42,2,S000595,RFMID,AMD_WET,AMD_WET,1,0.01406473062664889,0.9844210456338851,0.0015142237394660631
RETFOUND_MAE_CFP_FROZEN_PCA128_SVM,42,3,S000012,ADAM,AMD_DRY,AMD_DRY,1,0.9614228295338967,0.036681290497035085,0.0018958799690682742
RETFOUND_MAE_CFP_FROZEN_PCA128_SVM,42,3,S000014,ADAM,AMD_DRY,AMD_DRY,1,0.43840587148461146,0.1293597212575435,0.4322344072578449
RETFOUND_MAE_CFP_FROZEN_PCA128_SVM,42,3,S000016,ADAM,AMD_DRY,AMD_DRY,1,0.9744416366668021,0.016753578494741576,0.00880478483845655
RETFOUND_MAE_CFP_FROZEN_PCA128_SVM,42,3,S000020,ADAM,AMD_DRY,AMD_DRY,1,0.7516478489175322,0.24626314992289344,0.0020890011595742987
RETFOUND_MAE_CFP_FROZEN_PCA128_SVM,42,3,S000028,ADAM,AMD_DRY,AMD_DRY,1,0.9471214259106824,0.035789325637218,0.01708924845209953
RETFOUND_MAE_CFP_FROZEN_PCA128_SVM,42,3,S000031,ADAM,AMD_DRY,NORMAL,0,0.09561116349563772,0.00275320832148139,0.9016356281828807
RETFOUND_MAE_CFP_FROZEN_PCA128_SVM,42,3,S000034,ADAM,AMD_DRY,AMD_DRY,1,0.9064397226245291,0.09332416933871143,0.000236108036759638
RETFOUND_MAE_CFP_FROZEN_PCA128_SVM,42,3,S000036,ADAM,AMD_WET,AMD_DRY,0,0.9823876689769253,0.017266585487045086,0.0003457455360296216
RETFOUND_MAE_CFP_FROZEN_PCA128_SVM,42,3,S000038,ADAM,AMD_WET,AMD_WET,1,0.03476992335033237,0.9651007314286347,0.000129345221032826
RETFOUND_MAE_CFP_FROZEN_PCA128_SVM,42,3,S000050,ADAM,AMD_WET,AMD_DRY,0,0.6210759056766425,0.37879100750142236,0.00013308682193492467
RETFOUND_MAE_CFP_FROZEN_PCA128_SVM,42,3,S000058,FIVES,NORMAL,NORMAL,1,0.0012908854390815466,0.02165830648378162,0.977050808077137
RETFOUND_MAE_CFP_FROZEN_PCA128_SVM,42,3,S000061,FIVES,NORMAL,NORMAL,1,4.7546212510048244e-07,5.45695809375727e-07,0.9999989788420656
RETFOUND_MAE_CFP_FROZEN_PCA128_SVM,42,3,S000070,FIVES,NORMAL,NORMAL,1,0.01182410891776107,0.007798843625949837,0.9803770474562892
RETFOUND_MAE_CFP_FROZEN_PCA128_SVM,42,3,S000073,FIVES,NORMAL,NORMAL,1,5.214106563983855e-06,3.1704924248960702e-06,0.9999916154010111
RETFOUND_MAE_CFP_FROZEN_PCA128_SVM,42,3,S000075,FIVES,NORMAL,NORMAL,1,1.1295408170434944e-07,1.2509585198595002e-07,0.9999997619500662
RETFOUND_MAE_CFP_FROZEN_PCA128_SVM,42,3,S000076,FIVES,NORMAL,NORMAL,1,0.0030810976626175273,0.0023156578638431555,0.9946032444735394
RETFOUND_MAE_CFP_FROZEN_PCA128_SVM,42,3,S000080,FIVES,NORMAL,NORMAL,1,2.2102611405425605e-06,2.320681535927838e-06,0.9999954690573235
RETFOUND_MAE_CFP_FROZEN_PCA128_SVM,42,3,S000082,FIVES,NORMAL,NORMAL,1,9.666233380026257e-07,1.0171777648411956e-06,0.999998016198897
RETFOUND_MAE_CFP_FROZEN_PCA128_SVM,42,3,S000086,FIVES,NORMAL,NORMAL,1,0.003389399044318707,0.011440083469981073,0.9851705174857004
RETFOUND_MAE_CFP_FROZEN_PCA128_SVM,42,3,S000087,FIVES,NORMAL,NORMAL,1,1.4592170014274773e-07,1.6137787447954159e-07,0.9999996927004254
RETFOUND_MAE_CFP_FROZEN_PCA128_SVM,42,3,S000104,FIVES,NORMAL,NORMAL,1,5.747861203841585e-08,6.381242129409363e-08,0.9999998787089668
RETFOUND_MAE_CFP_FROZEN_PCA128_SVM,42,3,S000115,FIVES,NORMAL,NORMAL,1,0.0008733483815345736,0.019375553743842495,0.9797510978746229
RETFOUND_MAE_CFP_FROZEN_PCA128_SVM,42,3,S000116,FIVES,NORMAL,NORMAL,1,0.004161596894574687,0.006414862282414564,0.9894235408230106
RETFOUND_MAE_CFP_FROZEN_PCA128_SVM,42,3,S000127,FIVES,NORMAL,NORMAL,1,0.0009632902002864362,0.0019923263784373505,0.9970443834212762
RETFOUND_MAE_CFP_FROZEN_PCA128_SVM,42,3,S000129,FIVES,NORMAL,NORMAL,1,1.2106395146905142e-07,1.2206438454830205e-07,0.9999997568716641
RETFOUND_MAE_CFP_FROZEN_PCA128_SVM,42,3,S000132,FIVES,NORMAL,NORMAL,1,3.3849960259032675e-07,3.1393414828100934e-07,0.9999993475662491
RETFOUND_MAE_CFP_FROZEN_PCA128_SVM,42,3,S000139,FIVES,NORMAL,NORMAL,1,0.000676442580942432,0.015668252845628422,0.9836553045734294
RETFOUND_MAE_CFP_FROZEN_PCA128_SVM,42,3,S000140,FIVES,NORMAL,NORMAL,1,0.004076400812591193,0.0016059965780761331,0.994317602609333
RETFOUND_MAE_CFP_FROZEN_PCA128_SVM,42,3,S000144,FIVES,NORMAL,NORMAL,1,0.009042345431257261,0.08966300928809877,0.9012946452806438
RETFOUND_MAE_CFP_FROZEN_PCA128_SVM,42,3,S000148,FIVES,NORMAL,NORMAL,1,0.0007119695013724482,0.002526064642740116,0.9967619658558872
RETFOUND_MAE_CFP_FROZEN_PCA128_SVM,42,3,S000152,FIVES,AMD_DRY,AMD_DRY,1,0.8484311580417753,0.149974859738253,0.0015939822199715896
RETFOUND_MAE_CFP_FROZEN_PCA128_SVM,42,3,S000156,FIVES,AMD_DRY,AMD_DRY,1,0.7345683804397845,0.2635776428828181,0.0018539766773976514
RETFOUND_MAE_CFP_FROZEN_PCA128_SVM,42,3,S000161,FIVES,AMD_DRY,AMD_DRY,1,0.5478297806933948,0.45063230793000564,0.0015379113765993772
RETFOUND_MAE_CFP_FROZEN_PCA128_SVM,42,3,S000170,FIVES,AMD_WET,AMD_WET,1,1.4270953860379874e-06,0.9997245487077067,0.00027402419690724316
RETFOUND_MAE_CFP_FROZEN_PCA128_SVM,42,3,S000172,FIVES,AMD_WET,AMD_WET,1,0.001761544529902464,0.9976647241141297,0.0005737313559678681
RETFOUND_MAE_CFP_FROZEN_PCA128_SVM,42,3,S000173,FIVES,AMD_WET,AMD_WET,1,0.024675740318665974,0.9664001027767282,0.008924156904605636
RETFOUND_MAE_CFP_FROZEN_PCA128_SVM,42,3,S000174,FIVES,AMD_WET,AMD_WET,1,0.0065025065562285085,0.9922601157393832,0.0012373777043883103
RETFOUND_MAE_CFP_FROZEN_PCA128_SVM,42,3,S000190,FIVES,AMD_WET,AMD_WET,1,0.04453388705314951,0.9532206201805709,0.00224549276627977
RETFOUND_MAE_CFP_FROZEN_PCA128_SVM,42,3,S000193,FIVES,AMD_WET,AMD_WET,1,0.0017389801325363395,0.99781540745935,0.00044561240811348074
RETFOUND_MAE_CFP_FROZEN_PCA128_SVM,42,3,S000200,FIVES,AMD_WET,AMD_WET,1,0.004669966389555897,0.9820901386859322,0.013239894924511879
RETFOUND_MAE_CFP_FROZEN_PCA128_SVM,42,3,S000201,FIVES,AMD_WET,AMD_WET,1,3.132886351186374e-09,0.9999898814659456,1.0115401168107857e-05
RETFOUND_MAE_CFP_FROZEN_PCA128_SVM,42,3,S000204,FIVES,AMD_WET,AMD_WET,1,2.50634416778928e-06,0.9995127211663717,0.0004847724894604182
RETFOUND_MAE_CFP_FROZEN_PCA128_SVM,42,3,S000207,FIVES,AMD_WET,AMD_WET,1,8.09979203950426e-07,0.9999733118914116,2.5878129384622294e-05
RETFOUND_MAE_CFP_FROZEN_PCA128_SVM,42,3,S000208,FIVES,AMD_WET,AMD_WET,1,0.024490475672092695,0.9753729765501873,0.00013654777772011416
RETFOUND_MAE_CFP_FROZEN_PCA128_SVM,42,3,S000213,FIVES,AMD_WET,AMD_WET,1,0.0049148498846227,0.9873904749330157,0.0076946751823615935
RETFOUND_MAE_CFP_FROZEN_PCA128_SVM,42,3,S000216,FIVES,AMD_WET,AMD_WET,1,3.280441752273165e-08,0.999980778227115,1.9188968467500988e-05
RETFOUND_MAE_CFP_FROZEN_PCA128_SVM,42,3,S000220,FIVES,AMD_WET,AMD_WET,1,0.06751858919202905,0.9322383171726297,0.0002430936353413739
RETFOUND_MAE_CFP_FROZEN_PCA128_SVM,42,3,S000239,ODIR,NORMAL,NORMAL,1,0.0035665162145453633,0.0006020004548154574,0.9958314833306391
RETFOUND_MAE_CFP_FROZEN_PCA128_SVM,42,3,S000251,ODIR,NORMAL,NORMAL,1,0.009079946444980865,0.0019132217123778547,0.9890068318426416
RETFOUND_MAE_CFP_FROZEN_PCA128_SVM,42,3,S000257,ODIR,NORMAL,NORMAL,1,0.005695496111213831,0.0009738601602036598,0.9933306437285825
RETFOUND_MAE_CFP_FROZEN_PCA128_SVM,42,3,S000263,ODIR,NORMAL,NORMAL,1,1.0433464510394494e-06,6.78859111283319e-07,0.9999982777944377
RETFOUND_MAE_CFP_FROZEN_PCA128_SVM,42,3,S000270,ODIR,NORMAL,NORMAL,1,0.02253412580182493,0.0006193078930011829,0.9768465663051741
RETFOUND_MAE_CFP_FROZEN_PCA128_SVM,42,3,S000273,ODIR,NORMAL,NORMAL,1,2.9975879103308726e-07,1.546698592523898e-07,0.9999995455713497
RETFOUND_MAE_CFP_FROZEN_PCA128_SVM,42,3,S000277,ODIR,NORMAL,NORMAL,1,0.003749739396462272,0.00016567093598351094,0.9960845896675543
RETFOUND_MAE_CFP_FROZEN_PCA128_SVM,42,3,S000278,ODIR,NORMAL,NORMAL,1,0.0005257367325297585,0.0011419444388742778,0.9983323188285962
RETFOUND_MAE_CFP_FROZEN_PCA128_SVM,42,3,S000296,ODIR,NORMAL,NORMAL,1,0.0032618810313172243,0.006039438673566108,0.9906986802951165
RETFOUND_MAE_CFP_FROZEN_PCA128_SVM,42,3,S000301,ODIR,NORMAL,NORMAL,1,0.002375378018637497,0.0015903065872621652,0.9960343153941004
RETFOUND_MAE_CFP_FROZEN_PCA128_SVM,42,3,S000306,ODIR,NORMAL,NORMAL,1,0.0013842909687609992,0.0013667916984907314,0.9972489173327481
RETFOUND_MAE_CFP_FROZEN_PCA128_SVM,42,3,S000308,ODIR,NORMAL,NORMAL,1,0.22367699701473556,0.013272689518043362,0.7630503134672212
RETFOUND_MAE_CFP_FROZEN_PCA128_SVM,42,3,S000319,ODIR,NORMAL,NORMAL,1,0.005053617684700868,0.000717552396159614,0.9942288299191392
RETFOUND_MAE_CFP_FROZEN_PCA128_SVM,42,3,S000324,ODIR,NORMAL,NORMAL,1,0.014771869124596009,0.019100331555024646,0.9661277993203795
RETFOUND_MAE_CFP_FROZEN_PCA128_SVM,42,3,S000325,ODIR,NORMAL,NORMAL,1,4.8423243423458594e-06,3.146014080055707e-06,0.9999920116615777
RETFOUND_MAE_CFP_FROZEN_PCA128_SVM,42,3,S000328,ODIR,NORMAL,NORMAL,1,0.0035961723852697513,0.0007345691408918442,0.9956692584738386
RETFOUND_MAE_CFP_FROZEN_PCA128_SVM,42,3,S000331,ODIR,NORMAL,NORMAL,1,0.005795805611114728,0.00817738440223209,0.986026809986653
RETFOUND_MAE_CFP_FROZEN_PCA128_SVM,42,3,S000334,ODIR,NORMAL,NORMAL,1,1.4736476219264438e-06,7.723542228216083e-07,0.9999977539981552
RETFOUND_MAE_CFP_FROZEN_PCA128_SVM,42,3,S000338,ODIR,NORMAL,NORMAL,1,0.018359133754895507,0.0243434498646733,0.957297416380431
RETFOUND_MAE_CFP_FROZEN_PCA128_SVM,42,3,S000339,ODIR,NORMAL,NORMAL,1,0.0008337775150290261,0.0030620247404948135,0.9961041977444763
RETFOUND_MAE_CFP_FROZEN_PCA128_SVM,42,3,S000342,ODIR,NORMAL,NORMAL,1,0.009084422892129332,0.017704507304861967,0.9732110698030089
RETFOUND_MAE_CFP_FROZEN_PCA128_SVM,42,3,S000348,ODIR,NORMAL,NORMAL,1,0.08042375334552315,0.004516018813915061,0.9150602278405618
RETFOUND_MAE_CFP_FROZEN_PCA128_SVM,42,3,S000354,ODIR,NORMAL,NORMAL,1,0.00530109672181042,0.0014872688662500814,0.9932116344119395
RETFOUND_MAE_CFP_FROZEN_PCA128_SVM,42,3,S000357,ODIR,NORMAL,NORMAL,1,1.6475965639540816e-06,8.743836099682872e-07,0.9999974780198261
RETFOUND_MAE_CFP_FROZEN_PCA128_SVM,42,3,S000362,ODIR,NORMAL,NORMAL,1,1.6038453867416389e-06,8.53660443422209e-07,0.9999975424941698
RETFOUND_MAE_CFP_FROZEN_PCA128_SVM,42,3,S000367,ODIR,AMD_DRY,AMD_WET,0,0.4335633501264174,0.5653523255333426,0.0010843243402397509
RETFOUND_MAE_CFP_FROZEN_PCA128_SVM,42,3,S000373,ODIR,AMD_DRY,AMD_DRY,1,0.6660290132011871,0.2953604025661223,0.03861058423269084
RETFOUND_MAE_CFP_FROZEN_PCA128_SVM,42,3,S000375,ODIR,AMD_DRY,AMD_DRY,1,0.9956499004465172,0.002200392856405849,0.0021497066970770405
RETFOUND_MAE_CFP_FROZEN_PCA128_SVM,42,3,S000381,ODIR,AMD_DRY,AMD_DRY,1,0.9810116857298942,0.018947966442200533,4.034782790531462e-05
RETFOUND_MAE_CFP_FROZEN_PCA128_SVM,42,3,S000389,ODIR,AMD_DRY,AMD_DRY,1,0.9926541090488733,0.0045292273494957356,0.0028166636016308698
RETFOUND_MAE_CFP_FROZEN_PCA128_SVM,42,3,S000394,ODIR,AMD_DRY,AMD_DRY,1,0.9543480198111405,0.04430829987963535,0.0013436803092240935
RETFOUND_MAE_CFP_FROZEN_PCA128_SVM,42,3,S000399,ODIR,AMD_DRY,AMD_WET,0,0.016987807944243573,0.9828443263284944,0.00016786572726188286
RETFOUND_MAE_CFP_FROZEN_PCA128_SVM,42,3,S000411,ODIR,AMD_DRY,AMD_DRY,1,0.6607244579502352,0.33688025757166273,0.00239528447810196
RETFOUND_MAE_CFP_FROZEN_PCA128_SVM,42,3,S000412,ODIR,AMD_DRY,AMD_DRY,1,0.9967336164027756,0.0029365230796774837,0.0003298605175467531
RETFOUND_MAE_CFP_FROZEN_PCA128_SVM,42,3,S000417,ODIR,AMD_DRY,AMD_DRY,1,0.9133270577691893,0.08518464859059215,0.0014882936402187408
RETFOUND_MAE_CFP_FROZEN_PCA128_SVM,42,3,S000418,ODIR,AMD_DRY,AMD_WET,0,0.41240983060794184,0.5871082333521201,0.00048193603993814164
RETFOUND_MAE_CFP_FROZEN_PCA128_SVM,42,3,S000423,ODIR,AMD_DRY,AMD_WET,0,0.037808184842130554,0.9616431950802414,0.0005486200776279115
RETFOUND_MAE_CFP_FROZEN_PCA128_SVM,42,3,S000426,ODIR,AMD_DRY,AMD_DRY,1,0.7857820325559984,0.20833581554750205,0.005882151896499675
RETFOUND_MAE_CFP_FROZEN_PCA128_SVM,42,3,S000435,ODIR,AMD_DRY,AMD_DRY,1,0.9942993544145239,0.0035540534469000137,0.00214659213857627
RETFOUND_MAE_CFP_FROZEN_PCA128_SVM,42,3,S000440,ODIR,AMD_DRY,NORMAL,0,0.04327675434315814,0.007552352645477388,0.9491708930113645
RETFOUND_MAE_CFP_FROZEN_PCA128_SVM,42,3,S000442,ODIR,AMD_DRY,NORMAL,0,0.002119462747755853,0.004027944598522642,0.9938525926537216
RETFOUND_MAE_CFP_FROZEN_PCA128_SVM,42,3,S000448,ODIR,AMD_WET,AMD_WET,1,2.3154756365610008e-06,0.9999122073917408,8.547713262261375e-05
RETFOUND_MAE_CFP_FROZEN_PCA128_SVM,42,3,S000453,ODIR,AMD_WET,AMD_WET,1,0.44508023344538494,0.5546544538794139,0.00026531267520113835
RETFOUND_MAE_CFP_FROZEN_PCA128_SVM,42,3,S000457,ODIR,AMD_WET,AMD_WET,1,0.37494779556684604,0.5808732414393546,0.04417896299379922
RETFOUND_MAE_CFP_FROZEN_PCA128_SVM,42,3,S000458,ODIR,AMD_WET,AMD_WET,1,0.030692436231388915,0.9688254635749486,0.00048210019366236946
RETFOUND_MAE_CFP_FROZEN_PCA128_SVM,42,3,S000461,ODIR,AMD_WET,AMD_WET,1,0.42593908835828076,0.5658567059157475,0.00820420572597168
RETFOUND_MAE_CFP_FROZEN_PCA128_SVM,42,3,S000464,ODIR,AMD_WET,AMD_WET,1,0.11516610711884767,0.881388532079073,0.0034453608020793267
RETFOUND_MAE_CFP_FROZEN_PCA128_SVM,42,3,S000473,RFMID,NORMAL,NORMAL,1,0.00041988503557596746,0.0018346914163450115,0.997745423548079
RETFOUND_MAE_CFP_FROZEN_PCA128_SVM,42,3,S000482,RFMID,NORMAL,NORMAL,1,3.6125160625573716e-06,1.9335584622148e-06,0.9999944539254751
RETFOUND_MAE_CFP_FROZEN_PCA128_SVM,42,3,S000497,RFMID,NORMAL,NORMAL,1,2.4084564951659238e-08,2.8227479952513956e-08,0.9999999476879551
RETFOUND_MAE_CFP_FROZEN_PCA128_SVM,42,3,S000499,RFMID,NORMAL,NORMAL,1,0.007087528945416427,0.018485974030556934,0.9744264970240268
RETFOUND_MAE_CFP_FROZEN_PCA128_SVM,42,3,S000500,RFMID,NORMAL,NORMAL,1,0.0005639049529195697,0.004486066607824864,0.9949500284392555
RETFOUND_MAE_CFP_FROZEN_PCA128_SVM,42,3,S000505,RFMID,NORMAL,NORMAL,1,6.36413248641411e-06,4.278145035961849e-06,0.9999893577224777
RETFOUND_MAE_CFP_FROZEN_PCA128_SVM,42,3,S000512,RFMID,NORMAL,NORMAL,1,1.5056399427741365e-06,1.1905216772509264e-06,0.99999730383838
RETFOUND_MAE_CFP_FROZEN_PCA128_SVM,42,3,S000514,RFMID,NORMAL,NORMAL,1,4.501993986450809e-06,3.4251425715992855e-06,0.999992072863442
RETFOUND_MAE_CFP_FROZEN_PCA128_SVM,42,3,S000521,RFMID,NORMAL,NORMAL,1,2.547855629166618e-06,2.453282386463895e-06,0.9999949988619843
RETFOUND_MAE_CFP_FROZEN_PCA128_SVM,42,3,S000524,RFMID,NORMAL,NORMAL,1,0.00024291678157967555,0.0026089375508606826,0.9971481456675598
RETFOUND_MAE_CFP_FROZEN_PCA128_SVM,42,3,S000530,RFMID,NORMAL,NORMAL,1,0.0007636932136530037,0.005826996249423813,0.9934093105369233
RETFOUND_MAE_CFP_FROZEN_PCA128_SVM,42,3,S000534,RFMID,NORMAL,NORMAL,1,3.598042477704743e-07,4.1636722434284813e-07,0.9999992238285279
RETFOUND_MAE_CFP_FROZEN_PCA128_SVM,42,3,S000540,RFMID,AMD_DRY,AMD_DRY,1,0.9807355114414855,0.01693066071932535,0.002333827839189003
RETFOUND_MAE_CFP_FROZEN_PCA128_SVM,42,3,S000541,RFMID,AMD_DRY,AMD_DRY,1,0.8144546701395394,0.18164024899033077,0.003905080870129742
RETFOUND_MAE_CFP_FROZEN_PCA128_SVM,42,3,S000544,RFMID,AMD_WET,AMD_WET,1,0.016348027286973165,0.9801658714159812,0.0034861012970455007
RETFOUND_MAE_CFP_FROZEN_PCA128_SVM,42,3,S000546,RFMID,AMD_WET,AMD_WET,1,0.026870766333699427,0.9683000922351505,0.004829141431150357
RETFOUND_MAE_CFP_FROZEN_PCA128_SVM,42,3,S000549,RFMID,AMD_WET,AMD_WET,1,5.3795733764330674e-08,0.9998911235360769,0.00010882266818935119
RETFOUND_MAE_CFP_FROZEN_PCA128_SVM,42,3,S000560,RFMID,AMD_WET,AMD_WET,1,0.18156801539529951,0.8167398657086204,0.0016921188960800071
RETFOUND_MAE_CFP_FROZEN_PCA128_SVM,42,3,S000561,RFMID,AMD_WET,AMD_WET,1,0.003400743318100028,0.9957403304541078,0.0008589262277921557
RETFOUND_MAE_CFP_FROZEN_PCA128_SVM,42,3,S000562,RFMID,AMD_WET,AMD_WET,1,0.06578507160941476,0.9338614458478273,0.0003534825427579199
RETFOUND_MAE_CFP_FROZEN_PCA128_SVM,42,3,S000563,RFMID,AMD_WET,AMD_WET,1,7.566042733205421e-07,0.9998558670486474,0.00014337634707921695
RETFOUND_MAE_CFP_FROZEN_PCA128_SVM,42,3,S000564,RFMID,AMD_WET,AMD_WET,1,0.13896118643432515,0.8605075872670048,0.0005312262986698952
RETFOUND_MAE_CFP_FROZEN_PCA128_SVM,42,3,S000569,RFMID,AMD_WET,AMD_WET,1,0.0017276013454144436,0.9978359525149495,0.0004364461396360006
RETFOUND_MAE_CFP_FROZEN_PCA128_SVM,42,3,S000593,RFMID,AMD_WET,AMD_WET,1,2.625949425737798e-09,0.9999743320509905,2.566532306023369e-05
RETFOUND_MAE_CFP_FROZEN_PCA128_SVM,42,3,S000596,RFMID,AMD_WET,AMD_WET,1,0.004788420484695781,0.994950079021874,0.0002615004934301343
RETFOUND_MAE_CFP_FROZEN_PCA128_SVM,42,4,S000001,ADAM,AMD_DRY,AMD_DRY,1,0.9913205216593931,0.006346592364206027,0.0023328859764009473
RETFOUND_MAE_CFP_FROZEN_PCA128_SVM,42,4,S000015,ADAM,AMD_DRY,AMD_DRY,1,0.9987272913748846,0.0011761385262772709,9.657009883823612e-05
RETFOUND_MAE_CFP_FROZEN_PCA128_SVM,42,4,S000018,ADAM,AMD_DRY,AMD_DRY,1,0.6767015606341653,0.27403404196498543,0.04926439740084933
RETFOUND_MAE_CFP_FROZEN_PCA128_SVM,42,4,S000021,ADAM,AMD_DRY,AMD_DRY,1,0.7874387970842514,0.1557252962946623,0.056835906621086424
RETFOUND_MAE_CFP_FROZEN_PCA128_SVM,42,4,S000023,ADAM,AMD_DRY,AMD_DRY,1,0.8475353875068823,0.15137298411880185,0.0010916283743160674
RETFOUND_MAE_CFP_FROZEN_PCA128_SVM,42,4,S000024,ADAM,AMD_DRY,AMD_DRY,1,0.9289107880951224,0.06346849562398335,0.007620716280894336
RETFOUND_MAE_CFP_FROZEN_PCA128_SVM,42,4,S000030,ADAM,AMD_DRY,AMD_DRY,1,0.6709932307996155,0.05546352584738761,0.27354324335299685
RETFOUND_MAE_CFP_FROZEN_PCA128_SVM,42,4,S000041,ADAM,AMD_WET,AMD_WET,1,9.136180381943477e-07,0.9997028124901961,0.0002962738917656519
RETFOUND_MAE_CFP_FROZEN_PCA128_SVM,42,4,S000042,ADAM,AMD_WET,AMD_WET,1,0.31344586257559826,0.6858562811833914,0.0006978562410105177
RETFOUND_MAE_CFP_FROZEN_PCA128_SVM,42,4,S000043,ADAM,AMD_WET,AMD_WET,1,7.317938740238474e-07,0.9996729902536777,0.0003262779524483496
RETFOUND_MAE_CFP_FROZEN_PCA128_SVM,42,4,S000053,FIVES,NORMAL,NORMAL,1,5.379085662723867e-06,4.19616843525603e-06,0.9999904247459019
RETFOUND_MAE_CFP_FROZEN_PCA128_SVM,42,4,S000057,FIVES,NORMAL,NORMAL,1,1.8103400073935716e-06,1.9884359623283554e-06,0.9999962012240302
RETFOUND_MAE_CFP_FROZEN_PCA128_SVM,42,4,S000065,FIVES,NORMAL,NORMAL,1,0.0038653380150444733,0.0023927010549790032,0.9937419609299767
RETFOUND_MAE_CFP_FROZEN_PCA128_SVM,42,4,S000066,FIVES,NORMAL,NORMAL,1,2.294806294572267e-06,1.3272788800629443e-06,0.9999963779148253
RETFOUND_MAE_CFP_FROZEN_PCA128_SVM,42,4,S000067,FIVES,NORMAL,NORMAL,1,0.0018671766279582662,0.0005827361270991133,0.9975500872449427
RETFOUND_MAE_CFP_FROZEN_PCA128_SVM,42,4,S000074,FIVES,NORMAL,NORMAL,1,3.2183228376548114e-06,2.548312315937519e-06,0.9999942333648464
RETFOUND_MAE_CFP_FROZEN_PCA128_SVM,42,4,S000077,FIVES,NORMAL,NORMAL,1,0.002175447361817312,0.0008392138240573122,0.9969853388141252
RETFOUND_MAE_CFP_FROZEN_PCA128_SVM,42,4,S000081,FIVES,NORMAL,NORMAL,1,3.4492225541850634e-06,2.9916738619791367e-06,0.9999935591035838
RETFOUND_MAE_CFP_FROZEN_PCA128_SVM,42,4,S000084,FIVES,NORMAL,NORMAL,1,1.8687554717537733e-06,1.5250923915766095e-06,0.9999966061521367
RETFOUND_MAE_CFP_FROZEN_PCA128_SVM,42,4,S000089,FIVES,NORMAL,NORMAL,1,0.012331208338896357,0.0017294153960856428,0.9859393762650179
RETFOUND_MAE_CFP_FROZEN_PCA128_SVM,42,4,S000094,FIVES,NORMAL,NORMAL,1,1.2731201985669422e-06,1.0853185535421674e-06,0.9999976415612478
RETFOUND_MAE_CFP_FROZEN_PCA128_SVM,42,4,S000100,FIVES,NORMAL,NORMAL,1,0.019911607769613194,0.007742533569133755,0.9723458586612532
RETFOUND_MAE_CFP_FROZEN_PCA128_SVM,42,4,S000108,FIVES,NORMAL,NORMAL,1,6.457542713235129e-07,6.667993683384501e-07,0.9999986874463603
RETFOUND_MAE_CFP_FROZEN_PCA128_SVM,42,4,S000110,FIVES,NORMAL,NORMAL,1,0.010027698684223919,0.002561910762509298,0.9874103905532667
RETFOUND_MAE_CFP_FROZEN_PCA128_SVM,42,4,S000120,FIVES,NORMAL,NORMAL,1,4.086201548219347e-06,2.573680785982777e-06,0.9999933401176658
RETFOUND_MAE_CFP_FROZEN_PCA128_SVM,42,4,S000122,FIVES,NORMAL,NORMAL,1,1.0914865250998334e-06,1.0814549994817253e-06,0.9999978270584754
RETFOUND_MAE_CFP_FROZEN_PCA128_SVM,42,4,S000131,FIVES,NORMAL,NORMAL,1,5.748577169008723e-07,3.829485527748983e-07,0.9999990421937303
RETFOUND_MAE_CFP_FROZEN_PCA128_SVM,42,4,S000135,FIVES,NORMAL,NORMAL,1,1.896348967394383e-06,1.45933218754489e-06,0.9999966443188452
RETFOUND_MAE_CFP_FROZEN_PCA128_SVM,42,4,S000146,FIVES,NORMAL,NORMAL,1,0.009236021111454822,0.05197979134807715,0.9387841875404681
RETFOUND_MAE_CFP_FROZEN_PCA128_SVM,42,4,S000149,FIVES,NORMAL,NORMAL,1,0.001298556674264608,0.0010707556356688653,0.9976306876900664
RETFOUND_MAE_CFP_FROZEN_PCA128_SVM,42,4,S000158,FIVES,AMD_DRY,AMD_DRY,1,0.9752791272452837,0.02282553672752741,0.0018953360271888743
RETFOUND_MAE_CFP_FROZEN_PCA128_SVM,42,4,S000159,FIVES,AMD_DRY,AMD_DRY,1,0.8417051843119386,0.14844822028992916,0.009846595398132279
RETFOUND_MAE_CFP_FROZEN_PCA128_SVM,42,4,S000162,FIVES,AMD_DRY,AMD_DRY,1,0.9358208810502937,0.05958460024903113,0.00459451870067525
RETFOUND_MAE_CFP_FROZEN_PCA128_SVM,42,4,S000177,FIVES,AMD_WET,AMD_WET,1,0.01698302567158909,0.9803530505625057,0.0026639237659053525
RETFOUND_MAE_CFP_FROZEN_PCA128_SVM,42,4,S000179,FIVES,AMD_WET,AMD_WET,1,0.06599724480696108,0.9291304637403741,0.004872291452664812
RETFOUND_MAE_CFP_FROZEN_PCA128_SVM,42,4,S000182,FIVES,AMD_WET,AMD_WET,1,0.008903948964229675,0.990841318080266,0.00025473295550404207
RETFOUND_MAE_CFP_FROZEN_PCA128_SVM,42,4,S000185,FIVES,AMD_WET,AMD_WET,1,0.003765996065472873,0.9960984696276131,0.00013553430691415902
RETFOUND_MAE_CFP_FROZEN_PCA128_SVM,42,4,S000187,FIVES,AMD_WET,AMD_WET,1,0.01817301202774553,0.9812191108915385,0.0006078770807161478
RETFOUND_MAE_CFP_FROZEN_PCA128_SVM,42,4,S000189,FIVES,AMD_WET,AMD_WET,1,0.05154444149240043,0.9477924126196169,0.0006631458879826014
RETFOUND_MAE_CFP_FROZEN_PCA128_SVM,42,4,S000192,FIVES,AMD_WET,NORMAL,0,0.09486061324000854,0.10511088957845577,0.8000284971815356
RETFOUND_MAE_CFP_FROZEN_PCA128_SVM,42,4,S000203,FIVES,AMD_WET,AMD_WET,1,0.0021342355508285646,0.9967845170084467,0.0010812474407245636
RETFOUND_MAE_CFP_FROZEN_PCA128_SVM,42,4,S000212,FIVES,AMD_WET,AMD_WET,1,0.04602406314072002,0.9505699549114495,0.003405981947830598
RETFOUND_MAE_CFP_FROZEN_PCA128_SVM,42,4,S000218,FIVES,AMD_WET,NORMAL,0,0.040586488536642346,0.05953674575601872,0.899876765707339
RETFOUND_MAE_CFP_FROZEN_PCA128_SVM,42,4,S000224,FIVES,AMD_WET,AMD_WET,1,0.01841995981606553,0.9808411837656613,0.0007388564182730083
RETFOUND_MAE_CFP_FROZEN_PCA128_SVM,42,4,S000225,FIVES,AMD_WET,AMD_WET,1,0.3263834792437709,0.6053954640887301,0.06822105666749877
RETFOUND_MAE_CFP_FROZEN_PCA128_SVM,42,4,S000227,FIVES,AMD_WET,AMD_WET,1,1.9960507744667929e-07,0.9997757428473636,0.00022405754755882757
RETFOUND_MAE_CFP_FROZEN_PCA128_SVM,42,4,S000234,FIVES,AMD_WET,AMD_WET,1,0.022132330556264877,0.9749169930816556,0.0029506763620794725
RETFOUND_MAE_CFP_FROZEN_PCA128_SVM,42,4,S000242,ODIR,NORMAL,NORMAL,1,0.08789612900939081,0.0037060642162769324,0.9083978067743322
RETFOUND_MAE_CFP_FROZEN_PCA128_SVM,42,4,S000243,ODIR,NORMAL,AMD_DRY,0,0.7389306706308055,0.003968363496276818,0.2571009658729175
RETFOUND_MAE_CFP_FROZEN_PCA128_SVM,42,4,S000245,ODIR,NORMAL,NORMAL,1,1.2606107133357044e-07,6.442057553628733e-08,0.9999998095183531
RETFOUND_MAE_CFP_FROZEN_PCA128_SVM,42,4,S000246,ODIR,NORMAL,NORMAL,1,0.06308008005386083,0.014238641921172345,0.9226812780249667
RETFOUND_MAE_CFP_FROZEN_PCA128_SVM,42,4,S000247,ODIR,NORMAL,NORMAL,1,0.0010256839997576756,0.0023004658912534237,0.996673850108989
RETFOUND_MAE_CFP_FROZEN_PCA128_SVM,42,4,S000248,ODIR,NORMAL,NORMAL,1,0.003437492982584845,0.0014673664493687155,0.9950951405680464
RETFOUND_MAE_CFP_FROZEN_PCA128_SVM,42,4,S000249,ODIR,NORMAL,NORMAL,1,0.0026824446892748845,0.00025097966554850555,0.9970665756451765
RETFOUND_MAE_CFP_FROZEN_PCA128_SVM,42,4,S000253,ODIR,NORMAL,NORMAL,1,0.019553094259638765,0.0031414962727815588,0.9773054094675796
RETFOUND_MAE_CFP_FROZEN_PCA128_SVM,42,4,S000269,ODIR,NORMAL,NORMAL,1,3.4868256067335747e-06,1.7531479806519346e-06,0.9999947600264126
RETFOUND_MAE_CFP_FROZEN_PCA128_SVM,42,4,S000283,ODIR,NORMAL,NORMAL,1,0.06189598137355452,0.019914850129329236,0.9181891684971161
RETFOUND_MAE_CFP_FROZEN_PCA128_SVM,42,4,S000285,ODIR,NORMAL,NORMAL,1,0.0029966423464336833,0.0018143637449189788,0.9951889939086472
RETFOUND_MAE_CFP_FROZEN_PCA128_SVM,42,4,S000286,ODIR,NORMAL,NORMAL,1,0.0019092587278131442,0.00038874098392827967,0.9977020002882585
RETFOUND_MAE_CFP_FROZEN_PCA128_SVM,42,4,S000292,ODIR,NORMAL,NORMAL,1,0.014207197563226779,0.004837243932152122,0.980955558504621
RETFOUND_MAE_CFP_FROZEN_PCA128_SVM,42,4,S000299,ODIR,NORMAL,NORMAL,1,0.00857791721779981,0.0038943311651236153,0.9875277516170767
RETFOUND_MAE_CFP_FROZEN_PCA128_SVM,42,4,S000302,ODIR,NORMAL,NORMAL,1,0.017474123396084933,0.0017568235141158948,0.9807690530897992
RETFOUND_MAE_CFP_FROZEN_PCA128_SVM,42,4,S000309,ODIR,NORMAL,NORMAL,1,1.1426755890073336e-06,6.104056696275349e-07,0.9999982469187414
RETFOUND_MAE_CFP_FROZEN_PCA128_SVM,42,4,S000314,ODIR,NORMAL,NORMAL,1,0.014295831499234024,0.0014668851581830975,0.9842372833425826
RETFOUND_MAE_CFP_FROZEN_PCA128_SVM,42,4,S000316,ODIR,NORMAL,NORMAL,1,0.012574213659239485,0.006926237041741751,0.9804995492990191
RETFOUND_MAE_CFP_FROZEN_PCA128_SVM,42,4,S000323,ODIR,NORMAL,NORMAL,1,0.0030262105306774582,0.0016271548613956968,0.9953466346079269
RETFOUND_MAE_CFP_FROZEN_PCA128_SVM,42,4,S000330,ODIR,NORMAL,NORMAL,1,0.030495832464367458,0.0015260137900047336,0.9679781537456277
RETFOUND_MAE_CFP_FROZEN_PCA128_SVM,42,4,S000336,ODIR,NORMAL,NORMAL,1,0.027623138756093103,0.0075270654788940836,0.9648497957650131
RETFOUND_MAE_CFP_FROZEN_PCA128_SVM,42,4,S000337,ODIR,NORMAL,AMD_DRY,0,0.5927088997748622,0.06639611133017251,0.3408949888949651
RETFOUND_MAE_CFP_FROZEN_PCA128_SVM,42,4,S000353,ODIR,NORMAL,NORMAL,1,0.4294365765873506,0.07725287446619324,0.4933105489464562
RETFOUND_MAE_CFP_FROZEN_PCA128_SVM,42,4,S000360,ODIR,NORMAL,NORMAL,1,3.2216309627898676e-06,2.5333914772229777e-06,0.99999424497756
RETFOUND_MAE_CFP_FROZEN_PCA128_SVM,42,4,S000363,ODIR,NORMAL,NORMAL,1,0.0027099258106073063,0.002060148209742821,0.9952299259796499
RETFOUND_MAE_CFP_FROZEN_PCA128_SVM,42,4,S000364,ODIR,AMD_DRY,AMD_DRY,1,0.8081130716919664,0.19168572715709656,0.00020120115093701915
RETFOUND_MAE_CFP_FROZEN_PCA128_SVM,42,4,S000365,ODIR,AMD_DRY,AMD_DRY,1,0.542546327414996,0.45715344924033813,0.0003002233446660057
RETFOUND_MAE_CFP_FROZEN_PCA128_SVM,42,4,S000371,ODIR,AMD_DRY,AMD_DRY,1,0.9576547209715383,0.01095585050844254,0.03138942852001887
RETFOUND_MAE_CFP_FROZEN_PCA128_SVM,42,4,S000372,ODIR,AMD_DRY,AMD_DRY,1,0.9845842616599448,0.005633456535225243,0.00978228180482988
RETFOUND_MAE_CFP_FROZEN_PCA128_SVM,42,4,S000391,ODIR,AMD_DRY,AMD_DRY,1,0.6581565324614242,0.04934380971017688,0.29249965782839904
RETFOUND_MAE_CFP_FROZEN_PCA128_SVM,42,4,S000392,ODIR,AMD_DRY,AMD_DRY,1,0.9544203473812465,0.04470443909488422,0.0008752135238693228
RETFOUND_MAE_CFP_FROZEN_PCA128_SVM,42,4,S000395,ODIR,AMD_DRY,AMD_DRY,1,0.7853538179626315,0.1801429913844551,0.034503190652913386
RETFOUND_MAE_CFP_FROZEN_PCA128_SVM,42,4,S000396,ODIR,AMD_DRY,AMD_DRY,1,0.9577341735522451,0.04071484380401455,0.0015509826437403499
RETFOUND_MAE_CFP_FROZEN_PCA128_SVM,42,4,S000398,ODIR,AMD_DRY,AMD_DRY,1,0.9932798171972617,0.0033546036194809998,0.00336557918325717
RETFOUND_MAE_CFP_FROZEN_PCA128_SVM,42,4,S000404,ODIR,AMD_DRY,AMD_DRY,1,0.9172864597731812,0.07977662465902799,0.0029369155677908217
RETFOUND_MAE_CFP_FROZEN_PCA128_SVM,42,4,S000406,ODIR,AMD_DRY,AMD_DRY,1,0.9271216088396844,0.008313970326277323,0.06456442083403863
RETFOUND_MAE_CFP_FROZEN_PCA128_SVM,42,4,S000407,ODIR,AMD_DRY,AMD_WET,0,0.04226149701687089,0.9572118411199975,0.0005266618631314906
RETFOUND_MAE_CFP_FROZEN_PCA128_SVM,42,4,S000409,ODIR,AMD_DRY,AMD_DRY,1,0.9718197725440804,0.02732428644630805,0.0008559410096117114
RETFOUND_MAE_CFP_FROZEN_PCA128_SVM,42,4,S000424,ODIR,AMD_DRY,NORMAL,0,0.08522798874718812,0.0044074193704656,0.9103645918823461
RETFOUND_MAE_CFP_FROZEN_PCA128_SVM,42,4,S000428,ODIR,AMD_DRY,NORMAL,0,0.06848433284722844,0.001603494118749993,0.9299121730340215
RETFOUND_MAE_CFP_FROZEN_PCA128_SVM,42,4,S000434,ODIR,AMD_DRY,AMD_DRY,1,0.9673305493368579,0.02713158092826085,0.005537869734881065
RETFOUND_MAE_CFP_FROZEN_PCA128_SVM,42,4,S000445,ODIR,AMD_WET,AMD_DRY,0,0.9594543562731459,0.040438177177318645,0.00010746654953538297
RETFOUND_MAE_CFP_FROZEN_PCA128_SVM,42,4,S000456,ODIR,AMD_WET,AMD_WET,1,0.0027572096411248395,0.9967173980459852,0.0005253923128900368
RETFOUND_MAE_CFP_FROZEN_PCA128_SVM,42,4,S000463,ODIR,AMD_WET,AMD_WET,1,0.057010895462206425,0.9389345896393512,0.004054514898442287
RETFOUND_MAE_CFP_FROZEN_PCA128_SVM,42,4,S000466,ODIR,AMD_WET,AMD_WET,1,0.03572679363945354,0.9581781305454617,0.006095075815084499
RETFOUND_MAE_CFP_FROZEN_PCA128_SVM,42,4,S000468,ODIR,AMD_WET,AMD_WET,1,0.0071434610104614115,0.9919142256823238,0.0009423133072147043
RETFOUND_MAE_CFP_FROZEN_PCA128_SVM,42,4,S000470,ODIR,AMD_WET,AMD_WET,1,0.03161908479306764,0.9679180080383539,0.00046290716857841233
RETFOUND_MAE_CFP_FROZEN_PCA128_SVM,42,4,S000476,RFMID,NORMAL,NORMAL,1,0.005988632779258612,0.007752478409906647,0.9862588888108345
RETFOUND_MAE_CFP_FROZEN_PCA128_SVM,42,4,S000486,RFMID,NORMAL,NORMAL,1,0.0011100327064396264,0.001962451331016674,0.9969275159625437
RETFOUND_MAE_CFP_FROZEN_PCA128_SVM,42,4,S000488,RFMID,NORMAL,NORMAL,1,1.7008998102047855e-06,9.880879260485699e-07,0.9999973110122637
RETFOUND_MAE_CFP_FROZEN_PCA128_SVM,42,4,S000492,RFMID,NORMAL,NORMAL,1,0.0008473009433729059,0.006130350231018463,0.9930223488256088
RETFOUND_MAE_CFP_FROZEN_PCA128_SVM,42,4,S000501,RFMID,NORMAL,NORMAL,1,6.656794402413514e-06,4.263520255072972e-06,0.9999890796853426
RETFOUND_MAE_CFP_FROZEN_PCA128_SVM,42,4,S000511,RFMID,NORMAL,NORMAL,1,0.003259725017030263,0.0023455531111666785,0.9943947218718029
RETFOUND_MAE_CFP_FROZEN_PCA128_SVM,42,4,S000520,RFMID,NORMAL,NORMAL,1,0.00975429111445015,0.004237180573867112,0.9860085283116826
RETFOUND_MAE_CFP_FROZEN_PCA128_SVM,42,4,S000528,RFMID,NORMAL,NORMAL,1,2.3055250937438106e-06,2.518400603294267e-06,0.999995176074303
RETFOUND_MAE_CFP_FROZEN_PCA128_SVM,42,4,S000531,RFMID,NORMAL,NORMAL,1,0.0011269892626958977,0.0014709531828581745,0.997402057554446
RETFOUND_MAE_CFP_FROZEN_PCA128_SVM,42,4,S000532,RFMID,NORMAL,NORMAL,1,0.011838556778013803,0.004963927390064511,0.9831975158319217
RETFOUND_MAE_CFP_FROZEN_PCA128_SVM,42,4,S000533,RFMID,NORMAL,NORMAL,1,5.055169876058288e-07,5.591610811234036e-07,0.9999989353219312
RETFOUND_MAE_CFP_FROZEN_PCA128_SVM,42,4,S000535,RFMID,NORMAL,NORMAL,1,0.036693676437571036,0.0026676036019881856,0.9606387199604409
RETFOUND_MAE_CFP_FROZEN_PCA128_SVM,42,4,S000539,RFMID,AMD_DRY,AMD_DRY,1,0.9521769902518876,0.04429818393475198,0.003524825813360448
RETFOUND_MAE_CFP_FROZEN_PCA128_SVM,42,4,S000543,RFMID,AMD_DRY,AMD_DRY,1,0.8851054551724179,0.11187584961677438,0.0030186952108075993
RETFOUND_MAE_CFP_FROZEN_PCA128_SVM,42,4,S000548,RFMID,AMD_WET,AMD_WET,1,0.0192077321033811,0.9749156990645979,0.005876568832021017
RETFOUND_MAE_CFP_FROZEN_PCA128_SVM,42,4,S000550,RFMID,AMD_WET,AMD_WET,1,0.003916513228193253,0.9951074560054246,0.0009760307663821755
RETFOUND_MAE_CFP_FROZEN_PCA128_SVM,42,4,S000551,RFMID,AMD_WET,AMD_WET,1,2.8480238648950503e-07,0.9999279800441054,7.173515350810932e-05
RETFOUND_MAE_CFP_FROZEN_PCA128_SVM,42,4,S000558,RFMID,AMD_WET,AMD_WET,1,9.484785246165178e-06,0.998605747560667,0.001384767654086668
RETFOUND_MAE_CFP_FROZEN_PCA128_SVM,42,4,S000566,RFMID,AMD_WET,AMD_WET,1,7.958263975122419e-07,0.9997883541872851,0.0002108499863174967
RETFOUND_MAE_CFP_FROZEN_PCA128_SVM,42,4,S000575,RFMID,AMD_WET,AMD_WET,1,0.004887480820408222,0.993545366388001,0.0015671527915908407
RETFOUND_MAE_CFP_FROZEN_PCA128_SVM,42,4,S000579,RFMID,AMD_WET,AMD_WET,1,0.005204137425660797,0.9933538444833181,0.0014420180910212192
RETFOUND_MAE_CFP_FROZEN_PCA128_SVM,42,4,S000582,RFMID,AMD_WET,AMD_WET,1,0.028627026559755436,0.9635050498707123,0.007867923569532245
RETFOUND_MAE_CFP_FROZEN_PCA128_SVM,42,4,S000590,RFMID,AMD_WET,AMD_WET,1,0.02892247491121485,0.639261500570005,0.33181602451877995
RETFOUND_MAE_CFP_FROZEN_PCA128_SVM,42,4,S000592,RFMID,AMD_WET,AMD_WET,1,0.015665408959696134,0.9755936559605327,0.008740935079771332
RETFOUND_MAE_CFP_FROZEN_PCA128_SVM,42,4,S000597,RFMID,AMD_WET,AMD_WET,1,0.16625479102399912,0.6528509505691596,0.1808942584068414
RETFOUND_MAE_CFP_FROZEN_PCA128_SVM,42,5,S000004,ADAM,AMD_DRY,AMD_DRY,1,0.9990604859796098,0.0005711059964177047,0.0003684080239724642
RETFOUND_MAE_CFP_FROZEN_PCA128_SVM,42,5,S000007,ADAM,AMD_DRY,AMD_DRY,1,0.9929398334310173,0.006660506365939758,0.000399660203042973
RETFOUND_MAE_CFP_FROZEN_PCA128_SVM,42,5,S000008,ADAM,AMD_DRY,AMD_DRY,1,0.9526545471875604,0.045372558357535335,0.0019728944549043783
RETFOUND_MAE_CFP_FROZEN_PCA128_SVM,42,5,S000017,ADAM,AMD_DRY,AMD_DRY,1,0.9250454072379414,0.04320851395320445,0.03174607880885424
RETFOUND_MAE_CFP_FROZEN_PCA128_SVM,42,5,S000022,ADAM,AMD_DRY,AMD_DRY,1,0.5983700553237641,0.2822164589392674,0.11941348573696835
RETFOUND_MAE_CFP_FROZEN_PCA128_SVM,42,5,S000029,ADAM,AMD_DRY,AMD_DRY,1,0.873310567719037,0.006236428654253806,0.12045300362670915
RETFOUND_MAE_CFP_FROZEN_PCA128_SVM,42,5,S000035,ADAM,AMD_DRY,AMD_DRY,1,0.9749509345875621,0.02128223571666955,0.003766829695768402
RETFOUND_MAE_CFP_FROZEN_PCA128_SVM,42,5,S000046,ADAM,AMD_WET,AMD_WET,1,2.029714525999045e-06,0.9999826664309776,1.530385449664565e-05
RETFOUND_MAE_CFP_FROZEN_PCA128_SVM,42,5,S000048,ADAM,AMD_WET,AMD_WET,1,0.017941531843126086,0.9818169507086546,0.00024151744821943532
RETFOUND_MAE_CFP_FROZEN_PCA128_SVM,42,5,S000052,ADAM,AMD_WET,AMD_WET,1,0.11561266002005559,0.8731917299725335,0.011195610007410943
RETFOUND_MAE_CFP_FROZEN_PCA128_SVM,42,5,S000055,FIVES,NORMAL,NORMAL,1,0.0011076439973776043,0.0020153512473191706,0.9968770047553034
RETFOUND_MAE_CFP_FROZEN_PCA128_SVM,42,5,S000056,FIVES,NORMAL,NORMAL,1,0.003791598794296874,0.003893361623014362,0.992315039582689
RETFOUND_MAE_CFP_FROZEN_PCA128_SVM,42,5,S000078,FIVES,NORMAL,NORMAL,1,0.0009065502657617346,0.0026861299541551904,0.9964073197800829
RETFOUND_MAE_CFP_FROZEN_PCA128_SVM,42,5,S000079,FIVES,NORMAL,NORMAL,1,4.716431515818707e-06,4.8369276998414536e-06,0.9999904466407843
RETFOUND_MAE_CFP_FROZEN_PCA128_SVM,42,5,S000088,FIVES,NORMAL,NORMAL,1,0.017364288728162636,0.000971504811957571,0.9816642064598798
RETFOUND_MAE_CFP_FROZEN_PCA128_SVM,42,5,S000095,FIVES,NORMAL,NORMAL,1,0.0003178804774795458,0.0024665461633834413,0.997215573359137
RETFOUND_MAE_CFP_FROZEN_PCA128_SVM,42,5,S000096,FIVES,NORMAL,NORMAL,1,0.00830950384315908,0.002343145673526707,0.9893473504833143
RETFOUND_MAE_CFP_FROZEN_PCA128_SVM,42,5,S000097,FIVES,NORMAL,NORMAL,1,0.003210752381988272,0.03808773406742938,0.9587015135505823
RETFOUND_MAE_CFP_FROZEN_PCA128_SVM,42,5,S000103,FIVES,NORMAL,NORMAL,1,2.5210109784953863e-06,2.553493657509356e-06,0.9999949254953641
RETFOUND_MAE_CFP_FROZEN_PCA128_SVM,42,5,S000109,FIVES,NORMAL,NORMAL,1,1.2171718919503508e-06,1.3835892869187812e-06,0.999997399238821
RETFOUND_MAE_CFP_FROZEN_PCA128_SVM,42,5,S000117,FIVES,NORMAL,NORMAL,1,0.002511740217345697,0.0011919864685034794,0.9962962733141507
RETFOUND_MAE_CFP_FROZEN_PCA128_SVM,42,5,S000118,FIVES,NORMAL,NORMAL,1,4.917683333280479e-06,4.792017655163707e-06,0.9999902902990115
RETFOUND_MAE_CFP_FROZEN_PCA128_SVM,42,5,S000119,FIVES,NORMAL,NORMAL,1,0.0013729750687711097,0.0019692069633153995,0.9966578179679134
RETFOUND_MAE_CFP_FROZEN_PCA128_SVM,42,5,S000125,FIVES,NORMAL,NORMAL,1,1.6149058941623765e-07,1.8037544918026302e-07,0.9999996581339614
RETFOUND_MAE_CFP_FROZEN_PCA128_SVM,42,5,S000128,FIVES,NORMAL,NORMAL,1,0.0003921782876718118,0.00413359672644873,0.9954742249858792
RETFOUND_MAE_CFP_FROZEN_PCA128_SVM,42,5,S000130,FIVES,NORMAL,NORMAL,1,0.0016923721208408997,0.0013044929076803692,0.9970031349714787
RETFOUND_MAE_CFP_FROZEN_PCA128_SVM,42,5,S000133,FIVES,NORMAL,NORMAL,1,0.0017462786774882788,0.00727009350821138,0.9909836278143004
RETFOUND_MAE_CFP_FROZEN_PCA128_SVM,42,5,S000141,FIVES,NORMAL,NORMAL,1,1.5028738116555106e-06,1.701435230179528e-06,0.9999967956909581
RETFOUND_MAE_CFP_FROZEN_PCA128_SVM,42,5,S000145,FIVES,NORMAL,NORMAL,1,1.0631840145411904e-06,8.182948113755207e-07,0.999998118521174
RETFOUND_MAE_CFP_FROZEN_PCA128_SVM,42,5,S000151,FIVES,NORMAL,NORMAL,1,7.815767478634017e-06,6.578604644610953e-06,0.9999856056278769
RETFOUND_MAE_CFP_FROZEN_PCA128_SVM,42,5,S000155,FIVES,AMD_DRY,AMD_DRY,1,0.846496112477475,0.15182581573574386,0.0016780717867812573
RETFOUND_MAE_CFP_FROZEN_PCA128_SVM,42,5,S000163,FIVES,AMD_DRY,AMD_DRY,1,0.8847626275155526,0.10011270976778161,0.015124662716665767
RETFOUND_MAE_CFP_FROZEN_PCA128_SVM,42,5,S000164,FIVES,AMD_DRY,AMD_DRY,1,0.8857291388257734,0.10119111899505982,0.01307974217916685
RETFOUND_MAE_CFP_FROZEN_PCA128_SVM,42,5,S000168,FIVES,AMD_WET,AMD_WET,1,0.007826494887075413,0.9913479890953205,0.0008255160176040665
RETFOUND_MAE_CFP_FROZEN_PCA128_SVM,42,5,S000169,FIVES,AMD_WET,AMD_WET,1,5.247355210763608e-06,0.9990678275293472,0.0009269251154422549
RETFOUND_MAE_CFP_FROZEN_PCA128_SVM,42,5,S000176,FIVES,AMD_WET,AMD_WET,1,0.012716149978718875,0.9862420992818071,0.0010417507394741316
RETFOUND_MAE_CFP_FROZEN_PCA128_SVM,42,5,S000191,FIVES,AMD_WET,AMD_WET,1,3.0618574191696057e-07,0.999820160630365,0.00017953318389310813
RETFOUND_MAE_CFP_FROZEN_PCA128_SVM,42,5,S000194,FIVES,AMD_WET,AMD_WET,1,0.014783645954537777,0.9799509493530355,0.005265404692426725
RETFOUND_MAE_CFP_FROZEN_PCA128_SVM,42,5,S000195,FIVES,AMD_WET,AMD_WET,1,4.2301727714522185e-07,0.9998680156616425,0.00013156132108014265
RETFOUND_MAE_CFP_FROZEN_PCA128_SVM,42,5,S000202,FIVES,AMD_WET,AMD_WET,1,0.005439405276804336,0.9915907662849863,0.0029698284382093936
RETFOUND_MAE_CFP_FROZEN_PCA128_SVM,42,5,S000211,FIVES,AMD_WET,AMD_WET,1,0.27721668005329925,0.7205473701576841,0.0022359497890167787
RETFOUND_MAE_CFP_FROZEN_PCA128_SVM,42,5,S000215,FIVES,AMD_WET,AMD_WET,1,2.2093231451088714e-07,0.9999209446547114,7.883441297402538e-05
RETFOUND_MAE_CFP_FROZEN_PCA128_SVM,42,5,S000217,FIVES,AMD_WET,AMD_WET,1,0.0036560473313556074,0.9957501667303311,0.0005937859383133262
RETFOUND_MAE_CFP_FROZEN_PCA128_SVM,42,5,S000229,FIVES,AMD_WET,AMD_WET,1,0.003430755302205343,0.9960893662109488,0.0004798784868460672
RETFOUND_MAE_CFP_FROZEN_PCA128_SVM,42,5,S000232,FIVES,AMD_WET,AMD_WET,1,0.1807005824262605,0.8100120706144686,0.0092873469592711
RETFOUND_MAE_CFP_FROZEN_PCA128_SVM,42,5,S000235,FIVES,AMD_WET,AMD_WET,1,5.855433589791168e-07,0.9996688803380526,0.0003305341185885061
RETFOUND_MAE_CFP_FROZEN_PCA128_SVM,42,5,S000236,FIVES,AMD_WET,AMD_WET,1,0.012119545849542205,0.9813717786613915,0.006508675489066503
RETFOUND_MAE_CFP_FROZEN_PCA128_SVM,42,5,S000254,ODIR,NORMAL,NORMAL,1,0.0033807206684220775,0.003964566217652352,0.9926547131139256
RETFOUND_MAE_CFP_FROZEN_PCA128_SVM,42,5,S000262,ODIR,NORMAL,NORMAL,1,0.022138477830327016,0.005179019710747687,0.9726825024589254
RETFOUND_MAE_CFP_FROZEN_PCA128_SVM,42,5,S000271,ODIR,NORMAL,NORMAL,1,1.338808528176658e-06,6.822763720722193e-07,0.9999979789150998
RETFOUND_MAE_CFP_FROZEN_PCA128_SVM,42,5,S000272,ODIR,NORMAL,NORMAL,1,0.003385548187841163,0.0006676325203094376,0.9959468192918491
RETFOUND_MAE_CFP_FROZEN_PCA128_SVM,42,5,S000279,ODIR,NORMAL,NORMAL,1,0.006285313880193336,0.003761397901333364,0.9899532882184733
RETFOUND_MAE_CFP_FROZEN_PCA128_SVM,42,5,S000280,ODIR,NORMAL,NORMAL,1,0.014432845560236364,0.001576675874216571,0.9839904785655471
RETFOUND_MAE_CFP_FROZEN_PCA128_SVM,42,5,S000281,ODIR,NORMAL,NORMAL,1,0.11182163218408604,0.016477605096393625,0.8717007627195205
RETFOUND_MAE_CFP_FROZEN_PCA128_SVM,42,5,S000288,ODIR,NORMAL,NORMAL,1,0.15602419253363206,0.13673895277437023,0.7072368546919977
RETFOUND_MAE_CFP_FROZEN_PCA128_SVM,42,5,S000289,ODIR,NORMAL,NORMAL,1,0.0013526821915224969,0.0025418944661762745,0.9961054233423012
RETFOUND_MAE_CFP_FROZEN_PCA128_SVM,42,5,S000294,ODIR,NORMAL,NORMAL,1,0.01088572524153707,0.001004598071078757,0.988109676687384
RETFOUND_MAE_CFP_FROZEN_PCA128_SVM,42,5,S000303,ODIR,NORMAL,NORMAL,1,0.018151700186614102,0.0070920832595121296,0.9747562165538738
RETFOUND_MAE_CFP_FROZEN_PCA128_SVM,42,5,S000304,ODIR,NORMAL,NORMAL,1,0.00269268706464174,0.005711379066381198,0.991595933868977
RETFOUND_MAE_CFP_FROZEN_PCA128_SVM,42,5,S000305,ODIR,NORMAL,NORMAL,1,0.0011113722879018085,0.0011999999957993898,0.9976886277162988
RETFOUND_MAE_CFP_FROZEN_PCA128_SVM,42,5,S000311,ODIR,NORMAL,NORMAL,1,0.029951056284779395,0.010195217486377785,0.9598537262288428
RETFOUND_MAE_CFP_FROZEN_PCA128_SVM,42,5,S000312,ODIR,NORMAL,NORMAL,1,0.09500212691963242,0.08944518454517351,0.815552688535194
RETFOUND_MAE_CFP_FROZEN_PCA128_SVM,42,5,S000313,ODIR,NORMAL,NORMAL,1,0.004202500777892509,0.001642306159845378,0.9941551930622622
RETFOUND_MAE_CFP_FROZEN_PCA128_SVM,42,5,S000315,ODIR,NORMAL,NORMAL,1,0.04277863776051261,0.0029050626573267208,0.9543162995821607
RETFOUND_MAE_CFP_FROZEN_PCA128_SVM,42,5,S000320,ODIR,NORMAL,NORMAL,1,0.03165979033570456,0.0024093186948934983,0.9659308909694019
RETFOUND_MAE_CFP_FROZEN_PCA128_SVM,42,5,S000332,ODIR,NORMAL,NORMAL,1,0.035603019908543934,0.012276058739118386,0.9521209213523377
RETFOUND_MAE_CFP_FROZEN_PCA128_SVM,42,5,S000335,ODIR,NORMAL,NORMAL,1,0.005722434559068117,0.006402763727124041,0.9878748017138076
RETFOUND_MAE_CFP_FROZEN_PCA128_SVM,42,5,S000341,ODIR,NORMAL,NORMAL,1,0.0023174387711674695,0.0020120557855894715,0.995670505443243
RETFOUND_MAE_CFP_FROZEN_PCA128_SVM,42,5,S000343,ODIR,NORMAL,NORMAL,1,3.921270008262629e-07,2.4483330540606826e-07,0.9999993630396937
RETFOUND_MAE_CFP_FROZEN_PCA128_SVM,42,5,S000346,ODIR,NORMAL,NORMAL,1,0.0020199497868023304,0.002198365172993409,0.9957816850402041
RETFOUND_MAE_CFP_FROZEN_PCA128_SVM,42,5,S000355,ODIR,NORMAL,NORMAL,1,0.014457091562611738,0.013662146201412186,0.971880762235976
RETFOUND_MAE_CFP_FROZEN_PCA128_SVM,42,5,S000358,ODIR,NORMAL,NORMAL,1,0.015862210614743303,0.002499433045448377,0.9816383563398082
RETFOUND_MAE_CFP_FROZEN_PCA128_SVM,42,5,S000376,ODIR,AMD_DRY,AMD_DRY,1,0.8994769985849981,0.01775654474617166,0.08276645666883041
RETFOUND_MAE_CFP_FROZEN_PCA128_SVM,42,5,S000384,ODIR,AMD_DRY,AMD_DRY,1,0.7872681337417858,0.1209216684274154,0.09181019783079865
RETFOUND_MAE_CFP_FROZEN_PCA128_SVM,42,5,S000385,ODIR,AMD_DRY,AMD_DRY,1,0.9812695087479318,0.016186756276290064,0.0025437349757781286
RETFOUND_MAE_CFP_FROZEN_PCA128_SVM,42,5,S000386,ODIR,AMD_DRY,AMD_DRY,1,0.8391706149465756,0.15186365156708842,0.008965733486336246
RETFOUND_MAE_CFP_FROZEN_PCA128_SVM,42,5,S000393,ODIR,AMD_DRY,AMD_DRY,1,0.9274802373623953,0.06636557244665275,0.006154190190951754
RETFOUND_MAE_CFP_FROZEN_PCA128_SVM,42,5,S000400,ODIR,AMD_DRY,AMD_WET,0,0.47311094025334327,0.514186527635676,0.01270253211098073
RETFOUND_MAE_CFP_FROZEN_PCA128_SVM,42,5,S000401,ODIR,AMD_DRY,AMD_DRY,1,0.961543999683908,0.022705534249938167,0.015750466066154014
RETFOUND_MAE_CFP_FROZEN_PCA128_SVM,42,5,S000403,ODIR,AMD_DRY,AMD_DRY,1,0.9943140570939213,0.004817270621495208,0.000868672284583571
RETFOUND_MAE_CFP_FROZEN_PCA128_SVM,42,5,S000410,ODIR,AMD_DRY,AMD_DRY,1,0.9773542534654273,0.018340685431746034,0.0043050611028267035
RETFOUND_MAE_CFP_FROZEN_PCA128_SVM,42,5,S000419,ODIR,AMD_DRY,AMD_DRY,1,0.9120835586228618,0.08680077869631896,0.0011156626808193333
RETFOUND_MAE_CFP_FROZEN_PCA128_SVM,42,5,S000420,ODIR,AMD_DRY,AMD_DRY,1,0.8275174596936059,0.16489909192961016,0.00758344837678414
RETFOUND_MAE_CFP_FROZEN_PCA128_SVM,42,5,S000425,ODIR,AMD_DRY,NORMAL,0,0.41155835255749745,0.02776372982851933,0.560677917613983
RETFOUND_MAE_CFP_FROZEN_PCA128_SVM,42,5,S000427,ODIR,AMD_DRY,AMD_DRY,1,0.9198392433233322,0.07475029242465063,0.005410464252017232
RETFOUND_MAE_CFP_FROZEN_PCA128_SVM,42,5,S000430,ODIR,AMD_DRY,AMD_DRY,1,0.5263855015013993,0.4731985260846871,0.0004159724139136922
RETFOUND_MAE_CFP_FROZEN_PCA128_SVM,42,5,S000438,ODIR,AMD_DRY,AMD_DRY,1,0.7625690762257286,0.08378472877858893,0.1536461949956826
RETFOUND_MAE_CFP_FROZEN_PCA128_SVM,42,5,S000443,ODIR,AMD_DRY,AMD_DRY,1,0.9231859838226403,0.07630092122411472,0.000513094953244823
RETFOUND_MAE_CFP_FROZEN_PCA128_SVM,42,5,S000449,ODIR,AMD_WET,AMD_DRY,0,0.6895791014397024,0.3096225009086518,0.0007983976516458052
RETFOUND_MAE_CFP_FROZEN_PCA128_SVM,42,5,S000451,ODIR,AMD_WET,AMD_WET,1,0.3855932602576908,0.5966394112309518,0.01776732851135726
RETFOUND_MAE_CFP_FROZEN_PCA128_SVM,42,5,S000462,ODIR,AMD_WET,AMD_WET,1,0.09467152448252422,0.9050226649532791,0.0003058105641967528
RETFOUND_MAE_CFP_FROZEN_PCA128_SVM,42,5,S000469,ODIR,AMD_WET,AMD_WET,1,0.06766631115445047,0.922750053968,0.00958363487754963
RETFOUND_MAE_CFP_FROZEN_PCA128_SVM,42,5,S000471,ODIR,AMD_WET,AMD_WET,1,0.2984862582713876,0.4455440545296322,0.2559696871989802
RETFOUND_MAE_CFP_FROZEN_PCA128_SVM,42,5,S000474,RFMID,NORMAL,NORMAL,1,8.83745364850603e-05,0.00218686953315029,0.9977247559303648
RETFOUND_MAE_CFP_FROZEN_PCA128_SVM,42,5,S000475,RFMID,NORMAL,NORMAL,1,0.0013225661183964197,0.007663458145288989,0.9910139757363149
RETFOUND_MAE_CFP_FROZEN_PCA128_SVM,42,5,S000479,RFMID,NORMAL,NORMAL,1,0.0038108869649851836,0.002485877294616898,0.9937032357403979
RETFOUND_MAE_CFP_FROZEN_PCA128_SVM,42,5,S000483,RFMID,NORMAL,NORMAL,1,2.442344873020008e-07,2.8255095146957443e-07,0.9999994732145613
RETFOUND_MAE_CFP_FROZEN_PCA128_SVM,42,5,S000487,RFMID,NORMAL,NORMAL,1,7.200304516522592e-07,5.064535567906754e-07,0.9999987735159915
RETFOUND_MAE_CFP_FROZEN_PCA128_SVM,42,5,S000489,RFMID,NORMAL,NORMAL,1,0.0037929398311706206,0.001376718169236631,0.9948303419995927
RETFOUND_MAE_CFP_FROZEN_PCA128_SVM,42,5,S000495,RFMID,NORMAL,NORMAL,1,0.004068225154328489,0.003502357198940468,0.9924294176467311
RETFOUND_MAE_CFP_FROZEN_PCA128_SVM,42,5,S000496,RFMID,NORMAL,NORMAL,1,0.00785422126296488,0.023308762986501065,0.9688370157505342
RETFOUND_MAE_CFP_FROZEN_PCA128_SVM,42,5,S000503,RFMID,NORMAL,NORMAL,1,1.796295449039564e-07,1.8621891944402246e-07,0.9999996341515356
RETFOUND_MAE_CFP_FROZEN_PCA128_SVM,42,5,S000513,RFMID,NORMAL,NORMAL,1,0.009671413178493082,0.019926692464787746,0.9704018943567193
RETFOUND_MAE_CFP_FROZEN_PCA128_SVM,42,5,S000519,RFMID,NORMAL,NORMAL,1,0.02673543604853164,0.016731411567887353,0.9565331523835809
RETFOUND_MAE_CFP_FROZEN_PCA128_SVM,42,5,S000525,RFMID,NORMAL,NORMAL,1,0.0007690435873743002,0.0026622706341468765,0.9965686857784788
RETFOUND_MAE_CFP_FROZEN_PCA128_SVM,42,5,S000526,RFMID,NORMAL,NORMAL,1,0.0022765076133320745,0.11653935885972622,0.8811841335269417
RETFOUND_MAE_CFP_FROZEN_PCA128_SVM,42,5,S000536,RFMID,AMD_DRY,AMD_DRY,1,0.8900791712767825,0.10334133919280136,0.006579489530415964
RETFOUND_MAE_CFP_FROZEN_PCA128_SVM,42,5,S000538,RFMID,AMD_DRY,AMD_WET,0,0.2875021229906956,0.7006195571255841,0.011878319883720605
RETFOUND_MAE_CFP_FROZEN_PCA128_SVM,42,5,S000547,RFMID,AMD_WET,AMD_WET,1,0.4191079550439436,0.5598105365245513,0.0210815084315052
RETFOUND_MAE_CFP_FROZEN_PCA128_SVM,42,5,S000554,RFMID,AMD_WET,AMD_WET,1,0.004795950432512858,0.992672229382776,0.0025318201847111936
RETFOUND_MAE_CFP_FROZEN_PCA128_SVM,42,5,S000556,RFMID,AMD_WET,AMD_WET,1,0.004543662029841485,0.9927844841102308,0.0026718538599278287
RETFOUND_MAE_CFP_FROZEN_PCA128_SVM,42,5,S000567,RFMID,AMD_WET,AMD_WET,1,0.029853175905595143,0.9627966532944322,0.007350170799972595
RETFOUND_MAE_CFP_FROZEN_PCA128_SVM,42,5,S000570,RFMID,AMD_WET,AMD_WET,1,1.6055968915070282e-06,0.9999237651113978,7.462929171082433e-05
RETFOUND_MAE_CFP_FROZEN_PCA128_SVM,42,5,S000574,RFMID,AMD_WET,AMD_WET,1,0.054044385365982134,0.9433893417930689,0.0025662728409489182
RETFOUND_MAE_CFP_FROZEN_PCA128_SVM,42,5,S000577,RFMID,AMD_WET,AMD_WET,1,0.0017100746997203613,0.9976618085006382,0.0006281167996413058
RETFOUND_MAE_CFP_FROZEN_PCA128_SVM,42,5,S000581,RFMID,AMD_WET,AMD_WET,1,0.011200581322020542,0.9873679245894968,0.0014314940884822985
RETFOUND_MAE_CFP_FROZEN_PCA128_SVM,42,5,S000585,RFMID,AMD_WET,AMD_WET,1,0.00628330942514819,0.9936948983065423,2.1792268309432896e-05
RETFOUND_MAE_CFP_FROZEN_PCA128_SVM,42,5,S000588,RFMID,AMD_WET,AMD_DRY,0,0.6917483968021335,0.28325302901779825,0.024998574180068307
RETFOUND_MAE_CFP_FROZEN_PCA128_SVM,123,1,S000002,ADAM,AMD_DRY,AMD_DRY,1,0.8444668480724036,0.009820975498224175,0.14571217642937234
RETFOUND_MAE_CFP_FROZEN_PCA128_SVM,123,1,S000003,ADAM,AMD_DRY,AMD_DRY,1,0.9987864166490411,0.0003241915238083642,0.0008893918271504578
RETFOUND_MAE_CFP_FROZEN_PCA128_SVM,123,1,S000010,ADAM,AMD_DRY,AMD_WET,0,0.48312761050362407,0.5109996653881057,0.005872724108270146
RETFOUND_MAE_CFP_FROZEN_PCA128_SVM,123,1,S000013,ADAM,AMD_DRY,AMD_DRY,1,0.994922417744892,0.0038738561904213477,0.001203726064686849
RETFOUND_MAE_CFP_FROZEN_PCA128_SVM,123,1,S000019,ADAM,AMD_DRY,AMD_DRY,1,0.6259699897404098,0.37114775940563755,0.0028822508539524962
RETFOUND_MAE_CFP_FROZEN_PCA128_SVM,123,1,S000026,ADAM,AMD_DRY,AMD_DRY,1,0.9349952817274446,0.0613618499462772,0.003642868326278431
RETFOUND_MAE_CFP_FROZEN_PCA128_SVM,123,1,S000032,ADAM,AMD_DRY,AMD_DRY,1,0.9980703689045599,0.0015718679979578303,0.00035776309748226644
RETFOUND_MAE_CFP_FROZEN_PCA128_SVM,123,1,S000040,ADAM,AMD_WET,AMD_WET,1,0.00740244271506776,0.9923323939722715,0.0002651633126607075
RETFOUND_MAE_CFP_FROZEN_PCA128_SVM,123,1,S000045,ADAM,AMD_WET,AMD_WET,1,0.2253628135509039,0.7740182613617299,0.0006189250873659417
RETFOUND_MAE_CFP_FROZEN_PCA128_SVM,123,1,S000047,ADAM,AMD_WET,AMD_DRY,0,0.9861700275134357,0.011876476939039085,0.0019534955475251814
RETFOUND_MAE_CFP_FROZEN_PCA128_SVM,123,1,S000051,ADAM,AMD_WET,AMD_WET,1,0.006297074849713488,0.9935235047043498,0.00017942044593645214
RETFOUND_MAE_CFP_FROZEN_PCA128_SVM,123,1,S000062,FIVES,NORMAL,NORMAL,1,1.7777343620285197e-06,1.305904212337746e-06,0.9999969163614256
RETFOUND_MAE_CFP_FROZEN_PCA128_SVM,123,1,S000064,FIVES,NORMAL,NORMAL,1,1.620792618800709e-06,1.7705482554872414e-06,0.9999966086591258
RETFOUND_MAE_CFP_FROZEN_PCA128_SVM,123,1,S000071,FIVES,NORMAL,NORMAL,1,0.003541912408862174,0.06734137144289035,0.9291167161482473
RETFOUND_MAE_CFP_FROZEN_PCA128_SVM,123,1,S000072,FIVES,NORMAL,NORMAL,1,0.0236048681865367,0.005393530758344367,0.9710016010551189
RETFOUND_MAE_CFP_FROZEN_PCA128_SVM,123,1,S000083,FIVES,NORMAL,NORMAL,1,0.00015704857068589095,0.006412019954541716,0.9934309314747723
RETFOUND_MAE_CFP_FROZEN_PCA128_SVM,123,1,S000085,FIVES,NORMAL,NORMAL,1,1.6035341097801844e-06,1.7493657643253884e-06,0.9999966471001259
RETFOUND_MAE_CFP_FROZEN_PCA128_SVM,123,1,S000090,FIVES,NORMAL,NORMAL,1,5.904765895895491e-07,5.67305071361304e-07,0.999998842218339
RETFOUND_MAE_CFP_FROZEN_PCA128_SVM,123,1,S000093,FIVES,NORMAL,NORMAL,1,1.3088674327829958e-07,1.445651146793063e-07,0.999999724548142
RETFOUND_MAE_CFP_FROZEN_PCA128_SVM,123,1,S000101,FIVES,NORMAL,NORMAL,1,5.806921675542117e-07,4.2221682334805944e-07,0.999998997091009
RETFOUND_MAE_CFP_FROZEN_PCA128_SVM,123,1,S000105,FIVES,NORMAL,NORMAL,1,6.268615846933941e-07,6.797768970161768e-07,0.9999986933615183
RETFOUND_MAE_CFP_FROZEN_PCA128_SVM,123,1,S000106,FIVES,NORMAL,NORMAL,1,0.0002845665445776647,0.0025926202265878356,0.9971228132288346
RETFOUND_MAE_CFP_FROZEN_PCA128_SVM,123,1,S000107,FIVES,NORMAL,NORMAL,1,0.00038287276933695854,0.00943584951552147,0.9901812777151415
RETFOUND_MAE_CFP_FROZEN_PCA128_SVM,123,1,S000111,FIVES,NORMAL,NORMAL,1,0.005448500293372371,0.001008339673765265,0.9935431600328624
RETFOUND_MAE_CFP_FROZEN_PCA128_SVM,123,1,S000114,FIVES,NORMAL,NORMAL,1,2.0559474824626318e-06,2.384320554599899e-06,0.999995559731963
RETFOUND_MAE_CFP_FROZEN_PCA128_SVM,123,1,S000123,FIVES,NORMAL,NORMAL,1,6.060836656920588e-08,6.336100458186037e-08,0.9999998760306289
RETFOUND_MAE_CFP_FROZEN_PCA128_SVM,123,1,S000124,FIVES,NORMAL,NORMAL,1,2.8695490975184647e-05,0.0019530898441131074,0.9980182146649116
RETFOUND_MAE_CFP_FROZEN_PCA128_SVM,123,1,S000126,FIVES,NORMAL,NORMAL,1,0.0051717415108518084,0.04553765365271595,0.9492906048364322
RETFOUND_MAE_CFP_FROZEN_PCA128_SVM,123,1,S000136,FIVES,NORMAL,NORMAL,1,0.0018554358199340823,0.0006058723608136967,0.9975386918192525
RETFOUND_MAE_CFP_FROZEN_PCA128_SVM,123,1,S000142,FIVES,NORMAL,NORMAL,1,1.0389952230758457e-06,1.2157874742148691e-06,0.9999977452173028
RETFOUND_MAE_CFP_FROZEN_PCA128_SVM,123,1,S000143,FIVES,NORMAL,NORMAL,1,8.719814020730163e-08,7.563809700457091e-08,0.9999998371637628
RETFOUND_MAE_CFP_FROZEN_PCA128_SVM,123,1,S000157,FIVES,AMD_DRY,AMD_WET,0,0.3479735958334873,0.6456060264607867,0.0064203777057260224
RETFOUND_MAE_CFP_FROZEN_PCA128_SVM,123,1,S000165,FIVES,AMD_DRY,AMD_DRY,1,0.991002016320996,0.007150691216359356,0.0018472924626443518
RETFOUND_MAE_CFP_FROZEN_PCA128_SVM,123,1,S000166,FIVES,AMD_DRY,AMD_WET,0,2.775918729847616e-07,0.9999878932258823,1.1829182244562011e-05
RETFOUND_MAE_CFP_FROZEN_PCA128_SVM,123,1,S000171,FIVES,AMD_WET,AMD_WET,1,0.004670392648524647,0.9950780895074933,0.0002515178439820097
RETFOUND_MAE_CFP_FROZEN_PCA128_SVM,123,1,S000175,FIVES,AMD_WET,AMD_WET,1,0.013253896444474951,0.9864182734556575,0.0003278300998673336
RETFOUND_MAE_CFP_FROZEN_PCA128_SVM,123,1,S000181,FIVES,AMD_WET,AMD_WET,1,0.0474389713457328,0.9522090338078063,0.0003519948464609842
RETFOUND_MAE_CFP_FROZEN_PCA128_SVM,123,1,S000196,FIVES,AMD_WET,AMD_WET,1,3.887402448697138e-08,0.9999188354451042,8.112568087143612e-05
RETFOUND_MAE_CFP_FROZEN_PCA128_SVM,123,1,S000197,FIVES,AMD_WET,AMD_WET,1,1.3885082067350002e-10,0.9999967290472547,3.270813894462282e-06
RETFOUND_MAE_CFP_FROZEN_PCA128_SVM,123,1,S000198,FIVES,AMD_WET,AMD_WET,1,0.0020631069673279333,0.9932801674000193,0.004656725632652733
RETFOUND_MAE_CFP_FROZEN_PCA128_SVM,123,1,S000199,FIVES,AMD_WET,AMD_WET,1,0.27704390031770365,0.7220216986252725,0.0009344010570233678
RETFOUND_MAE_CFP_FROZEN_PCA128_SVM,123,1,S000209,FIVES,AMD_WET,AMD_WET,1,0.00393830565202002,0.992998377596501,0.003063316751479115
RETFOUND_MAE_CFP_FROZEN_PCA128_SVM,123,1,S000214,FIVES,AMD_WET,AMD_WET,1,0.007689239678148378,0.9919960080913166,0.00031475223053519067
RETFOUND_MAE_CFP_FROZEN_PCA128_SVM,123,1,S000221,FIVES,AMD_WET,AMD_WET,1,0.005235102498016207,0.9941772027307963,0.00058769477118742
RETFOUND_MAE_CFP_FROZEN_PCA128_SVM,123,1,S000223,FIVES,AMD_WET,AMD_WET,1,0.09187700175275285,0.9021407888905832,0.005982209356663935
RETFOUND_MAE_CFP_FROZEN_PCA128_SVM,123,1,S000228,FIVES,AMD_WET,AMD_WET,1,1.6202606573194238e-06,0.9995197747210706,0.0004786050182720828
RETFOUND_MAE_CFP_FROZEN_PCA128_SVM,123,1,S000231,FIVES,AMD_WET,AMD_DRY,0,0.7328629826821492,0.25910586672567604,0.008031150592174668
RETFOUND_MAE_CFP_FROZEN_PCA128_SVM,123,1,S000240,ODIR,NORMAL,NORMAL,1,0.0013036955285799163,0.0015697058969091097,0.997126598574511
RETFOUND_MAE_CFP_FROZEN_PCA128_SVM,123,1,S000252,ODIR,NORMAL,NORMAL,1,0.0009318406449428328,0.0009288494982460571,0.9981393098568112
RETFOUND_MAE_CFP_FROZEN_PCA128_SVM,123,1,S000255,ODIR,NORMAL,NORMAL,1,4.5415739818788167e-07,2.31615557787653e-07,0.999999314227044
RETFOUND_MAE_CFP_FROZEN_PCA128_SVM,123,1,S000256,ODIR,NORMAL,NORMAL,1,8.25723530937002e-07,4.1446009892022544e-07,0.9999987598163701
RETFOUND_MAE_CFP_FROZEN_PCA128_SVM,123,1,S000258,ODIR,NORMAL,NORMAL,1,0.008114761212408683,0.0002451912575480836,0.9916400475300431
RETFOUND_MAE_CFP_FROZEN_PCA128_SVM,123,1,S000264,ODIR,NORMAL,NORMAL,1,6.288799008746797e-08,3.399754533399205e-08,0.9999999031144646
RETFOUND_MAE_CFP_FROZEN_PCA128_SVM,123,1,S000265,ODIR,NORMAL,NORMAL,1,0.005084853251947363,0.0009139445909394153,0.9940012021571132
RETFOUND_MAE_CFP_FROZEN_PCA128_SVM,123,1,S000267,ODIR,NORMAL,NORMAL,1,0.006515454888595141,0.0009839948294880613,0.992500550281917
RETFOUND_MAE_CFP_FROZEN_PCA128_SVM,123,1,S000268,ODIR,NORMAL,NORMAL,1,0.0020693280457811988,0.0034805270610657035,0.9944501448931534
RETFOUND_MAE_CFP_FROZEN_PCA128_SVM,123,1,S000274,ODIR,NORMAL,NORMAL,1,0.0032987707039248792,0.0010545502281827089,0.9956466790678926
RETFOUND_MAE_CFP_FROZEN_PCA128_SVM,123,1,S000275,ODIR,NORMAL,NORMAL,1,0.0005634809379586927,0.002197844336222568,0.9972386747258186
RETFOUND_MAE_CFP_FROZEN_PCA128_SVM,123,1,S000282,ODIR,NORMAL,NORMAL,1,1.0180227764542026e-06,5.191385811749411e-07,0.9999984628386425
RETFOUND_MAE_CFP_FROZEN_PCA128_SVM,123,1,S000291,ODIR,NORMAL,NORMAL,1,0.004385300627516549,0.014641728820159123,0.9809729705523242
RETFOUND_MAE_CFP_FROZEN_PCA128_SVM,123,1,S000298,ODIR,NORMAL,NORMAL,1,4.894894747921684e-07,2.57567699097885e-07,0.9999992529428261
RETFOUND_MAE_CFP_FROZEN_PCA128_SVM,123,1,S000307,ODIR,NORMAL,NORMAL,1,1.0141311822198588e-06,5.115245359141005e-07,0.9999984743442818
RETFOUND_MAE_CFP_FROZEN_PCA128_SVM,123,1,S000317,ODIR,NORMAL,NORMAL,1,0.0019074446426176127,0.00010150925272551907,0.9979910461046568
RETFOUND_MAE_CFP_FROZEN_PCA128_SVM,123,1,S000318,ODIR,NORMAL,NORMAL,1,0.014700363947043854,0.00016874502548497758,0.9851308910274712
RETFOUND_MAE_CFP_FROZEN_PCA128_SVM,123,1,S000321,ODIR,NORMAL,NORMAL,1,0.005153735510669135,0.0035342367582113544,0.9913120277311196
RETFOUND_MAE_CFP_FROZEN_PCA128_SVM,123,1,S000326,ODIR,NORMAL,NORMAL,1,0.010199294533092321,0.0001414584398346156,0.989659247027073
RETFOUND_MAE_CFP_FROZEN_PCA128_SVM,123,1,S000327,ODIR,NORMAL,NORMAL,1,0.02497483806534475,0.003732054316731302,0.9712931076179239
RETFOUND_MAE_CFP_FROZEN_PCA128_SVM,123,1,S000329,ODIR,NORMAL,NORMAL,1,0.020638705547634126,0.006564415646239823,0.9727968788061259
RETFOUND_MAE_CFP_FROZEN_PCA128_SVM,123,1,S000333,ODIR,NORMAL,NORMAL,1,0.005355470997737142,0.0015116049985504643,0.9931329240037126
RETFOUND_MAE_CFP_FROZEN_PCA128_SVM,123,1,S000349,ODIR,NORMAL,NORMAL,1,0.006548982748878778,0.0012946834518887998,0.9921563337992325
RETFOUND_MAE_CFP_FROZEN_PCA128_SVM,123,1,S000351,ODIR,NORMAL,NORMAL,1,0.008180329217417107,0.000173323789981323,0.9916463469926018
RETFOUND_MAE_CFP_FROZEN_PCA128_SVM,123,1,S000356,ODIR,NORMAL,NORMAL,1,0.007416583026204617,0.00015642481766232487,0.9924269921561328
RETFOUND_MAE_CFP_FROZEN_PCA128_SVM,123,1,S000382,ODIR,AMD_DRY,AMD_WET,0,0.28400592006085323,0.7130223769932119,0.0029717029459346085
RETFOUND_MAE_CFP_FROZEN_PCA128_SVM,123,1,S000387,ODIR,AMD_DRY,AMD_DRY,1,0.7390813001295398,0.2540605445319692,0.0068581553384910975
RETFOUND_MAE_CFP_FROZEN_PCA128_SVM,123,1,S000388,ODIR,AMD_DRY,AMD_DRY,1,0.7243164555973782,0.2710488485981146,0.004634695804507099
RETFOUND_MAE_CFP_FROZEN_PCA128_SVM,123,1,S000397,ODIR,AMD_DRY,AMD_DRY,1,0.9643844553019517,0.03381658806790516,0.0017989566301432752
RETFOUND_MAE_CFP_FROZEN_PCA128_SVM,123,1,S000405,ODIR,AMD_DRY,AMD_DRY,1,0.9979896335101213,0.0015819251580370336,0.00042844133184159874
RETFOUND_MAE_CFP_FROZEN_PCA128_SVM,123,1,S000408,ODIR,AMD_DRY,AMD_DRY,1,0.6685626821417734,0.18460886206640287,0.14682845579182374
RETFOUND_MAE_CFP_FROZEN_PCA128_SVM,123,1,S000413,ODIR,AMD_DRY,AMD_DRY,1,0.9795001016359939,0.010837575781391547,0.009662322582614768
RETFOUND_MAE_CFP_FROZEN_PCA128_SVM,123,1,S000414,ODIR,AMD_DRY,AMD_DRY,1,0.9844385868784212,0.011671037887556971,0.0038903752340217045
RETFOUND_MAE_CFP_FROZEN_PCA128_SVM,123,1,S000415,ODIR,AMD_DRY,AMD_DRY,1,0.9920250835096535,0.004212140755456257,0.0037627757348903733
RETFOUND_MAE_CFP_FROZEN_PCA128_SVM,123,1,S000421,ODIR,AMD_DRY,AMD_DRY,1,0.9449499888205418,0.04682471646895634,0.008225294710502085
RETFOUND_MAE_CFP_FROZEN_PCA128_SVM,123,1,S000422,ODIR,AMD_DRY,AMD_DRY,1,0.9742366653706395,0.018047344217868976,0.007715990411491537
RETFOUND_MAE_CFP_FROZEN_PCA128_SVM,123,1,S000429,ODIR,AMD_DRY,AMD_DRY,1,0.9983762581826684,0.0015201184300358006,0.00010362338729609505
RETFOUND_MAE_CFP_FROZEN_PCA128_SVM,123,1,S000431,ODIR,AMD_DRY,AMD_DRY,1,0.9859691355552577,0.0132148788156283,0.0008159856291139473
RETFOUND_MAE_CFP_FROZEN_PCA128_SVM,123,1,S000432,ODIR,AMD_DRY,AMD_DRY,1,0.9896851901718433,0.0042982174265388815,0.006016592401617976
RETFOUND_MAE_CFP_FROZEN_PCA128_SVM,123,1,S000433,ODIR,AMD_DRY,AMD_DRY,1,0.9961233298534105,0.003564826872560662,0.00031184327402869174
RETFOUND_MAE_CFP_FROZEN_PCA128_SVM,123,1,S000436,ODIR,AMD_DRY,AMD_DRY,1,0.9803235401437592,0.016668542116230287,0.003007917740010388
RETFOUND_MAE_CFP_FROZEN_PCA128_SVM,123,1,S000437,ODIR,AMD_DRY,AMD_DRY,1,0.7945269126248546,0.1409075355960338,0.06456555177911152
RETFOUND_MAE_CFP_FROZEN_PCA128_SVM,123,1,S000446,ODIR,AMD_WET,AMD_DRY,0,0.8363423258281255,0.15645873927406703,0.007198934897807482
RETFOUND_MAE_CFP_FROZEN_PCA128_SVM,123,1,S000450,ODIR,AMD_WET,AMD_WET,1,0.0023451418750663226,0.9962518097543022,0.0014030483706313896
RETFOUND_MAE_CFP_FROZEN_PCA128_SVM,123,1,S000452,ODIR,AMD_WET,AMD_DRY,0,0.6919514269669764,0.021183194095410567,0.28686537893761294
RETFOUND_MAE_CFP_FROZEN_PCA128_SVM,123,1,S000454,ODIR,AMD_WET,AMD_WET,1,0.0340447541725293,0.9610384414619645,0.0049168043655060945
RETFOUND_MAE_CFP_FROZEN_PCA128_SVM,123,1,S000467,ODIR,AMD_WET,AMD_WET,1,0.015321160813447608,0.9795637983194548,0.005115040867097628
RETFOUND_MAE_CFP_FROZEN_PCA128_SVM,123,1,S000477,RFMID,NORMAL,NORMAL,1,0.00017656767442533197,0.0023028059672131574,0.9975206263583615
RETFOUND_MAE_CFP_FROZEN_PCA128_SVM,123,1,S000480,RFMID,NORMAL,NORMAL,1,2.9013990344322306e-07,1.8793600002201594e-07,0.9999995219240965
RETFOUND_MAE_CFP_FROZEN_PCA128_SVM,123,1,S000484,RFMID,NORMAL,NORMAL,1,0.007928985722872758,0.02244682093484028,0.9696241933422871
RETFOUND_MAE_CFP_FROZEN_PCA128_SVM,123,1,S000485,RFMID,NORMAL,NORMAL,1,0.0022389111896258954,0.0019419092852902794,0.9958191795250837
RETFOUND_MAE_CFP_FROZEN_PCA128_SVM,123,1,S000491,RFMID,NORMAL,NORMAL,1,0.010910342583166024,0.05000104421245325,0.9390886132043806
RETFOUND_MAE_CFP_FROZEN_PCA128_SVM,123,1,S000493,RFMID,NORMAL,NORMAL,1,0.00027835029429121224,0.0038774494791653544,0.9958442002265434
RETFOUND_MAE_CFP_FROZEN_PCA128_SVM,123,1,S000504,RFMID,NORMAL,NORMAL,1,2.6433933355506362e-06,1.7159511047392713e-06,0.9999956406555596
RETFOUND_MAE_CFP_FROZEN_PCA128_SVM,123,1,S000506,RFMID,NORMAL,NORMAL,1,3.7710347626275422e-06,4.25755593842031e-06,0.999991971409299
RETFOUND_MAE_CFP_FROZEN_PCA128_SVM,123,1,S000507,RFMID,NORMAL,NORMAL,1,5.104917082145243e-08,3.27247520207855e-08,0.9999999162260772
RETFOUND_MAE_CFP_FROZEN_PCA128_SVM,123,1,S000515,RFMID,NORMAL,NORMAL,1,3.024019605838088e-06,2.1149985223385582e-06,0.9999948609818717
RETFOUND_MAE_CFP_FROZEN_PCA128_SVM,123,1,S000522,RFMID,NORMAL,NORMAL,1,0.004097940591111169,0.008687643936952573,0.9872144154719364
RETFOUND_MAE_CFP_FROZEN_PCA128_SVM,123,1,S000527,RFMID,NORMAL,NORMAL,1,0.0008886793671199596,0.0014872850728891247,0.997624035559991
RETFOUND_MAE_CFP_FROZEN_PCA128_SVM,123,1,S000529,RFMID,NORMAL,NORMAL,1,0.0006488036513850185,0.002894438599413163,0.9964567577492021
RETFOUND_MAE_CFP_FROZEN_PCA128_SVM,123,1,S000542,RFMID,AMD_DRY,AMD_DRY,1,0.580808009715823,0.4140190394403236,0.005172950843853293
RETFOUND_MAE_CFP_FROZEN_PCA128_SVM,123,1,S000545,RFMID,AMD_WET,AMD_WET,1,0.05120015497415607,0.9485601578347295,0.0002396871911145055
RETFOUND_MAE_CFP_FROZEN_PCA128_SVM,123,1,S000552,RFMID,AMD_WET,AMD_WET,1,0.008388720108675154,0.9819618427608569,0.00964943713046812
RETFOUND_MAE_CFP_FROZEN_PCA128_SVM,123,1,S000553,RFMID,AMD_WET,AMD_WET,1,0.02114296213747791,0.9682758418551687,0.010581196007353308
RETFOUND_MAE_CFP_FROZEN_PCA128_SVM,123,1,S000565,RFMID,AMD_WET,AMD_WET,1,2.3377115700920997e-07,0.9999849598548037,1.4806374039149471e-05
RETFOUND_MAE_CFP_FROZEN_PCA128_SVM,123,1,S000576,RFMID,AMD_WET,AMD_WET,1,1.2816200059243607e-06,0.9994408795516624,0.0005578388283316038
RETFOUND_MAE_CFP_FROZEN_PCA128_SVM,123,1,S000578,RFMID,AMD_WET,AMD_WET,1,0.01784608822546544,0.9812764695121272,0.0008774422624071111
RETFOUND_MAE_CFP_FROZEN_PCA128_SVM,123,1,S000580,RFMID,AMD_WET,AMD_WET,1,1.4239885467247451e-06,0.9994090639447736,0.0005895120666795931
RETFOUND_MAE_CFP_FROZEN_PCA128_SVM,123,1,S000583,RFMID,AMD_WET,AMD_WET,1,0.008784902962459222,0.9883070726393602,0.002908024398180356
RETFOUND_MAE_CFP_FROZEN_PCA128_SVM,123,1,S000584,RFMID,AMD_WET,AMD_WET,1,4.5159021933873635e-06,0.9988689294316966,0.0011265546661099481
RETFOUND_MAE_CFP_FROZEN_PCA128_SVM,123,1,S000589,RFMID,AMD_WET,AMD_WET,1,0.03689381750617488,0.9573133537999193,0.005792828693905872
RETFOUND_MAE_CFP_FROZEN_PCA128_SVM,123,1,S000591,RFMID,AMD_WET,AMD_WET,1,2.7332132898334726e-06,0.9991180343658614,0.0008792324208487184
RETFOUND_MAE_CFP_FROZEN_PCA128_SVM,123,2,S000005,ADAM,AMD_DRY,AMD_DRY,1,0.7362148654214201,0.0033463066577859774,0.26043882792079404
RETFOUND_MAE_CFP_FROZEN_PCA128_SVM,123,2,S000006,ADAM,AMD_DRY,AMD_DRY,1,0.8074270210880679,0.19249874329892064,7.423561301158954e-05
RETFOUND_MAE_CFP_FROZEN_PCA128_SVM,123,2,S000009,ADAM,AMD_DRY,AMD_DRY,1,0.9290537701271819,0.0702150479868713,0.0007311818859467406
RETFOUND_MAE_CFP_FROZEN_PCA128_SVM,123,2,S000011,ADAM,AMD_DRY,AMD_DRY,1,0.7742942598788812,0.0439456003156294,0.1817601398054893
RETFOUND_MAE_CFP_FROZEN_PCA128_SVM,123,2,S000025,ADAM,AMD_DRY,AMD_DRY,1,0.8625511961611246,0.04911991399533687,0.08832888984353866
RETFOUND_MAE_CFP_FROZEN_PCA128_SVM,123,2,S000027,ADAM,AMD_DRY,AMD_DRY,1,0.8960793719677311,0.0069194762961125224,0.0970011517361564
RETFOUND_MAE_CFP_FROZEN_PCA128_SVM,123,2,S000033,ADAM,AMD_DRY,AMD_DRY,1,0.9963659905782762,0.0007982018023471703,0.0028358076193765454
RETFOUND_MAE_CFP_FROZEN_PCA128_SVM,123,2,S000037,ADAM,AMD_WET,AMD_WET,1,0.480068999792591,0.5193458534412009,0.0005851467662081664
RETFOUND_MAE_CFP_FROZEN_PCA128_SVM,123,2,S000039,ADAM,AMD_WET,AMD_WET,1,0.0023904221076062326,0.9971010927676613,0.0005084851247321876
RETFOUND_MAE_CFP_FROZEN_PCA128_SVM,123,2,S000044,ADAM,AMD_WET,AMD_DRY,0,0.7199668664265889,0.27896693954276136,0.0010661940306495748
RETFOUND_MAE_CFP_FROZEN_PCA128_SVM,123,2,S000049,ADAM,AMD_WET,AMD_DRY,0,0.7336057019682355,0.005443681951766019,0.2609506160799986
RETFOUND_MAE_CFP_FROZEN_PCA128_SVM,123,2,S000054,FIVES,NORMAL,NORMAL,1,6.707325474140699e-07,7.01664719506872e-07,0.9999986276027331
RETFOUND_MAE_CFP_FROZEN_PCA128_SVM,123,2,S000059,FIVES,NORMAL,NORMAL,1,1.9279574159085896e-06,1.9871489976197306e-06,0.9999960848935864
RETFOUND_MAE_CFP_FROZEN_PCA128_SVM,123,2,S000060,FIVES,NORMAL,NORMAL,1,0.00028428242002804654,0.004956898621721308,0.9947588189582507
RETFOUND_MAE_CFP_FROZEN_PCA128_SVM,123,2,S000063,FIVES,NORMAL,NORMAL,1,3.6408601153808166e-07,2.998387619008051e-07,0.9999993360752265
RETFOUND_MAE_CFP_FROZEN_PCA128_SVM,123,2,S000068,FIVES,NORMAL,NORMAL,1,0.0017735563583872618,0.003279811914577425,0.9949466317270351
RETFOUND_MAE_CFP_FROZEN_PCA128_SVM,123,2,S000069,FIVES,NORMAL,NORMAL,1,4.148086510354837e-07,2.655093222334275e-07,0.9999993196820267
RETFOUND_MAE_CFP_FROZEN_PCA128_SVM,123,2,S000091,FIVES,NORMAL,NORMAL,1,0.0008572920272827137,0.0034278061592518953,0.9957149018134654
RETFOUND_MAE_CFP_FROZEN_PCA128_SVM,123,2,S000092,FIVES,NORMAL,NORMAL,1,0.0009433974228745453,0.007779065001102867,0.9912775375760225
RETFOUND_MAE_CFP_FROZEN_PCA128_SVM,123,2,S000098,FIVES,NORMAL,NORMAL,1,2.9751410196943806e-06,2.1481407546619186e-06,0.9999948767182256
RETFOUND_MAE_CFP_FROZEN_PCA128_SVM,123,2,S000099,FIVES,NORMAL,NORMAL,1,0.014046657461212435,0.036394101100215806,0.9495592414385715
RETFOUND_MAE_CFP_FROZEN_PCA128_SVM,123,2,S000102,FIVES,NORMAL,NORMAL,1,2.763916731069221e-07,2.650047729866897e-07,0.9999994586035539
RETFOUND_MAE_CFP_FROZEN_PCA128_SVM,123,2,S000112,FIVES,NORMAL,NORMAL,1,6.985451457838399e-06,6.082847965808987e-06,0.9999869317005764
RETFOUND_MAE_CFP_FROZEN_PCA128_SVM,123,2,S000113,FIVES,NORMAL,NORMAL,1,1.099375432178208e-06,1.0318269123279407e-06,0.9999978687976555
RETFOUND_MAE_CFP_FROZEN_PCA128_SVM,123,2,S000121,FIVES,NORMAL,NORMAL,1,6.080715931221312e-07,6.518783574280828e-07,0.9999987400500495
RETFOUND_MAE_CFP_FROZEN_PCA128_SVM,123,2,S000134,FIVES,NORMAL,NORMAL,1,0.0004852296622683028,0.002864846259421406,0.9966499240783103
RETFOUND_MAE_CFP_FROZEN_PCA128_SVM,123,2,S000137,FIVES,NORMAL,NORMAL,1,0.0019445712344487774,0.000149670984499169,0.9979057577810522
RETFOUND_MAE_CFP_FROZEN_PCA128_SVM,123,2,S000138,FIVES,NORMAL,NORMAL,1,0.00027606832238167683,0.0017366404726507634,0.9979872912049678
RETFOUND_MAE_CFP_FROZEN_PCA128_SVM,123,2,S000147,FIVES,NORMAL,NORMAL,1,0.0007765742092316173,0.006260656883745308,0.9929627689070232
RETFOUND_MAE_CFP_FROZEN_PCA128_SVM,123,2,S000150,FIVES,NORMAL,NORMAL,1,0.00258601854019386,0.0059336562894546875,0.9914803251703513
RETFOUND_MAE_CFP_FROZEN_PCA128_SVM,123,2,S000153,FIVES,AMD_DRY,AMD_DRY,1,0.955190580948908,0.04098557963920726,0.0038238394118846396
RETFOUND_MAE_CFP_FROZEN_PCA128_SVM,123,2,S000154,FIVES,AMD_DRY,AMD_DRY,1,0.9458696033069692,0.05335490300529323,0.000775493687737651
RETFOUND_MAE_CFP_FROZEN_PCA128_SVM,123,2,S000160,FIVES,AMD_DRY,AMD_DRY,1,0.9788237750896519,0.013421809066946892,0.007754415843401284
RETFOUND_MAE_CFP_FROZEN_PCA128_SVM,123,2,S000167,FIVES,AMD_WET,AMD_WET,1,0.11337741667137732,0.8854133770212612,0.0012092063073614971
RETFOUND_MAE_CFP_FROZEN_PCA128_SVM,123,2,S000178,FIVES,AMD_WET,AMD_WET,1,0.008455982563686529,0.99076903510554,0.0007749823307731107
RETFOUND_MAE_CFP_FROZEN_PCA128_SVM,123,2,S000180,FIVES,AMD_WET,AMD_WET,1,0.01474957747852504,0.9848884951307431,0.00036192739073165076
RETFOUND_MAE_CFP_FROZEN_PCA128_SVM,123,2,S000183,FIVES,AMD_WET,AMD_WET,1,1.8073026979050346e-06,0.9992105315289719,0.0007876611683301267
RETFOUND_MAE_CFP_FROZEN_PCA128_SVM,123,2,S000184,FIVES,AMD_WET,AMD_WET,1,0.0062056450123616136,0.9937022033548306,9.215163280789428e-05
RETFOUND_MAE_CFP_FROZEN_PCA128_SVM,123,2,S000186,FIVES,AMD_WET,AMD_WET,1,0.00392241082669716,0.9956160245481954,0.00046156462510762774
RETFOUND_MAE_CFP_FROZEN_PCA128_SVM,123,2,S000188,FIVES,AMD_WET,AMD_WET,1,0.00619566914259261,0.9937436967291688,6.063412823870059e-05
RETFOUND_MAE_CFP_FROZEN_PCA128_SVM,123,2,S000205,FIVES,AMD_WET,AMD_WET,1,4.4439608479609044e-07,0.9997830796719503,0.00021647593196488888
RETFOUND_MAE_CFP_FROZEN_PCA128_SVM,123,2,S000210,FIVES,AMD_WET,AMD_WET,1,0.010794459033662083,0.9871181794908278,0.002087361475510262
RETFOUND_MAE_CFP_FROZEN_PCA128_SVM,123,2,S000222,FIVES,AMD_WET,AMD_WET,1,6.184825499823e-07,0.9995514512704834,0.0004479302469665791
RETFOUND_MAE_CFP_FROZEN_PCA128_SVM,123,2,S000226,FIVES,AMD_WET,AMD_WET,1,0.03458387729395131,0.9633784694114338,0.0020376532946148147
RETFOUND_MAE_CFP_FROZEN_PCA128_SVM,123,2,S000230,FIVES,AMD_WET,AMD_WET,1,0.0023291685803048688,0.9974804959036063,0.00019033551608881423
RETFOUND_MAE_CFP_FROZEN_PCA128_SVM,123,2,S000233,FIVES,AMD_WET,AMD_WET,1,0.008310986581247574,0.8950270300963865,0.09666198332236607
RETFOUND_MAE_CFP_FROZEN_PCA128_SVM,123,2,S000238,FIVES,AMD_WET,AMD_WET,1,0.07839452641431638,0.8035227871923487,0.11808268639333491
RETFOUND_MAE_CFP_FROZEN_PCA128_SVM,123,2,S000241,ODIR,NORMAL,NORMAL,1,0.03765507203423851,0.0013763288726368523,0.9609685990931246
RETFOUND_MAE_CFP_FROZEN_PCA128_SVM,123,2,S000244,ODIR,NORMAL,NORMAL,1,0.0027762986911943886,0.00442329062887225,0.9928004106799334
RETFOUND_MAE_CFP_FROZEN_PCA128_SVM,123,2,S000250,ODIR,NORMAL,NORMAL,1,0.07193927975602471,0.0015637019472961263,0.9264970182966792
RETFOUND_MAE_CFP_FROZEN_PCA128_SVM,123,2,S000259,ODIR,NORMAL,NORMAL,1,0.002570288792785277,0.001078148963604357,0.9963515622436103
RETFOUND_MAE_CFP_FROZEN_PCA128_SVM,123,2,S000260,ODIR,NORMAL,NORMAL,1,0.0023852656577186427,0.0022392862515785267,0.995375448090703
RETFOUND_MAE_CFP_FROZEN_PCA128_SVM,123,2,S000261,ODIR,NORMAL,NORMAL,1,0.007476622858254474,0.00020275748041946807,0.9923206196613261
RETFOUND_MAE_CFP_FROZEN_PCA128_SVM,123,2,S000266,ODIR,NORMAL,NORMAL,1,1.3750045011147803e-07,6.973052870234815e-08,0.9999997927690211
RETFOUND_MAE_CFP_FROZEN_PCA128_SVM,123,2,S000276,ODIR,NORMAL,NORMAL,1,0.0017253233606412044,0.0005009040361567264,0.997773772603202
RETFOUND_MAE_CFP_FROZEN_PCA128_SVM,123,2,S000284,ODIR,NORMAL,NORMAL,1,0.021038496752472727,0.001406197597340363,0.9775553056501867
RETFOUND_MAE_CFP_FROZEN_PCA128_SVM,123,2,S000287,ODIR,NORMAL,NORMAL,1,0.03297452352960927,0.0011498353235937328,0.9658756411467971
RETFOUND_MAE_CFP_FROZEN_PCA128_SVM,123,2,S000290,ODIR,NORMAL,NORMAL,1,0.0014141188225089308,0.0010967364223316862,0.9974891447551594
RETFOUND_MAE_CFP_FROZEN_PCA128_SVM,123,2,S000293,ODIR,NORMAL,NORMAL,1,0.0007223582477714601,0.0019736656186722695,0.9973039761335561
RETFOUND_MAE_CFP_FROZEN_PCA128_SVM,123,2,S000295,ODIR,NORMAL,NORMAL,1,0.4405830411001691,0.0047346805400912545,0.5546822783597394
RETFOUND_MAE_CFP_FROZEN_PCA128_SVM,123,2,S000297,ODIR,NORMAL,NORMAL,1,0.007923700428290539,0.00039414637507544017,0.991682153196634
RETFOUND_MAE_CFP_FROZEN_PCA128_SVM,123,2,S000300,ODIR,NORMAL,NORMAL,1,0.004955444969794861,0.005767347894717345,0.9892772071354878
RETFOUND_MAE_CFP_FROZEN_PCA128_SVM,123,2,S000310,ODIR,NORMAL,NORMAL,1,0.00013235852745920745,0.0014131478305165193,0.9984544936420242
RETFOUND_MAE_CFP_FROZEN_PCA128_SVM,123,2,S000322,ODIR,NORMAL,NORMAL,1,0.011593143052136604,0.004742892345272722,0.9836639646025904
RETFOUND_MAE_CFP_FROZEN_PCA128_SVM,123,2,S000340,ODIR,NORMAL,NORMAL,1,0.0016326350612898837,0.0015492346847706616,0.9968181302539396
RETFOUND_MAE_CFP_FROZEN_PCA128_SVM,123,2,S000344,ODIR,NORMAL,NORMAL,1,9.783339921501733e-07,5.152573265459243e-07,0.9999985064086813
RETFOUND_MAE_CFP_FROZEN_PCA128_SVM,123,2,S000345,ODIR,NORMAL,NORMAL,1,2.7455740892311415e-07,1.4257595635216416e-07,0.9999995828666348
RETFOUND_MAE_CFP_FROZEN_PCA128_SVM,123,2,S000347,ODIR,NORMAL,NORMAL,1,0.07116198209036902,0.011749901939109653,0.9170881159705213
RETFOUND_MAE_CFP_FROZEN_PCA128_SVM,123,2,S000350,ODIR,NORMAL,NORMAL,1,0.006461437486148404,0.010519493287373331,0.9830190692264782
RETFOUND_MAE_CFP_FROZEN_PCA128_SVM,123,2,S000352,ODIR,NORMAL,NORMAL,1,0.07029726512104878,0.1492991287694356,0.7804036061095158
RETFOUND_MAE_CFP_FROZEN_PCA128_SVM,123,2,S000359,ODIR,NORMAL,NORMAL,1,0.005862152020086912,0.0021583499360422276,0.9919794980438708
RETFOUND_MAE_CFP_FROZEN_PCA128_SVM,123,2,S000361,ODIR,NORMAL,NORMAL,1,0.022685383586701725,0.002217372911384301,0.9750972435019143
RETFOUND_MAE_CFP_FROZEN_PCA128_SVM,123,2,S000366,ODIR,AMD_DRY,AMD_DRY,1,0.5524507969941127,0.22441417940821354,0.22313502359767368
RETFOUND_MAE_CFP_FROZEN_PCA128_SVM,123,2,S000368,ODIR,AMD_DRY,AMD_DRY,1,0.9861405956615238,0.0025885814838771336,0.011270822854598891
RETFOUND_MAE_CFP_FROZEN_PCA128_SVM,123,2,S000369,ODIR,AMD_DRY,AMD_DRY,1,0.7764708269878543,0.20740139051562956,0.016127782496515964
RETFOUND_MAE_CFP_FROZEN_PCA128_SVM,123,2,S000370,ODIR,AMD_DRY,AMD_DRY,1,0.7645898027419477,0.14133784316742268,0.09407235409062957
RETFOUND_MAE_CFP_FROZEN_PCA128_SVM,123,2,S000374,ODIR,AMD_DRY,AMD_DRY,1,0.85864786822179,0.13478197946775364,0.006570152310456324
RETFOUND_MAE_CFP_FROZEN_PCA128_SVM,123,2,S000377,ODIR,AMD_DRY,AMD_DRY,1,0.49218039269854597,0.4494666025022537,0.05835300479920005
RETFOUND_MAE_CFP_FROZEN_PCA128_SVM,123,2,S000378,ODIR,AMD_DRY,AMD_DRY,1,0.6208955347279996,0.1421022583749457,0.23700220689705462
RETFOUND_MAE_CFP_FROZEN_PCA128_SVM,123,2,S000379,ODIR,AMD_DRY,AMD_DRY,1,0.6202725947696085,0.3720065282429054,0.007720876987485964
RETFOUND_MAE_CFP_FROZEN_PCA128_SVM,123,2,S000380,ODIR,AMD_DRY,AMD_DRY,1,0.9332761484821545,0.06622793695581185,0.0004959145620336704
RETFOUND_MAE_CFP_FROZEN_PCA128_SVM,123,2,S000383,ODIR,AMD_DRY,AMD_DRY,1,0.553931124159561,0.3785044642061249,0.0675644116343141
RETFOUND_MAE_CFP_FROZEN_PCA128_SVM,123,2,S000390,ODIR,AMD_DRY,AMD_WET,0,0.36032213928066453,0.6204286151102545,0.019249245609081093
RETFOUND_MAE_CFP_FROZEN_PCA128_SVM,123,2,S000402,ODIR,AMD_DRY,AMD_DRY,1,0.9879414004775591,0.01003775757524928,0.002020841947191634
RETFOUND_MAE_CFP_FROZEN_PCA128_SVM,123,2,S000416,ODIR,AMD_DRY,AMD_DRY,1,0.7856801824852127,0.029646431786715444,0.18467338572807207
RETFOUND_MAE_CFP_FROZEN_PCA128_SVM,123,2,S000439,ODIR,AMD_DRY,AMD_DRY,1,0.9413624408218487,0.05407591105376495,0.004561648124385861
RETFOUND_MAE_CFP_FROZEN_PCA128_SVM,123,2,S000441,ODIR,AMD_DRY,AMD_DRY,1,0.9863153615369469,0.007325442048596008,0.006359196414457033
RETFOUND_MAE_CFP_FROZEN_PCA128_SVM,123,2,S000444,ODIR,AMD_DRY,NORMAL,0,0.13045016465453457,0.0038279973859434925,0.8657218379595217
RETFOUND_MAE_CFP_FROZEN_PCA128_SVM,123,2,S000447,ODIR,AMD_WET,AMD_WET,1,0.25753752942458413,0.7412145667324967,0.0012479038429190645
RETFOUND_MAE_CFP_FROZEN_PCA128_SVM,123,2,S000455,ODIR,AMD_WET,AMD_WET,1,0.18542303218857212,0.8135462318216321,0.0010307359897957372
RETFOUND_MAE_CFP_FROZEN_PCA128_SVM,123,2,S000459,ODIR,AMD_WET,AMD_DRY,0,0.8395390392889822,0.14121912093809708,0.019241839772920603
RETFOUND_MAE_CFP_FROZEN_PCA128_SVM,123,2,S000460,ODIR,AMD_WET,AMD_DRY,0,0.9848350824377514,0.005691530136665283,0.009473387425583298
RETFOUND_MAE_CFP_FROZEN_PCA128_SVM,123,2,S000465,ODIR,AMD_WET,AMD_DRY,0,0.5851112674796183,0.30475628854626113,0.11013244397412013
RETFOUND_MAE_CFP_FROZEN_PCA128_SVM,123,2,S000472,ODIR,AMD_WET,AMD_DRY,0,0.9652077302902053,0.026394400884083263,0.00839786882571147
RETFOUND_MAE_CFP_FROZEN_PCA128_SVM,123,2,S000478,RFMID,NORMAL,NORMAL,1,0.008624797022814096,0.01106818856420533,0.9803070144129804
RETFOUND_MAE_CFP_FROZEN_PCA128_SVM,123,2,S000481,RFMID,NORMAL,NORMAL,1,0.003222285783028401,0.001883622717129056,0.9948940914998423
RETFOUND_MAE_CFP_FROZEN_PCA128_SVM,123,2,S000490,RFMID,NORMAL,NORMAL,1,3.272388999121682e-06,3.2539666486719638e-06,0.9999934736443521
RETFOUND_MAE_CFP_FROZEN_PCA128_SVM,123,2,S000494,RFMID,NORMAL,NORMAL,1,0.005179570802573602,0.01789459522758102,0.9769258339698456
RETFOUND_MAE_CFP_FROZEN_PCA128_SVM,123,2,S000498,RFMID,NORMAL,NORMAL,1,0.024431518671770285,0.04965288716871616,0.9259155941595135
RETFOUND_MAE_CFP_FROZEN_PCA128_SVM,123,2,S000502,RFMID,NORMAL,NORMAL,1,0.0011044604071860273,0.0015163643681503104,0.9973791752246635
RETFOUND_MAE_CFP_FROZEN_PCA128_SVM,123,2,S000508,RFMID,NORMAL,NORMAL,1,0.008900092208666718,0.0014799094330117928,0.9896199983583216
RETFOUND_MAE_CFP_FROZEN_PCA128_SVM,123,2,S000509,RFMID,NORMAL,NORMAL,1,0.0018030539147155253,0.0008315023429252546,0.997365443742359
RETFOUND_MAE_CFP_FROZEN_PCA128_SVM,123,2,S000510,RFMID,NORMAL,NORMAL,1,0.014739078104845,0.003853034960198353,0.9814078869349567
RETFOUND_MAE_CFP_FROZEN_PCA128_SVM,123,2,S000516,RFMID,NORMAL,NORMAL,1,2.462467233819859e-06,1.2699378987984196e-06,0.9999962675948674
RETFOUND_MAE_CFP_FROZEN_PCA128_SVM,123,2,S000517,RFMID,NORMAL,NORMAL,1,0.025239197353519014,0.0017085434080947185,0.9730522592383866
RETFOUND_MAE_CFP_FROZEN_PCA128_SVM,123,2,S000518,RFMID,NORMAL,NORMAL,1,8.757634792375288e-08,5.98737870198471e-08,0.9999998525498651
RETFOUND_MAE_CFP_FROZEN_PCA128_SVM,123,2,S000523,RFMID,NORMAL,NORMAL,1,1.415102339110292e-08,1.112221629551027e-08,0.9999999747267603
RETFOUND_MAE_CFP_FROZEN_PCA128_SVM,123,2,S000537,RFMID,AMD_DRY,AMD_DRY,1,0.9845307727023077,0.012589852927735028,0.0028793743699572186
RETFOUND_MAE_CFP_FROZEN_PCA128_SVM,123,2,S000555,RFMID,AMD_WET,AMD_WET,1,0.023533731630966375,0.948417241721578,0.02804902664745538
RETFOUND_MAE_CFP_FROZEN_PCA128_SVM,123,2,S000557,RFMID,AMD_WET,AMD_WET,1,2.658194759148853e-08,0.9999360962510072,6.38771670453058e-05
RETFOUND_MAE_CFP_FROZEN_PCA128_SVM,123,2,S000559,RFMID,AMD_WET,AMD_WET,1,0.011576389482990236,0.9841196403988849,0.004303970118124758
RETFOUND_MAE_CFP_FROZEN_PCA128_SVM,123,2,S000568,RFMID,AMD_WET,AMD_WET,1,0.053745321894044726,0.9380874255075241,0.008167252598431294
RETFOUND_MAE_CFP_FROZEN_PCA128_SVM,123,2,S000571,RFMID,AMD_WET,AMD_WET,1,0.00522983371623755,0.9931839587035236,0.0015862075802391274
RETFOUND_MAE_CFP_FROZEN_PCA128_SVM,123,2,S000572,RFMID,AMD_WET,AMD_WET,1,0.007053672602194394,0.992148341874714,0.000797985523091471
RETFOUND_MAE_CFP_FROZEN_PCA128_SVM,123,2,S000573,RFMID,AMD_WET,AMD_WET,1,0.12212313625240562,0.8690794019199757,0.008797461827618803
RETFOUND_MAE_CFP_FROZEN_PCA128_SVM,123,2,S000586,RFMID,AMD_WET,AMD_WET,1,0.03208761529036392,0.9427795770407064,0.025132807668929464
RETFOUND_MAE_CFP_FROZEN_PCA128_SVM,123,2,S000587,RFMID,AMD_WET,AMD_WET,1,0.01715290639402386,0.9817102702241995,0.0011368233817766098
RETFOUND_MAE_CFP_FROZEN_PCA128_SVM,123,2,S000594,RFMID,AMD_WET,AMD_WET,1,0.004517712453432412,0.9940420872901348,0.0014402002564327227
RETFOUND_MAE_CFP_FROZEN_PCA128_SVM,123,2,S000595,RFMID,AMD_WET,AMD_WET,1,0.033525552118464995,0.9648371040516557,0.0016373438298794326
RETFOUND_MAE_CFP_FROZEN_PCA128_SVM,123,3,S000012,ADAM,AMD_DRY,AMD_DRY,1,0.9677100661374738,0.0302359945731285,0.002053939289397667
RETFOUND_MAE_CFP_FROZEN_PCA128_SVM,123,3,S000014,ADAM,AMD_DRY,AMD_DRY,1,0.5062867198347145,0.12276102921279766,0.3709522509524878
RETFOUND_MAE_CFP_FROZEN_PCA128_SVM,123,3,S000016,ADAM,AMD_DRY,AMD_DRY,1,0.9894418055907264,0.003909028549256092,0.006649165860017407
RETFOUND_MAE_CFP_FROZEN_PCA128_SVM,123,3,S000020,ADAM,AMD_DRY,AMD_DRY,1,0.6682446403962676,0.3279579225923612,0.003797437011371175
RETFOUND_MAE_CFP_FROZEN_PCA128_SVM,123,3,S000028,ADAM,AMD_DRY,AMD_DRY,1,0.9014157821935604,0.07174908698217192,0.026835130824267542
RETFOUND_MAE_CFP_FROZEN_PCA128_SVM,123,3,S000031,ADAM,AMD_DRY,NORMAL,0,0.13926386874771118,0.0030231221161595655,0.8577130091361292
RETFOUND_MAE_CFP_FROZEN_PCA128_SVM,123,3,S000034,ADAM,AMD_DRY,AMD_DRY,1,0.9097999879965393,0.08975780270966931,0.0004422092937914144
RETFOUND_MAE_CFP_FROZEN_PCA128_SVM,123,3,S000036,ADAM,AMD_WET,AMD_DRY,0,0.9900590130939659,0.009563915384858908,0.00037707152117502315
RETFOUND_MAE_CFP_FROZEN_PCA128_SVM,123,3,S000038,ADAM,AMD_WET,AMD_WET,1,0.027838906554743196,0.9719755374405904,0.0001855560046665371
RETFOUND_MAE_CFP_FROZEN_PCA128_SVM,123,3,S000050,ADAM,AMD_WET,AMD_DRY,0,0.6226376076779101,0.37720855357548516,0.00015383874660485707
RETFOUND_MAE_CFP_FROZEN_PCA128_SVM,123,3,S000058,FIVES,NORMAL,NORMAL,1,0.002099445575510402,0.02648421032863162,0.9714163440958581
RETFOUND_MAE_CFP_FROZEN_PCA128_SVM,123,3,S000061,FIVES,NORMAL,NORMAL,1,9.92259339616485e-07,1.1369014198574356e-06,0.9999978708392405
RETFOUND_MAE_CFP_FROZEN_PCA128_SVM,123,3,S000070,FIVES,NORMAL,NORMAL,1,0.02075585413874121,0.009217739511939068,0.9700264063493197
RETFOUND_MAE_CFP_FROZEN_PCA128_SVM,123,3,S000073,FIVES,NORMAL,NORMAL,1,0.002556195243817708,0.0005195350697619499,0.9969242696864202
RETFOUND_MAE_CFP_FROZEN_PCA128_SVM,123,3,S000075,FIVES,NORMAL,NORMAL,1,2.4878643027576244e-07,2.6485938511294083e-07,0.9999994863541847
RETFOUND_MAE_CFP_FROZEN_PCA128_SVM,123,3,S000076,FIVES,NORMAL,NORMAL,1,0.006280764232633837,0.0031209720248334613,0.9905982637425326
RETFOUND_MAE_CFP_FROZEN_PCA128_SVM,123,3,S000080,FIVES,NORMAL,NORMAL,1,5.438186515453856e-06,5.618778019291709e-06,0.9999889430354653
RETFOUND_MAE_CFP_FROZEN_PCA128_SVM,123,3,S000082,FIVES,NORMAL,NORMAL,1,2.2722570439469557e-06,2.3040794919213456e-06,0.9999954236634641
RETFOUND_MAE_CFP_FROZEN_PCA128_SVM,123,3,S000086,FIVES,NORMAL,NORMAL,1,0.006729947935385243,0.0169234426685566,0.9763466093960582
RETFOUND_MAE_CFP_FROZEN_PCA128_SVM,123,3,S000087,FIVES,NORMAL,NORMAL,1,3.9643184340470226e-07,4.207531750858778e-07,0.9999991828149816
RETFOUND_MAE_CFP_FROZEN_PCA128_SVM,123,3,S000104,FIVES,NORMAL,NORMAL,1,1.8583770764165967e-07,2.0017037263639112e-07,0.9999996139919196
RETFOUND_MAE_CFP_FROZEN_PCA128_SVM,123,3,S000115,FIVES,NORMAL,NORMAL,1,0.0012535623367079622,0.016261816076887838,0.9824846215864041
RETFOUND_MAE_CFP_FROZEN_PCA128_SVM,123,3,S000116,FIVES,NORMAL,NORMAL,1,0.006981254708845419,0.005843249726515413,0.9871754955646392
RETFOUND_MAE_CFP_FROZEN_PCA128_SVM,123,3,S000127,FIVES,NORMAL,NORMAL,1,0.0015843036999470803,0.002722055858957698,0.9956936404410952
RETFOUND_MAE_CFP_FROZEN_PCA128_SVM,123,3,S000129,FIVES,NORMAL,NORMAL,1,3.1654583574332164e-07,2.83803664344518e-07,0.9999993996505
RETFOUND_MAE_CFP_FROZEN_PCA128_SVM,123,3,S000132,FIVES,NORMAL,NORMAL,1,1.1821525438483812e-06,9.483653136030619e-07,0.9999978694821426
RETFOUND_MAE_CFP_FROZEN_PCA128_SVM,123,3,S000139,FIVES,NORMAL,NORMAL,1,0.0012681206120101608,0.02000540218337741,0.9787264772046124
RETFOUND_MAE_CFP_FROZEN_PCA128_SVM,123,3,S000140,FIVES,NORMAL,NORMAL,1,0.00709715807616608,0.0021292969170635476,0.9907735450067705
RETFOUND_MAE_CFP_FROZEN_PCA128_SVM,123,3,S000144,FIVES,NORMAL,NORMAL,1,0.013016512502449645,0.10523065083247228,0.881752836665078
RETFOUND_MAE_CFP_FROZEN_PCA128_SVM,123,3,S000148,FIVES,NORMAL,NORMAL,1,0.0014660285270752594,0.0032440226752015414,0.9952899487977231
RETFOUND_MAE_CFP_FROZEN_PCA128_SVM,123,3,S000152,FIVES,AMD_DRY,AMD_DRY,1,0.8940533583070682,0.10409096108713334,0.0018556806057983498
RETFOUND_MAE_CFP_FROZEN_PCA128_SVM,123,3,S000156,FIVES,AMD_DRY,AMD_DRY,1,0.863619759433868,0.13408933429857778,0.002290906267553929
RETFOUND_MAE_CFP_FROZEN_PCA128_SVM,123,3,S000161,FIVES,AMD_DRY,AMD_WET,0,0.4934114357326953,0.5049298851149613,0.001658679152343368
RETFOUND_MAE_CFP_FROZEN_PCA128_SVM,123,3,S000170,FIVES,AMD_WET,AMD_WET,1,7.517651562610374e-07,0.9996042123480977,0.00039503588674597923
RETFOUND_MAE_CFP_FROZEN_PCA128_SVM,123,3,S000172,FIVES,AMD_WET,AMD_WET,1,2.6664664937756324e-06,0.999224351811649,0.0007729817218570305
RETFOUND_MAE_CFP_FROZEN_PCA128_SVM,123,3,S000173,FIVES,AMD_WET,AMD_WET,1,0.015612464289978513,0.9762498737344898,0.008137661975531727
RETFOUND_MAE_CFP_FROZEN_PCA128_SVM,123,3,S000174,FIVES,AMD_WET,AMD_WET,1,0.004622480249944,0.9936224115680482,0.0017551081820079003
RETFOUND_MAE_CFP_FROZEN_PCA128_SVM,123,3,S000190,FIVES,AMD_WET,AMD_WET,1,0.03228207598494964,0.9650461195043072,0.002671804510743083
RETFOUND_MAE_CFP_FROZEN_PCA128_SVM,123,3,S000193,FIVES,AMD_WET,AMD_WET,1,1.6884593468373883e-06,0.9994853223977677,0.0005129891428856412
RETFOUND_MAE_CFP_FROZEN_PCA128_SVM,123,3,S000200,FIVES,AMD_WET,AMD_WET,1,0.003984095820946584,0.9817047066923495,0.014311197486703887
RETFOUND_MAE_CFP_FROZEN_PCA128_SVM,123,3,S000201,FIVES,AMD_WET,AMD_WET,1,1.283388846482651e-09,0.9999837901746872,1.6208541924027657e-05
RETFOUND_MAE_CFP_FROZEN_PCA128_SVM,123,3,S000204,FIVES,AMD_WET,AMD_WET,1,2.3679058248271795e-06,0.9992674622738763,0.0007301698202988723
RETFOUND_MAE_CFP_FROZEN_PCA128_SVM,123,3,S000207,FIVES,AMD_WET,AMD_WET,1,1.6524886341280315e-07,0.9999613937722834,3.844097885316157e-05
RETFOUND_MAE_CFP_FROZEN_PCA128_SVM,123,3,S000208,FIVES,AMD_WET,AMD_WET,1,0.019024411314583618,0.9808207846770399,0.00015480400837633687
RETFOUND_MAE_CFP_FROZEN_PCA128_SVM,123,3,S000213,FIVES,AMD_WET,AMD_WET,1,0.00531717168931059,0.9857287743675668,0.00895405394312265
RETFOUND_MAE_CFP_FROZEN_PCA128_SVM,123,3,S000216,FIVES,AMD_WET,AMD_WET,1,8.223101807651862e-09,0.9999704816657474,2.9510111150840495e-05
RETFOUND_MAE_CFP_FROZEN_PCA128_SVM,123,3,S000220,FIVES,AMD_WET,AMD_WET,1,0.04337297402952735,0.9563581448888694,0.0002688810816033178
RETFOUND_MAE_CFP_FROZEN_PCA128_SVM,123,3,S000239,ODIR,NORMAL,NORMAL,1,0.00522769947522577,0.0009301557994928143,0.9938421447252813
RETFOUND_MAE_CFP_FROZEN_PCA128_SVM,123,3,S000251,ODIR,NORMAL,NORMAL,1,0.00979937572671439,0.0024974579447430254,0.9877031663285427
RETFOUND_MAE_CFP_FROZEN_PCA128_SVM,123,3,S000257,ODIR,NORMAL,NORMAL,1,0.012738819460581223,0.0013572622440083302,0.9859039182954104
RETFOUND_MAE_CFP_FROZEN_PCA128_SVM,123,3,S000263,ODIR,NORMAL,NORMAL,1,2.9050777787392383e-06,1.6712065337276408e-06,0.9999954237156875
RETFOUND_MAE_CFP_FROZEN_PCA128_SVM,123,3,S000270,ODIR,NORMAL,NORMAL,1,0.047927699243480476,0.0006450733694037813,0.9514272273871158
RETFOUND_MAE_CFP_FROZEN_PCA128_SVM,123,3,S000273,ODIR,NORMAL,NORMAL,1,7.743990733529421e-07,3.922840939260765e-07,0.9999988333168327
RETFOUND_MAE_CFP_FROZEN_PCA128_SVM,123,3,S000277,ODIR,NORMAL,NORMAL,1,0.005821889384300202,0.00020708049360415435,0.9939710301220959
RETFOUND_MAE_CFP_FROZEN_PCA128_SVM,123,3,S000278,ODIR,NORMAL,NORMAL,1,0.0010378796997183725,0.0011965408726651357,0.9977655794276166
RETFOUND_MAE_CFP_FROZEN_PCA128_SVM,123,3,S000296,ODIR,NORMAL,NORMAL,1,0.0054479875499732645,0.00763799503766769,0.9869140174123593
RETFOUND_MAE_CFP_FROZEN_PCA128_SVM,123,3,S000301,ODIR,NORMAL,NORMAL,1,0.0038102905580380195,0.0020033606002790873,0.9941863488416829
RETFOUND_MAE_CFP_FROZEN_PCA128_SVM,123,3,S000306,ODIR,NORMAL,NORMAL,1,0.00308110863048336,0.0019553722967716354,0.9949635190727448
RETFOUND_MAE_CFP_FROZEN_PCA128_SVM,123,3,S000308,ODIR,NORMAL,NORMAL,1,0.21622605898826305,0.007998558873141772,0.7757753821385953
RETFOUND_MAE_CFP_FROZEN_PCA128_SVM,123,3,S000319,ODIR,NORMAL,NORMAL,1,0.007280808929968383,0.0009396364935592164,0.9917795545764726
RETFOUND_MAE_CFP_FROZEN_PCA128_SVM,123,3,S000324,ODIR,NORMAL,NORMAL,1,0.02274530597630283,0.023004263016000052,0.9542504310076972
RETFOUND_MAE_CFP_FROZEN_PCA128_SVM,123,3,S000325,ODIR,NORMAL,NORMAL,1,0.0015952626819574088,0.0012414486388773913,0.9971632886791651
RETFOUND_MAE_CFP_FROZEN_PCA128_SVM,123,3,S000328,ODIR,NORMAL,NORMAL,1,0.008700837445672321,0.0011629285822263296,0.9901362339721014
RETFOUND_MAE_CFP_FROZEN_PCA128_SVM,123,3,S000331,ODIR,NORMAL,NORMAL,1,0.009407278784465819,0.009416434269353976,0.9811762869461802
RETFOUND_MAE_CFP_FROZEN_PCA128_SVM,123,3,S000334,ODIR,NORMAL,NORMAL,1,2.965837402218045e-06,1.5272646521976438e-06,0.9999955068979456
RETFOUND_MAE_CFP_FROZEN_PCA128_SVM,123,3,S000338,ODIR,NORMAL,NORMAL,1,0.029874947589184315,0.02921685702472822,0.9409081953860876
RETFOUND_MAE_CFP_FROZEN_PCA128_SVM,123,3,S000339,ODIR,NORMAL,NORMAL,1,0.0021016935397902246,0.0030290801375431856,0.9948692263226666
RETFOUND_MAE_CFP_FROZEN_PCA128_SVM,123,3,S000342,ODIR,NORMAL,NORMAL,1,0.01322711967666442,0.022213270642212915,0.9645596096811226
RETFOUND_MAE_CFP_FROZEN_PCA128_SVM,123,3,S000348,ODIR,NORMAL,NORMAL,1,0.10043018639027633,0.005198452576646664,0.8943713610330769
RETFOUND_MAE_CFP_FROZEN_PCA128_SVM,123,3,S000354,ODIR,NORMAL,NORMAL,1,0.007755622373876641,0.001669745673816171,0.990574631952307
RETFOUND_MAE_CFP_FROZEN_PCA128_SVM,123,3,S000357,ODIR,NORMAL,NORMAL,1,0.001803980511232771,0.0004474425014301469,0.9977485769873372
RETFOUND_MAE_CFP_FROZEN_PCA128_SVM,123,3,S000362,ODIR,NORMAL,NORMAL,1,0.002003089225430657,0.00024438529622612415,0.9977525254783431
RETFOUND_MAE_CFP_FROZEN_PCA128_SVM,123,3,S000367,ODIR,AMD_DRY,AMD_WET,0,0.4404552770483594,0.5580148301280943,0.0015298928235463584
RETFOUND_MAE_CFP_FROZEN_PCA128_SVM,123,3,S000373,ODIR,AMD_DRY,AMD_DRY,1,0.6995688373681495,0.26588984256031317,0.034541320071537436
RETFOUND_MAE_CFP_FROZEN_PCA128_SVM,123,3,S000375,ODIR,AMD_DRY,AMD_DRY,1,0.9962340795706456,0.0011058281884067142,0.0026600922409476787
RETFOUND_MAE_CFP_FROZEN_PCA128_SVM,123,3,S000381,ODIR,AMD_DRY,AMD_DRY,1,0.9904902521302026,0.00946857565878374,4.1172211013736125e-05
RETFOUND_MAE_CFP_FROZEN_PCA128_SVM,123,3,S000389,ODIR,AMD_DRY,AMD_DRY,1,0.9940270000586023,0.0022833890339770675,0.0036896109074206493
RETFOUND_MAE_CFP_FROZEN_PCA128_SVM,123,3,S000394,ODIR,AMD_DRY,AMD_DRY,1,0.9685076700876187,0.030041460506144528,0.0014508694062366917
RETFOUND_MAE_CFP_FROZEN_PCA128_SVM,123,3,S000399,ODIR,AMD_DRY,AMD_WET,0,0.011712390602302525,0.9880277616648517,0.0002598477328457379
RETFOUND_MAE_CFP_FROZEN_PCA128_SVM,123,3,S000411,ODIR,AMD_DRY,AMD_DRY,1,0.6882358830715083,0.3087614789042841,0.003002638024207597
RETFOUND_MAE_CFP_FROZEN_PCA128_SVM,123,3,S000412,ODIR,AMD_DRY,AMD_DRY,1,0.9983113010195623,0.0013919389899550497,0.00029675999048265717
RETFOUND_MAE_CFP_FROZEN_PCA128_SVM,123,3,S000417,ODIR,AMD_DRY,AMD_DRY,1,0.9394306705444281,0.05897925958319281,0.0015900698723790463
RETFOUND_MAE_CFP_FROZEN_PCA128_SVM,123,3,S000418,ODIR,AMD_DRY,AMD_WET,0,0.44198103457697113,0.557188676072023,0.0008302893510054699
RETFOUND_MAE_CFP_FROZEN_PCA128_SVM,123,3,S000423,ODIR,AMD_DRY,AMD_WET,0,0.02192818137351202,0.9771544751105861,0.0009173435159018392
RETFOUND_MAE_CFP_FROZEN_PCA128_SVM,123,3,S000426,ODIR,AMD_DRY,AMD_DRY,1,0.8027943152668352,0.1906666913447149,0.006538993388450117
RETFOUND_MAE_CFP_FROZEN_PCA128_SVM,123,3,S000435,ODIR,AMD_DRY,AMD_DRY,1,0.9961830739765902,0.0013687479977502743,0.002448178025659547
RETFOUND_MAE_CFP_FROZEN_PCA128_SVM,123,3,S000440,ODIR,AMD_DRY,NORMAL,0,0.06640796050063336,0.006899082104795833,0.926692957394571
RETFOUND_MAE_CFP_FROZEN_PCA128_SVM,123,3,S000442,ODIR,AMD_DRY,NORMAL,0,0.003946968338019247,0.005140723245760022,0.9909123084162208
RETFOUND_MAE_CFP_FROZEN_PCA128_SVM,123,3,S000448,ODIR,AMD_WET,AMD_WET,1,6.242315831367304e-07,0.9998808137677749,0.00011856200064196667
RETFOUND_MAE_CFP_FROZEN_PCA128_SVM,123,3,S000453,ODIR,AMD_WET,AMD_WET,1,0.47963383113015623,0.5200546725742415,0.0003114962956024609
RETFOUND_MAE_CFP_FROZEN_PCA128_SVM,123,3,S000457,ODIR,AMD_WET,AMD_WET,1,0.3101999081863957,0.6528301186413992,0.03696997317220489
RETFOUND_MAE_CFP_FROZEN_PCA128_SVM,123,3,S000458,ODIR,AMD_WET,AMD_WET,1,0.01627938423497831,0.9830944757383833,0.0006261400266382885
RETFOUND_MAE_CFP_FROZEN_PCA128_SVM,123,3,S000461,ODIR,AMD_WET,AMD_WET,1,0.4511330503696488,0.5411555098805838,0.007711439749767489
RETFOUND_MAE_CFP_FROZEN_PCA128_SVM,123,3,S000464,ODIR,AMD_WET,AMD_WET,1,0.09745881964368185,0.898684514451005,0.003856665905313332
RETFOUND_MAE_CFP_FROZEN_PCA128_SVM,123,3,S000473,RFMID,NORMAL,NORMAL,1,0.0009511512377376393,0.0025991021650402886,0.9964497465972219
RETFOUND_MAE_CFP_FROZEN_PCA128_SVM,123,3,S000482,RFMID,NORMAL,NORMAL,1,0.002299457678185495,0.00015943607117745894,0.9975411062506369
RETFOUND_MAE_CFP_FROZEN_PCA128_SVM,123,3,S000497,RFMID,NORMAL,NORMAL,1,5.8240419730912183e-08,6.833451302948619e-08,0.9999998734250672
RETFOUND_MAE_CFP_FROZEN_PCA128_SVM,123,3,S000499,RFMID,NORMAL,NORMAL,1,0.009899508103616865,0.03038413866604417,0.9597163532303391
RETFOUND_MAE_CFP_FROZEN_PCA128_SVM,123,3,S000500,RFMID,NORMAL,NORMAL,1,0.0009658555637237707,0.0061705073904951835,0.9928636370457812
RETFOUND_MAE_CFP_FROZEN_PCA128_SVM,123,3,S000505,RFMID,NORMAL,NORMAL,1,0.0031333477590889357,0.0015179413553433674,0.9953487108855678
RETFOUND_MAE_CFP_FROZEN_PCA128_SVM,123,3,S000512,RFMID,NORMAL,NORMAL,1,3.3616858508159698e-06,2.5428683495069366e-06,0.9999940954457996
RETFOUND_MAE_CFP_FROZEN_PCA128_SVM,123,3,S000514,RFMID,NORMAL,NORMAL,1,0.0018031558760912602,0.001371351098072952,0.9968254930258357
RETFOUND_MAE_CFP_FROZEN_PCA128_SVM,123,3,S000521,RFMID,NORMAL,NORMAL,1,5.237975821355392e-06,5.230792758126803e-06,0.9999895312314205
RETFOUND_MAE_CFP_FROZEN_PCA128_SVM,123,3,S000524,RFMID,NORMAL,NORMAL,1,0.0005189449455466031,0.006374924530161996,0.9931061305242914
RETFOUND_MAE_CFP_FROZEN_PCA128_SVM,123,3,S000530,RFMID,NORMAL,NORMAL,1,0.0011998312607524,0.009114698137808006,0.9896854706014396
RETFOUND_MAE_CFP_FROZEN_PCA128_SVM,123,3,S000534,RFMID,NORMAL,NORMAL,1,6.852981383346945e-07,7.801596614625243e-07,0.9999985345422001
RETFOUND_MAE_CFP_FROZEN_PCA128_SVM,123,3,S000540,RFMID,AMD_DRY,AMD_DRY,1,0.9919491054660686,0.005391750690028006,0.0026591438439033522
RETFOUND_MAE_CFP_FROZEN_PCA128_SVM,123,3,S000541,RFMID,AMD_DRY,AMD_DRY,1,0.9171593235308584,0.0784188321784436,0.004421844290698195
RETFOUND_MAE_CFP_FROZEN_PCA128_SVM,123,3,S000544,RFMID,AMD_WET,AMD_WET,1,0.010881036023899273,0.9851848080947787,0.003934155881322195
RETFOUND_MAE_CFP_FROZEN_PCA128_SVM,123,3,S000546,RFMID,AMD_WET,AMD_WET,1,0.015255877087793523,0.9797828267499593,0.00496129616224707
RETFOUND_MAE_CFP_FROZEN_PCA128_SVM,123,3,S000549,RFMID,AMD_WET,AMD_WET,1,1.050847271314137e-07,0.9998364120098723,0.00016348290540049362
RETFOUND_MAE_CFP_FROZEN_PCA128_SVM,123,3,S000560,RFMID,AMD_WET,AMD_WET,1,0.13705933596155195,0.8608750485328173,0.002065615505630899
RETFOUND_MAE_CFP_FROZEN_PCA128_SVM,123,3,S000561,RFMID,AMD_WET,AMD_WET,1,0.0018169502362499668,0.9969824650641305,0.0012005846996197183
RETFOUND_MAE_CFP_FROZEN_PCA128_SVM,123,3,S000562,RFMID,AMD_WET,AMD_WET,1,0.040267614341524836,0.9593329715563126,0.0003994141021625975
RETFOUND_MAE_CFP_FROZEN_PCA128_SVM,123,3,S000563,RFMID,AMD_WET,AMD_WET,1,3.518389890367434e-07,0.9997735511433822,0.00022609701762866277
RETFOUND_MAE_CFP_FROZEN_PCA128_SVM,123,3,S000564,RFMID,AMD_WET,AMD_WET,1,0.1435106338403888,0.8557171114831144,0.0007722546764968252
RETFOUND_MAE_CFP_FROZEN_PCA128_SVM,123,3,S000569,RFMID,AMD_WET,AMD_WET,1,1.8683778583453829e-06,0.9994139368323969,0.0005841947897447577
RETFOUND_MAE_CFP_FROZEN_PCA128_SVM,123,3,S000593,RFMID,AMD_WET,AMD_WET,1,7.677859482826532e-09,0.9999547950164613,4.5197305679097256e-05
RETFOUND_MAE_CFP_FROZEN_PCA128_SVM,123,3,S000596,RFMID,AMD_WET,AMD_WET,1,0.0018566689295303263,0.9979237005343989,0.00021963053607096904
RETFOUND_MAE_CFP_FROZEN_PCA128_SVM,123,4,S000001,ADAM,AMD_DRY,AMD_DRY,1,0.9888645442658135,0.009555694420496212,0.0015797613136904203
RETFOUND_MAE_CFP_FROZEN_PCA128_SVM,123,4,S000015,ADAM,AMD_DRY,AMD_DRY,1,0.997952566997024,0.001996526891289004,5.0906111686921976e-05
RETFOUND_MAE_CFP_FROZEN_PCA128_SVM,123,4,S000018,ADAM,AMD_DRY,AMD_DRY,1,0.5560013056519367,0.3862156053142605,0.05778308903380253
RETFOUND_MAE_CFP_FROZEN_PCA128_SVM,123,4,S000021,ADAM,AMD_DRY,AMD_DRY,1,0.7658385417480469,0.1669242268131291,0.06723723143882394
RETFOUND_MAE_CFP_FROZEN_PCA128_SVM,123,4,S000023,ADAM,AMD_DRY,AMD_DRY,1,0.6725069233413083,0.32670306377593544,0.0007900128827563542
RETFOUND_MAE_CFP_FROZEN_PCA128_SVM,123,4,S000024,ADAM,AMD_DRY,AMD_DRY,1,0.814770254942965,0.17397535986115503,0.011254385195880028
RETFOUND_MAE_CFP_FROZEN_PCA128_SVM,123,4,S000030,ADAM,AMD_DRY,AMD_DRY,1,0.6985974147152595,0.052794552999902516,0.24860803228483816
RETFOUND_MAE_CFP_FROZEN_PCA128_SVM,123,4,S000041,ADAM,AMD_WET,AMD_WET,1,8.066455138545005e-07,0.9995609931701337,0.00043820018435239053
RETFOUND_MAE_CFP_FROZEN_PCA128_SVM,123,4,S000042,ADAM,AMD_WET,AMD_WET,1,0.12882795394288088,0.8704920472487853,0.000679998808333893
RETFOUND_MAE_CFP_FROZEN_PCA128_SVM,123,4,S000043,ADAM,AMD_WET,AMD_WET,1,9.841408906010428e-07,0.9995047115530029,0.0004943043061063847
RETFOUND_MAE_CFP_FROZEN_PCA128_SVM,123,4,S000053,FIVES,NORMAL,NORMAL,1,0.00038889424082312786,0.002669986548015385,0.9969411192111616
RETFOUND_MAE_CFP_FROZEN_PCA128_SVM,123,4,S000057,FIVES,NORMAL,NORMAL,1,0.00012911042354419214,0.0024355284109950606,0.9974353611654606
RETFOUND_MAE_CFP_FROZEN_PCA128_SVM,123,4,S000065,FIVES,NORMAL,NORMAL,1,0.0017092613204642848,0.004107757113106929,0.9941829815664287
RETFOUND_MAE_CFP_FROZEN_PCA128_SVM,123,4,S000066,FIVES,NORMAL,NORMAL,1,3.26912051928171e-06,2.4110627769446172e-06,0.9999943198167038
RETFOUND_MAE_CFP_FROZEN_PCA128_SVM,123,4,S000067,FIVES,NORMAL,NORMAL,1,3.4364560769241497e-06,3.117215393240982e-06,0.9999934463285298
RETFOUND_MAE_CFP_FROZEN_PCA128_SVM,123,4,S000074,FIVES,NORMAL,NORMAL,1,0.0004037006808873362,0.001739422927742342,0.9978568763913702
RETFOUND_MAE_CFP_FROZEN_PCA128_SVM,123,4,S000077,FIVES,NORMAL,NORMAL,1,6.931785244881889e-06,6.734119830149358e-06,0.999986334094925
RETFOUND_MAE_CFP_FROZEN_PCA128_SVM,123,4,S000081,FIVES,NORMAL,NORMAL,1,1.3805488786419083e-06,1.4244836560256089e-06,0.9999971949674654
RETFOUND_MAE_CFP_FROZEN_PCA128_SVM,123,4,S000084,FIVES,NORMAL,NORMAL,1,2.9172731071825665e-06,2.962856447522559e-06,0.9999941198704453
RETFOUND_MAE_CFP_FROZEN_PCA128_SVM,123,4,S000089,FIVES,NORMAL,NORMAL,1,0.007234692454003512,0.003465723660264783,0.9892995838857317
RETFOUND_MAE_CFP_FROZEN_PCA128_SVM,123,4,S000094,FIVES,NORMAL,NORMAL,1,9.948591165966033e-07,1.0036928523217638e-06,0.9999980014480312
RETFOUND_MAE_CFP_FROZEN_PCA128_SVM,123,4,S000100,FIVES,NORMAL,NORMAL,1,0.015990319448964015,0.016255611284534927,0.9677540692665012
RETFOUND_MAE_CFP_FROZEN_PCA128_SVM,123,4,S000108,FIVES,NORMAL,NORMAL,1,9.054291981348978e-07,9.78726287943123e-07,0.9999981158445139
RETFOUND_MAE_CFP_FROZEN_PCA128_SVM,123,4,S000110,FIVES,NORMAL,NORMAL,1,0.0063791216338191575,0.00558802670149651,0.9880328516646845
RETFOUND_MAE_CFP_FROZEN_PCA128_SVM,123,4,S000120,FIVES,NORMAL,NORMAL,1,0.00016496638520400325,0.002610506508446391,0.9972245271063496
RETFOUND_MAE_CFP_FROZEN_PCA128_SVM,123,4,S000122,FIVES,NORMAL,NORMAL,1,3.4438943792396707e-06,3.749206874510789e-06,0.9999928068987463
RETFOUND_MAE_CFP_FROZEN_PCA128_SVM,123,4,S000131,FIVES,NORMAL,NORMAL,1,1.7967677411453969e-06,1.6032296104965987e-06,0.9999966000026485
RETFOUND_MAE_CFP_FROZEN_PCA128_SVM,123,4,S000135,FIVES,NORMAL,NORMAL,1,2.4629800560942617e-06,2.423428481147307e-06,0.9999951135914628
RETFOUND_MAE_CFP_FROZEN_PCA128_SVM,123,4,S000146,FIVES,NORMAL,NORMAL,1,0.006538807462745989,0.09668116710628197,0.896780025430972
RETFOUND_MAE_CFP_FROZEN_PCA128_SVM,123,4,S000149,FIVES,NORMAL,NORMAL,1,0.0006879301081706053,0.0028882892176316094,0.9964237806741978
RETFOUND_MAE_CFP_FROZEN_PCA128_SVM,123,4,S000158,FIVES,AMD_DRY,AMD_DRY,1,0.9515782237973636,0.047235114012506435,0.001186662190129934
RETFOUND_MAE_CFP_FROZEN_PCA128_SVM,123,4,S000159,FIVES,AMD_DRY,AMD_DRY,1,0.672945375057639,0.3208614844769663,0.006193140465394775
RETFOUND_MAE_CFP_FROZEN_PCA128_SVM,123,4,S000162,FIVES,AMD_DRY,AMD_DRY,1,0.8770746042584189,0.11982875246142094,0.003096643280160265
RETFOUND_MAE_CFP_FROZEN_PCA128_SVM,123,4,S000177,FIVES,AMD_WET,AMD_WET,1,0.00549457362101399,0.9916112409051736,0.0028941854738122855
RETFOUND_MAE_CFP_FROZEN_PCA128_SVM,123,4,S000179,FIVES,AMD_WET,AMD_WET,1,0.017734117945415153,0.977861048238161,0.004404833816423687
RETFOUND_MAE_CFP_FROZEN_PCA128_SVM,123,4,S000182,FIVES,AMD_WET,AMD_WET,1,0.0028168586104141686,0.996970552943145,0.0002125884464406903
RETFOUND_MAE_CFP_FROZEN_PCA128_SVM,123,4,S000185,FIVES,AMD_WET,AMD_WET,1,1.9169084065049367e-06,0.9998788384417113,0.00011924464988214862
RETFOUND_MAE_CFP_FROZEN_PCA128_SVM,123,4,S000187,FIVES,AMD_WET,AMD_WET,1,0.006593078974964508,0.992598781641352,0.0008081393836835927
RETFOUND_MAE_CFP_FROZEN_PCA128_SVM,123,4,S000189,FIVES,AMD_WET,AMD_WET,1,0.01746454885259066,0.982309204109753,0.00022624703765625242
RETFOUND_MAE_CFP_FROZEN_PCA128_SVM,123,4,S000192,FIVES,AMD_WET,NORMAL,0,0.06241442982292156,0.16477804550969,0.7728075246673883
RETFOUND_MAE_CFP_FROZEN_PCA128_SVM,123,4,S000203,FIVES,AMD_WET,AMD_WET,1,5.059385200456593e-06,0.9988377467770473,0.0011571938377521436
RETFOUND_MAE_CFP_FROZEN_PCA128_SVM,123,4,S000212,FIVES,AMD_WET,AMD_WET,1,0.015310732774591947,0.9817803655302705,0.002908901695137796
RETFOUND_MAE_CFP_FROZEN_PCA128_SVM,123,4,S000218,FIVES,AMD_WET,NORMAL,0,0.024572139085488474,0.09551722025689069,0.8799106406576205
RETFOUND_MAE_CFP_FROZEN_PCA128_SVM,123,4,S000224,FIVES,AMD_WET,AMD_WET,1,0.006238255488578252,0.9928516393783579,0.0009101051330639954
RETFOUND_MAE_CFP_FROZEN_PCA128_SVM,123,4,S000225,FIVES,AMD_WET,AMD_WET,1,0.13592036196082732,0.8174283778548418,0.04665126018433116
RETFOUND_MAE_CFP_FROZEN_PCA128_SVM,123,4,S000227,FIVES,AMD_WET,AMD_WET,1,4.257486841655965e-07,0.9996694765433185,0.0003300977079973517
RETFOUND_MAE_CFP_FROZEN_PCA128_SVM,123,4,S000234,FIVES,AMD_WET,AMD_WET,1,0.007084971224168602,0.9906373178952788,0.002277710880552703
RETFOUND_MAE_CFP_FROZEN_PCA128_SVM,123,4,S000242,ODIR,NORMAL,NORMAL,1,0.09099888903998675,0.00806336923400996,0.9009377417260036
RETFOUND_MAE_CFP_FROZEN_PCA128_SVM,123,4,S000243,ODIR,NORMAL,AMD_DRY,0,0.7010872321338127,0.0070345319395179705,0.2918782359266692
RETFOUND_MAE_CFP_FROZEN_PCA128_SVM,123,4,S000245,ODIR,NORMAL,NORMAL,1,3.34048581425303e-07,1.765396325545805e-07,0.999999489411786
RETFOUND_MAE_CFP_FROZEN_PCA128_SVM,123,4,S000246,ODIR,NORMAL,NORMAL,1,0.05187266193993206,0.027288565006754296,0.9208387730533136
RETFOUND_MAE_CFP_FROZEN_PCA128_SVM,123,4,S000247,ODIR,NORMAL,NORMAL,1,0.0005235761898632882,0.005756280400552647,0.9937201434095841
RETFOUND_MAE_CFP_FROZEN_PCA128_SVM,123,4,S000248,ODIR,NORMAL,NORMAL,1,0.0015669742268687578,0.003634211077379452,0.9947988146957517
RETFOUND_MAE_CFP_FROZEN_PCA128_SVM,123,4,S000249,ODIR,NORMAL,NORMAL,1,6.683983901875834e-06,3.6880857938971294e-06,0.9999896279303043
RETFOUND_MAE_CFP_FROZEN_PCA128_SVM,123,4,S000253,ODIR,NORMAL,NORMAL,1,0.015419412769424644,0.006620957931053855,0.9779596292995216
RETFOUND_MAE_CFP_FROZEN_PCA128_SVM,123,4,S000269,ODIR,NORMAL,NORMAL,1,7.758311712984514e-07,3.941186914595561e-07,0.9999988300501372
RETFOUND_MAE_CFP_FROZEN_PCA128_SVM,123,4,S000283,ODIR,NORMAL,NORMAL,1,0.05289925706262635,0.034862979390807854,0.9122377635465656
RETFOUND_MAE_CFP_FROZEN_PCA128_SVM,123,4,S000285,ODIR,NORMAL,NORMAL,1,0.0017212208828100031,0.005235234454339648,0.9930435446628503
RETFOUND_MAE_CFP_FROZEN_PCA128_SVM,123,4,S000286,ODIR,NORMAL,NORMAL,1,6.642295383264047e-06,4.6545580241698645e-06,0.9999887031465925
RETFOUND_MAE_CFP_FROZEN_PCA128_SVM,123,4,S000292,ODIR,NORMAL,NORMAL,1,0.010699882087978561,0.008573536960302457,0.9807265809517193
RETFOUND_MAE_CFP_FROZEN_PCA128_SVM,123,4,S000299,ODIR,NORMAL,NORMAL,1,0.004654719567379441,0.007822849347484595,0.9875224310851358
RETFOUND_MAE_CFP_FROZEN_PCA128_SVM,123,4,S000302,ODIR,NORMAL,NORMAL,1,0.01159130102819808,0.003973715327352475,0.9844349836444494
RETFOUND_MAE_CFP_FROZEN_PCA128_SVM,123,4,S000309,ODIR,NORMAL,NORMAL,1,3.6107141629492977e-06,2.1718331443988408e-06,0.9999942174526927
RETFOUND_MAE_CFP_FROZEN_PCA128_SVM,123,4,S000314,ODIR,NORMAL,NORMAL,1,0.008801597964810644,0.0030214510219420403,0.9881769510132473
RETFOUND_MAE_CFP_FROZEN_PCA128_SVM,123,4,S000316,ODIR,NORMAL,NORMAL,1,0.0071431107265345845,0.010956835813786269,0.9819000534596792
RETFOUND_MAE_CFP_FROZEN_PCA128_SVM,123,4,S000323,ODIR,NORMAL,NORMAL,1,0.0014842282142598668,0.0037973039494672046,0.9947184678362729
RETFOUND_MAE_CFP_FROZEN_PCA128_SVM,123,4,S000330,ODIR,NORMAL,NORMAL,1,0.016756398318536887,0.00321922028981406,0.9800243813916493
RETFOUND_MAE_CFP_FROZEN_PCA128_SVM,123,4,S000336,ODIR,NORMAL,NORMAL,1,0.01781163822824001,0.014548108987039003,0.9676402527847211
RETFOUND_MAE_CFP_FROZEN_PCA128_SVM,123,4,S000337,ODIR,NORMAL,AMD_DRY,0,0.532429232270974,0.1148501719762582,0.3527205957527677
RETFOUND_MAE_CFP_FROZEN_PCA128_SVM,123,4,S000353,ODIR,NORMAL,NORMAL,1,0.36864915955379296,0.12309039550340699,0.5082604449428001
RETFOUND_MAE_CFP_FROZEN_PCA128_SVM,123,4,S000360,ODIR,NORMAL,NORMAL,1,2.6418265132661147e-06,2.324128675863929e-06,0.9999950340448109
RETFOUND_MAE_CFP_FROZEN_PCA128_SVM,123,4,S000363,ODIR,NORMAL,NORMAL,1,0.0015077028832398223,0.006334524481528666,0.9921577726352315
RETFOUND_MAE_CFP_FROZEN_PCA128_SVM,123,4,S000364,ODIR,AMD_DRY,AMD_DRY,1,0.5720403971553514,0.4275006930736765,0.00045890977097213603
RETFOUND_MAE_CFP_FROZEN_PCA128_SVM,123,4,S000365,ODIR,AMD_DRY,AMD_WET,0,0.288768942338957,0.7109370862952893,0.0002939713657535386
RETFOUND_MAE_CFP_FROZEN_PCA128_SVM,123,4,S000371,ODIR,AMD_DRY,AMD_DRY,1,0.9667308105629274,0.013119328417953038,0.020149861019119253
RETFOUND_MAE_CFP_FROZEN_PCA128_SVM,123,4,S000372,ODIR,AMD_DRY,AMD_DRY,1,0.9690009343337287,0.02131871292109514,0.00968035274517627
RETFOUND_MAE_CFP_FROZEN_PCA128_SVM,123,4,S000391,ODIR,AMD_DRY,AMD_DRY,1,0.585135041915309,0.10051416821672957,0.31435078986796117
RETFOUND_MAE_CFP_FROZEN_PCA128_SVM,123,4,S000392,ODIR,AMD_DRY,AMD_DRY,1,0.9382396638296839,0.061149777291025845,0.0006105588792902374
RETFOUND_MAE_CFP_FROZEN_PCA128_SVM,123,4,S000395,ODIR,AMD_DRY,AMD_DRY,1,0.638111016690972,0.3370299373952274,0.024859045913800684
RETFOUND_MAE_CFP_FROZEN_PCA128_SVM,123,4,S000396,ODIR,AMD_DRY,AMD_DRY,1,0.9237551564944277,0.07524972655831491,0.0009951169472574826
RETFOUND_MAE_CFP_FROZEN_PCA128_SVM,123,4,S000398,ODIR,AMD_DRY,AMD_DRY,1,0.9892187557040115,0.008582842865309099,0.0021984014306795216
RETFOUND_MAE_CFP_FROZEN_PCA128_SVM,123,4,S000404,ODIR,AMD_DRY,AMD_DRY,1,0.8628491048143434,0.13481699979279452,0.0023338953928621307
RETFOUND_MAE_CFP_FROZEN_PCA128_SVM,123,4,S000406,ODIR,AMD_DRY,AMD_DRY,1,0.908954288458313,0.01652609882891388,0.07451961271277323
RETFOUND_MAE_CFP_FROZEN_PCA128_SVM,123,4,S000407,ODIR,AMD_DRY,AMD_WET,0,0.017531807006803773,0.9818430735586626,0.0006251194345335951
RETFOUND_MAE_CFP_FROZEN_PCA128_SVM,123,4,S000409,ODIR,AMD_DRY,AMD_DRY,1,0.9624335569362144,0.036979251219284734,0.0005871918445011053
RETFOUND_MAE_CFP_FROZEN_PCA128_SVM,123,4,S000424,ODIR,AMD_DRY,NORMAL,0,0.07596360565032703,0.008160505466681216,0.9158758888829919
RETFOUND_MAE_CFP_FROZEN_PCA128_SVM,123,4,S000428,ODIR,AMD_DRY,NORMAL,0,0.05523378341683744,0.003013482347550391,0.9417527342356123
RETFOUND_MAE_CFP_FROZEN_PCA128_SVM,123,4,S000434,ODIR,AMD_DRY,AMD_DRY,1,0.9490874921694049,0.04611055790941031,0.004801949921184764
RETFOUND_MAE_CFP_FROZEN_PCA128_SVM,123,4,S000445,ODIR,AMD_WET,AMD_DRY,0,0.9175404106663935,0.08237655839986932,8.303093373740338e-05
RETFOUND_MAE_CFP_FROZEN_PCA128_SVM,123,4,S000456,ODIR,AMD_WET,AMD_WET,1,2.6162669657710513e-06,0.9993471973389426,0.0006501863940915817
RETFOUND_MAE_CFP_FROZEN_PCA128_SVM,123,4,S000463,ODIR,AMD_WET,AMD_WET,1,0.015410739695124463,0.9807274793758118,0.003861780929063626
RETFOUND_MAE_CFP_FROZEN_PCA128_SVM,123,4,S000466,ODIR,AMD_WET,AMD_WET,1,0.012843150892525461,0.9810596239481926,0.006097225159281777
RETFOUND_MAE_CFP_FROZEN_PCA128_SVM,123,4,S000468,ODIR,AMD_WET,AMD_WET,1,0.0035368559909582445,0.9953253096303805,0.0011378343786612012
RETFOUND_MAE_CFP_FROZEN_PCA128_SVM,123,4,S000470,ODIR,AMD_WET,AMD_WET,1,0.010144221158961719,0.9893788770288181,0.00047690181222007517
RETFOUND_MAE_CFP_FROZEN_PCA128_SVM,123,4,S000476,RFMID,NORMAL,NORMAL,1,0.0027723812243457477,0.013278305283211484,0.9839493134924427
RETFOUND_MAE_CFP_FROZEN_PCA128_SVM,123,4,S000486,RFMID,NORMAL,NORMAL,1,0.0005157193839450362,0.0035946686557315963,0.9958896119603234
RETFOUND_MAE_CFP_FROZEN_PCA128_SVM,123,4,S000488,RFMID,NORMAL,NORMAL,1,1.7038572180600486e-06,1.1747497980167733e-06,0.9999971213929838
RETFOUND_MAE_CFP_FROZEN_PCA128_SVM,123,4,S000492,RFMID,NORMAL,NORMAL,1,0.0005180757848336315,0.011738228598624133,0.9877436956165423
RETFOUND_MAE_CFP_FROZEN_PCA128_SVM,123,4,S000501,RFMID,NORMAL,NORMAL,1,0.0006805257458981942,0.0025526255693197283,0.9967668486847824
RETFOUND_MAE_CFP_FROZEN_PCA128_SVM,123,4,S000511,RFMID,NORMAL,NORMAL,1,0.0016361314363542185,0.005368125067182649,0.9929957434964631
RETFOUND_MAE_CFP_FROZEN_PCA128_SVM,123,4,S000520,RFMID,NORMAL,NORMAL,1,0.005514220429017136,0.008084350501196835,0.9864014290697859
RETFOUND_MAE_CFP_FROZEN_PCA128_SVM,123,4,S000528,RFMID,NORMAL,NORMAL,1,0.00018275883197731537,0.003141844581482504,0.9966753965865403
RETFOUND_MAE_CFP_FROZEN_PCA128_SVM,123,4,S000531,RFMID,NORMAL,NORMAL,1,0.000521424340791541,0.0033214685839573913,0.9961571070752511
RETFOUND_MAE_CFP_FROZEN_PCA128_SVM,123,4,S000532,RFMID,NORMAL,NORMAL,1,0.00828122388530441,0.01070475615353134,0.9810140199611644
RETFOUND_MAE_CFP_FROZEN_PCA128_SVM,123,4,S000533,RFMID,NORMAL,NORMAL,1,8.439294380693972e-07,9.617436726965015e-07,0.9999981943268893
RETFOUND_MAE_CFP_FROZEN_PCA128_SVM,123,4,S000535,RFMID,NORMAL,NORMAL,1,0.02589514657445285,0.006156149911776905,0.96794870351377
RETFOUND_MAE_CFP_FROZEN_PCA128_SVM,123,4,S000539,RFMID,AMD_DRY,AMD_DRY,1,0.8935474942909379,0.10366524764466373,0.002787258064398422
RETFOUND_MAE_CFP_FROZEN_PCA128_SVM,123,4,S000543,RFMID,AMD_DRY,AMD_DRY,1,0.816596553911935,0.181035059603421,0.0023683864846438664
RETFOUND_MAE_CFP_FROZEN_PCA128_SVM,123,4,S000548,RFMID,AMD_WET,AMD_WET,1,0.008092627437967879,0.9864625902403822,0.005444782321650273
RETFOUND_MAE_CFP_FROZEN_PCA128_SVM,123,4,S000550,RFMID,AMD_WET,AMD_WET,1,6.280656044823452e-06,0.9989834605259019,0.0010102588180533345
RETFOUND_MAE_CFP_FROZEN_PCA128_SVM,123,4,S000551,RFMID,AMD_WET,AMD_WET,1,6.128939998298414e-08,0.9998941537952314,0.00010578491536877976
RETFOUND_MAE_CFP_FROZEN_PCA128_SVM,123,4,S000558,RFMID,AMD_WET,AMD_WET,1,9.813164548348899e-06,0.9983825820646728,0.0016076047707788666
RETFOUND_MAE_CFP_FROZEN_PCA128_SVM,123,4,S000566,RFMID,AMD_WET,AMD_WET,1,4.3352294391590743e-07,0.9996835751596597,0.0003159913173963492
RETFOUND_MAE_CFP_FROZEN_PCA128_SVM,123,4,S000575,RFMID,AMD_WET,AMD_WET,1,0.0021419849056607673,0.995936887862083,0.0019211272322562708
RETFOUND_MAE_CFP_FROZEN_PCA128_SVM,123,4,S000579,RFMID,AMD_WET,AMD_WET,1,0.0019874546606300004,0.9963996115343958,0.0016129338049742457
RETFOUND_MAE_CFP_FROZEN_PCA128_SVM,123,4,S000582,RFMID,AMD_WET,AMD_WET,1,0.009441485861073826,0.9840178266395951,0.00654068749933113
RETFOUND_MAE_CFP_FROZEN_PCA128_SVM,123,4,S000590,RFMID,AMD_WET,AMD_WET,1,0.013837901708973449,0.7107617425178292,0.27540035577319755
RETFOUND_MAE_CFP_FROZEN_PCA128_SVM,123,4,S000592,RFMID,AMD_WET,AMD_WET,1,0.005603284741385879,0.9867118928265465,0.007684822432067925
RETFOUND_MAE_CFP_FROZEN_PCA128_SVM,123,4,S000597,RFMID,AMD_WET,AMD_WET,1,0.09221739907640034,0.7379697170657376,0.16981288385786222
RETFOUND_MAE_CFP_FROZEN_PCA128_SVM,123,5,S000004,ADAM,AMD_DRY,AMD_DRY,1,0.9988818294899514,0.0007613489512733651,0.00035682155877528034
RETFOUND_MAE_CFP_FROZEN_PCA128_SVM,123,5,S000007,ADAM,AMD_DRY,AMD_DRY,1,0.992778462527746,0.006990545837245342,0.0002309916350086194
RETFOUND_MAE_CFP_FROZEN_PCA128_SVM,123,5,S000008,ADAM,AMD_DRY,AMD_DRY,1,0.8257554875070178,0.1713916602593312,0.0028528522336510286
RETFOUND_MAE_CFP_FROZEN_PCA128_SVM,123,5,S000017,ADAM,AMD_DRY,AMD_DRY,1,0.9428133912240082,0.03577009334494158,0.021416515431050272
RETFOUND_MAE_CFP_FROZEN_PCA128_SVM,123,5,S000022,ADAM,AMD_DRY,AMD_DRY,1,0.6379573110076182,0.26297441080808553,0.09906827818429617
RETFOUND_MAE_CFP_FROZEN_PCA128_SVM,123,5,S000029,ADAM,AMD_DRY,AMD_DRY,1,0.9104589530636144,0.0076525123841121945,0.08188853455227364
RETFOUND_MAE_CFP_FROZEN_PCA128_SVM,123,5,S000035,ADAM,AMD_DRY,AMD_DRY,1,0.9403157888490568,0.05717404060263469,0.0025101705483085283
RETFOUND_MAE_CFP_FROZEN_PCA128_SVM,123,5,S000046,ADAM,AMD_WET,AMD_WET,1,3.983627277676125e-07,0.9999870854680379,1.2516169234212981e-05
RETFOUND_MAE_CFP_FROZEN_PCA128_SVM,123,5,S000048,ADAM,AMD_WET,AMD_WET,1,0.012900947312000581,0.9869185201250055,0.00018053256299412865
RETFOUND_MAE_CFP_FROZEN_PCA128_SVM,123,5,S000052,ADAM,AMD_WET,AMD_WET,1,0.07955682061053278,0.9139575512903467,0.006485628099120474
RETFOUND_MAE_CFP_FROZEN_PCA128_SVM,123,5,S000055,FIVES,NORMAL,NORMAL,1,0.0015738048975450555,0.002614246938998086,0.9958119481634569
RETFOUND_MAE_CFP_FROZEN_PCA128_SVM,123,5,S000056,FIVES,NORMAL,NORMAL,1,0.005090481157313803,0.004789308863180788,0.9901202099795053
RETFOUND_MAE_CFP_FROZEN_PCA128_SVM,123,5,S000078,FIVES,NORMAL,NORMAL,1,0.0013174177136395984,0.0030220883942199566,0.9956604938921404
RETFOUND_MAE_CFP_FROZEN_PCA128_SVM,123,5,S000079,FIVES,NORMAL,NORMAL,1,0.00041890025325027995,0.0021946807482741593,0.9973864189984752
RETFOUND_MAE_CFP_FROZEN_PCA128_SVM,123,5,S000088,FIVES,NORMAL,NORMAL,1,0.028886408178460297,0.001580861963615246,0.9695327298579246
RETFOUND_MAE_CFP_FROZEN_PCA128_SVM,123,5,S000095,FIVES,NORMAL,NORMAL,1,0.0004272364036014437,0.0032976902227919566,0.9962750733736065
RETFOUND_MAE_CFP_FROZEN_PCA128_SVM,123,5,S000096,FIVES,NORMAL,NORMAL,1,0.011974124744542701,0.0031067558550582435,0.9849191194003993
RETFOUND_MAE_CFP_FROZEN_PCA128_SVM,123,5,S000097,FIVES,NORMAL,NORMAL,1,0.002909425401753481,0.04533725885707846,0.9517533157411681
RETFOUND_MAE_CFP_FROZEN_PCA128_SVM,123,5,S000103,FIVES,NORMAL,NORMAL,1,4.332356644964661e-06,4.708589507912843e-06,0.9999909590538472
RETFOUND_MAE_CFP_FROZEN_PCA128_SVM,123,5,S000109,FIVES,NORMAL,NORMAL,1,1.8865600495862238e-06,2.1584299487923508e-06,0.9999959550100015
RETFOUND_MAE_CFP_FROZEN_PCA128_SVM,123,5,S000117,FIVES,NORMAL,NORMAL,1,0.0035492110951769553,0.0015490325877388432,0.9949017563170841
RETFOUND_MAE_CFP_FROZEN_PCA128_SVM,123,5,S000118,FIVES,NORMAL,NORMAL,1,0.0014613177290091612,0.0010528423714141729,0.9974858398995768
RETFOUND_MAE_CFP_FROZEN_PCA128_SVM,123,5,S000119,FIVES,NORMAL,NORMAL,1,0.0017393074494552985,0.002496185383598883,0.9957645071669458
RETFOUND_MAE_CFP_FROZEN_PCA128_SVM,123,5,S000125,FIVES,NORMAL,NORMAL,1,2.845686437776297e-07,3.179458059629668e-07,0.9999993974855502
RETFOUND_MAE_CFP_FROZEN_PCA128_SVM,123,5,S000128,FIVES,NORMAL,NORMAL,1,0.0004613694478205816,0.0049175621612440445,0.9946210683909353
RETFOUND_MAE_CFP_FROZEN_PCA128_SVM,123,5,S000130,FIVES,NORMAL,NORMAL,1,0.0021317684965431955,0.0017583834441122401,0.9961098480593444
RETFOUND_MAE_CFP_FROZEN_PCA128_SVM,123,5,S000133,FIVES,NORMAL,NORMAL,1,0.0023832871200279715,0.008930083967021935,0.98868662891295
RETFOUND_MAE_CFP_FROZEN_PCA128_SVM,123,5,S000141,FIVES,NORMAL,NORMAL,1,1.6092455826138523e-06,1.848160929848392e-06,0.9999965425934875
RETFOUND_MAE_CFP_FROZEN_PCA128_SVM,123,5,S000145,FIVES,NORMAL,NORMAL,1,1.7945884587657243e-06,1.384019697431952e-06,0.9999968213918438
RETFOUND_MAE_CFP_FROZEN_PCA128_SVM,123,5,S000151,FIVES,NORMAL,NORMAL,1,0.001655493510312727,0.0019529882073239058,0.9963915182823635
RETFOUND_MAE_CFP_FROZEN_PCA128_SVM,123,5,S000155,FIVES,AMD_DRY,AMD_DRY,1,0.8656556442154084,0.13324373263210992,0.0011006231524814769
RETFOUND_MAE_CFP_FROZEN_PCA128_SVM,123,5,S000163,FIVES,AMD_DRY,AMD_DRY,1,0.9038933488997617,0.08605716734967507,0.010049483750563047
RETFOUND_MAE_CFP_FROZEN_PCA128_SVM,123,5,S000164,FIVES,AMD_DRY,AMD_DRY,1,0.883678886724754,0.10790388550165583,0.008417227773590224
RETFOUND_MAE_CFP_FROZEN_PCA128_SVM,123,5,S000168,FIVES,AMD_WET,AMD_WET,1,0.003442995867076157,0.9960113377283966,0.0005456664045272602
RETFOUND_MAE_CFP_FROZEN_PCA128_SVM,123,5,S000169,FIVES,AMD_WET,AMD_WET,1,2.396958504151971e-06,0.9992518047487238,0.0007457982927721221
RETFOUND_MAE_CFP_FROZEN_PCA128_SVM,123,5,S000176,FIVES,AMD_WET,AMD_WET,1,0.010143912867926716,0.9890783954827687,0.0007776916493045102
RETFOUND_MAE_CFP_FROZEN_PCA128_SVM,123,5,S000191,FIVES,AMD_WET,AMD_WET,1,1.410088608258579e-07,0.9998471876397186,0.00015267135142051365
RETFOUND_MAE_CFP_FROZEN_PCA128_SVM,123,5,S000194,FIVES,AMD_WET,AMD_WET,1,0.011626590666093893,0.9845904468775228,0.003782962456383102
RETFOUND_MAE_CFP_FROZEN_PCA128_SVM,123,5,S000195,FIVES,AMD_WET,AMD_WET,1,1.4096743962778297e-07,0.9998903966603776,0.00010946237218263338
RETFOUND_MAE_CFP_FROZEN_PCA128_SVM,123,5,S000202,FIVES,AMD_WET,AMD_WET,1,0.0027323861270413994,0.9951081572175066,0.002159456655452147
RETFOUND_MAE_CFP_FROZEN_PCA128_SVM,123,5,S000211,FIVES,AMD_WET,AMD_WET,1,0.24408649606633834,0.7545698617725171,0.0013436421611448973
RETFOUND_MAE_CFP_FROZEN_PCA128_SVM,123,5,S000215,FIVES,AMD_WET,AMD_WET,1,4.95044319589656e-08,0.9999397386485569,6.021184701101413e-05
RETFOUND_MAE_CFP_FROZEN_PCA128_SVM,123,5,S000217,FIVES,AMD_WET,AMD_WET,1,0.0033512165361418962,0.9961312425608074,0.0005175409030507802
RETFOUND_MAE_CFP_FROZEN_PCA128_SVM,123,5,S000229,FIVES,AMD_WET,AMD_WET,1,0.0028477229291911463,0.9968328261859248,0.00031945088488394394
RETFOUND_MAE_CFP_FROZEN_PCA128_SVM,123,5,S000232,FIVES,AMD_WET,AMD_WET,1,0.13838668625474515,0.8553543198083232,0.006258993936931559
RETFOUND_MAE_CFP_FROZEN_PCA128_SVM,123,5,S000235,FIVES,AMD_WET,AMD_WET,1,3.3765535967540233e-07,0.9997275217712418,0.00027214057339846156
RETFOUND_MAE_CFP_FROZEN_PCA128_SVM,123,5,S000236,FIVES,AMD_WET,AMD_WET,1,0.006116763965514962,0.9892018288106139,0.004681407223870806
RETFOUND_MAE_CFP_FROZEN_PCA128_SVM,123,5,S000254,ODIR,NORMAL,NORMAL,1,0.004237594082399531,0.005100004464921994,0.9906624014526786
RETFOUND_MAE_CFP_FROZEN_PCA128_SVM,123,5,S000262,ODIR,NORMAL,NORMAL,1,0.029435578756080136,0.00610601930825048,0.9644584019356695
RETFOUND_MAE_CFP_FROZEN_PCA128_SVM,123,5,S000271,ODIR,NORMAL,NORMAL,1,2.0735354050445083e-06,1.0534037362710935e-06,0.9999968730608587
RETFOUND_MAE_CFP_FROZEN_PCA128_SVM,123,5,S000272,ODIR,NORMAL,NORMAL,1,0.0031581919906245454,0.0007157421043266347,0.9961260659050487
RETFOUND_MAE_CFP_FROZEN_PCA128_SVM,123,5,S000279,ODIR,NORMAL,NORMAL,1,0.010390364541973094,0.005052440409025195,0.984557195049002
RETFOUND_MAE_CFP_FROZEN_PCA128_SVM,123,5,S000280,ODIR,NORMAL,NORMAL,1,0.022900186967151993,0.0021594312935473282,0.9749403817393005
RETFOUND_MAE_CFP_FROZEN_PCA128_SVM,123,5,S000281,ODIR,NORMAL,NORMAL,1,0.12092742639937873,0.021152105057563805,0.8579204685430577
RETFOUND_MAE_CFP_FROZEN_PCA128_SVM,123,5,S000288,ODIR,NORMAL,NORMAL,1,0.2052183281893998,0.16737009622225635,0.6274115755883437
RETFOUND_MAE_CFP_FROZEN_PCA128_SVM,123,5,S000289,ODIR,NORMAL,NORMAL,1,0.0022790327001018904,0.0032962217447685205,0.9944247455551296
RETFOUND_MAE_CFP_FROZEN_PCA128_SVM,123,5,S000294,ODIR,NORMAL,NORMAL,1,0.013943159860049388,0.0013305756910709278,0.9847262644488798
RETFOUND_MAE_CFP_FROZEN_PCA128_SVM,123,5,S000303,ODIR,NORMAL,NORMAL,1,0.02228228204596676,0.00909850330892496,0.9686192146451086
RETFOUND_MAE_CFP_FROZEN_PCA128_SVM,123,5,S000304,ODIR,NORMAL,NORMAL,1,0.006508974989323642,0.007274478407817115,0.9862165466028593
RETFOUND_MAE_CFP_FROZEN_PCA128_SVM,123,5,S000305,ODIR,NORMAL,NORMAL,1,0.0017064376300568356,0.0017380102899660853,0.9965555520799771
RETFOUND_MAE_CFP_FROZEN_PCA128_SVM,123,5,S000311,ODIR,NORMAL,NORMAL,1,0.060799820719812964,0.013147673944952722,0.9260525053352343
RETFOUND_MAE_CFP_FROZEN_PCA128_SVM,123,5,S000312,ODIR,NORMAL,NORMAL,1,0.18533851759957232,0.11161695744115001,0.7030445249592778
RETFOUND_MAE_CFP_FROZEN_PCA128_SVM,123,5,S000313,ODIR,NORMAL,NORMAL,1,0.0049103519038064414,0.0020591363709315164,0.993030511725262
RETFOUND_MAE_CFP_FROZEN_PCA128_SVM,123,5,S000315,ODIR,NORMAL,NORMAL,1,0.0481150351563995,0.003202935178672001,0.9486820296649284
RETFOUND_MAE_CFP_FROZEN_PCA128_SVM,123,5,S000320,ODIR,NORMAL,NORMAL,1,0.04328736315777919,0.0029571446238260994,0.9537554922183948
RETFOUND_MAE_CFP_FROZEN_PCA128_SVM,123,5,S000332,ODIR,NORMAL,NORMAL,1,0.0642222815432494,0.014862920348579937,0.9209147981081707
RETFOUND_MAE_CFP_FROZEN_PCA128_SVM,123,5,S000335,ODIR,NORMAL,NORMAL,1,0.009177346928486435,0.00881699217029229,0.9820056609012212
RETFOUND_MAE_CFP_FROZEN_PCA128_SVM,123,5,S000341,ODIR,NORMAL,NORMAL,1,0.003585016532777719,0.0026142683998124764,0.9938007150674097
RETFOUND_MAE_CFP_FROZEN_PCA128_SVM,123,5,S000343,ODIR,NORMAL,NORMAL,1,6.165260990158279e-07,4.066061320916687e-07,0.9999989768677688
RETFOUND_MAE_CFP_FROZEN_PCA128_SVM,123,5,S000346,ODIR,NORMAL,NORMAL,1,0.002242517003555831,0.002597010371130687,0.9951604726253134
RETFOUND_MAE_CFP_FROZEN_PCA128_SVM,123,5,S000355,ODIR,NORMAL,NORMAL,1,0.019561852756672698,0.0175559955370473,0.96288215170628
RETFOUND_MAE_CFP_FROZEN_PCA128_SVM,123,5,S000358,ODIR,NORMAL,NORMAL,1,0.021104328785689106,0.0029206152812374835,0.9759750559330735
RETFOUND_MAE_CFP_FROZEN_PCA128_SVM,123,5,S000376,ODIR,AMD_DRY,AMD_DRY,1,0.9373624218954084,0.012043558738413953,0.05059401936617732
RETFOUND_MAE_CFP_FROZEN_PCA128_SVM,123,5,S000384,ODIR,AMD_DRY,AMD_DRY,1,0.8315666084579794,0.09961330642123058,0.0688200851207902
RETFOUND_MAE_CFP_FROZEN_PCA128_SVM,123,5,S000385,ODIR,AMD_DRY,AMD_DRY,1,0.9860561182682874,0.012350702197127073,0.001593179534585572
RETFOUND_MAE_CFP_FROZEN_PCA128_SVM,123,5,S000386,ODIR,AMD_DRY,AMD_DRY,1,0.8117781992982461,0.18180602187853112,0.006415778823222667
RETFOUND_MAE_CFP_FROZEN_PCA128_SVM,123,5,S000393,ODIR,AMD_DRY,AMD_DRY,1,0.9172845853897471,0.0790938216709329,0.0036215929393199975
RETFOUND_MAE_CFP_FROZEN_PCA128_SVM,123,5,S000400,ODIR,AMD_DRY,AMD_WET,0,0.4613354173954851,0.5306515959777722,0.008012986626742638
RETFOUND_MAE_CFP_FROZEN_PCA128_SVM,123,5,S000401,ODIR,AMD_DRY,AMD_DRY,1,0.9718544599154707,0.018659856081666103,0.00948568400286312
RETFOUND_MAE_CFP_FROZEN_PCA128_SVM,123,5,S000403,ODIR,AMD_DRY,AMD_DRY,1,0.9949914271731255,0.004502316638103267,0.0005062561887712597
RETFOUND_MAE_CFP_FROZEN_PCA128_SVM,123,5,S000410,ODIR,AMD_DRY,AMD_DRY,1,0.975418764942003,0.02160274976809857,0.002978485289898492
RETFOUND_MAE_CFP_FROZEN_PCA128_SVM,123,5,S000419,ODIR,AMD_DRY,AMD_DRY,1,0.9013882738181329,0.09780618202926583,0.0008055441526014195
RETFOUND_MAE_CFP_FROZEN_PCA128_SVM,123,5,S000420,ODIR,AMD_DRY,AMD_DRY,1,0.8222771191754847,0.171956005666171,0.005766875158344257
RETFOUND_MAE_CFP_FROZEN_PCA128_SVM,123,5,S000425,ODIR,AMD_DRY,NORMAL,0,0.478644500493025,0.025880265997410147,0.49547523350956485
RETFOUND_MAE_CFP_FROZEN_PCA128_SVM,123,5,S000427,ODIR,AMD_DRY,AMD_DRY,1,0.9125209330435994,0.08360195777595388,0.003877109180446914
RETFOUND_MAE_CFP_FROZEN_PCA128_SVM,123,5,S000430,ODIR,AMD_DRY,AMD_DRY,1,0.5706451934704484,0.4290661802580184,0.00028862627153315436
RETFOUND_MAE_CFP_FROZEN_PCA128_SVM,123,5,S000438,ODIR,AMD_DRY,AMD_DRY,1,0.8161910665284672,0.07702366866054358,0.10678526481098918
RETFOUND_MAE_CFP_FROZEN_PCA128_SVM,123,5,S000443,ODIR,AMD_DRY,AMD_DRY,1,0.9382583603015661,0.06145891117758736,0.0002827285208465933
RETFOUND_MAE_CFP_FROZEN_PCA128_SVM,123,5,S000449,ODIR,AMD_WET,AMD_DRY,0,0.5428465536675656,0.4564756331406786,0.000677813191755681
RETFOUND_MAE_CFP_FROZEN_PCA128_SVM,123,5,S000451,ODIR,AMD_WET,AMD_WET,1,0.42462902747528775,0.5629773414385474,0.012393631086164748
RETFOUND_MAE_CFP_FROZEN_PCA128_SVM,123,5,S000462,ODIR,AMD_WET,AMD_WET,1,0.08078723551181473,0.9189571753407494,0.0002555891474360231
RETFOUND_MAE_CFP_FROZEN_PCA128_SVM,123,5,S000469,ODIR,AMD_WET,AMD_WET,1,0.08240969870984215,0.9100410350387339,0.0075492662514239275
RETFOUND_MAE_CFP_FROZEN_PCA128_SVM,123,5,S000471,ODIR,AMD_WET,AMD_WET,1,0.26271352250923574,0.5388803598591634,0.19840611763160068
RETFOUND_MAE_CFP_FROZEN_PCA128_SVM,123,5,S000474,RFMID,NORMAL,NORMAL,1,8.445177895022702e-05,0.002440455512215716,0.997475092708834
RETFOUND_MAE_CFP_FROZEN_PCA128_SVM,123,5,S000475,RFMID,NORMAL,NORMAL,1,0.0017465298491489512,0.007597284406683576,0.9906561857441675
RETFOUND_MAE_CFP_FROZEN_PCA128_SVM,123,5,S000479,RFMID,NORMAL,NORMAL,1,0.004596593497246459,0.002988556135729828,0.9924148503670237
RETFOUND_MAE_CFP_FROZEN_PCA128_SVM,123,5,S000483,RFMID,NORMAL,NORMAL,1,3.0583024858999014e-07,3.559589890760957e-07,0.9999993382107623
RETFOUND_MAE_CFP_FROZEN_PCA128_SVM,123,5,S000487,RFMID,NORMAL,NORMAL,1,1.0993033509942285e-06,8.541631369001356e-07,0.9999980465335122
RETFOUND_MAE_CFP_FROZEN_PCA128_SVM,123,5,S000489,RFMID,NORMAL,NORMAL,1,0.004747192268664418,0.0018760276777257735,0.9933767800536097
RETFOUND_MAE_CFP_FROZEN_PCA128_SVM,123,5,S000495,RFMID,NORMAL,NORMAL,1,0.0040432964561190905,0.00509143393801453,0.9908652696058664
RETFOUND_MAE_CFP_FROZEN_PCA128_SVM,123,5,S000496,RFMID,NORMAL,NORMAL,1,0.00973356618014086,0.029479476565571667,0.9607869572542879
RETFOUND_MAE_CFP_FROZEN_PCA128_SVM,123,5,S000503,RFMID,NORMAL,NORMAL,1,2.62790461695653e-07,2.853020895624226e-07,0.9999994519074487
RETFOUND_MAE_CFP_FROZEN_PCA128_SVM,123,5,S000513,RFMID,NORMAL,NORMAL,1,0.011348194001663908,0.02689018035685821,0.961761625641478
RETFOUND_MAE_CFP_FROZEN_PCA128_SVM,123,5,S000519,RFMID,NORMAL,NORMAL,1,0.044836585445601186,0.024939785114322596,0.930223629440076
RETFOUND_MAE_CFP_FROZEN_PCA128_SVM,123,5,S000525,RFMID,NORMAL,NORMAL,1,0.0009087533439227482,0.003533349654217621,0.9955578970018597
RETFOUND_MAE_CFP_FROZEN_PCA128_SVM,123,5,S000526,RFMID,NORMAL,NORMAL,1,0.0023210618725989906,0.13294026245380425,0.8647386756735966
RETFOUND_MAE_CFP_FROZEN_PCA128_SVM,123,5,S000536,RFMID,AMD_DRY,AMD_DRY,1,0.8852714621917104,0.11016685337224197,0.004561684436047582
RETFOUND_MAE_CFP_FROZEN_PCA128_SVM,123,5,S000538,RFMID,AMD_DRY,AMD_WET,0,0.23935425984686035,0.7531239792101025,0.007521760943037175
RETFOUND_MAE_CFP_FROZEN_PCA128_SVM,123,5,S000547,RFMID,AMD_WET,AMD_WET,1,0.31012474845931226,0.6767579211716612,0.013117330369026382
RETFOUND_MAE_CFP_FROZEN_PCA128_SVM,123,5,S000554,RFMID,AMD_WET,AMD_WET,1,0.0020961788299864816,0.9961183177289198,0.0017855034410936383
RETFOUND_MAE_CFP_FROZEN_PCA128_SVM,123,5,S000556,RFMID,AMD_WET,AMD_WET,1,0.0022369362326740447,0.9958118158444351,0.0019512479228908912
RETFOUND_MAE_CFP_FROZEN_PCA128_SVM,123,5,S000567,RFMID,AMD_WET,AMD_WET,1,0.0150450922406447,0.9792478441021476,0.005707063657207635
RETFOUND_MAE_CFP_FROZEN_PCA128_SVM,123,5,S000570,RFMID,AMD_WET,AMD_WET,1,8.489353437976458e-07,0.9999367428236844,6.240824097182321e-05
RETFOUND_MAE_CFP_FROZEN_PCA128_SVM,123,5,S000574,RFMID,AMD_WET,AMD_WET,1,0.03606324449193479,0.9621068027684063,0.001829952739658678
RETFOUND_MAE_CFP_FROZEN_PCA128_SVM,123,5,S000577,RFMID,AMD_WET,AMD_WET,1,1.657538552792436e-06,0.9995730866144448,0.00042525584700249064
RETFOUND_MAE_CFP_FROZEN_PCA128_SVM,123,5,S000581,RFMID,AMD_WET,AMD_WET,1,0.00840968173208772,0.9904507869684344,0.0011395312994774785
RETFOUND_MAE_CFP_FROZEN_PCA128_SVM,123,5,S000585,RFMID,AMD_WET,AMD_WET,1,0.005789539837205406,0.9941924815194487,1.7978643346095536e-05
RETFOUND_MAE_CFP_FROZEN_PCA128_SVM,123,5,S000588,RFMID,AMD_WET,AMD_DRY,0,0.6696036864422864,0.31440429628307454,0.01599201727463916
RETFOUND_MAE_CFP_FROZEN_PCA128_SVM,2026,1,S000002,ADAM,AMD_DRY,AMD_DRY,1,0.8694993535480354,0.020314463425565178,0.11018618302639913
RETFOUND_MAE_CFP_FROZEN_PCA128_SVM,2026,1,S000003,ADAM,AMD_DRY,AMD_DRY,1,0.9976883819578878,0.0012906641082863954,0.0010209539338257266
RETFOUND_MAE_CFP_FROZEN_PCA128_SVM,2026,1,S000010,ADAM,AMD_DRY,AMD_WET,0,0.4546090489970447,0.5405995600479202,0.004791390955034843
RETFOUND_MAE_CFP_FROZEN_PCA128_SVM,2026,1,S000013,ADAM,AMD_DRY,AMD_DRY,1,0.9900684278395389,0.008833599107766299,0.0010979730526948226
RETFOUND_MAE_CFP_FROZEN_PCA128_SVM,2026,1,S000019,ADAM,AMD_DRY,AMD_DRY,1,0.6195375537627518,0.37818512468159127,0.002277321555656898
RETFOUND_MAE_CFP_FROZEN_PCA128_SVM,2026,1,S000026,ADAM,AMD_DRY,AMD_DRY,1,0.9159995887403467,0.08059576105620929,0.0034046502034439713
RETFOUND_MAE_CFP_FROZEN_PCA128_SVM,2026,1,S000032,ADAM,AMD_DRY,AMD_DRY,1,0.9938972479478857,0.005487990583822847,0.0006147614682916251
RETFOUND_MAE_CFP_FROZEN_PCA128_SVM,2026,1,S000040,ADAM,AMD_WET,AMD_WET,1,0.01234447997408211,0.9873771713115259,0.00027834871439192115
RETFOUND_MAE_CFP_FROZEN_PCA128_SVM,2026,1,S000045,ADAM,AMD_WET,AMD_WET,1,0.19691896380880827,0.8024885470071486,0.0005924891840429885
RETFOUND_MAE_CFP_FROZEN_PCA128_SVM,2026,1,S000047,ADAM,AMD_WET,AMD_DRY,0,0.9581986073159942,0.03942710803793529,0.002374284646070553
RETFOUND_MAE_CFP_FROZEN_PCA128_SVM,2026,1,S000051,ADAM,AMD_WET,AMD_WET,1,0.014328836317400282,0.9854486681366064,0.00022249554599342044
RETFOUND_MAE_CFP_FROZEN_PCA128_SVM,2026,1,S000062,FIVES,NORMAL,NORMAL,1,0.002246462265866153,0.0014979491030100642,0.996255588631124
RETFOUND_MAE_CFP_FROZEN_PCA128_SVM,2026,1,S000064,FIVES,NORMAL,NORMAL,1,0.0005568166527964744,0.003657293217815971,0.9957858901293875
RETFOUND_MAE_CFP_FROZEN_PCA128_SVM,2026,1,S000071,FIVES,NORMAL,NORMAL,1,0.009245281428441806,0.12488242653737197,0.8658722920341861
RETFOUND_MAE_CFP_FROZEN_PCA128_SVM,2026,1,S000072,FIVES,NORMAL,NORMAL,1,0.04050779164234985,0.014370032640566762,0.9451221757170833
RETFOUND_MAE_CFP_FROZEN_PCA128_SVM,2026,1,S000083,FIVES,NORMAL,NORMAL,1,0.0006461384568855013,0.018188455123063694,0.981165406420051
RETFOUND_MAE_CFP_FROZEN_PCA128_SVM,2026,1,S000085,FIVES,NORMAL,NORMAL,1,0.0010244505033295875,0.002822780352731606,0.9961527691439387
RETFOUND_MAE_CFP_FROZEN_PCA128_SVM,2026,1,S000090,FIVES,NORMAL,NORMAL,1,0.00041314371871913535,0.0018095868515159677,0.9977772694297649
RETFOUND_MAE_CFP_FROZEN_PCA128_SVM,2026,1,S000093,FIVES,NORMAL,NORMAL,1,1.5577769768428436e-06,1.6893096176087362e-06,0.9999967529134055
RETFOUND_MAE_CFP_FROZEN_PCA128_SVM,2026,1,S000101,FIVES,NORMAL,NORMAL,1,5.22903762359287e-06,3.916222693702302e-06,0.9999908547396827
RETFOUND_MAE_CFP_FROZEN_PCA128_SVM,2026,1,S000105,FIVES,NORMAL,NORMAL,1,0.00042491095569044244,0.001975857652050901,0.9975992313922585
RETFOUND_MAE_CFP_FROZEN_PCA128_SVM,2026,1,S000106,FIVES,NORMAL,NORMAL,1,0.0007401047366016903,0.008313367690385827,0.9909465275730127
RETFOUND_MAE_CFP_FROZEN_PCA128_SVM,2026,1,S000107,FIVES,NORMAL,NORMAL,1,0.001229921538604857,0.02600965727359813,0.972760421187797
RETFOUND_MAE_CFP_FROZEN_PCA128_SVM,2026,1,S000111,FIVES,NORMAL,NORMAL,1,0.008997354063812697,0.002637821209141393,0.988364824727046
RETFOUND_MAE_CFP_FROZEN_PCA128_SVM,2026,1,S000114,FIVES,NORMAL,NORMAL,1,0.0003429769614793016,0.0033357648843617997,0.9963212581541588
RETFOUND_MAE_CFP_FROZEN_PCA128_SVM,2026,1,S000123,FIVES,NORMAL,NORMAL,1,8.164234544942863e-07,8.396212797514239e-07,0.9999983439552658
RETFOUND_MAE_CFP_FROZEN_PCA128_SVM,2026,1,S000124,FIVES,NORMAL,NORMAL,1,0.00010667323301846614,0.00595347234210746,0.9939398544248741
RETFOUND_MAE_CFP_FROZEN_PCA128_SVM,2026,1,S000126,FIVES,NORMAL,NORMAL,1,0.011912221737669662,0.10382227016682505,0.8842655080955053
RETFOUND_MAE_CFP_FROZEN_PCA128_SVM,2026,1,S000136,FIVES,NORMAL,NORMAL,1,0.004068684851651215,0.0016843974520252473,0.9942469176963235
RETFOUND_MAE_CFP_FROZEN_PCA128_SVM,2026,1,S000142,FIVES,NORMAL,NORMAL,1,0.000990223704995607,0.002050736866386736,0.9969590394286176
RETFOUND_MAE_CFP_FROZEN_PCA128_SVM,2026,1,S000143,FIVES,NORMAL,NORMAL,1,1.0885420750459957e-06,9.664656561152699e-07,0.9999979449922688
RETFOUND_MAE_CFP_FROZEN_PCA128_SVM,2026,1,S000157,FIVES,AMD_DRY,AMD_WET,0,0.3232894477758299,0.6715695544896083,0.0051409977345616515
RETFOUND_MAE_CFP_FROZEN_PCA128_SVM,2026,1,S000165,FIVES,AMD_DRY,AMD_DRY,1,0.9823072310547812,0.01580437782964924,0.001888391115569625
RETFOUND_MAE_CFP_FROZEN_PCA128_SVM,2026,1,S000166,FIVES,AMD_DRY,AMD_WET,0,1.083168542282965e-06,0.9999818513649434,1.7065466514229035e-05
RETFOUND_MAE_CFP_FROZEN_PCA128_SVM,2026,1,S000171,FIVES,AMD_WET,AMD_WET,1,0.007719323302005516,0.9919724252002493,0.0003082514977450811
RETFOUND_MAE_CFP_FROZEN_PCA128_SVM,2026,1,S000175,FIVES,AMD_WET,AMD_WET,1,0.016710942317256394,0.9829353005712121,0.00035375711153156817
RETFOUND_MAE_CFP_FROZEN_PCA128_SVM,2026,1,S000181,FIVES,AMD_WET,AMD_WET,1,0.05484509249225262,0.9447685857321875,0.0003863217755599982
RETFOUND_MAE_CFP_FROZEN_PCA128_SVM,2026,1,S000196,FIVES,AMD_WET,AMD_WET,1,1.1599408439726443e-07,0.9999089711246828,9.091288123281088e-05
RETFOUND_MAE_CFP_FROZEN_PCA128_SVM,2026,1,S000197,FIVES,AMD_WET,AMD_WET,1,1.0721723309454313e-09,0.9999946014717505,5.3974560770423705e-06
RETFOUND_MAE_CFP_FROZEN_PCA128_SVM,2026,1,S000198,FIVES,AMD_WET,AMD_WET,1,0.0031025078941853837,0.9931152633083635,0.003782228797451067
RETFOUND_MAE_CFP_FROZEN_PCA128_SVM,2026,1,S000199,FIVES,AMD_WET,AMD_WET,1,0.22206397827673133,0.7771152242950321,0.0008207974282367234
RETFOUND_MAE_CFP_FROZEN_PCA128_SVM,2026,1,S000209,FIVES,AMD_WET,AMD_WET,1,0.006715540415690576,0.9895860128129277,0.003698446771381793
RETFOUND_MAE_CFP_FROZEN_PCA128_SVM,2026,1,S000214,FIVES,AMD_WET,AMD_WET,1,0.01119046992570396,0.9884583916396235,0.00035113843467260084
RETFOUND_MAE_CFP_FROZEN_PCA128_SVM,2026,1,S000221,FIVES,AMD_WET,AMD_WET,1,0.006544598767519997,0.99284880915885,0.0006065920736302464
RETFOUND_MAE_CFP_FROZEN_PCA128_SVM,2026,1,S000223,FIVES,AMD_WET,AMD_WET,1,0.1116653595382487,0.8834357300490023,0.004898910412749163
RETFOUND_MAE_CFP_FROZEN_PCA128_SVM,2026,1,S000228,FIVES,AMD_WET,AMD_WET,1,0.0017587730524739908,0.99765629720879,0.0005849297387360576
RETFOUND_MAE_CFP_FROZEN_PCA128_SVM,2026,1,S000231,FIVES,AMD_WET,AMD_DRY,0,0.6867728230286153,0.30688448764086107,0.006342689330523567
RETFOUND_MAE_CFP_FROZEN_PCA128_SVM,2026,1,S000240,ODIR,NORMAL,NORMAL,1,0.0023000438337429695,0.004255542698508097,0.993444413467749
RETFOUND_MAE_CFP_FROZEN_PCA128_SVM,2026,1,S000252,ODIR,NORMAL,NORMAL,1,0.002003550872267996,0.002639428639352653,0.9953570204883792
RETFOUND_MAE_CFP_FROZEN_PCA128_SVM,2026,1,S000255,ODIR,NORMAL,NORMAL,1,4.7298275970413285e-06,2.4462062397906204e-06,0.9999928239661632
RETFOUND_MAE_CFP_FROZEN_PCA128_SVM,2026,1,S000256,ODIR,NORMAL,NORMAL,1,4.610955322054192e-06,2.324629962030347e-06,0.9999930644147159
RETFOUND_MAE_CFP_FROZEN_PCA128_SVM,2026,1,S000258,ODIR,NORMAL,NORMAL,1,0.017415210004151103,0.000864369991623562,0.9817204200042252
RETFOUND_MAE_CFP_FROZEN_PCA128_SVM,2026,1,S000264,ODIR,NORMAL,NORMAL,1,8.166503152147293e-07,4.569734971037918e-07,0.9999987263761877
RETFOUND_MAE_CFP_FROZEN_PCA128_SVM,2026,1,S000265,ODIR,NORMAL,NORMAL,1,0.013219659440561719,0.0030414111087658396,0.9837389294506724
RETFOUND_MAE_CFP_FROZEN_PCA128_SVM,2026,1,S000267,ODIR,NORMAL,NORMAL,1,0.011995566989003358,0.002922936447862154,0.9850814965631347
RETFOUND_MAE_CFP_FROZEN_PCA128_SVM,2026,1,S000268,ODIR,NORMAL,NORMAL,1,0.004496874214994324,0.009446596850905422,0.9860565289341003
RETFOUND_MAE_CFP_FROZEN_PCA128_SVM,2026,1,S000274,ODIR,NORMAL,NORMAL,1,0.010363138567352716,0.003352857500468644,0.9862840039321789
RETFOUND_MAE_CFP_FROZEN_PCA128_SVM,2026,1,S000275,ODIR,NORMAL,NORMAL,1,0.001342184257386439,0.006134740313223795,0.9925230754293897
RETFOUND_MAE_CFP_FROZEN_PCA128_SVM,2026,1,S000282,ODIR,NORMAL,NORMAL,1,0.0018480516706924468,0.00029001591149346975,0.9978619324178141
RETFOUND_MAE_CFP_FROZEN_PCA128_SVM,2026,1,S000291,ODIR,NORMAL,NORMAL,1,0.0101252842198461,0.036786645862489066,0.9530880699176649
RETFOUND_MAE_CFP_FROZEN_PCA128_SVM,2026,1,S000298,ODIR,NORMAL,NORMAL,1,4.529973350582885e-06,2.4800020097388825e-06,0.9999929900246397
RETFOUND_MAE_CFP_FROZEN_PCA128_SVM,2026,1,S000307,ODIR,NORMAL,NORMAL,1,6.9114449567563314e-06,3.5159889217902384e-06,0.9999895725661214
RETFOUND_MAE_CFP_FROZEN_PCA128_SVM,2026,1,S000317,ODIR,NORMAL,NORMAL,1,0.004235911612510949,0.0003980270447268449,0.9953660613427621
RETFOUND_MAE_CFP_FROZEN_PCA128_SVM,2026,1,S000318,ODIR,NORMAL,NORMAL,1,0.040599228320847836,0.000712163329316789,0.9586886083498353
RETFOUND_MAE_CFP_FROZEN_PCA128_SVM,2026,1,S000321,ODIR,NORMAL,NORMAL,1,0.01231020782501449,0.010389710113685356,0.9773000820613001
RETFOUND_MAE_CFP_FROZEN_PCA128_SVM,2026,1,S000326,ODIR,NORMAL,NORMAL,1,0.023134256228842045,0.000551074171806891,0.9763146695993513
RETFOUND_MAE_CFP_FROZEN_PCA128_SVM,2026,1,S000327,ODIR,NORMAL,NORMAL,1,0.04178066936215657,0.010415759903834964,0.9478035707340081
RETFOUND_MAE_CFP_FROZEN_PCA128_SVM,2026,1,S000329,ODIR,NORMAL,NORMAL,1,0.03758985869047561,0.01636688873040472,0.9460432525791197
RETFOUND_MAE_CFP_FROZEN_PCA128_SVM,2026,1,S000333,ODIR,NORMAL,NORMAL,1,0.01763392690584636,0.0049717125756918844,0.9773943605184617
RETFOUND_MAE_CFP_FROZEN_PCA128_SVM,2026,1,S000349,ODIR,NORMAL,NORMAL,1,0.013287684446422192,0.0037533644369422228,0.9829589511166356
RETFOUND_MAE_CFP_FROZEN_PCA128_SVM,2026,1,S000351,ODIR,NORMAL,NORMAL,1,0.015316552408114258,0.000538077898277744,0.9841453696936081
RETFOUND_MAE_CFP_FROZEN_PCA128_SVM,2026,1,S000356,ODIR,NORMAL,NORMAL,1,0.010680750655375878,0.000498997289370773,0.9888202520552534
RETFOUND_MAE_CFP_FROZEN_PCA128_SVM,2026,1,S000382,ODIR,AMD_DRY,AMD_WET,0,0.24431307439444233,0.7529388485495015,0.002748077056056244
RETFOUND_MAE_CFP_FROZEN_PCA128_SVM,2026,1,S000387,ODIR,AMD_DRY,AMD_DRY,1,0.7120415805362862,0.2821378761621466,0.005820543301567077
RETFOUND_MAE_CFP_FROZEN_PCA128_SVM,2026,1,S000388,ODIR,AMD_DRY,AMD_DRY,1,0.6831300183276791,0.3125223324759722,0.0043476491963485705
RETFOUND_MAE_CFP_FROZEN_PCA128_SVM,2026,1,S000397,ODIR,AMD_DRY,AMD_DRY,1,0.9494170357508235,0.04884160498325699,0.0017413592659196687
RETFOUND_MAE_CFP_FROZEN_PCA128_SVM,2026,1,S000405,ODIR,AMD_DRY,AMD_DRY,1,0.9956380773800354,0.0038885621347971243,0.00047336048516732817
RETFOUND_MAE_CFP_FROZEN_PCA128_SVM,2026,1,S000408,ODIR,AMD_DRY,AMD_DRY,1,0.6714052140591827,0.22335502345458733,0.1052397624862302
RETFOUND_MAE_CFP_FROZEN_PCA128_SVM,2026,1,S000413,ODIR,AMD_DRY,AMD_DRY,1,0.966545431425217,0.021604578273264063,0.011849990301518681
RETFOUND_MAE_CFP_FROZEN_PCA128_SVM,2026,1,S000414,ODIR,AMD_DRY,AMD_DRY,1,0.9708032232983566,0.02566980217048626,0.0035269745311570424
RETFOUND_MAE_CFP_FROZEN_PCA128_SVM,2026,1,S000415,ODIR,AMD_DRY,AMD_DRY,1,0.9871892776007893,0.008932101787651199,0.0038786206115595037
RETFOUND_MAE_CFP_FROZEN_PCA128_SVM,2026,1,S000421,ODIR,AMD_DRY,AMD_DRY,1,0.9338799783407896,0.05904634417819863,0.007073677481011698
RETFOUND_MAE_CFP_FROZEN_PCA128_SVM,2026,1,S000422,ODIR,AMD_DRY,AMD_DRY,1,0.9649521175813487,0.02819987279716744,0.006848009621483805
RETFOUND_MAE_CFP_FROZEN_PCA128_SVM,2026,1,S000429,ODIR,AMD_DRY,AMD_DRY,1,0.9943570737103289,0.005501925952195116,0.00014100033747606124
RETFOUND_MAE_CFP_FROZEN_PCA128_SVM,2026,1,S000431,ODIR,AMD_DRY,AMD_DRY,1,0.977466198790621,0.021755747107228912,0.0007780541021501148
RETFOUND_MAE_CFP_FROZEN_PCA128_SVM,2026,1,S000432,ODIR,AMD_DRY,AMD_DRY,1,0.9860655968076985,0.008538347136052645,0.005396056056248791
RETFOUND_MAE_CFP_FROZEN_PCA128_SVM,2026,1,S000433,ODIR,AMD_DRY,AMD_DRY,1,0.9913832428235076,0.00823584809858616,0.00038090907790615946
RETFOUND_MAE_CFP_FROZEN_PCA128_SVM,2026,1,S000436,ODIR,AMD_DRY,AMD_DRY,1,0.9728403388161075,0.02419934752299047,0.002960313660901992
RETFOUND_MAE_CFP_FROZEN_PCA128_SVM,2026,1,S000437,ODIR,AMD_DRY,AMD_DRY,1,0.7794227833525237,0.17141374965852368,0.04916346698895251
RETFOUND_MAE_CFP_FROZEN_PCA128_SVM,2026,1,S000446,ODIR,AMD_WET,AMD_DRY,0,0.7829984400939503,0.21076026962063507,0.006241290285414491
RETFOUND_MAE_CFP_FROZEN_PCA128_SVM,2026,1,S000450,ODIR,AMD_WET,AMD_WET,1,0.0046212506447495545,0.993982749493855,0.001395999861395635
RETFOUND_MAE_CFP_FROZEN_PCA128_SVM,2026,1,S000452,ODIR,AMD_WET,AMD_DRY,0,0.7667525897053094,0.043805822194911304,0.1894415880997794
RETFOUND_MAE_CFP_FROZEN_PCA128_SVM,2026,1,S000454,ODIR,AMD_WET,AMD_WET,1,0.054706472690314284,0.9410739785353504,0.004219548774335251
RETFOUND_MAE_CFP_FROZEN_PCA128_SVM,2026,1,S000467,ODIR,AMD_WET,AMD_WET,1,0.02113828307592295,0.9744417176517938,0.004419999272283502
RETFOUND_MAE_CFP_FROZEN_PCA128_SVM,2026,1,S000477,RFMID,NORMAL,NORMAL,1,0.000501038058364111,0.006271205187581045,0.993227756754055
RETFOUND_MAE_CFP_FROZEN_PCA128_SVM,2026,1,S000480,RFMID,NORMAL,NORMAL,1,3.219548254133351e-06,2.0996277726821505e-06,0.9999946808239732
RETFOUND_MAE_CFP_FROZEN_PCA128_SVM,2026,1,S000484,RFMID,NORMAL,NORMAL,1,0.018063926900890096,0.055912564770767316,0.9260235083283422
RETFOUND_MAE_CFP_FROZEN_PCA128_SVM,2026,1,S000485,RFMID,NORMAL,NORMAL,1,0.004556664086327561,0.005412097183127042,0.9900312387305452
RETFOUND_MAE_CFP_FROZEN_PCA128_SVM,2026,1,S000491,RFMID,NORMAL,NORMAL,1,0.024597972459757166,0.10321919871583074,0.872182828824412
RETFOUND_MAE_CFP_FROZEN_PCA128_SVM,2026,1,S000493,RFMID,NORMAL,NORMAL,1,0.0008891911808499164,0.010893612762686886,0.9882171960564633
RETFOUND_MAE_CFP_FROZEN_PCA128_SVM,2026,1,S000504,RFMID,NORMAL,NORMAL,1,0.002359843455324082,0.0020389822566002523,0.9956011742880756
RETFOUND_MAE_CFP_FROZEN_PCA128_SVM,2026,1,S000506,RFMID,NORMAL,NORMAL,1,0.000727229426804625,0.0047081052241909425,0.9945646653490042
RETFOUND_MAE_CFP_FROZEN_PCA128_SVM,2026,1,S000507,RFMID,NORMAL,NORMAL,1,5.937317679232361e-07,3.971739876572144e-07,0.9999990090942443
RETFOUND_MAE_CFP_FROZEN_PCA128_SVM,2026,1,S000515,RFMID,NORMAL,NORMAL,1,0.001795555238346357,0.0026153201219968,0.9955891246396569
RETFOUND_MAE_CFP_FROZEN_PCA128_SVM,2026,1,S000522,RFMID,NORMAL,NORMAL,1,0.009815889764313898,0.0215189832286164,0.9686651270070694
RETFOUND_MAE_CFP_FROZEN_PCA128_SVM,2026,1,S000527,RFMID,NORMAL,NORMAL,1,0.0021662417915388494,0.004880013969760559,0.9929537442387008
RETFOUND_MAE_CFP_FROZEN_PCA128_SVM,2026,1,S000529,RFMID,NORMAL,NORMAL,1,0.001977790251616,0.008534070668545694,0.9894881390798382
RETFOUND_MAE_CFP_FROZEN_PCA128_SVM,2026,1,S000542,RFMID,AMD_DRY,AMD_DRY,1,0.5532305890166295,0.4424861810769052,0.004283229906465379
RETFOUND_MAE_CFP_FROZEN_PCA128_SVM,2026,1,S000545,RFMID,AMD_WET,AMD_WET,1,0.05724606423240607,0.9424852313345449,0.0002687044330490985
RETFOUND_MAE_CFP_FROZEN_PCA128_SVM,2026,1,S000552,RFMID,AMD_WET,AMD_WET,1,0.012540061373193731,0.9796855227714898,0.007774415855316579
RETFOUND_MAE_CFP_FROZEN_PCA128_SVM,2026,1,S000553,RFMID,AMD_WET,AMD_WET,1,0.024354122090747277,0.9680028720749968,0.007643005834255802
RETFOUND_MAE_CFP_FROZEN_PCA128_SVM,2026,1,S000565,RFMID,AMD_WET,AMD_WET,1,1.0433376848689115e-06,0.9999782726047945,2.0684057520605684e-05
RETFOUND_MAE_CFP_FROZEN_PCA128_SVM,2026,1,S000576,RFMID,AMD_WET,AMD_WET,1,1.793373863733425e-06,0.9994333659011599,0.0005648407249762257
RETFOUND_MAE_CFP_FROZEN_PCA128_SVM,2026,1,S000578,RFMID,AMD_WET,AMD_WET,1,0.027697381799615714,0.9713411466039928,0.0009614715963913698
RETFOUND_MAE_CFP_FROZEN_PCA128_SVM,2026,1,S000580,RFMID,AMD_WET,AMD_WET,1,1.855393313336065e-06,0.9994431624204992,0.0005549821861872881
RETFOUND_MAE_CFP_FROZEN_PCA128_SVM,2026,1,S000583,RFMID,AMD_WET,AMD_WET,1,0.013048584523666673,0.9843464684545677,0.0026049470217657162
RETFOUND_MAE_CFP_FROZEN_PCA128_SVM,2026,1,S000584,RFMID,AMD_WET,AMD_WET,1,4.696342552741575e-06,0.9989125009397389,0.0010828027177083627
RETFOUND_MAE_CFP_FROZEN_PCA128_SVM,2026,1,S000589,RFMID,AMD_WET,AMD_WET,1,0.046635812573193436,0.9481159096390342,0.005248277787772644
RETFOUND_MAE_CFP_FROZEN_PCA128_SVM,2026,1,S000591,RFMID,AMD_WET,AMD_WET,1,3.59325482467001e-06,0.9991725445381168,0.0008238622070586037
RETFOUND_MAE_CFP_FROZEN_PCA128_SVM,2026,2,S000005,ADAM,AMD_DRY,AMD_DRY,1,0.709207355667015,0.003315939077213874,0.287476705255771
RETFOUND_MAE_CFP_FROZEN_PCA128_SVM,2026,2,S000006,ADAM,AMD_DRY,AMD_DRY,1,0.7989500229764311,0.20099294974918927,5.7027274379571514e-05
RETFOUND_MAE_CFP_FROZEN_PCA128_SVM,2026,2,S000009,ADAM,AMD_DRY,AMD_DRY,1,0.9547461128788727,0.044914119883025024,0.0003397672381025584
RETFOUND_MAE_CFP_FROZEN_PCA128_SVM,2026,2,S000011,ADAM,AMD_DRY,AMD_DRY,1,0.7621655192621952,0.051622853442080306,0.18621162729572446
RETFOUND_MAE_CFP_FROZEN_PCA128_SVM,2026,2,S000025,ADAM,AMD_DRY,AMD_DRY,1,0.8797902210806801,0.03351224799634025,0.08669753092297972
RETFOUND_MAE_CFP_FROZEN_PCA128_SVM,2026,2,S000027,ADAM,AMD_DRY,AMD_DRY,1,0.8821384338648592,0.005451263789000145,0.11241030234614059
RETFOUND_MAE_CFP_FROZEN_PCA128_SVM,2026,2,S000033,ADAM,AMD_DRY,AMD_DRY,1,0.995976512494894,0.000913766263825405,0.0031097212412805534
RETFOUND_MAE_CFP_FROZEN_PCA128_SVM,2026,2,S000037,ADAM,AMD_WET,AMD_DRY,0,0.5836096024850987,0.4158907912819699,0.0004996062329313555
RETFOUND_MAE_CFP_FROZEN_PCA128_SVM,2026,2,S000039,ADAM,AMD_WET,AMD_WET,1,0.002444399262059165,0.9972117961851478,0.0003438045527931086
RETFOUND_MAE_CFP_FROZEN_PCA128_SVM,2026,2,S000044,ADAM,AMD_WET,AMD_DRY,0,0.618731355355643,0.3803004518124409,0.0009681928319157115
RETFOUND_MAE_CFP_FROZEN_PCA128_SVM,2026,2,S000049,ADAM,AMD_WET,AMD_DRY,0,0.7063206360321528,0.006627827074733776,0.28705153689311347
RETFOUND_MAE_CFP_FROZEN_PCA128_SVM,2026,2,S000054,FIVES,NORMAL,NORMAL,1,7.691852801829958e-07,8.322332616088579e-07,0.9999983985814581
RETFOUND_MAE_CFP_FROZEN_PCA128_SVM,2026,2,S000059,FIVES,NORMAL,NORMAL,1,2.1599302636300117e-06,2.3107633664011064e-06,0.9999955293063699
RETFOUND_MAE_CFP_FROZEN_PCA128_SVM,2026,2,S000060,FIVES,NORMAL,NORMAL,1,0.00023524923235582283,0.005914594762600211,0.9938501560050439
RETFOUND_MAE_CFP_FROZEN_PCA128_SVM,2026,2,S000063,FIVES,NORMAL,NORMAL,1,3.031066340498664e-07,2.446111097181077e-07,0.9999994522822562
RETFOUND_MAE_CFP_FROZEN_PCA128_SVM,2026,2,S000068,FIVES,NORMAL,NORMAL,1,0.0010909465319416103,0.0033750054516375277,0.9955340480164209
RETFOUND_MAE_CFP_FROZEN_PCA128_SVM,2026,2,S000069,FIVES,NORMAL,NORMAL,1,4.690695604175113e-07,3.0598051399084167e-07,0.9999992249499255
RETFOUND_MAE_CFP_FROZEN_PCA128_SVM,2026,2,S000091,FIVES,NORMAL,NORMAL,1,0.0004899139889181967,0.0037137351591556484,0.9957963508519261
RETFOUND_MAE_CFP_FROZEN_PCA128_SVM,2026,2,S000092,FIVES,NORMAL,NORMAL,1,0.0005917856682212724,0.009122684501626089,0.9902855298301526
RETFOUND_MAE_CFP_FROZEN_PCA128_SVM,2026,2,S000098,FIVES,NORMAL,NORMAL,1,2.1633477409977e-06,1.7700750940193787e-06,0.9999960665771651
RETFOUND_MAE_CFP_FROZEN_PCA128_SVM,2026,2,S000099,FIVES,NORMAL,NORMAL,1,0.013740815762993696,0.043968847988643346,0.9422903362483634
RETFOUND_MAE_CFP_FROZEN_PCA128_SVM,2026,2,S000102,FIVES,NORMAL,NORMAL,1,1.9734861246682969e-07,2.0153420648489316e-07,0.9999996011171811
RETFOUND_MAE_CFP_FROZEN_PCA128_SVM,2026,2,S000112,FIVES,NORMAL,NORMAL,1,5.711343030297907e-06,5.166631065889378e-06,0.9999891220259038
RETFOUND_MAE_CFP_FROZEN_PCA128_SVM,2026,2,S000113,FIVES,NORMAL,NORMAL,1,4.664181241892008e-07,4.791161512973572e-07,0.9999990544657245
RETFOUND_MAE_CFP_FROZEN_PCA128_SVM,2026,2,S000121,FIVES,NORMAL,NORMAL,1,6.08898299875491e-07,6.646802429413767e-07,0.9999987264214572
RETFOUND_MAE_CFP_FROZEN_PCA128_SVM,2026,2,S000134,FIVES,NORMAL,NORMAL,1,0.00028979133999085406,0.0033247525917056066,0.9963854560683035
RETFOUND_MAE_CFP_FROZEN_PCA128_SVM,2026,2,S000137,FIVES,NORMAL,NORMAL,1,2.7090579433433296e-06,1.4131985216930382e-06,0.9999958777435349
RETFOUND_MAE_CFP_FROZEN_PCA128_SVM,2026,2,S000138,FIVES,NORMAL,NORMAL,1,0.0001520283964814805,0.002048591422594915,0.9977993801809233
RETFOUND_MAE_CFP_FROZEN_PCA128_SVM,2026,2,S000147,FIVES,NORMAL,NORMAL,1,0.0005075301818809467,0.006961792814747134,0.9925306770033718
RETFOUND_MAE_CFP_FROZEN_PCA128_SVM,2026,2,S000150,FIVES,NORMAL,NORMAL,1,0.0016671851799294176,0.006401597791812809,0.9919312170282577
RETFOUND_MAE_CFP_FROZEN_PCA128_SVM,2026,2,S000153,FIVES,AMD_DRY,AMD_DRY,1,0.9588930337750915,0.03728636217793159,0.0038206040469768664
RETFOUND_MAE_CFP_FROZEN_PCA128_SVM,2026,2,S000154,FIVES,AMD_DRY,AMD_DRY,1,0.9336242167533672,0.06559068434540477,0.0007850989012280994
RETFOUND_MAE_CFP_FROZEN_PCA128_SVM,2026,2,S000160,FIVES,AMD_DRY,AMD_DRY,1,0.9745056871118822,0.017442721953491665,0.008051590934626256
RETFOUND_MAE_CFP_FROZEN_PCA128_SVM,2026,2,S000167,FIVES,AMD_WET,AMD_WET,1,0.18949891160070434,0.8082218220131899,0.0022792663861057735
RETFOUND_MAE_CFP_FROZEN_PCA128_SVM,2026,2,S000178,FIVES,AMD_WET,AMD_WET,1,0.007134135380070967,0.9923614640477993,0.0005044005721296395
RETFOUND_MAE_CFP_FROZEN_PCA128_SVM,2026,2,S000180,FIVES,AMD_WET,AMD_WET,1,0.01119513378930134,0.988512931480128,0.0002919347305708057
RETFOUND_MAE_CFP_FROZEN_PCA128_SVM,2026,2,S000183,FIVES,AMD_WET,AMD_WET,1,7.787625932444943e-07,0.9994852457813107,0.0005139754560960492
RETFOUND_MAE_CFP_FROZEN_PCA128_SVM,2026,2,S000184,FIVES,AMD_WET,AMD_WET,1,0.006506626811293253,0.993431340159516,6.203302919083781e-05
RETFOUND_MAE_CFP_FROZEN_PCA128_SVM,2026,2,S000186,FIVES,AMD_WET,AMD_WET,1,0.005777329670332619,0.993616738414754,0.0006059319149133499
RETFOUND_MAE_CFP_FROZEN_PCA128_SVM,2026,2,S000188,FIVES,AMD_WET,AMD_WET,1,0.004200287581849061,0.9957608848586339,3.882755951717653e-05
RETFOUND_MAE_CFP_FROZEN_PCA128_SVM,2026,2,S000205,FIVES,AMD_WET,AMD_WET,1,4.1882361902806854e-07,0.999862470602781,0.00013711057360002546
RETFOUND_MAE_CFP_FROZEN_PCA128_SVM,2026,2,S000210,FIVES,AMD_WET,AMD_WET,1,0.00991066332197863,0.9885191143487425,0.0015702223292788958
RETFOUND_MAE_CFP_FROZEN_PCA128_SVM,2026,2,S000222,FIVES,AMD_WET,AMD_WET,1,2.8224792771526556e-07,0.9996922313413283,0.0003074864107442125
RETFOUND_MAE_CFP_FROZEN_PCA128_SVM,2026,2,S000226,FIVES,AMD_WET,AMD_WET,1,0.03162307665729038,0.9669460792632841,0.0014308440794254687
RETFOUND_MAE_CFP_FROZEN_PCA128_SVM,2026,2,S000230,FIVES,AMD_WET,AMD_WET,1,0.0017115546203184126,0.9981499130662277,0.00013853231345383688
RETFOUND_MAE_CFP_FROZEN_PCA128_SVM,2026,2,S000233,FIVES,AMD_WET,AMD_WET,1,0.009395781175816782,0.9183906179484207,0.07221360087576284
RETFOUND_MAE_CFP_FROZEN_PCA128_SVM,2026,2,S000238,FIVES,AMD_WET,AMD_WET,1,0.06621844492447816,0.844169340023827,0.08961221505169459
RETFOUND_MAE_CFP_FROZEN_PCA128_SVM,2026,2,S000241,ODIR,NORMAL,NORMAL,1,0.03441645704348969,0.0016025570429807781,0.9639809859135294
RETFOUND_MAE_CFP_FROZEN_PCA128_SVM,2026,2,S000244,ODIR,NORMAL,NORMAL,1,0.0022246617123040774,0.005617803040494932,0.9921575352472013
RETFOUND_MAE_CFP_FROZEN_PCA128_SVM,2026,2,S000250,ODIR,NORMAL,NORMAL,1,0.05960873445402907,0.0018019490469978073,0.9385893164989729
RETFOUND_MAE_CFP_FROZEN_PCA128_SVM,2026,2,S000259,ODIR,NORMAL,NORMAL,1,0.001729238686066002,0.0011974817702221942,0.9970732795437119
RETFOUND_MAE_CFP_FROZEN_PCA128_SVM,2026,2,S000260,ODIR,NORMAL,NORMAL,1,0.001660356338701746,0.0026734573739899035,0.9956661862873084
RETFOUND_MAE_CFP_FROZEN_PCA128_SVM,2026,2,S000261,ODIR,NORMAL,NORMAL,1,0.004959256280828629,0.0002007530419950685,0.9948399906771763
RETFOUND_MAE_CFP_FROZEN_PCA128_SVM,2026,2,S000266,ODIR,NORMAL,NORMAL,1,1.7441878753063416e-07,8.841710844276368e-08,0.9999997371641041
RETFOUND_MAE_CFP_FROZEN_PCA128_SVM,2026,2,S000276,ODIR,NORMAL,NORMAL,1,3.4908187012725105e-06,1.7881175583154004e-06,0.9999947210637403
RETFOUND_MAE_CFP_FROZEN_PCA128_SVM,2026,2,S000284,ODIR,NORMAL,NORMAL,1,0.015040355303361968,0.0013383302048622248,0.9836213144917758
RETFOUND_MAE_CFP_FROZEN_PCA128_SVM,2026,2,S000287,ODIR,NORMAL,NORMAL,1,0.019581068669054492,0.0012724064726778324,0.9791465248582679
RETFOUND_MAE_CFP_FROZEN_PCA128_SVM,2026,2,S000290,ODIR,NORMAL,NORMAL,1,0.0009612364693054397,0.001183590582172781,0.9978551729485218
RETFOUND_MAE_CFP_FROZEN_PCA128_SVM,2026,2,S000293,ODIR,NORMAL,NORMAL,1,0.00047193820840371847,0.00223418732142602,0.9972938744701704
RETFOUND_MAE_CFP_FROZEN_PCA128_SVM,2026,2,S000295,ODIR,NORMAL,NORMAL,1,0.3728744425473189,0.0042952224740263134,0.6228303349786547
RETFOUND_MAE_CFP_FROZEN_PCA128_SVM,2026,2,S000297,ODIR,NORMAL,NORMAL,1,0.005471304766703169,0.00037133961086472376,0.9941573556224321
RETFOUND_MAE_CFP_FROZEN_PCA128_SVM,2026,2,S000300,ODIR,NORMAL,NORMAL,1,0.0034115396615500993,0.006759848765438007,0.989828611573012
RETFOUND_MAE_CFP_FROZEN_PCA128_SVM,2026,2,S000310,ODIR,NORMAL,NORMAL,1,0.00011302305169536406,0.0017000606507871492,0.9981869162975175
RETFOUND_MAE_CFP_FROZEN_PCA128_SVM,2026,2,S000322,ODIR,NORMAL,NORMAL,1,0.008261751930038794,0.0054530438556531224,0.986285204214308
RETFOUND_MAE_CFP_FROZEN_PCA128_SVM,2026,2,S000340,ODIR,NORMAL,NORMAL,1,0.0008988624504867548,0.0018171083105104494,0.9972840292390025
RETFOUND_MAE_CFP_FROZEN_PCA128_SVM,2026,2,S000344,ODIR,NORMAL,NORMAL,1,8.270525880257756e-07,4.375615040032992e-07,0.999998735385908
RETFOUND_MAE_CFP_FROZEN_PCA128_SVM,2026,2,S000345,ODIR,NORMAL,NORMAL,1,3.2247325999160635e-07,1.6823320763620052e-07,0.9999995092935323
RETFOUND_MAE_CFP_FROZEN_PCA128_SVM,2026,2,S000347,ODIR,NORMAL,NORMAL,1,0.07168093187955459,0.014229222016448037,0.9140898461039975
RETFOUND_MAE_CFP_FROZEN_PCA128_SVM,2026,2,S000350,ODIR,NORMAL,NORMAL,1,0.005926003228772291,0.01229076021629026,0.9817832365549375
RETFOUND_MAE_CFP_FROZEN_PCA128_SVM,2026,2,S000352,ODIR,NORMAL,NORMAL,1,0.059537131298698254,0.1674118420712151,0.7730510266300865
RETFOUND_MAE_CFP_FROZEN_PCA128_SVM,2026,2,S000359,ODIR,NORMAL,NORMAL,1,0.0045721831089789115,0.002692811092166897,0.9927350057988541
RETFOUND_MAE_CFP_FROZEN_PCA128_SVM,2026,2,S000361,ODIR,NORMAL,NORMAL,1,0.018660438365766786,0.0025095850900338887,0.9788299765441991
RETFOUND_MAE_CFP_FROZEN_PCA128_SVM,2026,2,S000366,ODIR,AMD_DRY,AMD_DRY,1,0.5351069071629309,0.24809491095445468,0.21679818188261415
RETFOUND_MAE_CFP_FROZEN_PCA128_SVM,2026,2,S000368,ODIR,AMD_DRY,AMD_DRY,1,0.9861722370901964,0.0026151997104896184,0.011212563199314043
RETFOUND_MAE_CFP_FROZEN_PCA128_SVM,2026,2,S000369,ODIR,AMD_DRY,AMD_DRY,1,0.7395844353206377,0.24816939342142172,0.012246171257940475
RETFOUND_MAE_CFP_FROZEN_PCA128_SVM,2026,2,S000370,ODIR,AMD_DRY,AMD_DRY,1,0.7397116679594414,0.16563126166411177,0.09465707037644683
RETFOUND_MAE_CFP_FROZEN_PCA128_SVM,2026,2,S000374,ODIR,AMD_DRY,AMD_DRY,1,0.8181331220774063,0.17553777891525985,0.006329099007333952
RETFOUND_MAE_CFP_FROZEN_PCA128_SVM,2026,2,S000377,ODIR,AMD_DRY,AMD_WET,0,0.45282290308377937,0.492307345030806,0.054869751885414715
RETFOUND_MAE_CFP_FROZEN_PCA128_SVM,2026,2,S000378,ODIR,AMD_DRY,AMD_DRY,1,0.5959861397660438,0.14573919078022587,0.25827466945373023
RETFOUND_MAE_CFP_FROZEN_PCA128_SVM,2026,2,S000379,ODIR,AMD_DRY,AMD_DRY,1,0.6509405360835739,0.3412096040180188,0.007849859898407223
RETFOUND_MAE_CFP_FROZEN_PCA128_SVM,2026,2,S000380,ODIR,AMD_DRY,AMD_DRY,1,0.9024950486072562,0.0970236053905703,0.0004813460021733986
RETFOUND_MAE_CFP_FROZEN_PCA128_SVM,2026,2,S000383,ODIR,AMD_DRY,AMD_DRY,1,0.5947825244537782,0.3451218864180018,0.06009558912821998
RETFOUND_MAE_CFP_FROZEN_PCA128_SVM,2026,2,S000390,ODIR,AMD_DRY,AMD_WET,0,0.31867361535406097,0.6663636989428922,0.014962685703046822
RETFOUND_MAE_CFP_FROZEN_PCA128_SVM,2026,2,S000402,ODIR,AMD_DRY,AMD_DRY,1,0.9905549867615604,0.007566604425466377,0.001878408812973118
RETFOUND_MAE_CFP_FROZEN_PCA128_SVM,2026,2,S000416,ODIR,AMD_DRY,AMD_DRY,1,0.7673216314026037,0.04185847601948188,0.1908198925779145
RETFOUND_MAE_CFP_FROZEN_PCA128_SVM,2026,2,S000439,ODIR,AMD_DRY,AMD_DRY,1,0.941288146290276,0.0552038503961757,0.003508003313548289
RETFOUND_MAE_CFP_FROZEN_PCA128_SVM,2026,2,S000441,ODIR,AMD_DRY,AMD_DRY,1,0.9833096142286775,0.009796163263136627,0.006894222508185785
RETFOUND_MAE_CFP_FROZEN_PCA128_SVM,2026,2,S000444,ODIR,AMD_DRY,NORMAL,0,0.1478297928813628,0.004958870505557782,0.8472113366130792
RETFOUND_MAE_CFP_FROZEN_PCA128_SVM,2026,2,S000447,ODIR,AMD_WET,AMD_WET,1,0.2543080615822885,0.7444755017237379,0.0012164366939734683
RETFOUND_MAE_CFP_FROZEN_PCA128_SVM,2026,2,S000455,ODIR,AMD_WET,AMD_WET,1,0.1795804492153964,0.8197438990876508,0.0006756516969529529
RETFOUND_MAE_CFP_FROZEN_PCA128_SVM,2026,2,S000459,ODIR,AMD_WET,AMD_DRY,0,0.8346265715458616,0.1482315666500004,0.017141861804138053
RETFOUND_MAE_CFP_FROZEN_PCA128_SVM,2026,2,S000460,ODIR,AMD_WET,AMD_DRY,0,0.9807714500374105,0.007502707613526509,0.011725842349062914
RETFOUND_MAE_CFP_FROZEN_PCA128_SVM,2026,2,S000465,ODIR,AMD_WET,AMD_DRY,0,0.5931422020705872,0.30602798750938764,0.10082981042002526
RETFOUND_MAE_CFP_FROZEN_PCA128_SVM,2026,2,S000472,ODIR,AMD_WET,AMD_DRY,0,0.9445987830525973,0.04599068382209792,0.009410533125304838
RETFOUND_MAE_CFP_FROZEN_PCA128_SVM,2026,2,S000478,RFMID,NORMAL,NORMAL,1,0.008243285144759985,0.011990882651712359,0.9797658322035276
RETFOUND_MAE_CFP_FROZEN_PCA128_SVM,2026,2,S000481,RFMID,NORMAL,NORMAL,1,0.0021314960622717005,0.0019027632177016406,0.9959657407200269
RETFOUND_MAE_CFP_FROZEN_PCA128_SVM,2026,2,S000490,RFMID,NORMAL,NORMAL,1,3.929106242669549e-06,3.879048669653735e-06,0.9999921918450878
RETFOUND_MAE_CFP_FROZEN_PCA128_SVM,2026,2,S000494,RFMID,NORMAL,NORMAL,1,0.004415434966337002,0.022777104579761454,0.9728074604539014
RETFOUND_MAE_CFP_FROZEN_PCA128_SVM,2026,2,S000498,RFMID,NORMAL,NORMAL,1,0.02398319001839155,0.05658422790690173,0.9194325820747067
RETFOUND_MAE_CFP_FROZEN_PCA128_SVM,2026,2,S000502,RFMID,NORMAL,NORMAL,1,0.000692631652677232,0.0017378433237918022,0.9975695250235312
RETFOUND_MAE_CFP_FROZEN_PCA128_SVM,2026,2,S000508,RFMID,NORMAL,NORMAL,1,0.00763483978065881,0.0017167615294699098,0.9906483986898713
RETFOUND_MAE_CFP_FROZEN_PCA128_SVM,2026,2,S000509,RFMID,NORMAL,NORMAL,1,4.669192966539784e-06,3.4774189802868267e-06,0.9999918533880532
RETFOUND_MAE_CFP_FROZEN_PCA128_SVM,2026,2,S000510,RFMID,NORMAL,NORMAL,1,0.011055980434106322,0.004730842522761199,0.9842131770431324
RETFOUND_MAE_CFP_FROZEN_PCA128_SVM,2026,2,S000516,RFMID,NORMAL,NORMAL,1,1.4113582515128783e-06,7.345951303411249e-07,0.9999978540466182
RETFOUND_MAE_CFP_FROZEN_PCA128_SVM,2026,2,S000517,RFMID,NORMAL,NORMAL,1,0.017154704556703346,0.0018965015616861755,0.9809487938816106
RETFOUND_MAE_CFP_FROZEN_PCA128_SVM,2026,2,S000518,RFMID,NORMAL,NORMAL,1,3.6950736785697935e-08,2.4737591634320698e-08,0.9999999383116717
RETFOUND_MAE_CFP_FROZEN_PCA128_SVM,2026,2,S000523,RFMID,NORMAL,NORMAL,1,1.1255243064536853e-08,9.124860636522004e-09,0.9999999796198963
RETFOUND_MAE_CFP_FROZEN_PCA128_SVM,2026,2,S000537,RFMID,AMD_DRY,AMD_DRY,1,0.9853067501234032,0.011734899429062143,0.00295835044753467
RETFOUND_MAE_CFP_FROZEN_PCA128_SVM,2026,2,S000555,RFMID,AMD_WET,AMD_WET,1,0.016722963975696593,0.9618770339460961,0.021400002078207168
RETFOUND_MAE_CFP_FROZEN_PCA128_SVM,2026,2,S000557,RFMID,AMD_WET,AMD_WET,1,1.027743599014534e-08,0.9999631400434951,3.684967906892688e-05
RETFOUND_MAE_CFP_FROZEN_PCA128_SVM,2026,2,S000559,RFMID,AMD_WET,AMD_WET,1,0.01073811207451747,0.9855629303023541,0.0036989576231284405
RETFOUND_MAE_CFP_FROZEN_PCA128_SVM,2026,2,S000568,RFMID,AMD_WET,AMD_WET,1,0.06334120429415127,0.9275356493211787,0.009123146384669734
RETFOUND_MAE_CFP_FROZEN_PCA128_SVM,2026,2,S000571,RFMID,AMD_WET,AMD_WET,1,0.004338497718835585,0.994575577175484,0.001085925105680716
RETFOUND_MAE_CFP_FROZEN_PCA128_SVM,2026,2,S000572,RFMID,AMD_WET,AMD_WET,1,0.006360884418412585,0.9930668757528446,0.0005722398287428773
RETFOUND_MAE_CFP_FROZEN_PCA128_SVM,2026,2,S000573,RFMID,AMD_WET,AMD_WET,1,0.14346061681962602,0.8492585625267697,0.007280820653604143
RETFOUND_MAE_CFP_FROZEN_PCA128_SVM,2026,2,S000586,RFMID,AMD_WET,AMD_WET,1,0.025143047937485934,0.9549417610906348,0.01991519097187936
RETFOUND_MAE_CFP_FROZEN_PCA128_SVM,2026,2,S000587,RFMID,AMD_WET,AMD_WET,1,0.02002269174843734,0.9790552691390461,0.0009220391125165281
RETFOUND_MAE_CFP_FROZEN_PCA128_SVM,2026,2,S000594,RFMID,AMD_WET,AMD_WET,1,0.0027235546973765463,0.9963533935498604,0.0009230517527627386
RETFOUND_MAE_CFP_FROZEN_PCA128_SVM,2026,2,S000595,RFMID,AMD_WET,AMD_WET,1,0.021090769264696246,0.9778544336265681,0.0010547971087356864
RETFOUND_MAE_CFP_FROZEN_PCA128_SVM,2026,3,S000012,ADAM,AMD_DRY,AMD_DRY,1,0.9495494385943323,0.047973912880338664,0.0024766485253290417
RETFOUND_MAE_CFP_FROZEN_PCA128_SVM,2026,3,S000014,ADAM,AMD_DRY,AMD_DRY,1,0.48458138425197805,0.13359721170106925,0.3818214040469527
RETFOUND_MAE_CFP_FROZEN_PCA128_SVM,2026,3,S000016,ADAM,AMD_DRY,AMD_DRY,1,0.966624313459854,0.024696232020304684,0.008679454519841081
RETFOUND_MAE_CFP_FROZEN_PCA128_SVM,2026,3,S000020,ADAM,AMD_DRY,AMD_DRY,1,0.7080828566057522,0.28962061700995617,0.002296526384291729
RETFOUND_MAE_CFP_FROZEN_PCA128_SVM,2026,3,S000028,ADAM,AMD_DRY,AMD_DRY,1,0.9222656165242223,0.056152533233451755,0.02158185024232601
RETFOUND_MAE_CFP_FROZEN_PCA128_SVM,2026,3,S000031,ADAM,AMD_DRY,NORMAL,0,0.14159900479818577,0.004675671568871825,0.8537253236329424
RETFOUND_MAE_CFP_FROZEN_PCA128_SVM,2026,3,S000034,ADAM,AMD_DRY,AMD_DRY,1,0.8663283590000691,0.13331871840295018,0.0003529225969803836
RETFOUND_MAE_CFP_FROZEN_PCA128_SVM,2026,3,S000036,ADAM,AMD_WET,AMD_DRY,0,0.9663276831867449,0.03303669179029306,0.0006356250229619766
RETFOUND_MAE_CFP_FROZEN_PCA128_SVM,2026,3,S000038,ADAM,AMD_WET,AMD_WET,1,0.05353770675658838,0.9463196865275898,0.00014260671582197224
RETFOUND_MAE_CFP_FROZEN_PCA128_SVM,2026,3,S000050,ADAM,AMD_WET,AMD_DRY,0,0.5844759074301604,0.41537050925466673,0.00015358331517278508
RETFOUND_MAE_CFP_FROZEN_PCA128_SVM,2026,3,S000058,FIVES,NORMAL,NORMAL,1,0.001584515190324391,0.028613785761574834,0.9698016990481008
RETFOUND_MAE_CFP_FROZEN_PCA128_SVM,2026,3,S000061,FIVES,NORMAL,NORMAL,1,7.565735286723531e-07,8.540222047586734e-07,0.9999983894042666
RETFOUND_MAE_CFP_FROZEN_PCA128_SVM,2026,3,S000070,FIVES,NORMAL,NORMAL,1,0.011436132756487893,0.011278286524608726,0.9772855807189034
RETFOUND_MAE_CFP_FROZEN_PCA128_SVM,2026,3,S000073,FIVES,NORMAL,NORMAL,1,5.414023785125747e-06,3.3870754805457947e-06,0.9999911989007343
RETFOUND_MAE_CFP_FROZEN_PCA128_SVM,2026,3,S000075,FIVES,NORMAL,NORMAL,1,1.8167104904994472e-07,1.9709392328306419e-07,0.9999996212350277
RETFOUND_MAE_CFP_FROZEN_PCA128_SVM,2026,3,S000076,FIVES,NORMAL,NORMAL,1,0.003439112253864527,0.003213912161414408,0.9933469755847211
RETFOUND_MAE_CFP_FROZEN_PCA128_SVM,2026,3,S000080,FIVES,NORMAL,NORMAL,1,3.318310808046578e-06,3.437032145831447e-06,0.9999932446570461
RETFOUND_MAE_CFP_FROZEN_PCA128_SVM,2026,3,S000082,FIVES,NORMAL,NORMAL,1,1.6501794841737667e-06,1.6959050004399911e-06,0.9999966539155154
RETFOUND_MAE_CFP_FROZEN_PCA128_SVM,2026,3,S000086,FIVES,NORMAL,NORMAL,1,0.004599682753866313,0.015225449723302795,0.9801748675228309
RETFOUND_MAE_CFP_FROZEN_PCA128_SVM,2026,3,S000087,FIVES,NORMAL,NORMAL,1,2.922475957616972e-07,3.163359729622497e-07,0.9999993914164312
RETFOUND_MAE_CFP_FROZEN_PCA128_SVM,2026,3,S000104,FIVES,NORMAL,NORMAL,1,8.087249924063811e-08,8.749563297772165e-08,0.9999998316318678
RETFOUND_MAE_CFP_FROZEN_PCA128_SVM,2026,3,S000115,FIVES,NORMAL,NORMAL,1,0.0010128373415462866,0.02279736031769792,0.9761898023407558
RETFOUND_MAE_CFP_FROZEN_PCA128_SVM,2026,3,S000116,FIVES,NORMAL,NORMAL,1,0.004927591836822191,0.008014728784358003,0.9870576793788198
RETFOUND_MAE_CFP_FROZEN_PCA128_SVM,2026,3,S000127,FIVES,NORMAL,NORMAL,1,0.0008917755817848831,0.002775692933763614,0.9963325314844516
RETFOUND_MAE_CFP_FROZEN_PCA128_SVM,2026,3,S000129,FIVES,NORMAL,NORMAL,1,1.4272176313883708e-07,1.415971426010913e-07,0.9999997156810942
RETFOUND_MAE_CFP_FROZEN_PCA128_SVM,2026,3,S000132,FIVES,NORMAL,NORMAL,1,4.387191533780011e-07,3.945068795776971e-07,0.999999166773967
RETFOUND_MAE_CFP_FROZEN_PCA128_SVM,2026,3,S000139,FIVES,NORMAL,NORMAL,1,0.0008604637117467845,0.019409435687197173,0.9797301006010559
RETFOUND_MAE_CFP_FROZEN_PCA128_SVM,2026,3,S000140,FIVES,NORMAL,NORMAL,1,0.0047689228208666525,0.002236316270154121,0.9929947609089795
RETFOUND_MAE_CFP_FROZEN_PCA128_SVM,2026,3,S000144,FIVES,NORMAL,NORMAL,1,0.010352782502457688,0.10018917315833446,0.8894580443392079
RETFOUND_MAE_CFP_FROZEN_PCA128_SVM,2026,3,S000148,FIVES,NORMAL,NORMAL,1,0.0009461730640010027,0.004106659738675872,0.9949471671973232
RETFOUND_MAE_CFP_FROZEN_PCA128_SVM,2026,3,S000152,FIVES,AMD_DRY,AMD_DRY,1,0.8290225931714865,0.16902543840278064,0.0019519684257328519
RETFOUND_MAE_CFP_FROZEN_PCA128_SVM,2026,3,S000156,FIVES,AMD_DRY,AMD_DRY,1,0.7617851798161295,0.23608581193133074,0.0021290082525396805
RETFOUND_MAE_CFP_FROZEN_PCA128_SVM,2026,3,S000161,FIVES,AMD_DRY,AMD_DRY,1,0.5242180340474087,0.4740614762987857,0.0017204896538055468
RETFOUND_MAE_CFP_FROZEN_PCA128_SVM,2026,3,S000170,FIVES,AMD_WET,AMD_WET,1,0.0020204323633842758,0.9976784862150222,0.00030108142159359014
RETFOUND_MAE_CFP_FROZEN_PCA128_SVM,2026,3,S000172,FIVES,AMD_WET,AMD_WET,1,0.002945649924060537,0.9964584618498508,0.0005958882260887349
RETFOUND_MAE_CFP_FROZEN_PCA128_SVM,2026,3,S000173,FIVES,AMD_WET,AMD_WET,1,0.034377420431783344,0.9566765719671559,0.008946007601060716
RETFOUND_MAE_CFP_FROZEN_PCA128_SVM,2026,3,S000174,FIVES,AMD_WET,AMD_WET,1,0.009866772479960062,0.9888739891674202,0.001259238352620034
RETFOUND_MAE_CFP_FROZEN_PCA128_SVM,2026,3,S000190,FIVES,AMD_WET,AMD_WET,1,0.0626279248871707,0.9350509610694406,0.002321114043388747
RETFOUND_MAE_CFP_FROZEN_PCA128_SVM,2026,3,S000193,FIVES,AMD_WET,AMD_WET,1,0.0038968595883829356,0.9955827242746457,0.0005204161369713549
RETFOUND_MAE_CFP_FROZEN_PCA128_SVM,2026,3,S000200,FIVES,AMD_WET,AMD_WET,1,0.006128573948209473,0.9839571444932691,0.009914281558521525
RETFOUND_MAE_CFP_FROZEN_PCA128_SVM,2026,3,S000201,FIVES,AMD_WET,AMD_WET,1,2.3881302395118765e-08,0.9999912169605548,8.759158142852409e-06
RETFOUND_MAE_CFP_FROZEN_PCA128_SVM,2026,3,S000204,FIVES,AMD_WET,AMD_WET,1,0.0021568878788319197,0.9973456634994343,0.0004974486217337387
RETFOUND_MAE_CFP_FROZEN_PCA128_SVM,2026,3,S000207,FIVES,AMD_WET,AMD_WET,1,0.0017728314514011741,0.9982038983084693,2.3270240129395605e-05
RETFOUND_MAE_CFP_FROZEN_PCA128_SVM,2026,3,S000208,FIVES,AMD_WET,AMD_WET,1,0.03263952873323262,0.9672022821749011,0.00015818909186630833
RETFOUND_MAE_CFP_FROZEN_PCA128_SVM,2026,3,S000213,FIVES,AMD_WET,AMD_WET,1,0.005996693267764138,0.9887501637949138,0.005253142937322091
RETFOUND_MAE_CFP_FROZEN_PCA128_SVM,2026,3,S000216,FIVES,AMD_WET,AMD_WET,1,1.7957311878606774e-07,0.9999836670537153,1.615337316581019e-05
RETFOUND_MAE_CFP_FROZEN_PCA128_SVM,2026,3,S000220,FIVES,AMD_WET,AMD_WET,1,0.08352517199810496,0.9161976991187527,0.00027712888314253915
RETFOUND_MAE_CFP_FROZEN_PCA128_SVM,2026,3,S000239,ODIR,NORMAL,NORMAL,1,0.0050086013286328316,0.0008534985113011429,0.994137900160066
RETFOUND_MAE_CFP_FROZEN_PCA128_SVM,2026,3,S000251,ODIR,NORMAL,NORMAL,1,0.008104728390388803,0.002809159954821158,0.9890861116547901
RETFOUND_MAE_CFP_FROZEN_PCA128_SVM,2026,3,S000257,ODIR,NORMAL,NORMAL,1,0.0056713637230058145,0.0012827377620686484,0.9930458985149254
RETFOUND_MAE_CFP_FROZEN_PCA128_SVM,2026,3,S000263,ODIR,NORMAL,NORMAL,1,2.232627578202599e-06,1.4556144139332054e-06,0.9999963117580078
RETFOUND_MAE_CFP_FROZEN_PCA128_SVM,2026,3,S000270,ODIR,NORMAL,NORMAL,1,0.03457007792552521,0.000933841930651532,0.9644960801438232
RETFOUND_MAE_CFP_FROZEN_PCA128_SVM,2026,3,S000273,ODIR,NORMAL,NORMAL,1,1.7212882837991434e-07,8.940130302852154e-08,0.9999997384698686
RETFOUND_MAE_CFP_FROZEN_PCA128_SVM,2026,3,S000277,ODIR,NORMAL,NORMAL,1,0.003215213063632122,0.000251056968638715,0.9965337299677292
RETFOUND_MAE_CFP_FROZEN_PCA128_SVM,2026,3,S000278,ODIR,NORMAL,NORMAL,1,0.000682373676162799,0.0014846716140670976,0.9978329547097702
RETFOUND_MAE_CFP_FROZEN_PCA128_SVM,2026,3,S000296,ODIR,NORMAL,NORMAL,1,0.0033409287393228676,0.007618411788148466,0.9890406594725286
RETFOUND_MAE_CFP_FROZEN_PCA128_SVM,2026,3,S000301,ODIR,NORMAL,NORMAL,1,0.002639608744117578,0.001988429513153693,0.9953719617427288
RETFOUND_MAE_CFP_FROZEN_PCA128_SVM,2026,3,S000306,ODIR,NORMAL,NORMAL,1,0.0016513827199188156,0.0018746872326384962,0.996473930047443
RETFOUND_MAE_CFP_FROZEN_PCA128_SVM,2026,3,S000308,ODIR,NORMAL,NORMAL,1,0.19168244344790084,0.015694396281102026,0.792623160270997
RETFOUND_MAE_CFP_FROZEN_PCA128_SVM,2026,3,S000319,ODIR,NORMAL,NORMAL,1,0.0051369746238421506,0.0010022752615104625,0.9938607501146474
RETFOUND_MAE_CFP_FROZEN_PCA128_SVM,2026,3,S000324,ODIR,NORMAL,NORMAL,1,0.016303584333800816,0.024241347623153987,0.9594550680430454
RETFOUND_MAE_CFP_FROZEN_PCA128_SVM,2026,3,S000325,ODIR,NORMAL,NORMAL,1,0.0009340614842342605,0.0013345408058538341,0.9977313977099119
RETFOUND_MAE_CFP_FROZEN_PCA128_SVM,2026,3,S000328,ODIR,NORMAL,NORMAL,1,0.005265098532775229,0.0011293101885352804,0.9936055912786895
RETFOUND_MAE_CFP_FROZEN_PCA128_SVM,2026,3,S000331,ODIR,NORMAL,NORMAL,1,0.006568083401808138,0.009436708460620329,0.9839952081375716
RETFOUND_MAE_CFP_FROZEN_PCA128_SVM,2026,3,S000334,ODIR,NORMAL,NORMAL,1,3.428829146560493e-06,1.8227886703671866e-06,0.999994748382183
RETFOUND_MAE_CFP_FROZEN_PCA128_SVM,2026,3,S000338,ODIR,NORMAL,NORMAL,1,0.02003271901065226,0.029051168518969328,0.9509161124703783
RETFOUND_MAE_CFP_FROZEN_PCA128_SVM,2026,3,S000339,ODIR,NORMAL,NORMAL,1,0.0010473286476998544,0.004193207008213716,0.9947594643440865
RETFOUND_MAE_CFP_FROZEN_PCA128_SVM,2026,3,S000342,ODIR,NORMAL,NORMAL,1,0.009755079078740738,0.02253559689561678,0.967709324025642
RETFOUND_MAE_CFP_FROZEN_PCA128_SVM,2026,3,S000348,ODIR,NORMAL,NORMAL,1,0.0768149090141523,0.006202736329615386,0.9169823546562325
RETFOUND_MAE_CFP_FROZEN_PCA128_SVM,2026,3,S000354,ODIR,NORMAL,NORMAL,1,0.005520190596274605,0.0018497456204640138,0.9926300637832615
RETFOUND_MAE_CFP_FROZEN_PCA128_SVM,2026,3,S000357,ODIR,NORMAL,NORMAL,1,3.1369984651496957e-06,1.6843951368660836e-06,0.999995178606398
RETFOUND_MAE_CFP_FROZEN_PCA128_SVM,2026,3,S000362,ODIR,NORMAL,NORMAL,1,2.870766163061004e-06,1.5370395809901344e-06,0.9999955921942559
RETFOUND_MAE_CFP_FROZEN_PCA128_SVM,2026,3,S000367,ODIR,AMD_DRY,AMD_WET,0,0.4389553008881542,0.5599857447283257,0.0010589543835202906
RETFOUND_MAE_CFP_FROZEN_PCA128_SVM,2026,3,S000373,ODIR,AMD_DRY,AMD_DRY,1,0.6308657473767216,0.33067509228411895,0.038459160339159186
RETFOUND_MAE_CFP_FROZEN_PCA128_SVM,2026,3,S000375,ODIR,AMD_DRY,AMD_DRY,1,0.9928973489098714,0.004250397819698746,0.0028522532704299886
RETFOUND_MAE_CFP_FROZEN_PCA128_SVM,2026,3,S000381,ODIR,AMD_DRY,AMD_DRY,1,0.9776422718967834,0.022313784197447034,4.3943905769641964e-05
RETFOUND_MAE_CFP_FROZEN_PCA128_SVM,2026,3,S000389,ODIR,AMD_DRY,AMD_DRY,1,0.9878205795623756,0.008264158996133062,0.003915261441491381
RETFOUND_MAE_CFP_FROZEN_PCA128_SVM,2026,3,S000394,ODIR,AMD_DRY,AMD_DRY,1,0.9478548348461251,0.0507061235837033,0.001439041570171409
RETFOUND_MAE_CFP_FROZEN_PCA128_SVM,2026,3,S000399,ODIR,AMD_DRY,AMD_WET,0,0.020435301038609112,0.9794134925383471,0.00015120642304398353
RETFOUND_MAE_CFP_FROZEN_PCA128_SVM,2026,3,S000411,ODIR,AMD_DRY,AMD_DRY,1,0.6090498701793466,0.38855794665648113,0.002392183164172061
RETFOUND_MAE_CFP_FROZEN_PCA128_SVM,2026,3,S000412,ODIR,AMD_DRY,AMD_DRY,1,0.9937337134119816,0.005778671759300517,0.0004876148287179774
RETFOUND_MAE_CFP_FROZEN_PCA128_SVM,2026,3,S000417,ODIR,AMD_DRY,AMD_DRY,1,0.8720147718941816,0.12615188932818902,0.001833338777629313
RETFOUND_MAE_CFP_FROZEN_PCA128_SVM,2026,3,S000418,ODIR,AMD_DRY,AMD_WET,0,0.4609503164799563,0.5383253013045364,0.000724382215507215
RETFOUND_MAE_CFP_FROZEN_PCA128_SVM,2026,3,S000423,ODIR,AMD_DRY,AMD_WET,0,0.04769957947908383,0.9516955849189295,0.0006048356019866956
RETFOUND_MAE_CFP_FROZEN_PCA128_SVM,2026,3,S000426,ODIR,AMD_DRY,AMD_DRY,1,0.7144992597994142,0.27852826819018006,0.006972472010405803
RETFOUND_MAE_CFP_FROZEN_PCA128_SVM,2026,3,S000435,ODIR,AMD_DRY,AMD_DRY,1,0.9920351803608854,0.005431648455937013,0.0025331711831774856
RETFOUND_MAE_CFP_FROZEN_PCA128_SVM,2026,3,S000440,ODIR,AMD_DRY,NORMAL,0,0.03889796952578732,0.00986943464492073,0.951232595829292
RETFOUND_MAE_CFP_FROZEN_PCA128_SVM,2026,3,S000442,ODIR,AMD_DRY,NORMAL,0,0.00274211207309491,0.005241210993236429,0.9920166769336687
RETFOUND_MAE_CFP_FROZEN_PCA128_SVM,2026,3,S000448,ODIR,AMD_WET,AMD_WET,1,0.0026779500938419105,0.9972269862097439,9.506369641423487e-05
RETFOUND_MAE_CFP_FROZEN_PCA128_SVM,2026,3,S000453,ODIR,AMD_WET,AMD_WET,1,0.34919481032859284,0.6507088743310406,9.6315340366373e-05
RETFOUND_MAE_CFP_FROZEN_PCA128_SVM,2026,3,S000457,ODIR,AMD_WET,AMD_WET,1,0.3636647403813944,0.5933914131055446,0.04294384651306103
RETFOUND_MAE_CFP_FROZEN_PCA128_SVM,2026,3,S000458,ODIR,AMD_WET,AMD_WET,1,0.04167571814934373,0.9578149993323263,0.000509282518329949
RETFOUND_MAE_CFP_FROZEN_PCA128_SVM,2026,3,S000461,ODIR,AMD_WET,AMD_WET,1,0.45293236875654264,0.5389635654191854,0.00810406582427168
RETFOUND_MAE_CFP_FROZEN_PCA128_SVM,2026,3,S000464,ODIR,AMD_WET,AMD_WET,1,0.1508657942719416,0.8458981046952601,0.0032361010327982614
RETFOUND_MAE_CFP_FROZEN_PCA128_SVM,2026,3,S000473,RFMID,NORMAL,NORMAL,1,0.0005781830122979654,0.0025435236809497686,0.9968782933067522
RETFOUND_MAE_CFP_FROZEN_PCA128_SVM,2026,3,S000482,RFMID,NORMAL,NORMAL,1,3.7506654901751447e-06,2.040515618883752e-06,0.999994208818891
RETFOUND_MAE_CFP_FROZEN_PCA128_SVM,2026,3,S000497,RFMID,NORMAL,NORMAL,1,3.846338307980528e-08,4.445559537222673e-08,0.9999999170810215
RETFOUND_MAE_CFP_FROZEN_PCA128_SVM,2026,3,S000499,RFMID,NORMAL,NORMAL,1,0.007293219806755723,0.026315014351189634,0.9663917658420547
RETFOUND_MAE_CFP_FROZEN_PCA128_SVM,2026,3,S000500,RFMID,NORMAL,NORMAL,1,0.000588814098006902,0.006145059902538462,0.9932661259994546
RETFOUND_MAE_CFP_FROZEN_PCA128_SVM,2026,3,S000505,RFMID,NORMAL,NORMAL,1,0.0021130201902438213,0.001078463016588136,0.9968085167931683
RETFOUND_MAE_CFP_FROZEN_PCA128_SVM,2026,3,S000512,RFMID,NORMAL,NORMAL,1,2.3148908466584933e-06,1.7565113937866301e-06,0.9999959285977597
RETFOUND_MAE_CFP_FROZEN_PCA128_SVM,2026,3,S000514,RFMID,NORMAL,NORMAL,1,0.0010605399766484293,0.0015668786182498331,0.9973725814051017
RETFOUND_MAE_CFP_FROZEN_PCA128_SVM,2026,3,S000521,RFMID,NORMAL,NORMAL,1,4.4110420479055514e-06,4.113235924371165e-06,0.9999914757220277
RETFOUND_MAE_CFP_FROZEN_PCA128_SVM,2026,3,S000524,RFMID,NORMAL,NORMAL,1,0.0002766201105124297,0.0035433150341737793,0.996180064855314
RETFOUND_MAE_CFP_FROZEN_PCA128_SVM,2026,3,S000530,RFMID,NORMAL,NORMAL,1,0.0009317887308706605,0.007205496313674828,0.9918627149554545
RETFOUND_MAE_CFP_FROZEN_PCA128_SVM,2026,3,S000534,RFMID,NORMAL,NORMAL,1,6.436482663653223e-07,7.217535819819244e-07,0.9999986345981516
RETFOUND_MAE_CFP_FROZEN_PCA128_SVM,2026,3,S000540,RFMID,AMD_DRY,AMD_DRY,1,0.9744816655454961,0.022747838977153986,0.002770495477350074
RETFOUND_MAE_CFP_FROZEN_PCA128_SVM,2026,3,S000541,RFMID,AMD_DRY,AMD_DRY,1,0.7974878039507342,0.19841561347971887,0.004096582569546827
RETFOUND_MAE_CFP_FROZEN_PCA128_SVM,2026,3,S000544,RFMID,AMD_WET,AMD_WET,1,0.025967924859444578,0.9701975777869466,0.003834497353608894
RETFOUND_MAE_CFP_FROZEN_PCA128_SVM,2026,3,S000546,RFMID,AMD_WET,AMD_WET,1,0.04099359586883155,0.953867628286597,0.005138775844571342
RETFOUND_MAE_CFP_FROZEN_PCA128_SVM,2026,3,S000549,RFMID,AMD_WET,AMD_WET,1,8.090789822669012e-08,0.9998968359330904,0.00010308315901146627
RETFOUND_MAE_CFP_FROZEN_PCA128_SVM,2026,3,S000560,RFMID,AMD_WET,AMD_WET,1,0.17405302973108935,0.8240820059184256,0.0018649643504850513
RETFOUND_MAE_CFP_FROZEN_PCA128_SVM,2026,3,S000561,RFMID,AMD_WET,AMD_WET,1,0.006100170295192809,0.9929498833255276,0.0009499463792795156
RETFOUND_MAE_CFP_FROZEN_PCA128_SVM,2026,3,S000562,RFMID,AMD_WET,AMD_WET,1,0.09542513413257735,0.9041152428593254,0.00045962300809704223
RETFOUND_MAE_CFP_FROZEN_PCA128_SVM,2026,3,S000563,RFMID,AMD_WET,AMD_WET,1,2.6942952130006066e-06,0.9998634891429601,0.00013381656182704025
RETFOUND_MAE_CFP_FROZEN_PCA128_SVM,2026,3,S000564,RFMID,AMD_WET,AMD_WET,1,0.17105642894445702,0.8283480241150187,0.0005955469405244301
RETFOUND_MAE_CFP_FROZEN_PCA128_SVM,2026,3,S000569,RFMID,AMD_WET,AMD_WET,1,0.002749617834218939,0.9967814825481629,0.00046889961761832654
RETFOUND_MAE_CFP_FROZEN_PCA128_SVM,2026,3,S000593,RFMID,AMD_WET,AMD_WET,1,4.396091516697174e-09,0.999971385960958,2.860964295038888e-05
RETFOUND_MAE_CFP_FROZEN_PCA128_SVM,2026,3,S000596,RFMID,AMD_WET,AMD_WET,1,0.008646751614049488,0.9909488417606824,0.0004044066252681506
RETFOUND_MAE_CFP_FROZEN_PCA128_SVM,2026,4,S000001,ADAM,AMD_DRY,AMD_DRY,1,0.9850141127790781,0.013753531589195385,0.0012323556317264143
RETFOUND_MAE_CFP_FROZEN_PCA128_SVM,2026,4,S000015,ADAM,AMD_DRY,AMD_DRY,1,0.9978061333616853,0.002174428379242349,1.9438259072116254e-05
RETFOUND_MAE_CFP_FROZEN_PCA128_SVM,2026,4,S000018,ADAM,AMD_DRY,AMD_DRY,1,0.6342381043492736,0.32753723133601653,0.038224664314709875
RETFOUND_MAE_CFP_FROZEN_PCA128_SVM,2026,4,S000021,ADAM,AMD_DRY,AMD_DRY,1,0.8039619290648854,0.15043941790946935,0.04559865302564486
RETFOUND_MAE_CFP_FROZEN_PCA128_SVM,2026,4,S000023,ADAM,AMD_DRY,AMD_DRY,1,0.7196151196578643,0.27993840280900406,0.0004464775331315153
RETFOUND_MAE_CFP_FROZEN_PCA128_SVM,2026,4,S000024,ADAM,AMD_DRY,AMD_DRY,1,0.8566526135314981,0.13626431218613808,0.007083074282363776
RETFOUND_MAE_CFP_FROZEN_PCA128_SVM,2026,4,S000030,ADAM,AMD_DRY,AMD_DRY,1,0.6482976085359626,0.05093058338820832,0.30077180807582893
RETFOUND_MAE_CFP_FROZEN_PCA128_SVM,2026,4,S000041,ADAM,AMD_WET,AMD_WET,1,5.176612234179302e-07,0.9997251206133819,0.00027436172539451733
RETFOUND_MAE_CFP_FROZEN_PCA128_SVM,2026,4,S000042,ADAM,AMD_WET,AMD_WET,1,0.1684046575255642,0.831202381991179,0.0003929604832568134
RETFOUND_MAE_CFP_FROZEN_PCA128_SVM,2026,4,S000043,ADAM,AMD_WET,AMD_WET,1,5.68010344838594e-07,0.9996820048184845,0.0003174271711706977
RETFOUND_MAE_CFP_FROZEN_PCA128_SVM,2026,4,S000053,FIVES,NORMAL,NORMAL,1,0.0001158504275487217,0.0021184039178092457,0.9977657456546423
RETFOUND_MAE_CFP_FROZEN_PCA128_SVM,2026,4,S000057,FIVES,NORMAL,NORMAL,1,3.5070739573016714e-05,0.002164675225591244,0.9978002540348357
RETFOUND_MAE_CFP_FROZEN_PCA128_SVM,2026,4,S000065,FIVES,NORMAL,NORMAL,1,0.0006102198252106771,0.003417920241341673,0.9959718599334476
RETFOUND_MAE_CFP_FROZEN_PCA128_SVM,2026,4,S000066,FIVES,NORMAL,NORMAL,1,2.247497251640058e-06,1.403302256254598e-06,0.9999963492004922
RETFOUND_MAE_CFP_FROZEN_PCA128_SVM,2026,4,S000067,FIVES,NORMAL,NORMAL,1,9.001560665887346e-07,7.45479364835838e-07,0.9999983543645685
RETFOUND_MAE_CFP_FROZEN_PCA128_SVM,2026,4,S000074,FIVES,NORMAL,NORMAL,1,4.453231839018834e-06,3.895275172654214e-06,0.9999916514929882
RETFOUND_MAE_CFP_FROZEN_PCA128_SVM,2026,4,S000077,FIVES,NORMAL,NORMAL,1,3.7985254738823984e-06,3.3192763197955442e-06,0.9999928821982063
RETFOUND_MAE_CFP_FROZEN_PCA128_SVM,2026,4,S000081,FIVES,NORMAL,NORMAL,1,4.02824791687042e-07,3.7345150805454804e-07,0.9999992237237003
RETFOUND_MAE_CFP_FROZEN_PCA128_SVM,2026,4,S000084,FIVES,NORMAL,NORMAL,1,2.2848695608827583e-06,2.0372571016727175e-06,0.9999956778733375
RETFOUND_MAE_CFP_FROZEN_PCA128_SVM,2026,4,S000089,FIVES,NORMAL,NORMAL,1,0.0032019971890905434,0.0030313020238121545,0.9937667007870973
RETFOUND_MAE_CFP_FROZEN_PCA128_SVM,2026,4,S000094,FIVES,NORMAL,NORMAL,1,6.473460561596427e-07,5.937281201817956e-07,0.9999987589258237
RETFOUND_MAE_CFP_FROZEN_PCA128_SVM,2026,4,S000100,FIVES,NORMAL,NORMAL,1,0.008708841646883942,0.015120078724380748,0.9761710796287352
RETFOUND_MAE_CFP_FROZEN_PCA128_SVM,2026,4,S000108,FIVES,NORMAL,NORMAL,1,6.977783128036903e-07,7.316755509954995e-07,0.9999985705461362
RETFOUND_MAE_CFP_FROZEN_PCA128_SVM,2026,4,S000110,FIVES,NORMAL,NORMAL,1,0.0030134657968931052,0.0037282968912907524,0.9932582373118163
RETFOUND_MAE_CFP_FROZEN_PCA128_SVM,2026,4,S000120,FIVES,NORMAL,NORMAL,1,5.0362975430093004e-05,0.0022305945960850535,0.997719042428485
RETFOUND_MAE_CFP_FROZEN_PCA128_SVM,2026,4,S000122,FIVES,NORMAL,NORMAL,1,2.8694226875034216e-06,3.047749581467242e-06,0.9999940828277311
RETFOUND_MAE_CFP_FROZEN_PCA128_SVM,2026,4,S000131,FIVES,NORMAL,NORMAL,1,1.6779640093197643e-06,1.3016353742507958e-06,0.9999970204006164
RETFOUND_MAE_CFP_FROZEN_PCA128_SVM,2026,4,S000135,FIVES,NORMAL,NORMAL,1,2.196095901167268e-06,1.919999407850361e-06,0.9999958839046909
RETFOUND_MAE_CFP_FROZEN_PCA128_SVM,2026,4,S000146,FIVES,NORMAL,NORMAL,1,0.007026305161840103,0.09936346214549621,0.8936102326926637
RETFOUND_MAE_CFP_FROZEN_PCA128_SVM,2026,4,S000149,FIVES,NORMAL,NORMAL,1,0.00022379448408088777,0.0026179676206842693,0.9971582378952347
RETFOUND_MAE_CFP_FROZEN_PCA128_SVM,2026,4,S000158,FIVES,AMD_DRY,AMD_DRY,1,0.9521058667491569,0.04722141001713421,0.000672723233708968
RETFOUND_MAE_CFP_FROZEN_PCA128_SVM,2026,4,S000159,FIVES,AMD_DRY,AMD_DRY,1,0.7001661477566089,0.29542599880225284,0.004407853441138192
RETFOUND_MAE_CFP_FROZEN_PCA128_SVM,2026,4,S000162,FIVES,AMD_DRY,AMD_DRY,1,0.832039398676257,0.16595133154358646,0.0020092697801564825
RETFOUND_MAE_CFP_FROZEN_PCA128_SVM,2026,4,S000177,FIVES,AMD_WET,AMD_WET,1,0.009111533559641623,0.9888852127920778,0.00200325364828044
RETFOUND_MAE_CFP_FROZEN_PCA128_SVM,2026,4,S000179,FIVES,AMD_WET,AMD_WET,1,0.02314487311508356,0.9739399151289956,0.002915211755920743
RETFOUND_MAE_CFP_FROZEN_PCA128_SVM,2026,4,S000182,FIVES,AMD_WET,AMD_WET,1,0.006459259162845153,0.9933625051631765,0.00017823567397833907
RETFOUND_MAE_CFP_FROZEN_PCA128_SVM,2026,4,S000185,FIVES,AMD_WET,AMD_WET,1,0.002472925555163152,0.9974349701312436,9.210431359302396e-05
RETFOUND_MAE_CFP_FROZEN_PCA128_SVM,2026,4,S000187,FIVES,AMD_WET,AMD_WET,1,0.009608959293124884,0.989826089512024,0.0005649511948512176
RETFOUND_MAE_CFP_FROZEN_PCA128_SVM,2026,4,S000189,FIVES,AMD_WET,AMD_WET,1,0.03915065069845425,0.9605566351940368,0.00029271410750892566
RETFOUND_MAE_CFP_FROZEN_PCA128_SVM,2026,4,S000192,FIVES,AMD_WET,NORMAL,0,0.06070391224352453,0.16510626740651468,0.7741898203499606
RETFOUND_MAE_CFP_FROZEN_PCA128_SVM,2026,4,S000203,FIVES,AMD_WET,AMD_WET,1,5.5307627365205636e-06,0.9990891516276517,0.0009053176096118063
RETFOUND_MAE_CFP_FROZEN_PCA128_SVM,2026,4,S000212,FIVES,AMD_WET,AMD_WET,1,0.020570982824930657,0.9773825516203962,0.0020464655546730175
RETFOUND_MAE_CFP_FROZEN_PCA128_SVM,2026,4,S000218,FIVES,AMD_WET,NORMAL,0,0.020399324804276288,0.09744880511135327,0.8821518700843706
RETFOUND_MAE_CFP_FROZEN_PCA128_SVM,2026,4,S000224,FIVES,AMD_WET,AMD_WET,1,0.009560556301136391,0.9898224011883601,0.0006170425105036441
RETFOUND_MAE_CFP_FROZEN_PCA128_SVM,2026,4,S000225,FIVES,AMD_WET,AMD_WET,1,0.15260383054355886,0.808970572471586,0.038425596984855134
RETFOUND_MAE_CFP_FROZEN_PCA128_SVM,2026,4,S000227,FIVES,AMD_WET,AMD_WET,1,1.8230450951794832e-07,0.9997851479785875,0.00021466971690289533
RETFOUND_MAE_CFP_FROZEN_PCA128_SVM,2026,4,S000234,FIVES,AMD_WET,AMD_WET,1,0.016747029777766462,0.9811285503923267,0.002124419829906865
RETFOUND_MAE_CFP_FROZEN_PCA128_SVM,2026,4,S000242,ODIR,NORMAL,NORMAL,1,0.03819039825394568,0.004422434013659683,0.9573871677323946
RETFOUND_MAE_CFP_FROZEN_PCA128_SVM,2026,4,S000243,ODIR,NORMAL,AMD_DRY,0,0.6321796118818631,0.008713148012031166,0.35910724010610606
RETFOUND_MAE_CFP_FROZEN_PCA128_SVM,2026,4,S000245,ODIR,NORMAL,NORMAL,1,2.704840309320697e-07,1.406826831712913e-07,0.9999995888332859
RETFOUND_MAE_CFP_FROZEN_PCA128_SVM,2026,4,S000246,ODIR,NORMAL,NORMAL,1,0.02934001683011324,0.019880192067188773,0.9507797911026981
RETFOUND_MAE_CFP_FROZEN_PCA128_SVM,2026,4,S000247,ODIR,NORMAL,NORMAL,1,0.00012107662686510464,0.005540644269731703,0.9943382791034033
RETFOUND_MAE_CFP_FROZEN_PCA128_SVM,2026,4,S000248,ODIR,NORMAL,NORMAL,1,0.0005571215352155955,0.003260749652120962,0.9961821288126634
RETFOUND_MAE_CFP_FROZEN_PCA128_SVM,2026,4,S000249,ODIR,NORMAL,NORMAL,1,2.356900648736621e-06,1.2738192657672112e-06,0.9999963692800854
RETFOUND_MAE_CFP_FROZEN_PCA128_SVM,2026,4,S000253,ODIR,NORMAL,NORMAL,1,0.0053499264021525635,0.00446109661002542,0.990188976987822
RETFOUND_MAE_CFP_FROZEN_PCA128_SVM,2026,4,S000269,ODIR,NORMAL,NORMAL,1,1.409094247178787e-07,7.149364306493452e-08,0.9999997875969321
RETFOUND_MAE_CFP_FROZEN_PCA128_SVM,2026,4,S000283,ODIR,NORMAL,NORMAL,1,0.03287667503688943,0.02941509131558928,0.9377082336475215
RETFOUND_MAE_CFP_FROZEN_PCA128_SVM,2026,4,S000285,ODIR,NORMAL,NORMAL,1,0.0005477246528090302,0.004796926494810788,0.9946553488523802
RETFOUND_MAE_CFP_FROZEN_PCA128_SVM,2026,4,S000286,ODIR,NORMAL,NORMAL,1,4.109790006300402e-06,2.7758154531839758e-06,0.9999931143945405
RETFOUND_MAE_CFP_FROZEN_PCA128_SVM,2026,4,S000292,ODIR,NORMAL,NORMAL,1,0.0036277208471833158,0.007367156966573955,0.9890051221862426
RETFOUND_MAE_CFP_FROZEN_PCA128_SVM,2026,4,S000299,ODIR,NORMAL,NORMAL,1,0.0015809336697288547,0.006166325057367554,0.9922527412729037
RETFOUND_MAE_CFP_FROZEN_PCA128_SVM,2026,4,S000302,ODIR,NORMAL,NORMAL,1,0.005997386673672017,0.0034090357231425145,0.9905935776031853
RETFOUND_MAE_CFP_FROZEN_PCA128_SVM,2026,4,S000309,ODIR,NORMAL,NORMAL,1,2.6251340657308457e-06,1.4994472410449357e-06,0.9999958754186933
RETFOUND_MAE_CFP_FROZEN_PCA128_SVM,2026,4,S000314,ODIR,NORMAL,NORMAL,1,0.004876535087835193,0.002423337385204777,0.9927001275269601
RETFOUND_MAE_CFP_FROZEN_PCA128_SVM,2026,4,S000316,ODIR,NORMAL,NORMAL,1,0.0054976655983786146,0.009556904915089173,0.9849454294865323
RETFOUND_MAE_CFP_FROZEN_PCA128_SVM,2026,4,S000323,ODIR,NORMAL,NORMAL,1,0.0005060128403234824,0.0033645509641596263,0.996129436195517
RETFOUND_MAE_CFP_FROZEN_PCA128_SVM,2026,4,S000330,ODIR,NORMAL,NORMAL,1,0.008813062346198455,0.0031601005578684098,0.9880268370959329
RETFOUND_MAE_CFP_FROZEN_PCA128_SVM,2026,4,S000336,ODIR,NORMAL,NORMAL,1,0.01265241947725543,0.01292841093298159,0.9744191695897628
RETFOUND_MAE_CFP_FROZEN_PCA128_SVM,2026,4,S000337,ODIR,NORMAL,AMD_DRY,0,0.4950426315559804,0.08858397185190281,0.41637339659211664
RETFOUND_MAE_CFP_FROZEN_PCA128_SVM,2026,4,S000353,ODIR,NORMAL,NORMAL,1,0.25107408484230365,0.13916382290277987,0.6097620922549162
RETFOUND_MAE_CFP_FROZEN_PCA128_SVM,2026,4,S000360,ODIR,NORMAL,NORMAL,1,1.9764672542884622e-06,1.5662147037089206e-06,0.999996457318042
RETFOUND_MAE_CFP_FROZEN_PCA128_SVM,2026,4,S000363,ODIR,NORMAL,NORMAL,1,0.00048645665938844214,0.005895776668733521,0.9936177666718777
RETFOUND_MAE_CFP_FROZEN_PCA128_SVM,2026,4,S000364,ODIR,AMD_DRY,AMD_DRY,1,0.6839021694443534,0.3158968454510966,0.00020098510455010223
RETFOUND_MAE_CFP_FROZEN_PCA128_SVM,2026,4,S000365,ODIR,AMD_DRY,AMD_WET,0,0.38046403856808403,0.6193811329687376,0.0001548284631783389
RETFOUND_MAE_CFP_FROZEN_PCA128_SVM,2026,4,S000371,ODIR,AMD_DRY,AMD_DRY,1,0.9721648971562564,0.011599004637002926,0.0162360982067407
RETFOUND_MAE_CFP_FROZEN_PCA128_SVM,2026,4,S000372,ODIR,AMD_DRY,AMD_DRY,1,0.974849026454237,0.018628091412387224,0.006522882133375769
RETFOUND_MAE_CFP_FROZEN_PCA128_SVM,2026,4,S000391,ODIR,AMD_DRY,AMD_DRY,1,0.6024547533985363,0.102526828823983,0.29501841777748067
RETFOUND_MAE_CFP_FROZEN_PCA128_SVM,2026,4,S000392,ODIR,AMD_DRY,AMD_DRY,1,0.9486856960266074,0.051009865645928916,0.0003044383274637418
RETFOUND_MAE_CFP_FROZEN_PCA128_SVM,2026,4,S000395,ODIR,AMD_DRY,AMD_DRY,1,0.675639288136546,0.3003280767784782,0.024032635084976068
RETFOUND_MAE_CFP_FROZEN_PCA128_SVM,2026,4,S000396,ODIR,AMD_DRY,AMD_DRY,1,0.9361338275547144,0.06326754890102852,0.0005986235442570866
RETFOUND_MAE_CFP_FROZEN_PCA128_SVM,2026,4,S000398,ODIR,AMD_DRY,AMD_DRY,1,0.9916584099633194,0.007100835108839538,0.0012407549278408887
RETFOUND_MAE_CFP_FROZEN_PCA128_SVM,2026,4,S000404,ODIR,AMD_DRY,AMD_DRY,1,0.8608036438546631,0.13786763881681846,0.0013287173285181642
RETFOUND_MAE_CFP_FROZEN_PCA128_SVM,2026,4,S000406,ODIR,AMD_DRY,AMD_DRY,1,0.94491300723481,0.013594944687104434,0.041492048078085514
RETFOUND_MAE_CFP_FROZEN_PCA128_SVM,2026,4,S000407,ODIR,AMD_DRY,AMD_WET,0,0.020491819488026267,0.9791158055169416,0.00039237499503199557
RETFOUND_MAE_CFP_FROZEN_PCA128_SVM,2026,4,S000409,ODIR,AMD_DRY,AMD_DRY,1,0.9604122762256835,0.03920628911502512,0.0003814346592913321
RETFOUND_MAE_CFP_FROZEN_PCA128_SVM,2026,4,S000424,ODIR,AMD_DRY,NORMAL,0,0.07358615614229082,0.007417588454578346,0.9189962554031308
RETFOUND_MAE_CFP_FROZEN_PCA128_SVM,2026,4,S000428,ODIR,AMD_DRY,NORMAL,0,0.05406751379451206,0.0026551211207937867,0.9432773650846942
RETFOUND_MAE_CFP_FROZEN_PCA128_SVM,2026,4,S000434,ODIR,AMD_DRY,AMD_DRY,1,0.9438817792519016,0.05340785902765171,0.0027103617204464613
RETFOUND_MAE_CFP_FROZEN_PCA128_SVM,2026,4,S000445,ODIR,AMD_WET,AMD_DRY,0,0.9357731990663118,0.06419843222416428,2.836870952363678e-05
RETFOUND_MAE_CFP_FROZEN_PCA128_SVM,2026,4,S000456,ODIR,AMD_WET,AMD_WET,1,2.2719082834414684e-06,0.9995859429093179,0.0004117851823985547
RETFOUND_MAE_CFP_FROZEN_PCA128_SVM,2026,4,S000463,ODIR,AMD_WET,AMD_WET,1,0.014955384401403312,0.9822829810281312,0.002761634570465139
RETFOUND_MAE_CFP_FROZEN_PCA128_SVM,2026,4,S000466,ODIR,AMD_WET,AMD_WET,1,0.02027660230630088,0.9754073439090244,0.004316053784674603
RETFOUND_MAE_CFP_FROZEN_PCA128_SVM,2026,4,S000468,ODIR,AMD_WET,AMD_WET,1,0.004262216966332161,0.994986339035969,0.0007514439976988492
RETFOUND_MAE_CFP_FROZEN_PCA128_SVM,2026,4,S000470,ODIR,AMD_WET,AMD_WET,1,0.01920491105030406,0.980481768345501,0.0003133206041948711
RETFOUND_MAE_CFP_FROZEN_PCA128_SVM,2026,4,S000476,RFMID,NORMAL,NORMAL,1,0.0014655836620057862,0.012796596338076578,0.9857378199999177
RETFOUND_MAE_CFP_FROZEN_PCA128_SVM,2026,4,S000486,RFMID,NORMAL,NORMAL,1,0.00011634813415852755,0.0033800295882199143,0.9965036222776217
RETFOUND_MAE_CFP_FROZEN_PCA128_SVM,2026,4,S000488,RFMID,NORMAL,NORMAL,1,1.0938866672474713e-06,7.680548092210562e-07,0.9999981380585236
RETFOUND_MAE_CFP_FROZEN_PCA128_SVM,2026,4,S000492,RFMID,NORMAL,NORMAL,1,0.00022185522378086005,0.012244520419658558,0.9875336243565603
RETFOUND_MAE_CFP_FROZEN_PCA128_SVM,2026,4,S000501,RFMID,NORMAL,NORMAL,1,0.00017680421487834146,0.0023420061901920663,0.9974811895949295
RETFOUND_MAE_CFP_FROZEN_PCA128_SVM,2026,4,S000511,RFMID,NORMAL,NORMAL,1,0.0006092929916910361,0.005262683994559615,0.994128023013749
RETFOUND_MAE_CFP_FROZEN_PCA128_SVM,2026,4,S000520,RFMID,NORMAL,NORMAL,1,0.002407940838994912,0.006398602399774518,0.9911934567612305
RETFOUND_MAE_CFP_FROZEN_PCA128_SVM,2026,4,S000528,RFMID,NORMAL,NORMAL,1,6.174545343612017e-05,0.0029882663193435905,0.9969499882272204
RETFOUND_MAE_CFP_FROZEN_PCA128_SVM,2026,4,S000531,RFMID,NORMAL,NORMAL,1,0.0002274891140494846,0.003133581378220266,0.99663892950773
RETFOUND_MAE_CFP_FROZEN_PCA128_SVM,2026,4,S000532,RFMID,NORMAL,NORMAL,1,0.0033994299570592186,0.011531129217591349,0.9850694408253495
RETFOUND_MAE_CFP_FROZEN_PCA128_SVM,2026,4,S000533,RFMID,NORMAL,NORMAL,1,6.719849228865893e-07,7.480681041405163e-07,0.9999985799469729
RETFOUND_MAE_CFP_FROZEN_PCA128_SVM,2026,4,S000535,RFMID,NORMAL,NORMAL,1,0.014757915652607471,0.005891790170519231,0.9793502941768734
RETFOUND_MAE_CFP_FROZEN_PCA128_SVM,2026,4,S000539,RFMID,AMD_DRY,AMD_DRY,1,0.8867608014683366,0.11164630835601608,0.0015928901756473949
RETFOUND_MAE_CFP_FROZEN_PCA128_SVM,2026,4,S000543,RFMID,AMD_DRY,AMD_DRY,1,0.8317866207999663,0.16673761835570428,0.0014757608443296405
RETFOUND_MAE_CFP_FROZEN_PCA128_SVM,2026,4,S000548,RFMID,AMD_WET,AMD_WET,1,0.012994603246542514,0.9825860645046067,0.004419332248850687
RETFOUND_MAE_CFP_FROZEN_PCA128_SVM,2026,4,S000550,RFMID,AMD_WET,AMD_WET,1,0.002255033479127901,0.9970097567547468,0.0007352097661251193
RETFOUND_MAE_CFP_FROZEN_PCA128_SVM,2026,4,S000551,RFMID,AMD_WET,AMD_WET,1,1.5332210299375975e-07,0.9999314365153167,6.841016258037029e-05
RETFOUND_MAE_CFP_FROZEN_PCA128_SVM,2026,4,S000558,RFMID,AMD_WET,AMD_WET,1,4.895669270681178e-06,0.9989439564764683,0.001051147854261093
RETFOUND_MAE_CFP_FROZEN_PCA128_SVM,2026,4,S000566,RFMID,AMD_WET,AMD_WET,1,2.7852590816157156e-07,0.9998000646669182,0.00019965680717360398
RETFOUND_MAE_CFP_FROZEN_PCA128_SVM,2026,4,S000575,RFMID,AMD_WET,AMD_WET,1,0.003221781159850432,0.9955031769177127,0.001275041922436963
RETFOUND_MAE_CFP_FROZEN_PCA128_SVM,2026,4,S000579,RFMID,AMD_WET,AMD_WET,1,0.003304101985269579,0.9954949766196985,0.001200921395031989
RETFOUND_MAE_CFP_FROZEN_PCA128_SVM,2026,4,S000582,RFMID,AMD_WET,AMD_WET,1,0.014740338621570974,0.9802308347823527,0.005028826596076462
RETFOUND_MAE_CFP_FROZEN_PCA128_SVM,2026,4,S000590,RFMID,AMD_WET,AMD_WET,1,0.010632084899331812,0.7322486244715483,0.25711929062912003
RETFOUND_MAE_CFP_FROZEN_PCA128_SVM,2026,4,S000592,RFMID,AMD_WET,AMD_WET,1,0.006268817487909741,0.9883824813482501,0.005348701163840215
RETFOUND_MAE_CFP_FROZEN_PCA128_SVM,2026,4,S000597,RFMID,AMD_WET,AMD_WET,1,0.07431938953610881,0.786710564255084,0.13897004620880699
RETFOUND_MAE_CFP_FROZEN_PCA128_SVM,2026,5,S000004,ADAM,AMD_DRY,AMD_DRY,1,0.9983014139417444,0.0012003611326160206,0.0004982249256394247
RETFOUND_MAE_CFP_FROZEN_PCA128_SVM,2026,5,S000007,ADAM,AMD_DRY,AMD_DRY,1,0.9845170273712236,0.01511364230564505,0.00036933032313131653
RETFOUND_MAE_CFP_FROZEN_PCA128_SVM,2026,5,S000008,ADAM,AMD_DRY,AMD_DRY,1,0.8827526850157246,0.11480903508473271,0.0024382798995428007
RETFOUND_MAE_CFP_FROZEN_PCA128_SVM,2026,5,S000017,ADAM,AMD_DRY,AMD_DRY,1,0.9052169190378748,0.06330332792279567,0.03147975303932953
RETFOUND_MAE_CFP_FROZEN_PCA128_SVM,2026,5,S000022,ADAM,AMD_DRY,AMD_DRY,1,0.7168679392387066,0.20810011011647508,0.0750319506448186
RETFOUND_MAE_CFP_FROZEN_PCA128_SVM,2026,5,S000029,ADAM,AMD_DRY,AMD_DRY,1,0.8565977516713967,0.014308378868148093,0.1290938694604553
RETFOUND_MAE_CFP_FROZEN_PCA128_SVM,2026,5,S000035,ADAM,AMD_DRY,AMD_DRY,1,0.9254020613668058,0.07067790347767239,0.003920035155521621
RETFOUND_MAE_CFP_FROZEN_PCA128_SVM,2026,5,S000046,ADAM,AMD_WET,AMD_WET,1,0.0017808010052392917,0.9982117538474444,7.445147316400597e-06
RETFOUND_MAE_CFP_FROZEN_PCA128_SVM,2026,5,S000048,ADAM,AMD_WET,AMD_WET,1,0.030789104510302322,0.9690662877129107,0.00014460777678701472
RETFOUND_MAE_CFP_FROZEN_PCA128_SVM,2026,5,S000052,ADAM,AMD_WET,AMD_WET,1,0.1040490302286633,0.8876923513328298,0.00825861843850707
RETFOUND_MAE_CFP_FROZEN_PCA128_SVM,2026,5,S000055,FIVES,NORMAL,NORMAL,1,0.0009733969056843387,0.0019541745081967897,0.9970724285861189
RETFOUND_MAE_CFP_FROZEN_PCA128_SVM,2026,5,S000056,FIVES,NORMAL,NORMAL,1,0.0027172667950567404,0.003949910891076556,0.9933328223138668
RETFOUND_MAE_CFP_FROZEN_PCA128_SVM,2026,5,S000078,FIVES,NORMAL,NORMAL,1,0.0007743711865360875,0.0021941082975308838,0.9970315205159331
RETFOUND_MAE_CFP_FROZEN_PCA128_SVM,2026,5,S000079,FIVES,NORMAL,NORMAL,1,3.0928361992876473e-06,3.3665119378250743e-06,0.999993540651863
RETFOUND_MAE_CFP_FROZEN_PCA128_SVM,2026,5,S000088,FIVES,NORMAL,NORMAL,1,0.016534646686978814,0.0011976730567153176,0.9822676802563061
RETFOUND_MAE_CFP_FROZEN_PCA128_SVM,2026,5,S000095,FIVES,NORMAL,NORMAL,1,0.000237202448239352,0.0023918391194439406,0.9973709584323166
RETFOUND_MAE_CFP_FROZEN_PCA128_SVM,2026,5,S000096,FIVES,NORMAL,NORMAL,1,0.007216846266884296,0.002466282727721901,0.9903168710053938
RETFOUND_MAE_CFP_FROZEN_PCA128_SVM,2026,5,S000097,FIVES,NORMAL,NORMAL,1,0.002084498217035256,0.04484382079496404,0.9530716809880008
RETFOUND_MAE_CFP_FROZEN_PCA128_SVM,2026,5,S000103,FIVES,NORMAL,NORMAL,1,1.604500119238904e-06,1.7641743773122588e-06,0.9999966313255035
RETFOUND_MAE_CFP_FROZEN_PCA128_SVM,2026,5,S000109,FIVES,NORMAL,NORMAL,1,9.615216123740964e-07,1.1066061953187313e-06,0.9999979318721923
RETFOUND_MAE_CFP_FROZEN_PCA128_SVM,2026,5,S000117,FIVES,NORMAL,NORMAL,1,0.002281321185380732,0.0011901174895492478,0.99652856132507
RETFOUND_MAE_CFP_FROZEN_PCA128_SVM,2026,5,S000118,FIVES,NORMAL,NORMAL,1,2.8932585930580725e-06,3.0825847351542465e-06,0.9999940241566718
RETFOUND_MAE_CFP_FROZEN_PCA128_SVM,2026,5,S000119,FIVES,NORMAL,NORMAL,1,0.0009475684240473422,0.002074812197521015,0.9969776193784318
RETFOUND_MAE_CFP_FROZEN_PCA128_SVM,2026,5,S000125,FIVES,NORMAL,NORMAL,1,1.0415896067605657e-07,1.194679123555143e-07,0.9999997763731271
RETFOUND_MAE_CFP_FROZEN_PCA128_SVM,2026,5,S000128,FIVES,NORMAL,NORMAL,1,0.0002641577100241944,0.003511518763157656,0.996224323526818
RETFOUND_MAE_CFP_FROZEN_PCA128_SVM,2026,5,S000130,FIVES,NORMAL,NORMAL,1,5.232060350934647e-06,4.587847762437587e-06,0.9999901800918866
RETFOUND_MAE_CFP_FROZEN_PCA128_SVM,2026,5,S000133,FIVES,NORMAL,NORMAL,1,0.0012412379079980954,0.006072125544695705,0.9926866365473063
RETFOUND_MAE_CFP_FROZEN_PCA128_SVM,2026,5,S000141,FIVES,NORMAL,NORMAL,1,7.636955130749685e-07,8.78312741573048e-07,0.9999983579917454
RETFOUND_MAE_CFP_FROZEN_PCA128_SVM,2026,5,S000145,FIVES,NORMAL,NORMAL,1,5.541922561056059e-07,4.863146608627766e-07,0.9999989594930829
RETFOUND_MAE_CFP_FROZEN_PCA128_SVM,2026,5,S000151,FIVES,NORMAL,NORMAL,1,4.7375111611020625e-06,4.689439280609979e-06,0.9999905730495583
RETFOUND_MAE_CFP_FROZEN_PCA128_SVM,2026,5,S000155,FIVES,AMD_DRY,AMD_DRY,1,0.8113684258770724,0.187234462932287,0.0013971111906405228
RETFOUND_MAE_CFP_FROZEN_PCA128_SVM,2026,5,S000163,FIVES,AMD_DRY,AMD_DRY,1,0.8261666510571815,0.16007854832819965,0.013754800614618885
RETFOUND_MAE_CFP_FROZEN_PCA128_SVM,2026,5,S000164,FIVES,AMD_DRY,AMD_DRY,1,0.8147804365047976,0.17298164032303326,0.012237923172169072
RETFOUND_MAE_CFP_FROZEN_PCA128_SVM,2026,5,S000168,FIVES,AMD_WET,AMD_WET,1,0.008088717170894107,0.9913566665376354,0.0005546162914706781
RETFOUND_MAE_CFP_FROZEN_PCA128_SVM,2026,5,S000169,FIVES,AMD_WET,AMD_WET,1,0.0017837497471686347,0.997503285724726,0.000712964528105319
RETFOUND_MAE_CFP_FROZEN_PCA128_SVM,2026,5,S000176,FIVES,AMD_WET,AMD_WET,1,0.013292623849062102,0.9860457211578787,0.0006616549930593156
RETFOUND_MAE_CFP_FROZEN_PCA128_SVM,2026,5,S000191,FIVES,AMD_WET,AMD_WET,1,6.051126748774319e-07,0.9999089237934369,9.047109388810613e-05
RETFOUND_MAE_CFP_FROZEN_PCA128_SVM,2026,5,S000194,FIVES,AMD_WET,AMD_WET,1,0.015634183186202626,0.9798616609074894,0.004504155906307971
RETFOUND_MAE_CFP_FROZEN_PCA128_SVM,2026,5,S000195,FIVES,AMD_WET,AMD_WET,1,7.959677445713537e-07,0.9999267523503681,7.245168188729849e-05
RETFOUND_MAE_CFP_FROZEN_PCA128_SVM,2026,5,S000202,FIVES,AMD_WET,AMD_WET,1,0.005677830824064718,0.9923612217566059,0.001960947419329541
RETFOUND_MAE_CFP_FROZEN_PCA128_SVM,2026,5,S000211,FIVES,AMD_WET,AMD_WET,1,0.2300071659064715,0.7683157574565984,0.001677076636929971
RETFOUND_MAE_CFP_FROZEN_PCA128_SVM,2026,5,S000215,FIVES,AMD_WET,AMD_WET,1,4.21460589377808e-07,0.9999571754007014,4.240313870902779e-05
RETFOUND_MAE_CFP_FROZEN_PCA128_SVM,2026,5,S000217,FIVES,AMD_WET,AMD_WET,1,0.006397920658705698,0.9929764566655898,0.0006256226757046469
RETFOUND_MAE_CFP_FROZEN_PCA128_SVM,2026,5,S000229,FIVES,AMD_WET,AMD_WET,1,0.004316191314959956,0.9952941828294994,0.000389625855540482
RETFOUND_MAE_CFP_FROZEN_PCA128_SVM,2026,5,S000232,FIVES,AMD_WET,AMD_WET,1,0.16046756829846795,0.8325340330426891,0.006998398658843008
RETFOUND_MAE_CFP_FROZEN_PCA128_SVM,2026,5,S000235,FIVES,AMD_WET,AMD_WET,1,5.345190696329977e-07,0.9998096880704054,0.00018977741052505665
RETFOUND_MAE_CFP_FROZEN_PCA128_SVM,2026,5,S000236,FIVES,AMD_WET,AMD_WET,1,0.011666090775824416,0.9836756895498381,0.004658219674337537
RETFOUND_MAE_CFP_FROZEN_PCA128_SVM,2026,5,S000254,ODIR,NORMAL,NORMAL,1,0.002457934226995809,0.00369260633380267,0.9938494594392016
RETFOUND_MAE_CFP_FROZEN_PCA128_SVM,2026,5,S000262,ODIR,NORMAL,NORMAL,1,0.02240653029721674,0.006290311175007466,0.9713031585277757
RETFOUND_MAE_CFP_FROZEN_PCA128_SVM,2026,5,S000271,ODIR,NORMAL,NORMAL,1,6.954596581340156e-07,3.633144334098163e-07,0.9999989412259085
RETFOUND_MAE_CFP_FROZEN_PCA128_SVM,2026,5,S000272,ODIR,NORMAL,NORMAL,1,6.362075680341703e-06,3.3920080893714196e-06,0.9999902459162302
RETFOUND_MAE_CFP_FROZEN_PCA128_SVM,2026,5,S000279,ODIR,NORMAL,NORMAL,1,0.00604123853153598,0.0037122134759848516,0.9902465479924794
RETFOUND_MAE_CFP_FROZEN_PCA128_SVM,2026,5,S000280,ODIR,NORMAL,NORMAL,1,0.015660931237591613,0.002018196213085036,0.9823208725493234
RETFOUND_MAE_CFP_FROZEN_PCA128_SVM,2026,5,S000281,ODIR,NORMAL,NORMAL,1,0.09735815837237681,0.020214940092664835,0.8824269015349582
RETFOUND_MAE_CFP_FROZEN_PCA128_SVM,2026,5,S000288,ODIR,NORMAL,NORMAL,1,0.17413616310962649,0.18293668594350387,0.6429271509468696
RETFOUND_MAE_CFP_FROZEN_PCA128_SVM,2026,5,S000289,ODIR,NORMAL,NORMAL,1,0.001460895514289353,0.0027318991117632036,0.9958072053739475
RETFOUND_MAE_CFP_FROZEN_PCA128_SVM,2026,5,S000294,ODIR,NORMAL,NORMAL,1,0.007729639147533108,0.0011053199708645441,0.9911650408816023
RETFOUND_MAE_CFP_FROZEN_PCA128_SVM,2026,5,S000303,ODIR,NORMAL,NORMAL,1,0.013737187029347633,0.008448044548141862,0.9778147684225102
RETFOUND_MAE_CFP_FROZEN_PCA128_SVM,2026,5,S000304,ODIR,NORMAL,NORMAL,1,0.0035709166136301223,0.005727400366397342,0.9907016830199725
RETFOUND_MAE_CFP_FROZEN_PCA128_SVM,2026,5,S000305,ODIR,NORMAL,NORMAL,1,0.0010598602947897678,0.0015391598551192705,0.9974009798500909
RETFOUND_MAE_CFP_FROZEN_PCA128_SVM,2026,5,S000311,ODIR,NORMAL,NORMAL,1,0.04830793489135756,0.013540461912696151,0.938151603195946
RETFOUND_MAE_CFP_FROZEN_PCA128_SVM,2026,5,S000312,ODIR,NORMAL,NORMAL,1,0.12962961982698507,0.11844476320786156,0.7519256169651533
RETFOUND_MAE_CFP_FROZEN_PCA128_SVM,2026,5,S000313,ODIR,NORMAL,NORMAL,1,0.003206965323015457,0.0015411044969089877,0.9952519301800757
RETFOUND_MAE_CFP_FROZEN_PCA128_SVM,2026,5,S000315,ODIR,NORMAL,NORMAL,1,0.029387430270765437,0.002773640308036653,0.967838929421198
RETFOUND_MAE_CFP_FROZEN_PCA128_SVM,2026,5,S000320,ODIR,NORMAL,NORMAL,1,0.028321727859433578,0.0022817481350573686,0.9693965240055089
RETFOUND_MAE_CFP_FROZEN_PCA128_SVM,2026,5,S000332,ODIR,NORMAL,NORMAL,1,0.04221607669092451,0.013321243151808167,0.9444626801572673
RETFOUND_MAE_CFP_FROZEN_PCA128_SVM,2026,5,S000335,ODIR,NORMAL,NORMAL,1,0.0054885520982806395,0.006275888611461909,0.9882355592902574
RETFOUND_MAE_CFP_FROZEN_PCA128_SVM,2026,5,S000341,ODIR,NORMAL,NORMAL,1,0.0021026190835254557,0.0020498365591948833,0.9958475443572796
RETFOUND_MAE_CFP_FROZEN_PCA128_SVM,2026,5,S000343,ODIR,NORMAL,NORMAL,1,2.6498941826076306e-07,1.8739801122839924e-07,0.9999995476125704
RETFOUND_MAE_CFP_FROZEN_PCA128_SVM,2026,5,S000346,ODIR,NORMAL,NORMAL,1,0.0012417035283295444,0.002807545588474376,0.9959507508831961
RETFOUND_MAE_CFP_FROZEN_PCA128_SVM,2026,5,S000355,ODIR,NORMAL,NORMAL,1,0.012647163046650164,0.014508775218099757,0.9728440617352502
RETFOUND_MAE_CFP_FROZEN_PCA128_SVM,2026,5,S000358,ODIR,NORMAL,NORMAL,1,0.013902527356106323,0.002388392651088486,0.9837090799928052
RETFOUND_MAE_CFP_FROZEN_PCA128_SVM,2026,5,S000376,ODIR,AMD_DRY,AMD_DRY,1,0.9029547464362209,0.016574580798018313,0.08047067276576098
RETFOUND_MAE_CFP_FROZEN_PCA128_SVM,2026,5,S000384,ODIR,AMD_DRY,AMD_DRY,1,0.75867508421321,0.1516517517084882,0.08967316407830163
RETFOUND_MAE_CFP_FROZEN_PCA128_SVM,2026,5,S000385,ODIR,AMD_DRY,AMD_DRY,1,0.9665532816933314,0.030972072065327462,0.002474646241340947
RETFOUND_MAE_CFP_FROZEN_PCA128_SVM,2026,5,S000386,ODIR,AMD_DRY,AMD_DRY,1,0.7516492976681621,0.2392661333537688,0.00908456897806897
RETFOUND_MAE_CFP_FROZEN_PCA128_SVM,2026,5,S000393,ODIR,AMD_DRY,AMD_DRY,1,0.9015256535228363,0.09291501719583088,0.005559329281332705
RETFOUND_MAE_CFP_FROZEN_PCA128_SVM,2026,5,S000400,ODIR,AMD_DRY,AMD_DRY,1,0.5173960285675,0.4704496932297888,0.01215427820271124
RETFOUND_MAE_CFP_FROZEN_PCA128_SVM,2026,5,S000401,ODIR,AMD_DRY,AMD_DRY,1,0.956885115186198,0.027783549186214982,0.015331335627587204
RETFOUND_MAE_CFP_FROZEN_PCA128_SVM,2026,5,S000403,ODIR,AMD_DRY,AMD_DRY,1,0.9899705162711613,0.009197065477888266,0.0008324182509505145
RETFOUND_MAE_CFP_FROZEN_PCA128_SVM,2026,5,S000410,ODIR,AMD_DRY,AMD_DRY,1,0.9542142837028681,0.04098612027538034,0.004799596021751571
RETFOUND_MAE_CFP_FROZEN_PCA128_SVM,2026,5,S000419,ODIR,AMD_DRY,AMD_DRY,1,0.8640764004445959,0.1350074580601966,0.0009161414952072578
RETFOUND_MAE_CFP_FROZEN_PCA128_SVM,2026,5,S000420,ODIR,AMD_DRY,AMD_DRY,1,0.7183632098393838,0.27423842591080677,0.007398364249809434
RETFOUND_MAE_CFP_FROZEN_PCA128_SVM,2026,5,S000425,ODIR,AMD_DRY,NORMAL,0,0.3281355653392024,0.028995980687384536,0.6428684539734127
RETFOUND_MAE_CFP_FROZEN_PCA128_SVM,2026,5,S000427,ODIR,AMD_DRY,AMD_DRY,1,0.8815866007082469,0.11306764605091729,0.005345753240836153
RETFOUND_MAE_CFP_FROZEN_PCA128_SVM,2026,5,S000430,ODIR,AMD_DRY,AMD_WET,0,0.41712321568438754,0.582665740611642,0.00021104370397040105
RETFOUND_MAE_CFP_FROZEN_PCA128_SVM,2026,5,S000438,ODIR,AMD_DRY,AMD_DRY,1,0.7464915025680224,0.10163516719576822,0.15187333023620958
RETFOUND_MAE_CFP_FROZEN_PCA128_SVM,2026,5,S000443,ODIR,AMD_DRY,AMD_DRY,1,0.9117417319918937,0.08787227993025885,0.0003859880778478451
RETFOUND_MAE_CFP_FROZEN_PCA128_SVM,2026,5,S000449,ODIR,AMD_WET,AMD_DRY,0,0.6128591988981027,0.3864172082738638,0.0007235928280335228
RETFOUND_MAE_CFP_FROZEN_PCA128_SVM,2026,5,S000451,ODIR,AMD_WET,AMD_WET,1,0.3319169974271191,0.6556442910340763,0.01243871153880457
RETFOUND_MAE_CFP_FROZEN_PCA128_SVM,2026,5,S000462,ODIR,AMD_WET,AMD_WET,1,0.09845625608122115,0.901325208380578,0.00021853553820107
RETFOUND_MAE_CFP_FROZEN_PCA128_SVM,2026,5,S000469,ODIR,AMD_WET,AMD_WET,1,0.1528601434149096,0.8378349738570061,0.009304882728084192
RETFOUND_MAE_CFP_FROZEN_PCA128_SVM,2026,5,S000471,ODIR,AMD_WET,AMD_WET,1,0.24008665095623336,0.5271577219675331,0.23275562707623382
RETFOUND_MAE_CFP_FROZEN_PCA128_SVM,2026,5,S000474,RFMID,NORMAL,NORMAL,1,5.1225827335841456e-05,0.0019805573350624027,0.9979682168376015
RETFOUND_MAE_CFP_FROZEN_PCA128_SVM,2026,5,S000475,RFMID,NORMAL,NORMAL,1,0.0010793924187897607,0.005500018649782819,0.9934205889314274
RETFOUND_MAE_CFP_FROZEN_PCA128_SVM,2026,5,S000479,RFMID,NORMAL,NORMAL,1,0.003108504967624767,0.00214014532720315,0.994751349705172
RETFOUND_MAE_CFP_FROZEN_PCA128_SVM,2026,5,S000483,RFMID,NORMAL,NORMAL,1,1.489992066217274e-07,1.726388480757423e-07,0.9999996783619454
RETFOUND_MAE_CFP_FROZEN_PCA128_SVM,2026,5,S000487,RFMID,NORMAL,NORMAL,1,6.411491068158188e-07,5.231769863938239e-07,0.9999988356739068
RETFOUND_MAE_CFP_FROZEN_PCA128_SVM,2026,5,S000489,RFMID,NORMAL,NORMAL,1,0.0029616288552827144,0.0012186900361910308,0.9958196811085263
RETFOUND_MAE_CFP_FROZEN_PCA128_SVM,2026,5,S000495,RFMID,NORMAL,NORMAL,1,0.002807295189175791,0.0037149620514155346,0.9934777427594088
RETFOUND_MAE_CFP_FROZEN_PCA128_SVM,2026,5,S000496,RFMID,NORMAL,NORMAL,1,0.005748599396021568,0.024632528278128726,0.9696188723258495
RETFOUND_MAE_CFP_FROZEN_PCA128_SVM,2026,5,S000503,RFMID,NORMAL,NORMAL,1,1.0263469366625284e-07,1.0827521583250666e-07,0.9999997890900906
RETFOUND_MAE_CFP_FROZEN_PCA128_SVM,2026,5,S000513,RFMID,NORMAL,NORMAL,1,0.008766524235114752,0.024629394673626178,0.9666040810912591
RETFOUND_MAE_CFP_FROZEN_PCA128_SVM,2026,5,S000519,RFMID,NORMAL,NORMAL,1,0.02566419234684094,0.018257586493079438,0.9560782211600796
RETFOUND_MAE_CFP_FROZEN_PCA128_SVM,2026,5,S000525,RFMID,NORMAL,NORMAL,1,0.0005892435209489417,0.002561935078958628,0.9968488214000922
RETFOUND_MAE_CFP_FROZEN_PCA128_SVM,2026,5,S000526,RFMID,NORMAL,NORMAL,1,0.0017771518753556734,0.1401249669397219,0.8580978811849225
RETFOUND_MAE_CFP_FROZEN_PCA128_SVM,2026,5,S000536,RFMID,AMD_DRY,AMD_DRY,1,0.8387551674063307,0.15500398855868727,0.006240844034981833
RETFOUND_MAE_CFP_FROZEN_PCA128_SVM,2026,5,S000538,RFMID,AMD_DRY,AMD_WET,0,0.25695079123722475,0.7333436673125038,0.009705541450271379
RETFOUND_MAE_CFP_FROZEN_PCA128_SVM,2026,5,S000547,RFMID,AMD_WET,AMD_WET,1,0.37201837344657196,0.6096332732718063,0.0183483532816217
RETFOUND_MAE_CFP_FROZEN_PCA128_SVM,2026,5,S000554,RFMID,AMD_WET,AMD_WET,1,0.005197238474769766,0.9930359232936403,0.0017668382315899228
RETFOUND_MAE_CFP_FROZEN_PCA128_SVM,2026,5,S000556,RFMID,AMD_WET,AMD_WET,1,0.004690162210478191,0.9934210699236572,0.0018887678658645215
RETFOUND_MAE_CFP_FROZEN_PCA128_SVM,2026,5,S000567,RFMID,AMD_WET,AMD_WET,1,0.03140914043814981,0.9628720031834406,0.005718856378409739
RETFOUND_MAE_CFP_FROZEN_PCA128_SVM,2026,5,S000570,RFMID,AMD_WET,AMD_WET,1,0.0018056309578109468,0.9981420671771154,5.230186507378407e-05
RETFOUND_MAE_CFP_FROZEN_PCA128_SVM,2026,5,S000574,RFMID,AMD_WET,AMD_WET,1,0.04851592449494046,0.9497394507330769,0.00174462477198294
RETFOUND_MAE_CFP_FROZEN_PCA128_SVM,2026,5,S000577,RFMID,AMD_WET,AMD_WET,1,0.002201445947712897,0.9973183506897504,0.00048020336253675047
RETFOUND_MAE_CFP_FROZEN_PCA128_SVM,2026,5,S000581,RFMID,AMD_WET,AMD_WET,1,0.014210630695912947,0.9846076942941114,0.001181675009975525
RETFOUND_MAE_CFP_FROZEN_PCA128_SVM,2026,5,S000585,RFMID,AMD_WET,AMD_WET,1,0.007914439071136016,0.992070755456175,1.4805472689067053e-05
RETFOUND_MAE_CFP_FROZEN_PCA128_SVM,2026,5,S000588,RFMID,AMD_WET,AMD_DRY,0,0.6257084752091309,0.35172554490396785,0.02256597988690122
RETFOUND_MAE_CFP_FROZEN_PCA128_SVM,3407,1,S000002,ADAM,AMD_DRY,AMD_DRY,1,0.8382987654307799,0.015929283926563405,0.14577195064265658
RETFOUND_MAE_CFP_FROZEN_PCA128_SVM,3407,1,S000003,ADAM,AMD_DRY,AMD_DRY,1,0.9983204061382431,0.0011807117334397712,0.0004988821283168289
RETFOUND_MAE_CFP_FROZEN_PCA128_SVM,3407,1,S000010,ADAM,AMD_DRY,AMD_DRY,1,0.5843076392916372,0.4112610072632605,0.0044313534451021555
RETFOUND_MAE_CFP_FROZEN_PCA128_SVM,3407,1,S000013,ADAM,AMD_DRY,AMD_DRY,1,0.991911401150893,0.007621340285417126,0.0004672585636898723
RETFOUND_MAE_CFP_FROZEN_PCA128_SVM,3407,1,S000019,ADAM,AMD_DRY,AMD_DRY,1,0.6733491307385394,0.32423933619062456,0.0024115330708359877
RETFOUND_MAE_CFP_FROZEN_PCA128_SVM,3407,1,S000026,ADAM,AMD_DRY,AMD_DRY,1,0.9270864771012378,0.07086712355342681,0.0020463993453353805
RETFOUND_MAE_CFP_FROZEN_PCA128_SVM,3407,1,S000032,ADAM,AMD_DRY,AMD_DRY,1,0.9960909493302247,0.003524640511527386,0.00038441015824780805
RETFOUND_MAE_CFP_FROZEN_PCA128_SVM,3407,1,S000040,ADAM,AMD_WET,AMD_WET,1,0.01680711950191627,0.9828772001244377,0.0003156803736461821
RETFOUND_MAE_CFP_FROZEN_PCA128_SVM,3407,1,S000045,ADAM,AMD_WET,AMD_WET,1,0.22946356771927287,0.7700344872751941,0.000501945005533338
RETFOUND_MAE_CFP_FROZEN_PCA128_SVM,3407,1,S000047,ADAM,AMD_WET,AMD_DRY,0,0.9685564757980989,0.029659280463742676,0.0017842437381581726
RETFOUND_MAE_CFP_FROZEN_PCA128_SVM,3407,1,S000051,ADAM,AMD_WET,AMD_WET,1,0.015122392417597193,0.9846419973703663,0.00023561021203678912
RETFOUND_MAE_CFP_FROZEN_PCA128_SVM,3407,1,S000062,FIVES,NORMAL,NORMAL,1,1.4162993224598641e-06,1.0048039342042933e-06,0.9999975788967433
RETFOUND_MAE_CFP_FROZEN_PCA128_SVM,3407,1,S000064,FIVES,NORMAL,NORMAL,1,0.0001015350177937443,0.0019431800955862328,0.99795528488662
RETFOUND_MAE_CFP_FROZEN_PCA128_SVM,3407,1,S000071,FIVES,NORMAL,NORMAL,1,0.005306976180889135,0.08780460971992832,0.9068884140991826
RETFOUND_MAE_CFP_FROZEN_PCA128_SVM,3407,1,S000072,FIVES,NORMAL,NORMAL,1,0.015489926132249353,0.006314718597287075,0.9781953552704635
RETFOUND_MAE_CFP_FROZEN_PCA128_SVM,3407,1,S000083,FIVES,NORMAL,NORMAL,1,0.0001331844617821583,0.011243315606095903,0.988623499932122
RETFOUND_MAE_CFP_FROZEN_PCA128_SVM,3407,1,S000085,FIVES,NORMAL,NORMAL,1,4.029376608181782e-06,4.273427673947202e-06,0.9999916971957179
RETFOUND_MAE_CFP_FROZEN_PCA128_SVM,3407,1,S000090,FIVES,NORMAL,NORMAL,1,1.924599263942012e-06,1.7308961306448684e-06,0.9999963445046054
RETFOUND_MAE_CFP_FROZEN_PCA128_SVM,3407,1,S000093,FIVES,NORMAL,NORMAL,1,4.413534795917905e-07,4.6401986604339835e-07,0.9999990946266544
RETFOUND_MAE_CFP_FROZEN_PCA128_SVM,3407,1,S000101,FIVES,NORMAL,NORMAL,1,1.027217106018165e-06,7.310207681986691e-07,0.9999982417621257
RETFOUND_MAE_CFP_FROZEN_PCA128_SVM,3407,1,S000105,FIVES,NORMAL,NORMAL,1,1.678845699559653e-06,1.7613271029750825e-06,0.9999965598271975
RETFOUND_MAE_CFP_FROZEN_PCA128_SVM,3407,1,S000106,FIVES,NORMAL,NORMAL,1,0.00011506549384963124,0.0045609438577283645,0.995323990648422
RETFOUND_MAE_CFP_FROZEN_PCA128_SVM,3407,1,S000107,FIVES,NORMAL,NORMAL,1,0.00025429442232588874,0.014877815798393805,0.9848678897792805
RETFOUND_MAE_CFP_FROZEN_PCA128_SVM,3407,1,S000111,FIVES,NORMAL,NORMAL,1,0.0032219521086389066,0.0011717397608723575,0.9956063081304886
RETFOUND_MAE_CFP_FROZEN_PCA128_SVM,3407,1,S000114,FIVES,NORMAL,NORMAL,1,5.2291058161407823e-05,0.0021067291860448817,0.9978409797557936
RETFOUND_MAE_CFP_FROZEN_PCA128_SVM,3407,1,S000123,FIVES,NORMAL,NORMAL,1,2.4745903955533765e-07,2.453513137732488e-07,0.9999995071896466
RETFOUND_MAE_CFP_FROZEN_PCA128_SVM,3407,1,S000124,FIVES,NORMAL,NORMAL,1,1.7457914287007437e-05,0.0037949994052692217,0.9961875426804438
RETFOUND_MAE_CFP_FROZEN_PCA128_SVM,3407,1,S000126,FIVES,NORMAL,NORMAL,1,0.006454946231216001,0.0693790372624112,0.924166016506373
RETFOUND_MAE_CFP_FROZEN_PCA128_SVM,3407,1,S000136,FIVES,NORMAL,NORMAL,1,4.565401215035006e-06,2.9043998202044673e-06,0.9999925301989647
RETFOUND_MAE_CFP_FROZEN_PCA128_SVM,3407,1,S000142,FIVES,NORMAL,NORMAL,1,1.97947471218091e-06,2.25777875912056e-06,0.9999957627465287
RETFOUND_MAE_CFP_FROZEN_PCA128_SVM,3407,1,S000143,FIVES,NORMAL,NORMAL,1,2.9753814424840426e-07,2.477415273621283e-07,0.9999994547203284
RETFOUND_MAE_CFP_FROZEN_PCA128_SVM,3407,1,S000157,FIVES,AMD_DRY,AMD_WET,0,0.3762394839158227,0.618167839875092,0.005592676209085041
RETFOUND_MAE_CFP_FROZEN_PCA128_SVM,3407,1,S000165,FIVES,AMD_DRY,AMD_DRY,1,0.9845912119358555,0.01426562304204213,0.0011431650221023363
RETFOUND_MAE_CFP_FROZEN_PCA128_SVM,3407,1,S000166,FIVES,AMD_DRY,AMD_WET,0,1.3239335380827575e-06,0.9999806159308883,1.8060135573594977e-05
RETFOUND_MAE_CFP_FROZEN_PCA128_SVM,3407,1,S000171,FIVES,AMD_WET,AMD_WET,1,0.009449347895320355,0.9902324995700911,0.000318152534588744
RETFOUND_MAE_CFP_FROZEN_PCA128_SVM,3407,1,S000175,FIVES,AMD_WET,AMD_WET,1,0.018986750885673583,0.9806816440342322,0.0003316050800941685
RETFOUND_MAE_CFP_FROZEN_PCA128_SVM,3407,1,S000181,FIVES,AMD_WET,AMD_WET,1,0.05036314294314272,0.9493369061473829,0.00029995090947439374
RETFOUND_MAE_CFP_FROZEN_PCA128_SVM,3407,1,S000196,FIVES,AMD_WET,AMD_WET,1,1.1619101820024888e-07,0.9999056163341559,9.426747482582719e-05
RETFOUND_MAE_CFP_FROZEN_PCA128_SVM,3407,1,S000197,FIVES,AMD_WET,AMD_WET,1,1.4499865710107718e-09,0.9999950984202621,4.900129751321988e-06
RETFOUND_MAE_CFP_FROZEN_PCA128_SVM,3407,1,S000198,FIVES,AMD_WET,AMD_WET,1,0.004146219063480009,0.9904197384458977,0.0054340424906222096
RETFOUND_MAE_CFP_FROZEN_PCA128_SVM,3407,1,S000199,FIVES,AMD_WET,AMD_WET,1,0.2519547108358332,0.7474103702679076,0.0006349188962594896
RETFOUND_MAE_CFP_FROZEN_PCA128_SVM,3407,1,S000209,FIVES,AMD_WET,AMD_WET,1,0.007417000430079926,0.9885640951115037,0.0040189044584163025
RETFOUND_MAE_CFP_FROZEN_PCA128_SVM,3407,1,S000214,FIVES,AMD_WET,AMD_WET,1,0.015591084501192058,0.984049703833667,0.0003592116651412935
RETFOUND_MAE_CFP_FROZEN_PCA128_SVM,3407,1,S000221,FIVES,AMD_WET,AMD_WET,1,0.008441992938410898,0.9908817221397129,0.0006762849218760341
RETFOUND_MAE_CFP_FROZEN_PCA128_SVM,3407,1,S000223,FIVES,AMD_WET,AMD_WET,1,0.15875912462001449,0.8351958786840663,0.0060449966959191005
RETFOUND_MAE_CFP_FROZEN_PCA128_SVM,3407,1,S000228,FIVES,AMD_WET,AMD_WET,1,0.002149900817514383,0.9971525939725031,0.0006975052099822736
RETFOUND_MAE_CFP_FROZEN_PCA128_SVM,3407,1,S000231,FIVES,AMD_WET,AMD_DRY,0,0.7135799321412207,0.28138131520468945,0.005038752654089811
RETFOUND_MAE_CFP_FROZEN_PCA128_SVM,3407,1,S000240,ODIR,NORMAL,NORMAL,1,0.0009591618685694326,0.002361302468620116,0.9966795356628105
RETFOUND_MAE_CFP_FROZEN_PCA128_SVM,3407,1,S000252,ODIR,NORMAL,NORMAL,1,0.0003929931620951943,0.0013958661318161664,0.9982111407060885
RETFOUND_MAE_CFP_FROZEN_PCA128_SVM,3407,1,S000255,ODIR,NORMAL,NORMAL,1,1.1415303847953287e-06,5.880057992667122e-07,0.9999982704638158
RETFOUND_MAE_CFP_FROZEN_PCA128_SVM,3407,1,S000256,ODIR,NORMAL,NORMAL,1,4.405526681430036e-07,2.2212397754709446e-07,0.9999993373233543
RETFOUND_MAE_CFP_FROZEN_PCA128_SVM,3407,1,S000258,ODIR,NORMAL,NORMAL,1,0.005439954453962518,0.0003863836426122369,0.9941736619034253
RETFOUND_MAE_CFP_FROZEN_PCA128_SVM,3407,1,S000264,ODIR,NORMAL,NORMAL,1,2.387319903439756e-07,1.3035078030559604e-07,0.9999996309172293
RETFOUND_MAE_CFP_FROZEN_PCA128_SVM,3407,1,S000265,ODIR,NORMAL,NORMAL,1,0.004183080333912511,0.0015559432471368958,0.9942609764189504
RETFOUND_MAE_CFP_FROZEN_PCA128_SVM,3407,1,S000267,ODIR,NORMAL,NORMAL,1,0.0037644058969028534,0.0014295997635970766,0.9948059943394999
RETFOUND_MAE_CFP_FROZEN_PCA128_SVM,3407,1,S000268,ODIR,NORMAL,NORMAL,1,0.0012582056558423415,0.005664884999538348,0.9930769093446195
RETFOUND_MAE_CFP_FROZEN_PCA128_SVM,3407,1,S000274,ODIR,NORMAL,NORMAL,1,0.0021836501849283735,0.0016938282008308056,0.9961225216142408
RETFOUND_MAE_CFP_FROZEN_PCA128_SVM,3407,1,S000275,ODIR,NORMAL,NORMAL,1,0.00026425258429291297,0.003377034072449278,0.9963587133432579
RETFOUND_MAE_CFP_FROZEN_PCA128_SVM,3407,1,S000282,ODIR,NORMAL,NORMAL,1,2.0229829463846886e-07,1.0453707781359298e-07,0.9999996931646276
RETFOUND_MAE_CFP_FROZEN_PCA128_SVM,3407,1,S000291,ODIR,NORMAL,NORMAL,1,0.005411930990433591,0.020808486118558924,0.9737795828910077
RETFOUND_MAE_CFP_FROZEN_PCA128_SVM,3407,1,S000298,ODIR,NORMAL,NORMAL,1,1.1864093392509455e-06,6.369189356097447e-07,0.9999981766717252
RETFOUND_MAE_CFP_FROZEN_PCA128_SVM,3407,1,S000307,ODIR,NORMAL,NORMAL,1,1.5698453470884508e-06,7.965343017643452e-07,0.9999976336203511
RETFOUND_MAE_CFP_FROZEN_PCA128_SVM,3407,1,S000317,ODIR,NORMAL,NORMAL,1,0.0017368953236597683,0.00020319798315399806,0.9980599066931861
RETFOUND_MAE_CFP_FROZEN_PCA128_SVM,3407,1,S000318,ODIR,NORMAL,NORMAL,1,0.02925025767643203,0.0004013205928326723,0.9703484217307354
RETFOUND_MAE_CFP_FROZEN_PCA128_SVM,3407,1,S000321,ODIR,NORMAL,NORMAL,1,0.0031804582110998127,0.005699984140455093,0.9911195576484451
RETFOUND_MAE_CFP_FROZEN_PCA128_SVM,3407,1,S000326,ODIR,NORMAL,NORMAL,1,0.004674172239552718,0.00023842351088528626,0.9950874042495621
RETFOUND_MAE_CFP_FROZEN_PCA128_SVM,3407,1,S000327,ODIR,NORMAL,NORMAL,1,0.015504020703029246,0.006260173994659044,0.9782358053023117
RETFOUND_MAE_CFP_FROZEN_PCA128_SVM,3407,1,S000329,ODIR,NORMAL,NORMAL,1,0.011382304255506273,0.009532871455751213,0.9790848242887426
RETFOUND_MAE_CFP_FROZEN_PCA128_SVM,3407,1,S000333,ODIR,NORMAL,NORMAL,1,0.003639927956508492,0.0023973125905917916,0.9939627594528999
RETFOUND_MAE_CFP_FROZEN_PCA128_SVM,3407,1,S000349,ODIR,NORMAL,NORMAL,1,0.0033054227572001573,0.0021904112069583937,0.9945041660358416
RETFOUND_MAE_CFP_FROZEN_PCA128_SVM,3407,1,S000351,ODIR,NORMAL,NORMAL,1,0.005100021525889079,0.0002767679238581772,0.9946232105502527
RETFOUND_MAE_CFP_FROZEN_PCA128_SVM,3407,1,S000356,ODIR,NORMAL,NORMAL,1,0.003722032585493097,0.00025908756797138376,0.9960188798465355
RETFOUND_MAE_CFP_FROZEN_PCA128_SVM,3407,1,S000382,ODIR,AMD_DRY,AMD_WET,0,0.353708197885263,0.6435051058884018,0.0027866962263349503
RETFOUND_MAE_CFP_FROZEN_PCA128_SVM,3407,1,S000387,ODIR,AMD_DRY,AMD_DRY,1,0.7422214240532323,0.2529603275384794,0.004818248408288005
RETFOUND_MAE_CFP_FROZEN_PCA128_SVM,3407,1,S000388,ODIR,AMD_DRY,AMD_DRY,1,0.7001895326761096,0.29639801083167855,0.003412456492212065
RETFOUND_MAE_CFP_FROZEN_PCA128_SVM,3407,1,S000397,ODIR,AMD_DRY,AMD_DRY,1,0.9483381079702355,0.0508234221841423,0.0008384698456222557
RETFOUND_MAE_CFP_FROZEN_PCA128_SVM,3407,1,S000405,ODIR,AMD_DRY,AMD_DRY,1,0.9960057921312413,0.0038080407483942705,0.0001861671203645002
RETFOUND_MAE_CFP_FROZEN_PCA128_SVM,3407,1,S000408,ODIR,AMD_DRY,AMD_DRY,1,0.7003293502287591,0.18009356156088221,0.11957708821035878
RETFOUND_MAE_CFP_FROZEN_PCA128_SVM,3407,1,S000413,ODIR,AMD_DRY,AMD_DRY,1,0.9812060207988428,0.013145386754158163,0.005648592446999023
RETFOUND_MAE_CFP_FROZEN_PCA128_SVM,3407,1,S000414,ODIR,AMD_DRY,AMD_DRY,1,0.9821447910983226,0.015651766678206308,0.002203442223470758
RETFOUND_MAE_CFP_FROZEN_PCA128_SVM,3407,1,S000415,ODIR,AMD_DRY,AMD_DRY,1,0.9937473383153969,0.004066946930282983,0.0021857147543202287
RETFOUND_MAE_CFP_FROZEN_PCA128_SVM,3407,1,S000421,ODIR,AMD_DRY,AMD_DRY,1,0.9372322904749113,0.05593115137878919,0.006836558146299223
RETFOUND_MAE_CFP_FROZEN_PCA128_SVM,3407,1,S000422,ODIR,AMD_DRY,AMD_DRY,1,0.9674176571506788,0.025518631690130928,0.007063711159190082
RETFOUND_MAE_CFP_FROZEN_PCA128_SVM,3407,1,S000429,ODIR,AMD_DRY,AMD_DRY,1,0.9956342026867391,0.0043297869617148965,3.601035154592045e-05
RETFOUND_MAE_CFP_FROZEN_PCA128_SVM,3407,1,S000431,ODIR,AMD_DRY,AMD_DRY,1,0.9818511466217461,0.01769554865856722,0.0004533047196867218
RETFOUND_MAE_CFP_FROZEN_PCA128_SVM,3407,1,S000432,ODIR,AMD_DRY,AMD_DRY,1,0.9892365022481089,0.0069773422927463,0.0037861554591447797
RETFOUND_MAE_CFP_FROZEN_PCA128_SVM,3407,1,S000433,ODIR,AMD_DRY,AMD_DRY,1,0.9928748962240743,0.006912204547657516,0.00021289922826801477
RETFOUND_MAE_CFP_FROZEN_PCA128_SVM,3407,1,S000436,ODIR,AMD_DRY,AMD_DRY,1,0.9779581766642621,0.0203329783697823,0.0017088449659555397
RETFOUND_MAE_CFP_FROZEN_PCA128_SVM,3407,1,S000437,ODIR,AMD_DRY,AMD_DRY,1,0.8038389956297884,0.13524407287416695,0.060916931496044845
RETFOUND_MAE_CFP_FROZEN_PCA128_SVM,3407,1,S000446,ODIR,AMD_WET,AMD_DRY,0,0.82273896749659,0.17201569005632822,0.005245342447081835
RETFOUND_MAE_CFP_FROZEN_PCA128_SVM,3407,1,S000450,ODIR,AMD_WET,AMD_WET,1,0.005685439035767154,0.9925669150418759,0.0017476459223572576
RETFOUND_MAE_CFP_FROZEN_PCA128_SVM,3407,1,S000452,ODIR,AMD_WET,AMD_DRY,0,0.7047367018049112,0.02885969095915351,0.2664036072359354
RETFOUND_MAE_CFP_FROZEN_PCA128_SVM,3407,1,S000454,ODIR,AMD_WET,AMD_WET,1,0.05312972158086384,0.9418828215234887,0.004987456895647458
RETFOUND_MAE_CFP_FROZEN_PCA128_SVM,3407,1,S000467,ODIR,AMD_WET,AMD_WET,1,0.029432822303135965,0.9640325689684216,0.006534608728442386
RETFOUND_MAE_CFP_FROZEN_PCA128_SVM,3407,1,S000477,RFMID,NORMAL,NORMAL,1,9.861360577893777e-05,0.003244971154921025,0.9966564152393
RETFOUND_MAE_CFP_FROZEN_PCA128_SVM,3407,1,S000480,RFMID,NORMAL,NORMAL,1,8.394863558693457e-07,5.208491173896694e-07,0.9999986396645267
RETFOUND_MAE_CFP_FROZEN_PCA128_SVM,3407,1,S000484,RFMID,NORMAL,NORMAL,1,0.007109641126768191,0.033593417470038786,0.9592969414031932
RETFOUND_MAE_CFP_FROZEN_PCA128_SVM,3407,1,S000485,RFMID,NORMAL,NORMAL,1,0.001085268933173326,0.0026719266028285968,0.9962428044639979
RETFOUND_MAE_CFP_FROZEN_PCA128_SVM,3407,1,S000491,RFMID,NORMAL,NORMAL,1,0.010122347669718004,0.07701477273310421,0.9128628795971777
RETFOUND_MAE_CFP_FROZEN_PCA128_SVM,3407,1,S000493,RFMID,NORMAL,NORMAL,1,0.00015309443065497812,0.006946651870651221,0.9929002536986937
RETFOUND_MAE_CFP_FROZEN_PCA128_SVM,3407,1,S000504,RFMID,NORMAL,NORMAL,1,3.247803070227531e-06,2.1571518413047357e-06,0.9999945950450884
RETFOUND_MAE_CFP_FROZEN_PCA128_SVM,3407,1,S000506,RFMID,NORMAL,NORMAL,1,0.00015889107989991457,0.0028717614272858985,0.9969693474928143
RETFOUND_MAE_CFP_FROZEN_PCA128_SVM,3407,1,S000507,RFMID,NORMAL,NORMAL,1,1.440248081144932e-07,9.218251309735412e-08,0.9999997637926789
RETFOUND_MAE_CFP_FROZEN_PCA128_SVM,3407,1,S000515,RFMID,NORMAL,NORMAL,1,4.8867618391068495e-06,3.572601985740572e-06,0.9999915406361751
RETFOUND_MAE_CFP_FROZEN_PCA128_SVM,3407,1,S000522,RFMID,NORMAL,NORMAL,1,0.0037927112251740108,0.012555850011980141,0.9836514387628458
RETFOUND_MAE_CFP_FROZEN_PCA128_SVM,3407,1,S000527,RFMID,NORMAL,NORMAL,1,0.00044869216486604485,0.002328563065692056,0.9972227447694421
RETFOUND_MAE_CFP_FROZEN_PCA128_SVM,3407,1,S000529,RFMID,NORMAL,NORMAL,1,0.00030226088999329016,0.004834547238896198,0.9948631918711106
RETFOUND_MAE_CFP_FROZEN_PCA128_SVM,3407,1,S000542,RFMID,AMD_DRY,AMD_DRY,1,0.6154572662613712,0.38118072726919394,0.0033620064694350154
RETFOUND_MAE_CFP_FROZEN_PCA128_SVM,3407,1,S000545,RFMID,AMD_WET,AMD_WET,1,0.05731183123975776,0.942493451982485,0.00019471677775745514
RETFOUND_MAE_CFP_FROZEN_PCA128_SVM,3407,1,S000552,RFMID,AMD_WET,AMD_WET,1,0.014510261068061383,0.9740472162484726,0.011442522683466067
RETFOUND_MAE_CFP_FROZEN_PCA128_SVM,3407,1,S000553,RFMID,AMD_WET,AMD_WET,1,0.030307664084264885,0.9567835236580116,0.012908812257723619
RETFOUND_MAE_CFP_FROZEN_PCA128_SVM,3407,1,S000565,RFMID,AMD_WET,AMD_WET,1,1.7728623970916482e-06,0.9999791321412784,1.90949963245236e-05
RETFOUND_MAE_CFP_FROZEN_PCA128_SVM,3407,1,S000576,RFMID,AMD_WET,AMD_WET,1,2.699177201075496e-06,0.9993352566041138,0.0006620442186850143
RETFOUND_MAE_CFP_FROZEN_PCA128_SVM,3407,1,S000578,RFMID,AMD_WET,AMD_WET,1,0.028266088879380934,0.9707151471026805,0.0010187640179385705
RETFOUND_MAE_CFP_FROZEN_PCA128_SVM,3407,1,S000580,RFMID,AMD_WET,AMD_WET,1,2.6685317416756043e-06,0.9993568326702488,0.0006404987980094692
RETFOUND_MAE_CFP_FROZEN_PCA128_SVM,3407,1,S000583,RFMID,AMD_WET,AMD_WET,1,0.01711902999163473,0.9788992828821202,0.0039816871262450485
RETFOUND_MAE_CFP_FROZEN_PCA128_SVM,3407,1,S000584,RFMID,AMD_WET,AMD_WET,1,7.445078052576197e-06,0.9986402924542215,0.0013522624677259666
RETFOUND_MAE_CFP_FROZEN_PCA128_SVM,3407,1,S000589,RFMID,AMD_WET,AMD_WET,1,0.04318842771349348,0.9506617826377672,0.006149789648739395
RETFOUND_MAE_CFP_FROZEN_PCA128_SVM,3407,1,S000591,RFMID,AMD_WET,AMD_WET,1,4.542775624542674e-06,0.9990392736828894,0.0009561835414860141
RETFOUND_MAE_CFP_FROZEN_PCA128_SVM,3407,2,S000005,ADAM,AMD_DRY,AMD_DRY,1,0.6812516589466951,0.002025074200891958,0.3167232668524129
RETFOUND_MAE_CFP_FROZEN_PCA128_SVM,3407,2,S000006,ADAM,AMD_DRY,AMD_DRY,1,0.8849574944268682,0.11498684712801402,5.565844511777951e-05
RETFOUND_MAE_CFP_FROZEN_PCA128_SVM,3407,2,S000009,ADAM,AMD_DRY,AMD_DRY,1,0.9619027186253478,0.03776498857062451,0.0003322928040278425
RETFOUND_MAE_CFP_FROZEN_PCA128_SVM,3407,2,S000011,ADAM,AMD_DRY,AMD_DRY,1,0.7110166297277486,0.04381554882051764,0.24516782145173374
RETFOUND_MAE_CFP_FROZEN_PCA128_SVM,3407,2,S000025,ADAM,AMD_DRY,AMD_DRY,1,0.8761346022662054,0.023566299657127452,0.10029909807666718
RETFOUND_MAE_CFP_FROZEN_PCA128_SVM,3407,2,S000027,ADAM,AMD_DRY,AMD_DRY,1,0.8655615956130823,0.003044367680313454,0.13139403670660407
RETFOUND_MAE_CFP_FROZEN_PCA128_SVM,3407,2,S000033,ADAM,AMD_DRY,AMD_DRY,1,0.9966713275880309,0.0002896082183178937,0.003039064193651316
RETFOUND_MAE_CFP_FROZEN_PCA128_SVM,3407,2,S000037,ADAM,AMD_WET,AMD_DRY,0,0.6016566966046711,0.3977511343221933,0.000592169073135477
RETFOUND_MAE_CFP_FROZEN_PCA128_SVM,3407,2,S000039,ADAM,AMD_WET,AMD_WET,1,1.909631640328181e-06,0.9995760169719293,0.00042207339643014703
RETFOUND_MAE_CFP_FROZEN_PCA128_SVM,3407,2,S000044,ADAM,AMD_WET,AMD_DRY,0,0.7091237705951762,0.28975756834794714,0.0011186610568767175
RETFOUND_MAE_CFP_FROZEN_PCA128_SVM,3407,2,S000049,ADAM,AMD_WET,AMD_DRY,0,0.7217992081865298,0.003574014064268851,0.27462677774920125
RETFOUND_MAE_CFP_FROZEN_PCA128_SVM,3407,2,S000054,FIVES,NORMAL,NORMAL,1,2.8254028877470605e-07,3.0796243194510665e-07,0.9999994094972793
RETFOUND_MAE_CFP_FROZEN_PCA128_SVM,3407,2,S000059,FIVES,NORMAL,NORMAL,1,7.021869951590861e-07,7.613111266280666e-07,0.9999985365018782
RETFOUND_MAE_CFP_FROZEN_PCA128_SVM,3407,2,S000060,FIVES,NORMAL,NORMAL,1,0.0001538594041856548,0.003554561466317284,0.9962915791294968
RETFOUND_MAE_CFP_FROZEN_PCA128_SVM,3407,2,S000063,FIVES,NORMAL,NORMAL,1,1.1062008637707114e-07,9.33549519581695e-08,0.9999997960249617
RETFOUND_MAE_CFP_FROZEN_PCA128_SVM,3407,2,S000068,FIVES,NORMAL,NORMAL,1,0.0010766611041839902,0.0020056479076049046,0.9969176909882111
RETFOUND_MAE_CFP_FROZEN_PCA128_SVM,3407,2,S000069,FIVES,NORMAL,NORMAL,1,1.7859459131390773e-07,1.25108363510716e-07,0.9999996962970451
RETFOUND_MAE_CFP_FROZEN_PCA128_SVM,3407,2,S000091,FIVES,NORMAL,NORMAL,1,0.0004425392352632528,0.002270702363293943,0.9972867584014428
RETFOUND_MAE_CFP_FROZEN_PCA128_SVM,3407,2,S000092,FIVES,NORMAL,NORMAL,1,0.00048406140262530315,0.005773328746945301,0.9937426098504295
RETFOUND_MAE_CFP_FROZEN_PCA128_SVM,3407,2,S000098,FIVES,NORMAL,NORMAL,1,1.111159115258096e-06,8.92995451652797e-07,0.9999979958454331
RETFOUND_MAE_CFP_FROZEN_PCA128_SVM,3407,2,S000099,FIVES,NORMAL,NORMAL,1,0.00851484616392381,0.029036541116252527,0.9624486127198236
RETFOUND_MAE_CFP_FROZEN_PCA128_SVM,3407,2,S000102,FIVES,NORMAL,NORMAL,1,8.936302300005145e-08,9.461295141946524e-08,0.9999998160240255
RETFOUND_MAE_CFP_FROZEN_PCA128_SVM,3407,2,S000112,FIVES,NORMAL,NORMAL,1,2.55070580738658e-06,2.3474355882480533e-06,0.9999951018586044
RETFOUND_MAE_CFP_FROZEN_PCA128_SVM,3407,2,S000113,FIVES,NORMAL,NORMAL,1,3.2977518366449637e-07,3.4984682142326923e-07,0.9999993203779949
RETFOUND_MAE_CFP_FROZEN_PCA128_SVM,3407,2,S000121,FIVES,NORMAL,NORMAL,1,2.477249307217229e-07,2.837810822942184e-07,0.9999994684939869
RETFOUND_MAE_CFP_FROZEN_PCA128_SVM,3407,2,S000134,FIVES,NORMAL,NORMAL,1,0.0002494919738204373,0.002005191670767438,0.9977453163554122
RETFOUND_MAE_CFP_FROZEN_PCA128_SVM,3407,2,S000137,FIVES,NORMAL,NORMAL,1,2.282866070998882e-06,1.18600865366415e-06,0.9999965311252753
RETFOUND_MAE_CFP_FROZEN_PCA128_SVM,3407,2,S000138,FIVES,NORMAL,NORMAL,1,2.5906184539236934e-06,2.779500422952115e-06,0.9999946298811232
RETFOUND_MAE_CFP_FROZEN_PCA128_SVM,3407,2,S000147,FIVES,NORMAL,NORMAL,1,0.00039094059145789893,0.004096635602949491,0.9955124238055925
RETFOUND_MAE_CFP_FROZEN_PCA128_SVM,3407,2,S000150,FIVES,NORMAL,NORMAL,1,0.0013569710090501892,0.0035045444094529508,0.9951384845814967
RETFOUND_MAE_CFP_FROZEN_PCA128_SVM,3407,2,S000153,FIVES,AMD_DRY,AMD_DRY,1,0.9793821931786929,0.016116759146702932,0.004501047674604256
RETFOUND_MAE_CFP_FROZEN_PCA128_SVM,3407,2,S000154,FIVES,AMD_DRY,AMD_DRY,1,0.9800637230127179,0.019060653491229356,0.0008756234960526797
RETFOUND_MAE_CFP_FROZEN_PCA128_SVM,3407,2,S000160,FIVES,AMD_DRY,AMD_DRY,1,0.9844996998779729,0.005851561413939209,0.009648738708087867
RETFOUND_MAE_CFP_FROZEN_PCA128_SVM,3407,2,S000167,FIVES,AMD_WET,AMD_WET,1,0.12288961531160492,0.8753181495781968,0.0017922351101983289
RETFOUND_MAE_CFP_FROZEN_PCA128_SVM,3407,2,S000178,FIVES,AMD_WET,AMD_WET,1,0.003484462891512818,0.9957850785254799,0.0007304585830071439
RETFOUND_MAE_CFP_FROZEN_PCA128_SVM,3407,2,S000180,FIVES,AMD_WET,AMD_WET,1,0.005521046839011732,0.9942923035174454,0.0001866496435427572
RETFOUND_MAE_CFP_FROZEN_PCA128_SVM,3407,2,S000183,FIVES,AMD_WET,AMD_WET,1,1.5060250761219496e-06,0.9992005938914789,0.0007979000834449241
RETFOUND_MAE_CFP_FROZEN_PCA128_SVM,3407,2,S000184,FIVES,AMD_WET,AMD_WET,1,0.002342565235408791,0.9975860000460273,7.143471856406371e-05
RETFOUND_MAE_CFP_FROZEN_PCA128_SVM,3407,2,S000186,FIVES,AMD_WET,AMD_WET,1,0.0027606735012077155,0.9968091946391466,0.000430131859645753
RETFOUND_MAE_CFP_FROZEN_PCA128_SVM,3407,2,S000188,FIVES,AMD_WET,AMD_WET,1,0.002666524123064999,0.9972871164909104,4.635938602494644e-05
RETFOUND_MAE_CFP_FROZEN_PCA128_SVM,3407,2,S000205,FIVES,AMD_WET,AMD_WET,1,1.496350164902208e-07,0.9998051151266758,0.00019473523830778098
RETFOUND_MAE_CFP_FROZEN_PCA128_SVM,3407,2,S000210,FIVES,AMD_WET,AMD_WET,1,0.005449323729750601,0.9926272113301284,0.0019234649401209695
RETFOUND_MAE_CFP_FROZEN_PCA128_SVM,3407,2,S000222,FIVES,AMD_WET,AMD_WET,1,4.898448751847173e-07,0.9995775547740674,0.00042195538105750343
RETFOUND_MAE_CFP_FROZEN_PCA128_SVM,3407,2,S000226,FIVES,AMD_WET,AMD_WET,1,0.016512416667211455,0.981645943748294,0.001841639584494658
RETFOUND_MAE_CFP_FROZEN_PCA128_SVM,3407,2,S000230,FIVES,AMD_WET,AMD_WET,1,3.8716006813799704e-07,0.99990018414324,9.942869669183887e-05
RETFOUND_MAE_CFP_FROZEN_PCA128_SVM,3407,2,S000233,FIVES,AMD_WET,AMD_WET,1,0.005674461183596249,0.8903306670383574,0.10399487177804652
RETFOUND_MAE_CFP_FROZEN_PCA128_SVM,3407,2,S000238,FIVES,AMD_WET,AMD_WET,1,0.04978318453891139,0.8038066531738042,0.1464101622872846
RETFOUND_MAE_CFP_FROZEN_PCA128_SVM,3407,2,S000241,ODIR,NORMAL,NORMAL,1,0.032267803868160735,0.000843980262871011,0.9668882158689682
RETFOUND_MAE_CFP_FROZEN_PCA128_SVM,3407,2,S000244,ODIR,NORMAL,NORMAL,1,0.002101697219181948,0.003709644064894934,0.9941886587159232
RETFOUND_MAE_CFP_FROZEN_PCA128_SVM,3407,2,S000250,ODIR,NORMAL,NORMAL,1,0.05990084400681901,0.0010281506632025756,0.9390710053299783
RETFOUND_MAE_CFP_FROZEN_PCA128_SVM,3407,2,S000259,ODIR,NORMAL,NORMAL,1,5.858453998175853e-06,2.942552288630657e-06,0.9999911989937131
RETFOUND_MAE_CFP_FROZEN_PCA128_SVM,3407,2,S000260,ODIR,NORMAL,NORMAL,1,0.0013496163814130824,0.0013594939926410102,0.997290889625946
RETFOUND_MAE_CFP_FROZEN_PCA128_SVM,3407,2,S000261,ODIR,NORMAL,NORMAL,1,0.004447713516101954,0.00010669498259401378,0.9954455915013043
RETFOUND_MAE_CFP_FROZEN_PCA128_SVM,3407,2,S000266,ODIR,NORMAL,NORMAL,1,4.046587860237563e-08,2.0400816801579974e-08,0.9999999391333045
RETFOUND_MAE_CFP_FROZEN_PCA128_SVM,3407,2,S000276,ODIR,NORMAL,NORMAL,1,1.984323422952168e-06,1.0046903481557906e-06,0.999997010986229
RETFOUND_MAE_CFP_FROZEN_PCA128_SVM,3407,2,S000284,ODIR,NORMAL,NORMAL,1,0.013493624781911642,0.0007719420431062595,0.9857344331749821
RETFOUND_MAE_CFP_FROZEN_PCA128_SVM,3407,2,S000287,ODIR,NORMAL,NORMAL,1,0.022695217439877808,0.0007236560343749894,0.9765811265257472
RETFOUND_MAE_CFP_FROZEN_PCA128_SVM,3407,2,S000290,ODIR,NORMAL,NORMAL,1,3.806548140489678e-06,1.9938364344603392e-06,0.999994199615425
RETFOUND_MAE_CFP_FROZEN_PCA128_SVM,3407,2,S000293,ODIR,NORMAL,NORMAL,1,0.00045241533181158126,0.0012121979730141247,0.9983353866951744
RETFOUND_MAE_CFP_FROZEN_PCA128_SVM,3407,2,S000295,ODIR,NORMAL,NORMAL,1,0.3963647875892441,0.0027191977785085367,0.6009160146322473
RETFOUND_MAE_CFP_FROZEN_PCA128_SVM,3407,2,S000297,ODIR,NORMAL,NORMAL,1,0.004730195502994414,0.0002383957346248725,0.9950314087623806
RETFOUND_MAE_CFP_FROZEN_PCA128_SVM,3407,2,S000300,ODIR,NORMAL,NORMAL,1,0.00284541539356555,0.004010159833150133,0.9931444247732846
RETFOUND_MAE_CFP_FROZEN_PCA128_SVM,3407,2,S000310,ODIR,NORMAL,NORMAL,1,3.8275633819551716e-06,2.3645861021784783e-06,0.999993807850516
RETFOUND_MAE_CFP_FROZEN_PCA128_SVM,3407,2,S000322,ODIR,NORMAL,NORMAL,1,0.007197385773162088,0.003222669399191773,0.9895799448276461
RETFOUND_MAE_CFP_FROZEN_PCA128_SVM,3407,2,S000340,ODIR,NORMAL,NORMAL,1,0.0011025692109219928,0.0009948063619520293,0.9979026244271259
RETFOUND_MAE_CFP_FROZEN_PCA128_SVM,3407,2,S000344,ODIR,NORMAL,NORMAL,1,2.411003127376457e-07,1.2478078888856663e-07,0.9999996341188984
RETFOUND_MAE_CFP_FROZEN_PCA128_SVM,3407,2,S000345,ODIR,NORMAL,NORMAL,1,9.16878153937637e-08,4.729114468813302e-08,0.9999998610210399
RETFOUND_MAE_CFP_FROZEN_PCA128_SVM,3407,2,S000347,ODIR,NORMAL,NORMAL,1,0.062061759678328644,0.01351838829018443,0.924419852031487
RETFOUND_MAE_CFP_FROZEN_PCA128_SVM,3407,2,S000350,ODIR,NORMAL,NORMAL,1,0.0029832128718139477,0.007127294871696601,0.9898894922564895
RETFOUND_MAE_CFP_FROZEN_PCA128_SVM,3407,2,S000352,ODIR,NORMAL,NORMAL,1,0.045475292117818075,0.1266497210992693,0.8278749867829123
RETFOUND_MAE_CFP_FROZEN_PCA128_SVM,3407,2,S000359,ODIR,NORMAL,NORMAL,1,0.004062838731497328,0.001512404822557027,0.994424756445946
RETFOUND_MAE_CFP_FROZEN_PCA128_SVM,3407,2,S000361,ODIR,NORMAL,NORMAL,1,0.01461260270109967,0.0015356020244987922,0.9838517952744016
RETFOUND_MAE_CFP_FROZEN_PCA128_SVM,3407,2,S000366,ODIR,AMD_DRY,AMD_DRY,1,0.5295786015797704,0.21999252228720334,0.2504288761330262
RETFOUND_MAE_CFP_FROZEN_PCA128_SVM,3407,2,S000368,ODIR,AMD_DRY,AMD_DRY,1,0.9860186599809602,0.00164457078654578,0.012336769232494174
RETFOUND_MAE_CFP_FROZEN_PCA128_SVM,3407,2,S000369,ODIR,AMD_DRY,AMD_DRY,1,0.7919995890611987,0.19077902335712857,0.017221387581672777
RETFOUND_MAE_CFP_FROZEN_PCA128_SVM,3407,2,S000370,ODIR,AMD_DRY,AMD_DRY,1,0.7432836024677707,0.15735588332324968,0.09936051420897958
RETFOUND_MAE_CFP_FROZEN_PCA128_SVM,3407,2,S000374,ODIR,AMD_DRY,AMD_DRY,1,0.853786625979831,0.1386242233712091,0.007589150648959544
RETFOUND_MAE_CFP_FROZEN_PCA128_SVM,3407,2,S000377,ODIR,AMD_DRY,AMD_WET,0,0.46244909113916904,0.471219860466311,0.06633104839452005
RETFOUND_MAE_CFP_FROZEN_PCA128_SVM,3407,2,S000378,ODIR,AMD_DRY,AMD_DRY,1,0.5577202955525057,0.12824358020862645,0.3140361242388682
RETFOUND_MAE_CFP_FROZEN_PCA128_SVM,3407,2,S000379,ODIR,AMD_DRY,AMD_DRY,1,0.69417959712547,0.2960798825876556,0.00974052028687445
RETFOUND_MAE_CFP_FROZEN_PCA128_SVM,3407,2,S000380,ODIR,AMD_DRY,AMD_DRY,1,0.9225451010324568,0.07684224153004152,0.0006126574375016878
RETFOUND_MAE_CFP_FROZEN_PCA128_SVM,3407,2,S000383,ODIR,AMD_DRY,AMD_DRY,1,0.5350879420753492,0.39108363846084254,0.07382841946380823
RETFOUND_MAE_CFP_FROZEN_PCA128_SVM,3407,2,S000390,ODIR,AMD_DRY,AMD_WET,0,0.30618217780262236,0.6722665941477884,0.02155122804958932
RETFOUND_MAE_CFP_FROZEN_PCA128_SVM,3407,2,S000402,ODIR,AMD_DRY,AMD_DRY,1,0.9938853407467226,0.003813057333396378,0.002301601919880984
RETFOUND_MAE_CFP_FROZEN_PCA128_SVM,3407,2,S000416,ODIR,AMD_DRY,AMD_DRY,1,0.7185280547773695,0.03062408827805055,0.25084785694458017
RETFOUND_MAE_CFP_FROZEN_PCA128_SVM,3407,2,S000439,ODIR,AMD_DRY,AMD_DRY,1,0.9591326514479971,0.037128454054065625,0.0037388944979373463
RETFOUND_MAE_CFP_FROZEN_PCA128_SVM,3407,2,S000441,ODIR,AMD_DRY,AMD_DRY,1,0.9889470820942703,0.0031019746918676755,0.007950943213861897
RETFOUND_MAE_CFP_FROZEN_PCA128_SVM,3407,2,S000444,ODIR,AMD_DRY,NORMAL,0,0.1276111600291385,0.003542681608902606,0.8688461583619588
RETFOUND_MAE_CFP_FROZEN_PCA128_SVM,3407,2,S000447,ODIR,AMD_WET,AMD_WET,1,0.21544097438377646,0.7832250216992441,0.0013340039169791383
RETFOUND_MAE_CFP_FROZEN_PCA128_SVM,3407,2,S000455,ODIR,AMD_WET,AMD_WET,1,0.15847870755570045,0.840540365082271,0.0009809273620285603
RETFOUND_MAE_CFP_FROZEN_PCA128_SVM,3407,2,S000459,ODIR,AMD_WET,AMD_DRY,0,0.828565760737731,0.15353364100683406,0.01790059825543473
RETFOUND_MAE_CFP_FROZEN_PCA128_SVM,3407,2,S000460,ODIR,AMD_WET,AMD_DRY,0,0.9870893331375765,0.003777996415641907,0.009132670446781533
RETFOUND_MAE_CFP_FROZEN_PCA128_SVM,3407,2,S000465,ODIR,AMD_WET,AMD_DRY,0,0.5303425829926826,0.3478396046849485,0.12181781232236882
RETFOUND_MAE_CFP_FROZEN_PCA128_SVM,3407,2,S000472,ODIR,AMD_WET,AMD_DRY,0,0.9660803136329322,0.02421699778579704,0.009702688581270713
RETFOUND_MAE_CFP_FROZEN_PCA128_SVM,3407,2,S000478,RFMID,NORMAL,NORMAL,1,0.004568686754882659,0.007254957435188165,0.9881763558099291
RETFOUND_MAE_CFP_FROZEN_PCA128_SVM,3407,2,S000481,RFMID,NORMAL,NORMAL,1,0.0018821689194548489,0.0011121211204478075,0.9970057099600973
RETFOUND_MAE_CFP_FROZEN_PCA128_SVM,3407,2,S000490,RFMID,NORMAL,NORMAL,1,1.1289009120981163e-06,1.1675225901692002e-06,0.9999977035764978
RETFOUND_MAE_CFP_FROZEN_PCA128_SVM,3407,2,S000494,RFMID,NORMAL,NORMAL,1,0.003032001268932744,0.01331738587429073,0.9836506128567766
RETFOUND_MAE_CFP_FROZEN_PCA128_SVM,3407,2,S000498,RFMID,NORMAL,NORMAL,1,0.018341742061390453,0.03837817253099946,0.9432800854076102
RETFOUND_MAE_CFP_FROZEN_PCA128_SVM,3407,2,S000502,RFMID,NORMAL,NORMAL,1,3.885047336187976e-06,2.8144879587923155e-06,0.999993300464705
RETFOUND_MAE_CFP_FROZEN_PCA128_SVM,3407,2,S000508,RFMID,NORMAL,NORMAL,1,0.006344098724408679,0.0009720621682149934,0.9926838391073763
RETFOUND_MAE_CFP_FROZEN_PCA128_SVM,3407,2,S000509,RFMID,NORMAL,NORMAL,1,2.492118649054277e-06,1.908831362810966e-06,0.9999955990499881
RETFOUND_MAE_CFP_FROZEN_PCA128_SVM,3407,2,S000510,RFMID,NORMAL,NORMAL,1,0.008819926045337238,0.002726031815697286,0.9884540421389657
RETFOUND_MAE_CFP_FROZEN_PCA128_SVM,3407,2,S000516,RFMID,NORMAL,NORMAL,1,8.666624561757479e-07,4.462789669693414e-07,0.9999986870585769
RETFOUND_MAE_CFP_FROZEN_PCA128_SVM,3407,2,S000517,RFMID,NORMAL,NORMAL,1,0.017359336350222552,0.0011933898166448789,0.9814472738331328
RETFOUND_MAE_CFP_FROZEN_PCA128_SVM,3407,2,S000518,RFMID,NORMAL,NORMAL,1,2.4936042299549303e-08,1.7044572200674232e-08,0.9999999580193855
RETFOUND_MAE_CFP_FROZEN_PCA128_SVM,3407,2,S000523,RFMID,NORMAL,NORMAL,1,4.016577965067735e-09,3.4167225559399974e-09,0.9999999925666995
RETFOUND_MAE_CFP_FROZEN_PCA128_SVM,3407,2,S000537,RFMID,AMD_DRY,AMD_DRY,1,0.9901896805897797,0.006327409401131913,0.0034829100090884176
RETFOUND_MAE_CFP_FROZEN_PCA128_SVM,3407,2,S000555,RFMID,AMD_WET,AMD_WET,1,0.011757877212620784,0.9584722646048396,0.02976985818253955
RETFOUND_MAE_CFP_FROZEN_PCA128_SVM,3407,2,S000557,RFMID,AMD_WET,AMD_WET,1,1.0617399210518376e-08,0.9999479081947281,5.208118787264061e-05
RETFOUND_MAE_CFP_FROZEN_PCA128_SVM,3407,2,S000559,RFMID,AMD_WET,AMD_WET,1,0.006963474333203461,0.9888948994928508,0.0041416261739455834
RETFOUND_MAE_CFP_FROZEN_PCA128_SVM,3407,2,S000568,RFMID,AMD_WET,AMD_WET,1,0.03676217233272334,0.9561924863616273,0.007045341305649483
RETFOUND_MAE_CFP_FROZEN_PCA128_SVM,3407,2,S000571,RFMID,AMD_WET,AMD_WET,1,0.00196834054467417,0.9965350012797627,0.001496658175563022
RETFOUND_MAE_CFP_FROZEN_PCA128_SVM,3407,2,S000572,RFMID,AMD_WET,AMD_WET,1,0.0030078341569512402,0.9963184754837422,0.0006736903593068223
RETFOUND_MAE_CFP_FROZEN_PCA128_SVM,3407,2,S000573,RFMID,AMD_WET,AMD_WET,1,0.09647722966430167,0.8934463572851716,0.010076413050526568
RETFOUND_MAE_CFP_FROZEN_PCA128_SVM,3407,2,S000586,RFMID,AMD_WET,AMD_WET,1,0.01723151750637486,0.9553432764206801,0.027425206072944856
RETFOUND_MAE_CFP_FROZEN_PCA128_SVM,3407,2,S000587,RFMID,AMD_WET,AMD_WET,1,0.010040562493541011,0.988969071770491,0.0009903657359680677
RETFOUND_MAE_CFP_FROZEN_PCA128_SVM,3407,2,S000594,RFMID,AMD_WET,AMD_WET,1,2.9758912486970914e-06,0.9993748487389227,0.0006221753698285255
RETFOUND_MAE_CFP_FROZEN_PCA128_SVM,3407,2,S000595,RFMID,AMD_WET,AMD_WET,1,0.012021885666755171,0.9867540686064531,0.001224045726792075
RETFOUND_MAE_CFP_FROZEN_PCA128_SVM,3407,3,S000012,ADAM,AMD_DRY,AMD_DRY,1,0.9685662586208372,0.029895271116360422,0.0015384702628022857
RETFOUND_MAE_CFP_FROZEN_PCA128_SVM,3407,3,S000014,ADAM,AMD_DRY,NORMAL,0,0.3385533420037761,0.13550804949175335,0.5259386085044706
RETFOUND_MAE_CFP_FROZEN_PCA128_SVM,3407,3,S000016,ADAM,AMD_DRY,AMD_DRY,1,0.9816590128931603,0.010460267483914178,0.007880719622925582
RETFOUND_MAE_CFP_FROZEN_PCA128_SVM,3407,3,S000020,ADAM,AMD_DRY,AMD_DRY,1,0.7655671138755441,0.23094600996701042,0.00348687615744538
RETFOUND_MAE_CFP_FROZEN_PCA128_SVM,3407,3,S000028,ADAM,AMD_DRY,AMD_DRY,1,0.9533672156689348,0.02646704237897084,0.02016574195209434
RETFOUND_MAE_CFP_FROZEN_PCA128_SVM,3407,3,S000031,ADAM,AMD_DRY,NORMAL,0,0.04750248445860801,0.002462586198095246,0.9500349293432967
RETFOUND_MAE_CFP_FROZEN_PCA128_SVM,3407,3,S000034,ADAM,AMD_DRY,AMD_DRY,1,0.8965695658086797,0.10294905016146653,0.0004813840298537718
RETFOUND_MAE_CFP_FROZEN_PCA128_SVM,3407,3,S000036,ADAM,AMD_WET,AMD_DRY,0,0.9884864663280996,0.011143899849080532,0.0003696338228201257
RETFOUND_MAE_CFP_FROZEN_PCA128_SVM,3407,3,S000038,ADAM,AMD_WET,AMD_WET,1,0.028709720518416956,0.9710765726335321,0.00021370684805087952
RETFOUND_MAE_CFP_FROZEN_PCA128_SVM,3407,3,S000050,ADAM,AMD_WET,AMD_DRY,0,0.5459098112183763,0.4538413102712751,0.0002488785103484381
RETFOUND_MAE_CFP_FROZEN_PCA128_SVM,3407,3,S000058,FIVES,NORMAL,NORMAL,1,0.0013930400271379997,0.03760243543503589,0.9610045245378261
RETFOUND_MAE_CFP_FROZEN_PCA128_SVM,3407,3,S000061,FIVES,NORMAL,NORMAL,1,1.9921515756657454e-06,2.3410623486221263e-06,0.9999956667860757
RETFOUND_MAE_CFP_FROZEN_PCA128_SVM,3407,3,S000070,FIVES,NORMAL,NORMAL,1,0.010801637874524681,0.01447306616910573,0.9747252959563698
RETFOUND_MAE_CFP_FROZEN_PCA128_SVM,3407,3,S000073,FIVES,NORMAL,NORMAL,1,4.1466000172130345e-06,2.42185675204344e-06,0.9999934315432307
RETFOUND_MAE_CFP_FROZEN_PCA128_SVM,3407,3,S000075,FIVES,NORMAL,NORMAL,1,5.091723444178578e-07,5.725022258411777e-07,0.9999989183254298
RETFOUND_MAE_CFP_FROZEN_PCA128_SVM,3407,3,S000076,FIVES,NORMAL,NORMAL,1,0.0024714468658288856,0.004085380739240399,0.9934431723949309
RETFOUND_MAE_CFP_FROZEN_PCA128_SVM,3407,3,S000080,FIVES,NORMAL,NORMAL,1,0.0003754902996778438,0.0018659124578730459,0.9977585972424492
RETFOUND_MAE_CFP_FROZEN_PCA128_SVM,3407,3,S000082,FIVES,NORMAL,NORMAL,1,2.6068043037812945e-06,2.870884880682422e-06,0.9999945223108155
RETFOUND_MAE_CFP_FROZEN_PCA128_SVM,3407,3,S000086,FIVES,NORMAL,NORMAL,1,0.0029308707964627997,0.02542876301017422,0.9716403661933631
RETFOUND_MAE_CFP_FROZEN_PCA128_SVM,3407,3,S000087,FIVES,NORMAL,NORMAL,1,7.257769859576735e-07,8.166170982820308e-07,0.9999984576059159
RETFOUND_MAE_CFP_FROZEN_PCA128_SVM,3407,3,S000104,FIVES,NORMAL,NORMAL,1,1.5452067835322537e-07,1.747283465582349e-07,0.9999996707509751
RETFOUND_MAE_CFP_FROZEN_PCA128_SVM,3407,3,S000115,FIVES,NORMAL,NORMAL,1,0.0008000573758768668,0.02630588459724745,0.9728940580268757
RETFOUND_MAE_CFP_FROZEN_PCA128_SVM,3407,3,S000116,FIVES,NORMAL,NORMAL,1,0.003467760171606816,0.0077973026019407445,0.9887349372264524
RETFOUND_MAE_CFP_FROZEN_PCA128_SVM,3407,3,S000127,FIVES,NORMAL,NORMAL,1,0.0006801093300370872,0.0037325209090798873,0.995587369760883
RETFOUND_MAE_CFP_FROZEN_PCA128_SVM,3407,3,S000129,FIVES,NORMAL,NORMAL,1,2.4497679099689316e-07,2.4488637343007356e-07,0.9999995101368355
RETFOUND_MAE_CFP_FROZEN_PCA128_SVM,3407,3,S000132,FIVES,NORMAL,NORMAL,1,5.558557821286384e-07,4.877112917278896e-07,0.9999989564329262
RETFOUND_MAE_CFP_FROZEN_PCA128_SVM,3407,3,S000139,FIVES,NORMAL,NORMAL,1,0.0007727120735503768,0.02713352368214252,0.9720937642443072
RETFOUND_MAE_CFP_FROZEN_PCA128_SVM,3407,3,S000140,FIVES,NORMAL,NORMAL,1,0.002539181068860711,0.0024878191771060655,0.9949729997540331
RETFOUND_MAE_CFP_FROZEN_PCA128_SVM,3407,3,S000144,FIVES,NORMAL,NORMAL,1,0.006105643242791444,0.14124862626400553,0.8526457304932031
RETFOUND_MAE_CFP_FROZEN_PCA128_SVM,3407,3,S000148,FIVES,NORMAL,NORMAL,1,0.0006561724775492989,0.005141804239185371,0.9942020232832652
RETFOUND_MAE_CFP_FROZEN_PCA128_SVM,3407,3,S000152,FIVES,AMD_DRY,AMD_DRY,1,0.8719401932694189,0.12518946061114997,0.0028703461194311886
RETFOUND_MAE_CFP_FROZEN_PCA128_SVM,3407,3,S000156,FIVES,AMD_DRY,AMD_DRY,1,0.7252561027408895,0.2714874955659175,0.0032564016931929327
RETFOUND_MAE_CFP_FROZEN_PCA128_SVM,3407,3,S000161,FIVES,AMD_DRY,AMD_DRY,1,0.5019635400407549,0.49552201911513566,0.002514440844109437
RETFOUND_MAE_CFP_FROZEN_PCA128_SVM,3407,3,S000170,FIVES,AMD_WET,AMD_WET,1,6.449506986832675e-07,0.9996000097706504,0.0003993452786509894
RETFOUND_MAE_CFP_FROZEN_PCA128_SVM,3407,3,S000172,FIVES,AMD_WET,AMD_WET,1,2.391678106208707e-06,0.9992144711799973,0.0007831371418964943
RETFOUND_MAE_CFP_FROZEN_PCA128_SVM,3407,3,S000173,FIVES,AMD_WET,AMD_WET,1,0.009962854752726565,0.9818961377531493,0.008141007494124155
RETFOUND_MAE_CFP_FROZEN_PCA128_SVM,3407,3,S000174,FIVES,AMD_WET,AMD_WET,1,0.0019521614387946152,0.9963588846731358,0.0016889538880696428
RETFOUND_MAE_CFP_FROZEN_PCA128_SVM,3407,3,S000190,FIVES,AMD_WET,AMD_WET,1,0.021945070902768444,0.9754527633158857,0.0026021657813461445
RETFOUND_MAE_CFP_FROZEN_PCA128_SVM,3407,3,S000193,FIVES,AMD_WET,AMD_WET,1,1.1674656180423926e-06,0.9994611496802638,0.0005376828541181996
RETFOUND_MAE_CFP_FROZEN_PCA128_SVM,3407,3,S000200,FIVES,AMD_WET,AMD_WET,1,0.00223734109628915,0.9875014536585426,0.010261205245168218
RETFOUND_MAE_CFP_FROZEN_PCA128_SVM,3407,3,S000201,FIVES,AMD_WET,AMD_WET,1,8.708230587511321e-10,0.9999854602662364,1.4538862940547767e-05
RETFOUND_MAE_CFP_FROZEN_PCA128_SVM,3407,3,S000204,FIVES,AMD_WET,AMD_WET,1,2.2201013961064476e-06,0.9992488506675066,0.0007489292310974635
RETFOUND_MAE_CFP_FROZEN_PCA128_SVM,3407,3,S000207,FIVES,AMD_WET,AMD_WET,1,6.987778815299077e-08,0.9999590609823241,4.086913988775606e-05
RETFOUND_MAE_CFP_FROZEN_PCA128_SVM,3407,3,S000208,FIVES,AMD_WET,AMD_WET,1,0.009652577992430125,0.9902162319042379,0.00013119010333198394
RETFOUND_MAE_CFP_FROZEN_PCA128_SVM,3407,3,S000213,FIVES,AMD_WET,AMD_WET,1,0.002486915408123402,0.990906616177178,0.00660646841469855
RETFOUND_MAE_CFP_FROZEN_PCA128_SVM,3407,3,S000216,FIVES,AMD_WET,AMD_WET,1,4.352387599637034e-09,0.9999705385747253,2.9457072887115468e-05
RETFOUND_MAE_CFP_FROZEN_PCA128_SVM,3407,3,S000220,FIVES,AMD_WET,AMD_WET,1,0.04380664965576042,0.9558565010947822,0.00033684924945748485
RETFOUND_MAE_CFP_FROZEN_PCA128_SVM,3407,3,S000239,ODIR,NORMAL,NORMAL,1,0.004134643661536872,0.0008302599423599889,0.9950350963961031
RETFOUND_MAE_CFP_FROZEN_PCA128_SVM,3407,3,S000251,ODIR,NORMAL,NORMAL,1,0.004914417263904437,0.004102405757682152,0.9909831769784133
RETFOUND_MAE_CFP_FROZEN_PCA128_SVM,3407,3,S000257,ODIR,NORMAL,NORMAL,1,0.004684051479228545,0.0012484584392264116,0.9940674900815449
RETFOUND_MAE_CFP_FROZEN_PCA128_SVM,3407,3,S000263,ODIR,NORMAL,NORMAL,1,3.4106643836745502e-06,2.105246774752859e-06,0.9999944840888416
RETFOUND_MAE_CFP_FROZEN_PCA128_SVM,3407,3,S000270,ODIR,NORMAL,NORMAL,1,0.017522587613460004,0.0010084271997254804,0.9814689851868145
RETFOUND_MAE_CFP_FROZEN_PCA128_SVM,3407,3,S000273,ODIR,NORMAL,NORMAL,1,2.50294513430157e-07,1.2709178664516234e-07,0.9999996226136999
RETFOUND_MAE_CFP_FROZEN_PCA128_SVM,3407,3,S000277,ODIR,NORMAL,NORMAL,1,0.002723422347794067,0.000346495834772459,0.9969300818174333
RETFOUND_MAE_CFP_FROZEN_PCA128_SVM,3407,3,S000278,ODIR,NORMAL,NORMAL,1,0.000419456450851804,0.0018257040545849865,0.9977548394945632
RETFOUND_MAE_CFP_FROZEN_PCA128_SVM,3407,3,S000296,ODIR,NORMAL,NORMAL,1,0.003723424062761653,0.011300391308810427,0.9849761846284277
RETFOUND_MAE_CFP_FROZEN_PCA128_SVM,3407,3,S000301,ODIR,NORMAL,NORMAL,1,0.0020278633891930705,0.0030575484187622677,0.9949145881920448
RETFOUND_MAE_CFP_FROZEN_PCA128_SVM,3407,3,S000306,ODIR,NORMAL,NORMAL,1,0.001191044099677206,0.0023743982878731565,0.9964345576124495
RETFOUND_MAE_CFP_FROZEN_PCA128_SVM,3407,3,S000308,ODIR,NORMAL,NORMAL,1,0.16440758172374104,0.009304929933128802,0.82628748834313
RETFOUND_MAE_CFP_FROZEN_PCA128_SVM,3407,3,S000319,ODIR,NORMAL,NORMAL,1,0.003684216314734403,0.0014828381696687855,0.9948329455155968
RETFOUND_MAE_CFP_FROZEN_PCA128_SVM,3407,3,S000324,ODIR,NORMAL,NORMAL,1,0.013713247518702181,0.033534636652173044,0.952752115829125
RETFOUND_MAE_CFP_FROZEN_PCA128_SVM,3407,3,S000325,ODIR,NORMAL,NORMAL,1,0.0007028972934015262,0.0017111776909886625,0.9975859250156098
RETFOUND_MAE_CFP_FROZEN_PCA128_SVM,3407,3,S000328,ODIR,NORMAL,NORMAL,1,0.0026702588357880044,0.0012444446816768414,0.9960852964825353
RETFOUND_MAE_CFP_FROZEN_PCA128_SVM,3407,3,S000331,ODIR,NORMAL,NORMAL,1,0.006087791110189885,0.012545735556300524,0.9813664733335098
RETFOUND_MAE_CFP_FROZEN_PCA128_SVM,3407,3,S000334,ODIR,NORMAL,NORMAL,1,0.0002108554534778531,0.0010862208113138145,0.9987029237352084
RETFOUND_MAE_CFP_FROZEN_PCA128_SVM,3407,3,S000338,ODIR,NORMAL,NORMAL,1,0.018149581682596335,0.04151530949300065,0.9403351088244031
RETFOUND_MAE_CFP_FROZEN_PCA128_SVM,3407,3,S000339,ODIR,NORMAL,NORMAL,1,0.0006552514318306137,0.0057000238746831595,0.9936447246934862
RETFOUND_MAE_CFP_FROZEN_PCA128_SVM,3407,3,S000342,ODIR,NORMAL,NORMAL,1,0.006408459064275058,0.028342404303135785,0.9652491366325894
RETFOUND_MAE_CFP_FROZEN_PCA128_SVM,3407,3,S000348,ODIR,NORMAL,NORMAL,1,0.05689215200689115,0.008930952093034841,0.9341768959000739
RETFOUND_MAE_CFP_FROZEN_PCA128_SVM,3407,3,S000354,ODIR,NORMAL,NORMAL,1,0.004227021648929767,0.002775688517412286,0.9929972898336579
RETFOUND_MAE_CFP_FROZEN_PCA128_SVM,3407,3,S000357,ODIR,NORMAL,NORMAL,1,4.101395677908977e-06,2.1525097991244353e-06,0.999993746094523
RETFOUND_MAE_CFP_FROZEN_PCA128_SVM,3407,3,S000362,ODIR,NORMAL,NORMAL,1,2.2456407506056827e-06,1.1555102084300394e-06,0.9999965988490409
RETFOUND_MAE_CFP_FROZEN_PCA128_SVM,3407,3,S000367,ODIR,AMD_DRY,AMD_WET,0,0.30474599815954195,0.693720764807212,0.0015332370332460082
RETFOUND_MAE_CFP_FROZEN_PCA128_SVM,3407,3,S000373,ODIR,AMD_DRY,AMD_DRY,1,0.630348777221569,0.3157732786911258,0.05387794408730506
RETFOUND_MAE_CFP_FROZEN_PCA128_SVM,3407,3,S000375,ODIR,AMD_DRY,AMD_DRY,1,0.994849575962197,0.0010300154350562768,0.004120408602746605
RETFOUND_MAE_CFP_FROZEN_PCA128_SVM,3407,3,S000381,ODIR,AMD_DRY,AMD_DRY,1,0.9902673706079966,0.009681161209524562,5.14681824788465e-05
RETFOUND_MAE_CFP_FROZEN_PCA128_SVM,3407,3,S000389,ODIR,AMD_DRY,AMD_DRY,1,0.9913677762154514,0.0032923306878383284,0.005339893096710408
RETFOUND_MAE_CFP_FROZEN_PCA128_SVM,3407,3,S000394,ODIR,AMD_DRY,AMD_DRY,1,0.968892691929149,0.0291741426506576,0.0019331654201933909
RETFOUND_MAE_CFP_FROZEN_PCA128_SVM,3407,3,S000399,ODIR,AMD_DRY,AMD_WET,0,0.011201761856843859,0.9885504256021546,0.00024781254100131816
RETFOUND_MAE_CFP_FROZEN_PCA128_SVM,3407,3,S000411,ODIR,AMD_DRY,AMD_DRY,1,0.6028927661516594,0.3929859844880332,0.004121249360307463
RETFOUND_MAE_CFP_FROZEN_PCA128_SVM,3407,3,S000412,ODIR,AMD_DRY,AMD_DRY,1,0.9983519211298543,0.0012493119144314662,0.0003987669557143815
RETFOUND_MAE_CFP_FROZEN_PCA128_SVM,3407,3,S000417,ODIR,AMD_DRY,AMD_DRY,1,0.9034811532116993,0.09446479559839954,0.0020540511899014005
RETFOUND_MAE_CFP_FROZEN_PCA128_SVM,3407,3,S000418,ODIR,AMD_DRY,AMD_WET,0,0.3857752979106974,0.6133750260095189,0.0008496760797834235
RETFOUND_MAE_CFP_FROZEN_PCA128_SVM,3407,3,S000423,ODIR,AMD_DRY,AMD_WET,0,0.01765352251118833,0.9815995186616915,0.0007469588271201814
RETFOUND_MAE_CFP_FROZEN_PCA128_SVM,3407,3,S000426,ODIR,AMD_DRY,AMD_DRY,1,0.7461638830698814,0.2432775736210075,0.010558543309110952
RETFOUND_MAE_CFP_FROZEN_PCA128_SVM,3407,3,S000435,ODIR,AMD_DRY,AMD_DRY,1,0.9940036418140968,0.0019638308328872845,0.0040325273530160575
RETFOUND_MAE_CFP_FROZEN_PCA128_SVM,3407,3,S000440,ODIR,AMD_DRY,NORMAL,0,0.028129034621046666,0.01108836476927325,0.9607826006096801
RETFOUND_MAE_CFP_FROZEN_PCA128_SVM,3407,3,S000442,ODIR,AMD_DRY,NORMAL,0,0.0017080339556384899,0.007197590730817234,0.991094375313544
RETFOUND_MAE_CFP_FROZEN_PCA128_SVM,3407,3,S000448,ODIR,AMD_WET,AMD_WET,1,2.1299221374078276e-07,0.9998678588974138,0.00013192811037239893
RETFOUND_MAE_CFP_FROZEN_PCA128_SVM,3407,3,S000453,ODIR,AMD_WET,AMD_WET,1,0.42587706590264574,0.5739193543605721,0.00020357973678246816
RETFOUND_MAE_CFP_FROZEN_PCA128_SVM,3407,3,S000457,ODIR,AMD_WET,AMD_WET,1,0.24420929610423078,0.7095120458904115,0.046278658005357874
RETFOUND_MAE_CFP_FROZEN_PCA128_SVM,3407,3,S000458,ODIR,AMD_WET,AMD_WET,1,0.014505760687579064,0.9849797209423036,0.000514518370117091
RETFOUND_MAE_CFP_FROZEN_PCA128_SVM,3407,3,S000461,ODIR,AMD_WET,AMD_WET,1,0.2581176483610025,0.7327837890748538,0.009098562564143306
RETFOUND_MAE_CFP_FROZEN_PCA128_SVM,3407,3,S000464,ODIR,AMD_WET,AMD_WET,1,0.06106732599885358,0.9353023492507754,0.003630324750371284
RETFOUND_MAE_CFP_FROZEN_PCA128_SVM,3407,3,S000473,RFMID,NORMAL,NORMAL,1,0.0003694193492381591,0.0042502914934353635,0.9953802891573267
RETFOUND_MAE_CFP_FROZEN_PCA128_SVM,3407,3,S000482,RFMID,NORMAL,NORMAL,1,2.4660648954861493e-06,1.2945128885350934e-06,0.9999962394222159
RETFOUND_MAE_CFP_FROZEN_PCA128_SVM,3407,3,S000497,RFMID,NORMAL,NORMAL,1,9.612229980909173e-08,1.1399335106811487e-07,0.9999997898843492
RETFOUND_MAE_CFP_FROZEN_PCA128_SVM,3407,3,S000499,RFMID,NORMAL,NORMAL,1,0.00480688275202677,0.04066950146630652,0.9545236157816666
RETFOUND_MAE_CFP_FROZEN_PCA128_SVM,3407,3,S000500,RFMID,NORMAL,NORMAL,1,0.00043713741572437033,0.006522291485376845,0.9930405710988989
RETFOUND_MAE_CFP_FROZEN_PCA128_SVM,3407,3,S000505,RFMID,NORMAL,NORMAL,1,9.265083600063013e-06,6.106366636934796e-06,0.999984628549763
RETFOUND_MAE_CFP_FROZEN_PCA128_SVM,3407,3,S000512,RFMID,NORMAL,NORMAL,1,3.4622847916060037e-06,2.690726710457794e-06,0.9999938469884979
RETFOUND_MAE_CFP_FROZEN_PCA128_SVM,3407,3,S000514,RFMID,NORMAL,NORMAL,1,0.000678926412781829,0.002223890850233645,0.9970971827369848
RETFOUND_MAE_CFP_FROZEN_PCA128_SVM,3407,3,S000521,RFMID,NORMAL,NORMAL,1,0.00020556640407263786,0.002802021037161399,0.9969924125587657
RETFOUND_MAE_CFP_FROZEN_PCA128_SVM,3407,3,S000524,RFMID,NORMAL,NORMAL,1,0.00018972218869153863,0.0062970166832082425,0.9935132611281002
RETFOUND_MAE_CFP_FROZEN_PCA128_SVM,3407,3,S000530,RFMID,NORMAL,NORMAL,1,0.0006428450145206065,0.01545809676024031,0.983899058225239
RETFOUND_MAE_CFP_FROZEN_PCA128_SVM,3407,3,S000534,RFMID,NORMAL,NORMAL,1,6.517607931626979e-07,7.517943092802239e-07,0.9999985964448975
RETFOUND_MAE_CFP_FROZEN_PCA128_SVM,3407,3,S000540,RFMID,AMD_DRY,AMD_DRY,1,0.9856985152288957,0.010209689933696423,0.0040917948374078585
RETFOUND_MAE_CFP_FROZEN_PCA128_SVM,3407,3,S000541,RFMID,AMD_DRY,AMD_DRY,1,0.8350894903066086,0.15849061098094067,0.006419898712450719
RETFOUND_MAE_CFP_FROZEN_PCA128_SVM,3407,3,S000544,RFMID,AMD_WET,AMD_WET,1,0.006509895332344775,0.9896896018884745,0.003800502779180737
RETFOUND_MAE_CFP_FROZEN_PCA128_SVM,3407,3,S000546,RFMID,AMD_WET,AMD_WET,1,0.01119744690992892,0.9837025581370702,0.005099994953001075
RETFOUND_MAE_CFP_FROZEN_PCA128_SVM,3407,3,S000549,RFMID,AMD_WET,AMD_WET,1,1.390670797691703e-07,0.999809249559232,0.0001906113736882305
RETFOUND_MAE_CFP_FROZEN_PCA128_SVM,3407,3,S000560,RFMID,AMD_WET,AMD_WET,1,0.10409916306098597,0.8936601158316644,0.002240721107349771
RETFOUND_MAE_CFP_FROZEN_PCA128_SVM,3407,3,S000561,RFMID,AMD_WET,AMD_WET,1,5.688559006536874e-06,0.9988710430297836,0.0011232684112098352
RETFOUND_MAE_CFP_FROZEN_PCA128_SVM,3407,3,S000562,RFMID,AMD_WET,AMD_WET,1,0.03128865372602669,0.9682546386285901,0.0004567076453832278
RETFOUND_MAE_CFP_FROZEN_PCA128_SVM,3407,3,S000563,RFMID,AMD_WET,AMD_WET,1,2.1608879839638162e-07,0.9997727315217709,0.0002270523894308231
RETFOUND_MAE_CFP_FROZEN_PCA128_SVM,3407,3,S000564,RFMID,AMD_WET,AMD_WET,1,0.09096669747229397,0.9083216731637698,0.000711629363936211
RETFOUND_MAE_CFP_FROZEN_PCA128_SVM,3407,3,S000569,RFMID,AMD_WET,AMD_WET,1,1.590006027921295e-06,0.9993681765459481,0.0006302334480238715
RETFOUND_MAE_CFP_FROZEN_PCA128_SVM,3407,3,S000593,RFMID,AMD_WET,AMD_WET,1,9.522376960691635e-09,0.9999482515562583,5.1738921364766605e-05
RETFOUND_MAE_CFP_FROZEN_PCA128_SVM,3407,3,S000596,RFMID,AMD_WET,AMD_WET,1,2.0259068909895324e-06,0.9997012895397971,0.000296684553312129
RETFOUND_MAE_CFP_FROZEN_PCA128_SVM,3407,4,S000001,ADAM,AMD_DRY,AMD_DRY,1,0.9888623846921547,0.00918284799113428,0.0019547673167110246
RETFOUND_MAE_CFP_FROZEN_PCA128_SVM,3407,4,S000015,ADAM,AMD_DRY,AMD_DRY,1,0.9980007128798202,0.0019361723058788504,6.311481430116913e-05
RETFOUND_MAE_CFP_FROZEN_PCA128_SVM,3407,4,S000018,ADAM,AMD_DRY,AMD_DRY,1,0.6140173895059954,0.3287827974556749,0.057199813038329626
RETFOUND_MAE_CFP_FROZEN_PCA128_SVM,3407,4,S000021,ADAM,AMD_DRY,AMD_DRY,1,0.835740166709083,0.11547184965574188,0.04878798363517515
RETFOUND_MAE_CFP_FROZEN_PCA128_SVM,3407,4,S000023,ADAM,AMD_DRY,AMD_DRY,1,0.7460333886345158,0.25302983841354715,0.0009367729519369394
RETFOUND_MAE_CFP_FROZEN_PCA128_SVM,3407,4,S000024,ADAM,AMD_DRY,AMD_DRY,1,0.8537033152410168,0.13617704691685145,0.010119637842131712
RETFOUND_MAE_CFP_FROZEN_PCA128_SVM,3407,4,S000030,ADAM,AMD_DRY,AMD_DRY,1,0.6384543156546658,0.040340912955096654,0.3212047713902378
RETFOUND_MAE_CFP_FROZEN_PCA128_SVM,3407,4,S000041,ADAM,AMD_WET,AMD_WET,1,9.100524532908943e-07,0.9995631689505434,0.000435920997003393
RETFOUND_MAE_CFP_FROZEN_PCA128_SVM,3407,4,S000042,ADAM,AMD_WET,AMD_WET,1,0.1702169933292877,0.829027413616382,0.0007555930543302444
RETFOUND_MAE_CFP_FROZEN_PCA128_SVM,3407,4,S000043,ADAM,AMD_WET,AMD_WET,1,1.0549695001991548e-06,0.9995000476376862,0.00049889739281358
RETFOUND_MAE_CFP_FROZEN_PCA128_SVM,3407,4,S000053,FIVES,NORMAL,NORMAL,1,0.0003330145316998519,0.0022496806330776563,0.9974173048352225
RETFOUND_MAE_CFP_FROZEN_PCA128_SVM,3407,4,S000057,FIVES,NORMAL,NORMAL,1,0.00010208937848423499,0.002284589130276271,0.9976133214912395
RETFOUND_MAE_CFP_FROZEN_PCA128_SVM,3407,4,S000065,FIVES,NORMAL,NORMAL,1,0.0012218267690386573,0.003878509841296641,0.9948996633896646
RETFOUND_MAE_CFP_FROZEN_PCA128_SVM,3407,4,S000066,FIVES,NORMAL,NORMAL,1,2.556768561739141e-06,1.706925110645654e-06,0.9999957363063277
RETFOUND_MAE_CFP_FROZEN_PCA128_SVM,3407,4,S000067,FIVES,NORMAL,NORMAL,1,1.9582024997383917e-06,1.6323608504195554e-06,0.9999964094366499
RETFOUND_MAE_CFP_FROZEN_PCA128_SVM,3407,4,S000074,FIVES,NORMAL,NORMAL,1,4.924887122312539e-06,4.305675603018248e-06,0.9999907694372746
RETFOUND_MAE_CFP_FROZEN_PCA128_SVM,3407,4,S000077,FIVES,NORMAL,NORMAL,1,5.856918592723397e-06,5.224878132202091e-06,0.9999889182032751
RETFOUND_MAE_CFP_FROZEN_PCA128_SVM,3407,4,S000081,FIVES,NORMAL,NORMAL,1,7.901743899922862e-07,7.428309906285634e-07,0.9999984669946194
RETFOUND_MAE_CFP_FROZEN_PCA128_SVM,3407,4,S000084,FIVES,NORMAL,NORMAL,1,2.5262117980790725e-06,2.257628695135379e-06,0.9999952161595068
RETFOUND_MAE_CFP_FROZEN_PCA128_SVM,3407,4,S000089,FIVES,NORMAL,NORMAL,1,0.005186602318095625,0.002934844709270175,0.9918785529726343
RETFOUND_MAE_CFP_FROZEN_PCA128_SVM,3407,4,S000094,FIVES,NORMAL,NORMAL,1,9.745003450288434e-07,9.049866230773943e-07,0.9999981205130319
RETFOUND_MAE_CFP_FROZEN_PCA128_SVM,3407,4,S000100,FIVES,NORMAL,NORMAL,1,0.011246555283498317,0.013475277935033152,0.9752781667814686
RETFOUND_MAE_CFP_FROZEN_PCA128_SVM,3407,4,S000108,FIVES,NORMAL,NORMAL,1,8.525451026409132e-07,9.013200505200633e-07,0.9999982461348468
RETFOUND_MAE_CFP_FROZEN_PCA128_SVM,3407,4,S000110,FIVES,NORMAL,NORMAL,1,0.0045500383093219346,0.003995968208090389,0.9914539934825873
RETFOUND_MAE_CFP_FROZEN_PCA128_SVM,3407,4,S000120,FIVES,NORMAL,NORMAL,1,0.00014089217395578223,0.001960565396560525,0.9978985424294835
RETFOUND_MAE_CFP_FROZEN_PCA128_SVM,3407,4,S000122,FIVES,NORMAL,NORMAL,1,3.4168405497063214e-06,3.5394206755328207e-06,0.9999930437387747
RETFOUND_MAE_CFP_FROZEN_PCA128_SVM,3407,4,S000131,FIVES,NORMAL,NORMAL,1,1.7218201930238227e-06,1.4212250270890612e-06,0.9999968569547799
RETFOUND_MAE_CFP_FROZEN_PCA128_SVM,3407,4,S000135,FIVES,NORMAL,NORMAL,1,2.128087633699726e-06,1.955559256553717e-06,0.9999959163531098
RETFOUND_MAE_CFP_FROZEN_PCA128_SVM,3407,4,S000146,FIVES,NORMAL,NORMAL,1,0.008098663551455042,0.08407427065489327,0.9078270657936517
RETFOUND_MAE_CFP_FROZEN_PCA128_SVM,3407,4,S000149,FIVES,NORMAL,NORMAL,1,0.0005246557479833539,0.0024677250219989908,0.9970076192300176
RETFOUND_MAE_CFP_FROZEN_PCA128_SVM,3407,4,S000158,FIVES,AMD_DRY,AMD_DRY,1,0.9563944261647025,0.04188846285971889,0.0017171109755786665
RETFOUND_MAE_CFP_FROZEN_PCA128_SVM,3407,4,S000159,FIVES,AMD_DRY,AMD_DRY,1,0.7163232316450131,0.27529526935127746,0.008381499003709507
RETFOUND_MAE_CFP_FROZEN_PCA128_SVM,3407,4,S000162,FIVES,AMD_DRY,AMD_DRY,1,0.8961003921464805,0.09946806361010352,0.004431544243416151
RETFOUND_MAE_CFP_FROZEN_PCA128_SVM,3407,4,S000177,FIVES,AMD_WET,AMD_WET,1,0.008991801572937592,0.9877350548946456,0.0032731435324167267
RETFOUND_MAE_CFP_FROZEN_PCA128_SVM,3407,4,S000179,FIVES,AMD_WET,AMD_WET,1,0.02592460587094802,0.9689298781219644,0.0051455160070874514
RETFOUND_MAE_CFP_FROZEN_PCA128_SVM,3407,4,S000182,FIVES,AMD_WET,AMD_WET,1,0.005218183207780481,0.9945435768589026,0.00023823993331659535
RETFOUND_MAE_CFP_FROZEN_PCA128_SVM,3407,4,S000185,FIVES,AMD_WET,AMD_WET,1,0.001995096875395936,0.9978549573774357,0.00014994574716838143
RETFOUND_MAE_CFP_FROZEN_PCA128_SVM,3407,4,S000187,FIVES,AMD_WET,AMD_WET,1,0.010152543801532122,0.9889893511588038,0.0008581050396641542
RETFOUND_MAE_CFP_FROZEN_PCA128_SVM,3407,4,S000189,FIVES,AMD_WET,AMD_WET,1,0.029465022077066232,0.9701422625862817,0.0003927153366522381
RETFOUND_MAE_CFP_FROZEN_PCA128_SVM,3407,4,S000192,FIVES,AMD_WET,NORMAL,0,0.058073694937424494,0.1573723655592705,0.7845539395033049
RETFOUND_MAE_CFP_FROZEN_PCA128_SVM,3407,4,S000203,FIVES,AMD_WET,AMD_WET,1,8.414536146698745e-06,0.9985867560958062,0.001404829368047125
RETFOUND_MAE_CFP_FROZEN_PCA128_SVM,3407,4,S000212,FIVES,AMD_WET,AMD_WET,1,0.020705991158074873,0.9758908741908723,0.0034031346510529927
RETFOUND_MAE_CFP_FROZEN_PCA128_SVM,3407,4,S000218,FIVES,AMD_WET,NORMAL,0,0.022235086870939596,0.08731829966839844,0.8904466134606617
RETFOUND_MAE_CFP_FROZEN_PCA128_SVM,3407,4,S000224,FIVES,AMD_WET,AMD_WET,1,0.00941790049144745,0.9895276552873072,0.0010544442212454758
RETFOUND_MAE_CFP_FROZEN_PCA128_SVM,3407,4,S000225,FIVES,AMD_WET,AMD_WET,1,0.1479578813854924,0.79949342119557,0.05254869741893764
RETFOUND_MAE_CFP_FROZEN_PCA128_SVM,3407,4,S000227,FIVES,AMD_WET,AMD_WET,1,5.127543894598628e-07,0.999635606025884,0.00036388121972659356
RETFOUND_MAE_CFP_FROZEN_PCA128_SVM,3407,4,S000234,FIVES,AMD_WET,AMD_WET,1,0.015366219826058913,0.9814865257589801,0.0031472544149611066
RETFOUND_MAE_CFP_FROZEN_PCA128_SVM,3407,4,S000242,ODIR,NORMAL,NORMAL,1,0.0633340764380089,0.005672107509232234,0.9309938160527588
RETFOUND_MAE_CFP_FROZEN_PCA128_SVM,3407,4,S000243,ODIR,NORMAL,AMD_DRY,0,0.5877381803244268,0.007119532080671447,0.4051422875949017
RETFOUND_MAE_CFP_FROZEN_PCA128_SVM,3407,4,S000245,ODIR,NORMAL,NORMAL,1,2.8731221434350747e-07,1.4988486794051724e-07,0.9999995628029177
RETFOUND_MAE_CFP_FROZEN_PCA128_SVM,3407,4,S000246,ODIR,NORMAL,NORMAL,1,0.034860027878685446,0.021322135485838473,0.9438178366354759
RETFOUND_MAE_CFP_FROZEN_PCA128_SVM,3407,4,S000247,ODIR,NORMAL,NORMAL,1,0.000414650870539071,0.0053900467021120845,0.9941953024273489
RETFOUND_MAE_CFP_FROZEN_PCA128_SVM,3407,4,S000248,ODIR,NORMAL,NORMAL,1,0.001375576667679341,0.0034824669362966756,0.995141956396024
RETFOUND_MAE_CFP_FROZEN_PCA128_SVM,3407,4,S000249,ODIR,NORMAL,NORMAL,1,4.206923154408128e-06,2.2935261405337533e-06,0.999993499550705
RETFOUND_MAE_CFP_FROZEN_PCA128_SVM,3407,4,S000253,ODIR,NORMAL,NORMAL,1,0.008782959768427998,0.004712673864523034,0.986504366367049
RETFOUND_MAE_CFP_FROZEN_PCA128_SVM,3407,4,S000269,ODIR,NORMAL,NORMAL,1,3.0300559145874437e-07,1.5351279696782496e-07,0.9999995434816115
RETFOUND_MAE_CFP_FROZEN_PCA128_SVM,3407,4,S000283,ODIR,NORMAL,NORMAL,1,0.042449018847094386,0.03285871191666039,0.9246922692362449
RETFOUND_MAE_CFP_FROZEN_PCA128_SVM,3407,4,S000285,ODIR,NORMAL,NORMAL,1,0.0012064306776553495,0.004543308645899421,0.9942502606764453
RETFOUND_MAE_CFP_FROZEN_PCA128_SVM,3407,4,S000286,ODIR,NORMAL,NORMAL,1,4.94021014156853e-06,3.291983233042763e-06,0.9999917678066254
RETFOUND_MAE_CFP_FROZEN_PCA128_SVM,3407,4,S000292,ODIR,NORMAL,NORMAL,1,0.007305531944311993,0.007332426554081054,0.985362041501607
RETFOUND_MAE_CFP_FROZEN_PCA128_SVM,3407,4,S000299,ODIR,NORMAL,NORMAL,1,0.003301046127641803,0.006146773868443993,0.990552180003914
RETFOUND_MAE_CFP_FROZEN_PCA128_SVM,3407,4,S000302,ODIR,NORMAL,NORMAL,1,0.01033275104962714,0.0033070977352043446,0.9863601512151685
RETFOUND_MAE_CFP_FROZEN_PCA128_SVM,3407,4,S000309,ODIR,NORMAL,NORMAL,1,3.1666434597720884e-06,1.8532617145774172e-06,0.9999949800948256
RETFOUND_MAE_CFP_FROZEN_PCA128_SVM,3407,4,S000314,ODIR,NORMAL,NORMAL,1,0.00608096010700982,0.002696282261334172,0.9912227576316559
RETFOUND_MAE_CFP_FROZEN_PCA128_SVM,3407,4,S000316,ODIR,NORMAL,NORMAL,1,0.007245563019613451,0.009681276793907406,0.9830731601864792
RETFOUND_MAE_CFP_FROZEN_PCA128_SVM,3407,4,S000323,ODIR,NORMAL,NORMAL,1,0.0010630653983821348,0.003297435830198257,0.9956394987714197
RETFOUND_MAE_CFP_FROZEN_PCA128_SVM,3407,4,S000330,ODIR,NORMAL,NORMAL,1,0.01395435794517987,0.0028611920258371434,0.983184450028983
RETFOUND_MAE_CFP_FROZEN_PCA128_SVM,3407,4,S000336,ODIR,NORMAL,NORMAL,1,0.015269667173037176,0.013338661653769917,0.9713916711731929
RETFOUND_MAE_CFP_FROZEN_PCA128_SVM,3407,4,S000337,ODIR,NORMAL,NORMAL,1,0.4438367081794936,0.08676450877622162,0.4693987830442844
RETFOUND_MAE_CFP_FROZEN_PCA128_SVM,3407,4,S000353,ODIR,NORMAL,NORMAL,1,0.31987397785850713,0.11206212029716012,0.5680639018443326
RETFOUND_MAE_CFP_FROZEN_PCA128_SVM,3407,4,S000360,ODIR,NORMAL,NORMAL,1,2.179596996260945e-06,1.7618001798217701e-06,0.999996058602824
RETFOUND_MAE_CFP_FROZEN_PCA128_SVM,3407,4,S000363,ODIR,NORMAL,NORMAL,1,0.00101179103976333,0.0056132013024902255,0.9933750076577464
RETFOUND_MAE_CFP_FROZEN_PCA128_SVM,3407,4,S000364,ODIR,AMD_DRY,AMD_DRY,1,0.6889188264160008,0.31072999708195037,0.00035117650204904456
RETFOUND_MAE_CFP_FROZEN_PCA128_SVM,3407,4,S000365,ODIR,AMD_DRY,AMD_WET,0,0.3737050310686323,0.625995715433078,0.000299253498289547
RETFOUND_MAE_CFP_FROZEN_PCA128_SVM,3407,4,S000371,ODIR,AMD_DRY,AMD_DRY,1,0.9565331890428119,0.015391624282875365,0.02807518667431275
RETFOUND_MAE_CFP_FROZEN_PCA128_SVM,3407,4,S000372,ODIR,AMD_DRY,AMD_DRY,1,0.9737979840356498,0.01601039298392024,0.010191622980430056
RETFOUND_MAE_CFP_FROZEN_PCA128_SVM,3407,4,S000391,ODIR,AMD_DRY,AMD_DRY,1,0.641319100478909,0.08840250235712031,0.27027839716397073
RETFOUND_MAE_CFP_FROZEN_PCA128_SVM,3407,4,S000392,ODIR,AMD_DRY,AMD_DRY,1,0.9421420785714049,0.057077424938747685,0.0007804964898476104
RETFOUND_MAE_CFP_FROZEN_PCA128_SVM,3407,4,S000395,ODIR,AMD_DRY,AMD_DRY,1,0.6791354704524809,0.28905689201766527,0.031807637529853806
RETFOUND_MAE_CFP_FROZEN_PCA128_SVM,3407,4,S000396,ODIR,AMD_DRY,AMD_DRY,1,0.9242631531123746,0.07433608023889926,0.001400766648726389
RETFOUND_MAE_CFP_FROZEN_PCA128_SVM,3407,4,S000398,ODIR,AMD_DRY,AMD_DRY,1,0.9877645831298806,0.00933282394479853,0.0029025929253209586
RETFOUND_MAE_CFP_FROZEN_PCA128_SVM,3407,4,S000404,ODIR,AMD_DRY,AMD_DRY,1,0.8601007431620937,0.1370640552272969,0.002835201610609231
RETFOUND_MAE_CFP_FROZEN_PCA128_SVM,3407,4,S000406,ODIR,AMD_DRY,AMD_DRY,1,0.9016430311791822,0.015533526290784281,0.08282344253003357
RETFOUND_MAE_CFP_FROZEN_PCA128_SVM,3407,4,S000407,ODIR,AMD_DRY,AMD_WET,0,0.027696543395350454,0.9715668015388557,0.0007366550657937977
RETFOUND_MAE_CFP_FROZEN_PCA128_SVM,3407,4,S000409,ODIR,AMD_DRY,AMD_DRY,1,0.9662682036482314,0.032961757020401654,0.0007700393313668566
RETFOUND_MAE_CFP_FROZEN_PCA128_SVM,3407,4,S000424,ODIR,AMD_DRY,NORMAL,0,0.04845998421039706,0.005408501000343532,0.9461315147892594
RETFOUND_MAE_CFP_FROZEN_PCA128_SVM,3407,4,S000428,ODIR,AMD_DRY,NORMAL,0,0.036996208074848304,0.0025865501832679056,0.9604172417418838
RETFOUND_MAE_CFP_FROZEN_PCA128_SVM,3407,4,S000434,ODIR,AMD_DRY,AMD_DRY,1,0.9486841033871392,0.04639978119569341,0.004916115417167494
RETFOUND_MAE_CFP_FROZEN_PCA128_SVM,3407,4,S000445,ODIR,AMD_WET,AMD_DRY,0,0.9299847904400893,0.06993086944492996,8.43401149807231e-05
RETFOUND_MAE_CFP_FROZEN_PCA128_SVM,3407,4,S000456,ODIR,AMD_WET,AMD_WET,1,3.7557407312524814e-06,0.9993427442066678,0.0006535000526009827
RETFOUND_MAE_CFP_FROZEN_PCA128_SVM,3407,4,S000463,ODIR,AMD_WET,AMD_WET,1,0.025061857025161803,0.9703062094121747,0.0046319335626633165
RETFOUND_MAE_CFP_FROZEN_PCA128_SVM,3407,4,S000466,ODIR,AMD_WET,AMD_WET,1,0.01514038612971688,0.9784203021916711,0.0064393116786121
RETFOUND_MAE_CFP_FROZEN_PCA128_SVM,3407,4,S000468,ODIR,AMD_WET,AMD_WET,1,0.005483941815803379,0.9932074569019189,0.001308601282277603
RETFOUND_MAE_CFP_FROZEN_PCA128_SVM,3407,4,S000470,ODIR,AMD_WET,AMD_WET,1,0.014333444672471071,0.9851730329844784,0.0004935223430503676
RETFOUND_MAE_CFP_FROZEN_PCA128_SVM,3407,4,S000476,RFMID,NORMAL,NORMAL,1,0.002485978250335961,0.012454344032813059,0.985059677716851
RETFOUND_MAE_CFP_FROZEN_PCA128_SVM,3407,4,S000486,RFMID,NORMAL,NORMAL,1,0.00035250402618020537,0.003692717460870157,0.9959547785129496
RETFOUND_MAE_CFP_FROZEN_PCA128_SVM,3407,4,S000488,RFMID,NORMAL,NORMAL,1,1.5120384799553492e-06,1.0270275185491848e-06,0.9999974609340015
RETFOUND_MAE_CFP_FROZEN_PCA128_SVM,3407,4,S000492,RFMID,NORMAL,NORMAL,1,0.00035199731825412173,0.011296454911686118,0.9883515477700596
RETFOUND_MAE_CFP_FROZEN_PCA128_SVM,3407,4,S000501,RFMID,NORMAL,NORMAL,1,0.0003977524987169046,0.002257041420167246,0.9973452060811159
RETFOUND_MAE_CFP_FROZEN_PCA128_SVM,3407,4,S000511,RFMID,NORMAL,NORMAL,1,0.0010462478308889752,0.004780199250952175,0.9941735529181588
RETFOUND_MAE_CFP_FROZEN_PCA128_SVM,3407,4,S000520,RFMID,NORMAL,NORMAL,1,0.0037637293078090837,0.007366823965707314,0.9888694467264838
RETFOUND_MAE_CFP_FROZEN_PCA128_SVM,3407,4,S000528,RFMID,NORMAL,NORMAL,1,0.00013677159223543514,0.003038898684823362,0.9968243297229413
RETFOUND_MAE_CFP_FROZEN_PCA128_SVM,3407,4,S000531,RFMID,NORMAL,NORMAL,1,0.00038973695038861314,0.003124875723687476,0.996485387325924
RETFOUND_MAE_CFP_FROZEN_PCA128_SVM,3407,4,S000532,RFMID,NORMAL,NORMAL,1,0.006058241017384432,0.01018683824240105,0.9837549207402145
RETFOUND_MAE_CFP_FROZEN_PCA128_SVM,3407,4,S000533,RFMID,NORMAL,NORMAL,1,8.09426422529446e-07,9.062783667812362e-07,0.9999982842952108
RETFOUND_MAE_CFP_FROZEN_PCA128_SVM,3407,4,S000535,RFMID,NORMAL,NORMAL,1,0.020551000648551646,0.005116234117418055,0.9743327652340302
RETFOUND_MAE_CFP_FROZEN_PCA128_SVM,3407,4,S000539,RFMID,AMD_DRY,AMD_DRY,1,0.9156801423219226,0.08073815151542088,0.00358170616265653
RETFOUND_MAE_CFP_FROZEN_PCA128_SVM,3407,4,S000543,RFMID,AMD_DRY,AMD_DRY,1,0.8497820755228573,0.14733904223418037,0.0028788822429624905
RETFOUND_MAE_CFP_FROZEN_PCA128_SVM,3407,4,S000548,RFMID,AMD_WET,AMD_WET,1,0.013260005842269416,0.9801028544645588,0.0066371396931719
RETFOUND_MAE_CFP_FROZEN_PCA128_SVM,3407,4,S000550,RFMID,AMD_WET,AMD_WET,1,5.9889693559851456e-06,0.9990203848607057,0.0009736261699382611
RETFOUND_MAE_CFP_FROZEN_PCA128_SVM,3407,4,S000551,RFMID,AMD_WET,AMD_WET,1,1.0287126668120598e-07,0.9998860422183152,0.00011385491041817417
RETFOUND_MAE_CFP_FROZEN_PCA128_SVM,3407,4,S000558,RFMID,AMD_WET,AMD_WET,1,1.1696907493771677e-05,0.9982345512491836,0.0017537518433224158
RETFOUND_MAE_CFP_FROZEN_PCA128_SVM,3407,4,S000566,RFMID,AMD_WET,AMD_WET,1,5.691959203834004e-07,0.9996625182076847,0.0003369125963948792
RETFOUND_MAE_CFP_FROZEN_PCA128_SVM,3407,4,S000575,RFMID,AMD_WET,AMD_WET,1,0.0031825252191631423,0.994780629574425,0.0020368452064119537
RETFOUND_MAE_CFP_FROZEN_PCA128_SVM,3407,4,S000579,RFMID,AMD_WET,AMD_WET,1,0.00294752869398813,0.9952995069462052,0.001752964359806688
RETFOUND_MAE_CFP_FROZEN_PCA128_SVM,3407,4,S000582,RFMID,AMD_WET,AMD_WET,1,0.014376482254048197,0.9777142881738355,0.007909229572116018
RETFOUND_MAE_CFP_FROZEN_PCA128_SVM,3407,4,S000590,RFMID,AMD_WET,AMD_WET,1,0.012522223503482645,0.6993990178646243,0.2880787586318929
RETFOUND_MAE_CFP_FROZEN_PCA128_SVM,3407,4,S000592,RFMID,AMD_WET,AMD_WET,1,0.008879158992080078,0.982267143713858,0.00885369729406215
RETFOUND_MAE_CFP_FROZEN_PCA128_SVM,3407,4,S000597,RFMID,AMD_WET,AMD_WET,1,0.10295572679967618,0.7106026295376064,0.18644164366271762
RETFOUND_MAE_CFP_FROZEN_PCA128_SVM,3407,5,S000004,ADAM,AMD_DRY,AMD_DRY,1,0.9994543239129172,0.0003500879001376607,0.00019558818694501916
RETFOUND_MAE_CFP_FROZEN_PCA128_SVM,3407,5,S000007,ADAM,AMD_DRY,AMD_DRY,1,0.993613175782121,0.006213326479704493,0.00017349773817466264
RETFOUND_MAE_CFP_FROZEN_PCA128_SVM,3407,5,S000008,ADAM,AMD_DRY,AMD_DRY,1,0.9172818768762079,0.08125669587327418,0.0014614272505183725
RETFOUND_MAE_CFP_FROZEN_PCA128_SVM,3407,5,S000017,ADAM,AMD_DRY,AMD_DRY,1,0.9163129770943491,0.055815071499835923,0.027871951405814995
RETFOUND_MAE_CFP_FROZEN_PCA128_SVM,3407,5,S000022,ADAM,AMD_DRY,AMD_DRY,1,0.596531217777769,0.2966139823883836,0.10685479983384746
RETFOUND_MAE_CFP_FROZEN_PCA128_SVM,3407,5,S000029,ADAM,AMD_DRY,AMD_DRY,1,0.8995021342407576,0.0064288279688374,0.09406903779040507
RETFOUND_MAE_CFP_FROZEN_PCA128_SVM,3407,5,S000035,ADAM,AMD_DRY,AMD_DRY,1,0.9651061832717815,0.032159933626127894,0.0027338831020905356
RETFOUND_MAE_CFP_FROZEN_PCA128_SVM,3407,5,S000046,ADAM,AMD_WET,AMD_WET,1,2.0163063169687444e-07,0.9999902594415139,9.538927854371746e-06
RETFOUND_MAE_CFP_FROZEN_PCA128_SVM,3407,5,S000048,ADAM,AMD_WET,AMD_WET,1,0.02005635271466563,0.9797993149707459,0.00014433231458861782
RETFOUND_MAE_CFP_FROZEN_PCA128_SVM,3407,5,S000052,ADAM,AMD_WET,AMD_WET,1,0.06816558602477109,0.9243965642826785,0.007437849692550382
RETFOUND_MAE_CFP_FROZEN_PCA128_SVM,3407,5,S000055,FIVES,NORMAL,NORMAL,1,0.00030585932530169656,0.0020682246362557157,0.9976259160384429
RETFOUND_MAE_CFP_FROZEN_PCA128_SVM,3407,5,S000056,FIVES,NORMAL,NORMAL,1,0.0010650064384088072,0.0035991941709593222,0.9953357993906319
RETFOUND_MAE_CFP_FROZEN_PCA128_SVM,3407,5,S000078,FIVES,NORMAL,NORMAL,1,0.000291654797436418,0.002972924231430781,0.996735420971133
RETFOUND_MAE_CFP_FROZEN_PCA128_SVM,3407,5,S000079,FIVES,NORMAL,NORMAL,1,6.445672850665571e-05,0.0018719863989796579,0.9980635568725138
RETFOUND_MAE_CFP_FROZEN_PCA128_SVM,3407,5,S000088,FIVES,NORMAL,NORMAL,1,0.009259975860420098,0.0009419385697506445,0.9897980855698292
RETFOUND_MAE_CFP_FROZEN_PCA128_SVM,3407,5,S000095,FIVES,NORMAL,NORMAL,1,7.396582672266186e-05,0.002917964847167748,0.9970080693261095
RETFOUND_MAE_CFP_FROZEN_PCA128_SVM,3407,5,S000096,FIVES,NORMAL,NORMAL,1,0.0036266977733260992,0.002265433788035646,0.9941078684386384
RETFOUND_MAE_CFP_FROZEN_PCA128_SVM,3407,5,S000097,FIVES,NORMAL,NORMAL,1,0.0013527500108789883,0.04453653345852286,0.9541107165305979
RETFOUND_MAE_CFP_FROZEN_PCA128_SVM,3407,5,S000103,FIVES,NORMAL,NORMAL,1,1.1498615698199813e-06,1.2615949828731552e-06,0.9999975885434472
RETFOUND_MAE_CFP_FROZEN_PCA128_SVM,3407,5,S000109,FIVES,NORMAL,NORMAL,1,1.469202781456776e-06,1.7183050133258627e-06,0.9999968124922053
RETFOUND_MAE_CFP_FROZEN_PCA128_SVM,3407,5,S000117,FIVES,NORMAL,NORMAL,1,3.904155562053843e-06,3.143436525489115e-06,0.9999929524079124
RETFOUND_MAE_CFP_FROZEN_PCA128_SVM,3407,5,S000118,FIVES,NORMAL,NORMAL,1,1.0734077584569232e-06,1.1354497484753354e-06,0.9999977911424931
RETFOUND_MAE_CFP_FROZEN_PCA128_SVM,3407,5,S000119,FIVES,NORMAL,NORMAL,1,0.0003378851964747145,0.0019494539813566386,0.9977126608221688
RETFOUND_MAE_CFP_FROZEN_PCA128_SVM,3407,5,S000125,FIVES,NORMAL,NORMAL,1,1.8656140242303258e-07,2.1480861535907596e-07,0.9999995986299822
RETFOUND_MAE_CFP_FROZEN_PCA128_SVM,3407,5,S000128,FIVES,NORMAL,NORMAL,1,0.00010603084049366548,0.004405182562979549,0.9954887865965268
RETFOUND_MAE_CFP_FROZEN_PCA128_SVM,3407,5,S000130,FIVES,NORMAL,NORMAL,1,3.5242848911394693e-06,3.060491035906931e-06,0.9999934152240729
RETFOUND_MAE_CFP_FROZEN_PCA128_SVM,3407,5,S000133,FIVES,NORMAL,NORMAL,1,0.000570167484290043,0.007996167603495669,0.9914336649122142
RETFOUND_MAE_CFP_FROZEN_PCA128_SVM,3407,5,S000141,FIVES,NORMAL,NORMAL,1,1.4027182332337147e-06,1.642576860629494e-06,0.9999969547049061
RETFOUND_MAE_CFP_FROZEN_PCA128_SVM,3407,5,S000145,FIVES,NORMAL,NORMAL,1,5.16249271925804e-07,4.4877239090508716e-07,0.9999990349783372
RETFOUND_MAE_CFP_FROZEN_PCA128_SVM,3407,5,S000151,FIVES,NORMAL,NORMAL,1,4.687981112096926e-06,4.329249163316643e-06,0.9999909827697246
RETFOUND_MAE_CFP_FROZEN_PCA128_SVM,3407,5,S000155,FIVES,AMD_DRY,AMD_DRY,1,0.8655767372077174,0.1334837389918748,0.0009395238004076311
RETFOUND_MAE_CFP_FROZEN_PCA128_SVM,3407,5,S000163,FIVES,AMD_DRY,AMD_DRY,1,0.9225269694066293,0.06535140804968595,0.012121622543684665
RETFOUND_MAE_CFP_FROZEN_PCA128_SVM,3407,5,S000164,FIVES,AMD_DRY,AMD_DRY,1,0.8349987879272804,0.1544683516219074,0.01053286045081214
RETFOUND_MAE_CFP_FROZEN_PCA128_SVM,3407,5,S000168,FIVES,AMD_WET,AMD_WET,1,0.0031996581749946275,0.9963116264627104,0.0004887153622949163
RETFOUND_MAE_CFP_FROZEN_PCA128_SVM,3407,5,S000169,FIVES,AMD_WET,AMD_WET,1,1.8080291271421736e-06,0.9992996633861179,0.000698528584754964
RETFOUND_MAE_CFP_FROZEN_PCA128_SVM,3407,5,S000176,FIVES,AMD_WET,AMD_WET,1,0.0077011194961608765,0.9916046798303302,0.0006942006735090471
RETFOUND_MAE_CFP_FROZEN_PCA128_SVM,3407,5,S000191,FIVES,AMD_WET,AMD_WET,1,7.315258134512807e-08,0.9998863453298323,0.00011358151758622569
RETFOUND_MAE_CFP_FROZEN_PCA128_SVM,3407,5,S000194,FIVES,AMD_WET,AMD_WET,1,0.009014336841046938,0.9870571777367629,0.003928485422189805
RETFOUND_MAE_CFP_FROZEN_PCA128_SVM,3407,5,S000195,FIVES,AMD_WET,AMD_WET,1,6.057676955297782e-08,0.9999042775273856,9.566189584472484e-05
RETFOUND_MAE_CFP_FROZEN_PCA128_SVM,3407,5,S000202,FIVES,AMD_WET,AMD_WET,1,0.0023386101240141597,0.9954260300280775,0.002235359847908284
RETFOUND_MAE_CFP_FROZEN_PCA128_SVM,3407,5,S000211,FIVES,AMD_WET,AMD_WET,1,0.16518960715564548,0.8336808292880868,0.0011295635562677212
RETFOUND_MAE_CFP_FROZEN_PCA128_SVM,3407,5,S000215,FIVES,AMD_WET,AMD_WET,1,2.0917839611399082e-08,0.999951012294461,4.896678769936317e-05
RETFOUND_MAE_CFP_FROZEN_PCA128_SVM,3407,5,S000217,FIVES,AMD_WET,AMD_WET,1,3.292586095479279e-06,0.9997017894618766,0.0002949179520280413
RETFOUND_MAE_CFP_FROZEN_PCA128_SVM,3407,5,S000229,FIVES,AMD_WET,AMD_WET,1,2.7653658951404168e-06,0.999825790951613,0.0001714436824918469
RETFOUND_MAE_CFP_FROZEN_PCA128_SVM,3407,5,S000232,FIVES,AMD_WET,AMD_WET,1,0.11447540109961564,0.8789873382673195,0.006537260633064721
RETFOUND_MAE_CFP_FROZEN_PCA128_SVM,3407,5,S000235,FIVES,AMD_WET,AMD_WET,1,1.9709544527321435e-07,0.9997796970983259,0.00022010580622861044
RETFOUND_MAE_CFP_FROZEN_PCA128_SVM,3407,5,S000236,FIVES,AMD_WET,AMD_WET,1,0.005841015721343738,0.9888084164987706,0.005350567779885575
RETFOUND_MAE_CFP_FROZEN_PCA128_SVM,3407,5,S000254,ODIR,NORMAL,NORMAL,1,0.0009357809790904028,0.004563483069532621,0.994500735951377
RETFOUND_MAE_CFP_FROZEN_PCA128_SVM,3407,5,S000262,ODIR,NORMAL,NORMAL,1,0.010588035785975529,0.005776601829425473,0.9836353623845991
RETFOUND_MAE_CFP_FROZEN_PCA128_SVM,3407,5,S000271,ODIR,NORMAL,NORMAL,1,3.928843436274467e-07,2.0149457489777603e-07,0.9999994056210815
RETFOUND_MAE_CFP_FROZEN_PCA128_SVM,3407,5,S000272,ODIR,NORMAL,NORMAL,1,4.071961066671713e-06,2.1259250996953297e-06,0.9999938021138336
RETFOUND_MAE_CFP_FROZEN_PCA128_SVM,3407,5,S000279,ODIR,NORMAL,NORMAL,1,0.0018334270334122483,0.004390533917531881,0.9937760390490558
RETFOUND_MAE_CFP_FROZEN_PCA128_SVM,3407,5,S000280,ODIR,NORMAL,NORMAL,1,0.006942760221009721,0.0014970313460106605,0.9915602084329799
RETFOUND_MAE_CFP_FROZEN_PCA128_SVM,3407,5,S000281,ODIR,NORMAL,NORMAL,1,0.05775805815576253,0.020102083953448868,0.9221398578907887
RETFOUND_MAE_CFP_FROZEN_PCA128_SVM,3407,5,S000288,ODIR,NORMAL,NORMAL,1,0.12682465975388552,0.1853045176455745,0.6878708226005398
RETFOUND_MAE_CFP_FROZEN_PCA128_SVM,3407,5,S000289,ODIR,NORMAL,NORMAL,1,0.0004826132539608,0.0028515202090060193,0.9966658665370332
RETFOUND_MAE_CFP_FROZEN_PCA128_SVM,3407,5,S000294,ODIR,NORMAL,NORMAL,1,0.00410830655555505,0.0008367372699419974,0.995054956174503
RETFOUND_MAE_CFP_FROZEN_PCA128_SVM,3407,5,S000303,ODIR,NORMAL,NORMAL,1,0.007403067146408669,0.00845293321516396,0.9841439996384271
RETFOUND_MAE_CFP_FROZEN_PCA128_SVM,3407,5,S000304,ODIR,NORMAL,NORMAL,1,0.0011806256367601275,0.006982153756576948,0.9918372206066628
RETFOUND_MAE_CFP_FROZEN_PCA128_SVM,3407,5,S000305,ODIR,NORMAL,NORMAL,1,0.00036626476065385754,0.0014675760629991933,0.998166159176347
RETFOUND_MAE_CFP_FROZEN_PCA128_SVM,3407,5,S000311,ODIR,NORMAL,NORMAL,1,0.014829098777781177,0.010823954479925905,0.9743469467422926
RETFOUND_MAE_CFP_FROZEN_PCA128_SVM,3407,5,S000312,ODIR,NORMAL,NORMAL,1,0.07630770242779918,0.11583292514692213,0.8078593724252789
RETFOUND_MAE_CFP_FROZEN_PCA128_SVM,3407,5,S000313,ODIR,NORMAL,NORMAL,1,0.001501192736240619,0.001768583214255992,0.9967302240495036
RETFOUND_MAE_CFP_FROZEN_PCA128_SVM,3407,5,S000315,ODIR,NORMAL,NORMAL,1,0.021736648907888442,0.003047435599375486,0.9752159154927363
RETFOUND_MAE_CFP_FROZEN_PCA128_SVM,3407,5,S000320,ODIR,NORMAL,NORMAL,1,0.017780615892138675,0.0024115818530698373,0.9798078022547916
RETFOUND_MAE_CFP_FROZEN_PCA128_SVM,3407,5,S000332,ODIR,NORMAL,NORMAL,1,0.01609969523413391,0.013731140220364318,0.9701691645455017
RETFOUND_MAE_CFP_FROZEN_PCA128_SVM,3407,5,S000335,ODIR,NORMAL,NORMAL,1,0.002624216915921133,0.007335611462071439,0.9900401716220073
RETFOUND_MAE_CFP_FROZEN_PCA128_SVM,3407,5,S000341,ODIR,NORMAL,NORMAL,1,0.0009206605955785409,0.0022518719997625725,0.9968274674046589
RETFOUND_MAE_CFP_FROZEN_PCA128_SVM,3407,5,S000343,ODIR,NORMAL,NORMAL,1,3.868559326080014e-07,2.716932813531066e-07,0.9999993414507861
RETFOUND_MAE_CFP_FROZEN_PCA128_SVM,3407,5,S000346,ODIR,NORMAL,NORMAL,1,0.0005750017687384217,0.0021006314805308,0.9973243667507308
RETFOUND_MAE_CFP_FROZEN_PCA128_SVM,3407,5,S000355,ODIR,NORMAL,NORMAL,1,0.0066202814951360775,0.01474412563791733,0.9786355928669467
RETFOUND_MAE_CFP_FROZEN_PCA128_SVM,3407,5,S000358,ODIR,NORMAL,NORMAL,1,0.006983620540644417,0.002791917951675034,0.9902244615076805
RETFOUND_MAE_CFP_FROZEN_PCA128_SVM,3407,5,S000376,ODIR,AMD_DRY,AMD_DRY,1,0.9052634332309235,0.01991879550916709,0.0748177712599095
RETFOUND_MAE_CFP_FROZEN_PCA128_SVM,3407,5,S000384,ODIR,AMD_DRY,AMD_DRY,1,0.7514373117414629,0.13738232802035732,0.11118036023817977
RETFOUND_MAE_CFP_FROZEN_PCA128_SVM,3407,5,S000385,ODIR,AMD_DRY,AMD_DRY,1,0.9802091949411843,0.018015908365664992,0.00177489669315058
RETFOUND_MAE_CFP_FROZEN_PCA128_SVM,3407,5,S000386,ODIR,AMD_DRY,AMD_DRY,1,0.7766785071976787,0.21468282107887512,0.008638671723446142
RETFOUND_MAE_CFP_FROZEN_PCA128_SVM,3407,5,S000393,ODIR,AMD_DRY,AMD_DRY,1,0.9142972822770321,0.08178230655053766,0.003920411172430027
RETFOUND_MAE_CFP_FROZEN_PCA128_SVM,3407,5,S000400,ODIR,AMD_DRY,AMD_WET,0,0.405120811062416,0.5858831450783379,0.008996043859246022
RETFOUND_MAE_CFP_FROZEN_PCA128_SVM,3407,5,S000401,ODIR,AMD_DRY,AMD_DRY,1,0.9610243022664965,0.02679978396598468,0.012175913767518642
RETFOUND_MAE_CFP_FROZEN_PCA128_SVM,3407,5,S000403,ODIR,AMD_DRY,AMD_DRY,1,0.9941428984845837,0.0054445470392829425,0.0004125544761333689
RETFOUND_MAE_CFP_FROZEN_PCA128_SVM,3407,5,S000410,ODIR,AMD_DRY,AMD_DRY,1,0.9738101812415588,0.023225074789422526,0.002964743969018719
RETFOUND_MAE_CFP_FROZEN_PCA128_SVM,3407,5,S000419,ODIR,AMD_DRY,AMD_DRY,1,0.922299921279478,0.07712993542063067,0.0005701432998912307
RETFOUND_MAE_CFP_FROZEN_PCA128_SVM,3407,5,S000420,ODIR,AMD_DRY,AMD_DRY,1,0.7949777238475646,0.19909313198269066,0.005929144169744618
RETFOUND_MAE_CFP_FROZEN_PCA128_SVM,3407,5,S000425,ODIR,AMD_DRY,NORMAL,0,0.28169251655291333,0.040213863304686584,0.6780936201424
RETFOUND_MAE_CFP_FROZEN_PCA128_SVM,3407,5,S000427,ODIR,AMD_DRY,AMD_DRY,1,0.905630151684563,0.09099730640307954,0.0033725419123574216
RETFOUND_MAE_CFP_FROZEN_PCA128_SVM,3407,5,S000430,ODIR,AMD_DRY,AMD_WET,0,0.42069292277091497,0.5791556062424246,0.00015147098666012132
RETFOUND_MAE_CFP_FROZEN_PCA128_SVM,3407,5,S000438,ODIR,AMD_DRY,AMD_DRY,1,0.755990628626807,0.09715726608876726,0.1468521052844256
RETFOUND_MAE_CFP_FROZEN_PCA128_SVM,3407,5,S000443,ODIR,AMD_DRY,AMD_DRY,1,0.9087316009338738,0.09103429643333637,0.0002341026327898466
RETFOUND_MAE_CFP_FROZEN_PCA128_SVM,3407,5,S000449,ODIR,AMD_WET,AMD_DRY,0,0.5115622623446728,0.487827520210072,0.0006102174452550877
RETFOUND_MAE_CFP_FROZEN_PCA128_SVM,3407,5,S000451,ODIR,AMD_WET,AMD_WET,1,0.31510932937787184,0.6718579828398478,0.013032687782280289
RETFOUND_MAE_CFP_FROZEN_PCA128_SVM,3407,5,S000462,ODIR,AMD_WET,AMD_WET,1,0.046507133396539474,0.9533033522564979,0.00018951434696249842
RETFOUND_MAE_CFP_FROZEN_PCA128_SVM,3407,5,S000469,ODIR,AMD_WET,AMD_WET,1,0.07343221908011978,0.9195404675858733,0.007027313334006948
RETFOUND_MAE_CFP_FROZEN_PCA128_SVM,3407,5,S000471,ODIR,AMD_WET,AMD_WET,1,0.1763901540523971,0.5826950760754036,0.2409147698721993
RETFOUND_MAE_CFP_FROZEN_PCA128_SVM,3407,5,S000474,RFMID,NORMAL,NORMAL,1,1.7747026385407427e-05,0.0023513140765663056,0.9976309388970483
RETFOUND_MAE_CFP_FROZEN_PCA128_SVM,3407,5,S000475,RFMID,NORMAL,NORMAL,1,0.0005187532619158221,0.007648812691162388,0.9918324340469217
RETFOUND_MAE_CFP_FROZEN_PCA128_SVM,3407,5,S000479,RFMID,NORMAL,NORMAL,1,0.0013815843177862562,0.0021018426535624516,0.996516573028651
RETFOUND_MAE_CFP_FROZEN_PCA128_SVM,3407,5,S000483,RFMID,NORMAL,NORMAL,1,2.579087711588405e-07,3.0283700787274445e-07,0.999999439254221
RETFOUND_MAE_CFP_FROZEN_PCA128_SVM,3407,5,S000487,RFMID,NORMAL,NORMAL,1,5.283020199467124e-07,4.1320850425584175e-07,0.9999990584894758
RETFOUND_MAE_CFP_FROZEN_PCA128_SVM,3407,5,S000489,RFMID,NORMAL,NORMAL,1,5.284276309809384e-06,4.462339249777258e-06,0.9999902533844405
RETFOUND_MAE_CFP_FROZEN_PCA128_SVM,3407,5,S000495,RFMID,NORMAL,NORMAL,1,0.001279661239684101,0.0036530220273868538,0.9950673167329291
RETFOUND_MAE_CFP_FROZEN_PCA128_SVM,3407,5,S000496,RFMID,NORMAL,NORMAL,1,0.003082617933821003,0.02790516916058002,0.969012212905599
RETFOUND_MAE_CFP_FROZEN_PCA128_SVM,3407,5,S000503,RFMID,NORMAL,NORMAL,1,9.876179806686922e-08,1.1008604763937824e-07,0.9999997911521543
RETFOUND_MAE_CFP_FROZEN_PCA128_SVM,3407,5,S000513,RFMID,NORMAL,NORMAL,1,0.005878073643841737,0.025263767121540534,0.9688581592346177
RETFOUND_MAE_CFP_FROZEN_PCA128_SVM,3407,5,S000519,RFMID,NORMAL,NORMAL,1,0.016768985916122317,0.017312959069436522,0.9659180550144413
RETFOUND_MAE_CFP_FROZEN_PCA128_SVM,3407,5,S000525,RFMID,NORMAL,NORMAL,1,0.0002213450074946019,0.00273256817238717,0.9970460868201182
RETFOUND_MAE_CFP_FROZEN_PCA128_SVM,3407,5,S000526,RFMID,NORMAL,NORMAL,1,0.0009370409736367767,0.117774060165674,0.8812888988606892
RETFOUND_MAE_CFP_FROZEN_PCA128_SVM,3407,5,S000536,RFMID,AMD_DRY,AMD_DRY,1,0.8744750216428766,0.12070338604932655,0.0048215923077968735
RETFOUND_MAE_CFP_FROZEN_PCA128_SVM,3407,5,S000538,RFMID,AMD_DRY,AMD_WET,0,0.1928547884816644,0.7988498108034978,0.008295400714837768
RETFOUND_MAE_CFP_FROZEN_PCA128_SVM,3407,5,S000547,RFMID,AMD_WET,AMD_WET,1,0.31468358495384235,0.668491755509509,0.01682465953664884
RETFOUND_MAE_CFP_FROZEN_PCA128_SVM,3407,5,S000554,RFMID,AMD_WET,AMD_WET,1,0.0018519140271695115,0.9962631474146213,0.001884938558209356
RETFOUND_MAE_CFP_FROZEN_PCA128_SVM,3407,5,S000556,RFMID,AMD_WET,AMD_WET,1,0.0018452041384349627,0.9961542110604724,0.0020005848010927895
RETFOUND_MAE_CFP_FROZEN_PCA128_SVM,3407,5,S000567,RFMID,AMD_WET,AMD_WET,1,0.013805483008658961,0.9805886673588304,0.005605849632510338
RETFOUND_MAE_CFP_FROZEN_PCA128_SVM,3407,5,S000570,RFMID,AMD_WET,AMD_WET,1,1.7892156177864887e-07,0.9999445015181558,5.5319560282397324e-05
RETFOUND_MAE_CFP_FROZEN_PCA128_SVM,3407,5,S000574,RFMID,AMD_WET,AMD_WET,1,0.022743515908054058,0.9756024401472656,0.0016540439446800766
RETFOUND_MAE_CFP_FROZEN_PCA128_SVM,3407,5,S000577,RFMID,AMD_WET,AMD_WET,1,1.2248381279543957e-06,0.9995809479305547,0.00041782723131726917
RETFOUND_MAE_CFP_FROZEN_PCA128_SVM,3407,5,S000581,RFMID,AMD_WET,AMD_WET,1,0.006350409988942213,0.9925849982267521,0.0010645917843060016
RETFOUND_MAE_CFP_FROZEN_PCA128_SVM,3407,5,S000585,RFMID,AMD_WET,AMD_WET,1,0.003197630903721698,0.9967902436627143,1.212543356424511e-05
RETFOUND_MAE_CFP_FROZEN_PCA128_SVM,3407,5,S000588,RFMID,AMD_WET,AMD_DRY,0,0.6269433109507636,0.35220349538282747,0.020853193666408778
RETFOUND_MAE_CFP_FROZEN_PCA128_SVM,7777,1,S000002,ADAM,AMD_DRY,AMD_DRY,1,0.8634818932083242,0.01678551927177206,0.11973258751990368
RETFOUND_MAE_CFP_FROZEN_PCA128_SVM,7777,1,S000003,ADAM,AMD_DRY,AMD_DRY,1,0.9978985159751582,0.0012048074793928891,0.000896676545448954
RETFOUND_MAE_CFP_FROZEN_PCA128_SVM,7777,1,S000010,ADAM,AMD_DRY,AMD_WET,0,0.4888653525542578,0.5050198974653722,0.00611474998036989
RETFOUND_MAE_CFP_FROZEN_PCA128_SVM,7777,1,S000013,ADAM,AMD_DRY,AMD_DRY,1,0.9908916108397988,0.008275846689351059,0.000832542470850074
RETFOUND_MAE_CFP_FROZEN_PCA128_SVM,7777,1,S000019,ADAM,AMD_DRY,AMD_DRY,1,0.6206417285322168,0.37610394216332727,0.00325432930445603
RETFOUND_MAE_CFP_FROZEN_PCA128_SVM,7777,1,S000026,ADAM,AMD_DRY,AMD_DRY,1,0.9217111963871714,0.07556635003940108,0.0027224535734274493
RETFOUND_MAE_CFP_FROZEN_PCA128_SVM,7777,1,S000032,ADAM,AMD_DRY,AMD_DRY,1,0.9955899221603373,0.003945545997694515,0.0004645318419682053
RETFOUND_MAE_CFP_FROZEN_PCA128_SVM,7777,1,S000040,ADAM,AMD_WET,AMD_WET,1,0.012072315434243135,0.9875873121880958,0.0003403723776609123
RETFOUND_MAE_CFP_FROZEN_PCA128_SVM,7777,1,S000045,ADAM,AMD_WET,AMD_WET,1,0.20616595674206692,0.793240390475768,0.0005936527821652719
RETFOUND_MAE_CFP_FROZEN_PCA128_SVM,7777,1,S000047,ADAM,AMD_WET,AMD_DRY,0,0.9669224165157568,0.031052551279794546,0.0020250322044485644
RETFOUND_MAE_CFP_FROZEN_PCA128_SVM,7777,1,S000051,ADAM,AMD_WET,AMD_WET,1,0.01220822192032577,0.9875546024917207,0.00023717558795357898
RETFOUND_MAE_CFP_FROZEN_PCA128_SVM,7777,1,S000062,FIVES,NORMAL,NORMAL,1,3.8311794743678754e-06,2.942265059801316e-06,0.9999932265554659
RETFOUND_MAE_CFP_FROZEN_PCA128_SVM,7777,1,S000064,FIVES,NORMAL,NORMAL,1,0.0003158688327318095,0.001977797046017706,0.9977063341212505
RETFOUND_MAE_CFP_FROZEN_PCA128_SVM,7777,1,S000071,FIVES,NORMAL,NORMAL,1,0.004688361174119356,0.08325462134065233,0.9120570174852283
RETFOUND_MAE_CFP_FROZEN_PCA128_SVM,7777,1,S000072,FIVES,NORMAL,NORMAL,1,0.02906230076849826,0.007726704079749546,0.9632109951517521
RETFOUND_MAE_CFP_FROZEN_PCA128_SVM,7777,1,S000083,FIVES,NORMAL,NORMAL,1,0.00027983513807081,0.009613125778168412,0.9901070390837606
RETFOUND_MAE_CFP_FROZEN_PCA128_SVM,7777,1,S000085,FIVES,NORMAL,NORMAL,1,3.7519742337861815e-06,4.079811907153469e-06,0.9999921682138592
RETFOUND_MAE_CFP_FROZEN_PCA128_SVM,7777,1,S000090,FIVES,NORMAL,NORMAL,1,1.6760776089575066e-06,1.614552858747359e-06,0.9999967093695323
RETFOUND_MAE_CFP_FROZEN_PCA128_SVM,7777,1,S000093,FIVES,NORMAL,NORMAL,1,4.556419381175139e-07,4.929006984880723e-07,0.9999990514573633
RETFOUND_MAE_CFP_FROZEN_PCA128_SVM,7777,1,S000101,FIVES,NORMAL,NORMAL,1,1.5626151952559922e-06,1.1609263392111648e-06,0.9999972764584656
RETFOUND_MAE_CFP_FROZEN_PCA128_SVM,7777,1,S000105,FIVES,NORMAL,NORMAL,1,1.5769250942616176e-06,1.7053957655369767e-06,0.9999967176791402
RETFOUND_MAE_CFP_FROZEN_PCA128_SVM,7777,1,S000106,FIVES,NORMAL,NORMAL,1,0.00039242772216629713,0.004451456569994845,0.9951561157078387
RETFOUND_MAE_CFP_FROZEN_PCA128_SVM,7777,1,S000107,FIVES,NORMAL,NORMAL,1,0.00053218028905421,0.01344820967164762,0.9860196100392984
RETFOUND_MAE_CFP_FROZEN_PCA128_SVM,7777,1,S000111,FIVES,NORMAL,NORMAL,1,0.007117878904865537,0.0016732201675445071,0.9912089009275898
RETFOUND_MAE_CFP_FROZEN_PCA128_SVM,7777,1,S000114,FIVES,NORMAL,NORMAL,1,0.00016496340595386496,0.0017992628462006404,0.9980357737478455
RETFOUND_MAE_CFP_FROZEN_PCA128_SVM,7777,1,S000123,FIVES,NORMAL,NORMAL,1,2.3689932637811397e-07,2.399106839678281e-07,0.9999995231899896
RETFOUND_MAE_CFP_FROZEN_PCA128_SVM,7777,1,S000124,FIVES,NORMAL,NORMAL,1,4.623321327482488e-05,0.003498976102924991,0.9964547906838005
RETFOUND_MAE_CFP_FROZEN_PCA128_SVM,7777,1,S000126,FIVES,NORMAL,NORMAL,1,0.0074551759121794636,0.06604524424485185,0.9264995798429686
RETFOUND_MAE_CFP_FROZEN_PCA128_SVM,7777,1,S000136,FIVES,NORMAL,NORMAL,1,0.0034208421062708184,0.0011032969939472252,0.9954758608997819
RETFOUND_MAE_CFP_FROZEN_PCA128_SVM,7777,1,S000142,FIVES,NORMAL,NORMAL,1,2.843168932515778e-06,3.2867291559796777e-06,0.9999938701019114
RETFOUND_MAE_CFP_FROZEN_PCA128_SVM,7777,1,S000143,FIVES,NORMAL,NORMAL,1,2.589738260775457e-07,2.287638711926262e-07,0.9999995122623027
RETFOUND_MAE_CFP_FROZEN_PCA128_SVM,7777,1,S000157,FIVES,AMD_DRY,AMD_WET,0,0.36262379082711615,0.6321626348268574,0.005213574346026573
RETFOUND_MAE_CFP_FROZEN_PCA128_SVM,7777,1,S000165,FIVES,AMD_DRY,AMD_DRY,1,0.9845695929347171,0.01387967752538017,0.0015507295399028308
RETFOUND_MAE_CFP_FROZEN_PCA128_SVM,7777,1,S000166,FIVES,AMD_DRY,AMD_WET,0,8.261455184275628e-07,0.9999812895352365,1.7884319245293822e-05
RETFOUND_MAE_CFP_FROZEN_PCA128_SVM,7777,1,S000171,FIVES,AMD_WET,AMD_WET,1,0.00925579219082367,0.990385051773316,0.0003591560358603408
RETFOUND_MAE_CFP_FROZEN_PCA128_SVM,7777,1,S000175,FIVES,AMD_WET,AMD_WET,1,0.01614961256101595,0.9834355044366946,0.0004148830022896842
RETFOUND_MAE_CFP_FROZEN_PCA128_SVM,7777,1,S000181,FIVES,AMD_WET,AMD_WET,1,0.05663469640647023,0.9429850403615959,0.0003802632319339402
RETFOUND_MAE_CFP_FROZEN_PCA128_SVM,7777,1,S000196,FIVES,AMD_WET,AMD_WET,1,1.4288551513797287e-07,0.9998873465856309,0.00011251052885393804
RETFOUND_MAE_CFP_FROZEN_PCA128_SVM,7777,1,S000197,FIVES,AMD_WET,AMD_WET,1,9.63261438504171e-10,0.9999944287117231,5.570325015631847e-06
RETFOUND_MAE_CFP_FROZEN_PCA128_SVM,7777,1,S000198,FIVES,AMD_WET,AMD_WET,1,0.0032308708304261626,0.9916586257553852,0.005110503414188733
RETFOUND_MAE_CFP_FROZEN_PCA128_SVM,7777,1,S000199,FIVES,AMD_WET,AMD_WET,1,0.2879508747981239,0.7111769473783998,0.0008721778234763676
RETFOUND_MAE_CFP_FROZEN_PCA128_SVM,7777,1,S000209,FIVES,AMD_WET,AMD_WET,1,0.00670401336821774,0.9890716233357097,0.00422436329607235
RETFOUND_MAE_CFP_FROZEN_PCA128_SVM,7777,1,S000214,FIVES,AMD_WET,AMD_WET,1,0.012990861709857714,0.9865872466754724,0.00042189161466973165
RETFOUND_MAE_CFP_FROZEN_PCA128_SVM,7777,1,S000221,FIVES,AMD_WET,AMD_WET,1,0.007766904059438715,0.9914998107830386,0.000733285157522814
RETFOUND_MAE_CFP_FROZEN_PCA128_SVM,7777,1,S000223,FIVES,AMD_WET,AMD_WET,1,0.11852015911381657,0.87662950359881,0.004850337287373272
RETFOUND_MAE_CFP_FROZEN_PCA128_SVM,7777,1,S000228,FIVES,AMD_WET,AMD_WET,1,0.0017236622659713447,0.9976015441453513,0.0006747935886772607
RETFOUND_MAE_CFP_FROZEN_PCA128_SVM,7777,1,S000231,FIVES,AMD_WET,AMD_DRY,0,0.7200979009512657,0.27444322134622495,0.005458877702509599
RETFOUND_MAE_CFP_FROZEN_PCA128_SVM,7777,1,S000240,ODIR,NORMAL,NORMAL,1,0.0029867386540220133,0.002599142528111922,0.994414118817866
RETFOUND_MAE_CFP_FROZEN_PCA128_SVM,7777,1,S000252,ODIR,NORMAL,NORMAL,1,0.0011509939698739965,0.0012376517433256517,0.9976113542868006
RETFOUND_MAE_CFP_FROZEN_PCA128_SVM,7777,1,S000255,ODIR,NORMAL,NORMAL,1,9.891288296270067e-07,5.068164135802658e-07,0.9999985040547568
RETFOUND_MAE_CFP_FROZEN_PCA128_SVM,7777,1,S000256,ODIR,NORMAL,NORMAL,1,7.410593284780987e-07,3.7327880890124786e-07,0.9999988856618627
RETFOUND_MAE_CFP_FROZEN_PCA128_SVM,7777,1,S000258,ODIR,NORMAL,NORMAL,1,0.011551165572175425,0.0004744848712943088,0.9879743495565303
RETFOUND_MAE_CFP_FROZEN_PCA128_SVM,7777,1,S000264,ODIR,NORMAL,NORMAL,1,2.2585700019851004e-07,1.2611982127444927e-07,0.9999996480231785
RETFOUND_MAE_CFP_FROZEN_PCA128_SVM,7777,1,S000265,ODIR,NORMAL,NORMAL,1,0.006998429012854199,0.0014949155551216046,0.9915066554320244
RETFOUND_MAE_CFP_FROZEN_PCA128_SVM,7777,1,S000267,ODIR,NORMAL,NORMAL,1,0.010867389828585048,0.0016265720859424432,0.9875060380854725
RETFOUND_MAE_CFP_FROZEN_PCA128_SVM,7777,1,S000268,ODIR,NORMAL,NORMAL,1,0.003734116141160817,0.005629486549015342,0.9906363973098239
RETFOUND_MAE_CFP_FROZEN_PCA128_SVM,7777,1,S000274,ODIR,NORMAL,NORMAL,1,0.005437127500481547,0.00155621711922947,0.9930066553802888
RETFOUND_MAE_CFP_FROZEN_PCA128_SVM,7777,1,S000275,ODIR,NORMAL,NORMAL,1,0.0007266012192515996,0.0034107934221538887,0.9958626053585945
RETFOUND_MAE_CFP_FROZEN_PCA128_SVM,7777,1,S000282,ODIR,NORMAL,NORMAL,1,1.3294200871087875e-06,6.840157630250339e-07,0.99999798656415
RETFOUND_MAE_CFP_FROZEN_PCA128_SVM,7777,1,S000291,ODIR,NORMAL,NORMAL,1,0.006954449003522665,0.022252255640602934,0.9707932953558742
RETFOUND_MAE_CFP_FROZEN_PCA128_SVM,7777,1,S000298,ODIR,NORMAL,NORMAL,1,1.3248878309535329e-06,7.027071865586901e-07,0.9999979724049826
RETFOUND_MAE_CFP_FROZEN_PCA128_SVM,7777,1,S000307,ODIR,NORMAL,NORMAL,1,2.527550584997609e-06,1.2830517926447277e-06,0.9999961893976224
RETFOUND_MAE_CFP_FROZEN_PCA128_SVM,7777,1,S000317,ODIR,NORMAL,NORMAL,1,0.0030018938504060835,0.00021717126409205822,0.996780934885502
RETFOUND_MAE_CFP_FROZEN_PCA128_SVM,7777,1,S000318,ODIR,NORMAL,NORMAL,1,0.051838665162425565,0.0005211195589648589,0.9476402152786096
RETFOUND_MAE_CFP_FROZEN_PCA128_SVM,7777,1,S000321,ODIR,NORMAL,NORMAL,1,0.007837172110307655,0.005858689591498397,0.986304138298194
RETFOUND_MAE_CFP_FROZEN_PCA128_SVM,7777,1,S000326,ODIR,NORMAL,NORMAL,1,0.01704223205811151,0.00027977185723399175,0.9826779960846544
RETFOUND_MAE_CFP_FROZEN_PCA128_SVM,7777,1,S000327,ODIR,NORMAL,NORMAL,1,0.02547874610159533,0.0059996193484021625,0.9685216345500024
RETFOUND_MAE_CFP_FROZEN_PCA128_SVM,7777,1,S000329,ODIR,NORMAL,NORMAL,1,0.023494470644577006,0.009536186202021683,0.9669693431534011
RETFOUND_MAE_CFP_FROZEN_PCA128_SVM,7777,1,S000333,ODIR,NORMAL,NORMAL,1,0.007083449238522692,0.002377640258040498,0.9905389105034369
RETFOUND_MAE_CFP_FROZEN_PCA128_SVM,7777,1,S000349,ODIR,NORMAL,NORMAL,1,0.007437615472421856,0.0019323848116600739,0.9906299997159181
RETFOUND_MAE_CFP_FROZEN_PCA128_SVM,7777,1,S000351,ODIR,NORMAL,NORMAL,1,0.013391854203181645,0.00029062343577878036,0.9863175223610395
RETFOUND_MAE_CFP_FROZEN_PCA128_SVM,7777,1,S000356,ODIR,NORMAL,NORMAL,1,0.006840753884860262,0.0002353870433064986,0.9929238590718334
RETFOUND_MAE_CFP_FROZEN_PCA128_SVM,7777,1,S000382,ODIR,AMD_DRY,AMD_WET,0,0.2646665764112472,0.732036148733391,0.0032972748553618614
RETFOUND_MAE_CFP_FROZEN_PCA128_SVM,7777,1,S000387,ODIR,AMD_DRY,AMD_DRY,1,0.7111466243293573,0.2830624693182832,0.005790906352359484
RETFOUND_MAE_CFP_FROZEN_PCA128_SVM,7777,1,S000388,ODIR,AMD_DRY,AMD_DRY,1,0.6854182531755778,0.31018007878491,0.0044016680395124515
RETFOUND_MAE_CFP_FROZEN_PCA128_SVM,7777,1,S000397,ODIR,AMD_DRY,AMD_DRY,1,0.9522969193494418,0.04644866594080625,0.0012544147097522074
RETFOUND_MAE_CFP_FROZEN_PCA128_SVM,7777,1,S000405,ODIR,AMD_DRY,AMD_DRY,1,0.9958832020711014,0.003755865187203189,0.0003609327416954342
RETFOUND_MAE_CFP_FROZEN_PCA128_SVM,7777,1,S000408,ODIR,AMD_DRY,AMD_DRY,1,0.6584606643343702,0.21413459494510764,0.12740474072052224
RETFOUND_MAE_CFP_FROZEN_PCA128_SVM,7777,1,S000413,ODIR,AMD_DRY,AMD_DRY,1,0.974179034099908,0.016479984928556263,0.00934098097153563
RETFOUND_MAE_CFP_FROZEN_PCA128_SVM,7777,1,S000414,ODIR,AMD_DRY,AMD_DRY,1,0.9785503796035177,0.01875684085219674,0.002692779544285709
RETFOUND_MAE_CFP_FROZEN_PCA128_SVM,7777,1,S000415,ODIR,AMD_DRY,AMD_DRY,1,0.9901796945292709,0.006982611425419021,0.0028376940453099593
RETFOUND_MAE_CFP_FROZEN_PCA128_SVM,7777,1,S000421,ODIR,AMD_DRY,AMD_DRY,1,0.9322114005361393,0.06133890125649929,0.006449698207361707
RETFOUND_MAE_CFP_FROZEN_PCA128_SVM,7777,1,S000422,ODIR,AMD_DRY,AMD_DRY,1,0.9654469332506554,0.02815230677822449,0.0064007599711199325
RETFOUND_MAE_CFP_FROZEN_PCA128_SVM,7777,1,S000429,ODIR,AMD_DRY,AMD_DRY,1,0.9963418580586441,0.0035784151463332317,7.972679502257492e-05
RETFOUND_MAE_CFP_FROZEN_PCA128_SVM,7777,1,S000431,ODIR,AMD_DRY,AMD_DRY,1,0.9808202600635794,0.018543543768822116,0.0006361961675984883
RETFOUND_MAE_CFP_FROZEN_PCA128_SVM,7777,1,S000432,ODIR,AMD_DRY,AMD_DRY,1,0.9888847482742307,0.006654926069375077,0.004460325656394314
RETFOUND_MAE_CFP_FROZEN_PCA128_SVM,7777,1,S000433,ODIR,AMD_DRY,AMD_DRY,1,0.9916964631644543,0.008004251277428136,0.00029928555811736774
RETFOUND_MAE_CFP_FROZEN_PCA128_SVM,7777,1,S000436,ODIR,AMD_DRY,AMD_DRY,1,0.9756319002154867,0.022067882763215328,0.002300217021297937
RETFOUND_MAE_CFP_FROZEN_PCA128_SVM,7777,1,S000437,ODIR,AMD_DRY,AMD_DRY,1,0.7806706291871757,0.1657242077266659,0.05360516308615847
RETFOUND_MAE_CFP_FROZEN_PCA128_SVM,7777,1,S000446,ODIR,AMD_WET,AMD_DRY,0,0.7858401741285164,0.20781910756361385,0.006340718307869695
RETFOUND_MAE_CFP_FROZEN_PCA128_SVM,7777,1,S000450,ODIR,AMD_WET,AMD_WET,1,0.004429213115413389,0.9936401448945934,0.001930641989993081
RETFOUND_MAE_CFP_FROZEN_PCA128_SVM,7777,1,S000452,ODIR,AMD_WET,AMD_DRY,0,0.6930922439781283,0.03080465555151651,0.2761031004703554
RETFOUND_MAE_CFP_FROZEN_PCA128_SVM,7777,1,S000454,ODIR,AMD_WET,AMD_WET,1,0.0476514164118715,0.9464072998706318,0.005941283717496627
RETFOUND_MAE_CFP_FROZEN_PCA128_SVM,7777,1,S000467,ODIR,AMD_WET,AMD_WET,1,0.025279987708060555,0.9690676201122717,0.005652392179667698
RETFOUND_MAE_CFP_FROZEN_PCA128_SVM,7777,1,S000477,RFMID,NORMAL,NORMAL,1,0.00029965387797954745,0.003655436386652255,0.9960449097353683
RETFOUND_MAE_CFP_FROZEN_PCA128_SVM,7777,1,S000480,RFMID,NORMAL,NORMAL,1,8.241915746960904e-07,5.247620942728142e-07,0.999998651046331
RETFOUND_MAE_CFP_FROZEN_PCA128_SVM,7777,1,S000484,RFMID,NORMAL,NORMAL,1,0.011631022248828244,0.033166077789919195,0.9552028999612524
RETFOUND_MAE_CFP_FROZEN_PCA128_SVM,7777,1,S000485,RFMID,NORMAL,NORMAL,1,0.003100291712833866,0.002978536318659555,0.9939211719685067
RETFOUND_MAE_CFP_FROZEN_PCA128_SVM,7777,1,S000491,RFMID,NORMAL,NORMAL,1,0.016811172529179755,0.07084181068974896,0.9123470167810712
RETFOUND_MAE_CFP_FROZEN_PCA128_SVM,7777,1,S000493,RFMID,NORMAL,NORMAL,1,0.0004912612538656964,0.006266884423098136,0.9932418543230361
RETFOUND_MAE_CFP_FROZEN_PCA128_SVM,7777,1,S000504,RFMID,NORMAL,NORMAL,1,5.286889386690135e-06,3.745869233228478e-06,0.9999909672413801
RETFOUND_MAE_CFP_FROZEN_PCA128_SVM,7777,1,S000506,RFMID,NORMAL,NORMAL,1,0.0004063560436739632,0.0027769658812739862,0.9968166780750521
RETFOUND_MAE_CFP_FROZEN_PCA128_SVM,7777,1,S000507,RFMID,NORMAL,NORMAL,1,1.5476757165743657e-07,1.0300164178353199e-07,0.9999997422307866
RETFOUND_MAE_CFP_FROZEN_PCA128_SVM,7777,1,S000515,RFMID,NORMAL,NORMAL,1,6.801457161579615e-06,5.214181255488101e-06,0.999987984361583
RETFOUND_MAE_CFP_FROZEN_PCA128_SVM,7777,1,S000522,RFMID,NORMAL,NORMAL,1,0.006097861644361682,0.011541540087463996,0.9823605982681741
RETFOUND_MAE_CFP_FROZEN_PCA128_SVM,7777,1,S000527,RFMID,NORMAL,NORMAL,1,0.0012996187912445393,0.00252174762317137,0.996178633585584
RETFOUND_MAE_CFP_FROZEN_PCA128_SVM,7777,1,S000529,RFMID,NORMAL,NORMAL,1,0.0009207335741568006,0.004741183009086781,0.9943380834167563
RETFOUND_MAE_CFP_FROZEN_PCA128_SVM,7777,1,S000542,RFMID,AMD_DRY,AMD_DRY,1,0.5995176593933219,0.39659101093404875,0.0038913296726293916
RETFOUND_MAE_CFP_FROZEN_PCA128_SVM,7777,1,S000545,RFMID,AMD_WET,AMD_WET,1,0.05361728697591462,0.9461408927588493,0.00024182026523632939
RETFOUND_MAE_CFP_FROZEN_PCA128_SVM,7777,1,S000552,RFMID,AMD_WET,AMD_WET,1,0.012677321323126359,0.9763444800139532,0.010978198662920565
RETFOUND_MAE_CFP_FROZEN_PCA128_SVM,7777,1,S000553,RFMID,AMD_WET,AMD_WET,1,0.02807758748409497,0.9604749402956889,0.011447472220216047
RETFOUND_MAE_CFP_FROZEN_PCA128_SVM,7777,1,S000565,RFMID,AMD_WET,AMD_WET,1,1.0091353823504178e-06,0.999976452409262,2.2538455355665985e-05
RETFOUND_MAE_CFP_FROZEN_PCA128_SVM,7777,1,S000576,RFMID,AMD_WET,AMD_WET,1,2.3974450319419245e-06,0.9993195754908341,0.0006780270641340453
RETFOUND_MAE_CFP_FROZEN_PCA128_SVM,7777,1,S000578,RFMID,AMD_WET,AMD_WET,1,0.026260245098356425,0.9728527563973683,0.0008869985042751333
RETFOUND_MAE_CFP_FROZEN_PCA128_SVM,7777,1,S000580,RFMID,AMD_WET,AMD_WET,1,2.6530931007309657e-06,0.9992485525125838,0.0007487943943155248
RETFOUND_MAE_CFP_FROZEN_PCA128_SVM,7777,1,S000583,RFMID,AMD_WET,AMD_WET,1,0.012937761101516922,0.9837214935474088,0.0033407453510743094
RETFOUND_MAE_CFP_FROZEN_PCA128_SVM,7777,1,S000584,RFMID,AMD_WET,AMD_WET,1,9.127525221681084e-06,0.998466248652626,0.0015246238221524311
RETFOUND_MAE_CFP_FROZEN_PCA128_SVM,7777,1,S000589,RFMID,AMD_WET,AMD_WET,1,0.04238000414091544,0.9522157302516202,0.005404265607464331
RETFOUND_MAE_CFP_FROZEN_PCA128_SVM,7777,1,S000591,RFMID,AMD_WET,AMD_WET,1,5.467650730559852e-06,0.998892606866317,0.001101925482952533
RETFOUND_MAE_CFP_FROZEN_PCA128_SVM,7777,2,S000005,ADAM,AMD_DRY,AMD_DRY,1,0.7277169647786734,0.002634800434428466,0.26964823478689814
RETFOUND_MAE_CFP_FROZEN_PCA128_SVM,7777,2,S000006,ADAM,AMD_DRY,AMD_DRY,1,0.8344033099298007,0.16552438698851374,7.23030816853829e-05
RETFOUND_MAE_CFP_FROZEN_PCA128_SVM,7777,2,S000009,ADAM,AMD_DRY,AMD_DRY,1,0.9762566803393371,0.02346752126314234,0.0002757983975206989
RETFOUND_MAE_CFP_FROZEN_PCA128_SVM,7777,2,S000011,ADAM,AMD_DRY,AMD_DRY,1,0.7383673244357662,0.05006130625713377,0.2115713693070999
RETFOUND_MAE_CFP_FROZEN_PCA128_SVM,7777,2,S000025,ADAM,AMD_DRY,AMD_DRY,1,0.8691160314653561,0.03687398095482279,0.09400998757982125
RETFOUND_MAE_CFP_FROZEN_PCA128_SVM,7777,2,S000027,ADAM,AMD_DRY,AMD_DRY,1,0.8873393796450706,0.004083407902774791,0.10857721245215478
RETFOUND_MAE_CFP_FROZEN_PCA128_SVM,7777,2,S000033,ADAM,AMD_DRY,AMD_DRY,1,0.9964791826353646,0.0005320028560839246,0.0029888145085514694
RETFOUND_MAE_CFP_FROZEN_PCA128_SVM,7777,2,S000037,ADAM,AMD_WET,AMD_WET,1,0.49934663163578596,0.5000250222916816,0.0006283460725324854
RETFOUND_MAE_CFP_FROZEN_PCA128_SVM,7777,2,S000039,ADAM,AMD_WET,AMD_WET,1,1.6727438887941909e-06,0.9996520058486992,0.0003463214074120976
RETFOUND_MAE_CFP_FROZEN_PCA128_SVM,7777,2,S000044,ADAM,AMD_WET,AMD_DRY,0,0.6915106003140713,0.30739148667479455,0.0010979130111344161
RETFOUND_MAE_CFP_FROZEN_PCA128_SVM,7777,2,S000049,ADAM,AMD_WET,AMD_DRY,0,0.7754256044640397,0.004243712275780445,0.22033068326017965
RETFOUND_MAE_CFP_FROZEN_PCA128_SVM,7777,2,S000054,FIVES,NORMAL,NORMAL,1,6.863851959600806e-07,7.328420243990214e-07,0.9999985807727796
RETFOUND_MAE_CFP_FROZEN_PCA128_SVM,7777,2,S000059,FIVES,NORMAL,NORMAL,1,1.972513245436092e-06,2.054902369331529e-06,0.9999959725843852
RETFOUND_MAE_CFP_FROZEN_PCA128_SVM,7777,2,S000060,FIVES,NORMAL,NORMAL,1,0.00031383713560195563,0.00547777942825063,0.9942083834361474
RETFOUND_MAE_CFP_FROZEN_PCA128_SVM,7777,2,S000063,FIVES,NORMAL,NORMAL,1,3.6043560097249583e-07,2.9735006663587555e-07,0.9999993422143323
RETFOUND_MAE_CFP_FROZEN_PCA128_SVM,7777,2,S000068,FIVES,NORMAL,NORMAL,1,0.0017100644640367661,0.003027679557820805,0.9952622559781426
RETFOUND_MAE_CFP_FROZEN_PCA128_SVM,7777,2,S000069,FIVES,NORMAL,NORMAL,1,4.202673991240337e-07,2.5937122422969905e-07,0.9999993203613766
RETFOUND_MAE_CFP_FROZEN_PCA128_SVM,7777,2,S000091,FIVES,NORMAL,NORMAL,1,0.0006282107295535046,0.003499577535447317,0.9958722117349993
RETFOUND_MAE_CFP_FROZEN_PCA128_SVM,7777,2,S000092,FIVES,NORMAL,NORMAL,1,0.0019349709375356418,0.008535643770056923,0.9895293852924073
RETFOUND_MAE_CFP_FROZEN_PCA128_SVM,7777,2,S000098,FIVES,NORMAL,NORMAL,1,3.0440659491929514e-06,2.1915048048118313e-06,0.999994764429246
RETFOUND_MAE_CFP_FROZEN_PCA128_SVM,7777,2,S000099,FIVES,NORMAL,NORMAL,1,0.015277644456966596,0.03825447334719792,0.9464678821958357
RETFOUND_MAE_CFP_FROZEN_PCA128_SVM,7777,2,S000102,FIVES,NORMAL,NORMAL,1,2.4080733003466133e-07,2.349367114457906e-07,0.9999995242559585
RETFOUND_MAE_CFP_FROZEN_PCA128_SVM,7777,2,S000112,FIVES,NORMAL,NORMAL,1,6.03829589644822e-06,5.157911866078689e-06,0.9999888037922374
RETFOUND_MAE_CFP_FROZEN_PCA128_SVM,7777,2,S000113,FIVES,NORMAL,NORMAL,1,9.103955572666018e-07,8.776202323959516e-07,0.9999982119842104
RETFOUND_MAE_CFP_FROZEN_PCA128_SVM,7777,2,S000121,FIVES,NORMAL,NORMAL,1,6.363708003769558e-07,6.941434640094986e-07,0.9999986694857356
RETFOUND_MAE_CFP_FROZEN_PCA128_SVM,7777,2,S000134,FIVES,NORMAL,NORMAL,1,0.00038569374620719824,0.00313491547579962,0.9964793907779932
RETFOUND_MAE_CFP_FROZEN_PCA128_SVM,7777,2,S000137,FIVES,NORMAL,NORMAL,1,0.0019094880637575758,0.00013286120180058903,0.9979576507344418
RETFOUND_MAE_CFP_FROZEN_PCA128_SVM,7777,2,S000138,FIVES,NORMAL,NORMAL,1,0.0002347713454149405,0.0019324089395746729,0.9978328197150104
RETFOUND_MAE_CFP_FROZEN_PCA128_SVM,7777,2,S000147,FIVES,NORMAL,NORMAL,1,0.0008294568587853994,0.006488859501285827,0.9926816836399287
RETFOUND_MAE_CFP_FROZEN_PCA128_SVM,7777,2,S000150,FIVES,NORMAL,NORMAL,1,0.0018573145614516934,0.005831112969236009,0.9923115724693121
RETFOUND_MAE_CFP_FROZEN_PCA128_SVM,7777,2,S000153,FIVES,AMD_DRY,AMD_DRY,1,0.9668351631572242,0.02881390255784222,0.004350934284933652
RETFOUND_MAE_CFP_FROZEN_PCA128_SVM,7777,2,S000154,FIVES,AMD_DRY,AMD_DRY,1,0.9471050640969846,0.05203589557653482,0.0008590403264806913
RETFOUND_MAE_CFP_FROZEN_PCA128_SVM,7777,2,S000160,FIVES,AMD_DRY,AMD_DRY,1,0.9783279343199908,0.012195478878615225,0.00947658680139416
RETFOUND_MAE_CFP_FROZEN_PCA128_SVM,7777,2,S000167,FIVES,AMD_WET,AMD_WET,1,0.08833974298135869,0.9104561229139556,0.0012041341046858372
RETFOUND_MAE_CFP_FROZEN_PCA128_SVM,7777,2,S000178,FIVES,AMD_WET,AMD_WET,1,0.005523586597676617,0.9938351278635659,0.0006412855387576801
RETFOUND_MAE_CFP_FROZEN_PCA128_SVM,7777,2,S000180,FIVES,AMD_WET,AMD_WET,1,0.007444373483715989,0.9923583416937053,0.00019728482257875857
RETFOUND_MAE_CFP_FROZEN_PCA128_SVM,7777,2,S000183,FIVES,AMD_WET,AMD_WET,1,1.1322220422495586e-06,0.9993446452254285,0.000654222552529268
RETFOUND_MAE_CFP_FROZEN_PCA128_SVM,7777,2,S000184,FIVES,AMD_WET,AMD_WET,1,0.0027666544639243593,0.9971621209184647,7.122461761101206e-05
RETFOUND_MAE_CFP_FROZEN_PCA128_SVM,7777,2,S000186,FIVES,AMD_WET,AMD_WET,1,0.0020339471554873517,0.997667547972329,0.0002985048721837365
RETFOUND_MAE_CFP_FROZEN_PCA128_SVM,7777,2,S000188,FIVES,AMD_WET,AMD_WET,1,0.0034080063224516933,0.9965465994791076,4.5394198440446685e-05
RETFOUND_MAE_CFP_FROZEN_PCA128_SVM,7777,2,S000205,FIVES,AMD_WET,AMD_WET,1,1.447071798605052e-07,0.9998296092562773,0.000170246036542993
RETFOUND_MAE_CFP_FROZEN_PCA128_SVM,7777,2,S000210,FIVES,AMD_WET,AMD_WET,1,0.008141398842364188,0.9900769800381567,0.0017816211194790598
RETFOUND_MAE_CFP_FROZEN_PCA128_SVM,7777,2,S000222,FIVES,AMD_WET,AMD_WET,1,4.651088156934387e-07,0.9996051966840789,0.00039433820710547447
RETFOUND_MAE_CFP_FROZEN_PCA128_SVM,7777,2,S000226,FIVES,AMD_WET,AMD_WET,1,0.023402700467098057,0.974836333662682,0.0017609658702200015
RETFOUND_MAE_CFP_FROZEN_PCA128_SVM,7777,2,S000230,FIVES,AMD_WET,AMD_WET,1,8.641062835420533e-07,0.9999148135979158,8.432229580058071e-05
RETFOUND_MAE_CFP_FROZEN_PCA128_SVM,7777,2,S000233,FIVES,AMD_WET,AMD_WET,1,0.006708945026382382,0.9083936882321285,0.0848973667414893
RETFOUND_MAE_CFP_FROZEN_PCA128_SVM,7777,2,S000238,FIVES,AMD_WET,AMD_WET,1,0.06649741514396008,0.8309712514529464,0.10253133340309352
RETFOUND_MAE_CFP_FROZEN_PCA128_SVM,7777,2,S000241,ODIR,NORMAL,NORMAL,1,0.03677000247713667,0.0013231570068341651,0.9619068405160291
RETFOUND_MAE_CFP_FROZEN_PCA128_SVM,7777,2,S000244,ODIR,NORMAL,NORMAL,1,0.0038971422241721645,0.005066181839426942,0.9910366759364009
RETFOUND_MAE_CFP_FROZEN_PCA128_SVM,7777,2,S000250,ODIR,NORMAL,NORMAL,1,0.08799252931815316,0.001618819057506086,0.9103886516243407
RETFOUND_MAE_CFP_FROZEN_PCA128_SVM,7777,2,S000259,ODIR,NORMAL,NORMAL,1,0.0022170165612718216,0.0010741340607716297,0.9967088493779566
RETFOUND_MAE_CFP_FROZEN_PCA128_SVM,7777,2,S000260,ODIR,NORMAL,NORMAL,1,0.0014826594744918081,0.002291786687965495,0.9962255538375427
RETFOUND_MAE_CFP_FROZEN_PCA128_SVM,7777,2,S000261,ODIR,NORMAL,NORMAL,1,0.006967821458871772,0.00019027501091585668,0.9928419035302123
RETFOUND_MAE_CFP_FROZEN_PCA128_SVM,7777,2,S000266,ODIR,NORMAL,NORMAL,1,1.4470037856318213e-07,7.314263336290211e-08,0.999999782156988
RETFOUND_MAE_CFP_FROZEN_PCA128_SVM,7777,2,S000276,ODIR,NORMAL,NORMAL,1,6.1281961675880384e-06,3.1152088057429274e-06,0.9999907565950267
RETFOUND_MAE_CFP_FROZEN_PCA128_SVM,7777,2,S000284,ODIR,NORMAL,NORMAL,1,0.028094030110752927,0.00147557832913055,0.9704303915601166
RETFOUND_MAE_CFP_FROZEN_PCA128_SVM,7777,2,S000287,ODIR,NORMAL,NORMAL,1,0.022246965546188685,0.0011217757662982965,0.976631258687513
RETFOUND_MAE_CFP_FROZEN_PCA128_SVM,7777,2,S000290,ODIR,NORMAL,NORMAL,1,0.0024220435932554686,0.0011343232904303358,0.9964436331163143
RETFOUND_MAE_CFP_FROZEN_PCA128_SVM,7777,2,S000293,ODIR,NORMAL,NORMAL,1,0.0008245254726269302,0.00204636950635668,0.9971291050210163
RETFOUND_MAE_CFP_FROZEN_PCA128_SVM,7777,2,S000295,ODIR,NORMAL,NORMAL,1,0.38557012303884547,0.002850767056680297,0.6115791099044742
RETFOUND_MAE_CFP_FROZEN_PCA128_SVM,7777,2,S000297,ODIR,NORMAL,NORMAL,1,0.010055242406382676,0.0003969918082253645,0.9895477657853918
RETFOUND_MAE_CFP_FROZEN_PCA128_SVM,7777,2,S000300,ODIR,NORMAL,NORMAL,1,0.005090638794611215,0.006065302769870485,0.9888440584355184
RETFOUND_MAE_CFP_FROZEN_PCA128_SVM,7777,2,S000310,ODIR,NORMAL,NORMAL,1,0.00019409781002442021,0.001476447292225161,0.9983294548977504
RETFOUND_MAE_CFP_FROZEN_PCA128_SVM,7777,2,S000322,ODIR,NORMAL,NORMAL,1,0.010733062273315268,0.004871405680907788,0.9843955320457769
RETFOUND_MAE_CFP_FROZEN_PCA128_SVM,7777,2,S000340,ODIR,NORMAL,NORMAL,1,0.0013485885359921781,0.0016359874581745651,0.9970154240058333
RETFOUND_MAE_CFP_FROZEN_PCA128_SVM,7777,2,S000344,ODIR,NORMAL,NORMAL,1,1.3802662004569081e-06,7.240936703907972e-07,0.9999978956401291
RETFOUND_MAE_CFP_FROZEN_PCA128_SVM,7777,2,S000345,ODIR,NORMAL,NORMAL,1,2.91577167132158e-07,1.5080067936164577e-07,0.9999995576221535
RETFOUND_MAE_CFP_FROZEN_PCA128_SVM,7777,2,S000347,ODIR,NORMAL,NORMAL,1,0.10418835775750777,0.011603230554132052,0.8842084116883602
RETFOUND_MAE_CFP_FROZEN_PCA128_SVM,7777,2,S000350,ODIR,NORMAL,NORMAL,1,0.009926903636119012,0.01209962359846417,0.977973472765417
RETFOUND_MAE_CFP_FROZEN_PCA128_SVM,7777,2,S000352,ODIR,NORMAL,NORMAL,1,0.05990731954169844,0.16028442183941755,0.7798082586188841
RETFOUND_MAE_CFP_FROZEN_PCA128_SVM,7777,2,S000359,ODIR,NORMAL,NORMAL,1,0.00870850716746939,0.002578172815475286,0.9887133200170554
RETFOUND_MAE_CFP_FROZEN_PCA128_SVM,7777,2,S000361,ODIR,NORMAL,NORMAL,1,0.030409821177148258,0.00221447628765236,0.9673757025351996
RETFOUND_MAE_CFP_FROZEN_PCA128_SVM,7777,2,S000366,ODIR,AMD_DRY,AMD_DRY,1,0.5583534500406707,0.2533679676760965,0.18827858228323274
RETFOUND_MAE_CFP_FROZEN_PCA128_SVM,7777,2,S000368,ODIR,AMD_DRY,AMD_DRY,1,0.988281128361421,0.0017467629661057555,0.009972108672473515
RETFOUND_MAE_CFP_FROZEN_PCA128_SVM,7777,2,S000369,ODIR,AMD_DRY,AMD_DRY,1,0.774044797391015,0.21426338171218334,0.011691820896801767
RETFOUND_MAE_CFP_FROZEN_PCA128_SVM,7777,2,S000370,ODIR,AMD_DRY,AMD_DRY,1,0.7719187623749543,0.12437622929116837,0.10370500833387714
RETFOUND_MAE_CFP_FROZEN_PCA128_SVM,7777,2,S000374,ODIR,AMD_DRY,AMD_DRY,1,0.8518075490523095,0.14193532189314173,0.0062571290545491
RETFOUND_MAE_CFP_FROZEN_PCA128_SVM,7777,2,S000377,ODIR,AMD_DRY,AMD_WET,0,0.4308072036796642,0.509379256931853,0.059813539388482634
RETFOUND_MAE_CFP_FROZEN_PCA128_SVM,7777,2,S000378,ODIR,AMD_DRY,AMD_DRY,1,0.5991394155919304,0.14825097130551784,0.2526096131025518
RETFOUND_MAE_CFP_FROZEN_PCA128_SVM,7777,2,S000379,ODIR,AMD_DRY,AMD_DRY,1,0.6619165149448374,0.329687041975704,0.008396443079458579
RETFOUND_MAE_CFP_FROZEN_PCA128_SVM,7777,2,S000380,ODIR,AMD_DRY,AMD_DRY,1,0.927678705229076,0.07174138987218479,0.0005799048987389559
RETFOUND_MAE_CFP_FROZEN_PCA128_SVM,7777,2,S000383,ODIR,AMD_DRY,AMD_DRY,1,0.5680563750799992,0.3687052712517447,0.06323835366825589
RETFOUND_MAE_CFP_FROZEN_PCA128_SVM,7777,2,S000390,ODIR,AMD_DRY,AMD_WET,0,0.3899687018150825,0.5927566762623011,0.01727462192261656
RETFOUND_MAE_CFP_FROZEN_PCA128_SVM,7777,2,S000402,ODIR,AMD_DRY,AMD_DRY,1,0.9925396865239109,0.005124656242390146,0.002335657233698945
RETFOUND_MAE_CFP_FROZEN_PCA128_SVM,7777,2,S000416,ODIR,AMD_DRY,AMD_DRY,1,0.7279591364930816,0.03997015833608498,0.23207070517083317
RETFOUND_MAE_CFP_FROZEN_PCA128_SVM,7777,2,S000439,ODIR,AMD_DRY,AMD_DRY,1,0.9474268926507197,0.04861767967119722,0.003955427678083211
RETFOUND_MAE_CFP_FROZEN_PCA128_SVM,7777,2,S000441,ODIR,AMD_DRY,AMD_DRY,1,0.988124779450464,0.004363809246071107,0.007511411303464828
RETFOUND_MAE_CFP_FROZEN_PCA128_SVM,7777,2,S000444,ODIR,AMD_DRY,NORMAL,0,0.3220358043756092,0.006982388896470878,0.6709818067279201
RETFOUND_MAE_CFP_FROZEN_PCA128_SVM,7777,2,S000447,ODIR,AMD_WET,AMD_WET,1,0.2590449429653771,0.7394770424066759,0.001478014627946995
RETFOUND_MAE_CFP_FROZEN_PCA128_SVM,7777,2,S000455,ODIR,AMD_WET,AMD_WET,1,0.16647706325171538,0.8326517855878437,0.0008711511604409268
RETFOUND_MAE_CFP_FROZEN_PCA128_SVM,7777,2,S000459,ODIR,AMD_WET,AMD_DRY,0,0.8378318478053283,0.1404121718184828,0.021755980376189036
RETFOUND_MAE_CFP_FROZEN_PCA128_SVM,7777,2,S000460,ODIR,AMD_WET,AMD_DRY,0,0.9797418155984406,0.005568540419552896,0.014689643982006275
RETFOUND_MAE_CFP_FROZEN_PCA128_SVM,7777,2,S000465,ODIR,AMD_WET,AMD_DRY,0,0.5797210656305639,0.29946864355681607,0.12081029081261997
RETFOUND_MAE_CFP_FROZEN_PCA128_SVM,7777,2,S000472,ODIR,AMD_WET,AMD_DRY,0,0.9607388180633192,0.02975191936048101,0.009509262576199834
RETFOUND_MAE_CFP_FROZEN_PCA128_SVM,7777,2,S000478,RFMID,NORMAL,NORMAL,1,0.009346802174104475,0.011985089763015263,0.9786681080628803
RETFOUND_MAE_CFP_FROZEN_PCA128_SVM,7777,2,S000481,RFMID,NORMAL,NORMAL,1,0.0028506044985873165,0.0017595861260969862,0.9953898093753158
RETFOUND_MAE_CFP_FROZEN_PCA128_SVM,7777,2,S000490,RFMID,NORMAL,NORMAL,1,3.5527135070480148e-06,3.5564976274338614e-06,0.9999928907888656
RETFOUND_MAE_CFP_FROZEN_PCA128_SVM,7777,2,S000494,RFMID,NORMAL,NORMAL,1,0.005110032191527672,0.020506092238372475,0.9743838755701
RETFOUND_MAE_CFP_FROZEN_PCA128_SVM,7777,2,S000498,RFMID,NORMAL,NORMAL,1,0.027886497187250284,0.054867843779590496,0.9172456590331591
RETFOUND_MAE_CFP_FROZEN_PCA128_SVM,7777,2,S000502,RFMID,NORMAL,NORMAL,1,0.0012957579164098564,0.0015966505292771735,0.9971075915543128
RETFOUND_MAE_CFP_FROZEN_PCA128_SVM,7777,2,S000508,RFMID,NORMAL,NORMAL,1,0.010158589121211755,0.0014922326880761018,0.988349178190712
RETFOUND_MAE_CFP_FROZEN_PCA128_SVM,7777,2,S000509,RFMID,NORMAL,NORMAL,1,0.0017458818076838414,0.0007513821714225108,0.9975027360208938
RETFOUND_MAE_CFP_FROZEN_PCA128_SVM,7777,2,S000510,RFMID,NORMAL,NORMAL,1,0.014579102596039072,0.004013668059030311,0.9814072293449306
RETFOUND_MAE_CFP_FROZEN_PCA128_SVM,7777,2,S000516,RFMID,NORMAL,NORMAL,1,3.232311742459219e-06,1.653986420659243e-06,0.9999951137018369
RETFOUND_MAE_CFP_FROZEN_PCA128_SVM,7777,2,S000517,RFMID,NORMAL,NORMAL,1,0.029329581299442745,0.001714416989485336,0.9689560017110719
RETFOUND_MAE_CFP_FROZEN_PCA128_SVM,7777,2,S000518,RFMID,NORMAL,NORMAL,1,8.61100865700374e-08,5.8283205738968374e-08,0.9999998556067077
RETFOUND_MAE_CFP_FROZEN_PCA128_SVM,7777,2,S000523,RFMID,NORMAL,NORMAL,1,1.3837170493475436e-08,1.105432213959761e-08,0.9999999751085074
RETFOUND_MAE_CFP_FROZEN_PCA128_SVM,7777,2,S000537,RFMID,AMD_DRY,AMD_DRY,1,0.9879444882354647,0.00857995422722868,0.0034755575373068433
RETFOUND_MAE_CFP_FROZEN_PCA128_SVM,7777,2,S000555,RFMID,AMD_WET,AMD_WET,1,0.016124490337970844,0.959656375282237,0.02421913437979214
RETFOUND_MAE_CFP_FROZEN_PCA128_SVM,7777,2,S000557,RFMID,AMD_WET,AMD_WET,1,1.0373949380702931e-08,0.9999514338512933,4.8555774757453286e-05
RETFOUND_MAE_CFP_FROZEN_PCA128_SVM,7777,2,S000559,RFMID,AMD_WET,AMD_WET,1,0.007178694405497812,0.9893537377801975,0.003467567814304751
RETFOUND_MAE_CFP_FROZEN_PCA128_SVM,7777,2,S000568,RFMID,AMD_WET,AMD_WET,1,0.0390205507137241,0.9545000809279283,0.006479368358347629
RETFOUND_MAE_CFP_FROZEN_PCA128_SVM,7777,2,S000571,RFMID,AMD_WET,AMD_WET,1,0.002875143393724383,0.9958590296378341,0.001265826968441425
RETFOUND_MAE_CFP_FROZEN_PCA128_SVM,7777,2,S000572,RFMID,AMD_WET,AMD_WET,1,0.004381042199404675,0.994975727956961,0.0006432298436343504
RETFOUND_MAE_CFP_FROZEN_PCA128_SVM,7777,2,S000573,RFMID,AMD_WET,AMD_WET,1,0.1283205095276033,0.8635947255303779,0.00808476494201874
RETFOUND_MAE_CFP_FROZEN_PCA128_SVM,7777,2,S000586,RFMID,AMD_WET,AMD_WET,1,0.0203968695752243,0.9581886795028246,0.021414450921950982
RETFOUND_MAE_CFP_FROZEN_PCA128_SVM,7777,2,S000587,RFMID,AMD_WET,AMD_WET,1,0.010449674202477645,0.9886423634174452,0.0009079623800771336
RETFOUND_MAE_CFP_FROZEN_PCA128_SVM,7777,2,S000594,RFMID,AMD_WET,AMD_WET,1,0.002077263478945923,0.9970631702712857,0.000859566249768218
RETFOUND_MAE_CFP_FROZEN_PCA128_SVM,7777,2,S000595,RFMID,AMD_WET,AMD_WET,1,0.01675233958761304,0.9820727413211428,0.0011749190912441103
RETFOUND_MAE_CFP_FROZEN_PCA128_SVM,7777,3,S000012,ADAM,AMD_DRY,AMD_DRY,1,0.968206310396024,0.03006635771180531,0.0017273318921706637
RETFOUND_MAE_CFP_FROZEN_PCA128_SVM,7777,3,S000014,ADAM,AMD_DRY,NORMAL,0,0.3514927652788808,0.14195818101625388,0.5065490537048652
RETFOUND_MAE_CFP_FROZEN_PCA128_SVM,7777,3,S000016,ADAM,AMD_DRY,AMD_DRY,1,0.9815392350010694,0.007836488760959711,0.010624276237970527
RETFOUND_MAE_CFP_FROZEN_PCA128_SVM,7777,3,S000020,ADAM,AMD_DRY,AMD_DRY,1,0.7018169364100691,0.2937793579317437,0.004403705658187413
RETFOUND_MAE_CFP_FROZEN_PCA128_SVM,7777,3,S000028,ADAM,AMD_DRY,AMD_DRY,1,0.9135005998490258,0.05794253603215179,0.0285568641188223
RETFOUND_MAE_CFP_FROZEN_PCA128_SVM,7777,3,S000031,ADAM,AMD_DRY,NORMAL,0,0.05893044691433147,0.0024406638257628054,0.9386288892599057
RETFOUND_MAE_CFP_FROZEN_PCA128_SVM,7777,3,S000034,ADAM,AMD_DRY,AMD_DRY,1,0.9078405001191462,0.09166234551152251,0.0004971543693310669
RETFOUND_MAE_CFP_FROZEN_PCA128_SVM,7777,3,S000036,ADAM,AMD_WET,AMD_DRY,0,0.9870109822592362,0.01250896683590039,0.00048005090486349727
RETFOUND_MAE_CFP_FROZEN_PCA128_SVM,7777,3,S000038,ADAM,AMD_WET,AMD_WET,1,0.035820138299669284,0.9639645948776303,0.00021526682270034007
RETFOUND_MAE_CFP_FROZEN_PCA128_SVM,7777,3,S000050,ADAM,AMD_WET,AMD_DRY,0,0.6669089438855967,0.3329473693280711,0.00014368678633205686
RETFOUND_MAE_CFP_FROZEN_PCA128_SVM,7777,3,S000058,FIVES,NORMAL,NORMAL,1,0.0019453659701732147,0.03289986347343604,0.9651547705563907
RETFOUND_MAE_CFP_FROZEN_PCA128_SVM,7777,3,S000061,FIVES,NORMAL,NORMAL,1,1.358589928456484e-06,1.5354195030009648e-06,0.9999971059905685
RETFOUND_MAE_CFP_FROZEN_PCA128_SVM,7777,3,S000070,FIVES,NORMAL,NORMAL,1,0.005859432184081495,0.01077483722985147,0.983365730586067
RETFOUND_MAE_CFP_FROZEN_PCA128_SVM,7777,3,S000073,FIVES,NORMAL,NORMAL,1,1.6915424400355083e-06,9.670383975136853e-07,0.9999973414191625
RETFOUND_MAE_CFP_FROZEN_PCA128_SVM,7777,3,S000075,FIVES,NORMAL,NORMAL,1,3.9423740310821123e-07,4.0868591220043937e-07,0.9999991970766847
RETFOUND_MAE_CFP_FROZEN_PCA128_SVM,7777,3,S000076,FIVES,NORMAL,NORMAL,1,0.001692248306886468,0.002821501491155122,0.9954862502019584
RETFOUND_MAE_CFP_FROZEN_PCA128_SVM,7777,3,S000080,FIVES,NORMAL,NORMAL,1,4.012882107973182e-06,4.013629237250474e-06,0.9999919734886548
RETFOUND_MAE_CFP_FROZEN_PCA128_SVM,7777,3,S000082,FIVES,NORMAL,NORMAL,1,1.4772213305515301e-06,1.4792169107845794e-06,0.9999970435617586
RETFOUND_MAE_CFP_FROZEN_PCA128_SVM,7777,3,S000086,FIVES,NORMAL,NORMAL,1,0.003524452480833299,0.02122256979861161,0.975252977720555
RETFOUND_MAE_CFP_FROZEN_PCA128_SVM,7777,3,S000087,FIVES,NORMAL,NORMAL,1,5.440678749994369e-07,5.61010372946519e-07,0.999998894921752
RETFOUND_MAE_CFP_FROZEN_PCA128_SVM,7777,3,S000104,FIVES,NORMAL,NORMAL,1,9.781158566953018e-08,1.0377334534845216e-07,0.9999997984150689
RETFOUND_MAE_CFP_FROZEN_PCA128_SVM,7777,3,S000115,FIVES,NORMAL,NORMAL,1,0.000521975331938746,0.021180998872322863,0.9782970257957383
RETFOUND_MAE_CFP_FROZEN_PCA128_SVM,7777,3,S000116,FIVES,NORMAL,NORMAL,1,0.002242031086990113,0.005350274346047304,0.9924076945669625
RETFOUND_MAE_CFP_FROZEN_PCA128_SVM,7777,3,S000127,FIVES,NORMAL,NORMAL,1,0.0004100584788129168,0.003027360746055652,0.9965625807751314
RETFOUND_MAE_CFP_FROZEN_PCA128_SVM,7777,3,S000129,FIVES,NORMAL,NORMAL,1,1.499188501441735e-07,1.3471721902929093e-07,0.9999997153639308
RETFOUND_MAE_CFP_FROZEN_PCA128_SVM,7777,3,S000132,FIVES,NORMAL,NORMAL,1,3.2051185528430143e-07,2.493260361889148e-07,0.9999994301621086
RETFOUND_MAE_CFP_FROZEN_PCA128_SVM,7777,3,S000139,FIVES,NORMAL,NORMAL,1,0.0005273800978021507,0.024299543509969164,0.9751730763922288
RETFOUND_MAE_CFP_FROZEN_PCA128_SVM,7777,3,S000140,FIVES,NORMAL,NORMAL,1,0.001815061352502243,0.0019099824473623995,0.9962749562001356
RETFOUND_MAE_CFP_FROZEN_PCA128_SVM,7777,3,S000144,FIVES,NORMAL,NORMAL,1,0.007899879577610217,0.13028474472418153,0.8618153756982082
RETFOUND_MAE_CFP_FROZEN_PCA128_SVM,7777,3,S000148,FIVES,NORMAL,NORMAL,1,0.00035250226459021045,0.004170680973889473,0.99547681676152
RETFOUND_MAE_CFP_FROZEN_PCA128_SVM,7777,3,S000152,FIVES,AMD_DRY,AMD_DRY,1,0.8958987381504753,0.10136253998817317,0.002738721861351381
RETFOUND_MAE_CFP_FROZEN_PCA128_SVM,7777,3,S000156,FIVES,AMD_DRY,AMD_DRY,1,0.879876796105554,0.11691833554288386,0.0032048683515621757
RETFOUND_MAE_CFP_FROZEN_PCA128_SVM,7777,3,S000161,FIVES,AMD_DRY,AMD_DRY,1,0.5202740991037516,0.47730458009013815,0.002421320806109988
RETFOUND_MAE_CFP_FROZEN_PCA128_SVM,7777,3,S000170,FIVES,AMD_WET,AMD_WET,1,9.998225671092384e-07,0.9996317444154077,0.0003672557620251881
RETFOUND_MAE_CFP_FROZEN_PCA128_SVM,7777,3,S000172,FIVES,AMD_WET,AMD_WET,1,3.375809689470234e-06,0.9992780338824298,0.0007185903078807841
RETFOUND_MAE_CFP_FROZEN_PCA128_SVM,7777,3,S000173,FIVES,AMD_WET,AMD_WET,1,0.019740921356674733,0.9713921301978161,0.008866948445509358
RETFOUND_MAE_CFP_FROZEN_PCA128_SVM,7777,3,S000174,FIVES,AMD_WET,AMD_WET,1,0.008422593577598336,0.9899055193147909,0.0016718871076107614
RETFOUND_MAE_CFP_FROZEN_PCA128_SVM,7777,3,S000190,FIVES,AMD_WET,AMD_WET,1,0.05614882522477799,0.94083547743508,0.003015697340141827
RETFOUND_MAE_CFP_FROZEN_PCA128_SVM,7777,3,S000193,FIVES,AMD_WET,AMD_WET,1,3.6822972125599383e-06,0.9994622483840924,0.000534069318695212
RETFOUND_MAE_CFP_FROZEN_PCA128_SVM,7777,3,S000200,FIVES,AMD_WET,AMD_WET,1,0.0037249278281184734,0.9847545214186973,0.01152055075318426
RETFOUND_MAE_CFP_FROZEN_PCA128_SVM,7777,3,S000201,FIVES,AMD_WET,AMD_WET,1,2.358863477851459e-09,0.9999858339531257,1.4163688010769767e-05
RETFOUND_MAE_CFP_FROZEN_PCA128_SVM,7777,3,S000204,FIVES,AMD_WET,AMD_WET,1,3.381318974268564e-06,0.9992717619319443,0.0007248567490812794
RETFOUND_MAE_CFP_FROZEN_PCA128_SVM,7777,3,S000207,FIVES,AMD_WET,AMD_WET,1,6.139426362942077e-07,0.9999604653415414,3.8920715822422015e-05
RETFOUND_MAE_CFP_FROZEN_PCA128_SVM,7777,3,S000208,FIVES,AMD_WET,AMD_WET,1,0.03622211373678556,0.9635163761236604,0.00026151013955403777
RETFOUND_MAE_CFP_FROZEN_PCA128_SVM,7777,3,S000213,FIVES,AMD_WET,AMD_WET,1,0.006339899535490383,0.9852382501391671,0.008421850325342633
RETFOUND_MAE_CFP_FROZEN_PCA128_SVM,7777,3,S000216,FIVES,AMD_WET,AMD_WET,1,3.24571374061789e-08,0.9999683721896946,3.159535316805724e-05
RETFOUND_MAE_CFP_FROZEN_PCA128_SVM,7777,3,S000220,FIVES,AMD_WET,AMD_WET,1,0.06312790832886585,0.9365028540148003,0.0003692376563340292
RETFOUND_MAE_CFP_FROZEN_PCA128_SVM,7777,3,S000239,ODIR,NORMAL,NORMAL,1,5.800777408590205e-06,3.0292195851512245e-06,0.9999911700030062
RETFOUND_MAE_CFP_FROZEN_PCA128_SVM,7777,3,S000251,ODIR,NORMAL,NORMAL,1,0.004191580375096467,0.0033546244235617573,0.992453795201342
RETFOUND_MAE_CFP_FROZEN_PCA128_SVM,7777,3,S000257,ODIR,NORMAL,NORMAL,1,0.00328445396171554,0.0009444614532023549,0.9957710845850821
RETFOUND_MAE_CFP_FROZEN_PCA128_SVM,7777,3,S000263,ODIR,NORMAL,NORMAL,1,2.1739223914101474e-06,1.2506141271765823e-06,0.9999965754634813
RETFOUND_MAE_CFP_FROZEN_PCA128_SVM,7777,3,S000270,ODIR,NORMAL,NORMAL,1,0.012915483441441045,0.0008123243141131102,0.9862721922444456
RETFOUND_MAE_CFP_FROZEN_PCA128_SVM,7777,3,S000273,ODIR,NORMAL,NORMAL,1,6.94433490786622e-08,3.531868359105538e-08,0.9999998952379673
RETFOUND_MAE_CFP_FROZEN_PCA128_SVM,7777,3,S000277,ODIR,NORMAL,NORMAL,1,4.335696810098423e-06,2.1696880940697036e-06,0.9999934946150958
RETFOUND_MAE_CFP_FROZEN_PCA128_SVM,7777,3,S000278,ODIR,NORMAL,NORMAL,1,0.00026155699858806735,0.00131394149737496,0.998424501504037
RETFOUND_MAE_CFP_FROZEN_PCA128_SVM,7777,3,S000296,ODIR,NORMAL,NORMAL,1,0.0030462589996498052,0.00808306456521256,0.9888706764351377
RETFOUND_MAE_CFP_FROZEN_PCA128_SVM,7777,3,S000301,ODIR,NORMAL,NORMAL,1,0.0011332033356604289,0.0024393871915462683,0.9964274094727933
RETFOUND_MAE_CFP_FROZEN_PCA128_SVM,7777,3,S000306,ODIR,NORMAL,NORMAL,1,0.0008175894504672506,0.0017781527029243798,0.9974042578466085
RETFOUND_MAE_CFP_FROZEN_PCA128_SVM,7777,3,S000308,ODIR,NORMAL,NORMAL,1,0.10363555025849137,0.007817973519987592,0.8885464762215213
RETFOUND_MAE_CFP_FROZEN_PCA128_SVM,7777,3,S000319,ODIR,NORMAL,NORMAL,1,0.002361172976991974,0.0012530573150937182,0.9963857697079143
RETFOUND_MAE_CFP_FROZEN_PCA128_SVM,7777,3,S000324,ODIR,NORMAL,NORMAL,1,0.011074260147741917,0.025085368803587624,0.9638403710486703
RETFOUND_MAE_CFP_FROZEN_PCA128_SVM,7777,3,S000325,ODIR,NORMAL,NORMAL,1,0.00042534561422010234,0.0014640444942149073,0.998110609891565
RETFOUND_MAE_CFP_FROZEN_PCA128_SVM,7777,3,S000328,ODIR,NORMAL,NORMAL,1,0.0025218221871338396,0.000980859819025918,0.9964973179938403
RETFOUND_MAE_CFP_FROZEN_PCA128_SVM,7777,3,S000331,ODIR,NORMAL,NORMAL,1,0.004570462094471467,0.009138556304517074,0.9862909816010115
RETFOUND_MAE_CFP_FROZEN_PCA128_SVM,7777,3,S000334,ODIR,NORMAL,NORMAL,1,4.5246048414978825e-06,2.340039391011968e-06,0.9999931353557675
RETFOUND_MAE_CFP_FROZEN_PCA128_SVM,7777,3,S000338,ODIR,NORMAL,NORMAL,1,0.01500883329205017,0.03294891058531113,0.9520422561226388
RETFOUND_MAE_CFP_FROZEN_PCA128_SVM,7777,3,S000339,ODIR,NORMAL,NORMAL,1,0.0005391569103728635,0.003971091782790018,0.9954897513068373
RETFOUND_MAE_CFP_FROZEN_PCA128_SVM,7777,3,S000342,ODIR,NORMAL,NORMAL,1,0.005943656002810374,0.02518233014504791,0.9688740138521419
RETFOUND_MAE_CFP_FROZEN_PCA128_SVM,7777,3,S000348,ODIR,NORMAL,NORMAL,1,0.032617987310006466,0.007378971443760947,0.9600030412462327
RETFOUND_MAE_CFP_FROZEN_PCA128_SVM,7777,3,S000354,ODIR,NORMAL,NORMAL,1,0.002573865636054622,0.0022570637056234548,0.9951690706583219
RETFOUND_MAE_CFP_FROZEN_PCA128_SVM,7777,3,S000357,ODIR,NORMAL,NORMAL,1,2.158712015564913e-06,1.119704566451303e-06,0.999996721583418
RETFOUND_MAE_CFP_FROZEN_PCA128_SVM,7777,3,S000362,ODIR,NORMAL,NORMAL,1,9.78512430435223e-07,5.037855136992238e-07,0.9999985177020558
RETFOUND_MAE_CFP_FROZEN_PCA128_SVM,7777,3,S000367,ODIR,AMD_DRY,AMD_WET,0,0.45912018695278367,0.5393003597937266,0.0015794532534895798
RETFOUND_MAE_CFP_FROZEN_PCA128_SVM,7777,3,S000373,ODIR,AMD_DRY,AMD_DRY,1,0.6815313568441181,0.2623732335525768,0.05609540960330516
RETFOUND_MAE_CFP_FROZEN_PCA128_SVM,7777,3,S000375,ODIR,AMD_DRY,AMD_DRY,1,0.9949355879821155,0.00138103685594949,0.003683375161934947
RETFOUND_MAE_CFP_FROZEN_PCA128_SVM,7777,3,S000381,ODIR,AMD_DRY,AMD_DRY,1,0.9898584548585089,0.01009989330360781,4.1651837883328425e-05
RETFOUND_MAE_CFP_FROZEN_PCA128_SVM,7777,3,S000389,ODIR,AMD_DRY,AMD_DRY,1,0.9934092502623498,0.0023693373459788515,0.004221412391671168
RETFOUND_MAE_CFP_FROZEN_PCA128_SVM,7777,3,S000394,ODIR,AMD_DRY,AMD_DRY,1,0.9597883398314664,0.038518109248155165,0.0016935509203784426
RETFOUND_MAE_CFP_FROZEN_PCA128_SVM,7777,3,S000399,ODIR,AMD_DRY,AMD_WET,0,0.019520409289693726,0.9802474682346309,0.00023212247567551278
RETFOUND_MAE_CFP_FROZEN_PCA128_SVM,7777,3,S000411,ODIR,AMD_DRY,AMD_DRY,1,0.7573930540969148,0.2384069496742327,0.0041999962288525585
RETFOUND_MAE_CFP_FROZEN_PCA128_SVM,7777,3,S000412,ODIR,AMD_DRY,AMD_DRY,1,0.9979786038963294,0.0016841454430478197,0.00033725066062267477
RETFOUND_MAE_CFP_FROZEN_PCA128_SVM,7777,3,S000417,ODIR,AMD_DRY,AMD_DRY,1,0.9357391507613507,0.06251663846038447,0.0017442107782647848
RETFOUND_MAE_CFP_FROZEN_PCA128_SVM,7777,3,S000418,ODIR,AMD_DRY,AMD_WET,0,0.47872513415897305,0.5203091271668776,0.0009657386741491768
RETFOUND_MAE_CFP_FROZEN_PCA128_SVM,7777,3,S000423,ODIR,AMD_DRY,AMD_WET,0,0.03436217799566771,0.9647808458825806,0.0008569761217517141
RETFOUND_MAE_CFP_FROZEN_PCA128_SVM,7777,3,S000426,ODIR,AMD_DRY,AMD_DRY,1,0.8142257545909065,0.1770190152509967,0.008755230158096896
RETFOUND_MAE_CFP_FROZEN_PCA128_SVM,7777,3,S000435,ODIR,AMD_DRY,AMD_DRY,1,0.9936355033671901,0.002772591318013331,0.003591905314796472
RETFOUND_MAE_CFP_FROZEN_PCA128_SVM,7777,3,S000440,ODIR,AMD_DRY,NORMAL,0,0.022079793041247353,0.009241331821157495,0.968678875137595
RETFOUND_MAE_CFP_FROZEN_PCA128_SVM,7777,3,S000442,ODIR,AMD_DRY,NORMAL,0,0.0010893804835567494,0.005273790634403512,0.9936368288820399
RETFOUND_MAE_CFP_FROZEN_PCA128_SVM,7777,3,S000448,ODIR,AMD_WET,AMD_WET,1,1.4464251057604564e-06,0.9998766624425666,0.00012189113232776608
RETFOUND_MAE_CFP_FROZEN_PCA128_SVM,7777,3,S000453,ODIR,AMD_WET,AMD_WET,1,0.4663261868489562,0.5333267268235348,0.0003470863275090862
RETFOUND_MAE_CFP_FROZEN_PCA128_SVM,7777,3,S000457,ODIR,AMD_WET,AMD_WET,1,0.32069422582098694,0.6212404862278605,0.05806528795115248
RETFOUND_MAE_CFP_FROZEN_PCA128_SVM,7777,3,S000458,ODIR,AMD_WET,AMD_WET,1,0.03126716050849313,0.9681021247906346,0.000630714700872269
RETFOUND_MAE_CFP_FROZEN_PCA128_SVM,7777,3,S000461,ODIR,AMD_WET,AMD_WET,1,0.43174865693548015,0.5581232169763033,0.01012812608821679
RETFOUND_MAE_CFP_FROZEN_PCA128_SVM,7777,3,S000464,ODIR,AMD_WET,AMD_WET,1,0.1139549738353083,0.8822782454387402,0.0037667807259513784
RETFOUND_MAE_CFP_FROZEN_PCA128_SVM,7777,3,S000473,RFMID,NORMAL,NORMAL,1,0.0002542790574637677,0.0037736912771606543,0.9959720296653756
RETFOUND_MAE_CFP_FROZEN_PCA128_SVM,7777,3,S000482,RFMID,NORMAL,NORMAL,1,9.507284755735561e-07,4.999431525709533e-07,0.9999985493283718
RETFOUND_MAE_CFP_FROZEN_PCA128_SVM,7777,3,S000497,RFMID,NORMAL,NORMAL,1,6.684917472468967e-08,7.756175339979867e-08,0.9999998555890719
RETFOUND_MAE_CFP_FROZEN_PCA128_SVM,7777,3,S000499,RFMID,NORMAL,NORMAL,1,0.0038036510561339654,0.03626106020110385,0.9599352887427623
RETFOUND_MAE_CFP_FROZEN_PCA128_SVM,7777,3,S000500,RFMID,NORMAL,NORMAL,1,0.0002722077352259642,0.004981174716130943,0.9947466175486431
RETFOUND_MAE_CFP_FROZEN_PCA128_SVM,7777,3,S000505,RFMID,NORMAL,NORMAL,1,4.123197649068388e-06,2.8300585234084255e-06,0.9999930467438276
RETFOUND_MAE_CFP_FROZEN_PCA128_SVM,7777,3,S000512,RFMID,NORMAL,NORMAL,1,1.433244672325655e-06,1.025265228811941e-06,0.9999975414900989
RETFOUND_MAE_CFP_FROZEN_PCA128_SVM,7777,3,S000514,RFMID,NORMAL,NORMAL,1,0.0004612463747676272,0.0015516411211502926,0.9979871125040821
RETFOUND_MAE_CFP_FROZEN_PCA128_SVM,7777,3,S000521,RFMID,NORMAL,NORMAL,1,0.00012019972927573039,0.0024756493231033144,0.9974041509476211
RETFOUND_MAE_CFP_FROZEN_PCA128_SVM,7777,3,S000524,RFMID,NORMAL,NORMAL,1,0.00011805182582689255,0.005232398721256815,0.9946495494529163
RETFOUND_MAE_CFP_FROZEN_PCA128_SVM,7777,3,S000530,RFMID,NORMAL,NORMAL,1,0.0003869323747111908,0.01279634504180151,0.9868167225834874
RETFOUND_MAE_CFP_FROZEN_PCA128_SVM,7777,3,S000534,RFMID,NORMAL,NORMAL,1,5.561036446869465e-07,6.127217285256704e-07,0.9999988311746268
RETFOUND_MAE_CFP_FROZEN_PCA128_SVM,7777,3,S000540,RFMID,AMD_DRY,AMD_DRY,1,0.9896344936376862,0.006328034059722196,0.004037472302591414
RETFOUND_MAE_CFP_FROZEN_PCA128_SVM,7777,3,S000541,RFMID,AMD_DRY,AMD_DRY,1,0.9067505317608447,0.08707931032946832,0.006170157909686901
RETFOUND_MAE_CFP_FROZEN_PCA128_SVM,7777,3,S000544,RFMID,AMD_WET,AMD_WET,1,0.019949740043558036,0.9753014080804021,0.004748851876039733
RETFOUND_MAE_CFP_FROZEN_PCA128_SVM,7777,3,S000546,RFMID,AMD_WET,AMD_WET,1,0.02432364587180031,0.9700118632653335,0.00566449086286594
RETFOUND_MAE_CFP_FROZEN_PCA128_SVM,7777,3,S000549,RFMID,AMD_WET,AMD_WET,1,1.3540364075074002e-07,0.9998151448286311,0.00018471976772814055
RETFOUND_MAE_CFP_FROZEN_PCA128_SVM,7777,3,S000560,RFMID,AMD_WET,AMD_WET,1,0.22650491798768138,0.7703886008264129,0.00310648118590553
RETFOUND_MAE_CFP_FROZEN_PCA128_SVM,7777,3,S000561,RFMID,AMD_WET,AMD_WET,1,0.00312172632919198,0.9956860501693346,0.0011922235014732694
RETFOUND_MAE_CFP_FROZEN_PCA128_SVM,7777,3,S000562,RFMID,AMD_WET,AMD_WET,1,0.06290908556259991,0.9365310216024131,0.0005598928349871379
RETFOUND_MAE_CFP_FROZEN_PCA128_SVM,7777,3,S000563,RFMID,AMD_WET,AMD_WET,1,8.130074950315081e-07,0.999798766366254,0.0002004206262510463
RETFOUND_MAE_CFP_FROZEN_PCA128_SVM,7777,3,S000564,RFMID,AMD_WET,AMD_WET,1,0.17961120396838828,0.8194523215463163,0.0009364744852952822
RETFOUND_MAE_CFP_FROZEN_PCA128_SVM,7777,3,S000569,RFMID,AMD_WET,AMD_WET,1,4.113844876216522e-06,0.9993691694058605,0.0006267167492631937
RETFOUND_MAE_CFP_FROZEN_PCA128_SVM,7777,3,S000593,RFMID,AMD_WET,AMD_WET,1,7.336483127063965e-09,0.9999546780859265,4.531457759027302e-05
RETFOUND_MAE_CFP_FROZEN_PCA128_SVM,7777,3,S000596,RFMID,AMD_WET,AMD_WET,1,0.00414097648361214,0.9954272126150501,0.0004318109013375275
RETFOUND_MAE_CFP_FROZEN_PCA128_SVM,7777,4,S000001,ADAM,AMD_DRY,AMD_DRY,1,0.9820205844609088,0.01504144421822853,0.0029379713208626725
RETFOUND_MAE_CFP_FROZEN_PCA128_SVM,7777,4,S000015,ADAM,AMD_DRY,AMD_DRY,1,0.9971684794466558,0.0027461426282819326,8.537792506233857e-05
RETFOUND_MAE_CFP_FROZEN_PCA128_SVM,7777,4,S000018,ADAM,AMD_DRY,AMD_DRY,1,0.6000390035252865,0.3396912669075536,0.060269729567160014
RETFOUND_MAE_CFP_FROZEN_PCA128_SVM,7777,4,S000021,ADAM,AMD_DRY,AMD_DRY,1,0.8175338808208777,0.1276377606506266,0.05482835852849556
RETFOUND_MAE_CFP_FROZEN_PCA128_SVM,7777,4,S000023,ADAM,AMD_DRY,AMD_DRY,1,0.7428911159737382,0.2560523566354397,0.001056527390822026
RETFOUND_MAE_CFP_FROZEN_PCA128_SVM,7777,4,S000024,ADAM,AMD_DRY,AMD_DRY,1,0.8063794861987782,0.17949566116479782,0.014124852636424148
RETFOUND_MAE_CFP_FROZEN_PCA128_SVM,7777,4,S000030,ADAM,AMD_DRY,AMD_DRY,1,0.6032948285923376,0.04995037365407681,0.3467547977535855
RETFOUND_MAE_CFP_FROZEN_PCA128_SVM,7777,4,S000041,ADAM,AMD_WET,AMD_WET,1,2.7424265278626556e-06,0.9993776139983803,0.0006196435750918435
RETFOUND_MAE_CFP_FROZEN_PCA128_SVM,7777,4,S000042,ADAM,AMD_WET,AMD_WET,1,0.259851425784429,0.7391345617051372,0.0010140125104339977
RETFOUND_MAE_CFP_FROZEN_PCA128_SVM,7777,4,S000043,ADAM,AMD_WET,AMD_WET,1,2.6906753476111516e-06,0.9993152162474881,0.000682093077164448
RETFOUND_MAE_CFP_FROZEN_PCA128_SVM,7777,4,S000053,FIVES,NORMAL,NORMAL,1,0.00034113918277193004,0.0018395892083948558,0.9978192716088332
RETFOUND_MAE_CFP_FROZEN_PCA128_SVM,7777,4,S000057,FIVES,NORMAL,NORMAL,1,0.00012038340902473657,0.0016785130874080556,0.998201103503567
RETFOUND_MAE_CFP_FROZEN_PCA128_SVM,7777,4,S000065,FIVES,NORMAL,NORMAL,1,0.0014700975909253413,0.003042811249653671,0.995487091159421
RETFOUND_MAE_CFP_FROZEN_PCA128_SVM,7777,4,S000066,FIVES,NORMAL,NORMAL,1,1.7019796699995484e-06,1.0885048733951424e-06,0.9999972095154567
RETFOUND_MAE_CFP_FROZEN_PCA128_SVM,7777,4,S000067,FIVES,NORMAL,NORMAL,1,1.8810760026338566e-06,1.4968966520874669e-06,0.9999966220273452
RETFOUND_MAE_CFP_FROZEN_PCA128_SVM,7777,4,S000074,FIVES,NORMAL,NORMAL,1,3.4270972908478714e-06,2.957975683927907e-06,0.9999936149270253
RETFOUND_MAE_CFP_FROZEN_PCA128_SVM,7777,4,S000077,FIVES,NORMAL,NORMAL,1,4.457007372497442e-06,3.823572167508698e-06,0.99999171942046
RETFOUND_MAE_CFP_FROZEN_PCA128_SVM,7777,4,S000081,FIVES,NORMAL,NORMAL,1,8.613946759153432e-07,7.718376108519738e-07,0.9999983667677133
RETFOUND_MAE_CFP_FROZEN_PCA128_SVM,7777,4,S000084,FIVES,NORMAL,NORMAL,1,1.7130688939637095e-06,1.506111949476588e-06,0.9999967808191564
RETFOUND_MAE_CFP_FROZEN_PCA128_SVM,7777,4,S000089,FIVES,NORMAL,NORMAL,1,0.005828282614816287,0.00267555947885936,0.9914961579063244
RETFOUND_MAE_CFP_FROZEN_PCA128_SVM,7777,4,S000094,FIVES,NORMAL,NORMAL,1,6.397914336642146e-07,5.784657772442104e-07,0.999998781742789
RETFOUND_MAE_CFP_FROZEN_PCA128_SVM,7777,4,S000100,FIVES,NORMAL,NORMAL,1,0.011057178350573767,0.012411299702510084,0.9765315219469162
RETFOUND_MAE_CFP_FROZEN_PCA128_SVM,7777,4,S000108,FIVES,NORMAL,NORMAL,1,6.518886791206539e-07,6.540383493034203e-07,0.9999986940729716
RETFOUND_MAE_CFP_FROZEN_PCA128_SVM,7777,4,S000110,FIVES,NORMAL,NORMAL,1,0.005091341347653136,0.003761785447496668,0.99114687320485
RETFOUND_MAE_CFP_FROZEN_PCA128_SVM,7777,4,S000120,FIVES,NORMAL,NORMAL,1,0.00016165133819357312,0.0016549543271236328,0.9981833943346827
RETFOUND_MAE_CFP_FROZEN_PCA128_SVM,7777,4,S000122,FIVES,NORMAL,NORMAL,1,2.007255986807444e-06,2.0617542509333043e-06,0.9999959309897622
RETFOUND_MAE_CFP_FROZEN_PCA128_SVM,7777,4,S000131,FIVES,NORMAL,NORMAL,1,1.1278268097678245e-06,9.05601444230449e-07,0.9999979665717459
RETFOUND_MAE_CFP_FROZEN_PCA128_SVM,7777,4,S000135,FIVES,NORMAL,NORMAL,1,1.7089015901897598e-06,1.5012830198673544e-06,0.9999967898153899
RETFOUND_MAE_CFP_FROZEN_PCA128_SVM,7777,4,S000146,FIVES,NORMAL,NORMAL,1,0.005920437417467139,0.06491701958097884,0.9291625430015541
RETFOUND_MAE_CFP_FROZEN_PCA128_SVM,7777,4,S000149,FIVES,NORMAL,NORMAL,1,0.0005069577775940919,0.001949113941079637,0.9975439282813265
RETFOUND_MAE_CFP_FROZEN_PCA128_SVM,7777,4,S000158,FIVES,AMD_DRY,AMD_DRY,1,0.9494721490450762,0.048573106468161646,0.0019547444867622087
RETFOUND_MAE_CFP_FROZEN_PCA128_SVM,7777,4,S000159,FIVES,AMD_DRY,AMD_DRY,1,0.6929445711857871,0.29772803893396094,0.009327389880252215
RETFOUND_MAE_CFP_FROZEN_PCA128_SVM,7777,4,S000162,FIVES,AMD_DRY,AMD_DRY,1,0.8522789428749834,0.14272195758046916,0.004999099544547726
RETFOUND_MAE_CFP_FROZEN_PCA128_SVM,7777,4,S000177,FIVES,AMD_WET,AMD_WET,1,0.01626542482773486,0.9794372929835036,0.004297282188761495
RETFOUND_MAE_CFP_FROZEN_PCA128_SVM,7777,4,S000179,FIVES,AMD_WET,AMD_WET,1,0.04720821080281515,0.9462702987451503,0.006521490452034378
RETFOUND_MAE_CFP_FROZEN_PCA128_SVM,7777,4,S000182,FIVES,AMD_WET,AMD_WET,1,0.010048189911533728,0.9895184125096821,0.0004333975787843677
RETFOUND_MAE_CFP_FROZEN_PCA128_SVM,7777,4,S000185,FIVES,AMD_WET,AMD_WET,1,0.004591174364825266,0.9951617156241279,0.00024711001104693256
RETFOUND_MAE_CFP_FROZEN_PCA128_SVM,7777,4,S000187,FIVES,AMD_WET,AMD_WET,1,0.017617795483617225,0.9811648929980191,0.0012173115183633943
RETFOUND_MAE_CFP_FROZEN_PCA128_SVM,7777,4,S000189,FIVES,AMD_WET,AMD_WET,1,0.05296647306850684,0.9462231926525679,0.0008103342789251405
RETFOUND_MAE_CFP_FROZEN_PCA128_SVM,7777,4,S000192,FIVES,AMD_WET,NORMAL,0,0.06502021276418694,0.11988003602615105,0.8150997512096622
RETFOUND_MAE_CFP_FROZEN_PCA128_SVM,7777,4,S000203,FIVES,AMD_WET,AMD_WET,1,0.003321054013314133,0.9944983876033007,0.002180558383385478
RETFOUND_MAE_CFP_FROZEN_PCA128_SVM,7777,4,S000212,FIVES,AMD_WET,AMD_WET,1,0.038367770440166794,0.9565565251813426,0.00507570437849067
RETFOUND_MAE_CFP_FROZEN_PCA128_SVM,7777,4,S000218,FIVES,AMD_WET,NORMAL,0,0.025236681054708308,0.07178539049386183,0.9029779284514295
RETFOUND_MAE_CFP_FROZEN_PCA128_SVM,7777,4,S000224,FIVES,AMD_WET,AMD_WET,1,0.016196279391276193,0.9825025184998923,0.0013012021088316366
RETFOUND_MAE_CFP_FROZEN_PCA128_SVM,7777,4,S000225,FIVES,AMD_WET,AMD_WET,1,0.1740171002244161,0.7590422216170941,0.0669406781584897
RETFOUND_MAE_CFP_FROZEN_PCA128_SVM,7777,4,S000227,FIVES,AMD_WET,AMD_WET,1,9.087194653312796e-07,0.9995180271553558,0.00048106412517899257
RETFOUND_MAE_CFP_FROZEN_PCA128_SVM,7777,4,S000234,FIVES,AMD_WET,AMD_WET,1,0.028567839875186622,0.9663018710724202,0.005130289052393345
RETFOUND_MAE_CFP_FROZEN_PCA128_SVM,7777,4,S000242,ODIR,NORMAL,NORMAL,1,0.04999000314318911,0.004672886182475133,0.9453371106743357
RETFOUND_MAE_CFP_FROZEN_PCA128_SVM,7777,4,S000243,ODIR,NORMAL,AMD_DRY,0,0.5860062622465736,0.009666161460346304,0.4043275762930801
RETFOUND_MAE_CFP_FROZEN_PCA128_SVM,7777,4,S000245,ODIR,NORMAL,NORMAL,1,2.300724193102145e-07,1.2072281879227628e-07,0.9999996492047619
RETFOUND_MAE_CFP_FROZEN_PCA128_SVM,7777,4,S000246,ODIR,NORMAL,NORMAL,1,0.03628601064972444,0.017452369025117504,0.9462616203251581
RETFOUND_MAE_CFP_FROZEN_PCA128_SVM,7777,4,S000247,ODIR,NORMAL,NORMAL,1,0.000553186418108135,0.004219573886791543,0.9952272396951001
RETFOUND_MAE_CFP_FROZEN_PCA128_SVM,7777,4,S000248,ODIR,NORMAL,NORMAL,1,0.00149367321466494,0.002730474958909783,0.9957758518264251
RETFOUND_MAE_CFP_FROZEN_PCA128_SVM,7777,4,S000249,ODIR,NORMAL,NORMAL,1,3.975860496275094e-06,2.1571812336992683e-06,0.99999386695827
RETFOUND_MAE_CFP_FROZEN_PCA128_SVM,7777,4,S000253,ODIR,NORMAL,NORMAL,1,0.010574587450902784,0.004075405042444092,0.9853500075066531
RETFOUND_MAE_CFP_FROZEN_PCA128_SVM,7777,4,S000269,ODIR,NORMAL,NORMAL,1,5.174161341149207e-07,2.6430065891078987e-07,0.999999218283207
RETFOUND_MAE_CFP_FROZEN_PCA128_SVM,7777,4,S000283,ODIR,NORMAL,NORMAL,1,0.0354467421329956,0.02340206199367388,0.9411511958733303
RETFOUND_MAE_CFP_FROZEN_PCA128_SVM,7777,4,S000285,ODIR,NORMAL,NORMAL,1,0.0013211186424442944,0.0035136486244243424,0.9951652327331315
RETFOUND_MAE_CFP_FROZEN_PCA128_SVM,7777,4,S000286,ODIR,NORMAL,NORMAL,1,3.387854487213491e-06,2.2616554846955455e-06,0.9999943504900282
RETFOUND_MAE_CFP_FROZEN_PCA128_SVM,7777,4,S000292,ODIR,NORMAL,NORMAL,1,0.007776569618957016,0.006080036209684242,0.9861433941713588
RETFOUND_MAE_CFP_FROZEN_PCA128_SVM,7777,4,S000299,ODIR,NORMAL,NORMAL,1,0.00398436802840794,0.005012376200890177,0.9910032557707017
RETFOUND_MAE_CFP_FROZEN_PCA128_SVM,7777,4,S000302,ODIR,NORMAL,NORMAL,1,0.008812694815513451,0.0029584427820571833,0.9882288624024292
RETFOUND_MAE_CFP_FROZEN_PCA128_SVM,7777,4,S000309,ODIR,NORMAL,NORMAL,1,1.633615641918511e-06,9.541821256965372e-07,0.9999974122022324
RETFOUND_MAE_CFP_FROZEN_PCA128_SVM,7777,4,S000314,ODIR,NORMAL,NORMAL,1,0.007328116056153312,0.0022431443137593873,0.9904287396300872
RETFOUND_MAE_CFP_FROZEN_PCA128_SVM,7777,4,S000316,ODIR,NORMAL,NORMAL,1,0.006359416169034105,0.008231768886980472,0.9854088149439855
RETFOUND_MAE_CFP_FROZEN_PCA128_SVM,7777,4,S000323,ODIR,NORMAL,NORMAL,1,0.0013454971401866765,0.002787814334780262,0.995866688525033
RETFOUND_MAE_CFP_FROZEN_PCA128_SVM,7777,4,S000330,ODIR,NORMAL,NORMAL,1,0.016440301432333267,0.0026226713765761214,0.9809370271910905
RETFOUND_MAE_CFP_FROZEN_PCA128_SVM,7777,4,S000336,ODIR,NORMAL,NORMAL,1,0.013604588528174118,0.011044154037402693,0.9753512574344234
RETFOUND_MAE_CFP_FROZEN_PCA128_SVM,7777,4,S000337,ODIR,NORMAL,AMD_DRY,0,0.48928459646383377,0.07704700661632617,0.43366839691984027
RETFOUND_MAE_CFP_FROZEN_PCA128_SVM,7777,4,S000353,ODIR,NORMAL,NORMAL,1,0.31633120974556134,0.11105149768810602,0.5726172925663325
RETFOUND_MAE_CFP_FROZEN_PCA128_SVM,7777,4,S000360,ODIR,NORMAL,NORMAL,1,1.4759693269381202e-06,1.1150309025614136e-06,0.9999974089997705
RETFOUND_MAE_CFP_FROZEN_PCA128_SVM,7777,4,S000363,ODIR,NORMAL,NORMAL,1,0.001135661129739222,0.004325551662804151,0.9945387872074567
RETFOUND_MAE_CFP_FROZEN_PCA128_SVM,7777,4,S000364,ODIR,AMD_DRY,AMD_DRY,1,0.7197384451848685,0.27987964615560657,0.00038190865952494283
RETFOUND_MAE_CFP_FROZEN_PCA128_SVM,7777,4,S000365,ODIR,AMD_DRY,AMD_WET,0,0.4690868011101444,0.5304160194879997,0.0004971794018559635
RETFOUND_MAE_CFP_FROZEN_PCA128_SVM,7777,4,S000371,ODIR,AMD_DRY,AMD_DRY,1,0.9456993017702262,0.0218480683802918,0.032452629849481884
RETFOUND_MAE_CFP_FROZEN_PCA128_SVM,7777,4,S000372,ODIR,AMD_DRY,AMD_DRY,1,0.9584448930976326,0.028302580265791754,0.013252526636575612
RETFOUND_MAE_CFP_FROZEN_PCA128_SVM,7777,4,S000391,ODIR,AMD_DRY,AMD_DRY,1,0.5396584268242243,0.10235718313018374,0.35798439004559174
RETFOUND_MAE_CFP_FROZEN_PCA128_SVM,7777,4,S000392,ODIR,AMD_DRY,AMD_DRY,1,0.9393014639030969,0.05970369216889969,0.0009948439280037134
RETFOUND_MAE_CFP_FROZEN_PCA128_SVM,7777,4,S000395,ODIR,AMD_DRY,AMD_DRY,1,0.6659896257173554,0.29501729181151376,0.038993082471130876
RETFOUND_MAE_CFP_FROZEN_PCA128_SVM,7777,4,S000396,ODIR,AMD_DRY,AMD_DRY,1,0.9357025115414855,0.06249105059425147,0.0018064378642629324
RETFOUND_MAE_CFP_FROZEN_PCA128_SVM,7777,4,S000398,ODIR,AMD_DRY,AMD_DRY,1,0.983288692533162,0.013243572767217158,0.003467734699620905
RETFOUND_MAE_CFP_FROZEN_PCA128_SVM,7777,4,S000404,ODIR,AMD_DRY,AMD_DRY,1,0.8573409328231745,0.13922000026888479,0.0034390669079405055
RETFOUND_MAE_CFP_FROZEN_PCA128_SVM,7777,4,S000406,ODIR,AMD_DRY,AMD_DRY,1,0.8897474136159427,0.01917411177500172,0.0910784746090557
RETFOUND_MAE_CFP_FROZEN_PCA128_SVM,7777,4,S000407,ODIR,AMD_DRY,AMD_WET,0,0.04776233445593421,0.9512091328210617,0.0010285327230040609
RETFOUND_MAE_CFP_FROZEN_PCA128_SVM,7777,4,S000409,ODIR,AMD_DRY,AMD_DRY,1,0.9543160009898044,0.0445734961659742,0.0011105028442215208
RETFOUND_MAE_CFP_FROZEN_PCA128_SVM,7777,4,S000424,ODIR,AMD_DRY,NORMAL,0,0.04985629352565155,0.005130162518347924,0.9450135439560005
RETFOUND_MAE_CFP_FROZEN_PCA128_SVM,7777,4,S000428,ODIR,AMD_DRY,NORMAL,0,0.04186840202477717,0.0022250513528516112,0.9559065466223711
RETFOUND_MAE_CFP_FROZEN_PCA128_SVM,7777,4,S000434,ODIR,AMD_DRY,AMD_DRY,1,0.9287005560090053,0.06488401194407883,0.006415432046915954
RETFOUND_MAE_CFP_FROZEN_PCA128_SVM,7777,4,S000445,ODIR,AMD_WET,AMD_DRY,0,0.9497498752696825,0.05014912943378582,0.00010099529653178333
RETFOUND_MAE_CFP_FROZEN_PCA128_SVM,7777,4,S000456,ODIR,AMD_WET,AMD_WET,1,0.0036485175553081796,0.9953028142126601,0.0010486682320318369
RETFOUND_MAE_CFP_FROZEN_PCA128_SVM,7777,4,S000463,ODIR,AMD_WET,AMD_WET,1,0.04215986217688104,0.9522915118935437,0.005548625929575491
RETFOUND_MAE_CFP_FROZEN_PCA128_SVM,7777,4,S000466,ODIR,AMD_WET,AMD_WET,1,0.03821420354369079,0.9524600104414761,0.009325786014833144
RETFOUND_MAE_CFP_FROZEN_PCA128_SVM,7777,4,S000468,ODIR,AMD_WET,AMD_WET,1,0.010916501057069757,0.9875313775303229,0.0015521214126072728
RETFOUND_MAE_CFP_FROZEN_PCA128_SVM,7777,4,S000470,ODIR,AMD_WET,AMD_WET,1,0.04610298773354056,0.9530833990997498,0.0008136131667097237
RETFOUND_MAE_CFP_FROZEN_PCA128_SVM,7777,4,S000476,RFMID,NORMAL,NORMAL,1,0.0039907019278508545,0.010175450033510964,0.9858338480386379
RETFOUND_MAE_CFP_FROZEN_PCA128_SVM,7777,4,S000486,RFMID,NORMAL,NORMAL,1,0.0004380244339215003,0.002719519084277674,0.996842456481801
RETFOUND_MAE_CFP_FROZEN_PCA128_SVM,7777,4,S000488,RFMID,NORMAL,NORMAL,1,9.700867603560093e-07,6.315891839857338e-07,0.9999983983240557
RETFOUND_MAE_CFP_FROZEN_PCA128_SVM,7777,4,S000492,RFMID,NORMAL,NORMAL,1,0.0003898790962246148,0.009025832338697536,0.9905842885650777
RETFOUND_MAE_CFP_FROZEN_PCA128_SVM,7777,4,S000501,RFMID,NORMAL,NORMAL,1,0.0005101000822337284,0.0018032060619222515,0.9976866938558441
RETFOUND_MAE_CFP_FROZEN_PCA128_SVM,7777,4,S000511,RFMID,NORMAL,NORMAL,1,0.0012819275079426096,0.004104422382337847,0.9946136501097194
RETFOUND_MAE_CFP_FROZEN_PCA128_SVM,7777,4,S000520,RFMID,NORMAL,NORMAL,1,0.0045154641140020746,0.005900672023536289,0.9895838638624618
RETFOUND_MAE_CFP_FROZEN_PCA128_SVM,7777,4,S000528,RFMID,NORMAL,NORMAL,1,0.000173861198236877,0.0021752561822670907,0.9976508826194962
RETFOUND_MAE_CFP_FROZEN_PCA128_SVM,7777,4,S000531,RFMID,NORMAL,NORMAL,1,0.0005043402689311937,0.0025203746748599367,0.9969752850562089
RETFOUND_MAE_CFP_FROZEN_PCA128_SVM,7777,4,S000532,RFMID,NORMAL,NORMAL,1,0.007606844835760447,0.008767848038400188,0.9836253071258394
RETFOUND_MAE_CFP_FROZEN_PCA128_SVM,7777,4,S000533,RFMID,NORMAL,NORMAL,1,5.312113109531411e-07,5.528075980024448e-07,0.999998915981091
RETFOUND_MAE_CFP_FROZEN_PCA128_SVM,7777,4,S000535,RFMID,NORMAL,NORMAL,1,0.023405091634000633,0.005136983819013609,0.9714579245469854
RETFOUND_MAE_CFP_FROZEN_PCA128_SVM,7777,4,S000539,RFMID,AMD_DRY,AMD_DRY,1,0.9028141670400324,0.09307715983798082,0.004108673121987001
RETFOUND_MAE_CFP_FROZEN_PCA128_SVM,7777,4,S000543,RFMID,AMD_DRY,AMD_DRY,1,0.8424069508751094,0.15399658701615251,0.0035964621087381985
RETFOUND_MAE_CFP_FROZEN_PCA128_SVM,7777,4,S000548,RFMID,AMD_WET,AMD_WET,1,0.02169403302762384,0.9687239081389435,0.009582058833432737
RETFOUND_MAE_CFP_FROZEN_PCA128_SVM,7777,4,S000550,RFMID,AMD_WET,AMD_WET,1,0.004251535038991515,0.9940048597213104,0.0017436052396980564
RETFOUND_MAE_CFP_FROZEN_PCA128_SVM,7777,4,S000551,RFMID,AMD_WET,AMD_WET,1,2.2816719421939224e-06,0.9998334522068273,0.0001642661212304096
RETFOUND_MAE_CFP_FROZEN_PCA128_SVM,7777,4,S000558,RFMID,AMD_WET,AMD_WET,1,0.002401486516093003,0.9950266903921237,0.00257182309178346
RETFOUND_MAE_CFP_FROZEN_PCA128_SVM,7777,4,S000566,RFMID,AMD_WET,AMD_WET,1,2.0113482411542905e-06,0.9995471599608655,0.0004508286908933929
RETFOUND_MAE_CFP_FROZEN_PCA128_SVM,7777,4,S000575,RFMID,AMD_WET,AMD_WET,1,0.006325316616846422,0.9908288755750753,0.002845807808078331
RETFOUND_MAE_CFP_FROZEN_PCA128_SVM,7777,4,S000579,RFMID,AMD_WET,AMD_WET,1,0.007006250923883356,0.9902584465894086,0.002735302486707845
RETFOUND_MAE_CFP_FROZEN_PCA128_SVM,7777,4,S000582,RFMID,AMD_WET,AMD_WET,1,0.02632975732374774,0.9626635404499265,0.011006702226325736
RETFOUND_MAE_CFP_FROZEN_PCA128_SVM,7777,4,S000590,RFMID,AMD_WET,AMD_WET,1,0.017579427630259648,0.6411366145292952,0.341283957840445
RETFOUND_MAE_CFP_FROZEN_PCA128_SVM,7777,4,S000592,RFMID,AMD_WET,AMD_WET,1,0.014901437504472691,0.9719829724780512,0.013115590017476387
RETFOUND_MAE_CFP_FROZEN_PCA128_SVM,7777,4,S000597,RFMID,AMD_WET,AMD_WET,1,0.1237548471842346,0.6595354986409868,0.2167096541747786
RETFOUND_MAE_CFP_FROZEN_PCA128_SVM,7777,5,S000004,ADAM,AMD_DRY,AMD_DRY,1,0.9996908580715689,0.00015827091192527814,0.00015087101650602402
RETFOUND_MAE_CFP_FROZEN_PCA128_SVM,7777,5,S000007,ADAM,AMD_DRY,AMD_DRY,1,0.9957163005529861,0.0041362016094070204,0.0001474978376067325
RETFOUND_MAE_CFP_FROZEN_PCA128_SVM,7777,5,S000008,ADAM,AMD_DRY,AMD_DRY,1,0.9406420564641893,0.05817856476346762,0.0011793787723429986
RETFOUND_MAE_CFP_FROZEN_PCA128_SVM,7777,5,S000017,ADAM,AMD_DRY,AMD_DRY,1,0.9542231429192003,0.025896263910989818,0.019880593169809897
RETFOUND_MAE_CFP_FROZEN_PCA128_SVM,7777,5,S000022,ADAM,AMD_DRY,AMD_DRY,1,0.7047160107841663,0.21994808117856532,0.07533590803726849
RETFOUND_MAE_CFP_FROZEN_PCA128_SVM,7777,5,S000029,ADAM,AMD_DRY,AMD_DRY,1,0.8948781843206857,0.004312756958056904,0.10080905872125726
RETFOUND_MAE_CFP_FROZEN_PCA128_SVM,7777,5,S000035,ADAM,AMD_DRY,AMD_DRY,1,0.9463472962187878,0.05153896190452372,0.002113741876688445
RETFOUND_MAE_CFP_FROZEN_PCA128_SVM,7777,5,S000046,ADAM,AMD_WET,AMD_WET,1,7.036196101302314e-08,0.9999900812391164,9.848398922750578e-06
RETFOUND_MAE_CFP_FROZEN_PCA128_SVM,7777,5,S000048,ADAM,AMD_WET,AMD_WET,1,0.012610036158690718,0.9872569393050904,0.0001330245362190019
RETFOUND_MAE_CFP_FROZEN_PCA128_SVM,7777,5,S000052,ADAM,AMD_WET,AMD_WET,1,0.04447425006648818,0.9508029558232083,0.004722794110303459
RETFOUND_MAE_CFP_FROZEN_PCA128_SVM,7777,5,S000055,FIVES,NORMAL,NORMAL,1,0.0005281923842566315,0.002863499236161275,0.996608308379582
RETFOUND_MAE_CFP_FROZEN_PCA128_SVM,7777,5,S000056,FIVES,NORMAL,NORMAL,1,0.0018371511272902352,0.005676309202956894,0.992486539669753
RETFOUND_MAE_CFP_FROZEN_PCA128_SVM,7777,5,S000078,FIVES,NORMAL,NORMAL,1,0.00045480537456294893,0.003843083864100348,0.9957021107613365
RETFOUND_MAE_CFP_FROZEN_PCA128_SVM,7777,5,S000079,FIVES,NORMAL,NORMAL,1,9.9254748477918e-05,0.002554341934807914,0.9973464033167141
RETFOUND_MAE_CFP_FROZEN_PCA128_SVM,7777,5,S000088,FIVES,NORMAL,NORMAL,1,0.012541313713757099,0.0010614162781069486,0.9863972700081359
RETFOUND_MAE_CFP_FROZEN_PCA128_SVM,7777,5,S000095,FIVES,NORMAL,NORMAL,1,0.00013648851685531117,0.004949661556792446,0.9949138499263523
RETFOUND_MAE_CFP_FROZEN_PCA128_SVM,7777,5,S000096,FIVES,NORMAL,NORMAL,1,0.00534892551847578,0.003313076134583758,0.9913379983469405
RETFOUND_MAE_CFP_FROZEN_PCA128_SVM,7777,5,S000097,FIVES,NORMAL,NORMAL,1,0.0024357689579704816,0.06714229764237956,0.9304219333996501
RETFOUND_MAE_CFP_FROZEN_PCA128_SVM,7777,5,S000103,FIVES,NORMAL,NORMAL,1,2.6774036246143822e-06,2.952018116786016e-06,0.9999943705782586
RETFOUND_MAE_CFP_FROZEN_PCA128_SVM,7777,5,S000109,FIVES,NORMAL,NORMAL,1,3.3418906626407185e-06,3.915912115121009e-06,0.9999927421972223
RETFOUND_MAE_CFP_FROZEN_PCA128_SVM,7777,5,S000117,FIVES,NORMAL,NORMAL,1,8.769926203373183e-06,7.113465707050626e-06,0.9999841166080896
RETFOUND_MAE_CFP_FROZEN_PCA128_SVM,7777,5,S000118,FIVES,NORMAL,NORMAL,1,2.5687670794728477e-06,2.734714324630997e-06,0.999994696518596
RETFOUND_MAE_CFP_FROZEN_PCA128_SVM,7777,5,S000119,FIVES,NORMAL,NORMAL,1,0.0005701206675339467,0.003211294072080633,0.9962185852603856
RETFOUND_MAE_CFP_FROZEN_PCA128_SVM,7777,5,S000125,FIVES,NORMAL,NORMAL,1,4.2235185976691945e-07,4.866084455736532e-07,0.9999990910396946
RETFOUND_MAE_CFP_FROZEN_PCA128_SVM,7777,5,S000128,FIVES,NORMAL,NORMAL,1,0.00016057691729471794,0.005712815025249982,0.9941266080574553
RETFOUND_MAE_CFP_FROZEN_PCA128_SVM,7777,5,S000130,FIVES,NORMAL,NORMAL,1,0.0006541917393413005,0.0018543755571155847,0.9974914327035432
RETFOUND_MAE_CFP_FROZEN_PCA128_SVM,7777,5,S000133,FIVES,NORMAL,NORMAL,1,0.0019402475905888638,0.011034537370988667,0.9870252150384226
RETFOUND_MAE_CFP_FROZEN_PCA128_SVM,7777,5,S000141,FIVES,NORMAL,NORMAL,1,3.0646273009590685e-06,3.5960915862772237e-06,0.9999933392811127
RETFOUND_MAE_CFP_FROZEN_PCA128_SVM,7777,5,S000145,FIVES,NORMAL,NORMAL,1,1.145694422112701e-06,9.77132211158072e-07,0.9999978771733666
RETFOUND_MAE_CFP_FROZEN_PCA128_SVM,7777,5,S000151,FIVES,NORMAL,NORMAL,1,0.0005856196088078013,0.0022573860876099407,0.9971569943035822
RETFOUND_MAE_CFP_FROZEN_PCA128_SVM,7777,5,S000155,FIVES,AMD_DRY,AMD_DRY,1,0.9079153720452855,0.09129824659358853,0.0007863813611258311
RETFOUND_MAE_CFP_FROZEN_PCA128_SVM,7777,5,S000163,FIVES,AMD_DRY,AMD_DRY,1,0.8573857605620993,0.1328357498001017,0.009778489637799054
RETFOUND_MAE_CFP_FROZEN_PCA128_SVM,7777,5,S000164,FIVES,AMD_DRY,AMD_DRY,1,0.8643055838816592,0.12763360797627069,0.008060808142069898
RETFOUND_MAE_CFP_FROZEN_PCA128_SVM,7777,5,S000168,FIVES,AMD_WET,AMD_WET,1,0.001713778914800626,0.9979059081169275,0.00038031296827190563
RETFOUND_MAE_CFP_FROZEN_PCA128_SVM,7777,5,S000169,FIVES,AMD_WET,AMD_WET,1,1.4048802870300585e-06,0.9993834732989308,0.0006151218207820693
RETFOUND_MAE_CFP_FROZEN_PCA128_SVM,7777,5,S000176,FIVES,AMD_WET,AMD_WET,1,0.004330067470997475,0.9951173004767322,0.0005526320522700776
RETFOUND_MAE_CFP_FROZEN_PCA128_SVM,7777,5,S000191,FIVES,AMD_WET,AMD_WET,1,4.6651975162146235e-08,0.9998977669695504,0.00010218637847442011
RETFOUND_MAE_CFP_FROZEN_PCA128_SVM,7777,5,S000194,FIVES,AMD_WET,AMD_WET,1,0.005079748625093738,0.9925273983743721,0.002392853000534298
RETFOUND_MAE_CFP_FROZEN_PCA128_SVM,7777,5,S000195,FIVES,AMD_WET,AMD_WET,1,4.0662569598699255e-08,0.9999136250116473,8.633432578300512e-05
RETFOUND_MAE_CFP_FROZEN_PCA128_SVM,7777,5,S000202,FIVES,AMD_WET,AMD_WET,1,9.530516619731293e-06,0.9984071929832269,0.0015832765001535104
RETFOUND_MAE_CFP_FROZEN_PCA128_SVM,7777,5,S000211,FIVES,AMD_WET,AMD_WET,1,0.2131291056627741,0.7857326394207136,0.0011382549165123122
RETFOUND_MAE_CFP_FROZEN_PCA128_SVM,7777,5,S000215,FIVES,AMD_WET,AMD_WET,1,1.1687485724065412e-08,0.9999558289166455,4.415939586871012e-05
RETFOUND_MAE_CFP_FROZEN_PCA128_SVM,7777,5,S000217,FIVES,AMD_WET,AMD_WET,1,1.4159493205149662e-06,0.9997291137672395,0.00026947028344012695
RETFOUND_MAE_CFP_FROZEN_PCA128_SVM,7777,5,S000229,FIVES,AMD_WET,AMD_WET,1,2.3044301184515542e-06,0.9998437777998975,0.00015391776998396493
RETFOUND_MAE_CFP_FROZEN_PCA128_SVM,7777,5,S000232,FIVES,AMD_WET,AMD_WET,1,0.09409295236190822,0.9009585253816859,0.00494852225640595
RETFOUND_MAE_CFP_FROZEN_PCA128_SVM,7777,5,S000235,FIVES,AMD_WET,AMD_WET,1,1.5253165937116368e-07,0.9998046113093869,0.0001952361589536481
RETFOUND_MAE_CFP_FROZEN_PCA128_SVM,7777,5,S000236,FIVES,AMD_WET,AMD_WET,1,0.0031540867852212916,0.99286826247034,0.00397765074443877
RETFOUND_MAE_CFP_FROZEN_PCA128_SVM,7777,5,S000254,ODIR,NORMAL,NORMAL,1,0.001269956557211628,0.00573604973550563,0.9929939937072828
RETFOUND_MAE_CFP_FROZEN_PCA128_SVM,7777,5,S000262,ODIR,NORMAL,NORMAL,1,0.016143692646891614,0.007529552697509062,0.9763267546555993
RETFOUND_MAE_CFP_FROZEN_PCA128_SVM,7777,5,S000271,ODIR,NORMAL,NORMAL,1,7.498040657194629e-07,3.789161651355494e-07,0.9999988712797692
RETFOUND_MAE_CFP_FROZEN_PCA128_SVM,7777,5,S000272,ODIR,NORMAL,NORMAL,1,6.15820611891769e-06,3.1325141048099236e-06,0.9999907092797763
RETFOUND_MAE_CFP_FROZEN_PCA128_SVM,7777,5,S000279,ODIR,NORMAL,NORMAL,1,0.0035912681731198226,0.006324682958034278,0.9900840488688458
RETFOUND_MAE_CFP_FROZEN_PCA128_SVM,7777,5,S000280,ODIR,NORMAL,NORMAL,1,0.010567629838688305,0.0020345440105973304,0.9873978261507145
RETFOUND_MAE_CFP_FROZEN_PCA128_SVM,7777,5,S000281,ODIR,NORMAL,NORMAL,1,0.08665091841840304,0.02474491767807917,0.8886041639035176
RETFOUND_MAE_CFP_FROZEN_PCA128_SVM,7777,5,S000288,ODIR,NORMAL,NORMAL,1,0.1717081349343125,0.2049203065073865,0.6233715585583011
RETFOUND_MAE_CFP_FROZEN_PCA128_SVM,7777,5,S000289,ODIR,NORMAL,NORMAL,1,0.0009947404461632175,0.003929189965878164,0.9950760695879587
RETFOUND_MAE_CFP_FROZEN_PCA128_SVM,7777,5,S000294,ODIR,NORMAL,NORMAL,1,0.007085119545445835,0.001033620772462121,0.9918812596820921
RETFOUND_MAE_CFP_FROZEN_PCA128_SVM,7777,5,S000303,ODIR,NORMAL,NORMAL,1,0.010587041356205284,0.011269226070662244,0.9781437325731325
RETFOUND_MAE_CFP_FROZEN_PCA128_SVM,7777,5,S000304,ODIR,NORMAL,NORMAL,1,0.0024073386047165717,0.009802796841192927,0.9877898645540903
RETFOUND_MAE_CFP_FROZEN_PCA128_SVM,7777,5,S000305,ODIR,NORMAL,NORMAL,1,0.0005855744675114696,0.0021010571478096794,0.9973133683846787
RETFOUND_MAE_CFP_FROZEN_PCA128_SVM,7777,5,S000311,ODIR,NORMAL,NORMAL,1,0.03724502899197239,0.013804445805189627,0.9489505252028378
RETFOUND_MAE_CFP_FROZEN_PCA128_SVM,7777,5,S000312,ODIR,NORMAL,NORMAL,1,0.12539520541617724,0.13929214025586156,0.7353126543279612
RETFOUND_MAE_CFP_FROZEN_PCA128_SVM,7777,5,S000313,ODIR,NORMAL,NORMAL,1,0.0017904897453924306,0.002251143634742649,0.9959583666198649
RETFOUND_MAE_CFP_FROZEN_PCA128_SVM,7777,5,S000315,ODIR,NORMAL,NORMAL,1,0.025927184424130476,0.0035918108488268274,0.9704810047270426
RETFOUND_MAE_CFP_FROZEN_PCA128_SVM,7777,5,S000320,ODIR,NORMAL,NORMAL,1,0.021164448699538246,0.00327008448772113,0.9755654668127405
RETFOUND_MAE_CFP_FROZEN_PCA128_SVM,7777,5,S000332,ODIR,NORMAL,NORMAL,1,0.029578961365693667,0.017327332376596956,0.9530937062577092
RETFOUND_MAE_CFP_FROZEN_PCA128_SVM,7777,5,S000335,ODIR,NORMAL,NORMAL,1,0.004248696992083029,0.009396764411739316,0.9863545385961776
RETFOUND_MAE_CFP_FROZEN_PCA128_SVM,7777,5,S000341,ODIR,NORMAL,NORMAL,1,0.0013245884787153022,0.0029678809520252477,0.9957075305692595
RETFOUND_MAE_CFP_FROZEN_PCA128_SVM,7777,5,S000343,ODIR,NORMAL,NORMAL,1,8.452653238830457e-07,5.818379554217018e-07,0.9999985728967207
RETFOUND_MAE_CFP_FROZEN_PCA128_SVM,7777,5,S000346,ODIR,NORMAL,NORMAL,1,0.0007739568728963497,0.0026240400346137184,0.9966020030924899
RETFOUND_MAE_CFP_FROZEN_PCA128_SVM,7777,5,S000355,ODIR,NORMAL,NORMAL,1,0.011748531575251393,0.021200955881540914,0.9670505125432076
RETFOUND_MAE_CFP_FROZEN_PCA128_SVM,7777,5,S000358,ODIR,NORMAL,NORMAL,1,0.009197100859937015,0.0036089666321845798,0.9871939325078783
RETFOUND_MAE_CFP_FROZEN_PCA128_SVM,7777,5,S000376,ODIR,AMD_DRY,AMD_DRY,1,0.9174352016230769,0.013479904267681152,0.06908489410924208
RETFOUND_MAE_CFP_FROZEN_PCA128_SVM,7777,5,S000384,ODIR,AMD_DRY,AMD_DRY,1,0.7913960341451607,0.12777188157398278,0.08083208428085652
RETFOUND_MAE_CFP_FROZEN_PCA128_SVM,7777,5,S000385,ODIR,AMD_DRY,AMD_DRY,1,0.9896891911432172,0.008981888259280677,0.0013289205975021497
RETFOUND_MAE_CFP_FROZEN_PCA128_SVM,7777,5,S000386,ODIR,AMD_DRY,AMD_DRY,1,0.8314498445180196,0.16233659149075366,0.006213563991226782
RETFOUND_MAE_CFP_FROZEN_PCA128_SVM,7777,5,S000393,ODIR,AMD_DRY,AMD_DRY,1,0.9246436317951857,0.07193705295567948,0.0034193152491346643
RETFOUND_MAE_CFP_FROZEN_PCA128_SVM,7777,5,S000400,ODIR,AMD_DRY,AMD_WET,0,0.43520270070749856,0.5569566916537914,0.007840607638709973
RETFOUND_MAE_CFP_FROZEN_PCA128_SVM,7777,5,S000401,ODIR,AMD_DRY,AMD_DRY,1,0.970793959582535,0.019564535967593086,0.009641504449871923
RETFOUND_MAE_CFP_FROZEN_PCA128_SVM,7777,5,S000403,ODIR,AMD_DRY,AMD_DRY,1,0.997413666006364,0.002267581901376416,0.0003187520922594649
RETFOUND_MAE_CFP_FROZEN_PCA128_SVM,7777,5,S000410,ODIR,AMD_DRY,AMD_DRY,1,0.9814034790875897,0.016475106742068604,0.0021214141703417874
RETFOUND_MAE_CFP_FROZEN_PCA128_SVM,7777,5,S000419,ODIR,AMD_DRY,AMD_DRY,1,0.9311529234055678,0.06839249853582052,0.00045457805861167955
RETFOUND_MAE_CFP_FROZEN_PCA128_SVM,7777,5,S000420,ODIR,AMD_DRY,AMD_DRY,1,0.8296295878131322,0.16597546304950916,0.004394949137358574
RETFOUND_MAE_CFP_FROZEN_PCA128_SVM,7777,5,S000425,ODIR,AMD_DRY,NORMAL,0,0.34791594125422853,0.03887995122845915,0.6132041075173122
RETFOUND_MAE_CFP_FROZEN_PCA128_SVM,7777,5,S000427,ODIR,AMD_DRY,AMD_DRY,1,0.9156483708179866,0.0811546635173554,0.0031969656646579766
RETFOUND_MAE_CFP_FROZEN_PCA128_SVM,7777,5,S000430,ODIR,AMD_DRY,AMD_WET,0,0.46922610559816613,0.5304589588758546,0.0003149355259792311
RETFOUND_MAE_CFP_FROZEN_PCA128_SVM,7777,5,S000438,ODIR,AMD_DRY,AMD_DRY,1,0.8131991651072605,0.06990389891784952,0.11689693597488988
RETFOUND_MAE_CFP_FROZEN_PCA128_SVM,7777,5,S000443,ODIR,AMD_DRY,AMD_DRY,1,0.95755393306356,0.04225070880462731,0.00019535813181281278
RETFOUND_MAE_CFP_FROZEN_PCA128_SVM,7777,5,S000449,ODIR,AMD_WET,AMD_DRY,0,0.5829880002570194,0.4165171429227676,0.0004948568202129993
RETFOUND_MAE_CFP_FROZEN_PCA128_SVM,7777,5,S000451,ODIR,AMD_WET,AMD_WET,1,0.30579240067052244,0.6838153179847367,0.010392281344740987
RETFOUND_MAE_CFP_FROZEN_PCA128_SVM,7777,5,S000462,ODIR,AMD_WET,AMD_WET,1,0.06080257788745374,0.9390077535701039,0.0001896685424423719
RETFOUND_MAE_CFP_FROZEN_PCA128_SVM,7777,5,S000469,ODIR,AMD_WET,AMD_WET,1,0.09984868647484788,0.8940091204297262,0.006142193095425911
RETFOUND_MAE_CFP_FROZEN_PCA128_SVM,7777,5,S000471,ODIR,AMD_WET,AMD_WET,1,0.21130968598836364,0.6044566891133714,0.18423362489826503
RETFOUND_MAE_CFP_FROZEN_PCA128_SVM,7777,5,S000474,RFMID,NORMAL,NORMAL,1,3.200423486912689e-05,0.003073272446888592,0.9968947233182421
RETFOUND_MAE_CFP_FROZEN_PCA128_SVM,7777,5,S000475,RFMID,NORMAL,NORMAL,1,0.0007816031935438429,0.009264033959254974,0.9899543628472012
RETFOUND_MAE_CFP_FROZEN_PCA128_SVM,7777,5,S000479,RFMID,NORMAL,NORMAL,1,0.0016929009233709505,0.0028793410487648287,0.9954277580278643
RETFOUND_MAE_CFP_FROZEN_PCA128_SVM,7777,5,S000483,RFMID,NORMAL,NORMAL,1,5.350318185787672e-07,6.278764418937284e-07,0.9999988370917395
RETFOUND_MAE_CFP_FROZEN_PCA128_SVM,7777,5,S000487,RFMID,NORMAL,NORMAL,1,1.3751739253422783e-06,1.1085612282716238e-06,0.9999975162648465
RETFOUND_MAE_CFP_FROZEN_PCA128_SVM,7777,5,S000489,RFMID,NORMAL,NORMAL,1,0.0018380080097221113,0.001426232640644923,0.996735759349633
RETFOUND_MAE_CFP_FROZEN_PCA128_SVM,7777,5,S000495,RFMID,NORMAL,NORMAL,1,0.00196116700075775,0.00549319619016376,0.9925456368090784
RETFOUND_MAE_CFP_FROZEN_PCA128_SVM,7777,5,S000496,RFMID,NORMAL,NORMAL,1,0.005427265934108233,0.03968791165166047,0.9548848224142313
RETFOUND_MAE_CFP_FROZEN_PCA128_SVM,7777,5,S000503,RFMID,NORMAL,NORMAL,1,2.2107511541743214e-07,2.532795070116437e-07,0.9999995256453776
RETFOUND_MAE_CFP_FROZEN_PCA128_SVM,7777,5,S000513,RFMID,NORMAL,NORMAL,1,0.0101263076535581,0.03221899378417628,0.9576546985622655
RETFOUND_MAE_CFP_FROZEN_PCA128_SVM,7777,5,S000519,RFMID,NORMAL,NORMAL,1,0.024501633489868533,0.02229699611941183,0.9532013703907196
RETFOUND_MAE_CFP_FROZEN_PCA128_SVM,7777,5,S000525,RFMID,NORMAL,NORMAL,1,0.00035827060768191585,0.0037252890705240143,0.995916440321794
RETFOUND_MAE_CFP_FROZEN_PCA128_SVM,7777,5,S000526,RFMID,NORMAL,NORMAL,1,0.0013158978179810853,0.1467807381984842,0.8519033639835347
RETFOUND_MAE_CFP_FROZEN_PCA128_SVM,7777,5,S000536,RFMID,AMD_DRY,AMD_DRY,1,0.910475269044019,0.08550124971648085,0.0040234812395002935
RETFOUND_MAE_CFP_FROZEN_PCA128_SVM,7777,5,S000538,RFMID,AMD_DRY,AMD_WET,0,0.1624542522943074,0.8313138078373226,0.006231939868369657
RETFOUND_MAE_CFP_FROZEN_PCA128_SVM,7777,5,S000547,RFMID,AMD_WET,AMD_WET,1,0.31952837190271804,0.6675651828757612,0.012906445221520837
RETFOUND_MAE_CFP_FROZEN_PCA128_SVM,7777,5,S000554,RFMID,AMD_WET,AMD_WET,1,7.373090283835465e-06,0.9985979380805441,0.001394688829172031
RETFOUND_MAE_CFP_FROZEN_PCA128_SVM,7777,5,S000556,RFMID,AMD_WET,AMD_WET,1,7.881710197159792e-06,0.998529823307022,0.0014622949827809528
RETFOUND_MAE_CFP_FROZEN_PCA128_SVM,7777,5,S000567,RFMID,AMD_WET,AMD_WET,1,0.008032762090228115,0.9877104441100317,0.004256793799740002
RETFOUND_MAE_CFP_FROZEN_PCA128_SVM,7777,5,S000570,RFMID,AMD_WET,AMD_WET,1,8.617159990413407e-08,0.9999440753126899,5.5838515710263146e-05
RETFOUND_MAE_CFP_FROZEN_PCA128_SVM,7777,5,S000574,RFMID,AMD_WET,AMD_WET,1,0.02012423302098606,0.9784946647801455,0.0013811021988685533
RETFOUND_MAE_CFP_FROZEN_PCA128_SVM,7777,5,S000577,RFMID,AMD_WET,AMD_WET,1,5.611074441560203e-07,0.9996415855560399,0.0003578533365158785
RETFOUND_MAE_CFP_FROZEN_PCA128_SVM,7777,5,S000581,RFMID,AMD_WET,AMD_WET,1,0.0038281357173408203,0.99536330738612,0.0008085568965391359
RETFOUND_MAE_CFP_FROZEN_PCA128_SVM,7777,5,S000585,RFMID,AMD_WET,AMD_WET,1,0.0020578258984186026,0.9979301240824133,1.2050019167913326e-05
RETFOUND_MAE_CFP_FROZEN_PCA128_SVM,7777,5,S000588,RFMID,AMD_WET,AMD_DRY,0,0.6710789572173717,0.3119418327397833,0.016979210042845094
