sample_id,outer_fold,class_label,true_source,method,predicted_source,correct
S000002,1,AMD_DRY,ADAM,MAJORITY_SOURCE,ODIR,0
S000003,1,AMD_DRY,ADAM,MAJORITY_SOURCE,ODIR,0
S000010,1,AMD_DRY,ADAM,MAJORITY_SOURCE,ODIR,0
S000013,1,AMD_DRY,ADAM,MAJORITY_SOURCE,ODIR,0
S000019,1,AMD_DRY,ADAM,MAJORITY_SOURCE,ODIR,0
S000026,1,AMD_DRY,ADAM,MAJORITY_SOURCE,ODIR,0
S000032,1,AMD_DRY,ADAM,MAJORITY_SOURCE,ODIR,0
S000040,1,AMD_WET,ADAM,MAJORITY_SOURCE,ODIR,0
S000045,1,AMD_WET,ADAM,MAJORITY_SOURCE,ODIR,0
S000047,1,AMD_WET,ADAM,MAJORITY_SOURCE,ODIR,0
S000051,1,AMD_WET,ADAM,MAJORITY_SOURCE,ODIR,0
S000062,1,NORMAL,FIVES,MAJORITY_SOURCE,ODIR,0
S000064,1,NORMAL,FIVES,MAJORITY_SOURCE,ODIR,0
S000071,1,NORMAL,FIVES,MAJORITY_SOURCE,ODIR,0
S000072,1,NORMAL,FIVES,MAJORITY_SOURCE,ODIR,0
S000083,1,NORMAL,FIVES,MAJORITY_SOURCE,ODIR,0
S000085,1,NORMAL,FIVES,MAJORITY_SOURCE,ODIR,0
S000090,1,NORMAL,FIVES,MAJORITY_SOURCE,ODIR,0
S000093,1,NORMAL,FIVES,MAJORITY_SOURCE,ODIR,0
S000101,1,NORMAL,FIVES,MAJORITY_SOURCE,ODIR,0
S000105,1,NORMAL,FIVES,MAJORITY_SOURCE,ODIR,0
S000106,1,NORMAL,FIVES,MAJORITY_SOURCE,ODIR,0
S000107,1,NORMAL,FIVES,MAJORITY_SOURCE,ODIR,0
S000111,1,NORMAL,FIVES,MAJORITY_SOURCE,ODIR,0
S000114,1,NORMAL,FIVES,MAJORITY_SOURCE,ODIR,0
S000123,1,NORMAL,FIVES,MAJORITY_SOURCE,ODIR,0
S000124,1,NORMAL,FIVES,MAJORITY_SOURCE,ODIR,0
S000126,1,NORMAL,FIVES,MAJORITY_SOURCE,ODIR,0
S000136,1,NORMAL,FIVES,MAJORITY_SOURCE,ODIR,0
S000142,1,NORMAL,FIVES,MAJORITY_SOURCE,ODIR,0
S000143,1,NORMAL,FIVES,MAJORITY_SOURCE,ODIR,0
S000157,1,AMD_DRY,FIVES,MAJORITY_SOURCE,ODIR,0
S000165,1,AMD_DRY,FIVES,MAJORITY_SOURCE,ODIR,0
S000166,1,AMD_DRY,FIVES,MAJORITY_SOURCE,ODIR,0
S000171,1,AMD_WET,FIVES,MAJORITY_SOURCE,ODIR,0
S000175,1,AMD_WET,FIVES,MAJORITY_SOURCE,ODIR,0
S000181,1,AMD_WET,FIVES,MAJORITY_SOURCE,ODIR,0
S000196,1,AMD_WET,FIVES,MAJORITY_SOURCE,ODIR,0
S000197,1,AMD_WET,FIVES,MAJORITY_SOURCE,ODIR,0
S000198,1,AMD_WET,FIVES,MAJORITY_SOURCE,ODIR,0
S000199,1,AMD_WET,FIVES,MAJORITY_SOURCE,ODIR,0
S000209,1,AMD_WET,FIVES,MAJORITY_SOURCE,ODIR,0
S000214,1,AMD_WET,FIVES,MAJORITY_SOURCE,ODIR,0
S000221,1,AMD_WET,FIVES,MAJORITY_SOURCE,ODIR,0
S000223,1,AMD_WET,FIVES,MAJORITY_SOURCE,ODIR,0
S000228,1,AMD_WET,FIVES,MAJORITY_SOURCE,ODIR,0
S000231,1,AMD_WET,FIVES,MAJORITY_SOURCE,ODIR,0
S000240,1,NORMAL,ODIR,MAJORITY_SOURCE,ODIR,1
S000252,1,NORMAL,ODIR,MAJORITY_SOURCE,ODIR,1
S000255,1,NORMAL,ODIR,MAJORITY_SOURCE,ODIR,1
S000256,1,NORMAL,ODIR,MAJORITY_SOURCE,ODIR,1
S000258,1,NORMAL,ODIR,MAJORITY_SOURCE,ODIR,1
S000264,1,NORMAL,ODIR,MAJORITY_SOURCE,ODIR,1
S000265,1,NORMAL,ODIR,MAJORITY_SOURCE,ODIR,1
S000267,1,NORMAL,ODIR,MAJORITY_SOURCE,ODIR,1
S000268,1,NORMAL,ODIR,MAJORITY_SOURCE,ODIR,1
S000274,1,NORMAL,ODIR,MAJORITY_SOURCE,ODIR,1
S000275,1,NORMAL,ODIR,MAJORITY_SOURCE,ODIR,1
S000282,1,NORMAL,ODIR,MAJORITY_SOURCE,ODIR,1
S000291,1,NORMAL,ODIR,MAJORITY_SOURCE,ODIR,1
S000298,1,NORMAL,ODIR,MAJORITY_SOURCE,ODIR,1
S000307,1,NORMAL,ODIR,MAJORITY_SOURCE,ODIR,1
S000317,1,NORMAL,ODIR,MAJORITY_SOURCE,ODIR,1
S000318,1,NORMAL,ODIR,MAJORITY_SOURCE,ODIR,1
S000321,1,NORMAL,ODIR,MAJORITY_SOURCE,ODIR,1
S000326,1,NORMAL,ODIR,MAJORITY_SOURCE,ODIR,1
S000327,1,NORMAL,ODIR,MAJORITY_SOURCE,ODIR,1
S000329,1,NORMAL,ODIR,MAJORITY_SOURCE,ODIR,1
S000333,1,NORMAL,ODIR,MAJORITY_SOURCE,ODIR,1
S000349,1,NORMAL,ODIR,MAJORITY_SOURCE,ODIR,1
S000351,1,NORMAL,ODIR,MAJORITY_SOURCE,ODIR,1
S000356,1,NORMAL,ODIR,MAJORITY_SOURCE,ODIR,1
S000382,1,AMD_DRY,ODIR,MAJORITY_SOURCE,ODIR,1
S000387,1,AMD_DRY,ODIR,MAJORITY_SOURCE,ODIR,1
S000388,1,AMD_DRY,ODIR,MAJORITY_SOURCE,ODIR,1
S000397,1,AMD_DRY,ODIR,MAJORITY_SOURCE,ODIR,1
S000405,1,AMD_DRY,ODIR,MAJORITY_SOURCE,ODIR,1
S000408,1,AMD_DRY,ODIR,MAJORITY_SOURCE,ODIR,1
S000413,1,AMD_DRY,ODIR,MAJORITY_SOURCE,ODIR,1
S000414,1,AMD_DRY,ODIR,MAJORITY_SOURCE,ODIR,1
S000415,1,AMD_DRY,ODIR,MAJORITY_SOURCE,ODIR,1
S000421,1,AMD_DRY,ODIR,MAJORITY_SOURCE,ODIR,1
S000422,1,AMD_DRY,ODIR,MAJORITY_SOURCE,ODIR,1
S000429,1,AMD_DRY,ODIR,MAJORITY_SOURCE,ODIR,1
S000431,1,AMD_DRY,ODIR,MAJORITY_SOURCE,ODIR,1
S000432,1,AMD_DRY,ODIR,MAJORITY_SOURCE,ODIR,1
S000433,1,AMD_DRY,ODIR,MAJORITY_SOURCE,ODIR,1
S000436,1,AMD_DRY,ODIR,MAJORITY_SOURCE,ODIR,1
S000437,1,AMD_DRY,ODIR,MAJORITY_SOURCE,ODIR,1
S000446,1,AMD_WET,ODIR,MAJORITY_SOURCE,ODIR,1
S000450,1,AMD_WET,ODIR,MAJORITY_SOURCE,ODIR,1
S000452,1,AMD_WET,ODIR,MAJORITY_SOURCE,ODIR,1
S000454,1,AMD_WET,ODIR,MAJORITY_SOURCE,ODIR,1
S000467,1,AMD_WET,ODIR,MAJORITY_SOURCE,ODIR,1
S000477,1,NORMAL,RFMID,MAJORITY_SOURCE,ODIR,0
S000480,1,NORMAL,RFMID,MAJORITY_SOURCE,ODIR,0
S000484,1,NORMAL,RFMID,MAJORITY_SOURCE,ODIR,0
S000485,1,NORMAL,RFMID,MAJORITY_SOURCE,ODIR,0
S000491,1,NORMAL,RFMID,MAJORITY_SOURCE,ODIR,0
S000493,1,NORMAL,RFMID,MAJORITY_SOURCE,ODIR,0
S000504,1,NORMAL,RFMID,MAJORITY_SOURCE,ODIR,0
S000506,1,NORMAL,RFMID,MAJORITY_SOURCE,ODIR,0
S000507,1,NORMAL,RFMID,MAJORITY_SOURCE,ODIR,0
S000515,1,NORMAL,RFMID,MAJORITY_SOURCE,ODIR,0
S000522,1,NORMAL,RFMID,MAJORITY_SOURCE,ODIR,0
S000527,1,NORMAL,RFMID,MAJORITY_SOURCE,ODIR,0
S000529,1,NORMAL,RFMID,MAJORITY_SOURCE,ODIR,0
S000542,1,AMD_DRY,RFMID,MAJORITY_SOURCE,ODIR,0
S000545,1,AMD_WET,RFMID,MAJORITY_SOURCE,ODIR,0
S000552,1,AMD_WET,RFMID,MAJORITY_SOURCE,ODIR,0
S000553,1,AMD_WET,RFMID,MAJORITY_SOURCE,ODIR,0
S000565,1,AMD_WET,RFMID,MAJORITY_SOURCE,ODIR,0
S000576,1,AMD_WET,RFMID,MAJORITY_SOURCE,ODIR,0
S000578,1,AMD_WET,RFMID,MAJORITY_SOURCE,ODIR,0
S000580,1,AMD_WET,RFMID,MAJORITY_SOURCE,ODIR,0
S000583,1,AMD_WET,RFMID,MAJORITY_SOURCE,ODIR,0
S000584,1,AMD_WET,RFMID,MAJORITY_SOURCE,ODIR,0
S000589,1,AMD_WET,RFMID,MAJORITY_SOURCE,ODIR,0
S000591,1,AMD_WET,RFMID,MAJORITY_SOURCE,ODIR,0
S000002,1,AMD_DRY,ADAM,DISEASE_LABEL_ONLY,ADAM,1
S000003,1,AMD_DRY,ADAM,DISEASE_LABEL_ONLY,ADAM,1
S000010,1,AMD_DRY,ADAM,DISEASE_LABEL_ONLY,ADAM,1
S000013,1,AMD_DRY,ADAM,DISEASE_LABEL_ONLY,ADAM,1
S000019,1,AMD_DRY,ADAM,DISEASE_LABEL_ONLY,ADAM,1
S000026,1,AMD_DRY,ADAM,DISEASE_LABEL_ONLY,ADAM,1
S000032,1,AMD_DRY,ADAM,DISEASE_LABEL_ONLY,ADAM,1
S000040,1,AMD_WET,ADAM,DISEASE_LABEL_ONLY,RFMID,0
S000045,1,AMD_WET,ADAM,DISEASE_LABEL_ONLY,RFMID,0
S000047,1,AMD_WET,ADAM,DISEASE_LABEL_ONLY,RFMID,0
S000051,1,AMD_WET,ADAM,DISEASE_LABEL_ONLY,RFMID,0
S000062,1,NORMAL,FIVES,DISEASE_LABEL_ONLY,FIVES,1
S000064,1,NORMAL,FIVES,DISEASE_LABEL_ONLY,FIVES,1
S000071,1,NORMAL,FIVES,DISEASE_LABEL_ONLY,FIVES,1
S000072,1,NORMAL,FIVES,DISEASE_LABEL_ONLY,FIVES,1
S000083,1,NORMAL,FIVES,DISEASE_LABEL_ONLY,FIVES,1
S000085,1,NORMAL,FIVES,DISEASE_LABEL_ONLY,FIVES,1
S000090,1,NORMAL,FIVES,DISEASE_LABEL_ONLY,FIVES,1
S000093,1,NORMAL,FIVES,DISEASE_LABEL_ONLY,FIVES,1
S000101,1,NORMAL,FIVES,DISEASE_LABEL_ONLY,FIVES,1
S000105,1,NORMAL,FIVES,DISEASE_LABEL_ONLY,FIVES,1
S000106,1,NORMAL,FIVES,DISEASE_LABEL_ONLY,FIVES,1
S000107,1,NORMAL,FIVES,DISEASE_LABEL_ONLY,FIVES,1
S000111,1,NORMAL,FIVES,DISEASE_LABEL_ONLY,FIVES,1
S000114,1,NORMAL,FIVES,DISEASE_LABEL_ONLY,FIVES,1
S000123,1,NORMAL,FIVES,DISEASE_LABEL_ONLY,FIVES,1
S000124,1,NORMAL,FIVES,DISEASE_LABEL_ONLY,FIVES,1
S000126,1,NORMAL,FIVES,DISEASE_LABEL_ONLY,FIVES,1
S000136,1,NORMAL,FIVES,DISEASE_LABEL_ONLY,FIVES,1
S000142,1,NORMAL,FIVES,DISEASE_LABEL_ONLY,FIVES,1
S000143,1,NORMAL,FIVES,DISEASE_LABEL_ONLY,FIVES,1
S000157,1,AMD_DRY,FIVES,DISEASE_LABEL_ONLY,ADAM,0
S000165,1,AMD_DRY,FIVES,DISEASE_LABEL_ONLY,ADAM,0
S000166,1,AMD_DRY,FIVES,DISEASE_LABEL_ONLY,ADAM,0
S000171,1,AMD_WET,FIVES,DISEASE_LABEL_ONLY,RFMID,0
S000175,1,AMD_WET,FIVES,DISEASE_LABEL_ONLY,RFMID,0
S000181,1,AMD_WET,FIVES,DISEASE_LABEL_ONLY,RFMID,0
S000196,1,AMD_WET,FIVES,DISEASE_LABEL_ONLY,RFMID,0
S000197,1,AMD_WET,FIVES,DISEASE_LABEL_ONLY,RFMID,0
S000198,1,AMD_WET,FIVES,DISEASE_LABEL_ONLY,RFMID,0
S000199,1,AMD_WET,FIVES,DISEASE_LABEL_ONLY,RFMID,0
S000209,1,AMD_WET,FIVES,DISEASE_LABEL_ONLY,RFMID,0
S000214,1,AMD_WET,FIVES,DISEASE_LABEL_ONLY,RFMID,0
S000221,1,AMD_WET,FIVES,DISEASE_LABEL_ONLY,RFMID,0
S000223,1,AMD_WET,FIVES,DISEASE_LABEL_ONLY,RFMID,0
S000228,1,AMD_WET,FIVES,DISEASE_LABEL_ONLY,RFMID,0
S000231,1,AMD_WET,FIVES,DISEASE_LABEL_ONLY,RFMID,0
S000240,1,NORMAL,ODIR,DISEASE_LABEL_ONLY,FIVES,0
S000252,1,NORMAL,ODIR,DISEASE_LABEL_ONLY,FIVES,0
S000255,1,NORMAL,ODIR,DISEASE_LABEL_ONLY,FIVES,0
S000256,1,NORMAL,ODIR,DISEASE_LABEL_ONLY,FIVES,0
S000258,1,NORMAL,ODIR,DISEASE_LABEL_ONLY,FIVES,0
S000264,1,NORMAL,ODIR,DISEASE_LABEL_ONLY,FIVES,0
S000265,1,NORMAL,ODIR,DISEASE_LABEL_ONLY,FIVES,0
S000267,1,NORMAL,ODIR,DISEASE_LABEL_ONLY,FIVES,0
S000268,1,NORMAL,ODIR,DISEASE_LABEL_ONLY,FIVES,0
S000274,1,NORMAL,ODIR,DISEASE_LABEL_ONLY,FIVES,0
S000275,1,NORMAL,ODIR,DISEASE_LABEL_ONLY,FIVES,0
S000282,1,NORMAL,ODIR,DISEASE_LABEL_ONLY,FIVES,0
S000291,1,NORMAL,ODIR,DISEASE_LABEL_ONLY,FIVES,0
S000298,1,NORMAL,ODIR,DISEASE_LABEL_ONLY,FIVES,0
S000307,1,NORMAL,ODIR,DISEASE_LABEL_ONLY,FIVES,0
S000317,1,NORMAL,ODIR,DISEASE_LABEL_ONLY,FIVES,0
S000318,1,NORMAL,ODIR,DISEASE_LABEL_ONLY,FIVES,0
S000321,1,NORMAL,ODIR,DISEASE_LABEL_ONLY,FIVES,0
S000326,1,NORMAL,ODIR,DISEASE_LABEL_ONLY,FIVES,0
S000327,1,NORMAL,ODIR,DISEASE_LABEL_ONLY,FIVES,0
S000329,1,NORMAL,ODIR,DISEASE_LABEL_ONLY,FIVES,0
S000333,1,NORMAL,ODIR,DISEASE_LABEL_ONLY,FIVES,0
S000349,1,NORMAL,ODIR,DISEASE_LABEL_ONLY,FIVES,0
S000351,1,NORMAL,ODIR,DISEASE_LABEL_ONLY,FIVES,0
S000356,1,NORMAL,ODIR,DISEASE_LABEL_ONLY,FIVES,0
S000382,1,AMD_DRY,ODIR,DISEASE_LABEL_ONLY,ADAM,0
S000387,1,AMD_DRY,ODIR,DISEASE_LABEL_ONLY,ADAM,0
S000388,1,AMD_DRY,ODIR,DISEASE_LABEL_ONLY,ADAM,0
S000397,1,AMD_DRY,ODIR,DISEASE_LABEL_ONLY,ADAM,0
S000405,1,AMD_DRY,ODIR,DISEASE_LABEL_ONLY,ADAM,0
S000408,1,AMD_DRY,ODIR,DISEASE_LABEL_ONLY,ADAM,0
S000413,1,AMD_DRY,ODIR,DISEASE_LABEL_ONLY,ADAM,0
S000414,1,AMD_DRY,ODIR,DISEASE_LABEL_ONLY,ADAM,0
S000415,1,AMD_DRY,ODIR,DISEASE_LABEL_ONLY,ADAM,0
S000421,1,AMD_DRY,ODIR,DISEASE_LABEL_ONLY,ADAM,0
S000422,1,AMD_DRY,ODIR,DISEASE_LABEL_ONLY,ADAM,0
S000429,1,AMD_DRY,ODIR,DISEASE_LABEL_ONLY,ADAM,0
S000431,1,AMD_DRY,ODIR,DISEASE_LABEL_ONLY,ADAM,0
S000432,1,AMD_DRY,ODIR,DISEASE_LABEL_ONLY,ADAM,0
S000433,1,AMD_DRY,ODIR,DISEASE_LABEL_ONLY,ADAM,0
S000436,1,AMD_DRY,ODIR,DISEASE_LABEL_ONLY,ADAM,0
S000437,1,AMD_DRY,ODIR,DISEASE_LABEL_ONLY,ADAM,0
S000446,1,AMD_WET,ODIR,DISEASE_LABEL_ONLY,RFMID,0
S000450,1,AMD_WET,ODIR,DISEASE_LABEL_ONLY,RFMID,0
S000452,1,AMD_WET,ODIR,DISEASE_LABEL_ONLY,RFMID,0
S000454,1,AMD_WET,ODIR,DISEASE_LABEL_ONLY,RFMID,0
S000467,1,AMD_WET,ODIR,DISEASE_LABEL_ONLY,RFMID,0
S000477,1,NORMAL,RFMID,DISEASE_LABEL_ONLY,FIVES,0
S000480,1,NORMAL,RFMID,DISEASE_LABEL_ONLY,FIVES,0
S000484,1,NORMAL,RFMID,DISEASE_LABEL_ONLY,FIVES,0
S000485,1,NORMAL,RFMID,DISEASE_LABEL_ONLY,FIVES,0
S000491,1,NORMAL,RFMID,DISEASE_LABEL_ONLY,FIVES,0
S000493,1,NORMAL,RFMID,DISEASE_LABEL_ONLY,FIVES,0
S000504,1,NORMAL,RFMID,DISEASE_LABEL_ONLY,FIVES,0
S000506,1,NORMAL,RFMID,DISEASE_LABEL_ONLY,FIVES,0
S000507,1,NORMAL,RFMID,DISEASE_LABEL_ONLY,FIVES,0
S000515,1,NORMAL,RFMID,DISEASE_LABEL_ONLY,FIVES,0
S000522,1,NORMAL,RFMID,DISEASE_LABEL_ONLY,FIVES,0
S000527,1,NORMAL,RFMID,DISEASE_LABEL_ONLY,FIVES,0
S000529,1,NORMAL,RFMID,DISEASE_LABEL_ONLY,FIVES,0
S000542,1,AMD_DRY,RFMID,DISEASE_LABEL_ONLY,ADAM,0
S000545,1,AMD_WET,RFMID,DISEASE_LABEL_ONLY,RFMID,1
S000552,1,AMD_WET,RFMID,DISEASE_LABEL_ONLY,RFMID,1
S000553,1,AMD_WET,RFMID,DISEASE_LABEL_ONLY,RFMID,1
S000565,1,AMD_WET,RFMID,DISEASE_LABEL_ONLY,RFMID,1
S000576,1,AMD_WET,RFMID,DISEASE_LABEL_ONLY,RFMID,1
S000578,1,AMD_WET,RFMID,DISEASE_LABEL_ONLY,RFMID,1
S000580,1,AMD_WET,RFMID,DISEASE_LABEL_ONLY,RFMID,1
S000583,1,AMD_WET,RFMID,DISEASE_LABEL_ONLY,RFMID,1
S000584,1,AMD_WET,RFMID,DISEASE_LABEL_ONLY,RFMID,1
S000589,1,AMD_WET,RFMID,DISEASE_LABEL_ONLY,RFMID,1
S000591,1,AMD_WET,RFMID,DISEASE_LABEL_ONLY,RFMID,1
S000002,1,AMD_DRY,ADAM,HANDCRAFTED32,ADAM,1
S000003,1,AMD_DRY,ADAM,HANDCRAFTED32,ADAM,1
S000010,1,AMD_DRY,ADAM,HANDCRAFTED32,ADAM,1
S000013,1,AMD_DRY,ADAM,HANDCRAFTED32,ADAM,1
S000019,1,AMD_DRY,ADAM,HANDCRAFTED32,ADAM,1
S000026,1,AMD_DRY,ADAM,HANDCRAFTED32,FIVES,0
S000032,1,AMD_DRY,ADAM,HANDCRAFTED32,ADAM,1
S000040,1,AMD_WET,ADAM,HANDCRAFTED32,ADAM,1
S000045,1,AMD_WET,ADAM,HANDCRAFTED32,ADAM,1
S000047,1,AMD_WET,ADAM,HANDCRAFTED32,ADAM,1
S000051,1,AMD_WET,ADAM,HANDCRAFTED32,ADAM,1
S000062,1,NORMAL,FIVES,HANDCRAFTED32,FIVES,1
S000064,1,NORMAL,FIVES,HANDCRAFTED32,FIVES,1
S000071,1,NORMAL,FIVES,HANDCRAFTED32,FIVES,1
S000072,1,NORMAL,FIVES,HANDCRAFTED32,FIVES,1
S000083,1,NORMAL,FIVES,HANDCRAFTED32,FIVES,1
S000085,1,NORMAL,FIVES,HANDCRAFTED32,FIVES,1
S000090,1,NORMAL,FIVES,HANDCRAFTED32,FIVES,1
S000093,1,NORMAL,FIVES,HANDCRAFTED32,FIVES,1
S000101,1,NORMAL,FIVES,HANDCRAFTED32,FIVES,1
S000105,1,NORMAL,FIVES,HANDCRAFTED32,FIVES,1
S000106,1,NORMAL,FIVES,HANDCRAFTED32,FIVES,1
S000107,1,NORMAL,FIVES,HANDCRAFTED32,FIVES,1
S000111,1,NORMAL,FIVES,HANDCRAFTED32,FIVES,1
S000114,1,NORMAL,FIVES,HANDCRAFTED32,FIVES,1
S000123,1,NORMAL,FIVES,HANDCRAFTED32,FIVES,1
S000124,1,NORMAL,FIVES,HANDCRAFTED32,FIVES,1
S000126,1,NORMAL,FIVES,HANDCRAFTED32,FIVES,1
S000136,1,NORMAL,FIVES,HANDCRAFTED32,FIVES,1
S000142,1,NORMAL,FIVES,HANDCRAFTED32,FIVES,1
S000143,1,NORMAL,FIVES,HANDCRAFTED32,FIVES,1
S000157,1,AMD_DRY,FIVES,HANDCRAFTED32,FIVES,1
S000165,1,AMD_DRY,FIVES,HANDCRAFTED32,ODIR,0
S000166,1,AMD_DRY,FIVES,HANDCRAFTED32,FIVES,1
S000171,1,AMD_WET,FIVES,HANDCRAFTED32,FIVES,1
S000175,1,AMD_WET,FIVES,HANDCRAFTED32,FIVES,1
S000181,1,AMD_WET,FIVES,HANDCRAFTED32,ADAM,0
S000196,1,AMD_WET,FIVES,HANDCRAFTED32,FIVES,1
S000197,1,AMD_WET,FIVES,HANDCRAFTED32,FIVES,1
S000198,1,AMD_WET,FIVES,HANDCRAFTED32,FIVES,1
S000199,1,AMD_WET,FIVES,HANDCRAFTED32,FIVES,1
S000209,1,AMD_WET,FIVES,HANDCRAFTED32,FIVES,1
S000214,1,AMD_WET,FIVES,HANDCRAFTED32,FIVES,1
S000221,1,AMD_WET,FIVES,HANDCRAFTED32,FIVES,1
S000223,1,AMD_WET,FIVES,HANDCRAFTED32,FIVES,1
S000228,1,AMD_WET,FIVES,HANDCRAFTED32,ADAM,0
S000231,1,AMD_WET,FIVES,HANDCRAFTED32,RFMID,0
S000240,1,NORMAL,ODIR,HANDCRAFTED32,ODIR,1
S000252,1,NORMAL,ODIR,HANDCRAFTED32,ODIR,1
S000255,1,NORMAL,ODIR,HANDCRAFTED32,ODIR,1
S000256,1,NORMAL,ODIR,HANDCRAFTED32,ODIR,1
S000258,1,NORMAL,ODIR,HANDCRAFTED32,ODIR,1
S000264,1,NORMAL,ODIR,HANDCRAFTED32,ODIR,1
S000265,1,NORMAL,ODIR,HANDCRAFTED32,FIVES,0
S000267,1,NORMAL,ODIR,HANDCRAFTED32,ODIR,1
S000268,1,NORMAL,ODIR,HANDCRAFTED32,ODIR,1
S000274,1,NORMAL,ODIR,HANDCRAFTED32,ODIR,1
S000275,1,NORMAL,ODIR,HANDCRAFTED32,ODIR,1
S000282,1,NORMAL,ODIR,HANDCRAFTED32,FIVES,0
S000291,1,NORMAL,ODIR,HANDCRAFTED32,ODIR,1
S000298,1,NORMAL,ODIR,HANDCRAFTED32,RFMID,0
S000307,1,NORMAL,ODIR,HANDCRAFTED32,ODIR,1
S000317,1,NORMAL,ODIR,HANDCRAFTED32,ODIR,1
S000318,1,NORMAL,ODIR,HANDCRAFTED32,ODIR,1
S000321,1,NORMAL,ODIR,HANDCRAFTED32,ODIR,1
S000326,1,NORMAL,ODIR,HANDCRAFTED32,ODIR,1
S000327,1,NORMAL,ODIR,HANDCRAFTED32,ODIR,1
S000329,1,NORMAL,ODIR,HANDCRAFTED32,ADAM,0
S000333,1,NORMAL,ODIR,HANDCRAFTED32,ADAM,0
S000349,1,NORMAL,ODIR,HANDCRAFTED32,FIVES,0
S000351,1,NORMAL,ODIR,HANDCRAFTED32,ODIR,1
S000356,1,NORMAL,ODIR,HANDCRAFTED32,ODIR,1
S000382,1,AMD_DRY,ODIR,HANDCRAFTED32,FIVES,0
S000387,1,AMD_DRY,ODIR,HANDCRAFTED32,ODIR,1
S000388,1,AMD_DRY,ODIR,HANDCRAFTED32,ODIR,1
S000397,1,AMD_DRY,ODIR,HANDCRAFTED32,ODIR,1
S000405,1,AMD_DRY,ODIR,HANDCRAFTED32,ODIR,1
S000408,1,AMD_DRY,ODIR,HANDCRAFTED32,ODIR,1
S000413,1,AMD_DRY,ODIR,HANDCRAFTED32,ODIR,1
S000414,1,AMD_DRY,ODIR,HANDCRAFTED32,ODIR,1
S000415,1,AMD_DRY,ODIR,HANDCRAFTED32,ADAM,0
S000421,1,AMD_DRY,ODIR,HANDCRAFTED32,ODIR,1
S000422,1,AMD_DRY,ODIR,HANDCRAFTED32,ODIR,1
S000429,1,AMD_DRY,ODIR,HANDCRAFTED32,ODIR,1
S000431,1,AMD_DRY,ODIR,HANDCRAFTED32,ODIR,1
S000432,1,AMD_DRY,ODIR,HANDCRAFTED32,ODIR,1
S000433,1,AMD_DRY,ODIR,HANDCRAFTED32,ODIR,1
S000436,1,AMD_DRY,ODIR,HANDCRAFTED32,ODIR,1
S000437,1,AMD_DRY,ODIR,HANDCRAFTED32,ODIR,1
S000446,1,AMD_WET,ODIR,HANDCRAFTED32,ODIR,1
S000450,1,AMD_WET,ODIR,HANDCRAFTED32,RFMID,0
S000452,1,AMD_WET,ODIR,HANDCRAFTED32,ODIR,1
S000454,1,AMD_WET,ODIR,HANDCRAFTED32,ADAM,0
S000467,1,AMD_WET,ODIR,HANDCRAFTED32,FIVES,0
S000477,1,NORMAL,RFMID,HANDCRAFTED32,RFMID,1
S000480,1,NORMAL,RFMID,HANDCRAFTED32,RFMID,1
S000484,1,NORMAL,RFMID,HANDCRAFTED32,RFMID,1
S000485,1,NORMAL,RFMID,HANDCRAFTED32,RFMID,1
S000491,1,NORMAL,RFMID,HANDCRAFTED32,RFMID,1
S000493,1,NORMAL,RFMID,HANDCRAFTED32,RFMID,1
S000504,1,NORMAL,RFMID,HANDCRAFTED32,RFMID,1
S000506,1,NORMAL,RFMID,HANDCRAFTED32,RFMID,1
S000507,1,NORMAL,RFMID,HANDCRAFTED32,RFMID,1
S000515,1,NORMAL,RFMID,HANDCRAFTED32,RFMID,1
S000522,1,NORMAL,RFMID,HANDCRAFTED32,RFMID,1
S000527,1,NORMAL,RFMID,HANDCRAFTED32,RFMID,1
S000529,1,NORMAL,RFMID,HANDCRAFTED32,RFMID,1
S000542,1,AMD_DRY,RFMID,HANDCRAFTED32,RFMID,1
S000545,1,AMD_WET,RFMID,HANDCRAFTED32,RFMID,1
S000552,1,AMD_WET,RFMID,HANDCRAFTED32,RFMID,1
S000553,1,AMD_WET,RFMID,HANDCRAFTED32,RFMID,1
S000565,1,AMD_WET,RFMID,HANDCRAFTED32,RFMID,1
S000576,1,AMD_WET,RFMID,HANDCRAFTED32,RFMID,1
S000578,1,AMD_WET,RFMID,HANDCRAFTED32,RFMID,1
S000580,1,AMD_WET,RFMID,HANDCRAFTED32,RFMID,1
S000583,1,AMD_WET,RFMID,HANDCRAFTED32,RFMID,1
S000584,1,AMD_WET,RFMID,HANDCRAFTED32,FIVES,0
S000589,1,AMD_WET,RFMID,HANDCRAFTED32,RFMID,1
S000591,1,AMD_WET,RFMID,HANDCRAFTED32,RFMID,1
S000002,1,AMD_DRY,ADAM,VIT768,ADAM,1
S000003,1,AMD_DRY,ADAM,VIT768,ADAM,1
S000010,1,AMD_DRY,ADAM,VIT768,ADAM,1
S000013,1,AMD_DRY,ADAM,VIT768,ODIR,0
S000019,1,AMD_DRY,ADAM,VIT768,ADAM,1
S000026,1,AMD_DRY,ADAM,VIT768,FIVES,0
S000032,1,AMD_DRY,ADAM,VIT768,ODIR,0
S000040,1,AMD_WET,ADAM,VIT768,ADAM,1
S000045,1,AMD_WET,ADAM,VIT768,ODIR,0
S000047,1,AMD_WET,ADAM,VIT768,ADAM,1
S000051,1,AMD_WET,ADAM,VIT768,ODIR,0
S000062,1,NORMAL,FIVES,VIT768,FIVES,1
S000064,1,NORMAL,FIVES,VIT768,FIVES,1
S000071,1,NORMAL,FIVES,VIT768,FIVES,1
S000072,1,NORMAL,FIVES,VIT768,FIVES,1
S000083,1,NORMAL,FIVES,VIT768,FIVES,1
S000085,1,NORMAL,FIVES,VIT768,FIVES,1
S000090,1,NORMAL,FIVES,VIT768,FIVES,1
S000093,1,NORMAL,FIVES,VIT768,FIVES,1
S000101,1,NORMAL,FIVES,VIT768,FIVES,1
S000105,1,NORMAL,FIVES,VIT768,FIVES,1
S000106,1,NORMAL,FIVES,VIT768,FIVES,1
S000107,1,NORMAL,FIVES,VIT768,FIVES,1
S000111,1,NORMAL,FIVES,VIT768,FIVES,1
S000114,1,NORMAL,FIVES,VIT768,FIVES,1
S000123,1,NORMAL,FIVES,VIT768,FIVES,1
S000124,1,NORMAL,FIVES,VIT768,FIVES,1
S000126,1,NORMAL,FIVES,VIT768,FIVES,1
S000136,1,NORMAL,FIVES,VIT768,FIVES,1
S000142,1,NORMAL,FIVES,VIT768,FIVES,1
S000143,1,NORMAL,FIVES,VIT768,FIVES,1
S000157,1,AMD_DRY,FIVES,VIT768,FIVES,1
S000165,1,AMD_DRY,FIVES,VIT768,FIVES,1
S000166,1,AMD_DRY,FIVES,VIT768,ODIR,0
S000171,1,AMD_WET,FIVES,VIT768,FIVES,1
S000175,1,AMD_WET,FIVES,VIT768,FIVES,1
S000181,1,AMD_WET,FIVES,VIT768,FIVES,1
S000196,1,AMD_WET,FIVES,VIT768,FIVES,1
S000197,1,AMD_WET,FIVES,VIT768,FIVES,1
S000198,1,AMD_WET,FIVES,VIT768,FIVES,1
S000199,1,AMD_WET,FIVES,VIT768,FIVES,1
S000209,1,AMD_WET,FIVES,VIT768,RFMID,0
S000214,1,AMD_WET,FIVES,VIT768,FIVES,1
S000221,1,AMD_WET,FIVES,VIT768,FIVES,1
S000223,1,AMD_WET,FIVES,VIT768,FIVES,1
S000228,1,AMD_WET,FIVES,VIT768,RFMID,0
S000231,1,AMD_WET,FIVES,VIT768,FIVES,1
S000240,1,NORMAL,ODIR,VIT768,ODIR,1
S000252,1,NORMAL,ODIR,VIT768,ODIR,1
S000255,1,NORMAL,ODIR,VIT768,ODIR,1
S000256,1,NORMAL,ODIR,VIT768,ODIR,1
S000258,1,NORMAL,ODIR,VIT768,ODIR,1
S000264,1,NORMAL,ODIR,VIT768,ODIR,1
S000265,1,NORMAL,ODIR,VIT768,ODIR,1
S000267,1,NORMAL,ODIR,VIT768,ODIR,1
S000268,1,NORMAL,ODIR,VIT768,ODIR,1
S000274,1,NORMAL,ODIR,VIT768,ODIR,1
S000275,1,NORMAL,ODIR,VIT768,ODIR,1
S000282,1,NORMAL,ODIR,VIT768,ODIR,1
S000291,1,NORMAL,ODIR,VIT768,ODIR,1
S000298,1,NORMAL,ODIR,VIT768,ODIR,1
S000307,1,NORMAL,ODIR,VIT768,ODIR,1
S000317,1,NORMAL,ODIR,VIT768,ODIR,1
S000318,1,NORMAL,ODIR,VIT768,ODIR,1
S000321,1,NORMAL,ODIR,VIT768,ODIR,1
S000326,1,NORMAL,ODIR,VIT768,ODIR,1
S000327,1,NORMAL,ODIR,VIT768,ODIR,1
S000329,1,NORMAL,ODIR,VIT768,ODIR,1
S000333,1,NORMAL,ODIR,VIT768,ODIR,1
S000349,1,NORMAL,ODIR,VIT768,ODIR,1
S000351,1,NORMAL,ODIR,VIT768,ODIR,1
S000356,1,NORMAL,ODIR,VIT768,ODIR,1
S000382,1,AMD_DRY,ODIR,VIT768,ADAM,0
S000387,1,AMD_DRY,ODIR,VIT768,ODIR,1
S000388,1,AMD_DRY,ODIR,VIT768,ODIR,1
S000397,1,AMD_DRY,ODIR,VIT768,ODIR,1
S000405,1,AMD_DRY,ODIR,VIT768,ODIR,1
S000408,1,AMD_DRY,ODIR,VIT768,ODIR,1
S000413,1,AMD_DRY,ODIR,VIT768,ODIR,1
S000414,1,AMD_DRY,ODIR,VIT768,ODIR,1
S000415,1,AMD_DRY,ODIR,VIT768,ODIR,1
S000421,1,AMD_DRY,ODIR,VIT768,ODIR,1
S000422,1,AMD_DRY,ODIR,VIT768,ODIR,1
S000429,1,AMD_DRY,ODIR,VIT768,ODIR,1
S000431,1,AMD_DRY,ODIR,VIT768,ODIR,1
S000432,1,AMD_DRY,ODIR,VIT768,ODIR,1
S000433,1,AMD_DRY,ODIR,VIT768,ODIR,1
S000436,1,AMD_DRY,ODIR,VIT768,ODIR,1
S000437,1,AMD_DRY,ODIR,VIT768,ODIR,1
S000446,1,AMD_WET,ODIR,VIT768,ODIR,1
S000450,1,AMD_WET,ODIR,VIT768,ODIR,1
S000452,1,AMD_WET,ODIR,VIT768,ODIR,1
S000454,1,AMD_WET,ODIR,VIT768,ODIR,1
S000467,1,AMD_WET,ODIR,VIT768,ODIR,1
S000477,1,NORMAL,RFMID,VIT768,RFMID,1
S000480,1,NORMAL,RFMID,VIT768,RFMID,1
S000484,1,NORMAL,RFMID,VIT768,RFMID,1
S000485,1,NORMAL,RFMID,VIT768,RFMID,1
S000491,1,NORMAL,RFMID,VIT768,RFMID,1
S000493,1,NORMAL,RFMID,VIT768,RFMID,1
S000504,1,NORMAL,RFMID,VIT768,RFMID,1
S000506,1,NORMAL,RFMID,VIT768,RFMID,1
S000507,1,NORMAL,RFMID,VIT768,RFMID,1
S000515,1,NORMAL,RFMID,VIT768,RFMID,1
S000522,1,NORMAL,RFMID,VIT768,RFMID,1
S000527,1,NORMAL,RFMID,VIT768,RFMID,1
S000529,1,NORMAL,RFMID,VIT768,RFMID,1
S000542,1,AMD_DRY,RFMID,VIT768,RFMID,1
S000545,1,AMD_WET,RFMID,VIT768,RFMID,1
S000552,1,AMD_WET,RFMID,VIT768,RFMID,1
S000553,1,AMD_WET,RFMID,VIT768,RFMID,1
S000565,1,AMD_WET,RFMID,VIT768,FIVES,0
S000576,1,AMD_WET,RFMID,VIT768,RFMID,1
S000578,1,AMD_WET,RFMID,VIT768,RFMID,1
S000580,1,AMD_WET,RFMID,VIT768,ADAM,0
S000583,1,AMD_WET,RFMID,VIT768,RFMID,1
S000584,1,AMD_WET,RFMID,VIT768,ODIR,0
S000589,1,AMD_WET,RFMID,VIT768,RFMID,1
S000591,1,AMD_WET,RFMID,VIT768,RFMID,1
S000002,1,AMD_DRY,ADAM,HYBRID800,ADAM,1
S000003,1,AMD_DRY,ADAM,HYBRID800,ADAM,1
S000010,1,AMD_DRY,ADAM,HYBRID800,ADAM,1
S000013,1,AMD_DRY,ADAM,HYBRID800,ODIR,0
S000019,1,AMD_DRY,ADAM,HYBRID800,ADAM,1
S000026,1,AMD_DRY,ADAM,HYBRID800,FIVES,0
S000032,1,AMD_DRY,ADAM,HYBRID800,ODIR,0
S000040,1,AMD_WET,ADAM,HYBRID800,ADAM,1
S000045,1,AMD_WET,ADAM,HYBRID800,ODIR,0
S000047,1,AMD_WET,ADAM,HYBRID800,ADAM,1
S000051,1,AMD_WET,ADAM,HYBRID800,ODIR,0
S000062,1,NORMAL,FIVES,HYBRID800,FIVES,1
S000064,1,NORMAL,FIVES,HYBRID800,FIVES,1
S000071,1,NORMAL,FIVES,HYBRID800,FIVES,1
S000072,1,NORMAL,FIVES,HYBRID800,FIVES,1
S000083,1,NORMAL,FIVES,HYBRID800,FIVES,1
S000085,1,NORMAL,FIVES,HYBRID800,FIVES,1
S000090,1,NORMAL,FIVES,HYBRID800,FIVES,1
S000093,1,NORMAL,FIVES,HYBRID800,FIVES,1
S000101,1,NORMAL,FIVES,HYBRID800,FIVES,1
S000105,1,NORMAL,FIVES,HYBRID800,FIVES,1
S000106,1,NORMAL,FIVES,HYBRID800,FIVES,1
S000107,1,NORMAL,FIVES,HYBRID800,FIVES,1
S000111,1,NORMAL,FIVES,HYBRID800,FIVES,1
S000114,1,NORMAL,FIVES,HYBRID800,FIVES,1
S000123,1,NORMAL,FIVES,HYBRID800,FIVES,1
S000124,1,NORMAL,FIVES,HYBRID800,FIVES,1
S000126,1,NORMAL,FIVES,HYBRID800,FIVES,1
S000136,1,NORMAL,FIVES,HYBRID800,FIVES,1
S000142,1,NORMAL,FIVES,HYBRID800,FIVES,1
S000143,1,NORMAL,FIVES,HYBRID800,FIVES,1
S000157,1,AMD_DRY,FIVES,HYBRID800,FIVES,1
S000165,1,AMD_DRY,FIVES,HYBRID800,FIVES,1
S000166,1,AMD_DRY,FIVES,HYBRID800,ODIR,0
S000171,1,AMD_WET,FIVES,HYBRID800,FIVES,1
S000175,1,AMD_WET,FIVES,HYBRID800,FIVES,1
S000181,1,AMD_WET,FIVES,HYBRID800,FIVES,1
S000196,1,AMD_WET,FIVES,HYBRID800,FIVES,1
S000197,1,AMD_WET,FIVES,HYBRID800,FIVES,1
S000198,1,AMD_WET,FIVES,HYBRID800,FIVES,1
S000199,1,AMD_WET,FIVES,HYBRID800,FIVES,1
S000209,1,AMD_WET,FIVES,HYBRID800,ODIR,0
S000214,1,AMD_WET,FIVES,HYBRID800,FIVES,1
S000221,1,AMD_WET,FIVES,HYBRID800,FIVES,1
S000223,1,AMD_WET,FIVES,HYBRID800,FIVES,1
S000228,1,AMD_WET,FIVES,HYBRID800,RFMID,0
S000231,1,AMD_WET,FIVES,HYBRID800,FIVES,1
S000240,1,NORMAL,ODIR,HYBRID800,ODIR,1
S000252,1,NORMAL,ODIR,HYBRID800,ODIR,1
S000255,1,NORMAL,ODIR,HYBRID800,ODIR,1
S000256,1,NORMAL,ODIR,HYBRID800,ODIR,1
S000258,1,NORMAL,ODIR,HYBRID800,ODIR,1
S000264,1,NORMAL,ODIR,HYBRID800,ODIR,1
S000265,1,NORMAL,ODIR,HYBRID800,ODIR,1
S000267,1,NORMAL,ODIR,HYBRID800,ODIR,1
S000268,1,NORMAL,ODIR,HYBRID800,ODIR,1
S000274,1,NORMAL,ODIR,HYBRID800,ODIR,1
S000275,1,NORMAL,ODIR,HYBRID800,ODIR,1
S000282,1,NORMAL,ODIR,HYBRID800,ODIR,1
S000291,1,NORMAL,ODIR,HYBRID800,ODIR,1
S000298,1,NORMAL,ODIR,HYBRID800,ODIR,1
S000307,1,NORMAL,ODIR,HYBRID800,ODIR,1
S000317,1,NORMAL,ODIR,HYBRID800,ODIR,1
S000318,1,NORMAL,ODIR,HYBRID800,ODIR,1
S000321,1,NORMAL,ODIR,HYBRID800,ODIR,1
S000326,1,NORMAL,ODIR,HYBRID800,ODIR,1
S000327,1,NORMAL,ODIR,HYBRID800,ODIR,1
S000329,1,NORMAL,ODIR,HYBRID800,ODIR,1
S000333,1,NORMAL,ODIR,HYBRID800,ODIR,1
S000349,1,NORMAL,ODIR,HYBRID800,ODIR,1
S000351,1,NORMAL,ODIR,HYBRID800,ODIR,1
S000356,1,NORMAL,ODIR,HYBRID800,ODIR,1
S000382,1,AMD_DRY,ODIR,HYBRID800,ADAM,0
S000387,1,AMD_DRY,ODIR,HYBRID800,ODIR,1
S000388,1,AMD_DRY,ODIR,HYBRID800,ODIR,1
S000397,1,AMD_DRY,ODIR,HYBRID800,ODIR,1
S000405,1,AMD_DRY,ODIR,HYBRID800,ODIR,1
S000408,1,AMD_DRY,ODIR,HYBRID800,ODIR,1
S000413,1,AMD_DRY,ODIR,HYBRID800,ODIR,1
S000414,1,AMD_DRY,ODIR,HYBRID800,ODIR,1
S000415,1,AMD_DRY,ODIR,HYBRID800,ODIR,1
S000421,1,AMD_DRY,ODIR,HYBRID800,ODIR,1
S000422,1,AMD_DRY,ODIR,HYBRID800,ODIR,1
S000429,1,AMD_DRY,ODIR,HYBRID800,ODIR,1
S000431,1,AMD_DRY,ODIR,HYBRID800,ODIR,1
S000432,1,AMD_DRY,ODIR,HYBRID800,ODIR,1
S000433,1,AMD_DRY,ODIR,HYBRID800,ODIR,1
S000436,1,AMD_DRY,ODIR,HYBRID800,ODIR,1
S000437,1,AMD_DRY,ODIR,HYBRID800,ODIR,1
S000446,1,AMD_WET,ODIR,HYBRID800,ODIR,1
S000450,1,AMD_WET,ODIR,HYBRID800,ODIR,1
S000452,1,AMD_WET,ODIR,HYBRID800,ODIR,1
S000454,1,AMD_WET,ODIR,HYBRID800,ODIR,1
S000467,1,AMD_WET,ODIR,HYBRID800,ODIR,1
S000477,1,NORMAL,RFMID,HYBRID800,RFMID,1
S000480,1,NORMAL,RFMID,HYBRID800,RFMID,1
S000484,1,NORMAL,RFMID,HYBRID800,RFMID,1
S000485,1,NORMAL,RFMID,HYBRID800,RFMID,1
S000491,1,NORMAL,RFMID,HYBRID800,RFMID,1
S000493,1,NORMAL,RFMID,HYBRID800,RFMID,1
S000504,1,NORMAL,RFMID,HYBRID800,RFMID,1
S000506,1,NORMAL,RFMID,HYBRID800,RFMID,1
S000507,1,NORMAL,RFMID,HYBRID800,RFMID,1
S000515,1,NORMAL,RFMID,HYBRID800,RFMID,1
S000522,1,NORMAL,RFMID,HYBRID800,RFMID,1
S000527,1,NORMAL,RFMID,HYBRID800,RFMID,1
S000529,1,NORMAL,RFMID,HYBRID800,RFMID,1
S000542,1,AMD_DRY,RFMID,HYBRID800,RFMID,1
S000545,1,AMD_WET,RFMID,HYBRID800,RFMID,1
S000552,1,AMD_WET,RFMID,HYBRID800,RFMID,1
S000553,1,AMD_WET,RFMID,HYBRID800,RFMID,1
S000565,1,AMD_WET,RFMID,HYBRID800,FIVES,0
S000576,1,AMD_WET,RFMID,HYBRID800,RFMID,1
S000578,1,AMD_WET,RFMID,HYBRID800,RFMID,1
S000580,1,AMD_WET,RFMID,HYBRID800,ADAM,0
S000583,1,AMD_WET,RFMID,HYBRID800,RFMID,1
S000584,1,AMD_WET,RFMID,HYBRID800,RFMID,1
S000589,1,AMD_WET,RFMID,HYBRID800,RFMID,1
S000591,1,AMD_WET,RFMID,HYBRID800,RFMID,1
S000002,1,AMD_DRY,ADAM,HYBRID_PCA128,ADAM,1
S000003,1,AMD_DRY,ADAM,HYBRID_PCA128,ADAM,1
S000010,1,AMD_DRY,ADAM,HYBRID_PCA128,ADAM,1
S000013,1,AMD_DRY,ADAM,HYBRID_PCA128,ODIR,0
S000019,1,AMD_DRY,ADAM,HYBRID_PCA128,ADAM,1
S000026,1,AMD_DRY,ADAM,HYBRID_PCA128,ADAM,1
S000032,1,AMD_DRY,ADAM,HYBRID_PCA128,ADAM,1
S000040,1,AMD_WET,ADAM,HYBRID_PCA128,ADAM,1
S000045,1,AMD_WET,ADAM,HYBRID_PCA128,ODIR,0
S000047,1,AMD_WET,ADAM,HYBRID_PCA128,ADAM,1
S000051,1,AMD_WET,ADAM,HYBRID_PCA128,FIVES,0
S000062,1,NORMAL,FIVES,HYBRID_PCA128,FIVES,1
S000064,1,NORMAL,FIVES,HYBRID_PCA128,FIVES,1
S000071,1,NORMAL,FIVES,HYBRID_PCA128,FIVES,1
S000072,1,NORMAL,FIVES,HYBRID_PCA128,FIVES,1
S000083,1,NORMAL,FIVES,HYBRID_PCA128,FIVES,1
S000085,1,NORMAL,FIVES,HYBRID_PCA128,FIVES,1
S000090,1,NORMAL,FIVES,HYBRID_PCA128,FIVES,1
S000093,1,NORMAL,FIVES,HYBRID_PCA128,FIVES,1
S000101,1,NORMAL,FIVES,HYBRID_PCA128,FIVES,1
S000105,1,NORMAL,FIVES,HYBRID_PCA128,FIVES,1
S000106,1,NORMAL,FIVES,HYBRID_PCA128,FIVES,1
S000107,1,NORMAL,FIVES,HYBRID_PCA128,FIVES,1
S000111,1,NORMAL,FIVES,HYBRID_PCA128,FIVES,1
S000114,1,NORMAL,FIVES,HYBRID_PCA128,FIVES,1
S000123,1,NORMAL,FIVES,HYBRID_PCA128,FIVES,1
S000124,1,NORMAL,FIVES,HYBRID_PCA128,FIVES,1
S000126,1,NORMAL,FIVES,HYBRID_PCA128,FIVES,1
S000136,1,NORMAL,FIVES,HYBRID_PCA128,FIVES,1
S000142,1,NORMAL,FIVES,HYBRID_PCA128,FIVES,1
S000143,1,NORMAL,FIVES,HYBRID_PCA128,FIVES,1
S000157,1,AMD_DRY,FIVES,HYBRID_PCA128,ADAM,0
S000165,1,AMD_DRY,FIVES,HYBRID_PCA128,FIVES,1
S000166,1,AMD_DRY,FIVES,HYBRID_PCA128,FIVES,1
S000171,1,AMD_WET,FIVES,HYBRID_PCA128,FIVES,1
S000175,1,AMD_WET,FIVES,HYBRID_PCA128,FIVES,1
S000181,1,AMD_WET,FIVES,HYBRID_PCA128,FIVES,1
S000196,1,AMD_WET,FIVES,HYBRID_PCA128,FIVES,1
S000197,1,AMD_WET,FIVES,HYBRID_PCA128,FIVES,1
S000198,1,AMD_WET,FIVES,HYBRID_PCA128,RFMID,0
S000199,1,AMD_WET,FIVES,HYBRID_PCA128,FIVES,1
S000209,1,AMD_WET,FIVES,HYBRID_PCA128,RFMID,0
S000214,1,AMD_WET,FIVES,HYBRID_PCA128,FIVES,1
S000221,1,AMD_WET,FIVES,HYBRID_PCA128,FIVES,1
S000223,1,AMD_WET,FIVES,HYBRID_PCA128,FIVES,1
S000228,1,AMD_WET,FIVES,HYBRID_PCA128,ADAM,0
S000231,1,AMD_WET,FIVES,HYBRID_PCA128,RFMID,0
S000240,1,NORMAL,ODIR,HYBRID_PCA128,ODIR,1
S000252,1,NORMAL,ODIR,HYBRID_PCA128,ODIR,1
S000255,1,NORMAL,ODIR,HYBRID_PCA128,ODIR,1
S000256,1,NORMAL,ODIR,HYBRID_PCA128,ODIR,1
S000258,1,NORMAL,ODIR,HYBRID_PCA128,ODIR,1
S000264,1,NORMAL,ODIR,HYBRID_PCA128,ODIR,1
S000265,1,NORMAL,ODIR,HYBRID_PCA128,ODIR,1
S000267,1,NORMAL,ODIR,HYBRID_PCA128,ODIR,1
S000268,1,NORMAL,ODIR,HYBRID_PCA128,ODIR,1
S000274,1,NORMAL,ODIR,HYBRID_PCA128,ODIR,1
S000275,1,NORMAL,ODIR,HYBRID_PCA128,ODIR,1
S000282,1,NORMAL,ODIR,HYBRID_PCA128,ODIR,1
S000291,1,NORMAL,ODIR,HYBRID_PCA128,ODIR,1
S000298,1,NORMAL,ODIR,HYBRID_PCA128,ODIR,1
S000307,1,NORMAL,ODIR,HYBRID_PCA128,ODIR,1
S000317,1,NORMAL,ODIR,HYBRID_PCA128,ODIR,1
S000318,1,NORMAL,ODIR,HYBRID_PCA128,ODIR,1
S000321,1,NORMAL,ODIR,HYBRID_PCA128,ODIR,1
S000326,1,NORMAL,ODIR,HYBRID_PCA128,ODIR,1
S000327,1,NORMAL,ODIR,HYBRID_PCA128,ODIR,1
S000329,1,NORMAL,ODIR,HYBRID_PCA128,ODIR,1
S000333,1,NORMAL,ODIR,HYBRID_PCA128,ADAM,0
S000349,1,NORMAL,ODIR,HYBRID_PCA128,ODIR,1
S000351,1,NORMAL,ODIR,HYBRID_PCA128,ODIR,1
S000356,1,NORMAL,ODIR,HYBRID_PCA128,ODIR,1
S000382,1,AMD_DRY,ODIR,HYBRID_PCA128,FIVES,0
S000387,1,AMD_DRY,ODIR,HYBRID_PCA128,ODIR,1
S000388,1,AMD_DRY,ODIR,HYBRID_PCA128,ODIR,1
S000397,1,AMD_DRY,ODIR,HYBRID_PCA128,ODIR,1
S000405,1,AMD_DRY,ODIR,HYBRID_PCA128,ODIR,1
S000408,1,AMD_DRY,ODIR,HYBRID_PCA128,ADAM,0
S000413,1,AMD_DRY,ODIR,HYBRID_PCA128,ODIR,1
S000414,1,AMD_DRY,ODIR,HYBRID_PCA128,FIVES,0
S000415,1,AMD_DRY,ODIR,HYBRID_PCA128,ODIR,1
S000421,1,AMD_DRY,ODIR,HYBRID_PCA128,ODIR,1
S000422,1,AMD_DRY,ODIR,HYBRID_PCA128,ODIR,1
S000429,1,AMD_DRY,ODIR,HYBRID_PCA128,ODIR,1
S000431,1,AMD_DRY,ODIR,HYBRID_PCA128,ODIR,1
S000432,1,AMD_DRY,ODIR,HYBRID_PCA128,ODIR,1
S000433,1,AMD_DRY,ODIR,HYBRID_PCA128,ODIR,1
S000436,1,AMD_DRY,ODIR,HYBRID_PCA128,ODIR,1
S000437,1,AMD_DRY,ODIR,HYBRID_PCA128,ODIR,1
S000446,1,AMD_WET,ODIR,HYBRID_PCA128,ODIR,1
S000450,1,AMD_WET,ODIR,HYBRID_PCA128,ODIR,1
S000452,1,AMD_WET,ODIR,HYBRID_PCA128,ODIR,1
S000454,1,AMD_WET,ODIR,HYBRID_PCA128,FIVES,0
S000467,1,AMD_WET,ODIR,HYBRID_PCA128,ADAM,0
S000477,1,NORMAL,RFMID,HYBRID_PCA128,RFMID,1
S000480,1,NORMAL,RFMID,HYBRID_PCA128,RFMID,1
S000484,1,NORMAL,RFMID,HYBRID_PCA128,RFMID,1
S000485,1,NORMAL,RFMID,HYBRID_PCA128,RFMID,1
S000491,1,NORMAL,RFMID,HYBRID_PCA128,RFMID,1
S000493,1,NORMAL,RFMID,HYBRID_PCA128,RFMID,1
S000504,1,NORMAL,RFMID,HYBRID_PCA128,RFMID,1
S000506,1,NORMAL,RFMID,HYBRID_PCA128,RFMID,1
S000507,1,NORMAL,RFMID,HYBRID_PCA128,RFMID,1
S000515,1,NORMAL,RFMID,HYBRID_PCA128,RFMID,1
S000522,1,NORMAL,RFMID,HYBRID_PCA128,RFMID,1
S000527,1,NORMAL,RFMID,HYBRID_PCA128,RFMID,1
S000529,1,NORMAL,RFMID,HYBRID_PCA128,RFMID,1
S000542,1,AMD_DRY,RFMID,HYBRID_PCA128,RFMID,1
S000545,1,AMD_WET,RFMID,HYBRID_PCA128,RFMID,1
S000552,1,AMD_WET,RFMID,HYBRID_PCA128,RFMID,1
S000553,1,AMD_WET,RFMID,HYBRID_PCA128,RFMID,1
S000565,1,AMD_WET,RFMID,HYBRID_PCA128,RFMID,1
S000576,1,AMD_WET,RFMID,HYBRID_PCA128,RFMID,1
S000578,1,AMD_WET,RFMID,HYBRID_PCA128,RFMID,1
S000580,1,AMD_WET,RFMID,HYBRID_PCA128,RFMID,1
S000583,1,AMD_WET,RFMID,HYBRID_PCA128,RFMID,1
S000584,1,AMD_WET,RFMID,HYBRID_PCA128,RFMID,1
S000589,1,AMD_WET,RFMID,HYBRID_PCA128,RFMID,1
S000591,1,AMD_WET,RFMID,HYBRID_PCA128,RFMID,1
S000005,2,AMD_DRY,ADAM,MAJORITY_SOURCE,ODIR,0
S000006,2,AMD_DRY,ADAM,MAJORITY_SOURCE,ODIR,0
S000009,2,AMD_DRY,ADAM,MAJORITY_SOURCE,ODIR,0
S000011,2,AMD_DRY,ADAM,MAJORITY_SOURCE,ODIR,0
S000025,2,AMD_DRY,ADAM,MAJORITY_SOURCE,ODIR,0
S000027,2,AMD_DRY,ADAM,MAJORITY_SOURCE,ODIR,0
S000033,2,AMD_DRY,ADAM,MAJORITY_SOURCE,ODIR,0
S000037,2,AMD_WET,ADAM,MAJORITY_SOURCE,ODIR,0
S000039,2,AMD_WET,ADAM,MAJORITY_SOURCE,ODIR,0
S000044,2,AMD_WET,ADAM,MAJORITY_SOURCE,ODIR,0
S000049,2,AMD_WET,ADAM,MAJORITY_SOURCE,ODIR,0
S000054,2,NORMAL,FIVES,MAJORITY_SOURCE,ODIR,0
S000059,2,NORMAL,FIVES,MAJORITY_SOURCE,ODIR,0
S000060,2,NORMAL,FIVES,MAJORITY_SOURCE,ODIR,0
S000063,2,NORMAL,FIVES,MAJORITY_SOURCE,ODIR,0
S000068,2,NORMAL,FIVES,MAJORITY_SOURCE,ODIR,0
S000069,2,NORMAL,FIVES,MAJORITY_SOURCE,ODIR,0
S000091,2,NORMAL,FIVES,MAJORITY_SOURCE,ODIR,0
S000092,2,NORMAL,FIVES,MAJORITY_SOURCE,ODIR,0
S000098,2,NORMAL,FIVES,MAJORITY_SOURCE,ODIR,0
S000099,2,NORMAL,FIVES,MAJORITY_SOURCE,ODIR,0
S000102,2,NORMAL,FIVES,MAJORITY_SOURCE,ODIR,0
S000112,2,NORMAL,FIVES,MAJORITY_SOURCE,ODIR,0
S000113,2,NORMAL,FIVES,MAJORITY_SOURCE,ODIR,0
S000121,2,NORMAL,FIVES,MAJORITY_SOURCE,ODIR,0
S000134,2,NORMAL,FIVES,MAJORITY_SOURCE,ODIR,0
S000137,2,NORMAL,FIVES,MAJORITY_SOURCE,ODIR,0
S000138,2,NORMAL,FIVES,MAJORITY_SOURCE,ODIR,0
S000147,2,NORMAL,FIVES,MAJORITY_SOURCE,ODIR,0
S000150,2,NORMAL,FIVES,MAJORITY_SOURCE,ODIR,0
S000153,2,AMD_DRY,FIVES,MAJORITY_SOURCE,ODIR,0
S000154,2,AMD_DRY,FIVES,MAJORITY_SOURCE,ODIR,0
S000160,2,AMD_DRY,FIVES,MAJORITY_SOURCE,ODIR,0
S000167,2,AMD_WET,FIVES,MAJORITY_SOURCE,ODIR,0
S000178,2,AMD_WET,FIVES,MAJORITY_SOURCE,ODIR,0
S000180,2,AMD_WET,FIVES,MAJORITY_SOURCE,ODIR,0
S000183,2,AMD_WET,FIVES,MAJORITY_SOURCE,ODIR,0
S000184,2,AMD_WET,FIVES,MAJORITY_SOURCE,ODIR,0
S000186,2,AMD_WET,FIVES,MAJORITY_SOURCE,ODIR,0
S000188,2,AMD_WET,FIVES,MAJORITY_SOURCE,ODIR,0
S000205,2,AMD_WET,FIVES,MAJORITY_SOURCE,ODIR,0
S000210,2,AMD_WET,FIVES,MAJORITY_SOURCE,ODIR,0
S000222,2,AMD_WET,FIVES,MAJORITY_SOURCE,ODIR,0
S000226,2,AMD_WET,FIVES,MAJORITY_SOURCE,ODIR,0
S000230,2,AMD_WET,FIVES,MAJORITY_SOURCE,ODIR,0
S000233,2,AMD_WET,FIVES,MAJORITY_SOURCE,ODIR,0
S000238,2,AMD_WET,FIVES,MAJORITY_SOURCE,ODIR,0
S000241,2,NORMAL,ODIR,MAJORITY_SOURCE,ODIR,1
S000244,2,NORMAL,ODIR,MAJORITY_SOURCE,ODIR,1
S000250,2,NORMAL,ODIR,MAJORITY_SOURCE,ODIR,1
S000259,2,NORMAL,ODIR,MAJORITY_SOURCE,ODIR,1
S000260,2,NORMAL,ODIR,MAJORITY_SOURCE,ODIR,1
S000261,2,NORMAL,ODIR,MAJORITY_SOURCE,ODIR,1
S000266,2,NORMAL,ODIR,MAJORITY_SOURCE,ODIR,1
S000276,2,NORMAL,ODIR,MAJORITY_SOURCE,ODIR,1
S000284,2,NORMAL,ODIR,MAJORITY_SOURCE,ODIR,1
S000287,2,NORMAL,ODIR,MAJORITY_SOURCE,ODIR,1
S000290,2,NORMAL,ODIR,MAJORITY_SOURCE,ODIR,1
S000293,2,NORMAL,ODIR,MAJORITY_SOURCE,ODIR,1
S000295,2,NORMAL,ODIR,MAJORITY_SOURCE,ODIR,1
S000297,2,NORMAL,ODIR,MAJORITY_SOURCE,ODIR,1
S000300,2,NORMAL,ODIR,MAJORITY_SOURCE,ODIR,1
S000310,2,NORMAL,ODIR,MAJORITY_SOURCE,ODIR,1
S000322,2,NORMAL,ODIR,MAJORITY_SOURCE,ODIR,1
S000340,2,NORMAL,ODIR,MAJORITY_SOURCE,ODIR,1
S000344,2,NORMAL,ODIR,MAJORITY_SOURCE,ODIR,1
S000345,2,NORMAL,ODIR,MAJORITY_SOURCE,ODIR,1
S000347,2,NORMAL,ODIR,MAJORITY_SOURCE,ODIR,1
S000350,2,NORMAL,ODIR,MAJORITY_SOURCE,ODIR,1
S000352,2,NORMAL,ODIR,MAJORITY_SOURCE,ODIR,1
S000359,2,NORMAL,ODIR,MAJORITY_SOURCE,ODIR,1
S000361,2,NORMAL,ODIR,MAJORITY_SOURCE,ODIR,1
S000366,2,AMD_DRY,ODIR,MAJORITY_SOURCE,ODIR,1
S000368,2,AMD_DRY,ODIR,MAJORITY_SOURCE,ODIR,1
S000369,2,AMD_DRY,ODIR,MAJORITY_SOURCE,ODIR,1
S000370,2,AMD_DRY,ODIR,MAJORITY_SOURCE,ODIR,1
S000374,2,AMD_DRY,ODIR,MAJORITY_SOURCE,ODIR,1
S000377,2,AMD_DRY,ODIR,MAJORITY_SOURCE,ODIR,1
S000378,2,AMD_DRY,ODIR,MAJORITY_SOURCE,ODIR,1
S000379,2,AMD_DRY,ODIR,MAJORITY_SOURCE,ODIR,1
S000380,2,AMD_DRY,ODIR,MAJORITY_SOURCE,ODIR,1
S000383,2,AMD_DRY,ODIR,MAJORITY_SOURCE,ODIR,1
S000390,2,AMD_DRY,ODIR,MAJORITY_SOURCE,ODIR,1
S000402,2,AMD_DRY,ODIR,MAJORITY_SOURCE,ODIR,1
S000416,2,AMD_DRY,ODIR,MAJORITY_SOURCE,ODIR,1
S000439,2,AMD_DRY,ODIR,MAJORITY_SOURCE,ODIR,1
S000441,2,AMD_DRY,ODIR,MAJORITY_SOURCE,ODIR,1
S000444,2,AMD_DRY,ODIR,MAJORITY_SOURCE,ODIR,1
S000447,2,AMD_WET,ODIR,MAJORITY_SOURCE,ODIR,1
S000455,2,AMD_WET,ODIR,MAJORITY_SOURCE,ODIR,1
S000459,2,AMD_WET,ODIR,MAJORITY_SOURCE,ODIR,1
S000460,2,AMD_WET,ODIR,MAJORITY_SOURCE,ODIR,1
S000465,2,AMD_WET,ODIR,MAJORITY_SOURCE,ODIR,1
S000472,2,AMD_WET,ODIR,MAJORITY_SOURCE,ODIR,1
S000478,2,NORMAL,RFMID,MAJORITY_SOURCE,ODIR,0
S000481,2,NORMAL,RFMID,MAJORITY_SOURCE,ODIR,0
S000490,2,NORMAL,RFMID,MAJORITY_SOURCE,ODIR,0
S000494,2,NORMAL,RFMID,MAJORITY_SOURCE,ODIR,0
S000498,2,NORMAL,RFMID,MAJORITY_SOURCE,ODIR,0
S000502,2,NORMAL,RFMID,MAJORITY_SOURCE,ODIR,0
S000508,2,NORMAL,RFMID,MAJORITY_SOURCE,ODIR,0
S000509,2,NORMAL,RFMID,MAJORITY_SOURCE,ODIR,0
S000510,2,NORMAL,RFMID,MAJORITY_SOURCE,ODIR,0
S000516,2,NORMAL,RFMID,MAJORITY_SOURCE,ODIR,0
S000517,2,NORMAL,RFMID,MAJORITY_SOURCE,ODIR,0
S000518,2,NORMAL,RFMID,MAJORITY_SOURCE,ODIR,0
S000523,2,NORMAL,RFMID,MAJORITY_SOURCE,ODIR,0
S000537,2,AMD_DRY,RFMID,MAJORITY_SOURCE,ODIR,0
S000555,2,AMD_WET,RFMID,MAJORITY_SOURCE,ODIR,0
S000557,2,AMD_WET,RFMID,MAJORITY_SOURCE,ODIR,0
S000559,2,AMD_WET,RFMID,MAJORITY_SOURCE,ODIR,0
S000568,2,AMD_WET,RFMID,MAJORITY_SOURCE,ODIR,0
S000571,2,AMD_WET,RFMID,MAJORITY_SOURCE,ODIR,0
S000572,2,AMD_WET,RFMID,MAJORITY_SOURCE,ODIR,0
S000573,2,AMD_WET,RFMID,MAJORITY_SOURCE,ODIR,0
S000586,2,AMD_WET,RFMID,MAJORITY_SOURCE,ODIR,0
S000587,2,AMD_WET,RFMID,MAJORITY_SOURCE,ODIR,0
S000594,2,AMD_WET,RFMID,MAJORITY_SOURCE,ODIR,0
S000595,2,AMD_WET,RFMID,MAJORITY_SOURCE,ODIR,0
S000005,2,AMD_DRY,ADAM,DISEASE_LABEL_ONLY,ADAM,1
S000006,2,AMD_DRY,ADAM,DISEASE_LABEL_ONLY,ADAM,1
S000009,2,AMD_DRY,ADAM,DISEASE_LABEL_ONLY,ADAM,1
S000011,2,AMD_DRY,ADAM,DISEASE_LABEL_ONLY,ADAM,1
S000025,2,AMD_DRY,ADAM,DISEASE_LABEL_ONLY,ADAM,1
S000027,2,AMD_DRY,ADAM,DISEASE_LABEL_ONLY,ADAM,1
S000033,2,AMD_DRY,ADAM,DISEASE_LABEL_ONLY,ADAM,1
S000037,2,AMD_WET,ADAM,DISEASE_LABEL_ONLY,RFMID,0
S000039,2,AMD_WET,ADAM,DISEASE_LABEL_ONLY,RFMID,0
S000044,2,AMD_WET,ADAM,DISEASE_LABEL_ONLY,RFMID,0
S000049,2,AMD_WET,ADAM,DISEASE_LABEL_ONLY,RFMID,0
S000054,2,NORMAL,FIVES,DISEASE_LABEL_ONLY,FIVES,1
S000059,2,NORMAL,FIVES,DISEASE_LABEL_ONLY,FIVES,1
S000060,2,NORMAL,FIVES,DISEASE_LABEL_ONLY,FIVES,1
S000063,2,NORMAL,FIVES,DISEASE_LABEL_ONLY,FIVES,1
S000068,2,NORMAL,FIVES,DISEASE_LABEL_ONLY,FIVES,1
S000069,2,NORMAL,FIVES,DISEASE_LABEL_ONLY,FIVES,1
S000091,2,NORMAL,FIVES,DISEASE_LABEL_ONLY,FIVES,1
S000092,2,NORMAL,FIVES,DISEASE_LABEL_ONLY,FIVES,1
S000098,2,NORMAL,FIVES,DISEASE_LABEL_ONLY,FIVES,1
S000099,2,NORMAL,FIVES,DISEASE_LABEL_ONLY,FIVES,1
S000102,2,NORMAL,FIVES,DISEASE_LABEL_ONLY,FIVES,1
S000112,2,NORMAL,FIVES,DISEASE_LABEL_ONLY,FIVES,1
S000113,2,NORMAL,FIVES,DISEASE_LABEL_ONLY,FIVES,1
S000121,2,NORMAL,FIVES,DISEASE_LABEL_ONLY,FIVES,1
S000134,2,NORMAL,FIVES,DISEASE_LABEL_ONLY,FIVES,1
S000137,2,NORMAL,FIVES,DISEASE_LABEL_ONLY,FIVES,1
S000138,2,NORMAL,FIVES,DISEASE_LABEL_ONLY,FIVES,1
S000147,2,NORMAL,FIVES,DISEASE_LABEL_ONLY,FIVES,1
S000150,2,NORMAL,FIVES,DISEASE_LABEL_ONLY,FIVES,1
S000153,2,AMD_DRY,FIVES,DISEASE_LABEL_ONLY,ADAM,0
S000154,2,AMD_DRY,FIVES,DISEASE_LABEL_ONLY,ADAM,0
S000160,2,AMD_DRY,FIVES,DISEASE_LABEL_ONLY,ADAM,0
S000167,2,AMD_WET,FIVES,DISEASE_LABEL_ONLY,RFMID,0
S000178,2,AMD_WET,FIVES,DISEASE_LABEL_ONLY,RFMID,0
S000180,2,AMD_WET,FIVES,DISEASE_LABEL_ONLY,RFMID,0
S000183,2,AMD_WET,FIVES,DISEASE_LABEL_ONLY,RFMID,0
S000184,2,AMD_WET,FIVES,DISEASE_LABEL_ONLY,RFMID,0
S000186,2,AMD_WET,FIVES,DISEASE_LABEL_ONLY,RFMID,0
S000188,2,AMD_WET,FIVES,DISEASE_LABEL_ONLY,RFMID,0
S000205,2,AMD_WET,FIVES,DISEASE_LABEL_ONLY,RFMID,0
S000210,2,AMD_WET,FIVES,DISEASE_LABEL_ONLY,RFMID,0
S000222,2,AMD_WET,FIVES,DISEASE_LABEL_ONLY,RFMID,0
S000226,2,AMD_WET,FIVES,DISEASE_LABEL_ONLY,RFMID,0
S000230,2,AMD_WET,FIVES,DISEASE_LABEL_ONLY,RFMID,0
S000233,2,AMD_WET,FIVES,DISEASE_LABEL_ONLY,RFMID,0
S000238,2,AMD_WET,FIVES,DISEASE_LABEL_ONLY,RFMID,0
S000241,2,NORMAL,ODIR,DISEASE_LABEL_ONLY,FIVES,0
S000244,2,NORMAL,ODIR,DISEASE_LABEL_ONLY,FIVES,0
S000250,2,NORMAL,ODIR,DISEASE_LABEL_ONLY,FIVES,0
S000259,2,NORMAL,ODIR,DISEASE_LABEL_ONLY,FIVES,0
S000260,2,NORMAL,ODIR,DISEASE_LABEL_ONLY,FIVES,0
S000261,2,NORMAL,ODIR,DISEASE_LABEL_ONLY,FIVES,0
S000266,2,NORMAL,ODIR,DISEASE_LABEL_ONLY,FIVES,0
S000276,2,NORMAL,ODIR,DISEASE_LABEL_ONLY,FIVES,0
S000284,2,NORMAL,ODIR,DISEASE_LABEL_ONLY,FIVES,0
S000287,2,NORMAL,ODIR,DISEASE_LABEL_ONLY,FIVES,0
S000290,2,NORMAL,ODIR,DISEASE_LABEL_ONLY,FIVES,0
S000293,2,NORMAL,ODIR,DISEASE_LABEL_ONLY,FIVES,0
S000295,2,NORMAL,ODIR,DISEASE_LABEL_ONLY,FIVES,0
S000297,2,NORMAL,ODIR,DISEASE_LABEL_ONLY,FIVES,0
S000300,2,NORMAL,ODIR,DISEASE_LABEL_ONLY,FIVES,0
S000310,2,NORMAL,ODIR,DISEASE_LABEL_ONLY,FIVES,0
S000322,2,NORMAL,ODIR,DISEASE_LABEL_ONLY,FIVES,0
S000340,2,NORMAL,ODIR,DISEASE_LABEL_ONLY,FIVES,0
S000344,2,NORMAL,ODIR,DISEASE_LABEL_ONLY,FIVES,0
S000345,2,NORMAL,ODIR,DISEASE_LABEL_ONLY,FIVES,0
S000347,2,NORMAL,ODIR,DISEASE_LABEL_ONLY,FIVES,0
S000350,2,NORMAL,ODIR,DISEASE_LABEL_ONLY,FIVES,0
S000352,2,NORMAL,ODIR,DISEASE_LABEL_ONLY,FIVES,0
S000359,2,NORMAL,ODIR,DISEASE_LABEL_ONLY,FIVES,0
S000361,2,NORMAL,ODIR,DISEASE_LABEL_ONLY,FIVES,0
S000366,2,AMD_DRY,ODIR,DISEASE_LABEL_ONLY,ADAM,0
S000368,2,AMD_DRY,ODIR,DISEASE_LABEL_ONLY,ADAM,0
S000369,2,AMD_DRY,ODIR,DISEASE_LABEL_ONLY,ADAM,0
S000370,2,AMD_DRY,ODIR,DISEASE_LABEL_ONLY,ADAM,0
S000374,2,AMD_DRY,ODIR,DISEASE_LABEL_ONLY,ADAM,0
S000377,2,AMD_DRY,ODIR,DISEASE_LABEL_ONLY,ADAM,0
S000378,2,AMD_DRY,ODIR,DISEASE_LABEL_ONLY,ADAM,0
S000379,2,AMD_DRY,ODIR,DISEASE_LABEL_ONLY,ADAM,0
S000380,2,AMD_DRY,ODIR,DISEASE_LABEL_ONLY,ADAM,0
S000383,2,AMD_DRY,ODIR,DISEASE_LABEL_ONLY,ADAM,0
S000390,2,AMD_DRY,ODIR,DISEASE_LABEL_ONLY,ADAM,0
S000402,2,AMD_DRY,ODIR,DISEASE_LABEL_ONLY,ADAM,0
S000416,2,AMD_DRY,ODIR,DISEASE_LABEL_ONLY,ADAM,0
S000439,2,AMD_DRY,ODIR,DISEASE_LABEL_ONLY,ADAM,0
S000441,2,AMD_DRY,ODIR,DISEASE_LABEL_ONLY,ADAM,0
S000444,2,AMD_DRY,ODIR,DISEASE_LABEL_ONLY,ADAM,0
S000447,2,AMD_WET,ODIR,DISEASE_LABEL_ONLY,RFMID,0
S000455,2,AMD_WET,ODIR,DISEASE_LABEL_ONLY,RFMID,0
S000459,2,AMD_WET,ODIR,DISEASE_LABEL_ONLY,RFMID,0
S000460,2,AMD_WET,ODIR,DISEASE_LABEL_ONLY,RFMID,0
S000465,2,AMD_WET,ODIR,DISEASE_LABEL_ONLY,RFMID,0
S000472,2,AMD_WET,ODIR,DISEASE_LABEL_ONLY,RFMID,0
S000478,2,NORMAL,RFMID,DISEASE_LABEL_ONLY,FIVES,0
S000481,2,NORMAL,RFMID,DISEASE_LABEL_ONLY,FIVES,0
S000490,2,NORMAL,RFMID,DISEASE_LABEL_ONLY,FIVES,0
S000494,2,NORMAL,RFMID,DISEASE_LABEL_ONLY,FIVES,0
S000498,2,NORMAL,RFMID,DISEASE_LABEL_ONLY,FIVES,0
S000502,2,NORMAL,RFMID,DISEASE_LABEL_ONLY,FIVES,0
S000508,2,NORMAL,RFMID,DISEASE_LABEL_ONLY,FIVES,0
S000509,2,NORMAL,RFMID,DISEASE_LABEL_ONLY,FIVES,0
S000510,2,NORMAL,RFMID,DISEASE_LABEL_ONLY,FIVES,0
S000516,2,NORMAL,RFMID,DISEASE_LABEL_ONLY,FIVES,0
S000517,2,NORMAL,RFMID,DISEASE_LABEL_ONLY,FIVES,0
S000518,2,NORMAL,RFMID,DISEASE_LABEL_ONLY,FIVES,0
S000523,2,NORMAL,RFMID,DISEASE_LABEL_ONLY,FIVES,0
S000537,2,AMD_DRY,RFMID,DISEASE_LABEL_ONLY,ADAM,0
S000555,2,AMD_WET,RFMID,DISEASE_LABEL_ONLY,RFMID,1
S000557,2,AMD_WET,RFMID,DISEASE_LABEL_ONLY,RFMID,1
S000559,2,AMD_WET,RFMID,DISEASE_LABEL_ONLY,RFMID,1
S000568,2,AMD_WET,RFMID,DISEASE_LABEL_ONLY,RFMID,1
S000571,2,AMD_WET,RFMID,DISEASE_LABEL_ONLY,RFMID,1
S000572,2,AMD_WET,RFMID,DISEASE_LABEL_ONLY,RFMID,1
S000573,2,AMD_WET,RFMID,DISEASE_LABEL_ONLY,RFMID,1
S000586,2,AMD_WET,RFMID,DISEASE_LABEL_ONLY,RFMID,1
S000587,2,AMD_WET,RFMID,DISEASE_LABEL_ONLY,RFMID,1
S000594,2,AMD_WET,RFMID,DISEASE_LABEL_ONLY,RFMID,1
S000595,2,AMD_WET,RFMID,DISEASE_LABEL_ONLY,RFMID,1
S000005,2,AMD_DRY,ADAM,HANDCRAFTED32,ADAM,1
S000006,2,AMD_DRY,ADAM,HANDCRAFTED32,ADAM,1
S000009,2,AMD_DRY,ADAM,HANDCRAFTED32,ADAM,1
S000011,2,AMD_DRY,ADAM,HANDCRAFTED32,ADAM,1
S000025,2,AMD_DRY,ADAM,HANDCRAFTED32,ADAM,1
S000027,2,AMD_DRY,ADAM,HANDCRAFTED32,ADAM,1
S000033,2,AMD_DRY,ADAM,HANDCRAFTED32,ADAM,1
S000037,2,AMD_WET,ADAM,HANDCRAFTED32,ADAM,1
S000039,2,AMD_WET,ADAM,HANDCRAFTED32,ADAM,1
S000044,2,AMD_WET,ADAM,HANDCRAFTED32,ADAM,1
S000049,2,AMD_WET,ADAM,HANDCRAFTED32,ADAM,1
S000054,2,NORMAL,FIVES,HANDCRAFTED32,FIVES,1
S000059,2,NORMAL,FIVES,HANDCRAFTED32,FIVES,1
S000060,2,NORMAL,FIVES,HANDCRAFTED32,FIVES,1
S000063,2,NORMAL,FIVES,HANDCRAFTED32,FIVES,1
S000068,2,NORMAL,FIVES,HANDCRAFTED32,FIVES,1
S000069,2,NORMAL,FIVES,HANDCRAFTED32,FIVES,1
S000091,2,NORMAL,FIVES,HANDCRAFTED32,FIVES,1
S000092,2,NORMAL,FIVES,HANDCRAFTED32,FIVES,1
S000098,2,NORMAL,FIVES,HANDCRAFTED32,FIVES,1
S000099,2,NORMAL,FIVES,HANDCRAFTED32,FIVES,1
S000102,2,NORMAL,FIVES,HANDCRAFTED32,FIVES,1
S000112,2,NORMAL,FIVES,HANDCRAFTED32,FIVES,1
S000113,2,NORMAL,FIVES,HANDCRAFTED32,FIVES,1
S000121,2,NORMAL,FIVES,HANDCRAFTED32,FIVES,1
S000134,2,NORMAL,FIVES,HANDCRAFTED32,FIVES,1
S000137,2,NORMAL,FIVES,HANDCRAFTED32,FIVES,1
S000138,2,NORMAL,FIVES,HANDCRAFTED32,FIVES,1
S000147,2,NORMAL,FIVES,HANDCRAFTED32,FIVES,1
S000150,2,NORMAL,FIVES,HANDCRAFTED32,FIVES,1
S000153,2,AMD_DRY,FIVES,HANDCRAFTED32,FIVES,1
S000154,2,AMD_DRY,FIVES,HANDCRAFTED32,FIVES,1
S000160,2,AMD_DRY,FIVES,HANDCRAFTED32,FIVES,1
S000167,2,AMD_WET,FIVES,HANDCRAFTED32,FIVES,1
S000178,2,AMD_WET,FIVES,HANDCRAFTED32,FIVES,1
S000180,2,AMD_WET,FIVES,HANDCRAFTED32,FIVES,1
S000183,2,AMD_WET,FIVES,HANDCRAFTED32,RFMID,0
S000184,2,AMD_WET,FIVES,HANDCRAFTED32,FIVES,1
S000186,2,AMD_WET,FIVES,HANDCRAFTED32,FIVES,1
S000188,2,AMD_WET,FIVES,HANDCRAFTED32,ADAM,0
S000205,2,AMD_WET,FIVES,HANDCRAFTED32,RFMID,0
S000210,2,AMD_WET,FIVES,HANDCRAFTED32,RFMID,0
S000222,2,AMD_WET,FIVES,HANDCRAFTED32,FIVES,1
S000226,2,AMD_WET,FIVES,HANDCRAFTED32,ODIR,0
S000230,2,AMD_WET,FIVES,HANDCRAFTED32,FIVES,1
S000233,2,AMD_WET,FIVES,HANDCRAFTED32,FIVES,1
S000238,2,AMD_WET,FIVES,HANDCRAFTED32,FIVES,1
S000241,2,NORMAL,ODIR,HANDCRAFTED32,ODIR,1
S000244,2,NORMAL,ODIR,HANDCRAFTED32,ODIR,1
S000250,2,NORMAL,ODIR,HANDCRAFTED32,ADAM,0
S000259,2,NORMAL,ODIR,HANDCRAFTED32,ODIR,1
S000260,2,NORMAL,ODIR,HANDCRAFTED32,ODIR,1
S000261,2,NORMAL,ODIR,HANDCRAFTED32,ODIR,1
S000266,2,NORMAL,ODIR,HANDCRAFTED32,ODIR,1
S000276,2,NORMAL,ODIR,HANDCRAFTED32,ODIR,1
S000284,2,NORMAL,ODIR,HANDCRAFTED32,ODIR,1
S000287,2,NORMAL,ODIR,HANDCRAFTED32,ODIR,1
S000290,2,NORMAL,ODIR,HANDCRAFTED32,ODIR,1
S000293,2,NORMAL,ODIR,HANDCRAFTED32,ODIR,1
S000295,2,NORMAL,ODIR,HANDCRAFTED32,ODIR,1
S000297,2,NORMAL,ODIR,HANDCRAFTED32,ODIR,1
S000300,2,NORMAL,ODIR,HANDCRAFTED32,ODIR,1
S000310,2,NORMAL,ODIR,HANDCRAFTED32,ODIR,1
S000322,2,NORMAL,ODIR,HANDCRAFTED32,ODIR,1
S000340,2,NORMAL,ODIR,HANDCRAFTED32,ODIR,1
S000344,2,NORMAL,ODIR,HANDCRAFTED32,ODIR,1
S000345,2,NORMAL,ODIR,HANDCRAFTED32,ODIR,1
S000347,2,NORMAL,ODIR,HANDCRAFTED32,ODIR,1
S000350,2,NORMAL,ODIR,HANDCRAFTED32,ODIR,1
S000352,2,NORMAL,ODIR,HANDCRAFTED32,FIVES,0
S000359,2,NORMAL,ODIR,HANDCRAFTED32,ODIR,1
S000361,2,NORMAL,ODIR,HANDCRAFTED32,ODIR,1
S000366,2,AMD_DRY,ODIR,HANDCRAFTED32,ODIR,1
S000368,2,AMD_DRY,ODIR,HANDCRAFTED32,ODIR,1
S000369,2,AMD_DRY,ODIR,HANDCRAFTED32,ODIR,1
S000370,2,AMD_DRY,ODIR,HANDCRAFTED32,ODIR,1
S000374,2,AMD_DRY,ODIR,HANDCRAFTED32,ODIR,1
S000377,2,AMD_DRY,ODIR,HANDCRAFTED32,ODIR,1
S000378,2,AMD_DRY,ODIR,HANDCRAFTED32,FIVES,0
S000379,2,AMD_DRY,ODIR,HANDCRAFTED32,FIVES,0
S000380,2,AMD_DRY,ODIR,HANDCRAFTED32,ADAM,0
S000383,2,AMD_DRY,ODIR,HANDCRAFTED32,ODIR,1
S000390,2,AMD_DRY,ODIR,HANDCRAFTED32,ODIR,1
S000402,2,AMD_DRY,ODIR,HANDCRAFTED32,ODIR,1
S000416,2,AMD_DRY,ODIR,HANDCRAFTED32,ODIR,1
S000439,2,AMD_DRY,ODIR,HANDCRAFTED32,ODIR,1
S000441,2,AMD_DRY,ODIR,HANDCRAFTED32,ODIR,1
S000444,2,AMD_DRY,ODIR,HANDCRAFTED32,ODIR,1
S000447,2,AMD_WET,ODIR,HANDCRAFTED32,ADAM,0
S000455,2,AMD_WET,ODIR,HANDCRAFTED32,RFMID,0
S000459,2,AMD_WET,ODIR,HANDCRAFTED32,ODIR,1
S000460,2,AMD_WET,ODIR,HANDCRAFTED32,ODIR,1
S000465,2,AMD_WET,ODIR,HANDCRAFTED32,ODIR,1
S000472,2,AMD_WET,ODIR,HANDCRAFTED32,ODIR,1
S000478,2,NORMAL,RFMID,HANDCRAFTED32,RFMID,1
S000481,2,NORMAL,RFMID,HANDCRAFTED32,RFMID,1
S000490,2,NORMAL,RFMID,HANDCRAFTED32,RFMID,1
S000494,2,NORMAL,RFMID,HANDCRAFTED32,RFMID,1
S000498,2,NORMAL,RFMID,HANDCRAFTED32,RFMID,1
S000502,2,NORMAL,RFMID,HANDCRAFTED32,RFMID,1
S000508,2,NORMAL,RFMID,HANDCRAFTED32,RFMID,1
S000509,2,NORMAL,RFMID,HANDCRAFTED32,RFMID,1
S000510,2,NORMAL,RFMID,HANDCRAFTED32,RFMID,1
S000516,2,NORMAL,RFMID,HANDCRAFTED32,RFMID,1
S000517,2,NORMAL,RFMID,HANDCRAFTED32,RFMID,1
S000518,2,NORMAL,RFMID,HANDCRAFTED32,RFMID,1
S000523,2,NORMAL,RFMID,HANDCRAFTED32,RFMID,1
S000537,2,AMD_DRY,RFMID,HANDCRAFTED32,ADAM,0
S000555,2,AMD_WET,RFMID,HANDCRAFTED32,RFMID,1
S000557,2,AMD_WET,RFMID,HANDCRAFTED32,RFMID,1
S000559,2,AMD_WET,RFMID,HANDCRAFTED32,RFMID,1
S000568,2,AMD_WET,RFMID,HANDCRAFTED32,RFMID,1
S000571,2,AMD_WET,RFMID,HANDCRAFTED32,RFMID,1
S000572,2,AMD_WET,RFMID,HANDCRAFTED32,RFMID,1
S000573,2,AMD_WET,RFMID,HANDCRAFTED32,RFMID,1
S000586,2,AMD_WET,RFMID,HANDCRAFTED32,RFMID,1
S000587,2,AMD_WET,RFMID,HANDCRAFTED32,RFMID,1
S000594,2,AMD_WET,RFMID,HANDCRAFTED32,RFMID,1
S000595,2,AMD_WET,RFMID,HANDCRAFTED32,RFMID,1
S000005,2,AMD_DRY,ADAM,VIT768,ODIR,0
S000006,2,AMD_DRY,ADAM,VIT768,ADAM,1
S000009,2,AMD_DRY,ADAM,VIT768,ADAM,1
S000011,2,AMD_DRY,ADAM,VIT768,ADAM,1
S000025,2,AMD_DRY,ADAM,VIT768,ODIR,0
S000027,2,AMD_DRY,ADAM,VIT768,ADAM,1
S000033,2,AMD_DRY,ADAM,VIT768,ADAM,1
S000037,2,AMD_WET,ADAM,VIT768,ADAM,1
S000039,2,AMD_WET,ADAM,VIT768,ADAM,1
S000044,2,AMD_WET,ADAM,VIT768,FIVES,0
S000049,2,AMD_WET,ADAM,VIT768,ADAM,1
S000054,2,NORMAL,FIVES,VIT768,FIVES,1
S000059,2,NORMAL,FIVES,VIT768,FIVES,1
S000060,2,NORMAL,FIVES,VIT768,FIVES,1
S000063,2,NORMAL,FIVES,VIT768,FIVES,1
S000068,2,NORMAL,FIVES,VIT768,ADAM,0
S000069,2,NORMAL,FIVES,VIT768,FIVES,1
S000091,2,NORMAL,FIVES,VIT768,FIVES,1
S000092,2,NORMAL,FIVES,VIT768,FIVES,1
S000098,2,NORMAL,FIVES,VIT768,FIVES,1
S000099,2,NORMAL,FIVES,VIT768,FIVES,1
S000102,2,NORMAL,FIVES,VIT768,FIVES,1
S000112,2,NORMAL,FIVES,VIT768,FIVES,1
S000113,2,NORMAL,FIVES,VIT768,FIVES,1
S000121,2,NORMAL,FIVES,VIT768,FIVES,1
S000134,2,NORMAL,FIVES,VIT768,FIVES,1
S000137,2,NORMAL,FIVES,VIT768,FIVES,1
S000138,2,NORMAL,FIVES,VIT768,FIVES,1
S000147,2,NORMAL,FIVES,VIT768,RFMID,0
S000150,2,NORMAL,FIVES,VIT768,FIVES,1
S000153,2,AMD_DRY,FIVES,VIT768,FIVES,1
S000154,2,AMD_DRY,FIVES,VIT768,FIVES,1
S000160,2,AMD_DRY,FIVES,VIT768,FIVES,1
S000167,2,AMD_WET,FIVES,VIT768,RFMID,0
S000178,2,AMD_WET,FIVES,VIT768,FIVES,1
S000180,2,AMD_WET,FIVES,VIT768,FIVES,1
S000183,2,AMD_WET,FIVES,VIT768,FIVES,1
S000184,2,AMD_WET,FIVES,VIT768,FIVES,1
S000186,2,AMD_WET,FIVES,VIT768,FIVES,1
S000188,2,AMD_WET,FIVES,VIT768,RFMID,0
S000205,2,AMD_WET,FIVES,VIT768,RFMID,0
S000210,2,AMD_WET,FIVES,VIT768,RFMID,0
S000222,2,AMD_WET,FIVES,VIT768,FIVES,1
S000226,2,AMD_WET,FIVES,VIT768,RFMID,0
S000230,2,AMD_WET,FIVES,VIT768,FIVES,1
S000233,2,AMD_WET,FIVES,VIT768,FIVES,1
S000238,2,AMD_WET,FIVES,VIT768,RFMID,0
S000241,2,NORMAL,ODIR,VIT768,ODIR,1
S000244,2,NORMAL,ODIR,VIT768,ODIR,1
S000250,2,NORMAL,ODIR,VIT768,ADAM,0
S000259,2,NORMAL,ODIR,VIT768,ODIR,1
S000260,2,NORMAL,ODIR,VIT768,ODIR,1
S000261,2,NORMAL,ODIR,VIT768,ODIR,1
S000266,2,NORMAL,ODIR,VIT768,ODIR,1
S000276,2,NORMAL,ODIR,VIT768,ODIR,1
S000284,2,NORMAL,ODIR,VIT768,ODIR,1
S000287,2,NORMAL,ODIR,VIT768,ODIR,1
S000290,2,NORMAL,ODIR,VIT768,ODIR,1
S000293,2,NORMAL,ODIR,VIT768,ODIR,1
S000295,2,NORMAL,ODIR,VIT768,ODIR,1
S000297,2,NORMAL,ODIR,VIT768,ODIR,1
S000300,2,NORMAL,ODIR,VIT768,ODIR,1
S000310,2,NORMAL,ODIR,VIT768,ODIR,1
S000322,2,NORMAL,ODIR,VIT768,ODIR,1
S000340,2,NORMAL,ODIR,VIT768,ODIR,1
S000344,2,NORMAL,ODIR,VIT768,ODIR,1
S000345,2,NORMAL,ODIR,VIT768,ODIR,1
S000347,2,NORMAL,ODIR,VIT768,ODIR,1
S000350,2,NORMAL,ODIR,VIT768,ODIR,1
S000352,2,NORMAL,ODIR,VIT768,ODIR,1
S000359,2,NORMAL,ODIR,VIT768,ODIR,1
S000361,2,NORMAL,ODIR,VIT768,ODIR,1
S000366,2,AMD_DRY,ODIR,VIT768,ODIR,1
S000368,2,AMD_DRY,ODIR,VIT768,ODIR,1
S000369,2,AMD_DRY,ODIR,VIT768,ODIR,1
S000370,2,AMD_DRY,ODIR,VIT768,ODIR,1
S000374,2,AMD_DRY,ODIR,VIT768,ODIR,1
S000377,2,AMD_DRY,ODIR,VIT768,ODIR,1
S000378,2,AMD_DRY,ODIR,VIT768,ODIR,1
S000379,2,AMD_DRY,ODIR,VIT768,ADAM,0
S000380,2,AMD_DRY,ODIR,VIT768,ODIR,1
S000383,2,AMD_DRY,ODIR,VIT768,ODIR,1
S000390,2,AMD_DRY,ODIR,VIT768,ODIR,1
S000402,2,AMD_DRY,ODIR,VIT768,ODIR,1
S000416,2,AMD_DRY,ODIR,VIT768,ODIR,1
S000439,2,AMD_DRY,ODIR,VIT768,ODIR,1
S000441,2,AMD_DRY,ODIR,VIT768,ODIR,1
S000444,2,AMD_DRY,ODIR,VIT768,ODIR,1
S000447,2,AMD_WET,ODIR,VIT768,FIVES,0
S000455,2,AMD_WET,ODIR,VIT768,ODIR,1
S000459,2,AMD_WET,ODIR,VIT768,ODIR,1
S000460,2,AMD_WET,ODIR,VIT768,ODIR,1
S000465,2,AMD_WET,ODIR,VIT768,ODIR,1
S000472,2,AMD_WET,ODIR,VIT768,ODIR,1
S000478,2,NORMAL,RFMID,VIT768,RFMID,1
S000481,2,NORMAL,RFMID,VIT768,RFMID,1
S000490,2,NORMAL,RFMID,VIT768,RFMID,1
S000494,2,NORMAL,RFMID,VIT768,RFMID,1
S000498,2,NORMAL,RFMID,VIT768,RFMID,1
S000502,2,NORMAL,RFMID,VIT768,RFMID,1
S000508,2,NORMAL,RFMID,VIT768,RFMID,1
S000509,2,NORMAL,RFMID,VIT768,RFMID,1
S000510,2,NORMAL,RFMID,VIT768,RFMID,1
S000516,2,NORMAL,RFMID,VIT768,ADAM,0
S000517,2,NORMAL,RFMID,VIT768,RFMID,1
S000518,2,NORMAL,RFMID,VIT768,RFMID,1
S000523,2,NORMAL,RFMID,VIT768,RFMID,1
S000537,2,AMD_DRY,RFMID,VIT768,RFMID,1
S000555,2,AMD_WET,RFMID,VIT768,RFMID,1
S000557,2,AMD_WET,RFMID,VIT768,RFMID,1
S000559,2,AMD_WET,RFMID,VIT768,RFMID,1
S000568,2,AMD_WET,RFMID,VIT768,FIVES,0
S000571,2,AMD_WET,RFMID,VIT768,RFMID,1
S000572,2,AMD_WET,RFMID,VIT768,FIVES,0
S000573,2,AMD_WET,RFMID,VIT768,FIVES,0
S000586,2,AMD_WET,RFMID,VIT768,RFMID,1
S000587,2,AMD_WET,RFMID,VIT768,RFMID,1
S000594,2,AMD_WET,RFMID,VIT768,FIVES,0
S000595,2,AMD_WET,RFMID,VIT768,RFMID,1
S000005,2,AMD_DRY,ADAM,HYBRID800,ODIR,0
S000006,2,AMD_DRY,ADAM,HYBRID800,ADAM,1
S000009,2,AMD_DRY,ADAM,HYBRID800,ADAM,1
S000011,2,AMD_DRY,ADAM,HYBRID800,ADAM,1
S000025,2,AMD_DRY,ADAM,HYBRID800,ODIR,0
S000027,2,AMD_DRY,ADAM,HYBRID800,ADAM,1
S000033,2,AMD_DRY,ADAM,HYBRID800,ADAM,1
S000037,2,AMD_WET,ADAM,HYBRID800,ADAM,1
S000039,2,AMD_WET,ADAM,HYBRID800,ADAM,1
S000044,2,AMD_WET,ADAM,HYBRID800,FIVES,0
S000049,2,AMD_WET,ADAM,HYBRID800,ADAM,1
S000054,2,NORMAL,FIVES,HYBRID800,FIVES,1
S000059,2,NORMAL,FIVES,HYBRID800,FIVES,1
S000060,2,NORMAL,FIVES,HYBRID800,FIVES,1
S000063,2,NORMAL,FIVES,HYBRID800,FIVES,1
S000068,2,NORMAL,FIVES,HYBRID800,ADAM,0
S000069,2,NORMAL,FIVES,HYBRID800,FIVES,1
S000091,2,NORMAL,FIVES,HYBRID800,FIVES,1
S000092,2,NORMAL,FIVES,HYBRID800,FIVES,1
S000098,2,NORMAL,FIVES,HYBRID800,FIVES,1
S000099,2,NORMAL,FIVES,HYBRID800,FIVES,1
S000102,2,NORMAL,FIVES,HYBRID800,FIVES,1
S000112,2,NORMAL,FIVES,HYBRID800,FIVES,1
S000113,2,NORMAL,FIVES,HYBRID800,FIVES,1
S000121,2,NORMAL,FIVES,HYBRID800,FIVES,1
S000134,2,NORMAL,FIVES,HYBRID800,FIVES,1
S000137,2,NORMAL,FIVES,HYBRID800,FIVES,1
S000138,2,NORMAL,FIVES,HYBRID800,FIVES,1
S000147,2,NORMAL,FIVES,HYBRID800,RFMID,0
S000150,2,NORMAL,FIVES,HYBRID800,FIVES,1
S000153,2,AMD_DRY,FIVES,HYBRID800,FIVES,1
S000154,2,AMD_DRY,FIVES,HYBRID800,FIVES,1
S000160,2,AMD_DRY,FIVES,HYBRID800,FIVES,1
S000167,2,AMD_WET,FIVES,HYBRID800,FIVES,1
S000178,2,AMD_WET,FIVES,HYBRID800,FIVES,1
S000180,2,AMD_WET,FIVES,HYBRID800,FIVES,1
S000183,2,AMD_WET,FIVES,HYBRID800,FIVES,1
S000184,2,AMD_WET,FIVES,HYBRID800,FIVES,1
S000186,2,AMD_WET,FIVES,HYBRID800,FIVES,1
S000188,2,AMD_WET,FIVES,HYBRID800,RFMID,0
S000205,2,AMD_WET,FIVES,HYBRID800,RFMID,0
S000210,2,AMD_WET,FIVES,HYBRID800,RFMID,0
S000222,2,AMD_WET,FIVES,HYBRID800,FIVES,1
S000226,2,AMD_WET,FIVES,HYBRID800,RFMID,0
S000230,2,AMD_WET,FIVES,HYBRID800,ODIR,0
S000233,2,AMD_WET,FIVES,HYBRID800,FIVES,1
S000238,2,AMD_WET,FIVES,HYBRID800,FIVES,1
S000241,2,NORMAL,ODIR,HYBRID800,ODIR,1
S000244,2,NORMAL,ODIR,HYBRID800,ODIR,1
S000250,2,NORMAL,ODIR,HYBRID800,ADAM,0
S000259,2,NORMAL,ODIR,HYBRID800,ODIR,1
S000260,2,NORMAL,ODIR,HYBRID800,ODIR,1
S000261,2,NORMAL,ODIR,HYBRID800,ODIR,1
S000266,2,NORMAL,ODIR,HYBRID800,ODIR,1
S000276,2,NORMAL,ODIR,HYBRID800,ODIR,1
S000284,2,NORMAL,ODIR,HYBRID800,ODIR,1
S000287,2,NORMAL,ODIR,HYBRID800,ODIR,1
S000290,2,NORMAL,ODIR,HYBRID800,ODIR,1
S000293,2,NORMAL,ODIR,HYBRID800,ODIR,1
S000295,2,NORMAL,ODIR,HYBRID800,ODIR,1
S000297,2,NORMAL,ODIR,HYBRID800,ODIR,1
S000300,2,NORMAL,ODIR,HYBRID800,ODIR,1
S000310,2,NORMAL,ODIR,HYBRID800,ODIR,1
S000322,2,NORMAL,ODIR,HYBRID800,ODIR,1
S000340,2,NORMAL,ODIR,HYBRID800,ODIR,1
S000344,2,NORMAL,ODIR,HYBRID800,ODIR,1
S000345,2,NORMAL,ODIR,HYBRID800,ODIR,1
S000347,2,NORMAL,ODIR,HYBRID800,ODIR,1
S000350,2,NORMAL,ODIR,HYBRID800,ODIR,1
S000352,2,NORMAL,ODIR,HYBRID800,ODIR,1
S000359,2,NORMAL,ODIR,HYBRID800,ODIR,1
S000361,2,NORMAL,ODIR,HYBRID800,ODIR,1
S000366,2,AMD_DRY,ODIR,HYBRID800,ODIR,1
S000368,2,AMD_DRY,ODIR,HYBRID800,ODIR,1
S000369,2,AMD_DRY,ODIR,HYBRID800,ODIR,1
S000370,2,AMD_DRY,ODIR,HYBRID800,ODIR,1
S000374,2,AMD_DRY,ODIR,HYBRID800,ODIR,1
S000377,2,AMD_DRY,ODIR,HYBRID800,ODIR,1
S000378,2,AMD_DRY,ODIR,HYBRID800,ODIR,1
S000379,2,AMD_DRY,ODIR,HYBRID800,ADAM,0
S000380,2,AMD_DRY,ODIR,HYBRID800,ODIR,1
S000383,2,AMD_DRY,ODIR,HYBRID800,ODIR,1
S000390,2,AMD_DRY,ODIR,HYBRID800,ODIR,1
S000402,2,AMD_DRY,ODIR,HYBRID800,ODIR,1
S000416,2,AMD_DRY,ODIR,HYBRID800,ODIR,1
S000439,2,AMD_DRY,ODIR,HYBRID800,ODIR,1
S000441,2,AMD_DRY,ODIR,HYBRID800,ODIR,1
S000444,2,AMD_DRY,ODIR,HYBRID800,ODIR,1
S000447,2,AMD_WET,ODIR,HYBRID800,ODIR,1
S000455,2,AMD_WET,ODIR,HYBRID800,ODIR,1
S000459,2,AMD_WET,ODIR,HYBRID800,ODIR,1
S000460,2,AMD_WET,ODIR,HYBRID800,ODIR,1
S000465,2,AMD_WET,ODIR,HYBRID800,ODIR,1
S000472,2,AMD_WET,ODIR,HYBRID800,ODIR,1
S000478,2,NORMAL,RFMID,HYBRID800,RFMID,1
S000481,2,NORMAL,RFMID,HYBRID800,RFMID,1
S000490,2,NORMAL,RFMID,HYBRID800,RFMID,1
S000494,2,NORMAL,RFMID,HYBRID800,RFMID,1
S000498,2,NORMAL,RFMID,HYBRID800,RFMID,1
S000502,2,NORMAL,RFMID,HYBRID800,RFMID,1
S000508,2,NORMAL,RFMID,HYBRID800,RFMID,1
S000509,2,NORMAL,RFMID,HYBRID800,RFMID,1
S000510,2,NORMAL,RFMID,HYBRID800,RFMID,1
S000516,2,NORMAL,RFMID,HYBRID800,ADAM,0
S000517,2,NORMAL,RFMID,HYBRID800,RFMID,1
S000518,2,NORMAL,RFMID,HYBRID800,RFMID,1
S000523,2,NORMAL,RFMID,HYBRID800,RFMID,1
S000537,2,AMD_DRY,RFMID,HYBRID800,RFMID,1
S000555,2,AMD_WET,RFMID,HYBRID800,RFMID,1
S000557,2,AMD_WET,RFMID,HYBRID800,RFMID,1
S000559,2,AMD_WET,RFMID,HYBRID800,RFMID,1
S000568,2,AMD_WET,RFMID,HYBRID800,FIVES,0
S000571,2,AMD_WET,RFMID,HYBRID800,RFMID,1
S000572,2,AMD_WET,RFMID,HYBRID800,FIVES,0
S000573,2,AMD_WET,RFMID,HYBRID800,FIVES,0
S000586,2,AMD_WET,RFMID,HYBRID800,RFMID,1
S000587,2,AMD_WET,RFMID,HYBRID800,RFMID,1
S000594,2,AMD_WET,RFMID,HYBRID800,FIVES,0
S000595,2,AMD_WET,RFMID,HYBRID800,RFMID,1
S000005,2,AMD_DRY,ADAM,HYBRID_PCA128,ADAM,1
S000006,2,AMD_DRY,ADAM,HYBRID_PCA128,ADAM,1
S000009,2,AMD_DRY,ADAM,HYBRID_PCA128,ADAM,1
S000011,2,AMD_DRY,ADAM,HYBRID_PCA128,ADAM,1
S000025,2,AMD_DRY,ADAM,HYBRID_PCA128,ADAM,1
S000027,2,AMD_DRY,ADAM,HYBRID_PCA128,ADAM,1
S000033,2,AMD_DRY,ADAM,HYBRID_PCA128,ADAM,1
S000037,2,AMD_WET,ADAM,HYBRID_PCA128,ADAM,1
S000039,2,AMD_WET,ADAM,HYBRID_PCA128,ADAM,1
S000044,2,AMD_WET,ADAM,HYBRID_PCA128,ADAM,1
S000049,2,AMD_WET,ADAM,HYBRID_PCA128,ADAM,1
S000054,2,NORMAL,FIVES,HYBRID_PCA128,FIVES,1
S000059,2,NORMAL,FIVES,HYBRID_PCA128,FIVES,1
S000060,2,NORMAL,FIVES,HYBRID_PCA128,FIVES,1
S000063,2,NORMAL,FIVES,HYBRID_PCA128,FIVES,1
S000068,2,NORMAL,FIVES,HYBRID_PCA128,FIVES,1
S000069,2,NORMAL,FIVES,HYBRID_PCA128,FIVES,1
S000091,2,NORMAL,FIVES,HYBRID_PCA128,FIVES,1
S000092,2,NORMAL,FIVES,HYBRID_PCA128,FIVES,1
S000098,2,NORMAL,FIVES,HYBRID_PCA128,FIVES,1
S000099,2,NORMAL,FIVES,HYBRID_PCA128,FIVES,1
S000102,2,NORMAL,FIVES,HYBRID_PCA128,FIVES,1
S000112,2,NORMAL,FIVES,HYBRID_PCA128,FIVES,1
S000113,2,NORMAL,FIVES,HYBRID_PCA128,FIVES,1
S000121,2,NORMAL,FIVES,HYBRID_PCA128,FIVES,1
S000134,2,NORMAL,FIVES,HYBRID_PCA128,FIVES,1
S000137,2,NORMAL,FIVES,HYBRID_PCA128,FIVES,1
S000138,2,NORMAL,FIVES,HYBRID_PCA128,FIVES,1
S000147,2,NORMAL,FIVES,HYBRID_PCA128,FIVES,1
S000150,2,NORMAL,FIVES,HYBRID_PCA128,FIVES,1
S000153,2,AMD_DRY,FIVES,HYBRID_PCA128,FIVES,1
S000154,2,AMD_DRY,FIVES,HYBRID_PCA128,FIVES,1
S000160,2,AMD_DRY,FIVES,HYBRID_PCA128,FIVES,1
S000167,2,AMD_WET,FIVES,HYBRID_PCA128,FIVES,1
S000178,2,AMD_WET,FIVES,HYBRID_PCA128,FIVES,1
S000180,2,AMD_WET,FIVES,HYBRID_PCA128,FIVES,1
S000183,2,AMD_WET,FIVES,HYBRID_PCA128,FIVES,1
S000184,2,AMD_WET,FIVES,HYBRID_PCA128,FIVES,1
S000186,2,AMD_WET,FIVES,HYBRID_PCA128,FIVES,1
S000188,2,AMD_WET,FIVES,HYBRID_PCA128,RFMID,0
S000205,2,AMD_WET,FIVES,HYBRID_PCA128,RFMID,0
S000210,2,AMD_WET,FIVES,HYBRID_PCA128,RFMID,0
S000222,2,AMD_WET,FIVES,HYBRID_PCA128,FIVES,1
S000226,2,AMD_WET,FIVES,HYBRID_PCA128,RFMID,0
S000230,2,AMD_WET,FIVES,HYBRID_PCA128,FIVES,1
S000233,2,AMD_WET,FIVES,HYBRID_PCA128,FIVES,1
S000238,2,AMD_WET,FIVES,HYBRID_PCA128,FIVES,1
S000241,2,NORMAL,ODIR,HYBRID_PCA128,ODIR,1
S000244,2,NORMAL,ODIR,HYBRID_PCA128,ODIR,1
S000250,2,NORMAL,ODIR,HYBRID_PCA128,ODIR,1
S000259,2,NORMAL,ODIR,HYBRID_PCA128,ODIR,1
S000260,2,NORMAL,ODIR,HYBRID_PCA128,ODIR,1
S000261,2,NORMAL,ODIR,HYBRID_PCA128,ODIR,1
S000266,2,NORMAL,ODIR,HYBRID_PCA128,ODIR,1
S000276,2,NORMAL,ODIR,HYBRID_PCA128,ODIR,1
S000284,2,NORMAL,ODIR,HYBRID_PCA128,ODIR,1
S000287,2,NORMAL,ODIR,HYBRID_PCA128,ODIR,1
S000290,2,NORMAL,ODIR,HYBRID_PCA128,ODIR,1
S000293,2,NORMAL,ODIR,HYBRID_PCA128,ODIR,1
S000295,2,NORMAL,ODIR,HYBRID_PCA128,ODIR,1
S000297,2,NORMAL,ODIR,HYBRID_PCA128,ODIR,1
S000300,2,NORMAL,ODIR,HYBRID_PCA128,ODIR,1
S000310,2,NORMAL,ODIR,HYBRID_PCA128,ODIR,1
S000322,2,NORMAL,ODIR,HYBRID_PCA128,ODIR,1
S000340,2,NORMAL,ODIR,HYBRID_PCA128,ODIR,1
S000344,2,NORMAL,ODIR,HYBRID_PCA128,ODIR,1
S000345,2,NORMAL,ODIR,HYBRID_PCA128,ODIR,1
S000347,2,NORMAL,ODIR,HYBRID_PCA128,ODIR,1
S000350,2,NORMAL,ODIR,HYBRID_PCA128,ODIR,1
S000352,2,NORMAL,ODIR,HYBRID_PCA128,ODIR,1
S000359,2,NORMAL,ODIR,HYBRID_PCA128,ODIR,1
S000361,2,NORMAL,ODIR,HYBRID_PCA128,ODIR,1
S000366,2,AMD_DRY,ODIR,HYBRID_PCA128,ODIR,1
S000368,2,AMD_DRY,ODIR,HYBRID_PCA128,ODIR,1
S000369,2,AMD_DRY,ODIR,HYBRID_PCA128,ODIR,1
S000370,2,AMD_DRY,ODIR,HYBRID_PCA128,ODIR,1
S000374,2,AMD_DRY,ODIR,HYBRID_PCA128,ODIR,1
S000377,2,AMD_DRY,ODIR,HYBRID_PCA128,ODIR,1
S000378,2,AMD_DRY,ODIR,HYBRID_PCA128,ADAM,0
S000379,2,AMD_DRY,ODIR,HYBRID_PCA128,FIVES,0
S000380,2,AMD_DRY,ODIR,HYBRID_PCA128,ODIR,1
S000383,2,AMD_DRY,ODIR,HYBRID_PCA128,ODIR,1
S000390,2,AMD_DRY,ODIR,HYBRID_PCA128,ODIR,1
S000402,2,AMD_DRY,ODIR,HYBRID_PCA128,ODIR,1
S000416,2,AMD_DRY,ODIR,HYBRID_PCA128,ODIR,1
S000439,2,AMD_DRY,ODIR,HYBRID_PCA128,ODIR,1
S000441,2,AMD_DRY,ODIR,HYBRID_PCA128,ODIR,1
S000444,2,AMD_DRY,ODIR,HYBRID_PCA128,ODIR,1
S000447,2,AMD_WET,ODIR,HYBRID_PCA128,ADAM,0
S000455,2,AMD_WET,ODIR,HYBRID_PCA128,ADAM,0
S000459,2,AMD_WET,ODIR,HYBRID_PCA128,ODIR,1
S000460,2,AMD_WET,ODIR,HYBRID_PCA128,ODIR,1
S000465,2,AMD_WET,ODIR,HYBRID_PCA128,ODIR,1
S000472,2,AMD_WET,ODIR,HYBRID_PCA128,ADAM,0
S000478,2,NORMAL,RFMID,HYBRID_PCA128,RFMID,1
S000481,2,NORMAL,RFMID,HYBRID_PCA128,RFMID,1
S000490,2,NORMAL,RFMID,HYBRID_PCA128,RFMID,1
S000494,2,NORMAL,RFMID,HYBRID_PCA128,RFMID,1
S000498,2,NORMAL,RFMID,HYBRID_PCA128,RFMID,1
S000502,2,NORMAL,RFMID,HYBRID_PCA128,RFMID,1
S000508,2,NORMAL,RFMID,HYBRID_PCA128,RFMID,1
S000509,2,NORMAL,RFMID,HYBRID_PCA128,RFMID,1
S000510,2,NORMAL,RFMID,HYBRID_PCA128,RFMID,1
S000516,2,NORMAL,RFMID,HYBRID_PCA128,RFMID,1
S000517,2,NORMAL,RFMID,HYBRID_PCA128,RFMID,1
S000518,2,NORMAL,RFMID,HYBRID_PCA128,RFMID,1
S000523,2,NORMAL,RFMID,HYBRID_PCA128,RFMID,1
S000537,2,AMD_DRY,RFMID,HYBRID_PCA128,RFMID,1
S000555,2,AMD_WET,RFMID,HYBRID_PCA128,RFMID,1
S000557,2,AMD_WET,RFMID,HYBRID_PCA128,RFMID,1
S000559,2,AMD_WET,RFMID,HYBRID_PCA128,RFMID,1
S000568,2,AMD_WET,RFMID,HYBRID_PCA128,RFMID,1
S000571,2,AMD_WET,RFMID,HYBRID_PCA128,RFMID,1
S000572,2,AMD_WET,RFMID,HYBRID_PCA128,FIVES,0
S000573,2,AMD_WET,RFMID,HYBRID_PCA128,RFMID,1
S000586,2,AMD_WET,RFMID,HYBRID_PCA128,RFMID,1
S000587,2,AMD_WET,RFMID,HYBRID_PCA128,RFMID,1
S000594,2,AMD_WET,RFMID,HYBRID_PCA128,RFMID,1
S000595,2,AMD_WET,RFMID,HYBRID_PCA128,RFMID,1
S000012,3,AMD_DRY,ADAM,MAJORITY_SOURCE,ODIR,0
S000014,3,AMD_DRY,ADAM,MAJORITY_SOURCE,ODIR,0
S000016,3,AMD_DRY,ADAM,MAJORITY_SOURCE,ODIR,0
S000020,3,AMD_DRY,ADAM,MAJORITY_SOURCE,ODIR,0
S000028,3,AMD_DRY,ADAM,MAJORITY_SOURCE,ODIR,0
S000031,3,AMD_DRY,ADAM,MAJORITY_SOURCE,ODIR,0
S000034,3,AMD_DRY,ADAM,MAJORITY_SOURCE,ODIR,0
S000036,3,AMD_WET,ADAM,MAJORITY_SOURCE,ODIR,0
S000038,3,AMD_WET,ADAM,MAJORITY_SOURCE,ODIR,0
S000050,3,AMD_WET,ADAM,MAJORITY_SOURCE,ODIR,0
S000058,3,NORMAL,FIVES,MAJORITY_SOURCE,ODIR,0
S000061,3,NORMAL,FIVES,MAJORITY_SOURCE,ODIR,0
S000070,3,NORMAL,FIVES,MAJORITY_SOURCE,ODIR,0
S000073,3,NORMAL,FIVES,MAJORITY_SOURCE,ODIR,0
S000075,3,NORMAL,FIVES,MAJORITY_SOURCE,ODIR,0
S000076,3,NORMAL,FIVES,MAJORITY_SOURCE,ODIR,0
S000080,3,NORMAL,FIVES,MAJORITY_SOURCE,ODIR,0
S000082,3,NORMAL,FIVES,MAJORITY_SOURCE,ODIR,0
S000086,3,NORMAL,FIVES,MAJORITY_SOURCE,ODIR,0
S000087,3,NORMAL,FIVES,MAJORITY_SOURCE,ODIR,0
S000104,3,NORMAL,FIVES,MAJORITY_SOURCE,ODIR,0
S000115,3,NORMAL,FIVES,MAJORITY_SOURCE,ODIR,0
S000116,3,NORMAL,FIVES,MAJORITY_SOURCE,ODIR,0
S000127,3,NORMAL,FIVES,MAJORITY_SOURCE,ODIR,0
S000129,3,NORMAL,FIVES,MAJORITY_SOURCE,ODIR,0
S000132,3,NORMAL,FIVES,MAJORITY_SOURCE,ODIR,0
S000139,3,NORMAL,FIVES,MAJORITY_SOURCE,ODIR,0
S000140,3,NORMAL,FIVES,MAJORITY_SOURCE,ODIR,0
S000144,3,NORMAL,FIVES,MAJORITY_SOURCE,ODIR,0
S000148,3,NORMAL,FIVES,MAJORITY_SOURCE,ODIR,0
S000152,3,AMD_DRY,FIVES,MAJORITY_SOURCE,ODIR,0
S000156,3,AMD_DRY,FIVES,MAJORITY_SOURCE,ODIR,0
S000161,3,AMD_DRY,FIVES,MAJORITY_SOURCE,ODIR,0
S000170,3,AMD_WET,FIVES,MAJORITY_SOURCE,ODIR,0
S000172,3,AMD_WET,FIVES,MAJORITY_SOURCE,ODIR,0
S000173,3,AMD_WET,FIVES,MAJORITY_SOURCE,ODIR,0
S000174,3,AMD_WET,FIVES,MAJORITY_SOURCE,ODIR,0
S000190,3,AMD_WET,FIVES,MAJORITY_SOURCE,ODIR,0
S000193,3,AMD_WET,FIVES,MAJORITY_SOURCE,ODIR,0
S000200,3,AMD_WET,FIVES,MAJORITY_SOURCE,ODIR,0
S000201,3,AMD_WET,FIVES,MAJORITY_SOURCE,ODIR,0
S000204,3,AMD_WET,FIVES,MAJORITY_SOURCE,ODIR,0
S000207,3,AMD_WET,FIVES,MAJORITY_SOURCE,ODIR,0
S000208,3,AMD_WET,FIVES,MAJORITY_SOURCE,ODIR,0
S000213,3,AMD_WET,FIVES,MAJORITY_SOURCE,ODIR,0
S000216,3,AMD_WET,FIVES,MAJORITY_SOURCE,ODIR,0
S000220,3,AMD_WET,FIVES,MAJORITY_SOURCE,ODIR,0
S000239,3,NORMAL,ODIR,MAJORITY_SOURCE,ODIR,1
S000251,3,NORMAL,ODIR,MAJORITY_SOURCE,ODIR,1
S000257,3,NORMAL,ODIR,MAJORITY_SOURCE,ODIR,1
S000263,3,NORMAL,ODIR,MAJORITY_SOURCE,ODIR,1
S000270,3,NORMAL,ODIR,MAJORITY_SOURCE,ODIR,1
S000273,3,NORMAL,ODIR,MAJORITY_SOURCE,ODIR,1
S000277,3,NORMAL,ODIR,MAJORITY_SOURCE,ODIR,1
S000278,3,NORMAL,ODIR,MAJORITY_SOURCE,ODIR,1
S000296,3,NORMAL,ODIR,MAJORITY_SOURCE,ODIR,1
S000301,3,NORMAL,ODIR,MAJORITY_SOURCE,ODIR,1
S000306,3,NORMAL,ODIR,MAJORITY_SOURCE,ODIR,1
S000308,3,NORMAL,ODIR,MAJORITY_SOURCE,ODIR,1
S000319,3,NORMAL,ODIR,MAJORITY_SOURCE,ODIR,1
S000324,3,NORMAL,ODIR,MAJORITY_SOURCE,ODIR,1
S000325,3,NORMAL,ODIR,MAJORITY_SOURCE,ODIR,1
S000328,3,NORMAL,ODIR,MAJORITY_SOURCE,ODIR,1
S000331,3,NORMAL,ODIR,MAJORITY_SOURCE,ODIR,1
S000334,3,NORMAL,ODIR,MAJORITY_SOURCE,ODIR,1
S000338,3,NORMAL,ODIR,MAJORITY_SOURCE,ODIR,1
S000339,3,NORMAL,ODIR,MAJORITY_SOURCE,ODIR,1
S000342,3,NORMAL,ODIR,MAJORITY_SOURCE,ODIR,1
S000348,3,NORMAL,ODIR,MAJORITY_SOURCE,ODIR,1
S000354,3,NORMAL,ODIR,MAJORITY_SOURCE,ODIR,1
S000357,3,NORMAL,ODIR,MAJORITY_SOURCE,ODIR,1
S000362,3,NORMAL,ODIR,MAJORITY_SOURCE,ODIR,1
S000367,3,AMD_DRY,ODIR,MAJORITY_SOURCE,ODIR,1
S000373,3,AMD_DRY,ODIR,MAJORITY_SOURCE,ODIR,1
S000375,3,AMD_DRY,ODIR,MAJORITY_SOURCE,ODIR,1
S000381,3,AMD_DRY,ODIR,MAJORITY_SOURCE,ODIR,1
S000389,3,AMD_DRY,ODIR,MAJORITY_SOURCE,ODIR,1
S000394,3,AMD_DRY,ODIR,MAJORITY_SOURCE,ODIR,1
S000399,3,AMD_DRY,ODIR,MAJORITY_SOURCE,ODIR,1
S000411,3,AMD_DRY,ODIR,MAJORITY_SOURCE,ODIR,1
S000412,3,AMD_DRY,ODIR,MAJORITY_SOURCE,ODIR,1
S000417,3,AMD_DRY,ODIR,MAJORITY_SOURCE,ODIR,1
S000418,3,AMD_DRY,ODIR,MAJORITY_SOURCE,ODIR,1
S000423,3,AMD_DRY,ODIR,MAJORITY_SOURCE,ODIR,1
S000426,3,AMD_DRY,ODIR,MAJORITY_SOURCE,ODIR,1
S000435,3,AMD_DRY,ODIR,MAJORITY_SOURCE,ODIR,1
S000440,3,AMD_DRY,ODIR,MAJORITY_SOURCE,ODIR,1
S000442,3,AMD_DRY,ODIR,MAJORITY_SOURCE,ODIR,1
S000448,3,AMD_WET,ODIR,MAJORITY_SOURCE,ODIR,1
S000453,3,AMD_WET,ODIR,MAJORITY_SOURCE,ODIR,1
S000457,3,AMD_WET,ODIR,MAJORITY_SOURCE,ODIR,1
S000458,3,AMD_WET,ODIR,MAJORITY_SOURCE,ODIR,1
S000461,3,AMD_WET,ODIR,MAJORITY_SOURCE,ODIR,1
S000464,3,AMD_WET,ODIR,MAJORITY_SOURCE,ODIR,1
S000473,3,NORMAL,RFMID,MAJORITY_SOURCE,ODIR,0
S000482,3,NORMAL,RFMID,MAJORITY_SOURCE,ODIR,0
S000497,3,NORMAL,RFMID,MAJORITY_SOURCE,ODIR,0
S000499,3,NORMAL,RFMID,MAJORITY_SOURCE,ODIR,0
S000500,3,NORMAL,RFMID,MAJORITY_SOURCE,ODIR,0
S000505,3,NORMAL,RFMID,MAJORITY_SOURCE,ODIR,0
S000512,3,NORMAL,RFMID,MAJORITY_SOURCE,ODIR,0
S000514,3,NORMAL,RFMID,MAJORITY_SOURCE,ODIR,0
S000521,3,NORMAL,RFMID,MAJORITY_SOURCE,ODIR,0
S000524,3,NORMAL,RFMID,MAJORITY_SOURCE,ODIR,0
S000530,3,NORMAL,RFMID,MAJORITY_SOURCE,ODIR,0
S000534,3,NORMAL,RFMID,MAJORITY_SOURCE,ODIR,0
S000540,3,AMD_DRY,RFMID,MAJORITY_SOURCE,ODIR,0
S000541,3,AMD_DRY,RFMID,MAJORITY_SOURCE,ODIR,0
S000544,3,AMD_WET,RFMID,MAJORITY_SOURCE,ODIR,0
S000546,3,AMD_WET,RFMID,MAJORITY_SOURCE,ODIR,0
S000549,3,AMD_WET,RFMID,MAJORITY_SOURCE,ODIR,0
S000560,3,AMD_WET,RFMID,MAJORITY_SOURCE,ODIR,0
S000561,3,AMD_WET,RFMID,MAJORITY_SOURCE,ODIR,0
S000562,3,AMD_WET,RFMID,MAJORITY_SOURCE,ODIR,0
S000563,3,AMD_WET,RFMID,MAJORITY_SOURCE,ODIR,0
S000564,3,AMD_WET,RFMID,MAJORITY_SOURCE,ODIR,0
S000569,3,AMD_WET,RFMID,MAJORITY_SOURCE,ODIR,0
S000593,3,AMD_WET,RFMID,MAJORITY_SOURCE,ODIR,0
S000596,3,AMD_WET,RFMID,MAJORITY_SOURCE,ODIR,0
S000012,3,AMD_DRY,ADAM,DISEASE_LABEL_ONLY,ADAM,1
S000014,3,AMD_DRY,ADAM,DISEASE_LABEL_ONLY,ADAM,1
S000016,3,AMD_DRY,ADAM,DISEASE_LABEL_ONLY,ADAM,1
S000020,3,AMD_DRY,ADAM,DISEASE_LABEL_ONLY,ADAM,1
S000028,3,AMD_DRY,ADAM,DISEASE_LABEL_ONLY,ADAM,1
S000031,3,AMD_DRY,ADAM,DISEASE_LABEL_ONLY,ADAM,1
S000034,3,AMD_DRY,ADAM,DISEASE_LABEL_ONLY,ADAM,1
S000036,3,AMD_WET,ADAM,DISEASE_LABEL_ONLY,RFMID,0
S000038,3,AMD_WET,ADAM,DISEASE_LABEL_ONLY,RFMID,0
S000050,3,AMD_WET,ADAM,DISEASE_LABEL_ONLY,RFMID,0
S000058,3,NORMAL,FIVES,DISEASE_LABEL_ONLY,FIVES,1
S000061,3,NORMAL,FIVES,DISEASE_LABEL_ONLY,FIVES,1
S000070,3,NORMAL,FIVES,DISEASE_LABEL_ONLY,FIVES,1
S000073,3,NORMAL,FIVES,DISEASE_LABEL_ONLY,FIVES,1
S000075,3,NORMAL,FIVES,DISEASE_LABEL_ONLY,FIVES,1
S000076,3,NORMAL,FIVES,DISEASE_LABEL_ONLY,FIVES,1
S000080,3,NORMAL,FIVES,DISEASE_LABEL_ONLY,FIVES,1
S000082,3,NORMAL,FIVES,DISEASE_LABEL_ONLY,FIVES,1
S000086,3,NORMAL,FIVES,DISEASE_LABEL_ONLY,FIVES,1
S000087,3,NORMAL,FIVES,DISEASE_LABEL_ONLY,FIVES,1
S000104,3,NORMAL,FIVES,DISEASE_LABEL_ONLY,FIVES,1
S000115,3,NORMAL,FIVES,DISEASE_LABEL_ONLY,FIVES,1
S000116,3,NORMAL,FIVES,DISEASE_LABEL_ONLY,FIVES,1
S000127,3,NORMAL,FIVES,DISEASE_LABEL_ONLY,FIVES,1
S000129,3,NORMAL,FIVES,DISEASE_LABEL_ONLY,FIVES,1
S000132,3,NORMAL,FIVES,DISEASE_LABEL_ONLY,FIVES,1
S000139,3,NORMAL,FIVES,DISEASE_LABEL_ONLY,FIVES,1
S000140,3,NORMAL,FIVES,DISEASE_LABEL_ONLY,FIVES,1
S000144,3,NORMAL,FIVES,DISEASE_LABEL_ONLY,FIVES,1
S000148,3,NORMAL,FIVES,DISEASE_LABEL_ONLY,FIVES,1
S000152,3,AMD_DRY,FIVES,DISEASE_LABEL_ONLY,ADAM,0
S000156,3,AMD_DRY,FIVES,DISEASE_LABEL_ONLY,ADAM,0
S000161,3,AMD_DRY,FIVES,DISEASE_LABEL_ONLY,ADAM,0
S000170,3,AMD_WET,FIVES,DISEASE_LABEL_ONLY,RFMID,0
S000172,3,AMD_WET,FIVES,DISEASE_LABEL_ONLY,RFMID,0
S000173,3,AMD_WET,FIVES,DISEASE_LABEL_ONLY,RFMID,0
S000174,3,AMD_WET,FIVES,DISEASE_LABEL_ONLY,RFMID,0
S000190,3,AMD_WET,FIVES,DISEASE_LABEL_ONLY,RFMID,0
S000193,3,AMD_WET,FIVES,DISEASE_LABEL_ONLY,RFMID,0
S000200,3,AMD_WET,FIVES,DISEASE_LABEL_ONLY,RFMID,0
S000201,3,AMD_WET,FIVES,DISEASE_LABEL_ONLY,RFMID,0
S000204,3,AMD_WET,FIVES,DISEASE_LABEL_ONLY,RFMID,0
S000207,3,AMD_WET,FIVES,DISEASE_LABEL_ONLY,RFMID,0
S000208,3,AMD_WET,FIVES,DISEASE_LABEL_ONLY,RFMID,0
S000213,3,AMD_WET,FIVES,DISEASE_LABEL_ONLY,RFMID,0
S000216,3,AMD_WET,FIVES,DISEASE_LABEL_ONLY,RFMID,0
S000220,3,AMD_WET,FIVES,DISEASE_LABEL_ONLY,RFMID,0
S000239,3,NORMAL,ODIR,DISEASE_LABEL_ONLY,FIVES,0
S000251,3,NORMAL,ODIR,DISEASE_LABEL_ONLY,FIVES,0
S000257,3,NORMAL,ODIR,DISEASE_LABEL_ONLY,FIVES,0
S000263,3,NORMAL,ODIR,DISEASE_LABEL_ONLY,FIVES,0
S000270,3,NORMAL,ODIR,DISEASE_LABEL_ONLY,FIVES,0
S000273,3,NORMAL,ODIR,DISEASE_LABEL_ONLY,FIVES,0
S000277,3,NORMAL,ODIR,DISEASE_LABEL_ONLY,FIVES,0
S000278,3,NORMAL,ODIR,DISEASE_LABEL_ONLY,FIVES,0
S000296,3,NORMAL,ODIR,DISEASE_LABEL_ONLY,FIVES,0
S000301,3,NORMAL,ODIR,DISEASE_LABEL_ONLY,FIVES,0
S000306,3,NORMAL,ODIR,DISEASE_LABEL_ONLY,FIVES,0
S000308,3,NORMAL,ODIR,DISEASE_LABEL_ONLY,FIVES,0
S000319,3,NORMAL,ODIR,DISEASE_LABEL_ONLY,FIVES,0
S000324,3,NORMAL,ODIR,DISEASE_LABEL_ONLY,FIVES,0
S000325,3,NORMAL,ODIR,DISEASE_LABEL_ONLY,FIVES,0
S000328,3,NORMAL,ODIR,DISEASE_LABEL_ONLY,FIVES,0
S000331,3,NORMAL,ODIR,DISEASE_LABEL_ONLY,FIVES,0
S000334,3,NORMAL,ODIR,DISEASE_LABEL_ONLY,FIVES,0
S000338,3,NORMAL,ODIR,DISEASE_LABEL_ONLY,FIVES,0
S000339,3,NORMAL,ODIR,DISEASE_LABEL_ONLY,FIVES,0
S000342,3,NORMAL,ODIR,DISEASE_LABEL_ONLY,FIVES,0
S000348,3,NORMAL,ODIR,DISEASE_LABEL_ONLY,FIVES,0
S000354,3,NORMAL,ODIR,DISEASE_LABEL_ONLY,FIVES,0
S000357,3,NORMAL,ODIR,DISEASE_LABEL_ONLY,FIVES,0
S000362,3,NORMAL,ODIR,DISEASE_LABEL_ONLY,FIVES,0
S000367,3,AMD_DRY,ODIR,DISEASE_LABEL_ONLY,ADAM,0
S000373,3,AMD_DRY,ODIR,DISEASE_LABEL_ONLY,ADAM,0
S000375,3,AMD_DRY,ODIR,DISEASE_LABEL_ONLY,ADAM,0
S000381,3,AMD_DRY,ODIR,DISEASE_LABEL_ONLY,ADAM,0
S000389,3,AMD_DRY,ODIR,DISEASE_LABEL_ONLY,ADAM,0
S000394,3,AMD_DRY,ODIR,DISEASE_LABEL_ONLY,ADAM,0
S000399,3,AMD_DRY,ODIR,DISEASE_LABEL_ONLY,ADAM,0
S000411,3,AMD_DRY,ODIR,DISEASE_LABEL_ONLY,ADAM,0
S000412,3,AMD_DRY,ODIR,DISEASE_LABEL_ONLY,ADAM,0
S000417,3,AMD_DRY,ODIR,DISEASE_LABEL_ONLY,ADAM,0
S000418,3,AMD_DRY,ODIR,DISEASE_LABEL_ONLY,ADAM,0
S000423,3,AMD_DRY,ODIR,DISEASE_LABEL_ONLY,ADAM,0
S000426,3,AMD_DRY,ODIR,DISEASE_LABEL_ONLY,ADAM,0
S000435,3,AMD_DRY,ODIR,DISEASE_LABEL_ONLY,ADAM,0
S000440,3,AMD_DRY,ODIR,DISEASE_LABEL_ONLY,ADAM,0
S000442,3,AMD_DRY,ODIR,DISEASE_LABEL_ONLY,ADAM,0
S000448,3,AMD_WET,ODIR,DISEASE_LABEL_ONLY,RFMID,0
S000453,3,AMD_WET,ODIR,DISEASE_LABEL_ONLY,RFMID,0
S000457,3,AMD_WET,ODIR,DISEASE_LABEL_ONLY,RFMID,0
S000458,3,AMD_WET,ODIR,DISEASE_LABEL_ONLY,RFMID,0
S000461,3,AMD_WET,ODIR,DISEASE_LABEL_ONLY,RFMID,0
S000464,3,AMD_WET,ODIR,DISEASE_LABEL_ONLY,RFMID,0
S000473,3,NORMAL,RFMID,DISEASE_LABEL_ONLY,FIVES,0
S000482,3,NORMAL,RFMID,DISEASE_LABEL_ONLY,FIVES,0
S000497,3,NORMAL,RFMID,DISEASE_LABEL_ONLY,FIVES,0
S000499,3,NORMAL,RFMID,DISEASE_LABEL_ONLY,FIVES,0
S000500,3,NORMAL,RFMID,DISEASE_LABEL_ONLY,FIVES,0
S000505,3,NORMAL,RFMID,DISEASE_LABEL_ONLY,FIVES,0
S000512,3,NORMAL,RFMID,DISEASE_LABEL_ONLY,FIVES,0
S000514,3,NORMAL,RFMID,DISEASE_LABEL_ONLY,FIVES,0
S000521,3,NORMAL,RFMID,DISEASE_LABEL_ONLY,FIVES,0
S000524,3,NORMAL,RFMID,DISEASE_LABEL_ONLY,FIVES,0
S000530,3,NORMAL,RFMID,DISEASE_LABEL_ONLY,FIVES,0
S000534,3,NORMAL,RFMID,DISEASE_LABEL_ONLY,FIVES,0
S000540,3,AMD_DRY,RFMID,DISEASE_LABEL_ONLY,ADAM,0
S000541,3,AMD_DRY,RFMID,DISEASE_LABEL_ONLY,ADAM,0
S000544,3,AMD_WET,RFMID,DISEASE_LABEL_ONLY,RFMID,1
S000546,3,AMD_WET,RFMID,DISEASE_LABEL_ONLY,RFMID,1
S000549,3,AMD_WET,RFMID,DISEASE_LABEL_ONLY,RFMID,1
S000560,3,AMD_WET,RFMID,DISEASE_LABEL_ONLY,RFMID,1
S000561,3,AMD_WET,RFMID,DISEASE_LABEL_ONLY,RFMID,1
S000562,3,AMD_WET,RFMID,DISEASE_LABEL_ONLY,RFMID,1
S000563,3,AMD_WET,RFMID,DISEASE_LABEL_ONLY,RFMID,1
S000564,3,AMD_WET,RFMID,DISEASE_LABEL_ONLY,RFMID,1
S000569,3,AMD_WET,RFMID,DISEASE_LABEL_ONLY,RFMID,1
S000593,3,AMD_WET,RFMID,DISEASE_LABEL_ONLY,RFMID,1
S000596,3,AMD_WET,RFMID,DISEASE_LABEL_ONLY,RFMID,1
S000012,3,AMD_DRY,ADAM,HANDCRAFTED32,ADAM,1
S000014,3,AMD_DRY,ADAM,HANDCRAFTED32,ADAM,1
S000016,3,AMD_DRY,ADAM,HANDCRAFTED32,ADAM,1
S000020,3,AMD_DRY,ADAM,HANDCRAFTED32,ADAM,1
S000028,3,AMD_DRY,ADAM,HANDCRAFTED32,ADAM,1
S000031,3,AMD_DRY,ADAM,HANDCRAFTED32,ODIR,0
S000034,3,AMD_DRY,ADAM,HANDCRAFTED32,ADAM,1
S000036,3,AMD_WET,ADAM,HANDCRAFTED32,ADAM,1
S000038,3,AMD_WET,ADAM,HANDCRAFTED32,ADAM,1
S000050,3,AMD_WET,ADAM,HANDCRAFTED32,ODIR,0
S000058,3,NORMAL,FIVES,HANDCRAFTED32,FIVES,1
S000061,3,NORMAL,FIVES,HANDCRAFTED32,FIVES,1
S000070,3,NORMAL,FIVES,HANDCRAFTED32,FIVES,1
S000073,3,NORMAL,FIVES,HANDCRAFTED32,FIVES,1
S000075,3,NORMAL,FIVES,HANDCRAFTED32,FIVES,1
S000076,3,NORMAL,FIVES,HANDCRAFTED32,FIVES,1
S000080,3,NORMAL,FIVES,HANDCRAFTED32,FIVES,1
S000082,3,NORMAL,FIVES,HANDCRAFTED32,FIVES,1
S000086,3,NORMAL,FIVES,HANDCRAFTED32,FIVES,1
S000087,3,NORMAL,FIVES,HANDCRAFTED32,FIVES,1
S000104,3,NORMAL,FIVES,HANDCRAFTED32,FIVES,1
S000115,3,NORMAL,FIVES,HANDCRAFTED32,FIVES,1
S000116,3,NORMAL,FIVES,HANDCRAFTED32,FIVES,1
S000127,3,NORMAL,FIVES,HANDCRAFTED32,FIVES,1
S000129,3,NORMAL,FIVES,HANDCRAFTED32,FIVES,1
S000132,3,NORMAL,FIVES,HANDCRAFTED32,FIVES,1
S000139,3,NORMAL,FIVES,HANDCRAFTED32,FIVES,1
S000140,3,NORMAL,FIVES,HANDCRAFTED32,FIVES,1
S000144,3,NORMAL,FIVES,HANDCRAFTED32,FIVES,1
S000148,3,NORMAL,FIVES,HANDCRAFTED32,FIVES,1
S000152,3,AMD_DRY,FIVES,HANDCRAFTED32,RFMID,0
S000156,3,AMD_DRY,FIVES,HANDCRAFTED32,FIVES,1
S000161,3,AMD_DRY,FIVES,HANDCRAFTED32,FIVES,1
S000170,3,AMD_WET,FIVES,HANDCRAFTED32,RFMID,0
S000172,3,AMD_WET,FIVES,HANDCRAFTED32,FIVES,1
S000173,3,AMD_WET,FIVES,HANDCRAFTED32,FIVES,1
S000174,3,AMD_WET,FIVES,HANDCRAFTED32,FIVES,1
S000190,3,AMD_WET,FIVES,HANDCRAFTED32,FIVES,1
S000193,3,AMD_WET,FIVES,HANDCRAFTED32,FIVES,1
S000200,3,AMD_WET,FIVES,HANDCRAFTED32,FIVES,1
S000201,3,AMD_WET,FIVES,HANDCRAFTED32,FIVES,1
S000204,3,AMD_WET,FIVES,HANDCRAFTED32,RFMID,0
S000207,3,AMD_WET,FIVES,HANDCRAFTED32,FIVES,1
S000208,3,AMD_WET,FIVES,HANDCRAFTED32,FIVES,1
S000213,3,AMD_WET,FIVES,HANDCRAFTED32,FIVES,1
S000216,3,AMD_WET,FIVES,HANDCRAFTED32,FIVES,1
S000220,3,AMD_WET,FIVES,HANDCRAFTED32,FIVES,1
S000239,3,NORMAL,ODIR,HANDCRAFTED32,ODIR,1
S000251,3,NORMAL,ODIR,HANDCRAFTED32,RFMID,0
S000257,3,NORMAL,ODIR,HANDCRAFTED32,ODIR,1
S000263,3,NORMAL,ODIR,HANDCRAFTED32,ODIR,1
S000270,3,NORMAL,ODIR,HANDCRAFTED32,ODIR,1
S000273,3,NORMAL,ODIR,HANDCRAFTED32,ODIR,1
S000277,3,NORMAL,ODIR,HANDCRAFTED32,ODIR,1
S000278,3,NORMAL,ODIR,HANDCRAFTED32,ODIR,1
S000296,3,NORMAL,ODIR,HANDCRAFTED32,ODIR,1
S000301,3,NORMAL,ODIR,HANDCRAFTED32,ODIR,1
S000306,3,NORMAL,ODIR,HANDCRAFTED32,ODIR,1
S000308,3,NORMAL,ODIR,HANDCRAFTED32,ODIR,1
S000319,3,NORMAL,ODIR,HANDCRAFTED32,ODIR,1
S000324,3,NORMAL,ODIR,HANDCRAFTED32,ODIR,1
S000325,3,NORMAL,ODIR,HANDCRAFTED32,ODIR,1
S000328,3,NORMAL,ODIR,HANDCRAFTED32,ODIR,1
S000331,3,NORMAL,ODIR,HANDCRAFTED32,ODIR,1
S000334,3,NORMAL,ODIR,HANDCRAFTED32,ODIR,1
S000338,3,NORMAL,ODIR,HANDCRAFTED32,ODIR,1
S000339,3,NORMAL,ODIR,HANDCRAFTED32,ODIR,1
S000342,3,NORMAL,ODIR,HANDCRAFTED32,ODIR,1
S000348,3,NORMAL,ODIR,HANDCRAFTED32,FIVES,0
S000354,3,NORMAL,ODIR,HANDCRAFTED32,ODIR,1
S000357,3,NORMAL,ODIR,HANDCRAFTED32,ODIR,1
S000362,3,NORMAL,ODIR,HANDCRAFTED32,ODIR,1
S000367,3,AMD_DRY,ODIR,HANDCRAFTED32,RFMID,0
S000373,3,AMD_DRY,ODIR,HANDCRAFTED32,ODIR,1
S000375,3,AMD_DRY,ODIR,HANDCRAFTED32,ODIR,1
S000381,3,AMD_DRY,ODIR,HANDCRAFTED32,ADAM,0
S000389,3,AMD_DRY,ODIR,HANDCRAFTED32,ODIR,1
S000394,3,AMD_DRY,ODIR,HANDCRAFTED32,ODIR,1
S000399,3,AMD_DRY,ODIR,HANDCRAFTED32,ADAM,0
S000411,3,AMD_DRY,ODIR,HANDCRAFTED32,ODIR,1
S000412,3,AMD_DRY,ODIR,HANDCRAFTED32,ODIR,1
S000417,3,AMD_DRY,ODIR,HANDCRAFTED32,ODIR,1
S000418,3,AMD_DRY,ODIR,HANDCRAFTED32,ODIR,1
S000423,3,AMD_DRY,ODIR,HANDCRAFTED32,ODIR,1
S000426,3,AMD_DRY,ODIR,HANDCRAFTED32,RFMID,0
S000435,3,AMD_DRY,ODIR,HANDCRAFTED32,ODIR,1
S000440,3,AMD_DRY,ODIR,HANDCRAFTED32,ODIR,1
S000442,3,AMD_DRY,ODIR,HANDCRAFTED32,ODIR,1
S000448,3,AMD_WET,ODIR,HANDCRAFTED32,ODIR,1
S000453,3,AMD_WET,ODIR,HANDCRAFTED32,ODIR,1
S000457,3,AMD_WET,ODIR,HANDCRAFTED32,RFMID,0
S000458,3,AMD_WET,ODIR,HANDCRAFTED32,ODIR,1
S000461,3,AMD_WET,ODIR,HANDCRAFTED32,ADAM,0
S000464,3,AMD_WET,ODIR,HANDCRAFTED32,ODIR,1
S000473,3,NORMAL,RFMID,HANDCRAFTED32,RFMID,1
S000482,3,NORMAL,RFMID,HANDCRAFTED32,RFMID,1
S000497,3,NORMAL,RFMID,HANDCRAFTED32,RFMID,1
S000499,3,NORMAL,RFMID,HANDCRAFTED32,RFMID,1
S000500,3,NORMAL,RFMID,HANDCRAFTED32,RFMID,1
S000505,3,NORMAL,RFMID,HANDCRAFTED32,RFMID,1
S000512,3,NORMAL,RFMID,HANDCRAFTED32,RFMID,1
S000514,3,NORMAL,RFMID,HANDCRAFTED32,RFMID,1
S000521,3,NORMAL,RFMID,HANDCRAFTED32,RFMID,1
S000524,3,NORMAL,RFMID,HANDCRAFTED32,RFMID,1
S000530,3,NORMAL,RFMID,HANDCRAFTED32,RFMID,1
S000534,3,NORMAL,RFMID,HANDCRAFTED32,RFMID,1
S000540,3,AMD_DRY,RFMID,HANDCRAFTED32,RFMID,1
S000541,3,AMD_DRY,RFMID,HANDCRAFTED32,RFMID,1
S000544,3,AMD_WET,RFMID,HANDCRAFTED32,RFMID,1
S000546,3,AMD_WET,RFMID,HANDCRAFTED32,ADAM,0
S000549,3,AMD_WET,RFMID,HANDCRAFTED32,RFMID,1
S000560,3,AMD_WET,RFMID,HANDCRAFTED32,ODIR,0
S000561,3,AMD_WET,RFMID,HANDCRAFTED32,FIVES,0
S000562,3,AMD_WET,RFMID,HANDCRAFTED32,RFMID,1
S000563,3,AMD_WET,RFMID,HANDCRAFTED32,RFMID,1
S000564,3,AMD_WET,RFMID,HANDCRAFTED32,FIVES,0
S000569,3,AMD_WET,RFMID,HANDCRAFTED32,RFMID,1
S000593,3,AMD_WET,RFMID,HANDCRAFTED32,RFMID,1
S000596,3,AMD_WET,RFMID,HANDCRAFTED32,RFMID,1
S000012,3,AMD_DRY,ADAM,VIT768,ADAM,1
S000014,3,AMD_DRY,ADAM,VIT768,ADAM,1
S000016,3,AMD_DRY,ADAM,VIT768,ADAM,1
S000020,3,AMD_DRY,ADAM,VIT768,ODIR,0
S000028,3,AMD_DRY,ADAM,VIT768,ADAM,1
S000031,3,AMD_DRY,ADAM,VIT768,ADAM,1
S000034,3,AMD_DRY,ADAM,VIT768,ADAM,1
S000036,3,AMD_WET,ADAM,VIT768,ADAM,1
S000038,3,AMD_WET,ADAM,VIT768,ADAM,1
S000050,3,AMD_WET,ADAM,VIT768,ODIR,0
S000058,3,NORMAL,FIVES,VIT768,FIVES,1
S000061,3,NORMAL,FIVES,VIT768,FIVES,1
S000070,3,NORMAL,FIVES,VIT768,FIVES,1
S000073,3,NORMAL,FIVES,VIT768,FIVES,1
S000075,3,NORMAL,FIVES,VIT768,FIVES,1
S000076,3,NORMAL,FIVES,VIT768,FIVES,1
S000080,3,NORMAL,FIVES,VIT768,FIVES,1
S000082,3,NORMAL,FIVES,VIT768,FIVES,1
S000086,3,NORMAL,FIVES,VIT768,FIVES,1
S000087,3,NORMAL,FIVES,VIT768,FIVES,1
S000104,3,NORMAL,FIVES,VIT768,FIVES,1
S000115,3,NORMAL,FIVES,VIT768,FIVES,1
S000116,3,NORMAL,FIVES,VIT768,FIVES,1
S000127,3,NORMAL,FIVES,VIT768,FIVES,1
S000129,3,NORMAL,FIVES,VIT768,FIVES,1
S000132,3,NORMAL,FIVES,VIT768,FIVES,1
S000139,3,NORMAL,FIVES,VIT768,FIVES,1
S000140,3,NORMAL,FIVES,VIT768,FIVES,1
S000144,3,NORMAL,FIVES,VIT768,FIVES,1
S000148,3,NORMAL,FIVES,VIT768,FIVES,1
S000152,3,AMD_DRY,FIVES,VIT768,ODIR,0
S000156,3,AMD_DRY,FIVES,VIT768,ODIR,0
S000161,3,AMD_DRY,FIVES,VIT768,FIVES,1
S000170,3,AMD_WET,FIVES,VIT768,ADAM,0
S000172,3,AMD_WET,FIVES,VIT768,FIVES,1
S000173,3,AMD_WET,FIVES,VIT768,FIVES,1
S000174,3,AMD_WET,FIVES,VIT768,ADAM,0
S000190,3,AMD_WET,FIVES,VIT768,FIVES,1
S000193,3,AMD_WET,FIVES,VIT768,FIVES,1
S000200,3,AMD_WET,FIVES,VIT768,FIVES,1
S000201,3,AMD_WET,FIVES,VIT768,FIVES,1
S000204,3,AMD_WET,FIVES,VIT768,FIVES,1
S000207,3,AMD_WET,FIVES,VIT768,FIVES,1
S000208,3,AMD_WET,FIVES,VIT768,FIVES,1
S000213,3,AMD_WET,FIVES,VIT768,FIVES,1
S000216,3,AMD_WET,FIVES,VIT768,RFMID,0
S000220,3,AMD_WET,FIVES,VIT768,FIVES,1
S000239,3,NORMAL,ODIR,VIT768,ODIR,1
S000251,3,NORMAL,ODIR,VIT768,ODIR,1
S000257,3,NORMAL,ODIR,VIT768,ODIR,1
S000263,3,NORMAL,ODIR,VIT768,ODIR,1
S000270,3,NORMAL,ODIR,VIT768,ODIR,1
S000273,3,NORMAL,ODIR,VIT768,ODIR,1
S000277,3,NORMAL,ODIR,VIT768,ODIR,1
S000278,3,NORMAL,ODIR,VIT768,ODIR,1
S000296,3,NORMAL,ODIR,VIT768,ADAM,0
S000301,3,NORMAL,ODIR,VIT768,ODIR,1
S000306,3,NORMAL,ODIR,VIT768,ODIR,1
S000308,3,NORMAL,ODIR,VIT768,ODIR,1
S000319,3,NORMAL,ODIR,VIT768,ODIR,1
S000324,3,NORMAL,ODIR,VIT768,ODIR,1
S000325,3,NORMAL,ODIR,VIT768,ODIR,1
S000328,3,NORMAL,ODIR,VIT768,ODIR,1
S000331,3,NORMAL,ODIR,VIT768,ODIR,1
S000334,3,NORMAL,ODIR,VIT768,ODIR,1
S000338,3,NORMAL,ODIR,VIT768,ODIR,1
S000339,3,NORMAL,ODIR,VIT768,ODIR,1
S000342,3,NORMAL,ODIR,VIT768,ODIR,1
S000348,3,NORMAL,ODIR,VIT768,ODIR,1
S000354,3,NORMAL,ODIR,VIT768,ODIR,1
S000357,3,NORMAL,ODIR,VIT768,ODIR,1
S000362,3,NORMAL,ODIR,VIT768,ODIR,1
S000367,3,AMD_DRY,ODIR,VIT768,FIVES,0
S000373,3,AMD_DRY,ODIR,VIT768,ODIR,1
S000375,3,AMD_DRY,ODIR,VIT768,ODIR,1
S000381,3,AMD_DRY,ODIR,VIT768,ADAM,0
S000389,3,AMD_DRY,ODIR,VIT768,ADAM,0
S000394,3,AMD_DRY,ODIR,VIT768,ODIR,1
S000399,3,AMD_DRY,ODIR,VIT768,ODIR,1
S000411,3,AMD_DRY,ODIR,VIT768,ODIR,1
S000412,3,AMD_DRY,ODIR,VIT768,ODIR,1
S000417,3,AMD_DRY,ODIR,VIT768,ADAM,0
S000418,3,AMD_DRY,ODIR,VIT768,ODIR,1
S000423,3,AMD_DRY,ODIR,VIT768,ODIR,1
S000426,3,AMD_DRY,ODIR,VIT768,ODIR,1
S000435,3,AMD_DRY,ODIR,VIT768,ODIR,1
S000440,3,AMD_DRY,ODIR,VIT768,ODIR,1
S000442,3,AMD_DRY,ODIR,VIT768,ODIR,1
S000448,3,AMD_WET,ODIR,VIT768,ODIR,1
S000453,3,AMD_WET,ODIR,VIT768,ODIR,1
S000457,3,AMD_WET,ODIR,VIT768,FIVES,0
S000458,3,AMD_WET,ODIR,VIT768,ODIR,1
S000461,3,AMD_WET,ODIR,VIT768,ODIR,1
S000464,3,AMD_WET,ODIR,VIT768,ODIR,1
S000473,3,NORMAL,RFMID,VIT768,RFMID,1
S000482,3,NORMAL,RFMID,VIT768,RFMID,1
S000497,3,NORMAL,RFMID,VIT768,RFMID,1
S000499,3,NORMAL,RFMID,VIT768,RFMID,1
S000500,3,NORMAL,RFMID,VIT768,RFMID,1
S000505,3,NORMAL,RFMID,VIT768,RFMID,1
S000512,3,NORMAL,RFMID,VIT768,RFMID,1
S000514,3,NORMAL,RFMID,VIT768,RFMID,1
S000521,3,NORMAL,RFMID,VIT768,RFMID,1
S000524,3,NORMAL,RFMID,VIT768,RFMID,1
S000530,3,NORMAL,RFMID,VIT768,RFMID,1
S000534,3,NORMAL,RFMID,VIT768,RFMID,1
S000540,3,AMD_DRY,RFMID,VIT768,RFMID,1
S000541,3,AMD_DRY,RFMID,VIT768,RFMID,1
S000544,3,AMD_WET,RFMID,VIT768,RFMID,1
S000546,3,AMD_WET,RFMID,VIT768,RFMID,1
S000549,3,AMD_WET,RFMID,VIT768,RFMID,1
S000560,3,AMD_WET,RFMID,VIT768,RFMID,1
S000561,3,AMD_WET,RFMID,VIT768,FIVES,0
S000562,3,AMD_WET,RFMID,VIT768,RFMID,1
S000563,3,AMD_WET,RFMID,VIT768,RFMID,1
S000564,3,AMD_WET,RFMID,VIT768,RFMID,1
S000569,3,AMD_WET,RFMID,VIT768,RFMID,1
S000593,3,AMD_WET,RFMID,VIT768,RFMID,1
S000596,3,AMD_WET,RFMID,VIT768,RFMID,1
S000012,3,AMD_DRY,ADAM,HYBRID800,ADAM,1
S000014,3,AMD_DRY,ADAM,HYBRID800,ADAM,1
S000016,3,AMD_DRY,ADAM,HYBRID800,ADAM,1
S000020,3,AMD_DRY,ADAM,HYBRID800,ODIR,0
S000028,3,AMD_DRY,ADAM,HYBRID800,ADAM,1
S000031,3,AMD_DRY,ADAM,HYBRID800,ADAM,1
S000034,3,AMD_DRY,ADAM,HYBRID800,ADAM,1
S000036,3,AMD_WET,ADAM,HYBRID800,ADAM,1
S000038,3,AMD_WET,ADAM,HYBRID800,ADAM,1
S000050,3,AMD_WET,ADAM,HYBRID800,ODIR,0
S000058,3,NORMAL,FIVES,HYBRID800,FIVES,1
S000061,3,NORMAL,FIVES,HYBRID800,FIVES,1
S000070,3,NORMAL,FIVES,HYBRID800,FIVES,1
S000073,3,NORMAL,FIVES,HYBRID800,FIVES,1
S000075,3,NORMAL,FIVES,HYBRID800,FIVES,1
S000076,3,NORMAL,FIVES,HYBRID800,FIVES,1
S000080,3,NORMAL,FIVES,HYBRID800,FIVES,1
S000082,3,NORMAL,FIVES,HYBRID800,FIVES,1
S000086,3,NORMAL,FIVES,HYBRID800,FIVES,1
S000087,3,NORMAL,FIVES,HYBRID800,FIVES,1
S000104,3,NORMAL,FIVES,HYBRID800,FIVES,1
S000115,3,NORMAL,FIVES,HYBRID800,FIVES,1
S000116,3,NORMAL,FIVES,HYBRID800,FIVES,1
S000127,3,NORMAL,FIVES,HYBRID800,FIVES,1
S000129,3,NORMAL,FIVES,HYBRID800,FIVES,1
S000132,3,NORMAL,FIVES,HYBRID800,FIVES,1
S000139,3,NORMAL,FIVES,HYBRID800,FIVES,1
S000140,3,NORMAL,FIVES,HYBRID800,FIVES,1
S000144,3,NORMAL,FIVES,HYBRID800,FIVES,1
S000148,3,NORMAL,FIVES,HYBRID800,FIVES,1
S000152,3,AMD_DRY,FIVES,HYBRID800,ODIR,0
S000156,3,AMD_DRY,FIVES,HYBRID800,ODIR,0
S000161,3,AMD_DRY,FIVES,HYBRID800,FIVES,1
S000170,3,AMD_WET,FIVES,HYBRID800,ADAM,0
S000172,3,AMD_WET,FIVES,HYBRID800,FIVES,1
S000173,3,AMD_WET,FIVES,HYBRID800,FIVES,1
S000174,3,AMD_WET,FIVES,HYBRID800,FIVES,1
S000190,3,AMD_WET,FIVES,HYBRID800,FIVES,1
S000193,3,AMD_WET,FIVES,HYBRID800,FIVES,1
S000200,3,AMD_WET,FIVES,HYBRID800,FIVES,1
S000201,3,AMD_WET,FIVES,HYBRID800,FIVES,1
S000204,3,AMD_WET,FIVES,HYBRID800,FIVES,1
S000207,3,AMD_WET,FIVES,HYBRID800,FIVES,1
S000208,3,AMD_WET,FIVES,HYBRID800,FIVES,1
S000213,3,AMD_WET,FIVES,HYBRID800,FIVES,1
S000216,3,AMD_WET,FIVES,HYBRID800,RFMID,0
S000220,3,AMD_WET,FIVES,HYBRID800,FIVES,1
S000239,3,NORMAL,ODIR,HYBRID800,ODIR,1
S000251,3,NORMAL,ODIR,HYBRID800,ODIR,1
S000257,3,NORMAL,ODIR,HYBRID800,ODIR,1
S000263,3,NORMAL,ODIR,HYBRID800,ODIR,1
S000270,3,NORMAL,ODIR,HYBRID800,ODIR,1
S000273,3,NORMAL,ODIR,HYBRID800,ODIR,1
S000277,3,NORMAL,ODIR,HYBRID800,ODIR,1
S000278,3,NORMAL,ODIR,HYBRID800,ODIR,1
S000296,3,NORMAL,ODIR,HYBRID800,ODIR,1
S000301,3,NORMAL,ODIR,HYBRID800,ODIR,1
S000306,3,NORMAL,ODIR,HYBRID800,ODIR,1
S000308,3,NORMAL,ODIR,HYBRID800,ODIR,1
S000319,3,NORMAL,ODIR,HYBRID800,ODIR,1
S000324,3,NORMAL,ODIR,HYBRID800,ODIR,1
S000325,3,NORMAL,ODIR,HYBRID800,ODIR,1
S000328,3,NORMAL,ODIR,HYBRID800,ODIR,1
S000331,3,NORMAL,ODIR,HYBRID800,ODIR,1
S000334,3,NORMAL,ODIR,HYBRID800,ODIR,1
S000338,3,NORMAL,ODIR,HYBRID800,ODIR,1
S000339,3,NORMAL,ODIR,HYBRID800,ODIR,1
S000342,3,NORMAL,ODIR,HYBRID800,ODIR,1
S000348,3,NORMAL,ODIR,HYBRID800,ODIR,1
S000354,3,NORMAL,ODIR,HYBRID800,ODIR,1
S000357,3,NORMAL,ODIR,HYBRID800,ODIR,1
S000362,3,NORMAL,ODIR,HYBRID800,ODIR,1
S000367,3,AMD_DRY,ODIR,HYBRID800,FIVES,0
S000373,3,AMD_DRY,ODIR,HYBRID800,ODIR,1
S000375,3,AMD_DRY,ODIR,HYBRID800,ODIR,1
S000381,3,AMD_DRY,ODIR,HYBRID800,ADAM,0
S000389,3,AMD_DRY,ODIR,HYBRID800,ODIR,1
S000394,3,AMD_DRY,ODIR,HYBRID800,ODIR,1
S000399,3,AMD_DRY,ODIR,HYBRID800,ODIR,1
S000411,3,AMD_DRY,ODIR,HYBRID800,ODIR,1
S000412,3,AMD_DRY,ODIR,HYBRID800,ODIR,1
S000417,3,AMD_DRY,ODIR,HYBRID800,ODIR,1
S000418,3,AMD_DRY,ODIR,HYBRID800,ODIR,1
S000423,3,AMD_DRY,ODIR,HYBRID800,ODIR,1
S000426,3,AMD_DRY,ODIR,HYBRID800,ODIR,1
S000435,3,AMD_DRY,ODIR,HYBRID800,ODIR,1
S000440,3,AMD_DRY,ODIR,HYBRID800,ODIR,1
S000442,3,AMD_DRY,ODIR,HYBRID800,ODIR,1
S000448,3,AMD_WET,ODIR,HYBRID800,ODIR,1
S000453,3,AMD_WET,ODIR,HYBRID800,ODIR,1
S000457,3,AMD_WET,ODIR,HYBRID800,ODIR,1
S000458,3,AMD_WET,ODIR,HYBRID800,FIVES,0
S000461,3,AMD_WET,ODIR,HYBRID800,ODIR,1
S000464,3,AMD_WET,ODIR,HYBRID800,ODIR,1
S000473,3,NORMAL,RFMID,HYBRID800,RFMID,1
S000482,3,NORMAL,RFMID,HYBRID800,RFMID,1
S000497,3,NORMAL,RFMID,HYBRID800,RFMID,1
S000499,3,NORMAL,RFMID,HYBRID800,RFMID,1
S000500,3,NORMAL,RFMID,HYBRID800,RFMID,1
S000505,3,NORMAL,RFMID,HYBRID800,RFMID,1
S000512,3,NORMAL,RFMID,HYBRID800,RFMID,1
S000514,3,NORMAL,RFMID,HYBRID800,RFMID,1
S000521,3,NORMAL,RFMID,HYBRID800,RFMID,1
S000524,3,NORMAL,RFMID,HYBRID800,RFMID,1
S000530,3,NORMAL,RFMID,HYBRID800,RFMID,1
S000534,3,NORMAL,RFMID,HYBRID800,RFMID,1
S000540,3,AMD_DRY,RFMID,HYBRID800,RFMID,1
S000541,3,AMD_DRY,RFMID,HYBRID800,RFMID,1
S000544,3,AMD_WET,RFMID,HYBRID800,RFMID,1
S000546,3,AMD_WET,RFMID,HYBRID800,RFMID,1
S000549,3,AMD_WET,RFMID,HYBRID800,RFMID,1
S000560,3,AMD_WET,RFMID,HYBRID800,RFMID,1
S000561,3,AMD_WET,RFMID,HYBRID800,FIVES,0
S000562,3,AMD_WET,RFMID,HYBRID800,RFMID,1
S000563,3,AMD_WET,RFMID,HYBRID800,RFMID,1
S000564,3,AMD_WET,RFMID,HYBRID800,RFMID,1
S000569,3,AMD_WET,RFMID,HYBRID800,RFMID,1
S000593,3,AMD_WET,RFMID,HYBRID800,RFMID,1
S000596,3,AMD_WET,RFMID,HYBRID800,RFMID,1
S000012,3,AMD_DRY,ADAM,HYBRID_PCA128,ADAM,1
S000014,3,AMD_DRY,ADAM,HYBRID_PCA128,ADAM,1
S000016,3,AMD_DRY,ADAM,HYBRID_PCA128,FIVES,0
S000020,3,AMD_DRY,ADAM,HYBRID_PCA128,ADAM,1
S000028,3,AMD_DRY,ADAM,HYBRID_PCA128,ADAM,1
S000031,3,AMD_DRY,ADAM,HYBRID_PCA128,ADAM,1
S000034,3,AMD_DRY,ADAM,HYBRID_PCA128,ADAM,1
S000036,3,AMD_WET,ADAM,HYBRID_PCA128,ADAM,1
S000038,3,AMD_WET,ADAM,HYBRID_PCA128,ADAM,1
S000050,3,AMD_WET,ADAM,HYBRID_PCA128,ADAM,1
S000058,3,NORMAL,FIVES,HYBRID_PCA128,FIVES,1
S000061,3,NORMAL,FIVES,HYBRID_PCA128,FIVES,1
S000070,3,NORMAL,FIVES,HYBRID_PCA128,FIVES,1
S000073,3,NORMAL,FIVES,HYBRID_PCA128,FIVES,1
S000075,3,NORMAL,FIVES,HYBRID_PCA128,FIVES,1
S000076,3,NORMAL,FIVES,HYBRID_PCA128,FIVES,1
S000080,3,NORMAL,FIVES,HYBRID_PCA128,FIVES,1
S000082,3,NORMAL,FIVES,HYBRID_PCA128,FIVES,1
S000086,3,NORMAL,FIVES,HYBRID_PCA128,FIVES,1
S000087,3,NORMAL,FIVES,HYBRID_PCA128,FIVES,1
S000104,3,NORMAL,FIVES,HYBRID_PCA128,FIVES,1
S000115,3,NORMAL,FIVES,HYBRID_PCA128,FIVES,1
S000116,3,NORMAL,FIVES,HYBRID_PCA128,FIVES,1
S000127,3,NORMAL,FIVES,HYBRID_PCA128,FIVES,1
S000129,3,NORMAL,FIVES,HYBRID_PCA128,FIVES,1
S000132,3,NORMAL,FIVES,HYBRID_PCA128,FIVES,1
S000139,3,NORMAL,FIVES,HYBRID_PCA128,FIVES,1
S000140,3,NORMAL,FIVES,HYBRID_PCA128,FIVES,1
S000144,3,NORMAL,FIVES,HYBRID_PCA128,FIVES,1
S000148,3,NORMAL,FIVES,HYBRID_PCA128,FIVES,1
S000152,3,AMD_DRY,FIVES,HYBRID_PCA128,RFMID,0
S000156,3,AMD_DRY,FIVES,HYBRID_PCA128,FIVES,1
S000161,3,AMD_DRY,FIVES,HYBRID_PCA128,FIVES,1
S000170,3,AMD_WET,FIVES,HYBRID_PCA128,ADAM,0
S000172,3,AMD_WET,FIVES,HYBRID_PCA128,FIVES,1
S000173,3,AMD_WET,FIVES,HYBRID_PCA128,FIVES,1
S000174,3,AMD_WET,FIVES,HYBRID_PCA128,FIVES,1
S000190,3,AMD_WET,FIVES,HYBRID_PCA128,FIVES,1
S000193,3,AMD_WET,FIVES,HYBRID_PCA128,FIVES,1
S000200,3,AMD_WET,FIVES,HYBRID_PCA128,RFMID,0
S000201,3,AMD_WET,FIVES,HYBRID_PCA128,FIVES,1
S000204,3,AMD_WET,FIVES,HYBRID_PCA128,FIVES,1
S000207,3,AMD_WET,FIVES,HYBRID_PCA128,RFMID,0
S000208,3,AMD_WET,FIVES,HYBRID_PCA128,FIVES,1
S000213,3,AMD_WET,FIVES,HYBRID_PCA128,FIVES,1
S000216,3,AMD_WET,FIVES,HYBRID_PCA128,FIVES,1
S000220,3,AMD_WET,FIVES,HYBRID_PCA128,FIVES,1
S000239,3,NORMAL,ODIR,HYBRID_PCA128,ODIR,1
S000251,3,NORMAL,ODIR,HYBRID_PCA128,ODIR,1
S000257,3,NORMAL,ODIR,HYBRID_PCA128,ODIR,1
S000263,3,NORMAL,ODIR,HYBRID_PCA128,ODIR,1
S000270,3,NORMAL,ODIR,HYBRID_PCA128,ODIR,1
S000273,3,NORMAL,ODIR,HYBRID_PCA128,ODIR,1
S000277,3,NORMAL,ODIR,HYBRID_PCA128,ODIR,1
S000278,3,NORMAL,ODIR,HYBRID_PCA128,ODIR,1
S000296,3,NORMAL,ODIR,HYBRID_PCA128,ODIR,1
S000301,3,NORMAL,ODIR,HYBRID_PCA128,ODIR,1
S000306,3,NORMAL,ODIR,HYBRID_PCA128,ODIR,1
S000308,3,NORMAL,ODIR,HYBRID_PCA128,ODIR,1
S000319,3,NORMAL,ODIR,HYBRID_PCA128,ODIR,1
S000324,3,NORMAL,ODIR,HYBRID_PCA128,ODIR,1
S000325,3,NORMAL,ODIR,HYBRID_PCA128,ODIR,1
S000328,3,NORMAL,ODIR,HYBRID_PCA128,ODIR,1
S000331,3,NORMAL,ODIR,HYBRID_PCA128,ODIR,1
S000334,3,NORMAL,ODIR,HYBRID_PCA128,ODIR,1
S000338,3,NORMAL,ODIR,HYBRID_PCA128,ODIR,1
S000339,3,NORMAL,ODIR,HYBRID_PCA128,ODIR,1
S000342,3,NORMAL,ODIR,HYBRID_PCA128,ODIR,1
S000348,3,NORMAL,ODIR,HYBRID_PCA128,ODIR,1
S000354,3,NORMAL,ODIR,HYBRID_PCA128,ODIR,1
S000357,3,NORMAL,ODIR,HYBRID_PCA128,ODIR,1
S000362,3,NORMAL,ODIR,HYBRID_PCA128,ODIR,1
S000367,3,AMD_DRY,ODIR,HYBRID_PCA128,ODIR,1
S000373,3,AMD_DRY,ODIR,HYBRID_PCA128,ODIR,1
S000375,3,AMD_DRY,ODIR,HYBRID_PCA128,ODIR,1
S000381,3,AMD_DRY,ODIR,HYBRID_PCA128,ODIR,1
S000389,3,AMD_DRY,ODIR,HYBRID_PCA128,ODIR,1
S000394,3,AMD_DRY,ODIR,HYBRID_PCA128,ODIR,1
S000399,3,AMD_DRY,ODIR,HYBRID_PCA128,ODIR,1
S000411,3,AMD_DRY,ODIR,HYBRID_PCA128,ODIR,1
S000412,3,AMD_DRY,ODIR,HYBRID_PCA128,ODIR,1
S000417,3,AMD_DRY,ODIR,HYBRID_PCA128,ODIR,1
S000418,3,AMD_DRY,ODIR,HYBRID_PCA128,ODIR,1
S000423,3,AMD_DRY,ODIR,HYBRID_PCA128,ODIR,1
S000426,3,AMD_DRY,ODIR,HYBRID_PCA128,ODIR,1
S000435,3,AMD_DRY,ODIR,HYBRID_PCA128,ODIR,1
S000440,3,AMD_DRY,ODIR,HYBRID_PCA128,ODIR,1
S000442,3,AMD_DRY,ODIR,HYBRID_PCA128,ODIR,1
S000448,3,AMD_WET,ODIR,HYBRID_PCA128,ODIR,1
S000453,3,AMD_WET,ODIR,HYBRID_PCA128,ODIR,1
S000457,3,AMD_WET,ODIR,HYBRID_PCA128,ODIR,1
S000458,3,AMD_WET,ODIR,HYBRID_PCA128,ODIR,1
S000461,3,AMD_WET,ODIR,HYBRID_PCA128,ODIR,1
S000464,3,AMD_WET,ODIR,HYBRID_PCA128,ADAM,0
S000473,3,NORMAL,RFMID,HYBRID_PCA128,RFMID,1
S000482,3,NORMAL,RFMID,HYBRID_PCA128,RFMID,1
S000497,3,NORMAL,RFMID,HYBRID_PCA128,RFMID,1
S000499,3,NORMAL,RFMID,HYBRID_PCA128,RFMID,1
S000500,3,NORMAL,RFMID,HYBRID_PCA128,RFMID,1
S000505,3,NORMAL,RFMID,HYBRID_PCA128,RFMID,1
S000512,3,NORMAL,RFMID,HYBRID_PCA128,RFMID,1
S000514,3,NORMAL,RFMID,HYBRID_PCA128,RFMID,1
S000521,3,NORMAL,RFMID,HYBRID_PCA128,RFMID,1
S000524,3,NORMAL,RFMID,HYBRID_PCA128,RFMID,1
S000530,3,NORMAL,RFMID,HYBRID_PCA128,RFMID,1
S000534,3,NORMAL,RFMID,HYBRID_PCA128,RFMID,1
S000540,3,AMD_DRY,RFMID,HYBRID_PCA128,RFMID,1
S000541,3,AMD_DRY,RFMID,HYBRID_PCA128,RFMID,1
S000544,3,AMD_WET,RFMID,HYBRID_PCA128,RFMID,1
S000546,3,AMD_WET,RFMID,HYBRID_PCA128,RFMID,1
S000549,3,AMD_WET,RFMID,HYBRID_PCA128,RFMID,1
S000560,3,AMD_WET,RFMID,HYBRID_PCA128,RFMID,1
S000561,3,AMD_WET,RFMID,HYBRID_PCA128,FIVES,0
S000562,3,AMD_WET,RFMID,HYBRID_PCA128,RFMID,1
S000563,3,AMD_WET,RFMID,HYBRID_PCA128,RFMID,1
S000564,3,AMD_WET,RFMID,HYBRID_PCA128,FIVES,0
S000569,3,AMD_WET,RFMID,HYBRID_PCA128,RFMID,1
S000593,3,AMD_WET,RFMID,HYBRID_PCA128,RFMID,1
S000596,3,AMD_WET,RFMID,HYBRID_PCA128,RFMID,1
S000001,4,AMD_DRY,ADAM,MAJORITY_SOURCE,ODIR,0
S000015,4,AMD_DRY,ADAM,MAJORITY_SOURCE,ODIR,0
S000018,4,AMD_DRY,ADAM,MAJORITY_SOURCE,ODIR,0
S000021,4,AMD_DRY,ADAM,MAJORITY_SOURCE,ODIR,0
S000023,4,AMD_DRY,ADAM,MAJORITY_SOURCE,ODIR,0
S000024,4,AMD_DRY,ADAM,MAJORITY_SOURCE,ODIR,0
S000030,4,AMD_DRY,ADAM,MAJORITY_SOURCE,ODIR,0
S000041,4,AMD_WET,ADAM,MAJORITY_SOURCE,ODIR,0
S000042,4,AMD_WET,ADAM,MAJORITY_SOURCE,ODIR,0
S000043,4,AMD_WET,ADAM,MAJORITY_SOURCE,ODIR,0
S000053,4,NORMAL,FIVES,MAJORITY_SOURCE,ODIR,0
S000057,4,NORMAL,FIVES,MAJORITY_SOURCE,ODIR,0
S000065,4,NORMAL,FIVES,MAJORITY_SOURCE,ODIR,0
S000066,4,NORMAL,FIVES,MAJORITY_SOURCE,ODIR,0
S000067,4,NORMAL,FIVES,MAJORITY_SOURCE,ODIR,0
S000074,4,NORMAL,FIVES,MAJORITY_SOURCE,ODIR,0
S000077,4,NORMAL,FIVES,MAJORITY_SOURCE,ODIR,0
S000081,4,NORMAL,FIVES,MAJORITY_SOURCE,ODIR,0
S000084,4,NORMAL,FIVES,MAJORITY_SOURCE,ODIR,0
S000089,4,NORMAL,FIVES,MAJORITY_SOURCE,ODIR,0
S000094,4,NORMAL,FIVES,MAJORITY_SOURCE,ODIR,0
S000100,4,NORMAL,FIVES,MAJORITY_SOURCE,ODIR,0
S000108,4,NORMAL,FIVES,MAJORITY_SOURCE,ODIR,0
S000110,4,NORMAL,FIVES,MAJORITY_SOURCE,ODIR,0
S000120,4,NORMAL,FIVES,MAJORITY_SOURCE,ODIR,0
S000122,4,NORMAL,FIVES,MAJORITY_SOURCE,ODIR,0
S000131,4,NORMAL,FIVES,MAJORITY_SOURCE,ODIR,0
S000135,4,NORMAL,FIVES,MAJORITY_SOURCE,ODIR,0
S000146,4,NORMAL,FIVES,MAJORITY_SOURCE,ODIR,0
S000149,4,NORMAL,FIVES,MAJORITY_SOURCE,ODIR,0
S000158,4,AMD_DRY,FIVES,MAJORITY_SOURCE,ODIR,0
S000159,4,AMD_DRY,FIVES,MAJORITY_SOURCE,ODIR,0
S000162,4,AMD_DRY,FIVES,MAJORITY_SOURCE,ODIR,0
S000177,4,AMD_WET,FIVES,MAJORITY_SOURCE,ODIR,0
S000179,4,AMD_WET,FIVES,MAJORITY_SOURCE,ODIR,0
S000182,4,AMD_WET,FIVES,MAJORITY_SOURCE,ODIR,0
S000185,4,AMD_WET,FIVES,MAJORITY_SOURCE,ODIR,0
S000187,4,AMD_WET,FIVES,MAJORITY_SOURCE,ODIR,0
S000189,4,AMD_WET,FIVES,MAJORITY_SOURCE,ODIR,0
S000192,4,AMD_WET,FIVES,MAJORITY_SOURCE,ODIR,0
S000203,4,AMD_WET,FIVES,MAJORITY_SOURCE,ODIR,0
S000212,4,AMD_WET,FIVES,MAJORITY_SOURCE,ODIR,0
S000218,4,AMD_WET,FIVES,MAJORITY_SOURCE,ODIR,0
S000224,4,AMD_WET,FIVES,MAJORITY_SOURCE,ODIR,0
S000225,4,AMD_WET,FIVES,MAJORITY_SOURCE,ODIR,0
S000227,4,AMD_WET,FIVES,MAJORITY_SOURCE,ODIR,0
S000234,4,AMD_WET,FIVES,MAJORITY_SOURCE,ODIR,0
S000242,4,NORMAL,ODIR,MAJORITY_SOURCE,ODIR,1
S000243,4,NORMAL,ODIR,MAJORITY_SOURCE,ODIR,1
S000245,4,NORMAL,ODIR,MAJORITY_SOURCE,ODIR,1
S000246,4,NORMAL,ODIR,MAJORITY_SOURCE,ODIR,1
S000247,4,NORMAL,ODIR,MAJORITY_SOURCE,ODIR,1
S000248,4,NORMAL,ODIR,MAJORITY_SOURCE,ODIR,1
S000249,4,NORMAL,ODIR,MAJORITY_SOURCE,ODIR,1
S000253,4,NORMAL,ODIR,MAJORITY_SOURCE,ODIR,1
S000269,4,NORMAL,ODIR,MAJORITY_SOURCE,ODIR,1
S000283,4,NORMAL,ODIR,MAJORITY_SOURCE,ODIR,1
S000285,4,NORMAL,ODIR,MAJORITY_SOURCE,ODIR,1
S000286,4,NORMAL,ODIR,MAJORITY_SOURCE,ODIR,1
S000292,4,NORMAL,ODIR,MAJORITY_SOURCE,ODIR,1
S000299,4,NORMAL,ODIR,MAJORITY_SOURCE,ODIR,1
S000302,4,NORMAL,ODIR,MAJORITY_SOURCE,ODIR,1
S000309,4,NORMAL,ODIR,MAJORITY_SOURCE,ODIR,1
S000314,4,NORMAL,ODIR,MAJORITY_SOURCE,ODIR,1
S000316,4,NORMAL,ODIR,MAJORITY_SOURCE,ODIR,1
S000323,4,NORMAL,ODIR,MAJORITY_SOURCE,ODIR,1
S000330,4,NORMAL,ODIR,MAJORITY_SOURCE,ODIR,1
S000336,4,NORMAL,ODIR,MAJORITY_SOURCE,ODIR,1
S000337,4,NORMAL,ODIR,MAJORITY_SOURCE,ODIR,1
S000353,4,NORMAL,ODIR,MAJORITY_SOURCE,ODIR,1
S000360,4,NORMAL,ODIR,MAJORITY_SOURCE,ODIR,1
S000363,4,NORMAL,ODIR,MAJORITY_SOURCE,ODIR,1
S000364,4,AMD_DRY,ODIR,MAJORITY_SOURCE,ODIR,1
S000365,4,AMD_DRY,ODIR,MAJORITY_SOURCE,ODIR,1
S000371,4,AMD_DRY,ODIR,MAJORITY_SOURCE,ODIR,1
S000372,4,AMD_DRY,ODIR,MAJORITY_SOURCE,ODIR,1
S000391,4,AMD_DRY,ODIR,MAJORITY_SOURCE,ODIR,1
S000392,4,AMD_DRY,ODIR,MAJORITY_SOURCE,ODIR,1
S000395,4,AMD_DRY,ODIR,MAJORITY_SOURCE,ODIR,1
S000396,4,AMD_DRY,ODIR,MAJORITY_SOURCE,ODIR,1
S000398,4,AMD_DRY,ODIR,MAJORITY_SOURCE,ODIR,1
S000404,4,AMD_DRY,ODIR,MAJORITY_SOURCE,ODIR,1
S000406,4,AMD_DRY,ODIR,MAJORITY_SOURCE,ODIR,1
S000407,4,AMD_DRY,ODIR,MAJORITY_SOURCE,ODIR,1
S000409,4,AMD_DRY,ODIR,MAJORITY_SOURCE,ODIR,1
S000424,4,AMD_DRY,ODIR,MAJORITY_SOURCE,ODIR,1
S000428,4,AMD_DRY,ODIR,MAJORITY_SOURCE,ODIR,1
S000434,4,AMD_DRY,ODIR,MAJORITY_SOURCE,ODIR,1
S000445,4,AMD_WET,ODIR,MAJORITY_SOURCE,ODIR,1
S000456,4,AMD_WET,ODIR,MAJORITY_SOURCE,ODIR,1
S000463,4,AMD_WET,ODIR,MAJORITY_SOURCE,ODIR,1
S000466,4,AMD_WET,ODIR,MAJORITY_SOURCE,ODIR,1
S000468,4,AMD_WET,ODIR,MAJORITY_SOURCE,ODIR,1
S000470,4,AMD_WET,ODIR,MAJORITY_SOURCE,ODIR,1
S000476,4,NORMAL,RFMID,MAJORITY_SOURCE,ODIR,0
S000486,4,NORMAL,RFMID,MAJORITY_SOURCE,ODIR,0
S000488,4,NORMAL,RFMID,MAJORITY_SOURCE,ODIR,0
S000492,4,NORMAL,RFMID,MAJORITY_SOURCE,ODIR,0
S000501,4,NORMAL,RFMID,MAJORITY_SOURCE,ODIR,0
S000511,4,NORMAL,RFMID,MAJORITY_SOURCE,ODIR,0
S000520,4,NORMAL,RFMID,MAJORITY_SOURCE,ODIR,0
S000528,4,NORMAL,RFMID,MAJORITY_SOURCE,ODIR,0
S000531,4,NORMAL,RFMID,MAJORITY_SOURCE,ODIR,0
S000532,4,NORMAL,RFMID,MAJORITY_SOURCE,ODIR,0
S000533,4,NORMAL,RFMID,MAJORITY_SOURCE,ODIR,0
S000535,4,NORMAL,RFMID,MAJORITY_SOURCE,ODIR,0
S000539,4,AMD_DRY,RFMID,MAJORITY_SOURCE,ODIR,0
S000543,4,AMD_DRY,RFMID,MAJORITY_SOURCE,ODIR,0
S000548,4,AMD_WET,RFMID,MAJORITY_SOURCE,ODIR,0
S000550,4,AMD_WET,RFMID,MAJORITY_SOURCE,ODIR,0
S000551,4,AMD_WET,RFMID,MAJORITY_SOURCE,ODIR,0
S000558,4,AMD_WET,RFMID,MAJORITY_SOURCE,ODIR,0
S000566,4,AMD_WET,RFMID,MAJORITY_SOURCE,ODIR,0
S000575,4,AMD_WET,RFMID,MAJORITY_SOURCE,ODIR,0
S000579,4,AMD_WET,RFMID,MAJORITY_SOURCE,ODIR,0
S000582,4,AMD_WET,RFMID,MAJORITY_SOURCE,ODIR,0
S000590,4,AMD_WET,RFMID,MAJORITY_SOURCE,ODIR,0
S000592,4,AMD_WET,RFMID,MAJORITY_SOURCE,ODIR,0
S000597,4,AMD_WET,RFMID,MAJORITY_SOURCE,ODIR,0
S000001,4,AMD_DRY,ADAM,DISEASE_LABEL_ONLY,ADAM,1
S000015,4,AMD_DRY,ADAM,DISEASE_LABEL_ONLY,ADAM,1
S000018,4,AMD_DRY,ADAM,DISEASE_LABEL_ONLY,ADAM,1
S000021,4,AMD_DRY,ADAM,DISEASE_LABEL_ONLY,ADAM,1
S000023,4,AMD_DRY,ADAM,DISEASE_LABEL_ONLY,ADAM,1
S000024,4,AMD_DRY,ADAM,DISEASE_LABEL_ONLY,ADAM,1
S000030,4,AMD_DRY,ADAM,DISEASE_LABEL_ONLY,ADAM,1
S000041,4,AMD_WET,ADAM,DISEASE_LABEL_ONLY,RFMID,0
S000042,4,AMD_WET,ADAM,DISEASE_LABEL_ONLY,RFMID,0
S000043,4,AMD_WET,ADAM,DISEASE_LABEL_ONLY,RFMID,0
S000053,4,NORMAL,FIVES,DISEASE_LABEL_ONLY,FIVES,1
S000057,4,NORMAL,FIVES,DISEASE_LABEL_ONLY,FIVES,1
S000065,4,NORMAL,FIVES,DISEASE_LABEL_ONLY,FIVES,1
S000066,4,NORMAL,FIVES,DISEASE_LABEL_ONLY,FIVES,1
S000067,4,NORMAL,FIVES,DISEASE_LABEL_ONLY,FIVES,1
S000074,4,NORMAL,FIVES,DISEASE_LABEL_ONLY,FIVES,1
S000077,4,NORMAL,FIVES,DISEASE_LABEL_ONLY,FIVES,1
S000081,4,NORMAL,FIVES,DISEASE_LABEL_ONLY,FIVES,1
S000084,4,NORMAL,FIVES,DISEASE_LABEL_ONLY,FIVES,1
S000089,4,NORMAL,FIVES,DISEASE_LABEL_ONLY,FIVES,1
S000094,4,NORMAL,FIVES,DISEASE_LABEL_ONLY,FIVES,1
S000100,4,NORMAL,FIVES,DISEASE_LABEL_ONLY,FIVES,1
S000108,4,NORMAL,FIVES,DISEASE_LABEL_ONLY,FIVES,1
S000110,4,NORMAL,FIVES,DISEASE_LABEL_ONLY,FIVES,1
S000120,4,NORMAL,FIVES,DISEASE_LABEL_ONLY,FIVES,1
S000122,4,NORMAL,FIVES,DISEASE_LABEL_ONLY,FIVES,1
S000131,4,NORMAL,FIVES,DISEASE_LABEL_ONLY,FIVES,1
S000135,4,NORMAL,FIVES,DISEASE_LABEL_ONLY,FIVES,1
S000146,4,NORMAL,FIVES,DISEASE_LABEL_ONLY,FIVES,1
S000149,4,NORMAL,FIVES,DISEASE_LABEL_ONLY,FIVES,1
S000158,4,AMD_DRY,FIVES,DISEASE_LABEL_ONLY,ADAM,0
S000159,4,AMD_DRY,FIVES,DISEASE_LABEL_ONLY,ADAM,0
S000162,4,AMD_DRY,FIVES,DISEASE_LABEL_ONLY,ADAM,0
S000177,4,AMD_WET,FIVES,DISEASE_LABEL_ONLY,RFMID,0
S000179,4,AMD_WET,FIVES,DISEASE_LABEL_ONLY,RFMID,0
S000182,4,AMD_WET,FIVES,DISEASE_LABEL_ONLY,RFMID,0
S000185,4,AMD_WET,FIVES,DISEASE_LABEL_ONLY,RFMID,0
S000187,4,AMD_WET,FIVES,DISEASE_LABEL_ONLY,RFMID,0
S000189,4,AMD_WET,FIVES,DISEASE_LABEL_ONLY,RFMID,0
S000192,4,AMD_WET,FIVES,DISEASE_LABEL_ONLY,RFMID,0
S000203,4,AMD_WET,FIVES,DISEASE_LABEL_ONLY,RFMID,0
S000212,4,AMD_WET,FIVES,DISEASE_LABEL_ONLY,RFMID,0
S000218,4,AMD_WET,FIVES,DISEASE_LABEL_ONLY,RFMID,0
S000224,4,AMD_WET,FIVES,DISEASE_LABEL_ONLY,RFMID,0
S000225,4,AMD_WET,FIVES,DISEASE_LABEL_ONLY,RFMID,0
S000227,4,AMD_WET,FIVES,DISEASE_LABEL_ONLY,RFMID,0
S000234,4,AMD_WET,FIVES,DISEASE_LABEL_ONLY,RFMID,0
S000242,4,NORMAL,ODIR,DISEASE_LABEL_ONLY,FIVES,0
S000243,4,NORMAL,ODIR,DISEASE_LABEL_ONLY,FIVES,0
S000245,4,NORMAL,ODIR,DISEASE_LABEL_ONLY,FIVES,0
S000246,4,NORMAL,ODIR,DISEASE_LABEL_ONLY,FIVES,0
S000247,4,NORMAL,ODIR,DISEASE_LABEL_ONLY,FIVES,0
S000248,4,NORMAL,ODIR,DISEASE_LABEL_ONLY,FIVES,0
S000249,4,NORMAL,ODIR,DISEASE_LABEL_ONLY,FIVES,0
S000253,4,NORMAL,ODIR,DISEASE_LABEL_ONLY,FIVES,0
S000269,4,NORMAL,ODIR,DISEASE_LABEL_ONLY,FIVES,0
S000283,4,NORMAL,ODIR,DISEASE_LABEL_ONLY,FIVES,0
S000285,4,NORMAL,ODIR,DISEASE_LABEL_ONLY,FIVES,0
S000286,4,NORMAL,ODIR,DISEASE_LABEL_ONLY,FIVES,0
S000292,4,NORMAL,ODIR,DISEASE_LABEL_ONLY,FIVES,0
S000299,4,NORMAL,ODIR,DISEASE_LABEL_ONLY,FIVES,0
S000302,4,NORMAL,ODIR,DISEASE_LABEL_ONLY,FIVES,0
S000309,4,NORMAL,ODIR,DISEASE_LABEL_ONLY,FIVES,0
S000314,4,NORMAL,ODIR,DISEASE_LABEL_ONLY,FIVES,0
S000316,4,NORMAL,ODIR,DISEASE_LABEL_ONLY,FIVES,0
S000323,4,NORMAL,ODIR,DISEASE_LABEL_ONLY,FIVES,0
S000330,4,NORMAL,ODIR,DISEASE_LABEL_ONLY,FIVES,0
S000336,4,NORMAL,ODIR,DISEASE_LABEL_ONLY,FIVES,0
S000337,4,NORMAL,ODIR,DISEASE_LABEL_ONLY,FIVES,0
S000353,4,NORMAL,ODIR,DISEASE_LABEL_ONLY,FIVES,0
S000360,4,NORMAL,ODIR,DISEASE_LABEL_ONLY,FIVES,0
S000363,4,NORMAL,ODIR,DISEASE_LABEL_ONLY,FIVES,0
S000364,4,AMD_DRY,ODIR,DISEASE_LABEL_ONLY,ADAM,0
S000365,4,AMD_DRY,ODIR,DISEASE_LABEL_ONLY,ADAM,0
S000371,4,AMD_DRY,ODIR,DISEASE_LABEL_ONLY,ADAM,0
S000372,4,AMD_DRY,ODIR,DISEASE_LABEL_ONLY,ADAM,0
S000391,4,AMD_DRY,ODIR,DISEASE_LABEL_ONLY,ADAM,0
S000392,4,AMD_DRY,ODIR,DISEASE_LABEL_ONLY,ADAM,0
S000395,4,AMD_DRY,ODIR,DISEASE_LABEL_ONLY,ADAM,0
S000396,4,AMD_DRY,ODIR,DISEASE_LABEL_ONLY,ADAM,0
S000398,4,AMD_DRY,ODIR,DISEASE_LABEL_ONLY,ADAM,0
S000404,4,AMD_DRY,ODIR,DISEASE_LABEL_ONLY,ADAM,0
S000406,4,AMD_DRY,ODIR,DISEASE_LABEL_ONLY,ADAM,0
S000407,4,AMD_DRY,ODIR,DISEASE_LABEL_ONLY,ADAM,0
S000409,4,AMD_DRY,ODIR,DISEASE_LABEL_ONLY,ADAM,0
S000424,4,AMD_DRY,ODIR,DISEASE_LABEL_ONLY,ADAM,0
S000428,4,AMD_DRY,ODIR,DISEASE_LABEL_ONLY,ADAM,0
S000434,4,AMD_DRY,ODIR,DISEASE_LABEL_ONLY,ADAM,0
S000445,4,AMD_WET,ODIR,DISEASE_LABEL_ONLY,RFMID,0
S000456,4,AMD_WET,ODIR,DISEASE_LABEL_ONLY,RFMID,0
S000463,4,AMD_WET,ODIR,DISEASE_LABEL_ONLY,RFMID,0
S000466,4,AMD_WET,ODIR,DISEASE_LABEL_ONLY,RFMID,0
S000468,4,AMD_WET,ODIR,DISEASE_LABEL_ONLY,RFMID,0
S000470,4,AMD_WET,ODIR,DISEASE_LABEL_ONLY,RFMID,0
S000476,4,NORMAL,RFMID,DISEASE_LABEL_ONLY,FIVES,0
S000486,4,NORMAL,RFMID,DISEASE_LABEL_ONLY,FIVES,0
S000488,4,NORMAL,RFMID,DISEASE_LABEL_ONLY,FIVES,0
S000492,4,NORMAL,RFMID,DISEASE_LABEL_ONLY,FIVES,0
S000501,4,NORMAL,RFMID,DISEASE_LABEL_ONLY,FIVES,0
S000511,4,NORMAL,RFMID,DISEASE_LABEL_ONLY,FIVES,0
S000520,4,NORMAL,RFMID,DISEASE_LABEL_ONLY,FIVES,0
S000528,4,NORMAL,RFMID,DISEASE_LABEL_ONLY,FIVES,0
S000531,4,NORMAL,RFMID,DISEASE_LABEL_ONLY,FIVES,0
S000532,4,NORMAL,RFMID,DISEASE_LABEL_ONLY,FIVES,0
S000533,4,NORMAL,RFMID,DISEASE_LABEL_ONLY,FIVES,0
S000535,4,NORMAL,RFMID,DISEASE_LABEL_ONLY,FIVES,0
S000539,4,AMD_DRY,RFMID,DISEASE_LABEL_ONLY,ADAM,0
S000543,4,AMD_DRY,RFMID,DISEASE_LABEL_ONLY,ADAM,0
S000548,4,AMD_WET,RFMID,DISEASE_LABEL_ONLY,RFMID,1
S000550,4,AMD_WET,RFMID,DISEASE_LABEL_ONLY,RFMID,1
S000551,4,AMD_WET,RFMID,DISEASE_LABEL_ONLY,RFMID,1
S000558,4,AMD_WET,RFMID,DISEASE_LABEL_ONLY,RFMID,1
S000566,4,AMD_WET,RFMID,DISEASE_LABEL_ONLY,RFMID,1
S000575,4,AMD_WET,RFMID,DISEASE_LABEL_ONLY,RFMID,1
S000579,4,AMD_WET,RFMID,DISEASE_LABEL_ONLY,RFMID,1
S000582,4,AMD_WET,RFMID,DISEASE_LABEL_ONLY,RFMID,1
S000590,4,AMD_WET,RFMID,DISEASE_LABEL_ONLY,RFMID,1
S000592,4,AMD_WET,RFMID,DISEASE_LABEL_ONLY,RFMID,1
S000597,4,AMD_WET,RFMID,DISEASE_LABEL_ONLY,RFMID,1
S000001,4,AMD_DRY,ADAM,HANDCRAFTED32,ADAM,1
S000015,4,AMD_DRY,ADAM,HANDCRAFTED32,ADAM,1
S000018,4,AMD_DRY,ADAM,HANDCRAFTED32,ADAM,1
S000021,4,AMD_DRY,ADAM,HANDCRAFTED32,ADAM,1
S000023,4,AMD_DRY,ADAM,HANDCRAFTED32,ADAM,1
S000024,4,AMD_DRY,ADAM,HANDCRAFTED32,ADAM,1
S000030,4,AMD_DRY,ADAM,HANDCRAFTED32,ADAM,1
S000041,4,AMD_WET,ADAM,HANDCRAFTED32,RFMID,0
S000042,4,AMD_WET,ADAM,HANDCRAFTED32,ADAM,1
S000043,4,AMD_WET,ADAM,HANDCRAFTED32,RFMID,0
S000053,4,NORMAL,FIVES,HANDCRAFTED32,FIVES,1
S000057,4,NORMAL,FIVES,HANDCRAFTED32,FIVES,1
S000065,4,NORMAL,FIVES,HANDCRAFTED32,FIVES,1
S000066,4,NORMAL,FIVES,HANDCRAFTED32,FIVES,1
S000067,4,NORMAL,FIVES,HANDCRAFTED32,FIVES,1
S000074,4,NORMAL,FIVES,HANDCRAFTED32,FIVES,1
S000077,4,NORMAL,FIVES,HANDCRAFTED32,FIVES,1
S000081,4,NORMAL,FIVES,HANDCRAFTED32,FIVES,1
S000084,4,NORMAL,FIVES,HANDCRAFTED32,FIVES,1
S000089,4,NORMAL,FIVES,HANDCRAFTED32,FIVES,1
S000094,4,NORMAL,FIVES,HANDCRAFTED32,FIVES,1
S000100,4,NORMAL,FIVES,HANDCRAFTED32,FIVES,1
S000108,4,NORMAL,FIVES,HANDCRAFTED32,FIVES,1
S000110,4,NORMAL,FIVES,HANDCRAFTED32,FIVES,1
S000120,4,NORMAL,FIVES,HANDCRAFTED32,FIVES,1
S000122,4,NORMAL,FIVES,HANDCRAFTED32,FIVES,1
S000131,4,NORMAL,FIVES,HANDCRAFTED32,FIVES,1
S000135,4,NORMAL,FIVES,HANDCRAFTED32,FIVES,1
S000146,4,NORMAL,FIVES,HANDCRAFTED32,RFMID,0
S000149,4,NORMAL,FIVES,HANDCRAFTED32,FIVES,1
S000158,4,AMD_DRY,FIVES,HANDCRAFTED32,ODIR,0
S000159,4,AMD_DRY,FIVES,HANDCRAFTED32,FIVES,1
S000162,4,AMD_DRY,FIVES,HANDCRAFTED32,FIVES,1
S000177,4,AMD_WET,FIVES,HANDCRAFTED32,RFMID,0
S000179,4,AMD_WET,FIVES,HANDCRAFTED32,FIVES,1
S000182,4,AMD_WET,FIVES,HANDCRAFTED32,RFMID,0
S000185,4,AMD_WET,FIVES,HANDCRAFTED32,FIVES,1
S000187,4,AMD_WET,FIVES,HANDCRAFTED32,FIVES,1
S000189,4,AMD_WET,FIVES,HANDCRAFTED32,FIVES,1
S000192,4,AMD_WET,FIVES,HANDCRAFTED32,FIVES,1
S000203,4,AMD_WET,FIVES,HANDCRAFTED32,RFMID,0
S000212,4,AMD_WET,FIVES,HANDCRAFTED32,FIVES,1
S000218,4,AMD_WET,FIVES,HANDCRAFTED32,FIVES,1
S000224,4,AMD_WET,FIVES,HANDCRAFTED32,FIVES,1
S000225,4,AMD_WET,FIVES,HANDCRAFTED32,FIVES,1
S000227,4,AMD_WET,FIVES,HANDCRAFTED32,FIVES,1
S000234,4,AMD_WET,FIVES,HANDCRAFTED32,FIVES,1
S000242,4,NORMAL,ODIR,HANDCRAFTED32,ODIR,1
S000243,4,NORMAL,ODIR,HANDCRAFTED32,ADAM,0
S000245,4,NORMAL,ODIR,HANDCRAFTED32,ODIR,1
S000246,4,NORMAL,ODIR,HANDCRAFTED32,ODIR,1
S000247,4,NORMAL,ODIR,HANDCRAFTED32,ODIR,1
S000248,4,NORMAL,ODIR,HANDCRAFTED32,ODIR,1
S000249,4,NORMAL,ODIR,HANDCRAFTED32,ODIR,1
S000253,4,NORMAL,ODIR,HANDCRAFTED32,ODIR,1
S000269,4,NORMAL,ODIR,HANDCRAFTED32,ADAM,0
S000283,4,NORMAL,ODIR,HANDCRAFTED32,ODIR,1
S000285,4,NORMAL,ODIR,HANDCRAFTED32,ODIR,1
S000286,4,NORMAL,ODIR,HANDCRAFTED32,ODIR,1
S000292,4,NORMAL,ODIR,HANDCRAFTED32,ODIR,1
S000299,4,NORMAL,ODIR,HANDCRAFTED32,ODIR,1
S000302,4,NORMAL,ODIR,HANDCRAFTED32,ODIR,1
S000309,4,NORMAL,ODIR,HANDCRAFTED32,ODIR,1
S000314,4,NORMAL,ODIR,HANDCRAFTED32,ODIR,1
S000316,4,NORMAL,ODIR,HANDCRAFTED32,RFMID,0
S000323,4,NORMAL,ODIR,HANDCRAFTED32,ODIR,1
S000330,4,NORMAL,ODIR,HANDCRAFTED32,ADAM,0
S000336,4,NORMAL,ODIR,HANDCRAFTED32,ODIR,1
S000337,4,NORMAL,ODIR,HANDCRAFTED32,ADAM,0
S000353,4,NORMAL,ODIR,HANDCRAFTED32,ODIR,1
S000360,4,NORMAL,ODIR,HANDCRAFTED32,ODIR,1
S000363,4,NORMAL,ODIR,HANDCRAFTED32,ODIR,1
S000364,4,AMD_DRY,ODIR,HANDCRAFTED32,ODIR,1
S000365,4,AMD_DRY,ODIR,HANDCRAFTED32,ADAM,0
S000371,4,AMD_DRY,ODIR,HANDCRAFTED32,ODIR,1
S000372,4,AMD_DRY,ODIR,HANDCRAFTED32,ADAM,0
S000391,4,AMD_DRY,ODIR,HANDCRAFTED32,ODIR,1
S000392,4,AMD_DRY,ODIR,HANDCRAFTED32,ODIR,1
S000395,4,AMD_DRY,ODIR,HANDCRAFTED32,ADAM,0
S000396,4,AMD_DRY,ODIR,HANDCRAFTED32,ODIR,1
S000398,4,AMD_DRY,ODIR,HANDCRAFTED32,ADAM,0
S000404,4,AMD_DRY,ODIR,HANDCRAFTED32,ODIR,1
S000406,4,AMD_DRY,ODIR,HANDCRAFTED32,ODIR,1
S000407,4,AMD_DRY,ODIR,HANDCRAFTED32,RFMID,0
S000409,4,AMD_DRY,ODIR,HANDCRAFTED32,ODIR,1
S000424,4,AMD_DRY,ODIR,HANDCRAFTED32,ODIR,1
S000428,4,AMD_DRY,ODIR,HANDCRAFTED32,ODIR,1
S000434,4,AMD_DRY,ODIR,HANDCRAFTED32,ODIR,1
S000445,4,AMD_WET,ODIR,HANDCRAFTED32,ADAM,0
S000456,4,AMD_WET,ODIR,HANDCRAFTED32,ODIR,1
S000463,4,AMD_WET,ODIR,HANDCRAFTED32,ODIR,1
S000466,4,AMD_WET,ODIR,HANDCRAFTED32,RFMID,0
S000468,4,AMD_WET,ODIR,HANDCRAFTED32,ADAM,0
S000470,4,AMD_WET,ODIR,HANDCRAFTED32,FIVES,0
S000476,4,NORMAL,RFMID,HANDCRAFTED32,RFMID,1
S000486,4,NORMAL,RFMID,HANDCRAFTED32,RFMID,1
S000488,4,NORMAL,RFMID,HANDCRAFTED32,RFMID,1
S000492,4,NORMAL,RFMID,HANDCRAFTED32,RFMID,1
S000501,4,NORMAL,RFMID,HANDCRAFTED32,RFMID,1
S000511,4,NORMAL,RFMID,HANDCRAFTED32,RFMID,1
S000520,4,NORMAL,RFMID,HANDCRAFTED32,RFMID,1
S000528,4,NORMAL,RFMID,HANDCRAFTED32,RFMID,1
S000531,4,NORMAL,RFMID,HANDCRAFTED32,RFMID,1
S000532,4,NORMAL,RFMID,HANDCRAFTED32,RFMID,1
S000533,4,NORMAL,RFMID,HANDCRAFTED32,RFMID,1
S000535,4,NORMAL,RFMID,HANDCRAFTED32,RFMID,1
S000539,4,AMD_DRY,RFMID,HANDCRAFTED32,RFMID,1
S000543,4,AMD_DRY,RFMID,HANDCRAFTED32,RFMID,1
S000548,4,AMD_WET,RFMID,HANDCRAFTED32,RFMID,1
S000550,4,AMD_WET,RFMID,HANDCRAFTED32,RFMID,1
S000551,4,AMD_WET,RFMID,HANDCRAFTED32,RFMID,1
S000558,4,AMD_WET,RFMID,HANDCRAFTED32,RFMID,1
S000566,4,AMD_WET,RFMID,HANDCRAFTED32,FIVES,0
S000575,4,AMD_WET,RFMID,HANDCRAFTED32,RFMID,1
S000579,4,AMD_WET,RFMID,HANDCRAFTED32,RFMID,1
S000582,4,AMD_WET,RFMID,HANDCRAFTED32,FIVES,0
S000590,4,AMD_WET,RFMID,HANDCRAFTED32,RFMID,1
S000592,4,AMD_WET,RFMID,HANDCRAFTED32,RFMID,1
S000597,4,AMD_WET,RFMID,HANDCRAFTED32,RFMID,1
S000001,4,AMD_DRY,ADAM,VIT768,ADAM,1
S000015,4,AMD_DRY,ADAM,VIT768,ADAM,1
S000018,4,AMD_DRY,ADAM,VIT768,ODIR,0
S000021,4,AMD_DRY,ADAM,VIT768,ADAM,1
S000023,4,AMD_DRY,ADAM,VIT768,ADAM,1
S000024,4,AMD_DRY,ADAM,VIT768,ADAM,1
S000030,4,AMD_DRY,ADAM,VIT768,ODIR,0
S000041,4,AMD_WET,ADAM,VIT768,ODIR,0
S000042,4,AMD_WET,ADAM,VIT768,ADAM,1
S000043,4,AMD_WET,ADAM,VIT768,ADAM,1
S000053,4,NORMAL,FIVES,VIT768,FIVES,1
S000057,4,NORMAL,FIVES,VIT768,FIVES,1
S000065,4,NORMAL,FIVES,VIT768,FIVES,1
S000066,4,NORMAL,FIVES,VIT768,FIVES,1
S000067,4,NORMAL,FIVES,VIT768,FIVES,1
S000074,4,NORMAL,FIVES,VIT768,FIVES,1
S000077,4,NORMAL,FIVES,VIT768,FIVES,1
S000081,4,NORMAL,FIVES,VIT768,FIVES,1
S000084,4,NORMAL,FIVES,VIT768,FIVES,1
S000089,4,NORMAL,FIVES,VIT768,FIVES,1
S000094,4,NORMAL,FIVES,VIT768,FIVES,1
S000100,4,NORMAL,FIVES,VIT768,FIVES,1
S000108,4,NORMAL,FIVES,VIT768,FIVES,1
S000110,4,NORMAL,FIVES,VIT768,FIVES,1
S000120,4,NORMAL,FIVES,VIT768,FIVES,1
S000122,4,NORMAL,FIVES,VIT768,FIVES,1
S000131,4,NORMAL,FIVES,VIT768,FIVES,1
S000135,4,NORMAL,FIVES,VIT768,FIVES,1
S000146,4,NORMAL,FIVES,VIT768,ADAM,0
S000149,4,NORMAL,FIVES,VIT768,FIVES,1
S000158,4,AMD_DRY,FIVES,VIT768,FIVES,1
S000159,4,AMD_DRY,FIVES,VIT768,FIVES,1
S000162,4,AMD_DRY,FIVES,VIT768,FIVES,1
S000177,4,AMD_WET,FIVES,VIT768,RFMID,0
S000179,4,AMD_WET,FIVES,VIT768,ADAM,0
S000182,4,AMD_WET,FIVES,VIT768,FIVES,1
S000185,4,AMD_WET,FIVES,VIT768,FIVES,1
S000187,4,AMD_WET,FIVES,VIT768,FIVES,1
S000189,4,AMD_WET,FIVES,VIT768,FIVES,1
S000192,4,AMD_WET,FIVES,VIT768,FIVES,1
S000203,4,AMD_WET,FIVES,VIT768,ADAM,0
S000212,4,AMD_WET,FIVES,VIT768,RFMID,0
S000218,4,AMD_WET,FIVES,VIT768,FIVES,1
S000224,4,AMD_WET,FIVES,VIT768,RFMID,0
S000225,4,AMD_WET,FIVES,VIT768,FIVES,1
S000227,4,AMD_WET,FIVES,VIT768,RFMID,0
S000234,4,AMD_WET,FIVES,VIT768,ODIR,0
S000242,4,NORMAL,ODIR,VIT768,ODIR,1
S000243,4,NORMAL,ODIR,VIT768,ODIR,1
S000245,4,NORMAL,ODIR,VIT768,ODIR,1
S000246,4,NORMAL,ODIR,VIT768,ODIR,1
S000247,4,NORMAL,ODIR,VIT768,ODIR,1
S000248,4,NORMAL,ODIR,VIT768,ODIR,1
S000249,4,NORMAL,ODIR,VIT768,ODIR,1
S000253,4,NORMAL,ODIR,VIT768,ODIR,1
S000269,4,NORMAL,ODIR,VIT768,ODIR,1
S000283,4,NORMAL,ODIR,VIT768,ODIR,1
S000285,4,NORMAL,ODIR,VIT768,ODIR,1
S000286,4,NORMAL,ODIR,VIT768,ODIR,1
S000292,4,NORMAL,ODIR,VIT768,ODIR,1
S000299,4,NORMAL,ODIR,VIT768,ODIR,1
S000302,4,NORMAL,ODIR,VIT768,ODIR,1
S000309,4,NORMAL,ODIR,VIT768,ODIR,1
S000314,4,NORMAL,ODIR,VIT768,ODIR,1
S000316,4,NORMAL,ODIR,VIT768,ODIR,1
S000323,4,NORMAL,ODIR,VIT768,ODIR,1
S000330,4,NORMAL,ODIR,VIT768,ODIR,1
S000336,4,NORMAL,ODIR,VIT768,ODIR,1
S000337,4,NORMAL,ODIR,VIT768,ODIR,1
S000353,4,NORMAL,ODIR,VIT768,ODIR,1
S000360,4,NORMAL,ODIR,VIT768,ODIR,1
S000363,4,NORMAL,ODIR,VIT768,ODIR,1
S000364,4,AMD_DRY,ODIR,VIT768,ODIR,1
S000365,4,AMD_DRY,ODIR,VIT768,ODIR,1
S000371,4,AMD_DRY,ODIR,VIT768,ODIR,1
S000372,4,AMD_DRY,ODIR,VIT768,ODIR,1
S000391,4,AMD_DRY,ODIR,VIT768,ODIR,1
S000392,4,AMD_DRY,ODIR,VIT768,ODIR,1
S000395,4,AMD_DRY,ODIR,VIT768,ODIR,1
S000396,4,AMD_DRY,ODIR,VIT768,ODIR,1
S000398,4,AMD_DRY,ODIR,VIT768,ODIR,1
S000404,4,AMD_DRY,ODIR,VIT768,ODIR,1
S000406,4,AMD_DRY,ODIR,VIT768,ODIR,1
S000407,4,AMD_DRY,ODIR,VIT768,ODIR,1
S000409,4,AMD_DRY,ODIR,VIT768,ODIR,1
S000424,4,AMD_DRY,ODIR,VIT768,ODIR,1
S000428,4,AMD_DRY,ODIR,VIT768,ODIR,1
S000434,4,AMD_DRY,ODIR,VIT768,ODIR,1
S000445,4,AMD_WET,ODIR,VIT768,RFMID,0
S000456,4,AMD_WET,ODIR,VIT768,ODIR,1
S000463,4,AMD_WET,ODIR,VIT768,ADAM,0
S000466,4,AMD_WET,ODIR,VIT768,ODIR,1
S000468,4,AMD_WET,ODIR,VIT768,RFMID,0
S000470,4,AMD_WET,ODIR,VIT768,ODIR,1
S000476,4,NORMAL,RFMID,VIT768,RFMID,1
S000486,4,NORMAL,RFMID,VIT768,RFMID,1
S000488,4,NORMAL,RFMID,VIT768,RFMID,1
S000492,4,NORMAL,RFMID,VIT768,RFMID,1
S000501,4,NORMAL,RFMID,VIT768,RFMID,1
S000511,4,NORMAL,RFMID,VIT768,RFMID,1
S000520,4,NORMAL,RFMID,VIT768,RFMID,1
S000528,4,NORMAL,RFMID,VIT768,RFMID,1
S000531,4,NORMAL,RFMID,VIT768,RFMID,1
S000532,4,NORMAL,RFMID,VIT768,FIVES,0
S000533,4,NORMAL,RFMID,VIT768,RFMID,1
S000535,4,NORMAL,RFMID,VIT768,RFMID,1
S000539,4,AMD_DRY,RFMID,VIT768,RFMID,1
S000543,4,AMD_DRY,RFMID,VIT768,RFMID,1
S000548,4,AMD_WET,RFMID,VIT768,RFMID,1
S000550,4,AMD_WET,RFMID,VIT768,RFMID,1
S000551,4,AMD_WET,RFMID,VIT768,RFMID,1
S000558,4,AMD_WET,RFMID,VIT768,RFMID,1
S000566,4,AMD_WET,RFMID,VIT768,RFMID,1
S000575,4,AMD_WET,RFMID,VIT768,RFMID,1
S000579,4,AMD_WET,RFMID,VIT768,ODIR,0
S000582,4,AMD_WET,RFMID,VIT768,ADAM,0
S000590,4,AMD_WET,RFMID,VIT768,RFMID,1
S000592,4,AMD_WET,RFMID,VIT768,ODIR,0
S000597,4,AMD_WET,RFMID,VIT768,RFMID,1
S000001,4,AMD_DRY,ADAM,HYBRID800,ADAM,1
S000015,4,AMD_DRY,ADAM,HYBRID800,ADAM,1
S000018,4,AMD_DRY,ADAM,HYBRID800,ODIR,0
S000021,4,AMD_DRY,ADAM,HYBRID800,ADAM,1
S000023,4,AMD_DRY,ADAM,HYBRID800,ADAM,1
S000024,4,AMD_DRY,ADAM,HYBRID800,ADAM,1
S000030,4,AMD_DRY,ADAM,HYBRID800,ODIR,0
S000041,4,AMD_WET,ADAM,HYBRID800,ODIR,0
S000042,4,AMD_WET,ADAM,HYBRID800,ADAM,1
S000043,4,AMD_WET,ADAM,HYBRID800,ADAM,1
S000053,4,NORMAL,FIVES,HYBRID800,FIVES,1
S000057,4,NORMAL,FIVES,HYBRID800,FIVES,1
S000065,4,NORMAL,FIVES,HYBRID800,FIVES,1
S000066,4,NORMAL,FIVES,HYBRID800,FIVES,1
S000067,4,NORMAL,FIVES,HYBRID800,FIVES,1
S000074,4,NORMAL,FIVES,HYBRID800,FIVES,1
S000077,4,NORMAL,FIVES,HYBRID800,FIVES,1
S000081,4,NORMAL,FIVES,HYBRID800,FIVES,1
S000084,4,NORMAL,FIVES,HYBRID800,FIVES,1
S000089,4,NORMAL,FIVES,HYBRID800,FIVES,1
S000094,4,NORMAL,FIVES,HYBRID800,FIVES,1
S000100,4,NORMAL,FIVES,HYBRID800,FIVES,1
S000108,4,NORMAL,FIVES,HYBRID800,FIVES,1
S000110,4,NORMAL,FIVES,HYBRID800,FIVES,1
S000120,4,NORMAL,FIVES,HYBRID800,FIVES,1
S000122,4,NORMAL,FIVES,HYBRID800,FIVES,1
S000131,4,NORMAL,FIVES,HYBRID800,FIVES,1
S000135,4,NORMAL,FIVES,HYBRID800,FIVES,1
S000146,4,NORMAL,FIVES,HYBRID800,ADAM,0
S000149,4,NORMAL,FIVES,HYBRID800,FIVES,1
S000158,4,AMD_DRY,FIVES,HYBRID800,FIVES,1
S000159,4,AMD_DRY,FIVES,HYBRID800,FIVES,1
S000162,4,AMD_DRY,FIVES,HYBRID800,FIVES,1
S000177,4,AMD_WET,FIVES,HYBRID800,RFMID,0
S000179,4,AMD_WET,FIVES,HYBRID800,ADAM,0
S000182,4,AMD_WET,FIVES,HYBRID800,FIVES,1
S000185,4,AMD_WET,FIVES,HYBRID800,FIVES,1
S000187,4,AMD_WET,FIVES,HYBRID800,FIVES,1
S000189,4,AMD_WET,FIVES,HYBRID800,FIVES,1
S000192,4,AMD_WET,FIVES,HYBRID800,FIVES,1
S000203,4,AMD_WET,FIVES,HYBRID800,ADAM,0
S000212,4,AMD_WET,FIVES,HYBRID800,RFMID,0
S000218,4,AMD_WET,FIVES,HYBRID800,FIVES,1
S000224,4,AMD_WET,FIVES,HYBRID800,RFMID,0
S000225,4,AMD_WET,FIVES,HYBRID800,FIVES,1
S000227,4,AMD_WET,FIVES,HYBRID800,RFMID,0
S000234,4,AMD_WET,FIVES,HYBRID800,FIVES,1
S000242,4,NORMAL,ODIR,HYBRID800,ODIR,1
S000243,4,NORMAL,ODIR,HYBRID800,ODIR,1
S000245,4,NORMAL,ODIR,HYBRID800,ODIR,1
S000246,4,NORMAL,ODIR,HYBRID800,ODIR,1
S000247,4,NORMAL,ODIR,HYBRID800,ODIR,1
S000248,4,NORMAL,ODIR,HYBRID800,ODIR,1
S000249,4,NORMAL,ODIR,HYBRID800,ODIR,1
S000253,4,NORMAL,ODIR,HYBRID800,ODIR,1
S000269,4,NORMAL,ODIR,HYBRID800,ODIR,1
S000283,4,NORMAL,ODIR,HYBRID800,ODIR,1
S000285,4,NORMAL,ODIR,HYBRID800,ODIR,1
S000286,4,NORMAL,ODIR,HYBRID800,ODIR,1
S000292,4,NORMAL,ODIR,HYBRID800,ODIR,1
S000299,4,NORMAL,ODIR,HYBRID800,ODIR,1
S000302,4,NORMAL,ODIR,HYBRID800,ODIR,1
S000309,4,NORMAL,ODIR,HYBRID800,ODIR,1
S000314,4,NORMAL,ODIR,HYBRID800,ODIR,1
S000316,4,NORMAL,ODIR,HYBRID800,ODIR,1
S000323,4,NORMAL,ODIR,HYBRID800,ODIR,1
S000330,4,NORMAL,ODIR,HYBRID800,ODIR,1
S000336,4,NORMAL,ODIR,HYBRID800,ODIR,1
S000337,4,NORMAL,ODIR,HYBRID800,ODIR,1
S000353,4,NORMAL,ODIR,HYBRID800,ODIR,1
S000360,4,NORMAL,ODIR,HYBRID800,ODIR,1
S000363,4,NORMAL,ODIR,HYBRID800,ODIR,1
S000364,4,AMD_DRY,ODIR,HYBRID800,ODIR,1
S000365,4,AMD_DRY,ODIR,HYBRID800,ODIR,1
S000371,4,AMD_DRY,ODIR,HYBRID800,ODIR,1
S000372,4,AMD_DRY,ODIR,HYBRID800,ODIR,1
S000391,4,AMD_DRY,ODIR,HYBRID800,ODIR,1
S000392,4,AMD_DRY,ODIR,HYBRID800,ODIR,1
S000395,4,AMD_DRY,ODIR,HYBRID800,ODIR,1
S000396,4,AMD_DRY,ODIR,HYBRID800,ODIR,1
S000398,4,AMD_DRY,ODIR,HYBRID800,ADAM,0
S000404,4,AMD_DRY,ODIR,HYBRID800,ODIR,1
S000406,4,AMD_DRY,ODIR,HYBRID800,ODIR,1
S000407,4,AMD_DRY,ODIR,HYBRID800,ODIR,1
S000409,4,AMD_DRY,ODIR,HYBRID800,ODIR,1
S000424,4,AMD_DRY,ODIR,HYBRID800,ODIR,1
S000428,4,AMD_DRY,ODIR,HYBRID800,ODIR,1
S000434,4,AMD_DRY,ODIR,HYBRID800,ODIR,1
S000445,4,AMD_WET,ODIR,HYBRID800,RFMID,0
S000456,4,AMD_WET,ODIR,HYBRID800,ODIR,1
S000463,4,AMD_WET,ODIR,HYBRID800,ADAM,0
S000466,4,AMD_WET,ODIR,HYBRID800,ODIR,1
S000468,4,AMD_WET,ODIR,HYBRID800,ODIR,1
S000470,4,AMD_WET,ODIR,HYBRID800,ODIR,1
S000476,4,NORMAL,RFMID,HYBRID800,RFMID,1
S000486,4,NORMAL,RFMID,HYBRID800,RFMID,1
S000488,4,NORMAL,RFMID,HYBRID800,RFMID,1
S000492,4,NORMAL,RFMID,HYBRID800,RFMID,1
S000501,4,NORMAL,RFMID,HYBRID800,RFMID,1
S000511,4,NORMAL,RFMID,HYBRID800,RFMID,1
S000520,4,NORMAL,RFMID,HYBRID800,RFMID,1
S000528,4,NORMAL,RFMID,HYBRID800,RFMID,1
S000531,4,NORMAL,RFMID,HYBRID800,RFMID,1
S000532,4,NORMAL,RFMID,HYBRID800,FIVES,0
S000533,4,NORMAL,RFMID,HYBRID800,RFMID,1
S000535,4,NORMAL,RFMID,HYBRID800,RFMID,1
S000539,4,AMD_DRY,RFMID,HYBRID800,RFMID,1
S000543,4,AMD_DRY,RFMID,HYBRID800,RFMID,1
S000548,4,AMD_WET,RFMID,HYBRID800,RFMID,1
S000550,4,AMD_WET,RFMID,HYBRID800,RFMID,1
S000551,4,AMD_WET,RFMID,HYBRID800,RFMID,1
S000558,4,AMD_WET,RFMID,HYBRID800,RFMID,1
S000566,4,AMD_WET,RFMID,HYBRID800,RFMID,1
S000575,4,AMD_WET,RFMID,HYBRID800,RFMID,1
S000579,4,AMD_WET,RFMID,HYBRID800,ODIR,0
S000582,4,AMD_WET,RFMID,HYBRID800,ADAM,0
S000590,4,AMD_WET,RFMID,HYBRID800,RFMID,1
S000592,4,AMD_WET,RFMID,HYBRID800,ODIR,0
S000597,4,AMD_WET,RFMID,HYBRID800,RFMID,1
S000001,4,AMD_DRY,ADAM,HYBRID_PCA128,ADAM,1
S000015,4,AMD_DRY,ADAM,HYBRID_PCA128,ADAM,1
S000018,4,AMD_DRY,ADAM,HYBRID_PCA128,ADAM,1
S000021,4,AMD_DRY,ADAM,HYBRID_PCA128,ADAM,1
S000023,4,AMD_DRY,ADAM,HYBRID_PCA128,ADAM,1
S000024,4,AMD_DRY,ADAM,HYBRID_PCA128,ADAM,1
S000030,4,AMD_DRY,ADAM,HYBRID_PCA128,ADAM,1
S000041,4,AMD_WET,ADAM,HYBRID_PCA128,ADAM,1
S000042,4,AMD_WET,ADAM,HYBRID_PCA128,ADAM,1
S000043,4,AMD_WET,ADAM,HYBRID_PCA128,ODIR,0
S000053,4,NORMAL,FIVES,HYBRID_PCA128,FIVES,1
S000057,4,NORMAL,FIVES,HYBRID_PCA128,FIVES,1
S000065,4,NORMAL,FIVES,HYBRID_PCA128,FIVES,1
S000066,4,NORMAL,FIVES,HYBRID_PCA128,FIVES,1
S000067,4,NORMAL,FIVES,HYBRID_PCA128,FIVES,1
S000074,4,NORMAL,FIVES,HYBRID_PCA128,FIVES,1
S000077,4,NORMAL,FIVES,HYBRID_PCA128,FIVES,1
S000081,4,NORMAL,FIVES,HYBRID_PCA128,FIVES,1
S000084,4,NORMAL,FIVES,HYBRID_PCA128,FIVES,1
S000089,4,NORMAL,FIVES,HYBRID_PCA128,FIVES,1
S000094,4,NORMAL,FIVES,HYBRID_PCA128,FIVES,1
S000100,4,NORMAL,FIVES,HYBRID_PCA128,FIVES,1
S000108,4,NORMAL,FIVES,HYBRID_PCA128,FIVES,1
S000110,4,NORMAL,FIVES,HYBRID_PCA128,FIVES,1
S000120,4,NORMAL,FIVES,HYBRID_PCA128,FIVES,1
S000122,4,NORMAL,FIVES,HYBRID_PCA128,FIVES,1
S000131,4,NORMAL,FIVES,HYBRID_PCA128,FIVES,1
S000135,4,NORMAL,FIVES,HYBRID_PCA128,FIVES,1
S000146,4,NORMAL,FIVES,HYBRID_PCA128,FIVES,1
S000149,4,NORMAL,FIVES,HYBRID_PCA128,FIVES,1
S000158,4,AMD_DRY,FIVES,HYBRID_PCA128,FIVES,1
S000159,4,AMD_DRY,FIVES,HYBRID_PCA128,RFMID,0
S000162,4,AMD_DRY,FIVES,HYBRID_PCA128,FIVES,1
S000177,4,AMD_WET,FIVES,HYBRID_PCA128,RFMID,0
S000179,4,AMD_WET,FIVES,HYBRID_PCA128,ADAM,0
S000182,4,AMD_WET,FIVES,HYBRID_PCA128,FIVES,1
S000185,4,AMD_WET,FIVES,HYBRID_PCA128,FIVES,1
S000187,4,AMD_WET,FIVES,HYBRID_PCA128,FIVES,1
S000189,4,AMD_WET,FIVES,HYBRID_PCA128,FIVES,1
S000192,4,AMD_WET,FIVES,HYBRID_PCA128,FIVES,1
S000203,4,AMD_WET,FIVES,HYBRID_PCA128,FIVES,1
S000212,4,AMD_WET,FIVES,HYBRID_PCA128,RFMID,0
S000218,4,AMD_WET,FIVES,HYBRID_PCA128,FIVES,1
S000224,4,AMD_WET,FIVES,HYBRID_PCA128,FIVES,1
S000225,4,AMD_WET,FIVES,HYBRID_PCA128,FIVES,1
S000227,4,AMD_WET,FIVES,HYBRID_PCA128,FIVES,1
S000234,4,AMD_WET,FIVES,HYBRID_PCA128,FIVES,1
S000242,4,NORMAL,ODIR,HYBRID_PCA128,ODIR,1
S000243,4,NORMAL,ODIR,HYBRID_PCA128,ODIR,1
S000245,4,NORMAL,ODIR,HYBRID_PCA128,ODIR,1
S000246,4,NORMAL,ODIR,HYBRID_PCA128,ODIR,1
S000247,4,NORMAL,ODIR,HYBRID_PCA128,ODIR,1
S000248,4,NORMAL,ODIR,HYBRID_PCA128,ODIR,1
S000249,4,NORMAL,ODIR,HYBRID_PCA128,ODIR,1
S000253,4,NORMAL,ODIR,HYBRID_PCA128,ODIR,1
S000269,4,NORMAL,ODIR,HYBRID_PCA128,ODIR,1
S000283,4,NORMAL,ODIR,HYBRID_PCA128,ODIR,1
S000285,4,NORMAL,ODIR,HYBRID_PCA128,ODIR,1
S000286,4,NORMAL,ODIR,HYBRID_PCA128,ODIR,1
S000292,4,NORMAL,ODIR,HYBRID_PCA128,ODIR,1
S000299,4,NORMAL,ODIR,HYBRID_PCA128,ODIR,1
S000302,4,NORMAL,ODIR,HYBRID_PCA128,ODIR,1
S000309,4,NORMAL,ODIR,HYBRID_PCA128,ODIR,1
S000314,4,NORMAL,ODIR,HYBRID_PCA128,ODIR,1
S000316,4,NORMAL,ODIR,HYBRID_PCA128,ODIR,1
S000323,4,NORMAL,ODIR,HYBRID_PCA128,ODIR,1
S000330,4,NORMAL,ODIR,HYBRID_PCA128,ODIR,1
S000336,4,NORMAL,ODIR,HYBRID_PCA128,ODIR,1
S000337,4,NORMAL,ODIR,HYBRID_PCA128,ODIR,1
S000353,4,NORMAL,ODIR,HYBRID_PCA128,ODIR,1
S000360,4,NORMAL,ODIR,HYBRID_PCA128,ODIR,1
S000363,4,NORMAL,ODIR,HYBRID_PCA128,ODIR,1
S000364,4,AMD_DRY,ODIR,HYBRID_PCA128,ODIR,1
S000365,4,AMD_DRY,ODIR,HYBRID_PCA128,ODIR,1
S000371,4,AMD_DRY,ODIR,HYBRID_PCA128,ODIR,1
S000372,4,AMD_DRY,ODIR,HYBRID_PCA128,ADAM,0
S000391,4,AMD_DRY,ODIR,HYBRID_PCA128,ODIR,1
S000392,4,AMD_DRY,ODIR,HYBRID_PCA128,ODIR,1
S000395,4,AMD_DRY,ODIR,HYBRID_PCA128,ODIR,1
S000396,4,AMD_DRY,ODIR,HYBRID_PCA128,ODIR,1
S000398,4,AMD_DRY,ODIR,HYBRID_PCA128,ADAM,0
S000404,4,AMD_DRY,ODIR,HYBRID_PCA128,ODIR,1
S000406,4,AMD_DRY,ODIR,HYBRID_PCA128,ODIR,1
S000407,4,AMD_DRY,ODIR,HYBRID_PCA128,ODIR,1
S000409,4,AMD_DRY,ODIR,HYBRID_PCA128,ODIR,1
S000424,4,AMD_DRY,ODIR,HYBRID_PCA128,ODIR,1
S000428,4,AMD_DRY,ODIR,HYBRID_PCA128,ODIR,1
S000434,4,AMD_DRY,ODIR,HYBRID_PCA128,ODIR,1
S000445,4,AMD_WET,ODIR,HYBRID_PCA128,ODIR,1
S000456,4,AMD_WET,ODIR,HYBRID_PCA128,ODIR,1
S000463,4,AMD_WET,ODIR,HYBRID_PCA128,ODIR,1
S000466,4,AMD_WET,ODIR,HYBRID_PCA128,ODIR,1
S000468,4,AMD_WET,ODIR,HYBRID_PCA128,ODIR,1
S000470,4,AMD_WET,ODIR,HYBRID_PCA128,ODIR,1
S000476,4,NORMAL,RFMID,HYBRID_PCA128,RFMID,1
S000486,4,NORMAL,RFMID,HYBRID_PCA128,RFMID,1
S000488,4,NORMAL,RFMID,HYBRID_PCA128,RFMID,1
S000492,4,NORMAL,RFMID,HYBRID_PCA128,RFMID,1
S000501,4,NORMAL,RFMID,HYBRID_PCA128,RFMID,1
S000511,4,NORMAL,RFMID,HYBRID_PCA128,RFMID,1
S000520,4,NORMAL,RFMID,HYBRID_PCA128,RFMID,1
S000528,4,NORMAL,RFMID,HYBRID_PCA128,RFMID,1
S000531,4,NORMAL,RFMID,HYBRID_PCA128,RFMID,1
S000532,4,NORMAL,RFMID,HYBRID_PCA128,RFMID,1
S000533,4,NORMAL,RFMID,HYBRID_PCA128,RFMID,1
S000535,4,NORMAL,RFMID,HYBRID_PCA128,RFMID,1
S000539,4,AMD_DRY,RFMID,HYBRID_PCA128,RFMID,1
S000543,4,AMD_DRY,RFMID,HYBRID_PCA128,RFMID,1
S000548,4,AMD_WET,RFMID,HYBRID_PCA128,RFMID,1
S000550,4,AMD_WET,RFMID,HYBRID_PCA128,RFMID,1
S000551,4,AMD_WET,RFMID,HYBRID_PCA128,RFMID,1
S000558,4,AMD_WET,RFMID,HYBRID_PCA128,FIVES,0
S000566,4,AMD_WET,RFMID,HYBRID_PCA128,RFMID,1
S000575,4,AMD_WET,RFMID,HYBRID_PCA128,RFMID,1
S000579,4,AMD_WET,RFMID,HYBRID_PCA128,RFMID,1
S000582,4,AMD_WET,RFMID,HYBRID_PCA128,RFMID,1
S000590,4,AMD_WET,RFMID,HYBRID_PCA128,RFMID,1
S000592,4,AMD_WET,RFMID,HYBRID_PCA128,RFMID,1
S000597,4,AMD_WET,RFMID,HYBRID_PCA128,RFMID,1
S000004,5,AMD_DRY,ADAM,MAJORITY_SOURCE,ODIR,0
S000007,5,AMD_DRY,ADAM,MAJORITY_SOURCE,ODIR,0
S000008,5,AMD_DRY,ADAM,MAJORITY_SOURCE,ODIR,0
S000017,5,AMD_DRY,ADAM,MAJORITY_SOURCE,ODIR,0
S000022,5,AMD_DRY,ADAM,MAJORITY_SOURCE,ODIR,0
S000029,5,AMD_DRY,ADAM,MAJORITY_SOURCE,ODIR,0
S000035,5,AMD_DRY,ADAM,MAJORITY_SOURCE,ODIR,0
S000046,5,AMD_WET,ADAM,MAJORITY_SOURCE,ODIR,0
S000048,5,AMD_WET,ADAM,MAJORITY_SOURCE,ODIR,0
S000052,5,AMD_WET,ADAM,MAJORITY_SOURCE,ODIR,0
S000055,5,NORMAL,FIVES,MAJORITY_SOURCE,ODIR,0
S000056,5,NORMAL,FIVES,MAJORITY_SOURCE,ODIR,0
S000078,5,NORMAL,FIVES,MAJORITY_SOURCE,ODIR,0
S000079,5,NORMAL,FIVES,MAJORITY_SOURCE,ODIR,0
S000088,5,NORMAL,FIVES,MAJORITY_SOURCE,ODIR,0
S000095,5,NORMAL,FIVES,MAJORITY_SOURCE,ODIR,0
S000096,5,NORMAL,FIVES,MAJORITY_SOURCE,ODIR,0
S000097,5,NORMAL,FIVES,MAJORITY_SOURCE,ODIR,0
S000103,5,NORMAL,FIVES,MAJORITY_SOURCE,ODIR,0
S000109,5,NORMAL,FIVES,MAJORITY_SOURCE,ODIR,0
S000117,5,NORMAL,FIVES,MAJORITY_SOURCE,ODIR,0
S000118,5,NORMAL,FIVES,MAJORITY_SOURCE,ODIR,0
S000119,5,NORMAL,FIVES,MAJORITY_SOURCE,ODIR,0
S000125,5,NORMAL,FIVES,MAJORITY_SOURCE,ODIR,0
S000128,5,NORMAL,FIVES,MAJORITY_SOURCE,ODIR,0
S000130,5,NORMAL,FIVES,MAJORITY_SOURCE,ODIR,0
S000133,5,NORMAL,FIVES,MAJORITY_SOURCE,ODIR,0
S000141,5,NORMAL,FIVES,MAJORITY_SOURCE,ODIR,0
S000145,5,NORMAL,FIVES,MAJORITY_SOURCE,ODIR,0
S000151,5,NORMAL,FIVES,MAJORITY_SOURCE,ODIR,0
S000155,5,AMD_DRY,FIVES,MAJORITY_SOURCE,ODIR,0
S000163,5,AMD_DRY,FIVES,MAJORITY_SOURCE,ODIR,0
S000164,5,AMD_DRY,FIVES,MAJORITY_SOURCE,ODIR,0
S000168,5,AMD_WET,FIVES,MAJORITY_SOURCE,ODIR,0
S000169,5,AMD_WET,FIVES,MAJORITY_SOURCE,ODIR,0
S000176,5,AMD_WET,FIVES,MAJORITY_SOURCE,ODIR,0
S000191,5,AMD_WET,FIVES,MAJORITY_SOURCE,ODIR,0
S000194,5,AMD_WET,FIVES,MAJORITY_SOURCE,ODIR,0
S000195,5,AMD_WET,FIVES,MAJORITY_SOURCE,ODIR,0
S000202,5,AMD_WET,FIVES,MAJORITY_SOURCE,ODIR,0
S000211,5,AMD_WET,FIVES,MAJORITY_SOURCE,ODIR,0
S000215,5,AMD_WET,FIVES,MAJORITY_SOURCE,ODIR,0
S000217,5,AMD_WET,FIVES,MAJORITY_SOURCE,ODIR,0
S000229,5,AMD_WET,FIVES,MAJORITY_SOURCE,ODIR,0
S000232,5,AMD_WET,FIVES,MAJORITY_SOURCE,ODIR,0
S000235,5,AMD_WET,FIVES,MAJORITY_SOURCE,ODIR,0
S000236,5,AMD_WET,FIVES,MAJORITY_SOURCE,ODIR,0
S000254,5,NORMAL,ODIR,MAJORITY_SOURCE,ODIR,1
S000262,5,NORMAL,ODIR,MAJORITY_SOURCE,ODIR,1
S000271,5,NORMAL,ODIR,MAJORITY_SOURCE,ODIR,1
S000272,5,NORMAL,ODIR,MAJORITY_SOURCE,ODIR,1
S000279,5,NORMAL,ODIR,MAJORITY_SOURCE,ODIR,1
S000280,5,NORMAL,ODIR,MAJORITY_SOURCE,ODIR,1
S000281,5,NORMAL,ODIR,MAJORITY_SOURCE,ODIR,1
S000288,5,NORMAL,ODIR,MAJORITY_SOURCE,ODIR,1
S000289,5,NORMAL,ODIR,MAJORITY_SOURCE,ODIR,1
S000294,5,NORMAL,ODIR,MAJORITY_SOURCE,ODIR,1
S000303,5,NORMAL,ODIR,MAJORITY_SOURCE,ODIR,1
S000304,5,NORMAL,ODIR,MAJORITY_SOURCE,ODIR,1
S000305,5,NORMAL,ODIR,MAJORITY_SOURCE,ODIR,1
S000311,5,NORMAL,ODIR,MAJORITY_SOURCE,ODIR,1
S000312,5,NORMAL,ODIR,MAJORITY_SOURCE,ODIR,1
S000313,5,NORMAL,ODIR,MAJORITY_SOURCE,ODIR,1
S000315,5,NORMAL,ODIR,MAJORITY_SOURCE,ODIR,1
S000320,5,NORMAL,ODIR,MAJORITY_SOURCE,ODIR,1
S000332,5,NORMAL,ODIR,MAJORITY_SOURCE,ODIR,1
S000335,5,NORMAL,ODIR,MAJORITY_SOURCE,ODIR,1
S000341,5,NORMAL,ODIR,MAJORITY_SOURCE,ODIR,1
S000343,5,NORMAL,ODIR,MAJORITY_SOURCE,ODIR,1
S000346,5,NORMAL,ODIR,MAJORITY_SOURCE,ODIR,1
S000355,5,NORMAL,ODIR,MAJORITY_SOURCE,ODIR,1
S000358,5,NORMAL,ODIR,MAJORITY_SOURCE,ODIR,1
S000376,5,AMD_DRY,ODIR,MAJORITY_SOURCE,ODIR,1
S000384,5,AMD_DRY,ODIR,MAJORITY_SOURCE,ODIR,1
S000385,5,AMD_DRY,ODIR,MAJORITY_SOURCE,ODIR,1
S000386,5,AMD_DRY,ODIR,MAJORITY_SOURCE,ODIR,1
S000393,5,AMD_DRY,ODIR,MAJORITY_SOURCE,ODIR,1
S000400,5,AMD_DRY,ODIR,MAJORITY_SOURCE,ODIR,1
S000401,5,AMD_DRY,ODIR,MAJORITY_SOURCE,ODIR,1
S000403,5,AMD_DRY,ODIR,MAJORITY_SOURCE,ODIR,1
S000410,5,AMD_DRY,ODIR,MAJORITY_SOURCE,ODIR,1
S000419,5,AMD_DRY,ODIR,MAJORITY_SOURCE,ODIR,1
S000420,5,AMD_DRY,ODIR,MAJORITY_SOURCE,ODIR,1
S000425,5,AMD_DRY,ODIR,MAJORITY_SOURCE,ODIR,1
S000427,5,AMD_DRY,ODIR,MAJORITY_SOURCE,ODIR,1
S000430,5,AMD_DRY,ODIR,MAJORITY_SOURCE,ODIR,1
S000438,5,AMD_DRY,ODIR,MAJORITY_SOURCE,ODIR,1
S000443,5,AMD_DRY,ODIR,MAJORITY_SOURCE,ODIR,1
S000449,5,AMD_WET,ODIR,MAJORITY_SOURCE,ODIR,1
S000451,5,AMD_WET,ODIR,MAJORITY_SOURCE,ODIR,1
S000462,5,AMD_WET,ODIR,MAJORITY_SOURCE,ODIR,1
S000469,5,AMD_WET,ODIR,MAJORITY_SOURCE,ODIR,1
S000471,5,AMD_WET,ODIR,MAJORITY_SOURCE,ODIR,1
S000474,5,NORMAL,RFMID,MAJORITY_SOURCE,ODIR,0
S000475,5,NORMAL,RFMID,MAJORITY_SOURCE,ODIR,0
S000479,5,NORMAL,RFMID,MAJORITY_SOURCE,ODIR,0
S000483,5,NORMAL,RFMID,MAJORITY_SOURCE,ODIR,0
S000487,5,NORMAL,RFMID,MAJORITY_SOURCE,ODIR,0
S000489,5,NORMAL,RFMID,MAJORITY_SOURCE,ODIR,0
S000495,5,NORMAL,RFMID,MAJORITY_SOURCE,ODIR,0
S000496,5,NORMAL,RFMID,MAJORITY_SOURCE,ODIR,0
S000503,5,NORMAL,RFMID,MAJORITY_SOURCE,ODIR,0
S000513,5,NORMAL,RFMID,MAJORITY_SOURCE,ODIR,0
S000519,5,NORMAL,RFMID,MAJORITY_SOURCE,ODIR,0
S000525,5,NORMAL,RFMID,MAJORITY_SOURCE,ODIR,0
S000526,5,NORMAL,RFMID,MAJORITY_SOURCE,ODIR,0
S000536,5,AMD_DRY,RFMID,MAJORITY_SOURCE,ODIR,0
S000538,5,AMD_DRY,RFMID,MAJORITY_SOURCE,ODIR,0
S000547,5,AMD_WET,RFMID,MAJORITY_SOURCE,ODIR,0
S000554,5,AMD_WET,RFMID,MAJORITY_SOURCE,ODIR,0
S000556,5,AMD_WET,RFMID,MAJORITY_SOURCE,ODIR,0
S000567,5,AMD_WET,RFMID,MAJORITY_SOURCE,ODIR,0
S000570,5,AMD_WET,RFMID,MAJORITY_SOURCE,ODIR,0
S000574,5,AMD_WET,RFMID,MAJORITY_SOURCE,ODIR,0
S000577,5,AMD_WET,RFMID,MAJORITY_SOURCE,ODIR,0
S000581,5,AMD_WET,RFMID,MAJORITY_SOURCE,ODIR,0
S000585,5,AMD_WET,RFMID,MAJORITY_SOURCE,ODIR,0
S000588,5,AMD_WET,RFMID,MAJORITY_SOURCE,ODIR,0
S000004,5,AMD_DRY,ADAM,DISEASE_LABEL_ONLY,ADAM,1
S000007,5,AMD_DRY,ADAM,DISEASE_LABEL_ONLY,ADAM,1
S000008,5,AMD_DRY,ADAM,DISEASE_LABEL_ONLY,ADAM,1
S000017,5,AMD_DRY,ADAM,DISEASE_LABEL_ONLY,ADAM,1
S000022,5,AMD_DRY,ADAM,DISEASE_LABEL_ONLY,ADAM,1
S000029,5,AMD_DRY,ADAM,DISEASE_LABEL_ONLY,ADAM,1
S000035,5,AMD_DRY,ADAM,DISEASE_LABEL_ONLY,ADAM,1
S000046,5,AMD_WET,ADAM,DISEASE_LABEL_ONLY,RFMID,0
S000048,5,AMD_WET,ADAM,DISEASE_LABEL_ONLY,RFMID,0
S000052,5,AMD_WET,ADAM,DISEASE_LABEL_ONLY,RFMID,0
S000055,5,NORMAL,FIVES,DISEASE_LABEL_ONLY,FIVES,1
S000056,5,NORMAL,FIVES,DISEASE_LABEL_ONLY,FIVES,1
S000078,5,NORMAL,FIVES,DISEASE_LABEL_ONLY,FIVES,1
S000079,5,NORMAL,FIVES,DISEASE_LABEL_ONLY,FIVES,1
S000088,5,NORMAL,FIVES,DISEASE_LABEL_ONLY,FIVES,1
S000095,5,NORMAL,FIVES,DISEASE_LABEL_ONLY,FIVES,1
S000096,5,NORMAL,FIVES,DISEASE_LABEL_ONLY,FIVES,1
S000097,5,NORMAL,FIVES,DISEASE_LABEL_ONLY,FIVES,1
S000103,5,NORMAL,FIVES,DISEASE_LABEL_ONLY,FIVES,1
S000109,5,NORMAL,FIVES,DISEASE_LABEL_ONLY,FIVES,1
S000117,5,NORMAL,FIVES,DISEASE_LABEL_ONLY,FIVES,1
S000118,5,NORMAL,FIVES,DISEASE_LABEL_ONLY,FIVES,1
S000119,5,NORMAL,FIVES,DISEASE_LABEL_ONLY,FIVES,1
S000125,5,NORMAL,FIVES,DISEASE_LABEL_ONLY,FIVES,1
S000128,5,NORMAL,FIVES,DISEASE_LABEL_ONLY,FIVES,1
S000130,5,NORMAL,FIVES,DISEASE_LABEL_ONLY,FIVES,1
S000133,5,NORMAL,FIVES,DISEASE_LABEL_ONLY,FIVES,1
S000141,5,NORMAL,FIVES,DISEASE_LABEL_ONLY,FIVES,1
S000145,5,NORMAL,FIVES,DISEASE_LABEL_ONLY,FIVES,1
S000151,5,NORMAL,FIVES,DISEASE_LABEL_ONLY,FIVES,1
S000155,5,AMD_DRY,FIVES,DISEASE_LABEL_ONLY,ADAM,0
S000163,5,AMD_DRY,FIVES,DISEASE_LABEL_ONLY,ADAM,0
S000164,5,AMD_DRY,FIVES,DISEASE_LABEL_ONLY,ADAM,0
S000168,5,AMD_WET,FIVES,DISEASE_LABEL_ONLY,RFMID,0
S000169,5,AMD_WET,FIVES,DISEASE_LABEL_ONLY,RFMID,0
S000176,5,AMD_WET,FIVES,DISEASE_LABEL_ONLY,RFMID,0
S000191,5,AMD_WET,FIVES,DISEASE_LABEL_ONLY,RFMID,0
S000194,5,AMD_WET,FIVES,DISEASE_LABEL_ONLY,RFMID,0
S000195,5,AMD_WET,FIVES,DISEASE_LABEL_ONLY,RFMID,0
S000202,5,AMD_WET,FIVES,DISEASE_LABEL_ONLY,RFMID,0
S000211,5,AMD_WET,FIVES,DISEASE_LABEL_ONLY,RFMID,0
S000215,5,AMD_WET,FIVES,DISEASE_LABEL_ONLY,RFMID,0
S000217,5,AMD_WET,FIVES,DISEASE_LABEL_ONLY,RFMID,0
S000229,5,AMD_WET,FIVES,DISEASE_LABEL_ONLY,RFMID,0
S000232,5,AMD_WET,FIVES,DISEASE_LABEL_ONLY,RFMID,0
S000235,5,AMD_WET,FIVES,DISEASE_LABEL_ONLY,RFMID,0
S000236,5,AMD_WET,FIVES,DISEASE_LABEL_ONLY,RFMID,0
S000254,5,NORMAL,ODIR,DISEASE_LABEL_ONLY,FIVES,0
S000262,5,NORMAL,ODIR,DISEASE_LABEL_ONLY,FIVES,0
S000271,5,NORMAL,ODIR,DISEASE_LABEL_ONLY,FIVES,0
S000272,5,NORMAL,ODIR,DISEASE_LABEL_ONLY,FIVES,0
S000279,5,NORMAL,ODIR,DISEASE_LABEL_ONLY,FIVES,0
S000280,5,NORMAL,ODIR,DISEASE_LABEL_ONLY,FIVES,0
S000281,5,NORMAL,ODIR,DISEASE_LABEL_ONLY,FIVES,0
S000288,5,NORMAL,ODIR,DISEASE_LABEL_ONLY,FIVES,0
S000289,5,NORMAL,ODIR,DISEASE_LABEL_ONLY,FIVES,0
S000294,5,NORMAL,ODIR,DISEASE_LABEL_ONLY,FIVES,0
S000303,5,NORMAL,ODIR,DISEASE_LABEL_ONLY,FIVES,0
S000304,5,NORMAL,ODIR,DISEASE_LABEL_ONLY,FIVES,0
S000305,5,NORMAL,ODIR,DISEASE_LABEL_ONLY,FIVES,0
S000311,5,NORMAL,ODIR,DISEASE_LABEL_ONLY,FIVES,0
S000312,5,NORMAL,ODIR,DISEASE_LABEL_ONLY,FIVES,0
S000313,5,NORMAL,ODIR,DISEASE_LABEL_ONLY,FIVES,0
S000315,5,NORMAL,ODIR,DISEASE_LABEL_ONLY,FIVES,0
S000320,5,NORMAL,ODIR,DISEASE_LABEL_ONLY,FIVES,0
S000332,5,NORMAL,ODIR,DISEASE_LABEL_ONLY,FIVES,0
S000335,5,NORMAL,ODIR,DISEASE_LABEL_ONLY,FIVES,0
S000341,5,NORMAL,ODIR,DISEASE_LABEL_ONLY,FIVES,0
S000343,5,NORMAL,ODIR,DISEASE_LABEL_ONLY,FIVES,0
S000346,5,NORMAL,ODIR,DISEASE_LABEL_ONLY,FIVES,0
S000355,5,NORMAL,ODIR,DISEASE_LABEL_ONLY,FIVES,0
S000358,5,NORMAL,ODIR,DISEASE_LABEL_ONLY,FIVES,0
S000376,5,AMD_DRY,ODIR,DISEASE_LABEL_ONLY,ADAM,0
S000384,5,AMD_DRY,ODIR,DISEASE_LABEL_ONLY,ADAM,0
S000385,5,AMD_DRY,ODIR,DISEASE_LABEL_ONLY,ADAM,0
S000386,5,AMD_DRY,ODIR,DISEASE_LABEL_ONLY,ADAM,0
S000393,5,AMD_DRY,ODIR,DISEASE_LABEL_ONLY,ADAM,0
S000400,5,AMD_DRY,ODIR,DISEASE_LABEL_ONLY,ADAM,0
S000401,5,AMD_DRY,ODIR,DISEASE_LABEL_ONLY,ADAM,0
S000403,5,AMD_DRY,ODIR,DISEASE_LABEL_ONLY,ADAM,0
S000410,5,AMD_DRY,ODIR,DISEASE_LABEL_ONLY,ADAM,0
S000419,5,AMD_DRY,ODIR,DISEASE_LABEL_ONLY,ADAM,0
S000420,5,AMD_DRY,ODIR,DISEASE_LABEL_ONLY,ADAM,0
S000425,5,AMD_DRY,ODIR,DISEASE_LABEL_ONLY,ADAM,0
S000427,5,AMD_DRY,ODIR,DISEASE_LABEL_ONLY,ADAM,0
S000430,5,AMD_DRY,ODIR,DISEASE_LABEL_ONLY,ADAM,0
S000438,5,AMD_DRY,ODIR,DISEASE_LABEL_ONLY,ADAM,0
S000443,5,AMD_DRY,ODIR,DISEASE_LABEL_ONLY,ADAM,0
S000449,5,AMD_WET,ODIR,DISEASE_LABEL_ONLY,RFMID,0
S000451,5,AMD_WET,ODIR,DISEASE_LABEL_ONLY,RFMID,0
S000462,5,AMD_WET,ODIR,DISEASE_LABEL_ONLY,RFMID,0
S000469,5,AMD_WET,ODIR,DISEASE_LABEL_ONLY,RFMID,0
S000471,5,AMD_WET,ODIR,DISEASE_LABEL_ONLY,RFMID,0
S000474,5,NORMAL,RFMID,DISEASE_LABEL_ONLY,FIVES,0
S000475,5,NORMAL,RFMID,DISEASE_LABEL_ONLY,FIVES,0
S000479,5,NORMAL,RFMID,DISEASE_LABEL_ONLY,FIVES,0
S000483,5,NORMAL,RFMID,DISEASE_LABEL_ONLY,FIVES,0
S000487,5,NORMAL,RFMID,DISEASE_LABEL_ONLY,FIVES,0
S000489,5,NORMAL,RFMID,DISEASE_LABEL_ONLY,FIVES,0
S000495,5,NORMAL,RFMID,DISEASE_LABEL_ONLY,FIVES,0
S000496,5,NORMAL,RFMID,DISEASE_LABEL_ONLY,FIVES,0
S000503,5,NORMAL,RFMID,DISEASE_LABEL_ONLY,FIVES,0
S000513,5,NORMAL,RFMID,DISEASE_LABEL_ONLY,FIVES,0
S000519,5,NORMAL,RFMID,DISEASE_LABEL_ONLY,FIVES,0
S000525,5,NORMAL,RFMID,DISEASE_LABEL_ONLY,FIVES,0
S000526,5,NORMAL,RFMID,DISEASE_LABEL_ONLY,FIVES,0
S000536,5,AMD_DRY,RFMID,DISEASE_LABEL_ONLY,ADAM,0
S000538,5,AMD_DRY,RFMID,DISEASE_LABEL_ONLY,ADAM,0
S000547,5,AMD_WET,RFMID,DISEASE_LABEL_ONLY,RFMID,1
S000554,5,AMD_WET,RFMID,DISEASE_LABEL_ONLY,RFMID,1
S000556,5,AMD_WET,RFMID,DISEASE_LABEL_ONLY,RFMID,1
S000567,5,AMD_WET,RFMID,DISEASE_LABEL_ONLY,RFMID,1
S000570,5,AMD_WET,RFMID,DISEASE_LABEL_ONLY,RFMID,1
S000574,5,AMD_WET,RFMID,DISEASE_LABEL_ONLY,RFMID,1
S000577,5,AMD_WET,RFMID,DISEASE_LABEL_ONLY,RFMID,1
S000581,5,AMD_WET,RFMID,DISEASE_LABEL_ONLY,RFMID,1
S000585,5,AMD_WET,RFMID,DISEASE_LABEL_ONLY,RFMID,1
S000588,5,AMD_WET,RFMID,DISEASE_LABEL_ONLY,RFMID,1
S000004,5,AMD_DRY,ADAM,HANDCRAFTED32,ODIR,0
S000007,5,AMD_DRY,ADAM,HANDCRAFTED32,ADAM,1
S000008,5,AMD_DRY,ADAM,HANDCRAFTED32,ADAM,1
S000017,5,AMD_DRY,ADAM,HANDCRAFTED32,ADAM,1
S000022,5,AMD_DRY,ADAM,HANDCRAFTED32,ADAM,1
S000029,5,AMD_DRY,ADAM,HANDCRAFTED32,ODIR,0
S000035,5,AMD_DRY,ADAM,HANDCRAFTED32,ADAM,1
S000046,5,AMD_WET,ADAM,HANDCRAFTED32,RFMID,0
S000048,5,AMD_WET,ADAM,HANDCRAFTED32,ADAM,1
S000052,5,AMD_WET,ADAM,HANDCRAFTED32,ADAM,1
S000055,5,NORMAL,FIVES,HANDCRAFTED32,FIVES,1
S000056,5,NORMAL,FIVES,HANDCRAFTED32,FIVES,1
S000078,5,NORMAL,FIVES,HANDCRAFTED32,FIVES,1
S000079,5,NORMAL,FIVES,HANDCRAFTED32,FIVES,1
S000088,5,NORMAL,FIVES,HANDCRAFTED32,FIVES,1
S000095,5,NORMAL,FIVES,HANDCRAFTED32,FIVES,1
S000096,5,NORMAL,FIVES,HANDCRAFTED32,FIVES,1
S000097,5,NORMAL,FIVES,HANDCRAFTED32,FIVES,1
S000103,5,NORMAL,FIVES,HANDCRAFTED32,FIVES,1
S000109,5,NORMAL,FIVES,HANDCRAFTED32,FIVES,1
S000117,5,NORMAL,FIVES,HANDCRAFTED32,FIVES,1
S000118,5,NORMAL,FIVES,HANDCRAFTED32,FIVES,1
S000119,5,NORMAL,FIVES,HANDCRAFTED32,FIVES,1
S000125,5,NORMAL,FIVES,HANDCRAFTED32,FIVES,1
S000128,5,NORMAL,FIVES,HANDCRAFTED32,FIVES,1
S000130,5,NORMAL,FIVES,HANDCRAFTED32,FIVES,1
S000133,5,NORMAL,FIVES,HANDCRAFTED32,FIVES,1
S000141,5,NORMAL,FIVES,HANDCRAFTED32,FIVES,1
S000145,5,NORMAL,FIVES,HANDCRAFTED32,FIVES,1
S000151,5,NORMAL,FIVES,HANDCRAFTED32,FIVES,1
S000155,5,AMD_DRY,FIVES,HANDCRAFTED32,ADAM,0
S000163,5,AMD_DRY,FIVES,HANDCRAFTED32,FIVES,1
S000164,5,AMD_DRY,FIVES,HANDCRAFTED32,ADAM,0
S000168,5,AMD_WET,FIVES,HANDCRAFTED32,FIVES,1
S000169,5,AMD_WET,FIVES,HANDCRAFTED32,FIVES,1
S000176,5,AMD_WET,FIVES,HANDCRAFTED32,FIVES,1
S000191,5,AMD_WET,FIVES,HANDCRAFTED32,FIVES,1
S000194,5,AMD_WET,FIVES,HANDCRAFTED32,FIVES,1
S000195,5,AMD_WET,FIVES,HANDCRAFTED32,FIVES,1
S000202,5,AMD_WET,FIVES,HANDCRAFTED32,FIVES,1
S000211,5,AMD_WET,FIVES,HANDCRAFTED32,FIVES,1
S000215,5,AMD_WET,FIVES,HANDCRAFTED32,FIVES,1
S000217,5,AMD_WET,FIVES,HANDCRAFTED32,FIVES,1
S000229,5,AMD_WET,FIVES,HANDCRAFTED32,FIVES,1
S000232,5,AMD_WET,FIVES,HANDCRAFTED32,FIVES,1
S000235,5,AMD_WET,FIVES,HANDCRAFTED32,FIVES,1
S000236,5,AMD_WET,FIVES,HANDCRAFTED32,FIVES,1
S000254,5,NORMAL,ODIR,HANDCRAFTED32,ODIR,1
S000262,5,NORMAL,ODIR,HANDCRAFTED32,ODIR,1
S000271,5,NORMAL,ODIR,HANDCRAFTED32,ODIR,1
S000272,5,NORMAL,ODIR,HANDCRAFTED32,ODIR,1
S000279,5,NORMAL,ODIR,HANDCRAFTED32,ODIR,1
S000280,5,NORMAL,ODIR,HANDCRAFTED32,ODIR,1
S000281,5,NORMAL,ODIR,HANDCRAFTED32,FIVES,0
S000288,5,NORMAL,ODIR,HANDCRAFTED32,FIVES,0
S000289,5,NORMAL,ODIR,HANDCRAFTED32,ODIR,1
S000294,5,NORMAL,ODIR,HANDCRAFTED32,ODIR,1
S000303,5,NORMAL,ODIR,HANDCRAFTED32,ADAM,0
S000304,5,NORMAL,ODIR,HANDCRAFTED32,ODIR,1
S000305,5,NORMAL,ODIR,HANDCRAFTED32,ODIR,1
S000311,5,NORMAL,ODIR,HANDCRAFTED32,ODIR,1
S000312,5,NORMAL,ODIR,HANDCRAFTED32,ODIR,1
S000313,5,NORMAL,ODIR,HANDCRAFTED32,ODIR,1
S000315,5,NORMAL,ODIR,HANDCRAFTED32,ODIR,1
S000320,5,NORMAL,ODIR,HANDCRAFTED32,ODIR,1
S000332,5,NORMAL,ODIR,HANDCRAFTED32,ODIR,1
S000335,5,NORMAL,ODIR,HANDCRAFTED32,ODIR,1
S000341,5,NORMAL,ODIR,HANDCRAFTED32,ODIR,1
S000343,5,NORMAL,ODIR,HANDCRAFTED32,ODIR,1
S000346,5,NORMAL,ODIR,HANDCRAFTED32,ODIR,1
S000355,5,NORMAL,ODIR,HANDCRAFTED32,ODIR,1
S000358,5,NORMAL,ODIR,HANDCRAFTED32,ODIR,1
S000376,5,AMD_DRY,ODIR,HANDCRAFTED32,ODIR,1
S000384,5,AMD_DRY,ODIR,HANDCRAFTED32,ODIR,1
S000385,5,AMD_DRY,ODIR,HANDCRAFTED32,ODIR,1
S000386,5,AMD_DRY,ODIR,HANDCRAFTED32,ODIR,1
S000393,5,AMD_DRY,ODIR,HANDCRAFTED32,ODIR,1
S000400,5,AMD_DRY,ODIR,HANDCRAFTED32,ADAM,0
S000401,5,AMD_DRY,ODIR,HANDCRAFTED32,ODIR,1
S000403,5,AMD_DRY,ODIR,HANDCRAFTED32,ODIR,1
S000410,5,AMD_DRY,ODIR,HANDCRAFTED32,ODIR,1
S000419,5,AMD_DRY,ODIR,HANDCRAFTED32,ADAM,0
S000420,5,AMD_DRY,ODIR,HANDCRAFTED32,ODIR,1
S000425,5,AMD_DRY,ODIR,HANDCRAFTED32,ADAM,0
S000427,5,AMD_DRY,ODIR,HANDCRAFTED32,RFMID,0
S000430,5,AMD_DRY,ODIR,HANDCRAFTED32,ODIR,1
S000438,5,AMD_DRY,ODIR,HANDCRAFTED32,ODIR,1
S000443,5,AMD_DRY,ODIR,HANDCRAFTED32,ADAM,0
S000449,5,AMD_WET,ODIR,HANDCRAFTED32,RFMID,0
S000451,5,AMD_WET,ODIR,HANDCRAFTED32,ODIR,1
S000462,5,AMD_WET,ODIR,HANDCRAFTED32,ODIR,1
S000469,5,AMD_WET,ODIR,HANDCRAFTED32,ADAM,0
S000471,5,AMD_WET,ODIR,HANDCRAFTED32,ODIR,1
S000474,5,NORMAL,RFMID,HANDCRAFTED32,RFMID,1
S000475,5,NORMAL,RFMID,HANDCRAFTED32,RFMID,1
S000479,5,NORMAL,RFMID,HANDCRAFTED32,RFMID,1
S000483,5,NORMAL,RFMID,HANDCRAFTED32,RFMID,1
S000487,5,NORMAL,RFMID,HANDCRAFTED32,RFMID,1
S000489,5,NORMAL,RFMID,HANDCRAFTED32,RFMID,1
S000495,5,NORMAL,RFMID,HANDCRAFTED32,RFMID,1
S000496,5,NORMAL,RFMID,HANDCRAFTED32,RFMID,1
S000503,5,NORMAL,RFMID,HANDCRAFTED32,RFMID,1
S000513,5,NORMAL,RFMID,HANDCRAFTED32,RFMID,1
S000519,5,NORMAL,RFMID,HANDCRAFTED32,RFMID,1
S000525,5,NORMAL,RFMID,HANDCRAFTED32,RFMID,1
S000526,5,NORMAL,RFMID,HANDCRAFTED32,RFMID,1
S000536,5,AMD_DRY,RFMID,HANDCRAFTED32,RFMID,1
S000538,5,AMD_DRY,RFMID,HANDCRAFTED32,RFMID,1
S000547,5,AMD_WET,RFMID,HANDCRAFTED32,RFMID,1
S000554,5,AMD_WET,RFMID,HANDCRAFTED32,RFMID,1
S000556,5,AMD_WET,RFMID,HANDCRAFTED32,FIVES,0
S000567,5,AMD_WET,RFMID,HANDCRAFTED32,FIVES,0
S000570,5,AMD_WET,RFMID,HANDCRAFTED32,RFMID,1
S000574,5,AMD_WET,RFMID,HANDCRAFTED32,RFMID,1
S000577,5,AMD_WET,RFMID,HANDCRAFTED32,RFMID,1
S000581,5,AMD_WET,RFMID,HANDCRAFTED32,RFMID,1
S000585,5,AMD_WET,RFMID,HANDCRAFTED32,RFMID,1
S000588,5,AMD_WET,RFMID,HANDCRAFTED32,FIVES,0
S000004,5,AMD_DRY,ADAM,VIT768,ODIR,0
S000007,5,AMD_DRY,ADAM,VIT768,ADAM,1
S000008,5,AMD_DRY,ADAM,VIT768,ADAM,1
S000017,5,AMD_DRY,ADAM,VIT768,ADAM,1
S000022,5,AMD_DRY,ADAM,VIT768,ADAM,1
S000029,5,AMD_DRY,ADAM,VIT768,ADAM,1
S000035,5,AMD_DRY,ADAM,VIT768,ADAM,1
S000046,5,AMD_WET,ADAM,VIT768,ODIR,0
S000048,5,AMD_WET,ADAM,VIT768,ADAM,1
S000052,5,AMD_WET,ADAM,VIT768,ADAM,1
S000055,5,NORMAL,FIVES,VIT768,FIVES,1
S000056,5,NORMAL,FIVES,VIT768,FIVES,1
S000078,5,NORMAL,FIVES,VIT768,FIVES,1
S000079,5,NORMAL,FIVES,VIT768,FIVES,1
S000088,5,NORMAL,FIVES,VIT768,FIVES,1
S000095,5,NORMAL,FIVES,VIT768,FIVES,1
S000096,5,NORMAL,FIVES,VIT768,FIVES,1
S000097,5,NORMAL,FIVES,VIT768,FIVES,1
S000103,5,NORMAL,FIVES,VIT768,FIVES,1
S000109,5,NORMAL,FIVES,VIT768,FIVES,1
S000117,5,NORMAL,FIVES,VIT768,FIVES,1
S000118,5,NORMAL,FIVES,VIT768,FIVES,1
S000119,5,NORMAL,FIVES,VIT768,FIVES,1
S000125,5,NORMAL,FIVES,VIT768,FIVES,1
S000128,5,NORMAL,FIVES,VIT768,FIVES,1
S000130,5,NORMAL,FIVES,VIT768,FIVES,1
S000133,5,NORMAL,FIVES,VIT768,FIVES,1
S000141,5,NORMAL,FIVES,VIT768,FIVES,1
S000145,5,NORMAL,FIVES,VIT768,FIVES,1
S000151,5,NORMAL,FIVES,VIT768,FIVES,1
S000155,5,AMD_DRY,FIVES,VIT768,FIVES,1
S000163,5,AMD_DRY,FIVES,VIT768,FIVES,1
S000164,5,AMD_DRY,FIVES,VIT768,RFMID,0
S000168,5,AMD_WET,FIVES,VIT768,RFMID,0
S000169,5,AMD_WET,FIVES,VIT768,FIVES,1
S000176,5,AMD_WET,FIVES,VIT768,FIVES,1
S000191,5,AMD_WET,FIVES,VIT768,FIVES,1
S000194,5,AMD_WET,FIVES,VIT768,FIVES,1
S000195,5,AMD_WET,FIVES,VIT768,FIVES,1
S000202,5,AMD_WET,FIVES,VIT768,FIVES,1
S000211,5,AMD_WET,FIVES,VIT768,FIVES,1
S000215,5,AMD_WET,FIVES,VIT768,FIVES,1
S000217,5,AMD_WET,FIVES,VIT768,FIVES,1
S000229,5,AMD_WET,FIVES,VIT768,FIVES,1
S000232,5,AMD_WET,FIVES,VIT768,FIVES,1
S000235,5,AMD_WET,FIVES,VIT768,FIVES,1
S000236,5,AMD_WET,FIVES,VIT768,FIVES,1
S000254,5,NORMAL,ODIR,VIT768,ODIR,1
S000262,5,NORMAL,ODIR,VIT768,ODIR,1
S000271,5,NORMAL,ODIR,VIT768,ODIR,1
S000272,5,NORMAL,ODIR,VIT768,ODIR,1
S000279,5,NORMAL,ODIR,VIT768,ODIR,1
S000280,5,NORMAL,ODIR,VIT768,ODIR,1
S000281,5,NORMAL,ODIR,VIT768,ODIR,1
S000288,5,NORMAL,ODIR,VIT768,ODIR,1
S000289,5,NORMAL,ODIR,VIT768,ODIR,1
S000294,5,NORMAL,ODIR,VIT768,ODIR,1
S000303,5,NORMAL,ODIR,VIT768,ODIR,1
S000304,5,NORMAL,ODIR,VIT768,ODIR,1
S000305,5,NORMAL,ODIR,VIT768,ODIR,1
S000311,5,NORMAL,ODIR,VIT768,ODIR,1
S000312,5,NORMAL,ODIR,VIT768,ODIR,1
S000313,5,NORMAL,ODIR,VIT768,ODIR,1
S000315,5,NORMAL,ODIR,VIT768,ODIR,1
S000320,5,NORMAL,ODIR,VIT768,ODIR,1
S000332,5,NORMAL,ODIR,VIT768,ODIR,1
S000335,5,NORMAL,ODIR,VIT768,ODIR,1
S000341,5,NORMAL,ODIR,VIT768,ODIR,1
S000343,5,NORMAL,ODIR,VIT768,ODIR,1
S000346,5,NORMAL,ODIR,VIT768,ODIR,1
S000355,5,NORMAL,ODIR,VIT768,ODIR,1
S000358,5,NORMAL,ODIR,VIT768,ODIR,1
S000376,5,AMD_DRY,ODIR,VIT768,ODIR,1
S000384,5,AMD_DRY,ODIR,VIT768,ODIR,1
S000385,5,AMD_DRY,ODIR,VIT768,ODIR,1
S000386,5,AMD_DRY,ODIR,VIT768,ODIR,1
S000393,5,AMD_DRY,ODIR,VIT768,ODIR,1
S000400,5,AMD_DRY,ODIR,VIT768,ODIR,1
S000401,5,AMD_DRY,ODIR,VIT768,RFMID,0
S000403,5,AMD_DRY,ODIR,VIT768,ODIR,1
S000410,5,AMD_DRY,ODIR,VIT768,ODIR,1
S000419,5,AMD_DRY,ODIR,VIT768,ODIR,1
S000420,5,AMD_DRY,ODIR,VIT768,ODIR,1
S000425,5,AMD_DRY,ODIR,VIT768,ODIR,1
S000427,5,AMD_DRY,ODIR,VIT768,ODIR,1
S000430,5,AMD_DRY,ODIR,VIT768,ODIR,1
S000438,5,AMD_DRY,ODIR,VIT768,ODIR,1
S000443,5,AMD_DRY,ODIR,VIT768,ADAM,0
S000449,5,AMD_WET,ODIR,VIT768,ODIR,1
S000451,5,AMD_WET,ODIR,VIT768,ADAM,0
S000462,5,AMD_WET,ODIR,VIT768,FIVES,0
S000469,5,AMD_WET,ODIR,VIT768,ODIR,1
S000471,5,AMD_WET,ODIR,VIT768,ODIR,1
S000474,5,NORMAL,RFMID,VIT768,RFMID,1
S000475,5,NORMAL,RFMID,VIT768,RFMID,1
S000479,5,NORMAL,RFMID,VIT768,RFMID,1
S000483,5,NORMAL,RFMID,VIT768,RFMID,1
S000487,5,NORMAL,RFMID,VIT768,RFMID,1
S000489,5,NORMAL,RFMID,VIT768,RFMID,1
S000495,5,NORMAL,RFMID,VIT768,RFMID,1
S000496,5,NORMAL,RFMID,VIT768,FIVES,0
S000503,5,NORMAL,RFMID,VIT768,RFMID,1
S000513,5,NORMAL,RFMID,VIT768,RFMID,1
S000519,5,NORMAL,RFMID,VIT768,RFMID,1
S000525,5,NORMAL,RFMID,VIT768,RFMID,1
S000526,5,NORMAL,RFMID,VIT768,RFMID,1
S000536,5,AMD_DRY,RFMID,VIT768,RFMID,1
S000538,5,AMD_DRY,RFMID,VIT768,RFMID,1
S000547,5,AMD_WET,RFMID,VIT768,RFMID,1
S000554,5,AMD_WET,RFMID,VIT768,RFMID,1
S000556,5,AMD_WET,RFMID,VIT768,RFMID,1
S000567,5,AMD_WET,RFMID,VIT768,RFMID,1
S000570,5,AMD_WET,RFMID,VIT768,FIVES,0
S000574,5,AMD_WET,RFMID,VIT768,RFMID,1
S000577,5,AMD_WET,RFMID,VIT768,RFMID,1
S000581,5,AMD_WET,RFMID,VIT768,RFMID,1
S000585,5,AMD_WET,RFMID,VIT768,RFMID,1
S000588,5,AMD_WET,RFMID,VIT768,FIVES,0
S000004,5,AMD_DRY,ADAM,HYBRID800,ODIR,0
S000007,5,AMD_DRY,ADAM,HYBRID800,ADAM,1
S000008,5,AMD_DRY,ADAM,HYBRID800,ADAM,1
S000017,5,AMD_DRY,ADAM,HYBRID800,ADAM,1
S000022,5,AMD_DRY,ADAM,HYBRID800,ADAM,1
S000029,5,AMD_DRY,ADAM,HYBRID800,ADAM,1
S000035,5,AMD_DRY,ADAM,HYBRID800,ADAM,1
S000046,5,AMD_WET,ADAM,HYBRID800,ODIR,0
S000048,5,AMD_WET,ADAM,HYBRID800,ADAM,1
S000052,5,AMD_WET,ADAM,HYBRID800,ADAM,1
S000055,5,NORMAL,FIVES,HYBRID800,FIVES,1
S000056,5,NORMAL,FIVES,HYBRID800,FIVES,1
S000078,5,NORMAL,FIVES,HYBRID800,FIVES,1
S000079,5,NORMAL,FIVES,HYBRID800,FIVES,1
S000088,5,NORMAL,FIVES,HYBRID800,FIVES,1
S000095,5,NORMAL,FIVES,HYBRID800,FIVES,1
S000096,5,NORMAL,FIVES,HYBRID800,FIVES,1
S000097,5,NORMAL,FIVES,HYBRID800,FIVES,1
S000103,5,NORMAL,FIVES,HYBRID800,FIVES,1
S000109,5,NORMAL,FIVES,HYBRID800,FIVES,1
S000117,5,NORMAL,FIVES,HYBRID800,FIVES,1
S000118,5,NORMAL,FIVES,HYBRID800,FIVES,1
S000119,5,NORMAL,FIVES,HYBRID800,FIVES,1
S000125,5,NORMAL,FIVES,HYBRID800,FIVES,1
S000128,5,NORMAL,FIVES,HYBRID800,FIVES,1
S000130,5,NORMAL,FIVES,HYBRID800,FIVES,1
S000133,5,NORMAL,FIVES,HYBRID800,FIVES,1
S000141,5,NORMAL,FIVES,HYBRID800,FIVES,1
S000145,5,NORMAL,FIVES,HYBRID800,FIVES,1
S000151,5,NORMAL,FIVES,HYBRID800,FIVES,1
S000155,5,AMD_DRY,FIVES,HYBRID800,FIVES,1
S000163,5,AMD_DRY,FIVES,HYBRID800,FIVES,1
S000164,5,AMD_DRY,FIVES,HYBRID800,RFMID,0
S000168,5,AMD_WET,FIVES,HYBRID800,FIVES,1
S000169,5,AMD_WET,FIVES,HYBRID800,FIVES,1
S000176,5,AMD_WET,FIVES,HYBRID800,FIVES,1
S000191,5,AMD_WET,FIVES,HYBRID800,FIVES,1
S000194,5,AMD_WET,FIVES,HYBRID800,FIVES,1
S000195,5,AMD_WET,FIVES,HYBRID800,FIVES,1
S000202,5,AMD_WET,FIVES,HYBRID800,FIVES,1
S000211,5,AMD_WET,FIVES,HYBRID800,FIVES,1
S000215,5,AMD_WET,FIVES,HYBRID800,FIVES,1
S000217,5,AMD_WET,FIVES,HYBRID800,FIVES,1
S000229,5,AMD_WET,FIVES,HYBRID800,FIVES,1
S000232,5,AMD_WET,FIVES,HYBRID800,FIVES,1
S000235,5,AMD_WET,FIVES,HYBRID800,FIVES,1
S000236,5,AMD_WET,FIVES,HYBRID800,FIVES,1
S000254,5,NORMAL,ODIR,HYBRID800,ODIR,1
S000262,5,NORMAL,ODIR,HYBRID800,ODIR,1
S000271,5,NORMAL,ODIR,HYBRID800,ODIR,1
S000272,5,NORMAL,ODIR,HYBRID800,ODIR,1
S000279,5,NORMAL,ODIR,HYBRID800,ODIR,1
S000280,5,NORMAL,ODIR,HYBRID800,ODIR,1
S000281,5,NORMAL,ODIR,HYBRID800,ODIR,1
S000288,5,NORMAL,ODIR,HYBRID800,ODIR,1
S000289,5,NORMAL,ODIR,HYBRID800,ODIR,1
S000294,5,NORMAL,ODIR,HYBRID800,ODIR,1
S000303,5,NORMAL,ODIR,HYBRID800,ODIR,1
S000304,5,NORMAL,ODIR,HYBRID800,ODIR,1
S000305,5,NORMAL,ODIR,HYBRID800,ODIR,1
S000311,5,NORMAL,ODIR,HYBRID800,ODIR,1
S000312,5,NORMAL,ODIR,HYBRID800,ODIR,1
S000313,5,NORMAL,ODIR,HYBRID800,ODIR,1
S000315,5,NORMAL,ODIR,HYBRID800,ODIR,1
S000320,5,NORMAL,ODIR,HYBRID800,ODIR,1
S000332,5,NORMAL,ODIR,HYBRID800,ODIR,1
S000335,5,NORMAL,ODIR,HYBRID800,ODIR,1
S000341,5,NORMAL,ODIR,HYBRID800,ODIR,1
S000343,5,NORMAL,ODIR,HYBRID800,ODIR,1
S000346,5,NORMAL,ODIR,HYBRID800,ODIR,1
S000355,5,NORMAL,ODIR,HYBRID800,ODIR,1
S000358,5,NORMAL,ODIR,HYBRID800,ODIR,1
S000376,5,AMD_DRY,ODIR,HYBRID800,ODIR,1
S000384,5,AMD_DRY,ODIR,HYBRID800,ODIR,1
S000385,5,AMD_DRY,ODIR,HYBRID800,ODIR,1
S000386,5,AMD_DRY,ODIR,HYBRID800,ODIR,1
S000393,5,AMD_DRY,ODIR,HYBRID800,ODIR,1
S000400,5,AMD_DRY,ODIR,HYBRID800,ODIR,1
S000401,5,AMD_DRY,ODIR,HYBRID800,RFMID,0
S000403,5,AMD_DRY,ODIR,HYBRID800,ODIR,1
S000410,5,AMD_DRY,ODIR,HYBRID800,ODIR,1
S000419,5,AMD_DRY,ODIR,HYBRID800,ODIR,1
S000420,5,AMD_DRY,ODIR,HYBRID800,ODIR,1
S000425,5,AMD_DRY,ODIR,HYBRID800,ODIR,1
S000427,5,AMD_DRY,ODIR,HYBRID800,ODIR,1
S000430,5,AMD_DRY,ODIR,HYBRID800,ODIR,1
S000438,5,AMD_DRY,ODIR,HYBRID800,ODIR,1
S000443,5,AMD_DRY,ODIR,HYBRID800,ADAM,0
S000449,5,AMD_WET,ODIR,HYBRID800,ODIR,1
S000451,5,AMD_WET,ODIR,HYBRID800,ADAM,0
S000462,5,AMD_WET,ODIR,HYBRID800,FIVES,0
S000469,5,AMD_WET,ODIR,HYBRID800,ODIR,1
S000471,5,AMD_WET,ODIR,HYBRID800,RFMID,0
S000474,5,NORMAL,RFMID,HYBRID800,RFMID,1
S000475,5,NORMAL,RFMID,HYBRID800,RFMID,1
S000479,5,NORMAL,RFMID,HYBRID800,RFMID,1
S000483,5,NORMAL,RFMID,HYBRID800,RFMID,1
S000487,5,NORMAL,RFMID,HYBRID800,RFMID,1
S000489,5,NORMAL,RFMID,HYBRID800,RFMID,1
S000495,5,NORMAL,RFMID,HYBRID800,RFMID,1
S000496,5,NORMAL,RFMID,HYBRID800,RFMID,1
S000503,5,NORMAL,RFMID,HYBRID800,RFMID,1
S000513,5,NORMAL,RFMID,HYBRID800,RFMID,1
S000519,5,NORMAL,RFMID,HYBRID800,RFMID,1
S000525,5,NORMAL,RFMID,HYBRID800,RFMID,1
S000526,5,NORMAL,RFMID,HYBRID800,RFMID,1
S000536,5,AMD_DRY,RFMID,HYBRID800,RFMID,1
S000538,5,AMD_DRY,RFMID,HYBRID800,RFMID,1
S000547,5,AMD_WET,RFMID,HYBRID800,RFMID,1
S000554,5,AMD_WET,RFMID,HYBRID800,RFMID,1
S000556,5,AMD_WET,RFMID,HYBRID800,RFMID,1
S000567,5,AMD_WET,RFMID,HYBRID800,RFMID,1
S000570,5,AMD_WET,RFMID,HYBRID800,FIVES,0
S000574,5,AMD_WET,RFMID,HYBRID800,RFMID,1
S000577,5,AMD_WET,RFMID,HYBRID800,RFMID,1
S000581,5,AMD_WET,RFMID,HYBRID800,RFMID,1
S000585,5,AMD_WET,RFMID,HYBRID800,RFMID,1
S000588,5,AMD_WET,RFMID,HYBRID800,FIVES,0
S000004,5,AMD_DRY,ADAM,HYBRID_PCA128,ADAM,1
S000007,5,AMD_DRY,ADAM,HYBRID_PCA128,ADAM,1
S000008,5,AMD_DRY,ADAM,HYBRID_PCA128,ADAM,1
S000017,5,AMD_DRY,ADAM,HYBRID_PCA128,ADAM,1
S000022,5,AMD_DRY,ADAM,HYBRID_PCA128,ADAM,1
S000029,5,AMD_DRY,ADAM,HYBRID_PCA128,ODIR,0
S000035,5,AMD_DRY,ADAM,HYBRID_PCA128,ADAM,1
S000046,5,AMD_WET,ADAM,HYBRID_PCA128,ADAM,1
S000048,5,AMD_WET,ADAM,HYBRID_PCA128,ADAM,1
S000052,5,AMD_WET,ADAM,HYBRID_PCA128,ADAM,1
S000055,5,NORMAL,FIVES,HYBRID_PCA128,FIVES,1
S000056,5,NORMAL,FIVES,HYBRID_PCA128,FIVES,1
S000078,5,NORMAL,FIVES,HYBRID_PCA128,FIVES,1
S000079,5,NORMAL,FIVES,HYBRID_PCA128,FIVES,1
S000088,5,NORMAL,FIVES,HYBRID_PCA128,FIVES,1
S000095,5,NORMAL,FIVES,HYBRID_PCA128,FIVES,1
S000096,5,NORMAL,FIVES,HYBRID_PCA128,FIVES,1
S000097,5,NORMAL,FIVES,HYBRID_PCA128,FIVES,1
S000103,5,NORMAL,FIVES,HYBRID_PCA128,FIVES,1
S000109,5,NORMAL,FIVES,HYBRID_PCA128,FIVES,1
S000117,5,NORMAL,FIVES,HYBRID_PCA128,FIVES,1
S000118,5,NORMAL,FIVES,HYBRID_PCA128,FIVES,1
S000119,5,NORMAL,FIVES,HYBRID_PCA128,FIVES,1
S000125,5,NORMAL,FIVES,HYBRID_PCA128,FIVES,1
S000128,5,NORMAL,FIVES,HYBRID_PCA128,FIVES,1
S000130,5,NORMAL,FIVES,HYBRID_PCA128,FIVES,1
S000133,5,NORMAL,FIVES,HYBRID_PCA128,FIVES,1
S000141,5,NORMAL,FIVES,HYBRID_PCA128,FIVES,1
S000145,5,NORMAL,FIVES,HYBRID_PCA128,FIVES,1
S000151,5,NORMAL,FIVES,HYBRID_PCA128,FIVES,1
S000155,5,AMD_DRY,FIVES,HYBRID_PCA128,FIVES,1
S000163,5,AMD_DRY,FIVES,HYBRID_PCA128,FIVES,1
S000164,5,AMD_DRY,FIVES,HYBRID_PCA128,ADAM,0
S000168,5,AMD_WET,FIVES,HYBRID_PCA128,FIVES,1
S000169,5,AMD_WET,FIVES,HYBRID_PCA128,RFMID,0
S000176,5,AMD_WET,FIVES,HYBRID_PCA128,FIVES,1
S000191,5,AMD_WET,FIVES,HYBRID_PCA128,FIVES,1
S000194,5,AMD_WET,FIVES,HYBRID_PCA128,FIVES,1
S000195,5,AMD_WET,FIVES,HYBRID_PCA128,FIVES,1
S000202,5,AMD_WET,FIVES,HYBRID_PCA128,RFMID,0
S000211,5,AMD_WET,FIVES,HYBRID_PCA128,FIVES,1
S000215,5,AMD_WET,FIVES,HYBRID_PCA128,FIVES,1
S000217,5,AMD_WET,FIVES,HYBRID_PCA128,FIVES,1
S000229,5,AMD_WET,FIVES,HYBRID_PCA128,FIVES,1
S000232,5,AMD_WET,FIVES,HYBRID_PCA128,FIVES,1
S000235,5,AMD_WET,FIVES,HYBRID_PCA128,FIVES,1
S000236,5,AMD_WET,FIVES,HYBRID_PCA128,RFMID,0
S000254,5,NORMAL,ODIR,HYBRID_PCA128,ODIR,1
S000262,5,NORMAL,ODIR,HYBRID_PCA128,ODIR,1
S000271,5,NORMAL,ODIR,HYBRID_PCA128,ODIR,1
S000272,5,NORMAL,ODIR,HYBRID_PCA128,ODIR,1
S000279,5,NORMAL,ODIR,HYBRID_PCA128,ODIR,1
S000280,5,NORMAL,ODIR,HYBRID_PCA128,ODIR,1
S000281,5,NORMAL,ODIR,HYBRID_PCA128,ODIR,1
S000288,5,NORMAL,ODIR,HYBRID_PCA128,ODIR,1
S000289,5,NORMAL,ODIR,HYBRID_PCA128,ODIR,1
S000294,5,NORMAL,ODIR,HYBRID_PCA128,ODIR,1
S000303,5,NORMAL,ODIR,HYBRID_PCA128,ODIR,1
S000304,5,NORMAL,ODIR,HYBRID_PCA128,ODIR,1
S000305,5,NORMAL,ODIR,HYBRID_PCA128,ODIR,1
S000311,5,NORMAL,ODIR,HYBRID_PCA128,ODIR,1
S000312,5,NORMAL,ODIR,HYBRID_PCA128,ODIR,1
S000313,5,NORMAL,ODIR,HYBRID_PCA128,ODIR,1
S000315,5,NORMAL,ODIR,HYBRID_PCA128,ODIR,1
S000320,5,NORMAL,ODIR,HYBRID_PCA128,ODIR,1
S000332,5,NORMAL,ODIR,HYBRID_PCA128,ODIR,1
S000335,5,NORMAL,ODIR,HYBRID_PCA128,ODIR,1
S000341,5,NORMAL,ODIR,HYBRID_PCA128,ODIR,1
S000343,5,NORMAL,ODIR,HYBRID_PCA128,ODIR,1
S000346,5,NORMAL,ODIR,HYBRID_PCA128,ADAM,0
S000355,5,NORMAL,ODIR,HYBRID_PCA128,ODIR,1
S000358,5,NORMAL,ODIR,HYBRID_PCA128,ODIR,1
S000376,5,AMD_DRY,ODIR,HYBRID_PCA128,ODIR,1
S000384,5,AMD_DRY,ODIR,HYBRID_PCA128,ODIR,1
S000385,5,AMD_DRY,ODIR,HYBRID_PCA128,ODIR,1
S000386,5,AMD_DRY,ODIR,HYBRID_PCA128,ODIR,1
S000393,5,AMD_DRY,ODIR,HYBRID_PCA128,ODIR,1
S000400,5,AMD_DRY,ODIR,HYBRID_PCA128,ODIR,1
S000401,5,AMD_DRY,ODIR,HYBRID_PCA128,RFMID,0
S000403,5,AMD_DRY,ODIR,HYBRID_PCA128,ODIR,1
S000410,5,AMD_DRY,ODIR,HYBRID_PCA128,ODIR,1
S000419,5,AMD_DRY,ODIR,HYBRID_PCA128,ODIR,1
S000420,5,AMD_DRY,ODIR,HYBRID_PCA128,ODIR,1
S000425,5,AMD_DRY,ODIR,HYBRID_PCA128,ADAM,0
S000427,5,AMD_DRY,ODIR,HYBRID_PCA128,ODIR,1
S000430,5,AMD_DRY,ODIR,HYBRID_PCA128,ODIR,1
S000438,5,AMD_DRY,ODIR,HYBRID_PCA128,ODIR,1
S000443,5,AMD_DRY,ODIR,HYBRID_PCA128,ADAM,0
S000449,5,AMD_WET,ODIR,HYBRID_PCA128,ODIR,1
S000451,5,AMD_WET,ODIR,HYBRID_PCA128,ODIR,1
S000462,5,AMD_WET,ODIR,HYBRID_PCA128,ODIR,1
S000469,5,AMD_WET,ODIR,HYBRID_PCA128,ODIR,1
S000471,5,AMD_WET,ODIR,HYBRID_PCA128,ODIR,1
S000474,5,NORMAL,RFMID,HYBRID_PCA128,RFMID,1
S000475,5,NORMAL,RFMID,HYBRID_PCA128,RFMID,1
S000479,5,NORMAL,RFMID,HYBRID_PCA128,RFMID,1
S000483,5,NORMAL,RFMID,HYBRID_PCA128,RFMID,1
S000487,5,NORMAL,RFMID,HYBRID_PCA128,RFMID,1
S000489,5,NORMAL,RFMID,HYBRID_PCA128,RFMID,1
S000495,5,NORMAL,RFMID,HYBRID_PCA128,RFMID,1
S000496,5,NORMAL,RFMID,HYBRID_PCA128,RFMID,1
S000503,5,NORMAL,RFMID,HYBRID_PCA128,RFMID,1
S000513,5,NORMAL,RFMID,HYBRID_PCA128,RFMID,1
S000519,5,NORMAL,RFMID,HYBRID_PCA128,RFMID,1
S000525,5,NORMAL,RFMID,HYBRID_PCA128,RFMID,1
S000526,5,NORMAL,RFMID,HYBRID_PCA128,RFMID,1
S000536,5,AMD_DRY,RFMID,HYBRID_PCA128,RFMID,1
S000538,5,AMD_DRY,RFMID,HYBRID_PCA128,RFMID,1
S000547,5,AMD_WET,RFMID,HYBRID_PCA128,RFMID,1
S000554,5,AMD_WET,RFMID,HYBRID_PCA128,RFMID,1
S000556,5,AMD_WET,RFMID,HYBRID_PCA128,RFMID,1
S000567,5,AMD_WET,RFMID,HYBRID_PCA128,RFMID,1
S000570,5,AMD_WET,RFMID,HYBRID_PCA128,RFMID,1
S000574,5,AMD_WET,RFMID,HYBRID_PCA128,RFMID,1
S000577,5,AMD_WET,RFMID,HYBRID_PCA128,RFMID,1
S000581,5,AMD_WET,RFMID,HYBRID_PCA128,RFMID,1
S000585,5,AMD_WET,RFMID,HYBRID_PCA128,RFMID,1
S000588,5,AMD_WET,RFMID,HYBRID_PCA128,FIVES,0
