sample_id,source_dataset,class_label,scenario,consensus_predicted_label,correct_seed_count,prob_AMD_DRY,prob_AMD_WET,prob_NORMAL,consensus_correct
S000002,ADAM,AMD_DRY,VIT_PCA128_MATCHED,AMD_DRY,5,0.9501534381985822,0.03645772645003931,0.013388835351378438,1
S000003,ADAM,AMD_DRY,VIT_PCA128_MATCHED,AMD_DRY,5,0.8287012645755478,0.0009578136831088688,0.17034092174134344,1
S000010,ADAM,AMD_DRY,VIT_PCA128_MATCHED,AMD_DRY,5,0.9044778778113706,0.07628721431616625,0.019234907872463132,1
S000013,ADAM,AMD_DRY,VIT_PCA128_MATCHED,AMD_DRY,5,0.9931245950988616,0.0005479165169944334,0.006327488384143836,1
S000019,ADAM,AMD_DRY,VIT_PCA128_MATCHED,NORMAL,1,0.31639672181707745,0.14557273285674438,0.5380305453261782,0
S000026,ADAM,AMD_DRY,VIT_PCA128_MATCHED,AMD_WET,0,0.3236118975713908,0.6761037618409629,0.000284340587646321,0
S000032,ADAM,AMD_DRY,VIT_PCA128_MATCHED,AMD_DRY,5,0.9671455933480273,0.006243974196701122,0.026610432455271716,1
S000040,ADAM,AMD_WET,VIT_PCA128_MATCHED,AMD_WET,5,0.196771631035202,0.8025859220413357,0.0006424469234622054,1
S000045,ADAM,AMD_WET,VIT_PCA128_MATCHED,AMD_WET,5,0.06941881287325788,0.9301323251835687,0.00044886194317350593,1
S000047,ADAM,AMD_WET,VIT_PCA128_MATCHED,AMD_WET,5,0.27694040566902955,0.6855608699959117,0.03749872433505859,1
S000051,ADAM,AMD_WET,VIT_PCA128_MATCHED,AMD_WET,5,0.05518087099878387,0.9410259624415922,0.0037931665596237603,1
S000062,FIVES,NORMAL,VIT_PCA128_MATCHED,NORMAL,5,7.905916246159464e-08,7.114488988389704e-08,0.9999998497959476,1
S000064,FIVES,NORMAL,VIT_PCA128_MATCHED,NORMAL,5,0.0005371416744805225,0.0030614280034040767,0.9964014303221154,1
S000071,FIVES,NORMAL,VIT_PCA128_MATCHED,NORMAL,5,0.0037542509995180974,0.004531447875105307,0.9917143011253765,1
S000072,FIVES,NORMAL,VIT_PCA128_MATCHED,NORMAL,5,4.1397078475215544e-07,2.2571740889087726e-07,0.9999993603118064,1
S000083,FIVES,NORMAL,VIT_PCA128_MATCHED,NORMAL,5,0.0008532882939956542,0.002522154296825734,0.9966245574091787,1
S000085,FIVES,NORMAL,VIT_PCA128_MATCHED,NORMAL,5,0.00081244053288601,0.0003854243370773262,0.9988021351300367,1
S000090,FIVES,NORMAL,VIT_PCA128_MATCHED,NORMAL,5,7.325219889441018e-08,4.8322413835414756e-08,0.9999998784253872,1
S000093,FIVES,NORMAL,VIT_PCA128_MATCHED,NORMAL,5,1.5932527811927785e-08,1.4453883454013727e-08,0.9999999696135887,1
S000101,FIVES,NORMAL,VIT_PCA128_MATCHED,NORMAL,5,5.7264292737743105e-09,4.353532375502786e-09,0.9999999899200385,1
S000105,FIVES,NORMAL,VIT_PCA128_MATCHED,NORMAL,5,2.2441678536043256e-09,1.4261203416989766e-09,0.9999999963297117,1
S000106,FIVES,NORMAL,VIT_PCA128_MATCHED,NORMAL,5,2.8262779204548663e-09,2.154428301582502e-09,0.9999999950192938,1
S000107,FIVES,NORMAL,VIT_PCA128_MATCHED,NORMAL,5,9.809171625023883e-09,8.191689854150497e-09,0.9999999819991385,1
S000111,FIVES,NORMAL,VIT_PCA128_MATCHED,NORMAL,5,0.0011035466915794282,0.0006320187611592237,0.9982644345472613,1
S000114,FIVES,NORMAL,VIT_PCA128_MATCHED,NORMAL,5,0.0008947920188397752,0.0007336967151200218,0.9983715112660402,1
S000123,FIVES,NORMAL,VIT_PCA128_MATCHED,NORMAL,5,6.527977841484769e-10,6.434799085195416e-10,0.9999999987037222,1
S000124,FIVES,NORMAL,VIT_PCA128_MATCHED,NORMAL,5,9.253760406119413e-08,1.0883626787087655e-07,0.9999997986261281,1
S000126,FIVES,NORMAL,VIT_PCA128_MATCHED,NORMAL,5,0.0018601943419175437,0.004208559970081207,0.9939312456880012,1
S000136,FIVES,NORMAL,VIT_PCA128_MATCHED,NORMAL,5,0.00035739950192217347,0.0026672902168440515,0.9969753102812338,1
S000142,FIVES,NORMAL,VIT_PCA128_MATCHED,NORMAL,5,8.763915579974004e-05,0.0007746628739379512,0.9991376979702624,1
S000143,FIVES,NORMAL,VIT_PCA128_MATCHED,NORMAL,5,2.3071349325282133e-09,2.5643504249976556e-09,0.9999999951285146,1
S000157,FIVES,AMD_DRY,VIT_PCA128_MATCHED,AMD_DRY,5,0.6604935879079509,0.3343277986075404,0.005178613484508664,1
S000165,FIVES,AMD_DRY,VIT_PCA128_MATCHED,AMD_DRY,5,0.9758951847116437,0.01985780274646574,0.0042470125418904905,1
S000166,FIVES,AMD_DRY,VIT_PCA128_MATCHED,AMD_WET,0,0.1948003783741942,0.788654176969175,0.01654544465663081,0
S000171,FIVES,AMD_WET,VIT_PCA128_MATCHED,AMD_WET,5,0.0046472505847048075,0.9951499648256039,0.00020278458969132815,1
S000175,FIVES,AMD_WET,VIT_PCA128_MATCHED,AMD_WET,5,0.0008824240337235321,0.9986371535216507,0.0004804224446255894,1
S000181,FIVES,AMD_WET,VIT_PCA128_MATCHED,AMD_WET,5,0.041337978924629884,0.9576718794889135,0.0009901415864566653,1
S000196,FIVES,AMD_WET,VIT_PCA128_MATCHED,AMD_WET,5,0.0008230099928006327,0.9976484267974943,0.001528563209704952,1
S000197,FIVES,AMD_WET,VIT_PCA128_MATCHED,AMD_WET,5,0.000823588022287231,0.9987067350197616,0.00046967695795117014,1
S000198,FIVES,AMD_WET,VIT_PCA128_MATCHED,AMD_WET,5,0.004446427624130271,0.9792574306774904,0.016296141698379306,1
S000199,FIVES,AMD_WET,VIT_PCA128_MATCHED,AMD_WET,5,0.09974279868296958,0.8900887431075253,0.010168458209505193,1
S000209,FIVES,AMD_WET,VIT_PCA128_MATCHED,AMD_WET,5,0.014049498840528214,0.9837928217087549,0.0021576794507169447,1
S000214,FIVES,AMD_WET,VIT_PCA128_MATCHED,AMD_WET,5,0.009936510220333402,0.9897135551788587,0.00034993460080789924,1
S000221,FIVES,AMD_WET,VIT_PCA128_MATCHED,AMD_WET,5,5.471574710979044e-07,0.9999813279379319,1.812490459702505e-05,1
S000223,FIVES,AMD_WET,VIT_PCA128_MATCHED,AMD_WET,5,0.1575506566832159,0.578574123899716,0.26387521941706804,1
S000228,FIVES,AMD_WET,VIT_PCA128_MATCHED,AMD_WET,5,0.005622660099294293,0.9937753925801861,0.0006019473205195764,1
S000231,FIVES,AMD_WET,VIT_PCA128_MATCHED,AMD_WET,5,0.0059422232183255095,0.9931356027700055,0.0009221740116690232,1
S000240,ODIR,NORMAL,VIT_PCA128_MATCHED,NORMAL,5,5.1923682754896733e-08,2.6112897238770654e-08,0.9999999219634199,1
S000252,ODIR,NORMAL,VIT_PCA128_MATCHED,NORMAL,5,0.0033932997390567466,0.00012690028430680045,0.9964797999766365,1
S000255,ODIR,NORMAL,VIT_PCA128_MATCHED,NORMAL,5,0.003897176878354172,0.001707263054987761,0.9943955600666581,1
S000256,ODIR,NORMAL,VIT_PCA128_MATCHED,NORMAL,5,6.279387745003094e-07,3.1514184929895153e-07,0.9999990569193763,1
S000258,ODIR,NORMAL,VIT_PCA128_MATCHED,NORMAL,5,0.003085425987246786,0.0007346979173142714,0.9961798760954388,1
S000264,ODIR,NORMAL,VIT_PCA128_MATCHED,NORMAL,5,8.662564707057645e-07,4.3700193437146824e-07,0.999998696741595,1
S000265,ODIR,NORMAL,VIT_PCA128_MATCHED,NORMAL,5,0.0010744202191639244,0.00043956306148712845,0.9984860167193489,1
S000267,ODIR,NORMAL,VIT_PCA128_MATCHED,NORMAL,5,0.038484887526376195,0.0011833421995391697,0.9603317702740848,1
S000268,ODIR,NORMAL,VIT_PCA128_MATCHED,NORMAL,5,0.01353275415332943,0.000731889287241002,0.9857353565594295,1
S000274,ODIR,NORMAL,VIT_PCA128_MATCHED,NORMAL,5,8.906619514189135e-08,4.474057938043498e-08,0.9999998661932255,1
S000275,ODIR,NORMAL,VIT_PCA128_MATCHED,NORMAL,5,3.7405519463841654e-08,1.8959463636067682e-08,0.9999999436350169,1
S000282,ODIR,NORMAL,VIT_PCA128_MATCHED,NORMAL,5,1.1084467708361622e-07,5.600405674162688e-08,0.9999998331512663,1
S000291,ODIR,NORMAL,VIT_PCA128_MATCHED,NORMAL,5,0.05026752013606608,0.0012476747610117161,0.9484848051029221,1
S000298,ODIR,NORMAL,VIT_PCA128_MATCHED,NORMAL,5,3.961567644122852e-07,1.9890556941344742e-07,0.9999994049376661,1
S000307,ODIR,NORMAL,VIT_PCA128_MATCHED,NORMAL,5,0.0018035617791482598,0.003260332071312206,0.9949361061495395,1
S000317,ODIR,NORMAL,VIT_PCA128_MATCHED,NORMAL,5,5.2092428481606326e-09,2.6180581541119175e-09,0.9999999921726991,1
S000318,ODIR,NORMAL,VIT_PCA128_MATCHED,NORMAL,5,4.3253960888311125e-09,2.171915633149372e-09,0.9999999935026883,1
S000321,ODIR,NORMAL,VIT_PCA128_MATCHED,NORMAL,5,0.013641781245368153,0.04977971487201536,0.9365785038826164,1
S000326,ODIR,NORMAL,VIT_PCA128_MATCHED,NORMAL,5,0.0033917139871583006,0.000373071770603515,0.9962352142422383,1
S000327,ODIR,NORMAL,VIT_PCA128_MATCHED,NORMAL,5,0.029431496860006602,0.0003869388652373171,0.9701815642747562,1
S000329,ODIR,NORMAL,VIT_PCA128_MATCHED,NORMAL,5,0.01577750037811881,0.005774855235836848,0.9784476443860445,1
S000333,ODIR,NORMAL,VIT_PCA128_MATCHED,NORMAL,5,0.006219513273579659,0.007530611548336397,0.986249875178084,1
S000349,ODIR,NORMAL,VIT_PCA128_MATCHED,NORMAL,5,1.285120829451501e-07,6.434700355041045e-08,0.9999998071409134,1
S000351,ODIR,NORMAL,VIT_PCA128_MATCHED,NORMAL,5,4.338887922771024e-08,2.1873368164119957e-08,0.9999999347377526,1
S000356,ODIR,NORMAL,VIT_PCA128_MATCHED,NORMAL,5,0.0008493270607990236,0.0005800193118855005,0.9985706536273155,1
S000382,ODIR,AMD_DRY,VIT_PCA128_MATCHED,AMD_DRY,5,0.9390222046778863,0.06097326220013762,4.533121976222632e-06,1
S000387,ODIR,AMD_DRY,VIT_PCA128_MATCHED,AMD_DRY,5,0.8997646938964291,0.10016773346796395,6.757263560692309e-05,1
S000388,ODIR,AMD_DRY,VIT_PCA128_MATCHED,AMD_DRY,5,0.9856030785181144,0.013742823455762793,0.0006540980261227771,1
S000397,ODIR,AMD_DRY,VIT_PCA128_MATCHED,AMD_DRY,5,0.9536558600393779,0.045727353594214856,0.0006167863664073632,1
S000405,ODIR,AMD_DRY,VIT_PCA128_MATCHED,AMD_DRY,5,0.961440653367025,0.036866597367065414,0.0016927492659095753,1
S000408,ODIR,AMD_DRY,VIT_PCA128_MATCHED,AMD_DRY,5,0.9671324666304104,0.03152978947602537,0.001337743893564308,1
S000413,ODIR,AMD_DRY,VIT_PCA128_MATCHED,AMD_DRY,5,0.9931237125997632,0.000777208804102863,0.0060990785961339035,1
S000414,ODIR,AMD_DRY,VIT_PCA128_MATCHED,AMD_DRY,5,0.9930118384086096,0.004527101799379599,0.0024610597920106505,1
S000415,ODIR,AMD_DRY,VIT_PCA128_MATCHED,AMD_DRY,5,0.9942817092395521,3.1922836793545667e-05,0.005686367923654407,1
S000421,ODIR,AMD_DRY,VIT_PCA128_MATCHED,AMD_DRY,5,0.9946558895545727,0.00495696118036016,0.0003871492650670429,1
S000422,ODIR,AMD_DRY,VIT_PCA128_MATCHED,AMD_DRY,5,0.9985998584001097,0.0008125276578242987,0.0005876139420659982,1
S000429,ODIR,AMD_DRY,VIT_PCA128_MATCHED,AMD_DRY,5,0.9821806475028467,0.014471565926224955,0.003347786570928292,1
S000431,ODIR,AMD_DRY,VIT_PCA128_MATCHED,AMD_DRY,5,0.9933450634046448,0.004975866572074289,0.0016790700232808535,1
S000432,ODIR,AMD_DRY,VIT_PCA128_MATCHED,AMD_DRY,5,0.996513689737737,0.0022643997199477614,0.001221910542315251,1
S000433,ODIR,AMD_DRY,VIT_PCA128_MATCHED,AMD_DRY,5,0.9987866423203812,0.0008737829781257901,0.00033957470149297844,1
S000436,ODIR,AMD_DRY,VIT_PCA128_MATCHED,AMD_DRY,5,0.9970419189731234,0.0010534336530449284,0.0019046473738315935,1
S000437,ODIR,AMD_DRY,VIT_PCA128_MATCHED,AMD_DRY,5,0.804297176173842,0.003620842997622395,0.19208198082853573,1
S000446,ODIR,AMD_WET,VIT_PCA128_MATCHED,AMD_DRY,0,0.8929476354075974,0.10446296818047825,0.0025893964119242914,0
S000450,ODIR,AMD_WET,VIT_PCA128_MATCHED,AMD_WET,3,0.46483107268094753,0.533433389982251,0.0017355373368015642,1
S000452,ODIR,AMD_WET,VIT_PCA128_MATCHED,AMD_WET,5,0.18990687216469998,0.8080501060482537,0.0020430217870463416,1
S000454,ODIR,AMD_WET,VIT_PCA128_MATCHED,AMD_WET,5,0.003757150056910867,0.995011975562026,0.0012308743810630167,1
S000467,ODIR,AMD_WET,VIT_PCA128_MATCHED,AMD_DRY,0,0.8907350715655028,0.10817957477652233,0.00108535365797479,0
S000477,RFMID,NORMAL,VIT_PCA128_MATCHED,NORMAL,5,0.006217844483504582,0.0045419086967711875,0.9892402468197241,1
S000480,RFMID,NORMAL,VIT_PCA128_MATCHED,NORMAL,5,0.0002455386676270253,0.0005258879202308966,0.999228573412142,1
S000484,RFMID,NORMAL,VIT_PCA128_MATCHED,NORMAL,5,0.001881641581789097,0.008557013021488518,0.9895613453967224,1
S000485,RFMID,NORMAL,VIT_PCA128_MATCHED,NORMAL,5,0.004173963867393342,0.002130348650536607,0.9936956874820699,1
S000491,RFMID,NORMAL,VIT_PCA128_MATCHED,NORMAL,5,0.0017836379070954051,0.006672410815835343,0.9915439512770691,1
S000493,RFMID,NORMAL,VIT_PCA128_MATCHED,NORMAL,5,1.398628265545591e-07,1.1314337937518458e-07,0.9999997469937941,1
S000504,RFMID,NORMAL,VIT_PCA128_MATCHED,NORMAL,5,0.0003860655198139969,0.002113623247672543,0.9975003112325135,1
S000506,RFMID,NORMAL,VIT_PCA128_MATCHED,NORMAL,5,2.2022121683626796e-06,2.484188956040433e-06,0.9999953135988756,1
S000507,RFMID,NORMAL,VIT_PCA128_MATCHED,NORMAL,5,0.0029647748393282604,0.0049000105680791495,0.9921352145925926,1
S000515,RFMID,NORMAL,VIT_PCA128_MATCHED,NORMAL,5,2.2681920559757818e-06,1.9071820017797942e-06,0.9999958246259423,1
S000522,RFMID,NORMAL,VIT_PCA128_MATCHED,NORMAL,5,0.00038666271760799415,0.004906963178606512,0.9947063741037855,1
S000527,RFMID,NORMAL,VIT_PCA128_MATCHED,NORMAL,5,0.015801482120361813,0.03988222310088138,0.9443162947787569,1
S000529,RFMID,NORMAL,VIT_PCA128_MATCHED,NORMAL,5,1.52359913107175e-07,1.4831721473195444e-07,0.9999996993228721,1
S000542,RFMID,AMD_DRY,VIT_PCA128_MATCHED,AMD_WET,0,0.13048794227568034,0.8626172024201463,0.006894855304173403,0
S000545,RFMID,AMD_WET,VIT_PCA128_MATCHED,AMD_WET,5,0.005808794001534193,0.9938609482533558,0.0003302577451098692,1
S000552,RFMID,AMD_WET,VIT_PCA128_MATCHED,AMD_WET,5,0.003482541829656362,0.993436050137689,0.0030814080326546406,1
S000553,RFMID,AMD_WET,VIT_PCA128_MATCHED,AMD_WET,5,0.01676229778324836,0.9808022534597545,0.002435448756997316,1
S000565,RFMID,AMD_WET,VIT_PCA128_MATCHED,AMD_WET,5,0.001883282201859477,0.9977952018932494,0.00032151590489094855,1
S000576,RFMID,AMD_WET,VIT_PCA128_MATCHED,AMD_WET,5,0.010855173614911843,0.9728194007139546,0.016325425671133584,1
S000578,RFMID,AMD_WET,VIT_PCA128_MATCHED,AMD_WET,5,0.034192092346782804,0.9614927153990497,0.004315192254167344,1
S000580,RFMID,AMD_WET,VIT_PCA128_MATCHED,AMD_WET,5,0.010261309233597386,0.987816872238715,0.0019218185276876944,1
S000583,RFMID,AMD_WET,VIT_PCA128_MATCHED,AMD_WET,5,0.006201029952127863,0.9936078384580573,0.0001911315898148166,1
S000584,RFMID,AMD_WET,VIT_PCA128_MATCHED,AMD_WET,5,0.0012621853084989923,0.840575686652881,0.15816212803862012,1
S000589,RFMID,AMD_WET,VIT_PCA128_MATCHED,AMD_WET,5,0.0226265643870508,0.9763474876759257,0.0010259479370236014,1
S000591,RFMID,AMD_WET,VIT_PCA128_MATCHED,AMD_WET,5,0.00448314565862026,0.9874976107469946,0.008019243594385113,1
S000002,ADAM,AMD_DRY,VIT_RANDOM32_PCA128,AMD_DRY,5,0.9567351486483663,0.028880530312553204,0.014384321039080517,1
S000003,ADAM,AMD_DRY,VIT_RANDOM32_PCA128,AMD_DRY,5,0.8214317538816415,0.0007691059839035129,0.17779914013445497,1
S000010,ADAM,AMD_DRY,VIT_RANDOM32_PCA128,AMD_DRY,5,0.9352359706374038,0.04594577473632272,0.018818254626273425,1
S000013,ADAM,AMD_DRY,VIT_RANDOM32_PCA128,AMD_DRY,5,0.9939450655564134,0.0007379395831165451,0.005316994860470168,1
S000019,ADAM,AMD_DRY,VIT_RANDOM32_PCA128,NORMAL,2,0.29708468755577316,0.12061327729623464,0.5823020351479923,0
S000026,ADAM,AMD_DRY,VIT_RANDOM32_PCA128,AMD_WET,0,0.3655787268204621,0.6341172999531153,0.000303973226422544,0
S000032,ADAM,AMD_DRY,VIT_RANDOM32_PCA128,AMD_DRY,5,0.951127477434649,0.008028310273868558,0.04084421229148253,1
S000040,ADAM,AMD_WET,VIT_RANDOM32_PCA128,AMD_WET,5,0.2259459976695128,0.7735491904872662,0.0005048118432210301,1
S000045,ADAM,AMD_WET,VIT_RANDOM32_PCA128,AMD_WET,5,0.08278206731063213,0.9168495308040555,0.00036840188531240766,1
S000047,ADAM,AMD_WET,VIT_RANDOM32_PCA128,AMD_WET,5,0.3513756216006204,0.6118012824646204,0.03682309593475927,1
S000051,ADAM,AMD_WET,VIT_RANDOM32_PCA128,AMD_WET,5,0.06714979905150267,0.9295882665773757,0.003261934371121617,1
S000062,FIVES,NORMAL,VIT_RANDOM32_PCA128,NORMAL,5,6.986026627202608e-08,5.770621928461137e-08,0.9999998724335144,1
S000064,FIVES,NORMAL,VIT_RANDOM32_PCA128,NORMAL,5,0.0004410311750842214,0.002219225015861013,0.9973397438090548,1
S000071,FIVES,NORMAL,VIT_RANDOM32_PCA128,NORMAL,5,0.00285957455203112,0.003977717226549864,0.9931627082214189,1
S000072,FIVES,NORMAL,VIT_RANDOM32_PCA128,NORMAL,5,3.085003110611837e-07,1.66587394429455e-07,0.9999995249122945,1
S000083,FIVES,NORMAL,VIT_RANDOM32_PCA128,NORMAL,5,0.00043141621288375045,0.0011786937665880443,0.9983898900205282,1
S000085,FIVES,NORMAL,VIT_RANDOM32_PCA128,NORMAL,5,0.0007267466878192731,0.0002946052208370662,0.9989786480913437,1
S000090,FIVES,NORMAL,VIT_RANDOM32_PCA128,NORMAL,5,4.120279876900154e-08,2.5508666697843853e-08,0.9999999332885345,1
S000093,FIVES,NORMAL,VIT_RANDOM32_PCA128,NORMAL,5,8.798076738305623e-09,7.36266311916191e-09,0.99999998383926,1
S000101,FIVES,NORMAL,VIT_RANDOM32_PCA128,NORMAL,5,3.04232272958044e-09,2.1185591939570568e-09,0.9999999948391182,1
S000105,FIVES,NORMAL,VIT_RANDOM32_PCA128,NORMAL,5,4.071951987789842e-09,2.514046680233445e-09,0.9999999934140014,1
S000106,FIVES,NORMAL,VIT_RANDOM32_PCA128,NORMAL,5,2.5844346564206683e-09,1.9483991175901754e-09,0.9999999954671663,1
S000107,FIVES,NORMAL,VIT_RANDOM32_PCA128,NORMAL,5,5.636753721697957e-09,4.487814424916821e-09,0.9999999898754318,1
S000111,FIVES,NORMAL,VIT_RANDOM32_PCA128,NORMAL,5,0.0006103076568806953,0.00047322377414402747,0.9989164685689753,1
S000114,FIVES,NORMAL,VIT_RANDOM32_PCA128,NORMAL,5,0.00030383793843078387,0.0002543804298082757,0.9994417816317609,1
S000123,FIVES,NORMAL,VIT_RANDOM32_PCA128,NORMAL,5,3.508723536819042e-10,3.157354428284052e-10,0.9999999993333922,1
S000124,FIVES,NORMAL,VIT_RANDOM32_PCA128,NORMAL,5,4.196821241599857e-08,4.898610196563419e-08,0.9999999090456857,1
S000126,FIVES,NORMAL,VIT_RANDOM32_PCA128,NORMAL,5,0.0013582373276060241,0.003667287794552679,0.9949744748778413,1
S000136,FIVES,NORMAL,VIT_RANDOM32_PCA128,NORMAL,5,0.0003687159580690636,0.001837088053875557,0.9977941959880553,1
S000142,FIVES,NORMAL,VIT_RANDOM32_PCA128,NORMAL,5,5.7977658613901356e-05,0.00040766742841550344,0.9995343549129705,1
S000143,FIVES,NORMAL,VIT_RANDOM32_PCA128,NORMAL,5,1.260750329467526e-09,1.348417008358735e-09,0.9999999973908327,1
S000157,FIVES,AMD_DRY,VIT_RANDOM32_PCA128,AMD_DRY,5,0.5645113623465903,0.4296955150941167,0.005793122559292989,1
S000165,FIVES,AMD_DRY,VIT_RANDOM32_PCA128,AMD_DRY,5,0.9822765716217653,0.014460563071680319,0.0032628653065544496,1
S000166,FIVES,AMD_DRY,VIT_RANDOM32_PCA128,AMD_WET,0,0.20632988880369646,0.7764483353906049,0.01722177580569862,0
S000171,FIVES,AMD_WET,VIT_RANDOM32_PCA128,AMD_WET,5,0.003663985993227763,0.9961700227543926,0.00016599125237959817,1
S000175,FIVES,AMD_WET,VIT_RANDOM32_PCA128,AMD_WET,5,0.001566256181795654,0.9978970998706149,0.0005366439475894067,1
S000181,FIVES,AMD_WET,VIT_RANDOM32_PCA128,AMD_WET,5,0.039462241012403546,0.9595502347437869,0.0009875242438095188,1
S000196,FIVES,AMD_WET,VIT_RANDOM32_PCA128,AMD_WET,5,0.0011411295161016786,0.9970410931267917,0.0018177773571066015,1
S000197,FIVES,AMD_WET,VIT_RANDOM32_PCA128,AMD_WET,5,0.00042891325934727245,0.9991588922096716,0.0004121945309810009,1
S000198,FIVES,AMD_WET,VIT_RANDOM32_PCA128,AMD_WET,5,0.003911992257748997,0.9810333104643899,0.01505469727786105,1
S000199,FIVES,AMD_WET,VIT_RANDOM32_PCA128,AMD_WET,5,0.0984313362221387,0.8939684445158228,0.007600219262038523,1
S000209,FIVES,AMD_WET,VIT_RANDOM32_PCA128,AMD_WET,5,0.011355554135876491,0.986771589483156,0.0018728563809674026,1
S000214,FIVES,AMD_WET,VIT_RANDOM32_PCA128,AMD_WET,5,0.009174924818927108,0.990508490619663,0.0003165845614100162,1
S000221,FIVES,AMD_WET,VIT_RANDOM32_PCA128,AMD_WET,5,0.00041440259915777984,0.9995706007751679,1.4996625674376223e-05,1
S000223,FIVES,AMD_WET,VIT_RANDOM32_PCA128,AMD_WET,5,0.16554870922881598,0.5391210908893818,0.29533019988180226,1
S000228,FIVES,AMD_WET,VIT_RANDOM32_PCA128,AMD_WET,5,0.004709129028875964,0.9947351028455111,0.0005557681256128366,1
S000231,FIVES,AMD_WET,VIT_RANDOM32_PCA128,AMD_WET,5,0.004758124067884816,0.9945582639635389,0.0006836119685762976,1
S000240,ODIR,NORMAL,VIT_RANDOM32_PCA128,NORMAL,5,2.8639562220293387e-08,1.4395442888935366e-08,0.9999999569649949,1
S000252,ODIR,NORMAL,VIT_RANDOM32_PCA128,NORMAL,5,0.002328292472836923,9.614906930966287e-05,0.9975755584578534,1
S000255,ODIR,NORMAL,VIT_RANDOM32_PCA128,NORMAL,5,0.0025809478764092157,0.000895371131005513,0.9965236809925854,1
S000256,ODIR,NORMAL,VIT_RANDOM32_PCA128,NORMAL,5,4.787835021981939e-07,2.402942577214109e-07,0.9999992809222402,1
S000258,ODIR,NORMAL,VIT_RANDOM32_PCA128,NORMAL,5,0.00223839019279473,0.0004599944000903557,0.9973016154071148,1
S000264,ODIR,NORMAL,VIT_RANDOM32_PCA128,NORMAL,5,3.695193765508896e-07,1.867843192735156e-07,0.9999994436963042,1
S000265,ODIR,NORMAL,VIT_RANDOM32_PCA128,NORMAL,5,0.0005307905094246374,0.00018840078922470292,0.9992808087013507,1
S000267,ODIR,NORMAL,VIT_RANDOM32_PCA128,NORMAL,5,0.04588792954232724,0.0009084626806609662,0.9532036077770117,1
S000268,ODIR,NORMAL,VIT_RANDOM32_PCA128,NORMAL,5,0.014201169092110699,0.0005593323828869238,0.9852394985250024,1
S000274,ODIR,NORMAL,VIT_RANDOM32_PCA128,NORMAL,5,2.895805327386722e-08,1.4534999958145027e-08,0.9999999565069467,1
S000275,ODIR,NORMAL,VIT_RANDOM32_PCA128,NORMAL,5,2.8140954663212404e-08,1.431448644308389e-08,0.9999999575445588,1
S000282,ODIR,NORMAL,VIT_RANDOM32_PCA128,NORMAL,5,9.552152885272745e-08,4.8355443507198754e-08,0.9999998561230277,1
S000291,ODIR,NORMAL,VIT_RANDOM32_PCA128,NORMAL,5,0.03559849426313134,0.0007584956140055555,0.9636430101228631,1
S000298,ODIR,NORMAL,VIT_RANDOM32_PCA128,NORMAL,5,2.3425163425671612e-07,1.1753916160794988e-07,0.9999996482092041,1
S000307,ODIR,NORMAL,VIT_RANDOM32_PCA128,NORMAL,5,0.0013063459678104281,0.002610663031816744,0.996082991000373,1
S000317,ODIR,NORMAL,VIT_RANDOM32_PCA128,NORMAL,5,4.348720834567111e-09,2.1822436880636957e-09,0.9999999934690355,1
S000318,ODIR,NORMAL,VIT_RANDOM32_PCA128,NORMAL,5,2.141327791368283e-09,1.074888235788631e-09,0.9999999967837839,1
S000321,ODIR,NORMAL,VIT_RANDOM32_PCA128,NORMAL,5,0.013149228178148448,0.04225158747222828,0.9445991843496232,1
S000326,ODIR,NORMAL,VIT_RANDOM32_PCA128,NORMAL,5,0.0020374509569490353,0.0001707392390133775,0.9977918098040377,1
S000327,ODIR,NORMAL,VIT_RANDOM32_PCA128,NORMAL,5,0.024668115758111186,0.0002877320933842039,0.9750441521485046,1
S000329,ODIR,NORMAL,VIT_RANDOM32_PCA128,NORMAL,5,0.014842149934663216,0.003752794903546479,0.9814050551617903,1
S000333,ODIR,NORMAL,VIT_RANDOM32_PCA128,NORMAL,5,0.007557179673590606,0.005679004038422447,0.986763816287987,1
S000349,ODIR,NORMAL,VIT_RANDOM32_PCA128,NORMAL,5,1.667517197564469e-07,8.344836992015597e-08,0.9999997497999104,1
S000351,ODIR,NORMAL,VIT_RANDOM32_PCA128,NORMAL,5,2.2138223415435466e-08,1.1159708277657716e-08,0.9999999667020683,1
S000356,ODIR,NORMAL,VIT_RANDOM32_PCA128,NORMAL,5,0.00021743381648417042,0.00017825225060624715,0.9996043139329096,1
S000382,ODIR,AMD_DRY,VIT_RANDOM32_PCA128,AMD_DRY,5,0.9430719747968135,0.056923835475887606,4.1897272988299724e-06,1
S000387,ODIR,AMD_DRY,VIT_RANDOM32_PCA128,AMD_DRY,5,0.9183066788557144,0.08162670328488959,6.661785939598973e-05,1
S000388,ODIR,AMD_DRY,VIT_RANDOM32_PCA128,AMD_DRY,5,0.9859792545089935,0.013507468073654905,0.0005132774173516279,1
S000397,ODIR,AMD_DRY,VIT_RANDOM32_PCA128,AMD_DRY,5,0.965711291262598,0.03374436551646516,0.000544343220936751,1
S000405,ODIR,AMD_DRY,VIT_RANDOM32_PCA128,AMD_DRY,5,0.9710278422335952,0.027722217158371427,0.0012499406080334868,1
S000408,ODIR,AMD_DRY,VIT_RANDOM32_PCA128,AMD_DRY,5,0.9795086983881408,0.019285483145929844,0.0012058184659293266,1
S000413,ODIR,AMD_DRY,VIT_RANDOM32_PCA128,AMD_DRY,5,0.9928093823239632,0.0008689913434586098,0.0063216263325780965,1
S000414,ODIR,AMD_DRY,VIT_RANDOM32_PCA128,AMD_DRY,5,0.9943658888924309,0.003535955829972933,0.0020981552775961357,1
S000415,ODIR,AMD_DRY,VIT_RANDOM32_PCA128,AMD_DRY,5,0.9950171805452321,2.821552005513078e-05,0.004954603934712876,1
S000421,ODIR,AMD_DRY,VIT_RANDOM32_PCA128,AMD_DRY,5,0.9956506542741564,0.003983283536936155,0.0003660621889074812,1
S000422,ODIR,AMD_DRY,VIT_RANDOM32_PCA128,AMD_DRY,5,0.9985912941214666,0.0007452790931211542,0.0006634267854122692,1
S000429,ODIR,AMD_DRY,VIT_RANDOM32_PCA128,AMD_DRY,5,0.9874664050358172,0.009469399127272517,0.003064195836910279,1
S000431,ODIR,AMD_DRY,VIT_RANDOM32_PCA128,AMD_DRY,5,0.9952133861534506,0.0032064610111269347,0.0015801528354225057,1
S000432,ODIR,AMD_DRY,VIT_RANDOM32_PCA128,AMD_DRY,5,0.9956420252479188,0.0027769494828518856,0.0015810252692293632,1
S000433,ODIR,AMD_DRY,VIT_RANDOM32_PCA128,AMD_DRY,5,0.9987869868549885,0.0008455538138193545,0.00036745933119212336,1
S000436,ODIR,AMD_DRY,VIT_RANDOM32_PCA128,AMD_DRY,5,0.9970581630496442,0.0009163321079233672,0.0020255048424324346,1
S000437,ODIR,AMD_DRY,VIT_RANDOM32_PCA128,AMD_DRY,5,0.8414527867778905,0.0024567626089550417,0.15609045061315457,1
S000446,ODIR,AMD_WET,VIT_RANDOM32_PCA128,AMD_DRY,0,0.9128379536749411,0.08483056146094987,0.002331484864108938,0
S000450,ODIR,AMD_WET,VIT_RANDOM32_PCA128,AMD_WET,3,0.4542058763055558,0.5442161186447583,0.0015780050496858994,1
S000452,ODIR,AMD_WET,VIT_RANDOM32_PCA128,AMD_WET,5,0.24312311146241386,0.7549180628982605,0.001958825639325717,1
S000454,ODIR,AMD_WET,VIT_RANDOM32_PCA128,AMD_WET,5,0.0029621327022279374,0.9959781228213662,0.0010597444764059078,1
S000467,ODIR,AMD_WET,VIT_RANDOM32_PCA128,AMD_DRY,0,0.8981851450782609,0.10099623838226508,0.000818616539474038,0
S000477,RFMID,NORMAL,VIT_RANDOM32_PCA128,NORMAL,5,0.003779214453515493,0.002997589962475742,0.9932231955840087,1
S000480,RFMID,NORMAL,VIT_RANDOM32_PCA128,NORMAL,5,0.00016487563292704358,0.00023819774008906406,0.9995969266269839,1
S000484,RFMID,NORMAL,VIT_RANDOM32_PCA128,NORMAL,5,0.0016263927563078874,0.0074347459100719705,0.9909388613336201,1
S000485,RFMID,NORMAL,VIT_RANDOM32_PCA128,NORMAL,5,0.0026846692269900433,0.001345968415099989,0.9959693623579099,1
S000491,RFMID,NORMAL,VIT_RANDOM32_PCA128,NORMAL,5,0.0017902224323406587,0.005850315998866484,0.9923594615687928,1
S000493,RFMID,NORMAL,VIT_RANDOM32_PCA128,NORMAL,5,1.4555479886382973e-07,1.1085991977973366e-07,0.9999997435852814,1
S000504,RFMID,NORMAL,VIT_RANDOM32_PCA128,NORMAL,5,0.00015380278440253265,0.0009383699884233882,0.9989078272271741,1
S000506,RFMID,NORMAL,VIT_RANDOM32_PCA128,NORMAL,5,0.00012983223633775414,0.00038643753502890735,0.9994837302286333,1
S000507,RFMID,NORMAL,VIT_RANDOM32_PCA128,NORMAL,5,0.0019458324069897316,0.0035111093876946014,0.9945430582053157,1
S000515,RFMID,NORMAL,VIT_RANDOM32_PCA128,NORMAL,5,1.7463233154823625e-06,1.3895554103906396e-06,0.9999968641212741,1
S000522,RFMID,NORMAL,VIT_RANDOM32_PCA128,NORMAL,5,0.0003484883056059529,0.003890515215988906,0.9957609964784051,1
S000527,RFMID,NORMAL,VIT_RANDOM32_PCA128,NORMAL,5,0.014257090323069096,0.03798495678011578,0.947757952896815,1
S000529,RFMID,NORMAL,VIT_RANDOM32_PCA128,NORMAL,5,7.101702671248482e-08,6.938177540409762e-08,0.9999998596011979,1
S000542,RFMID,AMD_DRY,VIT_RANDOM32_PCA128,AMD_WET,0,0.1586616157286233,0.8332196638492781,0.008118720422098505,0
S000545,RFMID,AMD_WET,VIT_RANDOM32_PCA128,AMD_WET,5,0.006058128639271046,0.9936408667343313,0.00030100462639748825,1
S000552,RFMID,AMD_WET,VIT_RANDOM32_PCA128,AMD_WET,5,0.003438241666423593,0.9930490864451951,0.003512671888381367,1
S000553,RFMID,AMD_WET,VIT_RANDOM32_PCA128,AMD_WET,5,0.01542390240578688,0.9822504435357446,0.0023256540584683403,1
S000565,RFMID,AMD_WET,VIT_RANDOM32_PCA128,AMD_WET,5,0.0018828657735518832,0.9978158700780645,0.00030126414838356973,1
S000576,RFMID,AMD_WET,VIT_RANDOM32_PCA128,AMD_WET,5,0.009468686649469728,0.9736248909642677,0.01690642238626259,1
S000578,RFMID,AMD_WET,VIT_RANDOM32_PCA128,AMD_WET,5,0.030396213284199093,0.9661453509072551,0.0034584358085457878,1
S000580,RFMID,AMD_WET,VIT_RANDOM32_PCA128,AMD_WET,5,0.0074782629298447405,0.991002878430162,0.0015188586399933139,1
S000583,RFMID,AMD_WET,VIT_RANDOM32_PCA128,AMD_WET,5,0.004709895476551357,0.9951725950484998,0.00011750947494885453,1
S000584,RFMID,AMD_WET,VIT_RANDOM32_PCA128,AMD_WET,5,0.0011152553637056055,0.8350953287869212,0.1637894158493732,1
S000589,RFMID,AMD_WET,VIT_RANDOM32_PCA128,AMD_WET,5,0.02080608797356897,0.978303573096136,0.0008903389302949967,1
S000591,RFMID,AMD_WET,VIT_RANDOM32_PCA128,AMD_WET,5,0.004899888391749754,0.9848686924962051,0.01023141911204524,1
S000002,ADAM,AMD_DRY,VIT_GENERIC32_PCA128,AMD_DRY,5,0.9344582636867145,0.051437092632946727,0.014104643680338869,1
S000003,ADAM,AMD_DRY,VIT_GENERIC32_PCA128,AMD_DRY,5,0.9220894201845032,0.000779674751326786,0.07713090506416997,1
S000010,ADAM,AMD_DRY,VIT_GENERIC32_PCA128,AMD_DRY,5,0.9245172694323381,0.06664860828725645,0.008834122280405334,1
S000013,ADAM,AMD_DRY,VIT_GENERIC32_PCA128,AMD_DRY,5,0.9945626034492344,0.0006623698588301457,0.004775026691935363,1
S000019,ADAM,AMD_DRY,VIT_GENERIC32_PCA128,AMD_DRY,5,0.47268900703527095,0.13523901818105905,0.39207197478366995,1
S000026,ADAM,AMD_DRY,VIT_GENERIC32_PCA128,AMD_WET,1,0.36462810518414474,0.6346758681291537,0.0006960266867016722,0
S000032,ADAM,AMD_DRY,VIT_GENERIC32_PCA128,AMD_DRY,5,0.9859937203684982,0.0032123917095380457,0.01079388792196385,1
S000040,ADAM,AMD_WET,VIT_GENERIC32_PCA128,AMD_WET,5,0.18998627357501544,0.8096210968564279,0.0003926295685567131,1
S000045,ADAM,AMD_WET,VIT_GENERIC32_PCA128,AMD_WET,5,0.06957088275219128,0.9301767456725724,0.0002523715752364451,1
S000047,ADAM,AMD_WET,VIT_GENERIC32_PCA128,AMD_WET,5,0.2834764810982143,0.6796891102809548,0.03683440862083085,1
S000051,ADAM,AMD_WET,VIT_GENERIC32_PCA128,AMD_WET,5,0.05385061858397526,0.9437515078182626,0.002397873597762207,1
S000062,FIVES,NORMAL,VIT_GENERIC32_PCA128,NORMAL,5,1.4275035425325673e-07,1.3899550308546478e-07,0.9999997182541428,1
S000064,FIVES,NORMAL,VIT_GENERIC32_PCA128,NORMAL,5,0.0009910490445495606,0.004069203132769826,0.9949397478226805,1
S000071,FIVES,NORMAL,VIT_GENERIC32_PCA128,NORMAL,5,0.007748009231877383,0.005298017329984337,0.9869539734381384,1
S000072,FIVES,NORMAL,VIT_GENERIC32_PCA128,NORMAL,5,0.002758585368796378,0.0008138144498831968,0.9964276001813204,1
S000083,FIVES,NORMAL,VIT_GENERIC32_PCA128,NORMAL,5,0.0010910878598742622,0.0027206463285237964,0.9961882658116018,1
S000085,FIVES,NORMAL,VIT_GENERIC32_PCA128,NORMAL,5,0.0015027213634125234,0.0008099413032044347,0.9976873373333831,1
S000090,FIVES,NORMAL,VIT_GENERIC32_PCA128,NORMAL,5,2.3680099902420143e-07,1.709200511862467e-07,0.9999995922789499,1
S000093,FIVES,NORMAL,VIT_GENERIC32_PCA128,NORMAL,5,1.682488543958881e-08,1.6371441550740528e-08,0.9999999668036731,1
S000101,FIVES,NORMAL,VIT_GENERIC32_PCA128,NORMAL,5,8.554643212279316e-09,6.86314974636318e-09,0.9999999845822071,1
S000105,FIVES,NORMAL,VIT_GENERIC32_PCA128,NORMAL,5,5.8142878689482725e-09,3.961363978974809e-09,0.999999990224348,1
S000106,FIVES,NORMAL,VIT_GENERIC32_PCA128,NORMAL,5,6.000016302356668e-09,4.828410111219212e-09,0.9999999891715735,1
S000107,FIVES,NORMAL,VIT_GENERIC32_PCA128,NORMAL,5,2.5932725781118524e-08,2.2629396334966072e-08,0.9999999514378779,1
S000111,FIVES,NORMAL,VIT_GENERIC32_PCA128,NORMAL,5,0.0015101225210580106,0.0008869392377473242,0.9976029382411946,1
S000114,FIVES,NORMAL,VIT_GENERIC32_PCA128,NORMAL,5,0.0009464561674141132,0.0007824803861330524,0.9982710634464528,1
S000123,FIVES,NORMAL,VIT_GENERIC32_PCA128,NORMAL,5,4.5190876455280297e-10,4.66046976366753e-10,0.9999999990820443,1
S000124,FIVES,NORMAL,VIT_GENERIC32_PCA128,NORMAL,5,1.6276109599536595e-07,1.9221484570715956e-07,0.9999996450240582,1
S000126,FIVES,NORMAL,VIT_GENERIC32_PCA128,NORMAL,5,0.0057314217025690745,0.006398837807685383,0.9878697404897455,1
S000136,FIVES,NORMAL,VIT_GENERIC32_PCA128,NORMAL,5,0.00039867215914614747,0.002839936116609242,0.9967613917242446,1
S000142,FIVES,NORMAL,VIT_GENERIC32_PCA128,NORMAL,5,0.00010655276678958542,0.0007645782164442034,0.9991288690167662,1
S000143,FIVES,NORMAL,VIT_GENERIC32_PCA128,NORMAL,5,1.5168898519114602e-09,1.6922817475198189e-09,0.9999999967908284,1
S000157,FIVES,AMD_DRY,VIT_GENERIC32_PCA128,AMD_DRY,5,0.5949964918850287,0.3995391432204677,0.005464364894503608,1
S000165,FIVES,AMD_DRY,VIT_GENERIC32_PCA128,AMD_DRY,5,0.9759785407470265,0.02051635161653912,0.003505107636434411,1
S000166,FIVES,AMD_DRY,VIT_GENERIC32_PCA128,AMD_WET,0,0.14896752846789185,0.8409211125436951,0.010111358988413068,0
S000171,FIVES,AMD_WET,VIT_GENERIC32_PCA128,AMD_WET,5,0.0035840475891803303,0.9963030964609129,0.00011285594990699005,1
S000175,FIVES,AMD_WET,VIT_GENERIC32_PCA128,AMD_WET,5,0.0008873217616070173,0.9987286266220945,0.00038405161629840847,1
S000181,FIVES,AMD_WET,VIT_GENERIC32_PCA128,AMD_WET,5,0.04677136767839744,0.9524003218903342,0.0008283104312682144,1
S000196,FIVES,AMD_WET,VIT_GENERIC32_PCA128,AMD_WET,5,0.0007368388401910734,0.9981368741600087,0.001126286999800229,1
S000197,FIVES,AMD_WET,VIT_GENERIC32_PCA128,AMD_WET,5,0.000857767791535061,0.9988071653676194,0.00033506684084568347,1
S000198,FIVES,AMD_WET,VIT_GENERIC32_PCA128,AMD_WET,5,0.004952143517376358,0.9785171980466622,0.016530658435961368,1
S000199,FIVES,AMD_WET,VIT_GENERIC32_PCA128,AMD_WET,5,0.09862378446858688,0.8933187729974834,0.00805744253392955,1
S000209,FIVES,AMD_WET,VIT_GENERIC32_PCA128,AMD_WET,5,0.012670662651420883,0.9859783263611674,0.0013510109874117341,1
S000214,FIVES,AMD_WET,VIT_GENERIC32_PCA128,AMD_WET,5,0.008689714198818716,0.9910677432825684,0.0002425425186127823,1
S000221,FIVES,AMD_WET,VIT_GENERIC32_PCA128,AMD_WET,5,7.577900994501301e-07,0.9999869323091225,1.2309900777925623e-05,1
S000223,FIVES,AMD_WET,VIT_GENERIC32_PCA128,AMD_WET,5,0.13407922586539683,0.636317159031439,0.22960361510316404,1
S000228,FIVES,AMD_WET,VIT_GENERIC32_PCA128,AMD_WET,5,0.008303017004165275,0.9909974882252397,0.0006994947705952336,1
S000231,FIVES,AMD_WET,VIT_GENERIC32_PCA128,AMD_WET,5,0.0067160299824225445,0.9926159332220742,0.0006680367955034343,1
S000240,ODIR,NORMAL,VIT_GENERIC32_PCA128,NORMAL,5,2.760101266928177e-08,1.3873173480429289e-08,0.9999999585258138,1
S000252,ODIR,NORMAL,VIT_GENERIC32_PCA128,NORMAL,5,0.0031228048644985195,8.990210057785917e-05,0.9967872930349235,1
S000255,ODIR,NORMAL,VIT_GENERIC32_PCA128,NORMAL,5,0.004034447747252846,0.0010994515531737505,0.9948661006995734,1
S000256,ODIR,NORMAL,VIT_GENERIC32_PCA128,NORMAL,5,4.517942395819064e-07,2.2658365388205188e-07,0.9999993216221066,1
S000258,ODIR,NORMAL,VIT_GENERIC32_PCA128,NORMAL,5,0.002428143463021051,0.000592774730355102,0.9969790818066239,1
S000264,ODIR,NORMAL,VIT_GENERIC32_PCA128,NORMAL,5,3.1993927322052784e-07,1.6100883619840725e-07,0.9999995190518906,1
S000265,ODIR,NORMAL,VIT_GENERIC32_PCA128,NORMAL,5,0.0016119353951135826,0.0002903697483671433,0.9980976948565192,1
S000267,ODIR,NORMAL,VIT_GENERIC32_PCA128,NORMAL,5,0.02773719207182876,0.001095431160913391,0.971167376767258,1
S000268,ODIR,NORMAL,VIT_GENERIC32_PCA128,NORMAL,5,0.014717856553522663,0.0006015389720348222,0.9846806044744426,1
S000274,ODIR,NORMAL,VIT_GENERIC32_PCA128,NORMAL,5,2.8838721820101746e-07,1.450207867922413e-07,0.9999995665919951,1
S000275,ODIR,NORMAL,VIT_GENERIC32_PCA128,NORMAL,5,2.6971434408509207e-08,1.3625892966089929e-08,0.9999999594026727,1
S000282,ODIR,NORMAL,VIT_GENERIC32_PCA128,NORMAL,5,6.872951834748682e-08,3.461722975435487e-08,0.999999896653252,1
S000291,ODIR,NORMAL,VIT_GENERIC32_PCA128,NORMAL,5,0.04174340775801948,0.0011014119598203378,0.9571551802821601,1
S000298,ODIR,NORMAL,VIT_GENERIC32_PCA128,NORMAL,5,5.803161962749205e-07,2.912649874334493e-07,0.9999991284188162,1
S000307,ODIR,NORMAL,VIT_GENERIC32_PCA128,NORMAL,5,0.0013068444362965587,0.002676367878484507,0.996016787685219,1
S000317,ODIR,NORMAL,VIT_GENERIC32_PCA128,NORMAL,5,7.240333963709255e-09,3.6383623506793177e-09,0.9999999891213036,1
S000318,ODIR,NORMAL,VIT_GENERIC32_PCA128,NORMAL,5,3.0503606543701867e-09,1.5309871654988672e-09,0.999999995418652,1
S000321,ODIR,NORMAL,VIT_GENERIC32_PCA128,NORMAL,5,0.013109993935739033,0.03536685660785911,0.9515231494564018,1
S000326,ODIR,NORMAL,VIT_GENERIC32_PCA128,NORMAL,5,0.0012416609443832542,0.00013879568433928174,0.9986195433712775,1
S000327,ODIR,NORMAL,VIT_GENERIC32_PCA128,NORMAL,5,0.01856369094376873,0.0002097687011320605,0.9812265403550992,1
S000329,ODIR,NORMAL,VIT_GENERIC32_PCA128,NORMAL,5,0.020276539959711373,0.004901839844474781,0.9748216201958139,1
S000333,ODIR,NORMAL,VIT_GENERIC32_PCA128,NORMAL,5,0.00391672914908073,0.009173382754177326,0.986909888096742,1
S000349,ODIR,NORMAL,VIT_GENERIC32_PCA128,NORMAL,5,1.5945491736517463e-07,7.98139485138155e-08,0.9999997607311342,1
S000351,ODIR,NORMAL,VIT_GENERIC32_PCA128,NORMAL,5,1.5576957400823188e-08,7.836620124600967e-09,0.9999999765864225,1
S000356,ODIR,NORMAL,VIT_GENERIC32_PCA128,NORMAL,5,0.00040526518550804353,9.27881674503585e-05,0.9995019466470417,1
S000382,ODIR,AMD_DRY,VIT_GENERIC32_PCA128,AMD_DRY,5,0.9306716322501375,0.06932433956985698,4.028180005414855e-06,1
S000387,ODIR,AMD_DRY,VIT_GENERIC32_PCA128,AMD_DRY,5,0.9181052943947418,0.0818331248498369,6.15807554215424e-05,1
S000388,ODIR,AMD_DRY,VIT_GENERIC32_PCA128,AMD_DRY,5,0.9861176690215941,0.013275758770560059,0.0006065722078457153,1
S000397,ODIR,AMD_DRY,VIT_GENERIC32_PCA128,AMD_DRY,5,0.9424891404974595,0.057066180436912264,0.00044467906562807076,1
S000405,ODIR,AMD_DRY,VIT_GENERIC32_PCA128,AMD_DRY,5,0.9663670289929909,0.03211630037953782,0.0015166706274713183,1
S000408,ODIR,AMD_DRY,VIT_GENERIC32_PCA128,AMD_DRY,5,0.969251942042952,0.029799665491963428,0.0009483924650845781,1
S000413,ODIR,AMD_DRY,VIT_GENERIC32_PCA128,AMD_DRY,5,0.996049785854435,0.0005463320946841663,0.0034038820508808442,1
S000414,ODIR,AMD_DRY,VIT_GENERIC32_PCA128,AMD_DRY,5,0.9904609457220198,0.008061244015578055,0.0014778102624020452,1
S000415,ODIR,AMD_DRY,VIT_GENERIC32_PCA128,AMD_DRY,5,0.9981166912172139,2.4819313487290096e-05,0.0018584894692989424,1
S000421,ODIR,AMD_DRY,VIT_GENERIC32_PCA128,AMD_DRY,5,0.9938963028279975,0.0058342278214123,0.000269469350590244,1
S000422,ODIR,AMD_DRY,VIT_GENERIC32_PCA128,AMD_DRY,5,0.9987588363968118,0.0007122174470391715,0.0005289461561489254,1
S000429,ODIR,AMD_DRY,VIT_GENERIC32_PCA128,AMD_DRY,5,0.9831793247315759,0.013796449341143028,0.0030242259272812303,1
S000431,ODIR,AMD_DRY,VIT_GENERIC32_PCA128,AMD_DRY,5,0.9935333283707333,0.005467605297029999,0.0009990663322367063,1
S000432,ODIR,AMD_DRY,VIT_GENERIC32_PCA128,AMD_DRY,5,0.9960641357973798,0.0031471603686976475,0.0007887038339224521,1
S000433,ODIR,AMD_DRY,VIT_GENERIC32_PCA128,AMD_DRY,5,0.9986721597826712,0.0007906877108120669,0.0005371525065166541,1
S000436,ODIR,AMD_DRY,VIT_GENERIC32_PCA128,AMD_DRY,5,0.9971762925732962,0.0010234928005622681,0.0018002146261415215,1
S000437,ODIR,AMD_DRY,VIT_GENERIC32_PCA128,AMD_DRY,5,0.8054919424631238,0.003173554955846604,0.19133450258102966,1
S000446,ODIR,AMD_WET,VIT_GENERIC32_PCA128,AMD_DRY,0,0.8744652062519821,0.12248982556088375,0.003044968187134212,0
S000450,ODIR,AMD_WET,VIT_GENERIC32_PCA128,AMD_DRY,2,0.48025360939242195,0.5180348137908459,0.0017115768167321056,0
S000452,ODIR,AMD_WET,VIT_GENERIC32_PCA128,AMD_WET,5,0.21013576376882087,0.7876718940411479,0.0021923421900310784,1
S000454,ODIR,AMD_WET,VIT_GENERIC32_PCA128,AMD_WET,5,0.004149967476264186,0.9947333133781182,0.0011167191456176284,1
S000467,ODIR,AMD_WET,VIT_GENERIC32_PCA128,AMD_DRY,0,0.8472891273478421,0.1515222532038576,0.001188619448300216,0
S000477,RFMID,NORMAL,VIT_GENERIC32_PCA128,NORMAL,5,0.005368456737511524,0.004041726505796645,0.9905898167566919,1
S000480,RFMID,NORMAL,VIT_GENERIC32_PCA128,NORMAL,5,2.919757481548527e-06,1.787614442414951e-06,0.9999952926280761,1
S000484,RFMID,NORMAL,VIT_GENERIC32_PCA128,NORMAL,5,0.0024658073411962453,0.009265648730840743,0.988268543927963,1
S000485,RFMID,NORMAL,VIT_GENERIC32_PCA128,NORMAL,5,0.005216264883306584,0.002731775797030199,0.9920519593196634,1
S000491,RFMID,NORMAL,VIT_GENERIC32_PCA128,NORMAL,5,0.003014767295269145,0.00664318127671761,0.9903420514280132,1
S000493,RFMID,NORMAL,VIT_GENERIC32_PCA128,NORMAL,5,2.0860643540120075e-07,1.7635331756269e-07,0.999999615040247,1
S000504,RFMID,NORMAL,VIT_GENERIC32_PCA128,NORMAL,5,0.0003619831354065163,0.001494805151577349,0.9981432117130161,1
S000506,RFMID,NORMAL,VIT_GENERIC32_PCA128,NORMAL,5,2.5282439418329733e-06,2.79889621975834e-06,0.9999946728598385,1
S000507,RFMID,NORMAL,VIT_GENERIC32_PCA128,NORMAL,5,0.002459039118590904,0.002592964578110107,0.994947996303299,1
S000515,RFMID,NORMAL,VIT_GENERIC32_PCA128,NORMAL,5,0.0003568335486700459,0.0002764648377459781,0.999366701613584,1
S000522,RFMID,NORMAL,VIT_GENERIC32_PCA128,NORMAL,5,0.0004454046613302093,0.004087814591384334,0.9954667807472853,1
S000527,RFMID,NORMAL,VIT_GENERIC32_PCA128,NORMAL,5,0.010528720046752729,0.024635734396886773,0.9648355455563606,1
S000529,RFMID,NORMAL,VIT_GENERIC32_PCA128,NORMAL,5,1.423177095191359e-07,1.3824558972748e-07,0.9999997194367009,1
S000542,RFMID,AMD_DRY,VIT_GENERIC32_PCA128,AMD_WET,0,0.23342450586250804,0.758151668983316,0.008423825154175871,0
S000545,RFMID,AMD_WET,VIT_GENERIC32_PCA128,AMD_WET,5,0.006260573209693626,0.9934751881344628,0.00026423865584369345,1
S000552,RFMID,AMD_WET,VIT_GENERIC32_PCA128,AMD_WET,5,0.011288197238051452,0.9846119869142138,0.004099815847734908,1
S000553,RFMID,AMD_WET,VIT_GENERIC32_PCA128,AMD_WET,5,0.08035134731627228,0.9095871797202222,0.010061472963505612,1
S000565,RFMID,AMD_WET,VIT_GENERIC32_PCA128,AMD_WET,5,0.0012244998587964283,0.9985743891371406,0.00020111100406281396,1
S000576,RFMID,AMD_WET,VIT_GENERIC32_PCA128,AMD_WET,5,0.011533118028677222,0.9738310151368255,0.014635866834497408,1
S000578,RFMID,AMD_WET,VIT_GENERIC32_PCA128,AMD_WET,5,0.028146721269896584,0.9689785629405046,0.0028747157895989174,1
S000580,RFMID,AMD_WET,VIT_GENERIC32_PCA128,AMD_WET,5,0.008865735065453727,0.9898785454026751,0.0012557195318711966,1
S000583,RFMID,AMD_WET,VIT_GENERIC32_PCA128,AMD_WET,5,0.006111039321385008,0.9937320895618253,0.0001568711167896868,1
S000584,RFMID,AMD_WET,VIT_GENERIC32_PCA128,AMD_WET,5,0.0015198005975214485,0.8191969019076026,0.17928329749487576,1
S000589,RFMID,AMD_WET,VIT_GENERIC32_PCA128,AMD_WET,5,0.0225070392125539,0.9767275257523768,0.000765435035069213,1
S000591,RFMID,AMD_WET,VIT_GENERIC32_PCA128,AMD_WET,5,0.00508122603137079,0.9880035003160869,0.0069152736525422975,1
S000002,ADAM,AMD_DRY,VIT_HANDCRAFTED32_PCA128_PROPOSED,AMD_DRY,5,0.9526754043733044,0.034467988457299904,0.012856607169395632,1
S000003,ADAM,AMD_DRY,VIT_HANDCRAFTED32_PCA128_PROPOSED,AMD_DRY,5,0.9277447971264235,0.0009532953847680898,0.07130190748880835,1
S000010,ADAM,AMD_DRY,VIT_HANDCRAFTED32_PCA128_PROPOSED,AMD_DRY,5,0.906348197399604,0.0856632683614873,0.007988534238908636,1
S000013,ADAM,AMD_DRY,VIT_HANDCRAFTED32_PCA128_PROPOSED,AMD_DRY,5,0.996088844865459,0.0003798019671932498,0.0035313531673477018,1
S000019,ADAM,AMD_DRY,VIT_HANDCRAFTED32_PCA128_PROPOSED,AMD_DRY,3,0.43123933596652303,0.1304597887540994,0.43830087527937744,1
S000026,ADAM,AMD_DRY,VIT_HANDCRAFTED32_PCA128_PROPOSED,AMD_WET,0,0.334063756784895,0.665534423576641,0.0004018196384638348,0
S000032,ADAM,AMD_DRY,VIT_HANDCRAFTED32_PCA128_PROPOSED,AMD_DRY,5,0.9952639633249042,0.00102754808126929,0.003708488593826445,1
S000040,ADAM,AMD_WET,VIT_HANDCRAFTED32_PCA128_PROPOSED,AMD_WET,5,0.1662724467404451,0.8332217204733336,0.0005058327862212941,1
S000045,ADAM,AMD_WET,VIT_HANDCRAFTED32_PCA128_PROPOSED,AMD_WET,5,0.06130440923330168,0.9383058946048666,0.0003896961618317724,1
S000047,ADAM,AMD_WET,VIT_HANDCRAFTED32_PCA128_PROPOSED,AMD_WET,5,0.19952044802489693,0.766859243625289,0.03362030834981397,1
S000051,ADAM,AMD_WET,VIT_HANDCRAFTED32_PCA128_PROPOSED,AMD_WET,5,0.06983340273488084,0.9280032475346314,0.002163349730487774,1
S000062,FIVES,NORMAL,VIT_HANDCRAFTED32_PCA128_PROPOSED,NORMAL,5,1.6501811686959865e-07,1.6438199229436112e-07,0.9999996705998908,1
S000064,FIVES,NORMAL,VIT_HANDCRAFTED32_PCA128_PROPOSED,NORMAL,5,0.0017464028223823937,0.005997152757743045,0.9922564444198745,1
S000071,FIVES,NORMAL,VIT_HANDCRAFTED32_PCA128_PROPOSED,NORMAL,5,0.010776215626153695,0.012577791052450665,0.9766459933213956,1
S000072,FIVES,NORMAL,VIT_HANDCRAFTED32_PCA128_PROPOSED,NORMAL,5,9.242580444644815e-07,5.444897969199469e-07,0.9999985312521587,1
S000083,FIVES,NORMAL,VIT_HANDCRAFTED32_PCA128_PROPOSED,NORMAL,5,0.0014095327432643425,0.0037122376270564044,0.9948782296296793,1
S000085,FIVES,NORMAL,VIT_HANDCRAFTED32_PCA128_PROPOSED,NORMAL,5,0.004054444513475935,0.0019267710739977243,0.9940187844125263,1
S000090,FIVES,NORMAL,VIT_HANDCRAFTED32_PCA128_PROPOSED,NORMAL,5,3.4438502308056287e-07,2.4683486221991776e-07,0.9999994087801147,1
S000093,FIVES,NORMAL,VIT_HANDCRAFTED32_PCA128_PROPOSED,NORMAL,5,9.556289869604355e-08,9.639789366135185e-08,0.9999998080392076,1
S000101,FIVES,NORMAL,VIT_HANDCRAFTED32_PCA128_PROPOSED,NORMAL,5,1.7693671855062496e-08,1.4163269886041578e-08,0.9999999681430582,1
S000105,FIVES,NORMAL,VIT_HANDCRAFTED32_PCA128_PROPOSED,NORMAL,5,1.0296712069603584e-08,7.236911434065247e-09,0.9999999824663766,1
S000106,FIVES,NORMAL,VIT_HANDCRAFTED32_PCA128_PROPOSED,NORMAL,5,1.6779162244709337e-08,1.4353645750054294e-08,0.999999968867192,1
S000107,FIVES,NORMAL,VIT_HANDCRAFTED32_PCA128_PROPOSED,NORMAL,5,3.587543218143558e-08,3.0759025585837694e-08,0.9999999333655423,1
S000111,FIVES,NORMAL,VIT_HANDCRAFTED32_PCA128_PROPOSED,NORMAL,5,0.0018758118850675056,0.0010409883502008066,0.9970831997647316,1
S000114,FIVES,NORMAL,VIT_HANDCRAFTED32_PCA128_PROPOSED,NORMAL,5,0.002122698375611248,0.002138424410954392,0.9957388772134343,1
S000123,FIVES,NORMAL,VIT_HANDCRAFTED32_PCA128_PROPOSED,NORMAL,5,5.48993718207085e-09,5.6096990408196e-09,0.9999999889003638,1
S000124,FIVES,NORMAL,VIT_HANDCRAFTED32_PCA128_PROPOSED,NORMAL,5,5.70102315370735e-07,6.777770600111621e-07,0.9999987521206247,1
S000126,FIVES,NORMAL,VIT_HANDCRAFTED32_PCA128_PROPOSED,NORMAL,5,0.0027531361065567393,0.005611150209007905,0.9916357136844354,1
S000136,FIVES,NORMAL,VIT_HANDCRAFTED32_PCA128_PROPOSED,NORMAL,5,0.001003365719354174,0.005597652270292027,0.9933989820103537,1
S000142,FIVES,NORMAL,VIT_HANDCRAFTED32_PCA128_PROPOSED,NORMAL,5,0.00021036540207003472,0.002542428722428926,0.997247205875501,1
S000143,FIVES,NORMAL,VIT_HANDCRAFTED32_PCA128_PROPOSED,NORMAL,5,7.44034330888768e-09,8.438668026701137e-09,0.9999999841209887,1
S000157,FIVES,AMD_DRY,VIT_HANDCRAFTED32_PCA128_PROPOSED,AMD_DRY,5,0.5346359804330981,0.46282412411098894,0.0025398954559129818,1
S000165,FIVES,AMD_DRY,VIT_HANDCRAFTED32_PCA128_PROPOSED,AMD_DRY,5,0.9803737804183431,0.016265942108637035,0.0033602774730198846,1
S000166,FIVES,AMD_DRY,VIT_HANDCRAFTED32_PCA128_PROPOSED,AMD_WET,0,0.1414446763526094,0.8444983742674206,0.014056949379970063,0
S000171,FIVES,AMD_WET,VIT_HANDCRAFTED32_PCA128_PROPOSED,AMD_WET,5,0.0028577635039822536,0.9970069103565168,0.0001353261395008728,1
S000175,FIVES,AMD_WET,VIT_HANDCRAFTED32_PCA128_PROPOSED,AMD_WET,5,1.916263967296918e-06,0.9995737256906831,0.00042435804534952796,1
S000181,FIVES,AMD_WET,VIT_HANDCRAFTED32_PCA128_PROPOSED,AMD_WET,5,0.03478865349213223,0.9646010574461107,0.0006102890617571568,1
S000196,FIVES,AMD_WET,VIT_HANDCRAFTED32_PCA128_PROPOSED,AMD_WET,5,5.7558173305921065e-06,0.9988976280786572,0.0010966161040121734,1
S000197,FIVES,AMD_WET,VIT_HANDCRAFTED32_PCA128_PROPOSED,AMD_WET,5,1.2399193501903796e-06,0.9996806450450324,0.0003181150356173794,1
S000198,FIVES,AMD_WET,VIT_HANDCRAFTED32_PCA128_PROPOSED,AMD_WET,5,0.004870060442810348,0.9756670771524835,0.019462862404706245,1
S000199,FIVES,AMD_WET,VIT_HANDCRAFTED32_PCA128_PROPOSED,AMD_WET,5,0.0940205649716481,0.8979327466151986,0.008046688413153376,1
S000209,FIVES,AMD_WET,VIT_HANDCRAFTED32_PCA128_PROPOSED,AMD_WET,5,0.010667271249007758,0.9875323555187976,0.0018003732321948047,1
S000214,FIVES,AMD_WET,VIT_HANDCRAFTED32_PCA128_PROPOSED,AMD_WET,5,0.008449097126013003,0.991315782601854,0.00023512027213290677,1
S000221,FIVES,AMD_WET,VIT_HANDCRAFTED32_PCA128_PROPOSED,AMD_WET,5,0.00042392048982820344,0.9995585087855658,1.7570724605892347e-05,1
S000223,FIVES,AMD_WET,VIT_HANDCRAFTED32_PCA128_PROPOSED,AMD_WET,5,0.14261887730716868,0.6319609849550072,0.22542013773782404,1
S000228,FIVES,AMD_WET,VIT_HANDCRAFTED32_PCA128_PROPOSED,AMD_WET,5,0.0026722876734084243,0.9968748855335698,0.00045282679302160344,1
S000231,FIVES,AMD_WET,VIT_HANDCRAFTED32_PCA128_PROPOSED,AMD_WET,5,0.0076824279520668285,0.9916011033947418,0.0007164686531914348,1
S000240,ODIR,NORMAL,VIT_HANDCRAFTED32_PCA128_PROPOSED,NORMAL,5,3.0040960212417086e-07,1.5098760647815643e-07,0.9999995486027913,1
S000252,ODIR,NORMAL,VIT_HANDCRAFTED32_PCA128_PROPOSED,NORMAL,5,0.003090871885559793,0.0001287270663385193,0.9967804010481016,1
S000255,ODIR,NORMAL,VIT_HANDCRAFTED32_PCA128_PROPOSED,NORMAL,5,0.005090901440427213,0.0017814721233852485,0.9931276264361877,1
S000256,ODIR,NORMAL,VIT_HANDCRAFTED32_PCA128_PROPOSED,NORMAL,5,1.2872970305785715e-06,6.452432599573905e-07,0.9999980674597095,1
S000258,ODIR,NORMAL,VIT_HANDCRAFTED32_PCA128_PROPOSED,NORMAL,5,0.0033716215781631675,0.0009189701678608273,0.9957094082539759,1
S000264,ODIR,NORMAL,VIT_HANDCRAFTED32_PCA128_PROPOSED,NORMAL,5,8.201167473356879e-05,0.00019941465415485715,0.9997185736711115,1
S000265,ODIR,NORMAL,VIT_HANDCRAFTED32_PCA128_PROPOSED,NORMAL,5,0.005102093862905558,0.0010086495670701893,0.9938892565700244,1
S000267,ODIR,NORMAL,VIT_HANDCRAFTED32_PCA128_PROPOSED,NORMAL,5,0.02989852675762089,0.0015864616180029459,0.9685150116243761,1
S000268,ODIR,NORMAL,VIT_HANDCRAFTED32_PCA128_PROPOSED,NORMAL,5,0.023563621062041927,0.001038293320575575,0.9753980856173825,1
S000274,ODIR,NORMAL,VIT_HANDCRAFTED32_PCA128_PROPOSED,NORMAL,5,3.7790591384011277e-07,1.896461108850412e-07,0.9999994324479753,1
S000275,ODIR,NORMAL,VIT_HANDCRAFTED32_PCA128_PROPOSED,NORMAL,5,1.759643420690637e-07,8.91343720773095e-08,0.9999997349012858,1
S000282,ODIR,NORMAL,VIT_HANDCRAFTED32_PCA128_PROPOSED,NORMAL,5,9.399248596908957e-07,4.7304565612724265e-07,0.9999985870294841,1
S000291,ODIR,NORMAL,VIT_HANDCRAFTED32_PCA128_PROPOSED,NORMAL,5,0.13064034646673406,0.0024209268423362276,0.8669387266909296,1
S000298,ODIR,NORMAL,VIT_HANDCRAFTED32_PCA128_PROPOSED,NORMAL,5,0.0003634148638553216,2.0952179930899595e-05,0.9996156329562137,1
S000307,ODIR,NORMAL,VIT_HANDCRAFTED32_PCA128_PROPOSED,NORMAL,5,0.001698432917124867,0.003018485297480583,0.9952830817853945,1
S000317,ODIR,NORMAL,VIT_HANDCRAFTED32_PCA128_PROPOSED,NORMAL,5,2.3749001807861892e-08,1.1927425903526797e-08,0.9999999643235723,1
S000318,ODIR,NORMAL,VIT_HANDCRAFTED32_PCA128_PROPOSED,NORMAL,5,1.8489430514699573e-08,9.279557089062014e-09,0.9999999722310123,1
S000321,ODIR,NORMAL,VIT_HANDCRAFTED32_PCA128_PROPOSED,NORMAL,5,0.022132771474901163,0.05583231562768387,0.9220349128974149,1
S000326,ODIR,NORMAL,VIT_HANDCRAFTED32_PCA128_PROPOSED,NORMAL,5,0.00622103019399182,0.0006439171110466369,0.9931350526949615,1
S000327,ODIR,NORMAL,VIT_HANDCRAFTED32_PCA128_PROPOSED,NORMAL,5,0.04123918707634028,0.0005965680633059705,0.9581642448603537,1
S000329,ODIR,NORMAL,VIT_HANDCRAFTED32_PCA128_PROPOSED,NORMAL,5,0.024889831992648166,0.007600966203330783,0.967509201804021,1
S000333,ODIR,NORMAL,VIT_HANDCRAFTED32_PCA128_PROPOSED,NORMAL,5,0.007542573732349468,0.004756393724460436,0.9877010325431901,1
S000349,ODIR,NORMAL,VIT_HANDCRAFTED32_PCA128_PROPOSED,NORMAL,5,4.7331801389079824e-07,2.367259569775913e-07,0.9999992899560292,1
S000351,ODIR,NORMAL,VIT_HANDCRAFTED32_PCA128_PROPOSED,NORMAL,5,2.6174404603975366e-07,1.3184690356456222e-07,0.9999996064090505,1
S000356,ODIR,NORMAL,VIT_HANDCRAFTED32_PCA128_PROPOSED,NORMAL,5,0.0019014153789606782,0.0009999486824284305,0.9970986359386108,1
S000382,ODIR,AMD_DRY,VIT_HANDCRAFTED32_PCA128_PROPOSED,AMD_DRY,5,0.9425408201675838,0.057454245826025555,4.934006390613018e-06,1
S000387,ODIR,AMD_DRY,VIT_HANDCRAFTED32_PCA128_PROPOSED,AMD_DRY,5,0.9585791450480718,0.04138126358090417,3.959137102405278e-05,1
S000388,ODIR,AMD_DRY,VIT_HANDCRAFTED32_PCA128_PROPOSED,AMD_DRY,5,0.9897262327186643,0.009968463841995574,0.0003053034393400564,1
S000397,ODIR,AMD_DRY,VIT_HANDCRAFTED32_PCA128_PROPOSED,AMD_DRY,5,0.9758100149296777,0.023887507047158408,0.00030247802316391405,1
S000405,ODIR,AMD_DRY,VIT_HANDCRAFTED32_PCA128_PROPOSED,AMD_DRY,5,0.9625644557374844,0.03632432597189325,0.0011112182906222443,1
S000408,ODIR,AMD_DRY,VIT_HANDCRAFTED32_PCA128_PROPOSED,AMD_DRY,5,0.9678970424492471,0.03021481500135297,0.0018881425493998687,1
S000413,ODIR,AMD_DRY,VIT_HANDCRAFTED32_PCA128_PROPOSED,AMD_DRY,5,0.9840689346192727,0.002797662446167533,0.013133402934559776,1
S000414,ODIR,AMD_DRY,VIT_HANDCRAFTED32_PCA128_PROPOSED,AMD_DRY,5,0.9928265990707175,0.005821608309175007,0.0013517926201075784,1
S000415,ODIR,AMD_DRY,VIT_HANDCRAFTED32_PCA128_PROPOSED,AMD_DRY,5,0.9987146216302285,1.4115135564797296e-05,0.00127126323420654,1
S000421,ODIR,AMD_DRY,VIT_HANDCRAFTED32_PCA128_PROPOSED,AMD_DRY,5,0.9945638034247754,0.005124009786566155,0.0003121867886584597,1
S000422,ODIR,AMD_DRY,VIT_HANDCRAFTED32_PCA128_PROPOSED,AMD_DRY,5,0.9988563662297472,0.0007913524676213408,0.0003522813026316274,1
S000429,ODIR,AMD_DRY,VIT_HANDCRAFTED32_PCA128_PROPOSED,AMD_DRY,5,0.986285858827426,0.011807966359470857,0.0019061748131029503,1
S000431,ODIR,AMD_DRY,VIT_HANDCRAFTED32_PCA128_PROPOSED,AMD_DRY,5,0.9955101923278253,0.003817065470583487,0.0006727422015912723,1
S000432,ODIR,AMD_DRY,VIT_HANDCRAFTED32_PCA128_PROPOSED,AMD_DRY,5,0.997817516947614,0.0017558689676464546,0.000426614084739591,1
S000433,ODIR,AMD_DRY,VIT_HANDCRAFTED32_PCA128_PROPOSED,AMD_DRY,5,0.9989324675855151,0.0009564822399942927,0.00011105017449051671,1
S000436,ODIR,AMD_DRY,VIT_HANDCRAFTED32_PCA128_PROPOSED,AMD_DRY,5,0.9983682436492615,0.0007212169979102188,0.0009105393528284907,1
S000437,ODIR,AMD_DRY,VIT_HANDCRAFTED32_PCA128_PROPOSED,AMD_DRY,5,0.6726683016958575,0.009458728672877753,0.3178729696312648,1
S000446,ODIR,AMD_WET,VIT_HANDCRAFTED32_PCA128_PROPOSED,AMD_DRY,0,0.924170630691402,0.0748811197095631,0.0009482495990347665,0
S000450,ODIR,AMD_WET,VIT_HANDCRAFTED32_PCA128_PROPOSED,AMD_DRY,2,0.46859881521158375,0.5301000266464901,0.0013011581419260939,0
S000452,ODIR,AMD_WET,VIT_HANDCRAFTED32_PCA128_PROPOSED,AMD_WET,5,0.14268796197088257,0.8554576686812606,0.0018543693478566933,1
S000454,ODIR,AMD_WET,VIT_HANDCRAFTED32_PCA128_PROPOSED,AMD_WET,5,0.002986190272087062,0.9960655616540277,0.0009482480738852814,1
S000467,ODIR,AMD_WET,VIT_HANDCRAFTED32_PCA128_PROPOSED,AMD_DRY,0,0.8365302140430637,0.1624031836648932,0.0010666022920430005,0
S000477,RFMID,NORMAL,VIT_HANDCRAFTED32_PCA128_PROPOSED,NORMAL,5,0.013211627587501263,0.007324461932927681,0.9794639104795712,1
S000480,RFMID,NORMAL,VIT_HANDCRAFTED32_PCA128_PROPOSED,NORMAL,5,0.00020513543193256936,0.0005589956042000095,0.9992358689638674,1
S000484,RFMID,NORMAL,VIT_HANDCRAFTED32_PCA128_PROPOSED,NORMAL,5,0.00330652788125804,0.013455767152951766,0.9832377049657902,1
S000485,RFMID,NORMAL,VIT_HANDCRAFTED32_PCA128_PROPOSED,NORMAL,5,0.006035311912221329,0.0032205168320456404,0.9907441712557329,1
S000491,RFMID,NORMAL,VIT_HANDCRAFTED32_PCA128_PROPOSED,NORMAL,5,0.007342401695232557,0.02002414705281593,0.9726334512519514,1
S000493,RFMID,NORMAL,VIT_HANDCRAFTED32_PCA128_PROPOSED,NORMAL,5,6.884213323116152e-07,5.680381023386792e-07,0.9999987435405654,1
S000504,RFMID,NORMAL,VIT_HANDCRAFTED32_PCA128_PROPOSED,NORMAL,5,0.00039183116773902903,0.0020934645495951335,0.9975147042826658,1
S000506,RFMID,NORMAL,VIT_HANDCRAFTED32_PCA128_PROPOSED,NORMAL,5,0.0006189858375413639,0.0017484765385668084,0.9976325376238918,1
S000507,RFMID,NORMAL,VIT_HANDCRAFTED32_PCA128_PROPOSED,NORMAL,5,0.0038210284694524476,0.005235839057123225,0.9909431324734245,1
S000515,RFMID,NORMAL,VIT_HANDCRAFTED32_PCA128_PROPOSED,NORMAL,5,0.00012378131485664762,0.0004106577110039553,0.9994655609741393,1
S000522,RFMID,NORMAL,VIT_HANDCRAFTED32_PCA128_PROPOSED,NORMAL,5,0.00045425150869250785,0.004452240130034618,0.9950935083612729,1
S000527,RFMID,NORMAL,VIT_HANDCRAFTED32_PCA128_PROPOSED,NORMAL,5,0.01340775074368406,0.03463959201206589,0.9519526572442502,1
S000529,RFMID,NORMAL,VIT_HANDCRAFTED32_PCA128_PROPOSED,NORMAL,5,3.4180981433890945e-07,3.4543656337847484e-07,0.9999993127536223,1
S000542,RFMID,AMD_DRY,VIT_HANDCRAFTED32_PCA128_PROPOSED,AMD_WET,0,0.1899714140077429,0.804863254616752,0.005165331375505235,0
S000545,RFMID,AMD_WET,VIT_HANDCRAFTED32_PCA128_PROPOSED,AMD_WET,5,0.005619443562067896,0.9941082442603204,0.00027231217761192135,1
S000552,RFMID,AMD_WET,VIT_HANDCRAFTED32_PCA128_PROPOSED,AMD_WET,5,0.003053152364501976,0.9914799033585894,0.005466944276908534,1
S000553,RFMID,AMD_WET,VIT_HANDCRAFTED32_PCA128_PROPOSED,AMD_WET,5,0.024642322239626282,0.9730724772246561,0.002285200535717742,1
S000565,RFMID,AMD_WET,VIT_HANDCRAFTED32_PCA128_PROPOSED,AMD_WET,5,0.001761524085973067,0.9980802682070034,0.00015820770702363812,1
S000576,RFMID,AMD_WET,VIT_HANDCRAFTED32_PCA128_PROPOSED,AMD_WET,5,0.008167925445916949,0.9750320072613567,0.016800067292726453,1
S000578,RFMID,AMD_WET,VIT_HANDCRAFTED32_PCA128_PROPOSED,AMD_WET,5,0.019930055664942624,0.977631956135631,0.0024379881994265897,1
S000580,RFMID,AMD_WET,VIT_HANDCRAFTED32_PCA128_PROPOSED,AMD_WET,5,0.007949004989544314,0.9909142137495277,0.0011367812609280666,1
S000583,RFMID,AMD_WET,VIT_HANDCRAFTED32_PCA128_PROPOSED,AMD_WET,5,0.009422057350195875,0.9903857580030939,0.0001921846467102433,1
S000584,RFMID,AMD_WET,VIT_HANDCRAFTED32_PCA128_PROPOSED,AMD_WET,5,0.001195656653447305,0.9123116524623089,0.08649269088424362,1
S000589,RFMID,AMD_WET,VIT_HANDCRAFTED32_PCA128_PROPOSED,AMD_WET,5,0.02426386717778215,0.9749896430822528,0.0007464897399652072,1
S000591,RFMID,AMD_WET,VIT_HANDCRAFTED32_PCA128_PROPOSED,AMD_WET,5,0.003982008325428936,0.9860929372223609,0.009925054452210147,1
S000005,ADAM,AMD_DRY,VIT_PCA128_MATCHED,NORMAL,0,0.07628740782731783,0.007570084063379129,0.9161425081093032,0
S000006,ADAM,AMD_DRY,VIT_PCA128_MATCHED,AMD_DRY,5,0.7055736573057889,0.2943360807000317,9.02619941793336e-05,1
S000009,ADAM,AMD_DRY,VIT_PCA128_MATCHED,AMD_DRY,5,0.9942002043099825,0.005734265127688277,6.553056232932132e-05,1
S000011,ADAM,AMD_DRY,VIT_PCA128_MATCHED,AMD_DRY,5,0.9509625010565795,0.006571040033210229,0.042466458910210135,1
S000025,ADAM,AMD_DRY,VIT_PCA128_MATCHED,AMD_DRY,5,0.9596566426661248,0.01808122220082304,0.022262135133052228,1
S000027,ADAM,AMD_DRY,VIT_PCA128_MATCHED,AMD_DRY,5,0.9055494974802099,0.00754393012672795,0.08690657239306222,1
S000033,ADAM,AMD_DRY,VIT_PCA128_MATCHED,AMD_DRY,5,0.977327930119279,0.004373640953699421,0.01829842892702156,1
S000037,ADAM,AMD_WET,VIT_PCA128_MATCHED,AMD_WET,5,0.008730131381829227,0.9911094542288481,0.00016041438932263294,1
S000039,ADAM,AMD_WET,VIT_PCA128_MATCHED,AMD_WET,5,0.10450267560160556,0.8908650633088826,0.004632261089511952,1
S000044,ADAM,AMD_WET,VIT_PCA128_MATCHED,AMD_DRY,0,0.91590902151918,0.08300041524381943,0.0010905632370007828,0
S000049,ADAM,AMD_WET,VIT_PCA128_MATCHED,NORMAL,0,0.4148198223603421,0.024130981045143572,0.5610491965945142,0
S000054,FIVES,NORMAL,VIT_PCA128_MATCHED,NORMAL,5,0.0030278874830928443,0.0002867208378092174,0.9966853916790978,1
S000059,FIVES,NORMAL,VIT_PCA128_MATCHED,NORMAL,5,2.5321071480710115e-08,1.528197417012141e-08,0.9999999593969544,1
S000060,FIVES,NORMAL,VIT_PCA128_MATCHED,NORMAL,5,0.0007126480904061626,0.0006433934229852949,0.9986439584866085,1
S000063,FIVES,NORMAL,VIT_PCA128_MATCHED,NORMAL,5,8.010075136821622e-10,4.083523390895884e-10,0.99999999879064,1
S000068,FIVES,NORMAL,VIT_PCA128_MATCHED,NORMAL,5,0.04407188652238299,0.009873442938979262,0.9460546705386378,1
S000069,FIVES,NORMAL,VIT_PCA128_MATCHED,NORMAL,5,6.470768295015026e-10,3.3768526672731597e-10,0.9999999990152378,1
S000091,FIVES,NORMAL,VIT_PCA128_MATCHED,NORMAL,5,2.7789696961629926e-08,2.5810063031778004e-08,0.99999994640024,1
S000092,FIVES,NORMAL,VIT_PCA128_MATCHED,NORMAL,5,4.901541142871439e-08,5.498251294243487e-08,0.9999998960020756,1
S000098,FIVES,NORMAL,VIT_PCA128_MATCHED,NORMAL,5,0.0004878997038604718,0.00023322307204379412,0.9992788772240957,1
S000099,FIVES,NORMAL,VIT_PCA128_MATCHED,NORMAL,5,0.11518988324555575,0.1210208087128664,0.7637893080415777,1
S000102,FIVES,NORMAL,VIT_PCA128_MATCHED,NORMAL,5,2.4240315427038993e-09,1.3759713006127638e-09,0.9999999961999972,1
S000112,FIVES,NORMAL,VIT_PCA128_MATCHED,NORMAL,5,0.002344198215399444,0.01747849024979254,0.980177311534808,1
S000113,FIVES,NORMAL,VIT_PCA128_MATCHED,NORMAL,5,0.004980244581887562,0.005486594810308333,0.9895331606078042,1
S000121,FIVES,NORMAL,VIT_PCA128_MATCHED,NORMAL,5,1.8674336143875995e-07,1.4131772717157088e-07,0.9999996719389113,1
S000134,FIVES,NORMAL,VIT_PCA128_MATCHED,NORMAL,5,3.745644017828266e-08,4.264663991754278e-08,0.9999999198969199,1
S000137,FIVES,NORMAL,VIT_PCA128_MATCHED,NORMAL,5,2.9009722782371534e-08,3.282296614163831e-08,0.9999999381673111,1
S000138,FIVES,NORMAL,VIT_PCA128_MATCHED,NORMAL,5,2.7342666429754897e-07,3.240400302049836e-07,0.9999994025333055,1
S000147,FIVES,NORMAL,VIT_PCA128_MATCHED,NORMAL,5,0.010430411330756614,0.013889653146323839,0.9756799355229194,1
S000150,FIVES,NORMAL,VIT_PCA128_MATCHED,NORMAL,5,2.103590715684007e-08,1.502507321073977e-08,0.9999999639390197,1
S000153,FIVES,AMD_DRY,VIT_PCA128_MATCHED,AMD_DRY,5,0.9830281267809614,0.015435568856302134,0.001536304362736518,1
S000154,FIVES,AMD_DRY,VIT_PCA128_MATCHED,AMD_DRY,5,0.7454282497645144,0.25194134134364626,0.0026304088918394307,1
S000160,FIVES,AMD_DRY,VIT_PCA128_MATCHED,AMD_WET,0,0.1582669545198668,0.8400493375669654,0.0016837079131677576,0
S000167,FIVES,AMD_WET,VIT_PCA128_MATCHED,AMD_WET,5,1.3336411358097282e-06,0.9994282523790927,0.0005704139797714915,1
S000178,FIVES,AMD_WET,VIT_PCA128_MATCHED,AMD_WET,5,0.0006808596440625026,0.9990209072430295,0.00029823311290788493,1
S000180,FIVES,AMD_WET,VIT_PCA128_MATCHED,AMD_WET,5,0.002612506735005026,0.9972704449088585,0.00011704835613639175,1
S000183,FIVES,AMD_WET,VIT_PCA128_MATCHED,AMD_WET,5,2.9589593921301446e-08,0.999934814872627,6.515553777904357e-05,1
S000184,FIVES,AMD_WET,VIT_PCA128_MATCHED,AMD_WET,5,0.00047757344764551654,0.9992627012199072,0.00025972533244708493,1
S000186,FIVES,AMD_WET,VIT_PCA128_MATCHED,AMD_WET,5,0.002225704061307264,0.9973663886927815,0.0004079072459112224,1
S000188,FIVES,AMD_WET,VIT_PCA128_MATCHED,AMD_WET,5,0.3492977313489289,0.6486812644543782,0.0020210041966928012,1
S000205,FIVES,AMD_WET,VIT_PCA128_MATCHED,AMD_WET,5,0.0014739588167870404,0.9961406606383683,0.002385380544844544,1
S000210,FIVES,AMD_WET,VIT_PCA128_MATCHED,AMD_WET,5,0.0821846519246722,0.8810930753716484,0.036722272703679434,1
S000222,FIVES,AMD_WET,VIT_PCA128_MATCHED,AMD_WET,5,2.0336756651087843e-06,0.9993940188814652,0.0006039474428698624,1
S000226,FIVES,AMD_WET,VIT_PCA128_MATCHED,AMD_WET,5,0.0062771227161357804,0.9934631888500981,0.00025968843376617673,1
S000230,FIVES,AMD_WET,VIT_PCA128_MATCHED,AMD_WET,5,0.0006033249073667892,0.9991050390744052,0.0002916360182281371,1
S000233,FIVES,AMD_WET,VIT_PCA128_MATCHED,AMD_WET,5,0.12407018624814767,0.8379012299939129,0.0380285837579394,1
S000238,FIVES,AMD_WET,VIT_PCA128_MATCHED,AMD_WET,5,0.02181351377902081,0.9745365552989831,0.003649930921996068,1
S000241,ODIR,NORMAL,VIT_PCA128_MATCHED,NORMAL,5,0.00495271541575969,0.0006783861099782357,0.9943688984742621,1
S000244,ODIR,NORMAL,VIT_PCA128_MATCHED,NORMAL,5,1.1958959499661638e-06,5.973661609559982e-07,0.9999982067378891,1
S000250,ODIR,NORMAL,VIT_PCA128_MATCHED,NORMAL,5,0.0016824135605671832,8.049952898729191e-05,0.9982370869104455,1
S000259,ODIR,NORMAL,VIT_PCA128_MATCHED,NORMAL,5,0.0004071864742279358,2.893379647468604e-05,0.9995638797292974,1
S000260,ODIR,NORMAL,VIT_PCA128_MATCHED,NORMAL,5,5.3459711943457624e-08,2.6780822987967986e-08,0.9999999197594651,1
S000261,ODIR,NORMAL,VIT_PCA128_MATCHED,NORMAL,5,6.07942019309919e-09,3.0447505850505493e-09,0.9999999908758292,1
S000266,ODIR,NORMAL,VIT_PCA128_MATCHED,NORMAL,5,6.184439145272752e-09,3.118262725881445e-09,0.9999999906972981,1
S000276,ODIR,NORMAL,VIT_PCA128_MATCHED,NORMAL,5,0.0017874486706655327,0.00014140664009757781,0.998071144689237,1
S000284,ODIR,NORMAL,VIT_PCA128_MATCHED,NORMAL,5,0.0021341000395600144,1.0758446738942176e-05,0.9978551415137012,1
S000287,ODIR,NORMAL,VIT_PCA128_MATCHED,NORMAL,5,0.0004727640958705088,0.0001164164406042098,0.9994108194635253,1
S000290,ODIR,NORMAL,VIT_PCA128_MATCHED,NORMAL,5,0.01236757934567581,0.0007600938604487998,0.9868723267938753,1
S000293,ODIR,NORMAL,VIT_PCA128_MATCHED,NORMAL,5,0.002286008101535358,0.00013463489364384324,0.9975793570048207,1
S000295,ODIR,NORMAL,VIT_PCA128_MATCHED,NORMAL,5,0.029016822297811697,0.0005037110825663652,0.9704794666196219,1
S000297,ODIR,NORMAL,VIT_PCA128_MATCHED,NORMAL,5,0.12186002509498788,0.0007335988430358811,0.8774063760619762,1
S000300,ODIR,NORMAL,VIT_PCA128_MATCHED,NORMAL,5,0.1192559346607073,0.019140649234216957,0.8616034161050757,1
S000310,ODIR,NORMAL,VIT_PCA128_MATCHED,NORMAL,5,0.008309481551104414,0.0004677535659522541,0.9912227648829433,1
S000322,ODIR,NORMAL,VIT_PCA128_MATCHED,NORMAL,5,0.0064915375544661825,0.001612408578621711,0.991896053866912,1
S000340,ODIR,NORMAL,VIT_PCA128_MATCHED,NORMAL,5,1.667184042692523e-07,8.341613651586882e-08,0.9999997498654591,1
S000344,ODIR,NORMAL,VIT_PCA128_MATCHED,NORMAL,5,8.97195963067719e-08,4.488024873182261e-08,0.999999865400155,1
S000345,ODIR,NORMAL,VIT_PCA128_MATCHED,NORMAL,5,3.2108427829648135e-07,1.6164560646687513e-07,0.9999995172701152,1
S000347,ODIR,NORMAL,VIT_PCA128_MATCHED,NORMAL,5,0.008425973718964485,0.0007298920603791109,0.9908441342206563,1
S000350,ODIR,NORMAL,VIT_PCA128_MATCHED,NORMAL,5,4.409973141052126e-08,2.2043282841048115e-08,0.9999999338569857,1
S000352,ODIR,NORMAL,VIT_PCA128_MATCHED,NORMAL,5,0.4093325764342045,0.03606164369006887,0.5546057798757268,1
S000359,ODIR,NORMAL,VIT_PCA128_MATCHED,NORMAL,5,0.002034668516433581,0.0001401819300452718,0.9978251495535211,1
S000361,ODIR,NORMAL,VIT_PCA128_MATCHED,NORMAL,5,0.030779543819630183,0.0012235129194297565,0.9679969432609401,1
S000366,ODIR,AMD_DRY,VIT_PCA128_MATCHED,AMD_DRY,5,0.8735868198344239,0.008691608333531359,0.11772157183204475,1
S000368,ODIR,AMD_DRY,VIT_PCA128_MATCHED,AMD_DRY,5,0.94651523749773,0.0032720777828943665,0.0502126847193755,1
S000369,ODIR,AMD_DRY,VIT_PCA128_MATCHED,AMD_DRY,5,0.9728653166957748,0.004566361224562207,0.022568322079662986,1
S000370,ODIR,AMD_DRY,VIT_PCA128_MATCHED,AMD_DRY,5,0.9659099216109517,0.016405634462989736,0.017684443926058585,1
S000374,ODIR,AMD_DRY,VIT_PCA128_MATCHED,AMD_DRY,5,0.9993609171792481,0.0005403666686893918,9.871615206248699e-05,1
S000377,ODIR,AMD_DRY,VIT_PCA128_MATCHED,AMD_DRY,5,0.986942385781591,0.008390186073200346,0.004667428145208565,1
S000378,ODIR,AMD_DRY,VIT_PCA128_MATCHED,AMD_DRY,5,0.8754108306481466,0.01997182677407744,0.1046173425777756,1
S000379,ODIR,AMD_DRY,VIT_PCA128_MATCHED,AMD_DRY,5,0.9874352338223591,0.006861297016448846,0.0057034691611920554,1
S000380,ODIR,AMD_DRY,VIT_PCA128_MATCHED,AMD_DRY,5,0.7744985358655165,0.22035617700529295,0.005145287129190603,1
S000383,ODIR,AMD_DRY,VIT_PCA128_MATCHED,AMD_DRY,5,0.9107522730865838,0.06472886727726027,0.02451885963615597,1
S000390,ODIR,AMD_DRY,VIT_PCA128_MATCHED,AMD_DRY,5,0.993409457925351,0.005625112631820054,0.0009654294428290015,1
S000402,ODIR,AMD_DRY,VIT_PCA128_MATCHED,AMD_DRY,5,0.9953826336761085,0.0022615026694106383,0.002355863654481128,1
S000416,ODIR,AMD_DRY,VIT_PCA128_MATCHED,AMD_DRY,5,0.791959947268424,0.014848052760021985,0.19319199997155415,1
S000439,ODIR,AMD_DRY,VIT_PCA128_MATCHED,AMD_DRY,5,0.9781724624360688,0.020144703970841768,0.0016828335930894722,1
S000441,ODIR,AMD_DRY,VIT_PCA128_MATCHED,AMD_DRY,5,0.9581782499057402,0.010258602112620443,0.031563147981639325,1
S000444,ODIR,AMD_DRY,VIT_PCA128_MATCHED,NORMAL,0,0.07597517833465711,0.002210922825540173,0.9218138988398026,0
S000447,ODIR,AMD_WET,VIT_PCA128_MATCHED,AMD_WET,5,0.013455717418538798,0.9843847560583097,0.0021595265231514334,1
S000455,ODIR,AMD_WET,VIT_PCA128_MATCHED,AMD_WET,5,0.0954530386198399,0.9030869271656945,0.0014600342144655341,1
S000459,ODIR,AMD_WET,VIT_PCA128_MATCHED,AMD_WET,5,0.22585581165846996,0.7733747500309318,0.0007694383105984246,1
S000460,ODIR,AMD_WET,VIT_PCA128_MATCHED,AMD_DRY,0,0.9173764798391331,0.006518602471374415,0.07610491768949279,0
S000465,ODIR,AMD_WET,VIT_PCA128_MATCHED,AMD_WET,5,0.07216424375811128,0.879102910744648,0.0487328454972407,1
S000472,ODIR,AMD_WET,VIT_PCA128_MATCHED,AMD_DRY,0,0.9887272636137558,0.006246758809834779,0.00502597757640944,0
S000478,RFMID,NORMAL,VIT_PCA128_MATCHED,NORMAL,5,1.4844991056395702e-08,7.863512182027807e-09,0.9999999772914968,1
S000481,RFMID,NORMAL,VIT_PCA128_MATCHED,NORMAL,5,2.2015295456959512e-08,1.6312122532621074e-08,0.999999961672582,1
S000490,RFMID,NORMAL,VIT_PCA128_MATCHED,NORMAL,5,0.0025399368950866407,0.0014774086427968493,0.9959826544621165,1
S000494,RFMID,NORMAL,VIT_PCA128_MATCHED,NORMAL,5,0.013237957273685753,0.019442494347704065,0.9673195483786102,1
S000498,RFMID,NORMAL,VIT_PCA128_MATCHED,NORMAL,5,0.014086846031626184,0.029771571357062876,0.9561415826113109,1
S000502,RFMID,NORMAL,VIT_PCA128_MATCHED,NORMAL,5,0.0020286850917398745,0.0016522274305391497,0.9963190874777211,1
S000508,RFMID,NORMAL,VIT_PCA128_MATCHED,NORMAL,5,0.0003523751473852761,0.0035367794675892038,0.9961108453850255,1
S000509,RFMID,NORMAL,VIT_PCA128_MATCHED,NORMAL,5,3.583866860738105e-07,2.58243932672622e-07,0.9999993833693812,1
S000510,RFMID,NORMAL,VIT_PCA128_MATCHED,NORMAL,5,0.002820552444444028,0.004980087144147962,0.992199360411408,1
S000516,RFMID,NORMAL,VIT_PCA128_MATCHED,NORMAL,5,0.0037613000033866993,0.009654644261529947,0.9865840557350832,1
S000517,RFMID,NORMAL,VIT_PCA128_MATCHED,NORMAL,5,3.8362253470208096e-07,3.9903853911992753e-07,0.999999217338926,1
S000518,RFMID,NORMAL,VIT_PCA128_MATCHED,NORMAL,5,1.0829891952473848e-06,8.400930651147127e-07,0.9999980769177397,1
S000523,RFMID,NORMAL,VIT_PCA128_MATCHED,NORMAL,5,2.8987472400792206e-09,1.9707599726822663e-09,0.9999999951304929,1
S000537,RFMID,AMD_DRY,VIT_PCA128_MATCHED,AMD_DRY,5,0.7685650498064238,0.2307574339866262,0.0006775162069499801,1
S000555,RFMID,AMD_WET,VIT_PCA128_MATCHED,AMD_WET,5,0.02568124367296879,0.8367002174670268,0.13761853886000414,1
S000557,RFMID,AMD_WET,VIT_PCA128_MATCHED,AMD_WET,5,0.0018062478788476166,0.9918029449822731,0.006390807138879373,1
S000559,RFMID,AMD_WET,VIT_PCA128_MATCHED,AMD_WET,5,0.0011067961262718443,0.9971280430727886,0.0017651608009395553,1
S000568,RFMID,AMD_WET,VIT_PCA128_MATCHED,AMD_WET,5,0.001965745542150141,0.951922231269409,0.04611202318844096,1
S000571,RFMID,AMD_WET,VIT_PCA128_MATCHED,AMD_WET,5,0.009584609227176227,0.9900532927419858,0.00036209803083785293,1
S000572,RFMID,AMD_WET,VIT_PCA128_MATCHED,AMD_WET,5,0.0012624427186218078,0.9986434876048087,9.406967656965303e-05,1
S000573,RFMID,AMD_WET,VIT_PCA128_MATCHED,AMD_WET,5,0.09620945682121548,0.903694915036555,9.562814222965033e-05,1
S000586,RFMID,AMD_WET,VIT_PCA128_MATCHED,AMD_WET,5,0.09887288092144728,0.9004871842448473,0.0006399348337054442,1
S000587,RFMID,AMD_WET,VIT_PCA128_MATCHED,AMD_WET,5,0.0004922974260956366,0.9964711342240109,0.003036568349893475,1
S000594,RFMID,AMD_WET,VIT_PCA128_MATCHED,AMD_WET,5,0.0009662211293254176,0.9955783869822664,0.0034553918884082636,1
S000595,RFMID,AMD_WET,VIT_PCA128_MATCHED,AMD_WET,5,0.016979851727401067,0.9703835103642067,0.012636637908392293,1
S000005,ADAM,AMD_DRY,VIT_RANDOM32_PCA128,NORMAL,0,0.07758257649522234,0.006924006748988859,0.9154934167557887,0
S000006,ADAM,AMD_DRY,VIT_RANDOM32_PCA128,AMD_DRY,4,0.7156907950770075,0.2842158395386116,9.336538438094419e-05,1
S000009,ADAM,AMD_DRY,VIT_RANDOM32_PCA128,AMD_DRY,5,0.995081333704362,0.004873232919019887,4.543337661807506e-05,1
S000011,ADAM,AMD_DRY,VIT_RANDOM32_PCA128,AMD_DRY,5,0.9579744484575867,0.005924039900654017,0.03610151164175919,1
S000025,ADAM,AMD_DRY,VIT_RANDOM32_PCA128,AMD_DRY,5,0.9477502860137561,0.018207786864886857,0.03404192712135696,1
S000027,ADAM,AMD_DRY,VIT_RANDOM32_PCA128,AMD_DRY,5,0.8978389752241679,0.008245261784180589,0.09391576299165164,1
S000033,ADAM,AMD_DRY,VIT_RANDOM32_PCA128,AMD_DRY,5,0.982642101867277,0.003284167552680391,0.014073730580042573,1
S000037,ADAM,AMD_WET,VIT_RANDOM32_PCA128,AMD_WET,5,0.008312512762870433,0.9915306511088321,0.00015683612829746587,1
S000039,ADAM,AMD_WET,VIT_RANDOM32_PCA128,AMD_WET,5,0.10719323718473209,0.8888824967824075,0.003924266032860462,1
S000044,ADAM,AMD_WET,VIT_RANDOM32_PCA128,AMD_DRY,0,0.9292263915553324,0.06984644364402673,0.0009271648006408088,0
S000049,ADAM,AMD_WET,VIT_RANDOM32_PCA128,NORMAL,0,0.37253311120274474,0.02188783096061427,0.6055790578366409,0
S000054,FIVES,NORMAL,VIT_RANDOM32_PCA128,NORMAL,5,0.000667357527541326,8.796597688590831e-05,0.9992446764955727,1
S000059,FIVES,NORMAL,VIT_RANDOM32_PCA128,NORMAL,5,2.5473323130580763e-08,1.4403747908311572e-08,0.9999999601229289,1
S000060,FIVES,NORMAL,VIT_RANDOM32_PCA128,NORMAL,5,0.0001436264521041745,0.0006021124516672826,0.9992542610962285,1
S000063,FIVES,NORMAL,VIT_RANDOM32_PCA128,NORMAL,5,2.3656401545604324e-10,1.205188413472861e-10,0.9999999996429171,1
S000068,FIVES,NORMAL,VIT_RANDOM32_PCA128,NORMAL,5,0.03213584869925416,0.007822447722751709,0.9600417035779941,1
S000069,FIVES,NORMAL,VIT_RANDOM32_PCA128,NORMAL,5,4.6522398367454335e-10,2.4461162281243107e-10,0.9999999992901645,1
S000091,FIVES,NORMAL,VIT_RANDOM32_PCA128,NORMAL,5,4.2098885869844e-08,3.7658773193335115e-08,0.9999999202423411,1
S000092,FIVES,NORMAL,VIT_RANDOM32_PCA128,NORMAL,5,1.7549811585121163e-08,1.9209613383062733e-08,0.9999999632405749,1
S000098,FIVES,NORMAL,VIT_RANDOM32_PCA128,NORMAL,5,0.00031063027918583564,0.00021551889157027534,0.9994738508292439,1
S000099,FIVES,NORMAL,VIT_RANDOM32_PCA128,NORMAL,5,0.10192549816859484,0.1237305532426443,0.7743439485887609,1
S000102,FIVES,NORMAL,VIT_RANDOM32_PCA128,NORMAL,5,9.891288224729818e-10,5.72310633382039e-10,0.9999999984385607,1
S000112,FIVES,NORMAL,VIT_RANDOM32_PCA128,NORMAL,5,0.0020047736554077585,0.017791858357829416,0.9802033679867629,1
S000113,FIVES,NORMAL,VIT_RANDOM32_PCA128,NORMAL,5,0.0045386317019521765,0.005527330860345238,0.9899340374377028,1
S000121,FIVES,NORMAL,VIT_RANDOM32_PCA128,NORMAL,5,8.851751570572081e-08,5.948551073085056e-08,0.9999998519969736,1
S000134,FIVES,NORMAL,VIT_RANDOM32_PCA128,NORMAL,5,2.6649436622621407e-08,2.9808244549087754e-08,0.9999999435423188,1
S000137,FIVES,NORMAL,VIT_RANDOM32_PCA128,NORMAL,5,2.122703407532183e-08,2.341310259720011e-08,0.9999999553598633,1
S000138,FIVES,NORMAL,VIT_RANDOM32_PCA128,NORMAL,5,2.873246181698857e-07,3.369187675050329e-07,0.9999993757566144,1
S000147,FIVES,NORMAL,VIT_RANDOM32_PCA128,NORMAL,5,0.00833578829812241,0.013210846634110648,0.9784533650677669,1
S000150,FIVES,NORMAL,VIT_RANDOM32_PCA128,NORMAL,5,3.854582667455287e-09,2.823403519084664e-09,0.9999999933220138,1
S000153,FIVES,AMD_DRY,VIT_RANDOM32_PCA128,AMD_DRY,5,0.9798964865073657,0.018821653658159496,0.0012818598344747224,1
S000154,FIVES,AMD_DRY,VIT_RANDOM32_PCA128,AMD_DRY,5,0.7539411619303485,0.24410741457684795,0.0019514234928035587,1
S000160,FIVES,AMD_DRY,VIT_RANDOM32_PCA128,AMD_WET,0,0.1653218431911932,0.8332073542289937,0.001470802579812957,0
S000167,FIVES,AMD_WET,VIT_RANDOM32_PCA128,AMD_WET,5,1.5922641639028447e-06,0.9993651357595725,0.0006332719762636669,1
S000178,FIVES,AMD_WET,VIT_RANDOM32_PCA128,AMD_WET,5,0.0007350231992659479,0.9989510181735308,0.000313958627203187,1
S000180,FIVES,AMD_WET,VIT_RANDOM32_PCA128,AMD_WET,5,0.0015935907310388599,0.9983233811812398,8.302808772145174e-05,1
S000183,FIVES,AMD_WET,VIT_RANDOM32_PCA128,AMD_WET,5,3.260031574072153e-08,0.9999279660270923,7.200137259187377e-05,1
S000184,FIVES,AMD_WET,VIT_RANDOM32_PCA128,AMD_WET,5,0.00048565288241640665,0.999258270159558,0.00025607695802561245,1
S000186,FIVES,AMD_WET,VIT_RANDOM32_PCA128,AMD_WET,5,0.0023338471284438636,0.9972024825532142,0.00046367031834197877,1
S000188,FIVES,AMD_WET,VIT_RANDOM32_PCA128,AMD_WET,5,0.373936984896185,0.6243482045419031,0.0017148105619120176,1
S000205,FIVES,AMD_WET,VIT_RANDOM32_PCA128,AMD_WET,5,0.0011164892850899502,0.9968175232010485,0.0020659875138615037,1
S000210,FIVES,AMD_WET,VIT_RANDOM32_PCA128,AMD_WET,5,0.08952128076100183,0.8703130362313694,0.040165683007628954,1
S000222,FIVES,AMD_WET,VIT_RANDOM32_PCA128,AMD_WET,5,1.2793347651891776e-06,0.9994867652721048,0.0005119553931299449,1
S000226,FIVES,AMD_WET,VIT_RANDOM32_PCA128,AMD_WET,5,0.006233838403623307,0.9935118231654911,0.00025433843088561745,1
S000230,FIVES,AMD_WET,VIT_RANDOM32_PCA128,AMD_WET,5,0.00042360791356177457,0.9993148838067059,0.00026150827973235407,1
S000233,FIVES,AMD_WET,VIT_RANDOM32_PCA128,AMD_WET,5,0.12764966543212178,0.8294061641548687,0.042944170413009464,1
S000238,FIVES,AMD_WET,VIT_RANDOM32_PCA128,AMD_WET,5,0.015946368072468076,0.9814568356040967,0.002596796323435221,1
S000241,ODIR,NORMAL,VIT_RANDOM32_PCA128,NORMAL,5,0.0034434200013804496,0.0005471431304806269,0.9960094368681389,1
S000244,ODIR,NORMAL,VIT_RANDOM32_PCA128,NORMAL,5,0.00044195783231950486,1.9034446150648944e-06,0.9995561387230655,1
S000250,ODIR,NORMAL,VIT_RANDOM32_PCA128,NORMAL,5,0.0007955288773112814,6.352396975175673e-05,0.9991409471529369,1
S000259,ODIR,NORMAL,VIT_RANDOM32_PCA128,NORMAL,5,1.5771223493136247e-06,7.874429097465037e-07,0.9999976354347409,1
S000260,ODIR,NORMAL,VIT_RANDOM32_PCA128,NORMAL,5,3.132538953031648e-08,1.5694649513965338e-08,0.9999999529799609,1
S000261,ODIR,NORMAL,VIT_RANDOM32_PCA128,NORMAL,5,2.923748580862421e-09,1.4647027323461494e-09,0.9999999956115486,1
S000266,ODIR,NORMAL,VIT_RANDOM32_PCA128,NORMAL,5,5.088375291097934e-09,2.5631400491039664e-09,0.9999999923484847,1
S000276,ODIR,NORMAL,VIT_RANDOM32_PCA128,NORMAL,5,0.0013120609211139007,0.00011410459654932202,0.9985738344823367,1
S000284,ODIR,NORMAL,VIT_RANDOM32_PCA128,NORMAL,5,0.0015223228390051648,1.0949378241173465e-05,0.9984667277827537,1
S000287,ODIR,NORMAL,VIT_RANDOM32_PCA128,NORMAL,5,0.0006344637031760875,4.296458110675887e-05,0.9993225717157171,1
S000290,ODIR,NORMAL,VIT_RANDOM32_PCA128,NORMAL,5,0.010534578677420966,0.0008089983475282542,0.9886564229750509,1
S000293,ODIR,NORMAL,VIT_RANDOM32_PCA128,NORMAL,5,0.0023745356912537904,0.00011771421193335625,0.9975077500968128,1
S000295,ODIR,NORMAL,VIT_RANDOM32_PCA128,NORMAL,5,0.024518306495277826,0.00039364194052402067,0.9750880515641981,1
S000297,ODIR,NORMAL,VIT_RANDOM32_PCA128,NORMAL,5,0.09008367316302672,0.0006601322131688885,0.9092561946238045,1
S000300,ODIR,NORMAL,VIT_RANDOM32_PCA128,NORMAL,5,0.1083862157737107,0.01669616308676336,0.8749176211395259,1
S000310,ODIR,NORMAL,VIT_RANDOM32_PCA128,NORMAL,5,0.01215225534245512,0.0006279454579708721,0.9872197991995739,1
S000322,ODIR,NORMAL,VIT_RANDOM32_PCA128,NORMAL,5,0.005629218851387487,0.0016642360459914885,0.9927065451026211,1
S000340,ODIR,NORMAL,VIT_RANDOM32_PCA128,NORMAL,5,3.771680237840053e-07,1.8857435638273557e-07,0.9999994342576197,1
S000344,ODIR,NORMAL,VIT_RANDOM32_PCA128,NORMAL,5,4.087938147389742e-08,2.045922828663662e-08,0.9999999386613903,1
S000345,ODIR,NORMAL,VIT_RANDOM32_PCA128,NORMAL,5,1.7912410826080116e-07,9.031261903356104e-08,0.9999997305632726,1
S000347,ODIR,NORMAL,VIT_RANDOM32_PCA128,NORMAL,5,0.006485837424599271,0.0008483454818402275,0.9926658170935605,1
S000350,ODIR,NORMAL,VIT_RANDOM32_PCA128,NORMAL,5,5.406263133764095e-08,2.7027837925822228e-08,0.9999999189095308,1
S000352,ODIR,NORMAL,VIT_RANDOM32_PCA128,NORMAL,3,0.3871710417367984,0.04022739019280612,0.5726015680703955,1
S000359,ODIR,NORMAL,VIT_RANDOM32_PCA128,NORMAL,5,0.0012931995001651407,0.00015471085501642738,0.9985520896448185,1
S000361,ODIR,NORMAL,VIT_RANDOM32_PCA128,NORMAL,5,0.024073403931669256,0.0011558490648257986,0.974770747003505,1
S000366,ODIR,AMD_DRY,VIT_RANDOM32_PCA128,AMD_DRY,5,0.8443187921191615,0.00920942416735224,0.1464717837134861,1
S000368,ODIR,AMD_DRY,VIT_RANDOM32_PCA128,AMD_DRY,5,0.9510442820067766,0.002649621979760672,0.04630609601346263,1
S000369,ODIR,AMD_DRY,VIT_RANDOM32_PCA128,AMD_DRY,5,0.9623193190875197,0.0055662018801483065,0.0321144790323321,1
S000370,ODIR,AMD_DRY,VIT_RANDOM32_PCA128,AMD_DRY,5,0.9643451786578741,0.018214136425367494,0.017440684916758438,1
S000374,ODIR,AMD_DRY,VIT_RANDOM32_PCA128,AMD_DRY,5,0.9995916458853668,0.00032185611858027356,8.649799605297828e-05,1
S000377,ODIR,AMD_DRY,VIT_RANDOM32_PCA128,AMD_DRY,5,0.9861869694994384,0.008729731082481254,0.0050832994180803,1
S000378,ODIR,AMD_DRY,VIT_RANDOM32_PCA128,AMD_DRY,5,0.8484543107517812,0.024560573677644026,0.12698511557057485,1
S000379,ODIR,AMD_DRY,VIT_RANDOM32_PCA128,AMD_DRY,5,0.9864355720395835,0.007260846696980593,0.006303581263435965,1
S000380,ODIR,AMD_DRY,VIT_RANDOM32_PCA128,AMD_DRY,5,0.7943878018124446,0.20175006440646648,0.003862133781088917,1
S000383,ODIR,AMD_DRY,VIT_RANDOM32_PCA128,AMD_DRY,5,0.907130926362837,0.06720889826845154,0.025660175368711357,1
S000390,ODIR,AMD_DRY,VIT_RANDOM32_PCA128,AMD_DRY,5,0.9946553120062699,0.004607131363172794,0.000737556630557144,1
S000402,ODIR,AMD_DRY,VIT_RANDOM32_PCA128,AMD_DRY,5,0.9962324523868951,0.0018234575962486719,0.0019440900168562303,1
S000416,ODIR,AMD_DRY,VIT_RANDOM32_PCA128,AMD_DRY,5,0.8023970395240643,0.01504790556903259,0.18255505490690319,1
S000439,ODIR,AMD_DRY,VIT_RANDOM32_PCA128,AMD_DRY,5,0.9833955890991494,0.015226358220065888,0.0013780526807848944,1
S000441,ODIR,AMD_DRY,VIT_RANDOM32_PCA128,AMD_DRY,5,0.9661284365545477,0.007991836200692062,0.025879727244760238,1
S000444,ODIR,AMD_DRY,VIT_RANDOM32_PCA128,NORMAL,0,0.05527728723072691,0.00190556539625058,0.9428171473730224,0
S000447,ODIR,AMD_WET,VIT_RANDOM32_PCA128,AMD_WET,5,0.014873730161093068,0.9832042931223997,0.0019219767165071905,1
S000455,ODIR,AMD_WET,VIT_RANDOM32_PCA128,AMD_WET,5,0.08885559537074421,0.9098212817461716,0.0013231228830843107,1
S000459,ODIR,AMD_WET,VIT_RANDOM32_PCA128,AMD_WET,5,0.22522575360391847,0.7741728685849493,0.0006013778111322605,1
S000460,ODIR,AMD_WET,VIT_RANDOM32_PCA128,AMD_DRY,0,0.9003822846932626,0.007332360339148672,0.09228535496758855,0
S000465,ODIR,AMD_WET,VIT_RANDOM32_PCA128,AMD_WET,5,0.07242961828589115,0.879409556061935,0.04816082565217376,1
S000472,ODIR,AMD_WET,VIT_RANDOM32_PCA128,AMD_DRY,0,0.9912743635197516,0.0050003242135449235,0.003725312266703293,0
S000478,RFMID,NORMAL,VIT_RANDOM32_PCA128,NORMAL,5,5.79736914098885e-09,3.078272509299911e-09,0.9999999911243582,1
S000481,RFMID,NORMAL,VIT_RANDOM32_PCA128,NORMAL,5,3.5630060530524794e-08,2.5331190449806707e-08,0.9999999390387491,1
S000490,RFMID,NORMAL,VIT_RANDOM32_PCA128,NORMAL,5,0.0019481442103204745,0.0014380150972580826,0.9966138406924214,1
S000494,RFMID,NORMAL,VIT_RANDOM32_PCA128,NORMAL,5,0.012702160616871027,0.021569683418036424,0.9657281559650924,1
S000498,RFMID,NORMAL,VIT_RANDOM32_PCA128,NORMAL,5,0.013343105603745182,0.029295805343352167,0.9573610890529027,1
S000502,RFMID,NORMAL,VIT_RANDOM32_PCA128,NORMAL,5,0.0008008026574991957,0.0005735624663861628,0.9986256348761147,1
S000508,RFMID,NORMAL,VIT_RANDOM32_PCA128,NORMAL,5,0.00032715835914674677,0.0039285589914845615,0.9957442826493687,1
S000509,RFMID,NORMAL,VIT_RANDOM32_PCA128,NORMAL,5,2.0447775838866105e-07,1.4003316832221532e-07,0.9999996554890733,1
S000510,RFMID,NORMAL,VIT_RANDOM32_PCA128,NORMAL,5,0.002152684666223755,0.005243193453785334,0.9926041218799909,1
S000516,RFMID,NORMAL,VIT_RANDOM32_PCA128,NORMAL,5,0.0032495636574445723,0.010159583129991823,0.9865908532125637,1
S000517,RFMID,NORMAL,VIT_RANDOM32_PCA128,NORMAL,5,4.3205314444083346e-07,4.400591867076351e-07,0.9999991278876689,1
S000518,RFMID,NORMAL,VIT_RANDOM32_PCA128,NORMAL,5,4.3948751046856787e-07,3.4635591702570337e-07,0.9999992141565726,1
S000523,RFMID,NORMAL,VIT_RANDOM32_PCA128,NORMAL,5,3.5991296079029308e-09,2.401211906023689e-09,0.9999999939996584,1
S000537,RFMID,AMD_DRY,VIT_RANDOM32_PCA128,AMD_DRY,5,0.7394836488096318,0.2599306725602891,0.0005856786300791412,1
S000555,RFMID,AMD_WET,VIT_RANDOM32_PCA128,AMD_WET,5,0.02343474977857548,0.844673180608406,0.1318920696130186,1
S000557,RFMID,AMD_WET,VIT_RANDOM32_PCA128,AMD_WET,5,0.0016997936204859766,0.9914710313181725,0.006829175061341407,1
S000559,RFMID,AMD_WET,VIT_RANDOM32_PCA128,AMD_WET,5,0.0010685589327282898,0.9968709572168137,0.0020604838504580487,1
S000568,RFMID,AMD_WET,VIT_RANDOM32_PCA128,AMD_WET,5,0.001691964843514008,0.9475619142164968,0.0507461209399892,1
S000571,RFMID,AMD_WET,VIT_RANDOM32_PCA128,AMD_WET,5,0.010225509506410088,0.9894392288960848,0.00033526159750508924,1
S000572,RFMID,AMD_WET,VIT_RANDOM32_PCA128,AMD_WET,5,0.0006759333029986552,0.9992428704620371,8.119623496413817e-05,1
S000573,RFMID,AMD_WET,VIT_RANDOM32_PCA128,AMD_WET,5,0.09919473749029481,0.9006925150008364,0.00011274750886878515,1
S000586,RFMID,AMD_WET,VIT_RANDOM32_PCA128,AMD_WET,5,0.08762698800823167,0.9118393264618417,0.0005336855299267147,1
S000587,RFMID,AMD_WET,VIT_RANDOM32_PCA128,AMD_WET,5,0.0007910753460978519,0.9953408005335618,0.0038681241203402813,1
S000594,RFMID,AMD_WET,VIT_RANDOM32_PCA128,AMD_WET,5,0.000436765158731037,0.9970433772253084,0.002519857615960613,1
S000595,RFMID,AMD_WET,VIT_RANDOM32_PCA128,AMD_WET,5,0.018564051974176453,0.9671404824998199,0.01429546552600362,1
S000005,ADAM,AMD_DRY,VIT_GENERIC32_PCA128,NORMAL,0,0.13541326225360378,0.011840413770915817,0.8527463239754803,0
S000006,ADAM,AMD_DRY,VIT_GENERIC32_PCA128,AMD_DRY,5,0.712816370098794,0.28711515930096054,6.847060024548653e-05,1
S000009,ADAM,AMD_DRY,VIT_GENERIC32_PCA128,AMD_DRY,5,0.9944334439630292,0.005496142374537926,7.041366243271837e-05,1
S000011,ADAM,AMD_DRY,VIT_GENERIC32_PCA128,AMD_DRY,5,0.9721000925699335,0.005246466954897007,0.022653440475169408,1
S000025,ADAM,AMD_DRY,VIT_GENERIC32_PCA128,AMD_DRY,5,0.9524907282059696,0.030950084574392578,0.016559187219637842,1
S000027,ADAM,AMD_DRY,VIT_GENERIC32_PCA128,AMD_DRY,5,0.882323753693157,0.015259050898137921,0.1024171954087052,1
S000033,ADAM,AMD_DRY,VIT_GENERIC32_PCA128,AMD_DRY,5,0.9883156789434275,0.0040160848901453685,0.007668236166427052,1
S000037,ADAM,AMD_WET,VIT_GENERIC32_PCA128,AMD_WET,5,0.00724697382870389,0.9926527292646711,0.00010029690662489861,1
S000039,ADAM,AMD_WET,VIT_GENERIC32_PCA128,AMD_WET,5,0.11175722398940013,0.8843218478156943,0.003920928194905526,1
S000044,ADAM,AMD_WET,VIT_GENERIC32_PCA128,AMD_DRY,0,0.9176346579474866,0.08143672970062482,0.0009286123518886718,0
S000049,ADAM,AMD_WET,VIT_GENERIC32_PCA128,AMD_DRY,0,0.5847415250002712,0.03489415547598166,0.38036431952374705,0
S000054,FIVES,NORMAL,VIT_GENERIC32_PCA128,NORMAL,5,0.007768496933214591,0.0005943290422030327,0.9916371740245824,1
S000059,FIVES,NORMAL,VIT_GENERIC32_PCA128,NORMAL,5,5.072881953845632e-08,3.205745965418072e-08,0.9999999172137208,1
S000060,FIVES,NORMAL,VIT_GENERIC32_PCA128,NORMAL,5,0.0018765309209568214,0.000962441420196896,0.9971610276588463,1
S000063,FIVES,NORMAL,VIT_GENERIC32_PCA128,NORMAL,5,1.2597427665407912e-09,6.491471993113626e-10,0.9999999980911101,1
S000068,FIVES,NORMAL,VIT_GENERIC32_PCA128,NORMAL,5,0.02983271870680889,0.00807636657331641,0.9620909147198746,1
S000069,FIVES,NORMAL,VIT_GENERIC32_PCA128,NORMAL,5,7.106224602878963e-10,3.734565861438273e-10,0.9999999989159211,1
S000091,FIVES,NORMAL,VIT_GENERIC32_PCA128,NORMAL,5,3.568410899585883e-08,3.521780314734444e-08,0.9999999290980879,1
S000092,FIVES,NORMAL,VIT_GENERIC32_PCA128,NORMAL,5,2.554602547014469e-08,2.8422804773802687e-08,0.9999999460311699,1
S000098,FIVES,NORMAL,VIT_GENERIC32_PCA128,NORMAL,5,0.0009473649376597459,0.0003650713478013737,0.9986875637145388,1
S000099,FIVES,NORMAL,VIT_GENERIC32_PCA128,NORMAL,5,0.10833807705120686,0.09293834255434315,0.7987235803944499,1
S000102,FIVES,NORMAL,VIT_GENERIC32_PCA128,NORMAL,5,2.788301107729227e-09,1.6887341886721961e-09,0.9999999955229647,1
S000112,FIVES,NORMAL,VIT_GENERIC32_PCA128,NORMAL,5,0.0012735886849599008,0.01559822519354348,0.9831281861214967,1
S000113,FIVES,NORMAL,VIT_GENERIC32_PCA128,NORMAL,5,0.003062291500278776,0.004465619144189752,0.9924720893555316,1
S000121,FIVES,NORMAL,VIT_GENERIC32_PCA128,NORMAL,5,6.152990316245755e-08,4.7913430655168654e-08,0.9999998905566662,1
S000134,FIVES,NORMAL,VIT_GENERIC32_PCA128,NORMAL,5,3.3893329631071535e-08,3.91556532235995e-08,0.9999999269510171,1
S000137,FIVES,NORMAL,VIT_GENERIC32_PCA128,NORMAL,5,3.708910981982196e-08,4.263529514723636e-08,0.9999999202755949,1
S000138,FIVES,NORMAL,VIT_GENERIC32_PCA128,NORMAL,5,1.5138492352225665e-07,1.7936805640168763e-07,0.9999996692470201,1
S000147,FIVES,NORMAL,VIT_GENERIC32_PCA128,NORMAL,5,0.012227280022346779,0.015492864032346279,0.972279855945307,1
S000150,FIVES,NORMAL,VIT_GENERIC32_PCA128,NORMAL,5,2.4410054761420276e-08,1.7347922132566287e-08,0.999999958242023,1
S000153,FIVES,AMD_DRY,VIT_GENERIC32_PCA128,AMD_WET,0,0.25582796149146014,0.7057805565594739,0.03839148194906579,0
S000154,FIVES,AMD_DRY,VIT_GENERIC32_PCA128,AMD_DRY,5,0.7093697622989422,0.288518171529737,0.0021120661713209337,1
S000160,FIVES,AMD_DRY,VIT_GENERIC32_PCA128,AMD_WET,0,0.351624748150141,0.6429986478155377,0.005376604034321215,0
S000167,FIVES,AMD_WET,VIT_GENERIC32_PCA128,AMD_WET,5,8.922597022348229e-07,0.9995580666357766,0.0004410411045211838,1
S000178,FIVES,AMD_WET,VIT_GENERIC32_PCA128,AMD_WET,5,0.0013104469449447468,0.9983813736899176,0.00030817936513772215,1
S000180,FIVES,AMD_WET,VIT_GENERIC32_PCA128,AMD_WET,5,0.0016001722513377848,0.998318588286956,8.123946170629624e-05,1
S000183,FIVES,AMD_WET,VIT_GENERIC32_PCA128,AMD_WET,5,7.534093481744877e-08,0.9999186976026653,8.122705639988125e-05,1
S000184,FIVES,AMD_WET,VIT_GENERIC32_PCA128,AMD_WET,5,0.00039647283208620276,0.9994174780908855,0.00018604907702806072,1
S000186,FIVES,AMD_WET,VIT_GENERIC32_PCA128,AMD_WET,5,0.0015020247282279378,0.9982306666842596,0.0002673085875124685,1
S000188,FIVES,AMD_WET,VIT_GENERIC32_PCA128,AMD_WET,5,0.31419488662187117,0.6843835969644944,0.0014215164136344145,1
S000205,FIVES,AMD_WET,VIT_GENERIC32_PCA128,AMD_WET,5,0.0011844786471533171,0.9968801677324072,0.0019353536204395334,1
S000210,FIVES,AMD_WET,VIT_GENERIC32_PCA128,AMD_WET,5,0.08302531562151602,0.8791307666458158,0.03784391773266809,1
S000222,FIVES,AMD_WET,VIT_GENERIC32_PCA128,AMD_WET,5,1.203602725656869e-06,0.9995538619329205,0.00044493446435396426,1
S000226,FIVES,AMD_WET,VIT_GENERIC32_PCA128,AMD_WET,5,0.004530732781026024,0.9953248103545322,0.00014445686444183357,1
S000230,FIVES,AMD_WET,VIT_GENERIC32_PCA128,AMD_WET,5,0.0005272836683114668,0.9991872317248103,0.0002854846068782016,1
S000233,FIVES,AMD_WET,VIT_GENERIC32_PCA128,AMD_WET,5,0.12295526617434582,0.8488085128792381,0.028236220946416063,1
S000238,FIVES,AMD_WET,VIT_GENERIC32_PCA128,AMD_WET,5,0.10418021450966908,0.8776917031756414,0.018128082314689514,1
S000241,ODIR,NORMAL,VIT_GENERIC32_PCA128,NORMAL,5,0.0049716080244413385,0.0004220500260278313,0.9946063419495308,1
S000244,ODIR,NORMAL,VIT_GENERIC32_PCA128,NORMAL,5,7.251016184616118e-07,3.623254331659294e-07,0.9999989125729483,1
S000250,ODIR,NORMAL,VIT_GENERIC32_PCA128,NORMAL,5,0.0012289461656620462,5.113224148999454e-05,0.998719921592848,1
S000259,ODIR,NORMAL,VIT_GENERIC32_PCA128,NORMAL,5,2.0717771920675454e-06,1.0366395058658786e-06,0.9999968915833021,1
S000260,ODIR,NORMAL,VIT_GENERIC32_PCA128,NORMAL,5,1.4943174354425912e-07,7.522543413554309e-08,0.9999997753428224,1
S000261,ODIR,NORMAL,VIT_GENERIC32_PCA128,NORMAL,5,1.8131210400168026e-08,9.077130676045904e-09,0.999999972791659,1
S000266,ODIR,NORMAL,VIT_GENERIC32_PCA128,NORMAL,5,2.2554157532017274e-09,1.135115666020075e-09,0.9999999966094686,1
S000276,ODIR,NORMAL,VIT_GENERIC32_PCA128,NORMAL,5,0.005013253813450266,0.00036901784063279343,0.994617728345917,1
S000284,ODIR,NORMAL,VIT_GENERIC32_PCA128,NORMAL,5,1.3963827142521198e-06,6.960401994585792e-07,0.9999979075770863,1
S000287,ODIR,NORMAL,VIT_GENERIC32_PCA128,NORMAL,5,0.0011184540779931214,9.8338658008775e-05,0.998783207263998,1
S000290,ODIR,NORMAL,VIT_GENERIC32_PCA128,NORMAL,5,0.010764627804410157,0.0009507272431595517,0.9882846449524303,1
S000293,ODIR,NORMAL,VIT_GENERIC32_PCA128,NORMAL,5,0.0014382924465761986,6.393830259975687e-05,0.9984977692508241,1
S000295,ODIR,NORMAL,VIT_GENERIC32_PCA128,NORMAL,5,0.023843947938086425,0.00030093645910159465,0.9758551156028119,1
S000297,ODIR,NORMAL,VIT_GENERIC32_PCA128,NORMAL,5,0.052515212995900395,0.00041872549264542386,0.9470660615114541,1
S000300,ODIR,NORMAL,VIT_GENERIC32_PCA128,NORMAL,5,0.1067013059111164,0.012054790141428446,0.8812439039474553,1
S000310,ODIR,NORMAL,VIT_GENERIC32_PCA128,NORMAL,5,0.011306535278269001,0.0003530696154585502,0.9883403951062725,1
S000322,ODIR,NORMAL,VIT_GENERIC32_PCA128,NORMAL,5,0.005822588395579416,0.0013123592312831332,0.9928650523731376,1
S000340,ODIR,NORMAL,VIT_GENERIC32_PCA128,NORMAL,5,1.7318837231548507e-07,8.664541258238796e-08,0.9999997401662151,1
S000344,ODIR,NORMAL,VIT_GENERIC32_PCA128,NORMAL,5,1.6253811913848799e-07,8.127934523939679e-08,0.9999997561825357,1
S000345,ODIR,NORMAL,VIT_GENERIC32_PCA128,NORMAL,5,7.066219956587733e-07,3.559533483099037e-07,0.9999989374246561,1
S000347,ODIR,NORMAL,VIT_GENERIC32_PCA128,NORMAL,5,0.01632862319172023,0.00083476871711319,0.9828366080911666,1
S000350,ODIR,NORMAL,VIT_GENERIC32_PCA128,NORMAL,5,3.0392227681951865e-08,1.5194811457033072e-08,0.9999999544129607,1
S000352,ODIR,NORMAL,VIT_GENERIC32_PCA128,NORMAL,5,0.22175858042850347,0.03463093336153065,0.7436104862099658,1
S000359,ODIR,NORMAL,VIT_GENERIC32_PCA128,NORMAL,5,0.0009940911509443873,4.743829125317879e-05,0.9989584705578025,1
S000361,ODIR,NORMAL,VIT_GENERIC32_PCA128,NORMAL,5,0.016346549624561887,0.0009881376376688928,0.9826653127377692,1
S000366,ODIR,AMD_DRY,VIT_GENERIC32_PCA128,AMD_DRY,5,0.8267337691858524,0.009298363760615398,0.16396786705353222,1
S000368,ODIR,AMD_DRY,VIT_GENERIC32_PCA128,AMD_DRY,5,0.9659859550727458,0.0009339418126705042,0.03308010311458372,1
S000369,ODIR,AMD_DRY,VIT_GENERIC32_PCA128,AMD_DRY,5,0.9728900879476907,0.002724120402435636,0.02438579164987372,1
S000370,ODIR,AMD_DRY,VIT_GENERIC32_PCA128,AMD_DRY,5,0.9499712116178893,0.00896098726289825,0.04106780111921247,1
S000374,ODIR,AMD_DRY,VIT_GENERIC32_PCA128,AMD_DRY,5,0.9991747217571334,0.0007096049748860543,0.00011567326798052086,1
S000377,ODIR,AMD_DRY,VIT_GENERIC32_PCA128,AMD_DRY,5,0.9917537114945375,0.004639430271938879,0.0036068582335235673,1
S000378,ODIR,AMD_DRY,VIT_GENERIC32_PCA128,AMD_DRY,5,0.8100008513835677,0.03377893333085985,0.15622021528557237,1
S000379,ODIR,AMD_DRY,VIT_GENERIC32_PCA128,AMD_DRY,5,0.9868328301719635,0.0076506883472039575,0.005516481480832415,1
S000380,ODIR,AMD_DRY,VIT_GENERIC32_PCA128,AMD_DRY,5,0.7817149962875114,0.21188960976662452,0.0063953939458641085,1
S000383,ODIR,AMD_DRY,VIT_GENERIC32_PCA128,AMD_DRY,5,0.9060098781243283,0.06845722429285228,0.025532897582819403,1
S000390,ODIR,AMD_DRY,VIT_GENERIC32_PCA128,AMD_DRY,5,0.9940089261272362,0.005168051496090408,0.0008230223766733064,1
S000402,ODIR,AMD_DRY,VIT_GENERIC32_PCA128,AMD_DRY,5,0.9956000059455263,0.0023250963660368285,0.0020748976884369446,1
S000416,ODIR,AMD_DRY,VIT_GENERIC32_PCA128,AMD_DRY,5,0.7563054247601405,0.014364774879119727,0.22932980036073974,1
S000439,ODIR,AMD_DRY,VIT_GENERIC32_PCA128,AMD_DRY,5,0.9834657695210334,0.01491863473897842,0.001615595739988298,1
S000441,ODIR,AMD_DRY,VIT_GENERIC32_PCA128,AMD_DRY,5,0.9613053200479964,0.010362969840594528,0.02833171011140916,1
S000444,ODIR,AMD_DRY,VIT_GENERIC32_PCA128,NORMAL,0,0.049260993070926865,0.0015534344544405442,0.9491855724746326,0
S000447,ODIR,AMD_WET,VIT_GENERIC32_PCA128,AMD_WET,5,0.01181781547941629,0.9865815911709417,0.0016005933496420592,1
S000455,ODIR,AMD_WET,VIT_GENERIC32_PCA128,AMD_WET,5,0.062260091442188935,0.936557909316036,0.00118199924177507,1
S000459,ODIR,AMD_WET,VIT_GENERIC32_PCA128,AMD_WET,5,0.1904507671766817,0.8091025772074492,0.00044665561586922754,1
S000460,ODIR,AMD_WET,VIT_GENERIC32_PCA128,AMD_DRY,0,0.9230996606625956,0.004174763389147757,0.07272557594825682,0
S000465,ODIR,AMD_WET,VIT_GENERIC32_PCA128,AMD_WET,5,0.06636262189746256,0.8930942055441836,0.04054317255835395,1
S000472,ODIR,AMD_WET,VIT_GENERIC32_PCA128,AMD_DRY,0,0.9912497743723698,0.004080044409847633,0.00467018121778259,0
S000478,RFMID,NORMAL,VIT_GENERIC32_PCA128,NORMAL,5,1.2574091292047818e-08,6.703316911337338e-09,0.9999999807225917,1
S000481,RFMID,NORMAL,VIT_GENERIC32_PCA128,NORMAL,5,2.8220107831001163e-08,2.1471651785902427e-08,0.9999999503082403,1
S000490,RFMID,NORMAL,VIT_GENERIC32_PCA128,NORMAL,5,0.0009001706728907113,0.00041535164847615185,0.9986844776786331,1
S000494,RFMID,NORMAL,VIT_GENERIC32_PCA128,NORMAL,5,0.01440538909526981,0.015370939181091708,0.9702236717236385,1
S000498,RFMID,NORMAL,VIT_GENERIC32_PCA128,NORMAL,5,0.012623897619500687,0.027772430144155258,0.959603672236344,1
S000502,RFMID,NORMAL,VIT_GENERIC32_PCA128,NORMAL,5,0.001300669436652608,0.0007992999501228841,0.9979000306132246,1
S000508,RFMID,NORMAL,VIT_GENERIC32_PCA128,NORMAL,5,0.0005219713847655644,0.0027949258467724705,0.9966831027684618,1
S000509,RFMID,NORMAL,VIT_GENERIC32_PCA128,NORMAL,5,2.3976839476921373e-07,1.6381483203652693e-07,0.9999995964167733,1
S000510,RFMID,NORMAL,VIT_GENERIC32_PCA128,NORMAL,5,0.004537941186119001,0.005010681030287077,0.9904513777835939,1
S000516,RFMID,NORMAL,VIT_GENERIC32_PCA128,NORMAL,5,0.0025989939024660827,0.0062868140706950765,0.9911141920268388,1
S000517,RFMID,NORMAL,VIT_GENERIC32_PCA128,NORMAL,5,7.955511133697942e-07,6.95880182217602e-07,0.9999985085687044,1
S000518,RFMID,NORMAL,VIT_GENERIC32_PCA128,NORMAL,5,3.220440037807374e-07,2.3886701996350004e-07,0.9999994390889763,1
S000523,RFMID,NORMAL,VIT_GENERIC32_PCA128,NORMAL,5,2.886716784765238e-09,1.798254548732783e-09,0.9999999953150287,1
S000537,RFMID,AMD_DRY,VIT_GENERIC32_PCA128,AMD_DRY,5,0.7097130758040276,0.2898398674394006,0.00044705675657166885,1
S000555,RFMID,AMD_WET,VIT_GENERIC32_PCA128,AMD_WET,5,0.022281755203015834,0.8549751845867133,0.12274306021027084,1
S000557,RFMID,AMD_WET,VIT_GENERIC32_PCA128,AMD_WET,5,0.0015289985920924536,0.9931154279198694,0.005355573488038217,1
S000559,RFMID,AMD_WET,VIT_GENERIC32_PCA128,AMD_WET,5,0.0005553049785087522,0.9985509515790149,0.0008937434424763092,1
S000568,RFMID,AMD_WET,VIT_GENERIC32_PCA128,AMD_WET,5,0.0030697337085013356,0.9466786489992055,0.050251617292293195,1
S000571,RFMID,AMD_WET,VIT_GENERIC32_PCA128,AMD_WET,5,0.006956445696998004,0.9928073277747957,0.0002362265282063462,1
S000572,RFMID,AMD_WET,VIT_GENERIC32_PCA128,AMD_WET,5,0.0007401796970756339,0.9991926966549052,6.71236480193226e-05,1
S000573,RFMID,AMD_WET,VIT_GENERIC32_PCA128,AMD_WET,5,0.14745094186326863,0.8524073393292643,0.00014171880746718785,1
S000586,RFMID,AMD_WET,VIT_GENERIC32_PCA128,AMD_WET,5,0.11172902077502975,0.88776630837376,0.0005046708512102526,1
S000587,RFMID,AMD_WET,VIT_GENERIC32_PCA128,AMD_WET,5,0.0012073813237083527,0.9946242193951097,0.0041683992811821545,1
S000594,RFMID,AMD_WET,VIT_GENERIC32_PCA128,AMD_WET,5,0.0011136935367642184,0.9952573114084533,0.0036289950547823808,1
S000595,RFMID,AMD_WET,VIT_GENERIC32_PCA128,AMD_WET,5,0.016842588704586582,0.9720397741523035,0.011117637143110029,1
S000005,ADAM,AMD_DRY,VIT_HANDCRAFTED32_PCA128_PROPOSED,NORMAL,0,0.0711233401650468,0.007315979816212653,0.9215606800187406,0
S000006,ADAM,AMD_DRY,VIT_HANDCRAFTED32_PCA128_PROPOSED,AMD_DRY,5,0.695878557560013,0.30405206526635215,6.937717363485607e-05,1
S000009,ADAM,AMD_DRY,VIT_HANDCRAFTED32_PCA128_PROPOSED,AMD_DRY,5,0.9927461612916476,0.007205065235392628,4.8773472959893636e-05,1
S000011,ADAM,AMD_DRY,VIT_HANDCRAFTED32_PCA128_PROPOSED,AMD_DRY,5,0.9468929556376955,0.0068102450185923615,0.04629679934371201,1
S000025,ADAM,AMD_DRY,VIT_HANDCRAFTED32_PCA128_PROPOSED,AMD_DRY,5,0.924576192518154,0.04276628344799632,0.03265752403384977,1
S000027,ADAM,AMD_DRY,VIT_HANDCRAFTED32_PCA128_PROPOSED,AMD_DRY,5,0.871409153371685,0.007886048288171918,0.12070479834014305,1
S000033,ADAM,AMD_DRY,VIT_HANDCRAFTED32_PCA128_PROPOSED,AMD_DRY,5,0.990106573316884,0.0042088448609187935,0.005684581822197115,1
S000037,ADAM,AMD_WET,VIT_HANDCRAFTED32_PCA128_PROPOSED,AMD_WET,5,0.005846429481985273,0.9940514292015665,0.00010214131644823672,1
S000039,ADAM,AMD_WET,VIT_HANDCRAFTED32_PCA128_PROPOSED,AMD_WET,5,0.07865387457896976,0.91806155494742,0.0032845704736101287,1
S000044,ADAM,AMD_WET,VIT_HANDCRAFTED32_PCA128_PROPOSED,AMD_DRY,0,0.9241115702780194,0.07538722753309568,0.0005012021888849746,0
S000049,ADAM,AMD_WET,VIT_HANDCRAFTED32_PCA128_PROPOSED,AMD_DRY,0,0.5197305892828109,0.028371198127849127,0.45189821258934,0
S000054,FIVES,NORMAL,VIT_HANDCRAFTED32_PCA128_PROPOSED,NORMAL,5,0.002903780000903429,0.0006246762620510792,0.9964715437370455,1
S000059,FIVES,NORMAL,VIT_HANDCRAFTED32_PCA128_PROPOSED,NORMAL,5,4.26575205061775e-08,2.739469383075531e-08,0.9999999299477856,1
S000060,FIVES,NORMAL,VIT_HANDCRAFTED32_PCA128_PROPOSED,NORMAL,5,0.0006394870929190067,0.0011985039047714332,0.9981620090023096,1
S000063,FIVES,NORMAL,VIT_HANDCRAFTED32_PCA128_PROPOSED,NORMAL,5,7.076977810155071e-10,3.683510918261056e-10,0.9999999989239511,1
S000068,FIVES,NORMAL,VIT_HANDCRAFTED32_PCA128_PROPOSED,NORMAL,5,0.038286702007576445,0.009802357753333024,0.9519109402390903,1
S000069,FIVES,NORMAL,VIT_HANDCRAFTED32_PCA128_PROPOSED,NORMAL,5,8.641276662537279e-10,4.646770300939894e-10,0.9999999986711954,1
S000091,FIVES,NORMAL,VIT_HANDCRAFTED32_PCA128_PROPOSED,NORMAL,5,7.932901577025692e-08,7.859501504427948e-08,0.9999998420759691,1
S000092,FIVES,NORMAL,VIT_HANDCRAFTED32_PCA128_PROPOSED,NORMAL,5,5.471251576961748e-08,6.158250017216269e-08,0.999999883704984,1
S000098,FIVES,NORMAL,VIT_HANDCRAFTED32_PCA128_PROPOSED,NORMAL,5,0.00022595001726799448,0.0005560675267139153,0.999217982456018,1
S000099,FIVES,NORMAL,VIT_HANDCRAFTED32_PCA128_PROPOSED,NORMAL,5,0.09816324105113484,0.1508057581344064,0.7510310008144587,1
S000102,FIVES,NORMAL,VIT_HANDCRAFTED32_PCA128_PROPOSED,NORMAL,5,1.5972463870855099e-09,9.926021968982658e-10,0.9999999974101513,1
S000112,FIVES,NORMAL,VIT_HANDCRAFTED32_PCA128_PROPOSED,NORMAL,5,0.002037844979731526,0.02594869761812752,0.972013457402141,1
S000113,FIVES,NORMAL,VIT_HANDCRAFTED32_PCA128_PROPOSED,NORMAL,5,0.0036062786080210533,0.005175353713022667,0.9912183676789563,1
S000121,FIVES,NORMAL,VIT_HANDCRAFTED32_PCA128_PROPOSED,NORMAL,5,2.3841292495088998e-07,2.0382463846821257e-07,0.9999995577624367,1
S000134,FIVES,NORMAL,VIT_HANDCRAFTED32_PCA128_PROPOSED,NORMAL,5,8.991163647382538e-08,1.0407503629190798e-07,0.9999998060133273,1
S000137,FIVES,NORMAL,VIT_HANDCRAFTED32_PCA128_PROPOSED,NORMAL,5,3.168565183182047e-08,3.649858298324621e-08,0.9999999318157652,1
S000138,FIVES,NORMAL,VIT_HANDCRAFTED32_PCA128_PROPOSED,NORMAL,5,2.6293459964065876e-07,3.1190292266886506e-07,0.9999994251624778,1
S000147,FIVES,NORMAL,VIT_HANDCRAFTED32_PCA128_PROPOSED,NORMAL,5,0.00772724069433926,0.01178002319994426,0.9804927361057164,1
S000150,FIVES,NORMAL,VIT_HANDCRAFTED32_PCA128_PROPOSED,NORMAL,5,1.601030194470345e-08,1.2349360310540883e-08,0.9999999716403378,1
S000153,FIVES,AMD_DRY,VIT_HANDCRAFTED32_PCA128_PROPOSED,AMD_DRY,5,0.9851840420314029,0.013620346529762637,0.0011956114388344805,1
S000154,FIVES,AMD_DRY,VIT_HANDCRAFTED32_PCA128_PROPOSED,AMD_DRY,5,0.7612238443017917,0.23619652254899007,0.0025796331492181717,1
S000160,FIVES,AMD_DRY,VIT_HANDCRAFTED32_PCA128_PROPOSED,AMD_WET,0,0.26022380432528613,0.7379084936935627,0.0018677019811511482,0
S000167,FIVES,AMD_WET,VIT_HANDCRAFTED32_PCA128_PROPOSED,AMD_WET,5,8.658209388543551e-07,0.9994974050584753,0.0005017291205857946,1
S000178,FIVES,AMD_WET,VIT_HANDCRAFTED32_PCA128_PROPOSED,AMD_WET,5,0.0008281228504950402,0.9989807995576712,0.00019107759183387775,1
S000180,FIVES,AMD_WET,VIT_HANDCRAFTED32_PCA128_PROPOSED,AMD_WET,5,0.0008201252033311231,0.999080855205477,9.901959119198418e-05,1
S000183,FIVES,AMD_WET,VIT_HANDCRAFTED32_PCA128_PROPOSED,AMD_WET,5,2.5170074056505164e-08,0.9999327214926217,6.725333730439541e-05,1
S000184,FIVES,AMD_WET,VIT_HANDCRAFTED32_PCA128_PROPOSED,AMD_WET,5,7.360353458589811e-07,0.9999150702937355,8.419367091866067e-05,1
S000186,FIVES,AMD_WET,VIT_HANDCRAFTED32_PCA128_PROPOSED,AMD_WET,5,0.0006982895161225086,0.998968368593687,0.0003333418901904317,1
S000188,FIVES,AMD_WET,VIT_HANDCRAFTED32_PCA128_PROPOSED,AMD_WET,5,0.294248951837231,0.7043703551144754,0.0013806930482934562,1
S000205,FIVES,AMD_WET,VIT_HANDCRAFTED32_PCA128_PROPOSED,AMD_WET,5,0.0003481988772455137,0.9984503528613653,0.0012014482613892958,1
S000210,FIVES,AMD_WET,VIT_HANDCRAFTED32_PCA128_PROPOSED,AMD_WET,5,0.10097370143206304,0.8842431190350805,0.014783179532856313,1
S000222,FIVES,AMD_WET,VIT_HANDCRAFTED32_PCA128_PROPOSED,AMD_WET,5,9.966017961054356e-07,0.99954877553419,0.0004502278640138522,1
S000226,FIVES,AMD_WET,VIT_HANDCRAFTED32_PCA128_PROPOSED,AMD_WET,5,0.00393894146274261,0.9958143163064079,0.0002467422308495865,1
S000230,FIVES,AMD_WET,VIT_HANDCRAFTED32_PCA128_PROPOSED,AMD_WET,5,8.993812522609431e-07,0.9997717441343843,0.00022735648436351879,1
S000233,FIVES,AMD_WET,VIT_HANDCRAFTED32_PCA128_PROPOSED,AMD_WET,5,0.10447177928803393,0.855365946252145,0.04016227445982098,1
S000238,FIVES,AMD_WET,VIT_HANDCRAFTED32_PCA128_PROPOSED,AMD_WET,5,0.013946052951695747,0.9826702589873901,0.0033836880609142512,1
S000241,ODIR,NORMAL,VIT_HANDCRAFTED32_PCA128_PROPOSED,NORMAL,5,0.004293975351684456,0.0008160164407384289,0.9948900082075772,1
S000244,ODIR,NORMAL,VIT_HANDCRAFTED32_PCA128_PROPOSED,NORMAL,5,4.976588096381575e-07,2.491040470584992e-07,0.9999992532371433,1
S000250,ODIR,NORMAL,VIT_HANDCRAFTED32_PCA128_PROPOSED,NORMAL,5,0.002845920106319768,0.00016633695880588522,0.9969877429348744,1
S000259,ODIR,NORMAL,VIT_HANDCRAFTED32_PCA128_PROPOSED,NORMAL,5,0.0004350408413149565,1.7159111385105664e-05,0.9995478000472999,1
S000260,ODIR,NORMAL,VIT_HANDCRAFTED32_PCA128_PROPOSED,NORMAL,5,7.963093566512204e-08,3.9936818524945635e-08,0.9999998804322457,1
S000261,ODIR,NORMAL,VIT_HANDCRAFTED32_PCA128_PROPOSED,NORMAL,5,2.1836019943934516e-08,1.0943400488394991e-08,0.9999999672205796,1
S000266,ODIR,NORMAL,VIT_HANDCRAFTED32_PCA128_PROPOSED,NORMAL,5,5.143461945425623e-09,2.5931767886290022e-09,0.9999999922633613,1
S000276,ODIR,NORMAL,VIT_HANDCRAFTED32_PCA128_PROPOSED,NORMAL,5,0.002859042751074729,0.000316391548939997,0.9968245656999853,1
S000284,ODIR,NORMAL,VIT_HANDCRAFTED32_PCA128_PROPOSED,NORMAL,5,0.0008663971803873885,3.114450764431654e-06,0.9991304883688482,1
S000287,ODIR,NORMAL,VIT_HANDCRAFTED32_PCA128_PROPOSED,NORMAL,5,3.187007289394776e-06,1.6071983779662668e-06,0.9999952057943327,1
S000290,ODIR,NORMAL,VIT_HANDCRAFTED32_PCA128_PROPOSED,NORMAL,5,0.0077127918724362145,0.00048395447849210486,0.9918032536490717,1
S000293,ODIR,NORMAL,VIT_HANDCRAFTED32_PCA128_PROPOSED,NORMAL,5,0.0026641069648196194,0.00018746022844477161,0.9971484328067357,1
S000295,ODIR,NORMAL,VIT_HANDCRAFTED32_PCA128_PROPOSED,NORMAL,5,0.026410679314157953,0.0004045594483721067,0.9731847612374699,1
S000297,ODIR,NORMAL,VIT_HANDCRAFTED32_PCA128_PROPOSED,NORMAL,5,0.110020696947572,0.0006990078985007164,0.8892802951539274,1
S000300,ODIR,NORMAL,VIT_HANDCRAFTED32_PCA128_PROPOSED,NORMAL,5,0.09481184808229451,0.016439757058329642,0.8887483948593757,1
S000310,ODIR,NORMAL,VIT_HANDCRAFTED32_PCA128_PROPOSED,NORMAL,5,0.006874892403205368,0.0004884922904278388,0.9926366153063668,1
S000322,ODIR,NORMAL,VIT_HANDCRAFTED32_PCA128_PROPOSED,NORMAL,5,0.003949439079999832,0.0015769763367552148,0.9944735845832449,1
S000340,ODIR,NORMAL,VIT_HANDCRAFTED32_PCA128_PROPOSED,NORMAL,5,4.8400796059279964e-08,2.424958896807136e-08,0.999999927349615,1
S000344,ODIR,NORMAL,VIT_HANDCRAFTED32_PCA128_PROPOSED,NORMAL,5,6.100416981043608e-08,3.054718555637694e-08,0.9999999084486447,1
S000345,ODIR,NORMAL,VIT_HANDCRAFTED32_PCA128_PROPOSED,NORMAL,5,3.6746819161702205e-07,1.857150483639452e-07,0.99999944681676,1
S000347,ODIR,NORMAL,VIT_HANDCRAFTED32_PCA128_PROPOSED,NORMAL,5,0.01445270563864177,0.0014028468461861024,0.9841444475151722,1
S000350,ODIR,NORMAL,VIT_HANDCRAFTED32_PCA128_PROPOSED,NORMAL,5,1.0559099030806819e-08,5.280554186526932e-09,0.9999999841603466,1
S000352,ODIR,NORMAL,VIT_HANDCRAFTED32_PCA128_PROPOSED,NORMAL,5,0.3249687415197541,0.03486008468421579,0.6401711737960302,1
S000359,ODIR,NORMAL,VIT_HANDCRAFTED32_PCA128_PROPOSED,NORMAL,5,0.0010783537492976667,8.050720869276856e-05,0.9988411390420096,1
S000361,ODIR,NORMAL,VIT_HANDCRAFTED32_PCA128_PROPOSED,NORMAL,5,0.034488312473752294,0.001275577029272659,0.9642361104969751,1
S000366,ODIR,AMD_DRY,VIT_HANDCRAFTED32_PCA128_PROPOSED,AMD_DRY,5,0.820909188081956,0.008069214171540206,0.17102159774650372,1
S000368,ODIR,AMD_DRY,VIT_HANDCRAFTED32_PCA128_PROPOSED,AMD_DRY,5,0.9803834504408723,0.002704569624698628,0.016911979934429024,1
S000369,ODIR,AMD_DRY,VIT_HANDCRAFTED32_PCA128_PROPOSED,AMD_DRY,5,0.961515390411099,0.006207749181959365,0.03227686040694154,1
S000370,ODIR,AMD_DRY,VIT_HANDCRAFTED32_PCA128_PROPOSED,AMD_DRY,5,0.9500792175849565,0.013791320943215547,0.036129461471828085,1
S000374,ODIR,AMD_DRY,VIT_HANDCRAFTED32_PCA128_PROPOSED,AMD_DRY,5,0.9993117618507459,0.0006388007837104007,4.943736554368892e-05,1
S000377,ODIR,AMD_DRY,VIT_HANDCRAFTED32_PCA128_PROPOSED,AMD_DRY,5,0.9908484663446029,0.006905203666215952,0.0022463299891813107,1
S000378,ODIR,AMD_DRY,VIT_HANDCRAFTED32_PCA128_PROPOSED,AMD_DRY,5,0.9064553720189261,0.02530132350448372,0.06824330447659019,1
S000379,ODIR,AMD_DRY,VIT_HANDCRAFTED32_PCA128_PROPOSED,AMD_DRY,5,0.9856462259228206,0.010722011452000415,0.0036317626251791005,1
S000380,ODIR,AMD_DRY,VIT_HANDCRAFTED32_PCA128_PROPOSED,AMD_DRY,5,0.6655462051206064,0.3305384041586489,0.003915390720744876,1
S000383,ODIR,AMD_DRY,VIT_HANDCRAFTED32_PCA128_PROPOSED,AMD_DRY,5,0.8419549725739982,0.12489881368898008,0.03314621373702168,1
S000390,ODIR,AMD_DRY,VIT_HANDCRAFTED32_PCA128_PROPOSED,AMD_DRY,5,0.9929662415320128,0.006467572896103826,0.0005661855718833831,1
S000402,ODIR,AMD_DRY,VIT_HANDCRAFTED32_PCA128_PROPOSED,AMD_DRY,5,0.9953940354245491,0.003109623153631126,0.0014963414218198377,1
S000416,ODIR,AMD_DRY,VIT_HANDCRAFTED32_PCA128_PROPOSED,AMD_DRY,5,0.8070410325563101,0.01802402069151789,0.1749349467521721,1
S000439,ODIR,AMD_DRY,VIT_HANDCRAFTED32_PCA128_PROPOSED,AMD_DRY,5,0.9800085810430635,0.018441909079650966,0.0015495098772855553,1
S000441,ODIR,AMD_DRY,VIT_HANDCRAFTED32_PCA128_PROPOSED,AMD_DRY,5,0.982897210478729,0.00412336006643812,0.012979429454832853,1
S000444,ODIR,AMD_DRY,VIT_HANDCRAFTED32_PCA128_PROPOSED,NORMAL,0,0.13312102472930698,0.003273828168492504,0.8636051471022006,0
S000447,ODIR,AMD_WET,VIT_HANDCRAFTED32_PCA128_PROPOSED,AMD_WET,5,0.010193330719086301,0.9878679476362999,0.0019387216446139204,1
S000455,ODIR,AMD_WET,VIT_HANDCRAFTED32_PCA128_PROPOSED,AMD_WET,5,0.07892101248955305,0.9199993616119198,0.0010796258985271991,1
S000459,ODIR,AMD_WET,VIT_HANDCRAFTED32_PCA128_PROPOSED,AMD_WET,5,0.19240463525072757,0.8049738484497342,0.0026215162995383784,1
S000460,ODIR,AMD_WET,VIT_HANDCRAFTED32_PCA128_PROPOSED,AMD_DRY,0,0.8121532732986759,0.008698800513493721,0.17914792618783038,0
S000465,ODIR,AMD_WET,VIT_HANDCRAFTED32_PCA128_PROPOSED,AMD_WET,5,0.08311285812666622,0.8046980689330953,0.11218907294023846,1
S000472,ODIR,AMD_WET,VIT_HANDCRAFTED32_PCA128_PROPOSED,AMD_DRY,0,0.9898260124066445,0.0067945728195362405,0.003379414773819345,0
S000478,RFMID,NORMAL,VIT_HANDCRAFTED32_PCA128_PROPOSED,NORMAL,5,1.5228273954571383e-08,8.184147893401468e-09,0.9999999765875781,1
S000481,RFMID,NORMAL,VIT_HANDCRAFTED32_PCA128_PROPOSED,NORMAL,5,2.2131028925350378e-08,1.7790933088368243e-08,0.999999960078038,1
S000490,RFMID,NORMAL,VIT_HANDCRAFTED32_PCA128_PROPOSED,NORMAL,5,0.002223006806438097,0.0021150830505407055,0.9956619101430212,1
S000494,RFMID,NORMAL,VIT_HANDCRAFTED32_PCA128_PROPOSED,NORMAL,5,0.004694481134166284,0.010811267427926086,0.9844942514379076,1
S000498,RFMID,NORMAL,VIT_HANDCRAFTED32_PCA128_PROPOSED,NORMAL,5,0.011578860777621611,0.03844465363397627,0.9499764855884022,1
S000502,RFMID,NORMAL,VIT_HANDCRAFTED32_PCA128_PROPOSED,NORMAL,5,0.0010434815047000532,0.0013727403125408093,0.9975837781827591,1
S000508,RFMID,NORMAL,VIT_HANDCRAFTED32_PCA128_PROPOSED,NORMAL,5,0.00037260113878789943,0.00470203593381891,0.9949253629273931,1
S000509,RFMID,NORMAL,VIT_HANDCRAFTED32_PCA128_PROPOSED,NORMAL,5,3.7127721920467323e-07,3.034818516000393e-07,0.9999993252409292,1
S000510,RFMID,NORMAL,VIT_HANDCRAFTED32_PCA128_PROPOSED,NORMAL,5,0.0030311503214906035,0.006459045407904501,0.9905098042706048,1
S000516,RFMID,NORMAL,VIT_HANDCRAFTED32_PCA128_PROPOSED,NORMAL,5,0.0026832599009983006,0.011685636130073127,0.9856311039689285,1
S000517,RFMID,NORMAL,VIT_HANDCRAFTED32_PCA128_PROPOSED,NORMAL,5,5.410099717094812e-07,5.500216674637014e-07,0.999998908968361,1
S000518,RFMID,NORMAL,VIT_HANDCRAFTED32_PCA128_PROPOSED,NORMAL,5,4.7220227815922717e-07,4.139990308027842e-07,0.999999113798691,1
S000523,RFMID,NORMAL,VIT_HANDCRAFTED32_PCA128_PROPOSED,NORMAL,5,4.552466922920309e-09,3.173931430274673e-09,0.9999999922736016,1
S000537,RFMID,AMD_DRY,VIT_HANDCRAFTED32_PCA128_PROPOSED,AMD_DRY,5,0.7878963113767943,0.21151465266545535,0.0005890359577504405,1
S000555,RFMID,AMD_WET,VIT_HANDCRAFTED32_PCA128_PROPOSED,AMD_WET,5,0.022676034901055225,0.8646984369469071,0.11262552815203768,1
S000557,RFMID,AMD_WET,VIT_HANDCRAFTED32_PCA128_PROPOSED,AMD_WET,5,0.0005252187117192697,0.9961459747870854,0.003328806501195161,1
S000559,RFMID,AMD_WET,VIT_HANDCRAFTED32_PCA128_PROPOSED,AMD_WET,5,0.0003906834296685639,0.9973775012718973,0.00223181529843422,1
S000568,RFMID,AMD_WET,VIT_HANDCRAFTED32_PCA128_PROPOSED,AMD_WET,5,0.0017086495654970197,0.9512567270380545,0.047034623396448524,1
S000571,RFMID,AMD_WET,VIT_HANDCRAFTED32_PCA128_PROPOSED,AMD_WET,5,0.004541583390625487,0.9952079667551113,0.0002504498542633515,1
S000572,RFMID,AMD_WET,VIT_HANDCRAFTED32_PCA128_PROPOSED,AMD_WET,5,0.00044330987845998175,0.9994872752561061,6.941486543389298e-05,1
S000573,RFMID,AMD_WET,VIT_HANDCRAFTED32_PCA128_PROPOSED,AMD_WET,5,0.08334816160201261,0.9165479890817922,0.00010384931619524939,1
S000586,RFMID,AMD_WET,VIT_HANDCRAFTED32_PCA128_PROPOSED,AMD_WET,5,0.07282132401161842,0.9267438356694099,0.0004348403189717607,1
S000587,RFMID,AMD_WET,VIT_HANDCRAFTED32_PCA128_PROPOSED,AMD_WET,5,0.0003795561660874924,0.9970800165483986,0.0025404272855140903,1
S000594,RFMID,AMD_WET,VIT_HANDCRAFTED32_PCA128_PROPOSED,AMD_WET,5,0.0005158926972841423,0.9950178323643633,0.004466274938352705,1
S000595,RFMID,AMD_WET,VIT_HANDCRAFTED32_PCA128_PROPOSED,AMD_WET,5,0.013577187560693205,0.9764879236112926,0.009934888828014196,1
S000012,ADAM,AMD_DRY,VIT_PCA128_MATCHED,AMD_DRY,5,0.9964872466976138,0.0032759263382391357,0.00023682696414707087,1
S000014,ADAM,AMD_DRY,VIT_PCA128_MATCHED,NORMAL,0,0.025449466821162465,0.0034718375042305473,0.9710786956746071,0
S000016,ADAM,AMD_DRY,VIT_PCA128_MATCHED,AMD_DRY,5,0.9231855628467333,0.04386617362983062,0.03294826352343604,1
S000020,ADAM,AMD_DRY,VIT_PCA128_MATCHED,AMD_DRY,5,0.7917222510951027,0.027139072539679038,0.18113867636521813,1
S000028,ADAM,AMD_DRY,VIT_PCA128_MATCHED,NORMAL,0,0.3761969704167826,0.02559326565100083,0.5982097639322165,0
S000031,ADAM,AMD_DRY,VIT_PCA128_MATCHED,NORMAL,0,0.3282006835164658,0.05706189353354858,0.6147374229499856,0
S000034,ADAM,AMD_DRY,VIT_PCA128_MATCHED,AMD_DRY,5,0.9259749763807689,0.05311405097733768,0.020910972641893323,1
S000036,ADAM,AMD_WET,VIT_PCA128_MATCHED,AMD_DRY,0,0.9717345798195334,0.012834038007913473,0.015431382172553266,0
S000038,ADAM,AMD_WET,VIT_PCA128_MATCHED,AMD_WET,5,0.09680200930403782,0.900142096424292,0.0030558942716702293,1
S000050,ADAM,AMD_WET,VIT_PCA128_MATCHED,AMD_WET,5,0.5073144082507756,0.4925707900783972,0.00011480167082730062,1
S000058,FIVES,NORMAL,VIT_PCA128_MATCHED,NORMAL,5,0.0017375164735543877,0.00516991091277341,0.9930925726136722,1
S000061,FIVES,NORMAL,VIT_PCA128_MATCHED,NORMAL,5,0.0003291610561390866,5.741592407500758e-05,0.9996134230197858,1
S000070,FIVES,NORMAL,VIT_PCA128_MATCHED,NORMAL,5,6.911408318143159e-09,4.695154252164747e-09,0.9999999883934375,1
S000073,FIVES,NORMAL,VIT_PCA128_MATCHED,NORMAL,5,4.053483233382513e-08,2.1181798903447385e-08,0.9999999382833688,1
S000075,FIVES,NORMAL,VIT_PCA128_MATCHED,NORMAL,5,1.7672600945118226e-07,1.6713612160370787e-07,0.9999996561378689,1
S000076,FIVES,NORMAL,VIT_PCA128_MATCHED,NORMAL,5,0.00020082081095636949,0.0009935080846567202,0.9988056711043869,1
S000080,FIVES,NORMAL,VIT_PCA128_MATCHED,NORMAL,5,3.820003074255251e-08,2.9075631190496737e-08,0.999999932724338,1
S000082,FIVES,NORMAL,VIT_PCA128_MATCHED,NORMAL,5,1.3401442992276168e-06,1.1329826797711968e-06,0.999997526873021,1
S000086,FIVES,NORMAL,VIT_PCA128_MATCHED,NORMAL,5,0.011928281664677132,0.001516624263125586,0.9865550940721972,1
S000087,FIVES,NORMAL,VIT_PCA128_MATCHED,NORMAL,5,1.7001354872313835e-06,1.7034608673864938e-06,0.9999965964036454,1
S000104,FIVES,NORMAL,VIT_PCA128_MATCHED,NORMAL,5,8.468748821774958e-08,6.913490688544938e-08,0.999999846177605,1
S000115,FIVES,NORMAL,VIT_PCA128_MATCHED,NORMAL,5,0.0017720179494331739,0.0011214916202126582,0.997106490430354,1
S000116,FIVES,NORMAL,VIT_PCA128_MATCHED,NORMAL,5,0.3306935067991025,0.13058000004174794,0.5387264931591494,1
S000127,FIVES,NORMAL,VIT_PCA128_MATCHED,NORMAL,5,0.003274780309922491,0.0025182538066426076,0.9942069658834349,1
S000129,FIVES,NORMAL,VIT_PCA128_MATCHED,NORMAL,5,1.1019238063702911e-07,5.862694968999091e-08,0.9999998311806696,1
S000132,FIVES,NORMAL,VIT_PCA128_MATCHED,NORMAL,5,7.557135073489961e-11,5.603681487482521e-11,0.9999999998683918,1
S000139,FIVES,NORMAL,VIT_PCA128_MATCHED,NORMAL,5,0.0029843894859638365,0.0015476812355269686,0.9954679292785091,1
S000140,FIVES,NORMAL,VIT_PCA128_MATCHED,NORMAL,5,0.001360073958160291,0.008068103688626743,0.9905718223532128,1
S000144,FIVES,NORMAL,VIT_PCA128_MATCHED,NORMAL,5,0.0014381078710760597,0.003345427662719838,0.995216464466204,1
S000148,FIVES,NORMAL,VIT_PCA128_MATCHED,NORMAL,5,0.003083847503128826,0.010970798722084197,0.985945353774787,1
S000152,FIVES,AMD_DRY,VIT_PCA128_MATCHED,AMD_WET,0,0.06732701875737633,0.9308576325477844,0.0018153486948392402,0
S000156,FIVES,AMD_DRY,VIT_PCA128_MATCHED,AMD_WET,0,0.4084425613710427,0.5912730201744786,0.0002844184544784991,0
S000161,FIVES,AMD_DRY,VIT_PCA128_MATCHED,AMD_WET,0,0.15837939545040874,0.8408083893066802,0.0008122152429108966,0
S000170,FIVES,AMD_WET,VIT_PCA128_MATCHED,AMD_WET,5,0.0017964179224115781,0.9981226615602907,8.092051729771893e-05,1
S000172,FIVES,AMD_WET,VIT_PCA128_MATCHED,AMD_WET,5,1.2500740411790455e-06,0.9993069589489023,0.0006917909770564003,1
S000173,FIVES,AMD_WET,VIT_PCA128_MATCHED,AMD_WET,5,0.000822158920477626,0.999034148085487,0.00014369299403532105,1
S000174,FIVES,AMD_WET,VIT_PCA128_MATCHED,AMD_WET,5,0.016741875988504133,0.9827230558523669,0.0005350681591288665,1
S000190,FIVES,AMD_WET,VIT_PCA128_MATCHED,AMD_WET,5,0.03649611916349796,0.9597778831726019,0.003725997663900167,1
S000193,FIVES,AMD_WET,VIT_PCA128_MATCHED,AMD_WET,5,0.004944132772210673,0.9945312653390046,0.0005246018887848289,1
S000200,FIVES,AMD_WET,VIT_PCA128_MATCHED,AMD_WET,3,0.5394124674097036,0.45147480786188066,0.00911272472841582,1
S000201,FIVES,AMD_WET,VIT_PCA128_MATCHED,AMD_WET,5,0.0022727748766121314,0.9976517594437502,7.546567963782538e-05,1
S000204,FIVES,AMD_WET,VIT_PCA128_MATCHED,AMD_WET,5,2.365368578080937e-05,0.9948122931971846,0.00516405311703453,1
S000207,FIVES,AMD_WET,VIT_PCA128_MATCHED,AMD_WET,5,0.0036976294586674244,0.996267729891696,3.464064963649954e-05,1
S000208,FIVES,AMD_WET,VIT_PCA128_MATCHED,AMD_WET,5,0.31482976278696095,0.56043770842484,0.12473252878819904,1
S000213,FIVES,AMD_WET,VIT_PCA128_MATCHED,AMD_WET,5,0.004835247867679299,0.9886440543685797,0.006520697763740873,1
S000216,FIVES,AMD_WET,VIT_PCA128_MATCHED,AMD_WET,5,0.009163488801533098,0.9900168818468325,0.0008196293516343579,1
S000220,FIVES,AMD_WET,VIT_PCA128_MATCHED,AMD_WET,5,0.007982000134319952,0.9916947362528437,0.00032326361283645537,1
S000239,ODIR,NORMAL,VIT_PCA128_MATCHED,NORMAL,5,0.0003594769110415322,8.783423314451204e-06,0.999631739665644,1
S000251,ODIR,NORMAL,VIT_PCA128_MATCHED,NORMAL,5,0.027390863470943078,0.0004424801144206394,0.9721666564146363,1
S000257,ODIR,NORMAL,VIT_PCA128_MATCHED,NORMAL,5,0.00038766067536397987,4.798986907542911e-05,0.9995643494555606,1
S000263,ODIR,NORMAL,VIT_PCA128_MATCHED,NORMAL,5,0.004988236583558253,0.0009511258749578661,0.994060637541484,1
S000270,ODIR,NORMAL,VIT_PCA128_MATCHED,NORMAL,5,0.004714999668837024,0.00021026812269885238,0.9950747322084641,1
S000273,ODIR,NORMAL,VIT_PCA128_MATCHED,NORMAL,5,3.5651487341799414e-07,1.818397691649234e-07,0.9999994616453574,1
S000277,ODIR,NORMAL,VIT_PCA128_MATCHED,NORMAL,5,0.011789130461449682,0.00045727693342008797,0.9877535926051302,1
S000278,ODIR,NORMAL,VIT_PCA128_MATCHED,NORMAL,5,0.005061697489122966,0.014436087813509075,0.9805022146973676,1
S000296,ODIR,NORMAL,VIT_PCA128_MATCHED,NORMAL,5,0.044504010480704674,0.023910368233078055,0.9315856212862172,1
S000301,ODIR,NORMAL,VIT_PCA128_MATCHED,NORMAL,5,0.00855412950168444,0.004033149869877622,0.987412720628438,1
S000306,ODIR,NORMAL,VIT_PCA128_MATCHED,NORMAL,5,0.03095269614663023,0.020836582740381776,0.9482107211129879,1
S000308,ODIR,NORMAL,VIT_PCA128_MATCHED,NORMAL,5,0.05296886360274161,0.0004148078715494149,0.9466163285257091,1
S000319,ODIR,NORMAL,VIT_PCA128_MATCHED,NORMAL,5,4.421529398416699e-08,2.2129326226376944e-08,0.9999999336553799,1
S000324,ODIR,NORMAL,VIT_PCA128_MATCHED,NORMAL,5,0.032420120885664414,0.03562374570830105,0.9319561334060346,1
S000325,ODIR,NORMAL,VIT_PCA128_MATCHED,NORMAL,5,4.19801321684089e-07,2.108519862776626e-07,0.9999993693466921,1
S000328,ODIR,NORMAL,VIT_PCA128_MATCHED,NORMAL,5,0.0037036003561240474,5.5653493042972224e-05,0.9962407461508331,1
S000331,ODIR,NORMAL,VIT_PCA128_MATCHED,NORMAL,5,0.01337460339876273,0.0020121213484718585,0.9846132752527653,1
S000334,ODIR,NORMAL,VIT_PCA128_MATCHED,NORMAL,5,0.002973767740662349,0.00024305389063372505,0.9967831783687039,1
S000338,ODIR,NORMAL,VIT_PCA128_MATCHED,NORMAL,5,0.02209859019177076,0.005093858031232097,0.972807551776997,1
S000339,ODIR,NORMAL,VIT_PCA128_MATCHED,NORMAL,5,3.354482065581011e-07,1.7720380119181667e-07,0.9999994873479923,1
S000342,ODIR,NORMAL,VIT_PCA128_MATCHED,NORMAL,5,0.016009976998556424,0.012380785285899842,0.9716092377155437,1
S000348,ODIR,NORMAL,VIT_PCA128_MATCHED,NORMAL,5,0.09450416697100293,0.0009027063050034027,0.9045931267239936,1
S000354,ODIR,NORMAL,VIT_PCA128_MATCHED,NORMAL,5,0.017021836132704124,0.0008786215605378512,0.9820995423067581,1
S000357,ODIR,NORMAL,VIT_PCA128_MATCHED,NORMAL,5,0.0015576047232435555,0.0012207904723419297,0.9972216048044146,1
S000362,ODIR,NORMAL,VIT_PCA128_MATCHED,NORMAL,5,0.001876679568075669,0.00045479973532334234,0.9976685206966011,1
S000367,ODIR,AMD_DRY,VIT_PCA128_MATCHED,AMD_WET,0,0.37169431067051295,0.627165003314257,0.0011406860152301597,0
S000373,ODIR,AMD_DRY,VIT_PCA128_MATCHED,AMD_DRY,5,0.5678523598476677,0.17770502513337008,0.2544426150189621,1
S000375,ODIR,AMD_DRY,VIT_PCA128_MATCHED,AMD_DRY,5,0.9708020957899264,0.015360185009339247,0.013837719200734533,1
S000381,ODIR,AMD_DRY,VIT_PCA128_MATCHED,AMD_DRY,5,0.9480822868761967,0.05172274143134775,0.00019497169245549748,1
S000389,ODIR,AMD_DRY,VIT_PCA128_MATCHED,AMD_DRY,5,0.6746980158108973,0.053274211776018064,0.2720277724130846,1
S000394,ODIR,AMD_DRY,VIT_PCA128_MATCHED,AMD_DRY,5,0.8945183081927187,0.09760538869806941,0.007876303109211814,1
S000399,ODIR,AMD_DRY,VIT_PCA128_MATCHED,AMD_DRY,5,0.6105704137314218,0.3798544598298462,0.009575126438731874,1
S000411,ODIR,AMD_DRY,VIT_PCA128_MATCHED,AMD_DRY,5,0.9752798515129448,0.02173798122389932,0.002982167263155866,1
S000412,ODIR,AMD_DRY,VIT_PCA128_MATCHED,AMD_DRY,5,0.9971375113239647,0.0016629071357116133,0.0011995815403236867,1
S000417,ODIR,AMD_DRY,VIT_PCA128_MATCHED,AMD_DRY,5,0.9876800737929642,0.003786719801117399,0.008533206405918318,1
S000418,ODIR,AMD_DRY,VIT_PCA128_MATCHED,AMD_WET,0,0.23149151070471502,0.7676424783180711,0.0008660109772139161,0
S000423,ODIR,AMD_DRY,VIT_PCA128_MATCHED,AMD_DRY,5,0.8951813282355119,0.03541611774001371,0.06940255402447432,1
S000426,ODIR,AMD_DRY,VIT_PCA128_MATCHED,AMD_DRY,5,0.9870812887128185,0.007423924817088541,0.0054947864700930415,1
S000435,ODIR,AMD_DRY,VIT_PCA128_MATCHED,AMD_DRY,5,0.9992993755314348,0.0003380160524827297,0.0003626084160824767,1
S000440,ODIR,AMD_DRY,VIT_PCA128_MATCHED,NORMAL,0,0.01960273327131154,0.02382172446136245,0.9565755422673259,0
S000442,ODIR,AMD_DRY,VIT_PCA128_MATCHED,AMD_DRY,5,0.8896437538848545,0.0351263764389819,0.0752298696761637,1
S000448,ODIR,AMD_WET,VIT_PCA128_MATCHED,AMD_WET,5,0.03897266446307024,0.9579205332681285,0.003106802268801115,1
S000453,ODIR,AMD_WET,VIT_PCA128_MATCHED,AMD_WET,5,0.2769623621542502,0.722246698593168,0.0007909392525816867,1
S000457,ODIR,AMD_WET,VIT_PCA128_MATCHED,AMD_WET,5,0.005776980445163979,0.9928678126304102,0.0013552069244258144,1
S000458,ODIR,AMD_WET,VIT_PCA128_MATCHED,AMD_DRY,0,0.632616076045448,0.32732139810266603,0.04006252585188605,0
S000461,ODIR,AMD_WET,VIT_PCA128_MATCHED,AMD_WET,5,0.3809309832948702,0.6110884218839578,0.007980594821171789,1
S000464,ODIR,AMD_WET,VIT_PCA128_MATCHED,AMD_WET,5,0.008573324104069432,0.9913748508560178,5.1825039912664956e-05,1
S000473,RFMID,NORMAL,VIT_PCA128_MATCHED,NORMAL,5,1.2756877303904872e-08,9.658878957968142e-09,0.9999999775842436,1
S000482,RFMID,NORMAL,VIT_PCA128_MATCHED,NORMAL,5,9.863736358359689e-08,8.928774035341044e-08,0.9999998120748961,1
S000497,RFMID,NORMAL,VIT_PCA128_MATCHED,NORMAL,5,7.981501021477467e-08,8.85439990347007e-08,0.9999998316409908,1
S000499,RFMID,NORMAL,VIT_PCA128_MATCHED,AMD_WET,0,0.03456246616297414,0.5186844824204626,0.4467530514165632,0
S000500,RFMID,NORMAL,VIT_PCA128_MATCHED,NORMAL,5,0.0010268664398548212,0.00205423822297442,0.9969188953371708,1
S000505,RFMID,NORMAL,VIT_PCA128_MATCHED,NORMAL,5,5.391777967808343e-05,0.00044939938040809756,0.9994966828399139,1
S000512,RFMID,NORMAL,VIT_PCA128_MATCHED,NORMAL,5,0.00033980841567014743,7.044936422245676e-05,0.9995897422201073,1
S000514,RFMID,NORMAL,VIT_PCA128_MATCHED,NORMAL,5,2.7135136692210043e-07,2.883348368929201e-07,0.9999994403137962,1
S000521,RFMID,NORMAL,VIT_PCA128_MATCHED,NORMAL,5,1.696370496891146e-07,1.4936181680816703e-07,0.9999996810011336,1
S000524,RFMID,NORMAL,VIT_PCA128_MATCHED,NORMAL,5,7.296037801333396e-07,8.441409874793945e-07,0.9999984262552324,1
S000530,RFMID,NORMAL,VIT_PCA128_MATCHED,NORMAL,5,8.773751519695869e-07,7.089890781721631e-07,0.9999984136357698,1
S000534,RFMID,NORMAL,VIT_PCA128_MATCHED,NORMAL,5,2.654250117727167e-07,2.5732101587776056e-07,0.9999994772539724,1
S000540,RFMID,AMD_DRY,VIT_PCA128_MATCHED,AMD_WET,0,0.22804243396743962,0.7691554531761349,0.0028021128564256156,0
S000541,RFMID,AMD_DRY,VIT_PCA128_MATCHED,AMD_DRY,5,0.6451686281516423,0.3427272987369767,0.012104073111380998,1
S000544,RFMID,AMD_WET,VIT_PCA128_MATCHED,AMD_WET,5,0.03129543161293026,0.9644603041320323,0.004244264255037362,1
S000546,RFMID,AMD_WET,VIT_PCA128_MATCHED,AMD_WET,5,0.041486635361483656,0.9518556523495745,0.006657712288941664,1
S000549,RFMID,AMD_WET,VIT_PCA128_MATCHED,AMD_WET,5,1.5702871335582447e-07,0.9999112543604889,8.85886107977038e-05,1
S000560,RFMID,AMD_WET,VIT_PCA128_MATCHED,AMD_WET,5,0.0021040859485707006,0.9973886503059978,0.0005072637454315215,1
S000561,RFMID,AMD_WET,VIT_PCA128_MATCHED,AMD_WET,5,0.010574699984927386,0.9847883738128601,0.0046369262022125475,1
S000562,RFMID,AMD_WET,VIT_PCA128_MATCHED,AMD_WET,5,0.08987025863521494,0.9086313968200482,0.001498344544736847,1
S000563,RFMID,AMD_WET,VIT_PCA128_MATCHED,AMD_WET,5,0.013720753865144614,0.9824597533632826,0.0038194927715728215,1
S000564,RFMID,AMD_WET,VIT_PCA128_MATCHED,AMD_DRY,0,0.615597178639639,0.1459818703111388,0.23842095104922206,0
S000569,RFMID,AMD_WET,VIT_PCA128_MATCHED,AMD_WET,5,0.001982323100575641,0.9947452820878182,0.003272394811606281,1
S000593,RFMID,AMD_WET,VIT_PCA128_MATCHED,AMD_WET,5,0.0017289417261442512,0.9977019024455476,0.0005691558283080855,1
S000596,RFMID,AMD_WET,VIT_PCA128_MATCHED,AMD_WET,5,1.475778005928603e-06,0.9996766708631919,0.00032185335880214076,1
S000012,ADAM,AMD_DRY,VIT_RANDOM32_PCA128,AMD_DRY,5,0.9959588172398858,0.00378635817451736,0.00025482458559679877,1
S000014,ADAM,AMD_DRY,VIT_RANDOM32_PCA128,NORMAL,0,0.01746955151771338,0.002179628364484276,0.9803508201178023,0
S000016,ADAM,AMD_DRY,VIT_RANDOM32_PCA128,AMD_DRY,5,0.9124028044183039,0.05407464592167068,0.03352254966002561,1
S000020,ADAM,AMD_DRY,VIT_RANDOM32_PCA128,AMD_DRY,5,0.721228161748405,0.030913517733859065,0.24785832051773599,1
S000028,ADAM,AMD_DRY,VIT_RANDOM32_PCA128,NORMAL,0,0.3306127306153876,0.023777901399171717,0.6456093679854407,0
S000031,ADAM,AMD_DRY,VIT_RANDOM32_PCA128,NORMAL,0,0.31414715625473166,0.05538435216092955,0.6304684915843388,0
S000034,ADAM,AMD_DRY,VIT_RANDOM32_PCA128,AMD_DRY,5,0.9196000781460425,0.05761582127453065,0.022784100579427,1
S000036,ADAM,AMD_WET,VIT_RANDOM32_PCA128,AMD_DRY,0,0.9692902737823665,0.013162218437527429,0.017547507780105782,0
S000038,ADAM,AMD_WET,VIT_RANDOM32_PCA128,AMD_WET,5,0.09971063821217056,0.8979270876127607,0.0023622741750686524,1
S000050,ADAM,AMD_WET,VIT_RANDOM32_PCA128,AMD_WET,3,0.5017469245983643,0.4981006851508189,0.00015239025081663547,1
S000058,FIVES,NORMAL,VIT_RANDOM32_PCA128,NORMAL,5,0.0013851762788429727,0.004317726966482928,0.994297096754674,1
S000061,FIVES,NORMAL,VIT_RANDOM32_PCA128,NORMAL,5,1.8286972864422317e-06,1.033208359309346e-06,0.9999971380943542,1
S000070,FIVES,NORMAL,VIT_RANDOM32_PCA128,NORMAL,5,7.604985928837936e-09,5.070290581177299e-09,0.9999999873247235,1
S000073,FIVES,NORMAL,VIT_RANDOM32_PCA128,NORMAL,5,4.310181131878494e-08,2.2249641055353473e-08,0.9999999346485478,1
S000075,FIVES,NORMAL,VIT_RANDOM32_PCA128,NORMAL,5,6.334838856923255e-08,5.6284923440547364e-08,0.9999998803666881,1
S000076,FIVES,NORMAL,VIT_RANDOM32_PCA128,NORMAL,5,0.00019795750747296143,0.0008174536825417883,0.9989845888099854,1
S000080,FIVES,NORMAL,VIT_RANDOM32_PCA128,NORMAL,5,3.464320649772805e-08,2.4458290733376643e-08,0.9999999408985027,1
S000082,FIVES,NORMAL,VIT_RANDOM32_PCA128,NORMAL,5,1.0813797703702426e-06,9.059664404249827e-07,0.9999980126537892,1
S000086,FIVES,NORMAL,VIT_RANDOM32_PCA128,NORMAL,5,0.00982924674593631,0.0012286247887655232,0.9889421284652983,1
S000087,FIVES,NORMAL,VIT_RANDOM32_PCA128,NORMAL,5,1.362855248169747e-06,1.2993022095642748e-06,0.9999973378425423,1
S000104,FIVES,NORMAL,VIT_RANDOM32_PCA128,NORMAL,5,5.392297297952432e-08,3.917525293067545e-08,0.999999906901774,1
S000115,FIVES,NORMAL,VIT_RANDOM32_PCA128,NORMAL,5,0.001126007302906054,0.000572267292628925,0.998301725404465,1
S000116,FIVES,NORMAL,VIT_RANDOM32_PCA128,NORMAL,3,0.34820610286611137,0.09400777265856898,0.5577861244753196,1
S000127,FIVES,NORMAL,VIT_RANDOM32_PCA128,NORMAL,5,0.0028145968093614146,0.002200850357962604,0.994984552832676,1
S000129,FIVES,NORMAL,VIT_RANDOM32_PCA128,NORMAL,5,7.938923211039049e-08,4.190927327722944e-08,0.9999998787014945,1
S000132,FIVES,NORMAL,VIT_RANDOM32_PCA128,NORMAL,5,6.12958513071694e-11,4.287230990449678e-11,0.999999999895832,1
S000139,FIVES,NORMAL,VIT_RANDOM32_PCA128,NORMAL,5,0.003460968428381162,0.0017935664868371213,0.9947454650847817,1
S000140,FIVES,NORMAL,VIT_RANDOM32_PCA128,NORMAL,5,0.0012232915908716032,0.006641325786594871,0.9921353826225335,1
S000144,FIVES,NORMAL,VIT_RANDOM32_PCA128,NORMAL,5,0.0014332385920789374,0.0026723550173567215,0.9958944063905644,1
S000148,FIVES,NORMAL,VIT_RANDOM32_PCA128,NORMAL,5,0.0022707889945138768,0.010054204068460951,0.9876750069370251,1
S000152,FIVES,AMD_DRY,VIT_RANDOM32_PCA128,AMD_WET,0,0.06549911782316976,0.9327548361758105,0.001746046001019877,0
S000156,FIVES,AMD_DRY,VIT_RANDOM32_PCA128,AMD_WET,0,0.3797741216503508,0.6200027430812474,0.00022313526840173444,0
S000161,FIVES,AMD_DRY,VIT_RANDOM32_PCA128,AMD_WET,0,0.16699286681363154,0.8323913650412219,0.0006157681451465748,0
S000170,FIVES,AMD_WET,VIT_RANDOM32_PCA128,AMD_WET,5,0.0015101870367823858,0.9984283167719072,6.149619131044563e-05,1
S000172,FIVES,AMD_WET,VIT_RANDOM32_PCA128,AMD_WET,5,1.2937206979754813e-06,0.9993063642337127,0.0006923420455893437,1
S000173,FIVES,AMD_WET,VIT_RANDOM32_PCA128,AMD_WET,5,0.0008824018413726351,0.9989847022306414,0.0001328959279860906,1
S000174,FIVES,AMD_WET,VIT_RANDOM32_PCA128,AMD_WET,5,0.01600545492211622,0.983535527601523,0.00045901747636068363,1
S000190,FIVES,AMD_WET,VIT_RANDOM32_PCA128,AMD_WET,5,0.04046887372142567,0.9561418415745552,0.0033892847040190724,1
S000193,FIVES,AMD_WET,VIT_RANDOM32_PCA128,AMD_WET,5,0.005044078750145282,0.9945552363590207,0.0004006848908340834,1
S000200,FIVES,AMD_WET,VIT_RANDOM32_PCA128,AMD_DRY,2,0.5672792986074554,0.42194798892610336,0.010772712466441226,0
S000201,FIVES,AMD_WET,VIT_RANDOM32_PCA128,AMD_WET,5,0.002741337845378209,0.9971792628834857,7.939927113615585e-05,1
S000204,FIVES,AMD_WET,VIT_RANDOM32_PCA128,AMD_WET,5,2.403594884413441e-05,0.9947913383951553,0.005184625656000606,1
S000207,FIVES,AMD_WET,VIT_RANDOM32_PCA128,AMD_WET,5,0.005018423863625205,0.9949554364868828,2.6139649492027382e-05,1
S000208,FIVES,AMD_WET,VIT_RANDOM32_PCA128,AMD_WET,5,0.3353983850442961,0.5296949065420927,0.13490670841361113,1
S000213,FIVES,AMD_WET,VIT_RANDOM32_PCA128,AMD_WET,5,0.00725504357502924,0.9846576944454819,0.008087261979488912,1
S000216,FIVES,AMD_WET,VIT_RANDOM32_PCA128,AMD_WET,5,0.007717456446239697,0.9916217698755381,0.0006607736782223119,1
S000220,FIVES,AMD_WET,VIT_RANDOM32_PCA128,AMD_WET,5,0.007201948890684641,0.9925545822939826,0.0002434688153328748,1
S000239,ODIR,NORMAL,VIT_RANDOM32_PCA128,NORMAL,5,1.2798279375290526e-06,6.402846496864223e-07,0.9999980798874128,1
S000251,ODIR,NORMAL,VIT_RANDOM32_PCA128,NORMAL,5,0.025706717178421944,0.0003853795211368981,0.9739079033004412,1
S000257,ODIR,NORMAL,VIT_RANDOM32_PCA128,NORMAL,5,2.442225865452901e-06,1.253963105295251e-06,0.9999963038110293,1
S000263,ODIR,NORMAL,VIT_RANDOM32_PCA128,NORMAL,5,0.0035035286863783813,0.0009215495179787354,0.9955749217956429,1
S000270,ODIR,NORMAL,VIT_RANDOM32_PCA128,NORMAL,5,0.00437228670269528,0.00019443955248696874,0.9954332737448176,1
S000273,ODIR,NORMAL,VIT_RANDOM32_PCA128,NORMAL,5,1.6865287385838386e-07,8.576434637355193e-08,0.9999997455827797,1
S000277,ODIR,NORMAL,VIT_RANDOM32_PCA128,NORMAL,5,0.010972235018328863,0.00042454248076601454,0.9886032225009052,1
S000278,ODIR,NORMAL,VIT_RANDOM32_PCA128,NORMAL,5,0.004107049727986417,0.012565066534430847,0.9833278837375827,1
S000296,ODIR,NORMAL,VIT_RANDOM32_PCA128,NORMAL,5,0.03480774137874694,0.018404208204822445,0.9467880504164305,1
S000301,ODIR,NORMAL,VIT_RANDOM32_PCA128,NORMAL,5,0.0059784384558015154,0.0030432408282154225,0.9909783207159831,1
S000306,ODIR,NORMAL,VIT_RANDOM32_PCA128,NORMAL,5,0.026940039531197106,0.017855878266409508,0.9552040822023933,1
S000308,ODIR,NORMAL,VIT_RANDOM32_PCA128,NORMAL,5,0.045440238129004294,0.0003498066988087562,0.954209955172187,1
S000319,ODIR,NORMAL,VIT_RANDOM32_PCA128,NORMAL,5,3.1388064787604484e-08,1.5704154602862153e-08,0.9999999529077807,1
S000324,ODIR,NORMAL,VIT_RANDOM32_PCA128,NORMAL,5,0.029016196923259498,0.03460515943115563,0.936378643645585,1
S000325,ODIR,NORMAL,VIT_RANDOM32_PCA128,NORMAL,5,2.2986455430593517e-07,1.1561725285120195e-07,0.999999654518193,1
S000328,ODIR,NORMAL,VIT_RANDOM32_PCA128,NORMAL,5,0.0036518036615250855,5.459480415954117e-05,0.9962936015343153,1
S000331,ODIR,NORMAL,VIT_RANDOM32_PCA128,NORMAL,5,0.01049689166801663,0.0017046955596975257,0.9877984127722857,1
S000334,ODIR,NORMAL,VIT_RANDOM32_PCA128,NORMAL,5,0.0024764211219027816,0.0001366788744021509,0.997386900003695,1
S000338,ODIR,NORMAL,VIT_RANDOM32_PCA128,NORMAL,5,0.01648034026898832,0.004159731050531077,0.9793599286804808,1
S000339,ODIR,NORMAL,VIT_RANDOM32_PCA128,NORMAL,5,2.8918599173614424e-07,1.503687181911373e-07,0.99999956044529,1
S000342,ODIR,NORMAL,VIT_RANDOM32_PCA128,NORMAL,5,0.012917301616681883,0.010813955593104272,0.9762687427902138,1
S000348,ODIR,NORMAL,VIT_RANDOM32_PCA128,NORMAL,5,0.1012458470941516,0.0010677305876437408,0.8976864223182046,1
S000354,ODIR,NORMAL,VIT_RANDOM32_PCA128,NORMAL,5,0.011889775651220255,0.0008125612347618464,0.987297663114018,1
S000357,ODIR,NORMAL,VIT_RANDOM32_PCA128,NORMAL,5,0.0010415932091683128,0.0007963617907531334,0.9981620450000784,1
S000362,ODIR,NORMAL,VIT_RANDOM32_PCA128,NORMAL,5,0.0014077902671678411,0.0002394466490983663,0.9983527630837339,1
S000367,ODIR,AMD_DRY,VIT_RANDOM32_PCA128,AMD_WET,1,0.42161385153934716,0.577545274900803,0.0008408735598499747,0
S000373,ODIR,AMD_DRY,VIT_RANDOM32_PCA128,AMD_DRY,5,0.562617370625397,0.16266240128010281,0.27472022809450014,1
S000375,ODIR,AMD_DRY,VIT_RANDOM32_PCA128,AMD_DRY,5,0.9731150225532732,0.012335415240801173,0.014549562205925506,1
S000381,ODIR,AMD_DRY,VIT_RANDOM32_PCA128,AMD_DRY,5,0.9564141325780146,0.04344335517093699,0.0001425122510485342,1
S000389,ODIR,AMD_DRY,VIT_RANDOM32_PCA128,AMD_DRY,5,0.6637633191433506,0.05767475007058524,0.27856193078606406,1
S000394,ODIR,AMD_DRY,VIT_RANDOM32_PCA128,AMD_DRY,5,0.9162514911667989,0.0780854798402951,0.005663028992906083,1
S000399,ODIR,AMD_DRY,VIT_RANDOM32_PCA128,AMD_DRY,5,0.6675103025864059,0.32529216306515385,0.0071975343484402725,1
S000411,ODIR,AMD_DRY,VIT_RANDOM32_PCA128,AMD_DRY,5,0.975739002119593,0.02106360630188987,0.003197391578517361,1
S000412,ODIR,AMD_DRY,VIT_RANDOM32_PCA128,AMD_DRY,5,0.9978016398737584,0.001185071976407503,0.0010132881498340763,1
S000417,ODIR,AMD_DRY,VIT_RANDOM32_PCA128,AMD_DRY,5,0.9845208510025222,0.005889047245967171,0.009590101751510812,1
S000418,ODIR,AMD_DRY,VIT_RANDOM32_PCA128,AMD_WET,0,0.2406448869753471,0.7585535273672166,0.0008015856574362578,0
S000423,ODIR,AMD_DRY,VIT_RANDOM32_PCA128,AMD_DRY,5,0.8692760443026177,0.03965087367685109,0.09107308202053124,1
S000426,ODIR,AMD_DRY,VIT_RANDOM32_PCA128,AMD_DRY,5,0.98740866981053,0.007121996970548381,0.005469333218921532,1
S000435,ODIR,AMD_DRY,VIT_RANDOM32_PCA128,AMD_DRY,5,0.9992926880213222,0.00031367216013559416,0.0003936398185421937,1
S000440,ODIR,AMD_DRY,VIT_RANDOM32_PCA128,NORMAL,0,0.014843133894540592,0.019504027348956517,0.9656528387565029,0
S000442,ODIR,AMD_DRY,VIT_RANDOM32_PCA128,AMD_DRY,5,0.8895381697506487,0.03569439584898319,0.07476743440036815,1
S000448,ODIR,AMD_WET,VIT_RANDOM32_PCA128,AMD_WET,5,0.0496391928144214,0.9474612022360628,0.002899604949515736,1
S000453,ODIR,AMD_WET,VIT_RANDOM32_PCA128,AMD_WET,5,0.29081068885562006,0.7085701600548747,0.0006191510895052578,1
S000457,ODIR,AMD_WET,VIT_RANDOM32_PCA128,AMD_WET,5,0.006579877606502596,0.9922565072151803,0.001163615178317283,1
S000458,ODIR,AMD_WET,VIT_RANDOM32_PCA128,AMD_DRY,1,0.6270781734137018,0.33396370193110914,0.03895812465518912,0
S000461,ODIR,AMD_WET,VIT_RANDOM32_PCA128,AMD_WET,5,0.3900467748044932,0.6036349065051515,0.0063183186903552945,1
S000464,ODIR,AMD_WET,VIT_RANDOM32_PCA128,AMD_WET,5,0.010303465600992729,0.989643366752032,5.316764697528806e-05,1
S000473,RFMID,NORMAL,VIT_RANDOM32_PCA128,NORMAL,5,9.765573411972286e-09,7.399332031802484e-09,0.9999999828350946,1
S000482,RFMID,NORMAL,VIT_RANDOM32_PCA128,NORMAL,5,1.103386561196537e-07,9.672504802567535e-08,0.9999997929362958,1
S000497,RFMID,NORMAL,VIT_RANDOM32_PCA128,NORMAL,5,7.912341512883866e-08,8.583785125875847e-08,0.9999998350387337,1
S000499,RFMID,NORMAL,VIT_RANDOM32_PCA128,NORMAL,3,0.03267454651094513,0.4696299419266926,0.4976955115623623,1
S000500,RFMID,NORMAL,VIT_RANDOM32_PCA128,NORMAL,5,0.0011106012753990652,0.0017997657285442486,0.9970896329960567,1
S000505,RFMID,NORMAL,VIT_RANDOM32_PCA128,NORMAL,5,5.1147752960011876e-05,0.00033529814849834517,0.9996135540985416,1
S000512,RFMID,NORMAL,VIT_RANDOM32_PCA128,NORMAL,5,2.8257687596075763e-06,1.6866346894273635e-06,0.9999954875965511,1
S000514,RFMID,NORMAL,VIT_RANDOM32_PCA128,NORMAL,5,2.6149479933078705e-07,2.560103263692807e-07,0.9999994824948744,1
S000521,RFMID,NORMAL,VIT_RANDOM32_PCA128,NORMAL,5,1.5112715946757248e-07,1.2261969149003385e-07,0.999999726253149,1
S000524,RFMID,NORMAL,VIT_RANDOM32_PCA128,NORMAL,5,5.878085967620131e-07,6.793800965766886e-07,0.9999987328113067,1
S000530,RFMID,NORMAL,VIT_RANDOM32_PCA128,NORMAL,5,5.709857792286673e-07,4.4020014586789726e-07,0.999998988814075,1
S000534,RFMID,NORMAL,VIT_RANDOM32_PCA128,NORMAL,5,1.3795980576094447e-07,1.3329784929301846e-07,0.9999997287423449,1
S000540,RFMID,AMD_DRY,VIT_RANDOM32_PCA128,AMD_WET,0,0.2056456445484168,0.7925573146462599,0.0017970408053234095,0
S000541,RFMID,AMD_DRY,VIT_RANDOM32_PCA128,AMD_DRY,5,0.6170786433816228,0.3727655269990741,0.010155829619303081,1
S000544,RFMID,AMD_WET,VIT_RANDOM32_PCA128,AMD_WET,5,0.03350617384136876,0.9631384325640372,0.003355393594594025,1
S000546,RFMID,AMD_WET,VIT_RANDOM32_PCA128,AMD_WET,5,0.043101669148446806,0.9513879572787228,0.005510373572830324,1
S000549,RFMID,AMD_WET,VIT_RANDOM32_PCA128,AMD_WET,5,1.547956023264557e-07,0.9999245121198503,7.533308454724978e-05,1
S000560,RFMID,AMD_WET,VIT_RANDOM32_PCA128,AMD_WET,5,0.002495176154449042,0.9970537166707911,0.0004511071747596637,1
S000561,RFMID,AMD_WET,VIT_RANDOM32_PCA128,AMD_WET,5,0.010065810680888135,0.9862517828161701,0.00368240650294165,1
S000562,RFMID,AMD_WET,VIT_RANDOM32_PCA128,AMD_WET,5,0.10875180756002922,0.8897608209307645,0.001487371509206172,1
S000563,RFMID,AMD_WET,VIT_RANDOM32_PCA128,AMD_WET,5,0.011893134929942274,0.9848204463846724,0.003286418685385279,1
S000564,RFMID,AMD_WET,VIT_RANDOM32_PCA128,AMD_DRY,0,0.6134730907636906,0.16096751872302936,0.22555939051327992,0
S000569,RFMID,AMD_WET,VIT_RANDOM32_PCA128,AMD_WET,5,0.0023367028378819474,0.9943568506477636,0.003306446514354592,1
S000593,RFMID,AMD_WET,VIT_RANDOM32_PCA128,AMD_WET,5,0.0012463221945952186,0.998393043667502,0.00036063413790271077,1
S000596,RFMID,AMD_WET,VIT_RANDOM32_PCA128,AMD_WET,5,9.002312409788563e-07,0.9997877247823979,0.00021137498636106326,1
S000012,ADAM,AMD_DRY,VIT_GENERIC32_PCA128,AMD_DRY,5,0.9969953891241674,0.0028339320256336653,0.0001706788501988073,1
S000014,ADAM,AMD_DRY,VIT_GENERIC32_PCA128,NORMAL,0,0.033077584285636646,0.0069422902595556776,0.9599801254548076,0
S000016,ADAM,AMD_DRY,VIT_GENERIC32_PCA128,AMD_DRY,5,0.9262765545628266,0.04697230408137925,0.02675114135579415,1
S000020,ADAM,AMD_DRY,VIT_GENERIC32_PCA128,AMD_DRY,5,0.8148036543910055,0.030772247661723068,0.1544240979472713,1
S000028,ADAM,AMD_DRY,VIT_GENERIC32_PCA128,AMD_DRY,5,0.6030754304269269,0.03830870839114498,0.35861586118192823,1
S000031,ADAM,AMD_DRY,VIT_GENERIC32_PCA128,NORMAL,0,0.1628554849287785,0.04886414187648562,0.7882803731947359,0
S000034,ADAM,AMD_DRY,VIT_GENERIC32_PCA128,AMD_DRY,5,0.9194993176836389,0.06303701819649568,0.01746366411986528,1
S000036,ADAM,AMD_WET,VIT_GENERIC32_PCA128,AMD_DRY,0,0.9804521426505491,0.01263126452203078,0.00691659282741996,0
S000038,ADAM,AMD_WET,VIT_GENERIC32_PCA128,AMD_WET,5,0.07944206376959165,0.918215373683617,0.0023425625467911613,1
S000050,ADAM,AMD_WET,VIT_GENERIC32_PCA128,AMD_DRY,2,0.5596674361082133,0.44018310768220614,0.00014945620958067954,0
S000058,FIVES,NORMAL,VIT_GENERIC32_PCA128,NORMAL,5,0.0015445174411569007,0.005883732662153327,0.9925717498966898,1
S000061,FIVES,NORMAL,VIT_GENERIC32_PCA128,NORMAL,5,0.000340625259247556,6.118803290119194e-05,0.9995981867078513,1
S000070,FIVES,NORMAL,VIT_GENERIC32_PCA128,NORMAL,5,1.4605100309875323e-08,9.825956360755815e-09,0.9999999755689434,1
S000073,FIVES,NORMAL,VIT_GENERIC32_PCA128,NORMAL,5,7.948242949856732e-08,4.162721923129294e-08,0.9999998788903512,1
S000075,FIVES,NORMAL,VIT_GENERIC32_PCA128,NORMAL,5,1.7533635873417664e-07,1.7450288169747867e-07,0.9999996501607595,1
S000076,FIVES,NORMAL,VIT_GENERIC32_PCA128,NORMAL,5,0.00011875344770932636,0.0009086450553361667,0.9989726014969544,1
S000080,FIVES,NORMAL,VIT_GENERIC32_PCA128,NORMAL,5,1.4656843424651835e-08,1.1445540148218872e-08,0.9999999738976164,1
S000082,FIVES,NORMAL,VIT_GENERIC32_PCA128,NORMAL,5,7.010694222613162e-07,6.267080570918416e-07,0.9999986722225206,1
S000086,FIVES,NORMAL,VIT_GENERIC32_PCA128,NORMAL,5,0.009566614785429155,0.0014683171640570095,0.9889650680505138,1
S000087,FIVES,NORMAL,VIT_GENERIC32_PCA128,NORMAL,5,1.7033144291516396e-06,1.7639571105164585e-06,0.9999965327284602,1
S000104,FIVES,NORMAL,VIT_GENERIC32_PCA128,NORMAL,5,5.1990098995975183e-08,4.46629503539676e-08,0.9999999033469507,1
S000115,FIVES,NORMAL,VIT_GENERIC32_PCA128,NORMAL,5,0.003882332620436178,0.0020583779365539448,0.9940592894430098,1
S000116,FIVES,NORMAL,VIT_GENERIC32_PCA128,AMD_DRY,0,0.4277862779400827,0.2109531503498907,0.36126057171002657,0
S000127,FIVES,NORMAL,VIT_GENERIC32_PCA128,NORMAL,5,0.001681131024664477,0.0016210466761374717,0.996697822299198,1
S000129,FIVES,NORMAL,VIT_GENERIC32_PCA128,NORMAL,5,2.0046812535592718e-07,1.073879526683973e-07,0.9999996921439219,1
S000132,FIVES,NORMAL,VIT_GENERIC32_PCA128,NORMAL,5,3.1411019327785354e-11,2.299571645106821e-11,0.9999999999455932,1
S000139,FIVES,NORMAL,VIT_GENERIC32_PCA128,NORMAL,5,0.0041298840686857085,0.0021587924648007882,0.9937113234665136,1
S000140,FIVES,NORMAL,VIT_GENERIC32_PCA128,NORMAL,5,0.0008466888034711097,0.006509227102531987,0.9926440840939967,1
S000144,FIVES,NORMAL,VIT_GENERIC32_PCA128,NORMAL,5,0.0020714158307848485,0.003743212495017275,0.994185371674198,1
S000148,FIVES,NORMAL,VIT_GENERIC32_PCA128,NORMAL,5,0.002059851624006509,0.00921014828964861,0.9887300000863449,1
S000152,FIVES,AMD_DRY,VIT_GENERIC32_PCA128,AMD_WET,0,0.07254160397751519,0.926145743537688,0.0013126524847969791,0
S000156,FIVES,AMD_DRY,VIT_GENERIC32_PCA128,AMD_WET,0,0.28899813451792755,0.7108716187983568,0.00013024668371562577,0
S000161,FIVES,AMD_DRY,VIT_GENERIC32_PCA128,AMD_WET,0,0.15443604793814905,0.8449809856004091,0.0005829664614418462,0
S000170,FIVES,AMD_WET,VIT_GENERIC32_PCA128,AMD_WET,5,0.0017339856327105475,0.9981967975801984,6.921678709111598e-05,1
S000172,FIVES,AMD_WET,VIT_GENERIC32_PCA128,AMD_WET,5,2.2142993785016313e-06,0.9990303672768015,0.0009674184238199774,1
S000173,FIVES,AMD_WET,VIT_GENERIC32_PCA128,AMD_WET,5,0.00048286257896492854,0.9994138523089807,0.0001032851120543052,1
S000174,FIVES,AMD_WET,VIT_GENERIC32_PCA128,AMD_WET,5,0.013987859927893148,0.9855488501470259,0.0004632899250809327,1
S000190,FIVES,AMD_WET,VIT_GENERIC32_PCA128,AMD_WET,5,0.04701421535601448,0.9485832548827068,0.004402529761278815,1
S000193,FIVES,AMD_WET,VIT_GENERIC32_PCA128,AMD_WET,5,0.005222386898365202,0.9943072907166357,0.00047032238499890706,1
S000200,FIVES,AMD_WET,VIT_GENERIC32_PCA128,AMD_WET,3,0.5180642672025482,0.4770268003677283,0.004908932429723591,1
S000201,FIVES,AMD_WET,VIT_GENERIC32_PCA128,AMD_WET,5,0.0024930218421945665,0.9974405277574107,6.645040039479878e-05,1
S000204,FIVES,AMD_WET,VIT_GENERIC32_PCA128,AMD_WET,5,0.00024504551922324035,0.9919161101428864,0.007838844337890264,1
S000207,FIVES,AMD_WET,VIT_GENERIC32_PCA128,AMD_WET,5,0.0022701487374929105,0.9977053764585474,2.4474803959681783e-05,1
S000208,FIVES,AMD_WET,VIT_GENERIC32_PCA128,AMD_WET,5,0.3660383953056641,0.547973739858532,0.08598786483580381,1
S000213,FIVES,AMD_WET,VIT_GENERIC32_PCA128,AMD_WET,5,0.005423379006270856,0.989206578132434,0.0053700428612953625,1
S000216,FIVES,AMD_WET,VIT_GENERIC32_PCA128,AMD_WET,5,0.009321039838661812,0.98989395906883,0.000785001092507988,1
S000220,FIVES,AMD_WET,VIT_GENERIC32_PCA128,AMD_WET,5,0.005468041428636147,0.9943411294771736,0.00019082909419032272,1
S000239,ODIR,NORMAL,VIT_GENERIC32_PCA128,NORMAL,5,4.4201594002762384e-07,2.2153368751566853e-07,0.9999993364503725,1
S000251,ODIR,NORMAL,VIT_GENERIC32_PCA128,NORMAL,5,0.02406033942111128,0.0002885219355651396,0.9756511386433238,1
S000257,ODIR,NORMAL,VIT_GENERIC32_PCA128,NORMAL,5,2.0967380801508945e-06,1.0845593386250206e-06,0.9999968187025813,1
S000263,ODIR,NORMAL,VIT_GENERIC32_PCA128,NORMAL,5,0.0008406925124029897,0.0002970559987267345,0.9988622514888703,1
S000270,ODIR,NORMAL,VIT_GENERIC32_PCA128,NORMAL,5,0.0037457505484574743,0.00016038236395030656,0.9960938670875923,1
S000273,ODIR,NORMAL,VIT_GENERIC32_PCA128,NORMAL,5,9.459161847001688e-08,4.8240505962491386e-08,0.9999998571678755,1
S000277,ODIR,NORMAL,VIT_GENERIC32_PCA128,NORMAL,5,0.007895824706818873,0.00028218409480465,0.9918219911983766,1
S000278,ODIR,NORMAL,VIT_GENERIC32_PCA128,NORMAL,5,0.006084363493356529,0.012912707039637225,0.9810029294670063,1
S000296,ODIR,NORMAL,VIT_GENERIC32_PCA128,NORMAL,5,0.049020557841002545,0.02350379601401044,0.927475646144987,1
S000301,ODIR,NORMAL,VIT_GENERIC32_PCA128,NORMAL,5,0.015088600153992077,0.0038572771185706304,0.9810541227274374,1
S000306,ODIR,NORMAL,VIT_GENERIC32_PCA128,NORMAL,5,0.02116135472368924,0.01631948318848031,0.9625191620878304,1
S000308,ODIR,NORMAL,VIT_GENERIC32_PCA128,NORMAL,5,0.02949731631691862,0.0003056998360527382,0.9701969838470287,1
S000319,ODIR,NORMAL,VIT_GENERIC32_PCA128,NORMAL,5,6.830534197886904e-08,3.419118819236322e-08,0.9999998975034698,1
S000324,ODIR,NORMAL,VIT_GENERIC32_PCA128,NORMAL,5,0.02996053838171171,0.026024057107462827,0.9440154045108254,1
S000325,ODIR,NORMAL,VIT_GENERIC32_PCA128,NORMAL,5,1.4688517526620708e-07,7.417859363597862e-08,0.9999997789362312,1
S000328,ODIR,NORMAL,VIT_GENERIC32_PCA128,NORMAL,5,0.0020743473718774063,2.8054624439738716e-05,0.9978975980036828,1
S000331,ODIR,NORMAL,VIT_GENERIC32_PCA128,NORMAL,5,0.01300774457609235,0.0017415917821920804,0.9852506636417155,1
S000334,ODIR,NORMAL,VIT_GENERIC32_PCA128,NORMAL,5,0.0003943542754018325,4.797571164957743e-05,0.9995576700129487,1
S000338,ODIR,NORMAL,VIT_GENERIC32_PCA128,NORMAL,5,0.024296180049291724,0.004722936181157024,0.9709808837695512,1
S000339,ODIR,NORMAL,VIT_GENERIC32_PCA128,NORMAL,5,5.892170556320656e-07,3.098709421979352e-07,0.9999991009120022,1
S000342,ODIR,NORMAL,VIT_GENERIC32_PCA128,NORMAL,5,0.01202938090586256,0.010468321615680624,0.9775022974784567,1
S000348,ODIR,NORMAL,VIT_GENERIC32_PCA128,NORMAL,5,0.06810562744872317,0.0007276139078652607,0.9311667586434116,1
S000354,ODIR,NORMAL,VIT_GENERIC32_PCA128,NORMAL,5,0.03557996384667943,0.0015398732111467795,0.9628801629421737,1
S000357,ODIR,NORMAL,VIT_GENERIC32_PCA128,NORMAL,5,0.001837886776575967,0.0007034263097367671,0.9974586869136873,1
S000362,ODIR,NORMAL,VIT_GENERIC32_PCA128,NORMAL,5,0.0005301292257135133,4.803108083120715e-05,0.9994218396934553,1
S000367,ODIR,AMD_DRY,VIT_GENERIC32_PCA128,AMD_WET,0,0.3612882267624594,0.6378160120521218,0.0008957611854186999,0
S000373,ODIR,AMD_DRY,VIT_GENERIC32_PCA128,AMD_DRY,5,0.454109633194158,0.1759966893295076,0.3698936774763344,1
S000375,ODIR,AMD_DRY,VIT_GENERIC32_PCA128,AMD_DRY,5,0.9766150883660003,0.014256967488395889,0.009127944145603705,1
S000381,ODIR,AMD_DRY,VIT_GENERIC32_PCA128,AMD_DRY,5,0.9443933708211609,0.05549275499131183,0.00011387418752727795,1
S000389,ODIR,AMD_DRY,VIT_GENERIC32_PCA128,AMD_DRY,5,0.7786653049363412,0.03978150450834989,0.18155319055530889,1
S000394,ODIR,AMD_DRY,VIT_GENERIC32_PCA128,AMD_DRY,5,0.9024912271443094,0.09112163139448716,0.00638714146120338,1
S000399,ODIR,AMD_DRY,VIT_GENERIC32_PCA128,AMD_DRY,5,0.7070516207573936,0.28653637575099256,0.006412003491613996,1
S000411,ODIR,AMD_DRY,VIT_GENERIC32_PCA128,AMD_DRY,5,0.9736488130170354,0.02437691761174297,0.0019742693712216297,1
S000412,ODIR,AMD_DRY,VIT_GENERIC32_PCA128,AMD_DRY,5,0.9970858538299806,0.0017958279360525138,0.0011183182339669254,1
S000417,ODIR,AMD_DRY,VIT_GENERIC32_PCA128,AMD_DRY,5,0.9936554301086217,0.002997932814664958,0.0033466370767133657,1
S000418,ODIR,AMD_DRY,VIT_GENERIC32_PCA128,AMD_WET,0,0.2444210725560084,0.7545845906388199,0.0009943368051717047,0
S000423,ODIR,AMD_DRY,VIT_GENERIC32_PCA128,AMD_DRY,5,0.8871888497251718,0.03399133495871598,0.07881981531611218,1
S000426,ODIR,AMD_DRY,VIT_GENERIC32_PCA128,AMD_DRY,5,0.9858341703625415,0.007066540190326061,0.007099289447132342,1
S000435,ODIR,AMD_DRY,VIT_GENERIC32_PCA128,AMD_DRY,5,0.9987716907332247,0.0004381290347015513,0.0007901802320737928,1
S000440,ODIR,AMD_DRY,VIT_GENERIC32_PCA128,NORMAL,0,0.017616440810256553,0.0192312957236973,0.963152263466046,0
S000442,ODIR,AMD_DRY,VIT_GENERIC32_PCA128,AMD_DRY,5,0.9026389460151252,0.04474806875184541,0.052612985233029465,1
S000448,ODIR,AMD_WET,VIT_GENERIC32_PCA128,AMD_WET,5,0.0406227901604851,0.95656454871422,0.002812661125294864,1
S000453,ODIR,AMD_WET,VIT_GENERIC32_PCA128,AMD_WET,5,0.295510826835196,0.7038053605429783,0.0006838126218257064,1
S000457,ODIR,AMD_WET,VIT_GENERIC32_PCA128,AMD_WET,5,0.007387811109546745,0.9912223556125337,0.001389833277919481,1
S000458,ODIR,AMD_WET,VIT_GENERIC32_PCA128,AMD_DRY,0,0.6320220264429277,0.33501686295191346,0.03296111060515874,0
S000461,ODIR,AMD_WET,VIT_GENERIC32_PCA128,AMD_WET,5,0.3251601196502701,0.6675342954394967,0.007305584910233387,1
S000464,ODIR,AMD_WET,VIT_GENERIC32_PCA128,AMD_WET,5,0.008538515102741897,0.9913972723304459,6.421256681219165e-05,1
S000473,RFMID,NORMAL,VIT_GENERIC32_PCA128,NORMAL,5,1.0701102785778432e-08,8.605660446868975e-09,0.9999999806932369,1
S000482,RFMID,NORMAL,VIT_GENERIC32_PCA128,NORMAL,5,7.152039684507835e-08,6.592600579005642e-08,0.9999998625535973,1
S000497,RFMID,NORMAL,VIT_GENERIC32_PCA128,NORMAL,5,4.734838889485579e-08,5.310503831328929e-08,0.9999998995465728,1
S000499,RFMID,NORMAL,VIT_GENERIC32_PCA128,NORMAL,4,0.03007952199589658,0.4319581829332401,0.5379622950708632,1
S000500,RFMID,NORMAL,VIT_GENERIC32_PCA128,NORMAL,5,0.0006816807734114582,0.0012038324883130397,0.9981144867382754,1
S000505,RFMID,NORMAL,VIT_GENERIC32_PCA128,NORMAL,5,4.14964476313136e-05,0.0004230551265036934,0.999535448425865,1
S000512,RFMID,NORMAL,VIT_GENERIC32_PCA128,NORMAL,5,2.385700215675496e-06,1.428077912703843e-06,0.9999961862218717,1
S000514,RFMID,NORMAL,VIT_GENERIC32_PCA128,NORMAL,5,2.2006509682938616e-07,2.2002910655908664e-07,0.9999995599057966,1
S000521,RFMID,NORMAL,VIT_GENERIC32_PCA128,NORMAL,5,1.1055610971811758e-07,1.0063620382829513e-07,0.9999997888076864,1
S000524,RFMID,NORMAL,VIT_GENERIC32_PCA128,NORMAL,5,4.85232157326241e-07,5.601349329272614e-07,0.9999989546329097,1
S000530,RFMID,NORMAL,VIT_GENERIC32_PCA128,NORMAL,5,4.642498461700656e-07,3.8738087961220596e-07,0.9999991483692743,1
S000534,RFMID,NORMAL,VIT_GENERIC32_PCA128,NORMAL,5,1.700502183083277e-07,1.7257785332747516e-07,0.9999996573719283,1
S000540,RFMID,AMD_DRY,VIT_GENERIC32_PCA128,AMD_WET,0,0.21186578923696872,0.7857662508205434,0.002367959942487873,0
S000541,RFMID,AMD_DRY,VIT_GENERIC32_PCA128,AMD_DRY,5,0.5824287826284803,0.40568800439064967,0.01188321298087002,1
S000544,RFMID,AMD_WET,VIT_GENERIC32_PCA128,AMD_WET,5,0.052270901735023946,0.9402334499958128,0.007495648269163326,1
S000546,RFMID,AMD_WET,VIT_GENERIC32_PCA128,AMD_WET,5,0.0751477174144903,0.9095336970763512,0.015318585509158576,1
S000549,RFMID,AMD_WET,VIT_GENERIC32_PCA128,AMD_WET,5,1.8250727847710109e-07,0.9999227203935461,7.709709917537064e-05,1
S000560,RFMID,AMD_WET,VIT_GENERIC32_PCA128,AMD_WET,5,0.0033109346668861125,0.9961469557963936,0.0005421095367203508,1
S000561,RFMID,AMD_WET,VIT_GENERIC32_PCA128,AMD_WET,5,0.010936006406598421,0.9849309993941372,0.004132994199264351,1
S000562,RFMID,AMD_WET,VIT_GENERIC32_PCA128,AMD_WET,5,0.09445752100832519,0.9043201867506893,0.0012222922409854918,1
S000563,RFMID,AMD_WET,VIT_GENERIC32_PCA128,AMD_WET,5,0.012595035664642845,0.983410856422956,0.00399410791240116,1
S000564,RFMID,AMD_WET,VIT_GENERIC32_PCA128,AMD_DRY,0,0.6210555511417206,0.15639911921069002,0.2225453296475893,0
S000569,RFMID,AMD_WET,VIT_GENERIC32_PCA128,AMD_WET,5,0.0023044240947656114,0.9944030557467342,0.003292520158500161,1
S000593,RFMID,AMD_WET,VIT_GENERIC32_PCA128,AMD_WET,5,0.0014509692453715992,0.9981128341652481,0.00043619658938041304,1
S000596,RFMID,AMD_WET,VIT_GENERIC32_PCA128,AMD_WET,5,1.2303772620228345e-06,0.9997577030934452,0.00024106652929271527,1
S000012,ADAM,AMD_DRY,VIT_HANDCRAFTED32_PCA128_PROPOSED,AMD_DRY,5,0.995957986096462,0.0038254227995135393,0.0002165911040245207,1
S000014,ADAM,AMD_DRY,VIT_HANDCRAFTED32_PCA128_PROPOSED,NORMAL,0,0.014219727404034955,0.0032161053823237216,0.9825641672136414,0
S000016,ADAM,AMD_DRY,VIT_HANDCRAFTED32_PCA128_PROPOSED,AMD_DRY,5,0.9215376570772017,0.04863558117146161,0.029826761751336656,1
S000020,ADAM,AMD_DRY,VIT_HANDCRAFTED32_PCA128_PROPOSED,AMD_DRY,5,0.7999031887422973,0.02578786296936205,0.17430894828834056,1
S000028,ADAM,AMD_DRY,VIT_HANDCRAFTED32_PCA128_PROPOSED,NORMAL,0,0.35973322583575623,0.029301649786413874,0.6109651243778299,0
S000031,ADAM,AMD_DRY,VIT_HANDCRAFTED32_PCA128_PROPOSED,NORMAL,0,0.15588837153276858,0.0456913586313876,0.7984202698358438,0
S000034,ADAM,AMD_DRY,VIT_HANDCRAFTED32_PCA128_PROPOSED,AMD_DRY,5,0.9379886310678703,0.045533637037831434,0.01647773189429818,1
S000036,ADAM,AMD_WET,VIT_HANDCRAFTED32_PCA128_PROPOSED,AMD_DRY,0,0.9834057408779551,0.01024961260426643,0.006344646517778693,0
S000038,ADAM,AMD_WET,VIT_HANDCRAFTED32_PCA128_PROPOSED,AMD_WET,5,0.09342660482724166,0.9043008186012592,0.0022725765714991133,1
S000050,ADAM,AMD_WET,VIT_HANDCRAFTED32_PCA128_PROPOSED,AMD_WET,4,0.48921055435846295,0.5106123825456689,0.0001770630958682651,1
S000058,FIVES,NORMAL,VIT_HANDCRAFTED32_PCA128_PROPOSED,NORMAL,5,0.0016270062629307705,0.006834763520025355,0.9915382302170439,1
S000061,FIVES,NORMAL,VIT_HANDCRAFTED32_PCA128_PROPOSED,NORMAL,5,0.00035279611113073873,8.694970712196944e-05,0.9995602541817472,1
S000070,FIVES,NORMAL,VIT_HANDCRAFTED32_PCA128_PROPOSED,NORMAL,5,5.472212473390122e-09,3.6327427323569026e-09,0.9999999908950448,1
S000073,FIVES,NORMAL,VIT_HANDCRAFTED32_PCA128_PROPOSED,NORMAL,5,6.175066059659453e-09,3.2663571463151513e-09,0.9999999905585767,1
S000075,FIVES,NORMAL,VIT_HANDCRAFTED32_PCA128_PROPOSED,NORMAL,5,2.091904767381142e-07,1.9605885392119856e-07,0.9999995947506694,1
S000076,FIVES,NORMAL,VIT_HANDCRAFTED32_PCA128_PROPOSED,NORMAL,5,0.00014356251476170884,0.0008003718392303192,0.9990560656460079,1
S000080,FIVES,NORMAL,VIT_HANDCRAFTED32_PCA128_PROPOSED,NORMAL,5,3.101533570414313e-08,2.421763600819744e-08,0.9999999447670282,1
S000082,FIVES,NORMAL,VIT_HANDCRAFTED32_PCA128_PROPOSED,NORMAL,5,8.412273782252057e-07,7.585259764536283e-07,0.9999984002466453,1
S000086,FIVES,NORMAL,VIT_HANDCRAFTED32_PCA128_PROPOSED,NORMAL,5,0.008369254628193507,0.0015710966211355218,0.9900596487506711,1
S000087,FIVES,NORMAL,VIT_HANDCRAFTED32_PCA128_PROPOSED,NORMAL,5,2.2667916493305827e-06,2.3014010276617984e-06,0.9999954318073231,1
S000104,FIVES,NORMAL,VIT_HANDCRAFTED32_PCA128_PROPOSED,NORMAL,5,5.856948558412133e-08,4.917351009980471e-08,0.9999998922570044,1
S000115,FIVES,NORMAL,VIT_HANDCRAFTED32_PCA128_PROPOSED,NORMAL,5,0.002573678312046165,0.001880661952843788,0.9955456597351102,1
S000116,FIVES,NORMAL,VIT_HANDCRAFTED32_PCA128_PROPOSED,AMD_DRY,2,0.37028571904877045,0.14879442514933933,0.4809198558018902,0
S000127,FIVES,NORMAL,VIT_HANDCRAFTED32_PCA128_PROPOSED,NORMAL,5,0.003699754495891736,0.004084091437383832,0.9922161540667244,1
S000129,FIVES,NORMAL,VIT_HANDCRAFTED32_PCA128_PROPOSED,NORMAL,5,7.251244809512447e-08,3.8675180664719116e-08,0.9999998888123713,1
S000132,FIVES,NORMAL,VIT_HANDCRAFTED32_PCA128_PROPOSED,NORMAL,5,4.432592195293561e-11,3.0831893223627315e-11,0.9999999999248421,1
S000139,FIVES,NORMAL,VIT_HANDCRAFTED32_PCA128_PROPOSED,NORMAL,5,0.0033117308305881644,0.0020780451599635916,0.9946102240094483,1
S000140,FIVES,NORMAL,VIT_HANDCRAFTED32_PCA128_PROPOSED,NORMAL,5,0.0012228039328293586,0.010018690556038375,0.9887585055111323,1
S000144,FIVES,NORMAL,VIT_HANDCRAFTED32_PCA128_PROPOSED,NORMAL,5,0.0008415157386463809,0.0020400147432102595,0.9971184695181433,1
S000148,FIVES,NORMAL,VIT_HANDCRAFTED32_PCA128_PROPOSED,NORMAL,5,0.0028458749609865486,0.012704487064358672,0.9844496379746548,1
S000152,FIVES,AMD_DRY,VIT_HANDCRAFTED32_PCA128_PROPOSED,AMD_WET,0,0.06812686639686139,0.9305677410888776,0.0013053925142610424,0
S000156,FIVES,AMD_DRY,VIT_HANDCRAFTED32_PCA128_PROPOSED,AMD_WET,2,0.4923273433766921,0.5073828568476498,0.00028979977565806445,0
S000161,FIVES,AMD_DRY,VIT_HANDCRAFTED32_PCA128_PROPOSED,AMD_WET,0,0.21235767624102692,0.7869934670430913,0.0006488567158818451,0
S000170,FIVES,AMD_WET,VIT_HANDCRAFTED32_PCA128_PROPOSED,AMD_WET,5,0.0010960793378292704,0.9988297556545159,7.416500765475893e-05,1
S000172,FIVES,AMD_WET,VIT_HANDCRAFTED32_PCA128_PROPOSED,AMD_WET,5,5.409641827091661e-07,0.9996165831892647,0.0003828758465525864,1
S000173,FIVES,AMD_WET,VIT_HANDCRAFTED32_PCA128_PROPOSED,AMD_WET,5,0.001136403912721169,0.9987599613853841,0.00010363470189458074,1
S000174,FIVES,AMD_WET,VIT_HANDCRAFTED32_PCA128_PROPOSED,AMD_WET,5,0.01424387484585885,0.9852870974003668,0.0004690277537742163,1
S000190,FIVES,AMD_WET,VIT_HANDCRAFTED32_PCA128_PROPOSED,AMD_WET,5,0.045583191653518394,0.95188446704863,0.0025323412978516717,1
S000193,FIVES,AMD_WET,VIT_HANDCRAFTED32_PCA128_PROPOSED,AMD_WET,5,0.004340114400417918,0.995270176976006,0.0003897086235761154,1
S000200,FIVES,AMD_WET,VIT_HANDCRAFTED32_PCA128_PROPOSED,AMD_WET,4,0.5092819535480988,0.4803587322885484,0.010359314163352795,1
S000201,FIVES,AMD_WET,VIT_HANDCRAFTED32_PCA128_PROPOSED,AMD_WET,5,0.0023030644406926994,0.9976438462299114,5.308932939592525e-05,1
S000204,FIVES,AMD_WET,VIT_HANDCRAFTED32_PCA128_PROPOSED,AMD_WET,5,3.2853904373542227e-06,0.9985292161871152,0.0014674984224472595,1
S000207,FIVES,AMD_WET,VIT_HANDCRAFTED32_PCA128_PROPOSED,AMD_WET,5,0.0051030507617988285,0.994869374011112,2.757522708917693e-05,1
S000208,FIVES,AMD_WET,VIT_HANDCRAFTED32_PCA128_PROPOSED,AMD_WET,5,0.3524070081323322,0.5695768148192115,0.07801617704845604,1
S000213,FIVES,AMD_WET,VIT_HANDCRAFTED32_PCA128_PROPOSED,AMD_WET,5,0.0055630224832218965,0.9881019270097244,0.006335050507053697,1
S000216,FIVES,AMD_WET,VIT_HANDCRAFTED32_PCA128_PROPOSED,AMD_WET,5,0.008050340362724505,0.9913550826224451,0.0005945770148302592,1
S000220,FIVES,AMD_WET,VIT_HANDCRAFTED32_PCA128_PROPOSED,AMD_WET,5,0.008589025670589176,0.991187970062855,0.00022300426655574797,1
S000239,ODIR,NORMAL,VIT_HANDCRAFTED32_PCA128_PROPOSED,NORMAL,5,1.140135270132731e-06,5.715893808986009e-07,0.9999982882753489,1
S000251,ODIR,NORMAL,VIT_HANDCRAFTED32_PCA128_PROPOSED,NORMAL,5,0.07616538315572788,0.000646185057512529,0.9231884317867598,1
S000257,ODIR,NORMAL,VIT_HANDCRAFTED32_PCA128_PROPOSED,NORMAL,5,1.2440806259820665e-06,6.461462582829467e-07,0.9999981097731157,1
S000263,ODIR,NORMAL,VIT_HANDCRAFTED32_PCA128_PROPOSED,NORMAL,5,0.0035674881892586927,0.0011112029699530024,0.9953213088407882,1
S000270,ODIR,NORMAL,VIT_HANDCRAFTED32_PCA128_PROPOSED,NORMAL,5,0.004107640447599298,0.00025656201882135057,0.9956357975335793,1
S000273,ODIR,NORMAL,VIT_HANDCRAFTED32_PCA128_PROPOSED,NORMAL,5,2.291552221599003e-07,1.168983671831336e-07,0.9999996539464107,1
S000277,ODIR,NORMAL,VIT_HANDCRAFTED32_PCA128_PROPOSED,NORMAL,5,0.007892597133787992,0.00034637749648477477,0.9917610253697273,1
S000278,ODIR,NORMAL,VIT_HANDCRAFTED32_PCA128_PROPOSED,NORMAL,5,0.003591311857193624,0.011399090070511549,0.9850095980722948,1
S000296,ODIR,NORMAL,VIT_HANDCRAFTED32_PCA128_PROPOSED,NORMAL,5,0.03192926481846598,0.02923163849800663,0.9388390966835274,1
S000301,ODIR,NORMAL,VIT_HANDCRAFTED32_PCA128_PROPOSED,NORMAL,5,0.006681077847894438,0.003988063667389555,0.989330858484716,1
S000306,ODIR,NORMAL,VIT_HANDCRAFTED32_PCA128_PROPOSED,NORMAL,5,0.01545593466455411,0.01790833992283767,0.9666357254126083,1
S000308,ODIR,NORMAL,VIT_HANDCRAFTED32_PCA128_PROPOSED,NORMAL,5,0.03888770903130601,0.0003452575617819976,0.9607670334069119,1
S000319,ODIR,NORMAL,VIT_HANDCRAFTED32_PCA128_PROPOSED,NORMAL,5,3.7647714212253336e-08,1.884015767750315e-08,0.9999999435121282,1
S000324,ODIR,NORMAL,VIT_HANDCRAFTED32_PCA128_PROPOSED,NORMAL,5,0.02404039851015596,0.036487002782058756,0.9394725987077852,1
S000325,ODIR,NORMAL,VIT_HANDCRAFTED32_PCA128_PROPOSED,NORMAL,5,1.9452642808250828e-07,9.78056121860999e-08,0.9999997076679599,1
S000328,ODIR,NORMAL,VIT_HANDCRAFTED32_PCA128_PROPOSED,NORMAL,5,0.003088055901249033,6.008537028577041e-05,0.9968518587284653,1
S000331,ODIR,NORMAL,VIT_HANDCRAFTED32_PCA128_PROPOSED,NORMAL,5,0.007508923280756115,0.002610522993776818,0.989880553725467,1
S000334,ODIR,NORMAL,VIT_HANDCRAFTED32_PCA128_PROPOSED,NORMAL,5,0.002607886315951753,0.00026580858188129404,0.9971263051021669,1
S000338,ODIR,NORMAL,VIT_HANDCRAFTED32_PCA128_PROPOSED,NORMAL,5,0.01481917135272163,0.00541851058438792,0.9797623180628905,1
S000339,ODIR,NORMAL,VIT_HANDCRAFTED32_PCA128_PROPOSED,NORMAL,5,1.369582540567931e-07,7.326834410246487e-08,0.9999997897734019,1
S000342,ODIR,NORMAL,VIT_HANDCRAFTED32_PCA128_PROPOSED,NORMAL,5,0.010055574986624544,0.015020289706451015,0.9749241353069245,1
S000348,ODIR,NORMAL,VIT_HANDCRAFTED32_PCA128_PROPOSED,NORMAL,5,0.11590222692428646,0.0012432244564877088,0.882854548619226,1
S000354,ODIR,NORMAL,VIT_HANDCRAFTED32_PCA128_PROPOSED,NORMAL,5,0.014916661851461116,0.0010979833549745965,0.9839853547935643,1
S000357,ODIR,NORMAL,VIT_HANDCRAFTED32_PCA128_PROPOSED,NORMAL,5,0.0007798084325362541,0.001062050505813783,0.9981581410616499,1
S000362,ODIR,NORMAL,VIT_HANDCRAFTED32_PCA128_PROPOSED,NORMAL,5,0.0019667644972679544,0.00033909846394543326,0.9976941370387866,1
S000367,ODIR,AMD_DRY,VIT_HANDCRAFTED32_PCA128_PROPOSED,AMD_WET,0,0.397352798847718,0.6014111644835368,0.0012360366687451721,0
S000373,ODIR,AMD_DRY,VIT_HANDCRAFTED32_PCA128_PROPOSED,AMD_DRY,5,0.6414624290289629,0.18263407100187828,0.17590349996915877,1
S000375,ODIR,AMD_DRY,VIT_HANDCRAFTED32_PCA128_PROPOSED,AMD_DRY,5,0.9791609740345246,0.015268709084801404,0.005570316880674104,1
S000381,ODIR,AMD_DRY,VIT_HANDCRAFTED32_PCA128_PROPOSED,AMD_DRY,5,0.9380575287432042,0.061786053430660695,0.00015641782613491265,1
S000389,ODIR,AMD_DRY,VIT_HANDCRAFTED32_PCA128_PROPOSED,AMD_DRY,5,0.8535048480922572,0.048880881158470356,0.09761427074927231,1
S000394,ODIR,AMD_DRY,VIT_HANDCRAFTED32_PCA128_PROPOSED,AMD_DRY,5,0.8906710939610377,0.10338596219609333,0.0059429438428689535,1
S000399,ODIR,AMD_DRY,VIT_HANDCRAFTED32_PCA128_PROPOSED,AMD_DRY,5,0.5921265238985096,0.4005981989503621,0.007275277151128319,1
S000411,ODIR,AMD_DRY,VIT_HANDCRAFTED32_PCA128_PROPOSED,AMD_DRY,5,0.9711302283390838,0.02718228264784741,0.0016874890130688213,1
S000412,ODIR,AMD_DRY,VIT_HANDCRAFTED32_PCA128_PROPOSED,AMD_DRY,5,0.9975749395984483,0.0017844628622968781,0.0006405975392548128,1
S000417,ODIR,AMD_DRY,VIT_HANDCRAFTED32_PCA128_PROPOSED,AMD_DRY,5,0.991399906693481,0.004452057043794805,0.004148036262724102,1
S000418,ODIR,AMD_DRY,VIT_HANDCRAFTED32_PCA128_PROPOSED,AMD_WET,0,0.21419069518810704,0.7852276924765718,0.0005816123353212012,0
S000423,ODIR,AMD_DRY,VIT_HANDCRAFTED32_PCA128_PROPOSED,AMD_DRY,5,0.9197321902427902,0.038536749576344995,0.041731060180864844,1
S000426,ODIR,AMD_DRY,VIT_HANDCRAFTED32_PCA128_PROPOSED,AMD_DRY,5,0.985070211542439,0.011179178240626277,0.003750610216934666,1
S000435,ODIR,AMD_DRY,VIT_HANDCRAFTED32_PCA128_PROPOSED,AMD_DRY,5,0.999354504180119,0.0005430662069368798,0.00010242961294412726,1
S000440,ODIR,AMD_DRY,VIT_HANDCRAFTED32_PCA128_PROPOSED,NORMAL,0,0.01672878400522872,0.020965470773472557,0.9623057452212989,0
S000442,ODIR,AMD_DRY,VIT_HANDCRAFTED32_PCA128_PROPOSED,AMD_DRY,5,0.8466371391285952,0.05705618694800563,0.09630667392339919,1
S000448,ODIR,AMD_WET,VIT_HANDCRAFTED32_PCA128_PROPOSED,AMD_WET,5,0.03177141806356101,0.9669494301962154,0.0012791517402235806,1
S000453,ODIR,AMD_WET,VIT_HANDCRAFTED32_PCA128_PROPOSED,AMD_WET,5,0.26032117528656784,0.7390425162514955,0.0006363084619366582,1
S000457,ODIR,AMD_WET,VIT_HANDCRAFTED32_PCA128_PROPOSED,AMD_WET,5,0.004356217819399457,0.9942536119562548,0.001390170224345682,1
S000458,ODIR,AMD_WET,VIT_HANDCRAFTED32_PCA128_PROPOSED,AMD_DRY,0,0.6123513904808254,0.36280231620646525,0.02484629331270926,0
S000461,ODIR,AMD_WET,VIT_HANDCRAFTED32_PCA128_PROPOSED,AMD_WET,5,0.32820644200854115,0.6645095024633918,0.007284055528066974,1
S000464,ODIR,AMD_WET,VIT_HANDCRAFTED32_PCA128_PROPOSED,AMD_WET,5,0.009166813568224403,0.9907836722633687,4.9514168406819896e-05,1
S000473,RFMID,NORMAL,VIT_HANDCRAFTED32_PCA128_PROPOSED,NORMAL,5,1.6164678952010177e-08,1.1514763117076283e-08,0.9999999723205579,1
S000482,RFMID,NORMAL,VIT_HANDCRAFTED32_PCA128_PROPOSED,NORMAL,5,7.244717125139645e-08,6.894771957641863e-08,0.9999998586051092,1
S000497,RFMID,NORMAL,VIT_HANDCRAFTED32_PCA128_PROPOSED,NORMAL,5,5.6167201360742945e-08,6.181073062903213e-08,0.999999882022068,1
S000499,RFMID,NORMAL,VIT_HANDCRAFTED32_PCA128_PROPOSED,NORMAL,3,0.02821893883129726,0.4825590945855975,0.48922196658310535,1
S000500,RFMID,NORMAL,VIT_HANDCRAFTED32_PCA128_PROPOSED,NORMAL,5,0.0013780415048616995,0.0029624134976584103,0.9956595449974799,1
S000505,RFMID,NORMAL,VIT_HANDCRAFTED32_PCA128_PROPOSED,NORMAL,5,3.2013713679235577e-06,2.685899269469818e-06,0.9999941127293626,1
S000512,RFMID,NORMAL,VIT_HANDCRAFTED32_PCA128_PROPOSED,NORMAL,5,2.8202654134729422e-06,1.7033420467943012e-06,0.9999954763925396,1
S000514,RFMID,NORMAL,VIT_HANDCRAFTED32_PCA128_PROPOSED,NORMAL,5,1.4219293604317172e-07,1.4261910004251495e-07,0.999999715187964,1
S000521,RFMID,NORMAL,VIT_HANDCRAFTED32_PCA128_PROPOSED,NORMAL,5,1.2985718581158132e-07,1.1023854985246161e-07,0.9999997599042644,1
S000524,RFMID,NORMAL,VIT_HANDCRAFTED32_PCA128_PROPOSED,NORMAL,5,7.661852332534046e-07,8.893415473004336e-07,0.9999983444732194,1
S000530,RFMID,NORMAL,VIT_HANDCRAFTED32_PCA128_PROPOSED,NORMAL,5,8.946997473586214e-07,7.178293666825219e-07,0.9999983874708859,1
S000534,RFMID,NORMAL,VIT_HANDCRAFTED32_PCA128_PROPOSED,NORMAL,5,1.85552610037633e-07,1.8319103996749636e-07,0.9999996312563499,1
S000540,RFMID,AMD_DRY,VIT_HANDCRAFTED32_PCA128_PROPOSED,AMD_WET,0,0.2644972429522338,0.7329437293799606,0.0025590276678057176,0
S000541,RFMID,AMD_DRY,VIT_HANDCRAFTED32_PCA128_PROPOSED,AMD_DRY,5,0.7580389247729503,0.23238711828503372,0.009573956942015982,1
S000544,RFMID,AMD_WET,VIT_HANDCRAFTED32_PCA128_PROPOSED,AMD_WET,5,0.03113207458115111,0.965999891903768,0.002868033515080802,1
S000546,RFMID,AMD_WET,VIT_HANDCRAFTED32_PCA128_PROPOSED,AMD_WET,5,0.04248967407195615,0.951283829709945,0.006226496218098917,1
S000549,RFMID,AMD_WET,VIT_HANDCRAFTED32_PCA128_PROPOSED,AMD_WET,5,1.708625203673642e-07,0.9999335537758164,6.627536166319734e-05,1
S000560,RFMID,AMD_WET,VIT_HANDCRAFTED32_PCA128_PROPOSED,AMD_WET,5,0.003886545239725587,0.9955566855487973,0.0005567692114772067,1
S000561,RFMID,AMD_WET,VIT_HANDCRAFTED32_PCA128_PROPOSED,AMD_WET,5,0.009552167479955643,0.9866396046959591,0.003808227824085119,1
S000562,RFMID,AMD_WET,VIT_HANDCRAFTED32_PCA128_PROPOSED,AMD_WET,5,0.1466319818620431,0.8521076437146158,0.0012603744233410426,1
S000563,RFMID,AMD_WET,VIT_HANDCRAFTED32_PCA128_PROPOSED,AMD_WET,5,0.010792392777516481,0.986632875009926,0.00257473221255761,1
S000564,RFMID,AMD_WET,VIT_HANDCRAFTED32_PCA128_PROPOSED,AMD_DRY,0,0.7097533600249999,0.17301153884459725,0.11723510113040285,0
S000569,RFMID,AMD_WET,VIT_HANDCRAFTED32_PCA128_PROPOSED,AMD_WET,5,0.002794573581875305,0.9943973970281862,0.002808029389938537,1
S000593,RFMID,AMD_WET,VIT_HANDCRAFTED32_PCA128_PROPOSED,AMD_WET,5,0.0020015943376663035,0.9975178593579634,0.0004805463043701672,1
S000596,RFMID,AMD_WET,VIT_HANDCRAFTED32_PCA128_PROPOSED,AMD_WET,5,7.759438667333025e-07,0.9997905722546312,0.00020865180150209987,1
S000001,ADAM,AMD_DRY,VIT_PCA128_MATCHED,AMD_DRY,5,0.9749292848095659,0.01765036281755087,0.007420352372883378,1
S000015,ADAM,AMD_DRY,VIT_PCA128_MATCHED,AMD_DRY,5,0.9802343484942257,0.019763127524279594,2.523981494576219e-06,1
S000018,ADAM,AMD_DRY,VIT_PCA128_MATCHED,AMD_DRY,5,0.8836739423209222,0.05098181621045935,0.06534424146861835,1
S000021,ADAM,AMD_DRY,VIT_PCA128_MATCHED,AMD_DRY,5,0.7690780861617148,0.01473414563726656,0.2161877682010187,1
S000023,ADAM,AMD_DRY,VIT_PCA128_MATCHED,AMD_DRY,5,0.9135716143523354,0.08633833739650831,9.004825115629704e-05,1
S000024,ADAM,AMD_DRY,VIT_PCA128_MATCHED,AMD_DRY,5,0.8893960897760008,0.0346108524199441,0.07599305780405514,1
S000030,ADAM,AMD_DRY,VIT_PCA128_MATCHED,NORMAL,0,0.13661979482677308,0.0010424232729509698,0.8623377819002759,0
S000041,ADAM,AMD_WET,VIT_PCA128_MATCHED,AMD_WET,5,2.012226171372547e-06,0.9995141291836586,0.0004838585901700759,1
S000042,ADAM,AMD_WET,VIT_PCA128_MATCHED,AMD_WET,5,0.37342577749582057,0.6262449678953536,0.00032925460882594914,1
S000043,ADAM,AMD_WET,VIT_PCA128_MATCHED,AMD_WET,5,0.05305267840964706,0.9162848791735966,0.030662442416756485,1
S000053,FIVES,NORMAL,VIT_PCA128_MATCHED,NORMAL,5,3.706090713694336e-07,2.126697215290911e-07,0.9999994167212071,1
S000057,FIVES,NORMAL,VIT_PCA128_MATCHED,NORMAL,5,1.0222211293024077e-06,9.83947316473316e-07,0.9999979938315542,1
S000065,FIVES,NORMAL,VIT_PCA128_MATCHED,NORMAL,5,1.8455242641371098e-08,9.477730713968353e-09,0.9999999720670267,1
S000066,FIVES,NORMAL,VIT_PCA128_MATCHED,NORMAL,5,3.4411643812444125e-07,2.3497714909916126e-07,0.9999994209064129,1
S000067,FIVES,NORMAL,VIT_PCA128_MATCHED,NORMAL,5,2.207733021779908e-08,1.1960036363478988e-08,0.9999999659626335,1
S000074,FIVES,NORMAL,VIT_PCA128_MATCHED,NORMAL,5,1.3047514751146183e-08,6.705506501447975e-09,0.9999999802469788,1
S000077,FIVES,NORMAL,VIT_PCA128_MATCHED,NORMAL,5,6.520585301986474e-08,3.620693730381037e-08,0.9999998985872096,1
S000081,FIVES,NORMAL,VIT_PCA128_MATCHED,NORMAL,5,2.8379465491725934e-09,1.927962713690183e-09,0.9999999952340908,1
S000084,FIVES,NORMAL,VIT_PCA128_MATCHED,NORMAL,5,4.901745826451576e-08,3.500649505056031e-08,0.9999999159760466,1
S000089,FIVES,NORMAL,VIT_PCA128_MATCHED,NORMAL,5,0.0009968010536348954,0.0011221109102210129,0.997881088036144,1
S000094,FIVES,NORMAL,VIT_PCA128_MATCHED,NORMAL,5,2.354032519647688e-08,1.9384098830806934e-08,0.999999957075576,1
S000100,FIVES,NORMAL,VIT_PCA128_MATCHED,NORMAL,5,9.72739885176544e-10,4.998626521535834e-10,0.9999999985273975,1
S000108,FIVES,NORMAL,VIT_PCA128_MATCHED,NORMAL,5,9.287827661883264e-08,4.954224498600851e-08,0.9999998575794784,1
S000110,FIVES,NORMAL,VIT_PCA128_MATCHED,NORMAL,5,0.00428324970985166,0.0005303955253080484,0.9951863547648404,1
S000120,FIVES,NORMAL,VIT_PCA128_MATCHED,NORMAL,5,2.8504568189527616e-08,1.8723654687262183e-08,0.9999999527717771,1
S000122,FIVES,NORMAL,VIT_PCA128_MATCHED,NORMAL,5,0.0017683151916375254,0.000283920459368246,0.9979477643489941,1
S000131,FIVES,NORMAL,VIT_PCA128_MATCHED,NORMAL,5,1.4486037080772925e-06,1.458220091438873e-06,0.9999970931762003,1
S000135,FIVES,NORMAL,VIT_PCA128_MATCHED,NORMAL,5,0.002293995346702525,0.06396110270112995,0.9337449019521674,1
S000146,FIVES,NORMAL,VIT_PCA128_MATCHED,NORMAL,5,0.020915924814349486,0.0638602240049033,0.9152238511807471,1
S000149,FIVES,NORMAL,VIT_PCA128_MATCHED,NORMAL,5,0.0007522751495112493,0.006176617911344953,0.9930711069391437,1
S000158,FIVES,AMD_DRY,VIT_PCA128_MATCHED,AMD_DRY,5,0.9944697063640543,0.004101194624391359,0.001429099011554251,1
S000159,FIVES,AMD_DRY,VIT_PCA128_MATCHED,AMD_WET,0,0.37611965807335335,0.5677134949788128,0.05616684694783387,0
S000162,FIVES,AMD_DRY,VIT_PCA128_MATCHED,AMD_DRY,5,0.7228738701009896,0.27462620850076297,0.0024999213982473656,1
S000177,FIVES,AMD_WET,VIT_PCA128_MATCHED,AMD_WET,5,0.008917246694656137,0.988859768865684,0.002222984439659819,1
S000179,FIVES,AMD_WET,VIT_PCA128_MATCHED,AMD_WET,5,0.04115380047706621,0.9529801183123269,0.0058660812106069585,1
S000182,FIVES,AMD_WET,VIT_PCA128_MATCHED,AMD_WET,5,0.006976600520915995,0.9882131039122426,0.004810295566841502,1
S000185,FIVES,AMD_WET,VIT_PCA128_MATCHED,AMD_WET,5,0.011684177718960253,0.935858490938293,0.052457331342746646,1
S000187,FIVES,AMD_WET,VIT_PCA128_MATCHED,AMD_WET,5,0.008355447546281874,0.9912349141671906,0.00040963828652762404,1
S000189,FIVES,AMD_WET,VIT_PCA128_MATCHED,AMD_WET,5,0.03197317044904085,0.9620436353999422,0.005983194151016941,1
S000192,FIVES,AMD_WET,VIT_PCA128_MATCHED,NORMAL,0,0.004644669809522236,0.13482986618640996,0.8605254640040678,0
S000203,FIVES,AMD_WET,VIT_PCA128_MATCHED,AMD_WET,5,0.025541500875866124,0.8406238928557148,0.13383460626841898,1
S000212,FIVES,AMD_WET,VIT_PCA128_MATCHED,AMD_WET,5,0.0014414205624032018,0.9984858417434502,7.273769414647574e-05,1
S000218,FIVES,AMD_WET,VIT_PCA128_MATCHED,AMD_WET,5,0.21419421970961533,0.5656433021449176,0.22016247814546713,1
S000224,FIVES,AMD_WET,VIT_PCA128_MATCHED,AMD_WET,5,0.0037619750814011825,0.9958621281528897,0.0003758967657090368,1
S000225,FIVES,AMD_WET,VIT_PCA128_MATCHED,AMD_WET,5,2.4962538174180126e-05,0.9967143991389159,0.00326063832290992,1
S000227,FIVES,AMD_WET,VIT_PCA128_MATCHED,AMD_WET,5,0.0010372241378369827,0.998126888305299,0.000835887556863869,1
S000234,FIVES,AMD_WET,VIT_PCA128_MATCHED,AMD_WET,5,0.03782404919109963,0.919587928982831,0.042588021826069224,1
S000242,ODIR,NORMAL,VIT_PCA128_MATCHED,NORMAL,5,3.860515323577793e-06,1.944026937468828e-06,0.9999941954577389,1
S000243,ODIR,NORMAL,VIT_PCA128_MATCHED,NORMAL,5,0.0018940484107570787,0.00027796159551858986,0.9978279899937244,1
S000245,ODIR,NORMAL,VIT_PCA128_MATCHED,NORMAL,5,2.5895855164523365e-06,1.3113049668731729e-06,0.9999960991095167,1
S000246,ODIR,NORMAL,VIT_PCA128_MATCHED,NORMAL,5,0.002138848009942136,0.0004946411601244805,0.9973665108299334,1
S000247,ODIR,NORMAL,VIT_PCA128_MATCHED,NORMAL,5,0.0020331590664844764,0.0001453804395242002,0.9978214604939915,1
S000248,ODIR,NORMAL,VIT_PCA128_MATCHED,NORMAL,5,0.010732054425176012,0.0013072921747444167,0.9879606534000797,1
S000249,ODIR,NORMAL,VIT_PCA128_MATCHED,NORMAL,5,8.57169208962153e-07,4.324112108443076e-07,0.9999987104195801,1
S000253,ODIR,NORMAL,VIT_PCA128_MATCHED,NORMAL,5,2.1951334159961088e-06,1.1214168880770199e-06,0.9999966834496959,1
S000269,ODIR,NORMAL,VIT_PCA128_MATCHED,NORMAL,5,3.5340465079922636e-07,1.781525790436379e-07,0.9999994684427701,1
S000283,ODIR,NORMAL,VIT_PCA128_MATCHED,NORMAL,5,0.12802042237175384,0.04115061604465577,0.8308289615835903,1
S000285,ODIR,NORMAL,VIT_PCA128_MATCHED,NORMAL,5,1.2952037338095152e-08,6.5944561085025465e-09,0.9999999804535065,1
S000286,ODIR,NORMAL,VIT_PCA128_MATCHED,NORMAL,5,3.5223108883183847e-06,1.7779511210392723e-06,0.9999946997379906,1
S000292,ODIR,NORMAL,VIT_PCA128_MATCHED,NORMAL,5,0.005711045711100699,6.198372641332129e-05,0.994226970562486,1
S000299,ODIR,NORMAL,VIT_PCA128_MATCHED,AMD_DRY,0,0.6570895739971279,0.024205823291273795,0.3187046027115984,0
S000302,ODIR,NORMAL,VIT_PCA128_MATCHED,NORMAL,5,0.01160877610838411,0.0013956675698357534,0.98699555632178,1
S000309,ODIR,NORMAL,VIT_PCA128_MATCHED,NORMAL,5,0.00813614476166496,0.0005912401205778335,0.9912726151177573,1
S000314,ODIR,NORMAL,VIT_PCA128_MATCHED,NORMAL,5,2.363371656734196e-06,1.1934426120712508e-06,0.9999964431857311,1
S000316,ODIR,NORMAL,VIT_PCA128_MATCHED,NORMAL,5,0.0033898944337484227,0.00023283483579914855,0.9963772707304525,1
S000323,ODIR,NORMAL,VIT_PCA128_MATCHED,NORMAL,5,0.03879040917842848,0.002751677333823481,0.958457913487748,1
S000330,ODIR,NORMAL,VIT_PCA128_MATCHED,NORMAL,5,0.006003184183648286,0.0012699145366949437,0.9927269012796568,1
S000336,ODIR,NORMAL,VIT_PCA128_MATCHED,NORMAL,5,0.0013564070196025913,0.00043888369818024007,0.998204709282217,1
S000337,ODIR,NORMAL,VIT_PCA128_MATCHED,NORMAL,5,0.006932013090303349,0.0007510860347734988,0.9923169008749231,1
S000353,ODIR,NORMAL,VIT_PCA128_MATCHED,NORMAL,5,0.029330051297093214,0.0011723695136754933,0.9694975791892313,1
S000360,ODIR,NORMAL,VIT_PCA128_MATCHED,NORMAL,5,0.010594941458127994,0.003789568157729584,0.9856154903841425,1
S000363,ODIR,NORMAL,VIT_PCA128_MATCHED,NORMAL,5,0.014466399554595685,0.0017252019253708177,0.9838083985200334,1
S000364,ODIR,AMD_DRY,VIT_PCA128_MATCHED,AMD_DRY,5,0.9983952469983647,0.000773638745119701,0.0008311142565156495,1
S000365,ODIR,AMD_DRY,VIT_PCA128_MATCHED,AMD_DRY,5,0.996856903293805,0.0028937115407951996,0.0002493851653995709,1
S000371,ODIR,AMD_DRY,VIT_PCA128_MATCHED,AMD_DRY,5,0.9971552899380374,0.0008524217096038395,0.0019922883523589537,1
S000372,ODIR,AMD_DRY,VIT_PCA128_MATCHED,AMD_DRY,5,0.9877297352074637,0.01097366431471411,0.0012966004778223602,1
S000391,ODIR,AMD_DRY,VIT_PCA128_MATCHED,AMD_DRY,5,0.5538925053199248,0.06412991481442643,0.3819775798656487,1
S000392,ODIR,AMD_DRY,VIT_PCA128_MATCHED,AMD_DRY,5,0.9685235301844219,0.030010523749639646,0.0014659460659384566,1
S000395,ODIR,AMD_DRY,VIT_PCA128_MATCHED,AMD_DRY,5,0.982580978730974,0.016865723370563766,0.0005532978984621044,1
S000396,ODIR,AMD_DRY,VIT_PCA128_MATCHED,AMD_DRY,5,0.9923689291829492,0.007530344077985212,0.00010072673906573196,1
S000398,ODIR,AMD_DRY,VIT_PCA128_MATCHED,AMD_DRY,5,0.9815202577755959,0.015998990146672512,0.0024807520777314464,1
S000404,ODIR,AMD_DRY,VIT_PCA128_MATCHED,AMD_DRY,5,0.6527115331984837,0.34557549374737867,0.0017129730541375946,1
S000406,ODIR,AMD_DRY,VIT_PCA128_MATCHED,AMD_DRY,5,0.6286887512778723,0.005048290636899162,0.3662629580852285,1
S000407,ODIR,AMD_DRY,VIT_PCA128_MATCHED,AMD_WET,0,0.034961306472469277,0.9638178439510574,0.0012208495764733404,0
S000409,ODIR,AMD_DRY,VIT_PCA128_MATCHED,AMD_DRY,5,0.9856962772282291,0.013855468248124675,0.00044825452364630084,1
S000424,ODIR,AMD_DRY,VIT_PCA128_MATCHED,NORMAL,0,0.02831376494721981,0.004040543845515283,0.9676456912072648,0
S000428,ODIR,AMD_DRY,VIT_PCA128_MATCHED,AMD_DRY,5,0.565812487292389,0.024707750233946148,0.40947976247366497,1
S000434,ODIR,AMD_DRY,VIT_PCA128_MATCHED,AMD_DRY,5,0.9858091000855591,0.013580566140043202,0.0006103337743976926,1
S000445,ODIR,AMD_WET,VIT_PCA128_MATCHED,AMD_DRY,0,0.7229465217277683,0.27584811317383495,0.0012053650983966009,0
S000456,ODIR,AMD_WET,VIT_PCA128_MATCHED,AMD_WET,5,0.015322418639368288,0.9833680302157018,0.0013095511449299634,1
S000463,ODIR,AMD_WET,VIT_PCA128_MATCHED,AMD_WET,5,0.10452540401122472,0.8753518134319357,0.020122782556839563,1
S000466,ODIR,AMD_WET,VIT_PCA128_MATCHED,AMD_WET,5,0.0462254132459554,0.9437506587118125,0.010023928042232082,1
S000468,ODIR,AMD_WET,VIT_PCA128_MATCHED,AMD_WET,5,0.001066367849569287,0.9985485315806365,0.0003851005697940575,1
S000470,ODIR,AMD_WET,VIT_PCA128_MATCHED,AMD_WET,5,0.28616555014142814,0.695049980091721,0.01878446976685062,1
S000476,RFMID,NORMAL,VIT_PCA128_MATCHED,NORMAL,5,2.6117947919707133e-06,1.8075798138381798e-06,0.9999955806253942,1
S000486,RFMID,NORMAL,VIT_PCA128_MATCHED,NORMAL,5,0.0017363239505333073,0.0003110305445704031,0.9979526455048962,1
S000488,RFMID,NORMAL,VIT_PCA128_MATCHED,NORMAL,5,0.007776432273971309,0.002148450864880397,0.9900751168611484,1
S000492,RFMID,NORMAL,VIT_PCA128_MATCHED,NORMAL,5,0.0006506475048910343,0.0018294205708934662,0.9975199319242154,1
S000501,RFMID,NORMAL,VIT_PCA128_MATCHED,NORMAL,5,4.765994348658548e-09,4.806961748598061e-09,0.9999999904270439,1
S000511,RFMID,NORMAL,VIT_PCA128_MATCHED,NORMAL,5,9.430136227270657e-07,1.024338683049887e-06,0.9999980326476943,1
S000520,RFMID,NORMAL,VIT_PCA128_MATCHED,NORMAL,5,1.187779756224612e-06,1.4073903238710425e-06,0.99999740482992,1
S000528,RFMID,NORMAL,VIT_PCA128_MATCHED,NORMAL,5,2.0878547114716454e-06,2.3819694110009088e-06,0.9999955301758774,1
S000531,RFMID,NORMAL,VIT_PCA128_MATCHED,NORMAL,5,0.0434979492094275,0.027541197398694456,0.9289608533918781,1
S000532,RFMID,NORMAL,VIT_PCA128_MATCHED,NORMAL,5,0.0796363805824637,0.20279097788140737,0.717572641536129,1
S000533,RFMID,NORMAL,VIT_PCA128_MATCHED,NORMAL,5,0.005163779477988571,0.004727152411768246,0.9901090681102431,1
S000535,RFMID,NORMAL,VIT_PCA128_MATCHED,NORMAL,5,0.13757979108065127,0.053929772242834274,0.8084904366765144,1
S000539,RFMID,AMD_DRY,VIT_PCA128_MATCHED,AMD_WET,0,0.06470976372693947,0.8873675160884169,0.047922720184643684,0
S000543,RFMID,AMD_DRY,VIT_PCA128_MATCHED,AMD_WET,0,0.4719374669750341,0.5264940845315846,0.0015684484933812665,0
S000548,RFMID,AMD_WET,VIT_PCA128_MATCHED,AMD_WET,5,0.026149038565832405,0.9114435867022648,0.06240737473190283,1
S000550,RFMID,AMD_WET,VIT_PCA128_MATCHED,AMD_WET,5,0.004685640094656533,0.9651217964487422,0.03019256345660115,1
S000551,RFMID,AMD_WET,VIT_PCA128_MATCHED,AMD_WET,5,1.0827589075722857e-06,0.9992285961952888,0.0007703210458037,1
S000558,RFMID,AMD_WET,VIT_PCA128_MATCHED,AMD_WET,5,0.009174326024308649,0.9872008557507623,0.0036248182249289706,1
S000566,RFMID,AMD_WET,VIT_PCA128_MATCHED,AMD_WET,5,2.3906306357275295e-07,0.9998706735568696,0.00012908738006678458,1
S000575,RFMID,AMD_WET,VIT_PCA128_MATCHED,AMD_WET,5,0.01357836168025156,0.9418727793757155,0.04454885894403295,1
S000579,RFMID,AMD_WET,VIT_PCA128_MATCHED,AMD_WET,5,0.010921085035503734,0.9746615758008135,0.014417339163682813,1
S000582,RFMID,AMD_WET,VIT_PCA128_MATCHED,AMD_WET,5,0.07639129125880642,0.9186870055315273,0.004921703209666226,1
S000590,RFMID,AMD_WET,VIT_PCA128_MATCHED,AMD_WET,5,0.00039250967474644424,0.9981384581839959,0.0014690321412575732,1
S000592,RFMID,AMD_WET,VIT_PCA128_MATCHED,AMD_WET,5,0.009354482319687338,0.9846261247061368,0.006019392974175896,1
S000597,RFMID,AMD_WET,VIT_PCA128_MATCHED,AMD_WET,5,0.004397915169024414,0.8215294160194505,0.17407266881152497,1
S000001,ADAM,AMD_DRY,VIT_RANDOM32_PCA128,AMD_DRY,5,0.9777214818507438,0.016274286247971354,0.006004231901284848,1
S000015,ADAM,AMD_DRY,VIT_RANDOM32_PCA128,AMD_DRY,5,0.9852137133193963,0.014783949940031339,2.336740572425957e-06,1
S000018,ADAM,AMD_DRY,VIT_RANDOM32_PCA128,AMD_DRY,5,0.8796859283922391,0.04770006510039139,0.07261400650736974,1
S000021,ADAM,AMD_DRY,VIT_RANDOM32_PCA128,AMD_DRY,5,0.7520593606058616,0.01300927313701335,0.23493136625712494,1
S000023,ADAM,AMD_DRY,VIT_RANDOM32_PCA128,AMD_DRY,5,0.906527792049235,0.0933701806361595,0.00010202731460572697,1
S000024,ADAM,AMD_DRY,VIT_RANDOM32_PCA128,AMD_DRY,5,0.8763790516965292,0.04219227391913784,0.0814286743843329,1
S000030,ADAM,AMD_DRY,VIT_RANDOM32_PCA128,NORMAL,0,0.13657348805652014,0.0009796318149830861,0.8624468801284968,0
S000041,ADAM,AMD_WET,VIT_RANDOM32_PCA128,AMD_WET,5,0.000368078203027017,0.9992538464877944,0.0003780753091785875,1
S000042,ADAM,AMD_WET,VIT_RANDOM32_PCA128,AMD_WET,5,0.3598914721723089,0.6397609323368709,0.0003475954908200269,1
S000043,ADAM,AMD_WET,VIT_RANDOM32_PCA128,AMD_WET,5,0.05230564679841605,0.9178735317200388,0.02982082148154521,1
S000053,FIVES,NORMAL,VIT_RANDOM32_PCA128,NORMAL,5,3.2405234959880125e-07,1.8597159459768596e-07,0.9999994899760558,1
S000057,FIVES,NORMAL,VIT_RANDOM32_PCA128,NORMAL,5,7.716840885755167e-07,7.172711327227148e-07,0.9999985110447787,1
S000065,FIVES,NORMAL,VIT_RANDOM32_PCA128,NORMAL,5,1.1202807650784435e-08,5.792449468337433e-09,0.9999999830047429,1
S000066,FIVES,NORMAL,VIT_RANDOM32_PCA128,NORMAL,5,3.224581499177364e-07,2.1571053012374742e-07,0.9999994618313199,1
S000067,FIVES,NORMAL,VIT_RANDOM32_PCA128,NORMAL,5,2.5350324955636113e-08,1.3793021307539065e-08,0.9999999608566539,1
S000074,FIVES,NORMAL,VIT_RANDOM32_PCA128,NORMAL,5,9.258511862505984e-09,4.762259709040879e-09,0.9999999859792285,1
S000077,FIVES,NORMAL,VIT_RANDOM32_PCA128,NORMAL,5,7.40371786600282e-08,4.08534259928089e-08,0.9999998851093954,1
S000081,FIVES,NORMAL,VIT_RANDOM32_PCA128,NORMAL,5,3.0007260529615314e-09,1.961839262179789e-09,0.9999999950374348,1
S000084,FIVES,NORMAL,VIT_RANDOM32_PCA128,NORMAL,5,3.156805393116116e-08,2.1877514824699633e-08,0.9999999465544311,1
S000089,FIVES,NORMAL,VIT_RANDOM32_PCA128,NORMAL,5,0.000822673867785025,0.0008513690743629619,0.998325957057852,1
S000094,FIVES,NORMAL,VIT_RANDOM32_PCA128,NORMAL,5,2.019145274278857e-08,1.622047564016982e-08,0.9999999635880716,1
S000100,FIVES,NORMAL,VIT_RANDOM32_PCA128,NORMAL,5,2.057998501734833e-09,1.0572940142269976e-09,0.9999999968847074,1
S000108,FIVES,NORMAL,VIT_RANDOM32_PCA128,NORMAL,5,9.658661780223556e-08,5.1791108003926075e-08,0.9999998516222742,1
S000110,FIVES,NORMAL,VIT_RANDOM32_PCA128,NORMAL,5,0.005076925304131589,0.0005303338950775228,0.9943927408007909,1
S000120,FIVES,NORMAL,VIT_RANDOM32_PCA128,NORMAL,5,2.9159140042415113e-08,1.8644554424584237e-08,0.9999999521963054,1
S000122,FIVES,NORMAL,VIT_RANDOM32_PCA128,NORMAL,5,0.0010685656636859823,0.00014067300705461678,0.9987907613292594,1
S000131,FIVES,NORMAL,VIT_RANDOM32_PCA128,NORMAL,5,2.2614189344936635e-05,0.000320931583516544,0.9996564542271387,1
S000135,FIVES,NORMAL,VIT_RANDOM32_PCA128,NORMAL,5,0.0023364682182302797,0.05372416674444399,0.9439393650373257,1
S000146,FIVES,NORMAL,VIT_RANDOM32_PCA128,NORMAL,5,0.01816659754131173,0.05316661361434259,0.9286667888443457,1
S000149,FIVES,NORMAL,VIT_RANDOM32_PCA128,NORMAL,5,0.0006409856199095945,0.004549940077944721,0.9948090743021456,1
S000158,FIVES,AMD_DRY,VIT_RANDOM32_PCA128,AMD_DRY,5,0.9955164400991074,0.0032471829988783563,0.001236376902014145,1
S000159,FIVES,AMD_DRY,VIT_RANDOM32_PCA128,AMD_WET,1,0.3928105268723675,0.5497841245830072,0.05740534854462522,0
S000162,FIVES,AMD_DRY,VIT_RANDOM32_PCA128,AMD_DRY,5,0.7113205362542022,0.2861325789478851,0.0025468847979128574,1
S000177,FIVES,AMD_WET,VIT_RANDOM32_PCA128,AMD_WET,5,0.009333971809421807,0.9885399352509759,0.002126092939602306,1
S000179,FIVES,AMD_WET,VIT_RANDOM32_PCA128,AMD_WET,5,0.04505330950283572,0.9493816406073872,0.005565049889777149,1
S000182,FIVES,AMD_WET,VIT_RANDOM32_PCA128,AMD_WET,5,0.007283022894871011,0.9873865789249978,0.005330398180131247,1
S000185,FIVES,AMD_WET,VIT_RANDOM32_PCA128,AMD_WET,5,0.010933409023727648,0.9328153734692709,0.056251217507001586,1
S000187,FIVES,AMD_WET,VIT_RANDOM32_PCA128,AMD_WET,5,0.007870958515291803,0.9917541373486743,0.0003749041360338651,1
S000189,FIVES,AMD_WET,VIT_RANDOM32_PCA128,AMD_WET,5,0.03694887044348795,0.9561420379229872,0.006909091633524797,1
S000192,FIVES,AMD_WET,VIT_RANDOM32_PCA128,NORMAL,0,0.005246613292608025,0.12615918318230054,0.8685942035250914,0
S000203,FIVES,AMD_WET,VIT_RANDOM32_PCA128,AMD_WET,5,0.02813873298956468,0.8352990772819447,0.1365621897284906,1
S000212,FIVES,AMD_WET,VIT_RANDOM32_PCA128,AMD_WET,5,0.0012172397168838242,0.998725198571113,5.7561712003301905e-05,1
S000218,FIVES,AMD_WET,VIT_RANDOM32_PCA128,AMD_WET,5,0.2574154961208431,0.5164839287382355,0.22610057514092138,1
S000224,FIVES,AMD_WET,VIT_RANDOM32_PCA128,AMD_WET,5,0.004199124384108078,0.9954212452569722,0.00037963035891974115,1
S000225,FIVES,AMD_WET,VIT_RANDOM32_PCA128,AMD_WET,5,2.2217009426054027e-05,0.9969029312943529,0.003074851696221024,1
S000227,FIVES,AMD_WET,VIT_RANDOM32_PCA128,AMD_WET,5,0.00038433041580347526,0.9989568853460721,0.0006587842381243576,1
S000234,FIVES,AMD_WET,VIT_RANDOM32_PCA128,AMD_WET,5,0.031182135388480837,0.932781116502623,0.036036748108896136,1
S000242,ODIR,NORMAL,VIT_RANDOM32_PCA128,NORMAL,5,3.1566744615551676e-06,1.5875047139807516e-06,0.9999952558208245,1
S000243,ODIR,NORMAL,VIT_RANDOM32_PCA128,NORMAL,5,0.002217642927705917,0.0003073455180885685,0.9974750115542056,1
S000245,ODIR,NORMAL,VIT_RANDOM32_PCA128,NORMAL,5,0.0008704449202515903,0.00020348379240153484,0.9989260712873469,1
S000246,ODIR,NORMAL,VIT_RANDOM32_PCA128,NORMAL,5,0.0022552203255964422,0.00041921940773608494,0.9973255602666675,1
S000247,ODIR,NORMAL,VIT_RANDOM32_PCA128,NORMAL,5,0.0016884071275170207,0.00010817645216200565,0.998203416420321,1
S000248,ODIR,NORMAL,VIT_RANDOM32_PCA128,NORMAL,5,0.007691128887738222,0.0007973423983281732,0.9915115287139337,1
S000249,ODIR,NORMAL,VIT_RANDOM32_PCA128,NORMAL,5,8.995404801529447e-07,4.53063339295587e-07,0.9999986473961805,1
S000253,ODIR,NORMAL,VIT_RANDOM32_PCA128,NORMAL,5,2.2445624317920472e-06,1.1433813539488414e-06,0.9999966120562143,1
S000269,ODIR,NORMAL,VIT_RANDOM32_PCA128,NORMAL,5,2.911363192457787e-07,1.4650090168809784e-07,0.999999562362779,1
S000283,ODIR,NORMAL,VIT_RANDOM32_PCA128,NORMAL,5,0.12200725433266554,0.0332034834560324,0.8447892622113022,1
S000285,ODIR,NORMAL,VIT_RANDOM32_PCA128,NORMAL,5,1.3853488538660702e-08,7.041953593536983e-09,0.9999999791045578,1
S000286,ODIR,NORMAL,VIT_RANDOM32_PCA128,NORMAL,5,0.0003426092831082967,8.714056559137415e-05,0.9995702501513003,1
S000292,ODIR,NORMAL,VIT_RANDOM32_PCA128,NORMAL,5,0.004580678563609596,4.3025150416921854e-05,0.9953762962859735,1
S000299,ODIR,NORMAL,VIT_RANDOM32_PCA128,AMD_DRY,0,0.6383565533884188,0.021021396314170222,0.34062205029741094,0
S000302,ODIR,NORMAL,VIT_RANDOM32_PCA128,NORMAL,5,0.010430375892434087,0.001140891299041397,0.9884287328085245,1
S000309,ODIR,NORMAL,VIT_RANDOM32_PCA128,NORMAL,5,0.005881216837179612,0.00044793815621129666,0.9936708450066092,1
S000314,ODIR,NORMAL,VIT_RANDOM32_PCA128,NORMAL,5,1.9387634653822765e-06,9.791669718264172e-07,0.9999970820695628,1
S000316,ODIR,NORMAL,VIT_RANDOM32_PCA128,NORMAL,5,0.0032740156304322905,0.00014455974257023793,0.9965814246269973,1
S000323,ODIR,NORMAL,VIT_RANDOM32_PCA128,NORMAL,5,0.03606742662826913,0.0017683323401646224,0.9621642410315664,1
S000330,ODIR,NORMAL,VIT_RANDOM32_PCA128,NORMAL,5,0.005282592892101595,0.0010794174762358824,0.9936379896316625,1
S000336,ODIR,NORMAL,VIT_RANDOM32_PCA128,NORMAL,5,0.0011000132039254672,0.0002968126326485652,0.998603174163426,1
S000337,ODIR,NORMAL,VIT_RANDOM32_PCA128,NORMAL,5,0.007103083141030449,0.0005938668830660183,0.9923030499759035,1
S000353,ODIR,NORMAL,VIT_RANDOM32_PCA128,NORMAL,5,0.02387439579266382,0.0009810026503775649,0.9751446015569586,1
S000360,ODIR,NORMAL,VIT_RANDOM32_PCA128,NORMAL,5,0.011211888782347457,0.002873620074402227,0.9859144911432504,1
S000363,ODIR,NORMAL,VIT_RANDOM32_PCA128,NORMAL,5,0.010700893226981518,0.0013460299322246485,0.9879530768407939,1
S000364,ODIR,AMD_DRY,VIT_RANDOM32_PCA128,AMD_DRY,5,0.9980526423089779,0.0009694300578257577,0.0009779276331963107,1
S000365,ODIR,AMD_DRY,VIT_RANDOM32_PCA128,AMD_DRY,5,0.9973780279557077,0.0024253232005312657,0.00019664884376091422,1
S000371,ODIR,AMD_DRY,VIT_RANDOM32_PCA128,AMD_DRY,5,0.9973196476877817,0.0006625066206895056,0.0020178456915288323,1
S000372,ODIR,AMD_DRY,VIT_RANDOM32_PCA128,AMD_DRY,5,0.9862507733604773,0.012297411603879664,0.0014518150356429274,1
S000391,ODIR,AMD_DRY,VIT_RANDOM32_PCA128,AMD_DRY,4,0.5666248410328087,0.057076290150368955,0.3762988688168224,1
S000392,ODIR,AMD_DRY,VIT_RANDOM32_PCA128,AMD_DRY,5,0.9742868685093786,0.02444672202137626,0.001266409469245214,1
S000395,ODIR,AMD_DRY,VIT_RANDOM32_PCA128,AMD_DRY,5,0.9851797398536248,0.014308807109274204,0.0005114530371008718,1
S000396,ODIR,AMD_DRY,VIT_RANDOM32_PCA128,AMD_DRY,5,0.9912915850296349,0.00860295352573109,0.00010546144463396772,1
S000398,ODIR,AMD_DRY,VIT_RANDOM32_PCA128,AMD_DRY,5,0.985189849277677,0.01223304400521586,0.002577106717107061,1
S000404,ODIR,AMD_DRY,VIT_RANDOM32_PCA128,AMD_DRY,5,0.7376370134677284,0.2608593197590164,0.0015036667732553455,1
S000406,ODIR,AMD_DRY,VIT_RANDOM32_PCA128,AMD_DRY,4,0.5513429786087959,0.004555201048741476,0.4441018203424626,1
S000407,ODIR,AMD_DRY,VIT_RANDOM32_PCA128,AMD_WET,0,0.04176896052584008,0.9571152204221335,0.0011158190520264724,0
S000409,ODIR,AMD_DRY,VIT_RANDOM32_PCA128,AMD_DRY,5,0.9870540171720613,0.012538313335335824,0.00040766949260289374,1
S000424,ODIR,AMD_DRY,VIT_RANDOM32_PCA128,NORMAL,0,0.024278307048694117,0.0040431219079941245,0.9716785710433117,0
S000428,ODIR,AMD_DRY,VIT_RANDOM32_PCA128,AMD_DRY,4,0.5396786361410919,0.023443444699467967,0.4368779191594402,1
S000434,ODIR,AMD_DRY,VIT_RANDOM32_PCA128,AMD_DRY,5,0.9848244512439399,0.014493546355819679,0.0006820024002404772,1
S000445,ODIR,AMD_WET,VIT_RANDOM32_PCA128,AMD_DRY,0,0.7153631557454067,0.2836115372537031,0.0010253070008900782,0
S000456,ODIR,AMD_WET,VIT_RANDOM32_PCA128,AMD_WET,5,0.02074661446881389,0.978095649411516,0.0011577361196699893,1
S000463,ODIR,AMD_WET,VIT_RANDOM32_PCA128,AMD_WET,5,0.10899337101332958,0.8729221311639647,0.01808449782270575,1
S000466,ODIR,AMD_WET,VIT_RANDOM32_PCA128,AMD_WET,5,0.054779517309416735,0.9341094230538118,0.011111059636771442,1
S000468,ODIR,AMD_WET,VIT_RANDOM32_PCA128,AMD_WET,5,0.0004546379763101253,0.9992130540714979,0.0003323079521921168,1
S000470,ODIR,AMD_WET,VIT_RANDOM32_PCA128,AMD_WET,5,0.2880351252436641,0.6938980410194644,0.01806683373687167,1
S000476,RFMID,NORMAL,VIT_RANDOM32_PCA128,NORMAL,5,0.0003199287342901456,0.0002914809796175268,0.9993885902860923,1
S000486,RFMID,NORMAL,VIT_RANDOM32_PCA128,NORMAL,5,0.0007226269215688574,0.00010680243304317278,0.9991705706453878,1
S000488,RFMID,NORMAL,VIT_RANDOM32_PCA128,NORMAL,5,0.005641892855334412,0.0013128240719059822,0.9930452830727596,1
S000492,RFMID,NORMAL,VIT_RANDOM32_PCA128,NORMAL,5,0.0005372123548684591,0.0010447684622496222,0.998418019182882,1
S000501,RFMID,NORMAL,VIT_RANDOM32_PCA128,NORMAL,5,5.312016231205407e-09,5.337698510344788e-09,0.9999999893502853,1
S000511,RFMID,NORMAL,VIT_RANDOM32_PCA128,NORMAL,5,7.36806971694464e-07,8.016196469579923e-07,0.9999984615733813,1
S000520,RFMID,NORMAL,VIT_RANDOM32_PCA128,NORMAL,5,8.624975619250744e-07,1.0144518430635335e-06,0.999998123050595,1
S000528,RFMID,NORMAL,VIT_RANDOM32_PCA128,NORMAL,5,2.168532712359078e-06,2.415283637292079e-06,0.9999954161836504,1
S000531,RFMID,NORMAL,VIT_RANDOM32_PCA128,NORMAL,5,0.04101928632464568,0.02280889536519359,0.9361718183101608,1
S000532,RFMID,NORMAL,VIT_RANDOM32_PCA128,NORMAL,5,0.07394415177326064,0.18756393511693845,0.738491913109801,1
S000533,RFMID,NORMAL,VIT_RANDOM32_PCA128,NORMAL,5,0.004909770441540236,0.0038854922979240482,0.9912047372605357,1
S000535,RFMID,NORMAL,VIT_RANDOM32_PCA128,NORMAL,5,0.13996848957544844,0.05235247718562698,0.8076790332389245,1
S000539,RFMID,AMD_DRY,VIT_RANDOM32_PCA128,AMD_WET,0,0.05764819779502354,0.8956395912647566,0.04671221094021989,0
S000543,RFMID,AMD_DRY,VIT_RANDOM32_PCA128,AMD_WET,1,0.5014082301177766,0.49718043397994993,0.001411335902273526,0
S000548,RFMID,AMD_WET,VIT_RANDOM32_PCA128,AMD_WET,5,0.02079822742362423,0.9151767523518337,0.06402502022454197,1
S000550,RFMID,AMD_WET,VIT_RANDOM32_PCA128,AMD_WET,5,0.0038481347401519996,0.9675936734427907,0.02855819181705708,1
S000551,RFMID,AMD_WET,VIT_RANDOM32_PCA128,AMD_WET,5,7.003271308498515e-07,0.9993853506073094,0.0006139490655597384,1
S000558,RFMID,AMD_WET,VIT_RANDOM32_PCA128,AMD_WET,5,0.008187905336251983,0.9886875202427958,0.003124574420952161,1
S000566,RFMID,AMD_WET,VIT_RANDOM32_PCA128,AMD_WET,5,1.1260910232437381e-07,0.999902178061691,9.770932920670909e-05,1
S000575,RFMID,AMD_WET,VIT_RANDOM32_PCA128,AMD_WET,5,0.010955711486393235,0.9470937271327093,0.041950561380897325,1
S000579,RFMID,AMD_WET,VIT_RANDOM32_PCA128,AMD_WET,5,0.0077805481348760044,0.9777999877481302,0.014419464116994097,1
S000582,RFMID,AMD_WET,VIT_RANDOM32_PCA128,AMD_WET,5,0.06712932561024429,0.9291754661156588,0.003695208274096789,1
S000590,RFMID,AMD_WET,VIT_RANDOM32_PCA128,AMD_WET,5,0.0003983490309256834,0.9979143248475368,0.0016873261215373902,1
S000592,RFMID,AMD_WET,VIT_RANDOM32_PCA128,AMD_WET,5,0.01199195547958114,0.9814662575121748,0.006541787008244053,1
S000597,RFMID,AMD_WET,VIT_RANDOM32_PCA128,AMD_WET,5,0.004298199266110443,0.7967893793161929,0.19891242141769672,1
S000001,ADAM,AMD_DRY,VIT_GENERIC32_PCA128,AMD_DRY,5,0.9770380702865962,0.01752456939141663,0.0054373603219871535,1
S000015,ADAM,AMD_DRY,VIT_GENERIC32_PCA128,AMD_DRY,5,0.9767485094914026,0.023249002807582304,2.487701015140999e-06,1
S000018,ADAM,AMD_DRY,VIT_GENERIC32_PCA128,AMD_DRY,5,0.9031449737356352,0.05211120370781116,0.044743822556553625,1
S000021,ADAM,AMD_DRY,VIT_GENERIC32_PCA128,AMD_DRY,5,0.8445598123807534,0.01241422437585685,0.14302596324338976,1
S000023,ADAM,AMD_DRY,VIT_GENERIC32_PCA128,AMD_DRY,5,0.9260027558005669,0.07392712032461116,7.012387482179897e-05,1
S000024,ADAM,AMD_DRY,VIT_GENERIC32_PCA128,AMD_DRY,5,0.9259880763839217,0.03440459472828499,0.03960732888779352,1
S000030,ADAM,AMD_DRY,VIT_GENERIC32_PCA128,NORMAL,0,0.24451147058222525,0.001955305083967365,0.7535332243338073,0
S000041,ADAM,AMD_WET,VIT_GENERIC32_PCA128,AMD_WET,5,0.0003396490707970779,0.9992327172379832,0.0004276336912197481,1
S000042,ADAM,AMD_WET,VIT_GENERIC32_PCA128,AMD_WET,5,0.4515278070935139,0.5480610062484137,0.0004111866580724279,1
S000043,ADAM,AMD_WET,VIT_GENERIC32_PCA128,AMD_WET,5,0.05083784339911883,0.9248594010147821,0.024302755586099033,1
S000053,FIVES,NORMAL,VIT_GENERIC32_PCA128,NORMAL,5,3.631636451597519e-07,2.1121168520090676e-07,0.9999994256246696,1
S000057,FIVES,NORMAL,VIT_GENERIC32_PCA128,NORMAL,5,1.1852538496423081e-06,1.176256577227327e-06,0.9999976384895731,1
S000065,FIVES,NORMAL,VIT_GENERIC32_PCA128,NORMAL,5,3.965185006532775e-08,2.0417230541392077e-08,0.9999999399309194,1
S000066,FIVES,NORMAL,VIT_GENERIC32_PCA128,NORMAL,5,4.206141727082206e-07,3.054321496698411e-07,0.9999992739536776,1
S000067,FIVES,NORMAL,VIT_GENERIC32_PCA128,NORMAL,5,2.823670229968407e-08,1.5267914838275018e-08,0.9999999564953829,1
S000074,FIVES,NORMAL,VIT_GENERIC32_PCA128,NORMAL,5,5.2467809009700895e-08,2.7019017736917828e-08,0.9999999205131733,1
S000077,FIVES,NORMAL,VIT_GENERIC32_PCA128,NORMAL,5,7.374397277124909e-08,4.084137749806556e-08,0.9999998854146497,1
S000081,FIVES,NORMAL,VIT_GENERIC32_PCA128,NORMAL,5,4.564787381317421e-09,3.2164509608951663e-09,0.9999999922187616,1
S000084,FIVES,NORMAL,VIT_GENERIC32_PCA128,NORMAL,5,6.884875604553465e-08,5.0666162499420456e-08,0.9999998804850815,1
S000089,FIVES,NORMAL,VIT_GENERIC32_PCA128,NORMAL,5,0.0018956783503961585,0.0012323747424953563,0.9968719469071085,1
S000094,FIVES,NORMAL,VIT_GENERIC32_PCA128,NORMAL,5,1.7426142312864082e-08,1.4317895871889716e-08,0.9999999682559618,1
S000100,FIVES,NORMAL,VIT_GENERIC32_PCA128,NORMAL,5,3.005823945950569e-09,1.5547578808893356e-09,0.9999999954394182,1
S000108,FIVES,NORMAL,VIT_GENERIC32_PCA128,NORMAL,5,2.8269456654513044e-07,1.5033482683619027e-07,0.9999995669706067,1
S000110,FIVES,NORMAL,VIT_GENERIC32_PCA128,NORMAL,5,0.010915561526327338,0.0008940539301881009,0.9881903845434845,1
S000120,FIVES,NORMAL,VIT_GENERIC32_PCA128,NORMAL,5,3.407075133484783e-08,2.2677581274888564e-08,0.9999999432516674,1
S000122,FIVES,NORMAL,VIT_GENERIC32_PCA128,NORMAL,5,0.0035477738549057752,0.0005261416039610029,0.9959260845411333,1
S000131,FIVES,NORMAL,VIT_GENERIC32_PCA128,NORMAL,5,1.3969150370929364e-06,1.4242200313766137e-06,0.9999971788649316,1
S000135,FIVES,NORMAL,VIT_GENERIC32_PCA128,NORMAL,5,0.0029918202476735597,0.09279429847155715,0.9042138812807693,1
S000146,FIVES,NORMAL,VIT_GENERIC32_PCA128,NORMAL,5,0.02252936415548745,0.07687788608600839,0.9005927497585041,1
S000149,FIVES,NORMAL,VIT_GENERIC32_PCA128,NORMAL,5,0.0011336062244939136,0.00926788380532335,0.9895985099701827,1
S000158,FIVES,AMD_DRY,VIT_GENERIC32_PCA128,AMD_DRY,5,0.9954679977260831,0.0034750964681330267,0.0010569058057838408,1
S000159,FIVES,AMD_DRY,VIT_GENERIC32_PCA128,AMD_WET,0,0.33336316409085126,0.6172948073046145,0.04934202860453431,0
S000162,FIVES,AMD_DRY,VIT_GENERIC32_PCA128,AMD_DRY,5,0.6951986975970819,0.30277343874726625,0.0020278636556519012,1
S000177,FIVES,AMD_WET,VIT_GENERIC32_PCA128,AMD_WET,5,0.007421303449084713,0.9907233328132458,0.0018553637376695453,1
S000179,FIVES,AMD_WET,VIT_GENERIC32_PCA128,AMD_WET,5,0.03433317962125769,0.958125963382962,0.007540856995780404,1
S000182,FIVES,AMD_WET,VIT_GENERIC32_PCA128,AMD_WET,5,0.007139662748798186,0.988757293936455,0.004103043314746925,1
S000185,FIVES,AMD_WET,VIT_GENERIC32_PCA128,AMD_WET,5,0.01092418430950062,0.950054731878647,0.03902108381185227,1
S000187,FIVES,AMD_WET,VIT_GENERIC32_PCA128,AMD_WET,5,0.007811323581638985,0.9919088323948886,0.0002798440234724121,1
S000189,FIVES,AMD_WET,VIT_GENERIC32_PCA128,AMD_WET,5,0.03114431801108066,0.9636780314344133,0.005177650554506051,1
S000192,FIVES,AMD_WET,VIT_GENERIC32_PCA128,NORMAL,0,0.005172144649681425,0.15874488975537096,0.8360829655949475,0
S000203,FIVES,AMD_WET,VIT_GENERIC32_PCA128,AMD_WET,5,0.024988279357185235,0.858855176267275,0.11615654437553982,1
S000212,FIVES,AMD_WET,VIT_GENERIC32_PCA128,AMD_WET,5,0.0009955971509753461,0.9989554566264515,4.8946222573301256e-05,1
S000218,FIVES,AMD_WET,VIT_GENERIC32_PCA128,AMD_WET,5,0.2278224115388344,0.4951060390415978,0.2770715494195676,1
S000224,FIVES,AMD_WET,VIT_GENERIC32_PCA128,AMD_WET,5,0.004618334814294025,0.9950448118824525,0.0003368533032533303,1
S000225,FIVES,AMD_WET,VIT_GENERIC32_PCA128,AMD_WET,5,8.002837707381269e-06,0.9982783238724229,0.0017136732898696654,1
S000227,FIVES,AMD_WET,VIT_GENERIC32_PCA128,AMD_WET,5,0.0009428258738033218,0.9985141257641817,0.0005430483620149223,1
S000234,FIVES,AMD_WET,VIT_GENERIC32_PCA128,AMD_WET,5,0.04209861148994126,0.9172736002581006,0.04062778825195808,1
S000242,ODIR,NORMAL,VIT_GENERIC32_PCA128,NORMAL,5,0.0011295731639493906,0.0001735839725694974,0.998696842863481,1
S000243,ODIR,NORMAL,VIT_GENERIC32_PCA128,NORMAL,5,0.004780019367605464,0.0005493456810717714,0.9946706349513226,1
S000245,ODIR,NORMAL,VIT_GENERIC32_PCA128,NORMAL,5,0.0003815958248987552,5.999947012485916e-05,0.9995584047049764,1
S000246,ODIR,NORMAL,VIT_GENERIC32_PCA128,NORMAL,5,0.005853528616625095,0.0010444653085307748,0.9931020060748441,1
S000247,ODIR,NORMAL,VIT_GENERIC32_PCA128,NORMAL,5,0.0012216799500592546,7.991982152071592e-05,0.9986984002284199,1
S000248,ODIR,NORMAL,VIT_GENERIC32_PCA128,NORMAL,5,0.010130946437953401,0.001054392970945726,0.9888146605911008,1
S000249,ODIR,NORMAL,VIT_GENERIC32_PCA128,NORMAL,5,2.323531681307032e-06,1.1770823220495321e-06,0.9999964993859967,1
S000253,ODIR,NORMAL,VIT_GENERIC32_PCA128,NORMAL,5,0.0009015661548692638,4.632653273957007e-05,0.9990521073123911,1
S000269,ODIR,NORMAL,VIT_GENERIC32_PCA128,NORMAL,5,4.214448095999673e-07,2.1228342870054404e-07,0.9999993662717616,1
S000283,ODIR,NORMAL,VIT_GENERIC32_PCA128,NORMAL,5,0.14519540867858657,0.03368119054103549,0.8211234007803778,1
S000285,ODIR,NORMAL,VIT_GENERIC32_PCA128,NORMAL,5,4.972272180415905e-08,2.550081873562774e-08,0.9999999247764595,1
S000286,ODIR,NORMAL,VIT_GENERIC32_PCA128,NORMAL,5,0.0003425118574965545,5.271767041727724e-05,0.9996047704720862,1
S000292,ODIR,NORMAL,VIT_GENERIC32_PCA128,NORMAL,5,0.005184432928274974,5.012390405541828e-05,0.9947654431676696,1
S000299,ODIR,NORMAL,VIT_GENERIC32_PCA128,AMD_DRY,0,0.6818880302897778,0.01934915963715031,0.298762810073072,0
S000302,ODIR,NORMAL,VIT_GENERIC32_PCA128,NORMAL,5,0.015444286971775531,0.001296937215911341,0.983258775812313,1
S000309,ODIR,NORMAL,VIT_GENERIC32_PCA128,NORMAL,5,0.00725747961294512,0.0004781668170289543,0.992264353570026,1
S000314,ODIR,NORMAL,VIT_GENERIC32_PCA128,NORMAL,5,1.6667522977750287e-06,8.418934798836526e-07,0.9999974913542223,1
S000316,ODIR,NORMAL,VIT_GENERIC32_PCA128,NORMAL,5,0.0019757476424770654,0.00011943595508474682,0.9979048164024382,1
S000323,ODIR,NORMAL,VIT_GENERIC32_PCA128,NORMAL,5,0.033407604078855936,0.0015812711213308947,0.9650111247998131,1
S000330,ODIR,NORMAL,VIT_GENERIC32_PCA128,NORMAL,5,0.006564830029997262,0.0012051693594864966,0.9922300006105162,1
S000336,ODIR,NORMAL,VIT_GENERIC32_PCA128,NORMAL,5,0.0020648016879054277,0.0008364183311036562,0.997098779980991,1
S000337,ODIR,NORMAL,VIT_GENERIC32_PCA128,NORMAL,5,0.024500591675845458,0.0014307107747575467,0.9740686975493971,1
S000353,ODIR,NORMAL,VIT_GENERIC32_PCA128,NORMAL,5,0.0429939748673137,0.0012657142081991882,0.9557403109244872,1
S000360,ODIR,NORMAL,VIT_GENERIC32_PCA128,NORMAL,5,0.009220270480749903,0.0027848315048129347,0.9879948980144372,1
S000363,ODIR,NORMAL,VIT_GENERIC32_PCA128,NORMAL,5,0.013379544954810571,0.0011779040039461596,0.9854425510412431,1
S000364,ODIR,AMD_DRY,VIT_GENERIC32_PCA128,AMD_DRY,5,0.9988308654636313,0.00056983712641257,0.0005992974099561589,1
S000365,ODIR,AMD_DRY,VIT_GENERIC32_PCA128,AMD_DRY,5,0.9981041199512293,0.0017107827550406126,0.00018509729373015018,1
S000371,ODIR,AMD_DRY,VIT_GENERIC32_PCA128,AMD_DRY,5,0.9950402045013258,0.0010766644539478337,0.003883131044726495,1
S000372,ODIR,AMD_DRY,VIT_GENERIC32_PCA128,AMD_DRY,5,0.9890212867541515,0.010044819135982212,0.0009338941098664684,1
S000391,ODIR,AMD_DRY,VIT_GENERIC32_PCA128,AMD_DRY,4,0.5445366968028198,0.05813444519449941,0.39732885800268086,1
S000392,ODIR,AMD_DRY,VIT_GENERIC32_PCA128,AMD_DRY,5,0.9612190706261247,0.03735432614840413,0.001426603225471145,1
S000395,ODIR,AMD_DRY,VIT_GENERIC32_PCA128,AMD_DRY,5,0.9828298084355577,0.016703009365171606,0.0004671821992705675,1
S000396,ODIR,AMD_DRY,VIT_GENERIC32_PCA128,AMD_DRY,5,0.9931765242569324,0.006760429818820317,6.304592424744723e-05,1
S000398,ODIR,AMD_DRY,VIT_GENERIC32_PCA128,AMD_DRY,5,0.9792434831481083,0.01916107390763363,0.0015954429442580638,1
S000404,ODIR,AMD_DRY,VIT_GENERIC32_PCA128,AMD_DRY,5,0.6186321257648032,0.3797785340335994,0.001589340201597439,1
S000406,ODIR,AMD_DRY,VIT_GENERIC32_PCA128,AMD_DRY,5,0.6262526309420743,0.005137726816686755,0.3686096422412389,1
S000407,ODIR,AMD_DRY,VIT_GENERIC32_PCA128,AMD_WET,0,0.036027920812939006,0.9628079566505476,0.001164122536513415,0
S000409,ODIR,AMD_DRY,VIT_GENERIC32_PCA128,AMD_DRY,5,0.9858641823586586,0.013811894048723175,0.00032392359261823725,1
S000424,ODIR,AMD_DRY,VIT_GENERIC32_PCA128,NORMAL,0,0.030884623518426985,0.002660795530179831,0.9664545809513931,0
S000428,ODIR,AMD_DRY,VIT_GENERIC32_PCA128,NORMAL,0,0.3772985092314401,0.013062155380962257,0.6096393353875976,0
S000434,ODIR,AMD_DRY,VIT_GENERIC32_PCA128,AMD_DRY,5,0.988891864739178,0.010089745851908031,0.0010183894089140534,1
S000445,ODIR,AMD_WET,VIT_GENERIC32_PCA128,AMD_DRY,0,0.7248732504742348,0.2742757945011978,0.0008509550245674163,0
S000456,ODIR,AMD_WET,VIT_GENERIC32_PCA128,AMD_WET,5,0.015664976813352546,0.9834472281475124,0.0008877950391351283,1
S000463,ODIR,AMD_WET,VIT_GENERIC32_PCA128,AMD_WET,5,0.10620678190973346,0.8771375345113887,0.01665568357887798,1
S000466,ODIR,AMD_WET,VIT_GENERIC32_PCA128,AMD_WET,5,0.20880670116005584,0.7604811426525474,0.03071215618739672,1
S000468,ODIR,AMD_WET,VIT_GENERIC32_PCA128,AMD_WET,5,0.0009862772881901374,0.9986827828663969,0.0003309398454128221,1
S000470,ODIR,AMD_WET,VIT_GENERIC32_PCA128,AMD_WET,5,0.26803214676585474,0.7180488810151487,0.013918972218996498,1
S000476,RFMID,NORMAL,VIT_GENERIC32_PCA128,NORMAL,5,3.1611576210810105e-06,2.137234227572855e-06,0.9999947016081514,1
S000486,RFMID,NORMAL,VIT_GENERIC32_PCA128,NORMAL,5,0.0013020238997280098,0.00021476044981513716,0.9984832156504568,1
S000488,RFMID,NORMAL,VIT_GENERIC32_PCA128,NORMAL,5,0.006328518147536688,0.0019475367502746741,0.9917239451021886,1
S000492,RFMID,NORMAL,VIT_GENERIC32_PCA128,NORMAL,5,0.0004444595721358759,0.0012194530333156316,0.9983360873945486,1
S000501,RFMID,NORMAL,VIT_GENERIC32_PCA128,NORMAL,5,3.5828783103515754e-09,3.4920352089345875e-09,0.9999999929250866,1
S000511,RFMID,NORMAL,VIT_GENERIC32_PCA128,NORMAL,5,1.0425808522110255e-06,1.0890203310587017e-06,0.9999978683988168,1
S000520,RFMID,NORMAL,VIT_GENERIC32_PCA128,NORMAL,5,1.1518630545162259e-06,1.363247893997055e-06,0.9999974848890515,1
S000528,RFMID,NORMAL,VIT_GENERIC32_PCA128,NORMAL,5,1.5745297519897075e-06,1.7831611744040168e-06,0.9999966423090736,1
S000531,RFMID,NORMAL,VIT_GENERIC32_PCA128,NORMAL,5,0.03071942420487762,0.021453930937462347,0.94782664485766,1
S000532,RFMID,NORMAL,VIT_GENERIC32_PCA128,NORMAL,5,0.07140334424754952,0.1474321629452573,0.7811644928071931,1
S000533,RFMID,NORMAL,VIT_GENERIC32_PCA128,NORMAL,5,0.003296560779449382,0.0033067148088190028,0.9933967244117315,1
S000535,RFMID,NORMAL,VIT_GENERIC32_PCA128,NORMAL,5,0.093467472939784,0.04787958417645512,0.8586529428837608,1
S000539,RFMID,AMD_DRY,VIT_GENERIC32_PCA128,AMD_WET,0,0.06523264769641812,0.8861383494855597,0.04862900281802222,0
S000543,RFMID,AMD_DRY,VIT_GENERIC32_PCA128,AMD_DRY,3,0.5370477289327364,0.4610840013574428,0.0018682697098207017,1
S000548,RFMID,AMD_WET,VIT_GENERIC32_PCA128,AMD_WET,5,0.022629928200080092,0.9253967419415732,0.051973329858346885,1
S000550,RFMID,AMD_WET,VIT_GENERIC32_PCA128,AMD_WET,5,0.004259550312073683,0.9703090225187789,0.02543142716914735,1
S000551,RFMID,AMD_WET,VIT_GENERIC32_PCA128,AMD_WET,5,5.717309830234048e-07,0.9994509882752961,0.0005484399937208242,1
S000558,RFMID,AMD_WET,VIT_GENERIC32_PCA128,AMD_WET,5,0.008373870466296595,0.9885585991235185,0.0030675304101849005,1
S000566,RFMID,AMD_WET,VIT_GENERIC32_PCA128,AMD_WET,5,1.1310422272973429e-07,0.9999161226592139,8.376423656331534e-05,1
S000575,RFMID,AMD_WET,VIT_GENERIC32_PCA128,AMD_WET,5,0.013627773467030277,0.9427076257767398,0.04366460075622997,1
S000579,RFMID,AMD_WET,VIT_GENERIC32_PCA128,AMD_WET,5,0.01103549218816488,0.9763542482906342,0.012610259521200883,1
S000582,RFMID,AMD_WET,VIT_GENERIC32_PCA128,AMD_WET,5,0.08655555417165794,0.9087315099837177,0.004712935844624401,1
S000590,RFMID,AMD_WET,VIT_GENERIC32_PCA128,AMD_WET,5,0.0003484574318659463,0.9984674815394936,0.0011840610286405703,1
S000592,RFMID,AMD_WET,VIT_GENERIC32_PCA128,AMD_WET,5,0.008592293647094257,0.9848904186794656,0.006517287673440163,1
S000597,RFMID,AMD_WET,VIT_GENERIC32_PCA128,AMD_WET,5,0.0040810614925966176,0.8682056459613603,0.1277132925460432,1
S000001,ADAM,AMD_DRY,VIT_HANDCRAFTED32_PCA128_PROPOSED,AMD_DRY,5,0.9688913931750516,0.023473136343185194,0.007635470481763119,1
S000015,ADAM,AMD_DRY,VIT_HANDCRAFTED32_PCA128_PROPOSED,AMD_DRY,5,0.9784218654737267,0.02157640623853236,1.7282877410431639e-06,1
S000018,ADAM,AMD_DRY,VIT_HANDCRAFTED32_PCA128_PROPOSED,AMD_DRY,5,0.9107587078503319,0.05771287151236385,0.031528420637304114,1
S000021,ADAM,AMD_DRY,VIT_HANDCRAFTED32_PCA128_PROPOSED,AMD_DRY,5,0.7958528625793269,0.012635208039256699,0.1915119293814163,1
S000023,ADAM,AMD_DRY,VIT_HANDCRAFTED32_PCA128_PROPOSED,AMD_DRY,5,0.905379212244382,0.09457455117432192,4.623658129591756e-05,1
S000024,ADAM,AMD_DRY,VIT_HANDCRAFTED32_PCA128_PROPOSED,AMD_DRY,5,0.9179549434086871,0.05154623987945385,0.030498816711859063,1
S000030,ADAM,AMD_DRY,VIT_HANDCRAFTED32_PCA128_PROPOSED,NORMAL,0,0.08459028742730149,0.0006111611447219915,0.9147985514279766,0
S000041,ADAM,AMD_WET,VIT_HANDCRAFTED32_PCA128_PROPOSED,AMD_WET,5,1.9734241867074117e-06,0.9995259603963907,0.0004720661794225617,1
S000042,ADAM,AMD_WET,VIT_HANDCRAFTED32_PCA128_PROPOSED,AMD_WET,5,0.3283151313918745,0.6714716090092204,0.00021325959890508588,1
S000043,ADAM,AMD_WET,VIT_HANDCRAFTED32_PCA128_PROPOSED,AMD_WET,5,0.034987696500752744,0.9543126521525126,0.010699651346734642,1
S000053,FIVES,NORMAL,VIT_HANDCRAFTED32_PCA128_PROPOSED,NORMAL,5,4.298586460542721e-07,2.5805212099880227e-07,0.9999993120892329,1
S000057,FIVES,NORMAL,VIT_HANDCRAFTED32_PCA128_PROPOSED,NORMAL,5,2.093442791849308e-06,2.1168441625370398e-06,0.9999957897130456,1
S000065,FIVES,NORMAL,VIT_HANDCRAFTED32_PCA128_PROPOSED,NORMAL,5,4.237743020603258e-08,2.214391862550792e-08,0.9999999354786512,1
S000066,FIVES,NORMAL,VIT_HANDCRAFTED32_PCA128_PROPOSED,NORMAL,5,4.0238468498298277e-07,2.7294277620391346e-07,0.9999993246725388,1
S000067,FIVES,NORMAL,VIT_HANDCRAFTED32_PCA128_PROPOSED,NORMAL,5,5.561584017970713e-08,2.986152000422539e-08,0.9999999145226399,1
S000074,FIVES,NORMAL,VIT_HANDCRAFTED32_PCA128_PROPOSED,NORMAL,5,1.5932258368075192e-08,8.212738810485515e-09,0.9999999758550029,1
S000077,FIVES,NORMAL,VIT_HANDCRAFTED32_PCA128_PROPOSED,NORMAL,5,1.8623208940824977e-07,1.060882797485652e-07,0.9999997076796309,1
S000081,FIVES,NORMAL,VIT_HANDCRAFTED32_PCA128_PROPOSED,NORMAL,5,7.460257743623818e-09,5.471053733357488e-09,0.9999999870686885,1
S000084,FIVES,NORMAL,VIT_HANDCRAFTED32_PCA128_PROPOSED,NORMAL,5,9.736246897489818e-08,7.559269988770997e-08,0.9999998270448313,1
S000089,FIVES,NORMAL,VIT_HANDCRAFTED32_PCA128_PROPOSED,NORMAL,5,0.00142440683589969,0.0012430263395608722,0.9973325668245394,1
S000094,FIVES,NORMAL,VIT_HANDCRAFTED32_PCA128_PROPOSED,NORMAL,5,3.646909666531865e-08,3.073740790386731e-08,0.9999999327934954,1
S000100,FIVES,NORMAL,VIT_HANDCRAFTED32_PCA128_PROPOSED,NORMAL,5,1.3408135433640099e-09,6.91570102372321e-10,0.9999999979676163,1
S000108,FIVES,NORMAL,VIT_HANDCRAFTED32_PCA128_PROPOSED,NORMAL,5,1.468936612839189e-07,7.743384267741113e-08,0.9999997756724961,1
S000110,FIVES,NORMAL,VIT_HANDCRAFTED32_PCA128_PROPOSED,NORMAL,5,0.004576321432666004,0.0005559740354526241,0.9948677045318813,1
S000120,FIVES,NORMAL,VIT_HANDCRAFTED32_PCA128_PROPOSED,NORMAL,5,3.613246034762451e-08,2.4461962078103557e-08,0.9999999394055775,1
S000122,FIVES,NORMAL,VIT_HANDCRAFTED32_PCA128_PROPOSED,NORMAL,5,0.001221305694236535,0.00016333844636060341,0.998615355859403,1
S000131,FIVES,NORMAL,VIT_HANDCRAFTED32_PCA128_PROPOSED,NORMAL,5,2.1524070664953965e-06,2.215007474192319e-06,0.9999956325854592,1
S000135,FIVES,NORMAL,VIT_HANDCRAFTED32_PCA128_PROPOSED,NORMAL,5,0.0025626169683568567,0.05645295694243476,0.9409844260892084,1
S000146,FIVES,NORMAL,VIT_HANDCRAFTED32_PCA128_PROPOSED,NORMAL,5,0.010264280680473923,0.038554254242226284,0.9511814650773,1
S000149,FIVES,NORMAL,VIT_HANDCRAFTED32_PCA128_PROPOSED,NORMAL,5,0.00040922076917183887,0.005758527453198157,0.9938322517776299,1
S000158,FIVES,AMD_DRY,VIT_HANDCRAFTED32_PCA128_PROPOSED,AMD_DRY,5,0.9936790386989001,0.005367731021136814,0.0009532302799632267,1
S000159,FIVES,AMD_DRY,VIT_HANDCRAFTED32_PCA128_PROPOSED,AMD_WET,0,0.38037383745866393,0.5779804116489407,0.04164575089239537,0
S000162,FIVES,AMD_DRY,VIT_HANDCRAFTED32_PCA128_PROPOSED,AMD_DRY,5,0.6770881011865665,0.3213929714963146,0.0015189273171189127,1
S000177,FIVES,AMD_WET,VIT_HANDCRAFTED32_PCA128_PROPOSED,AMD_WET,5,0.007289910481891461,0.9917206726892417,0.0009894168288667692,1
S000179,FIVES,AMD_WET,VIT_HANDCRAFTED32_PCA128_PROPOSED,AMD_WET,5,0.046797857461551726,0.9508046815690019,0.002397460969446455,1
S000182,FIVES,AMD_WET,VIT_HANDCRAFTED32_PCA128_PROPOSED,AMD_WET,5,0.008506903480842445,0.9866304461812625,0.004862650337895047,1
S000185,FIVES,AMD_WET,VIT_HANDCRAFTED32_PCA128_PROPOSED,AMD_WET,5,0.008707281257898773,0.9692642620443783,0.022028456697722878,1
S000187,FIVES,AMD_WET,VIT_HANDCRAFTED32_PCA128_PROPOSED,AMD_WET,5,0.008746045663842121,0.9909030075398185,0.0003509467963393333,1
S000189,FIVES,AMD_WET,VIT_HANDCRAFTED32_PCA128_PROPOSED,AMD_WET,5,0.027405729442071047,0.9681396545711841,0.004454615986744687,1
S000192,FIVES,AMD_WET,VIT_HANDCRAFTED32_PCA128_PROPOSED,NORMAL,0,0.0042396784045535835,0.09187120476667147,0.9038891168287748,0
S000203,FIVES,AMD_WET,VIT_HANDCRAFTED32_PCA128_PROPOSED,AMD_WET,5,0.028671862609600817,0.8241309064803319,0.14719723091006734,1
S000212,FIVES,AMD_WET,VIT_HANDCRAFTED32_PCA128_PROPOSED,AMD_WET,5,0.0015497166001889472,0.9983912526151386,5.903078467262494e-05,1
S000218,FIVES,AMD_WET,VIT_HANDCRAFTED32_PCA128_PROPOSED,AMD_WET,5,0.17160293211203026,0.5968155087454965,0.23158155914247316,1
S000224,FIVES,AMD_WET,VIT_HANDCRAFTED32_PCA128_PROPOSED,AMD_WET,5,0.005103020024741412,0.9947179359805272,0.0001790439947312546,1
S000225,FIVES,AMD_WET,VIT_HANDCRAFTED32_PCA128_PROPOSED,AMD_WET,5,2.1595291272885886e-05,0.9972345642841857,0.0027438404245415035,1
S000227,FIVES,AMD_WET,VIT_HANDCRAFTED32_PCA128_PROPOSED,AMD_WET,5,0.0004773223706784597,0.9989514139474973,0.0005712636818240491,1
S000234,FIVES,AMD_WET,VIT_HANDCRAFTED32_PCA128_PROPOSED,AMD_WET,5,0.0321771292906751,0.930790879903004,0.03703199080632104,1
S000242,ODIR,NORMAL,VIT_HANDCRAFTED32_PCA128_PROPOSED,NORMAL,5,0.0013592324683668116,0.00020951325065827843,0.998431254280975,1
S000243,ODIR,NORMAL,VIT_HANDCRAFTED32_PCA128_PROPOSED,NORMAL,5,0.0018027638198272445,0.00024574771603865555,0.9979514884641342,1
S000245,ODIR,NORMAL,VIT_HANDCRAFTED32_PCA128_PROPOSED,NORMAL,5,0.00045633471743834525,4.4862722461266706e-05,0.9994988025601004,1
S000246,ODIR,NORMAL,VIT_HANDCRAFTED32_PCA128_PROPOSED,NORMAL,5,0.0020903886935531,0.0006924826897842841,0.9972171286166626,1
S000247,ODIR,NORMAL,VIT_HANDCRAFTED32_PCA128_PROPOSED,NORMAL,5,0.0005292005611522837,3.940789454382002e-05,0.9994313915443038,1
S000248,ODIR,NORMAL,VIT_HANDCRAFTED32_PCA128_PROPOSED,NORMAL,5,0.007177664827974191,0.0015443316379463363,0.9912780035340795,1
S000249,ODIR,NORMAL,VIT_HANDCRAFTED32_PCA128_PROPOSED,NORMAL,5,1.187142916583582e-06,5.996534539523533e-07,0.9999982132036294,1
S000253,ODIR,NORMAL,VIT_HANDCRAFTED32_PCA128_PROPOSED,NORMAL,5,0.00033665936592375674,2.5939506472460207e-05,0.9996374011276037,1
S000269,ODIR,NORMAL,VIT_HANDCRAFTED32_PCA128_PROPOSED,NORMAL,5,6.322388076461303e-07,3.188488477084916e-07,0.9999990489123446,1
S000283,ODIR,NORMAL,VIT_HANDCRAFTED32_PCA128_PROPOSED,NORMAL,5,0.09031679546181834,0.04076297524299015,0.8689202292951915,1
S000285,ODIR,NORMAL,VIT_HANDCRAFTED32_PCA128_PROPOSED,NORMAL,5,2.5848151602070826e-08,1.3271963553234455e-08,0.9999999608798849,1
S000286,ODIR,NORMAL,VIT_HANDCRAFTED32_PCA128_PROPOSED,NORMAL,5,0.00046102807009903816,5.608502986543361e-05,0.9994828869000354,1
S000292,ODIR,NORMAL,VIT_HANDCRAFTED32_PCA128_PROPOSED,NORMAL,5,0.0065813394972694,0.0001020931436147867,0.9933165673591159,1
S000299,ODIR,NORMAL,VIT_HANDCRAFTED32_PCA128_PROPOSED,AMD_DRY,0,0.6784854384895731,0.03209086010733806,0.2894237014030889,0
S000302,ODIR,NORMAL,VIT_HANDCRAFTED32_PCA128_PROPOSED,NORMAL,5,0.012414560860339263,0.0018327349928635973,0.9857527041467972,1
S000309,ODIR,NORMAL,VIT_HANDCRAFTED32_PCA128_PROPOSED,NORMAL,5,0.003907945506504487,0.0007869257630761168,0.9953051287304193,1
S000314,ODIR,NORMAL,VIT_HANDCRAFTED32_PCA128_PROPOSED,NORMAL,5,0.0007906999410089958,5.4390896164641586e-05,0.9991549091628263,1
S000316,ODIR,NORMAL,VIT_HANDCRAFTED32_PCA128_PROPOSED,NORMAL,5,0.0016896691810858924,0.00030342301375035165,0.9980069078051637,1
S000323,ODIR,NORMAL,VIT_HANDCRAFTED32_PCA128_PROPOSED,NORMAL,5,0.023513341443850987,0.004015082588751655,0.9724715759673973,1
S000330,ODIR,NORMAL,VIT_HANDCRAFTED32_PCA128_PROPOSED,NORMAL,5,0.014309775267015535,0.0019870318463358987,0.9837031928866485,1
S000336,ODIR,NORMAL,VIT_HANDCRAFTED32_PCA128_PROPOSED,NORMAL,5,0.0018698776765765427,0.0006950249776043329,0.9974350973458191,1
S000337,ODIR,NORMAL,VIT_HANDCRAFTED32_PCA128_PROPOSED,NORMAL,5,0.006526572900952504,0.0008269545283261387,0.9926464725707215,1
S000353,ODIR,NORMAL,VIT_HANDCRAFTED32_PCA128_PROPOSED,NORMAL,5,0.132778958082062,0.0034090636034661962,0.8638119783144717,1
S000360,ODIR,NORMAL,VIT_HANDCRAFTED32_PCA128_PROPOSED,NORMAL,5,0.0077494587482606556,0.003056128089499699,0.9891944131622395,1
S000363,ODIR,NORMAL,VIT_HANDCRAFTED32_PCA128_PROPOSED,NORMAL,5,0.009944731164700512,0.0017107975805832876,0.9883444712547161,1
S000364,ODIR,AMD_DRY,VIT_HANDCRAFTED32_PCA128_PROPOSED,AMD_DRY,5,0.9985046146586619,0.0012435122008401128,0.0002518731404978822,1
S000365,ODIR,AMD_DRY,VIT_HANDCRAFTED32_PCA128_PROPOSED,AMD_DRY,5,0.9953889097499656,0.0045218648577626565,8.922539227174577e-05,1
S000371,ODIR,AMD_DRY,VIT_HANDCRAFTED32_PCA128_PROPOSED,AMD_DRY,5,0.9975233862942696,0.0017162254837918643,0.0007603882219384796,1
S000372,ODIR,AMD_DRY,VIT_HANDCRAFTED32_PCA128_PROPOSED,AMD_DRY,5,0.9859381371821143,0.013522014125061502,0.0005398486928241852,1
S000391,ODIR,AMD_DRY,VIT_HANDCRAFTED32_PCA128_PROPOSED,AMD_DRY,5,0.5621711983671664,0.07297874108301756,0.36485006054981595,1
S000392,ODIR,AMD_DRY,VIT_HANDCRAFTED32_PCA128_PROPOSED,AMD_DRY,5,0.96883393448932,0.0300868809700826,0.0010791845405975214,1
S000395,ODIR,AMD_DRY,VIT_HANDCRAFTED32_PCA128_PROPOSED,AMD_DRY,5,0.9756992761604678,0.02402187533616843,0.00027884850336379953,1
S000396,ODIR,AMD_DRY,VIT_HANDCRAFTED32_PCA128_PROPOSED,AMD_DRY,5,0.9922219128246313,0.007706558172462864,7.152900290586126e-05,1
S000398,ODIR,AMD_DRY,VIT_HANDCRAFTED32_PCA128_PROPOSED,AMD_DRY,5,0.97740503819292,0.021842801283796932,0.0007521605232830184,1
S000404,ODIR,AMD_DRY,VIT_HANDCRAFTED32_PCA128_PROPOSED,AMD_DRY,5,0.7015020061876704,0.2978573510857519,0.0006406427265775985,1
S000406,ODIR,AMD_DRY,VIT_HANDCRAFTED32_PCA128_PROPOSED,AMD_DRY,5,0.7165128676180831,0.0059778072698596085,0.2775093251120574,1
S000407,ODIR,AMD_DRY,VIT_HANDCRAFTED32_PCA128_PROPOSED,AMD_WET,0,0.050803205147854955,0.9486692700766037,0.0005275247755412724,0
S000409,ODIR,AMD_DRY,VIT_HANDCRAFTED32_PCA128_PROPOSED,AMD_DRY,5,0.9746668170265558,0.024926986260032324,0.0004061967134117798,1
S000424,ODIR,AMD_DRY,VIT_HANDCRAFTED32_PCA128_PROPOSED,NORMAL,0,0.021577037159055,0.00374700156883902,0.9746759612721061,0
S000428,ODIR,AMD_DRY,VIT_HANDCRAFTED32_PCA128_PROPOSED,AMD_DRY,5,0.6375977148838532,0.031647134688229925,0.3307551504279168,1
S000434,ODIR,AMD_DRY,VIT_HANDCRAFTED32_PCA128_PROPOSED,AMD_DRY,5,0.981440732674041,0.018337061108798423,0.00022220621716055461,1
S000445,ODIR,AMD_WET,VIT_HANDCRAFTED32_PCA128_PROPOSED,AMD_DRY,0,0.6893294824610517,0.3099319846494045,0.0007385328895438542,0
S000456,ODIR,AMD_WET,VIT_HANDCRAFTED32_PCA128_PROPOSED,AMD_WET,5,0.016035321009046172,0.9824678618468974,0.001496817144056474,1
S000463,ODIR,AMD_WET,VIT_HANDCRAFTED32_PCA128_PROPOSED,AMD_WET,5,0.1028426895090162,0.8790472652133825,0.018110045277601215,1
S000466,ODIR,AMD_WET,VIT_HANDCRAFTED32_PCA128_PROPOSED,AMD_WET,5,0.03848494583187338,0.958581661938816,0.0029333922293106962,1
S000468,ODIR,AMD_WET,VIT_HANDCRAFTED32_PCA128_PROPOSED,AMD_WET,5,0.0011658192311559926,0.9985353686495945,0.0002988121192495843,1
S000470,ODIR,AMD_WET,VIT_HANDCRAFTED32_PCA128_PROPOSED,AMD_WET,5,0.2539669745961998,0.7333844357866601,0.012648589617140164,1
S000476,RFMID,NORMAL,VIT_HANDCRAFTED32_PCA128_PROPOSED,NORMAL,5,0.00032528231297910924,0.00021245506048974848,0.9994622626265312,1
S000486,RFMID,NORMAL,VIT_HANDCRAFTED32_PCA128_PROPOSED,NORMAL,5,0.0014093796127325178,0.000272730087620077,0.9983178902996475,1
S000488,RFMID,NORMAL,VIT_HANDCRAFTED32_PCA128_PROPOSED,NORMAL,5,0.005910369406599223,0.002142158191993668,0.9919474724014071,1
S000492,RFMID,NORMAL,VIT_HANDCRAFTED32_PCA128_PROPOSED,NORMAL,5,0.0011253852245697207,0.003280987859251002,0.9955936269161793,1
S000501,RFMID,NORMAL,VIT_HANDCRAFTED32_PCA128_PROPOSED,NORMAL,5,1.143201339779828e-08,1.1702936338357004e-08,0.9999999768650503,1
S000511,RFMID,NORMAL,VIT_HANDCRAFTED32_PCA128_PROPOSED,NORMAL,5,8.480302065375416e-07,9.410146054851188e-07,0.9999982109551879,1
S000520,RFMID,NORMAL,VIT_HANDCRAFTED32_PCA128_PROPOSED,NORMAL,5,1.7206894840703714e-06,2.033503272880986e-06,0.999996245807243,1
S000528,RFMID,NORMAL,VIT_HANDCRAFTED32_PCA128_PROPOSED,NORMAL,5,0.00021849086363946653,0.0012855208100043714,0.9984959883263562,1
S000531,RFMID,NORMAL,VIT_HANDCRAFTED32_PCA128_PROPOSED,NORMAL,5,0.06413115560905237,0.03421087211844115,0.9016579722725064,1
S000532,RFMID,NORMAL,VIT_HANDCRAFTED32_PCA128_PROPOSED,NORMAL,5,0.04176735798030126,0.10626605617082838,0.8519665858488702,1
S000533,RFMID,NORMAL,VIT_HANDCRAFTED32_PCA128_PROPOSED,NORMAL,5,0.00458566039169488,0.0057428700635794765,0.9896714695447255,1
S000535,RFMID,NORMAL,VIT_HANDCRAFTED32_PCA128_PROPOSED,NORMAL,5,0.12894242773000092,0.04834904083406635,0.8227085314359328,1
S000539,RFMID,AMD_DRY,VIT_HANDCRAFTED32_PCA128_PROPOSED,AMD_WET,0,0.056686576003598096,0.9262057946854304,0.017107629310971473,0
S000543,RFMID,AMD_DRY,VIT_HANDCRAFTED32_PCA128_PROPOSED,AMD_DRY,5,0.5425865794164026,0.4563217175052087,0.0010917030783886704,1
S000548,RFMID,AMD_WET,VIT_HANDCRAFTED32_PCA128_PROPOSED,AMD_WET,5,0.02148525130301806,0.9265415359566633,0.051973212740318644,1
S000550,RFMID,AMD_WET,VIT_HANDCRAFTED32_PCA128_PROPOSED,AMD_WET,5,0.004472895018985757,0.9717454521839576,0.02378165279705664,1
S000551,RFMID,AMD_WET,VIT_HANDCRAFTED32_PCA128_PROPOSED,AMD_WET,5,5.251032970640595e-07,0.9995584443269967,0.0004410305697062619,1
S000558,RFMID,AMD_WET,VIT_HANDCRAFTED32_PCA128_PROPOSED,AMD_WET,5,0.006966129338271752,0.9905639656296321,0.0024699050320960503,1
S000566,RFMID,AMD_WET,VIT_HANDCRAFTED32_PCA128_PROPOSED,AMD_WET,5,1.8042131969615893e-07,0.99990827219493,9.1547383750233e-05,1
S000575,RFMID,AMD_WET,VIT_HANDCRAFTED32_PCA128_PROPOSED,AMD_WET,5,0.013874130592935074,0.9550061303883179,0.031119739018747088,1
S000579,RFMID,AMD_WET,VIT_HANDCRAFTED32_PCA128_PROPOSED,AMD_WET,5,0.007866115572177883,0.9845689095590439,0.007564974868778117,1
S000582,RFMID,AMD_WET,VIT_HANDCRAFTED32_PCA128_PROPOSED,AMD_WET,5,0.07118194800060906,0.9244423859680652,0.004375666031325989,1
S000590,RFMID,AMD_WET,VIT_HANDCRAFTED32_PCA128_PROPOSED,AMD_WET,5,5.761845313241336e-06,0.9988895500789166,0.0011046880757701444,1
S000592,RFMID,AMD_WET,VIT_HANDCRAFTED32_PCA128_PROPOSED,AMD_WET,5,0.011249145965679577,0.98274391381076,0.0060069402235604545,1
S000597,RFMID,AMD_WET,VIT_HANDCRAFTED32_PCA128_PROPOSED,AMD_WET,5,0.0038504171433674642,0.8128345986020712,0.1833149842545615,1
S000004,ADAM,AMD_DRY,VIT_PCA128_MATCHED,AMD_DRY,5,0.9992956100240542,0.0005253717131238225,0.00017901826282194062,1
S000007,ADAM,AMD_DRY,VIT_PCA128_MATCHED,AMD_DRY,5,0.9419198015430554,0.05772583743833776,0.0003543610186066312,1
S000008,ADAM,AMD_DRY,VIT_PCA128_MATCHED,AMD_DRY,5,0.7750215589403636,0.2172198072501526,0.007758633809483965,1
S000017,ADAM,AMD_DRY,VIT_PCA128_MATCHED,AMD_DRY,5,0.964823544766694,0.03457926362336053,0.0005971916099455426,1
S000022,ADAM,AMD_DRY,VIT_PCA128_MATCHED,AMD_DRY,5,0.5887685223777959,0.012847457655639997,0.39838401996656414,1
S000029,ADAM,AMD_DRY,VIT_PCA128_MATCHED,AMD_DRY,5,0.9697248993492126,0.028884040028610714,0.0013910606221765823,1
S000035,ADAM,AMD_DRY,VIT_PCA128_MATCHED,AMD_DRY,5,0.5959703773354202,0.3993503804480388,0.004679242216541082,1
S000046,ADAM,AMD_WET,VIT_PCA128_MATCHED,AMD_WET,5,0.010550888664305364,0.98913324189524,0.0003158694404547783,1
S000048,ADAM,AMD_WET,VIT_PCA128_MATCHED,AMD_WET,5,0.043854969758308236,0.9557340140834041,0.0004110161582875678,1
S000052,ADAM,AMD_WET,VIT_PCA128_MATCHED,AMD_DRY,0,0.6655893564506556,0.33390578787341385,0.0005048556759304853,0
S000055,FIVES,NORMAL,VIT_PCA128_MATCHED,NORMAL,5,0.0026932953495912,0.000941606231124258,0.9963650984192846,1
S000056,FIVES,NORMAL,VIT_PCA128_MATCHED,NORMAL,5,0.004574575498729265,0.0165494394487881,0.9788759850524829,1
S000078,FIVES,NORMAL,VIT_PCA128_MATCHED,NORMAL,5,7.453493722000895e-07,4.10875701017558e-07,0.9999988437749268,1
S000079,FIVES,NORMAL,VIT_PCA128_MATCHED,NORMAL,5,2.9003283940294473e-07,2.6671378591236794e-07,0.9999994432533746,1
S000088,FIVES,NORMAL,VIT_PCA128_MATCHED,NORMAL,5,0.006733611356968356,0.0010899872288393261,0.9921764014141923,1
S000095,FIVES,NORMAL,VIT_PCA128_MATCHED,NORMAL,5,0.0005025053657309979,0.0023666407043755728,0.9971308539298933,1
S000096,FIVES,NORMAL,VIT_PCA128_MATCHED,NORMAL,5,0.16021147749324624,0.2990412225425471,0.5407472999642067,1
S000097,FIVES,NORMAL,VIT_PCA128_MATCHED,NORMAL,5,0.003196209615181433,0.03968061709841913,0.9571231732863994,1
S000103,FIVES,NORMAL,VIT_PCA128_MATCHED,NORMAL,5,0.0016522042154198196,0.000859807718165027,0.9974879880664151,1
S000109,FIVES,NORMAL,VIT_PCA128_MATCHED,NORMAL,5,1.7945734296535212e-08,1.7012054957700235e-08,0.9999999650422108,1
S000117,FIVES,NORMAL,VIT_PCA128_MATCHED,NORMAL,5,0.0024810354988768065,0.06331309655926395,0.934205867941859,1
S000118,FIVES,NORMAL,VIT_PCA128_MATCHED,NORMAL,5,0.0016873163958396563,0.0041557874364191874,0.9941568961677412,1
S000119,FIVES,NORMAL,VIT_PCA128_MATCHED,NORMAL,5,8.76986219267091e-09,5.825429858289064e-09,0.9999999854047079,1
S000125,FIVES,NORMAL,VIT_PCA128_MATCHED,NORMAL,5,9.691696182212861e-08,9.72874496022328e-08,0.9999998057955887,1
S000128,FIVES,NORMAL,VIT_PCA128_MATCHED,NORMAL,5,9.82996878711472e-08,8.596645446760925e-08,0.9999998157338578,1
S000130,FIVES,NORMAL,VIT_PCA128_MATCHED,NORMAL,5,0.02191666083955888,0.0815639549516736,0.8965193842087675,1
S000133,FIVES,NORMAL,VIT_PCA128_MATCHED,NORMAL,5,0.0027907409191669057,0.002764930830822047,0.9944443282500111,1
S000141,FIVES,NORMAL,VIT_PCA128_MATCHED,NORMAL,5,2.0301207570576892e-10,2.2169222760868852e-10,0.9999999995752956,1
S000145,FIVES,NORMAL,VIT_PCA128_MATCHED,NORMAL,5,6.469830923625225e-07,7.336537730177648e-07,0.9999986193631347,1
S000151,FIVES,NORMAL,VIT_PCA128_MATCHED,NORMAL,5,0.000998471868730788,0.00531333706703551,0.9936881910642337,1
S000155,FIVES,AMD_DRY,VIT_PCA128_MATCHED,AMD_DRY,5,0.9133814913454616,0.08609503275159314,0.000523475902945186,1
S000163,FIVES,AMD_DRY,VIT_PCA128_MATCHED,AMD_DRY,5,0.8668502358655428,0.07819449546976114,0.054955268664696,1
S000164,FIVES,AMD_DRY,VIT_PCA128_MATCHED,AMD_DRY,5,0.9697622750874046,0.029964180677826347,0.0002735442347691036,1
S000168,FIVES,AMD_WET,VIT_PCA128_MATCHED,AMD_WET,5,0.050251598267775185,0.9488815996631427,0.0008668020690821169,1
S000169,FIVES,AMD_WET,VIT_PCA128_MATCHED,AMD_WET,5,0.04352794580830681,0.9485931215210556,0.007878932670637603,1
S000176,FIVES,AMD_WET,VIT_PCA128_MATCHED,AMD_WET,5,0.2949663562536883,0.7030925693843539,0.0019410743619578876,1
S000191,FIVES,AMD_WET,VIT_PCA128_MATCHED,AMD_WET,5,0.0021943164758946683,0.9976018951540858,0.00020378837001932575,1
S000194,FIVES,AMD_WET,VIT_PCA128_MATCHED,AMD_WET,5,0.011798581723117957,0.9417453371994549,0.046456081077427,1
S000195,FIVES,AMD_WET,VIT_PCA128_MATCHED,AMD_WET,5,0.002363051275173031,0.9958557674427414,0.001781181282085505,1
S000202,FIVES,AMD_WET,VIT_PCA128_MATCHED,AMD_WET,5,0.011947429742397875,0.987757063807354,0.0002955064502483549,1
S000211,FIVES,AMD_WET,VIT_PCA128_MATCHED,AMD_WET,5,0.15090728257691696,0.8480541412353965,0.0010385761876865033,1
S000215,FIVES,AMD_WET,VIT_PCA128_MATCHED,AMD_WET,5,0.0005429277802894048,0.9989299057145606,0.0005271665051499852,1
S000217,FIVES,AMD_WET,VIT_PCA128_MATCHED,AMD_WET,5,0.04670217035407144,0.9379998834195934,0.015297946226335296,1
S000229,FIVES,AMD_WET,VIT_PCA128_MATCHED,AMD_WET,5,0.0011492754925898011,0.9967400326958048,0.002110691811605522,1
S000232,FIVES,AMD_WET,VIT_PCA128_MATCHED,AMD_WET,5,0.3014510975514478,0.6950804612959354,0.003468441152617012,1
S000235,FIVES,AMD_WET,VIT_PCA128_MATCHED,AMD_WET,5,0.0007390900897178125,0.9990680219045821,0.00019288800570007708,1
S000236,FIVES,AMD_WET,VIT_PCA128_MATCHED,AMD_WET,5,0.0349056190475914,0.9640881910214549,0.0010061899309535694,1
S000254,ODIR,NORMAL,VIT_PCA128_MATCHED,NORMAL,5,0.0012830941209624725,0.0001493826142093449,0.9985675232648281,1
S000262,ODIR,NORMAL,VIT_PCA128_MATCHED,NORMAL,5,0.00038707559892114365,2.1281553671870282e-05,0.999591642847407,1
S000271,ODIR,NORMAL,VIT_PCA128_MATCHED,NORMAL,5,5.253220609774829e-07,2.6291695502051074e-07,0.999999211760984,1
S000272,ODIR,NORMAL,VIT_PCA128_MATCHED,NORMAL,5,6.366795954289385e-07,3.1893579418675114e-07,0.9999990443846103,1
S000279,ODIR,NORMAL,VIT_PCA128_MATCHED,NORMAL,5,0.00048350743316041156,1.3202632461396424e-05,0.9995032899343782,1
S000280,ODIR,NORMAL,VIT_PCA128_MATCHED,NORMAL,5,0.02613938822601312,0.00018177947389843153,0.9736788323000886,1
S000281,ODIR,NORMAL,VIT_PCA128_MATCHED,NORMAL,5,0.0049750101720608,0.00041630955324264176,0.9946086802746965,1
S000288,ODIR,NORMAL,VIT_PCA128_MATCHED,NORMAL,5,0.0078064395140848755,0.0009819481626973004,0.9912116123232178,1
S000289,ODIR,NORMAL,VIT_PCA128_MATCHED,NORMAL,5,0.003084108606461641,0.0005856720869446315,0.9963302193065937,1
S000294,ODIR,NORMAL,VIT_PCA128_MATCHED,NORMAL,5,1.1005164868811586e-07,5.537609688774303e-08,0.9999998345722545,1
S000303,ODIR,NORMAL,VIT_PCA128_MATCHED,NORMAL,5,0.009488858680310856,8.71185947097097e-05,0.9904240227249794,1
S000304,ODIR,NORMAL,VIT_PCA128_MATCHED,NORMAL,5,0.019238339589408415,0.0004179295812993305,0.9803437308292923,1
S000305,ODIR,NORMAL,VIT_PCA128_MATCHED,NORMAL,5,7.723706213823185e-08,3.864704625820366e-08,0.9999998841158917,1
S000311,ODIR,NORMAL,VIT_PCA128_MATCHED,NORMAL,5,0.014696060201901135,0.008809944277180622,0.9764939955209183,1
S000312,ODIR,NORMAL,VIT_PCA128_MATCHED,NORMAL,5,0.0014341159546113346,0.000918849266027629,0.997647034779361,1
S000313,ODIR,NORMAL,VIT_PCA128_MATCHED,NORMAL,5,0.12399775773060269,0.008934956521645497,0.8670672857477518,1
S000315,ODIR,NORMAL,VIT_PCA128_MATCHED,NORMAL,5,0.0004542530072327216,1.783446897188788e-05,0.9995279125237954,1
S000320,ODIR,NORMAL,VIT_PCA128_MATCHED,NORMAL,5,5.741794185490663e-07,2.869574055458001e-07,0.9999991388631759,1
S000332,ODIR,NORMAL,VIT_PCA128_MATCHED,NORMAL,5,0.018965562249148533,0.0005332624359928315,0.9805011753148586,1
S000335,ODIR,NORMAL,VIT_PCA128_MATCHED,NORMAL,5,1.54436100189537e-07,8.582116700981805e-08,0.9999997597427328,1
S000341,ODIR,NORMAL,VIT_PCA128_MATCHED,NORMAL,5,0.0025762239349798413,0.00023450472578117094,0.997189271339239,1
S000343,ODIR,NORMAL,VIT_PCA128_MATCHED,NORMAL,5,0.09874728265947648,0.0009544775079430403,0.9002982398325804,1
S000346,ODIR,NORMAL,VIT_PCA128_MATCHED,NORMAL,5,0.13811495793899753,0.009541840184670334,0.8523432018763322,1
S000355,ODIR,NORMAL,VIT_PCA128_MATCHED,NORMAL,5,2.9673720837515624e-06,1.4861075258570435e-06,0.9999955465203904,1
S000358,ODIR,NORMAL,VIT_PCA128_MATCHED,NORMAL,5,0.008367908639461087,0.000300293080379703,0.9913317982801593,1
S000376,ODIR,AMD_DRY,VIT_PCA128_MATCHED,AMD_DRY,5,0.9854419765836144,0.00018298942786698709,0.014375033988518549,1
S000384,ODIR,AMD_DRY,VIT_PCA128_MATCHED,AMD_DRY,5,0.8853188468378269,0.010744212084498633,0.10393694107767441,1
S000385,ODIR,AMD_DRY,VIT_PCA128_MATCHED,AMD_DRY,5,0.9989959075742746,0.0009951983865277877,8.8940391975124e-06,1
S000386,ODIR,AMD_DRY,VIT_PCA128_MATCHED,AMD_DRY,5,0.9948331901692594,0.004904851956201983,0.00026195787453860587,1
S000393,ODIR,AMD_DRY,VIT_PCA128_MATCHED,AMD_DRY,5,0.9918512231827414,0.007253893496312139,0.0008948833209464497,1
S000400,ODIR,AMD_DRY,VIT_PCA128_MATCHED,AMD_DRY,5,0.9252339445990826,0.047379513514075544,0.027386541886841788,1
S000401,ODIR,AMD_DRY,VIT_PCA128_MATCHED,AMD_DRY,5,0.7739009032659047,0.18186974885057522,0.04422934788352022,1
S000403,ODIR,AMD_DRY,VIT_PCA128_MATCHED,AMD_DRY,5,0.9925548816108873,0.0031771286436471638,0.004267989745465453,1
S000410,ODIR,AMD_DRY,VIT_PCA128_MATCHED,AMD_DRY,5,0.994622450855178,0.004882838301307922,0.0004947108435140802,1
S000419,ODIR,AMD_DRY,VIT_PCA128_MATCHED,AMD_DRY,5,0.9961738395699603,0.003792169471836383,3.399095820326838e-05,1
S000420,ODIR,AMD_DRY,VIT_PCA128_MATCHED,AMD_DRY,5,0.8980335805859851,0.09871466068764789,0.0032517587263671045,1
S000425,ODIR,AMD_DRY,VIT_PCA128_MATCHED,NORMAL,0,0.11784751128696636,0.002339080093539149,0.8798134086194945,0
S000427,ODIR,AMD_DRY,VIT_PCA128_MATCHED,AMD_DRY,5,0.9632447015792744,0.036250434340822424,0.00050486407990309,1
S000430,ODIR,AMD_DRY,VIT_PCA128_MATCHED,AMD_DRY,5,0.9772257919002507,0.015604253669559549,0.00716995443018976,1
S000438,ODIR,AMD_DRY,VIT_PCA128_MATCHED,AMD_DRY,5,0.9792348850094097,0.02041794071653454,0.00034717427405572034,1
S000443,ODIR,AMD_DRY,VIT_PCA128_MATCHED,AMD_DRY,5,0.9660163937484221,0.02965313210818969,0.004330474143388159,1
S000449,ODIR,AMD_WET,VIT_PCA128_MATCHED,AMD_DRY,0,0.6177222732072221,0.38173482306309287,0.0005429037296851155,0
S000451,ODIR,AMD_WET,VIT_PCA128_MATCHED,AMD_WET,5,0.04334864037693981,0.955599371726265,0.0010519878967951094,1
S000462,ODIR,AMD_WET,VIT_PCA128_MATCHED,AMD_WET,5,0.26683721629373464,0.732196595828351,0.0009661878779145025,1
S000469,ODIR,AMD_WET,VIT_PCA128_MATCHED,AMD_WET,4,0.40415846945020395,0.5853195072176026,0.010522023332193441,1
S000471,ODIR,AMD_WET,VIT_PCA128_MATCHED,AMD_WET,5,0.17406756198085022,0.8206475862357653,0.005284851783384489,1
S000474,RFMID,NORMAL,VIT_PCA128_MATCHED,NORMAL,5,0.0003739346378107317,0.005533425914725322,0.9940926394474638,1
S000475,RFMID,NORMAL,VIT_PCA128_MATCHED,NORMAL,5,3.3447391402092154e-05,0.0009277738316493641,0.9990387787769486,1
S000479,RFMID,NORMAL,VIT_PCA128_MATCHED,NORMAL,5,0.004087424744452593,0.0002831106678661182,0.9956294645876813,1
S000483,RFMID,NORMAL,VIT_PCA128_MATCHED,NORMAL,5,2.166654805553576e-06,2.2418307616873875e-06,0.9999955915144328,1
S000487,RFMID,NORMAL,VIT_PCA128_MATCHED,NORMAL,5,0.00034871133616627036,7.059201247417025e-05,0.9995806966513596,1
S000489,RFMID,NORMAL,VIT_PCA128_MATCHED,NORMAL,5,2.311390242319907e-10,1.5160300130908898e-10,0.9999999996172579,1
S000495,RFMID,NORMAL,VIT_PCA128_MATCHED,NORMAL,5,0.0007709466727483693,0.0022506593641902165,0.9969783939630614,1
S000496,RFMID,NORMAL,VIT_PCA128_MATCHED,NORMAL,5,3.1216806480344846e-06,2.635834075056854e-06,0.9999942424852769,1
S000503,RFMID,NORMAL,VIT_PCA128_MATCHED,NORMAL,5,5.817383277888554e-09,3.4414747164034047e-09,0.999999990741142,1
S000513,RFMID,NORMAL,VIT_PCA128_MATCHED,NORMAL,5,0.011425806639854371,0.041950288142336464,0.9466239052178091,1
S000519,RFMID,NORMAL,VIT_PCA128_MATCHED,NORMAL,5,0.22388572558470235,0.028352891251334188,0.7477613831639636,1
S000525,RFMID,NORMAL,VIT_PCA128_MATCHED,NORMAL,5,0.007039828835694456,0.010577672503631683,0.9823824986606737,1
S000526,RFMID,NORMAL,VIT_PCA128_MATCHED,NORMAL,5,0.0004408000919008161,0.005560569973997635,0.9939986299341015,1
S000536,RFMID,AMD_DRY,VIT_PCA128_MATCHED,AMD_DRY,5,0.9258633225631133,0.07123777855926022,0.0028988988776264346,1
S000538,RFMID,AMD_DRY,VIT_PCA128_MATCHED,AMD_WET,0,0.11728302081930182,0.882121520431731,0.0005954587489670214,0
S000547,RFMID,AMD_WET,VIT_PCA128_MATCHED,AMD_WET,5,0.06563233982120369,0.9207050158659467,0.013662644312849706,1
S000554,RFMID,AMD_WET,VIT_PCA128_MATCHED,AMD_WET,5,2.060144512839112e-06,0.9992041912536959,0.0007937486017913478,1
S000556,RFMID,AMD_WET,VIT_PCA128_MATCHED,AMD_WET,5,0.0020122239753238365,0.9972353268485097,0.0007524491761663468,1
S000567,RFMID,AMD_WET,VIT_PCA128_MATCHED,AMD_WET,5,0.07552579065266755,0.9164557886324944,0.008018420714838048,1
S000570,RFMID,AMD_WET,VIT_PCA128_MATCHED,AMD_WET,5,0.03726010594026044,0.83549795475344,0.12724193930629957,1
S000574,RFMID,AMD_WET,VIT_PCA128_MATCHED,AMD_WET,5,0.07922336522916984,0.9176511743958615,0.003125460374968762,1
S000577,RFMID,AMD_WET,VIT_PCA128_MATCHED,AMD_WET,5,0.005429519197413799,0.9929027733451091,0.00166770745747706,1
S000581,RFMID,AMD_WET,VIT_PCA128_MATCHED,AMD_WET,5,0.004095382695256698,0.9898590310230493,0.006045586281694301,1
S000585,RFMID,AMD_WET,VIT_PCA128_MATCHED,AMD_WET,5,0.09362677575993354,0.8351130203198307,0.07126020392023567,1
S000588,RFMID,AMD_WET,VIT_PCA128_MATCHED,AMD_WET,5,0.06536096397696699,0.9329736681677552,0.0016653678552776899,1
S000004,ADAM,AMD_DRY,VIT_RANDOM32_PCA128,AMD_DRY,5,0.9989935915354391,0.0007851741552939679,0.00022123430926688565,1
S000007,ADAM,AMD_DRY,VIT_RANDOM32_PCA128,AMD_DRY,5,0.9439593713840566,0.05574639500633096,0.0002942336096124207,1
S000008,ADAM,AMD_DRY,VIT_RANDOM32_PCA128,AMD_DRY,5,0.7844742625239601,0.20769858967688068,0.007827147799159224,1
S000017,ADAM,AMD_DRY,VIT_RANDOM32_PCA128,AMD_DRY,5,0.961671314754715,0.037665461346619605,0.0006632238986653235,1
S000022,ADAM,AMD_DRY,VIT_RANDOM32_PCA128,AMD_DRY,4,0.5257667086020372,0.01175344323997822,0.46247984815798465,1
S000029,ADAM,AMD_DRY,VIT_RANDOM32_PCA128,AMD_DRY,5,0.9715442123323068,0.026659715751252016,0.0017960719164412126,1
S000035,ADAM,AMD_DRY,VIT_RANDOM32_PCA128,AMD_DRY,5,0.5895251892614994,0.4054402029223776,0.005034607816122864,1
S000046,ADAM,AMD_WET,VIT_RANDOM32_PCA128,AMD_WET,5,0.01657433449917512,0.9830926592400667,0.0003330062607583348,1
S000048,ADAM,AMD_WET,VIT_RANDOM32_PCA128,AMD_WET,5,0.03881479185503319,0.9608218456952182,0.00036336244974854873,1
S000052,ADAM,AMD_WET,VIT_RANDOM32_PCA128,AMD_DRY,0,0.6586054236947679,0.340928722466884,0.00046585383834805256,0
S000055,FIVES,NORMAL,VIT_RANDOM32_PCA128,NORMAL,5,0.002066195264256856,0.000726197790525877,0.9972076069452174,1
S000056,FIVES,NORMAL,VIT_RANDOM32_PCA128,NORMAL,5,0.003944713392971455,0.013827552607734429,0.9822277339992944,1
S000078,FIVES,NORMAL,VIT_RANDOM32_PCA128,NORMAL,5,7.56481778642458e-07,4.294172345839609e-07,0.9999988141009869,1
S000079,FIVES,NORMAL,VIT_RANDOM32_PCA128,NORMAL,5,2.7761529057892635e-07,2.433039539753822e-07,0.9999994790807556,1
S000088,FIVES,NORMAL,VIT_RANDOM32_PCA128,NORMAL,5,0.009382437305688749,0.001188685733954877,0.9894288769603563,1
S000095,FIVES,NORMAL,VIT_RANDOM32_PCA128,NORMAL,5,0.0009160267183091674,0.00261584473170427,0.9964681285499866,1
S000096,FIVES,NORMAL,VIT_RANDOM32_PCA128,NORMAL,5,0.16637991943631647,0.2679951835563872,0.5656248970072962,1
S000097,FIVES,NORMAL,VIT_RANDOM32_PCA128,NORMAL,5,0.0034952230102280497,0.037249998595483017,0.9592547783942889,1
S000103,FIVES,NORMAL,VIT_RANDOM32_PCA128,NORMAL,5,0.001629283979132813,0.0007808353178300534,0.997589880703037,1
S000109,FIVES,NORMAL,VIT_RANDOM32_PCA128,NORMAL,5,2.2097132412768835e-08,1.9908704134646463e-08,0.9999999579941635,1
S000117,FIVES,NORMAL,VIT_RANDOM32_PCA128,NORMAL,5,0.0026885972498703757,0.06044006969887916,0.9368713330512504,1
S000118,FIVES,NORMAL,VIT_RANDOM32_PCA128,NORMAL,5,0.002444105384487608,0.0039035818858697024,0.9936523127296427,1
S000119,FIVES,NORMAL,VIT_RANDOM32_PCA128,NORMAL,5,9.796396055007163e-09,6.1157206587613385e-09,0.9999999840878833,1
S000125,FIVES,NORMAL,VIT_RANDOM32_PCA128,NORMAL,5,1.0412135060047499e-07,9.802059883314167e-08,0.9999997978580506,1
S000128,FIVES,NORMAL,VIT_RANDOM32_PCA128,NORMAL,5,1.4133876728044816e-07,1.1363545888457529e-07,0.9999997450257739,1
S000130,FIVES,NORMAL,VIT_RANDOM32_PCA128,NORMAL,5,0.01800634742731867,0.06189230213913823,0.9201013504335431,1
S000133,FIVES,NORMAL,VIT_RANDOM32_PCA128,NORMAL,5,0.0030921566861318284,0.0028484076330360483,0.9940594356808322,1
S000141,FIVES,NORMAL,VIT_RANDOM32_PCA128,NORMAL,5,3.095721238028597e-10,3.3416799126457013e-10,0.9999999993562598,1
S000145,FIVES,NORMAL,VIT_RANDOM32_PCA128,NORMAL,5,5.816734692658129e-07,6.420645558669875e-07,0.9999987762619748,1
S000151,FIVES,NORMAL,VIT_RANDOM32_PCA128,NORMAL,5,0.0008650086088175914,0.0037243650255748577,0.9954106263656076,1
S000155,FIVES,AMD_DRY,VIT_RANDOM32_PCA128,AMD_DRY,5,0.9244384633015074,0.07506269713034497,0.0004988395681477303,1
S000163,FIVES,AMD_DRY,VIT_RANDOM32_PCA128,AMD_DRY,5,0.8971837369555369,0.05513711855242491,0.04767914449203825,1
S000164,FIVES,AMD_DRY,VIT_RANDOM32_PCA128,AMD_DRY,5,0.9640757026929677,0.03564314195152905,0.0002811553555033811,1
S000168,FIVES,AMD_WET,VIT_RANDOM32_PCA128,AMD_WET,5,0.05236518755780443,0.9468812336944875,0.000753578747708137,1
S000169,FIVES,AMD_WET,VIT_RANDOM32_PCA128,AMD_WET,5,0.043127026318716434,0.9488937349402551,0.007979238741028467,1
S000176,FIVES,AMD_WET,VIT_RANDOM32_PCA128,AMD_WET,5,0.2960533220903841,0.7019761410291707,0.0019705368804451943,1
S000191,FIVES,AMD_WET,VIT_RANDOM32_PCA128,AMD_WET,5,0.0030440341060379685,0.9967500807154008,0.00020588517856102886,1
S000194,FIVES,AMD_WET,VIT_RANDOM32_PCA128,AMD_WET,5,0.012707062382384861,0.9357886898532269,0.05150424776438811,1
S000195,FIVES,AMD_WET,VIT_RANDOM32_PCA128,AMD_WET,5,0.0021394557003637056,0.9963799087302764,0.001480635569359963,1
S000202,FIVES,AMD_WET,VIT_RANDOM32_PCA128,AMD_WET,5,0.010626558915048104,0.9891309983177887,0.0002424427671631673,1
S000211,FIVES,AMD_WET,VIT_RANDOM32_PCA128,AMD_WET,5,0.15378437238189535,0.8453459704431525,0.0008696571749521695,1
S000215,FIVES,AMD_WET,VIT_RANDOM32_PCA128,AMD_WET,5,0.0008935437382633108,0.9985819881893858,0.0005244680723508527,1
S000217,FIVES,AMD_WET,VIT_RANDOM32_PCA128,AMD_WET,5,0.05279091230387645,0.9288134998924674,0.018395587803656206,1
S000229,FIVES,AMD_WET,VIT_RANDOM32_PCA128,AMD_WET,5,0.0020995357875253323,0.9954297191544557,0.0024707450580191068,1
S000232,FIVES,AMD_WET,VIT_RANDOM32_PCA128,AMD_WET,5,0.31670400294029205,0.6797256006651546,0.0035703963945533717,1
S000235,FIVES,AMD_WET,VIT_RANDOM32_PCA128,AMD_WET,5,0.0007461693359429378,0.9991037833174422,0.00015004734661469614,1
S000236,FIVES,AMD_WET,VIT_RANDOM32_PCA128,AMD_WET,5,0.04028859093188051,0.9585485372069005,0.0011628718612189583,1
S000254,ODIR,NORMAL,VIT_RANDOM32_PCA128,NORMAL,5,0.0024970831325260836,0.00018321597024009345,0.9973197008972339,1
S000262,ODIR,NORMAL,VIT_RANDOM32_PCA128,NORMAL,5,0.0022582685857245135,0.00013682049999425746,0.9976049109142814,1
S000271,ODIR,NORMAL,VIT_RANDOM32_PCA128,NORMAL,5,5.538752735089388e-07,2.7701133425753194e-07,0.9999991691133923,1
S000272,ODIR,NORMAL,VIT_RANDOM32_PCA128,NORMAL,5,6.458441923715727e-07,3.234781558150552e-07,0.9999990306776517,1
S000279,ODIR,NORMAL,VIT_RANDOM32_PCA128,NORMAL,5,0.00045544320400924237,6.250363688842475e-06,0.999538306432302,1
S000280,ODIR,NORMAL,VIT_RANDOM32_PCA128,NORMAL,5,0.02150423113714775,0.00017686026163093598,0.9783189086012213,1
S000281,ODIR,NORMAL,VIT_RANDOM32_PCA128,NORMAL,5,0.005115226164986109,0.0003977195762371917,0.9944870542587767,1
S000288,ODIR,NORMAL,VIT_RANDOM32_PCA128,NORMAL,5,0.010196588518819284,0.0009962804869663544,0.9888071309942144,1
S000289,ODIR,NORMAL,VIT_RANDOM32_PCA128,NORMAL,5,0.0017418838430298274,0.0002448026797231026,0.9980133134772471,1
S000294,ODIR,NORMAL,VIT_RANDOM32_PCA128,NORMAL,5,1.5068365814504632e-07,7.577486336102878e-08,0.9999997735414784,1
S000303,ODIR,NORMAL,VIT_RANDOM32_PCA128,NORMAL,5,0.009809534207426713,9.389856525989597e-05,0.9900965672273134,1
S000304,ODIR,NORMAL,VIT_RANDOM32_PCA128,NORMAL,5,0.014146998021823887,0.0003581647590265934,0.9854948372191494,1
S000305,ODIR,NORMAL,VIT_RANDOM32_PCA128,NORMAL,5,1.026192230647928e-07,5.134287099385926e-08,0.999999846037906,1
S000311,ODIR,NORMAL,VIT_RANDOM32_PCA128,NORMAL,5,0.021737515124489057,0.008052411257322218,0.9702100736181889,1
S000312,ODIR,NORMAL,VIT_RANDOM32_PCA128,NORMAL,5,0.0018800657518328722,0.0009152085438376721,0.9972047257043295,1
S000313,ODIR,NORMAL,VIT_RANDOM32_PCA128,NORMAL,5,0.10158962985706951,0.008300036502452094,0.8901103336404784,1
S000315,ODIR,NORMAL,VIT_RANDOM32_PCA128,NORMAL,5,0.00044936863164205947,2.7591577315495293e-05,0.9995230397910426,1
S000320,ODIR,NORMAL,VIT_RANDOM32_PCA128,NORMAL,5,7.362971754005243e-07,3.6796224632142017e-07,0.9999988957405783,1
S000332,ODIR,NORMAL,VIT_RANDOM32_PCA128,NORMAL,5,0.022894227250185317,0.0005774730918578865,0.9765282996579566,1
S000335,ODIR,NORMAL,VIT_RANDOM32_PCA128,NORMAL,5,2.4676443159928815e-07,1.3594498422940517e-07,0.9999996172905842,1
S000341,ODIR,NORMAL,VIT_RANDOM32_PCA128,NORMAL,5,0.0025750343665069805,0.00017212303753725796,0.9972528425959556,1
S000343,ODIR,NORMAL,VIT_RANDOM32_PCA128,NORMAL,5,0.12588730927448727,0.0011098603061624698,0.8730028304193503,1
S000346,ODIR,NORMAL,VIT_RANDOM32_PCA128,NORMAL,5,0.10745888642681194,0.007695379065430297,0.8848457345077577,1
S000355,ODIR,NORMAL,VIT_RANDOM32_PCA128,NORMAL,5,3.5433659806603504e-06,1.772775718922039e-06,0.9999946838583004,1
S000358,ODIR,NORMAL,VIT_RANDOM32_PCA128,NORMAL,5,0.010096441059034202,0.00030371817906297795,0.9895998407619029,1
S000376,ODIR,AMD_DRY,VIT_RANDOM32_PCA128,AMD_DRY,5,0.9827860588333248,0.00042518413990382117,0.016788757026771538,1
S000384,ODIR,AMD_DRY,VIT_RANDOM32_PCA128,AMD_DRY,5,0.8708556648619183,0.011374379659124086,0.11776995547895748,1
S000385,ODIR,AMD_DRY,VIT_RANDOM32_PCA128,AMD_DRY,5,0.9990326447958038,0.0009576506360635253,9.704568132575541e-06,1
S000386,ODIR,AMD_DRY,VIT_RANDOM32_PCA128,AMD_DRY,5,0.9938751045241115,0.005806265527242151,0.0003186299486462573,1
S000393,ODIR,AMD_DRY,VIT_RANDOM32_PCA128,AMD_DRY,5,0.9925340145854171,0.0066979588940537516,0.0007680265205291045,1
S000400,ODIR,AMD_DRY,VIT_RANDOM32_PCA128,AMD_DRY,5,0.932950476482645,0.044336754705954315,0.02271276881140088,1
S000401,ODIR,AMD_DRY,VIT_RANDOM32_PCA128,AMD_DRY,5,0.7494702621460422,0.20474483537591287,0.04578490247804483,1
S000403,ODIR,AMD_DRY,VIT_RANDOM32_PCA128,AMD_DRY,5,0.9929299626086967,0.002753859965807051,0.0043161774254962485,1
S000410,ODIR,AMD_DRY,VIT_RANDOM32_PCA128,AMD_DRY,5,0.9954847753039413,0.003951117341852073,0.0005641073542065002,1
S000419,ODIR,AMD_DRY,VIT_RANDOM32_PCA128,AMD_DRY,5,0.996166792914687,0.0037994851418443496,3.372194346862923e-05,1
S000420,ODIR,AMD_DRY,VIT_RANDOM32_PCA128,AMD_DRY,5,0.9126875574803257,0.0838000179840017,0.0035124245356724796,1
S000425,ODIR,AMD_DRY,VIT_RANDOM32_PCA128,NORMAL,0,0.10413838863919012,0.0022364255338639563,0.893625185826946,0
S000427,ODIR,AMD_DRY,VIT_RANDOM32_PCA128,AMD_DRY,5,0.9597544088698188,0.03968311986066018,0.0005624712695210968,1
S000430,ODIR,AMD_DRY,VIT_RANDOM32_PCA128,AMD_DRY,5,0.974131584147959,0.01615868263679054,0.009709733215250472,1
S000438,ODIR,AMD_DRY,VIT_RANDOM32_PCA128,AMD_DRY,5,0.9779316479594001,0.02175436642221838,0.00031398561838157747,1
S000443,ODIR,AMD_DRY,VIT_RANDOM32_PCA128,AMD_DRY,5,0.953914111504619,0.03953763504900536,0.0065482534463757016,1
S000449,ODIR,AMD_WET,VIT_RANDOM32_PCA128,AMD_DRY,0,0.6108620891826926,0.38864273202811384,0.000495178789193567,0
S000451,ODIR,AMD_WET,VIT_RANDOM32_PCA128,AMD_WET,5,0.053823901361957936,0.9451302338967918,0.0010458647412501776,1
S000462,ODIR,AMD_WET,VIT_RANDOM32_PCA128,AMD_WET,5,0.20436899983054485,0.7948184695256308,0.000812530643824373,1
S000469,ODIR,AMD_WET,VIT_RANDOM32_PCA128,AMD_WET,4,0.40422176576009916,0.5871660467356096,0.00861218750429132,1
S000471,ODIR,AMD_WET,VIT_RANDOM32_PCA128,AMD_WET,5,0.1861881851780407,0.8086368426042467,0.005174972217712485,1
S000474,RFMID,NORMAL,VIT_RANDOM32_PCA128,NORMAL,5,0.0003189959501871489,0.005421111684731428,0.9942598923650813,1
S000475,RFMID,NORMAL,VIT_RANDOM32_PCA128,NORMAL,5,2.2387595254903e-05,0.0004343647698869297,0.9995432476348581,1
S000479,RFMID,NORMAL,VIT_RANDOM32_PCA128,NORMAL,5,0.004781435901578998,0.0003609369032802376,0.9948576271951408,1
S000483,RFMID,NORMAL,VIT_RANDOM32_PCA128,NORMAL,5,1.845559427043515e-06,1.8904665319056463e-06,0.999996263974041,1
S000487,RFMID,NORMAL,VIT_RANDOM32_PCA128,NORMAL,5,1.7114779819298106e-06,1.0937345661929425e-06,0.9999971947874519,1
S000489,RFMID,NORMAL,VIT_RANDOM32_PCA128,NORMAL,5,1.706402074370765e-10,1.096183835473581e-10,0.9999999997197413,1
S000495,RFMID,NORMAL,VIT_RANDOM32_PCA128,NORMAL,5,0.0011624006186752543,0.002831005120134699,0.99600659426119,1
S000496,RFMID,NORMAL,VIT_RANDOM32_PCA128,NORMAL,5,0.00012113469359557305,0.0002792002669878452,0.9995996650394166,1
S000503,RFMID,NORMAL,VIT_RANDOM32_PCA128,NORMAL,5,6.6370158118304176e-09,4.255551266101878e-09,0.9999999891074328,1
S000513,RFMID,NORMAL,VIT_RANDOM32_PCA128,NORMAL,5,0.011215044611068948,0.03942750844081265,0.9493574469481185,1
S000519,RFMID,NORMAL,VIT_RANDOM32_PCA128,NORMAL,5,0.20743353415025229,0.0260762088712052,0.7664902569785426,1
S000525,RFMID,NORMAL,VIT_RANDOM32_PCA128,NORMAL,5,0.005688637935820098,0.008977350311924075,0.9853340117522558,1
S000526,RFMID,NORMAL,VIT_RANDOM32_PCA128,NORMAL,5,0.0004900810141445103,0.005410391579964895,0.9940995274058906,1
S000536,RFMID,AMD_DRY,VIT_RANDOM32_PCA128,AMD_DRY,5,0.9053654148702867,0.09203093617687866,0.0026036489528348207,1
S000538,RFMID,AMD_DRY,VIT_RANDOM32_PCA128,AMD_WET,0,0.11424679767896273,0.8852277633821479,0.0005254389388893515,0
S000547,RFMID,AMD_WET,VIT_RANDOM32_PCA128,AMD_WET,5,0.0715671543106903,0.9140928016812346,0.014340044008075172,1
S000554,RFMID,AMD_WET,VIT_RANDOM32_PCA128,AMD_WET,5,1.669788537913247e-06,0.999345571585601,0.0006527586258610913,1
S000556,RFMID,AMD_WET,VIT_RANDOM32_PCA128,AMD_WET,5,0.0015867104458007057,0.9978325253254404,0.0005807642287587407,1
S000567,RFMID,AMD_WET,VIT_RANDOM32_PCA128,AMD_WET,5,0.07884745179101685,0.9136638210478543,0.0074887271611289875,1
S000570,RFMID,AMD_WET,VIT_RANDOM32_PCA128,AMD_WET,5,0.038171891688522926,0.8433901707106873,0.11843793760078972,1
S000574,RFMID,AMD_WET,VIT_RANDOM32_PCA128,AMD_WET,5,0.07808934472722238,0.9189959993437868,0.002914655928990751,1
S000577,RFMID,AMD_WET,VIT_RANDOM32_PCA128,AMD_WET,5,0.004978011405145874,0.9935240115388011,0.001497977056053044,1
S000581,RFMID,AMD_WET,VIT_RANDOM32_PCA128,AMD_WET,5,0.0033456119973847135,0.9920468142084264,0.004607573794188779,1
S000585,RFMID,AMD_WET,VIT_RANDOM32_PCA128,AMD_WET,5,0.10468839754012586,0.8201407865886947,0.07517081587117935,1
S000588,RFMID,AMD_WET,VIT_RANDOM32_PCA128,AMD_WET,5,0.06435252224078157,0.9341753727541636,0.001472105005054822,1
S000004,ADAM,AMD_DRY,VIT_GENERIC32_PCA128,AMD_DRY,5,0.9993151879149421,0.0005759112723741197,0.00010890081268380785,1
S000007,ADAM,AMD_DRY,VIT_GENERIC32_PCA128,AMD_DRY,5,0.9388902209505188,0.0608453665720146,0.000264412477466484,1
S000008,ADAM,AMD_DRY,VIT_GENERIC32_PCA128,AMD_DRY,5,0.7682848892151743,0.22623902730057815,0.005476083484247508,1
S000017,ADAM,AMD_DRY,VIT_GENERIC32_PCA128,AMD_DRY,5,0.8307797807977618,0.16531215934340013,0.003908059858838128,1
S000022,ADAM,AMD_DRY,VIT_GENERIC32_PCA128,AMD_DRY,5,0.6583443584652551,0.012316388389476825,0.32933925314526824,1
S000029,ADAM,AMD_DRY,VIT_GENERIC32_PCA128,AMD_DRY,5,0.9693388394387586,0.029205818642664583,0.0014553419185766852,1
S000035,ADAM,AMD_DRY,VIT_GENERIC32_PCA128,AMD_DRY,5,0.6493743740671822,0.34710370608175584,0.003521919851061908,1
S000046,ADAM,AMD_WET,VIT_GENERIC32_PCA128,AMD_WET,5,0.009764987020369912,0.9900550573933791,0.0001799555862510329,1
S000048,ADAM,AMD_WET,VIT_GENERIC32_PCA128,AMD_WET,5,0.05152699507289145,0.9481593009913596,0.0003137039357491501,1
S000052,ADAM,AMD_WET,VIT_GENERIC32_PCA128,AMD_DRY,0,0.6161128896046488,0.38322256431002044,0.0006645460853307612,0
S000055,FIVES,NORMAL,VIT_GENERIC32_PCA128,NORMAL,5,0.0032697297009642696,0.0011956700690737788,0.9955346002299619,1
S000056,FIVES,NORMAL,VIT_GENERIC32_PCA128,NORMAL,5,0.003586290906186991,0.013719270359062863,0.9826944387347503,1
S000078,FIVES,NORMAL,VIT_GENERIC32_PCA128,NORMAL,5,1.1469854492169732e-06,6.430754451109922e-07,0.9999982099391056,1
S000079,FIVES,NORMAL,VIT_GENERIC32_PCA128,NORMAL,5,7.811594431805003e-07,7.799535839867889e-07,0.9999984388869729,1
S000088,FIVES,NORMAL,VIT_GENERIC32_PCA128,NORMAL,5,0.0075826602790484005,0.001178602327902839,0.9912387373930487,1
S000095,FIVES,NORMAL,VIT_GENERIC32_PCA128,NORMAL,5,0.0008119198323325125,0.002670723219624897,0.9965173569480426,1
S000096,FIVES,NORMAL,VIT_GENERIC32_PCA128,NORMAL,5,0.14420573577940826,0.29924944441552925,0.5565448198050624,1
S000097,FIVES,NORMAL,VIT_GENERIC32_PCA128,NORMAL,5,0.003700953907363958,0.03906291581697548,0.9572361302756607,1
S000103,FIVES,NORMAL,VIT_GENERIC32_PCA128,NORMAL,5,0.0031787965200498424,0.001181664260668312,0.9956395392192819,1
S000109,FIVES,NORMAL,VIT_GENERIC32_PCA128,NORMAL,5,3.6308333938531e-08,3.6006569168036683e-08,0.9999999276850969,1
S000117,FIVES,NORMAL,VIT_GENERIC32_PCA128,NORMAL,5,0.002682781925066798,0.06908955717144555,0.9282276609034877,1
S000118,FIVES,NORMAL,VIT_GENERIC32_PCA128,NORMAL,5,0.0016172897603127768,0.003796736291615184,0.994585973948072,1
S000119,FIVES,NORMAL,VIT_GENERIC32_PCA128,NORMAL,5,9.932610382288546e-09,7.308400209676701e-09,0.9999999827589894,1
S000125,FIVES,NORMAL,VIT_GENERIC32_PCA128,NORMAL,5,8.967015868696202e-08,9.535544620576601e-08,0.9999998149743952,1
S000128,FIVES,NORMAL,VIT_GENERIC32_PCA128,NORMAL,5,2.6132447645282794e-07,2.412232609147254e-07,0.9999994974522627,1
S000130,FIVES,NORMAL,VIT_GENERIC32_PCA128,NORMAL,5,0.017960994075157336,0.06546877255533085,0.9165702333695117,1
S000133,FIVES,NORMAL,VIT_GENERIC32_PCA128,NORMAL,5,0.0011829141005912586,0.0014402301728934984,0.9973768557265152,1
S000141,FIVES,NORMAL,VIT_GENERIC32_PCA128,NORMAL,5,1.8364993387411136e-10,2.0058557932236184e-10,0.9999999996157645,1
S000145,FIVES,NORMAL,VIT_GENERIC32_PCA128,NORMAL,5,3.902990310773465e-07,4.3973811332506115e-07,0.9999991699628555,1
S000151,FIVES,NORMAL,VIT_GENERIC32_PCA128,NORMAL,5,0.000991854810791687,0.004642894090197794,0.9943652510990105,1
S000155,FIVES,AMD_DRY,VIT_GENERIC32_PCA128,AMD_DRY,5,0.9034321272299858,0.09609137250286211,0.00047650026715202515,1
S000163,FIVES,AMD_DRY,VIT_GENERIC32_PCA128,AMD_DRY,5,0.8169337338316476,0.09384558444332905,0.08922068172502325,1
S000164,FIVES,AMD_DRY,VIT_GENERIC32_PCA128,AMD_DRY,5,0.9547308969937198,0.044914384151329076,0.0003547188549512309,1
S000168,FIVES,AMD_WET,VIT_GENERIC32_PCA128,AMD_WET,5,0.048288194080876014,0.9510670467489393,0.0006447591701847395,1
S000169,FIVES,AMD_WET,VIT_GENERIC32_PCA128,AMD_WET,5,0.04259760961256046,0.9508725778643059,0.006529812523133584,1
S000176,FIVES,AMD_WET,VIT_GENERIC32_PCA128,AMD_WET,5,0.2973775558363503,0.7008732030956324,0.0017492410680173768,1
S000191,FIVES,AMD_WET,VIT_GENERIC32_PCA128,AMD_WET,5,0.003221488754388692,0.9965946361214005,0.00018387512421072575,1
S000194,FIVES,AMD_WET,VIT_GENERIC32_PCA128,AMD_WET,5,0.012754694470068365,0.9402005888175538,0.0470447167123779,1
S000195,FIVES,AMD_WET,VIT_GENERIC32_PCA128,AMD_WET,5,0.0012576240051332867,0.9976210537136012,0.001121322281265399,1
S000202,FIVES,AMD_WET,VIT_GENERIC32_PCA128,AMD_WET,5,0.011048879103714248,0.9887462486061012,0.00020487229018454565,1
S000211,FIVES,AMD_WET,VIT_GENERIC32_PCA128,AMD_WET,5,0.14024991692335909,0.8587378882822346,0.0010121947944062063,1
S000215,FIVES,AMD_WET,VIT_GENERIC32_PCA128,AMD_WET,5,0.0006168383052843347,0.9989370856992436,0.0004460759954722159,1
S000217,FIVES,AMD_WET,VIT_GENERIC32_PCA128,AMD_WET,5,0.043654440214973424,0.9431119316740917,0.013233628110935045,1
S000229,FIVES,AMD_WET,VIT_GENERIC32_PCA128,AMD_WET,5,0.0006239390660960921,0.9979183119907591,0.0014577489431448765,1
S000232,FIVES,AMD_WET,VIT_GENERIC32_PCA128,AMD_WET,5,0.28001159214966037,0.718067656393783,0.0019207514565565704,1
S000235,FIVES,AMD_WET,VIT_GENERIC32_PCA128,AMD_WET,5,0.0006258804325498176,0.9992461931384412,0.00012792642900897867,1
S000236,FIVES,AMD_WET,VIT_GENERIC32_PCA128,AMD_WET,5,0.02805874296007354,0.9713181278696374,0.0006231291702890306,1
S000254,ODIR,NORMAL,VIT_GENERIC32_PCA128,NORMAL,5,0.0031705707801900364,0.00017425429526294028,0.9966551749245468,1
S000262,ODIR,NORMAL,VIT_GENERIC32_PCA128,NORMAL,5,0.005633190988607215,0.00019714691972692747,0.9941696620916659,1
S000271,ODIR,NORMAL,VIT_GENERIC32_PCA128,NORMAL,5,6.298733915875406e-07,3.1496802903242783e-07,0.9999990551585795,1
S000272,ODIR,NORMAL,VIT_GENERIC32_PCA128,NORMAL,5,1.658939789128119e-06,8.299346625268122e-07,0.9999975111255484,1
S000279,ODIR,NORMAL,VIT_GENERIC32_PCA128,NORMAL,5,0.00039154400931223937,9.673733088051998e-06,0.9995987822575998,1
S000280,ODIR,NORMAL,VIT_GENERIC32_PCA128,NORMAL,5,0.023513126266381586,0.00013857263751487496,0.9763483010961034,1
S000281,ODIR,NORMAL,VIT_GENERIC32_PCA128,NORMAL,5,0.006918666977935884,0.00040104806333058404,0.9926802849587336,1
S000288,ODIR,NORMAL,VIT_GENERIC32_PCA128,NORMAL,5,0.006429298541084459,0.0007236174836211237,0.9928470839752943,1
S000289,ODIR,NORMAL,VIT_GENERIC32_PCA128,NORMAL,5,0.003912532868664458,0.0007245501341442194,0.9953629169971914,1
S000294,ODIR,NORMAL,VIT_GENERIC32_PCA128,NORMAL,5,8.382242608259313e-08,4.206657603904674e-08,0.9999998741109979,1
S000303,ODIR,NORMAL,VIT_GENERIC32_PCA128,NORMAL,5,0.01756883332885655,9.15159619260757e-05,0.9823396507092174,1
S000304,ODIR,NORMAL,VIT_GENERIC32_PCA128,NORMAL,5,0.01748757721311229,0.00037344547835563237,0.9821389773085321,1
S000305,ODIR,NORMAL,VIT_GENERIC32_PCA128,NORMAL,5,4.301917096269781e-08,2.1530434981436692e-08,0.9999999354503941,1
S000311,ODIR,NORMAL,VIT_GENERIC32_PCA128,NORMAL,5,0.01683011487226695,0.009592138040401006,0.9735777470873319,1
S000312,ODIR,NORMAL,VIT_GENERIC32_PCA128,NORMAL,5,0.0015524065835984622,0.0008967203716315191,0.99755087304477,1
S000313,ODIR,NORMAL,VIT_GENERIC32_PCA128,NORMAL,5,0.10964575692947531,0.00786661512700593,0.882487627943519,1
S000315,ODIR,NORMAL,VIT_GENERIC32_PCA128,NORMAL,5,0.0005446153656527965,1.3435389300971067e-05,0.9994419492450461,1
S000320,ODIR,NORMAL,VIT_GENERIC32_PCA128,NORMAL,5,0.0003979359429953904,3.65099444536875e-05,0.9995655541125508,1
S000332,ODIR,NORMAL,VIT_GENERIC32_PCA128,NORMAL,5,0.019276648922082786,0.00041035541599458556,0.9803129956619226,1
S000335,ODIR,NORMAL,VIT_GENERIC32_PCA128,NORMAL,5,8.319130457606034e-08,4.627985472031287e-08,0.9999998705288407,1
S000341,ODIR,NORMAL,VIT_GENERIC32_PCA128,NORMAL,5,0.0018985719434129703,0.00014289475211997867,0.9979585333044672,1
S000343,ODIR,NORMAL,VIT_GENERIC32_PCA128,NORMAL,5,0.07861838849292059,0.0007497715869272329,0.9206318399201521,1
S000346,ODIR,NORMAL,VIT_GENERIC32_PCA128,NORMAL,5,0.07508375011481916,0.006616294836118477,0.9182999550490625,1
S000355,ODIR,NORMAL,VIT_GENERIC32_PCA128,NORMAL,5,0.04848286676536802,0.043272016483865375,0.9082451167507667,1
S000358,ODIR,NORMAL,VIT_GENERIC32_PCA128,NORMAL,5,0.007709242180940347,0.0001670538016569963,0.9921237040174026,1
S000376,ODIR,AMD_DRY,VIT_GENERIC32_PCA128,AMD_DRY,5,0.993744191858385,8.697110037047666e-05,0.006168837041244405,1
S000384,ODIR,AMD_DRY,VIT_GENERIC32_PCA128,AMD_DRY,5,0.8416586068578018,0.010207520134765023,0.14813387300743308,1
S000385,ODIR,AMD_DRY,VIT_GENERIC32_PCA128,AMD_DRY,5,0.9990490628924602,0.0009413721235769987,9.564983962677957e-06,1
S000386,ODIR,AMD_DRY,VIT_GENERIC32_PCA128,AMD_DRY,5,0.9946644117886638,0.0050643579338161765,0.0002712302775199632,1
S000393,ODIR,AMD_DRY,VIT_GENERIC32_PCA128,AMD_DRY,5,0.9937098740847645,0.005606799902332723,0.0006833260129028456,1
S000400,ODIR,AMD_DRY,VIT_GENERIC32_PCA128,AMD_DRY,5,0.9089948464355905,0.04395882057355291,0.04704633299085662,1
S000401,ODIR,AMD_DRY,VIT_GENERIC32_PCA128,AMD_DRY,5,0.7772877060309744,0.17279850150731313,0.049913792461712535,1
S000403,ODIR,AMD_DRY,VIT_GENERIC32_PCA128,AMD_DRY,5,0.9940366433017342,0.002749908614081066,0.003213448084184744,1
S000410,ODIR,AMD_DRY,VIT_GENERIC32_PCA128,AMD_DRY,5,0.9949745679417819,0.004556464047193287,0.0004689680110249888,1
S000419,ODIR,AMD_DRY,VIT_GENERIC32_PCA128,AMD_DRY,5,0.9950164774346758,0.004950539189214025,3.2983376110310986e-05,1
S000420,ODIR,AMD_DRY,VIT_GENERIC32_PCA128,AMD_DRY,5,0.9120777867132501,0.08483109030958148,0.0030911229771684373,1
S000425,ODIR,AMD_DRY,VIT_GENERIC32_PCA128,NORMAL,0,0.17445505249660861,0.0032205870453692552,0.822324360458022,0
S000427,ODIR,AMD_DRY,VIT_GENERIC32_PCA128,AMD_DRY,5,0.9789205624548452,0.02035256285578633,0.0007268746893685545,1
S000430,ODIR,AMD_DRY,VIT_GENERIC32_PCA128,AMD_DRY,5,0.9728002976294041,0.01830767193661644,0.00889203043397949,1
S000438,ODIR,AMD_DRY,VIT_GENERIC32_PCA128,AMD_DRY,5,0.9864662323581099,0.013265002667171694,0.0002687649747184161,1
S000443,ODIR,AMD_DRY,VIT_GENERIC32_PCA128,AMD_DRY,5,0.9581646526104505,0.036766536859705296,0.0050688105298443385,1
S000449,ODIR,AMD_WET,VIT_GENERIC32_PCA128,AMD_DRY,0,0.6713226382688842,0.3282247047813987,0.00045265694971705203,0
S000451,ODIR,AMD_WET,VIT_GENERIC32_PCA128,AMD_WET,5,0.03846854311501631,0.9607550981066296,0.0007763587783541626,1
S000462,ODIR,AMD_WET,VIT_GENERIC32_PCA128,AMD_WET,5,0.300083840784054,0.6988243430376988,0.0010918161782471386,1
S000469,ODIR,AMD_WET,VIT_GENERIC32_PCA128,AMD_WET,4,0.4137073217153605,0.5746571697558698,0.011635508528769628,1
S000471,ODIR,AMD_WET,VIT_GENERIC32_PCA128,AMD_WET,5,0.1761458377472342,0.8193859140880114,0.004468248164754345,1
S000474,RFMID,NORMAL,VIT_GENERIC32_PCA128,NORMAL,5,0.0003457614835701456,0.00493778948931974,0.9947164490271101,1
S000475,RFMID,NORMAL,VIT_GENERIC32_PCA128,NORMAL,5,1.4460420986776605e-05,0.000366156011221407,0.9996193835677918,1
S000479,RFMID,NORMAL,VIT_GENERIC32_PCA128,NORMAL,5,0.0033602754541470978,0.00028446285686243016,0.9963552616889905,1
S000483,RFMID,NORMAL,VIT_GENERIC32_PCA128,NORMAL,5,2.3119364623646373e-06,2.4400570349792954e-06,0.9999952480065026,1
S000487,RFMID,NORMAL,VIT_GENERIC32_PCA128,NORMAL,5,0.0003341181972367997,6.0314454593606525e-05,0.9996055673481695,1
S000489,RFMID,NORMAL,VIT_GENERIC32_PCA128,NORMAL,5,1.7411424597101144e-10,1.2143069317767573e-10,0.9999999997044551,1
S000495,RFMID,NORMAL,VIT_GENERIC32_PCA128,NORMAL,5,0.0014758154106988702,0.00166263293812095,0.9968615516511802,1
S000496,RFMID,NORMAL,VIT_GENERIC32_PCA128,NORMAL,5,1.035183625909833e-06,8.266721399000063e-07,0.9999981381442342,1
S000503,RFMID,NORMAL,VIT_GENERIC32_PCA128,NORMAL,5,4.056445320372893e-09,2.4073088630345695e-09,0.9999999935362458,1
S000513,RFMID,NORMAL,VIT_GENERIC32_PCA128,NORMAL,5,0.012580312399467117,0.034169482619210954,0.953250204981322,1
S000519,RFMID,NORMAL,VIT_GENERIC32_PCA128,NORMAL,5,0.22397509291028053,0.028562262895641538,0.7474626441940778,1
S000525,RFMID,NORMAL,VIT_GENERIC32_PCA128,NORMAL,5,0.005037702687852312,0.007977418461831304,0.9869848788503164,1
S000526,RFMID,NORMAL,VIT_GENERIC32_PCA128,NORMAL,5,0.0005104307964629977,0.005709342327230994,0.993780226876306,1
S000536,RFMID,AMD_DRY,VIT_GENERIC32_PCA128,AMD_DRY,5,0.9339420328032256,0.06342790574248754,0.002630061454286851,1
S000538,RFMID,AMD_DRY,VIT_GENERIC32_PCA128,AMD_WET,0,0.1452652405285671,0.8540696458270874,0.0006651136443455343,0
S000547,RFMID,AMD_WET,VIT_GENERIC32_PCA128,AMD_WET,5,0.09570288409686672,0.8878009139895415,0.016496201913591878,1
S000554,RFMID,AMD_WET,VIT_GENERIC32_PCA128,AMD_WET,5,0.00035037631517221776,0.999001957141127,0.0006476665437007147,1
S000556,RFMID,AMD_WET,VIT_GENERIC32_PCA128,AMD_WET,5,0.0012971617817820634,0.9982506496047627,0.000452188613455148,1
S000567,RFMID,AMD_WET,VIT_GENERIC32_PCA128,AMD_WET,5,0.08477416038066829,0.9088301146818776,0.006395724937454307,1
S000570,RFMID,AMD_WET,VIT_GENERIC32_PCA128,AMD_WET,5,0.034769110696984046,0.8208958981970207,0.14433499110599532,1
S000574,RFMID,AMD_WET,VIT_GENERIC32_PCA128,AMD_WET,5,0.07797553190758172,0.9189829385787001,0.0030415295137182336,1
S000577,RFMID,AMD_WET,VIT_GENERIC32_PCA128,AMD_WET,5,0.005130787245153261,0.9934790585554506,0.0013901541993960463,1
S000581,RFMID,AMD_WET,VIT_GENERIC32_PCA128,AMD_WET,5,0.0044167179334815045,0.989780809434697,0.005802472631821462,1
S000585,RFMID,AMD_WET,VIT_GENERIC32_PCA128,AMD_WET,5,0.1020679922620645,0.8272391546450972,0.0706928530928382,1
S000588,RFMID,AMD_WET,VIT_GENERIC32_PCA128,AMD_WET,5,0.10592488218819185,0.892072737516032,0.002002380295776131,1
S000004,ADAM,AMD_DRY,VIT_HANDCRAFTED32_PCA128_PROPOSED,AMD_DRY,5,0.9990998903290451,0.0007757210289450093,0.0001243886420098206,1
S000007,ADAM,AMD_DRY,VIT_HANDCRAFTED32_PCA128_PROPOSED,AMD_DRY,5,0.9357407436534807,0.06402743888034725,0.0002318174661722586,1
S000008,ADAM,AMD_DRY,VIT_HANDCRAFTED32_PCA128_PROPOSED,AMD_DRY,5,0.7573853786434677,0.23962296518356677,0.002991656172965489,1
S000017,ADAM,AMD_DRY,VIT_HANDCRAFTED32_PCA128_PROPOSED,AMD_DRY,5,0.9449650744898044,0.05411480023085481,0.0009201252793407198,1
S000022,ADAM,AMD_DRY,VIT_HANDCRAFTED32_PCA128_PROPOSED,AMD_DRY,5,0.6313142997508694,0.025036885372581818,0.34364881487654886,1
S000029,ADAM,AMD_DRY,VIT_HANDCRAFTED32_PCA128_PROPOSED,AMD_DRY,5,0.9711574693666776,0.027653436076415384,0.0011890945569069332,1
S000035,ADAM,AMD_DRY,VIT_HANDCRAFTED32_PCA128_PROPOSED,AMD_DRY,5,0.5532592220195582,0.44255652196466455,0.004184256015777342,1
S000046,ADAM,AMD_WET,VIT_HANDCRAFTED32_PCA128_PROPOSED,AMD_WET,5,0.011371587935448239,0.9884800251372114,0.00014838692734036392,1
S000048,ADAM,AMD_WET,VIT_HANDCRAFTED32_PCA128_PROPOSED,AMD_WET,5,0.034340248087087535,0.9653485303365876,0.0003112215763249048,1
S000052,ADAM,AMD_WET,VIT_HANDCRAFTED32_PCA128_PROPOSED,AMD_DRY,0,0.5694442889038641,0.4299498100872614,0.0006059010088744357,0
S000055,FIVES,NORMAL,VIT_HANDCRAFTED32_PCA128_PROPOSED,NORMAL,5,0.002643504491423069,0.0013722982190012033,0.9959841972895758,1
S000056,FIVES,NORMAL,VIT_HANDCRAFTED32_PCA128_PROPOSED,NORMAL,5,0.002684175462450409,0.015923767782820925,0.9813920567547288,1
S000078,FIVES,NORMAL,VIT_HANDCRAFTED32_PCA128_PROPOSED,NORMAL,5,0.00046290419252588395,7.720340540840678e-05,0.9994598924020657,1
S000079,FIVES,NORMAL,VIT_HANDCRAFTED32_PCA128_PROPOSED,NORMAL,5,1.2677843818385581e-06,1.2443364841644784e-06,0.999997487879134,1
S000088,FIVES,NORMAL,VIT_HANDCRAFTED32_PCA128_PROPOSED,NORMAL,5,0.006540452676129305,0.0010414504460287035,0.9924180968778421,1
S000095,FIVES,NORMAL,VIT_HANDCRAFTED32_PCA128_PROPOSED,NORMAL,5,0.000804171567082239,0.0034677999559045323,0.9957280284770131,1
S000096,FIVES,NORMAL,VIT_HANDCRAFTED32_PCA128_PROPOSED,NORMAL,5,0.09797486086645492,0.3148316468023552,0.5871934923311898,1
S000097,FIVES,NORMAL,VIT_HANDCRAFTED32_PCA128_PROPOSED,NORMAL,5,0.004190586124911282,0.06041951030756178,0.9353899035675269,1
S000103,FIVES,NORMAL,VIT_HANDCRAFTED32_PCA128_PROPOSED,NORMAL,5,0.0023014634200310877,0.001095666997896197,0.9966028695820727,1
S000109,FIVES,NORMAL,VIT_HANDCRAFTED32_PCA128_PROPOSED,NORMAL,5,5.0010358782330043e-08,5.007647800487796e-08,0.9999998999131632,1
S000117,FIVES,NORMAL,VIT_HANDCRAFTED32_PCA128_PROPOSED,NORMAL,5,0.0024773568167954637,0.08845711497530975,0.9090655282078947,1
S000118,FIVES,NORMAL,VIT_HANDCRAFTED32_PCA128_PROPOSED,NORMAL,5,0.001445267629186523,0.004279390671744661,0.9942753416990688,1
S000119,FIVES,NORMAL,VIT_HANDCRAFTED32_PCA128_PROPOSED,NORMAL,5,2.4994739322398633e-08,1.784094808551406e-08,0.9999999571643127,1
S000125,FIVES,NORMAL,VIT_HANDCRAFTED32_PCA128_PROPOSED,NORMAL,5,2.466598599101316e-07,2.640005576228507e-07,0.9999994893395824,1
S000128,FIVES,NORMAL,VIT_HANDCRAFTED32_PCA128_PROPOSED,NORMAL,5,1.9560700372913215e-07,1.9477440672445985e-07,0.9999996096185896,1
S000130,FIVES,NORMAL,VIT_HANDCRAFTED32_PCA128_PROPOSED,NORMAL,5,0.02752421229385661,0.11909653977388897,0.8533792479322544,1
S000133,FIVES,NORMAL,VIT_HANDCRAFTED32_PCA128_PROPOSED,NORMAL,5,0.00323273764357851,0.0037173829363971594,0.9930498794200243,1
S000141,FIVES,NORMAL,VIT_HANDCRAFTED32_PCA128_PROPOSED,NORMAL,5,9.106525533957302e-10,1.0378847754477552e-09,0.9999999980514627,1
S000145,FIVES,NORMAL,VIT_HANDCRAFTED32_PCA128_PROPOSED,NORMAL,5,1.864625794374643e-05,0.0003677766571141447,0.999613577084942,1
S000151,FIVES,NORMAL,VIT_HANDCRAFTED32_PCA128_PROPOSED,NORMAL,5,0.0011404786358026092,0.005720685356369512,0.9931388360078278,1
S000155,FIVES,AMD_DRY,VIT_HANDCRAFTED32_PCA128_PROPOSED,AMD_DRY,5,0.9172495936941457,0.08251866727745125,0.00023173902840302671,1
S000163,FIVES,AMD_DRY,VIT_HANDCRAFTED32_PCA128_PROPOSED,AMD_DRY,5,0.8986868643090444,0.0699486307543168,0.03136450493663868,1
S000164,FIVES,AMD_DRY,VIT_HANDCRAFTED32_PCA128_PROPOSED,AMD_DRY,5,0.9554145339660491,0.04439274576203063,0.0001927202719202011,1
S000168,FIVES,AMD_WET,VIT_HANDCRAFTED32_PCA128_PROPOSED,AMD_WET,5,0.042139589870407064,0.9572491201053064,0.0006112900242865316,1
S000169,FIVES,AMD_WET,VIT_HANDCRAFTED32_PCA128_PROPOSED,AMD_WET,5,0.029639224778193907,0.9655036760763724,0.004857099145433575,1
S000176,FIVES,AMD_WET,VIT_HANDCRAFTED32_PCA128_PROPOSED,AMD_WET,5,0.3019968870391414,0.6966073466381794,0.0013957663226791758,1
S000191,FIVES,AMD_WET,VIT_HANDCRAFTED32_PCA128_PROPOSED,AMD_WET,5,0.002049452748055199,0.9978062156010676,0.00014433165087714234,1
S000194,FIVES,AMD_WET,VIT_HANDCRAFTED32_PCA128_PROPOSED,AMD_WET,5,0.008483637374973227,0.9661604341683612,0.02535592845666561,1
S000195,FIVES,AMD_WET,VIT_HANDCRAFTED32_PCA128_PROPOSED,AMD_WET,5,0.0018669472855550808,0.9966406971576793,0.0014923555567655938,1
S000202,FIVES,AMD_WET,VIT_HANDCRAFTED32_PCA128_PROPOSED,AMD_WET,5,0.010433527904711807,0.989352673377098,0.00021379871819014886,1
S000211,FIVES,AMD_WET,VIT_HANDCRAFTED32_PCA128_PROPOSED,AMD_WET,5,0.1116725265333077,0.8874502076110972,0.0008772658555952096,1
S000215,FIVES,AMD_WET,VIT_HANDCRAFTED32_PCA128_PROPOSED,AMD_WET,5,1.3589479888127182e-06,0.9997077369772853,0.0002909040747258919,1
S000217,FIVES,AMD_WET,VIT_HANDCRAFTED32_PCA128_PROPOSED,AMD_WET,5,0.03944588303797685,0.949566871358666,0.010987245603357208,1
S000229,FIVES,AMD_WET,VIT_HANDCRAFTED32_PCA128_PROPOSED,AMD_WET,5,0.000931039727130219,0.9976283688838805,0.0014405913889892065,1
S000232,FIVES,AMD_WET,VIT_HANDCRAFTED32_PCA128_PROPOSED,AMD_WET,5,0.26239869850291786,0.7360174399501597,0.0015838615469224433,1
S000235,FIVES,AMD_WET,VIT_HANDCRAFTED32_PCA128_PROPOSED,AMD_WET,5,0.00036505393728932884,0.9994978787166582,0.00013706734605246234,1
S000236,FIVES,AMD_WET,VIT_HANDCRAFTED32_PCA128_PROPOSED,AMD_WET,5,0.04867090147042361,0.9507146937624364,0.0006144047671398433,1
S000254,ODIR,NORMAL,VIT_HANDCRAFTED32_PCA128_PROPOSED,NORMAL,5,0.0007317271414294267,0.00010979673339954611,0.9991584761251708,1
S000262,ODIR,NORMAL,VIT_HANDCRAFTED32_PCA128_PROPOSED,NORMAL,5,0.0015678173325005655,0.00016011968371003484,0.9982720629837895,1
S000271,ODIR,NORMAL,VIT_HANDCRAFTED32_PCA128_PROPOSED,NORMAL,5,8.937102942144532e-07,4.4737967007173246e-07,0.9999986589100358,1
S000272,ODIR,NORMAL,VIT_HANDCRAFTED32_PCA128_PROPOSED,NORMAL,5,0.0003752770596390824,2.4067607754561214e-05,0.9996006553326063,1
S000279,ODIR,NORMAL,VIT_HANDCRAFTED32_PCA128_PROPOSED,NORMAL,5,0.0007859739662782322,3.85676598861686e-05,0.9991754583738356,1
S000280,ODIR,NORMAL,VIT_HANDCRAFTED32_PCA128_PROPOSED,NORMAL,5,0.021447963196920283,0.00019528456902074095,0.978356752234059,1
S000281,ODIR,NORMAL,VIT_HANDCRAFTED32_PCA128_PROPOSED,NORMAL,5,0.008680497787074987,0.0006652241836430722,0.9906542780292819,1
S000288,ODIR,NORMAL,VIT_HANDCRAFTED32_PCA128_PROPOSED,NORMAL,5,0.021387370852258416,0.0020056682375927627,0.9766069609101488,1
S000289,ODIR,NORMAL,VIT_HANDCRAFTED32_PCA128_PROPOSED,NORMAL,5,0.0038096178291914633,0.0014177420680427703,0.9947726401027657,1
S000294,ODIR,NORMAL,VIT_HANDCRAFTED32_PCA128_PROPOSED,NORMAL,5,7.668588647246395e-07,3.875766147337729e-07,0.9999988455645206,1
S000303,ODIR,NORMAL,VIT_HANDCRAFTED32_PCA128_PROPOSED,NORMAL,5,0.01406582334362071,0.00018335685189760397,0.9857508198044815,1
S000304,ODIR,NORMAL,VIT_HANDCRAFTED32_PCA128_PROPOSED,NORMAL,5,0.014425537606742422,0.0006142181984241627,0.9849602441948335,1
S000305,ODIR,NORMAL,VIT_HANDCRAFTED32_PCA128_PROPOSED,NORMAL,5,1.5900942519355597e-07,7.962066468516806e-08,0.9999997613699101,1
S000311,ODIR,NORMAL,VIT_HANDCRAFTED32_PCA128_PROPOSED,NORMAL,5,0.013251781285421555,0.01075939909806794,0.9759888196165104,1
S000312,ODIR,NORMAL,VIT_HANDCRAFTED32_PCA128_PROPOSED,NORMAL,5,0.0021209464847522534,0.0018137375355367468,0.9960653159797109,1
S000313,ODIR,NORMAL,VIT_HANDCRAFTED32_PCA128_PROPOSED,NORMAL,5,0.092425234792503,0.006562156722133926,0.9010126084853631,1
S000315,ODIR,NORMAL,VIT_HANDCRAFTED32_PCA128_PROPOSED,NORMAL,5,0.001429358758621041,0.0001152490635627306,0.9984553921778161,1
S000320,ODIR,NORMAL,VIT_HANDCRAFTED32_PCA128_PROPOSED,NORMAL,5,9.412871721416433e-07,4.7036807865701123e-07,0.9999985883447492,1
S000332,ODIR,NORMAL,VIT_HANDCRAFTED32_PCA128_PROPOSED,NORMAL,5,0.022694050002215575,0.0006874305886739556,0.9766185194091106,1
S000335,ODIR,NORMAL,VIT_HANDCRAFTED32_PCA128_PROPOSED,NORMAL,5,6.72442546647714e-07,3.991602895097751e-07,0.9999989283971639,1
S000341,ODIR,NORMAL,VIT_HANDCRAFTED32_PCA128_PROPOSED,NORMAL,5,0.0017059666930114262,0.00016393271623598175,0.9981301005907527,1
S000343,ODIR,NORMAL,VIT_HANDCRAFTED32_PCA128_PROPOSED,NORMAL,5,0.07995642172739129,0.0007482033300463044,0.9192953749425623,1
S000346,ODIR,NORMAL,VIT_HANDCRAFTED32_PCA128_PROPOSED,NORMAL,5,0.20315349392581497,0.01889911189644033,0.7779473941777447,1
S000355,ODIR,NORMAL,VIT_HANDCRAFTED32_PCA128_PROPOSED,NORMAL,5,0.0009903467416319922,0.0004945734585643051,0.9985150797998038,1
S000358,ODIR,NORMAL,VIT_HANDCRAFTED32_PCA128_PROPOSED,NORMAL,5,0.016822119014031627,0.0006025721641828381,0.9825753088217855,1
S000376,ODIR,AMD_DRY,VIT_HANDCRAFTED32_PCA128_PROPOSED,AMD_DRY,5,0.9922911979712443,0.00012001028124223585,0.007588791747513377,1
S000384,ODIR,AMD_DRY,VIT_HANDCRAFTED32_PCA128_PROPOSED,AMD_DRY,5,0.8797589303538412,0.011711903877007398,0.10852916576915139,1
S000385,ODIR,AMD_DRY,VIT_HANDCRAFTED32_PCA128_PROPOSED,AMD_DRY,5,0.9988076771766933,0.0011885160964727102,3.8067268340660627e-06,1
S000386,ODIR,AMD_DRY,VIT_HANDCRAFTED32_PCA128_PROPOSED,AMD_DRY,5,0.9943055717459861,0.005608987516331923,8.544073768193731e-05,1
S000393,ODIR,AMD_DRY,VIT_HANDCRAFTED32_PCA128_PROPOSED,AMD_DRY,5,0.9912747056603328,0.008274447179612782,0.0004508471600546455,1
S000400,ODIR,AMD_DRY,VIT_HANDCRAFTED32_PCA128_PROPOSED,AMD_DRY,5,0.9428134803867962,0.04526090640852946,0.011925613204674298,1
S000401,ODIR,AMD_DRY,VIT_HANDCRAFTED32_PCA128_PROPOSED,AMD_DRY,5,0.7917277901693337,0.18170114019660719,0.02657106963405905,1
S000403,ODIR,AMD_DRY,VIT_HANDCRAFTED32_PCA128_PROPOSED,AMD_DRY,5,0.9957683188434758,0.0024922119896160044,0.001739469166908111,1
S000410,ODIR,AMD_DRY,VIT_HANDCRAFTED32_PCA128_PROPOSED,AMD_DRY,5,0.9916593238218747,0.00778486813637895,0.0005558080417464346,1
S000419,ODIR,AMD_DRY,VIT_HANDCRAFTED32_PCA128_PROPOSED,AMD_DRY,5,0.9949189641403786,0.005059812544821666,2.1223314799762853e-05,1
S000420,ODIR,AMD_DRY,VIT_HANDCRAFTED32_PCA128_PROPOSED,AMD_DRY,5,0.8917481866522415,0.10596940322056773,0.00228241012719071,1
S000425,ODIR,AMD_DRY,VIT_HANDCRAFTED32_PCA128_PROPOSED,NORMAL,0,0.26457199870316406,0.009771118726204156,0.7256568825706318,0
S000427,ODIR,AMD_DRY,VIT_HANDCRAFTED32_PCA128_PROPOSED,AMD_DRY,5,0.9705975537235201,0.02918515439803592,0.00021729187844395336,1
S000430,ODIR,AMD_DRY,VIT_HANDCRAFTED32_PCA128_PROPOSED,AMD_DRY,5,0.9791917769864324,0.01668494722525339,0.004123275788314129,1
S000438,ODIR,AMD_DRY,VIT_HANDCRAFTED32_PCA128_PROPOSED,AMD_DRY,5,0.9715886346810805,0.02784315208852628,0.0005682132303931322,1
S000443,ODIR,AMD_DRY,VIT_HANDCRAFTED32_PCA128_PROPOSED,AMD_DRY,5,0.970115839917524,0.02816403695327708,0.001720123129198951,1
S000449,ODIR,AMD_WET,VIT_HANDCRAFTED32_PCA128_PROPOSED,AMD_DRY,0,0.5281796096686262,0.4711957056373148,0.0006246846940589693,0
S000451,ODIR,AMD_WET,VIT_HANDCRAFTED32_PCA128_PROPOSED,AMD_WET,5,0.04695659084676522,0.9517009097442551,0.0013424994089797557,1
S000462,ODIR,AMD_WET,VIT_HANDCRAFTED32_PCA128_PROPOSED,AMD_WET,5,0.2561398721135192,0.7432834630649541,0.000576664821526629,1
S000469,ODIR,AMD_WET,VIT_HANDCRAFTED32_PCA128_PROPOSED,AMD_DRY,1,0.48294815831869276,0.5103473845599327,0.006704457121374427,0
S000471,ODIR,AMD_WET,VIT_HANDCRAFTED32_PCA128_PROPOSED,AMD_WET,5,0.12325042756853966,0.8654872121617153,0.011262360269744942,1
S000474,RFMID,NORMAL,VIT_HANDCRAFTED32_PCA128_PROPOSED,NORMAL,5,0.0004701874577387751,0.007094787983883405,0.9924350245583777,1
S000475,RFMID,NORMAL,VIT_HANDCRAFTED32_PCA128_PROPOSED,NORMAL,5,9.812077902919435e-05,0.0027275330922101326,0.9971743461287608,1
S000479,RFMID,NORMAL,VIT_HANDCRAFTED32_PCA128_PROPOSED,NORMAL,5,0.005016225633363847,0.0004139767828662788,0.99456979758377,1
S000483,RFMID,NORMAL,VIT_HANDCRAFTED32_PCA128_PROPOSED,NORMAL,5,4.521800757404629e-05,0.0005462375154104047,0.9994085444770155,1
S000487,RFMID,NORMAL,VIT_HANDCRAFTED32_PCA128_PROPOSED,NORMAL,5,0.0009947160661936756,0.00024269079375713898,0.9987625931400492,1
S000489,RFMID,NORMAL,VIT_HANDCRAFTED32_PCA128_PROPOSED,NORMAL,5,6.60685508025208e-10,4.776522131850622e-10,0.9999999988616622,1
S000495,RFMID,NORMAL,VIT_HANDCRAFTED32_PCA128_PROPOSED,NORMAL,5,0.001074885486103951,0.004079655756531302,0.9948454587573649,1
S000496,RFMID,NORMAL,VIT_HANDCRAFTED32_PCA128_PROPOSED,NORMAL,5,3.997108559330722e-06,3.415206891524388e-06,0.9999925876845491,1
S000503,RFMID,NORMAL,VIT_HANDCRAFTED32_PCA128_PROPOSED,NORMAL,5,2.0180461184032765e-08,1.3027872166017988e-08,0.9999999667916667,1
S000513,RFMID,NORMAL,VIT_HANDCRAFTED32_PCA128_PROPOSED,NORMAL,5,0.013998648837911567,0.04640490229958065,0.9395964488625079,1
S000519,RFMID,NORMAL,VIT_HANDCRAFTED32_PCA128_PROPOSED,NORMAL,5,0.25363485667383145,0.03856392330002136,0.7078012200261472,1
S000525,RFMID,NORMAL,VIT_HANDCRAFTED32_PCA128_PROPOSED,NORMAL,5,0.012048350935746133,0.01899083045004147,0.9689608186142123,1
S000526,RFMID,NORMAL,VIT_HANDCRAFTED32_PCA128_PROPOSED,NORMAL,5,0.0007908392833193779,0.008946126157552919,0.9902630345591277,1
S000536,RFMID,AMD_DRY,VIT_HANDCRAFTED32_PCA128_PROPOSED,AMD_DRY,5,0.916065605784512,0.08175583570536452,0.002178558510123431,1
S000538,RFMID,AMD_DRY,VIT_HANDCRAFTED32_PCA128_PROPOSED,AMD_WET,0,0.12982208745951107,0.8696510343012898,0.000526878239199004,0
S000547,RFMID,AMD_WET,VIT_HANDCRAFTED32_PCA128_PROPOSED,AMD_WET,5,0.09113769572386275,0.9018417640768475,0.007020540199289852,1
S000554,RFMID,AMD_WET,VIT_HANDCRAFTED32_PCA128_PROPOSED,AMD_WET,5,1.1550653132917872e-06,0.9994886362773627,0.0005102086573240072,1
S000556,RFMID,AMD_WET,VIT_HANDCRAFTED32_PCA128_PROPOSED,AMD_WET,5,0.0015601887469277867,0.9978734178286104,0.0005663934244619495,1
S000567,RFMID,AMD_WET,VIT_HANDCRAFTED32_PCA128_PROPOSED,AMD_WET,5,0.07002071711756337,0.9241712776618144,0.005808005220622309,1
S000570,RFMID,AMD_WET,VIT_HANDCRAFTED32_PCA128_PROPOSED,AMD_WET,5,0.025046205311807172,0.8980967263572518,0.07685706833094111,1
S000574,RFMID,AMD_WET,VIT_HANDCRAFTED32_PCA128_PROPOSED,AMD_WET,5,0.0794403805792106,0.9189247922173852,0.0016348272034042203,1
S000577,RFMID,AMD_WET,VIT_HANDCRAFTED32_PCA128_PROPOSED,AMD_WET,5,0.004370873302998535,0.9941586461362995,0.0014704805607017987,1
S000581,RFMID,AMD_WET,VIT_HANDCRAFTED32_PCA128_PROPOSED,AMD_WET,5,0.002495804145297902,0.9945500873881972,0.002954108466504999,1
S000585,RFMID,AMD_WET,VIT_HANDCRAFTED32_PCA128_PROPOSED,AMD_WET,5,0.08528883207529912,0.8952116013609691,0.019499566563731613,1
S000588,RFMID,AMD_WET,VIT_HANDCRAFTED32_PCA128_PROPOSED,AMD_WET,5,0.0862584579942161,0.9123544810946734,0.0013870609111104554,1
