sample_id,class_label,reference_prediction,reference_correct,comparison_prediction,comparison_correct,comparison_scenario,transition
S000002,AMD_DRY,AMD_DRY,1,AMD_DRY,1,VIT_PCA128_MATCHED,both_correct
S000003,AMD_DRY,AMD_DRY,1,AMD_DRY,1,VIT_PCA128_MATCHED,both_correct
S000010,AMD_DRY,AMD_DRY,1,AMD_DRY,1,VIT_PCA128_MATCHED,both_correct
S000013,AMD_DRY,AMD_DRY,1,AMD_DRY,1,VIT_PCA128_MATCHED,both_correct
S000019,AMD_DRY,AMD_DRY,1,NORMAL,0,VIT_PCA128_MATCHED,corrected_by_proposed
S000026,AMD_DRY,AMD_WET,0,AMD_WET,0,VIT_PCA128_MATCHED,both_incorrect
S000032,AMD_DRY,AMD_DRY,1,AMD_DRY,1,VIT_PCA128_MATCHED,both_correct
S000040,AMD_WET,AMD_WET,1,AMD_WET,1,VIT_PCA128_MATCHED,both_correct
S000045,AMD_WET,AMD_WET,1,AMD_WET,1,VIT_PCA128_MATCHED,both_correct
S000047,AMD_WET,AMD_WET,1,AMD_WET,1,VIT_PCA128_MATCHED,both_correct
S000051,AMD_WET,AMD_WET,1,AMD_WET,1,VIT_PCA128_MATCHED,both_correct
S000062,NORMAL,NORMAL,1,NORMAL,1,VIT_PCA128_MATCHED,both_correct
S000064,NORMAL,NORMAL,1,NORMAL,1,VIT_PCA128_MATCHED,both_correct
S000071,NORMAL,NORMAL,1,NORMAL,1,VIT_PCA128_MATCHED,both_correct
S000072,NORMAL,NORMAL,1,NORMAL,1,VIT_PCA128_MATCHED,both_correct
S000083,NORMAL,NORMAL,1,NORMAL,1,VIT_PCA128_MATCHED,both_correct
S000085,NORMAL,NORMAL,1,NORMAL,1,VIT_PCA128_MATCHED,both_correct
S000090,NORMAL,NORMAL,1,NORMAL,1,VIT_PCA128_MATCHED,both_correct
S000093,NORMAL,NORMAL,1,NORMAL,1,VIT_PCA128_MATCHED,both_correct
S000101,NORMAL,NORMAL,1,NORMAL,1,VIT_PCA128_MATCHED,both_correct
S000105,NORMAL,NORMAL,1,NORMAL,1,VIT_PCA128_MATCHED,both_correct
S000106,NORMAL,NORMAL,1,NORMAL,1,VIT_PCA128_MATCHED,both_correct
S000107,NORMAL,NORMAL,1,NORMAL,1,VIT_PCA128_MATCHED,both_correct
S000111,NORMAL,NORMAL,1,NORMAL,1,VIT_PCA128_MATCHED,both_correct
S000114,NORMAL,NORMAL,1,NORMAL,1,VIT_PCA128_MATCHED,both_correct
S000123,NORMAL,NORMAL,1,NORMAL,1,VIT_PCA128_MATCHED,both_correct
S000124,NORMAL,NORMAL,1,NORMAL,1,VIT_PCA128_MATCHED,both_correct
S000126,NORMAL,NORMAL,1,NORMAL,1,VIT_PCA128_MATCHED,both_correct
S000136,NORMAL,NORMAL,1,NORMAL,1,VIT_PCA128_MATCHED,both_correct
S000142,NORMAL,NORMAL,1,NORMAL,1,VIT_PCA128_MATCHED,both_correct
S000143,NORMAL,NORMAL,1,NORMAL,1,VIT_PCA128_MATCHED,both_correct
S000157,AMD_DRY,AMD_DRY,1,AMD_DRY,1,VIT_PCA128_MATCHED,both_correct
S000165,AMD_DRY,AMD_DRY,1,AMD_DRY,1,VIT_PCA128_MATCHED,both_correct
S000166,AMD_DRY,AMD_WET,0,AMD_WET,0,VIT_PCA128_MATCHED,both_incorrect
S000171,AMD_WET,AMD_WET,1,AMD_WET,1,VIT_PCA128_MATCHED,both_correct
S000175,AMD_WET,AMD_WET,1,AMD_WET,1,VIT_PCA128_MATCHED,both_correct
S000181,AMD_WET,AMD_WET,1,AMD_WET,1,VIT_PCA128_MATCHED,both_correct
S000196,AMD_WET,AMD_WET,1,AMD_WET,1,VIT_PCA128_MATCHED,both_correct
S000197,AMD_WET,AMD_WET,1,AMD_WET,1,VIT_PCA128_MATCHED,both_correct
S000198,AMD_WET,AMD_WET,1,AMD_WET,1,VIT_PCA128_MATCHED,both_correct
S000199,AMD_WET,AMD_WET,1,AMD_WET,1,VIT_PCA128_MATCHED,both_correct
S000209,AMD_WET,AMD_WET,1,AMD_WET,1,VIT_PCA128_MATCHED,both_correct
S000214,AMD_WET,AMD_WET,1,AMD_WET,1,VIT_PCA128_MATCHED,both_correct
S000221,AMD_WET,AMD_WET,1,AMD_WET,1,VIT_PCA128_MATCHED,both_correct
S000223,AMD_WET,AMD_WET,1,AMD_WET,1,VIT_PCA128_MATCHED,both_correct
S000228,AMD_WET,AMD_WET,1,AMD_WET,1,VIT_PCA128_MATCHED,both_correct
S000231,AMD_WET,AMD_WET,1,AMD_WET,1,VIT_PCA128_MATCHED,both_correct
S000240,NORMAL,NORMAL,1,NORMAL,1,VIT_PCA128_MATCHED,both_correct
S000252,NORMAL,NORMAL,1,NORMAL,1,VIT_PCA128_MATCHED,both_correct
S000255,NORMAL,NORMAL,1,NORMAL,1,VIT_PCA128_MATCHED,both_correct
S000256,NORMAL,NORMAL,1,NORMAL,1,VIT_PCA128_MATCHED,both_correct
S000258,NORMAL,NORMAL,1,NORMAL,1,VIT_PCA128_MATCHED,both_correct
S000264,NORMAL,NORMAL,1,NORMAL,1,VIT_PCA128_MATCHED,both_correct
S000265,NORMAL,NORMAL,1,NORMAL,1,VIT_PCA128_MATCHED,both_correct
S000267,NORMAL,NORMAL,1,NORMAL,1,VIT_PCA128_MATCHED,both_correct
S000268,NORMAL,NORMAL,1,NORMAL,1,VIT_PCA128_MATCHED,both_correct
S000274,NORMAL,NORMAL,1,NORMAL,1,VIT_PCA128_MATCHED,both_correct
S000275,NORMAL,NORMAL,1,NORMAL,1,VIT_PCA128_MATCHED,both_correct
S000282,NORMAL,NORMAL,1,NORMAL,1,VIT_PCA128_MATCHED,both_correct
S000291,NORMAL,NORMAL,1,NORMAL,1,VIT_PCA128_MATCHED,both_correct
S000298,NORMAL,NORMAL,1,NORMAL,1,VIT_PCA128_MATCHED,both_correct
S000307,NORMAL,NORMAL,1,NORMAL,1,VIT_PCA128_MATCHED,both_correct
S000317,NORMAL,NORMAL,1,NORMAL,1,VIT_PCA128_MATCHED,both_correct
S000318,NORMAL,NORMAL,1,NORMAL,1,VIT_PCA128_MATCHED,both_correct
S000321,NORMAL,NORMAL,1,NORMAL,1,VIT_PCA128_MATCHED,both_correct
S000326,NORMAL,NORMAL,1,NORMAL,1,VIT_PCA128_MATCHED,both_correct
S000327,NORMAL,NORMAL,1,NORMAL,1,VIT_PCA128_MATCHED,both_correct
S000329,NORMAL,NORMAL,1,NORMAL,1,VIT_PCA128_MATCHED,both_correct
S000333,NORMAL,NORMAL,1,NORMAL,1,VIT_PCA128_MATCHED,both_correct
S000349,NORMAL,NORMAL,1,NORMAL,1,VIT_PCA128_MATCHED,both_correct
S000351,NORMAL,NORMAL,1,NORMAL,1,VIT_PCA128_MATCHED,both_correct
S000356,NORMAL,NORMAL,1,NORMAL,1,VIT_PCA128_MATCHED,both_correct
S000382,AMD_DRY,AMD_DRY,1,AMD_DRY,1,VIT_PCA128_MATCHED,both_correct
S000387,AMD_DRY,AMD_DRY,1,AMD_DRY,1,VIT_PCA128_MATCHED,both_correct
S000388,AMD_DRY,AMD_DRY,1,AMD_DRY,1,VIT_PCA128_MATCHED,both_correct
S000397,AMD_DRY,AMD_DRY,1,AMD_DRY,1,VIT_PCA128_MATCHED,both_correct
S000405,AMD_DRY,AMD_DRY,1,AMD_DRY,1,VIT_PCA128_MATCHED,both_correct
S000408,AMD_DRY,AMD_DRY,1,AMD_DRY,1,VIT_PCA128_MATCHED,both_correct
S000413,AMD_DRY,AMD_DRY,1,AMD_DRY,1,VIT_PCA128_MATCHED,both_correct
S000414,AMD_DRY,AMD_DRY,1,AMD_DRY,1,VIT_PCA128_MATCHED,both_correct
S000415,AMD_DRY,AMD_DRY,1,AMD_DRY,1,VIT_PCA128_MATCHED,both_correct
S000421,AMD_DRY,AMD_DRY,1,AMD_DRY,1,VIT_PCA128_MATCHED,both_correct
S000422,AMD_DRY,AMD_DRY,1,AMD_DRY,1,VIT_PCA128_MATCHED,both_correct
S000429,AMD_DRY,AMD_DRY,1,AMD_DRY,1,VIT_PCA128_MATCHED,both_correct
S000431,AMD_DRY,AMD_DRY,1,AMD_DRY,1,VIT_PCA128_MATCHED,both_correct
S000432,AMD_DRY,AMD_DRY,1,AMD_DRY,1,VIT_PCA128_MATCHED,both_correct
S000433,AMD_DRY,AMD_DRY,1,AMD_DRY,1,VIT_PCA128_MATCHED,both_correct
S000436,AMD_DRY,AMD_DRY,1,AMD_DRY,1,VIT_PCA128_MATCHED,both_correct
S000437,AMD_DRY,AMD_DRY,1,AMD_DRY,1,VIT_PCA128_MATCHED,both_correct
S000446,AMD_WET,AMD_DRY,0,AMD_DRY,0,VIT_PCA128_MATCHED,both_incorrect
S000450,AMD_WET,AMD_DRY,0,AMD_WET,1,VIT_PCA128_MATCHED,degraded_by_proposed
S000452,AMD_WET,AMD_WET,1,AMD_WET,1,VIT_PCA128_MATCHED,both_correct
S000454,AMD_WET,AMD_WET,1,AMD_WET,1,VIT_PCA128_MATCHED,both_correct
S000467,AMD_WET,AMD_DRY,0,AMD_DRY,0,VIT_PCA128_MATCHED,both_incorrect
S000477,NORMAL,NORMAL,1,NORMAL,1,VIT_PCA128_MATCHED,both_correct
S000480,NORMAL,NORMAL,1,NORMAL,1,VIT_PCA128_MATCHED,both_correct
S000484,NORMAL,NORMAL,1,NORMAL,1,VIT_PCA128_MATCHED,both_correct
S000485,NORMAL,NORMAL,1,NORMAL,1,VIT_PCA128_MATCHED,both_correct
S000491,NORMAL,NORMAL,1,NORMAL,1,VIT_PCA128_MATCHED,both_correct
S000493,NORMAL,NORMAL,1,NORMAL,1,VIT_PCA128_MATCHED,both_correct
S000504,NORMAL,NORMAL,1,NORMAL,1,VIT_PCA128_MATCHED,both_correct
S000506,NORMAL,NORMAL,1,NORMAL,1,VIT_PCA128_MATCHED,both_correct
S000507,NORMAL,NORMAL,1,NORMAL,1,VIT_PCA128_MATCHED,both_correct
S000515,NORMAL,NORMAL,1,NORMAL,1,VIT_PCA128_MATCHED,both_correct
S000522,NORMAL,NORMAL,1,NORMAL,1,VIT_PCA128_MATCHED,both_correct
S000527,NORMAL,NORMAL,1,NORMAL,1,VIT_PCA128_MATCHED,both_correct
S000529,NORMAL,NORMAL,1,NORMAL,1,VIT_PCA128_MATCHED,both_correct
S000542,AMD_DRY,AMD_WET,0,AMD_WET,0,VIT_PCA128_MATCHED,both_incorrect
S000545,AMD_WET,AMD_WET,1,AMD_WET,1,VIT_PCA128_MATCHED,both_correct
S000552,AMD_WET,AMD_WET,1,AMD_WET,1,VIT_PCA128_MATCHED,both_correct
S000553,AMD_WET,AMD_WET,1,AMD_WET,1,VIT_PCA128_MATCHED,both_correct
S000565,AMD_WET,AMD_WET,1,AMD_WET,1,VIT_PCA128_MATCHED,both_correct
S000576,AMD_WET,AMD_WET,1,AMD_WET,1,VIT_PCA128_MATCHED,both_correct
S000578,AMD_WET,AMD_WET,1,AMD_WET,1,VIT_PCA128_MATCHED,both_correct
S000580,AMD_WET,AMD_WET,1,AMD_WET,1,VIT_PCA128_MATCHED,both_correct
S000583,AMD_WET,AMD_WET,1,AMD_WET,1,VIT_PCA128_MATCHED,both_correct
S000584,AMD_WET,AMD_WET,1,AMD_WET,1,VIT_PCA128_MATCHED,both_correct
S000589,AMD_WET,AMD_WET,1,AMD_WET,1,VIT_PCA128_MATCHED,both_correct
S000591,AMD_WET,AMD_WET,1,AMD_WET,1,VIT_PCA128_MATCHED,both_correct
S000005,AMD_DRY,NORMAL,0,NORMAL,0,VIT_PCA128_MATCHED,both_incorrect
S000006,AMD_DRY,AMD_DRY,1,AMD_DRY,1,VIT_PCA128_MATCHED,both_correct
S000009,AMD_DRY,AMD_DRY,1,AMD_DRY,1,VIT_PCA128_MATCHED,both_correct
S000011,AMD_DRY,AMD_DRY,1,AMD_DRY,1,VIT_PCA128_MATCHED,both_correct
S000025,AMD_DRY,AMD_DRY,1,AMD_DRY,1,VIT_PCA128_MATCHED,both_correct
S000027,AMD_DRY,AMD_DRY,1,AMD_DRY,1,VIT_PCA128_MATCHED,both_correct
S000033,AMD_DRY,AMD_DRY,1,AMD_DRY,1,VIT_PCA128_MATCHED,both_correct
S000037,AMD_WET,AMD_WET,1,AMD_WET,1,VIT_PCA128_MATCHED,both_correct
S000039,AMD_WET,AMD_WET,1,AMD_WET,1,VIT_PCA128_MATCHED,both_correct
S000044,AMD_WET,AMD_DRY,0,AMD_DRY,0,VIT_PCA128_MATCHED,both_incorrect
S000049,AMD_WET,AMD_DRY,0,NORMAL,0,VIT_PCA128_MATCHED,both_incorrect
S000054,NORMAL,NORMAL,1,NORMAL,1,VIT_PCA128_MATCHED,both_correct
S000059,NORMAL,NORMAL,1,NORMAL,1,VIT_PCA128_MATCHED,both_correct
S000060,NORMAL,NORMAL,1,NORMAL,1,VIT_PCA128_MATCHED,both_correct
S000063,NORMAL,NORMAL,1,NORMAL,1,VIT_PCA128_MATCHED,both_correct
S000068,NORMAL,NORMAL,1,NORMAL,1,VIT_PCA128_MATCHED,both_correct
S000069,NORMAL,NORMAL,1,NORMAL,1,VIT_PCA128_MATCHED,both_correct
S000091,NORMAL,NORMAL,1,NORMAL,1,VIT_PCA128_MATCHED,both_correct
S000092,NORMAL,NORMAL,1,NORMAL,1,VIT_PCA128_MATCHED,both_correct
S000098,NORMAL,NORMAL,1,NORMAL,1,VIT_PCA128_MATCHED,both_correct
S000099,NORMAL,NORMAL,1,NORMAL,1,VIT_PCA128_MATCHED,both_correct
S000102,NORMAL,NORMAL,1,NORMAL,1,VIT_PCA128_MATCHED,both_correct
S000112,NORMAL,NORMAL,1,NORMAL,1,VIT_PCA128_MATCHED,both_correct
S000113,NORMAL,NORMAL,1,NORMAL,1,VIT_PCA128_MATCHED,both_correct
S000121,NORMAL,NORMAL,1,NORMAL,1,VIT_PCA128_MATCHED,both_correct
S000134,NORMAL,NORMAL,1,NORMAL,1,VIT_PCA128_MATCHED,both_correct
S000137,NORMAL,NORMAL,1,NORMAL,1,VIT_PCA128_MATCHED,both_correct
S000138,NORMAL,NORMAL,1,NORMAL,1,VIT_PCA128_MATCHED,both_correct
S000147,NORMAL,NORMAL,1,NORMAL,1,VIT_PCA128_MATCHED,both_correct
S000150,NORMAL,NORMAL,1,NORMAL,1,VIT_PCA128_MATCHED,both_correct
S000153,AMD_DRY,AMD_DRY,1,AMD_DRY,1,VIT_PCA128_MATCHED,both_correct
S000154,AMD_DRY,AMD_DRY,1,AMD_DRY,1,VIT_PCA128_MATCHED,both_correct
S000160,AMD_DRY,AMD_WET,0,AMD_WET,0,VIT_PCA128_MATCHED,both_incorrect
S000167,AMD_WET,AMD_WET,1,AMD_WET,1,VIT_PCA128_MATCHED,both_correct
S000178,AMD_WET,AMD_WET,1,AMD_WET,1,VIT_PCA128_MATCHED,both_correct
S000180,AMD_WET,AMD_WET,1,AMD_WET,1,VIT_PCA128_MATCHED,both_correct
S000183,AMD_WET,AMD_WET,1,AMD_WET,1,VIT_PCA128_MATCHED,both_correct
S000184,AMD_WET,AMD_WET,1,AMD_WET,1,VIT_PCA128_MATCHED,both_correct
S000186,AMD_WET,AMD_WET,1,AMD_WET,1,VIT_PCA128_MATCHED,both_correct
S000188,AMD_WET,AMD_WET,1,AMD_WET,1,VIT_PCA128_MATCHED,both_correct
S000205,AMD_WET,AMD_WET,1,AMD_WET,1,VIT_PCA128_MATCHED,both_correct
S000210,AMD_WET,AMD_WET,1,AMD_WET,1,VIT_PCA128_MATCHED,both_correct
S000222,AMD_WET,AMD_WET,1,AMD_WET,1,VIT_PCA128_MATCHED,both_correct
S000226,AMD_WET,AMD_WET,1,AMD_WET,1,VIT_PCA128_MATCHED,both_correct
S000230,AMD_WET,AMD_WET,1,AMD_WET,1,VIT_PCA128_MATCHED,both_correct
S000233,AMD_WET,AMD_WET,1,AMD_WET,1,VIT_PCA128_MATCHED,both_correct
S000238,AMD_WET,AMD_WET,1,AMD_WET,1,VIT_PCA128_MATCHED,both_correct
S000241,NORMAL,NORMAL,1,NORMAL,1,VIT_PCA128_MATCHED,both_correct
S000244,NORMAL,NORMAL,1,NORMAL,1,VIT_PCA128_MATCHED,both_correct
S000250,NORMAL,NORMAL,1,NORMAL,1,VIT_PCA128_MATCHED,both_correct
S000259,NORMAL,NORMAL,1,NORMAL,1,VIT_PCA128_MATCHED,both_correct
S000260,NORMAL,NORMAL,1,NORMAL,1,VIT_PCA128_MATCHED,both_correct
S000261,NORMAL,NORMAL,1,NORMAL,1,VIT_PCA128_MATCHED,both_correct
S000266,NORMAL,NORMAL,1,NORMAL,1,VIT_PCA128_MATCHED,both_correct
S000276,NORMAL,NORMAL,1,NORMAL,1,VIT_PCA128_MATCHED,both_correct
S000284,NORMAL,NORMAL,1,NORMAL,1,VIT_PCA128_MATCHED,both_correct
S000287,NORMAL,NORMAL,1,NORMAL,1,VIT_PCA128_MATCHED,both_correct
S000290,NORMAL,NORMAL,1,NORMAL,1,VIT_PCA128_MATCHED,both_correct
S000293,NORMAL,NORMAL,1,NORMAL,1,VIT_PCA128_MATCHED,both_correct
S000295,NORMAL,NORMAL,1,NORMAL,1,VIT_PCA128_MATCHED,both_correct
S000297,NORMAL,NORMAL,1,NORMAL,1,VIT_PCA128_MATCHED,both_correct
S000300,NORMAL,NORMAL,1,NORMAL,1,VIT_PCA128_MATCHED,both_correct
S000310,NORMAL,NORMAL,1,NORMAL,1,VIT_PCA128_MATCHED,both_correct
S000322,NORMAL,NORMAL,1,NORMAL,1,VIT_PCA128_MATCHED,both_correct
S000340,NORMAL,NORMAL,1,NORMAL,1,VIT_PCA128_MATCHED,both_correct
S000344,NORMAL,NORMAL,1,NORMAL,1,VIT_PCA128_MATCHED,both_correct
S000345,NORMAL,NORMAL,1,NORMAL,1,VIT_PCA128_MATCHED,both_correct
S000347,NORMAL,NORMAL,1,NORMAL,1,VIT_PCA128_MATCHED,both_correct
S000350,NORMAL,NORMAL,1,NORMAL,1,VIT_PCA128_MATCHED,both_correct
S000352,NORMAL,NORMAL,1,NORMAL,1,VIT_PCA128_MATCHED,both_correct
S000359,NORMAL,NORMAL,1,NORMAL,1,VIT_PCA128_MATCHED,both_correct
S000361,NORMAL,NORMAL,1,NORMAL,1,VIT_PCA128_MATCHED,both_correct
S000366,AMD_DRY,AMD_DRY,1,AMD_DRY,1,VIT_PCA128_MATCHED,both_correct
S000368,AMD_DRY,AMD_DRY,1,AMD_DRY,1,VIT_PCA128_MATCHED,both_correct
S000369,AMD_DRY,AMD_DRY,1,AMD_DRY,1,VIT_PCA128_MATCHED,both_correct
S000370,AMD_DRY,AMD_DRY,1,AMD_DRY,1,VIT_PCA128_MATCHED,both_correct
S000374,AMD_DRY,AMD_DRY,1,AMD_DRY,1,VIT_PCA128_MATCHED,both_correct
S000377,AMD_DRY,AMD_DRY,1,AMD_DRY,1,VIT_PCA128_MATCHED,both_correct
S000378,AMD_DRY,AMD_DRY,1,AMD_DRY,1,VIT_PCA128_MATCHED,both_correct
S000379,AMD_DRY,AMD_DRY,1,AMD_DRY,1,VIT_PCA128_MATCHED,both_correct
S000380,AMD_DRY,AMD_DRY,1,AMD_DRY,1,VIT_PCA128_MATCHED,both_correct
S000383,AMD_DRY,AMD_DRY,1,AMD_DRY,1,VIT_PCA128_MATCHED,both_correct
S000390,AMD_DRY,AMD_DRY,1,AMD_DRY,1,VIT_PCA128_MATCHED,both_correct
S000402,AMD_DRY,AMD_DRY,1,AMD_DRY,1,VIT_PCA128_MATCHED,both_correct
S000416,AMD_DRY,AMD_DRY,1,AMD_DRY,1,VIT_PCA128_MATCHED,both_correct
S000439,AMD_DRY,AMD_DRY,1,AMD_DRY,1,VIT_PCA128_MATCHED,both_correct
S000441,AMD_DRY,AMD_DRY,1,AMD_DRY,1,VIT_PCA128_MATCHED,both_correct
S000444,AMD_DRY,NORMAL,0,NORMAL,0,VIT_PCA128_MATCHED,both_incorrect
S000447,AMD_WET,AMD_WET,1,AMD_WET,1,VIT_PCA128_MATCHED,both_correct
S000455,AMD_WET,AMD_WET,1,AMD_WET,1,VIT_PCA128_MATCHED,both_correct
S000459,AMD_WET,AMD_WET,1,AMD_WET,1,VIT_PCA128_MATCHED,both_correct
S000460,AMD_WET,AMD_DRY,0,AMD_DRY,0,VIT_PCA128_MATCHED,both_incorrect
S000465,AMD_WET,AMD_WET,1,AMD_WET,1,VIT_PCA128_MATCHED,both_correct
S000472,AMD_WET,AMD_DRY,0,AMD_DRY,0,VIT_PCA128_MATCHED,both_incorrect
S000478,NORMAL,NORMAL,1,NORMAL,1,VIT_PCA128_MATCHED,both_correct
S000481,NORMAL,NORMAL,1,NORMAL,1,VIT_PCA128_MATCHED,both_correct
S000490,NORMAL,NORMAL,1,NORMAL,1,VIT_PCA128_MATCHED,both_correct
S000494,NORMAL,NORMAL,1,NORMAL,1,VIT_PCA128_MATCHED,both_correct
S000498,NORMAL,NORMAL,1,NORMAL,1,VIT_PCA128_MATCHED,both_correct
S000502,NORMAL,NORMAL,1,NORMAL,1,VIT_PCA128_MATCHED,both_correct
S000508,NORMAL,NORMAL,1,NORMAL,1,VIT_PCA128_MATCHED,both_correct
S000509,NORMAL,NORMAL,1,NORMAL,1,VIT_PCA128_MATCHED,both_correct
S000510,NORMAL,NORMAL,1,NORMAL,1,VIT_PCA128_MATCHED,both_correct
S000516,NORMAL,NORMAL,1,NORMAL,1,VIT_PCA128_MATCHED,both_correct
S000517,NORMAL,NORMAL,1,NORMAL,1,VIT_PCA128_MATCHED,both_correct
S000518,NORMAL,NORMAL,1,NORMAL,1,VIT_PCA128_MATCHED,both_correct
S000523,NORMAL,NORMAL,1,NORMAL,1,VIT_PCA128_MATCHED,both_correct
S000537,AMD_DRY,AMD_DRY,1,AMD_DRY,1,VIT_PCA128_MATCHED,both_correct
S000555,AMD_WET,AMD_WET,1,AMD_WET,1,VIT_PCA128_MATCHED,both_correct
S000557,AMD_WET,AMD_WET,1,AMD_WET,1,VIT_PCA128_MATCHED,both_correct
S000559,AMD_WET,AMD_WET,1,AMD_WET,1,VIT_PCA128_MATCHED,both_correct
S000568,AMD_WET,AMD_WET,1,AMD_WET,1,VIT_PCA128_MATCHED,both_correct
S000571,AMD_WET,AMD_WET,1,AMD_WET,1,VIT_PCA128_MATCHED,both_correct
S000572,AMD_WET,AMD_WET,1,AMD_WET,1,VIT_PCA128_MATCHED,both_correct
S000573,AMD_WET,AMD_WET,1,AMD_WET,1,VIT_PCA128_MATCHED,both_correct
S000586,AMD_WET,AMD_WET,1,AMD_WET,1,VIT_PCA128_MATCHED,both_correct
S000587,AMD_WET,AMD_WET,1,AMD_WET,1,VIT_PCA128_MATCHED,both_correct
S000594,AMD_WET,AMD_WET,1,AMD_WET,1,VIT_PCA128_MATCHED,both_correct
S000595,AMD_WET,AMD_WET,1,AMD_WET,1,VIT_PCA128_MATCHED,both_correct
S000012,AMD_DRY,AMD_DRY,1,AMD_DRY,1,VIT_PCA128_MATCHED,both_correct
S000014,AMD_DRY,NORMAL,0,NORMAL,0,VIT_PCA128_MATCHED,both_incorrect
S000016,AMD_DRY,AMD_DRY,1,AMD_DRY,1,VIT_PCA128_MATCHED,both_correct
S000020,AMD_DRY,AMD_DRY,1,AMD_DRY,1,VIT_PCA128_MATCHED,both_correct
S000028,AMD_DRY,NORMAL,0,NORMAL,0,VIT_PCA128_MATCHED,both_incorrect
S000031,AMD_DRY,NORMAL,0,NORMAL,0,VIT_PCA128_MATCHED,both_incorrect
S000034,AMD_DRY,AMD_DRY,1,AMD_DRY,1,VIT_PCA128_MATCHED,both_correct
S000036,AMD_WET,AMD_DRY,0,AMD_DRY,0,VIT_PCA128_MATCHED,both_incorrect
S000038,AMD_WET,AMD_WET,1,AMD_WET,1,VIT_PCA128_MATCHED,both_correct
S000050,AMD_WET,AMD_WET,1,AMD_WET,1,VIT_PCA128_MATCHED,both_correct
S000058,NORMAL,NORMAL,1,NORMAL,1,VIT_PCA128_MATCHED,both_correct
S000061,NORMAL,NORMAL,1,NORMAL,1,VIT_PCA128_MATCHED,both_correct
S000070,NORMAL,NORMAL,1,NORMAL,1,VIT_PCA128_MATCHED,both_correct
S000073,NORMAL,NORMAL,1,NORMAL,1,VIT_PCA128_MATCHED,both_correct
S000075,NORMAL,NORMAL,1,NORMAL,1,VIT_PCA128_MATCHED,both_correct
S000076,NORMAL,NORMAL,1,NORMAL,1,VIT_PCA128_MATCHED,both_correct
S000080,NORMAL,NORMAL,1,NORMAL,1,VIT_PCA128_MATCHED,both_correct
S000082,NORMAL,NORMAL,1,NORMAL,1,VIT_PCA128_MATCHED,both_correct
S000086,NORMAL,NORMAL,1,NORMAL,1,VIT_PCA128_MATCHED,both_correct
S000087,NORMAL,NORMAL,1,NORMAL,1,VIT_PCA128_MATCHED,both_correct
S000104,NORMAL,NORMAL,1,NORMAL,1,VIT_PCA128_MATCHED,both_correct
S000115,NORMAL,NORMAL,1,NORMAL,1,VIT_PCA128_MATCHED,both_correct
S000116,NORMAL,AMD_DRY,0,NORMAL,1,VIT_PCA128_MATCHED,degraded_by_proposed
S000127,NORMAL,NORMAL,1,NORMAL,1,VIT_PCA128_MATCHED,both_correct
S000129,NORMAL,NORMAL,1,NORMAL,1,VIT_PCA128_MATCHED,both_correct
S000132,NORMAL,NORMAL,1,NORMAL,1,VIT_PCA128_MATCHED,both_correct
S000139,NORMAL,NORMAL,1,NORMAL,1,VIT_PCA128_MATCHED,both_correct
S000140,NORMAL,NORMAL,1,NORMAL,1,VIT_PCA128_MATCHED,both_correct
S000144,NORMAL,NORMAL,1,NORMAL,1,VIT_PCA128_MATCHED,both_correct
S000148,NORMAL,NORMAL,1,NORMAL,1,VIT_PCA128_MATCHED,both_correct
S000152,AMD_DRY,AMD_WET,0,AMD_WET,0,VIT_PCA128_MATCHED,both_incorrect
S000156,AMD_DRY,AMD_WET,0,AMD_WET,0,VIT_PCA128_MATCHED,both_incorrect
S000161,AMD_DRY,AMD_WET,0,AMD_WET,0,VIT_PCA128_MATCHED,both_incorrect
S000170,AMD_WET,AMD_WET,1,AMD_WET,1,VIT_PCA128_MATCHED,both_correct
S000172,AMD_WET,AMD_WET,1,AMD_WET,1,VIT_PCA128_MATCHED,both_correct
S000173,AMD_WET,AMD_WET,1,AMD_WET,1,VIT_PCA128_MATCHED,both_correct
S000174,AMD_WET,AMD_WET,1,AMD_WET,1,VIT_PCA128_MATCHED,both_correct
S000190,AMD_WET,AMD_WET,1,AMD_WET,1,VIT_PCA128_MATCHED,both_correct
S000193,AMD_WET,AMD_WET,1,AMD_WET,1,VIT_PCA128_MATCHED,both_correct
S000200,AMD_WET,AMD_WET,1,AMD_WET,1,VIT_PCA128_MATCHED,both_correct
S000201,AMD_WET,AMD_WET,1,AMD_WET,1,VIT_PCA128_MATCHED,both_correct
S000204,AMD_WET,AMD_WET,1,AMD_WET,1,VIT_PCA128_MATCHED,both_correct
S000207,AMD_WET,AMD_WET,1,AMD_WET,1,VIT_PCA128_MATCHED,both_correct
S000208,AMD_WET,AMD_WET,1,AMD_WET,1,VIT_PCA128_MATCHED,both_correct
S000213,AMD_WET,AMD_WET,1,AMD_WET,1,VIT_PCA128_MATCHED,both_correct
S000216,AMD_WET,AMD_WET,1,AMD_WET,1,VIT_PCA128_MATCHED,both_correct
S000220,AMD_WET,AMD_WET,1,AMD_WET,1,VIT_PCA128_MATCHED,both_correct
S000239,NORMAL,NORMAL,1,NORMAL,1,VIT_PCA128_MATCHED,both_correct
S000251,NORMAL,NORMAL,1,NORMAL,1,VIT_PCA128_MATCHED,both_correct
S000257,NORMAL,NORMAL,1,NORMAL,1,VIT_PCA128_MATCHED,both_correct
S000263,NORMAL,NORMAL,1,NORMAL,1,VIT_PCA128_MATCHED,both_correct
S000270,NORMAL,NORMAL,1,NORMAL,1,VIT_PCA128_MATCHED,both_correct
S000273,NORMAL,NORMAL,1,NORMAL,1,VIT_PCA128_MATCHED,both_correct
S000277,NORMAL,NORMAL,1,NORMAL,1,VIT_PCA128_MATCHED,both_correct
S000278,NORMAL,NORMAL,1,NORMAL,1,VIT_PCA128_MATCHED,both_correct
S000296,NORMAL,NORMAL,1,NORMAL,1,VIT_PCA128_MATCHED,both_correct
S000301,NORMAL,NORMAL,1,NORMAL,1,VIT_PCA128_MATCHED,both_correct
S000306,NORMAL,NORMAL,1,NORMAL,1,VIT_PCA128_MATCHED,both_correct
S000308,NORMAL,NORMAL,1,NORMAL,1,VIT_PCA128_MATCHED,both_correct
S000319,NORMAL,NORMAL,1,NORMAL,1,VIT_PCA128_MATCHED,both_correct
S000324,NORMAL,NORMAL,1,NORMAL,1,VIT_PCA128_MATCHED,both_correct
S000325,NORMAL,NORMAL,1,NORMAL,1,VIT_PCA128_MATCHED,both_correct
S000328,NORMAL,NORMAL,1,NORMAL,1,VIT_PCA128_MATCHED,both_correct
S000331,NORMAL,NORMAL,1,NORMAL,1,VIT_PCA128_MATCHED,both_correct
S000334,NORMAL,NORMAL,1,NORMAL,1,VIT_PCA128_MATCHED,both_correct
S000338,NORMAL,NORMAL,1,NORMAL,1,VIT_PCA128_MATCHED,both_correct
S000339,NORMAL,NORMAL,1,NORMAL,1,VIT_PCA128_MATCHED,both_correct
S000342,NORMAL,NORMAL,1,NORMAL,1,VIT_PCA128_MATCHED,both_correct
S000348,NORMAL,NORMAL,1,NORMAL,1,VIT_PCA128_MATCHED,both_correct
S000354,NORMAL,NORMAL,1,NORMAL,1,VIT_PCA128_MATCHED,both_correct
S000357,NORMAL,NORMAL,1,NORMAL,1,VIT_PCA128_MATCHED,both_correct
S000362,NORMAL,NORMAL,1,NORMAL,1,VIT_PCA128_MATCHED,both_correct
S000367,AMD_DRY,AMD_WET,0,AMD_WET,0,VIT_PCA128_MATCHED,both_incorrect
S000373,AMD_DRY,AMD_DRY,1,AMD_DRY,1,VIT_PCA128_MATCHED,both_correct
S000375,AMD_DRY,AMD_DRY,1,AMD_DRY,1,VIT_PCA128_MATCHED,both_correct
S000381,AMD_DRY,AMD_DRY,1,AMD_DRY,1,VIT_PCA128_MATCHED,both_correct
S000389,AMD_DRY,AMD_DRY,1,AMD_DRY,1,VIT_PCA128_MATCHED,both_correct
S000394,AMD_DRY,AMD_DRY,1,AMD_DRY,1,VIT_PCA128_MATCHED,both_correct
S000399,AMD_DRY,AMD_DRY,1,AMD_DRY,1,VIT_PCA128_MATCHED,both_correct
S000411,AMD_DRY,AMD_DRY,1,AMD_DRY,1,VIT_PCA128_MATCHED,both_correct
S000412,AMD_DRY,AMD_DRY,1,AMD_DRY,1,VIT_PCA128_MATCHED,both_correct
S000417,AMD_DRY,AMD_DRY,1,AMD_DRY,1,VIT_PCA128_MATCHED,both_correct
S000418,AMD_DRY,AMD_WET,0,AMD_WET,0,VIT_PCA128_MATCHED,both_incorrect
S000423,AMD_DRY,AMD_DRY,1,AMD_DRY,1,VIT_PCA128_MATCHED,both_correct
S000426,AMD_DRY,AMD_DRY,1,AMD_DRY,1,VIT_PCA128_MATCHED,both_correct
S000435,AMD_DRY,AMD_DRY,1,AMD_DRY,1,VIT_PCA128_MATCHED,both_correct
S000440,AMD_DRY,NORMAL,0,NORMAL,0,VIT_PCA128_MATCHED,both_incorrect
S000442,AMD_DRY,AMD_DRY,1,AMD_DRY,1,VIT_PCA128_MATCHED,both_correct
S000448,AMD_WET,AMD_WET,1,AMD_WET,1,VIT_PCA128_MATCHED,both_correct
S000453,AMD_WET,AMD_WET,1,AMD_WET,1,VIT_PCA128_MATCHED,both_correct
S000457,AMD_WET,AMD_WET,1,AMD_WET,1,VIT_PCA128_MATCHED,both_correct
S000458,AMD_WET,AMD_DRY,0,AMD_DRY,0,VIT_PCA128_MATCHED,both_incorrect
S000461,AMD_WET,AMD_WET,1,AMD_WET,1,VIT_PCA128_MATCHED,both_correct
S000464,AMD_WET,AMD_WET,1,AMD_WET,1,VIT_PCA128_MATCHED,both_correct
S000473,NORMAL,NORMAL,1,NORMAL,1,VIT_PCA128_MATCHED,both_correct
S000482,NORMAL,NORMAL,1,NORMAL,1,VIT_PCA128_MATCHED,both_correct
S000497,NORMAL,NORMAL,1,NORMAL,1,VIT_PCA128_MATCHED,both_correct
S000499,NORMAL,NORMAL,1,AMD_WET,0,VIT_PCA128_MATCHED,corrected_by_proposed
S000500,NORMAL,NORMAL,1,NORMAL,1,VIT_PCA128_MATCHED,both_correct
S000505,NORMAL,NORMAL,1,NORMAL,1,VIT_PCA128_MATCHED,both_correct
S000512,NORMAL,NORMAL,1,NORMAL,1,VIT_PCA128_MATCHED,both_correct
S000514,NORMAL,NORMAL,1,NORMAL,1,VIT_PCA128_MATCHED,both_correct
S000521,NORMAL,NORMAL,1,NORMAL,1,VIT_PCA128_MATCHED,both_correct
S000524,NORMAL,NORMAL,1,NORMAL,1,VIT_PCA128_MATCHED,both_correct
S000530,NORMAL,NORMAL,1,NORMAL,1,VIT_PCA128_MATCHED,both_correct
S000534,NORMAL,NORMAL,1,NORMAL,1,VIT_PCA128_MATCHED,both_correct
S000540,AMD_DRY,AMD_WET,0,AMD_WET,0,VIT_PCA128_MATCHED,both_incorrect
S000541,AMD_DRY,AMD_DRY,1,AMD_DRY,1,VIT_PCA128_MATCHED,both_correct
S000544,AMD_WET,AMD_WET,1,AMD_WET,1,VIT_PCA128_MATCHED,both_correct
S000546,AMD_WET,AMD_WET,1,AMD_WET,1,VIT_PCA128_MATCHED,both_correct
S000549,AMD_WET,AMD_WET,1,AMD_WET,1,VIT_PCA128_MATCHED,both_correct
S000560,AMD_WET,AMD_WET,1,AMD_WET,1,VIT_PCA128_MATCHED,both_correct
S000561,AMD_WET,AMD_WET,1,AMD_WET,1,VIT_PCA128_MATCHED,both_correct
S000562,AMD_WET,AMD_WET,1,AMD_WET,1,VIT_PCA128_MATCHED,both_correct
S000563,AMD_WET,AMD_WET,1,AMD_WET,1,VIT_PCA128_MATCHED,both_correct
S000564,AMD_WET,AMD_DRY,0,AMD_DRY,0,VIT_PCA128_MATCHED,both_incorrect
S000569,AMD_WET,AMD_WET,1,AMD_WET,1,VIT_PCA128_MATCHED,both_correct
S000593,AMD_WET,AMD_WET,1,AMD_WET,1,VIT_PCA128_MATCHED,both_correct
S000596,AMD_WET,AMD_WET,1,AMD_WET,1,VIT_PCA128_MATCHED,both_correct
S000001,AMD_DRY,AMD_DRY,1,AMD_DRY,1,VIT_PCA128_MATCHED,both_correct
S000015,AMD_DRY,AMD_DRY,1,AMD_DRY,1,VIT_PCA128_MATCHED,both_correct
S000018,AMD_DRY,AMD_DRY,1,AMD_DRY,1,VIT_PCA128_MATCHED,both_correct
S000021,AMD_DRY,AMD_DRY,1,AMD_DRY,1,VIT_PCA128_MATCHED,both_correct
S000023,AMD_DRY,AMD_DRY,1,AMD_DRY,1,VIT_PCA128_MATCHED,both_correct
S000024,AMD_DRY,AMD_DRY,1,AMD_DRY,1,VIT_PCA128_MATCHED,both_correct
S000030,AMD_DRY,NORMAL,0,NORMAL,0,VIT_PCA128_MATCHED,both_incorrect
S000041,AMD_WET,AMD_WET,1,AMD_WET,1,VIT_PCA128_MATCHED,both_correct
S000042,AMD_WET,AMD_WET,1,AMD_WET,1,VIT_PCA128_MATCHED,both_correct
S000043,AMD_WET,AMD_WET,1,AMD_WET,1,VIT_PCA128_MATCHED,both_correct
S000053,NORMAL,NORMAL,1,NORMAL,1,VIT_PCA128_MATCHED,both_correct
S000057,NORMAL,NORMAL,1,NORMAL,1,VIT_PCA128_MATCHED,both_correct
S000065,NORMAL,NORMAL,1,NORMAL,1,VIT_PCA128_MATCHED,both_correct
S000066,NORMAL,NORMAL,1,NORMAL,1,VIT_PCA128_MATCHED,both_correct
S000067,NORMAL,NORMAL,1,NORMAL,1,VIT_PCA128_MATCHED,both_correct
S000074,NORMAL,NORMAL,1,NORMAL,1,VIT_PCA128_MATCHED,both_correct
S000077,NORMAL,NORMAL,1,NORMAL,1,VIT_PCA128_MATCHED,both_correct
S000081,NORMAL,NORMAL,1,NORMAL,1,VIT_PCA128_MATCHED,both_correct
S000084,NORMAL,NORMAL,1,NORMAL,1,VIT_PCA128_MATCHED,both_correct
S000089,NORMAL,NORMAL,1,NORMAL,1,VIT_PCA128_MATCHED,both_correct
S000094,NORMAL,NORMAL,1,NORMAL,1,VIT_PCA128_MATCHED,both_correct
S000100,NORMAL,NORMAL,1,NORMAL,1,VIT_PCA128_MATCHED,both_correct
S000108,NORMAL,NORMAL,1,NORMAL,1,VIT_PCA128_MATCHED,both_correct
S000110,NORMAL,NORMAL,1,NORMAL,1,VIT_PCA128_MATCHED,both_correct
S000120,NORMAL,NORMAL,1,NORMAL,1,VIT_PCA128_MATCHED,both_correct
S000122,NORMAL,NORMAL,1,NORMAL,1,VIT_PCA128_MATCHED,both_correct
S000131,NORMAL,NORMAL,1,NORMAL,1,VIT_PCA128_MATCHED,both_correct
S000135,NORMAL,NORMAL,1,NORMAL,1,VIT_PCA128_MATCHED,both_correct
S000146,NORMAL,NORMAL,1,NORMAL,1,VIT_PCA128_MATCHED,both_correct
S000149,NORMAL,NORMAL,1,NORMAL,1,VIT_PCA128_MATCHED,both_correct
S000158,AMD_DRY,AMD_DRY,1,AMD_DRY,1,VIT_PCA128_MATCHED,both_correct
S000159,AMD_DRY,AMD_WET,0,AMD_WET,0,VIT_PCA128_MATCHED,both_incorrect
S000162,AMD_DRY,AMD_DRY,1,AMD_DRY,1,VIT_PCA128_MATCHED,both_correct
S000177,AMD_WET,AMD_WET,1,AMD_WET,1,VIT_PCA128_MATCHED,both_correct
S000179,AMD_WET,AMD_WET,1,AMD_WET,1,VIT_PCA128_MATCHED,both_correct
S000182,AMD_WET,AMD_WET,1,AMD_WET,1,VIT_PCA128_MATCHED,both_correct
S000185,AMD_WET,AMD_WET,1,AMD_WET,1,VIT_PCA128_MATCHED,both_correct
S000187,AMD_WET,AMD_WET,1,AMD_WET,1,VIT_PCA128_MATCHED,both_correct
S000189,AMD_WET,AMD_WET,1,AMD_WET,1,VIT_PCA128_MATCHED,both_correct
S000192,AMD_WET,NORMAL,0,NORMAL,0,VIT_PCA128_MATCHED,both_incorrect
S000203,AMD_WET,AMD_WET,1,AMD_WET,1,VIT_PCA128_MATCHED,both_correct
S000212,AMD_WET,AMD_WET,1,AMD_WET,1,VIT_PCA128_MATCHED,both_correct
S000218,AMD_WET,AMD_WET,1,AMD_WET,1,VIT_PCA128_MATCHED,both_correct
S000224,AMD_WET,AMD_WET,1,AMD_WET,1,VIT_PCA128_MATCHED,both_correct
S000225,AMD_WET,AMD_WET,1,AMD_WET,1,VIT_PCA128_MATCHED,both_correct
S000227,AMD_WET,AMD_WET,1,AMD_WET,1,VIT_PCA128_MATCHED,both_correct
S000234,AMD_WET,AMD_WET,1,AMD_WET,1,VIT_PCA128_MATCHED,both_correct
S000242,NORMAL,NORMAL,1,NORMAL,1,VIT_PCA128_MATCHED,both_correct
S000243,NORMAL,NORMAL,1,NORMAL,1,VIT_PCA128_MATCHED,both_correct
S000245,NORMAL,NORMAL,1,NORMAL,1,VIT_PCA128_MATCHED,both_correct
S000246,NORMAL,NORMAL,1,NORMAL,1,VIT_PCA128_MATCHED,both_correct
S000247,NORMAL,NORMAL,1,NORMAL,1,VIT_PCA128_MATCHED,both_correct
S000248,NORMAL,NORMAL,1,NORMAL,1,VIT_PCA128_MATCHED,both_correct
S000249,NORMAL,NORMAL,1,NORMAL,1,VIT_PCA128_MATCHED,both_correct
S000253,NORMAL,NORMAL,1,NORMAL,1,VIT_PCA128_MATCHED,both_correct
S000269,NORMAL,NORMAL,1,NORMAL,1,VIT_PCA128_MATCHED,both_correct
S000283,NORMAL,NORMAL,1,NORMAL,1,VIT_PCA128_MATCHED,both_correct
S000285,NORMAL,NORMAL,1,NORMAL,1,VIT_PCA128_MATCHED,both_correct
S000286,NORMAL,NORMAL,1,NORMAL,1,VIT_PCA128_MATCHED,both_correct
S000292,NORMAL,NORMAL,1,NORMAL,1,VIT_PCA128_MATCHED,both_correct
S000299,NORMAL,AMD_DRY,0,AMD_DRY,0,VIT_PCA128_MATCHED,both_incorrect
S000302,NORMAL,NORMAL,1,NORMAL,1,VIT_PCA128_MATCHED,both_correct
S000309,NORMAL,NORMAL,1,NORMAL,1,VIT_PCA128_MATCHED,both_correct
S000314,NORMAL,NORMAL,1,NORMAL,1,VIT_PCA128_MATCHED,both_correct
S000316,NORMAL,NORMAL,1,NORMAL,1,VIT_PCA128_MATCHED,both_correct
S000323,NORMAL,NORMAL,1,NORMAL,1,VIT_PCA128_MATCHED,both_correct
S000330,NORMAL,NORMAL,1,NORMAL,1,VIT_PCA128_MATCHED,both_correct
S000336,NORMAL,NORMAL,1,NORMAL,1,VIT_PCA128_MATCHED,both_correct
S000337,NORMAL,NORMAL,1,NORMAL,1,VIT_PCA128_MATCHED,both_correct
S000353,NORMAL,NORMAL,1,NORMAL,1,VIT_PCA128_MATCHED,both_correct
S000360,NORMAL,NORMAL,1,NORMAL,1,VIT_PCA128_MATCHED,both_correct
S000363,NORMAL,NORMAL,1,NORMAL,1,VIT_PCA128_MATCHED,both_correct
S000364,AMD_DRY,AMD_DRY,1,AMD_DRY,1,VIT_PCA128_MATCHED,both_correct
S000365,AMD_DRY,AMD_DRY,1,AMD_DRY,1,VIT_PCA128_MATCHED,both_correct
S000371,AMD_DRY,AMD_DRY,1,AMD_DRY,1,VIT_PCA128_MATCHED,both_correct
S000372,AMD_DRY,AMD_DRY,1,AMD_DRY,1,VIT_PCA128_MATCHED,both_correct
S000391,AMD_DRY,AMD_DRY,1,AMD_DRY,1,VIT_PCA128_MATCHED,both_correct
S000392,AMD_DRY,AMD_DRY,1,AMD_DRY,1,VIT_PCA128_MATCHED,both_correct
S000395,AMD_DRY,AMD_DRY,1,AMD_DRY,1,VIT_PCA128_MATCHED,both_correct
S000396,AMD_DRY,AMD_DRY,1,AMD_DRY,1,VIT_PCA128_MATCHED,both_correct
S000398,AMD_DRY,AMD_DRY,1,AMD_DRY,1,VIT_PCA128_MATCHED,both_correct
S000404,AMD_DRY,AMD_DRY,1,AMD_DRY,1,VIT_PCA128_MATCHED,both_correct
S000406,AMD_DRY,AMD_DRY,1,AMD_DRY,1,VIT_PCA128_MATCHED,both_correct
S000407,AMD_DRY,AMD_WET,0,AMD_WET,0,VIT_PCA128_MATCHED,both_incorrect
S000409,AMD_DRY,AMD_DRY,1,AMD_DRY,1,VIT_PCA128_MATCHED,both_correct
S000424,AMD_DRY,NORMAL,0,NORMAL,0,VIT_PCA128_MATCHED,both_incorrect
S000428,AMD_DRY,AMD_DRY,1,AMD_DRY,1,VIT_PCA128_MATCHED,both_correct
S000434,AMD_DRY,AMD_DRY,1,AMD_DRY,1,VIT_PCA128_MATCHED,both_correct
S000445,AMD_WET,AMD_DRY,0,AMD_DRY,0,VIT_PCA128_MATCHED,both_incorrect
S000456,AMD_WET,AMD_WET,1,AMD_WET,1,VIT_PCA128_MATCHED,both_correct
S000463,AMD_WET,AMD_WET,1,AMD_WET,1,VIT_PCA128_MATCHED,both_correct
S000466,AMD_WET,AMD_WET,1,AMD_WET,1,VIT_PCA128_MATCHED,both_correct
S000468,AMD_WET,AMD_WET,1,AMD_WET,1,VIT_PCA128_MATCHED,both_correct
S000470,AMD_WET,AMD_WET,1,AMD_WET,1,VIT_PCA128_MATCHED,both_correct
S000476,NORMAL,NORMAL,1,NORMAL,1,VIT_PCA128_MATCHED,both_correct
S000486,NORMAL,NORMAL,1,NORMAL,1,VIT_PCA128_MATCHED,both_correct
S000488,NORMAL,NORMAL,1,NORMAL,1,VIT_PCA128_MATCHED,both_correct
S000492,NORMAL,NORMAL,1,NORMAL,1,VIT_PCA128_MATCHED,both_correct
S000501,NORMAL,NORMAL,1,NORMAL,1,VIT_PCA128_MATCHED,both_correct
S000511,NORMAL,NORMAL,1,NORMAL,1,VIT_PCA128_MATCHED,both_correct
S000520,NORMAL,NORMAL,1,NORMAL,1,VIT_PCA128_MATCHED,both_correct
S000528,NORMAL,NORMAL,1,NORMAL,1,VIT_PCA128_MATCHED,both_correct
S000531,NORMAL,NORMAL,1,NORMAL,1,VIT_PCA128_MATCHED,both_correct
S000532,NORMAL,NORMAL,1,NORMAL,1,VIT_PCA128_MATCHED,both_correct
S000533,NORMAL,NORMAL,1,NORMAL,1,VIT_PCA128_MATCHED,both_correct
S000535,NORMAL,NORMAL,1,NORMAL,1,VIT_PCA128_MATCHED,both_correct
S000539,AMD_DRY,AMD_WET,0,AMD_WET,0,VIT_PCA128_MATCHED,both_incorrect
S000543,AMD_DRY,AMD_DRY,1,AMD_WET,0,VIT_PCA128_MATCHED,corrected_by_proposed
S000548,AMD_WET,AMD_WET,1,AMD_WET,1,VIT_PCA128_MATCHED,both_correct
S000550,AMD_WET,AMD_WET,1,AMD_WET,1,VIT_PCA128_MATCHED,both_correct
S000551,AMD_WET,AMD_WET,1,AMD_WET,1,VIT_PCA128_MATCHED,both_correct
S000558,AMD_WET,AMD_WET,1,AMD_WET,1,VIT_PCA128_MATCHED,both_correct
S000566,AMD_WET,AMD_WET,1,AMD_WET,1,VIT_PCA128_MATCHED,both_correct
S000575,AMD_WET,AMD_WET,1,AMD_WET,1,VIT_PCA128_MATCHED,both_correct
S000579,AMD_WET,AMD_WET,1,AMD_WET,1,VIT_PCA128_MATCHED,both_correct
S000582,AMD_WET,AMD_WET,1,AMD_WET,1,VIT_PCA128_MATCHED,both_correct
S000590,AMD_WET,AMD_WET,1,AMD_WET,1,VIT_PCA128_MATCHED,both_correct
S000592,AMD_WET,AMD_WET,1,AMD_WET,1,VIT_PCA128_MATCHED,both_correct
S000597,AMD_WET,AMD_WET,1,AMD_WET,1,VIT_PCA128_MATCHED,both_correct
S000004,AMD_DRY,AMD_DRY,1,AMD_DRY,1,VIT_PCA128_MATCHED,both_correct
S000007,AMD_DRY,AMD_DRY,1,AMD_DRY,1,VIT_PCA128_MATCHED,both_correct
S000008,AMD_DRY,AMD_DRY,1,AMD_DRY,1,VIT_PCA128_MATCHED,both_correct
S000017,AMD_DRY,AMD_DRY,1,AMD_DRY,1,VIT_PCA128_MATCHED,both_correct
S000022,AMD_DRY,AMD_DRY,1,AMD_DRY,1,VIT_PCA128_MATCHED,both_correct
S000029,AMD_DRY,AMD_DRY,1,AMD_DRY,1,VIT_PCA128_MATCHED,both_correct
S000035,AMD_DRY,AMD_DRY,1,AMD_DRY,1,VIT_PCA128_MATCHED,both_correct
S000046,AMD_WET,AMD_WET,1,AMD_WET,1,VIT_PCA128_MATCHED,both_correct
S000048,AMD_WET,AMD_WET,1,AMD_WET,1,VIT_PCA128_MATCHED,both_correct
S000052,AMD_WET,AMD_DRY,0,AMD_DRY,0,VIT_PCA128_MATCHED,both_incorrect
S000055,NORMAL,NORMAL,1,NORMAL,1,VIT_PCA128_MATCHED,both_correct
S000056,NORMAL,NORMAL,1,NORMAL,1,VIT_PCA128_MATCHED,both_correct
S000078,NORMAL,NORMAL,1,NORMAL,1,VIT_PCA128_MATCHED,both_correct
S000079,NORMAL,NORMAL,1,NORMAL,1,VIT_PCA128_MATCHED,both_correct
S000088,NORMAL,NORMAL,1,NORMAL,1,VIT_PCA128_MATCHED,both_correct
S000095,NORMAL,NORMAL,1,NORMAL,1,VIT_PCA128_MATCHED,both_correct
S000096,NORMAL,NORMAL,1,NORMAL,1,VIT_PCA128_MATCHED,both_correct
S000097,NORMAL,NORMAL,1,NORMAL,1,VIT_PCA128_MATCHED,both_correct
S000103,NORMAL,NORMAL,1,NORMAL,1,VIT_PCA128_MATCHED,both_correct
S000109,NORMAL,NORMAL,1,NORMAL,1,VIT_PCA128_MATCHED,both_correct
S000117,NORMAL,NORMAL,1,NORMAL,1,VIT_PCA128_MATCHED,both_correct
S000118,NORMAL,NORMAL,1,NORMAL,1,VIT_PCA128_MATCHED,both_correct
S000119,NORMAL,NORMAL,1,NORMAL,1,VIT_PCA128_MATCHED,both_correct
S000125,NORMAL,NORMAL,1,NORMAL,1,VIT_PCA128_MATCHED,both_correct
S000128,NORMAL,NORMAL,1,NORMAL,1,VIT_PCA128_MATCHED,both_correct
S000130,NORMAL,NORMAL,1,NORMAL,1,VIT_PCA128_MATCHED,both_correct
S000133,NORMAL,NORMAL,1,NORMAL,1,VIT_PCA128_MATCHED,both_correct
S000141,NORMAL,NORMAL,1,NORMAL,1,VIT_PCA128_MATCHED,both_correct
S000145,NORMAL,NORMAL,1,NORMAL,1,VIT_PCA128_MATCHED,both_correct
S000151,NORMAL,NORMAL,1,NORMAL,1,VIT_PCA128_MATCHED,both_correct
S000155,AMD_DRY,AMD_DRY,1,AMD_DRY,1,VIT_PCA128_MATCHED,both_correct
S000163,AMD_DRY,AMD_DRY,1,AMD_DRY,1,VIT_PCA128_MATCHED,both_correct
S000164,AMD_DRY,AMD_DRY,1,AMD_DRY,1,VIT_PCA128_MATCHED,both_correct
S000168,AMD_WET,AMD_WET,1,AMD_WET,1,VIT_PCA128_MATCHED,both_correct
S000169,AMD_WET,AMD_WET,1,AMD_WET,1,VIT_PCA128_MATCHED,both_correct
S000176,AMD_WET,AMD_WET,1,AMD_WET,1,VIT_PCA128_MATCHED,both_correct
S000191,AMD_WET,AMD_WET,1,AMD_WET,1,VIT_PCA128_MATCHED,both_correct
S000194,AMD_WET,AMD_WET,1,AMD_WET,1,VIT_PCA128_MATCHED,both_correct
S000195,AMD_WET,AMD_WET,1,AMD_WET,1,VIT_PCA128_MATCHED,both_correct
S000202,AMD_WET,AMD_WET,1,AMD_WET,1,VIT_PCA128_MATCHED,both_correct
S000211,AMD_WET,AMD_WET,1,AMD_WET,1,VIT_PCA128_MATCHED,both_correct
S000215,AMD_WET,AMD_WET,1,AMD_WET,1,VIT_PCA128_MATCHED,both_correct
S000217,AMD_WET,AMD_WET,1,AMD_WET,1,VIT_PCA128_MATCHED,both_correct
S000229,AMD_WET,AMD_WET,1,AMD_WET,1,VIT_PCA128_MATCHED,both_correct
S000232,AMD_WET,AMD_WET,1,AMD_WET,1,VIT_PCA128_MATCHED,both_correct
S000235,AMD_WET,AMD_WET,1,AMD_WET,1,VIT_PCA128_MATCHED,both_correct
S000236,AMD_WET,AMD_WET,1,AMD_WET,1,VIT_PCA128_MATCHED,both_correct
S000254,NORMAL,NORMAL,1,NORMAL,1,VIT_PCA128_MATCHED,both_correct
S000262,NORMAL,NORMAL,1,NORMAL,1,VIT_PCA128_MATCHED,both_correct
S000271,NORMAL,NORMAL,1,NORMAL,1,VIT_PCA128_MATCHED,both_correct
S000272,NORMAL,NORMAL,1,NORMAL,1,VIT_PCA128_MATCHED,both_correct
S000279,NORMAL,NORMAL,1,NORMAL,1,VIT_PCA128_MATCHED,both_correct
S000280,NORMAL,NORMAL,1,NORMAL,1,VIT_PCA128_MATCHED,both_correct
S000281,NORMAL,NORMAL,1,NORMAL,1,VIT_PCA128_MATCHED,both_correct
S000288,NORMAL,NORMAL,1,NORMAL,1,VIT_PCA128_MATCHED,both_correct
S000289,NORMAL,NORMAL,1,NORMAL,1,VIT_PCA128_MATCHED,both_correct
S000294,NORMAL,NORMAL,1,NORMAL,1,VIT_PCA128_MATCHED,both_correct
S000303,NORMAL,NORMAL,1,NORMAL,1,VIT_PCA128_MATCHED,both_correct
S000304,NORMAL,NORMAL,1,NORMAL,1,VIT_PCA128_MATCHED,both_correct
S000305,NORMAL,NORMAL,1,NORMAL,1,VIT_PCA128_MATCHED,both_correct
S000311,NORMAL,NORMAL,1,NORMAL,1,VIT_PCA128_MATCHED,both_correct
S000312,NORMAL,NORMAL,1,NORMAL,1,VIT_PCA128_MATCHED,both_correct
S000313,NORMAL,NORMAL,1,NORMAL,1,VIT_PCA128_MATCHED,both_correct
S000315,NORMAL,NORMAL,1,NORMAL,1,VIT_PCA128_MATCHED,both_correct
S000320,NORMAL,NORMAL,1,NORMAL,1,VIT_PCA128_MATCHED,both_correct
S000332,NORMAL,NORMAL,1,NORMAL,1,VIT_PCA128_MATCHED,both_correct
S000335,NORMAL,NORMAL,1,NORMAL,1,VIT_PCA128_MATCHED,both_correct
S000341,NORMAL,NORMAL,1,NORMAL,1,VIT_PCA128_MATCHED,both_correct
S000343,NORMAL,NORMAL,1,NORMAL,1,VIT_PCA128_MATCHED,both_correct
S000346,NORMAL,NORMAL,1,NORMAL,1,VIT_PCA128_MATCHED,both_correct
S000355,NORMAL,NORMAL,1,NORMAL,1,VIT_PCA128_MATCHED,both_correct
S000358,NORMAL,NORMAL,1,NORMAL,1,VIT_PCA128_MATCHED,both_correct
S000376,AMD_DRY,AMD_DRY,1,AMD_DRY,1,VIT_PCA128_MATCHED,both_correct
S000384,AMD_DRY,AMD_DRY,1,AMD_DRY,1,VIT_PCA128_MATCHED,both_correct
S000385,AMD_DRY,AMD_DRY,1,AMD_DRY,1,VIT_PCA128_MATCHED,both_correct
S000386,AMD_DRY,AMD_DRY,1,AMD_DRY,1,VIT_PCA128_MATCHED,both_correct
S000393,AMD_DRY,AMD_DRY,1,AMD_DRY,1,VIT_PCA128_MATCHED,both_correct
S000400,AMD_DRY,AMD_DRY,1,AMD_DRY,1,VIT_PCA128_MATCHED,both_correct
S000401,AMD_DRY,AMD_DRY,1,AMD_DRY,1,VIT_PCA128_MATCHED,both_correct
S000403,AMD_DRY,AMD_DRY,1,AMD_DRY,1,VIT_PCA128_MATCHED,both_correct
S000410,AMD_DRY,AMD_DRY,1,AMD_DRY,1,VIT_PCA128_MATCHED,both_correct
S000419,AMD_DRY,AMD_DRY,1,AMD_DRY,1,VIT_PCA128_MATCHED,both_correct
S000420,AMD_DRY,AMD_DRY,1,AMD_DRY,1,VIT_PCA128_MATCHED,both_correct
S000425,AMD_DRY,NORMAL,0,NORMAL,0,VIT_PCA128_MATCHED,both_incorrect
S000427,AMD_DRY,AMD_DRY,1,AMD_DRY,1,VIT_PCA128_MATCHED,both_correct
S000430,AMD_DRY,AMD_DRY,1,AMD_DRY,1,VIT_PCA128_MATCHED,both_correct
S000438,AMD_DRY,AMD_DRY,1,AMD_DRY,1,VIT_PCA128_MATCHED,both_correct
S000443,AMD_DRY,AMD_DRY,1,AMD_DRY,1,VIT_PCA128_MATCHED,both_correct
S000449,AMD_WET,AMD_DRY,0,AMD_DRY,0,VIT_PCA128_MATCHED,both_incorrect
S000451,AMD_WET,AMD_WET,1,AMD_WET,1,VIT_PCA128_MATCHED,both_correct
S000462,AMD_WET,AMD_WET,1,AMD_WET,1,VIT_PCA128_MATCHED,both_correct
S000469,AMD_WET,AMD_DRY,0,AMD_WET,1,VIT_PCA128_MATCHED,degraded_by_proposed
S000471,AMD_WET,AMD_WET,1,AMD_WET,1,VIT_PCA128_MATCHED,both_correct
S000474,NORMAL,NORMAL,1,NORMAL,1,VIT_PCA128_MATCHED,both_correct
S000475,NORMAL,NORMAL,1,NORMAL,1,VIT_PCA128_MATCHED,both_correct
S000479,NORMAL,NORMAL,1,NORMAL,1,VIT_PCA128_MATCHED,both_correct
S000483,NORMAL,NORMAL,1,NORMAL,1,VIT_PCA128_MATCHED,both_correct
S000487,NORMAL,NORMAL,1,NORMAL,1,VIT_PCA128_MATCHED,both_correct
S000489,NORMAL,NORMAL,1,NORMAL,1,VIT_PCA128_MATCHED,both_correct
S000495,NORMAL,NORMAL,1,NORMAL,1,VIT_PCA128_MATCHED,both_correct
S000496,NORMAL,NORMAL,1,NORMAL,1,VIT_PCA128_MATCHED,both_correct
S000503,NORMAL,NORMAL,1,NORMAL,1,VIT_PCA128_MATCHED,both_correct
S000513,NORMAL,NORMAL,1,NORMAL,1,VIT_PCA128_MATCHED,both_correct
S000519,NORMAL,NORMAL,1,NORMAL,1,VIT_PCA128_MATCHED,both_correct
S000525,NORMAL,NORMAL,1,NORMAL,1,VIT_PCA128_MATCHED,both_correct
S000526,NORMAL,NORMAL,1,NORMAL,1,VIT_PCA128_MATCHED,both_correct
S000536,AMD_DRY,AMD_DRY,1,AMD_DRY,1,VIT_PCA128_MATCHED,both_correct
S000538,AMD_DRY,AMD_WET,0,AMD_WET,0,VIT_PCA128_MATCHED,both_incorrect
S000547,AMD_WET,AMD_WET,1,AMD_WET,1,VIT_PCA128_MATCHED,both_correct
S000554,AMD_WET,AMD_WET,1,AMD_WET,1,VIT_PCA128_MATCHED,both_correct
S000556,AMD_WET,AMD_WET,1,AMD_WET,1,VIT_PCA128_MATCHED,both_correct
S000567,AMD_WET,AMD_WET,1,AMD_WET,1,VIT_PCA128_MATCHED,both_correct
S000570,AMD_WET,AMD_WET,1,AMD_WET,1,VIT_PCA128_MATCHED,both_correct
S000574,AMD_WET,AMD_WET,1,AMD_WET,1,VIT_PCA128_MATCHED,both_correct
S000577,AMD_WET,AMD_WET,1,AMD_WET,1,VIT_PCA128_MATCHED,both_correct
S000581,AMD_WET,AMD_WET,1,AMD_WET,1,VIT_PCA128_MATCHED,both_correct
S000585,AMD_WET,AMD_WET,1,AMD_WET,1,VIT_PCA128_MATCHED,both_correct
S000588,AMD_WET,AMD_WET,1,AMD_WET,1,VIT_PCA128_MATCHED,both_correct
S000002,AMD_DRY,AMD_DRY,1,AMD_DRY,1,VIT_RANDOM32_PCA128,both_correct
S000003,AMD_DRY,AMD_DRY,1,AMD_DRY,1,VIT_RANDOM32_PCA128,both_correct
S000010,AMD_DRY,AMD_DRY,1,AMD_DRY,1,VIT_RANDOM32_PCA128,both_correct
S000013,AMD_DRY,AMD_DRY,1,AMD_DRY,1,VIT_RANDOM32_PCA128,both_correct
S000019,AMD_DRY,AMD_DRY,1,NORMAL,0,VIT_RANDOM32_PCA128,corrected_by_proposed
S000026,AMD_DRY,AMD_WET,0,AMD_WET,0,VIT_RANDOM32_PCA128,both_incorrect
S000032,AMD_DRY,AMD_DRY,1,AMD_DRY,1,VIT_RANDOM32_PCA128,both_correct
S000040,AMD_WET,AMD_WET,1,AMD_WET,1,VIT_RANDOM32_PCA128,both_correct
S000045,AMD_WET,AMD_WET,1,AMD_WET,1,VIT_RANDOM32_PCA128,both_correct
S000047,AMD_WET,AMD_WET,1,AMD_WET,1,VIT_RANDOM32_PCA128,both_correct
S000051,AMD_WET,AMD_WET,1,AMD_WET,1,VIT_RANDOM32_PCA128,both_correct
S000062,NORMAL,NORMAL,1,NORMAL,1,VIT_RANDOM32_PCA128,both_correct
S000064,NORMAL,NORMAL,1,NORMAL,1,VIT_RANDOM32_PCA128,both_correct
S000071,NORMAL,NORMAL,1,NORMAL,1,VIT_RANDOM32_PCA128,both_correct
S000072,NORMAL,NORMAL,1,NORMAL,1,VIT_RANDOM32_PCA128,both_correct
S000083,NORMAL,NORMAL,1,NORMAL,1,VIT_RANDOM32_PCA128,both_correct
S000085,NORMAL,NORMAL,1,NORMAL,1,VIT_RANDOM32_PCA128,both_correct
S000090,NORMAL,NORMAL,1,NORMAL,1,VIT_RANDOM32_PCA128,both_correct
S000093,NORMAL,NORMAL,1,NORMAL,1,VIT_RANDOM32_PCA128,both_correct
S000101,NORMAL,NORMAL,1,NORMAL,1,VIT_RANDOM32_PCA128,both_correct
S000105,NORMAL,NORMAL,1,NORMAL,1,VIT_RANDOM32_PCA128,both_correct
S000106,NORMAL,NORMAL,1,NORMAL,1,VIT_RANDOM32_PCA128,both_correct
S000107,NORMAL,NORMAL,1,NORMAL,1,VIT_RANDOM32_PCA128,both_correct
S000111,NORMAL,NORMAL,1,NORMAL,1,VIT_RANDOM32_PCA128,both_correct
S000114,NORMAL,NORMAL,1,NORMAL,1,VIT_RANDOM32_PCA128,both_correct
S000123,NORMAL,NORMAL,1,NORMAL,1,VIT_RANDOM32_PCA128,both_correct
S000124,NORMAL,NORMAL,1,NORMAL,1,VIT_RANDOM32_PCA128,both_correct
S000126,NORMAL,NORMAL,1,NORMAL,1,VIT_RANDOM32_PCA128,both_correct
S000136,NORMAL,NORMAL,1,NORMAL,1,VIT_RANDOM32_PCA128,both_correct
S000142,NORMAL,NORMAL,1,NORMAL,1,VIT_RANDOM32_PCA128,both_correct
S000143,NORMAL,NORMAL,1,NORMAL,1,VIT_RANDOM32_PCA128,both_correct
S000157,AMD_DRY,AMD_DRY,1,AMD_DRY,1,VIT_RANDOM32_PCA128,both_correct
S000165,AMD_DRY,AMD_DRY,1,AMD_DRY,1,VIT_RANDOM32_PCA128,both_correct
S000166,AMD_DRY,AMD_WET,0,AMD_WET,0,VIT_RANDOM32_PCA128,both_incorrect
S000171,AMD_WET,AMD_WET,1,AMD_WET,1,VIT_RANDOM32_PCA128,both_correct
S000175,AMD_WET,AMD_WET,1,AMD_WET,1,VIT_RANDOM32_PCA128,both_correct
S000181,AMD_WET,AMD_WET,1,AMD_WET,1,VIT_RANDOM32_PCA128,both_correct
S000196,AMD_WET,AMD_WET,1,AMD_WET,1,VIT_RANDOM32_PCA128,both_correct
S000197,AMD_WET,AMD_WET,1,AMD_WET,1,VIT_RANDOM32_PCA128,both_correct
S000198,AMD_WET,AMD_WET,1,AMD_WET,1,VIT_RANDOM32_PCA128,both_correct
S000199,AMD_WET,AMD_WET,1,AMD_WET,1,VIT_RANDOM32_PCA128,both_correct
S000209,AMD_WET,AMD_WET,1,AMD_WET,1,VIT_RANDOM32_PCA128,both_correct
S000214,AMD_WET,AMD_WET,1,AMD_WET,1,VIT_RANDOM32_PCA128,both_correct
S000221,AMD_WET,AMD_WET,1,AMD_WET,1,VIT_RANDOM32_PCA128,both_correct
S000223,AMD_WET,AMD_WET,1,AMD_WET,1,VIT_RANDOM32_PCA128,both_correct
S000228,AMD_WET,AMD_WET,1,AMD_WET,1,VIT_RANDOM32_PCA128,both_correct
S000231,AMD_WET,AMD_WET,1,AMD_WET,1,VIT_RANDOM32_PCA128,both_correct
S000240,NORMAL,NORMAL,1,NORMAL,1,VIT_RANDOM32_PCA128,both_correct
S000252,NORMAL,NORMAL,1,NORMAL,1,VIT_RANDOM32_PCA128,both_correct
S000255,NORMAL,NORMAL,1,NORMAL,1,VIT_RANDOM32_PCA128,both_correct
S000256,NORMAL,NORMAL,1,NORMAL,1,VIT_RANDOM32_PCA128,both_correct
S000258,NORMAL,NORMAL,1,NORMAL,1,VIT_RANDOM32_PCA128,both_correct
S000264,NORMAL,NORMAL,1,NORMAL,1,VIT_RANDOM32_PCA128,both_correct
S000265,NORMAL,NORMAL,1,NORMAL,1,VIT_RANDOM32_PCA128,both_correct
S000267,NORMAL,NORMAL,1,NORMAL,1,VIT_RANDOM32_PCA128,both_correct
S000268,NORMAL,NORMAL,1,NORMAL,1,VIT_RANDOM32_PCA128,both_correct
S000274,NORMAL,NORMAL,1,NORMAL,1,VIT_RANDOM32_PCA128,both_correct
S000275,NORMAL,NORMAL,1,NORMAL,1,VIT_RANDOM32_PCA128,both_correct
S000282,NORMAL,NORMAL,1,NORMAL,1,VIT_RANDOM32_PCA128,both_correct
S000291,NORMAL,NORMAL,1,NORMAL,1,VIT_RANDOM32_PCA128,both_correct
S000298,NORMAL,NORMAL,1,NORMAL,1,VIT_RANDOM32_PCA128,both_correct
S000307,NORMAL,NORMAL,1,NORMAL,1,VIT_RANDOM32_PCA128,both_correct
S000317,NORMAL,NORMAL,1,NORMAL,1,VIT_RANDOM32_PCA128,both_correct
S000318,NORMAL,NORMAL,1,NORMAL,1,VIT_RANDOM32_PCA128,both_correct
S000321,NORMAL,NORMAL,1,NORMAL,1,VIT_RANDOM32_PCA128,both_correct
S000326,NORMAL,NORMAL,1,NORMAL,1,VIT_RANDOM32_PCA128,both_correct
S000327,NORMAL,NORMAL,1,NORMAL,1,VIT_RANDOM32_PCA128,both_correct
S000329,NORMAL,NORMAL,1,NORMAL,1,VIT_RANDOM32_PCA128,both_correct
S000333,NORMAL,NORMAL,1,NORMAL,1,VIT_RANDOM32_PCA128,both_correct
S000349,NORMAL,NORMAL,1,NORMAL,1,VIT_RANDOM32_PCA128,both_correct
S000351,NORMAL,NORMAL,1,NORMAL,1,VIT_RANDOM32_PCA128,both_correct
S000356,NORMAL,NORMAL,1,NORMAL,1,VIT_RANDOM32_PCA128,both_correct
S000382,AMD_DRY,AMD_DRY,1,AMD_DRY,1,VIT_RANDOM32_PCA128,both_correct
S000387,AMD_DRY,AMD_DRY,1,AMD_DRY,1,VIT_RANDOM32_PCA128,both_correct
S000388,AMD_DRY,AMD_DRY,1,AMD_DRY,1,VIT_RANDOM32_PCA128,both_correct
S000397,AMD_DRY,AMD_DRY,1,AMD_DRY,1,VIT_RANDOM32_PCA128,both_correct
S000405,AMD_DRY,AMD_DRY,1,AMD_DRY,1,VIT_RANDOM32_PCA128,both_correct
S000408,AMD_DRY,AMD_DRY,1,AMD_DRY,1,VIT_RANDOM32_PCA128,both_correct
S000413,AMD_DRY,AMD_DRY,1,AMD_DRY,1,VIT_RANDOM32_PCA128,both_correct
S000414,AMD_DRY,AMD_DRY,1,AMD_DRY,1,VIT_RANDOM32_PCA128,both_correct
S000415,AMD_DRY,AMD_DRY,1,AMD_DRY,1,VIT_RANDOM32_PCA128,both_correct
S000421,AMD_DRY,AMD_DRY,1,AMD_DRY,1,VIT_RANDOM32_PCA128,both_correct
S000422,AMD_DRY,AMD_DRY,1,AMD_DRY,1,VIT_RANDOM32_PCA128,both_correct
S000429,AMD_DRY,AMD_DRY,1,AMD_DRY,1,VIT_RANDOM32_PCA128,both_correct
S000431,AMD_DRY,AMD_DRY,1,AMD_DRY,1,VIT_RANDOM32_PCA128,both_correct
S000432,AMD_DRY,AMD_DRY,1,AMD_DRY,1,VIT_RANDOM32_PCA128,both_correct
S000433,AMD_DRY,AMD_DRY,1,AMD_DRY,1,VIT_RANDOM32_PCA128,both_correct
S000436,AMD_DRY,AMD_DRY,1,AMD_DRY,1,VIT_RANDOM32_PCA128,both_correct
S000437,AMD_DRY,AMD_DRY,1,AMD_DRY,1,VIT_RANDOM32_PCA128,both_correct
S000446,AMD_WET,AMD_DRY,0,AMD_DRY,0,VIT_RANDOM32_PCA128,both_incorrect
S000450,AMD_WET,AMD_DRY,0,AMD_WET,1,VIT_RANDOM32_PCA128,degraded_by_proposed
S000452,AMD_WET,AMD_WET,1,AMD_WET,1,VIT_RANDOM32_PCA128,both_correct
S000454,AMD_WET,AMD_WET,1,AMD_WET,1,VIT_RANDOM32_PCA128,both_correct
S000467,AMD_WET,AMD_DRY,0,AMD_DRY,0,VIT_RANDOM32_PCA128,both_incorrect
S000477,NORMAL,NORMAL,1,NORMAL,1,VIT_RANDOM32_PCA128,both_correct
S000480,NORMAL,NORMAL,1,NORMAL,1,VIT_RANDOM32_PCA128,both_correct
S000484,NORMAL,NORMAL,1,NORMAL,1,VIT_RANDOM32_PCA128,both_correct
S000485,NORMAL,NORMAL,1,NORMAL,1,VIT_RANDOM32_PCA128,both_correct
S000491,NORMAL,NORMAL,1,NORMAL,1,VIT_RANDOM32_PCA128,both_correct
S000493,NORMAL,NORMAL,1,NORMAL,1,VIT_RANDOM32_PCA128,both_correct
S000504,NORMAL,NORMAL,1,NORMAL,1,VIT_RANDOM32_PCA128,both_correct
S000506,NORMAL,NORMAL,1,NORMAL,1,VIT_RANDOM32_PCA128,both_correct
S000507,NORMAL,NORMAL,1,NORMAL,1,VIT_RANDOM32_PCA128,both_correct
S000515,NORMAL,NORMAL,1,NORMAL,1,VIT_RANDOM32_PCA128,both_correct
S000522,NORMAL,NORMAL,1,NORMAL,1,VIT_RANDOM32_PCA128,both_correct
S000527,NORMAL,NORMAL,1,NORMAL,1,VIT_RANDOM32_PCA128,both_correct
S000529,NORMAL,NORMAL,1,NORMAL,1,VIT_RANDOM32_PCA128,both_correct
S000542,AMD_DRY,AMD_WET,0,AMD_WET,0,VIT_RANDOM32_PCA128,both_incorrect
S000545,AMD_WET,AMD_WET,1,AMD_WET,1,VIT_RANDOM32_PCA128,both_correct
S000552,AMD_WET,AMD_WET,1,AMD_WET,1,VIT_RANDOM32_PCA128,both_correct
S000553,AMD_WET,AMD_WET,1,AMD_WET,1,VIT_RANDOM32_PCA128,both_correct
S000565,AMD_WET,AMD_WET,1,AMD_WET,1,VIT_RANDOM32_PCA128,both_correct
S000576,AMD_WET,AMD_WET,1,AMD_WET,1,VIT_RANDOM32_PCA128,both_correct
S000578,AMD_WET,AMD_WET,1,AMD_WET,1,VIT_RANDOM32_PCA128,both_correct
S000580,AMD_WET,AMD_WET,1,AMD_WET,1,VIT_RANDOM32_PCA128,both_correct
S000583,AMD_WET,AMD_WET,1,AMD_WET,1,VIT_RANDOM32_PCA128,both_correct
S000584,AMD_WET,AMD_WET,1,AMD_WET,1,VIT_RANDOM32_PCA128,both_correct
S000589,AMD_WET,AMD_WET,1,AMD_WET,1,VIT_RANDOM32_PCA128,both_correct
S000591,AMD_WET,AMD_WET,1,AMD_WET,1,VIT_RANDOM32_PCA128,both_correct
S000005,AMD_DRY,NORMAL,0,NORMAL,0,VIT_RANDOM32_PCA128,both_incorrect
S000006,AMD_DRY,AMD_DRY,1,AMD_DRY,1,VIT_RANDOM32_PCA128,both_correct
S000009,AMD_DRY,AMD_DRY,1,AMD_DRY,1,VIT_RANDOM32_PCA128,both_correct
S000011,AMD_DRY,AMD_DRY,1,AMD_DRY,1,VIT_RANDOM32_PCA128,both_correct
S000025,AMD_DRY,AMD_DRY,1,AMD_DRY,1,VIT_RANDOM32_PCA128,both_correct
S000027,AMD_DRY,AMD_DRY,1,AMD_DRY,1,VIT_RANDOM32_PCA128,both_correct
S000033,AMD_DRY,AMD_DRY,1,AMD_DRY,1,VIT_RANDOM32_PCA128,both_correct
S000037,AMD_WET,AMD_WET,1,AMD_WET,1,VIT_RANDOM32_PCA128,both_correct
S000039,AMD_WET,AMD_WET,1,AMD_WET,1,VIT_RANDOM32_PCA128,both_correct
S000044,AMD_WET,AMD_DRY,0,AMD_DRY,0,VIT_RANDOM32_PCA128,both_incorrect
S000049,AMD_WET,AMD_DRY,0,NORMAL,0,VIT_RANDOM32_PCA128,both_incorrect
S000054,NORMAL,NORMAL,1,NORMAL,1,VIT_RANDOM32_PCA128,both_correct
S000059,NORMAL,NORMAL,1,NORMAL,1,VIT_RANDOM32_PCA128,both_correct
S000060,NORMAL,NORMAL,1,NORMAL,1,VIT_RANDOM32_PCA128,both_correct
S000063,NORMAL,NORMAL,1,NORMAL,1,VIT_RANDOM32_PCA128,both_correct
S000068,NORMAL,NORMAL,1,NORMAL,1,VIT_RANDOM32_PCA128,both_correct
S000069,NORMAL,NORMAL,1,NORMAL,1,VIT_RANDOM32_PCA128,both_correct
S000091,NORMAL,NORMAL,1,NORMAL,1,VIT_RANDOM32_PCA128,both_correct
S000092,NORMAL,NORMAL,1,NORMAL,1,VIT_RANDOM32_PCA128,both_correct
S000098,NORMAL,NORMAL,1,NORMAL,1,VIT_RANDOM32_PCA128,both_correct
S000099,NORMAL,NORMAL,1,NORMAL,1,VIT_RANDOM32_PCA128,both_correct
S000102,NORMAL,NORMAL,1,NORMAL,1,VIT_RANDOM32_PCA128,both_correct
S000112,NORMAL,NORMAL,1,NORMAL,1,VIT_RANDOM32_PCA128,both_correct
S000113,NORMAL,NORMAL,1,NORMAL,1,VIT_RANDOM32_PCA128,both_correct
S000121,NORMAL,NORMAL,1,NORMAL,1,VIT_RANDOM32_PCA128,both_correct
S000134,NORMAL,NORMAL,1,NORMAL,1,VIT_RANDOM32_PCA128,both_correct
S000137,NORMAL,NORMAL,1,NORMAL,1,VIT_RANDOM32_PCA128,both_correct
S000138,NORMAL,NORMAL,1,NORMAL,1,VIT_RANDOM32_PCA128,both_correct
S000147,NORMAL,NORMAL,1,NORMAL,1,VIT_RANDOM32_PCA128,both_correct
S000150,NORMAL,NORMAL,1,NORMAL,1,VIT_RANDOM32_PCA128,both_correct
S000153,AMD_DRY,AMD_DRY,1,AMD_DRY,1,VIT_RANDOM32_PCA128,both_correct
S000154,AMD_DRY,AMD_DRY,1,AMD_DRY,1,VIT_RANDOM32_PCA128,both_correct
S000160,AMD_DRY,AMD_WET,0,AMD_WET,0,VIT_RANDOM32_PCA128,both_incorrect
S000167,AMD_WET,AMD_WET,1,AMD_WET,1,VIT_RANDOM32_PCA128,both_correct
S000178,AMD_WET,AMD_WET,1,AMD_WET,1,VIT_RANDOM32_PCA128,both_correct
S000180,AMD_WET,AMD_WET,1,AMD_WET,1,VIT_RANDOM32_PCA128,both_correct
S000183,AMD_WET,AMD_WET,1,AMD_WET,1,VIT_RANDOM32_PCA128,both_correct
S000184,AMD_WET,AMD_WET,1,AMD_WET,1,VIT_RANDOM32_PCA128,both_correct
S000186,AMD_WET,AMD_WET,1,AMD_WET,1,VIT_RANDOM32_PCA128,both_correct
S000188,AMD_WET,AMD_WET,1,AMD_WET,1,VIT_RANDOM32_PCA128,both_correct
S000205,AMD_WET,AMD_WET,1,AMD_WET,1,VIT_RANDOM32_PCA128,both_correct
S000210,AMD_WET,AMD_WET,1,AMD_WET,1,VIT_RANDOM32_PCA128,both_correct
S000222,AMD_WET,AMD_WET,1,AMD_WET,1,VIT_RANDOM32_PCA128,both_correct
S000226,AMD_WET,AMD_WET,1,AMD_WET,1,VIT_RANDOM32_PCA128,both_correct
S000230,AMD_WET,AMD_WET,1,AMD_WET,1,VIT_RANDOM32_PCA128,both_correct
S000233,AMD_WET,AMD_WET,1,AMD_WET,1,VIT_RANDOM32_PCA128,both_correct
S000238,AMD_WET,AMD_WET,1,AMD_WET,1,VIT_RANDOM32_PCA128,both_correct
S000241,NORMAL,NORMAL,1,NORMAL,1,VIT_RANDOM32_PCA128,both_correct
S000244,NORMAL,NORMAL,1,NORMAL,1,VIT_RANDOM32_PCA128,both_correct
S000250,NORMAL,NORMAL,1,NORMAL,1,VIT_RANDOM32_PCA128,both_correct
S000259,NORMAL,NORMAL,1,NORMAL,1,VIT_RANDOM32_PCA128,both_correct
S000260,NORMAL,NORMAL,1,NORMAL,1,VIT_RANDOM32_PCA128,both_correct
S000261,NORMAL,NORMAL,1,NORMAL,1,VIT_RANDOM32_PCA128,both_correct
S000266,NORMAL,NORMAL,1,NORMAL,1,VIT_RANDOM32_PCA128,both_correct
S000276,NORMAL,NORMAL,1,NORMAL,1,VIT_RANDOM32_PCA128,both_correct
S000284,NORMAL,NORMAL,1,NORMAL,1,VIT_RANDOM32_PCA128,both_correct
S000287,NORMAL,NORMAL,1,NORMAL,1,VIT_RANDOM32_PCA128,both_correct
S000290,NORMAL,NORMAL,1,NORMAL,1,VIT_RANDOM32_PCA128,both_correct
S000293,NORMAL,NORMAL,1,NORMAL,1,VIT_RANDOM32_PCA128,both_correct
S000295,NORMAL,NORMAL,1,NORMAL,1,VIT_RANDOM32_PCA128,both_correct
S000297,NORMAL,NORMAL,1,NORMAL,1,VIT_RANDOM32_PCA128,both_correct
S000300,NORMAL,NORMAL,1,NORMAL,1,VIT_RANDOM32_PCA128,both_correct
S000310,NORMAL,NORMAL,1,NORMAL,1,VIT_RANDOM32_PCA128,both_correct
S000322,NORMAL,NORMAL,1,NORMAL,1,VIT_RANDOM32_PCA128,both_correct
S000340,NORMAL,NORMAL,1,NORMAL,1,VIT_RANDOM32_PCA128,both_correct
S000344,NORMAL,NORMAL,1,NORMAL,1,VIT_RANDOM32_PCA128,both_correct
S000345,NORMAL,NORMAL,1,NORMAL,1,VIT_RANDOM32_PCA128,both_correct
S000347,NORMAL,NORMAL,1,NORMAL,1,VIT_RANDOM32_PCA128,both_correct
S000350,NORMAL,NORMAL,1,NORMAL,1,VIT_RANDOM32_PCA128,both_correct
S000352,NORMAL,NORMAL,1,NORMAL,1,VIT_RANDOM32_PCA128,both_correct
S000359,NORMAL,NORMAL,1,NORMAL,1,VIT_RANDOM32_PCA128,both_correct
S000361,NORMAL,NORMAL,1,NORMAL,1,VIT_RANDOM32_PCA128,both_correct
S000366,AMD_DRY,AMD_DRY,1,AMD_DRY,1,VIT_RANDOM32_PCA128,both_correct
S000368,AMD_DRY,AMD_DRY,1,AMD_DRY,1,VIT_RANDOM32_PCA128,both_correct
S000369,AMD_DRY,AMD_DRY,1,AMD_DRY,1,VIT_RANDOM32_PCA128,both_correct
S000370,AMD_DRY,AMD_DRY,1,AMD_DRY,1,VIT_RANDOM32_PCA128,both_correct
S000374,AMD_DRY,AMD_DRY,1,AMD_DRY,1,VIT_RANDOM32_PCA128,both_correct
S000377,AMD_DRY,AMD_DRY,1,AMD_DRY,1,VIT_RANDOM32_PCA128,both_correct
S000378,AMD_DRY,AMD_DRY,1,AMD_DRY,1,VIT_RANDOM32_PCA128,both_correct
S000379,AMD_DRY,AMD_DRY,1,AMD_DRY,1,VIT_RANDOM32_PCA128,both_correct
S000380,AMD_DRY,AMD_DRY,1,AMD_DRY,1,VIT_RANDOM32_PCA128,both_correct
S000383,AMD_DRY,AMD_DRY,1,AMD_DRY,1,VIT_RANDOM32_PCA128,both_correct
S000390,AMD_DRY,AMD_DRY,1,AMD_DRY,1,VIT_RANDOM32_PCA128,both_correct
S000402,AMD_DRY,AMD_DRY,1,AMD_DRY,1,VIT_RANDOM32_PCA128,both_correct
S000416,AMD_DRY,AMD_DRY,1,AMD_DRY,1,VIT_RANDOM32_PCA128,both_correct
S000439,AMD_DRY,AMD_DRY,1,AMD_DRY,1,VIT_RANDOM32_PCA128,both_correct
S000441,AMD_DRY,AMD_DRY,1,AMD_DRY,1,VIT_RANDOM32_PCA128,both_correct
S000444,AMD_DRY,NORMAL,0,NORMAL,0,VIT_RANDOM32_PCA128,both_incorrect
S000447,AMD_WET,AMD_WET,1,AMD_WET,1,VIT_RANDOM32_PCA128,both_correct
S000455,AMD_WET,AMD_WET,1,AMD_WET,1,VIT_RANDOM32_PCA128,both_correct
S000459,AMD_WET,AMD_WET,1,AMD_WET,1,VIT_RANDOM32_PCA128,both_correct
S000460,AMD_WET,AMD_DRY,0,AMD_DRY,0,VIT_RANDOM32_PCA128,both_incorrect
S000465,AMD_WET,AMD_WET,1,AMD_WET,1,VIT_RANDOM32_PCA128,both_correct
S000472,AMD_WET,AMD_DRY,0,AMD_DRY,0,VIT_RANDOM32_PCA128,both_incorrect
S000478,NORMAL,NORMAL,1,NORMAL,1,VIT_RANDOM32_PCA128,both_correct
S000481,NORMAL,NORMAL,1,NORMAL,1,VIT_RANDOM32_PCA128,both_correct
S000490,NORMAL,NORMAL,1,NORMAL,1,VIT_RANDOM32_PCA128,both_correct
S000494,NORMAL,NORMAL,1,NORMAL,1,VIT_RANDOM32_PCA128,both_correct
S000498,NORMAL,NORMAL,1,NORMAL,1,VIT_RANDOM32_PCA128,both_correct
S000502,NORMAL,NORMAL,1,NORMAL,1,VIT_RANDOM32_PCA128,both_correct
S000508,NORMAL,NORMAL,1,NORMAL,1,VIT_RANDOM32_PCA128,both_correct
S000509,NORMAL,NORMAL,1,NORMAL,1,VIT_RANDOM32_PCA128,both_correct
S000510,NORMAL,NORMAL,1,NORMAL,1,VIT_RANDOM32_PCA128,both_correct
S000516,NORMAL,NORMAL,1,NORMAL,1,VIT_RANDOM32_PCA128,both_correct
S000517,NORMAL,NORMAL,1,NORMAL,1,VIT_RANDOM32_PCA128,both_correct
S000518,NORMAL,NORMAL,1,NORMAL,1,VIT_RANDOM32_PCA128,both_correct
S000523,NORMAL,NORMAL,1,NORMAL,1,VIT_RANDOM32_PCA128,both_correct
S000537,AMD_DRY,AMD_DRY,1,AMD_DRY,1,VIT_RANDOM32_PCA128,both_correct
S000555,AMD_WET,AMD_WET,1,AMD_WET,1,VIT_RANDOM32_PCA128,both_correct
S000557,AMD_WET,AMD_WET,1,AMD_WET,1,VIT_RANDOM32_PCA128,both_correct
S000559,AMD_WET,AMD_WET,1,AMD_WET,1,VIT_RANDOM32_PCA128,both_correct
S000568,AMD_WET,AMD_WET,1,AMD_WET,1,VIT_RANDOM32_PCA128,both_correct
S000571,AMD_WET,AMD_WET,1,AMD_WET,1,VIT_RANDOM32_PCA128,both_correct
S000572,AMD_WET,AMD_WET,1,AMD_WET,1,VIT_RANDOM32_PCA128,both_correct
S000573,AMD_WET,AMD_WET,1,AMD_WET,1,VIT_RANDOM32_PCA128,both_correct
S000586,AMD_WET,AMD_WET,1,AMD_WET,1,VIT_RANDOM32_PCA128,both_correct
S000587,AMD_WET,AMD_WET,1,AMD_WET,1,VIT_RANDOM32_PCA128,both_correct
S000594,AMD_WET,AMD_WET,1,AMD_WET,1,VIT_RANDOM32_PCA128,both_correct
S000595,AMD_WET,AMD_WET,1,AMD_WET,1,VIT_RANDOM32_PCA128,both_correct
S000012,AMD_DRY,AMD_DRY,1,AMD_DRY,1,VIT_RANDOM32_PCA128,both_correct
S000014,AMD_DRY,NORMAL,0,NORMAL,0,VIT_RANDOM32_PCA128,both_incorrect
S000016,AMD_DRY,AMD_DRY,1,AMD_DRY,1,VIT_RANDOM32_PCA128,both_correct
S000020,AMD_DRY,AMD_DRY,1,AMD_DRY,1,VIT_RANDOM32_PCA128,both_correct
S000028,AMD_DRY,NORMAL,0,NORMAL,0,VIT_RANDOM32_PCA128,both_incorrect
S000031,AMD_DRY,NORMAL,0,NORMAL,0,VIT_RANDOM32_PCA128,both_incorrect
S000034,AMD_DRY,AMD_DRY,1,AMD_DRY,1,VIT_RANDOM32_PCA128,both_correct
S000036,AMD_WET,AMD_DRY,0,AMD_DRY,0,VIT_RANDOM32_PCA128,both_incorrect
S000038,AMD_WET,AMD_WET,1,AMD_WET,1,VIT_RANDOM32_PCA128,both_correct
S000050,AMD_WET,AMD_WET,1,AMD_WET,1,VIT_RANDOM32_PCA128,both_correct
S000058,NORMAL,NORMAL,1,NORMAL,1,VIT_RANDOM32_PCA128,both_correct
S000061,NORMAL,NORMAL,1,NORMAL,1,VIT_RANDOM32_PCA128,both_correct
S000070,NORMAL,NORMAL,1,NORMAL,1,VIT_RANDOM32_PCA128,both_correct
S000073,NORMAL,NORMAL,1,NORMAL,1,VIT_RANDOM32_PCA128,both_correct
S000075,NORMAL,NORMAL,1,NORMAL,1,VIT_RANDOM32_PCA128,both_correct
S000076,NORMAL,NORMAL,1,NORMAL,1,VIT_RANDOM32_PCA128,both_correct
S000080,NORMAL,NORMAL,1,NORMAL,1,VIT_RANDOM32_PCA128,both_correct
S000082,NORMAL,NORMAL,1,NORMAL,1,VIT_RANDOM32_PCA128,both_correct
S000086,NORMAL,NORMAL,1,NORMAL,1,VIT_RANDOM32_PCA128,both_correct
S000087,NORMAL,NORMAL,1,NORMAL,1,VIT_RANDOM32_PCA128,both_correct
S000104,NORMAL,NORMAL,1,NORMAL,1,VIT_RANDOM32_PCA128,both_correct
S000115,NORMAL,NORMAL,1,NORMAL,1,VIT_RANDOM32_PCA128,both_correct
S000116,NORMAL,AMD_DRY,0,NORMAL,1,VIT_RANDOM32_PCA128,degraded_by_proposed
S000127,NORMAL,NORMAL,1,NORMAL,1,VIT_RANDOM32_PCA128,both_correct
S000129,NORMAL,NORMAL,1,NORMAL,1,VIT_RANDOM32_PCA128,both_correct
S000132,NORMAL,NORMAL,1,NORMAL,1,VIT_RANDOM32_PCA128,both_correct
S000139,NORMAL,NORMAL,1,NORMAL,1,VIT_RANDOM32_PCA128,both_correct
S000140,NORMAL,NORMAL,1,NORMAL,1,VIT_RANDOM32_PCA128,both_correct
S000144,NORMAL,NORMAL,1,NORMAL,1,VIT_RANDOM32_PCA128,both_correct
S000148,NORMAL,NORMAL,1,NORMAL,1,VIT_RANDOM32_PCA128,both_correct
S000152,AMD_DRY,AMD_WET,0,AMD_WET,0,VIT_RANDOM32_PCA128,both_incorrect
S000156,AMD_DRY,AMD_WET,0,AMD_WET,0,VIT_RANDOM32_PCA128,both_incorrect
S000161,AMD_DRY,AMD_WET,0,AMD_WET,0,VIT_RANDOM32_PCA128,both_incorrect
S000170,AMD_WET,AMD_WET,1,AMD_WET,1,VIT_RANDOM32_PCA128,both_correct
S000172,AMD_WET,AMD_WET,1,AMD_WET,1,VIT_RANDOM32_PCA128,both_correct
S000173,AMD_WET,AMD_WET,1,AMD_WET,1,VIT_RANDOM32_PCA128,both_correct
S000174,AMD_WET,AMD_WET,1,AMD_WET,1,VIT_RANDOM32_PCA128,both_correct
S000190,AMD_WET,AMD_WET,1,AMD_WET,1,VIT_RANDOM32_PCA128,both_correct
S000193,AMD_WET,AMD_WET,1,AMD_WET,1,VIT_RANDOM32_PCA128,both_correct
S000200,AMD_WET,AMD_WET,1,AMD_DRY,0,VIT_RANDOM32_PCA128,corrected_by_proposed
S000201,AMD_WET,AMD_WET,1,AMD_WET,1,VIT_RANDOM32_PCA128,both_correct
S000204,AMD_WET,AMD_WET,1,AMD_WET,1,VIT_RANDOM32_PCA128,both_correct
S000207,AMD_WET,AMD_WET,1,AMD_WET,1,VIT_RANDOM32_PCA128,both_correct
S000208,AMD_WET,AMD_WET,1,AMD_WET,1,VIT_RANDOM32_PCA128,both_correct
S000213,AMD_WET,AMD_WET,1,AMD_WET,1,VIT_RANDOM32_PCA128,both_correct
S000216,AMD_WET,AMD_WET,1,AMD_WET,1,VIT_RANDOM32_PCA128,both_correct
S000220,AMD_WET,AMD_WET,1,AMD_WET,1,VIT_RANDOM32_PCA128,both_correct
S000239,NORMAL,NORMAL,1,NORMAL,1,VIT_RANDOM32_PCA128,both_correct
S000251,NORMAL,NORMAL,1,NORMAL,1,VIT_RANDOM32_PCA128,both_correct
S000257,NORMAL,NORMAL,1,NORMAL,1,VIT_RANDOM32_PCA128,both_correct
S000263,NORMAL,NORMAL,1,NORMAL,1,VIT_RANDOM32_PCA128,both_correct
S000270,NORMAL,NORMAL,1,NORMAL,1,VIT_RANDOM32_PCA128,both_correct
S000273,NORMAL,NORMAL,1,NORMAL,1,VIT_RANDOM32_PCA128,both_correct
S000277,NORMAL,NORMAL,1,NORMAL,1,VIT_RANDOM32_PCA128,both_correct
S000278,NORMAL,NORMAL,1,NORMAL,1,VIT_RANDOM32_PCA128,both_correct
S000296,NORMAL,NORMAL,1,NORMAL,1,VIT_RANDOM32_PCA128,both_correct
S000301,NORMAL,NORMAL,1,NORMAL,1,VIT_RANDOM32_PCA128,both_correct
S000306,NORMAL,NORMAL,1,NORMAL,1,VIT_RANDOM32_PCA128,both_correct
S000308,NORMAL,NORMAL,1,NORMAL,1,VIT_RANDOM32_PCA128,both_correct
S000319,NORMAL,NORMAL,1,NORMAL,1,VIT_RANDOM32_PCA128,both_correct
S000324,NORMAL,NORMAL,1,NORMAL,1,VIT_RANDOM32_PCA128,both_correct
S000325,NORMAL,NORMAL,1,NORMAL,1,VIT_RANDOM32_PCA128,both_correct
S000328,NORMAL,NORMAL,1,NORMAL,1,VIT_RANDOM32_PCA128,both_correct
S000331,NORMAL,NORMAL,1,NORMAL,1,VIT_RANDOM32_PCA128,both_correct
S000334,NORMAL,NORMAL,1,NORMAL,1,VIT_RANDOM32_PCA128,both_correct
S000338,NORMAL,NORMAL,1,NORMAL,1,VIT_RANDOM32_PCA128,both_correct
S000339,NORMAL,NORMAL,1,NORMAL,1,VIT_RANDOM32_PCA128,both_correct
S000342,NORMAL,NORMAL,1,NORMAL,1,VIT_RANDOM32_PCA128,both_correct
S000348,NORMAL,NORMAL,1,NORMAL,1,VIT_RANDOM32_PCA128,both_correct
S000354,NORMAL,NORMAL,1,NORMAL,1,VIT_RANDOM32_PCA128,both_correct
S000357,NORMAL,NORMAL,1,NORMAL,1,VIT_RANDOM32_PCA128,both_correct
S000362,NORMAL,NORMAL,1,NORMAL,1,VIT_RANDOM32_PCA128,both_correct
S000367,AMD_DRY,AMD_WET,0,AMD_WET,0,VIT_RANDOM32_PCA128,both_incorrect
S000373,AMD_DRY,AMD_DRY,1,AMD_DRY,1,VIT_RANDOM32_PCA128,both_correct
S000375,AMD_DRY,AMD_DRY,1,AMD_DRY,1,VIT_RANDOM32_PCA128,both_correct
S000381,AMD_DRY,AMD_DRY,1,AMD_DRY,1,VIT_RANDOM32_PCA128,both_correct
S000389,AMD_DRY,AMD_DRY,1,AMD_DRY,1,VIT_RANDOM32_PCA128,both_correct
S000394,AMD_DRY,AMD_DRY,1,AMD_DRY,1,VIT_RANDOM32_PCA128,both_correct
S000399,AMD_DRY,AMD_DRY,1,AMD_DRY,1,VIT_RANDOM32_PCA128,both_correct
S000411,AMD_DRY,AMD_DRY,1,AMD_DRY,1,VIT_RANDOM32_PCA128,both_correct
S000412,AMD_DRY,AMD_DRY,1,AMD_DRY,1,VIT_RANDOM32_PCA128,both_correct
S000417,AMD_DRY,AMD_DRY,1,AMD_DRY,1,VIT_RANDOM32_PCA128,both_correct
S000418,AMD_DRY,AMD_WET,0,AMD_WET,0,VIT_RANDOM32_PCA128,both_incorrect
S000423,AMD_DRY,AMD_DRY,1,AMD_DRY,1,VIT_RANDOM32_PCA128,both_correct
S000426,AMD_DRY,AMD_DRY,1,AMD_DRY,1,VIT_RANDOM32_PCA128,both_correct
S000435,AMD_DRY,AMD_DRY,1,AMD_DRY,1,VIT_RANDOM32_PCA128,both_correct
S000440,AMD_DRY,NORMAL,0,NORMAL,0,VIT_RANDOM32_PCA128,both_incorrect
S000442,AMD_DRY,AMD_DRY,1,AMD_DRY,1,VIT_RANDOM32_PCA128,both_correct
S000448,AMD_WET,AMD_WET,1,AMD_WET,1,VIT_RANDOM32_PCA128,both_correct
S000453,AMD_WET,AMD_WET,1,AMD_WET,1,VIT_RANDOM32_PCA128,both_correct
S000457,AMD_WET,AMD_WET,1,AMD_WET,1,VIT_RANDOM32_PCA128,both_correct
S000458,AMD_WET,AMD_DRY,0,AMD_DRY,0,VIT_RANDOM32_PCA128,both_incorrect
S000461,AMD_WET,AMD_WET,1,AMD_WET,1,VIT_RANDOM32_PCA128,both_correct
S000464,AMD_WET,AMD_WET,1,AMD_WET,1,VIT_RANDOM32_PCA128,both_correct
S000473,NORMAL,NORMAL,1,NORMAL,1,VIT_RANDOM32_PCA128,both_correct
S000482,NORMAL,NORMAL,1,NORMAL,1,VIT_RANDOM32_PCA128,both_correct
S000497,NORMAL,NORMAL,1,NORMAL,1,VIT_RANDOM32_PCA128,both_correct
S000499,NORMAL,NORMAL,1,NORMAL,1,VIT_RANDOM32_PCA128,both_correct
S000500,NORMAL,NORMAL,1,NORMAL,1,VIT_RANDOM32_PCA128,both_correct
S000505,NORMAL,NORMAL,1,NORMAL,1,VIT_RANDOM32_PCA128,both_correct
S000512,NORMAL,NORMAL,1,NORMAL,1,VIT_RANDOM32_PCA128,both_correct
S000514,NORMAL,NORMAL,1,NORMAL,1,VIT_RANDOM32_PCA128,both_correct
S000521,NORMAL,NORMAL,1,NORMAL,1,VIT_RANDOM32_PCA128,both_correct
S000524,NORMAL,NORMAL,1,NORMAL,1,VIT_RANDOM32_PCA128,both_correct
S000530,NORMAL,NORMAL,1,NORMAL,1,VIT_RANDOM32_PCA128,both_correct
S000534,NORMAL,NORMAL,1,NORMAL,1,VIT_RANDOM32_PCA128,both_correct
S000540,AMD_DRY,AMD_WET,0,AMD_WET,0,VIT_RANDOM32_PCA128,both_incorrect
S000541,AMD_DRY,AMD_DRY,1,AMD_DRY,1,VIT_RANDOM32_PCA128,both_correct
S000544,AMD_WET,AMD_WET,1,AMD_WET,1,VIT_RANDOM32_PCA128,both_correct
S000546,AMD_WET,AMD_WET,1,AMD_WET,1,VIT_RANDOM32_PCA128,both_correct
S000549,AMD_WET,AMD_WET,1,AMD_WET,1,VIT_RANDOM32_PCA128,both_correct
S000560,AMD_WET,AMD_WET,1,AMD_WET,1,VIT_RANDOM32_PCA128,both_correct
S000561,AMD_WET,AMD_WET,1,AMD_WET,1,VIT_RANDOM32_PCA128,both_correct
S000562,AMD_WET,AMD_WET,1,AMD_WET,1,VIT_RANDOM32_PCA128,both_correct
S000563,AMD_WET,AMD_WET,1,AMD_WET,1,VIT_RANDOM32_PCA128,both_correct
S000564,AMD_WET,AMD_DRY,0,AMD_DRY,0,VIT_RANDOM32_PCA128,both_incorrect
S000569,AMD_WET,AMD_WET,1,AMD_WET,1,VIT_RANDOM32_PCA128,both_correct
S000593,AMD_WET,AMD_WET,1,AMD_WET,1,VIT_RANDOM32_PCA128,both_correct
S000596,AMD_WET,AMD_WET,1,AMD_WET,1,VIT_RANDOM32_PCA128,both_correct
S000001,AMD_DRY,AMD_DRY,1,AMD_DRY,1,VIT_RANDOM32_PCA128,both_correct
S000015,AMD_DRY,AMD_DRY,1,AMD_DRY,1,VIT_RANDOM32_PCA128,both_correct
S000018,AMD_DRY,AMD_DRY,1,AMD_DRY,1,VIT_RANDOM32_PCA128,both_correct
S000021,AMD_DRY,AMD_DRY,1,AMD_DRY,1,VIT_RANDOM32_PCA128,both_correct
S000023,AMD_DRY,AMD_DRY,1,AMD_DRY,1,VIT_RANDOM32_PCA128,both_correct
S000024,AMD_DRY,AMD_DRY,1,AMD_DRY,1,VIT_RANDOM32_PCA128,both_correct
S000030,AMD_DRY,NORMAL,0,NORMAL,0,VIT_RANDOM32_PCA128,both_incorrect
S000041,AMD_WET,AMD_WET,1,AMD_WET,1,VIT_RANDOM32_PCA128,both_correct
S000042,AMD_WET,AMD_WET,1,AMD_WET,1,VIT_RANDOM32_PCA128,both_correct
S000043,AMD_WET,AMD_WET,1,AMD_WET,1,VIT_RANDOM32_PCA128,both_correct
S000053,NORMAL,NORMAL,1,NORMAL,1,VIT_RANDOM32_PCA128,both_correct
S000057,NORMAL,NORMAL,1,NORMAL,1,VIT_RANDOM32_PCA128,both_correct
S000065,NORMAL,NORMAL,1,NORMAL,1,VIT_RANDOM32_PCA128,both_correct
S000066,NORMAL,NORMAL,1,NORMAL,1,VIT_RANDOM32_PCA128,both_correct
S000067,NORMAL,NORMAL,1,NORMAL,1,VIT_RANDOM32_PCA128,both_correct
S000074,NORMAL,NORMAL,1,NORMAL,1,VIT_RANDOM32_PCA128,both_correct
S000077,NORMAL,NORMAL,1,NORMAL,1,VIT_RANDOM32_PCA128,both_correct
S000081,NORMAL,NORMAL,1,NORMAL,1,VIT_RANDOM32_PCA128,both_correct
S000084,NORMAL,NORMAL,1,NORMAL,1,VIT_RANDOM32_PCA128,both_correct
S000089,NORMAL,NORMAL,1,NORMAL,1,VIT_RANDOM32_PCA128,both_correct
S000094,NORMAL,NORMAL,1,NORMAL,1,VIT_RANDOM32_PCA128,both_correct
S000100,NORMAL,NORMAL,1,NORMAL,1,VIT_RANDOM32_PCA128,both_correct
S000108,NORMAL,NORMAL,1,NORMAL,1,VIT_RANDOM32_PCA128,both_correct
S000110,NORMAL,NORMAL,1,NORMAL,1,VIT_RANDOM32_PCA128,both_correct
S000120,NORMAL,NORMAL,1,NORMAL,1,VIT_RANDOM32_PCA128,both_correct
S000122,NORMAL,NORMAL,1,NORMAL,1,VIT_RANDOM32_PCA128,both_correct
S000131,NORMAL,NORMAL,1,NORMAL,1,VIT_RANDOM32_PCA128,both_correct
S000135,NORMAL,NORMAL,1,NORMAL,1,VIT_RANDOM32_PCA128,both_correct
S000146,NORMAL,NORMAL,1,NORMAL,1,VIT_RANDOM32_PCA128,both_correct
S000149,NORMAL,NORMAL,1,NORMAL,1,VIT_RANDOM32_PCA128,both_correct
S000158,AMD_DRY,AMD_DRY,1,AMD_DRY,1,VIT_RANDOM32_PCA128,both_correct
S000159,AMD_DRY,AMD_WET,0,AMD_WET,0,VIT_RANDOM32_PCA128,both_incorrect
S000162,AMD_DRY,AMD_DRY,1,AMD_DRY,1,VIT_RANDOM32_PCA128,both_correct
S000177,AMD_WET,AMD_WET,1,AMD_WET,1,VIT_RANDOM32_PCA128,both_correct
S000179,AMD_WET,AMD_WET,1,AMD_WET,1,VIT_RANDOM32_PCA128,both_correct
S000182,AMD_WET,AMD_WET,1,AMD_WET,1,VIT_RANDOM32_PCA128,both_correct
S000185,AMD_WET,AMD_WET,1,AMD_WET,1,VIT_RANDOM32_PCA128,both_correct
S000187,AMD_WET,AMD_WET,1,AMD_WET,1,VIT_RANDOM32_PCA128,both_correct
S000189,AMD_WET,AMD_WET,1,AMD_WET,1,VIT_RANDOM32_PCA128,both_correct
S000192,AMD_WET,NORMAL,0,NORMAL,0,VIT_RANDOM32_PCA128,both_incorrect
S000203,AMD_WET,AMD_WET,1,AMD_WET,1,VIT_RANDOM32_PCA128,both_correct
S000212,AMD_WET,AMD_WET,1,AMD_WET,1,VIT_RANDOM32_PCA128,both_correct
S000218,AMD_WET,AMD_WET,1,AMD_WET,1,VIT_RANDOM32_PCA128,both_correct
S000224,AMD_WET,AMD_WET,1,AMD_WET,1,VIT_RANDOM32_PCA128,both_correct
S000225,AMD_WET,AMD_WET,1,AMD_WET,1,VIT_RANDOM32_PCA128,both_correct
S000227,AMD_WET,AMD_WET,1,AMD_WET,1,VIT_RANDOM32_PCA128,both_correct
S000234,AMD_WET,AMD_WET,1,AMD_WET,1,VIT_RANDOM32_PCA128,both_correct
S000242,NORMAL,NORMAL,1,NORMAL,1,VIT_RANDOM32_PCA128,both_correct
S000243,NORMAL,NORMAL,1,NORMAL,1,VIT_RANDOM32_PCA128,both_correct
S000245,NORMAL,NORMAL,1,NORMAL,1,VIT_RANDOM32_PCA128,both_correct
S000246,NORMAL,NORMAL,1,NORMAL,1,VIT_RANDOM32_PCA128,both_correct
S000247,NORMAL,NORMAL,1,NORMAL,1,VIT_RANDOM32_PCA128,both_correct
S000248,NORMAL,NORMAL,1,NORMAL,1,VIT_RANDOM32_PCA128,both_correct
S000249,NORMAL,NORMAL,1,NORMAL,1,VIT_RANDOM32_PCA128,both_correct
S000253,NORMAL,NORMAL,1,NORMAL,1,VIT_RANDOM32_PCA128,both_correct
S000269,NORMAL,NORMAL,1,NORMAL,1,VIT_RANDOM32_PCA128,both_correct
S000283,NORMAL,NORMAL,1,NORMAL,1,VIT_RANDOM32_PCA128,both_correct
S000285,NORMAL,NORMAL,1,NORMAL,1,VIT_RANDOM32_PCA128,both_correct
S000286,NORMAL,NORMAL,1,NORMAL,1,VIT_RANDOM32_PCA128,both_correct
S000292,NORMAL,NORMAL,1,NORMAL,1,VIT_RANDOM32_PCA128,both_correct
S000299,NORMAL,AMD_DRY,0,AMD_DRY,0,VIT_RANDOM32_PCA128,both_incorrect
S000302,NORMAL,NORMAL,1,NORMAL,1,VIT_RANDOM32_PCA128,both_correct
S000309,NORMAL,NORMAL,1,NORMAL,1,VIT_RANDOM32_PCA128,both_correct
S000314,NORMAL,NORMAL,1,NORMAL,1,VIT_RANDOM32_PCA128,both_correct
S000316,NORMAL,NORMAL,1,NORMAL,1,VIT_RANDOM32_PCA128,both_correct
S000323,NORMAL,NORMAL,1,NORMAL,1,VIT_RANDOM32_PCA128,both_correct
S000330,NORMAL,NORMAL,1,NORMAL,1,VIT_RANDOM32_PCA128,both_correct
S000336,NORMAL,NORMAL,1,NORMAL,1,VIT_RANDOM32_PCA128,both_correct
S000337,NORMAL,NORMAL,1,NORMAL,1,VIT_RANDOM32_PCA128,both_correct
S000353,NORMAL,NORMAL,1,NORMAL,1,VIT_RANDOM32_PCA128,both_correct
S000360,NORMAL,NORMAL,1,NORMAL,1,VIT_RANDOM32_PCA128,both_correct
S000363,NORMAL,NORMAL,1,NORMAL,1,VIT_RANDOM32_PCA128,both_correct
S000364,AMD_DRY,AMD_DRY,1,AMD_DRY,1,VIT_RANDOM32_PCA128,both_correct
S000365,AMD_DRY,AMD_DRY,1,AMD_DRY,1,VIT_RANDOM32_PCA128,both_correct
S000371,AMD_DRY,AMD_DRY,1,AMD_DRY,1,VIT_RANDOM32_PCA128,both_correct
S000372,AMD_DRY,AMD_DRY,1,AMD_DRY,1,VIT_RANDOM32_PCA128,both_correct
S000391,AMD_DRY,AMD_DRY,1,AMD_DRY,1,VIT_RANDOM32_PCA128,both_correct
S000392,AMD_DRY,AMD_DRY,1,AMD_DRY,1,VIT_RANDOM32_PCA128,both_correct
S000395,AMD_DRY,AMD_DRY,1,AMD_DRY,1,VIT_RANDOM32_PCA128,both_correct
S000396,AMD_DRY,AMD_DRY,1,AMD_DRY,1,VIT_RANDOM32_PCA128,both_correct
S000398,AMD_DRY,AMD_DRY,1,AMD_DRY,1,VIT_RANDOM32_PCA128,both_correct
S000404,AMD_DRY,AMD_DRY,1,AMD_DRY,1,VIT_RANDOM32_PCA128,both_correct
S000406,AMD_DRY,AMD_DRY,1,AMD_DRY,1,VIT_RANDOM32_PCA128,both_correct
S000407,AMD_DRY,AMD_WET,0,AMD_WET,0,VIT_RANDOM32_PCA128,both_incorrect
S000409,AMD_DRY,AMD_DRY,1,AMD_DRY,1,VIT_RANDOM32_PCA128,both_correct
S000424,AMD_DRY,NORMAL,0,NORMAL,0,VIT_RANDOM32_PCA128,both_incorrect
S000428,AMD_DRY,AMD_DRY,1,AMD_DRY,1,VIT_RANDOM32_PCA128,both_correct
S000434,AMD_DRY,AMD_DRY,1,AMD_DRY,1,VIT_RANDOM32_PCA128,both_correct
S000445,AMD_WET,AMD_DRY,0,AMD_DRY,0,VIT_RANDOM32_PCA128,both_incorrect
S000456,AMD_WET,AMD_WET,1,AMD_WET,1,VIT_RANDOM32_PCA128,both_correct
S000463,AMD_WET,AMD_WET,1,AMD_WET,1,VIT_RANDOM32_PCA128,both_correct
S000466,AMD_WET,AMD_WET,1,AMD_WET,1,VIT_RANDOM32_PCA128,both_correct
S000468,AMD_WET,AMD_WET,1,AMD_WET,1,VIT_RANDOM32_PCA128,both_correct
S000470,AMD_WET,AMD_WET,1,AMD_WET,1,VIT_RANDOM32_PCA128,both_correct
S000476,NORMAL,NORMAL,1,NORMAL,1,VIT_RANDOM32_PCA128,both_correct
S000486,NORMAL,NORMAL,1,NORMAL,1,VIT_RANDOM32_PCA128,both_correct
S000488,NORMAL,NORMAL,1,NORMAL,1,VIT_RANDOM32_PCA128,both_correct
S000492,NORMAL,NORMAL,1,NORMAL,1,VIT_RANDOM32_PCA128,both_correct
S000501,NORMAL,NORMAL,1,NORMAL,1,VIT_RANDOM32_PCA128,both_correct
S000511,NORMAL,NORMAL,1,NORMAL,1,VIT_RANDOM32_PCA128,both_correct
S000520,NORMAL,NORMAL,1,NORMAL,1,VIT_RANDOM32_PCA128,both_correct
S000528,NORMAL,NORMAL,1,NORMAL,1,VIT_RANDOM32_PCA128,both_correct
S000531,NORMAL,NORMAL,1,NORMAL,1,VIT_RANDOM32_PCA128,both_correct
S000532,NORMAL,NORMAL,1,NORMAL,1,VIT_RANDOM32_PCA128,both_correct
S000533,NORMAL,NORMAL,1,NORMAL,1,VIT_RANDOM32_PCA128,both_correct
S000535,NORMAL,NORMAL,1,NORMAL,1,VIT_RANDOM32_PCA128,both_correct
S000539,AMD_DRY,AMD_WET,0,AMD_WET,0,VIT_RANDOM32_PCA128,both_incorrect
S000543,AMD_DRY,AMD_DRY,1,AMD_WET,0,VIT_RANDOM32_PCA128,corrected_by_proposed
S000548,AMD_WET,AMD_WET,1,AMD_WET,1,VIT_RANDOM32_PCA128,both_correct
S000550,AMD_WET,AMD_WET,1,AMD_WET,1,VIT_RANDOM32_PCA128,both_correct
S000551,AMD_WET,AMD_WET,1,AMD_WET,1,VIT_RANDOM32_PCA128,both_correct
S000558,AMD_WET,AMD_WET,1,AMD_WET,1,VIT_RANDOM32_PCA128,both_correct
S000566,AMD_WET,AMD_WET,1,AMD_WET,1,VIT_RANDOM32_PCA128,both_correct
S000575,AMD_WET,AMD_WET,1,AMD_WET,1,VIT_RANDOM32_PCA128,both_correct
S000579,AMD_WET,AMD_WET,1,AMD_WET,1,VIT_RANDOM32_PCA128,both_correct
S000582,AMD_WET,AMD_WET,1,AMD_WET,1,VIT_RANDOM32_PCA128,both_correct
S000590,AMD_WET,AMD_WET,1,AMD_WET,1,VIT_RANDOM32_PCA128,both_correct
S000592,AMD_WET,AMD_WET,1,AMD_WET,1,VIT_RANDOM32_PCA128,both_correct
S000597,AMD_WET,AMD_WET,1,AMD_WET,1,VIT_RANDOM32_PCA128,both_correct
S000004,AMD_DRY,AMD_DRY,1,AMD_DRY,1,VIT_RANDOM32_PCA128,both_correct
S000007,AMD_DRY,AMD_DRY,1,AMD_DRY,1,VIT_RANDOM32_PCA128,both_correct
S000008,AMD_DRY,AMD_DRY,1,AMD_DRY,1,VIT_RANDOM32_PCA128,both_correct
S000017,AMD_DRY,AMD_DRY,1,AMD_DRY,1,VIT_RANDOM32_PCA128,both_correct
S000022,AMD_DRY,AMD_DRY,1,AMD_DRY,1,VIT_RANDOM32_PCA128,both_correct
S000029,AMD_DRY,AMD_DRY,1,AMD_DRY,1,VIT_RANDOM32_PCA128,both_correct
S000035,AMD_DRY,AMD_DRY,1,AMD_DRY,1,VIT_RANDOM32_PCA128,both_correct
S000046,AMD_WET,AMD_WET,1,AMD_WET,1,VIT_RANDOM32_PCA128,both_correct
S000048,AMD_WET,AMD_WET,1,AMD_WET,1,VIT_RANDOM32_PCA128,both_correct
S000052,AMD_WET,AMD_DRY,0,AMD_DRY,0,VIT_RANDOM32_PCA128,both_incorrect
S000055,NORMAL,NORMAL,1,NORMAL,1,VIT_RANDOM32_PCA128,both_correct
S000056,NORMAL,NORMAL,1,NORMAL,1,VIT_RANDOM32_PCA128,both_correct
S000078,NORMAL,NORMAL,1,NORMAL,1,VIT_RANDOM32_PCA128,both_correct
S000079,NORMAL,NORMAL,1,NORMAL,1,VIT_RANDOM32_PCA128,both_correct
S000088,NORMAL,NORMAL,1,NORMAL,1,VIT_RANDOM32_PCA128,both_correct
S000095,NORMAL,NORMAL,1,NORMAL,1,VIT_RANDOM32_PCA128,both_correct
S000096,NORMAL,NORMAL,1,NORMAL,1,VIT_RANDOM32_PCA128,both_correct
S000097,NORMAL,NORMAL,1,NORMAL,1,VIT_RANDOM32_PCA128,both_correct
S000103,NORMAL,NORMAL,1,NORMAL,1,VIT_RANDOM32_PCA128,both_correct
S000109,NORMAL,NORMAL,1,NORMAL,1,VIT_RANDOM32_PCA128,both_correct
S000117,NORMAL,NORMAL,1,NORMAL,1,VIT_RANDOM32_PCA128,both_correct
S000118,NORMAL,NORMAL,1,NORMAL,1,VIT_RANDOM32_PCA128,both_correct
S000119,NORMAL,NORMAL,1,NORMAL,1,VIT_RANDOM32_PCA128,both_correct
S000125,NORMAL,NORMAL,1,NORMAL,1,VIT_RANDOM32_PCA128,both_correct
S000128,NORMAL,NORMAL,1,NORMAL,1,VIT_RANDOM32_PCA128,both_correct
S000130,NORMAL,NORMAL,1,NORMAL,1,VIT_RANDOM32_PCA128,both_correct
S000133,NORMAL,NORMAL,1,NORMAL,1,VIT_RANDOM32_PCA128,both_correct
S000141,NORMAL,NORMAL,1,NORMAL,1,VIT_RANDOM32_PCA128,both_correct
S000145,NORMAL,NORMAL,1,NORMAL,1,VIT_RANDOM32_PCA128,both_correct
S000151,NORMAL,NORMAL,1,NORMAL,1,VIT_RANDOM32_PCA128,both_correct
S000155,AMD_DRY,AMD_DRY,1,AMD_DRY,1,VIT_RANDOM32_PCA128,both_correct
S000163,AMD_DRY,AMD_DRY,1,AMD_DRY,1,VIT_RANDOM32_PCA128,both_correct
S000164,AMD_DRY,AMD_DRY,1,AMD_DRY,1,VIT_RANDOM32_PCA128,both_correct
S000168,AMD_WET,AMD_WET,1,AMD_WET,1,VIT_RANDOM32_PCA128,both_correct
S000169,AMD_WET,AMD_WET,1,AMD_WET,1,VIT_RANDOM32_PCA128,both_correct
S000176,AMD_WET,AMD_WET,1,AMD_WET,1,VIT_RANDOM32_PCA128,both_correct
S000191,AMD_WET,AMD_WET,1,AMD_WET,1,VIT_RANDOM32_PCA128,both_correct
S000194,AMD_WET,AMD_WET,1,AMD_WET,1,VIT_RANDOM32_PCA128,both_correct
S000195,AMD_WET,AMD_WET,1,AMD_WET,1,VIT_RANDOM32_PCA128,both_correct
S000202,AMD_WET,AMD_WET,1,AMD_WET,1,VIT_RANDOM32_PCA128,both_correct
S000211,AMD_WET,AMD_WET,1,AMD_WET,1,VIT_RANDOM32_PCA128,both_correct
S000215,AMD_WET,AMD_WET,1,AMD_WET,1,VIT_RANDOM32_PCA128,both_correct
S000217,AMD_WET,AMD_WET,1,AMD_WET,1,VIT_RANDOM32_PCA128,both_correct
S000229,AMD_WET,AMD_WET,1,AMD_WET,1,VIT_RANDOM32_PCA128,both_correct
S000232,AMD_WET,AMD_WET,1,AMD_WET,1,VIT_RANDOM32_PCA128,both_correct
S000235,AMD_WET,AMD_WET,1,AMD_WET,1,VIT_RANDOM32_PCA128,both_correct
S000236,AMD_WET,AMD_WET,1,AMD_WET,1,VIT_RANDOM32_PCA128,both_correct
S000254,NORMAL,NORMAL,1,NORMAL,1,VIT_RANDOM32_PCA128,both_correct
S000262,NORMAL,NORMAL,1,NORMAL,1,VIT_RANDOM32_PCA128,both_correct
S000271,NORMAL,NORMAL,1,NORMAL,1,VIT_RANDOM32_PCA128,both_correct
S000272,NORMAL,NORMAL,1,NORMAL,1,VIT_RANDOM32_PCA128,both_correct
S000279,NORMAL,NORMAL,1,NORMAL,1,VIT_RANDOM32_PCA128,both_correct
S000280,NORMAL,NORMAL,1,NORMAL,1,VIT_RANDOM32_PCA128,both_correct
S000281,NORMAL,NORMAL,1,NORMAL,1,VIT_RANDOM32_PCA128,both_correct
S000288,NORMAL,NORMAL,1,NORMAL,1,VIT_RANDOM32_PCA128,both_correct
S000289,NORMAL,NORMAL,1,NORMAL,1,VIT_RANDOM32_PCA128,both_correct
S000294,NORMAL,NORMAL,1,NORMAL,1,VIT_RANDOM32_PCA128,both_correct
S000303,NORMAL,NORMAL,1,NORMAL,1,VIT_RANDOM32_PCA128,both_correct
S000304,NORMAL,NORMAL,1,NORMAL,1,VIT_RANDOM32_PCA128,both_correct
S000305,NORMAL,NORMAL,1,NORMAL,1,VIT_RANDOM32_PCA128,both_correct
S000311,NORMAL,NORMAL,1,NORMAL,1,VIT_RANDOM32_PCA128,both_correct
S000312,NORMAL,NORMAL,1,NORMAL,1,VIT_RANDOM32_PCA128,both_correct
S000313,NORMAL,NORMAL,1,NORMAL,1,VIT_RANDOM32_PCA128,both_correct
S000315,NORMAL,NORMAL,1,NORMAL,1,VIT_RANDOM32_PCA128,both_correct
S000320,NORMAL,NORMAL,1,NORMAL,1,VIT_RANDOM32_PCA128,both_correct
S000332,NORMAL,NORMAL,1,NORMAL,1,VIT_RANDOM32_PCA128,both_correct
S000335,NORMAL,NORMAL,1,NORMAL,1,VIT_RANDOM32_PCA128,both_correct
S000341,NORMAL,NORMAL,1,NORMAL,1,VIT_RANDOM32_PCA128,both_correct
S000343,NORMAL,NORMAL,1,NORMAL,1,VIT_RANDOM32_PCA128,both_correct
S000346,NORMAL,NORMAL,1,NORMAL,1,VIT_RANDOM32_PCA128,both_correct
S000355,NORMAL,NORMAL,1,NORMAL,1,VIT_RANDOM32_PCA128,both_correct
S000358,NORMAL,NORMAL,1,NORMAL,1,VIT_RANDOM32_PCA128,both_correct
S000376,AMD_DRY,AMD_DRY,1,AMD_DRY,1,VIT_RANDOM32_PCA128,both_correct
S000384,AMD_DRY,AMD_DRY,1,AMD_DRY,1,VIT_RANDOM32_PCA128,both_correct
S000385,AMD_DRY,AMD_DRY,1,AMD_DRY,1,VIT_RANDOM32_PCA128,both_correct
S000386,AMD_DRY,AMD_DRY,1,AMD_DRY,1,VIT_RANDOM32_PCA128,both_correct
S000393,AMD_DRY,AMD_DRY,1,AMD_DRY,1,VIT_RANDOM32_PCA128,both_correct
S000400,AMD_DRY,AMD_DRY,1,AMD_DRY,1,VIT_RANDOM32_PCA128,both_correct
S000401,AMD_DRY,AMD_DRY,1,AMD_DRY,1,VIT_RANDOM32_PCA128,both_correct
S000403,AMD_DRY,AMD_DRY,1,AMD_DRY,1,VIT_RANDOM32_PCA128,both_correct
S000410,AMD_DRY,AMD_DRY,1,AMD_DRY,1,VIT_RANDOM32_PCA128,both_correct
S000419,AMD_DRY,AMD_DRY,1,AMD_DRY,1,VIT_RANDOM32_PCA128,both_correct
S000420,AMD_DRY,AMD_DRY,1,AMD_DRY,1,VIT_RANDOM32_PCA128,both_correct
S000425,AMD_DRY,NORMAL,0,NORMAL,0,VIT_RANDOM32_PCA128,both_incorrect
S000427,AMD_DRY,AMD_DRY,1,AMD_DRY,1,VIT_RANDOM32_PCA128,both_correct
S000430,AMD_DRY,AMD_DRY,1,AMD_DRY,1,VIT_RANDOM32_PCA128,both_correct
S000438,AMD_DRY,AMD_DRY,1,AMD_DRY,1,VIT_RANDOM32_PCA128,both_correct
S000443,AMD_DRY,AMD_DRY,1,AMD_DRY,1,VIT_RANDOM32_PCA128,both_correct
S000449,AMD_WET,AMD_DRY,0,AMD_DRY,0,VIT_RANDOM32_PCA128,both_incorrect
S000451,AMD_WET,AMD_WET,1,AMD_WET,1,VIT_RANDOM32_PCA128,both_correct
S000462,AMD_WET,AMD_WET,1,AMD_WET,1,VIT_RANDOM32_PCA128,both_correct
S000469,AMD_WET,AMD_DRY,0,AMD_WET,1,VIT_RANDOM32_PCA128,degraded_by_proposed
S000471,AMD_WET,AMD_WET,1,AMD_WET,1,VIT_RANDOM32_PCA128,both_correct
S000474,NORMAL,NORMAL,1,NORMAL,1,VIT_RANDOM32_PCA128,both_correct
S000475,NORMAL,NORMAL,1,NORMAL,1,VIT_RANDOM32_PCA128,both_correct
S000479,NORMAL,NORMAL,1,NORMAL,1,VIT_RANDOM32_PCA128,both_correct
S000483,NORMAL,NORMAL,1,NORMAL,1,VIT_RANDOM32_PCA128,both_correct
S000487,NORMAL,NORMAL,1,NORMAL,1,VIT_RANDOM32_PCA128,both_correct
S000489,NORMAL,NORMAL,1,NORMAL,1,VIT_RANDOM32_PCA128,both_correct
S000495,NORMAL,NORMAL,1,NORMAL,1,VIT_RANDOM32_PCA128,both_correct
S000496,NORMAL,NORMAL,1,NORMAL,1,VIT_RANDOM32_PCA128,both_correct
S000503,NORMAL,NORMAL,1,NORMAL,1,VIT_RANDOM32_PCA128,both_correct
S000513,NORMAL,NORMAL,1,NORMAL,1,VIT_RANDOM32_PCA128,both_correct
S000519,NORMAL,NORMAL,1,NORMAL,1,VIT_RANDOM32_PCA128,both_correct
S000525,NORMAL,NORMAL,1,NORMAL,1,VIT_RANDOM32_PCA128,both_correct
S000526,NORMAL,NORMAL,1,NORMAL,1,VIT_RANDOM32_PCA128,both_correct
S000536,AMD_DRY,AMD_DRY,1,AMD_DRY,1,VIT_RANDOM32_PCA128,both_correct
S000538,AMD_DRY,AMD_WET,0,AMD_WET,0,VIT_RANDOM32_PCA128,both_incorrect
S000547,AMD_WET,AMD_WET,1,AMD_WET,1,VIT_RANDOM32_PCA128,both_correct
S000554,AMD_WET,AMD_WET,1,AMD_WET,1,VIT_RANDOM32_PCA128,both_correct
S000556,AMD_WET,AMD_WET,1,AMD_WET,1,VIT_RANDOM32_PCA128,both_correct
S000567,AMD_WET,AMD_WET,1,AMD_WET,1,VIT_RANDOM32_PCA128,both_correct
S000570,AMD_WET,AMD_WET,1,AMD_WET,1,VIT_RANDOM32_PCA128,both_correct
S000574,AMD_WET,AMD_WET,1,AMD_WET,1,VIT_RANDOM32_PCA128,both_correct
S000577,AMD_WET,AMD_WET,1,AMD_WET,1,VIT_RANDOM32_PCA128,both_correct
S000581,AMD_WET,AMD_WET,1,AMD_WET,1,VIT_RANDOM32_PCA128,both_correct
S000585,AMD_WET,AMD_WET,1,AMD_WET,1,VIT_RANDOM32_PCA128,both_correct
S000588,AMD_WET,AMD_WET,1,AMD_WET,1,VIT_RANDOM32_PCA128,both_correct
S000002,AMD_DRY,AMD_DRY,1,AMD_DRY,1,VIT_GENERIC32_PCA128,both_correct
S000003,AMD_DRY,AMD_DRY,1,AMD_DRY,1,VIT_GENERIC32_PCA128,both_correct
S000010,AMD_DRY,AMD_DRY,1,AMD_DRY,1,VIT_GENERIC32_PCA128,both_correct
S000013,AMD_DRY,AMD_DRY,1,AMD_DRY,1,VIT_GENERIC32_PCA128,both_correct
S000019,AMD_DRY,AMD_DRY,1,AMD_DRY,1,VIT_GENERIC32_PCA128,both_correct
S000026,AMD_DRY,AMD_WET,0,AMD_WET,0,VIT_GENERIC32_PCA128,both_incorrect
S000032,AMD_DRY,AMD_DRY,1,AMD_DRY,1,VIT_GENERIC32_PCA128,both_correct
S000040,AMD_WET,AMD_WET,1,AMD_WET,1,VIT_GENERIC32_PCA128,both_correct
S000045,AMD_WET,AMD_WET,1,AMD_WET,1,VIT_GENERIC32_PCA128,both_correct
S000047,AMD_WET,AMD_WET,1,AMD_WET,1,VIT_GENERIC32_PCA128,both_correct
S000051,AMD_WET,AMD_WET,1,AMD_WET,1,VIT_GENERIC32_PCA128,both_correct
S000062,NORMAL,NORMAL,1,NORMAL,1,VIT_GENERIC32_PCA128,both_correct
S000064,NORMAL,NORMAL,1,NORMAL,1,VIT_GENERIC32_PCA128,both_correct
S000071,NORMAL,NORMAL,1,NORMAL,1,VIT_GENERIC32_PCA128,both_correct
S000072,NORMAL,NORMAL,1,NORMAL,1,VIT_GENERIC32_PCA128,both_correct
S000083,NORMAL,NORMAL,1,NORMAL,1,VIT_GENERIC32_PCA128,both_correct
S000085,NORMAL,NORMAL,1,NORMAL,1,VIT_GENERIC32_PCA128,both_correct
S000090,NORMAL,NORMAL,1,NORMAL,1,VIT_GENERIC32_PCA128,both_correct
S000093,NORMAL,NORMAL,1,NORMAL,1,VIT_GENERIC32_PCA128,both_correct
S000101,NORMAL,NORMAL,1,NORMAL,1,VIT_GENERIC32_PCA128,both_correct
S000105,NORMAL,NORMAL,1,NORMAL,1,VIT_GENERIC32_PCA128,both_correct
S000106,NORMAL,NORMAL,1,NORMAL,1,VIT_GENERIC32_PCA128,both_correct
S000107,NORMAL,NORMAL,1,NORMAL,1,VIT_GENERIC32_PCA128,both_correct
S000111,NORMAL,NORMAL,1,NORMAL,1,VIT_GENERIC32_PCA128,both_correct
S000114,NORMAL,NORMAL,1,NORMAL,1,VIT_GENERIC32_PCA128,both_correct
S000123,NORMAL,NORMAL,1,NORMAL,1,VIT_GENERIC32_PCA128,both_correct
S000124,NORMAL,NORMAL,1,NORMAL,1,VIT_GENERIC32_PCA128,both_correct
S000126,NORMAL,NORMAL,1,NORMAL,1,VIT_GENERIC32_PCA128,both_correct
S000136,NORMAL,NORMAL,1,NORMAL,1,VIT_GENERIC32_PCA128,both_correct
S000142,NORMAL,NORMAL,1,NORMAL,1,VIT_GENERIC32_PCA128,both_correct
S000143,NORMAL,NORMAL,1,NORMAL,1,VIT_GENERIC32_PCA128,both_correct
S000157,AMD_DRY,AMD_DRY,1,AMD_DRY,1,VIT_GENERIC32_PCA128,both_correct
S000165,AMD_DRY,AMD_DRY,1,AMD_DRY,1,VIT_GENERIC32_PCA128,both_correct
S000166,AMD_DRY,AMD_WET,0,AMD_WET,0,VIT_GENERIC32_PCA128,both_incorrect
S000171,AMD_WET,AMD_WET,1,AMD_WET,1,VIT_GENERIC32_PCA128,both_correct
S000175,AMD_WET,AMD_WET,1,AMD_WET,1,VIT_GENERIC32_PCA128,both_correct
S000181,AMD_WET,AMD_WET,1,AMD_WET,1,VIT_GENERIC32_PCA128,both_correct
S000196,AMD_WET,AMD_WET,1,AMD_WET,1,VIT_GENERIC32_PCA128,both_correct
S000197,AMD_WET,AMD_WET,1,AMD_WET,1,VIT_GENERIC32_PCA128,both_correct
S000198,AMD_WET,AMD_WET,1,AMD_WET,1,VIT_GENERIC32_PCA128,both_correct
S000199,AMD_WET,AMD_WET,1,AMD_WET,1,VIT_GENERIC32_PCA128,both_correct
S000209,AMD_WET,AMD_WET,1,AMD_WET,1,VIT_GENERIC32_PCA128,both_correct
S000214,AMD_WET,AMD_WET,1,AMD_WET,1,VIT_GENERIC32_PCA128,both_correct
S000221,AMD_WET,AMD_WET,1,AMD_WET,1,VIT_GENERIC32_PCA128,both_correct
S000223,AMD_WET,AMD_WET,1,AMD_WET,1,VIT_GENERIC32_PCA128,both_correct
S000228,AMD_WET,AMD_WET,1,AMD_WET,1,VIT_GENERIC32_PCA128,both_correct
S000231,AMD_WET,AMD_WET,1,AMD_WET,1,VIT_GENERIC32_PCA128,both_correct
S000240,NORMAL,NORMAL,1,NORMAL,1,VIT_GENERIC32_PCA128,both_correct
S000252,NORMAL,NORMAL,1,NORMAL,1,VIT_GENERIC32_PCA128,both_correct
S000255,NORMAL,NORMAL,1,NORMAL,1,VIT_GENERIC32_PCA128,both_correct
S000256,NORMAL,NORMAL,1,NORMAL,1,VIT_GENERIC32_PCA128,both_correct
S000258,NORMAL,NORMAL,1,NORMAL,1,VIT_GENERIC32_PCA128,both_correct
S000264,NORMAL,NORMAL,1,NORMAL,1,VIT_GENERIC32_PCA128,both_correct
S000265,NORMAL,NORMAL,1,NORMAL,1,VIT_GENERIC32_PCA128,both_correct
S000267,NORMAL,NORMAL,1,NORMAL,1,VIT_GENERIC32_PCA128,both_correct
S000268,NORMAL,NORMAL,1,NORMAL,1,VIT_GENERIC32_PCA128,both_correct
S000274,NORMAL,NORMAL,1,NORMAL,1,VIT_GENERIC32_PCA128,both_correct
S000275,NORMAL,NORMAL,1,NORMAL,1,VIT_GENERIC32_PCA128,both_correct
S000282,NORMAL,NORMAL,1,NORMAL,1,VIT_GENERIC32_PCA128,both_correct
S000291,NORMAL,NORMAL,1,NORMAL,1,VIT_GENERIC32_PCA128,both_correct
S000298,NORMAL,NORMAL,1,NORMAL,1,VIT_GENERIC32_PCA128,both_correct
S000307,NORMAL,NORMAL,1,NORMAL,1,VIT_GENERIC32_PCA128,both_correct
S000317,NORMAL,NORMAL,1,NORMAL,1,VIT_GENERIC32_PCA128,both_correct
S000318,NORMAL,NORMAL,1,NORMAL,1,VIT_GENERIC32_PCA128,both_correct
S000321,NORMAL,NORMAL,1,NORMAL,1,VIT_GENERIC32_PCA128,both_correct
S000326,NORMAL,NORMAL,1,NORMAL,1,VIT_GENERIC32_PCA128,both_correct
S000327,NORMAL,NORMAL,1,NORMAL,1,VIT_GENERIC32_PCA128,both_correct
S000329,NORMAL,NORMAL,1,NORMAL,1,VIT_GENERIC32_PCA128,both_correct
S000333,NORMAL,NORMAL,1,NORMAL,1,VIT_GENERIC32_PCA128,both_correct
S000349,NORMAL,NORMAL,1,NORMAL,1,VIT_GENERIC32_PCA128,both_correct
S000351,NORMAL,NORMAL,1,NORMAL,1,VIT_GENERIC32_PCA128,both_correct
S000356,NORMAL,NORMAL,1,NORMAL,1,VIT_GENERIC32_PCA128,both_correct
S000382,AMD_DRY,AMD_DRY,1,AMD_DRY,1,VIT_GENERIC32_PCA128,both_correct
S000387,AMD_DRY,AMD_DRY,1,AMD_DRY,1,VIT_GENERIC32_PCA128,both_correct
S000388,AMD_DRY,AMD_DRY,1,AMD_DRY,1,VIT_GENERIC32_PCA128,both_correct
S000397,AMD_DRY,AMD_DRY,1,AMD_DRY,1,VIT_GENERIC32_PCA128,both_correct
S000405,AMD_DRY,AMD_DRY,1,AMD_DRY,1,VIT_GENERIC32_PCA128,both_correct
S000408,AMD_DRY,AMD_DRY,1,AMD_DRY,1,VIT_GENERIC32_PCA128,both_correct
S000413,AMD_DRY,AMD_DRY,1,AMD_DRY,1,VIT_GENERIC32_PCA128,both_correct
S000414,AMD_DRY,AMD_DRY,1,AMD_DRY,1,VIT_GENERIC32_PCA128,both_correct
S000415,AMD_DRY,AMD_DRY,1,AMD_DRY,1,VIT_GENERIC32_PCA128,both_correct
S000421,AMD_DRY,AMD_DRY,1,AMD_DRY,1,VIT_GENERIC32_PCA128,both_correct
S000422,AMD_DRY,AMD_DRY,1,AMD_DRY,1,VIT_GENERIC32_PCA128,both_correct
S000429,AMD_DRY,AMD_DRY,1,AMD_DRY,1,VIT_GENERIC32_PCA128,both_correct
S000431,AMD_DRY,AMD_DRY,1,AMD_DRY,1,VIT_GENERIC32_PCA128,both_correct
S000432,AMD_DRY,AMD_DRY,1,AMD_DRY,1,VIT_GENERIC32_PCA128,both_correct
S000433,AMD_DRY,AMD_DRY,1,AMD_DRY,1,VIT_GENERIC32_PCA128,both_correct
S000436,AMD_DRY,AMD_DRY,1,AMD_DRY,1,VIT_GENERIC32_PCA128,both_correct
S000437,AMD_DRY,AMD_DRY,1,AMD_DRY,1,VIT_GENERIC32_PCA128,both_correct
S000446,AMD_WET,AMD_DRY,0,AMD_DRY,0,VIT_GENERIC32_PCA128,both_incorrect
S000450,AMD_WET,AMD_DRY,0,AMD_DRY,0,VIT_GENERIC32_PCA128,both_incorrect
S000452,AMD_WET,AMD_WET,1,AMD_WET,1,VIT_GENERIC32_PCA128,both_correct
S000454,AMD_WET,AMD_WET,1,AMD_WET,1,VIT_GENERIC32_PCA128,both_correct
S000467,AMD_WET,AMD_DRY,0,AMD_DRY,0,VIT_GENERIC32_PCA128,both_incorrect
S000477,NORMAL,NORMAL,1,NORMAL,1,VIT_GENERIC32_PCA128,both_correct
S000480,NORMAL,NORMAL,1,NORMAL,1,VIT_GENERIC32_PCA128,both_correct
S000484,NORMAL,NORMAL,1,NORMAL,1,VIT_GENERIC32_PCA128,both_correct
S000485,NORMAL,NORMAL,1,NORMAL,1,VIT_GENERIC32_PCA128,both_correct
S000491,NORMAL,NORMAL,1,NORMAL,1,VIT_GENERIC32_PCA128,both_correct
S000493,NORMAL,NORMAL,1,NORMAL,1,VIT_GENERIC32_PCA128,both_correct
S000504,NORMAL,NORMAL,1,NORMAL,1,VIT_GENERIC32_PCA128,both_correct
S000506,NORMAL,NORMAL,1,NORMAL,1,VIT_GENERIC32_PCA128,both_correct
S000507,NORMAL,NORMAL,1,NORMAL,1,VIT_GENERIC32_PCA128,both_correct
S000515,NORMAL,NORMAL,1,NORMAL,1,VIT_GENERIC32_PCA128,both_correct
S000522,NORMAL,NORMAL,1,NORMAL,1,VIT_GENERIC32_PCA128,both_correct
S000527,NORMAL,NORMAL,1,NORMAL,1,VIT_GENERIC32_PCA128,both_correct
S000529,NORMAL,NORMAL,1,NORMAL,1,VIT_GENERIC32_PCA128,both_correct
S000542,AMD_DRY,AMD_WET,0,AMD_WET,0,VIT_GENERIC32_PCA128,both_incorrect
S000545,AMD_WET,AMD_WET,1,AMD_WET,1,VIT_GENERIC32_PCA128,both_correct
S000552,AMD_WET,AMD_WET,1,AMD_WET,1,VIT_GENERIC32_PCA128,both_correct
S000553,AMD_WET,AMD_WET,1,AMD_WET,1,VIT_GENERIC32_PCA128,both_correct
S000565,AMD_WET,AMD_WET,1,AMD_WET,1,VIT_GENERIC32_PCA128,both_correct
S000576,AMD_WET,AMD_WET,1,AMD_WET,1,VIT_GENERIC32_PCA128,both_correct
S000578,AMD_WET,AMD_WET,1,AMD_WET,1,VIT_GENERIC32_PCA128,both_correct
S000580,AMD_WET,AMD_WET,1,AMD_WET,1,VIT_GENERIC32_PCA128,both_correct
S000583,AMD_WET,AMD_WET,1,AMD_WET,1,VIT_GENERIC32_PCA128,both_correct
S000584,AMD_WET,AMD_WET,1,AMD_WET,1,VIT_GENERIC32_PCA128,both_correct
S000589,AMD_WET,AMD_WET,1,AMD_WET,1,VIT_GENERIC32_PCA128,both_correct
S000591,AMD_WET,AMD_WET,1,AMD_WET,1,VIT_GENERIC32_PCA128,both_correct
S000005,AMD_DRY,NORMAL,0,NORMAL,0,VIT_GENERIC32_PCA128,both_incorrect
S000006,AMD_DRY,AMD_DRY,1,AMD_DRY,1,VIT_GENERIC32_PCA128,both_correct
S000009,AMD_DRY,AMD_DRY,1,AMD_DRY,1,VIT_GENERIC32_PCA128,both_correct
S000011,AMD_DRY,AMD_DRY,1,AMD_DRY,1,VIT_GENERIC32_PCA128,both_correct
S000025,AMD_DRY,AMD_DRY,1,AMD_DRY,1,VIT_GENERIC32_PCA128,both_correct
S000027,AMD_DRY,AMD_DRY,1,AMD_DRY,1,VIT_GENERIC32_PCA128,both_correct
S000033,AMD_DRY,AMD_DRY,1,AMD_DRY,1,VIT_GENERIC32_PCA128,both_correct
S000037,AMD_WET,AMD_WET,1,AMD_WET,1,VIT_GENERIC32_PCA128,both_correct
S000039,AMD_WET,AMD_WET,1,AMD_WET,1,VIT_GENERIC32_PCA128,both_correct
S000044,AMD_WET,AMD_DRY,0,AMD_DRY,0,VIT_GENERIC32_PCA128,both_incorrect
S000049,AMD_WET,AMD_DRY,0,AMD_DRY,0,VIT_GENERIC32_PCA128,both_incorrect
S000054,NORMAL,NORMAL,1,NORMAL,1,VIT_GENERIC32_PCA128,both_correct
S000059,NORMAL,NORMAL,1,NORMAL,1,VIT_GENERIC32_PCA128,both_correct
S000060,NORMAL,NORMAL,1,NORMAL,1,VIT_GENERIC32_PCA128,both_correct
S000063,NORMAL,NORMAL,1,NORMAL,1,VIT_GENERIC32_PCA128,both_correct
S000068,NORMAL,NORMAL,1,NORMAL,1,VIT_GENERIC32_PCA128,both_correct
S000069,NORMAL,NORMAL,1,NORMAL,1,VIT_GENERIC32_PCA128,both_correct
S000091,NORMAL,NORMAL,1,NORMAL,1,VIT_GENERIC32_PCA128,both_correct
S000092,NORMAL,NORMAL,1,NORMAL,1,VIT_GENERIC32_PCA128,both_correct
S000098,NORMAL,NORMAL,1,NORMAL,1,VIT_GENERIC32_PCA128,both_correct
S000099,NORMAL,NORMAL,1,NORMAL,1,VIT_GENERIC32_PCA128,both_correct
S000102,NORMAL,NORMAL,1,NORMAL,1,VIT_GENERIC32_PCA128,both_correct
S000112,NORMAL,NORMAL,1,NORMAL,1,VIT_GENERIC32_PCA128,both_correct
S000113,NORMAL,NORMAL,1,NORMAL,1,VIT_GENERIC32_PCA128,both_correct
S000121,NORMAL,NORMAL,1,NORMAL,1,VIT_GENERIC32_PCA128,both_correct
S000134,NORMAL,NORMAL,1,NORMAL,1,VIT_GENERIC32_PCA128,both_correct
S000137,NORMAL,NORMAL,1,NORMAL,1,VIT_GENERIC32_PCA128,both_correct
S000138,NORMAL,NORMAL,1,NORMAL,1,VIT_GENERIC32_PCA128,both_correct
S000147,NORMAL,NORMAL,1,NORMAL,1,VIT_GENERIC32_PCA128,both_correct
S000150,NORMAL,NORMAL,1,NORMAL,1,VIT_GENERIC32_PCA128,both_correct
S000153,AMD_DRY,AMD_DRY,1,AMD_WET,0,VIT_GENERIC32_PCA128,corrected_by_proposed
S000154,AMD_DRY,AMD_DRY,1,AMD_DRY,1,VIT_GENERIC32_PCA128,both_correct
S000160,AMD_DRY,AMD_WET,0,AMD_WET,0,VIT_GENERIC32_PCA128,both_incorrect
S000167,AMD_WET,AMD_WET,1,AMD_WET,1,VIT_GENERIC32_PCA128,both_correct
S000178,AMD_WET,AMD_WET,1,AMD_WET,1,VIT_GENERIC32_PCA128,both_correct
S000180,AMD_WET,AMD_WET,1,AMD_WET,1,VIT_GENERIC32_PCA128,both_correct
S000183,AMD_WET,AMD_WET,1,AMD_WET,1,VIT_GENERIC32_PCA128,both_correct
S000184,AMD_WET,AMD_WET,1,AMD_WET,1,VIT_GENERIC32_PCA128,both_correct
S000186,AMD_WET,AMD_WET,1,AMD_WET,1,VIT_GENERIC32_PCA128,both_correct
S000188,AMD_WET,AMD_WET,1,AMD_WET,1,VIT_GENERIC32_PCA128,both_correct
S000205,AMD_WET,AMD_WET,1,AMD_WET,1,VIT_GENERIC32_PCA128,both_correct
S000210,AMD_WET,AMD_WET,1,AMD_WET,1,VIT_GENERIC32_PCA128,both_correct
S000222,AMD_WET,AMD_WET,1,AMD_WET,1,VIT_GENERIC32_PCA128,both_correct
S000226,AMD_WET,AMD_WET,1,AMD_WET,1,VIT_GENERIC32_PCA128,both_correct
S000230,AMD_WET,AMD_WET,1,AMD_WET,1,VIT_GENERIC32_PCA128,both_correct
S000233,AMD_WET,AMD_WET,1,AMD_WET,1,VIT_GENERIC32_PCA128,both_correct
S000238,AMD_WET,AMD_WET,1,AMD_WET,1,VIT_GENERIC32_PCA128,both_correct
S000241,NORMAL,NORMAL,1,NORMAL,1,VIT_GENERIC32_PCA128,both_correct
S000244,NORMAL,NORMAL,1,NORMAL,1,VIT_GENERIC32_PCA128,both_correct
S000250,NORMAL,NORMAL,1,NORMAL,1,VIT_GENERIC32_PCA128,both_correct
S000259,NORMAL,NORMAL,1,NORMAL,1,VIT_GENERIC32_PCA128,both_correct
S000260,NORMAL,NORMAL,1,NORMAL,1,VIT_GENERIC32_PCA128,both_correct
S000261,NORMAL,NORMAL,1,NORMAL,1,VIT_GENERIC32_PCA128,both_correct
S000266,NORMAL,NORMAL,1,NORMAL,1,VIT_GENERIC32_PCA128,both_correct
S000276,NORMAL,NORMAL,1,NORMAL,1,VIT_GENERIC32_PCA128,both_correct
S000284,NORMAL,NORMAL,1,NORMAL,1,VIT_GENERIC32_PCA128,both_correct
S000287,NORMAL,NORMAL,1,NORMAL,1,VIT_GENERIC32_PCA128,both_correct
S000290,NORMAL,NORMAL,1,NORMAL,1,VIT_GENERIC32_PCA128,both_correct
S000293,NORMAL,NORMAL,1,NORMAL,1,VIT_GENERIC32_PCA128,both_correct
S000295,NORMAL,NORMAL,1,NORMAL,1,VIT_GENERIC32_PCA128,both_correct
S000297,NORMAL,NORMAL,1,NORMAL,1,VIT_GENERIC32_PCA128,both_correct
S000300,NORMAL,NORMAL,1,NORMAL,1,VIT_GENERIC32_PCA128,both_correct
S000310,NORMAL,NORMAL,1,NORMAL,1,VIT_GENERIC32_PCA128,both_correct
S000322,NORMAL,NORMAL,1,NORMAL,1,VIT_GENERIC32_PCA128,both_correct
S000340,NORMAL,NORMAL,1,NORMAL,1,VIT_GENERIC32_PCA128,both_correct
S000344,NORMAL,NORMAL,1,NORMAL,1,VIT_GENERIC32_PCA128,both_correct
S000345,NORMAL,NORMAL,1,NORMAL,1,VIT_GENERIC32_PCA128,both_correct
S000347,NORMAL,NORMAL,1,NORMAL,1,VIT_GENERIC32_PCA128,both_correct
S000350,NORMAL,NORMAL,1,NORMAL,1,VIT_GENERIC32_PCA128,both_correct
S000352,NORMAL,NORMAL,1,NORMAL,1,VIT_GENERIC32_PCA128,both_correct
S000359,NORMAL,NORMAL,1,NORMAL,1,VIT_GENERIC32_PCA128,both_correct
S000361,NORMAL,NORMAL,1,NORMAL,1,VIT_GENERIC32_PCA128,both_correct
S000366,AMD_DRY,AMD_DRY,1,AMD_DRY,1,VIT_GENERIC32_PCA128,both_correct
S000368,AMD_DRY,AMD_DRY,1,AMD_DRY,1,VIT_GENERIC32_PCA128,both_correct
S000369,AMD_DRY,AMD_DRY,1,AMD_DRY,1,VIT_GENERIC32_PCA128,both_correct
S000370,AMD_DRY,AMD_DRY,1,AMD_DRY,1,VIT_GENERIC32_PCA128,both_correct
S000374,AMD_DRY,AMD_DRY,1,AMD_DRY,1,VIT_GENERIC32_PCA128,both_correct
S000377,AMD_DRY,AMD_DRY,1,AMD_DRY,1,VIT_GENERIC32_PCA128,both_correct
S000378,AMD_DRY,AMD_DRY,1,AMD_DRY,1,VIT_GENERIC32_PCA128,both_correct
S000379,AMD_DRY,AMD_DRY,1,AMD_DRY,1,VIT_GENERIC32_PCA128,both_correct
S000380,AMD_DRY,AMD_DRY,1,AMD_DRY,1,VIT_GENERIC32_PCA128,both_correct
S000383,AMD_DRY,AMD_DRY,1,AMD_DRY,1,VIT_GENERIC32_PCA128,both_correct
S000390,AMD_DRY,AMD_DRY,1,AMD_DRY,1,VIT_GENERIC32_PCA128,both_correct
S000402,AMD_DRY,AMD_DRY,1,AMD_DRY,1,VIT_GENERIC32_PCA128,both_correct
S000416,AMD_DRY,AMD_DRY,1,AMD_DRY,1,VIT_GENERIC32_PCA128,both_correct
S000439,AMD_DRY,AMD_DRY,1,AMD_DRY,1,VIT_GENERIC32_PCA128,both_correct
S000441,AMD_DRY,AMD_DRY,1,AMD_DRY,1,VIT_GENERIC32_PCA128,both_correct
S000444,AMD_DRY,NORMAL,0,NORMAL,0,VIT_GENERIC32_PCA128,both_incorrect
S000447,AMD_WET,AMD_WET,1,AMD_WET,1,VIT_GENERIC32_PCA128,both_correct
S000455,AMD_WET,AMD_WET,1,AMD_WET,1,VIT_GENERIC32_PCA128,both_correct
S000459,AMD_WET,AMD_WET,1,AMD_WET,1,VIT_GENERIC32_PCA128,both_correct
S000460,AMD_WET,AMD_DRY,0,AMD_DRY,0,VIT_GENERIC32_PCA128,both_incorrect
S000465,AMD_WET,AMD_WET,1,AMD_WET,1,VIT_GENERIC32_PCA128,both_correct
S000472,AMD_WET,AMD_DRY,0,AMD_DRY,0,VIT_GENERIC32_PCA128,both_incorrect
S000478,NORMAL,NORMAL,1,NORMAL,1,VIT_GENERIC32_PCA128,both_correct
S000481,NORMAL,NORMAL,1,NORMAL,1,VIT_GENERIC32_PCA128,both_correct
S000490,NORMAL,NORMAL,1,NORMAL,1,VIT_GENERIC32_PCA128,both_correct
S000494,NORMAL,NORMAL,1,NORMAL,1,VIT_GENERIC32_PCA128,both_correct
S000498,NORMAL,NORMAL,1,NORMAL,1,VIT_GENERIC32_PCA128,both_correct
S000502,NORMAL,NORMAL,1,NORMAL,1,VIT_GENERIC32_PCA128,both_correct
S000508,NORMAL,NORMAL,1,NORMAL,1,VIT_GENERIC32_PCA128,both_correct
S000509,NORMAL,NORMAL,1,NORMAL,1,VIT_GENERIC32_PCA128,both_correct
S000510,NORMAL,NORMAL,1,NORMAL,1,VIT_GENERIC32_PCA128,both_correct
S000516,NORMAL,NORMAL,1,NORMAL,1,VIT_GENERIC32_PCA128,both_correct
S000517,NORMAL,NORMAL,1,NORMAL,1,VIT_GENERIC32_PCA128,both_correct
S000518,NORMAL,NORMAL,1,NORMAL,1,VIT_GENERIC32_PCA128,both_correct
S000523,NORMAL,NORMAL,1,NORMAL,1,VIT_GENERIC32_PCA128,both_correct
S000537,AMD_DRY,AMD_DRY,1,AMD_DRY,1,VIT_GENERIC32_PCA128,both_correct
S000555,AMD_WET,AMD_WET,1,AMD_WET,1,VIT_GENERIC32_PCA128,both_correct
S000557,AMD_WET,AMD_WET,1,AMD_WET,1,VIT_GENERIC32_PCA128,both_correct
S000559,AMD_WET,AMD_WET,1,AMD_WET,1,VIT_GENERIC32_PCA128,both_correct
S000568,AMD_WET,AMD_WET,1,AMD_WET,1,VIT_GENERIC32_PCA128,both_correct
S000571,AMD_WET,AMD_WET,1,AMD_WET,1,VIT_GENERIC32_PCA128,both_correct
S000572,AMD_WET,AMD_WET,1,AMD_WET,1,VIT_GENERIC32_PCA128,both_correct
S000573,AMD_WET,AMD_WET,1,AMD_WET,1,VIT_GENERIC32_PCA128,both_correct
S000586,AMD_WET,AMD_WET,1,AMD_WET,1,VIT_GENERIC32_PCA128,both_correct
S000587,AMD_WET,AMD_WET,1,AMD_WET,1,VIT_GENERIC32_PCA128,both_correct
S000594,AMD_WET,AMD_WET,1,AMD_WET,1,VIT_GENERIC32_PCA128,both_correct
S000595,AMD_WET,AMD_WET,1,AMD_WET,1,VIT_GENERIC32_PCA128,both_correct
S000012,AMD_DRY,AMD_DRY,1,AMD_DRY,1,VIT_GENERIC32_PCA128,both_correct
S000014,AMD_DRY,NORMAL,0,NORMAL,0,VIT_GENERIC32_PCA128,both_incorrect
S000016,AMD_DRY,AMD_DRY,1,AMD_DRY,1,VIT_GENERIC32_PCA128,both_correct
S000020,AMD_DRY,AMD_DRY,1,AMD_DRY,1,VIT_GENERIC32_PCA128,both_correct
S000028,AMD_DRY,NORMAL,0,AMD_DRY,1,VIT_GENERIC32_PCA128,degraded_by_proposed
S000031,AMD_DRY,NORMAL,0,NORMAL,0,VIT_GENERIC32_PCA128,both_incorrect
S000034,AMD_DRY,AMD_DRY,1,AMD_DRY,1,VIT_GENERIC32_PCA128,both_correct
S000036,AMD_WET,AMD_DRY,0,AMD_DRY,0,VIT_GENERIC32_PCA128,both_incorrect
S000038,AMD_WET,AMD_WET,1,AMD_WET,1,VIT_GENERIC32_PCA128,both_correct
S000050,AMD_WET,AMD_WET,1,AMD_DRY,0,VIT_GENERIC32_PCA128,corrected_by_proposed
S000058,NORMAL,NORMAL,1,NORMAL,1,VIT_GENERIC32_PCA128,both_correct
S000061,NORMAL,NORMAL,1,NORMAL,1,VIT_GENERIC32_PCA128,both_correct
S000070,NORMAL,NORMAL,1,NORMAL,1,VIT_GENERIC32_PCA128,both_correct
S000073,NORMAL,NORMAL,1,NORMAL,1,VIT_GENERIC32_PCA128,both_correct
S000075,NORMAL,NORMAL,1,NORMAL,1,VIT_GENERIC32_PCA128,both_correct
S000076,NORMAL,NORMAL,1,NORMAL,1,VIT_GENERIC32_PCA128,both_correct
S000080,NORMAL,NORMAL,1,NORMAL,1,VIT_GENERIC32_PCA128,both_correct
S000082,NORMAL,NORMAL,1,NORMAL,1,VIT_GENERIC32_PCA128,both_correct
S000086,NORMAL,NORMAL,1,NORMAL,1,VIT_GENERIC32_PCA128,both_correct
S000087,NORMAL,NORMAL,1,NORMAL,1,VIT_GENERIC32_PCA128,both_correct
S000104,NORMAL,NORMAL,1,NORMAL,1,VIT_GENERIC32_PCA128,both_correct
S000115,NORMAL,NORMAL,1,NORMAL,1,VIT_GENERIC32_PCA128,both_correct
S000116,NORMAL,AMD_DRY,0,AMD_DRY,0,VIT_GENERIC32_PCA128,both_incorrect
S000127,NORMAL,NORMAL,1,NORMAL,1,VIT_GENERIC32_PCA128,both_correct
S000129,NORMAL,NORMAL,1,NORMAL,1,VIT_GENERIC32_PCA128,both_correct
S000132,NORMAL,NORMAL,1,NORMAL,1,VIT_GENERIC32_PCA128,both_correct
S000139,NORMAL,NORMAL,1,NORMAL,1,VIT_GENERIC32_PCA128,both_correct
S000140,NORMAL,NORMAL,1,NORMAL,1,VIT_GENERIC32_PCA128,both_correct
S000144,NORMAL,NORMAL,1,NORMAL,1,VIT_GENERIC32_PCA128,both_correct
S000148,NORMAL,NORMAL,1,NORMAL,1,VIT_GENERIC32_PCA128,both_correct
S000152,AMD_DRY,AMD_WET,0,AMD_WET,0,VIT_GENERIC32_PCA128,both_incorrect
S000156,AMD_DRY,AMD_WET,0,AMD_WET,0,VIT_GENERIC32_PCA128,both_incorrect
S000161,AMD_DRY,AMD_WET,0,AMD_WET,0,VIT_GENERIC32_PCA128,both_incorrect
S000170,AMD_WET,AMD_WET,1,AMD_WET,1,VIT_GENERIC32_PCA128,both_correct
S000172,AMD_WET,AMD_WET,1,AMD_WET,1,VIT_GENERIC32_PCA128,both_correct
S000173,AMD_WET,AMD_WET,1,AMD_WET,1,VIT_GENERIC32_PCA128,both_correct
S000174,AMD_WET,AMD_WET,1,AMD_WET,1,VIT_GENERIC32_PCA128,both_correct
S000190,AMD_WET,AMD_WET,1,AMD_WET,1,VIT_GENERIC32_PCA128,both_correct
S000193,AMD_WET,AMD_WET,1,AMD_WET,1,VIT_GENERIC32_PCA128,both_correct
S000200,AMD_WET,AMD_WET,1,AMD_WET,1,VIT_GENERIC32_PCA128,both_correct
S000201,AMD_WET,AMD_WET,1,AMD_WET,1,VIT_GENERIC32_PCA128,both_correct
S000204,AMD_WET,AMD_WET,1,AMD_WET,1,VIT_GENERIC32_PCA128,both_correct
S000207,AMD_WET,AMD_WET,1,AMD_WET,1,VIT_GENERIC32_PCA128,both_correct
S000208,AMD_WET,AMD_WET,1,AMD_WET,1,VIT_GENERIC32_PCA128,both_correct
S000213,AMD_WET,AMD_WET,1,AMD_WET,1,VIT_GENERIC32_PCA128,both_correct
S000216,AMD_WET,AMD_WET,1,AMD_WET,1,VIT_GENERIC32_PCA128,both_correct
S000220,AMD_WET,AMD_WET,1,AMD_WET,1,VIT_GENERIC32_PCA128,both_correct
S000239,NORMAL,NORMAL,1,NORMAL,1,VIT_GENERIC32_PCA128,both_correct
S000251,NORMAL,NORMAL,1,NORMAL,1,VIT_GENERIC32_PCA128,both_correct
S000257,NORMAL,NORMAL,1,NORMAL,1,VIT_GENERIC32_PCA128,both_correct
S000263,NORMAL,NORMAL,1,NORMAL,1,VIT_GENERIC32_PCA128,both_correct
S000270,NORMAL,NORMAL,1,NORMAL,1,VIT_GENERIC32_PCA128,both_correct
S000273,NORMAL,NORMAL,1,NORMAL,1,VIT_GENERIC32_PCA128,both_correct
S000277,NORMAL,NORMAL,1,NORMAL,1,VIT_GENERIC32_PCA128,both_correct
S000278,NORMAL,NORMAL,1,NORMAL,1,VIT_GENERIC32_PCA128,both_correct
S000296,NORMAL,NORMAL,1,NORMAL,1,VIT_GENERIC32_PCA128,both_correct
S000301,NORMAL,NORMAL,1,NORMAL,1,VIT_GENERIC32_PCA128,both_correct
S000306,NORMAL,NORMAL,1,NORMAL,1,VIT_GENERIC32_PCA128,both_correct
S000308,NORMAL,NORMAL,1,NORMAL,1,VIT_GENERIC32_PCA128,both_correct
S000319,NORMAL,NORMAL,1,NORMAL,1,VIT_GENERIC32_PCA128,both_correct
S000324,NORMAL,NORMAL,1,NORMAL,1,VIT_GENERIC32_PCA128,both_correct
S000325,NORMAL,NORMAL,1,NORMAL,1,VIT_GENERIC32_PCA128,both_correct
S000328,NORMAL,NORMAL,1,NORMAL,1,VIT_GENERIC32_PCA128,both_correct
S000331,NORMAL,NORMAL,1,NORMAL,1,VIT_GENERIC32_PCA128,both_correct
S000334,NORMAL,NORMAL,1,NORMAL,1,VIT_GENERIC32_PCA128,both_correct
S000338,NORMAL,NORMAL,1,NORMAL,1,VIT_GENERIC32_PCA128,both_correct
S000339,NORMAL,NORMAL,1,NORMAL,1,VIT_GENERIC32_PCA128,both_correct
S000342,NORMAL,NORMAL,1,NORMAL,1,VIT_GENERIC32_PCA128,both_correct
S000348,NORMAL,NORMAL,1,NORMAL,1,VIT_GENERIC32_PCA128,both_correct
S000354,NORMAL,NORMAL,1,NORMAL,1,VIT_GENERIC32_PCA128,both_correct
S000357,NORMAL,NORMAL,1,NORMAL,1,VIT_GENERIC32_PCA128,both_correct
S000362,NORMAL,NORMAL,1,NORMAL,1,VIT_GENERIC32_PCA128,both_correct
S000367,AMD_DRY,AMD_WET,0,AMD_WET,0,VIT_GENERIC32_PCA128,both_incorrect
S000373,AMD_DRY,AMD_DRY,1,AMD_DRY,1,VIT_GENERIC32_PCA128,both_correct
S000375,AMD_DRY,AMD_DRY,1,AMD_DRY,1,VIT_GENERIC32_PCA128,both_correct
S000381,AMD_DRY,AMD_DRY,1,AMD_DRY,1,VIT_GENERIC32_PCA128,both_correct
S000389,AMD_DRY,AMD_DRY,1,AMD_DRY,1,VIT_GENERIC32_PCA128,both_correct
S000394,AMD_DRY,AMD_DRY,1,AMD_DRY,1,VIT_GENERIC32_PCA128,both_correct
S000399,AMD_DRY,AMD_DRY,1,AMD_DRY,1,VIT_GENERIC32_PCA128,both_correct
S000411,AMD_DRY,AMD_DRY,1,AMD_DRY,1,VIT_GENERIC32_PCA128,both_correct
S000412,AMD_DRY,AMD_DRY,1,AMD_DRY,1,VIT_GENERIC32_PCA128,both_correct
S000417,AMD_DRY,AMD_DRY,1,AMD_DRY,1,VIT_GENERIC32_PCA128,both_correct
S000418,AMD_DRY,AMD_WET,0,AMD_WET,0,VIT_GENERIC32_PCA128,both_incorrect
S000423,AMD_DRY,AMD_DRY,1,AMD_DRY,1,VIT_GENERIC32_PCA128,both_correct
S000426,AMD_DRY,AMD_DRY,1,AMD_DRY,1,VIT_GENERIC32_PCA128,both_correct
S000435,AMD_DRY,AMD_DRY,1,AMD_DRY,1,VIT_GENERIC32_PCA128,both_correct
S000440,AMD_DRY,NORMAL,0,NORMAL,0,VIT_GENERIC32_PCA128,both_incorrect
S000442,AMD_DRY,AMD_DRY,1,AMD_DRY,1,VIT_GENERIC32_PCA128,both_correct
S000448,AMD_WET,AMD_WET,1,AMD_WET,1,VIT_GENERIC32_PCA128,both_correct
S000453,AMD_WET,AMD_WET,1,AMD_WET,1,VIT_GENERIC32_PCA128,both_correct
S000457,AMD_WET,AMD_WET,1,AMD_WET,1,VIT_GENERIC32_PCA128,both_correct
S000458,AMD_WET,AMD_DRY,0,AMD_DRY,0,VIT_GENERIC32_PCA128,both_incorrect
S000461,AMD_WET,AMD_WET,1,AMD_WET,1,VIT_GENERIC32_PCA128,both_correct
S000464,AMD_WET,AMD_WET,1,AMD_WET,1,VIT_GENERIC32_PCA128,both_correct
S000473,NORMAL,NORMAL,1,NORMAL,1,VIT_GENERIC32_PCA128,both_correct
S000482,NORMAL,NORMAL,1,NORMAL,1,VIT_GENERIC32_PCA128,both_correct
S000497,NORMAL,NORMAL,1,NORMAL,1,VIT_GENERIC32_PCA128,both_correct
S000499,NORMAL,NORMAL,1,NORMAL,1,VIT_GENERIC32_PCA128,both_correct
S000500,NORMAL,NORMAL,1,NORMAL,1,VIT_GENERIC32_PCA128,both_correct
S000505,NORMAL,NORMAL,1,NORMAL,1,VIT_GENERIC32_PCA128,both_correct
S000512,NORMAL,NORMAL,1,NORMAL,1,VIT_GENERIC32_PCA128,both_correct
S000514,NORMAL,NORMAL,1,NORMAL,1,VIT_GENERIC32_PCA128,both_correct
S000521,NORMAL,NORMAL,1,NORMAL,1,VIT_GENERIC32_PCA128,both_correct
S000524,NORMAL,NORMAL,1,NORMAL,1,VIT_GENERIC32_PCA128,both_correct
S000530,NORMAL,NORMAL,1,NORMAL,1,VIT_GENERIC32_PCA128,both_correct
S000534,NORMAL,NORMAL,1,NORMAL,1,VIT_GENERIC32_PCA128,both_correct
S000540,AMD_DRY,AMD_WET,0,AMD_WET,0,VIT_GENERIC32_PCA128,both_incorrect
S000541,AMD_DRY,AMD_DRY,1,AMD_DRY,1,VIT_GENERIC32_PCA128,both_correct
S000544,AMD_WET,AMD_WET,1,AMD_WET,1,VIT_GENERIC32_PCA128,both_correct
S000546,AMD_WET,AMD_WET,1,AMD_WET,1,VIT_GENERIC32_PCA128,both_correct
S000549,AMD_WET,AMD_WET,1,AMD_WET,1,VIT_GENERIC32_PCA128,both_correct
S000560,AMD_WET,AMD_WET,1,AMD_WET,1,VIT_GENERIC32_PCA128,both_correct
S000561,AMD_WET,AMD_WET,1,AMD_WET,1,VIT_GENERIC32_PCA128,both_correct
S000562,AMD_WET,AMD_WET,1,AMD_WET,1,VIT_GENERIC32_PCA128,both_correct
S000563,AMD_WET,AMD_WET,1,AMD_WET,1,VIT_GENERIC32_PCA128,both_correct
S000564,AMD_WET,AMD_DRY,0,AMD_DRY,0,VIT_GENERIC32_PCA128,both_incorrect
S000569,AMD_WET,AMD_WET,1,AMD_WET,1,VIT_GENERIC32_PCA128,both_correct
S000593,AMD_WET,AMD_WET,1,AMD_WET,1,VIT_GENERIC32_PCA128,both_correct
S000596,AMD_WET,AMD_WET,1,AMD_WET,1,VIT_GENERIC32_PCA128,both_correct
S000001,AMD_DRY,AMD_DRY,1,AMD_DRY,1,VIT_GENERIC32_PCA128,both_correct
S000015,AMD_DRY,AMD_DRY,1,AMD_DRY,1,VIT_GENERIC32_PCA128,both_correct
S000018,AMD_DRY,AMD_DRY,1,AMD_DRY,1,VIT_GENERIC32_PCA128,both_correct
S000021,AMD_DRY,AMD_DRY,1,AMD_DRY,1,VIT_GENERIC32_PCA128,both_correct
S000023,AMD_DRY,AMD_DRY,1,AMD_DRY,1,VIT_GENERIC32_PCA128,both_correct
S000024,AMD_DRY,AMD_DRY,1,AMD_DRY,1,VIT_GENERIC32_PCA128,both_correct
S000030,AMD_DRY,NORMAL,0,NORMAL,0,VIT_GENERIC32_PCA128,both_incorrect
S000041,AMD_WET,AMD_WET,1,AMD_WET,1,VIT_GENERIC32_PCA128,both_correct
S000042,AMD_WET,AMD_WET,1,AMD_WET,1,VIT_GENERIC32_PCA128,both_correct
S000043,AMD_WET,AMD_WET,1,AMD_WET,1,VIT_GENERIC32_PCA128,both_correct
S000053,NORMAL,NORMAL,1,NORMAL,1,VIT_GENERIC32_PCA128,both_correct
S000057,NORMAL,NORMAL,1,NORMAL,1,VIT_GENERIC32_PCA128,both_correct
S000065,NORMAL,NORMAL,1,NORMAL,1,VIT_GENERIC32_PCA128,both_correct
S000066,NORMAL,NORMAL,1,NORMAL,1,VIT_GENERIC32_PCA128,both_correct
S000067,NORMAL,NORMAL,1,NORMAL,1,VIT_GENERIC32_PCA128,both_correct
S000074,NORMAL,NORMAL,1,NORMAL,1,VIT_GENERIC32_PCA128,both_correct
S000077,NORMAL,NORMAL,1,NORMAL,1,VIT_GENERIC32_PCA128,both_correct
S000081,NORMAL,NORMAL,1,NORMAL,1,VIT_GENERIC32_PCA128,both_correct
S000084,NORMAL,NORMAL,1,NORMAL,1,VIT_GENERIC32_PCA128,both_correct
S000089,NORMAL,NORMAL,1,NORMAL,1,VIT_GENERIC32_PCA128,both_correct
S000094,NORMAL,NORMAL,1,NORMAL,1,VIT_GENERIC32_PCA128,both_correct
S000100,NORMAL,NORMAL,1,NORMAL,1,VIT_GENERIC32_PCA128,both_correct
S000108,NORMAL,NORMAL,1,NORMAL,1,VIT_GENERIC32_PCA128,both_correct
S000110,NORMAL,NORMAL,1,NORMAL,1,VIT_GENERIC32_PCA128,both_correct
S000120,NORMAL,NORMAL,1,NORMAL,1,VIT_GENERIC32_PCA128,both_correct
S000122,NORMAL,NORMAL,1,NORMAL,1,VIT_GENERIC32_PCA128,both_correct
S000131,NORMAL,NORMAL,1,NORMAL,1,VIT_GENERIC32_PCA128,both_correct
S000135,NORMAL,NORMAL,1,NORMAL,1,VIT_GENERIC32_PCA128,both_correct
S000146,NORMAL,NORMAL,1,NORMAL,1,VIT_GENERIC32_PCA128,both_correct
S000149,NORMAL,NORMAL,1,NORMAL,1,VIT_GENERIC32_PCA128,both_correct
S000158,AMD_DRY,AMD_DRY,1,AMD_DRY,1,VIT_GENERIC32_PCA128,both_correct
S000159,AMD_DRY,AMD_WET,0,AMD_WET,0,VIT_GENERIC32_PCA128,both_incorrect
S000162,AMD_DRY,AMD_DRY,1,AMD_DRY,1,VIT_GENERIC32_PCA128,both_correct
S000177,AMD_WET,AMD_WET,1,AMD_WET,1,VIT_GENERIC32_PCA128,both_correct
S000179,AMD_WET,AMD_WET,1,AMD_WET,1,VIT_GENERIC32_PCA128,both_correct
S000182,AMD_WET,AMD_WET,1,AMD_WET,1,VIT_GENERIC32_PCA128,both_correct
S000185,AMD_WET,AMD_WET,1,AMD_WET,1,VIT_GENERIC32_PCA128,both_correct
S000187,AMD_WET,AMD_WET,1,AMD_WET,1,VIT_GENERIC32_PCA128,both_correct
S000189,AMD_WET,AMD_WET,1,AMD_WET,1,VIT_GENERIC32_PCA128,both_correct
S000192,AMD_WET,NORMAL,0,NORMAL,0,VIT_GENERIC32_PCA128,both_incorrect
S000203,AMD_WET,AMD_WET,1,AMD_WET,1,VIT_GENERIC32_PCA128,both_correct
S000212,AMD_WET,AMD_WET,1,AMD_WET,1,VIT_GENERIC32_PCA128,both_correct
S000218,AMD_WET,AMD_WET,1,AMD_WET,1,VIT_GENERIC32_PCA128,both_correct
S000224,AMD_WET,AMD_WET,1,AMD_WET,1,VIT_GENERIC32_PCA128,both_correct
S000225,AMD_WET,AMD_WET,1,AMD_WET,1,VIT_GENERIC32_PCA128,both_correct
S000227,AMD_WET,AMD_WET,1,AMD_WET,1,VIT_GENERIC32_PCA128,both_correct
S000234,AMD_WET,AMD_WET,1,AMD_WET,1,VIT_GENERIC32_PCA128,both_correct
S000242,NORMAL,NORMAL,1,NORMAL,1,VIT_GENERIC32_PCA128,both_correct
S000243,NORMAL,NORMAL,1,NORMAL,1,VIT_GENERIC32_PCA128,both_correct
S000245,NORMAL,NORMAL,1,NORMAL,1,VIT_GENERIC32_PCA128,both_correct
S000246,NORMAL,NORMAL,1,NORMAL,1,VIT_GENERIC32_PCA128,both_correct
S000247,NORMAL,NORMAL,1,NORMAL,1,VIT_GENERIC32_PCA128,both_correct
S000248,NORMAL,NORMAL,1,NORMAL,1,VIT_GENERIC32_PCA128,both_correct
S000249,NORMAL,NORMAL,1,NORMAL,1,VIT_GENERIC32_PCA128,both_correct
S000253,NORMAL,NORMAL,1,NORMAL,1,VIT_GENERIC32_PCA128,both_correct
S000269,NORMAL,NORMAL,1,NORMAL,1,VIT_GENERIC32_PCA128,both_correct
S000283,NORMAL,NORMAL,1,NORMAL,1,VIT_GENERIC32_PCA128,both_correct
S000285,NORMAL,NORMAL,1,NORMAL,1,VIT_GENERIC32_PCA128,both_correct
S000286,NORMAL,NORMAL,1,NORMAL,1,VIT_GENERIC32_PCA128,both_correct
S000292,NORMAL,NORMAL,1,NORMAL,1,VIT_GENERIC32_PCA128,both_correct
S000299,NORMAL,AMD_DRY,0,AMD_DRY,0,VIT_GENERIC32_PCA128,both_incorrect
S000302,NORMAL,NORMAL,1,NORMAL,1,VIT_GENERIC32_PCA128,both_correct
S000309,NORMAL,NORMAL,1,NORMAL,1,VIT_GENERIC32_PCA128,both_correct
S000314,NORMAL,NORMAL,1,NORMAL,1,VIT_GENERIC32_PCA128,both_correct
S000316,NORMAL,NORMAL,1,NORMAL,1,VIT_GENERIC32_PCA128,both_correct
S000323,NORMAL,NORMAL,1,NORMAL,1,VIT_GENERIC32_PCA128,both_correct
S000330,NORMAL,NORMAL,1,NORMAL,1,VIT_GENERIC32_PCA128,both_correct
S000336,NORMAL,NORMAL,1,NORMAL,1,VIT_GENERIC32_PCA128,both_correct
S000337,NORMAL,NORMAL,1,NORMAL,1,VIT_GENERIC32_PCA128,both_correct
S000353,NORMAL,NORMAL,1,NORMAL,1,VIT_GENERIC32_PCA128,both_correct
S000360,NORMAL,NORMAL,1,NORMAL,1,VIT_GENERIC32_PCA128,both_correct
S000363,NORMAL,NORMAL,1,NORMAL,1,VIT_GENERIC32_PCA128,both_correct
S000364,AMD_DRY,AMD_DRY,1,AMD_DRY,1,VIT_GENERIC32_PCA128,both_correct
S000365,AMD_DRY,AMD_DRY,1,AMD_DRY,1,VIT_GENERIC32_PCA128,both_correct
S000371,AMD_DRY,AMD_DRY,1,AMD_DRY,1,VIT_GENERIC32_PCA128,both_correct
S000372,AMD_DRY,AMD_DRY,1,AMD_DRY,1,VIT_GENERIC32_PCA128,both_correct
S000391,AMD_DRY,AMD_DRY,1,AMD_DRY,1,VIT_GENERIC32_PCA128,both_correct
S000392,AMD_DRY,AMD_DRY,1,AMD_DRY,1,VIT_GENERIC32_PCA128,both_correct
S000395,AMD_DRY,AMD_DRY,1,AMD_DRY,1,VIT_GENERIC32_PCA128,both_correct
S000396,AMD_DRY,AMD_DRY,1,AMD_DRY,1,VIT_GENERIC32_PCA128,both_correct
S000398,AMD_DRY,AMD_DRY,1,AMD_DRY,1,VIT_GENERIC32_PCA128,both_correct
S000404,AMD_DRY,AMD_DRY,1,AMD_DRY,1,VIT_GENERIC32_PCA128,both_correct
S000406,AMD_DRY,AMD_DRY,1,AMD_DRY,1,VIT_GENERIC32_PCA128,both_correct
S000407,AMD_DRY,AMD_WET,0,AMD_WET,0,VIT_GENERIC32_PCA128,both_incorrect
S000409,AMD_DRY,AMD_DRY,1,AMD_DRY,1,VIT_GENERIC32_PCA128,both_correct
S000424,AMD_DRY,NORMAL,0,NORMAL,0,VIT_GENERIC32_PCA128,both_incorrect
S000428,AMD_DRY,AMD_DRY,1,NORMAL,0,VIT_GENERIC32_PCA128,corrected_by_proposed
S000434,AMD_DRY,AMD_DRY,1,AMD_DRY,1,VIT_GENERIC32_PCA128,both_correct
S000445,AMD_WET,AMD_DRY,0,AMD_DRY,0,VIT_GENERIC32_PCA128,both_incorrect
S000456,AMD_WET,AMD_WET,1,AMD_WET,1,VIT_GENERIC32_PCA128,both_correct
S000463,AMD_WET,AMD_WET,1,AMD_WET,1,VIT_GENERIC32_PCA128,both_correct
S000466,AMD_WET,AMD_WET,1,AMD_WET,1,VIT_GENERIC32_PCA128,both_correct
S000468,AMD_WET,AMD_WET,1,AMD_WET,1,VIT_GENERIC32_PCA128,both_correct
S000470,AMD_WET,AMD_WET,1,AMD_WET,1,VIT_GENERIC32_PCA128,both_correct
S000476,NORMAL,NORMAL,1,NORMAL,1,VIT_GENERIC32_PCA128,both_correct
S000486,NORMAL,NORMAL,1,NORMAL,1,VIT_GENERIC32_PCA128,both_correct
S000488,NORMAL,NORMAL,1,NORMAL,1,VIT_GENERIC32_PCA128,both_correct
S000492,NORMAL,NORMAL,1,NORMAL,1,VIT_GENERIC32_PCA128,both_correct
S000501,NORMAL,NORMAL,1,NORMAL,1,VIT_GENERIC32_PCA128,both_correct
S000511,NORMAL,NORMAL,1,NORMAL,1,VIT_GENERIC32_PCA128,both_correct
S000520,NORMAL,NORMAL,1,NORMAL,1,VIT_GENERIC32_PCA128,both_correct
S000528,NORMAL,NORMAL,1,NORMAL,1,VIT_GENERIC32_PCA128,both_correct
S000531,NORMAL,NORMAL,1,NORMAL,1,VIT_GENERIC32_PCA128,both_correct
S000532,NORMAL,NORMAL,1,NORMAL,1,VIT_GENERIC32_PCA128,both_correct
S000533,NORMAL,NORMAL,1,NORMAL,1,VIT_GENERIC32_PCA128,both_correct
S000535,NORMAL,NORMAL,1,NORMAL,1,VIT_GENERIC32_PCA128,both_correct
S000539,AMD_DRY,AMD_WET,0,AMD_WET,0,VIT_GENERIC32_PCA128,both_incorrect
S000543,AMD_DRY,AMD_DRY,1,AMD_DRY,1,VIT_GENERIC32_PCA128,both_correct
S000548,AMD_WET,AMD_WET,1,AMD_WET,1,VIT_GENERIC32_PCA128,both_correct
S000550,AMD_WET,AMD_WET,1,AMD_WET,1,VIT_GENERIC32_PCA128,both_correct
S000551,AMD_WET,AMD_WET,1,AMD_WET,1,VIT_GENERIC32_PCA128,both_correct
S000558,AMD_WET,AMD_WET,1,AMD_WET,1,VIT_GENERIC32_PCA128,both_correct
S000566,AMD_WET,AMD_WET,1,AMD_WET,1,VIT_GENERIC32_PCA128,both_correct
S000575,AMD_WET,AMD_WET,1,AMD_WET,1,VIT_GENERIC32_PCA128,both_correct
S000579,AMD_WET,AMD_WET,1,AMD_WET,1,VIT_GENERIC32_PCA128,both_correct
S000582,AMD_WET,AMD_WET,1,AMD_WET,1,VIT_GENERIC32_PCA128,both_correct
S000590,AMD_WET,AMD_WET,1,AMD_WET,1,VIT_GENERIC32_PCA128,both_correct
S000592,AMD_WET,AMD_WET,1,AMD_WET,1,VIT_GENERIC32_PCA128,both_correct
S000597,AMD_WET,AMD_WET,1,AMD_WET,1,VIT_GENERIC32_PCA128,both_correct
S000004,AMD_DRY,AMD_DRY,1,AMD_DRY,1,VIT_GENERIC32_PCA128,both_correct
S000007,AMD_DRY,AMD_DRY,1,AMD_DRY,1,VIT_GENERIC32_PCA128,both_correct
S000008,AMD_DRY,AMD_DRY,1,AMD_DRY,1,VIT_GENERIC32_PCA128,both_correct
S000017,AMD_DRY,AMD_DRY,1,AMD_DRY,1,VIT_GENERIC32_PCA128,both_correct
S000022,AMD_DRY,AMD_DRY,1,AMD_DRY,1,VIT_GENERIC32_PCA128,both_correct
S000029,AMD_DRY,AMD_DRY,1,AMD_DRY,1,VIT_GENERIC32_PCA128,both_correct
S000035,AMD_DRY,AMD_DRY,1,AMD_DRY,1,VIT_GENERIC32_PCA128,both_correct
S000046,AMD_WET,AMD_WET,1,AMD_WET,1,VIT_GENERIC32_PCA128,both_correct
S000048,AMD_WET,AMD_WET,1,AMD_WET,1,VIT_GENERIC32_PCA128,both_correct
S000052,AMD_WET,AMD_DRY,0,AMD_DRY,0,VIT_GENERIC32_PCA128,both_incorrect
S000055,NORMAL,NORMAL,1,NORMAL,1,VIT_GENERIC32_PCA128,both_correct
S000056,NORMAL,NORMAL,1,NORMAL,1,VIT_GENERIC32_PCA128,both_correct
S000078,NORMAL,NORMAL,1,NORMAL,1,VIT_GENERIC32_PCA128,both_correct
S000079,NORMAL,NORMAL,1,NORMAL,1,VIT_GENERIC32_PCA128,both_correct
S000088,NORMAL,NORMAL,1,NORMAL,1,VIT_GENERIC32_PCA128,both_correct
S000095,NORMAL,NORMAL,1,NORMAL,1,VIT_GENERIC32_PCA128,both_correct
S000096,NORMAL,NORMAL,1,NORMAL,1,VIT_GENERIC32_PCA128,both_correct
S000097,NORMAL,NORMAL,1,NORMAL,1,VIT_GENERIC32_PCA128,both_correct
S000103,NORMAL,NORMAL,1,NORMAL,1,VIT_GENERIC32_PCA128,both_correct
S000109,NORMAL,NORMAL,1,NORMAL,1,VIT_GENERIC32_PCA128,both_correct
S000117,NORMAL,NORMAL,1,NORMAL,1,VIT_GENERIC32_PCA128,both_correct
S000118,NORMAL,NORMAL,1,NORMAL,1,VIT_GENERIC32_PCA128,both_correct
S000119,NORMAL,NORMAL,1,NORMAL,1,VIT_GENERIC32_PCA128,both_correct
S000125,NORMAL,NORMAL,1,NORMAL,1,VIT_GENERIC32_PCA128,both_correct
S000128,NORMAL,NORMAL,1,NORMAL,1,VIT_GENERIC32_PCA128,both_correct
S000130,NORMAL,NORMAL,1,NORMAL,1,VIT_GENERIC32_PCA128,both_correct
S000133,NORMAL,NORMAL,1,NORMAL,1,VIT_GENERIC32_PCA128,both_correct
S000141,NORMAL,NORMAL,1,NORMAL,1,VIT_GENERIC32_PCA128,both_correct
S000145,NORMAL,NORMAL,1,NORMAL,1,VIT_GENERIC32_PCA128,both_correct
S000151,NORMAL,NORMAL,1,NORMAL,1,VIT_GENERIC32_PCA128,both_correct
S000155,AMD_DRY,AMD_DRY,1,AMD_DRY,1,VIT_GENERIC32_PCA128,both_correct
S000163,AMD_DRY,AMD_DRY,1,AMD_DRY,1,VIT_GENERIC32_PCA128,both_correct
S000164,AMD_DRY,AMD_DRY,1,AMD_DRY,1,VIT_GENERIC32_PCA128,both_correct
S000168,AMD_WET,AMD_WET,1,AMD_WET,1,VIT_GENERIC32_PCA128,both_correct
S000169,AMD_WET,AMD_WET,1,AMD_WET,1,VIT_GENERIC32_PCA128,both_correct
S000176,AMD_WET,AMD_WET,1,AMD_WET,1,VIT_GENERIC32_PCA128,both_correct
S000191,AMD_WET,AMD_WET,1,AMD_WET,1,VIT_GENERIC32_PCA128,both_correct
S000194,AMD_WET,AMD_WET,1,AMD_WET,1,VIT_GENERIC32_PCA128,both_correct
S000195,AMD_WET,AMD_WET,1,AMD_WET,1,VIT_GENERIC32_PCA128,both_correct
S000202,AMD_WET,AMD_WET,1,AMD_WET,1,VIT_GENERIC32_PCA128,both_correct
S000211,AMD_WET,AMD_WET,1,AMD_WET,1,VIT_GENERIC32_PCA128,both_correct
S000215,AMD_WET,AMD_WET,1,AMD_WET,1,VIT_GENERIC32_PCA128,both_correct
S000217,AMD_WET,AMD_WET,1,AMD_WET,1,VIT_GENERIC32_PCA128,both_correct
S000229,AMD_WET,AMD_WET,1,AMD_WET,1,VIT_GENERIC32_PCA128,both_correct
S000232,AMD_WET,AMD_WET,1,AMD_WET,1,VIT_GENERIC32_PCA128,both_correct
S000235,AMD_WET,AMD_WET,1,AMD_WET,1,VIT_GENERIC32_PCA128,both_correct
S000236,AMD_WET,AMD_WET,1,AMD_WET,1,VIT_GENERIC32_PCA128,both_correct
S000254,NORMAL,NORMAL,1,NORMAL,1,VIT_GENERIC32_PCA128,both_correct
S000262,NORMAL,NORMAL,1,NORMAL,1,VIT_GENERIC32_PCA128,both_correct
S000271,NORMAL,NORMAL,1,NORMAL,1,VIT_GENERIC32_PCA128,both_correct
S000272,NORMAL,NORMAL,1,NORMAL,1,VIT_GENERIC32_PCA128,both_correct
S000279,NORMAL,NORMAL,1,NORMAL,1,VIT_GENERIC32_PCA128,both_correct
S000280,NORMAL,NORMAL,1,NORMAL,1,VIT_GENERIC32_PCA128,both_correct
S000281,NORMAL,NORMAL,1,NORMAL,1,VIT_GENERIC32_PCA128,both_correct
S000288,NORMAL,NORMAL,1,NORMAL,1,VIT_GENERIC32_PCA128,both_correct
S000289,NORMAL,NORMAL,1,NORMAL,1,VIT_GENERIC32_PCA128,both_correct
S000294,NORMAL,NORMAL,1,NORMAL,1,VIT_GENERIC32_PCA128,both_correct
S000303,NORMAL,NORMAL,1,NORMAL,1,VIT_GENERIC32_PCA128,both_correct
S000304,NORMAL,NORMAL,1,NORMAL,1,VIT_GENERIC32_PCA128,both_correct
S000305,NORMAL,NORMAL,1,NORMAL,1,VIT_GENERIC32_PCA128,both_correct
S000311,NORMAL,NORMAL,1,NORMAL,1,VIT_GENERIC32_PCA128,both_correct
S000312,NORMAL,NORMAL,1,NORMAL,1,VIT_GENERIC32_PCA128,both_correct
S000313,NORMAL,NORMAL,1,NORMAL,1,VIT_GENERIC32_PCA128,both_correct
S000315,NORMAL,NORMAL,1,NORMAL,1,VIT_GENERIC32_PCA128,both_correct
S000320,NORMAL,NORMAL,1,NORMAL,1,VIT_GENERIC32_PCA128,both_correct
S000332,NORMAL,NORMAL,1,NORMAL,1,VIT_GENERIC32_PCA128,both_correct
S000335,NORMAL,NORMAL,1,NORMAL,1,VIT_GENERIC32_PCA128,both_correct
S000341,NORMAL,NORMAL,1,NORMAL,1,VIT_GENERIC32_PCA128,both_correct
S000343,NORMAL,NORMAL,1,NORMAL,1,VIT_GENERIC32_PCA128,both_correct
S000346,NORMAL,NORMAL,1,NORMAL,1,VIT_GENERIC32_PCA128,both_correct
S000355,NORMAL,NORMAL,1,NORMAL,1,VIT_GENERIC32_PCA128,both_correct
S000358,NORMAL,NORMAL,1,NORMAL,1,VIT_GENERIC32_PCA128,both_correct
S000376,AMD_DRY,AMD_DRY,1,AMD_DRY,1,VIT_GENERIC32_PCA128,both_correct
S000384,AMD_DRY,AMD_DRY,1,AMD_DRY,1,VIT_GENERIC32_PCA128,both_correct
S000385,AMD_DRY,AMD_DRY,1,AMD_DRY,1,VIT_GENERIC32_PCA128,both_correct
S000386,AMD_DRY,AMD_DRY,1,AMD_DRY,1,VIT_GENERIC32_PCA128,both_correct
S000393,AMD_DRY,AMD_DRY,1,AMD_DRY,1,VIT_GENERIC32_PCA128,both_correct
S000400,AMD_DRY,AMD_DRY,1,AMD_DRY,1,VIT_GENERIC32_PCA128,both_correct
S000401,AMD_DRY,AMD_DRY,1,AMD_DRY,1,VIT_GENERIC32_PCA128,both_correct
S000403,AMD_DRY,AMD_DRY,1,AMD_DRY,1,VIT_GENERIC32_PCA128,both_correct
S000410,AMD_DRY,AMD_DRY,1,AMD_DRY,1,VIT_GENERIC32_PCA128,both_correct
S000419,AMD_DRY,AMD_DRY,1,AMD_DRY,1,VIT_GENERIC32_PCA128,both_correct
S000420,AMD_DRY,AMD_DRY,1,AMD_DRY,1,VIT_GENERIC32_PCA128,both_correct
S000425,AMD_DRY,NORMAL,0,NORMAL,0,VIT_GENERIC32_PCA128,both_incorrect
S000427,AMD_DRY,AMD_DRY,1,AMD_DRY,1,VIT_GENERIC32_PCA128,both_correct
S000430,AMD_DRY,AMD_DRY,1,AMD_DRY,1,VIT_GENERIC32_PCA128,both_correct
S000438,AMD_DRY,AMD_DRY,1,AMD_DRY,1,VIT_GENERIC32_PCA128,both_correct
S000443,AMD_DRY,AMD_DRY,1,AMD_DRY,1,VIT_GENERIC32_PCA128,both_correct
S000449,AMD_WET,AMD_DRY,0,AMD_DRY,0,VIT_GENERIC32_PCA128,both_incorrect
S000451,AMD_WET,AMD_WET,1,AMD_WET,1,VIT_GENERIC32_PCA128,both_correct
S000462,AMD_WET,AMD_WET,1,AMD_WET,1,VIT_GENERIC32_PCA128,both_correct
S000469,AMD_WET,AMD_DRY,0,AMD_WET,1,VIT_GENERIC32_PCA128,degraded_by_proposed
S000471,AMD_WET,AMD_WET,1,AMD_WET,1,VIT_GENERIC32_PCA128,both_correct
S000474,NORMAL,NORMAL,1,NORMAL,1,VIT_GENERIC32_PCA128,both_correct
S000475,NORMAL,NORMAL,1,NORMAL,1,VIT_GENERIC32_PCA128,both_correct
S000479,NORMAL,NORMAL,1,NORMAL,1,VIT_GENERIC32_PCA128,both_correct
S000483,NORMAL,NORMAL,1,NORMAL,1,VIT_GENERIC32_PCA128,both_correct
S000487,NORMAL,NORMAL,1,NORMAL,1,VIT_GENERIC32_PCA128,both_correct
S000489,NORMAL,NORMAL,1,NORMAL,1,VIT_GENERIC32_PCA128,both_correct
S000495,NORMAL,NORMAL,1,NORMAL,1,VIT_GENERIC32_PCA128,both_correct
S000496,NORMAL,NORMAL,1,NORMAL,1,VIT_GENERIC32_PCA128,both_correct
S000503,NORMAL,NORMAL,1,NORMAL,1,VIT_GENERIC32_PCA128,both_correct
S000513,NORMAL,NORMAL,1,NORMAL,1,VIT_GENERIC32_PCA128,both_correct
S000519,NORMAL,NORMAL,1,NORMAL,1,VIT_GENERIC32_PCA128,both_correct
S000525,NORMAL,NORMAL,1,NORMAL,1,VIT_GENERIC32_PCA128,both_correct
S000526,NORMAL,NORMAL,1,NORMAL,1,VIT_GENERIC32_PCA128,both_correct
S000536,AMD_DRY,AMD_DRY,1,AMD_DRY,1,VIT_GENERIC32_PCA128,both_correct
S000538,AMD_DRY,AMD_WET,0,AMD_WET,0,VIT_GENERIC32_PCA128,both_incorrect
S000547,AMD_WET,AMD_WET,1,AMD_WET,1,VIT_GENERIC32_PCA128,both_correct
S000554,AMD_WET,AMD_WET,1,AMD_WET,1,VIT_GENERIC32_PCA128,both_correct
S000556,AMD_WET,AMD_WET,1,AMD_WET,1,VIT_GENERIC32_PCA128,both_correct
S000567,AMD_WET,AMD_WET,1,AMD_WET,1,VIT_GENERIC32_PCA128,both_correct
S000570,AMD_WET,AMD_WET,1,AMD_WET,1,VIT_GENERIC32_PCA128,both_correct
S000574,AMD_WET,AMD_WET,1,AMD_WET,1,VIT_GENERIC32_PCA128,both_correct
S000577,AMD_WET,AMD_WET,1,AMD_WET,1,VIT_GENERIC32_PCA128,both_correct
S000581,AMD_WET,AMD_WET,1,AMD_WET,1,VIT_GENERIC32_PCA128,both_correct
S000585,AMD_WET,AMD_WET,1,AMD_WET,1,VIT_GENERIC32_PCA128,both_correct
S000588,AMD_WET,AMD_WET,1,AMD_WET,1,VIT_GENERIC32_PCA128,both_correct
