seed,outer_fold,principal_component,explained_variance_ratio,family,squared_loading_share_within_pc
42,1,1,0.11420086771249771,COLOR9,0.01740388013422489
42,1,2,0.0649193525314331,COLOR9,0.013029474765062332
42,1,3,0.058278750628232956,COLOR9,0.008597846142947674
42,1,4,0.054884620010852814,COLOR9,0.012004532851278782
42,1,5,0.04033226519823074,COLOR9,0.008934020064771175
42,1,6,0.03147967532277107,COLOR9,0.022762175649404526
42,1,7,0.031199295073747635,COLOR9,0.0013926263200119138
42,1,8,0.026429245248436928,COLOR9,0.01642327383160591
42,1,9,0.02191419154405594,COLOR9,0.0018790224567055702
42,1,10,0.020334240049123764,COLOR9,0.006095458287745714
42,1,11,0.018831366673111916,COLOR9,0.0057907067239284515
42,1,12,0.017989063635468483,COLOR9,0.0026215026155114174
42,1,13,0.015315189026296139,COLOR9,0.010578695684671402
42,1,14,0.015183058567345142,COLOR9,0.006638619117438793
42,1,15,0.013866362161934376,COLOR9,0.019910139963030815
42,1,16,0.013012122362852097,COLOR9,0.0016046316595748067
42,1,17,0.011704668402671814,COLOR9,0.00978546030819416
42,1,18,0.011427310295403004,COLOR9,0.0027591129764914513
42,1,19,0.010963275097310543,COLOR9,0.039778098464012146
42,1,20,0.010756510309875011,COLOR9,0.003642433090135455
42,1,21,0.01015327125787735,COLOR9,0.0064580924808979034
42,1,22,0.00912528857588768,COLOR9,0.02966676838696003
42,1,23,0.008750124834477901,COLOR9,0.004965472966432571
42,1,24,0.008494246751070023,COLOR9,0.0055652400478720665
42,1,25,0.008208842016756535,COLOR9,0.009430143050849438
42,1,26,0.007796325255185366,COLOR9,0.008656010031700134
42,1,27,0.007411330472677946,COLOR9,0.007394799496978521
42,1,28,0.007102147210389376,COLOR9,0.01113115157932043
42,1,29,0.0069096083752810955,COLOR9,0.006244417279958725
42,1,30,0.006604203023016453,COLOR9,0.008561516180634499
42,1,31,0.006122158374637365,COLOR9,0.013350920751690865
42,1,32,0.006072457879781723,COLOR9,0.008387652225792408
42,1,33,0.0059383325278759,COLOR9,0.008000916801393032
42,1,34,0.005760170519351959,COLOR9,0.03273366391658783
42,1,35,0.005504440050572157,COLOR9,0.016811532899737358
42,1,36,0.005432967562228441,COLOR9,0.017492206767201424
42,1,37,0.005303652491420507,COLOR9,0.0045828805305063725
42,1,38,0.005070797633379698,COLOR9,0.007048395462334156
42,1,39,0.0048368582502007484,COLOR9,0.004222535993903875
42,1,40,0.004780742805451155,COLOR9,0.009567701257765293
42,1,41,0.00457379687577486,COLOR9,0.013886887580156326
42,1,42,0.004496804438531399,COLOR9,0.013282513245940208
42,1,43,0.0043832240626215935,COLOR9,0.005153285339474678
42,1,44,0.004338347353041172,COLOR9,0.007465524133294821
42,1,45,0.004195993300527334,COLOR9,0.002706157509237528
42,1,46,0.004030349664390087,COLOR9,0.005876063369214535
42,1,47,0.003942498937249184,COLOR9,0.013025563210248947
42,1,48,0.003879950847476721,COLOR9,0.01547955721616745
42,1,49,0.003770138369873166,COLOR9,0.007189256139099598
42,1,50,0.003668631426990032,COLOR9,0.01434774324297905
42,1,51,0.0035547656007111073,COLOR9,0.006918031722307205
42,1,52,0.0034509659744799137,COLOR9,0.005962779279798269
42,1,53,0.003432357916608453,COLOR9,0.007846411317586899
42,1,54,0.003405500901862979,COLOR9,0.010632796213030815
42,1,55,0.003309833351522684,COLOR9,0.01060001365840435
42,1,56,0.0032180631533265114,COLOR9,0.01373440120369196
42,1,57,0.003149410244077444,COLOR9,0.006818917114287615
42,1,58,0.003105785930529237,COLOR9,0.01077816542237997
42,1,59,0.0030085782054811716,COLOR9,0.020404405891895294
42,1,60,0.00294262426905334,COLOR9,0.016220783814787865
42,1,61,0.0029336886946111917,COLOR9,0.011619008146226406
42,1,62,0.0028416744899004698,COLOR9,0.009867261163890362
42,1,63,0.0028194235637784004,COLOR9,0.0035241972655057907
42,1,64,0.0027790467720478773,COLOR9,0.011018531396985054
42,1,65,0.002663522958755493,COLOR9,0.012395869940519333
42,1,66,0.002609479473903775,COLOR9,0.011537092737853527
42,1,67,0.0025766317266970873,COLOR9,0.012688240967690945
42,1,68,0.002499125897884369,COLOR9,0.004249755293130875
42,1,69,0.0024546775966882706,COLOR9,0.015042513608932495
42,1,70,0.002378833247348666,COLOR9,0.005099679809063673
42,1,71,0.0023412120062857866,COLOR9,0.011732494458556175
42,1,72,0.0023117561358958483,COLOR9,0.004213232547044754
42,1,73,0.0022783430758863688,COLOR9,0.005408179946243763
42,1,74,0.0021888515911996365,COLOR9,0.022436894476413727
42,1,75,0.002143962075933814,COLOR9,0.005826522130519152
42,1,76,0.0021342195104807615,COLOR9,0.0071531254798173904
42,1,77,0.0020781748462468386,COLOR9,0.013884062878787518
42,1,78,0.002050488255918026,COLOR9,0.01896844618022442
42,1,79,0.002036626683548093,COLOR9,0.010649244301021099
42,1,80,0.00194860203191638,COLOR9,0.025901425629854202
42,1,81,0.0019170052837580442,COLOR9,0.004573887214064598
42,1,82,0.001894996385090053,COLOR9,0.0117514468729496
42,1,83,0.0018880103016272187,COLOR9,0.013719283044338226
42,1,84,0.0018556599970906973,COLOR9,0.00864512100815773
42,1,85,0.0018294708570465446,COLOR9,0.008131250739097595
42,1,86,0.0017926181899383664,COLOR9,0.005211353302001953
42,1,87,0.001781446160748601,COLOR9,0.006616530939936638
42,1,88,0.0017525472212582827,COLOR9,0.009777472354471684
42,1,89,0.0017418349161744118,COLOR9,0.016279729083180428
42,1,90,0.0016837732400745153,COLOR9,0.0028007961809635162
42,1,91,0.0016753205563873053,COLOR9,0.006578462664037943
42,1,92,0.0016632894985377789,COLOR9,0.004472317639738321
42,1,93,0.0016179285012185574,COLOR9,0.017414024099707603
42,1,94,0.0015718333888798952,COLOR9,0.004362629726529121
42,1,95,0.001547813299112022,COLOR9,0.019923685118556023
42,1,96,0.00153851427603513,COLOR9,0.005514222662895918
42,1,97,0.0015142253832891583,COLOR9,0.017428332939743996
42,1,98,0.0015016148099675775,COLOR9,0.0059575471095740795
42,1,99,0.001448090304620564,COLOR9,0.004381862469017506
42,1,100,0.0014345163945108652,COLOR9,0.020806187763810158
42,1,101,0.0014049806632101536,COLOR9,0.0018285943660885096
42,1,102,0.0013919012853875756,COLOR9,0.018167732283473015
42,1,103,0.0013649247121065855,COLOR9,0.013585470616817474
42,1,104,0.0013559774961322546,COLOR9,0.006635796744376421
42,1,105,0.001325023709796369,COLOR9,0.010474126785993576
42,1,106,0.0013052126159891486,COLOR9,0.007318504620343447
42,1,107,0.0012798219686374068,COLOR9,0.016473401337862015
42,1,108,0.0012750440509989858,COLOR9,0.013435780070722103
42,1,109,0.0012374197831377387,COLOR9,0.023345183581113815
42,1,110,0.0012277723290026188,COLOR9,0.03164993226528168
42,1,111,0.0012033544480800629,COLOR9,0.003878822084516287
42,1,112,0.0011875118361786008,COLOR9,0.002338478807359934
42,1,113,0.0011617543641477823,COLOR9,0.012230712920427322
42,1,114,0.0011243944754824042,COLOR9,0.008445165120065212
42,1,115,0.0011146506294608116,COLOR9,0.024871578440070152
42,1,116,0.0010927853872999549,COLOR9,0.02340702712535858
42,1,117,0.0010849410900846124,COLOR9,0.011798745021224022
42,1,118,0.001062573748640716,COLOR9,0.010783791542053223
42,1,119,0.0010560074588283896,COLOR9,0.008547410368919373
42,1,120,0.0010316513944417238,COLOR9,0.008239883929491043
42,1,121,0.001012652413919568,COLOR9,0.012298385612666607
42,1,122,0.0009998604655265808,COLOR9,0.006410227157175541
42,1,123,0.0009813784854486585,COLOR9,0.004283408634364605
42,1,124,0.0009653611341491342,COLOR9,0.005994309671223164
42,1,125,0.0009461131412535906,COLOR9,0.00876955408602953
42,1,126,0.0009357850649394095,COLOR9,0.008514879271388054
42,1,127,0.0009073595865629613,COLOR9,0.0061636148020625114
42,1,128,0.000896511017344892,COLOR9,0.003643364179879427
42,1,1,0.11420086771249771,LBP18,0.1020221933722496
42,1,2,0.0649193525314331,LBP18,0.011247556656599045
42,1,3,0.058278750628232956,LBP18,0.006264147814363241
42,1,4,0.054884620010852814,LBP18,0.0017271059332415462
42,1,5,0.04033226519823074,LBP18,0.000982356257736683
42,1,6,0.03147967532277107,LBP18,0.04959268495440483
42,1,7,0.031199295073747635,LBP18,0.010617857798933983
42,1,8,0.026429245248436928,LBP18,0.0018529080552980304
42,1,9,0.02191419154405594,LBP18,0.02463562972843647
42,1,10,0.020334240049123764,LBP18,0.002047352958470583
42,1,11,0.018831366673111916,LBP18,0.009770364500582218
42,1,12,0.017989063635468483,LBP18,0.009514790028333664
42,1,13,0.015315189026296139,LBP18,0.01760615035891533
42,1,14,0.015183058567345142,LBP18,0.012610803358256817
42,1,15,0.013866362161934376,LBP18,0.057381339371204376
42,1,16,0.013012122362852097,LBP18,0.0026412641163915396
42,1,17,0.011704668402671814,LBP18,0.03157532215118408
42,1,18,0.011427310295403004,LBP18,0.016544083133339882
42,1,19,0.010963275097310543,LBP18,0.027927950024604797
42,1,20,0.010756510309875011,LBP18,0.0032408887054771185
42,1,21,0.01015327125787735,LBP18,0.03512045368552208
42,1,22,0.00912528857588768,LBP18,0.017238987609744072
42,1,23,0.008750124834477901,LBP18,0.04903142526745796
42,1,24,0.008494246751070023,LBP18,0.012857415713369846
42,1,25,0.008208842016756535,LBP18,0.014429575763642788
42,1,26,0.007796325255185366,LBP18,0.013327171094715595
42,1,27,0.007411330472677946,LBP18,0.008769674226641655
42,1,28,0.007102147210389376,LBP18,0.015555926598608494
42,1,29,0.0069096083752810955,LBP18,0.015205350704491138
42,1,30,0.006604203023016453,LBP18,0.037325017154216766
42,1,31,0.006122158374637365,LBP18,0.004757822025567293
42,1,32,0.006072457879781723,LBP18,0.018460752442479134
42,1,33,0.0059383325278759,LBP18,0.019674798473715782
42,1,34,0.005760170519351959,LBP18,0.0026508241426199675
42,1,35,0.005504440050572157,LBP18,0.014221679419279099
42,1,36,0.005432967562228441,LBP18,0.041464660316705704
42,1,37,0.005303652491420507,LBP18,0.0004657288081943989
42,1,38,0.005070797633379698,LBP18,0.014194045215845108
42,1,39,0.0048368582502007484,LBP18,0.013111095875501633
42,1,40,0.004780742805451155,LBP18,0.004451258573681116
42,1,41,0.00457379687577486,LBP18,0.02202429436147213
42,1,42,0.004496804438531399,LBP18,0.0019283781293779612
42,1,43,0.0043832240626215935,LBP18,0.00815544556826353
42,1,44,0.004338347353041172,LBP18,0.01985369436442852
42,1,45,0.004195993300527334,LBP18,0.027679774910211563
42,1,46,0.004030349664390087,LBP18,0.0038223406299948692
42,1,47,0.003942498937249184,LBP18,0.0018224562518298626
42,1,48,0.003879950847476721,LBP18,0.005394172389060259
42,1,49,0.003770138369873166,LBP18,0.0016184169799089432
42,1,50,0.003668631426990032,LBP18,0.01457966584712267
42,1,51,0.0035547656007111073,LBP18,0.011308218352496624
42,1,52,0.0034509659744799137,LBP18,0.013961861841380596
42,1,53,0.003432357916608453,LBP18,0.006731155328452587
42,1,54,0.003405500901862979,LBP18,0.0011454438790678978
42,1,55,0.003309833351522684,LBP18,0.0015667903935536742
42,1,56,0.0032180631533265114,LBP18,0.00899058673530817
42,1,57,0.003149410244077444,LBP18,0.0032066083513200283
42,1,58,0.003105785930529237,LBP18,0.003678950248286128
42,1,59,0.0030085782054811716,LBP18,0.008085394278168678
42,1,60,0.00294262426905334,LBP18,0.007690872065722942
42,1,61,0.0029336886946111917,LBP18,0.006491706240922213
42,1,62,0.0028416744899004698,LBP18,0.00615220470353961
42,1,63,0.0028194235637784004,LBP18,0.005059973336756229
42,1,64,0.0027790467720478773,LBP18,0.011585259810090065
42,1,65,0.002663522958755493,LBP18,0.011189812794327736
42,1,66,0.002609479473903775,LBP18,0.005392031278461218
42,1,67,0.0025766317266970873,LBP18,0.0029401041101664305
42,1,68,0.002499125897884369,LBP18,0.006797882728278637
42,1,69,0.0024546775966882706,LBP18,0.007329697720706463
42,1,70,0.002378833247348666,LBP18,0.016265278682112694
42,1,71,0.0023412120062857866,LBP18,0.0025806629564613104
42,1,72,0.0023117561358958483,LBP18,0.0024917791597545147
42,1,73,0.0022783430758863688,LBP18,0.003763248212635517
42,1,74,0.0021888515911996365,LBP18,0.0032296492718160152
42,1,75,0.002143962075933814,LBP18,0.011432895436882973
42,1,76,0.0021342195104807615,LBP18,0.0034187582787126303
42,1,77,0.0020781748462468386,LBP18,0.003412755439057946
42,1,78,0.002050488255918026,LBP18,0.004621202126145363
42,1,79,0.002036626683548093,LBP18,0.002919671591371298
42,1,80,0.00194860203191638,LBP18,0.0067072464153170586
42,1,81,0.0019170052837580442,LBP18,0.004063751548528671
42,1,82,0.001894996385090053,LBP18,0.013592737726867199
42,1,83,0.0018880103016272187,LBP18,0.004218871705234051
42,1,84,0.0018556599970906973,LBP18,0.00428456487134099
42,1,85,0.0018294708570465446,LBP18,0.004279356449842453
42,1,86,0.0017926181899383664,LBP18,0.02546641230583191
42,1,87,0.001781446160748601,LBP18,0.002112404676154256
42,1,88,0.0017525472212582827,LBP18,0.007434244733303785
42,1,89,0.0017418349161744118,LBP18,0.005625561345368624
42,1,90,0.0016837732400745153,LBP18,0.012633793987333775
42,1,91,0.0016753205563873053,LBP18,0.008666151203215122
42,1,92,0.0016632894985377789,LBP18,0.002332619857043028
42,1,93,0.0016179285012185574,LBP18,0.0016607219586148858
42,1,94,0.0015718333888798952,LBP18,0.007757958024740219
42,1,95,0.001547813299112022,LBP18,0.0035831520799547434
42,1,96,0.00153851427603513,LBP18,0.022751465439796448
42,1,97,0.0015142253832891583,LBP18,0.006966044194996357
42,1,98,0.0015016148099675775,LBP18,0.015517042949795723
42,1,99,0.001448090304620564,LBP18,0.0071549504064023495
42,1,100,0.0014345163945108652,LBP18,0.005443728528916836
42,1,101,0.0014049806632101536,LBP18,0.004751645959913731
42,1,102,0.0013919012853875756,LBP18,0.0026098256930708885
42,1,103,0.0013649247121065855,LBP18,0.009492194280028343
42,1,104,0.0013559774961322546,LBP18,0.012118421494960785
42,1,105,0.001325023709796369,LBP18,0.0023680380545556545
42,1,106,0.0013052126159891486,LBP18,0.005362756084650755
42,1,107,0.0012798219686374068,LBP18,0.014065220020711422
42,1,108,0.0012750440509989858,LBP18,0.005734906531870365
42,1,109,0.0012374197831377387,LBP18,0.008017444051802158
42,1,110,0.0012277723290026188,LBP18,0.002371528185904026
42,1,111,0.0012033544480800629,LBP18,0.003922959323972464
42,1,112,0.0011875118361786008,LBP18,0.004753389861434698
42,1,113,0.0011617543641477823,LBP18,0.0024501613806933165
42,1,114,0.0011243944754824042,LBP18,0.008080875501036644
42,1,115,0.0011146506294608116,LBP18,0.002055757911875844
42,1,116,0.0010927853872999549,LBP18,0.0037729041650891304
42,1,117,0.0010849410900846124,LBP18,0.014819420874118805
42,1,118,0.001062573748640716,LBP18,0.010374540463089943
42,1,119,0.0010560074588283896,LBP18,0.0083844605833292
42,1,120,0.0010316513944417238,LBP18,0.00916031002998352
42,1,121,0.001012652413919568,LBP18,0.0025504794903099537
42,1,122,0.0009998604655265808,LBP18,0.0037847335916012526
42,1,123,0.0009813784854486585,LBP18,0.00815262645483017
42,1,124,0.0009653611341491342,LBP18,0.004143788944929838
42,1,125,0.0009461131412535906,LBP18,0.004420033190399408
42,1,126,0.0009357850649394095,LBP18,0.00460873544216156
42,1,127,0.0009073595865629613,LBP18,0.003855596063658595
42,1,128,0.000896511017344892,LBP18,0.0018681100336834788
42,1,1,0.11420086771249771,HARALICK5,0.006673198193311691
42,1,2,0.0649193525314331,HARALICK5,0.024495668709278107
42,1,3,0.058278750628232956,HARALICK5,0.00545811653137207
42,1,4,0.054884620010852814,HARALICK5,0.004806343000382185
42,1,5,0.04033226519823074,HARALICK5,0.0006444300524890423
42,1,6,0.03147967532277107,HARALICK5,0.001241434016264975
42,1,7,0.031199295073747635,HARALICK5,0.008714176714420319
42,1,8,0.026429245248436928,HARALICK5,0.002633101772516966
42,1,9,0.02191419154405594,HARALICK5,0.004031565971672535
42,1,10,0.020334240049123764,HARALICK5,0.0025971769355237484
42,1,11,0.018831366673111916,HARALICK5,0.0006619031773880124
42,1,12,0.017989063635468483,HARALICK5,0.00462339399382472
42,1,13,0.015315189026296139,HARALICK5,0.006408626679331064
42,1,14,0.015183058567345142,HARALICK5,0.0015584079083055258
42,1,15,0.013866362161934376,HARALICK5,0.008413059636950493
42,1,16,0.013012122362852097,HARALICK5,0.007404439151287079
42,1,17,0.011704668402671814,HARALICK5,0.001107043121010065
42,1,18,0.011427310295403004,HARALICK5,0.01032745186239481
42,1,19,0.010963275097310543,HARALICK5,0.007280197460204363
42,1,20,0.010756510309875011,HARALICK5,0.0021834662184119225
42,1,21,0.01015327125787735,HARALICK5,0.006487713661044836
42,1,22,0.00912528857588768,HARALICK5,0.000766532204579562
42,1,23,0.008750124834477901,HARALICK5,0.012158346362411976
42,1,24,0.008494246751070023,HARALICK5,0.0012181282509118319
42,1,25,0.008208842016756535,HARALICK5,0.009461227804422379
42,1,26,0.007796325255185366,HARALICK5,0.004868577234447002
42,1,27,0.007411330472677946,HARALICK5,0.002789826598018408
42,1,28,0.007102147210389376,HARALICK5,0.003417717758566141
42,1,29,0.0069096083752810955,HARALICK5,0.0011007641442120075
42,1,30,0.006604203023016453,HARALICK5,0.013277383521199226
42,1,31,0.006122158374637365,HARALICK5,0.001318381167948246
42,1,32,0.006072457879781723,HARALICK5,0.01598910614848137
42,1,33,0.0059383325278759,HARALICK5,0.002130375476554036
42,1,34,0.005760170519351959,HARALICK5,0.019859079271554947
42,1,35,0.005504440050572157,HARALICK5,0.005142041947692633
42,1,36,0.005432967562228441,HARALICK5,0.007509109564125538
42,1,37,0.005303652491420507,HARALICK5,0.00033709759009070694
42,1,38,0.005070797633379698,HARALICK5,0.0006476390990428627
42,1,39,0.0048368582502007484,HARALICK5,0.0018306823913007975
42,1,40,0.004780742805451155,HARALICK5,0.0010964340763166547
42,1,41,0.00457379687577486,HARALICK5,0.0030612018890678883
42,1,42,0.004496804438531399,HARALICK5,0.006452746689319611
42,1,43,0.0043832240626215935,HARALICK5,0.0022277007810771465
42,1,44,0.004338347353041172,HARALICK5,0.0015303457621484995
42,1,45,0.004195993300527334,HARALICK5,0.007987868040800095
42,1,46,0.004030349664390087,HARALICK5,0.005183584522455931
42,1,47,0.003942498937249184,HARALICK5,0.004495569504797459
42,1,48,0.003879950847476721,HARALICK5,0.0005034393398091197
42,1,49,0.003770138369873166,HARALICK5,0.0032654202077537775
42,1,50,0.003668631426990032,HARALICK5,0.009480834007263184
42,1,51,0.0035547656007111073,HARALICK5,0.0009277141653001308
42,1,52,0.0034509659744799137,HARALICK5,0.013112764805555344
42,1,53,0.003432357916608453,HARALICK5,0.004438658244907856
42,1,54,0.003405500901862979,HARALICK5,0.004231210332363844
42,1,55,0.003309833351522684,HARALICK5,0.003753061406314373
42,1,56,0.0032180631533265114,HARALICK5,0.005969206336885691
42,1,57,0.003149410244077444,HARALICK5,0.0023689803201705217
42,1,58,0.003105785930529237,HARALICK5,0.0010984140681102872
42,1,59,0.0030085782054811716,HARALICK5,0.004897241480648518
42,1,60,0.00294262426905334,HARALICK5,0.006208449602127075
42,1,61,0.0029336886946111917,HARALICK5,0.010131439194083214
42,1,62,0.0028416744899004698,HARALICK5,0.011055491864681244
42,1,63,0.0028194235637784004,HARALICK5,0.005406510550528765
42,1,64,0.0027790467720478773,HARALICK5,0.0032132603228092194
42,1,65,0.002663522958755493,HARALICK5,0.005964142270386219
42,1,66,0.002609479473903775,HARALICK5,0.011833670549094677
42,1,67,0.0025766317266970873,HARALICK5,0.0028261172119528055
42,1,68,0.002499125897884369,HARALICK5,0.008538953959941864
42,1,69,0.0024546775966882706,HARALICK5,0.0044036745093762875
42,1,70,0.002378833247348666,HARALICK5,0.0033016670495271683
42,1,71,0.0023412120062857866,HARALICK5,0.0011946664890274405
42,1,72,0.0023117561358958483,HARALICK5,0.002630798611789942
42,1,73,0.0022783430758863688,HARALICK5,0.00604323809966445
42,1,74,0.0021888515911996365,HARALICK5,0.008794260211288929
42,1,75,0.002143962075933814,HARALICK5,0.003096266882494092
42,1,76,0.0021342195104807615,HARALICK5,0.004925960209220648
42,1,77,0.0020781748462468386,HARALICK5,0.004324838053435087
42,1,78,0.002050488255918026,HARALICK5,0.015602011233568192
42,1,79,0.002036626683548093,HARALICK5,0.0011849103029817343
42,1,80,0.00194860203191638,HARALICK5,0.0022286667954176664
42,1,81,0.0019170052837580442,HARALICK5,0.0032221470028162003
42,1,82,0.001894996385090053,HARALICK5,0.003246732521802187
42,1,83,0.0018880103016272187,HARALICK5,0.0015828978503122926
42,1,84,0.0018556599970906973,HARALICK5,0.0017055259086191654
42,1,85,0.0018294708570465446,HARALICK5,0.0023098490200936794
42,1,86,0.0017926181899383664,HARALICK5,0.010075590573251247
42,1,87,0.001781446160748601,HARALICK5,0.0005059991381131113
42,1,88,0.0017525472212582827,HARALICK5,0.0034893667325377464
42,1,89,0.0017418349161744118,HARALICK5,0.011472739279270172
42,1,90,0.0016837732400745153,HARALICK5,0.0007782768807373941
42,1,91,0.0016753205563873053,HARALICK5,0.0036718337796628475
42,1,92,0.0016632894985377789,HARALICK5,0.007210066542029381
42,1,93,0.0016179285012185574,HARALICK5,0.0028163178358227015
42,1,94,0.0015718333888798952,HARALICK5,0.0058247800916433334
42,1,95,0.001547813299112022,HARALICK5,0.012005781754851341
42,1,96,0.00153851427603513,HARALICK5,0.012414546683430672
42,1,97,0.0015142253832891583,HARALICK5,0.008345583453774452
42,1,98,0.0015016148099675775,HARALICK5,0.005767166614532471
42,1,99,0.001448090304620564,HARALICK5,0.0004962681559845805
42,1,100,0.0014345163945108652,HARALICK5,0.008036496117711067
42,1,101,0.0014049806632101536,HARALICK5,0.0004299604333937168
42,1,102,0.0013919012853875756,HARALICK5,0.00038931946619413793
42,1,103,0.0013649247121065855,HARALICK5,0.009986143559217453
42,1,104,0.0013559774961322546,HARALICK5,0.0019040615297853947
42,1,105,0.001325023709796369,HARALICK5,0.008628951385617256
42,1,106,0.0013052126159891486,HARALICK5,0.0019480234477669
42,1,107,0.0012798219686374068,HARALICK5,0.00391957676038146
42,1,108,0.0012750440509989858,HARALICK5,0.005408705677837133
42,1,109,0.0012374197831377387,HARALICK5,0.003950520418584347
42,1,110,0.0012277723290026188,HARALICK5,0.0009555770084261894
42,1,111,0.0012033544480800629,HARALICK5,0.007500799372792244
42,1,112,0.0011875118361786008,HARALICK5,0.0008923735003918409
42,1,113,0.0011617543641477823,HARALICK5,0.00591259216889739
42,1,114,0.0011243944754824042,HARALICK5,0.008265328593552113
42,1,115,0.0011146506294608116,HARALICK5,0.004979463294148445
42,1,116,0.0010927853872999549,HARALICK5,0.0160054974257946
42,1,117,0.0010849410900846124,HARALICK5,0.002018007216975093
42,1,118,0.001062573748640716,HARALICK5,0.010094475001096725
42,1,119,0.0010560074588283896,HARALICK5,0.002162705175578594
42,1,120,0.0010316513944417238,HARALICK5,0.008426659740507603
42,1,121,0.001012652413919568,HARALICK5,0.009821390733122826
42,1,122,0.0009998604655265808,HARALICK5,0.0009666387340985239
42,1,123,0.0009813784854486585,HARALICK5,0.0018920565489679575
42,1,124,0.0009653611341491342,HARALICK5,0.0038145212456583977
42,1,125,0.0009461131412535906,HARALICK5,0.00371437962166965
42,1,126,0.0009357850649394095,HARALICK5,0.002071958500891924
42,1,127,0.0009073595865629613,HARALICK5,0.0018835491500794888
42,1,128,0.000896511017344892,HARALICK5,0.008265098556876183
42,1,1,0.11420086771249771,ALL_HANDCRAFTED32,0.12609925866127014
42,1,2,0.0649193525314331,ALL_HANDCRAFTED32,0.04877270385622978
42,1,3,0.058278750628232956,ALL_HANDCRAFTED32,0.020320110023021698
42,1,4,0.054884620010852814,ALL_HANDCRAFTED32,0.018537983298301697
42,1,5,0.04033226519823074,ALL_HANDCRAFTED32,0.010560805909335613
42,1,6,0.03147967532277107,ALL_HANDCRAFTED32,0.07359629124403
42,1,7,0.031199295073747635,ALL_HANDCRAFTED32,0.020724661648273468
42,1,8,0.026429245248436928,ALL_HANDCRAFTED32,0.020909283310174942
42,1,9,0.02191419154405594,ALL_HANDCRAFTED32,0.030546216294169426
42,1,10,0.020334240049123764,ALL_HANDCRAFTED32,0.010739987716078758
42,1,11,0.018831366673111916,ALL_HANDCRAFTED32,0.01622297428548336
42,1,12,0.017989063635468483,ALL_HANDCRAFTED32,0.016759686172008514
42,1,13,0.015315189026296139,ALL_HANDCRAFTED32,0.03459347039461136
42,1,14,0.015183058567345142,ALL_HANDCRAFTED32,0.02080783061683178
42,1,15,0.013866362161934376,ALL_HANDCRAFTED32,0.08570453524589539
42,1,16,0.013012122362852097,ALL_HANDCRAFTED32,0.011650335043668747
42,1,17,0.011704668402671814,ALL_HANDCRAFTED32,0.04246782511472702
42,1,18,0.011427310295403004,ALL_HANDCRAFTED32,0.029630649834871292
42,1,19,0.010963275097310543,ALL_HANDCRAFTED32,0.07498624920845032
42,1,20,0.010756510309875011,ALL_HANDCRAFTED32,0.009066788479685783
42,1,21,0.01015327125787735,ALL_HANDCRAFTED32,0.04806625843048096
42,1,22,0.00912528857588768,ALL_HANDCRAFTED32,0.04767228662967682
42,1,23,0.008750124834477901,ALL_HANDCRAFTED32,0.06615523993968964
42,1,24,0.008494246751070023,ALL_HANDCRAFTED32,0.019640782848000526
42,1,25,0.008208842016756535,ALL_HANDCRAFTED32,0.033320944756269455
42,1,26,0.007796325255185366,ALL_HANDCRAFTED32,0.026851758360862732
42,1,27,0.007411330472677946,ALL_HANDCRAFTED32,0.01895429939031601
42,1,28,0.007102147210389376,ALL_HANDCRAFTED32,0.030104797333478928
42,1,29,0.0069096083752810955,ALL_HANDCRAFTED32,0.022550532594323158
42,1,30,0.006604203023016453,ALL_HANDCRAFTED32,0.05916391313076019
42,1,31,0.006122158374637365,ALL_HANDCRAFTED32,0.01942712441086769
42,1,32,0.006072457879781723,ALL_HANDCRAFTED32,0.042837515473365784
42,1,33,0.0059383325278759,ALL_HANDCRAFTED32,0.029806090518832207
42,1,34,0.005760170519351959,ALL_HANDCRAFTED32,0.05524357035756111
42,1,35,0.005504440050572157,ALL_HANDCRAFTED32,0.03617525473237038
42,1,36,0.005432967562228441,ALL_HANDCRAFTED32,0.06646597385406494
42,1,37,0.005303652491420507,ALL_HANDCRAFTED32,0.0053857071325182915
42,1,38,0.005070797633379698,ALL_HANDCRAFTED32,0.021890077739953995
42,1,39,0.0048368582502007484,ALL_HANDCRAFTED32,0.01916431449353695
42,1,40,0.004780742805451155,ALL_HANDCRAFTED32,0.015115393325686455
42,1,41,0.00457379687577486,ALL_HANDCRAFTED32,0.038972385227680206
42,1,42,0.004496804438531399,ALL_HANDCRAFTED32,0.021663637831807137
42,1,43,0.0043832240626215935,ALL_HANDCRAFTED32,0.015536432154476643
42,1,44,0.004338347353041172,ALL_HANDCRAFTED32,0.028849566355347633
42,1,45,0.004195993300527334,ALL_HANDCRAFTED32,0.03837379813194275
42,1,46,0.004030349664390087,ALL_HANDCRAFTED32,0.014881988987326622
42,1,47,0.003942498937249184,ALL_HANDCRAFTED32,0.01934358850121498
42,1,48,0.003879950847476721,ALL_HANDCRAFTED32,0.021377168595790863
42,1,49,0.003770138369873166,ALL_HANDCRAFTED32,0.01207309402525425
42,1,50,0.003668631426990032,ALL_HANDCRAFTED32,0.038408245891332626
42,1,51,0.0035547656007111073,ALL_HANDCRAFTED32,0.019153963774442673
42,1,52,0.0034509659744799137,ALL_HANDCRAFTED32,0.03303740546107292
42,1,53,0.003432357916608453,ALL_HANDCRAFTED32,0.019016224890947342
42,1,54,0.003405500901862979,ALL_HANDCRAFTED32,0.01600944995880127
42,1,55,0.003309833351522684,ALL_HANDCRAFTED32,0.015919864177703857
42,1,56,0.0032180631533265114,ALL_HANDCRAFTED32,0.02869419753551483
42,1,57,0.003149410244077444,ALL_HANDCRAFTED32,0.012394505552947521
42,1,58,0.003105785930529237,ALL_HANDCRAFTED32,0.015555529855191708
42,1,59,0.0030085782054811716,ALL_HANDCRAFTED32,0.033387038856744766
42,1,60,0.00294262426905334,ALL_HANDCRAFTED32,0.030120104551315308
42,1,61,0.0029336886946111917,ALL_HANDCRAFTED32,0.02824215590953827
42,1,62,0.0028416744899004698,ALL_HANDCRAFTED32,0.02707495540380478
42,1,63,0.0028194235637784004,ALL_HANDCRAFTED32,0.013990680687129498
42,1,64,0.0027790467720478773,ALL_HANDCRAFTED32,0.02581705152988434
42,1,65,0.002663522958755493,ALL_HANDCRAFTED32,0.029549824073910713
42,1,66,0.002609479473903775,ALL_HANDCRAFTED32,0.02876279503107071
42,1,67,0.0025766317266970873,ALL_HANDCRAFTED32,0.01845446228981018
42,1,68,0.002499125897884369,ALL_HANDCRAFTED32,0.0195865910500288
42,1,69,0.0024546775966882706,ALL_HANDCRAFTED32,0.026775885373353958
42,1,70,0.002378833247348666,ALL_HANDCRAFTED32,0.024666626006364822
42,1,71,0.0023412120062857866,ALL_HANDCRAFTED32,0.015507823787629604
42,1,72,0.0023117561358958483,ALL_HANDCRAFTED32,0.00933581031858921
42,1,73,0.0022783430758863688,ALL_HANDCRAFTED32,0.015214667655527592
42,1,74,0.0021888515911996365,ALL_HANDCRAFTED32,0.03446080535650253
42,1,75,0.002143962075933814,ALL_HANDCRAFTED32,0.02035568282008171
42,1,76,0.0021342195104807615,ALL_HANDCRAFTED32,0.0154978446662426
42,1,77,0.0020781748462468386,ALL_HANDCRAFTED32,0.02162165567278862
42,1,78,0.002050488255918026,ALL_HANDCRAFTED32,0.03919165953993797
42,1,79,0.002036626683548093,ALL_HANDCRAFTED32,0.014753826893866062
42,1,80,0.00194860203191638,ALL_HANDCRAFTED32,0.03483733907341957
42,1,81,0.0019170052837580442,ALL_HANDCRAFTED32,0.01185978576540947
42,1,82,0.001894996385090053,ALL_HANDCRAFTED32,0.028590917587280273
42,1,83,0.0018880103016272187,ALL_HANDCRAFTED32,0.01952105201780796
42,1,84,0.0018556599970906973,ALL_HANDCRAFTED32,0.01463521271944046
42,1,85,0.0018294708570465446,ALL_HANDCRAFTED32,0.014720456674695015
42,1,86,0.0017926181899383664,ALL_HANDCRAFTED32,0.040753357112407684
42,1,87,0.001781446160748601,ALL_HANDCRAFTED32,0.00923493504524231
42,1,88,0.0017525472212582827,ALL_HANDCRAFTED32,0.020701084285974503
42,1,89,0.0017418349161744118,ALL_HANDCRAFTED32,0.03337802737951279
42,1,90,0.0016837732400745153,ALL_HANDCRAFTED32,0.016212867572903633
42,1,91,0.0016753205563873053,ALL_HANDCRAFTED32,0.018916448578238487
42,1,92,0.0016632894985377789,ALL_HANDCRAFTED32,0.01401500590145588
42,1,93,0.0016179285012185574,ALL_HANDCRAFTED32,0.021891064941883087
42,1,94,0.0015718333888798952,ALL_HANDCRAFTED32,0.017945367842912674
42,1,95,0.001547813299112022,ALL_HANDCRAFTED32,0.035512618720531464
42,1,96,0.00153851427603513,ALL_HANDCRAFTED32,0.040680233389139175
42,1,97,0.0015142253832891583,ALL_HANDCRAFTED32,0.03273995965719223
42,1,98,0.0015016148099675775,ALL_HANDCRAFTED32,0.02724175527691841
42,1,99,0.001448090304620564,ALL_HANDCRAFTED32,0.012033081613481045
42,1,100,0.0014345163945108652,ALL_HANDCRAFTED32,0.034286413341760635
42,1,101,0.0014049806632101536,ALL_HANDCRAFTED32,0.007010200526565313
42,1,102,0.0013919012853875756,ALL_HANDCRAFTED32,0.021166877821087837
42,1,103,0.0013649247121065855,ALL_HANDCRAFTED32,0.03306380659341812
42,1,104,0.0013559774961322546,ALL_HANDCRAFTED32,0.020658280700445175
42,1,105,0.001325023709796369,ALL_HANDCRAFTED32,0.021471116691827774
42,1,106,0.0013052126159891486,ALL_HANDCRAFTED32,0.014629283919930458
42,1,107,0.0012798219686374068,ALL_HANDCRAFTED32,0.03445819765329361
42,1,108,0.0012750440509989858,ALL_HANDCRAFTED32,0.024579394608736038
42,1,109,0.0012374197831377387,ALL_HANDCRAFTED32,0.03531314432621002
42,1,110,0.0012277723290026188,ALL_HANDCRAFTED32,0.03497703745961189
42,1,111,0.0012033544480800629,ALL_HANDCRAFTED32,0.015302580781280994
42,1,112,0.0011875118361786008,ALL_HANDCRAFTED32,0.007984242402017117
42,1,113,0.0011617543641477823,ALL_HANDCRAFTED32,0.020593466237187386
42,1,114,0.0011243944754824042,ALL_HANDCRAFTED32,0.02479136921465397
42,1,115,0.0011146506294608116,ALL_HANDCRAFTED32,0.03190679848194122
42,1,116,0.0010927853872999549,ALL_HANDCRAFTED32,0.04318542778491974
42,1,117,0.0010849410900846124,ALL_HANDCRAFTED32,0.02863617241382599
42,1,118,0.001062573748640716,ALL_HANDCRAFTED32,0.03125280514359474
42,1,119,0.0010560074588283896,ALL_HANDCRAFTED32,0.019094577059149742
42,1,120,0.0010316513944417238,ALL_HANDCRAFTED32,0.02582685276865959
42,1,121,0.001012652413919568,ALL_HANDCRAFTED32,0.024670256301760674
42,1,122,0.0009998604655265808,ALL_HANDCRAFTED32,0.01116159837692976
42,1,123,0.0009813784854486585,ALL_HANDCRAFTED32,0.014328092336654663
42,1,124,0.0009653611341491342,ALL_HANDCRAFTED32,0.013952619396150112
42,1,125,0.0009461131412535906,ALL_HANDCRAFTED32,0.016903966665267944
42,1,126,0.0009357850649394095,ALL_HANDCRAFTED32,0.01519557274878025
42,1,127,0.0009073595865629613,ALL_HANDCRAFTED32,0.011902759782969952
42,1,128,0.000896511017344892,ALL_HANDCRAFTED32,0.013776572421193123
42,1,1,0.11420086771249771,VIT768,0.8739007115364075
42,1,2,0.0649193525314331,VIT768,0.9512274265289307
42,1,3,0.058278750628232956,VIT768,0.9796802401542664
42,1,4,0.054884620010852814,VIT768,0.9814621210098267
42,1,5,0.04033226519823074,VIT768,0.9894392490386963
42,1,6,0.03147967532277107,VIT768,0.9264035820960999
42,1,7,0.031199295073747635,VIT768,0.9792753458023071
42,1,8,0.026429245248436928,VIT768,0.9790907502174377
42,1,9,0.02191419154405594,VIT768,0.9694533944129944
42,1,10,0.020334240049123764,VIT768,0.9892596006393433
42,1,11,0.018831366673111916,VIT768,0.983776867389679
42,1,12,0.017989063635468483,VIT768,0.9832404255867004
42,1,13,0.015315189026296139,VIT768,0.9654068946838379
42,1,14,0.015183058567345142,VIT768,0.9791929721832275
42,1,15,0.013866362161934376,VIT768,0.914295494556427
42,1,16,0.013012122362852097,VIT768,0.9883497953414917
42,1,17,0.011704668402671814,VIT768,0.9575322866439819
42,1,18,0.011427310295403004,VIT768,0.9703691005706787
42,1,19,0.010963275097310543,VIT768,0.9250138998031616
42,1,20,0.010756510309875011,VIT768,0.990932822227478
42,1,21,0.01015327125787735,VIT768,0.951933741569519
42,1,22,0.00912528857588768,VIT768,0.9523279666900635
42,1,23,0.008750124834477901,VIT768,0.9338449239730835
42,1,24,0.008494246751070023,VIT768,0.9803594350814819
42,1,25,0.008208842016756535,VIT768,0.9666794538497925
42,1,26,0.007796325255185366,VIT768,0.9731485247612
42,1,27,0.007411330472677946,VIT768,0.9810463190078735
42,1,28,0.007102147210389376,VIT768,0.9698951244354248
42,1,29,0.0069096083752810955,VIT768,0.9774498343467712
42,1,30,0.006604203023016453,VIT768,0.9408363699913025
42,1,31,0.006122158374637365,VIT768,0.9805729389190674
42,1,32,0.006072457879781723,VIT768,0.9571627378463745
42,1,33,0.0059383325278759,VIT768,0.970194399356842
42,1,34,0.005760170519351959,VIT768,0.9447567462921143
42,1,35,0.005504440050572157,VIT768,0.9638250470161438
42,1,36,0.005432967562228441,VIT768,0.9335341453552246
42,1,37,0.005303652491420507,VIT768,0.9946143627166748
42,1,38,0.005070797633379698,VIT768,0.9781099557876587
42,1,39,0.0048368582502007484,VIT768,0.9808351397514343
42,1,40,0.004780742805451155,VIT768,0.9848840832710266
42,1,41,0.00457379687577486,VIT768,0.9610278010368347
42,1,42,0.004496804438531399,VIT768,0.9783358573913574
42,1,43,0.0043832240626215935,VIT768,0.9844629764556885
42,1,44,0.004338347353041172,VIT768,0.9711500406265259
42,1,45,0.004195993300527334,VIT768,0.961625874042511
42,1,46,0.004030349664390087,VIT768,0.9851177930831909
42,1,47,0.003942498937249184,VIT768,0.9806564450263977
42,1,48,0.003879950847476721,VIT768,0.9786227941513062
42,1,49,0.003770138369873166,VIT768,0.9879266023635864
42,1,50,0.003668631426990032,VIT768,0.9615912437438965
42,1,51,0.0035547656007111073,VIT768,0.9808453321456909
42,1,52,0.0034509659744799137,VIT768,0.9669623374938965
42,1,53,0.003432357916608453,VIT768,0.980983316898346
42,1,54,0.003405500901862979,VIT768,0.9839901328086853
42,1,55,0.003309833351522684,VIT768,0.9840795993804932
42,1,56,0.0032180631533265114,VIT768,0.9713057279586792
42,1,57,0.003149410244077444,VIT768,0.9876052141189575
42,1,58,0.003105785930529237,VIT768,0.9844433665275574
42,1,59,0.0030085782054811716,VIT768,0.9666128158569336
42,1,60,0.00294262426905334,VIT768,0.9698799848556519
42,1,61,0.0029336886946111917,VIT768,0.9717578887939453
42,1,62,0.0028416744899004698,VIT768,0.9729242324829102
42,1,63,0.0028194235637784004,VIT768,0.986008882522583
42,1,64,0.0027790467720478773,VIT768,0.9741821885108948
42,1,65,0.002663522958755493,VIT768,0.970450222492218
42,1,66,0.002609479473903775,VIT768,0.9712374806404114
42,1,67,0.0025766317266970873,VIT768,0.981545090675354
42,1,68,0.002499125897884369,VIT768,0.9804131984710693
42,1,69,0.0024546775966882706,VIT768,0.9732236266136169
42,1,70,0.002378833247348666,VIT768,0.9753329753875732
42,1,71,0.0023412120062857866,VIT768,0.9844921827316284
42,1,72,0.0023117561358958483,VIT768,0.990664541721344
42,1,73,0.0022783430758863688,VIT768,0.9847855567932129
42,1,74,0.0021888515911996365,VIT768,0.9655390977859497
42,1,75,0.002143962075933814,VIT768,0.9796444177627563
42,1,76,0.0021342195104807615,VIT768,0.9845027327537537
42,1,77,0.0020781748462468386,VIT768,0.9783785343170166
42,1,78,0.002050488255918026,VIT768,0.9608084559440613
42,1,79,0.002036626683548093,VIT768,0.9852460026741028
42,1,80,0.00194860203191638,VIT768,0.9651623964309692
42,1,81,0.0019170052837580442,VIT768,0.9881407022476196
42,1,82,0.001894996385090053,VIT768,0.9714092016220093
42,1,83,0.0018880103016272187,VIT768,0.9804791212081909
42,1,84,0.0018556599970906973,VIT768,0.9853650331497192
42,1,85,0.0018294708570465446,VIT768,0.9852796792984009
42,1,86,0.0017926181899383664,VIT768,0.9592461585998535
42,1,87,0.001781446160748601,VIT768,0.9907652139663696
42,1,88,0.0017525472212582827,VIT768,0.9792987108230591
42,1,89,0.0017418349161744118,VIT768,0.9666213989257812
42,1,90,0.0016837732400745153,VIT768,0.9837870597839355
42,1,91,0.0016753205563873053,VIT768,0.9810838103294373
42,1,92,0.0016632894985377789,VIT768,0.9859851598739624
42,1,93,0.0016179285012185574,VIT768,0.9781091809272766
42,1,94,0.0015718333888798952,VIT768,0.9820543527603149
42,1,95,0.001547813299112022,VIT768,0.9644876718521118
42,1,96,0.00153851427603513,VIT768,0.9593193531036377
42,1,97,0.0015142253832891583,VIT768,0.9672598838806152
42,1,98,0.0015016148099675775,VIT768,0.9727584719657898
42,1,99,0.001448090304620564,VIT768,0.9879671931266785
42,1,100,0.0014345163945108652,VIT768,0.9657135009765625
42,1,101,0.0014049806632101536,VIT768,0.9929898977279663
42,1,102,0.0013919012853875756,VIT768,0.9788329005241394
42,1,103,0.0013649247121065855,VIT768,0.9669364094734192
42,1,104,0.0013559774961322546,VIT768,0.9793418645858765
42,1,105,0.001325023709796369,VIT768,0.9785289764404297
42,1,106,0.0013052126159891486,VIT768,0.9853711128234863
42,1,107,0.0012798219686374068,VIT768,0.9655413627624512
42,1,108,0.0012750440509989858,VIT768,0.9754205942153931
42,1,109,0.0012374197831377387,VIT768,0.9646869897842407
42,1,110,0.0012277723290026188,VIT768,0.9650236368179321
42,1,111,0.0012033544480800629,VIT768,0.9846973419189453
42,1,112,0.0011875118361786008,VIT768,0.992015540599823
42,1,113,0.0011617543641477823,VIT768,0.9794062376022339
42,1,114,0.0011243944754824042,VIT768,0.9752081632614136
42,1,115,0.0011146506294608116,VIT768,0.9680933356285095
42,1,116,0.0010927853872999549,VIT768,0.9568146467208862
42,1,117,0.0010849410900846124,VIT768,0.97136390209198
42,1,118,0.001062573748640716,VIT768,0.9687471389770508
42,1,119,0.0010560074588283896,VIT768,0.9809056520462036
42,1,120,0.0010316513944417238,VIT768,0.9741732478141785
42,1,121,0.001012652413919568,VIT768,0.9753296375274658
42,1,122,0.0009998604655265808,VIT768,0.9888384342193604
42,1,123,0.0009813784854486585,VIT768,0.9856717586517334
42,1,124,0.0009653611341491342,VIT768,0.9860474467277527
42,1,125,0.0009461131412535906,VIT768,0.9830962419509888
42,1,126,0.0009357850649394095,VIT768,0.9848043322563171
42,1,127,0.0009073595865629613,VIT768,0.9880971312522888
42,1,128,0.000896511017344892,VIT768,0.9862236976623535
42,2,1,0.1163710430264473,COLOR9,0.01608799211680889
42,2,2,0.06509233266115189,COLOR9,0.009067000821232796
42,2,3,0.0570516474545002,COLOR9,0.010161738842725754
42,2,4,0.05423630401492119,COLOR9,0.00973950419574976
42,2,5,0.03793890401721001,COLOR9,0.013057244941592216
42,2,6,0.03151291236281395,COLOR9,0.020990850403904915
42,2,7,0.03075067512691021,COLOR9,0.010637297295033932
42,2,8,0.0265001580119133,COLOR9,0.01573099195957184
42,2,9,0.022697413340210915,COLOR9,0.0024584499187767506
42,2,10,0.020331954583525658,COLOR9,0.004722194746136665
42,2,11,0.018986642360687256,COLOR9,0.0031963037326931953
42,2,12,0.018055668100714684,COLOR9,0.00268954923376441
42,2,13,0.01638820394873619,COLOR9,0.016637837514281273
42,2,14,0.015152310952544212,COLOR9,0.009507035836577415
42,2,15,0.013376964256167412,COLOR9,0.009837846271693707
42,2,16,0.012431442737579346,COLOR9,0.00525410333648324
42,2,17,0.011783071793615818,COLOR9,0.017061561346054077
42,2,18,0.011291938833892345,COLOR9,0.006719113327562809
42,2,19,0.010720226913690567,COLOR9,0.011151381768286228
42,2,20,0.01060955785214901,COLOR9,0.02163643203675747
42,2,21,0.009862121194601059,COLOR9,0.015481519512832165
42,2,22,0.009510226547718048,COLOR9,0.009276486933231354
42,2,23,0.008787451311945915,COLOR9,0.004796022083610296
42,2,24,0.008191978558897972,COLOR9,0.012778813019394875
42,2,25,0.007774719502776861,COLOR9,0.00716234277933836
42,2,26,0.007463637739419937,COLOR9,0.0054566990584135056
42,2,27,0.007287045009434223,COLOR9,0.002397340489551425
42,2,28,0.007049499545246363,COLOR9,0.0062388405203819275
42,2,29,0.006830502301454544,COLOR9,0.017940618097782135
42,2,30,0.006573687773197889,COLOR9,0.025673002004623413
42,2,31,0.006288256496191025,COLOR9,0.005596608389168978
42,2,32,0.006002763286232948,COLOR9,0.0067464145831763744
42,2,33,0.005981942638754845,COLOR9,0.00749113317579031
42,2,34,0.0058843474835157394,COLOR9,0.0073712775483727455
42,2,35,0.005694505758583546,COLOR9,0.014210493303835392
42,2,36,0.005556578282266855,COLOR9,0.013514759950339794
42,2,37,0.005362821277230978,COLOR9,0.027680017054080963
42,2,38,0.005303461570292711,COLOR9,0.004955507814884186
42,2,39,0.005061647389084101,COLOR9,0.014559730887413025
42,2,40,0.004842924419790506,COLOR9,0.021535087376832962
42,2,41,0.0047509740106761456,COLOR9,0.00788554921746254
42,2,42,0.004528974182903767,COLOR9,0.024117600172758102
42,2,43,0.004375843796879053,COLOR9,0.010407363064587116
42,2,44,0.004255021922290325,COLOR9,0.009204410947859287
42,2,45,0.004208619240671396,COLOR9,0.003031129017472267
42,2,46,0.004083175212144852,COLOR9,0.011444298550486565
42,2,47,0.003955055959522724,COLOR9,0.006773137953132391
42,2,48,0.003888459177687764,COLOR9,0.017131462693214417
42,2,49,0.0037925695069134235,COLOR9,0.01875222660601139
42,2,50,0.0037667052820324898,COLOR9,0.008283283561468124
42,2,51,0.003627938684076071,COLOR9,0.0041809286922216415
42,2,52,0.0035642129369080067,COLOR9,0.0037399479188024998
42,2,53,0.003449456999078393,COLOR9,0.006470382679253817
42,2,54,0.0034005881752818823,COLOR9,0.005251014139503241
42,2,55,0.003396420506760478,COLOR9,0.017360150814056396
42,2,56,0.003325174329802394,COLOR9,0.008239812217652798
42,2,57,0.003206866094842553,COLOR9,0.008046936243772507
42,2,58,0.003166204784065485,COLOR9,0.005121471360325813
42,2,59,0.00308625097386539,COLOR9,0.01362292654812336
42,2,60,0.003005942329764366,COLOR9,0.016561593860387802
42,2,61,0.002907318063080311,COLOR9,0.008912209421396255
42,2,62,0.0028589600697159767,COLOR9,0.023217543959617615
42,2,63,0.0028199334628880024,COLOR9,0.018652185797691345
42,2,64,0.002759780501946807,COLOR9,0.012803426943719387
42,2,65,0.0027246172539889812,COLOR9,0.013867921195924282
42,2,66,0.0026776143349707127,COLOR9,0.008002866990864277
42,2,67,0.0026187351904809475,COLOR9,0.014088673517107964
42,2,68,0.002549487864598632,COLOR9,0.021011045202612877
42,2,69,0.0024585621431469917,COLOR9,0.004303243476897478
42,2,70,0.002353625139221549,COLOR9,0.030587811022996902
42,2,71,0.002323588589206338,COLOR9,0.004822783637791872
42,2,72,0.002296645427122712,COLOR9,0.002417654264718294
42,2,73,0.0022630132734775543,COLOR9,0.007142592687159777
42,2,74,0.002226969227194786,COLOR9,0.011331706307828426
42,2,75,0.002211344428360462,COLOR9,0.007380338851362467
42,2,76,0.0021828545723110437,COLOR9,0.01441271509975195
42,2,77,0.0021345538552850485,COLOR9,0.006401227321475744
42,2,78,0.0020936126820743084,COLOR9,0.008053090423345566
42,2,79,0.0020757876336574554,COLOR9,0.007382524199783802
42,2,80,0.001970372162759304,COLOR9,0.00400110799819231
42,2,81,0.0019591539166867733,COLOR9,0.007831369526684284
42,2,82,0.0019319114508107305,COLOR9,0.008430619724094868
42,2,83,0.0019118930213153362,COLOR9,0.005116975866258144
42,2,84,0.0018732933094725013,COLOR9,0.010787853971123695
42,2,85,0.0018521451856940985,COLOR9,0.01925436034798622
42,2,86,0.0018195020966231823,COLOR9,0.018722670152783394
42,2,87,0.0017948546446859837,COLOR9,0.016155695542693138
42,2,88,0.0017634447431191802,COLOR9,0.010697436518967152
42,2,89,0.0017489537131041288,COLOR9,0.004190987441688776
42,2,90,0.001724658184684813,COLOR9,0.012484719045460224
42,2,91,0.0016884063370525837,COLOR9,0.002596235368400812
42,2,92,0.0016575073823332787,COLOR9,0.02107095904648304
42,2,93,0.0016198670491576195,COLOR9,0.0035774142015725374
42,2,94,0.0015862383879721165,COLOR9,0.014318614266812801
42,2,95,0.0015564127825200558,COLOR9,0.0028459804598242044
42,2,96,0.0015433876542374492,COLOR9,0.010324841365218163
42,2,97,0.001534201088361442,COLOR9,0.016945891082286835
42,2,98,0.0014853263273835182,COLOR9,0.02190188318490982
42,2,99,0.001472417265176773,COLOR9,0.0066535514779388905
42,2,100,0.0014441836392506957,COLOR9,0.010431183502078056
42,2,101,0.0014280437026172876,COLOR9,0.008272173814475536
42,2,102,0.0014033184852451086,COLOR9,0.009190766140818596
42,2,103,0.0013888146495446563,COLOR9,0.011257675476372242
42,2,104,0.0013807655777782202,COLOR9,0.006804676726460457
42,2,105,0.0013595304917544127,COLOR9,0.00918422732502222
42,2,106,0.0013022730126976967,COLOR9,0.0051886457949876785
42,2,107,0.0012949634110555053,COLOR9,0.0033931094221770763
42,2,108,0.001281382399611175,COLOR9,0.002059927210211754
42,2,109,0.0012695720652118325,COLOR9,0.01691747084259987
42,2,110,0.0012335299979895353,COLOR9,0.009581481106579304
42,2,111,0.0012254526372998953,COLOR9,0.008307564072310925
42,2,112,0.001199586782604456,COLOR9,0.010934462770819664
42,2,113,0.0011922006960958242,COLOR9,0.0063337297178804874
42,2,114,0.0011757324682548642,COLOR9,0.0035433447919785976
42,2,115,0.0011525218142196536,COLOR9,0.005384944844990969
42,2,116,0.001144206733442843,COLOR9,0.008051836863160133
42,2,117,0.0011238843435421586,COLOR9,0.009598803706467152
42,2,118,0.0010939635103568435,COLOR9,0.02302311547100544
42,2,119,0.0010667809983715415,COLOR9,0.0029074077028781176
42,2,120,0.0010488422121852636,COLOR9,0.012262278236448765
42,2,121,0.0010196404764428735,COLOR9,0.014233216643333435
42,2,122,0.001009649015031755,COLOR9,0.01335874479264021
42,2,123,0.0009945607744157314,COLOR9,0.01183680072426796
42,2,124,0.00097739789634943,COLOR9,0.008454564958810806
42,2,125,0.0009655549074523151,COLOR9,0.009241025894880295
42,2,126,0.0009555111173540354,COLOR9,0.011621363461017609
42,2,127,0.0009274898329749703,COLOR9,0.012405643239617348
42,2,128,0.0009060633601620793,COLOR9,0.0181417353451252
42,2,1,0.1163710430264473,LBP18,0.10411898791790009
42,2,2,0.06509233266115189,LBP18,0.008486366830766201
42,2,3,0.0570516474545002,LBP18,0.003635964123532176
42,2,4,0.05423630401492119,LBP18,0.012505312450230122
42,2,5,0.03793890401721001,LBP18,0.0030281823128461838
42,2,6,0.03151291236281395,LBP18,0.005698504392057657
42,2,7,0.03075067512691021,LBP18,0.04350772872567177
42,2,8,0.0265001580119133,LBP18,0.0011366050457581878
42,2,9,0.022697413340210915,LBP18,0.026074277237057686
42,2,10,0.020331954583525658,LBP18,0.004033313132822514
42,2,11,0.018986642360687256,LBP18,0.003274275455623865
42,2,12,0.018055668100714684,LBP18,0.00950059574097395
42,2,13,0.01638820394873619,LBP18,0.013924864120781422
42,2,14,0.015152310952544212,LBP18,0.004553412552922964
42,2,15,0.013376964256167412,LBP18,0.04713239148259163
42,2,16,0.012431442737579346,LBP18,0.0035164691507816315
42,2,17,0.011783071793615818,LBP18,0.015380840748548508
42,2,18,0.011291938833892345,LBP18,0.02810904197394848
42,2,19,0.010720226913690567,LBP18,0.026024166494607925
42,2,20,0.01060955785214901,LBP18,0.029273202642798424
42,2,21,0.009862121194601059,LBP18,0.0035403561778366566
42,2,22,0.009510226547718048,LBP18,0.01070784404873848
42,2,23,0.008787451311945915,LBP18,0.014118507504463196
42,2,24,0.008191978558897972,LBP18,0.014449680224061012
42,2,25,0.007774719502776861,LBP18,0.01594426855444908
42,2,26,0.007463637739419937,LBP18,0.0006415598909370601
42,2,27,0.007287045009434223,LBP18,0.010900557041168213
42,2,28,0.007049499545246363,LBP18,0.004781974013894796
42,2,29,0.006830502301454544,LBP18,0.013237474486231804
42,2,30,0.006573687773197889,LBP18,0.07574227452278137
42,2,31,0.006288256496191025,LBP18,0.006307272706180811
42,2,32,0.006002763286232948,LBP18,0.006886899471282959
42,2,33,0.005981942638754845,LBP18,0.007364629302173853
42,2,34,0.0058843474835157394,LBP18,0.031177446246147156
42,2,35,0.005694505758583546,LBP18,0.009195816703140736
42,2,36,0.005556578282266855,LBP18,0.03374306112527847
42,2,37,0.005362821277230978,LBP18,0.023499688133597374
42,2,38,0.005303461570292711,LBP18,0.00701576191931963
42,2,39,0.005061647389084101,LBP18,0.04946741461753845
42,2,40,0.004842924419790506,LBP18,0.011333053931593895
42,2,41,0.0047509740106761456,LBP18,0.010061753913760185
42,2,42,0.004528974182903767,LBP18,0.00277603417634964
42,2,43,0.004375843796879053,LBP18,0.0013501927023753524
42,2,44,0.004255021922290325,LBP18,0.003908151760697365
42,2,45,0.004208619240671396,LBP18,0.010356107726693153
42,2,46,0.004083175212144852,LBP18,0.0009766832226887345
42,2,47,0.003955055959522724,LBP18,0.0026558616664260626
42,2,48,0.003888459177687764,LBP18,0.022879092022776604
42,2,49,0.0037925695069134235,LBP18,0.02839866653084755
42,2,50,0.0037667052820324898,LBP18,0.005920275580137968
42,2,51,0.003627938684076071,LBP18,0.01840100809931755
42,2,52,0.0035642129369080067,LBP18,0.010265686549246311
42,2,53,0.003449456999078393,LBP18,0.002434124005958438
42,2,54,0.0034005881752818823,LBP18,0.005690458230674267
42,2,55,0.003396420506760478,LBP18,0.022670922800898552
42,2,56,0.003325174329802394,LBP18,0.00782318040728569
42,2,57,0.003206866094842553,LBP18,0.009709848091006279
42,2,58,0.003166204784065485,LBP18,0.014701577834784985
42,2,59,0.00308625097386539,LBP18,0.002014284720644355
42,2,60,0.003005942329764366,LBP18,0.017820797860622406
42,2,61,0.002907318063080311,LBP18,0.0028877179138362408
42,2,62,0.0028589600697159767,LBP18,0.01228759903460741
42,2,63,0.0028199334628880024,LBP18,0.0150742307305336
42,2,64,0.002759780501946807,LBP18,0.004013890866190195
42,2,65,0.0027246172539889812,LBP18,0.005404509138315916
42,2,66,0.0026776143349707127,LBP18,0.004239894915372133
42,2,67,0.0026187351904809475,LBP18,0.012726020999252796
42,2,68,0.002549487864598632,LBP18,0.0034627944696694613
42,2,69,0.0024585621431469917,LBP18,0.0039947498589754105
42,2,70,0.002353625139221549,LBP18,0.0060188318602740765
42,2,71,0.002323588589206338,LBP18,0.0029446592088788748
42,2,72,0.002296645427122712,LBP18,0.006219570059329271
42,2,73,0.0022630132734775543,LBP18,0.0038791412953287363
42,2,74,0.002226969227194786,LBP18,0.007846126332879066
42,2,75,0.002211344428360462,LBP18,0.007350369356572628
42,2,76,0.0021828545723110437,LBP18,0.0045412383042275906
42,2,77,0.0021345538552850485,LBP18,0.011056593619287014
42,2,78,0.0020936126820743084,LBP18,0.004882352892309427
42,2,79,0.0020757876336574554,LBP18,0.01778794266283512
42,2,80,0.001970372162759304,LBP18,0.006163605954498053
42,2,81,0.0019591539166867733,LBP18,0.0014522445853799582
42,2,82,0.0019319114508107305,LBP18,0.002682698657736182
42,2,83,0.0019118930213153362,LBP18,0.009407829493284225
42,2,84,0.0018732933094725013,LBP18,0.014817259274423122
42,2,85,0.0018521451856940985,LBP18,0.0053921048529446125
42,2,86,0.0018195020966231823,LBP18,0.00841001607477665
42,2,87,0.0017948546446859837,LBP18,0.0023583476431667805
42,2,88,0.0017634447431191802,LBP18,0.004267423413693905
42,2,89,0.0017489537131041288,LBP18,0.005773373879492283
42,2,90,0.001724658184684813,LBP18,0.006623485591262579
42,2,91,0.0016884063370525837,LBP18,0.02288336120545864
42,2,92,0.0016575073823332787,LBP18,0.030676765367388725
42,2,93,0.0016198670491576195,LBP18,0.00696004880592227
42,2,94,0.0015862383879721165,LBP18,0.0029836397152394056
42,2,95,0.0015564127825200558,LBP18,0.0033263524528592825
42,2,96,0.0015433876542374492,LBP18,0.00487889489158988
42,2,97,0.001534201088361442,LBP18,0.015612928196787834
42,2,98,0.0014853263273835182,LBP18,0.002332904376089573
42,2,99,0.001472417265176773,LBP18,0.0098804272711277
42,2,100,0.0014441836392506957,LBP18,0.004143210593611002
42,2,101,0.0014280437026172876,LBP18,0.0026089653838425875
42,2,102,0.0014033184852451086,LBP18,0.0016100638313218951
42,2,103,0.0013888146495446563,LBP18,0.0007089116261340678
42,2,104,0.0013807655777782202,LBP18,0.015263841487467289
42,2,105,0.0013595304917544127,LBP18,0.006027654279023409
42,2,106,0.0013022730126976967,LBP18,0.0065126679837703705
42,2,107,0.0012949634110555053,LBP18,0.001986395101994276
42,2,108,0.001281382399611175,LBP18,0.012373864650726318
42,2,109,0.0012695720652118325,LBP18,0.00537750031799078
42,2,110,0.0012335299979895353,LBP18,0.0018160376930609345
42,2,111,0.0012254526372998953,LBP18,0.007022468373179436
42,2,112,0.001199586782604456,LBP18,0.00376149476505816
42,2,113,0.0011922006960958242,LBP18,0.004124463070183992
42,2,114,0.0011757324682548642,LBP18,0.002911835443228483
42,2,115,0.0011525218142196536,LBP18,0.006236610468477011
42,2,116,0.001144206733442843,LBP18,0.0028043228667229414
42,2,117,0.0011238843435421586,LBP18,0.008539240807294846
42,2,118,0.0010939635103568435,LBP18,0.004025645088404417
42,2,119,0.0010667809983715415,LBP18,0.004916833713650703
42,2,120,0.0010488422121852636,LBP18,0.004563824739307165
42,2,121,0.0010196404764428735,LBP18,0.00885874591767788
42,2,122,0.001009649015031755,LBP18,0.004145422484725714
42,2,123,0.0009945607744157314,LBP18,0.012933671474456787
42,2,124,0.00097739789634943,LBP18,0.0082360515370965
42,2,125,0.0009655549074523151,LBP18,0.0015921387821435928
42,2,126,0.0009555111173540354,LBP18,0.00393358338624239
42,2,127,0.0009274898329749703,LBP18,0.009353452362120152
42,2,128,0.0009060633601620793,LBP18,0.004678118042647839
42,2,1,0.1163710430264473,HARALICK5,0.007060455624014139
42,2,2,0.06509233266115189,HARALICK5,0.019300676882267
42,2,3,0.0570516474545002,HARALICK5,0.007745318580418825
42,2,4,0.05423630401492119,HARALICK5,0.007047008723020554
42,2,5,0.03793890401721001,HARALICK5,0.001150694559328258
42,2,6,0.03151291236281395,HARALICK5,0.0025373310782015324
42,2,7,0.03075067512691021,HARALICK5,0.003888116218149662
42,2,8,0.0265001580119133,HARALICK5,0.006424617953598499
42,2,9,0.022697413340210915,HARALICK5,0.005905701778829098
42,2,10,0.020331954583525658,HARALICK5,0.0026634286623448133
42,2,11,0.018986642360687256,HARALICK5,0.0006118500023148954
42,2,12,0.018055668100714684,HARALICK5,0.005501033738255501
42,2,13,0.01638820394873619,HARALICK5,0.009719658643007278
42,2,14,0.015152310952544212,HARALICK5,0.0027894938830286264
42,2,15,0.013376964256167412,HARALICK5,0.002395226387307048
42,2,16,0.012431442737579346,HARALICK5,0.0010552308522164822
42,2,17,0.011783071793615818,HARALICK5,0.00331122730858624
42,2,18,0.011291938833892345,HARALICK5,0.007334886584430933
42,2,19,0.010720226913690567,HARALICK5,0.009727089665830135
42,2,20,0.01060955785214901,HARALICK5,0.0036642667837440968
42,2,21,0.009862121194601059,HARALICK5,0.00653755571693182
42,2,22,0.009510226547718048,HARALICK5,0.0064772856421768665
42,2,23,0.008787451311945915,HARALICK5,0.00045621267054229975
42,2,24,0.008191978558897972,HARALICK5,0.005443117115646601
42,2,25,0.007774719502776861,HARALICK5,0.0064414385706186295
42,2,26,0.007463637739419937,HARALICK5,0.0006430404027923942
42,2,27,0.007287045009434223,HARALICK5,0.000830312492325902
42,2,28,0.007049499545246363,HARALICK5,0.006523570977151394
42,2,29,0.006830502301454544,HARALICK5,0.01355363056063652
42,2,30,0.006573687773197889,HARALICK5,0.001440777792595327
42,2,31,0.006288256496191025,HARALICK5,0.009969369508326054
42,2,32,0.006002763286232948,HARALICK5,0.0022338798735290766
42,2,33,0.005981942638754845,HARALICK5,0.003805960062891245
42,2,34,0.0058843474835157394,HARALICK5,0.007353425957262516
42,2,35,0.005694505758583546,HARALICK5,0.002133627887815237
42,2,36,0.005556578282266855,HARALICK5,0.012701769359409809
42,2,37,0.005362821277230978,HARALICK5,0.0070597101002931595
42,2,38,0.005303461570292711,HARALICK5,0.0030966075137257576
42,2,39,0.005061647389084101,HARALICK5,0.004346095025539398
42,2,40,0.004842924419790506,HARALICK5,0.007367544341832399
42,2,41,0.0047509740106761456,HARALICK5,0.003628454403951764
42,2,42,0.004528974182903767,HARALICK5,0.0014658133732154965
42,2,43,0.004375843796879053,HARALICK5,0.0035792316775768995
42,2,44,0.004255021922290325,HARALICK5,0.0007023954531177878
42,2,45,0.004208619240671396,HARALICK5,0.00365699315443635
42,2,46,0.004083175212144852,HARALICK5,0.0062913135625422
42,2,47,0.003955055959522724,HARALICK5,0.0022039872128516436
42,2,48,0.003888459177687764,HARALICK5,0.0012741807149723172
42,2,49,0.0037925695069134235,HARALICK5,0.010685469955205917
42,2,50,0.0037667052820324898,HARALICK5,0.00249571749009192
42,2,51,0.003627938684076071,HARALICK5,0.001043412135913968
42,2,52,0.0035642129369080067,HARALICK5,0.018159667029976845
42,2,53,0.003449456999078393,HARALICK5,0.0012828725157305598
42,2,54,0.0034005881752818823,HARALICK5,0.004034462850540876
42,2,55,0.003396420506760478,HARALICK5,0.000947913620620966
42,2,56,0.003325174329802394,HARALICK5,0.006215212866663933
42,2,57,0.003206866094842553,HARALICK5,0.005709887482225895
42,2,58,0.003166204784065485,HARALICK5,0.00029722656472586095
42,2,59,0.00308625097386539,HARALICK5,0.007356623187661171
42,2,60,0.003005942329764366,HARALICK5,0.007894457317888737
42,2,61,0.002907318063080311,HARALICK5,0.003965834621340036
42,2,62,0.0028589600697159767,HARALICK5,0.0053801811300218105
42,2,63,0.0028199334628880024,HARALICK5,0.006434659473598003
42,2,64,0.002759780501946807,HARALICK5,0.003372276434674859
42,2,65,0.0027246172539889812,HARALICK5,0.0053719705902040005
42,2,66,0.0026776143349707127,HARALICK5,0.0021251798607409
42,2,67,0.0026187351904809475,HARALICK5,0.003947365563362837
42,2,68,0.002549487864598632,HARALICK5,0.002318798331543803
42,2,69,0.0024585621431469917,HARALICK5,0.01809287630021572
42,2,70,0.002353625139221549,HARALICK5,0.014331461861729622
42,2,71,0.002323588589206338,HARALICK5,0.0013543410459533334
42,2,72,0.002296645427122712,HARALICK5,0.0032757273875176907
42,2,73,0.0022630132734775543,HARALICK5,0.01725621148943901
42,2,74,0.002226969227194786,HARALICK5,0.004873494617640972
42,2,75,0.002211344428360462,HARALICK5,0.00023784524819348007
42,2,76,0.0021828545723110437,HARALICK5,0.0017133477376773953
42,2,77,0.0021345538552850485,HARALICK5,0.0034681179095059633
42,2,78,0.0020936126820743084,HARALICK5,0.008676804602146149
42,2,79,0.0020757876336574554,HARALICK5,0.0036542636808007956
42,2,80,0.001970372162759304,HARALICK5,0.0029682833701372147
42,2,81,0.0019591539166867733,HARALICK5,0.004204124677926302
42,2,82,0.0019319114508107305,HARALICK5,0.006794174667447805
42,2,83,0.0019118930213153362,HARALICK5,0.006340211257338524
42,2,84,0.0018732933094725013,HARALICK5,0.00413199607282877
42,2,85,0.0018521451856940985,HARALICK5,0.005022221244871616
42,2,86,0.0018195020966231823,HARALICK5,0.0010251922067254782
42,2,87,0.0017948546446859837,HARALICK5,0.0033138487488031387
42,2,88,0.0017634447431191802,HARALICK5,0.004931041970849037
42,2,89,0.0017489537131041288,HARALICK5,0.0015005915192887187
42,2,90,0.001724658184684813,HARALICK5,0.005105297546833754
42,2,91,0.0016884063370525837,HARALICK5,0.011561319231987
42,2,92,0.0016575073823332787,HARALICK5,0.004705036524683237
42,2,93,0.0016198670491576195,HARALICK5,0.0013052667491137981
42,2,94,0.0015862383879721165,HARALICK5,0.013029343448579311
42,2,95,0.0015564127825200558,HARALICK5,0.00452937837690115
42,2,96,0.0015433876542374492,HARALICK5,0.009806366637349129
42,2,97,0.001534201088361442,HARALICK5,0.028978070244193077
42,2,98,0.0014853263273835182,HARALICK5,0.006473436951637268
42,2,99,0.001472417265176773,HARALICK5,0.001956497086212039
42,2,100,0.0014441836392506957,HARALICK5,0.0064605227671563625
42,2,101,0.0014280437026172876,HARALICK5,0.0016974774189293385
42,2,102,0.0014033184852451086,HARALICK5,0.0029798580799251795
42,2,103,0.0013888146495446563,HARALICK5,0.0017956877127289772
42,2,104,0.0013807655777782202,HARALICK5,0.001183221349492669
42,2,105,0.0013595304917544127,HARALICK5,0.008246516808867455
42,2,106,0.0013022730126976967,HARALICK5,0.002741479780524969
42,2,107,0.0012949634110555053,HARALICK5,0.008813869208097458
42,2,108,0.001281382399611175,HARALICK5,0.0009990680264309049
42,2,109,0.0012695720652118325,HARALICK5,0.005309949163347483
42,2,110,0.0012335299979895353,HARALICK5,0.0010531086008995771
42,2,111,0.0012254526372998953,HARALICK5,0.004953001160174608
42,2,112,0.001199586782604456,HARALICK5,0.0018997408915311098
42,2,113,0.0011922006960958242,HARALICK5,0.011742666363716125
42,2,114,0.0011757324682548642,HARALICK5,0.008001030422747135
42,2,115,0.0011525218142196536,HARALICK5,0.007875306531786919
42,2,116,0.001144206733442843,HARALICK5,0.003988990560173988
42,2,117,0.0011238843435421586,HARALICK5,0.006710524205118418
42,2,118,0.0010939635103568435,HARALICK5,0.0010671720374375582
42,2,119,0.0010667809983715415,HARALICK5,0.0014363267691805959
42,2,120,0.0010488422121852636,HARALICK5,0.0013880839105695486
42,2,121,0.0010196404764428735,HARALICK5,0.008398737758398056
42,2,122,0.001009649015031755,HARALICK5,0.007692527491599321
42,2,123,0.0009945607744157314,HARALICK5,0.004136689007282257
42,2,124,0.00097739789634943,HARALICK5,0.003260340541601181
42,2,125,0.0009655549074523151,HARALICK5,0.004743590950965881
42,2,126,0.0009555111173540354,HARALICK5,0.0035722567699849606
42,2,127,0.0009274898329749703,HARALICK5,0.0014020358212292194
42,2,128,0.0009060633601620793,HARALICK5,0.0019832479301840067
42,2,1,0.1163710430264473,ALL_HANDCRAFTED32,0.12726743519306183
42,2,2,0.06509233266115189,ALL_HANDCRAFTED32,0.03685404360294342
42,2,3,0.0570516474545002,ALL_HANDCRAFTED32,0.021543022245168686
42,2,4,0.05423630401492119,ALL_HANDCRAFTED32,0.029291823506355286
42,2,5,0.03793890401721001,ALL_HANDCRAFTED32,0.017236120998859406
42,2,6,0.03151291236281395,ALL_HANDCRAFTED32,0.02922668494284153
42,2,7,0.03075067512691021,ALL_HANDCRAFTED32,0.058033138513565063
42,2,8,0.0265001580119133,ALL_HANDCRAFTED32,0.023292217403650284
42,2,9,0.022697413340210915,ALL_HANDCRAFTED32,0.03443843126296997
42,2,10,0.020331954583525658,ALL_HANDCRAFTED32,0.011418935842812061
42,2,11,0.018986642360687256,ALL_HANDCRAFTED32,0.0070824287831783295
42,2,12,0.018055668100714684,ALL_HANDCRAFTED32,0.017691180109977722
42,2,13,0.01638820394873619,ALL_HANDCRAFTED32,0.04028235748410225
42,2,14,0.015152310952544212,ALL_HANDCRAFTED32,0.01684994250535965
42,2,15,0.013376964256167412,ALL_HANDCRAFTED32,0.059365469962358475
42,2,16,0.012431442737579346,ALL_HANDCRAFTED32,0.009825803339481354
42,2,17,0.011783071793615818,ALL_HANDCRAFTED32,0.035753630101680756
42,2,18,0.011291938833892345,ALL_HANDCRAFTED32,0.04216304421424866
42,2,19,0.010720226913690567,ALL_HANDCRAFTED32,0.04690264165401459
42,2,20,0.01060955785214901,ALL_HANDCRAFTED32,0.054573897272348404
42,2,21,0.009862121194601059,ALL_HANDCRAFTED32,0.025559432804584503
42,2,22,0.009510226547718048,ALL_HANDCRAFTED32,0.026461616158485413
42,2,23,0.008787451311945915,ALL_HANDCRAFTED32,0.01937074027955532
42,2,24,0.008191978558897972,ALL_HANDCRAFTED32,0.03267160803079605
42,2,25,0.007774719502776861,ALL_HANDCRAFTED32,0.029548048973083496
42,2,26,0.007463637739419937,ALL_HANDCRAFTED32,0.006741299293935299
42,2,27,0.007287045009434223,ALL_HANDCRAFTED32,0.01412821002304554
42,2,28,0.007049499545246363,ALL_HANDCRAFTED32,0.01754438690841198
42,2,29,0.006830502301454544,ALL_HANDCRAFTED32,0.04473172128200531
42,2,30,0.006573687773197889,ALL_HANDCRAFTED32,0.10285604745149612
42,2,31,0.006288256496191025,ALL_HANDCRAFTED32,0.021873250603675842
42,2,32,0.006002763286232948,ALL_HANDCRAFTED32,0.015867194160819054
42,2,33,0.005981942638754845,ALL_HANDCRAFTED32,0.018661722540855408
42,2,34,0.0058843474835157394,ALL_HANDCRAFTED32,0.04590214788913727
42,2,35,0.005694505758583546,ALL_HANDCRAFTED32,0.025539938360452652
42,2,36,0.005556578282266855,ALL_HANDCRAFTED32,0.05995958298444748
42,2,37,0.005362821277230978,ALL_HANDCRAFTED32,0.0582394152879715
42,2,38,0.005303461570292711,ALL_HANDCRAFTED32,0.015067878179252148
42,2,39,0.005061647389084101,ALL_HANDCRAFTED32,0.06837324053049088
42,2,40,0.004842924419790506,ALL_HANDCRAFTED32,0.04023568704724312
42,2,41,0.0047509740106761456,ALL_HANDCRAFTED32,0.02157575637102127
42,2,42,0.004528974182903767,ALL_HANDCRAFTED32,0.02835944853723049
42,2,43,0.004375843796879053,ALL_HANDCRAFTED32,0.015336788259446621
42,2,44,0.004255021922290325,ALL_HANDCRAFTED32,0.013814958743751049
42,2,45,0.004208619240671396,ALL_HANDCRAFTED32,0.017044231295585632
42,2,46,0.004083175212144852,ALL_HANDCRAFTED32,0.018712293356657028
42,2,47,0.003955055959522724,ALL_HANDCRAFTED32,0.01163298636674881
42,2,48,0.003888459177687764,ALL_HANDCRAFTED32,0.04128473252058029
42,2,49,0.0037925695069134235,ALL_HANDCRAFTED32,0.05783636122941971
42,2,50,0.0037667052820324898,ALL_HANDCRAFTED32,0.016699276864528656
42,2,51,0.003627938684076071,ALL_HANDCRAFTED32,0.02362535148859024
42,2,52,0.0035642129369080067,ALL_HANDCRAFTED32,0.032165300101041794
42,2,53,0.003449456999078393,ALL_HANDCRAFTED32,0.010187379084527493
42,2,54,0.0034005881752818823,ALL_HANDCRAFTED32,0.014975935220718384
42,2,55,0.003396420506760478,ALL_HANDCRAFTED32,0.04097898676991463
42,2,56,0.003325174329802394,ALL_HANDCRAFTED32,0.022278204560279846
42,2,57,0.003206866094842553,ALL_HANDCRAFTED32,0.023466672748327255
42,2,58,0.003166204784065485,ALL_HANDCRAFTED32,0.020120274275541306
42,2,59,0.00308625097386539,ALL_HANDCRAFTED32,0.02299383468925953
42,2,60,0.003005942329764366,ALL_HANDCRAFTED32,0.04227685183286667
42,2,61,0.002907318063080311,ALL_HANDCRAFTED32,0.015765761956572533
42,2,62,0.0028589600697159767,ALL_HANDCRAFTED32,0.0408853255212307
42,2,63,0.0028199334628880024,ALL_HANDCRAFTED32,0.04016107693314552
42,2,64,0.002759780501946807,ALL_HANDCRAFTED32,0.020189592614769936
42,2,65,0.0027246172539889812,ALL_HANDCRAFTED32,0.0246444009244442
42,2,66,0.0026776143349707127,ALL_HANDCRAFTED32,0.014367942698299885
42,2,67,0.0026187351904809475,ALL_HANDCRAFTED32,0.03076205775141716
42,2,68,0.002549487864598632,ALL_HANDCRAFTED32,0.02679263800382614
42,2,69,0.0024585621431469917,ALL_HANDCRAFTED32,0.026390869170427322
42,2,70,0.002353625139221549,ALL_HANDCRAFTED32,0.05093810334801674
42,2,71,0.002323588589206338,ALL_HANDCRAFTED32,0.009121784009039402
42,2,72,0.002296645427122712,ALL_HANDCRAFTED32,0.011912951245903969
42,2,73,0.0022630132734775543,ALL_HANDCRAFTED32,0.028277944773435593
42,2,74,0.002226969227194786,ALL_HANDCRAFTED32,0.024051327258348465
42,2,75,0.002211344428360462,ALL_HANDCRAFTED32,0.014968553557991982
42,2,76,0.0021828545723110437,ALL_HANDCRAFTED32,0.02066730335354805
42,2,77,0.0021345538552850485,ALL_HANDCRAFTED32,0.020925939083099365
42,2,78,0.0020936126820743084,ALL_HANDCRAFTED32,0.021612249314785004
42,2,79,0.0020757876336574554,ALL_HANDCRAFTED32,0.028824731707572937
42,2,80,0.001970372162759304,ALL_HANDCRAFTED32,0.01313299685716629
42,2,81,0.0019591539166867733,ALL_HANDCRAFTED32,0.013487739488482475
42,2,82,0.0019319114508107305,ALL_HANDCRAFTED32,0.01790749281644821
42,2,83,0.0019118930213153362,ALL_HANDCRAFTED32,0.02086501568555832
42,2,84,0.0018732933094725013,ALL_HANDCRAFTED32,0.029737109318375587
42,2,85,0.0018521451856940985,ALL_HANDCRAFTED32,0.029668685048818588
42,2,86,0.0018195020966231823,ALL_HANDCRAFTED32,0.028157878667116165
42,2,87,0.0017948546446859837,ALL_HANDCRAFTED32,0.02182789146900177
42,2,88,0.0017634447431191802,ALL_HANDCRAFTED32,0.019895901903510094
42,2,89,0.0017489537131041288,ALL_HANDCRAFTED32,0.011464953422546387
42,2,90,0.001724658184684813,ALL_HANDCRAFTED32,0.024213502183556557
42,2,91,0.0016884063370525837,ALL_HANDCRAFTED32,0.037040915340185165
42,2,92,0.0016575073823332787,ALL_HANDCRAFTED32,0.05645276606082916
42,2,93,0.0016198670491576195,ALL_HANDCRAFTED32,0.011842730455100536
42,2,94,0.0015862383879721165,ALL_HANDCRAFTED32,0.030331598594784737
42,2,95,0.0015564127825200558,ALL_HANDCRAFTED32,0.010701711289584637
42,2,96,0.0015433876542374492,ALL_HANDCRAFTED32,0.02501010335981846
42,2,97,0.001534201088361442,ALL_HANDCRAFTED32,0.06153688579797745
42,2,98,0.0014853263273835182,ALL_HANDCRAFTED32,0.030708223581314087
42,2,99,0.001472417265176773,ALL_HANDCRAFTED32,0.018490474671125412
42,2,100,0.0014441836392506957,ALL_HANDCRAFTED32,0.02103491686284542
42,2,101,0.0014280437026172876,ALL_HANDCRAFTED32,0.012578615918755531
42,2,102,0.0014033184852451086,ALL_HANDCRAFTED32,0.013780687004327774
42,2,103,0.0013888146495446563,ALL_HANDCRAFTED32,0.0137622756883502
42,2,104,0.0013807655777782202,ALL_HANDCRAFTED32,0.023251738399267197
42,2,105,0.0013595304917544127,ALL_HANDCRAFTED32,0.023458397015929222
42,2,106,0.0013022730126976967,ALL_HANDCRAFTED32,0.014442794024944305
42,2,107,0.0012949634110555053,ALL_HANDCRAFTED32,0.014193374663591385
42,2,108,0.001281382399611175,ALL_HANDCRAFTED32,0.01543286070227623
42,2,109,0.0012695720652118325,ALL_HANDCRAFTED32,0.02760492078959942
42,2,110,0.0012335299979895353,ALL_HANDCRAFTED32,0.01245062705129385
42,2,111,0.0012254526372998953,ALL_HANDCRAFTED32,0.020283032208681107
42,2,112,0.001199586782604456,ALL_HANDCRAFTED32,0.01659569889307022
42,2,113,0.0011922006960958242,ALL_HANDCRAFTED32,0.02220086008310318
42,2,114,0.0011757324682548642,ALL_HANDCRAFTED32,0.014456210657954216
42,2,115,0.0011525218142196536,ALL_HANDCRAFTED32,0.019496861845254898
42,2,116,0.001144206733442843,ALL_HANDCRAFTED32,0.014845151454210281
42,2,117,0.0011238843435421586,ALL_HANDCRAFTED32,0.024848565459251404
42,2,118,0.0010939635103568435,ALL_HANDCRAFTED32,0.028115933761000633
42,2,119,0.0010667809983715415,ALL_HANDCRAFTED32,0.009260567836463451
42,2,120,0.0010488422121852636,ALL_HANDCRAFTED32,0.018214186653494835
42,2,121,0.0010196404764428735,ALL_HANDCRAFTED32,0.03149069845676422
42,2,122,0.001009649015031755,ALL_HANDCRAFTED32,0.02519669383764267
42,2,123,0.0009945607744157314,ALL_HANDCRAFTED32,0.028907163068652153
42,2,124,0.00097739789634943,ALL_HANDCRAFTED32,0.019950956106185913
42,2,125,0.0009655549074523151,ALL_HANDCRAFTED32,0.015576755627989769
42,2,126,0.0009555111173540354,ALL_HANDCRAFTED32,0.01912720501422882
42,2,127,0.0009274898329749703,ALL_HANDCRAFTED32,0.023161131888628006
42,2,128,0.0009060633601620793,ALL_HANDCRAFTED32,0.024803100153803825
42,2,1,0.1163710430264473,VIT768,0.8727325201034546
42,2,2,0.06509233266115189,VIT768,0.9631463289260864
42,2,3,0.0570516474545002,VIT768,0.9784576892852783
42,2,4,0.05423630401492119,VIT768,0.9707092642784119
42,2,5,0.03793890401721001,VIT768,0.9827640056610107
42,2,6,0.03151291236281395,VIT768,0.9707736372947693
42,2,7,0.03075067512691021,VIT768,0.9419667720794678
42,2,8,0.0265001580119133,VIT768,0.9767070412635803
42,2,9,0.022697413340210915,VIT768,0.9655611515045166
42,2,10,0.020331954583525658,VIT768,0.9885812997817993
42,2,11,0.018986642360687256,VIT768,0.992918074131012
42,2,12,0.018055668100714684,VIT768,0.9823087453842163
42,2,13,0.01638820394873619,VIT768,0.9597172737121582
42,2,14,0.015152310952544212,VIT768,0.9831506013870239
42,2,15,0.013376964256167412,VIT768,0.9406341314315796
42,2,16,0.012431442737579346,VIT768,0.990174412727356
42,2,17,0.011783071793615818,VIT768,0.9642462134361267
42,2,18,0.011291938833892345,VIT768,0.9578379392623901
42,2,19,0.010720226913690567,VIT768,0.9530971050262451
42,2,20,0.01060955785214901,VIT768,0.9454261064529419
42,2,21,0.009862121194601059,VIT768,0.9744406938552856
42,2,22,0.009510226547718048,VIT768,0.9735385179519653
42,2,23,0.008787451311945915,VIT768,0.980629563331604
42,2,24,0.008191978558897972,VIT768,0.9673285484313965
42,2,25,0.007774719502776861,VIT768,0.970452070236206
42,2,26,0.007463637739419937,VIT768,0.9932594299316406
42,2,27,0.007287045009434223,VIT768,0.9858720898628235
42,2,28,0.007049499545246363,VIT768,0.9824557304382324
42,2,29,0.006830502301454544,VIT768,0.9552682638168335
42,2,30,0.006573687773197889,VIT768,0.8971441984176636
42,2,31,0.006288256496191025,VIT768,0.9781262874603271
42,2,32,0.006002763286232948,VIT768,0.9841327667236328
42,2,33,0.005981942638754845,VIT768,0.9813387393951416
42,2,34,0.0058843474835157394,VIT768,0.954098105430603
42,2,35,0.005694505758583546,VIT768,0.9744597673416138
42,2,36,0.005556578282266855,VIT768,0.9400401711463928
42,2,37,0.005362821277230978,VIT768,0.9417605996131897
42,2,38,0.005303461570292711,VIT768,0.9849323034286499
42,2,39,0.005061647389084101,VIT768,0.9316267371177673
42,2,40,0.004842924419790506,VIT768,0.9597649574279785
42,2,41,0.0047509740106761456,VIT768,0.9784243106842041
42,2,42,0.004528974182903767,VIT768,0.9716407060623169
42,2,43,0.004375843796879053,VIT768,0.9846621751785278
42,2,44,0.004255021922290325,VIT768,0.9861843585968018
42,2,45,0.004208619240671396,VIT768,0.9829556941986084
42,2,46,0.004083175212144852,VIT768,0.981287956237793
42,2,47,0.003955055959522724,VIT768,0.9883668422698975
42,2,48,0.003888459177687764,VIT768,0.9587152004241943
42,2,49,0.0037925695069134235,VIT768,0.9421638250350952
42,2,50,0.0037667052820324898,VIT768,0.9833005666732788
42,2,51,0.003627938684076071,VIT768,0.9763749837875366
42,2,52,0.0035642129369080067,VIT768,0.9678347110748291
42,2,53,0.003449456999078393,VIT768,0.9898127317428589
42,2,54,0.0034005881752818823,VIT768,0.9850240349769592
42,2,55,0.003396420506760478,VIT768,0.9590209722518921
42,2,56,0.003325174329802394,VIT768,0.9777218103408813
42,2,57,0.003206866094842553,VIT768,0.9765334129333496
42,2,58,0.003166204784065485,VIT768,0.9798798561096191
42,2,59,0.00308625097386539,VIT768,0.9770062565803528
42,2,60,0.003005942329764366,VIT768,0.9577232599258423
42,2,61,0.002907318063080311,VIT768,0.9842339754104614
42,2,62,0.0028589600697159767,VIT768,0.9591141939163208
42,2,63,0.0028199334628880024,VIT768,0.9598387479782104
42,2,64,0.002759780501946807,VIT768,0.9798109531402588
42,2,65,0.0027246172539889812,VIT768,0.9753553867340088
42,2,66,0.0026776143349707127,VIT768,0.9856319427490234
42,2,67,0.0026187351904809475,VIT768,0.9692378640174866
42,2,68,0.002549487864598632,VIT768,0.9732072949409485
42,2,69,0.0024585621431469917,VIT768,0.9736090302467346
42,2,70,0.002353625139221549,VIT768,0.949061930179596
42,2,71,0.002323588589206338,VIT768,0.990878164768219
42,2,72,0.002296645427122712,VIT768,0.9880874156951904
42,2,73,0.0022630132734775543,VIT768,0.9717222452163696
42,2,74,0.002226969227194786,VIT768,0.9759491682052612
42,2,75,0.002211344428360462,VIT768,0.9850313067436218
42,2,76,0.0021828545723110437,VIT768,0.979332685470581
42,2,77,0.0021345538552850485,VIT768,0.9790737628936768
42,2,78,0.0020936126820743084,VIT768,0.9783879518508911
42,2,79,0.0020757876336574554,VIT768,0.9711753129959106
42,2,80,0.001970372162759304,VIT768,0.9868670105934143
42,2,81,0.0019591539166867733,VIT768,0.9865124821662903
42,2,82,0.0019319114508107305,VIT768,0.982092559337616
42,2,83,0.0019118930213153362,VIT768,0.9791350364685059
42,2,84,0.0018732933094725013,VIT768,0.9702627658843994
42,2,85,0.0018521451856940985,VIT768,0.9703312516212463
42,2,86,0.0018195020966231823,VIT768,0.9718421697616577
42,2,87,0.0017948546446859837,VIT768,0.9781719446182251
42,2,88,0.0017634447431191802,VIT768,0.9801039099693298
42,2,89,0.0017489537131041288,VIT768,0.9885349273681641
42,2,90,0.001724658184684813,VIT768,0.9757862091064453
42,2,91,0.0016884063370525837,VIT768,0.9629588723182678
42,2,92,0.0016575073823332787,VIT768,0.9435470700263977
42,2,93,0.0016198670491576195,VIT768,0.9881575107574463
42,2,94,0.0015862383879721165,VIT768,0.9696685075759888
42,2,95,0.0015564127825200558,VIT768,0.9892982840538025
42,2,96,0.0015433876542374492,VIT768,0.9749899506568909
42,2,97,0.001534201088361442,VIT768,0.9384628534317017
42,2,98,0.0014853263273835182,VIT768,0.9692914485931396
42,2,99,0.001472417265176773,VIT768,0.9815095663070679
42,2,100,0.0014441836392506957,VIT768,0.9789649248123169
42,2,101,0.0014280437026172876,VIT768,0.9874212741851807
42,2,102,0.0014033184852451086,VIT768,0.9862194061279297
42,2,103,0.0013888146495446563,VIT768,0.9862370491027832
42,2,104,0.0013807655777782202,VIT768,0.9767479300498962
42,2,105,0.0013595304917544127,VIT768,0.9765415191650391
42,2,106,0.0013022730126976967,VIT768,0.9855568408966064
42,2,107,0.0012949634110555053,VIT768,0.9858064651489258
42,2,108,0.001281382399611175,VIT768,0.9845670461654663
42,2,109,0.0012695720652118325,VIT768,0.9723951816558838
42,2,110,0.0012335299979895353,VIT768,0.9875494241714478
42,2,111,0.0012254526372998953,VIT768,0.9797171354293823
42,2,112,0.001199586782604456,VIT768,0.9834040403366089
42,2,113,0.0011922006960958242,VIT768,0.9777990579605103
42,2,114,0.0011757324682548642,VIT768,0.9855433106422424
42,2,115,0.0011525218142196536,VIT768,0.9805026650428772
42,2,116,0.001144206733442843,VIT768,0.9851549863815308
42,2,117,0.0011238843435421586,VIT768,0.975151538848877
42,2,118,0.0010939635103568435,VIT768,0.9718843102455139
42,2,119,0.0010667809983715415,VIT768,0.9907394647598267
42,2,120,0.0010488422121852636,VIT768,0.9817856550216675
42,2,121,0.0010196404764428735,VIT768,0.9685094356536865
42,2,122,0.001009649015031755,VIT768,0.9748029708862305
42,2,123,0.0009945607744157314,VIT768,0.971092700958252
42,2,124,0.00097739789634943,VIT768,0.9800488948822021
42,2,125,0.0009655549074523151,VIT768,0.9844231009483337
42,2,126,0.0009555111173540354,VIT768,0.9808726906776428
42,2,127,0.0009274898329749703,VIT768,0.9768390655517578
42,2,128,0.0009060633601620793,VIT768,0.9751964211463928
42,3,1,0.11305741220712662,COLOR9,0.015190504491329193
42,3,2,0.06276914477348328,COLOR9,0.00798613391816616
42,3,3,0.05824081599712372,COLOR9,0.005907482001930475
42,3,4,0.05720853433012962,COLOR9,0.020436028018593788
42,3,5,0.03867359459400177,COLOR9,0.0033168524969369173
42,3,6,0.032263971865177155,COLOR9,0.03195677697658539
42,3,7,0.031443532556295395,COLOR9,0.005924534052610397
42,3,8,0.026264604181051254,COLOR9,0.01640923321247101
42,3,9,0.02456407994031906,COLOR9,0.0011181101435795426
42,3,10,0.02094186097383499,COLOR9,0.0030302037484943867
42,3,11,0.019144702702760696,COLOR9,0.0015103903133422136
42,3,12,0.01803569681942463,COLOR9,0.010921974666416645
42,3,13,0.01572738029062748,COLOR9,0.008958270773291588
42,3,14,0.01487461756914854,COLOR9,0.018368534743785858
42,3,15,0.013099784962832928,COLOR9,0.023017842322587967
42,3,16,0.013030601665377617,COLOR9,0.007568745873868465
42,3,17,0.01212628185749054,COLOR9,0.007725763134658337
42,3,18,0.011724392883479595,COLOR9,0.0030075463000684977
42,3,19,0.010674714110791683,COLOR9,0.006149339023977518
42,3,20,0.009888076223433018,COLOR9,0.012703176587820053
42,3,21,0.009690719656646252,COLOR9,0.015581125393509865
42,3,22,0.008980310522019863,COLOR9,0.0069482168182730675
42,3,23,0.008640657179057598,COLOR9,0.01485908217728138
42,3,24,0.00827048160135746,COLOR9,0.011942345649003983
42,3,25,0.007931734435260296,COLOR9,0.0027254249434918165
42,3,26,0.007713801227509975,COLOR9,0.006799019407480955
42,3,27,0.007133555598556995,COLOR9,0.007815391756594181
42,3,28,0.006900405511260033,COLOR9,0.0029641040600836277
42,3,29,0.0068542794324457645,COLOR9,0.007074214518070221
42,3,30,0.006658485159277916,COLOR9,0.01235284749418497
42,3,31,0.0064668841660022736,COLOR9,0.02298266813158989
42,3,32,0.006153704132884741,COLOR9,0.009953401982784271
42,3,33,0.006046179682016373,COLOR9,0.004809762351214886
42,3,34,0.005754746962338686,COLOR9,0.008107943460345268
42,3,35,0.005475828889757395,COLOR9,0.022997748106718063
42,3,36,0.005255689844489098,COLOR9,0.011371145956218243
42,3,37,0.005080563481897116,COLOR9,0.011688965372741222
42,3,38,0.004935281816869974,COLOR9,0.014752877876162529
42,3,39,0.004825192969292402,COLOR9,0.014525774866342545
42,3,40,0.004752945154905319,COLOR9,0.011229227297008038
42,3,41,0.0046313172206282616,COLOR9,0.005623817443847656
42,3,42,0.0045189023949205875,COLOR9,0.009157760068774223
42,3,43,0.0044636232778429985,COLOR9,0.03369278088212013
42,3,44,0.004233939107507467,COLOR9,0.02441258542239666
42,3,45,0.004184071905910969,COLOR9,0.012157241813838482
42,3,46,0.0040306998416781425,COLOR9,0.004479032009840012
42,3,47,0.003952054772526026,COLOR9,0.016632460057735443
42,3,48,0.003900137497112155,COLOR9,0.0011704614153131843
42,3,49,0.0037047117948532104,COLOR9,0.007536696270108223
42,3,50,0.003674265695735812,COLOR9,0.004170078784227371
42,3,51,0.003552011912688613,COLOR9,0.003997437655925751
42,3,52,0.0034981495700776577,COLOR9,0.004125666804611683
42,3,53,0.0034263143315911293,COLOR9,0.018430940806865692
42,3,54,0.0033379809465259314,COLOR9,0.010191905312240124
42,3,55,0.003290037624537945,COLOR9,0.008021892979741096
42,3,56,0.003248521825298667,COLOR9,0.02330019138753414
42,3,57,0.003148038173094392,COLOR9,0.012510998174548149
42,3,58,0.0031266002915799618,COLOR9,0.0026807221584022045
42,3,59,0.0030989344231784344,COLOR9,0.003999038133770227
42,3,60,0.002967106644064188,COLOR9,0.027100887149572372
42,3,61,0.002864859066903591,COLOR9,0.0024716167245060205
42,3,62,0.0028478577733039856,COLOR9,0.007130814716219902
42,3,63,0.002786154393106699,COLOR9,0.024473953992128372
42,3,64,0.002655681222677231,COLOR9,0.004925895947962999
42,3,65,0.0026405584067106247,COLOR9,0.014718045480549335
42,3,66,0.00261838105507195,COLOR9,0.00415189191699028
42,3,67,0.002562119159847498,COLOR9,0.006465278100222349
42,3,68,0.0024774190969765186,COLOR9,0.009516538120806217
42,3,69,0.002457247581332922,COLOR9,0.017144836485385895
42,3,70,0.002422267571091652,COLOR9,0.009286218322813511
42,3,71,0.002385340631008148,COLOR9,0.0321645624935627
42,3,72,0.0023337192833423615,COLOR9,0.006825802847743034
42,3,73,0.002330148359760642,COLOR9,0.0099077383056283
42,3,74,0.0022333075758069754,COLOR9,0.0023853378370404243
42,3,75,0.0021794778294861317,COLOR9,0.002674942370504141
42,3,76,0.0021109681110829115,COLOR9,0.005110014695674181
42,3,77,0.0021001140121370554,COLOR9,0.017237350344657898
42,3,78,0.0020674567203968763,COLOR9,0.013913908042013645
42,3,79,0.0020396141335368156,COLOR9,0.008805446326732635
42,3,80,0.0020189143251627684,COLOR9,0.01934875175356865
42,3,81,0.0019668377935886383,COLOR9,0.021000633016228676
42,3,82,0.0019471868872642517,COLOR9,0.00784030556678772
42,3,83,0.001912623760290444,COLOR9,0.008751023560762405
42,3,84,0.001859036972746253,COLOR9,0.005367674399167299
42,3,85,0.001846930244937539,COLOR9,0.005394198931753635
42,3,86,0.001836584648117423,COLOR9,0.02464916557073593
42,3,87,0.001791681512258947,COLOR9,0.005751517601311207
42,3,88,0.001766516943462193,COLOR9,0.013355972245335579
42,3,89,0.00175044487696141,COLOR9,0.00669908756390214
42,3,90,0.0016878463793545961,COLOR9,0.017657747492194176
42,3,91,0.0016639474779367447,COLOR9,0.009796330705285072
42,3,92,0.0016471510753035545,COLOR9,0.013090100139379501
42,3,93,0.0016383040929213166,COLOR9,0.010354745201766491
42,3,94,0.001613263157196343,COLOR9,0.00859011895954609
42,3,95,0.0015751956962049007,COLOR9,0.014910929836332798
42,3,96,0.0015562521293759346,COLOR9,0.006659913808107376
42,3,97,0.0015069815563037992,COLOR9,0.012634825892746449
42,3,98,0.0014884923584759235,COLOR9,0.01490246132016182
42,3,99,0.001456063357181847,COLOR9,0.016363007947802544
42,3,100,0.0014375196769833565,COLOR9,0.008496169000864029
42,3,101,0.0014222055906429887,COLOR9,0.006049393676221371
42,3,102,0.001398891326971352,COLOR9,0.008018182590603828
42,3,103,0.001388215459883213,COLOR9,0.012859445065259933
42,3,104,0.0013725588796660304,COLOR9,0.01334824413061142
42,3,105,0.0013344998005777597,COLOR9,0.007931342348456383
42,3,106,0.001320825656875968,COLOR9,0.0061643486842513084
42,3,107,0.0012916465057060122,COLOR9,0.008603248745203018
42,3,108,0.0012476311530917883,COLOR9,0.005103067494928837
42,3,109,0.0012446778127923608,COLOR9,0.015895230695605278
42,3,110,0.0012207615654915571,COLOR9,0.014948654919862747
42,3,111,0.001198882469907403,COLOR9,0.011449161916971207
42,3,112,0.0011819747742265463,COLOR9,0.0032207886688411236
42,3,113,0.001147430157288909,COLOR9,0.009999781847000122
42,3,114,0.0011353601003065705,COLOR9,0.010394404642283916
42,3,115,0.0011242736363783479,COLOR9,0.0039277817122638226
42,3,116,0.0011003593681380153,COLOR9,0.007836857810616493
42,3,117,0.0010782043682411313,COLOR9,0.0029327566735446453
42,3,118,0.001056778826750815,COLOR9,0.00870432984083891
42,3,119,0.0010475320741534233,COLOR9,0.017491281032562256
42,3,120,0.0010237067472189665,COLOR9,0.016012126579880714
42,3,121,0.0010079805506393313,COLOR9,0.007761036977171898
42,3,122,0.0009954811539500952,COLOR9,0.00514336209744215
42,3,123,0.0009856884134933352,COLOR9,0.012366784736514091
42,3,124,0.000970209832303226,COLOR9,0.021385181695222855
42,3,125,0.0009545600623823702,COLOR9,0.002277199411764741
42,3,126,0.0009447847260162234,COLOR9,0.011714008636772633
42,3,127,0.0009186605457216501,COLOR9,0.008184214122593403
42,3,128,0.0009105547214858234,COLOR9,0.009974467568099499
42,3,1,0.11305741220712662,LBP18,0.10566738247871399
42,3,2,0.06276914477348328,LBP18,0.008258835412561893
42,3,3,0.05824081599712372,LBP18,0.0005876790964975953
42,3,4,0.05720853433012962,LBP18,0.017438191920518875
42,3,5,0.03867359459400177,LBP18,0.0013417688896879554
42,3,6,0.032263971865177155,LBP18,0.01802237331867218
42,3,7,0.031443532556295395,LBP18,0.03392711281776428
42,3,8,0.026264604181051254,LBP18,0.0026098964735865593
42,3,9,0.02456407994031906,LBP18,0.02090075984597206
42,3,10,0.02094186097383499,LBP18,0.008037971332669258
42,3,11,0.019144702702760696,LBP18,0.002000276930630207
42,3,12,0.01803569681942463,LBP18,0.009973115287721157
42,3,13,0.01572738029062748,LBP18,0.007637813687324524
42,3,14,0.01487461756914854,LBP18,0.02726956643164158
42,3,15,0.013099784962832928,LBP18,0.03302845358848572
42,3,16,0.013030601665377617,LBP18,0.030720438808202744
42,3,17,0.01212628185749054,LBP18,0.0017213524552062154
42,3,18,0.011724392883479595,LBP18,0.0011072616325691342
42,3,19,0.010674714110791683,LBP18,0.023783883079886436
42,3,20,0.009888076223433018,LBP18,0.007602956611663103
42,3,21,0.009690719656646252,LBP18,0.004567264579236507
42,3,22,0.008980310522019863,LBP18,0.00595905352383852
42,3,23,0.008640657179057598,LBP18,0.02341541461646557
42,3,24,0.00827048160135746,LBP18,0.018025733530521393
42,3,25,0.007931734435260296,LBP18,0.011877174489200115
42,3,26,0.007713801227509975,LBP18,0.04781637340784073
42,3,27,0.007133555598556995,LBP18,0.008396747522056103
42,3,28,0.006900405511260033,LBP18,0.010823424905538559
42,3,29,0.0068542794324457645,LBP18,0.007081527728587389
42,3,30,0.006658485159277916,LBP18,0.05675754323601723
42,3,31,0.0064668841660022736,LBP18,0.05829160287976265
42,3,32,0.006153704132884741,LBP18,0.015324770472943783
42,3,33,0.006046179682016373,LBP18,0.0011509077157825232
42,3,34,0.005754746962338686,LBP18,0.0178056713193655
42,3,35,0.005475828889757395,LBP18,0.022096017375588417
42,3,36,0.005255689844489098,LBP18,0.008203696459531784
42,3,37,0.005080563481897116,LBP18,0.01540359016507864
42,3,38,0.004935281816869974,LBP18,0.02001110091805458
42,3,39,0.004825192969292402,LBP18,0.005498129408806562
42,3,40,0.004752945154905319,LBP18,0.03043377585709095
42,3,41,0.0046313172206282616,LBP18,0.0029473768081516027
42,3,42,0.0045189023949205875,LBP18,0.012967918068170547
42,3,43,0.0044636232778429985,LBP18,0.004489827901124954
42,3,44,0.004233939107507467,LBP18,0.015554580837488174
42,3,45,0.004184071905910969,LBP18,0.004994987975805998
42,3,46,0.0040306998416781425,LBP18,0.023692378774285316
42,3,47,0.003952054772526026,LBP18,0.01105559803545475
42,3,48,0.003900137497112155,LBP18,0.0049629430286586285
42,3,49,0.0037047117948532104,LBP18,0.005694959312677383
42,3,50,0.003674265695735812,LBP18,0.001844010315835476
42,3,51,0.003552011912688613,LBP18,0.011810919269919395
42,3,52,0.0034981495700776577,LBP18,0.01608959771692753
42,3,53,0.0034263143315911293,LBP18,0.01724947988986969
42,3,54,0.0033379809465259314,LBP18,0.005067277699708939
42,3,55,0.003290037624537945,LBP18,0.009593374095857143
42,3,56,0.003248521825298667,LBP18,0.005609162617474794
42,3,57,0.003148038173094392,LBP18,0.014130888506770134
42,3,58,0.0031266002915799618,LBP18,0.002712448826059699
42,3,59,0.0030989344231784344,LBP18,0.003238229313865304
42,3,60,0.002967106644064188,LBP18,0.007080594543367624
42,3,61,0.002864859066903591,LBP18,0.004190515261143446
42,3,62,0.0028478577733039856,LBP18,0.010228851810097694
42,3,63,0.002786154393106699,LBP18,0.020908597856760025
42,3,64,0.002655681222677231,LBP18,0.0038984734565019608
42,3,65,0.0026405584067106247,LBP18,0.003910469822585583
42,3,66,0.00261838105507195,LBP18,0.014453192241489887
42,3,67,0.002562119159847498,LBP18,0.021289711818099022
42,3,68,0.0024774190969765186,LBP18,0.0021617470774799585
42,3,69,0.002457247581332922,LBP18,0.01742864027619362
42,3,70,0.002422267571091652,LBP18,0.011587615124881268
42,3,71,0.002385340631008148,LBP18,0.0013013110728934407
42,3,72,0.0023337192833423615,LBP18,0.01847035251557827
42,3,73,0.002330148359760642,LBP18,0.0030872453935444355
42,3,74,0.0022333075758069754,LBP18,0.008326893672347069
42,3,75,0.0021794778294861317,LBP18,0.010368132963776588
42,3,76,0.0021109681110829115,LBP18,0.0036994442343711853
42,3,77,0.0021001140121370554,LBP18,0.004433183465152979
42,3,78,0.0020674567203968763,LBP18,0.002434349153190851
42,3,79,0.0020396141335368156,LBP18,0.002047514310106635
42,3,80,0.0020189143251627684,LBP18,0.004119228571653366
42,3,81,0.0019668377935886383,LBP18,0.0034429095685482025
42,3,82,0.0019471868872642517,LBP18,0.006800898816436529
42,3,83,0.001912623760290444,LBP18,0.007276451680809259
42,3,84,0.001859036972746253,LBP18,0.0034840048756450415
42,3,85,0.001846930244937539,LBP18,0.0037101826164871454
42,3,86,0.001836584648117423,LBP18,0.005719732027500868
42,3,87,0.001791681512258947,LBP18,0.002852356992661953
42,3,88,0.001766516943462193,LBP18,0.008881701156497002
42,3,89,0.00175044487696141,LBP18,0.0032040532678365707
42,3,90,0.0016878463793545961,LBP18,0.0026894405018538237
42,3,91,0.0016639474779367447,LBP18,0.002100498415529728
42,3,92,0.0016471510753035545,LBP18,0.005837372504174709
42,3,93,0.0016383040929213166,LBP18,0.0008609631913714111
42,3,94,0.001613263157196343,LBP18,0.006532344035804272
42,3,95,0.0015751956962049007,LBP18,0.0026214467361569405
42,3,96,0.0015562521293759346,LBP18,0.00768318260088563
42,3,97,0.0015069815563037992,LBP18,0.0021669671405106783
42,3,98,0.0014884923584759235,LBP18,0.02091439813375473
42,3,99,0.001456063357181847,LBP18,0.0034957381431013346
42,3,100,0.0014375196769833565,LBP18,0.016122078523039818
42,3,101,0.0014222055906429887,LBP18,0.0014933173079043627
42,3,102,0.001398891326971352,LBP18,0.0006532549159601331
42,3,103,0.001388215459883213,LBP18,0.001658851746469736
42,3,104,0.0013725588796660304,LBP18,0.0010553949978202581
42,3,105,0.0013344998005777597,LBP18,0.005603874567896128
42,3,106,0.001320825656875968,LBP18,0.005897485185414553
42,3,107,0.0012916465057060122,LBP18,0.003082994371652603
42,3,108,0.0012476311530917883,LBP18,0.005524071399122477
42,3,109,0.0012446778127923608,LBP18,0.003591844579204917
42,3,110,0.0012207615654915571,LBP18,0.02194325253367424
42,3,111,0.001198882469907403,LBP18,0.009978653863072395
42,3,112,0.0011819747742265463,LBP18,0.010257151909172535
42,3,113,0.001147430157288909,LBP18,0.0010055680759251118
42,3,114,0.0011353601003065705,LBP18,0.0029688584618270397
42,3,115,0.0011242736363783479,LBP18,0.004841250367462635
42,3,116,0.0011003593681380153,LBP18,0.0032305761706084013
42,3,117,0.0010782043682411313,LBP18,0.011670393869280815
42,3,118,0.001056778826750815,LBP18,0.005268782377243042
42,3,119,0.0010475320741534233,LBP18,0.006360222585499287
42,3,120,0.0010237067472189665,LBP18,0.0053123231045901775
42,3,121,0.0010079805506393313,LBP18,0.004608073737472296
42,3,122,0.0009954811539500952,LBP18,0.016473237425088882
42,3,123,0.0009856884134933352,LBP18,0.0042928061448037624
42,3,124,0.000970209832303226,LBP18,0.0032454996835440397
42,3,125,0.0009545600623823702,LBP18,0.007513165008276701
42,3,126,0.0009447847260162234,LBP18,0.007830428890883923
42,3,127,0.0009186605457216501,LBP18,0.0048600053414702415
42,3,128,0.0009105547214858234,LBP18,0.002578487852588296
42,3,1,0.11305741220712662,HARALICK5,0.006350149866193533
42,3,2,0.06276914477348328,HARALICK5,0.018775813281536102
42,3,3,0.05824081599712372,HARALICK5,0.0012434308882802725
42,3,4,0.05720853433012962,HARALICK5,0.01566379889845848
42,3,5,0.03867359459400177,HARALICK5,0.0006234366446733475
42,3,6,0.032263971865177155,HARALICK5,0.000713788322173059
42,3,7,0.031443532556295395,HARALICK5,0.007423656526952982
42,3,8,0.026264604181051254,HARALICK5,0.0016586558194831014
42,3,9,0.02456407994031906,HARALICK5,0.0047449651174247265
42,3,10,0.02094186097383499,HARALICK5,0.003754732431843877
42,3,11,0.019144702702760696,HARALICK5,0.0012327483855187893
42,3,12,0.01803569681942463,HARALICK5,0.006867235526442528
42,3,13,0.01572738029062748,HARALICK5,0.006420828867703676
42,3,14,0.01487461756914854,HARALICK5,0.008263356052339077
42,3,15,0.013099784962832928,HARALICK5,0.008271011523902416
42,3,16,0.013030601665377617,HARALICK5,0.0018775813514366746
42,3,17,0.01212628185749054,HARALICK5,0.0013319487916305661
42,3,18,0.011724392883479595,HARALICK5,0.0007009000983089209
42,3,19,0.010674714110791683,HARALICK5,0.0010179153177887201
42,3,20,0.009888076223433018,HARALICK5,0.005715603940188885
42,3,21,0.009690719656646252,HARALICK5,0.009378666989505291
42,3,22,0.008980310522019863,HARALICK5,0.002725894097238779
42,3,23,0.008640657179057598,HARALICK5,0.0016099823405966163
42,3,24,0.00827048160135746,HARALICK5,0.0019643527921289206
42,3,25,0.007931734435260296,HARALICK5,0.0090969018638134
42,3,26,0.007713801227509975,HARALICK5,0.008471721783280373
42,3,27,0.007133555598556995,HARALICK5,0.00411385390907526
42,3,28,0.006900405511260033,HARALICK5,0.0070000020787119865
42,3,29,0.0068542794324457645,HARALICK5,0.006183386780321598
42,3,30,0.006658485159277916,HARALICK5,0.029491672292351723
42,3,31,0.0064668841660022736,HARALICK5,0.01129631046205759
42,3,32,0.006153704132884741,HARALICK5,0.007104227785021067
42,3,33,0.006046179682016373,HARALICK5,0.004651947878301144
42,3,34,0.005754746962338686,HARALICK5,0.001099862507544458
42,3,35,0.005475828889757395,HARALICK5,0.004682666156440973
42,3,36,0.005255689844489098,HARALICK5,0.000765336852055043
42,3,37,0.005080563481897116,HARALICK5,0.014104695059359074
42,3,38,0.004935281816869974,HARALICK5,0.0020329810213297606
42,3,39,0.004825192969292402,HARALICK5,0.0010905624367296696
42,3,40,0.004752945154905319,HARALICK5,0.008357941173017025
42,3,41,0.0046313172206282616,HARALICK5,0.002844988601282239
42,3,42,0.0045189023949205875,HARALICK5,0.0033227424137294292
42,3,43,0.0044636232778429985,HARALICK5,0.0014863117830827832
42,3,44,0.004233939107507467,HARALICK5,0.004661113489419222
42,3,45,0.004184071905910969,HARALICK5,0.0016339401481673121
42,3,46,0.0040306998416781425,HARALICK5,0.0012230208376422524
42,3,47,0.003952054772526026,HARALICK5,0.005014609545469284
42,3,48,0.003900137497112155,HARALICK5,0.0018271449953317642
42,3,49,0.0037047117948532104,HARALICK5,0.0011056549847126007
42,3,50,0.003674265695735812,HARALICK5,0.0012633638689294457
42,3,51,0.003552011912688613,HARALICK5,0.0035298659931868315
42,3,52,0.0034981495700776577,HARALICK5,0.006061806343495846
42,3,53,0.0034263143315911293,HARALICK5,0.006593047641217709
42,3,54,0.0033379809465259314,HARALICK5,0.006322350353002548
42,3,55,0.003290037624537945,HARALICK5,0.015979908406734467
42,3,56,0.003248521825298667,HARALICK5,0.012234814465045929
42,3,57,0.003148038173094392,HARALICK5,0.008565976284444332
42,3,58,0.0031266002915799618,HARALICK5,0.002248303033411503
42,3,59,0.0030989344231784344,HARALICK5,9.584540384821594e-05
42,3,60,0.002967106644064188,HARALICK5,0.010916962288320065
42,3,61,0.002864859066903591,HARALICK5,0.004633722826838493
42,3,62,0.0028478577733039856,HARALICK5,0.017692867666482925
42,3,63,0.002786154393106699,HARALICK5,0.00481171440333128
42,3,64,0.002655681222677231,HARALICK5,0.007191096898168325
42,3,65,0.0026405584067106247,HARALICK5,0.01609351672232151
42,3,66,0.00261838105507195,HARALICK5,0.001817929558455944
42,3,67,0.002562119159847498,HARALICK5,0.002474141540005803
42,3,68,0.0024774190969765186,HARALICK5,0.0016437387093901634
42,3,69,0.002457247581332922,HARALICK5,0.0011254746932536364
42,3,70,0.002422267571091652,HARALICK5,0.0023114250507205725
42,3,71,0.002385340631008148,HARALICK5,0.0018568035447970033
42,3,72,0.0023337192833423615,HARALICK5,0.007577323820441961
42,3,73,0.002330148359760642,HARALICK5,0.0007408868987113237
42,3,74,0.0022333075758069754,HARALICK5,0.006728324107825756
42,3,75,0.0021794778294861317,HARALICK5,0.003150491276755929
42,3,76,0.0021109681110829115,HARALICK5,0.0014314771397039294
42,3,77,0.0021001140121370554,HARALICK5,0.002868840703740716
42,3,78,0.0020674567203968763,HARALICK5,0.0022217941004782915
42,3,79,0.0020396141335368156,HARALICK5,0.002088810782879591
42,3,80,0.0020189143251627684,HARALICK5,0.017426516860723495
42,3,81,0.0019668377935886383,HARALICK5,0.010042382404208183
42,3,82,0.0019471868872642517,HARALICK5,0.005442723631858826
42,3,83,0.001912623760290444,HARALICK5,0.0026160399429500103
42,3,84,0.001859036972746253,HARALICK5,0.004171913489699364
42,3,85,0.001846930244937539,HARALICK5,0.007917012088000774
42,3,86,0.001836584648117423,HARALICK5,0.0032162636052817106
42,3,87,0.001791681512258947,HARALICK5,0.004849993158131838
42,3,88,0.001766516943462193,HARALICK5,0.0017949080793187022
42,3,89,0.00175044487696141,HARALICK5,0.0033739374484866858
42,3,90,0.0016878463793545961,HARALICK5,0.006316895596683025
42,3,91,0.0016639474779367447,HARALICK5,0.0019714636728167534
42,3,92,0.0016471510753035545,HARALICK5,0.004568299278616905
42,3,93,0.0016383040929213166,HARALICK5,0.003276403062045574
42,3,94,0.001613263157196343,HARALICK5,0.018140925094485283
42,3,95,0.0015751956962049007,HARALICK5,0.0015358871314674616
42,3,96,0.0015562521293759346,HARALICK5,0.010061489418148994
42,3,97,0.0015069815563037992,HARALICK5,0.0038307299837470055
42,3,98,0.0014884923584759235,HARALICK5,0.0024894645903259516
42,3,99,0.001456063357181847,HARALICK5,0.002423329511657357
42,3,100,0.0014375196769833565,HARALICK5,0.0031376732513308525
42,3,101,0.0014222055906429887,HARALICK5,0.010355564765632153
42,3,102,0.001398891326971352,HARALICK5,0.0011927185114473104
42,3,103,0.001388215459883213,HARALICK5,0.00904332846403122
42,3,104,0.0013725588796660304,HARALICK5,0.00346153206191957
42,3,105,0.0013344998005777597,HARALICK5,0.0039797574281692505
42,3,106,0.001320825656875968,HARALICK5,0.0008891932666301727
42,3,107,0.0012916465057060122,HARALICK5,0.0047644213773310184
42,3,108,0.0012476311530917883,HARALICK5,0.009403547272086143
42,3,109,0.0012446778127923608,HARALICK5,0.0012223849771544337
42,3,110,0.0012207615654915571,HARALICK5,0.006764328572899103
42,3,111,0.001198882469907403,HARALICK5,0.009169615805149078
42,3,112,0.0011819747742265463,HARALICK5,0.0016630670288577676
42,3,113,0.001147430157288909,HARALICK5,0.0028473297134041786
42,3,114,0.0011353601003065705,HARALICK5,0.003771084127947688
42,3,115,0.0011242736363783479,HARALICK5,0.0011109390761703253
42,3,116,0.0011003593681380153,HARALICK5,0.00920058786869049
42,3,117,0.0010782043682411313,HARALICK5,0.003087925724685192
42,3,118,0.001056778826750815,HARALICK5,0.0020052995532751083
42,3,119,0.0010475320741534233,HARALICK5,0.009432449005544186
42,3,120,0.0010237067472189665,HARALICK5,0.0038398979231715202
42,3,121,0.0010079805506393313,HARALICK5,0.007426176220178604
42,3,122,0.0009954811539500952,HARALICK5,0.001547382678836584
42,3,123,0.0009856884134933352,HARALICK5,0.007775463163852692
42,3,124,0.000970209832303226,HARALICK5,0.004336130805313587
42,3,125,0.0009545600623823702,HARALICK5,0.003359197871759534
42,3,126,0.0009447847260162234,HARALICK5,0.022499118000268936
42,3,127,0.0009186605457216501,HARALICK5,0.025199662894010544
42,3,128,0.0009105547214858234,HARALICK5,0.014164681546390057
42,3,1,0.11305741220712662,ALL_HANDCRAFTED32,0.12720803916454315
42,3,2,0.06276914477348328,ALL_HANDCRAFTED32,0.03502078354358673
42,3,3,0.05824081599712372,ALL_HANDCRAFTED32,0.007738592103123665
42,3,4,0.05720853433012962,ALL_HANDCRAFTED32,0.05353802070021629
42,3,5,0.03867359459400177,ALL_HANDCRAFTED32,0.005282057914882898
42,3,6,0.032263971865177155,ALL_HANDCRAFTED32,0.05069293826818466
42,3,7,0.031443532556295395,ALL_HANDCRAFTED32,0.047275297343730927
42,3,8,0.026264604181051254,ALL_HANDCRAFTED32,0.020677784457802773
42,3,9,0.02456407994031906,ALL_HANDCRAFTED32,0.026763834059238434
42,3,10,0.02094186097383499,ALL_HANDCRAFTED32,0.014822907745838165
42,3,11,0.019144702702760696,ALL_HANDCRAFTED32,0.004743415862321854
42,3,12,0.01803569681942463,ALL_HANDCRAFTED32,0.02776232734322548
42,3,13,0.01572738029062748,ALL_HANDCRAFTED32,0.0230169128626585
42,3,14,0.01487461756914854,ALL_HANDCRAFTED32,0.05390146002173424
42,3,15,0.013099784962832928,ALL_HANDCRAFTED32,0.06431730091571808
42,3,16,0.013030601665377617,ALL_HANDCRAFTED32,0.040166765451431274
42,3,17,0.01212628185749054,ALL_HANDCRAFTED32,0.010779064148664474
42,3,18,0.011724392883479595,ALL_HANDCRAFTED32,0.004815707914531231
42,3,19,0.010674714110791683,ALL_HANDCRAFTED32,0.030951134860515594
42,3,20,0.009888076223433018,ALL_HANDCRAFTED32,0.026021737605333328
42,3,21,0.009690719656646252,ALL_HANDCRAFTED32,0.029527058824896812
42,3,22,0.008980310522019863,ALL_HANDCRAFTED32,0.01563316583633423
42,3,23,0.008640657179057598,ALL_HANDCRAFTED32,0.03988448157906532
42,3,24,0.00827048160135746,ALL_HANDCRAFTED32,0.03193243220448494
42,3,25,0.007931734435260296,ALL_HANDCRAFTED32,0.023699499666690826
42,3,26,0.007713801227509975,ALL_HANDCRAFTED32,0.0630871057510376
42,3,27,0.007133555598556995,ALL_HANDCRAFTED32,0.02032599225640297
42,3,28,0.006900405511260033,ALL_HANDCRAFTED32,0.02078752964735031
42,3,29,0.0068542794324457645,ALL_HANDCRAFTED32,0.020339127629995346
42,3,30,0.006658485159277916,ALL_HANDCRAFTED32,0.09860207140445709
42,3,31,0.0064668841660022736,ALL_HANDCRAFTED32,0.09257057309150696
42,3,32,0.006153704132884741,ALL_HANDCRAFTED32,0.03238240256905556
42,3,33,0.006046179682016373,ALL_HANDCRAFTED32,0.010612618178129196
42,3,34,0.005754746962338686,ALL_HANDCRAFTED32,0.027013476938009262
42,3,35,0.005475828889757395,ALL_HANDCRAFTED32,0.049776434898376465
42,3,36,0.005255689844489098,ALL_HANDCRAFTED32,0.02034018002450466
42,3,37,0.005080563481897116,ALL_HANDCRAFTED32,0.04119724780321121
42,3,38,0.004935281816869974,ALL_HANDCRAFTED32,0.03679696097970009
42,3,39,0.004825192969292402,ALL_HANDCRAFTED32,0.021114466711878777
42,3,40,0.004752945154905319,ALL_HANDCRAFTED32,0.05002094805240631
42,3,41,0.0046313172206282616,ALL_HANDCRAFTED32,0.011416182853281498
42,3,42,0.0045189023949205875,ALL_HANDCRAFTED32,0.025448419153690338
42,3,43,0.0044636232778429985,ALL_HANDCRAFTED32,0.039668917655944824
42,3,44,0.004233939107507467,ALL_HANDCRAFTED32,0.04462828114628792
42,3,45,0.004184071905910969,ALL_HANDCRAFTED32,0.018786169588565826
42,3,46,0.0040306998416781425,ALL_HANDCRAFTED32,0.02939443103969097
42,3,47,0.003952054772526026,ALL_HANDCRAFTED32,0.032702669501304626
42,3,48,0.003900137497112155,ALL_HANDCRAFTED32,0.007960550487041473
42,3,49,0.0037047117948532104,ALL_HANDCRAFTED32,0.014337310567498207
42,3,50,0.003674265695735812,ALL_HANDCRAFTED32,0.007277452852576971
42,3,51,0.003552011912688613,ALL_HANDCRAFTED32,0.019338222220540047
42,3,52,0.0034981495700776577,ALL_HANDCRAFTED32,0.026277072727680206
42,3,53,0.0034263143315911293,ALL_HANDCRAFTED32,0.04227346554398537
42,3,54,0.0033379809465259314,ALL_HANDCRAFTED32,0.021581534296274185
42,3,55,0.003290037624537945,ALL_HANDCRAFTED32,0.03359517455101013
42,3,56,0.003248521825298667,ALL_HANDCRAFTED32,0.04114416986703873
42,3,57,0.003148038173094392,ALL_HANDCRAFTED32,0.03520786017179489
42,3,58,0.0031266002915799618,ALL_HANDCRAFTED32,0.007641473785042763
42,3,59,0.0030989344231784344,ALL_HANDCRAFTED32,0.0073331124149262905
42,3,60,0.002967106644064188,ALL_HANDCRAFTED32,0.0450984463095665
42,3,61,0.002864859066903591,ALL_HANDCRAFTED32,0.011295855045318604
42,3,62,0.0028478577733039856,ALL_HANDCRAFTED32,0.03505253419280052
42,3,63,0.002786154393106699,ALL_HANDCRAFTED32,0.05019426345825195
42,3,64,0.002655681222677231,ALL_HANDCRAFTED32,0.016015466302633286
42,3,65,0.0026405584067106247,ALL_HANDCRAFTED32,0.03472203016281128
42,3,66,0.00261838105507195,ALL_HANDCRAFTED32,0.02042301371693611
42,3,67,0.002562119159847498,ALL_HANDCRAFTED32,0.030229132622480392
42,3,68,0.0024774190969765186,ALL_HANDCRAFTED32,0.01332202460616827
42,3,69,0.002457247581332922,ALL_HANDCRAFTED32,0.03569895029067993
42,3,70,0.002422267571091652,ALL_HANDCRAFTED32,0.023185258731245995
42,3,71,0.002385340631008148,ALL_HANDCRAFTED32,0.035322681069374084
42,3,72,0.0023337192833423615,ALL_HANDCRAFTED32,0.032873477786779404
42,3,73,0.002330148359760642,ALL_HANDCRAFTED32,0.013735870830714703
42,3,74,0.0022333075758069754,ALL_HANDCRAFTED32,0.01744055561721325
42,3,75,0.0021794778294861317,ALL_HANDCRAFTED32,0.016193566843867302
42,3,76,0.0021109681110829115,ALL_HANDCRAFTED32,0.010240936651825905
42,3,77,0.0021001140121370554,ALL_HANDCRAFTED32,0.024539371952414513
42,3,78,0.0020674567203968763,ALL_HANDCRAFTED32,0.018570050597190857
42,3,79,0.0020396141335368156,ALL_HANDCRAFTED32,0.012941772118210793
42,3,80,0.0020189143251627684,ALL_HANDCRAFTED32,0.04089450091123581
42,3,81,0.0019668377935886383,ALL_HANDCRAFTED32,0.03448592126369476
42,3,82,0.0019471868872642517,ALL_HANDCRAFTED32,0.020083926618099213
42,3,83,0.001912623760290444,ALL_HANDCRAFTED32,0.018643515184521675
42,3,84,0.001859036972746253,ALL_HANDCRAFTED32,0.013023591600358486
42,3,85,0.001846930244937539,ALL_HANDCRAFTED32,0.01702139340341091
42,3,86,0.001836584648117423,ALL_HANDCRAFTED32,0.033585160970687866
42,3,87,0.001791681512258947,ALL_HANDCRAFTED32,0.01345386728644371
42,3,88,0.001766516943462193,ALL_HANDCRAFTED32,0.024032581597566605
42,3,89,0.00175044487696141,ALL_HANDCRAFTED32,0.013277078978717327
42,3,90,0.0016878463793545961,ALL_HANDCRAFTED32,0.02666408196091652
42,3,91,0.0016639474779367447,ALL_HANDCRAFTED32,0.013868292793631554
42,3,92,0.0016471510753035545,ALL_HANDCRAFTED32,0.02349577099084854
42,3,93,0.0016383040929213166,ALL_HANDCRAFTED32,0.014492111280560493
42,3,94,0.001613263157196343,ALL_HANDCRAFTED32,0.03326338902115822
42,3,95,0.0015751956962049007,ALL_HANDCRAFTED32,0.019068263471126556
42,3,96,0.0015562521293759346,ALL_HANDCRAFTED32,0.024404585361480713
42,3,97,0.0015069815563037992,ALL_HANDCRAFTED32,0.018632523715496063
42,3,98,0.0014884923584759235,ALL_HANDCRAFTED32,0.03830632567405701
42,3,99,0.001456063357181847,ALL_HANDCRAFTED32,0.022282076999545097
42,3,100,0.0014375196769833565,ALL_HANDCRAFTED32,0.027755919843912125
42,3,101,0.0014222055906429887,ALL_HANDCRAFTED32,0.017898276448249817
42,3,102,0.001398891326971352,ALL_HANDCRAFTED32,0.009864156134426594
42,3,103,0.001388215459883213,ALL_HANDCRAFTED32,0.02356162667274475
42,3,104,0.0013725588796660304,ALL_HANDCRAFTED32,0.017865169793367386
42,3,105,0.0013344998005777597,ALL_HANDCRAFTED32,0.017514973878860474
42,3,106,0.001320825656875968,ALL_HANDCRAFTED32,0.012951026670634747
42,3,107,0.0012916465057060122,ALL_HANDCRAFTED32,0.0164506658911705
42,3,108,0.0012476311530917883,ALL_HANDCRAFTED32,0.020030684769153595
42,3,109,0.0012446778127923608,ALL_HANDCRAFTED32,0.020709460601210594
42,3,110,0.0012207615654915571,ALL_HANDCRAFTED32,0.04365623742341995
42,3,111,0.001198882469907403,ALL_HANDCRAFTED32,0.03059743158519268
42,3,112,0.0011819747742265463,ALL_HANDCRAFTED32,0.01514100655913353
42,3,113,0.001147430157288909,ALL_HANDCRAFTED32,0.01385267823934555
42,3,114,0.0011353601003065705,ALL_HANDCRAFTED32,0.017134346067905426
42,3,115,0.0011242736363783479,ALL_HANDCRAFTED32,0.00987997092306614
42,3,116,0.0011003593681380153,ALL_HANDCRAFTED32,0.020268023014068604
42,3,117,0.0010782043682411313,ALL_HANDCRAFTED32,0.017691075801849365
42,3,118,0.001056778826750815,ALL_HANDCRAFTED32,0.015978410840034485
42,3,119,0.0010475320741534233,ALL_HANDCRAFTED32,0.03328394889831543
42,3,120,0.0010237067472189665,ALL_HANDCRAFTED32,0.025164347141981125
42,3,121,0.0010079805506393313,ALL_HANDCRAFTED32,0.019795287400484085
42,3,122,0.0009954811539500952,ALL_HANDCRAFTED32,0.02316398173570633
42,3,123,0.0009856884134933352,ALL_HANDCRAFTED32,0.024435054510831833
42,3,124,0.000970209832303226,ALL_HANDCRAFTED32,0.028966810554265976
42,3,125,0.0009545600623823702,ALL_HANDCRAFTED32,0.01314956322312355
42,3,126,0.0009447847260162234,ALL_HANDCRAFTED32,0.04204355180263519
42,3,127,0.0009186605457216501,ALL_HANDCRAFTED32,0.03824388235807419
42,3,128,0.0009105547214858234,ALL_HANDCRAFTED32,0.026717636734247208
42,3,1,0.11305741220712662,VIT768,0.8727925419807434
42,3,2,0.06276914477348328,VIT768,0.9649786949157715
42,3,3,0.05824081599712372,VIT768,0.9922618269920349
42,3,4,0.05720853433012962,VIT768,0.9464617967605591
42,3,5,0.03867359459400177,VIT768,0.9947186708450317
42,3,6,0.032263971865177155,VIT768,0.9493070244789124
42,3,7,0.031443532556295395,VIT768,0.9527243375778198
42,3,8,0.026264604181051254,VIT768,0.9793214797973633
42,3,9,0.02456407994031906,VIT768,0.9732363224029541
42,3,10,0.02094186097383499,VIT768,0.9851765632629395
42,3,11,0.019144702702760696,VIT768,0.9952560663223267
42,3,12,0.01803569681942463,VIT768,0.9722369909286499
42,3,13,0.01572738029062748,VIT768,0.976982831954956
42,3,14,0.01487461756914854,VIT768,0.9460983276367188
42,3,15,0.013099784962832928,VIT768,0.9356832504272461
42,3,16,0.013030601665377617,VIT768,0.9598329067230225
42,3,17,0.01212628185749054,VIT768,0.9892206192016602
42,3,18,0.011724392883479595,VIT768,0.9951845407485962
42,3,19,0.010674714110791683,VIT768,0.9690489172935486
42,3,20,0.009888076223433018,VIT768,0.9739785194396973
42,3,21,0.009690719656646252,VIT768,0.9704735279083252
42,3,22,0.008980310522019863,VIT768,0.9843669533729553
42,3,23,0.008640657179057598,VIT768,0.9601153135299683
42,3,24,0.00827048160135746,VIT768,0.9680674076080322
42,3,25,0.007931734435260296,VIT768,0.976300835609436
42,3,26,0.007713801227509975,VIT768,0.9369133114814758
42,3,27,0.007133555598556995,VIT768,0.9796737432479858
42,3,28,0.006900405511260033,VIT768,0.97921222448349
42,3,29,0.0068542794324457645,VIT768,0.9796606302261353
42,3,30,0.006658485159277916,VIT768,0.9013984203338623
42,3,31,0.0064668841660022736,VIT768,0.9074293375015259
42,3,32,0.006153704132884741,VIT768,0.9676175117492676
42,3,33,0.006046179682016373,VIT768,0.989387035369873
42,3,34,0.005754746962338686,VIT768,0.9729865193367004
42,3,35,0.005475828889757395,VIT768,0.9502226710319519
42,3,36,0.005255689844489098,VIT768,0.9796592593193054
42,3,37,0.005080563481897116,VIT768,0.9588026404380798
42,3,38,0.004935281816869974,VIT768,0.9632028341293335
42,3,39,0.004825192969292402,VIT768,0.978885293006897
42,3,40,0.004752945154905319,VIT768,0.9499785900115967
42,3,41,0.0046313172206282616,VIT768,0.9885837435722351
42,3,42,0.0045189023949205875,VIT768,0.9745512008666992
42,3,43,0.0044636232778429985,VIT768,0.9603310227394104
42,3,44,0.004233939107507467,VIT768,0.9553718566894531
42,3,45,0.004184071905910969,VIT768,0.9812139272689819
42,3,46,0.0040306998416781425,VIT768,0.9706056118011475
42,3,47,0.003952054772526026,VIT768,0.9672971367835999
42,3,48,0.003900137497112155,VIT768,0.9920390248298645
42,3,49,0.0037047117948532104,VIT768,0.9856626987457275
42,3,50,0.003674265695735812,VIT768,0.9927224516868591
42,3,51,0.003552011912688613,VIT768,0.9806615114212036
42,3,52,0.0034981495700776577,VIT768,0.9737225770950317
42,3,53,0.0034263143315911293,VIT768,0.9577262997627258
42,3,54,0.0033379809465259314,VIT768,0.978418231010437
42,3,55,0.003290037624537945,VIT768,0.9664047360420227
42,3,56,0.003248521825298667,VIT768,0.9588556885719299
42,3,57,0.003148038173094392,VIT768,0.9647925496101379
42,3,58,0.0031266002915799618,VIT768,0.9923583269119263
42,3,59,0.0030989344231784344,VIT768,0.9926666021347046
42,3,60,0.002967106644064188,VIT768,0.9549024105072021
42,3,61,0.002864859066903591,VIT768,0.9887049198150635
42,3,62,0.0028478577733039856,VIT768,0.9649474620819092
42,3,63,0.002786154393106699,VIT768,0.9498056173324585
42,3,64,0.002655681222677231,VIT768,0.9839848279953003
42,3,65,0.0026405584067106247,VIT768,0.965278148651123
42,3,66,0.00261838105507195,VIT768,0.9795771241188049
42,3,67,0.002562119159847498,VIT768,0.9697706699371338
42,3,68,0.0024774190969765186,VIT768,0.9866775274276733
42,3,69,0.002457247581332922,VIT768,0.9643016457557678
42,3,70,0.002422267571091652,VIT768,0.9768152236938477
42,3,71,0.002385340631008148,VIT768,0.964677095413208
42,3,72,0.0023337192833423615,VIT768,0.9671273231506348
42,3,73,0.002330148359760642,VIT768,0.9862639904022217
42,3,74,0.0022333075758069754,VIT768,0.982559323310852
42,3,75,0.0021794778294861317,VIT768,0.9838063716888428
42,3,76,0.0021109681110829115,VIT768,0.9897593855857849
42,3,77,0.0021001140121370554,VIT768,0.9754611253738403
42,3,78,0.0020674567203968763,VIT768,0.9814297556877136
42,3,79,0.0020396141335368156,VIT768,0.9870582818984985
42,3,80,0.0020189143251627684,VIT768,0.9591060876846313
42,3,81,0.0019668377935886383,VIT768,0.9655139446258545
42,3,82,0.0019471868872642517,VIT768,0.9799162745475769
42,3,83,0.001912623760290444,VIT768,0.9813562631607056
42,3,84,0.001859036972746253,VIT768,0.9869768619537354
42,3,85,0.001846930244937539,VIT768,0.9829789400100708
42,3,86,0.001836584648117423,VIT768,0.9664148688316345
42,3,87,0.001791681512258947,VIT768,0.9865464568138123
42,3,88,0.001766516943462193,VIT768,0.9759677052497864
42,3,89,0.00175044487696141,VIT768,0.9867228865623474
42,3,90,0.0016878463793545961,VIT768,0.9733358025550842
42,3,91,0.0016639474779367447,VIT768,0.9861310720443726
42,3,92,0.0016471510753035545,VIT768,0.976503849029541
42,3,93,0.0016383040929213166,VIT768,0.9855077862739563
42,3,94,0.001613263157196343,VIT768,0.9667366743087769
42,3,95,0.0015751956962049007,VIT768,0.9809310436248779
42,3,96,0.0015562521293759346,VIT768,0.9755954146385193
42,3,97,0.0015069815563037992,VIT768,0.9813673496246338
42,3,98,0.0014884923584759235,VIT768,0.9616934657096863
42,3,99,0.001456063357181847,VIT768,0.9777178168296814
42,3,100,0.0014375196769833565,VIT768,0.9722437858581543
42,3,101,0.0014222055906429887,VIT768,0.982101321220398
42,3,102,0.001398891326971352,VIT768,0.990135669708252
42,3,103,0.001388215459883213,VIT768,0.9764387607574463
42,3,104,0.0013725588796660304,VIT768,0.9821349382400513
42,3,105,0.0013344998005777597,VIT768,0.9824854731559753
42,3,106,0.001320825656875968,VIT768,0.9870488047599792
42,3,107,0.0012916465057060122,VIT768,0.9835492372512817
42,3,108,0.0012476311530917883,VIT768,0.9799691438674927
42,3,109,0.0012446778127923608,VIT768,0.9792903661727905
42,3,110,0.0012207615654915571,VIT768,0.9563436508178711
42,3,111,0.001198882469907403,VIT768,0.9694029092788696
42,3,112,0.0011819747742265463,VIT768,0.9848588109016418
42,3,113,0.001147430157288909,VIT768,0.9861471652984619
42,3,114,0.0011353601003065705,VIT768,0.9828656315803528
42,3,115,0.0011242736363783479,VIT768,0.9901199340820312
42,3,116,0.0011003593681380153,VIT768,0.9797317385673523
42,3,117,0.0010782043682411313,VIT768,0.9823088645935059
42,3,118,0.001056778826750815,VIT768,0.9840216040611267
42,3,119,0.0010475320741534233,VIT768,0.9667159914970398
42,3,120,0.0010237067472189665,VIT768,0.9748356342315674
42,3,121,0.0010079805506393313,VIT768,0.980204701423645
42,3,122,0.0009954811539500952,VIT768,0.9768357872962952
42,3,123,0.0009856884134933352,VIT768,0.9755649566650391
42,3,124,0.000970209832303226,VIT768,0.9710332155227661
42,3,125,0.0009545600623823702,VIT768,0.9868502616882324
42,3,126,0.0009447847260162234,VIT768,0.957956075668335
42,3,127,0.0009186605457216501,VIT768,0.9617562294006348
42,3,128,0.0009105547214858234,VIT768,0.9732823371887207
42,4,1,0.11874261498451233,COLOR9,0.01713075116276741
42,4,2,0.06277289986610413,COLOR9,0.00701230438426137
42,4,3,0.05676913261413574,COLOR9,0.00571119599044323
42,4,4,0.05457884445786476,COLOR9,0.02070237509906292
42,4,5,0.03727782517671585,COLOR9,0.018779287114739418
42,4,6,0.031174786388874054,COLOR9,0.012773722410202026
42,4,7,0.029691573232412338,COLOR9,0.00574092473834753
42,4,8,0.025249987840652466,COLOR9,0.013229689560830593
42,4,9,0.023663979023694992,COLOR9,0.005240409169346094
42,4,10,0.021136989817023277,COLOR9,0.0014031240716576576
42,4,11,0.019309943541884422,COLOR9,0.003886611433699727
42,4,12,0.01738620549440384,COLOR9,0.011369144544005394
42,4,13,0.015187258832156658,COLOR9,0.013966679573059082
42,4,14,0.014461630024015903,COLOR9,0.010178156197071075
42,4,15,0.013234618119895458,COLOR9,0.013290908187627792
42,4,16,0.012554949149489403,COLOR9,0.01526641845703125
42,4,17,0.011897822842001915,COLOR9,0.007050303276628256
42,4,18,0.011644651181995869,COLOR9,0.004253163933753967
42,4,19,0.011455053463578224,COLOR9,0.0040910071693360806
42,4,20,0.010406947694718838,COLOR9,0.015256010927259922
42,4,21,0.010060956701636314,COLOR9,0.02137874811887741
42,4,22,0.009597268886864185,COLOR9,0.009602210484445095
42,4,23,0.008852832950651646,COLOR9,0.009060213342308998
42,4,24,0.008666477166116238,COLOR9,0.007525505498051643
42,4,25,0.0080958791077137,COLOR9,0.0044847517274320126
42,4,26,0.007727873977273703,COLOR9,0.006291739176958799
42,4,27,0.007297167554497719,COLOR9,0.008719027042388916
42,4,28,0.007135042455047369,COLOR9,0.016094321385025978
42,4,29,0.0069342791102826595,COLOR9,0.006988088600337505
42,4,30,0.006593226920813322,COLOR9,0.00524955615401268
42,4,31,0.006143690086901188,COLOR9,0.022457433864474297
42,4,32,0.005965797696262598,COLOR9,0.015046357177197933
42,4,33,0.005854486953467131,COLOR9,0.008100788109004498
42,4,34,0.005521807819604874,COLOR9,0.0075016929768025875
42,4,35,0.005356652662158012,COLOR9,0.02175864577293396
42,4,36,0.005322923883795738,COLOR9,0.006193599198013544
42,4,37,0.005173266865313053,COLOR9,0.003969157114624977
42,4,38,0.005124401766806841,COLOR9,0.009396925568580627
42,4,39,0.004896812606602907,COLOR9,0.01665894314646721
42,4,40,0.004714389331638813,COLOR9,0.006973563227802515
42,4,41,0.004606506787240505,COLOR9,0.009569571353495121
42,4,42,0.004534960258752108,COLOR9,0.010831134393811226
42,4,43,0.0044989269226789474,COLOR9,0.010512392967939377
42,4,44,0.004425778053700924,COLOR9,0.0022453160490840673
42,4,45,0.004204199183732271,COLOR9,0.014630869030952454
42,4,46,0.004115436226129532,COLOR9,0.01937859319150448
42,4,47,0.004020745400339365,COLOR9,0.004078661557286978
42,4,48,0.00394313782453537,COLOR9,0.013123961165547371
42,4,49,0.003907475620508194,COLOR9,0.007747400086373091
42,4,50,0.00381065858528018,COLOR9,0.01513855904340744
42,4,51,0.0037736133672297,COLOR9,0.0021064220927655697
42,4,52,0.003569249529391527,COLOR9,0.011330785229802132
42,4,53,0.0035080425441265106,COLOR9,0.007294036448001862
42,4,54,0.0034250058233737946,COLOR9,0.045678190886974335
42,4,55,0.0033596972934901714,COLOR9,0.0049826642498373985
42,4,56,0.003285762621089816,COLOR9,0.00756547786295414
42,4,57,0.0031585379038006067,COLOR9,0.00949100125581026
42,4,58,0.003138760570436716,COLOR9,0.00336837163195014
42,4,59,0.0030752718448638916,COLOR9,0.01012648269534111
42,4,60,0.002957131015136838,COLOR9,0.01164340227842331
42,4,61,0.0029247405473142862,COLOR9,0.01070252712816
42,4,62,0.0029044419061392546,COLOR9,0.012126053683459759
42,4,63,0.0028225986752659082,COLOR9,0.010124188847839832
42,4,64,0.0027691004797816277,COLOR9,0.0011748028919100761
42,4,65,0.0027319497894495726,COLOR9,0.008021650835871696
42,4,66,0.0026309206150472164,COLOR9,0.00911414809525013
42,4,67,0.002581980312243104,COLOR9,0.040220338851213455
42,4,68,0.0025612819008529186,COLOR9,0.0030662708450108767
42,4,69,0.0024598417803645134,COLOR9,0.007962429895997047
42,4,70,0.002420704113319516,COLOR9,0.019841909408569336
42,4,71,0.002391061745584011,COLOR9,0.003718783613294363
42,4,72,0.0023498330265283585,COLOR9,0.002636296208947897
42,4,73,0.002283110050484538,COLOR9,0.015320255421102047
42,4,74,0.0022608370054513216,COLOR9,0.006499311421066523
42,4,75,0.002238463843241334,COLOR9,0.019779162481427193
42,4,76,0.0022211396135389805,COLOR9,0.013905404135584831
42,4,77,0.0021776033099740744,COLOR9,0.010178049094974995
42,4,78,0.002141035860404372,COLOR9,0.0028264722786843777
42,4,79,0.002118182834237814,COLOR9,0.016692541539669037
42,4,80,0.0020584375597536564,COLOR9,0.0050952541641891
42,4,81,0.0020294080022722483,COLOR9,0.008726898580789566
42,4,82,0.0020038450602442026,COLOR9,0.005923248361796141
42,4,83,0.001957604195922613,COLOR9,0.003056233050301671
42,4,84,0.0019325361354276538,COLOR9,0.021357500925660133
42,4,85,0.0019085261737927794,COLOR9,0.0050530945882201195
42,4,86,0.0018545498605817556,COLOR9,0.022424323484301567
42,4,87,0.0018057411070913076,COLOR9,0.0026352331042289734
42,4,88,0.0017909285379573703,COLOR9,0.005980517715215683
42,4,89,0.001786275184713304,COLOR9,0.0044855461455881596
42,4,90,0.0017532093916088343,COLOR9,0.00436058733612299
42,4,91,0.0017162738367915154,COLOR9,0.017998913303017616
42,4,92,0.0016647357260808349,COLOR9,0.024028876796364784
42,4,93,0.0016420177416875958,COLOR9,0.0076774535700678825
42,4,94,0.0016223436687141657,COLOR9,0.007547483779489994
42,4,95,0.0015906706685200334,COLOR9,0.003729643067345023
42,4,96,0.0015698476927354932,COLOR9,0.009854677133262157
42,4,97,0.0015271608717739582,COLOR9,0.01539992168545723
42,4,98,0.0015045305481180549,COLOR9,0.002180113922804594
42,4,99,0.001464851782657206,COLOR9,0.006990506313741207
42,4,100,0.0014524655416607857,COLOR9,0.010416904464364052
42,4,101,0.0014472827315330505,COLOR9,0.0154326306656003
42,4,102,0.0014101358829066157,COLOR9,0.010819517076015472
42,4,103,0.0013928121188655496,COLOR9,0.011292715556919575
42,4,104,0.0013826717622578144,COLOR9,0.010515809059143066
42,4,105,0.0013338328571990132,COLOR9,0.014530017971992493
42,4,106,0.0013256961246952415,COLOR9,0.014789310283958912
42,4,107,0.0013201538240537047,COLOR9,0.009999834932386875
42,4,108,0.0013051868882030249,COLOR9,0.009025315754115582
42,4,109,0.0012729063164442778,COLOR9,0.014425836503505707
42,4,110,0.0012416169047355652,COLOR9,0.005651403218507767
42,4,111,0.0011933197965845466,COLOR9,0.012654476799070835
42,4,112,0.0011872778413817286,COLOR9,0.009869924746453762
42,4,113,0.0011661084135994315,COLOR9,0.01639462262392044
42,4,114,0.0011381120420992374,COLOR9,0.01669115573167801
42,4,115,0.0011371664004400373,COLOR9,0.013570680283010006
42,4,116,0.0011264783097431064,COLOR9,0.005682848393917084
42,4,117,0.00111244001891464,COLOR9,0.021330170333385468
42,4,118,0.0010923092486336827,COLOR9,0.009558751247823238
42,4,119,0.0010817553848028183,COLOR9,0.005121010821312666
42,4,120,0.001073064049705863,COLOR9,0.01623442955315113
42,4,121,0.0010610114550217986,COLOR9,0.010144956409931183
42,4,122,0.00103053729981184,COLOR9,0.0013622207334265113
42,4,123,0.001029095146805048,COLOR9,0.010718470439314842
42,4,124,0.0009859241545200348,COLOR9,0.024048833176493645
42,4,125,0.0009773195488378406,COLOR9,0.00240618665702641
42,4,126,0.0009636139147914946,COLOR9,0.010582961142063141
42,4,127,0.000943584309425205,COLOR9,0.015247453935444355
42,4,128,0.0009349877946078777,COLOR9,0.008233554661273956
42,4,1,0.11874261498451233,LBP18,0.10623188316822052
42,4,2,0.06277289986610413,LBP18,0.008344512432813644
42,4,3,0.05676913261413574,LBP18,0.0030357104260474443
42,4,4,0.05457884445786476,LBP18,0.0066682565957307816
42,4,5,0.03727782517671585,LBP18,0.009896860457956791
42,4,6,0.031174786388874054,LBP18,0.005835436284542084
42,4,7,0.029691573232412338,LBP18,0.035189513117074966
42,4,8,0.025249987840652466,LBP18,0.001165775116533041
42,4,9,0.023663979023694992,LBP18,0.012396463192999363
42,4,10,0.021136989817023277,LBP18,0.0049777259118855
42,4,11,0.019309943541884422,LBP18,0.0029465334955602884
42,4,12,0.01738620549440384,LBP18,0.004214098677039146
42,4,13,0.015187258832156658,LBP18,0.012826374731957912
42,4,14,0.014461630024015903,LBP18,0.001757173566147685
42,4,15,0.013234618119895458,LBP18,0.012820237316191196
42,4,16,0.012554949149489403,LBP18,0.026902109384536743
42,4,17,0.011897822842001915,LBP18,0.015592653304338455
42,4,18,0.011644651181995869,LBP18,0.02637486718595028
42,4,19,0.011455053463578224,LBP18,0.061000220477581024
42,4,20,0.010406947694718838,LBP18,0.02794564887881279
42,4,21,0.010060956701636314,LBP18,0.03045889176428318
42,4,22,0.009597268886864185,LBP18,0.0009579905308783054
42,4,23,0.008852832950651646,LBP18,0.02416871301829815
42,4,24,0.008666477166116238,LBP18,0.012057206593453884
42,4,25,0.0080958791077137,LBP18,0.0014087021118029952
42,4,26,0.007727873977273703,LBP18,0.0010043706279248
42,4,27,0.007297167554497719,LBP18,0.0006696056807413697
42,4,28,0.007135042455047369,LBP18,0.020119432359933853
42,4,29,0.0069342791102826595,LBP18,0.018819887191057205
42,4,30,0.006593226920813322,LBP18,0.04037630558013916
42,4,31,0.006143690086901188,LBP18,0.07029605656862259
42,4,32,0.005965797696262598,LBP18,0.003805458080023527
42,4,33,0.005854486953467131,LBP18,0.009367275983095169
42,4,34,0.005521807819604874,LBP18,0.018525071442127228
42,4,35,0.005356652662158012,LBP18,0.04147811606526375
42,4,36,0.005322923883795738,LBP18,0.0031715459190309048
42,4,37,0.005173266865313053,LBP18,0.014793811365962029
42,4,38,0.005124401766806841,LBP18,0.010639912448823452
42,4,39,0.004896812606602907,LBP18,0.005074788816273212
42,4,40,0.004714389331638813,LBP18,0.007809638045728207
42,4,41,0.004606506787240505,LBP18,0.0031698259990662336
42,4,42,0.004534960258752108,LBP18,0.012067770585417747
42,4,43,0.0044989269226789474,LBP18,0.016229260712862015
42,4,44,0.004425778053700924,LBP18,0.007413298822939396
42,4,45,0.004204199183732271,LBP18,0.0123218959197402
42,4,46,0.004115436226129532,LBP18,0.024782611057162285
42,4,47,0.004020745400339365,LBP18,0.009758974425494671
42,4,48,0.00394313782453537,LBP18,0.015554179437458515
42,4,49,0.003907475620508194,LBP18,0.015491235069930553
42,4,50,0.00381065858528018,LBP18,0.0055544618517160416
42,4,51,0.0037736133672297,LBP18,0.002639981685206294
42,4,52,0.003569249529391527,LBP18,0.011881006881594658
42,4,53,0.0035080425441265106,LBP18,0.011961192823946476
42,4,54,0.0034250058233737946,LBP18,0.0009577047894708812
42,4,55,0.0033596972934901714,LBP18,0.0018723949324339628
42,4,56,0.003285762621089816,LBP18,0.0029029848519712687
42,4,57,0.0031585379038006067,LBP18,0.01265200600028038
42,4,58,0.003138760570436716,LBP18,0.008604242466390133
42,4,59,0.0030752718448638916,LBP18,0.01491658017039299
42,4,60,0.002957131015136838,LBP18,0.0031656702049076557
42,4,61,0.0029247405473142862,LBP18,0.006128882989287376
42,4,62,0.0029044419061392546,LBP18,0.0073205637745559216
42,4,63,0.0028225986752659082,LBP18,0.00990098062902689
42,4,64,0.0027691004797816277,LBP18,0.0060487184673547745
42,4,65,0.0027319497894495726,LBP18,0.01766986958682537
42,4,66,0.0026309206150472164,LBP18,0.02122448943555355
42,4,67,0.002581980312243104,LBP18,0.00615603057667613
42,4,68,0.0025612819008529186,LBP18,0.01503036916255951
42,4,69,0.0024598417803645134,LBP18,0.00982140377163887
42,4,70,0.002420704113319516,LBP18,0.0036844813730567694
42,4,71,0.002391061745584011,LBP18,0.003824710613116622
42,4,72,0.0023498330265283585,LBP18,0.0010411711409687996
42,4,73,0.002283110050484538,LBP18,0.02670223079621792
42,4,74,0.0022608370054513216,LBP18,0.002275994513183832
42,4,75,0.002238463843241334,LBP18,0.007646921090781689
42,4,76,0.0022211396135389805,LBP18,0.006740548647940159
42,4,77,0.0021776033099740744,LBP18,0.0034659297671169043
42,4,78,0.002141035860404372,LBP18,0.0009183873771689832
42,4,79,0.002118182834237814,LBP18,0.0014512784546241164
42,4,80,0.0020584375597536564,LBP18,0.023191820830106735
42,4,81,0.0020294080022722483,LBP18,0.0033883992582559586
42,4,82,0.0020038450602442026,LBP18,0.0080445297062397
42,4,83,0.001957604195922613,LBP18,0.010818288661539555
42,4,84,0.0019325361354276538,LBP18,0.001915212837047875
42,4,85,0.0019085261737927794,LBP18,0.0034030319657176733
42,4,86,0.0018545498605817556,LBP18,0.0057525476440787315
42,4,87,0.0018057411070913076,LBP18,0.013998473063111305
42,4,88,0.0017909285379573703,LBP18,0.009351425804197788
42,4,89,0.001786275184713304,LBP18,0.003809519112110138
42,4,90,0.0017532093916088343,LBP18,0.0045019187964499
42,4,91,0.0017162738367915154,LBP18,0.01384995598345995
42,4,92,0.0016647357260808349,LBP18,0.006116428878158331
42,4,93,0.0016420177416875958,LBP18,0.005917926784604788
42,4,94,0.0016223436687141657,LBP18,0.004202754702419043
42,4,95,0.0015906706685200334,LBP18,0.007716076914221048
42,4,96,0.0015698476927354932,LBP18,0.010790643282234669
42,4,97,0.0015271608717739582,LBP18,0.007081074174493551
42,4,98,0.0015045305481180549,LBP18,0.0021536964923143387
42,4,99,0.001464851782657206,LBP18,0.0047690714709460735
42,4,100,0.0014524655416607857,LBP18,0.008895744569599628
42,4,101,0.0014472827315330505,LBP18,0.010680113919079304
42,4,102,0.0014101358829066157,LBP18,0.002398948185145855
42,4,103,0.0013928121188655496,LBP18,0.0056848409585654736
42,4,104,0.0013826717622578144,LBP18,0.015524373389780521
42,4,105,0.0013338328571990132,LBP18,0.01617279462516308
42,4,106,0.0013256961246952415,LBP18,0.0036690342240035534
42,4,107,0.0013201538240537047,LBP18,0.00840927567332983
42,4,108,0.0013051868882030249,LBP18,0.00781575683504343
42,4,109,0.0012729063164442778,LBP18,0.0036930900532752275
42,4,110,0.0012416169047355652,LBP18,0.01051806565374136
42,4,111,0.0011933197965845466,LBP18,0.010814941488206387
42,4,112,0.0011872778413817286,LBP18,0.017289450392127037
42,4,113,0.0011661084135994315,LBP18,0.0036135173868387938
42,4,114,0.0011381120420992374,LBP18,0.0018546822248026729
42,4,115,0.0011371664004400373,LBP18,0.002912352792918682
42,4,116,0.0011264783097431064,LBP18,0.01755700074136257
42,4,117,0.00111244001891464,LBP18,0.0027569811791181564
42,4,118,0.0010923092486336827,LBP18,0.008661019615828991
42,4,119,0.0010817553848028183,LBP18,0.003639306640252471
42,4,120,0.001073064049705863,LBP18,0.00829798448830843
42,4,121,0.0010610114550217986,LBP18,0.010035409592092037
42,4,122,0.00103053729981184,LBP18,0.005463421810418367
42,4,123,0.001029095146805048,LBP18,0.027370190247893333
42,4,124,0.0009859241545200348,LBP18,0.006465704180300236
42,4,125,0.0009773195488378406,LBP18,0.004227032419294119
42,4,126,0.0009636139147914946,LBP18,0.0033619836904108524
42,4,127,0.000943584309425205,LBP18,0.003981453832238913
42,4,128,0.0009349877946078777,LBP18,0.0023252777755260468
42,4,1,0.11874261498451233,HARALICK5,0.007055109832435846
42,4,2,0.06277289986610413,HARALICK5,0.016854725778102875
42,4,3,0.05676913261413574,HARALICK5,0.0035312597174197435
42,4,4,0.05457884445786476,HARALICK5,0.016284054145216942
42,4,5,0.03727782517671585,HARALICK5,0.0014305056538432837
42,4,6,0.031174786388874054,HARALICK5,0.00038590788608416915
42,4,7,0.029691573232412338,HARALICK5,0.006341374944895506
42,4,8,0.025249987840652466,HARALICK5,0.003926948644220829
42,4,9,0.023663979023694992,HARALICK5,0.004734476562589407
42,4,10,0.021136989817023277,HARALICK5,0.0024000536650419235
42,4,11,0.019309943541884422,HARALICK5,0.001275402493774891
42,4,12,0.01738620549440384,HARALICK5,0.0031779035925865173
42,4,13,0.015187258832156658,HARALICK5,0.0017721573822200298
42,4,14,0.014461630024015903,HARALICK5,0.006859722081571817
42,4,15,0.013234618119895458,HARALICK5,0.014440000988543034
42,4,16,0.012554949149489403,HARALICK5,0.004940916784107685
42,4,17,0.011897822842001915,HARALICK5,0.015891030430793762
42,4,18,0.011644651181995869,HARALICK5,0.0009342635748907924
42,4,19,0.011455053463578224,HARALICK5,0.008466707542538643
42,4,20,0.010406947694718838,HARALICK5,0.003922574687749147
42,4,21,0.010060956701636314,HARALICK5,0.0063245524652302265
42,4,22,0.009597268886864185,HARALICK5,0.001343174953944981
42,4,23,0.008852832950651646,HARALICK5,0.0034654131159186363
42,4,24,0.008666477166116238,HARALICK5,0.005713220685720444
42,4,25,0.0080958791077137,HARALICK5,0.0050414977595210075
42,4,26,0.007727873977273703,HARALICK5,0.0024762586690485477
42,4,27,0.007297167554497719,HARALICK5,0.0009029562352225184
42,4,28,0.007135042455047369,HARALICK5,0.007144930772483349
42,4,29,0.0069342791102826595,HARALICK5,0.006716265343129635
42,4,30,0.006593226920813322,HARALICK5,0.0033601769246160984
42,4,31,0.006143690086901188,HARALICK5,0.014003882184624672
42,4,32,0.005965797696262598,HARALICK5,0.0010971588781103492
42,4,33,0.005854486953467131,HARALICK5,0.00035940477391704917
42,4,34,0.005521807819604874,HARALICK5,0.0004352053801994771
42,4,35,0.005356652662158012,HARALICK5,0.005436941049993038
42,4,36,0.005322923883795738,HARALICK5,0.001888530794531107
42,4,37,0.005173266865313053,HARALICK5,0.0007421849295496941
42,4,38,0.005124401766806841,HARALICK5,0.004712450783699751
42,4,39,0.004896812606602907,HARALICK5,0.0021431399509310722
42,4,40,0.004714389331638813,HARALICK5,0.0031789240892976522
42,4,41,0.004606506787240505,HARALICK5,0.0030248656403273344
42,4,42,0.004534960258752108,HARALICK5,0.010404336266219616
42,4,43,0.0044989269226789474,HARALICK5,0.001278728130273521
42,4,44,0.004425778053700924,HARALICK5,0.00042569375364109874
42,4,45,0.004204199183732271,HARALICK5,0.007549198344349861
42,4,46,0.004115436226129532,HARALICK5,0.0066652074456214905
42,4,47,0.004020745400339365,HARALICK5,0.008233781903982162
42,4,48,0.00394313782453537,HARALICK5,0.01477011851966381
42,4,49,0.003907475620508194,HARALICK5,0.006907307542860508
42,4,50,0.00381065858528018,HARALICK5,0.001980352681130171
42,4,51,0.0037736133672297,HARALICK5,0.0009625512175261974
42,4,52,0.003569249529391527,HARALICK5,0.0017848950810730457
42,4,53,0.0035080425441265106,HARALICK5,0.0005529228947125375
42,4,54,0.0034250058233737946,HARALICK5,0.010377462022006512
42,4,55,0.0033596972934901714,HARALICK5,0.0029377653263509274
42,4,56,0.003285762621089816,HARALICK5,0.0025615666527301073
42,4,57,0.0031585379038006067,HARALICK5,0.003635653294622898
42,4,58,0.003138760570436716,HARALICK5,0.0026808816473931074
42,4,59,0.0030752718448638916,HARALICK5,0.008490452542901039
42,4,60,0.002957131015136838,HARALICK5,0.006511760875582695
42,4,61,0.0029247405473142862,HARALICK5,0.004214874003082514
42,4,62,0.0029044419061392546,HARALICK5,0.015163451433181763
42,4,63,0.0028225986752659082,HARALICK5,0.0028689245227724314
42,4,64,0.0027691004797816277,HARALICK5,0.0008623151807114482
42,4,65,0.0027319497894495726,HARALICK5,0.0037867091596126556
42,4,66,0.0026309206150472164,HARALICK5,0.015024691820144653
42,4,67,0.002581980312243104,HARALICK5,0.010037809610366821
42,4,68,0.0025612819008529186,HARALICK5,0.004090764559805393
42,4,69,0.0024598417803645134,HARALICK5,0.016495313495397568
42,4,70,0.002420704113319516,HARALICK5,0.01582525111734867
42,4,71,0.002391061745584011,HARALICK5,0.012284472584724426
42,4,72,0.0023498330265283585,HARALICK5,0.0027367824222892523
42,4,73,0.002283110050484538,HARALICK5,0.007097112480551004
42,4,74,0.0022608370054513216,HARALICK5,0.003338742768391967
42,4,75,0.002238463843241334,HARALICK5,0.0038541799876838923
42,4,76,0.0022211396135389805,HARALICK5,0.006324229296296835
42,4,77,0.0021776033099740744,HARALICK5,0.001522965612821281
42,4,78,0.002141035860404372,HARALICK5,0.0019641739781945944
42,4,79,0.002118182834237814,HARALICK5,0.0006349695031531155
42,4,80,0.0020584375597536564,HARALICK5,0.0020777364261448383
42,4,81,0.0020294080022722483,HARALICK5,0.002943685045465827
42,4,82,0.0020038450602442026,HARALICK5,0.004064005333930254
42,4,83,0.001957604195922613,HARALICK5,0.005737920757383108
42,4,84,0.0019325361354276538,HARALICK5,0.0003471153031568974
42,4,85,0.0019085261737927794,HARALICK5,0.0003566634841263294
42,4,86,0.0018545498605817556,HARALICK5,0.008550407364964485
42,4,87,0.0018057411070913076,HARALICK5,0.00402997899800539
42,4,88,0.0017909285379573703,HARALICK5,0.002230623969808221
42,4,89,0.001786275184713304,HARALICK5,0.0006169985863380134
42,4,90,0.0017532093916088343,HARALICK5,0.00098511076066643
42,4,91,0.0017162738367915154,HARALICK5,0.009626698680222034
42,4,92,0.0016647357260808349,HARALICK5,0.011378185823559761
42,4,93,0.0016420177416875958,HARALICK5,0.006338652689009905
42,4,94,0.0016223436687141657,HARALICK5,0.008230455219745636
42,4,95,0.0015906706685200334,HARALICK5,0.002304485533386469
42,4,96,0.0015698476927354932,HARALICK5,0.005543727893382311
42,4,97,0.0015271608717739582,HARALICK5,0.004934533499181271
42,4,98,0.0015045305481180549,HARALICK5,0.001326235244050622
42,4,99,0.001464851782657206,HARALICK5,0.013524327427148819
42,4,100,0.0014524655416607857,HARALICK5,0.0018561979522928596
42,4,101,0.0014472827315330505,HARALICK5,0.011236555874347687
42,4,102,0.0014101358829066157,HARALICK5,0.001526530715636909
42,4,103,0.0013928121188655496,HARALICK5,0.0031945528462529182
42,4,104,0.0013826717622578144,HARALICK5,0.0074782595038414
42,4,105,0.0013338328571990132,HARALICK5,0.004057746846228838
42,4,106,0.0013256961246952415,HARALICK5,0.0044723753817379475
42,4,107,0.0013201538240537047,HARALICK5,0.0005717722815461457
42,4,108,0.0013051868882030249,HARALICK5,0.0026753086131066084
42,4,109,0.0012729063164442778,HARALICK5,0.0014040200039744377
42,4,110,0.0012416169047355652,HARALICK5,0.009886397048830986
42,4,111,0.0011933197965845466,HARALICK5,0.004645855166018009
42,4,112,0.0011872778413817286,HARALICK5,0.003565063700079918
42,4,113,0.0011661084135994315,HARALICK5,0.01235506683588028
42,4,114,0.0011381120420992374,HARALICK5,0.010362934321165085
42,4,115,0.0011371664004400373,HARALICK5,0.009753463789820671
42,4,116,0.0011264783097431064,HARALICK5,0.0064143952913582325
42,4,117,0.00111244001891464,HARALICK5,0.006409414112567902
42,4,118,0.0010923092486336827,HARALICK5,0.0022327303886413574
42,4,119,0.0010817553848028183,HARALICK5,0.007153570652008057
42,4,120,0.001073064049705863,HARALICK5,0.003200182691216469
42,4,121,0.0010610114550217986,HARALICK5,0.0016318162670359015
42,4,122,0.00103053729981184,HARALICK5,0.0014684612397104502
42,4,123,0.001029095146805048,HARALICK5,0.0034388743806630373
42,4,124,0.0009859241545200348,HARALICK5,0.013396017253398895
42,4,125,0.0009773195488378406,HARALICK5,0.0041651357896625996
42,4,126,0.0009636139147914946,HARALICK5,0.0013706509489566088
42,4,127,0.000943584309425205,HARALICK5,0.004134371876716614
42,4,128,0.0009349877946078777,HARALICK5,0.003849754575639963
42,4,1,0.11874261498451233,ALL_HANDCRAFTED32,0.13041773438453674
42,4,2,0.06277289986610413,ALL_HANDCRAFTED32,0.0322115421295166
42,4,3,0.05676913261413574,ALL_HANDCRAFTED32,0.01227816566824913
42,4,4,0.05457884445786476,ALL_HANDCRAFTED32,0.04365468770265579
42,4,5,0.03727782517671585,ALL_HANDCRAFTED32,0.03010665439069271
42,4,6,0.031174786388874054,ALL_HANDCRAFTED32,0.018995065242052078
42,4,7,0.029691573232412338,ALL_HANDCRAFTED32,0.047271810472011566
42,4,8,0.025249987840652466,ALL_HANDCRAFTED32,0.01832241378724575
42,4,9,0.023663979023694992,ALL_HANDCRAFTED32,0.02237134799361229
42,4,10,0.021136989817023277,ALL_HANDCRAFTED32,0.008780903182923794
42,4,11,0.019309943541884422,ALL_HANDCRAFTED32,0.008108547888696194
42,4,12,0.01738620549440384,ALL_HANDCRAFTED32,0.018761146813631058
42,4,13,0.015187258832156658,ALL_HANDCRAFTED32,0.028565211221575737
42,4,14,0.014461630024015903,ALL_HANDCRAFTED32,0.01879505068063736
42,4,15,0.013234618119895458,ALL_HANDCRAFTED32,0.04055114835500717
42,4,16,0.012554949149489403,ALL_HANDCRAFTED32,0.047109443694353104
42,4,17,0.011897822842001915,ALL_HANDCRAFTED32,0.03853398561477661
42,4,18,0.011644651181995869,ALL_HANDCRAFTED32,0.03156229853630066
42,4,19,0.011455053463578224,ALL_HANDCRAFTED32,0.07355793565511703
42,4,20,0.010406947694718838,ALL_HANDCRAFTED32,0.047124236822128296
42,4,21,0.010060956701636314,ALL_HANDCRAFTED32,0.05816219374537468
42,4,22,0.009597268886864185,ALL_HANDCRAFTED32,0.011903376318514347
42,4,23,0.008852832950651646,ALL_HANDCRAFTED32,0.03669434040784836
42,4,24,0.008666477166116238,ALL_HANDCRAFTED32,0.025295931845903397
42,4,25,0.0080958791077137,ALL_HANDCRAFTED32,0.010934951715171337
42,4,26,0.007727873977273703,ALL_HANDCRAFTED32,0.009772367775440216
42,4,27,0.007297167554497719,ALL_HANDCRAFTED32,0.010291589424014091
42,4,28,0.007135042455047369,ALL_HANDCRAFTED32,0.043358683586120605
42,4,29,0.0069342791102826595,ALL_HANDCRAFTED32,0.032524242997169495
42,4,30,0.006593226920813322,ALL_HANDCRAFTED32,0.048986032605171204
42,4,31,0.006143690086901188,ALL_HANDCRAFTED32,0.10675738006830215
42,4,32,0.005965797696262598,ALL_HANDCRAFTED32,0.01994897425174713
42,4,33,0.005854486953467131,ALL_HANDCRAFTED32,0.01782746985554695
42,4,34,0.005521807819604874,ALL_HANDCRAFTED32,0.026461966335773468
42,4,35,0.005356652662158012,ALL_HANDCRAFTED32,0.06867370009422302
42,4,36,0.005322923883795738,ALL_HANDCRAFTED32,0.011253675445914268
42,4,37,0.005173266865313053,ALL_HANDCRAFTED32,0.019505154341459274
42,4,38,0.005124401766806841,ALL_HANDCRAFTED32,0.024749290198087692
42,4,39,0.004896812606602907,ALL_HANDCRAFTED32,0.023876871913671494
42,4,40,0.004714389331638813,ALL_HANDCRAFTED32,0.017962126061320305
42,4,41,0.004606506787240505,ALL_HANDCRAFTED32,0.0157642625272274
42,4,42,0.004534960258752108,ALL_HANDCRAFTED32,0.033303242176771164
42,4,43,0.0044989269226789474,ALL_HANDCRAFTED32,0.028020378202199936
42,4,44,0.004425778053700924,ALL_HANDCRAFTED32,0.010084308683872223
42,4,45,0.004204199183732271,ALL_HANDCRAFTED32,0.03450196236371994
42,4,46,0.004115436226129532,ALL_HANDCRAFTED32,0.05082641541957855
42,4,47,0.004020745400339365,ALL_HANDCRAFTED32,0.022071419283747673
42,4,48,0.00394313782453537,ALL_HANDCRAFTED32,0.04344826191663742
42,4,49,0.003907475620508194,ALL_HANDCRAFTED32,0.03014594316482544
42,4,50,0.00381065858528018,ALL_HANDCRAFTED32,0.02267337404191494
42,4,51,0.0037736133672297,ALL_HANDCRAFTED32,0.0057089547626674175
42,4,52,0.003569249529391527,ALL_HANDCRAFTED32,0.024996688589453697
42,4,53,0.0035080425441265106,ALL_HANDCRAFTED32,0.019808150827884674
42,4,54,0.0034250058233737946,ALL_HANDCRAFTED32,0.057013362646102905
42,4,55,0.0033596972934901714,ALL_HANDCRAFTED32,0.009792824275791645
42,4,56,0.003285762621089816,ALL_HANDCRAFTED32,0.013030029833316803
42,4,57,0.0031585379038006067,ALL_HANDCRAFTED32,0.02577866055071354
42,4,58,0.003138760570436716,ALL_HANDCRAFTED32,0.014653495512902737
42,4,59,0.0030752718448638916,ALL_HANDCRAFTED32,0.03353351354598999
42,4,60,0.002957131015136838,ALL_HANDCRAFTED32,0.021320832893252373
42,4,61,0.0029247405473142862,ALL_HANDCRAFTED32,0.021046284586191177
42,4,62,0.0029044419061392546,ALL_HANDCRAFTED32,0.034610066562891006
42,4,63,0.0028225986752659082,ALL_HANDCRAFTED32,0.02289409562945366
42,4,64,0.0027691004797816277,ALL_HANDCRAFTED32,0.00808583665639162
42,4,65,0.0027319497894495726,ALL_HANDCRAFTED32,0.029478227719664574
42,4,66,0.0026309206150472164,ALL_HANDCRAFTED32,0.045363329350948334
42,4,67,0.002581980312243104,ALL_HANDCRAFTED32,0.056414179503917694
42,4,68,0.0025612819008529186,ALL_HANDCRAFTED32,0.022187402471899986
42,4,69,0.0024598417803645134,ALL_HANDCRAFTED32,0.034279149025678635
42,4,70,0.002420704113319516,ALL_HANDCRAFTED32,0.03935164213180542
42,4,71,0.002391061745584011,ALL_HANDCRAFTED32,0.019827967509627342
42,4,72,0.0023498330265283585,ALL_HANDCRAFTED32,0.006414249539375305
42,4,73,0.002283110050484538,ALL_HANDCRAFTED32,0.04911959916353226
42,4,74,0.0022608370054513216,ALL_HANDCRAFTED32,0.012114048935472965
42,4,75,0.002238463843241334,ALL_HANDCRAFTED32,0.031280264258384705
42,4,76,0.0022211396135389805,ALL_HANDCRAFTED32,0.026970183476805687
42,4,77,0.0021776033099740744,ALL_HANDCRAFTED32,0.01516694575548172
42,4,78,0.002141035860404372,ALL_HANDCRAFTED32,0.0057090334594249725
42,4,79,0.002118182834237814,ALL_HANDCRAFTED32,0.018778789788484573
42,4,80,0.0020584375597536564,ALL_HANDCRAFTED32,0.030364811420440674
42,4,81,0.0020294080022722483,ALL_HANDCRAFTED32,0.015058981254696846
42,4,82,0.0020038450602442026,ALL_HANDCRAFTED32,0.018031783401966095
42,4,83,0.001957604195922613,ALL_HANDCRAFTED32,0.019612442702054977
42,4,84,0.0019325361354276538,ALL_HANDCRAFTED32,0.02361982874572277
42,4,85,0.0019085261737927794,ALL_HANDCRAFTED32,0.008812789805233479
42,4,86,0.0018545498605817556,ALL_HANDCRAFTED32,0.03672727569937706
42,4,87,0.0018057411070913076,ALL_HANDCRAFTED32,0.020663686096668243
42,4,88,0.0017909285379573703,ALL_HANDCRAFTED32,0.017562566325068474
42,4,89,0.001786275184713304,ALL_HANDCRAFTED32,0.008912064135074615
42,4,90,0.0017532093916088343,ALL_HANDCRAFTED32,0.009847616776823997
42,4,91,0.0017162738367915154,ALL_HANDCRAFTED32,0.0414755679666996
42,4,92,0.0016647357260808349,ALL_HANDCRAFTED32,0.041523490101099014
42,4,93,0.0016420177416875958,ALL_HANDCRAFTED32,0.01993403397500515
42,4,94,0.0016223436687141657,ALL_HANDCRAFTED32,0.019980693235993385
42,4,95,0.0015906706685200334,ALL_HANDCRAFTED32,0.013750205747783184
42,4,96,0.0015698476927354932,ALL_HANDCRAFTED32,0.02618904784321785
42,4,97,0.0015271608717739582,ALL_HANDCRAFTED32,0.027415528893470764
42,4,98,0.0015045305481180549,ALL_HANDCRAFTED32,0.005660045426338911
42,4,99,0.001464851782657206,ALL_HANDCRAFTED32,0.025283902883529663
42,4,100,0.0014524655416607857,ALL_HANDCRAFTED32,0.021168846637010574
42,4,101,0.0014472827315330505,ALL_HANDCRAFTED32,0.03734929859638214
42,4,102,0.0014101358829066157,ALL_HANDCRAFTED32,0.014744997024536133
42,4,103,0.0013928121188655496,ALL_HANDCRAFTED32,0.020172107964754105
42,4,104,0.0013826717622578144,ALL_HANDCRAFTED32,0.03351844102144241
42,4,105,0.0013338328571990132,ALL_HANDCRAFTED32,0.03476056084036827
42,4,106,0.0013256961246952415,ALL_HANDCRAFTED32,0.022930718958377838
42,4,107,0.0013201538240537047,ALL_HANDCRAFTED32,0.018980883061885834
42,4,108,0.0013051868882030249,ALL_HANDCRAFTED32,0.01951638236641884
42,4,109,0.0012729063164442778,ALL_HANDCRAFTED32,0.01952294632792473
42,4,110,0.0012416169047355652,ALL_HANDCRAFTED32,0.026055864989757538
42,4,111,0.0011933197965845466,ALL_HANDCRAFTED32,0.028115272521972656
42,4,112,0.0011872778413817286,ALL_HANDCRAFTED32,0.03072443976998329
42,4,113,0.0011661084135994315,ALL_HANDCRAFTED32,0.03236320614814758
42,4,114,0.0011381120420992374,ALL_HANDCRAFTED32,0.02890877239406109
42,4,115,0.0011371664004400373,ALL_HANDCRAFTED32,0.02623649686574936
42,4,116,0.0011264783097431064,ALL_HANDCRAFTED32,0.02965424582362175
42,4,117,0.00111244001891464,ALL_HANDCRAFTED32,0.030496563762426376
42,4,118,0.0010923092486336827,ALL_HANDCRAFTED32,0.020452501252293587
42,4,119,0.0010817553848028183,ALL_HANDCRAFTED32,0.015913888812065125
42,4,120,0.001073064049705863,ALL_HANDCRAFTED32,0.027732599526643753
42,4,121,0.0010610114550217986,ALL_HANDCRAFTED32,0.021812181919813156
42,4,122,0.00103053729981184,ALL_HANDCRAFTED32,0.008294103667140007
42,4,123,0.001029095146805048,ALL_HANDCRAFTED32,0.041527535766363144
42,4,124,0.0009859241545200348,ALL_HANDCRAFTED32,0.04391055554151535
42,4,125,0.0009773195488378406,ALL_HANDCRAFTED32,0.01079835556447506
42,4,126,0.0009636139147914946,ALL_HANDCRAFTED32,0.015315596014261246
42,4,127,0.000943584309425205,ALL_HANDCRAFTED32,0.023363277316093445
42,4,128,0.0009349877946078777,ALL_HANDCRAFTED32,0.014408587478101254
42,4,1,0.11874261498451233,VIT768,0.8695828318595886
42,4,2,0.06277289986610413,VIT768,0.9677882790565491
42,4,3,0.05676913261413574,VIT768,0.9877220392227173
42,4,4,0.05457884445786476,VIT768,0.956345796585083
42,4,5,0.03727782517671585,VIT768,0.9698928594589233
42,4,6,0.031174786388874054,VIT768,0.9810050129890442
42,4,7,0.029691573232412338,VIT768,0.9527280330657959
42,4,8,0.025249987840652466,VIT768,0.9816775321960449
42,4,9,0.023663979023694992,VIT768,0.9776289463043213
42,4,10,0.021136989817023277,VIT768,0.991219162940979
42,4,11,0.019309943541884422,VIT768,0.9918919801712036
42,4,12,0.01738620549440384,VIT768,0.9812387228012085
42,4,13,0.015187258832156658,VIT768,0.9714353084564209
42,4,14,0.014461630024015903,VIT768,0.981205403804779
42,4,15,0.013234618119895458,VIT768,0.959449291229248
42,4,16,0.012554949149489403,VIT768,0.9528899788856506
42,4,17,0.011897822842001915,VIT768,0.9614660739898682
42,4,18,0.011644651181995869,VIT768,0.968437671661377
42,4,19,0.011455053463578224,VIT768,0.9264417886734009
42,4,20,0.010406947694718838,VIT768,0.9528762102127075
42,4,21,0.010060956701636314,VIT768,0.9418377876281738
42,4,22,0.009597268886864185,VIT768,0.988096296787262
42,4,23,0.008852832950651646,VIT768,0.9633053541183472
42,4,24,0.008666477166116238,VIT768,0.9747033715248108
42,4,25,0.0080958791077137,VIT768,0.9890649318695068
42,4,26,0.007727873977273703,VIT768,0.990227222442627
42,4,27,0.007297167554497719,VIT768,0.9897080659866333
42,4,28,0.007135042455047369,VIT768,0.9566415548324585
42,4,29,0.0069342791102826595,VIT768,0.9674755930900574
42,4,30,0.006593226920813322,VIT768,0.9510136842727661
42,4,31,0.006143690086901188,VIT768,0.8932421207427979
42,4,32,0.005965797696262598,VIT768,0.9800506830215454
42,4,33,0.005854486953467131,VIT768,0.9821723699569702
42,4,34,0.005521807819604874,VIT768,0.9735379219055176
42,4,35,0.005356652662158012,VIT768,0.9313259124755859
42,4,36,0.005322923883795738,VIT768,0.9887462258338928
42,4,37,0.005173266865313053,VIT768,0.9804950952529907
42,4,38,0.005124401766806841,VIT768,0.9752507209777832
42,4,39,0.004896812606602907,VIT768,0.9761229753494263
42,4,40,0.004714389331638813,VIT768,0.9820377230644226
42,4,41,0.004606506787240505,VIT768,0.9842355251312256
42,4,42,0.004534960258752108,VIT768,0.9666967391967773
42,4,43,0.0044989269226789474,VIT768,0.9719798564910889
42,4,44,0.004425778053700924,VIT768,0.9899157285690308
42,4,45,0.004204199183732271,VIT768,0.9654978513717651
42,4,46,0.004115436226129532,VIT768,0.9491737484931946
42,4,47,0.004020745400339365,VIT768,0.9779285788536072
42,4,48,0.00394313782453537,VIT768,0.9565514326095581
42,4,49,0.003907475620508194,VIT768,0.9698538780212402
42,4,50,0.00381065858528018,VIT768,0.9773262143135071
42,4,51,0.0037736133672297,VIT768,0.9942911863327026
42,4,52,0.003569249529391527,VIT768,0.9750034809112549
42,4,53,0.0035080425441265106,VIT768,0.9801919460296631
42,4,54,0.0034250058233737946,VIT768,0.9429867267608643
42,4,55,0.0033596972934901714,VIT768,0.990207314491272
42,4,56,0.003285762621089816,VIT768,0.9869704246520996
42,4,57,0.0031585379038006067,VIT768,0.9742212295532227
42,4,58,0.003138760570436716,VIT768,0.9853458404541016
42,4,59,0.0030752718448638916,VIT768,0.9664663076400757
42,4,60,0.002957131015136838,VIT768,0.9786791205406189
42,4,61,0.0029247405473142862,VIT768,0.9789538383483887
42,4,62,0.0029044419061392546,VIT768,0.9653903245925903
42,4,63,0.0028225986752659082,VIT768,0.9771057367324829
42,4,64,0.0027691004797816277,VIT768,0.9919140338897705
42,4,65,0.0027319497894495726,VIT768,0.9705215096473694
42,4,66,0.0026309206150472164,VIT768,0.9546366930007935
42,4,67,0.002581980312243104,VIT768,0.9435858726501465
42,4,68,0.0025612819008529186,VIT768,0.9778130054473877
42,4,69,0.0024598417803645134,VIT768,0.9657210111618042
42,4,70,0.002420704113319516,VIT768,0.9606482982635498
42,4,71,0.002391061745584011,VIT768,0.9801728129386902
42,4,72,0.0023498330265283585,VIT768,0.9935860633850098
42,4,73,0.002283110050484538,VIT768,0.9508804082870483
42,4,74,0.0022608370054513216,VIT768,0.9878861904144287
42,4,75,0.002238463843241334,VIT768,0.9687191843986511
42,4,76,0.0022211396135389805,VIT768,0.9730297327041626
42,4,77,0.0021776033099740744,VIT768,0.9848329424858093
42,4,78,0.002141035860404372,VIT768,0.994290828704834
42,4,79,0.002118182834237814,VIT768,0.9812212586402893
42,4,80,0.0020584375597536564,VIT768,0.9696348309516907
42,4,81,0.0020294080022722483,VIT768,0.9849405884742737
42,4,82,0.0020038450602442026,VIT768,0.9819678068161011
42,4,83,0.001957604195922613,VIT768,0.9803870916366577
42,4,84,0.0019325361354276538,VIT768,0.9763796329498291
42,4,85,0.0019085261737927794,VIT768,0.9911867380142212
42,4,86,0.0018545498605817556,VIT768,0.9632725119590759
42,4,87,0.0018057411070913076,VIT768,0.9793353080749512
42,4,88,0.0017909285379573703,VIT768,0.9824370741844177
42,4,89,0.001786275184713304,VIT768,0.9910876750946045
42,4,90,0.0017532093916088343,VIT768,0.9901520013809204
42,4,91,0.0017162738367915154,VIT768,0.9585241675376892
42,4,92,0.0016647357260808349,VIT768,0.9584765434265137
42,4,93,0.0016420177416875958,VIT768,0.9800657033920288
42,4,94,0.0016223436687141657,VIT768,0.9800189733505249
42,4,95,0.0015906706685200334,VIT768,0.9862495064735413
42,4,96,0.0015698476927354932,VIT768,0.9738108515739441
42,4,97,0.0015271608717739582,VIT768,0.9725844860076904
42,4,98,0.0015045305481180549,VIT768,0.9943397045135498
42,4,99,0.001464851782657206,VIT768,0.974716067314148
42,4,100,0.0014524655416607857,VIT768,0.9788310527801514
42,4,101,0.0014472827315330505,VIT768,0.962650716304779
42,4,102,0.0014101358829066157,VIT768,0.9852550029754639
42,4,103,0.0013928121188655496,VIT768,0.979827880859375
42,4,104,0.0013826717622578144,VIT768,0.966481626033783
42,4,105,0.0013338328571990132,VIT768,0.965239405632019
42,4,106,0.0013256961246952415,VIT768,0.9770694971084595
42,4,107,0.0013201538240537047,VIT768,0.9810187816619873
42,4,108,0.0013051868882030249,VIT768,0.9804837703704834
42,4,109,0.0012729063164442778,VIT768,0.9804776906967163
42,4,110,0.0012416169047355652,VIT768,0.9739437699317932
42,4,111,0.0011933197965845466,VIT768,0.9718844890594482
42,4,112,0.0011872778413817286,VIT768,0.9692753553390503
42,4,113,0.0011661084135994315,VIT768,0.9676368236541748
42,4,114,0.0011381120420992374,VIT768,0.9710913300514221
42,4,115,0.0011371664004400373,VIT768,0.9737635850906372
42,4,116,0.0011264783097431064,VIT768,0.9703456163406372
42,4,117,0.00111244001891464,VIT768,0.96950364112854
42,4,118,0.0010923092486336827,VIT768,0.9795472025871277
42,4,119,0.0010817553848028183,VIT768,0.9840861558914185
42,4,120,0.001073064049705863,VIT768,0.9722673892974854
42,4,121,0.0010610114550217986,VIT768,0.9781879186630249
42,4,122,0.00103053729981184,VIT768,0.9917057752609253
42,4,123,0.001029095146805048,VIT768,0.9584722518920898
42,4,124,0.0009859241545200348,VIT768,0.9560893774032593
42,4,125,0.0009773195488378406,VIT768,0.9892017841339111
42,4,126,0.0009636139147914946,VIT768,0.984684407711029
42,4,127,0.000943584309425205,VIT768,0.9766367077827454
42,4,128,0.0009349877946078777,VIT768,0.9855911731719971
42,5,1,0.11661291867494583,COLOR9,0.014764213003218174
42,5,2,0.06564687937498093,COLOR9,0.006175437942147255
42,5,3,0.05475486069917679,COLOR9,0.02115900069475174
42,5,4,0.05220501869916916,COLOR9,0.006242689676582813
42,5,5,0.03563994541764259,COLOR9,0.0068857623264193535
42,5,6,0.03336802124977112,COLOR9,0.00900936871767044
42,5,7,0.030899370089173317,COLOR9,0.03567296266555786
42,5,8,0.02600213512778282,COLOR9,0.004480862990021706
42,5,9,0.02354656532406807,COLOR9,0.006466280203312635
42,5,10,0.020609218627214432,COLOR9,0.0006953767733648419
42,5,11,0.018910657614469528,COLOR9,0.004627288319170475
42,5,12,0.018454445526003838,COLOR9,0.005435418803244829
42,5,13,0.01629919745028019,COLOR9,0.01613025739789009
42,5,14,0.014607985503971577,COLOR9,0.012290976010262966
42,5,15,0.012917032465338707,COLOR9,0.006662409286946058
42,5,16,0.012535481713712215,COLOR9,0.0029903659597039223
42,5,17,0.011562000960111618,COLOR9,0.026582445949316025
42,5,18,0.011156158521771431,COLOR9,0.017622295767068863
42,5,19,0.010883870534598827,COLOR9,0.008360945619642735
42,5,20,0.01044674776494503,COLOR9,0.021649044007062912
42,5,21,0.010063973255455494,COLOR9,0.008201834745705128
42,5,22,0.009318576194345951,COLOR9,0.002788062673062086
42,5,23,0.008885220624506474,COLOR9,0.0041737547144293785
42,5,24,0.008403437212109566,COLOR9,0.014788459055125713
42,5,25,0.008132889866828918,COLOR9,0.015406331978738308
42,5,26,0.00767049565911293,COLOR9,0.00560558820143342
42,5,27,0.007363923825323582,COLOR9,0.0034191820304840803
42,5,28,0.007201598957180977,COLOR9,0.00423023197799921
42,5,29,0.0067170169204473495,COLOR9,0.0029147854074835777
42,5,30,0.006556535139679909,COLOR9,0.006649190094321966
42,5,31,0.0064861890859901905,COLOR9,0.002865374553948641
42,5,32,0.006156255956739187,COLOR9,0.016736408695578575
42,5,33,0.005931077059358358,COLOR9,0.0017847712151706219
42,5,34,0.005761093460023403,COLOR9,0.03305375576019287
42,5,35,0.005525423679500818,COLOR9,0.0077958498150110245
42,5,36,0.005323225166648626,COLOR9,0.014593922533094883
42,5,37,0.005263589322566986,COLOR9,0.01796773076057434
42,5,38,0.00516170309856534,COLOR9,0.007595621049404144
42,5,39,0.004944100975990295,COLOR9,0.009325772523880005
42,5,40,0.004853154998272657,COLOR9,0.019146814942359924
42,5,41,0.004732388071715832,COLOR9,0.01480703055858612
42,5,42,0.004546986892819405,COLOR9,0.00972137413918972
42,5,43,0.0044999863021075726,COLOR9,0.007935813628137112
42,5,44,0.004357799421995878,COLOR9,0.012214737012982368
42,5,45,0.004144442733377218,COLOR9,0.009849095717072487
42,5,46,0.0040673972107470036,COLOR9,0.005935818422585726
42,5,47,0.003911721985787153,COLOR9,0.0037585762329399586
42,5,48,0.0038637530524283648,COLOR9,0.009297789074480534
42,5,49,0.0038192598149180412,COLOR9,0.006673155352473259
42,5,50,0.003788699395954609,COLOR9,0.00968405045568943
42,5,51,0.0037077730521559715,COLOR9,0.012339903973042965
42,5,52,0.0036349655129015446,COLOR9,0.012505576014518738
42,5,53,0.0034628973808139563,COLOR9,0.001576135284267366
42,5,54,0.0033776964992284775,COLOR9,0.01570417359471321
42,5,55,0.003352405736222863,COLOR9,0.014934113249182701
42,5,56,0.003250676207244396,COLOR9,0.028012167662382126
42,5,57,0.0031952077988535166,COLOR9,0.01367669552564621
42,5,58,0.0030990608502179384,COLOR9,0.020105300471186638
42,5,59,0.003071291372179985,COLOR9,0.017825685441493988
42,5,60,0.003010868327692151,COLOR9,0.013315851800143719
42,5,61,0.0028990572318434715,COLOR9,0.010283613577485085
42,5,62,0.0028497236780822277,COLOR9,0.028722213581204414
42,5,63,0.0027777208015322685,COLOR9,0.007363700307905674
42,5,64,0.0027420406695455313,COLOR9,0.010115903802216053
42,5,65,0.00267732422798872,COLOR9,0.010017434135079384
42,5,66,0.0026641383301466703,COLOR9,0.008238252252340317
42,5,67,0.0026478294748812914,COLOR9,0.030742453411221504
42,5,68,0.00256293173879385,COLOR9,0.013498099520802498
42,5,69,0.002529048826545477,COLOR9,0.009085589088499546
42,5,70,0.0024928622879087925,COLOR9,0.0037283068522810936
42,5,71,0.002399811986833811,COLOR9,0.005933338776230812
42,5,72,0.0023878237698227167,COLOR9,0.01858648471534252
42,5,73,0.0023338294122368097,COLOR9,0.002436400856822729
42,5,74,0.0022722629364579916,COLOR9,0.006698169279843569
42,5,75,0.002254811581224203,COLOR9,0.003045140765607357
42,5,76,0.0021967170760035515,COLOR9,0.008483469486236572
42,5,77,0.0021503791213035583,COLOR9,0.009157075546681881
42,5,78,0.002133601112291217,COLOR9,0.010110094211995602
42,5,79,0.002109074965119362,COLOR9,0.0026395146269351244
42,5,80,0.00203582551330328,COLOR9,0.005469977390021086
42,5,81,0.0019857443403452635,COLOR9,0.010995816439390182
42,5,82,0.0019717186223715544,COLOR9,0.006197172217071056
42,5,83,0.00193790125194937,COLOR9,0.008964457549154758
42,5,84,0.0019080608617514372,COLOR9,0.003965178970247507
42,5,85,0.0018763361731544137,COLOR9,0.002962179249152541
42,5,86,0.0018532895483076572,COLOR9,0.01605614833533764
42,5,87,0.0018235782627016306,COLOR9,0.005676402244716883
42,5,88,0.0017871832242235541,COLOR9,0.008321218192577362
42,5,89,0.0017494948115199804,COLOR9,0.021743621677160263
42,5,90,0.0017003185348585248,COLOR9,0.00788632221519947
42,5,91,0.0016907504759728909,COLOR9,0.014659155160188675
42,5,92,0.0016397435683757067,COLOR9,0.016149893403053284
42,5,93,0.0016123356763273478,COLOR9,0.010435836389660835
42,5,94,0.0015797036467120051,COLOR9,0.0036333054304122925
42,5,95,0.0015512268291786313,COLOR9,0.023774197325110435
42,5,96,0.0015295243356376886,COLOR9,0.00797179527580738
42,5,97,0.0015187263488769531,COLOR9,0.009882479906082153
42,5,98,0.00150349794421345,COLOR9,0.007381216622889042
42,5,99,0.001467759138904512,COLOR9,0.002743439981713891
42,5,100,0.0014642137102782726,COLOR9,0.010901748202741146
42,5,101,0.0014312410494312644,COLOR9,0.021027669310569763
42,5,102,0.001419818145222962,COLOR9,0.012049198150634766
42,5,103,0.0014053226914256811,COLOR9,0.016725225374102592
42,5,104,0.001369598787277937,COLOR9,0.003039555624127388
42,5,105,0.0013591431779786944,COLOR9,0.009174119681119919
42,5,106,0.0013450257247313857,COLOR9,0.013093976303935051
42,5,107,0.0013261525891721249,COLOR9,0.006313189398497343
42,5,108,0.0013087631668895483,COLOR9,0.014332115650177002
42,5,109,0.0012792582856491208,COLOR9,0.008602049201726913
42,5,110,0.0012679387582466006,COLOR9,0.007937610149383545
42,5,111,0.0012538027949631214,COLOR9,0.019876329228281975
42,5,112,0.001222475664690137,COLOR9,0.013934148475527763
42,5,113,0.0012022630544379354,COLOR9,0.0073440829291939735
42,5,114,0.0011951314518228173,COLOR9,0.01272733137011528
42,5,115,0.0011773102451115847,COLOR9,0.01682157814502716
42,5,116,0.001154213910922408,COLOR9,0.0029966142028570175
42,5,117,0.0011130251223221421,COLOR9,0.006764836143702269
42,5,118,0.0011022882536053658,COLOR9,0.008174643851816654
42,5,119,0.001081383670680225,COLOR9,0.011401986703276634
42,5,120,0.0010597603395581245,COLOR9,0.005304763093590736
42,5,121,0.001044864417053759,COLOR9,0.008935092948377132
42,5,122,0.0010319551220163703,COLOR9,0.005994305945932865
42,5,123,0.001014432404190302,COLOR9,0.00704944459721446
42,5,124,0.001003168523311615,COLOR9,0.03589123860001564
42,5,125,0.0009810967603698373,COLOR9,0.005973027087748051
42,5,126,0.0009707845747470856,COLOR9,0.012922798283398151
42,5,127,0.0009434588719159365,COLOR9,0.0034720166586339474
42,5,128,0.0009347765007987618,COLOR9,0.009592493996024132
42,5,1,0.11661291867494583,LBP18,0.10602454096078873
42,5,2,0.06564687937498093,LBP18,0.007333270274102688
42,5,3,0.05475486069917679,LBP18,0.012598260305821896
42,5,4,0.05220501869916916,LBP18,0.003280240809544921
42,5,5,0.03563994541764259,LBP18,0.0115661034360528
42,5,6,0.03336802124977112,LBP18,0.03667425736784935
42,5,7,0.030899370089173317,LBP18,0.005914114881306887
42,5,8,0.02600213512778282,LBP18,0.006734915543347597
42,5,9,0.02354656532406807,LBP18,0.012006317265331745
42,5,10,0.020609218627214432,LBP18,0.0044172536581754684
42,5,11,0.018910657614469528,LBP18,0.0017204873729497194
42,5,12,0.018454445526003838,LBP18,0.011650129221379757
42,5,13,0.01629919745028019,LBP18,0.009065553545951843
42,5,14,0.014607985503971577,LBP18,0.0038446662947535515
42,5,15,0.012917032465338707,LBP18,0.0015544386114925146
42,5,16,0.012535481713712215,LBP18,0.01394120417535305
42,5,17,0.011562000960111618,LBP18,0.009663124568760395
42,5,18,0.011156158521771431,LBP18,0.05416809022426605
42,5,19,0.010883870534598827,LBP18,0.04763571172952652
42,5,20,0.01044674776494503,LBP18,0.011804076842963696
42,5,21,0.010063973255455494,LBP18,0.00577735947445035
42,5,22,0.009318576194345951,LBP18,0.0009385483572259545
42,5,23,0.008885220624506474,LBP18,0.012320716865360737
42,5,24,0.008403437212109566,LBP18,0.027588332071900368
42,5,25,0.008132889866828918,LBP18,0.01068840641528368
42,5,26,0.00767049565911293,LBP18,0.002958275843411684
42,5,27,0.007363923825323582,LBP18,0.0011095487279817462
42,5,28,0.007201598957180977,LBP18,0.025132756680250168
42,5,29,0.0067170169204473495,LBP18,0.05198332294821739
42,5,30,0.006556535139679909,LBP18,0.0572233572602272
42,5,31,0.0064861890859901905,LBP18,0.036565713584423065
42,5,32,0.006156255956739187,LBP18,0.005176223814487457
42,5,33,0.005931077059358358,LBP18,0.012136731296777725
42,5,34,0.005761093460023403,LBP18,0.027654824778437614
42,5,35,0.005525423679500818,LBP18,0.0006341472617350519
42,5,36,0.005323225166648626,LBP18,0.004218289628624916
42,5,37,0.005263589322566986,LBP18,0.008537103421986103
42,5,38,0.00516170309856534,LBP18,0.013792556710541248
42,5,39,0.004944100975990295,LBP18,0.001816967036575079
42,5,40,0.004853154998272657,LBP18,0.007463486399501562
42,5,41,0.004732388071715832,LBP18,0.0026223440654575825
42,5,42,0.004546986892819405,LBP18,0.02394622005522251
42,5,43,0.0044999863021075726,LBP18,0.009773040190339088
42,5,44,0.004357799421995878,LBP18,0.008054250851273537
42,5,45,0.004144442733377218,LBP18,0.023244524374604225
42,5,46,0.0040673972107470036,LBP18,0.013299880549311638
42,5,47,0.003911721985787153,LBP18,0.02299334667623043
42,5,48,0.0038637530524283648,LBP18,0.0032192508224397898
42,5,49,0.0038192598149180412,LBP18,0.001506806118413806
42,5,50,0.003788699395954609,LBP18,0.005713260732591152
42,5,51,0.0037077730521559715,LBP18,0.027091799303889275
42,5,52,0.0036349655129015446,LBP18,0.005242445971816778
42,5,53,0.0034628973808139563,LBP18,0.00955146737396717
42,5,54,0.0033776964992284775,LBP18,0.020608553662896156
42,5,55,0.003352405736222863,LBP18,0.0028375249821692705
42,5,56,0.003250676207244396,LBP18,0.011514988727867603
42,5,57,0.0031952077988535166,LBP18,0.01186366192996502
42,5,58,0.0030990608502179384,LBP18,0.012148932553827763
42,5,59,0.003071291372179985,LBP18,0.004365955945104361
42,5,60,0.003010868327692151,LBP18,0.004783145152032375
42,5,61,0.0028990572318434715,LBP18,0.00276951864361763
42,5,62,0.0028497236780822277,LBP18,0.0012097071157768369
42,5,63,0.0027777208015322685,LBP18,0.0127189289778471
42,5,64,0.0027420406695455313,LBP18,0.0020404313690960407
42,5,65,0.00267732422798872,LBP18,0.01118047907948494
42,5,66,0.0026641383301466703,LBP18,0.01090212445706129
42,5,67,0.0026478294748812914,LBP18,0.0018912499072030187
42,5,68,0.00256293173879385,LBP18,0.010754857212305069
42,5,69,0.002529048826545477,LBP18,0.016632653772830963
42,5,70,0.0024928622879087925,LBP18,0.00768332090228796
42,5,71,0.002399811986833811,LBP18,0.01638476364314556
42,5,72,0.0023878237698227167,LBP18,0.0030708611011505127
42,5,73,0.0023338294122368097,LBP18,0.009339934214949608
42,5,74,0.0022722629364579916,LBP18,0.007630228064954281
42,5,75,0.002254811581224203,LBP18,0.03908967971801758
42,5,76,0.0021967170760035515,LBP18,0.007142466958612204
42,5,77,0.0021503791213035583,LBP18,0.001724529662169516
42,5,78,0.002133601112291217,LBP18,0.013856962323188782
42,5,79,0.002109074965119362,LBP18,0.0042425524443387985
42,5,80,0.00203582551330328,LBP18,0.002673399867489934
42,5,81,0.0019857443403452635,LBP18,0.00329199549742043
42,5,82,0.0019717186223715544,LBP18,0.0042208097875118256
42,5,83,0.00193790125194937,LBP18,0.0033435493241995573
42,5,84,0.0019080608617514372,LBP18,0.0012527654180303216
42,5,85,0.0018763361731544137,LBP18,0.002790904138237238
42,5,86,0.0018532895483076572,LBP18,0.0017019460210576653
42,5,87,0.0018235782627016306,LBP18,0.006320101674646139
42,5,88,0.0017871832242235541,LBP18,0.014189650304615498
42,5,89,0.0017494948115199804,LBP18,0.012840175069868565
42,5,90,0.0017003185348585248,LBP18,0.007575055118650198
42,5,91,0.0016907504759728909,LBP18,0.009843578562140465
42,5,92,0.0016397435683757067,LBP18,0.0034441454336047173
42,5,93,0.0016123356763273478,LBP18,0.0029289918020367622
42,5,94,0.0015797036467120051,LBP18,0.0017185673350468278
42,5,95,0.0015512268291786313,LBP18,0.00270108412951231
42,5,96,0.0015295243356376886,LBP18,0.0067439572885632515
42,5,97,0.0015187263488769531,LBP18,0.007249899208545685
42,5,98,0.00150349794421345,LBP18,0.004659741651266813
42,5,99,0.001467759138904512,LBP18,0.0043526883237063885
42,5,100,0.0014642137102782726,LBP18,0.020443152636289597
42,5,101,0.0014312410494312644,LBP18,0.007852330803871155
42,5,102,0.001419818145222962,LBP18,0.0035001826472580433
42,5,103,0.0014053226914256811,LBP18,0.005331798922270536
42,5,104,0.001369598787277937,LBP18,0.010037447325885296
42,5,105,0.0013591431779786944,LBP18,0.003158432198688388
42,5,106,0.0013450257247313857,LBP18,0.0036875272635370493
42,5,107,0.0013261525891721249,LBP18,0.0025276043452322483
42,5,108,0.0013087631668895483,LBP18,0.012003757059574127
42,5,109,0.0012792582856491208,LBP18,0.0018605891382321715
42,5,110,0.0012679387582466006,LBP18,0.026311255991458893
42,5,111,0.0012538027949631214,LBP18,0.00416538817808032
42,5,112,0.001222475664690137,LBP18,0.0017711104592308402
42,5,113,0.0012022630544379354,LBP18,0.015449116937816143
42,5,114,0.0011951314518228173,LBP18,0.011216391809284687
42,5,115,0.0011773102451115847,LBP18,0.0049746218137443066
42,5,116,0.001154213910922408,LBP18,0.008419319055974483
42,5,117,0.0011130251223221421,LBP18,0.0019860826432704926
42,5,118,0.0011022882536053658,LBP18,0.006409395020455122
42,5,119,0.001081383670680225,LBP18,0.0008608181378804147
42,5,120,0.0010597603395581245,LBP18,0.003279387019574642
42,5,121,0.001044864417053759,LBP18,0.007155703846365213
42,5,122,0.0010319551220163703,LBP18,0.008677206933498383
42,5,123,0.001014432404190302,LBP18,0.004969010129570961
42,5,124,0.001003168523311615,LBP18,0.00596650131046772
42,5,125,0.0009810967603698373,LBP18,0.010975854471325874
42,5,126,0.0009707845747470856,LBP18,0.001992699457332492
42,5,127,0.0009434588719159365,LBP18,0.004348136950284243
42,5,128,0.0009347765007987618,LBP18,0.0052096727304160595
42,5,1,0.11661291867494583,HARALICK5,0.006388296373188496
42,5,2,0.06564687937498093,HARALICK5,0.014977838844060898
42,5,3,0.05475486069917679,HARALICK5,0.02087957039475441
42,5,4,0.05220501869916916,HARALICK5,0.00308598461560905
42,5,5,0.03563994541764259,HARALICK5,0.00106851477175951
42,5,6,0.03336802124977112,HARALICK5,0.0025375960394740105
42,5,7,0.030899370089173317,HARALICK5,0.0031477464362978935
42,5,8,0.02600213512778282,HARALICK5,0.009502721950411797
42,5,9,0.02354656532406807,HARALICK5,0.0035676811821758747
42,5,10,0.020609218627214432,HARALICK5,0.0008001645328477025
42,5,11,0.018910657614469528,HARALICK5,0.0006985753425396979
42,5,12,0.018454445526003838,HARALICK5,0.0045965006574988365
42,5,13,0.01629919745028019,HARALICK5,0.009166233241558075
42,5,14,0.014607985503971577,HARALICK5,0.0027082953602075577
42,5,15,0.012917032465338707,HARALICK5,0.00040602032095193863
42,5,16,0.012535481713712215,HARALICK5,0.0031513050198554993
42,5,17,0.011562000960111618,HARALICK5,0.005188269540667534
42,5,18,0.011156158521771431,HARALICK5,0.010003641247749329
42,5,19,0.010883870534598827,HARALICK5,0.006015905644744635
42,5,20,0.01044674776494503,HARALICK5,0.002704165643081069
42,5,21,0.010063973255455494,HARALICK5,0.00581752322614193
42,5,22,0.009318576194345951,HARALICK5,0.0029873838648200035
42,5,23,0.008885220624506474,HARALICK5,0.0011520207626745105
42,5,24,0.008403437212109566,HARALICK5,0.0008959489059634507
42,5,25,0.008132889866828918,HARALICK5,0.014802888967096806
42,5,26,0.00767049565911293,HARALICK5,0.002347051165997982
42,5,27,0.007363923825323582,HARALICK5,0.0015356908552348614
42,5,28,0.007201598957180977,HARALICK5,0.0038640513084828854
42,5,29,0.0067170169204473495,HARALICK5,0.004845291376113892
42,5,30,0.006556535139679909,HARALICK5,0.008717004209756851
42,5,31,0.0064861890859901905,HARALICK5,0.007114490959793329
42,5,32,0.006156255956739187,HARALICK5,0.0057847159914672375
42,5,33,0.005931077059358358,HARALICK5,0.0020655160769820213
42,5,34,0.005761093460023403,HARALICK5,0.010037467814981937
42,5,35,0.005525423679500818,HARALICK5,0.008195466361939907
42,5,36,0.005323225166648626,HARALICK5,0.0009849515045061707
42,5,37,0.005263589322566986,HARALICK5,0.0059922803193330765
42,5,38,0.00516170309856534,HARALICK5,0.00044151669135317206
42,5,39,0.004944100975990295,HARALICK5,0.0056388904340565205
42,5,40,0.004853154998272657,HARALICK5,0.008041108958423138
42,5,41,0.004732388071715832,HARALICK5,0.004512551240622997
42,5,42,0.004546986892819405,HARALICK5,0.00867671798914671
42,5,43,0.0044999863021075726,HARALICK5,0.0026652920059859753
42,5,44,0.004357799421995878,HARALICK5,0.0013156207278370857
42,5,45,0.004144442733377218,HARALICK5,0.005650358274579048
42,5,46,0.0040673972107470036,HARALICK5,0.0019999705255031586
42,5,47,0.003911721985787153,HARALICK5,0.002485667122527957
42,5,48,0.0038637530524283648,HARALICK5,0.0005953104700893164
42,5,49,0.0038192598149180412,HARALICK5,0.0002529960765969008
42,5,50,0.003788699395954609,HARALICK5,0.0027318389620631933
42,5,51,0.0037077730521559715,HARALICK5,0.007680569775402546
42,5,52,0.0036349655129015446,HARALICK5,0.009648346342146397
42,5,53,0.0034628973808139563,HARALICK5,0.003410705365240574
42,5,54,0.0033776964992284775,HARALICK5,0.00981841515749693
42,5,55,0.003352405736222863,HARALICK5,0.0030662971548736095
42,5,56,0.003250676207244396,HARALICK5,0.001517447060905397
42,5,57,0.0031952077988535166,HARALICK5,0.0014250099193304777
42,5,58,0.0030990608502179384,HARALICK5,0.003262538695707917
42,5,59,0.003071291372179985,HARALICK5,0.0061546326614916325
42,5,60,0.003010868327692151,HARALICK5,0.025772396475076675
42,5,61,0.0028990572318434715,HARALICK5,0.006580978631973267
42,5,62,0.0028497236780822277,HARALICK5,0.019869547337293625
42,5,63,0.0027777208015322685,HARALICK5,0.0018534677801653743
42,5,64,0.0027420406695455313,HARALICK5,0.0033877198584377766
42,5,65,0.00267732422798872,HARALICK5,0.002330595860257745
42,5,66,0.0026641383301466703,HARALICK5,0.002037093276157975
42,5,67,0.0026478294748812914,HARALICK5,0.002871728502213955
42,5,68,0.00256293173879385,HARALICK5,0.0012817755341529846
42,5,69,0.002529048826545477,HARALICK5,0.0060926880687475204
42,5,70,0.0024928622879087925,HARALICK5,0.0012395315570756793
42,5,71,0.002399811986833811,HARALICK5,0.00556047772988677
42,5,72,0.0023878237698227167,HARALICK5,0.00034568121191114187
42,5,73,0.0023338294122368097,HARALICK5,0.000145282392622903
42,5,74,0.0022722629364579916,HARALICK5,0.005158652551472187
42,5,75,0.002254811581224203,HARALICK5,0.0019380287267267704
42,5,76,0.0021967170760035515,HARALICK5,0.0027463012374937534
42,5,77,0.0021503791213035583,HARALICK5,0.0032704737968742847
42,5,78,0.002133601112291217,HARALICK5,0.007786486763507128
42,5,79,0.002109074965119362,HARALICK5,0.0037389053031802177
42,5,80,0.00203582551330328,HARALICK5,0.0010270030470564961
42,5,81,0.0019857443403452635,HARALICK5,0.010784736834466457
42,5,82,0.0019717186223715544,HARALICK5,0.014948977157473564
42,5,83,0.00193790125194937,HARALICK5,0.0012962667969986796
42,5,84,0.0019080608617514372,HARALICK5,0.0037692547775804996
42,5,85,0.0018763361731544137,HARALICK5,0.0021964400075376034
42,5,86,0.0018532895483076572,HARALICK5,0.007083078846335411
42,5,87,0.0018235782627016306,HARALICK5,0.007783093489706516
42,5,88,0.0017871832242235541,HARALICK5,0.010347745381295681
42,5,89,0.0017494948115199804,HARALICK5,0.005460153333842754
42,5,90,0.0017003185348585248,HARALICK5,0.001539744553156197
42,5,91,0.0016907504759728909,HARALICK5,0.0023735440336167812
42,5,92,0.0016397435683757067,HARALICK5,0.0011967010796070099
42,5,93,0.0016123356763273478,HARALICK5,0.0011341526405885816
42,5,94,0.0015797036467120051,HARALICK5,0.0040328786708414555
42,5,95,0.0015512268291786313,HARALICK5,0.006413401570171118
42,5,96,0.0015295243356376886,HARALICK5,0.001486805733293295
42,5,97,0.0015187263488769531,HARALICK5,0.013313570991158485
42,5,98,0.00150349794421345,HARALICK5,0.017352795228362083
42,5,99,0.001467759138904512,HARALICK5,0.009768713265657425
42,5,100,0.0014642137102782726,HARALICK5,0.005874342285096645
42,5,101,0.0014312410494312644,HARALICK5,0.0034671593457460403
42,5,102,0.001419818145222962,HARALICK5,0.001306604826822877
42,5,103,0.0014053226914256811,HARALICK5,0.0017919577658176422
42,5,104,0.001369598787277937,HARALICK5,0.007584596984088421
42,5,105,0.0013591431779786944,HARALICK5,0.0003562222118489444
42,5,106,0.0013450257247313857,HARALICK5,0.004101275932043791
42,5,107,0.0013261525891721249,HARALICK5,0.0034853024408221245
42,5,108,0.0013087631668895483,HARALICK5,0.004014978650957346
42,5,109,0.0012792582856491208,HARALICK5,0.0041517456993460655
42,5,110,0.0012679387582466006,HARALICK5,0.0004971193848177791
42,5,111,0.0012538027949631214,HARALICK5,0.0034670846071094275
42,5,112,0.001222475664690137,HARALICK5,0.018827037885785103
42,5,113,0.0012022630544379354,HARALICK5,0.010127834044396877
42,5,114,0.0011951314518228173,HARALICK5,0.005573758389800787
42,5,115,0.0011773102451115847,HARALICK5,0.00839296355843544
42,5,116,0.001154213910922408,HARALICK5,0.003699344815686345
42,5,117,0.0011130251223221421,HARALICK5,0.003786721732467413
42,5,118,0.0011022882536053658,HARALICK5,0.011459577828645706
42,5,119,0.001081383670680225,HARALICK5,0.002817111322656274
42,5,120,0.0010597603395581245,HARALICK5,0.007585855666548014
42,5,121,0.001044864417053759,HARALICK5,0.0019087381660938263
42,5,122,0.0010319551220163703,HARALICK5,0.006510916166007519
42,5,123,0.001014432404190302,HARALICK5,0.0055542909540236
42,5,124,0.001003168523311615,HARALICK5,0.009020952507853508
42,5,125,0.0009810967603698373,HARALICK5,0.0010102017549797893
42,5,126,0.0009707845747470856,HARALICK5,0.0017683288315311074
42,5,127,0.0009434588719159365,HARALICK5,0.003308412851765752
42,5,128,0.0009347765007987618,HARALICK5,0.006840146146714687
42,5,1,0.11661291867494583,ALL_HANDCRAFTED32,0.12717704474925995
42,5,2,0.06564687937498093,ALL_HANDCRAFTED32,0.028486546128988266
42,5,3,0.05475486069917679,ALL_HANDCRAFTED32,0.05463682860136032
42,5,4,0.05220501869916916,ALL_HANDCRAFTED32,0.012608915567398071
42,5,5,0.03563994541764259,ALL_HANDCRAFTED32,0.019520379602909088
42,5,6,0.03336802124977112,ALL_HANDCRAFTED32,0.04822121933102608
42,5,7,0.030899370089173317,ALL_HANDCRAFTED32,0.04473482072353363
42,5,8,0.02600213512778282,ALL_HANDCRAFTED32,0.020718500018119812
42,5,9,0.02354656532406807,ALL_HANDCRAFTED32,0.02204027771949768
42,5,10,0.020609218627214432,ALL_HANDCRAFTED32,0.0059127951972186565
42,5,11,0.018910657614469528,ALL_HANDCRAFTED32,0.007046350743621588
42,5,12,0.018454445526003838,ALL_HANDCRAFTED32,0.021682048216462135
42,5,13,0.01629919745028019,ALL_HANDCRAFTED32,0.03436204791069031
42,5,14,0.014607985503971577,ALL_HANDCRAFTED32,0.018843937665224075
42,5,15,0.012917032465338707,ALL_HANDCRAFTED32,0.008622867986559868
42,5,16,0.012535481713712215,ALL_HANDCRAFTED32,0.020082876086235046
42,5,17,0.011562000960111618,ALL_HANDCRAFTED32,0.04143384099006653
42,5,18,0.011156158521771431,ALL_HANDCRAFTED32,0.08179403096437454
42,5,19,0.010883870534598827,ALL_HANDCRAFTED32,0.06201256439089775
42,5,20,0.01044674776494503,ALL_HANDCRAFTED32,0.036157287657260895
42,5,21,0.010063973255455494,ALL_HANDCRAFTED32,0.019796717911958694
42,5,22,0.009318576194345951,ALL_HANDCRAFTED32,0.006713994778692722
42,5,23,0.008885220624506474,ALL_HANDCRAFTED32,0.017646491527557373
42,5,24,0.008403437212109566,ALL_HANDCRAFTED32,0.04327274113893509
42,5,25,0.008132889866828918,ALL_HANDCRAFTED32,0.04089763015508652
42,5,26,0.00767049565911293,ALL_HANDCRAFTED32,0.010910915210843086
42,5,27,0.007363923825323582,ALL_HANDCRAFTED32,0.006064421962946653
42,5,28,0.007201598957180977,ALL_HANDCRAFTED32,0.033227041363716125
42,5,29,0.0067170169204473495,ALL_HANDCRAFTED32,0.05974339693784714
42,5,30,0.006556535139679909,ALL_HANDCRAFTED32,0.07258955389261246
42,5,31,0.0064861890859901905,ALL_HANDCRAFTED32,0.04654558002948761
42,5,32,0.006156255956739187,ALL_HANDCRAFTED32,0.027697347104549408
42,5,33,0.005931077059358358,ALL_HANDCRAFTED32,0.01598701998591423
42,5,34,0.005761093460023403,ALL_HANDCRAFTED32,0.070746049284935
42,5,35,0.005525423679500818,ALL_HANDCRAFTED32,0.01662546396255493
42,5,36,0.005323225166648626,ALL_HANDCRAFTED32,0.01979716494679451
42,5,37,0.005263589322566986,ALL_HANDCRAFTED32,0.032497115433216095
42,5,38,0.00516170309856534,ALL_HANDCRAFTED32,0.021829694509506226
42,5,39,0.004944100975990295,ALL_HANDCRAFTED32,0.016781629994511604
42,5,40,0.004853154998272657,ALL_HANDCRAFTED32,0.03465140983462334
42,5,41,0.004732388071715832,ALL_HANDCRAFTED32,0.021941926330327988
42,5,42,0.004546986892819405,ALL_HANDCRAFTED32,0.04234430938959122
42,5,43,0.0044999863021075726,ALL_HANDCRAFTED32,0.020374145358800888
42,5,44,0.004357799421995878,ALL_HANDCRAFTED32,0.021584607660770416
42,5,45,0.004144442733377218,ALL_HANDCRAFTED32,0.03874398022890091
42,5,46,0.0040673972107470036,ALL_HANDCRAFTED32,0.021235670894384384
42,5,47,0.003911721985787153,ALL_HANDCRAFTED32,0.029237590730190277
42,5,48,0.0038637530524283648,ALL_HANDCRAFTED32,0.013112351298332214
42,5,49,0.0038192598149180412,ALL_HANDCRAFTED32,0.008432958275079727
42,5,50,0.003788699395954609,ALL_HANDCRAFTED32,0.018129149451851845
42,5,51,0.0037077730521559715,ALL_HANDCRAFTED32,0.047112271189689636
42,5,52,0.0036349655129015446,ALL_HANDCRAFTED32,0.027396369725465775
42,5,53,0.0034628973808139563,ALL_HANDCRAFTED32,0.014538307674229145
42,5,54,0.0033776964992284775,ALL_HANDCRAFTED32,0.04613114148378372
42,5,55,0.003352405736222863,ALL_HANDCRAFTED32,0.02083793468773365
42,5,56,0.003250676207244396,ALL_HANDCRAFTED32,0.04104460030794144
42,5,57,0.0031952077988535166,ALL_HANDCRAFTED32,0.026965366676449776
42,5,58,0.0030990608502179384,ALL_HANDCRAFTED32,0.03551677241921425
42,5,59,0.003071291372179985,ALL_HANDCRAFTED32,0.028346272185444832
42,5,60,0.003010868327692151,ALL_HANDCRAFTED32,0.04387138783931732
42,5,61,0.0028990572318434715,ALL_HANDCRAFTED32,0.01963411085307598
42,5,62,0.0028497236780822277,ALL_HANDCRAFTED32,0.04980146512389183
42,5,63,0.0027777208015322685,ALL_HANDCRAFTED32,0.021936098113656044
42,5,64,0.0027420406695455313,ALL_HANDCRAFTED32,0.015544054098427296
42,5,65,0.00267732422798872,ALL_HANDCRAFTED32,0.023528508841991425
42,5,66,0.0026641383301466703,ALL_HANDCRAFTED32,0.021177470684051514
42,5,67,0.0026478294748812914,ALL_HANDCRAFTED32,0.03550543263554573
42,5,68,0.00256293173879385,ALL_HANDCRAFTED32,0.025534730404615402
42,5,69,0.002529048826545477,ALL_HANDCRAFTED32,0.031810931861400604
42,5,70,0.0024928622879087925,ALL_HANDCRAFTED32,0.01265115849673748
42,5,71,0.002399811986833811,ALL_HANDCRAFTED32,0.02787857875227928
42,5,72,0.0023878237698227167,ALL_HANDCRAFTED32,0.02200302481651306
42,5,73,0.0023338294122368097,ALL_HANDCRAFTED32,0.01192161813378334
42,5,74,0.0022722629364579916,ALL_HANDCRAFTED32,0.01948704943060875
42,5,75,0.002254811581224203,ALL_HANDCRAFTED32,0.04407285153865814
42,5,76,0.0021967170760035515,ALL_HANDCRAFTED32,0.01837223768234253
42,5,77,0.0021503791213035583,ALL_HANDCRAFTED32,0.014152079820632935
42,5,78,0.002133601112291217,ALL_HANDCRAFTED32,0.0317535474896431
42,5,79,0.002109074965119362,ALL_HANDCRAFTED32,0.010620973072946072
42,5,80,0.00203582551330328,ALL_HANDCRAFTED32,0.009170380420982838
42,5,81,0.0019857443403452635,ALL_HANDCRAFTED32,0.025072550401091576
42,5,82,0.0019717186223715544,ALL_HANDCRAFTED32,0.02536696195602417
42,5,83,0.00193790125194937,ALL_HANDCRAFTED32,0.013604273088276386
42,5,84,0.0019080608617514372,ALL_HANDCRAFTED32,0.008987199515104294
42,5,85,0.0018763361731544137,ALL_HANDCRAFTED32,0.007949523627758026
42,5,86,0.0018532895483076572,ALL_HANDCRAFTED32,0.024841172620654106
42,5,87,0.0018235782627016306,ALL_HANDCRAFTED32,0.019779596477746964
42,5,88,0.0017871832242235541,ALL_HANDCRAFTED32,0.03285861387848854
42,5,89,0.0017494948115199804,ALL_HANDCRAFTED32,0.04004395008087158
42,5,90,0.0017003185348585248,ALL_HANDCRAFTED32,0.01700112223625183
42,5,91,0.0016907504759728909,ALL_HANDCRAFTED32,0.026876278221607208
42,5,92,0.0016397435683757067,ALL_HANDCRAFTED32,0.020790740847587585
42,5,93,0.0016123356763273478,ALL_HANDCRAFTED32,0.014498981647193432
42,5,94,0.0015797036467120051,ALL_HANDCRAFTED32,0.009384751319885254
42,5,95,0.0015512268291786313,ALL_HANDCRAFTED32,0.03288868069648743
42,5,96,0.0015295243356376886,ALL_HANDCRAFTED32,0.01620255969464779
42,5,97,0.0015187263488769531,ALL_HANDCRAFTED32,0.030445951968431473
42,5,98,0.00150349794421345,ALL_HANDCRAFTED32,0.02939375303685665
42,5,99,0.001467759138904512,ALL_HANDCRAFTED32,0.016864841803908348
42,5,100,0.0014642137102782726,ALL_HANDCRAFTED32,0.03721924498677254
42,5,101,0.0014312410494312644,ALL_HANDCRAFTED32,0.03234715759754181
42,5,102,0.001419818145222962,ALL_HANDCRAFTED32,0.016855984926223755
42,5,103,0.0014053226914256811,ALL_HANDCRAFTED32,0.02384898252785206
42,5,104,0.001369598787277937,ALL_HANDCRAFTED32,0.020661599934101105
42,5,105,0.0013591431779786944,ALL_HANDCRAFTED32,0.0126887746155262
42,5,106,0.0013450257247313857,ALL_HANDCRAFTED32,0.020882779732346535
42,5,107,0.0013261525891721249,ALL_HANDCRAFTED32,0.012326096184551716
42,5,108,0.0013087631668895483,ALL_HANDCRAFTED32,0.030350852757692337
42,5,109,0.0012792582856491208,ALL_HANDCRAFTED32,0.014614385552704334
42,5,110,0.0012679387582466006,ALL_HANDCRAFTED32,0.03474598750472069
42,5,111,0.0012538027949631214,ALL_HANDCRAFTED32,0.027508802711963654
42,5,112,0.001222475664690137,ALL_HANDCRAFTED32,0.034532297402620316
42,5,113,0.0012022630544379354,ALL_HANDCRAFTED32,0.03292103111743927
42,5,114,0.0011951314518228173,ALL_HANDCRAFTED32,0.029517482966184616
42,5,115,0.0011773102451115847,ALL_HANDCRAFTED32,0.030189162120223045
42,5,116,0.001154213910922408,ALL_HANDCRAFTED32,0.015115275979042053
42,5,117,0.0011130251223221421,ALL_HANDCRAFTED32,0.012537641450762749
42,5,118,0.0011022882536053658,ALL_HANDCRAFTED32,0.026043614372611046
42,5,119,0.001081383670680225,ALL_HANDCRAFTED32,0.015079916454851627
42,5,120,0.0010597603395581245,ALL_HANDCRAFTED32,0.01617000624537468
42,5,121,0.001044864417053759,ALL_HANDCRAFTED32,0.01799953542649746
42,5,122,0.0010319551220163703,ALL_HANDCRAFTED32,0.021182429045438766
42,5,123,0.001014432404190302,ALL_HANDCRAFTED32,0.01757274568080902
42,5,124,0.001003168523311615,ALL_HANDCRAFTED32,0.05087868869304657
42,5,125,0.0009810967603698373,ALL_HANDCRAFTED32,0.01795908436179161
42,5,126,0.0009707845747470856,ALL_HANDCRAFTED32,0.016683828085660934
42,5,127,0.0009434588719159365,ALL_HANDCRAFTED32,0.011128567159175873
42,5,128,0.0009347765007987618,ALL_HANDCRAFTED32,0.02164231240749359
42,5,1,0.11661291867494583,VIT768,0.8728232979774475
42,5,2,0.06564687937498093,VIT768,0.9715142250061035
42,5,3,0.05475486069917679,VIT768,0.9453633427619934
42,5,4,0.05220501869916916,VIT768,0.9873910546302795
42,5,5,0.03563994541764259,VIT768,0.9804791212081909
42,5,6,0.03336802124977112,VIT768,0.9517786502838135
42,5,7,0.030899370089173317,VIT768,0.9552650451660156
42,5,8,0.02600213512778282,VIT768,0.9792808294296265
42,5,9,0.02354656532406807,VIT768,0.9779601693153381
42,5,10,0.020609218627214432,VIT768,0.994086742401123
42,5,11,0.018910657614469528,VIT768,0.9929540157318115
42,5,12,0.018454445526003838,VIT768,0.9783186316490173
42,5,13,0.01629919745028019,VIT768,0.9656375646591187
42,5,14,0.014607985503971577,VIT768,0.9811561703681946
42,5,15,0.012917032465338707,VIT768,0.9913766384124756
42,5,16,0.012535481713712215,VIT768,0.9799163341522217
42,5,17,0.011562000960111618,VIT768,0.9585657119750977
42,5,18,0.011156158521771431,VIT768,0.9182056188583374
42,5,19,0.010883870534598827,VIT768,0.9379871487617493
42,5,20,0.01044674776494503,VIT768,0.9638424515724182
42,5,21,0.010063973255455494,VIT768,0.9802030324935913
42,5,22,0.009318576194345951,VIT768,0.993285596370697
42,5,23,0.008885220624506474,VIT768,0.9823530316352844
42,5,24,0.008403437212109566,VIT768,0.9567273259162903
42,5,25,0.008132889866828918,VIT768,0.9591024518013
42,5,26,0.00767049565911293,VIT768,0.9890891313552856
42,5,27,0.007363923825323582,VIT768,0.993935227394104
42,5,28,0.007201598957180977,VIT768,0.9667726159095764
42,5,29,0.0067170169204473495,VIT768,0.9402567148208618
42,5,30,0.006556535139679909,VIT768,0.9274101853370667
42,5,31,0.0064861890859901905,VIT768,0.9534542560577393
42,5,32,0.006156255956739187,VIT768,0.9723025560379028
42,5,33,0.005931077059358358,VIT768,0.9840124845504761
42,5,34,0.005761093460023403,VIT768,0.9292535781860352
42,5,35,0.005525423679500818,VIT768,0.9833745956420898
42,5,36,0.005323225166648626,VIT768,0.9802025556564331
42,5,37,0.005263589322566986,VIT768,0.967502772808075
42,5,38,0.00516170309856534,VIT768,0.9781700372695923
42,5,39,0.004944100975990295,VIT768,0.9832184910774231
42,5,40,0.004853154998272657,VIT768,0.9653487205505371
42,5,41,0.004732388071715832,VIT768,0.9780583381652832
42,5,42,0.004546986892819405,VIT768,0.9576554298400879
42,5,43,0.0044999863021075726,VIT768,0.9796260595321655
42,5,44,0.004357799421995878,VIT768,0.9784154891967773
42,5,45,0.004144442733377218,VIT768,0.961255669593811
42,5,46,0.0040673972107470036,VIT768,0.9787638783454895
42,5,47,0.003911721985787153,VIT768,0.9707622528076172
42,5,48,0.0038637530524283648,VIT768,0.9868875741958618
42,5,49,0.0038192598149180412,VIT768,0.9915668964385986
42,5,50,0.003788699395954609,VIT768,0.981870710849762
42,5,51,0.0037077730521559715,VIT768,0.952887773513794
42,5,52,0.0036349655129015446,VIT768,0.9726038575172424
42,5,53,0.0034628973808139563,VIT768,0.9854612350463867
42,5,54,0.0033776964992284775,VIT768,0.953869104385376
42,5,55,0.003352405736222863,VIT768,0.97916179895401
42,5,56,0.003250676207244396,VIT768,0.9589552283287048
42,5,57,0.0031952077988535166,VIT768,0.973034679889679
42,5,58,0.0030990608502179384,VIT768,0.9644834399223328
42,5,59,0.003071291372179985,VIT768,0.9716536998748779
42,5,60,0.003010868327692151,VIT768,0.9561282992362976
42,5,61,0.0028990572318434715,VIT768,0.9803662300109863
42,5,62,0.0028497236780822277,VIT768,0.9501985311508179
42,5,63,0.0027777208015322685,VIT768,0.9780641198158264
42,5,64,0.0027420406695455313,VIT768,0.9844561219215393
42,5,65,0.00267732422798872,VIT768,0.9764716625213623
42,5,66,0.0026641383301466703,VIT768,0.9788229465484619
42,5,67,0.0026478294748812914,VIT768,0.9644948840141296
42,5,68,0.00256293173879385,VIT768,0.9744657874107361
42,5,69,0.002529048826545477,VIT768,0.9681891202926636
42,5,70,0.0024928622879087925,VIT768,0.987349271774292
42,5,71,0.002399811986833811,VIT768,0.9721213579177856
42,5,72,0.0023878237698227167,VIT768,0.977996826171875
42,5,73,0.0023338294122368097,VIT768,0.9880785942077637
42,5,74,0.0022722629364579916,VIT768,0.9805129766464233
42,5,75,0.002254811581224203,VIT768,0.9559271931648254
42,5,76,0.0021967170760035515,VIT768,0.9816277027130127
42,5,77,0.0021503791213035583,VIT768,0.9858483672142029
42,5,78,0.002133601112291217,VIT768,0.9682460427284241
42,5,79,0.002109074965119362,VIT768,0.9893795251846313
42,5,80,0.00203582551330328,VIT768,0.99083012342453
42,5,81,0.0019857443403452635,VIT768,0.9749274849891663
42,5,82,0.0019717186223715544,VIT768,0.9746332168579102
42,5,83,0.00193790125194937,VIT768,0.9863958954811096
42,5,84,0.0019080608617514372,VIT768,0.9910132884979248
42,5,85,0.0018763361731544137,VIT768,0.9920506477355957
42,5,86,0.0018532895483076572,VIT768,0.9751586318016052
42,5,87,0.0018235782627016306,VIT768,0.9802205562591553
42,5,88,0.0017871832242235541,VIT768,0.9671417474746704
42,5,89,0.0017494948115199804,VIT768,0.959956169128418
42,5,90,0.0017003185348585248,VIT768,0.9829994440078735
42,5,91,0.0016907504759728909,VIT768,0.9731236100196838
42,5,92,0.0016397435683757067,VIT768,0.9792091846466064
42,5,93,0.0016123356763273478,VIT768,0.9855010509490967
42,5,94,0.0015797036467120051,VIT768,0.9906155467033386
42,5,95,0.0015512268291786313,VIT768,0.967111349105835
42,5,96,0.0015295243356376886,VIT768,0.983798086643219
42,5,97,0.0015187263488769531,VIT768,0.9695542454719543
42,5,98,0.00150349794421345,VIT768,0.9706065058708191
42,5,99,0.001467759138904512,VIT768,0.9831355810165405
42,5,100,0.0014642137102782726,VIT768,0.9627810716629028
42,5,101,0.0014312410494312644,VIT768,0.9676531553268433
42,5,102,0.001419818145222962,VIT768,0.9831445217132568
42,5,103,0.0014053226914256811,VIT768,0.9761512875556946
42,5,104,0.001369598787277937,VIT768,0.9793388843536377
42,5,105,0.0013591431779786944,VIT768,0.9873113632202148
42,5,106,0.0013450257247313857,VIT768,0.9791171550750732
42,5,107,0.0013261525891721249,VIT768,0.9876737594604492
42,5,108,0.0013087631668895483,VIT768,0.9696489572525024
42,5,109,0.0012792582856491208,VIT768,0.985386073589325
42,5,110,0.0012679387582466006,VIT768,0.9652543067932129
42,5,111,0.0012538027949631214,VIT768,0.9724918007850647
42,5,112,0.001222475664690137,VIT768,0.9654679894447327
42,5,113,0.0012022630544379354,VIT768,0.9670793414115906
42,5,114,0.0011951314518228173,VIT768,0.970482587814331
42,5,115,0.0011773102451115847,VIT768,0.969810962677002
42,5,116,0.001154213910922408,VIT768,0.9848847389221191
42,5,117,0.0011130251223221421,VIT768,0.9874626398086548
42,5,118,0.0011022882536053658,VIT768,0.9739569425582886
42,5,119,0.001081383670680225,VIT768,0.984920084476471
42,5,120,0.0010597603395581245,VIT768,0.9838297963142395
42,5,121,0.001044864417053759,VIT768,0.9820011854171753
42,5,122,0.0010319551220163703,VIT768,0.9788178205490112
42,5,123,0.001014432404190302,VIT768,0.9824272394180298
42,5,124,0.001003168523311615,VIT768,0.94912189245224
42,5,125,0.0009810967603698373,VIT768,0.9820407032966614
42,5,126,0.0009707845747470856,VIT768,0.9833165407180786
42,5,127,0.0009434588719159365,VIT768,0.9888715744018555
42,5,128,0.0009347765007987618,VIT768,0.97835773229599
123,1,1,0.11725059896707535,COLOR9,0.018449509516358376
123,1,2,0.06313280016183853,COLOR9,0.008258586749434471
123,1,3,0.05702221393585205,COLOR9,0.01832006126642227
123,1,4,0.056475330144166946,COLOR9,0.005108893383294344
123,1,5,0.03901694342494011,COLOR9,0.00850656908005476
123,1,6,0.03390094265341759,COLOR9,0.0261003989726305
123,1,7,0.03206207975745201,COLOR9,0.005755141377449036
123,1,8,0.025325214490294456,COLOR9,0.010982724837958813
123,1,9,0.023003583773970604,COLOR9,0.0025399334263056517
123,1,10,0.020801926031708717,COLOR9,0.004726117476820946
123,1,11,0.0187680721282959,COLOR9,0.005466517526656389
123,1,12,0.017903104424476624,COLOR9,0.005946118850260973
123,1,13,0.01541678886860609,COLOR9,0.008637768216431141
123,1,14,0.0148409279063344,COLOR9,0.010625648312270641
123,1,15,0.012902887538075447,COLOR9,0.008267468772828579
123,1,16,0.012371039018034935,COLOR9,0.009187123738229275
123,1,17,0.011844346299767494,COLOR9,0.0069943941198289394
123,1,18,0.01130217220634222,COLOR9,0.01006545964628458
123,1,19,0.01098703220486641,COLOR9,0.030301066115498543
123,1,20,0.010539891198277473,COLOR9,0.01518886350095272
123,1,21,0.009869732894003391,COLOR9,0.00991525687277317
123,1,22,0.009357281029224396,COLOR9,0.01956566423177719
123,1,23,0.008903153240680695,COLOR9,0.0032215637620538473
123,1,24,0.008367210626602173,COLOR9,0.0065897549502551556
123,1,25,0.007893117144703865,COLOR9,0.012131042778491974
123,1,26,0.007656969595700502,COLOR9,0.0008159558637998998
123,1,27,0.007418544963002205,COLOR9,0.005575033836066723
123,1,28,0.007061592303216457,COLOR9,0.007562696002423763
123,1,29,0.006692780181765556,COLOR9,0.0041917008347809315
123,1,30,0.006456693168729544,COLOR9,0.008571157231926918
123,1,31,0.0062874057330191135,COLOR9,0.007190972100943327
123,1,32,0.006139091216027737,COLOR9,0.01701725274324417
123,1,33,0.005902819335460663,COLOR9,0.010618743486702442
123,1,34,0.005814415402710438,COLOR9,0.01398514211177826
123,1,35,0.005326030310243368,COLOR9,0.010600436478853226
123,1,36,0.0052645327523350716,COLOR9,0.007181851658970118
123,1,37,0.005118541419506073,COLOR9,0.00846459623426199
123,1,38,0.0050198230892419815,COLOR9,0.014457691460847855
123,1,39,0.00489390455186367,COLOR9,0.0021283270325511694
123,1,40,0.0048232427798211575,COLOR9,0.008627792820334435
123,1,41,0.004657554440200329,COLOR9,0.009836231358349323
123,1,42,0.004588414449244738,COLOR9,0.024356888607144356
123,1,43,0.004557343665510416,COLOR9,0.005934311076998711
123,1,44,0.004303590394556522,COLOR9,0.0032592001371085644
123,1,45,0.004196562338620424,COLOR9,0.01807018369436264
123,1,46,0.004023368004709482,COLOR9,0.00561667513102293
123,1,47,0.0039596338756382465,COLOR9,0.005709759891033173
123,1,48,0.003934298641979694,COLOR9,0.005287052597850561
123,1,49,0.0037671364843845367,COLOR9,0.015510535798966885
123,1,50,0.0036977804265916348,COLOR9,0.013308332301676273
123,1,51,0.003603683551773429,COLOR9,0.0037818634882569313
123,1,52,0.0034732383210211992,COLOR9,0.022028371691703796
123,1,53,0.003464279929175973,COLOR9,0.007243774831295013
123,1,54,0.003382549388334155,COLOR9,0.0024226245004683733
123,1,55,0.0033240069169551134,COLOR9,0.015473091043531895
123,1,56,0.003147819312289357,COLOR9,0.00573181314393878
123,1,57,0.0030520916916429996,COLOR9,0.00478638568893075
123,1,58,0.002917961683124304,COLOR9,0.029996171593666077
123,1,59,0.0029032754246145487,COLOR9,0.018384134396910667
123,1,60,0.002823535818606615,COLOR9,0.011051332578063011
123,1,61,0.002778922440484166,COLOR9,0.016338644549250603
123,1,62,0.002763900673016906,COLOR9,0.004369575995951891
123,1,63,0.0027186137158423662,COLOR9,0.002174010034650564
123,1,64,0.0026910207234323025,COLOR9,0.0053663672879338264
123,1,65,0.0026353809516876936,COLOR9,0.006385922897607088
123,1,66,0.0026150562334805727,COLOR9,0.010618999600410461
123,1,67,0.002556806430220604,COLOR9,0.01592136360704899
123,1,68,0.0024954224936664104,COLOR9,0.0038022950757294893
123,1,69,0.0024492498487234116,COLOR9,0.008056217804551125
123,1,70,0.002417340874671936,COLOR9,0.014158429577946663
123,1,71,0.0023231138475239277,COLOR9,0.004980723839253187
123,1,72,0.002256226958706975,COLOR9,0.024550514295697212
123,1,73,0.0022540693171322346,COLOR9,0.012473647482693195
123,1,74,0.002252149861305952,COLOR9,0.014783588238060474
123,1,75,0.0021825716830790043,COLOR9,0.0236495528370142
123,1,76,0.0021514357067644596,COLOR9,0.030998408794403076
123,1,77,0.002108899177983403,COLOR9,0.005775424651801586
123,1,78,0.0020762018393725157,COLOR9,0.010874591767787933
123,1,79,0.0020206598564982414,COLOR9,0.009538506157696247
123,1,80,0.0020125932060182095,COLOR9,0.005412154830992222
123,1,81,0.0019721603021025658,COLOR9,0.01918315514922142
123,1,82,0.0019398838048800826,COLOR9,0.0037605855613946915
123,1,83,0.0018815197981894016,COLOR9,0.010289240628480911
123,1,84,0.001867240876890719,COLOR9,0.005191102158278227
123,1,85,0.0018141854088753462,COLOR9,0.008320380933582783
123,1,86,0.0017867385176941752,COLOR9,0.008978622034192085
123,1,87,0.0017484970157966018,COLOR9,0.002999033546075225
123,1,88,0.0017247392097488046,COLOR9,0.006576185580343008
123,1,89,0.0016850931569933891,COLOR9,0.01913166232407093
123,1,90,0.0016768043860793114,COLOR9,0.016165345907211304
123,1,91,0.0016441468615084887,COLOR9,0.007054764777421951
123,1,92,0.0016391819808632135,COLOR9,0.003729254938662052
123,1,93,0.0016055632149800658,COLOR9,0.0067915404215455055
123,1,94,0.0015872325748205185,COLOR9,0.014777341857552528
123,1,95,0.0015532879624515772,COLOR9,0.00854133814573288
123,1,96,0.001525113359093666,COLOR9,0.01267025526612997
123,1,97,0.0014985414454713464,COLOR9,0.008087588474154472
123,1,98,0.0014880457893013954,COLOR9,0.01742083951830864
123,1,99,0.0014593639643862844,COLOR9,0.008947420865297318
123,1,100,0.0014496988151222467,COLOR9,0.007992817088961601
123,1,101,0.0014069880126044154,COLOR9,0.006244788412004709
123,1,102,0.001375721301883459,COLOR9,0.009428147226572037
123,1,103,0.0013458254979923368,COLOR9,0.010373828001320362
123,1,104,0.0013257229002192616,COLOR9,0.02750689536333084
123,1,105,0.0013162653194740415,COLOR9,0.018045760691165924
123,1,106,0.0012777018127962947,COLOR9,0.008283572271466255
123,1,107,0.001271901885047555,COLOR9,0.007027757354080677
123,1,108,0.001249058754183352,COLOR9,0.006226660218089819
123,1,109,0.0012284236727282405,COLOR9,0.01972624845802784
123,1,110,0.001225714455358684,COLOR9,0.005250730086117983
123,1,111,0.0011923628626391292,COLOR9,0.003790705231949687
123,1,112,0.001159232691861689,COLOR9,0.011427778750658035
123,1,113,0.0011441097594797611,COLOR9,0.023401949554681778
123,1,114,0.0011290882248431444,COLOR9,0.01715397834777832
123,1,115,0.0011155843967571855,COLOR9,0.022311028093099594
123,1,116,0.001096807885915041,COLOR9,0.007456164341419935
123,1,117,0.0010750852525234222,COLOR9,0.01036995742470026
123,1,118,0.0010565966367721558,COLOR9,0.01154616940766573
123,1,119,0.0010484418598935008,COLOR9,0.005193597637116909
123,1,120,0.0010221943957731128,COLOR9,0.004306667484343052
123,1,121,0.001016890979371965,COLOR9,0.002110210247337818
123,1,122,0.001004185643978417,COLOR9,0.0037455817218869925
123,1,123,0.0009822502033784986,COLOR9,0.0060974666848778725
123,1,124,0.0009587209206074476,COLOR9,0.021245818585157394
123,1,125,0.0009374343208037317,COLOR9,0.00813955906778574
123,1,126,0.0009107621153816581,COLOR9,0.0035370502155274153
123,1,127,0.0009065562044270337,COLOR9,0.016833703964948654
123,1,128,0.0008948994800448418,COLOR9,0.011222749948501587
123,1,1,0.11725059896707535,LBP18,0.1083129495382309
123,1,2,0.06313280016183853,LBP18,0.005269484128803015
123,1,3,0.05702221393585205,LBP18,0.006542964372783899
123,1,4,0.056475330144166946,LBP18,0.0011520482366904616
123,1,5,0.03901694342494011,LBP18,0.002537392545491457
123,1,6,0.03390094265341759,LBP18,0.037539780139923096
123,1,7,0.03206207975745201,LBP18,0.0029095583595335484
123,1,8,0.025325214490294456,LBP18,0.0032789804972708225
123,1,9,0.023003583773970604,LBP18,0.00508835120126605
123,1,10,0.020801926031708717,LBP18,0.0025783423334360123
123,1,11,0.0187680721282959,LBP18,0.02252908982336521
123,1,12,0.017903104424476624,LBP18,0.014244559220969677
123,1,13,0.01541678886860609,LBP18,0.002147391438484192
123,1,14,0.0148409279063344,LBP18,0.011372416280210018
123,1,15,0.012902887538075447,LBP18,0.10537724196910858
123,1,16,0.012371039018034935,LBP18,0.016973277553915977
123,1,17,0.011844346299767494,LBP18,0.009027277119457722
123,1,18,0.01130217220634222,LBP18,0.021959131583571434
123,1,19,0.01098703220486641,LBP18,0.013706333003938198
123,1,20,0.010539891198277473,LBP18,0.0034661737736314535
123,1,21,0.009869732894003391,LBP18,0.02508794516324997
123,1,22,0.009357281029224396,LBP18,0.007280808407813311
123,1,23,0.008903153240680695,LBP18,0.0075701382011175156
123,1,24,0.008367210626602173,LBP18,0.02120829187333584
123,1,25,0.007893117144703865,LBP18,0.014033656567335129
123,1,26,0.007656969595700502,LBP18,0.043224770575761795
123,1,27,0.007418544963002205,LBP18,0.0021769055165350437
123,1,28,0.007061592303216457,LBP18,0.005956793203949928
123,1,29,0.006692780181765556,LBP18,0.024349749088287354
123,1,30,0.006456693168729544,LBP18,0.012484396807849407
123,1,31,0.0062874057330191135,LBP18,0.015422157011926174
123,1,32,0.006139091216027737,LBP18,0.004344066604971886
123,1,33,0.005902819335460663,LBP18,0.054676298052072525
123,1,34,0.005814415402710438,LBP18,0.00811903178691864
123,1,35,0.005326030310243368,LBP18,0.03732151910662651
123,1,36,0.0052645327523350716,LBP18,0.0065811676904559135
123,1,37,0.005118541419506073,LBP18,0.004167779814451933
123,1,38,0.0050198230892419815,LBP18,0.03558347374200821
123,1,39,0.00489390455186367,LBP18,0.002602551132440567
123,1,40,0.0048232427798211575,LBP18,0.025984862819314003
123,1,41,0.004657554440200329,LBP18,0.026582520455121994
123,1,42,0.004588414449244738,LBP18,0.0017250282689929008
123,1,43,0.004557343665510416,LBP18,0.005018547642976046
123,1,44,0.004303590394556522,LBP18,0.0017536840168759227
123,1,45,0.004196562338620424,LBP18,0.0015095892595127225
123,1,46,0.004023368004709482,LBP18,0.0025221267715096474
123,1,47,0.0039596338756382465,LBP18,0.009063092060387135
123,1,48,0.003934298641979694,LBP18,0.006946125067770481
123,1,49,0.0037671364843845367,LBP18,0.003488076152279973
123,1,50,0.0036977804265916348,LBP18,0.0018710487056523561
123,1,51,0.003603683551773429,LBP18,0.014382695779204369
123,1,52,0.0034732383210211992,LBP18,0.007560191676020622
123,1,53,0.003464279929175973,LBP18,0.006650007329881191
123,1,54,0.003382549388334155,LBP18,0.04423075169324875
123,1,55,0.0033240069169551134,LBP18,0.0029889894649386406
123,1,56,0.003147819312289357,LBP18,0.0019242537673562765
123,1,57,0.0030520916916429996,LBP18,0.0008218790753744543
123,1,58,0.002917961683124304,LBP18,0.0014662663452327251
123,1,59,0.0029032754246145487,LBP18,0.007925429381430149
123,1,60,0.002823535818606615,LBP18,0.0059928433038294315
123,1,61,0.002778922440484166,LBP18,0.008440562523901463
123,1,62,0.002763900673016906,LBP18,0.002919565886259079
123,1,63,0.0027186137158423662,LBP18,0.0216352678835392
123,1,64,0.0026910207234323025,LBP18,0.004833401646465063
123,1,65,0.0026353809516876936,LBP18,0.015330572612583637
123,1,66,0.0026150562334805727,LBP18,0.01362619735300541
123,1,67,0.002556806430220604,LBP18,0.0040031252428889275
123,1,68,0.0024954224936664104,LBP18,0.009063944220542908
123,1,69,0.0024492498487234116,LBP18,0.0024705317337065935
123,1,70,0.002417340874671936,LBP18,0.005804890766739845
123,1,71,0.0023231138475239277,LBP18,0.002290075644850731
123,1,72,0.002256226958706975,LBP18,0.013529550284147263
123,1,73,0.0022540693171322346,LBP18,0.0007404061034321785
123,1,74,0.002252149861305952,LBP18,0.005318020936101675
123,1,75,0.0021825716830790043,LBP18,0.002576494589447975
123,1,76,0.0021514357067644596,LBP18,0.011091572232544422
123,1,77,0.002108899177983403,LBP18,0.01376065332442522
123,1,78,0.0020762018393725157,LBP18,0.0036620954051613808
123,1,79,0.0020206598564982414,LBP18,0.004007317125797272
123,1,80,0.0020125932060182095,LBP18,0.002521825721487403
123,1,81,0.0019721603021025658,LBP18,0.004472892731428146
123,1,82,0.0019398838048800826,LBP18,0.006266054231673479
123,1,83,0.0018815197981894016,LBP18,0.0014470461755990982
123,1,84,0.001867240876890719,LBP18,0.0048609147779643536
123,1,85,0.0018141854088753462,LBP18,0.0034331984352320433
123,1,86,0.0017867385176941752,LBP18,0.00047216698294505477
123,1,87,0.0017484970157966018,LBP18,0.0031865518540143967
123,1,88,0.0017247392097488046,LBP18,0.01963518001139164
123,1,89,0.0016850931569933891,LBP18,0.008617863059043884
123,1,90,0.0016768043860793114,LBP18,0.010448737069964409
123,1,91,0.0016441468615084887,LBP18,0.00901187863200903
123,1,92,0.0016391819808632135,LBP18,0.0018764531705528498
123,1,93,0.0016055632149800658,LBP18,0.016640396788716316
123,1,94,0.0015872325748205185,LBP18,0.002928110770881176
123,1,95,0.0015532879624515772,LBP18,0.010055147111415863
123,1,96,0.001525113359093666,LBP18,0.00434277206659317
123,1,97,0.0014985414454713464,LBP18,0.006432853639125824
123,1,98,0.0014880457893013954,LBP18,0.007732228841632605
123,1,99,0.0014593639643862844,LBP18,0.004009559750556946
123,1,100,0.0014496988151222467,LBP18,0.02217760682106018
123,1,101,0.0014069880126044154,LBP18,0.005946722347289324
123,1,102,0.001375721301883459,LBP18,0.00622602878138423
123,1,103,0.0013458254979923368,LBP18,0.01573002338409424
123,1,104,0.0013257229002192616,LBP18,0.02378905937075615
123,1,105,0.0013162653194740415,LBP18,0.004076039418578148
123,1,106,0.0012777018127962947,LBP18,0.003725017188116908
123,1,107,0.001271901885047555,LBP18,0.0031862128525972366
123,1,108,0.001249058754183352,LBP18,0.00838751532137394
123,1,109,0.0012284236727282405,LBP18,0.0017670909874141216
123,1,110,0.001225714455358684,LBP18,0.005476509220898151
123,1,111,0.0011923628626391292,LBP18,0.0024490428622812033
123,1,112,0.001159232691861689,LBP18,0.0028125650715082884
123,1,113,0.0011441097594797611,LBP18,0.014300819486379623
123,1,114,0.0011290882248431444,LBP18,0.010705789551138878
123,1,115,0.0011155843967571855,LBP18,0.0009799284161999822
123,1,116,0.001096807885915041,LBP18,0.0020253201946616173
123,1,117,0.0010750852525234222,LBP18,0.00707002729177475
123,1,118,0.0010565966367721558,LBP18,0.003933052532374859
123,1,119,0.0010484418598935008,LBP18,0.008838964626193047
123,1,120,0.0010221943957731128,LBP18,0.00261557730846107
123,1,121,0.001016890979371965,LBP18,0.0058258287608623505
123,1,122,0.001004185643978417,LBP18,0.006224737502634525
123,1,123,0.0009822502033784986,LBP18,0.015576313249766827
123,1,124,0.0009587209206074476,LBP18,0.010202726349234581
123,1,125,0.0009374343208037317,LBP18,0.009154889732599258
123,1,126,0.0009107621153816581,LBP18,0.004173868801444769
123,1,127,0.0009065562044270337,LBP18,0.007355993613600731
123,1,128,0.0008948994800448418,LBP18,0.002626531757414341
123,1,1,0.11725059896707535,HARALICK5,0.007416972890496254
123,1,2,0.06313280016183853,HARALICK5,0.01696433499455452
123,1,3,0.05702221393585205,HARALICK5,0.014203919097781181
123,1,4,0.056475330144166946,HARALICK5,0.001908156555145979
123,1,5,0.03901694342494011,HARALICK5,0.0009405962191522121
123,1,6,0.03390094265341759,HARALICK5,0.007300056982785463
123,1,7,0.03206207975745201,HARALICK5,0.0035220105201005936
123,1,8,0.025325214490294456,HARALICK5,0.004112985450774431
123,1,9,0.023003583773970604,HARALICK5,0.002414360176771879
123,1,10,0.020801926031708717,HARALICK5,0.0013539792271330953
123,1,11,0.0187680721282959,HARALICK5,0.0017661028541624546
123,1,12,0.017903104424476624,HARALICK5,0.006013283506035805
123,1,13,0.01541678886860609,HARALICK5,0.0053779627196490765
123,1,14,0.0148409279063344,HARALICK5,0.003799558850005269
123,1,15,0.012902887538075447,HARALICK5,0.005886176135390997
123,1,16,0.012371039018034935,HARALICK5,0.0016678207321092486
123,1,17,0.011844346299767494,HARALICK5,0.00613791448995471
123,1,18,0.01130217220634222,HARALICK5,0.011017409153282642
123,1,19,0.01098703220486641,HARALICK5,0.0027846458833664656
123,1,20,0.010539891198277473,HARALICK5,0.0054597980342805386
123,1,21,0.009869732894003391,HARALICK5,0.002258335705846548
123,1,22,0.009357281029224396,HARALICK5,0.003641650313511491
123,1,23,0.008903153240680695,HARALICK5,0.00498467031866312
123,1,24,0.008367210626602173,HARALICK5,0.0049812751822173595
123,1,25,0.007893117144703865,HARALICK5,0.013599214144051075
123,1,26,0.007656969595700502,HARALICK5,0.004092731513082981
123,1,27,0.007418544963002205,HARALICK5,0.015016146004199982
123,1,28,0.007061592303216457,HARALICK5,0.0024057331029325724
123,1,29,0.006692780181765556,HARALICK5,0.0036137658171355724
123,1,30,0.006456693168729544,HARALICK5,0.003201139159500599
123,1,31,0.0062874057330191135,HARALICK5,0.0037025364581495523
123,1,32,0.006139091216027737,HARALICK5,0.010928703472018242
123,1,33,0.005902819335460663,HARALICK5,0.016947615891695023
123,1,34,0.005814415402710438,HARALICK5,0.00417120149359107
123,1,35,0.005326030310243368,HARALICK5,0.009481577202677727
123,1,36,0.0052645327523350716,HARALICK5,0.0022551952861249447
123,1,37,0.005118541419506073,HARALICK5,0.0020723952911794186
123,1,38,0.0050198230892419815,HARALICK5,0.004208442755043507
123,1,39,0.00489390455186367,HARALICK5,0.0037249657325446606
123,1,40,0.0048232427798211575,HARALICK5,0.0024386614095419645
123,1,41,0.004657554440200329,HARALICK5,0.0022294071968644857
123,1,42,0.004588414449244738,HARALICK5,0.0019785736221820116
123,1,43,0.004557343665510416,HARALICK5,0.0025738636031746864
123,1,44,0.004303590394556522,HARALICK5,0.00010090948489960283
123,1,45,0.004196562338620424,HARALICK5,0.012557750567793846
123,1,46,0.004023368004709482,HARALICK5,0.0027658080216497183
123,1,47,0.0039596338756382465,HARALICK5,0.0017124030273407698
123,1,48,0.003934298641979694,HARALICK5,0.004654840100556612
123,1,49,0.0037671364843845367,HARALICK5,0.0036957513075321913
123,1,50,0.0036977804265916348,HARALICK5,0.001722348970361054
123,1,51,0.003603683551773429,HARALICK5,0.006842878181487322
123,1,52,0.0034732383210211992,HARALICK5,0.005360531620681286
123,1,53,0.003464279929175973,HARALICK5,0.004010987002402544
123,1,54,0.003382549388334155,HARALICK5,0.006530634593218565
123,1,55,0.0033240069169551134,HARALICK5,0.00038979167584329844
123,1,56,0.003147819312289357,HARALICK5,0.0026074997149407864
123,1,57,0.0030520916916429996,HARALICK5,0.0002337794576305896
123,1,58,0.002917961683124304,HARALICK5,0.018498241901397705
123,1,59,0.0029032754246145487,HARALICK5,0.01807880774140358
123,1,60,0.002823535818606615,HARALICK5,0.011145460419356823
123,1,61,0.002778922440484166,HARALICK5,0.002470034873113036
123,1,62,0.002763900673016906,HARALICK5,0.00633778003975749
123,1,63,0.0027186137158423662,HARALICK5,0.004514928907155991
123,1,64,0.0026910207234323025,HARALICK5,0.0016286480240523815
123,1,65,0.0026353809516876936,HARALICK5,0.004832867532968521
123,1,66,0.0026150562334805727,HARALICK5,0.004155045375227928
123,1,67,0.002556806430220604,HARALICK5,0.0072970157489180565
123,1,68,0.0024954224936664104,HARALICK5,0.004272866062819958
123,1,69,0.0024492498487234116,HARALICK5,0.0038572188932448626
123,1,70,0.002417340874671936,HARALICK5,0.006271044258028269
123,1,71,0.0023231138475239277,HARALICK5,0.006423206999897957
123,1,72,0.002256226958706975,HARALICK5,0.0021149604581296444
123,1,73,0.0022540693171322346,HARALICK5,0.00941170658916235
123,1,74,0.002252149861305952,HARALICK5,0.003492941614240408
123,1,75,0.0021825716830790043,HARALICK5,0.02949560433626175
123,1,76,0.0021514357067644596,HARALICK5,0.004117031116038561
123,1,77,0.002108899177983403,HARALICK5,0.006466612219810486
123,1,78,0.0020762018393725157,HARALICK5,0.005204593762755394
123,1,79,0.0020206598564982414,HARALICK5,0.0032848676200956106
123,1,80,0.0020125932060182095,HARALICK5,0.00025541443028487265
123,1,81,0.0019721603021025658,HARALICK5,0.004878898151218891
123,1,82,0.0019398838048800826,HARALICK5,0.0022096396423876286
123,1,83,0.0018815197981894016,HARALICK5,0.007132663857191801
123,1,84,0.001867240876890719,HARALICK5,0.0037575128953903913
123,1,85,0.0018141854088753462,HARALICK5,0.0018011416541412473
123,1,86,0.0017867385176941752,HARALICK5,0.0004811609978787601
123,1,87,0.0017484970157966018,HARALICK5,0.003986756782978773
123,1,88,0.0017247392097488046,HARALICK5,0.004742122720927
123,1,89,0.0016850931569933891,HARALICK5,0.002766143763437867
123,1,90,0.0016768043860793114,HARALICK5,0.005997465457767248
123,1,91,0.0016441468615084887,HARALICK5,0.004112542141228914
123,1,92,0.0016391819808632135,HARALICK5,0.0005675462307408452
123,1,93,0.0016055632149800658,HARALICK5,0.013631802052259445
123,1,94,0.0015872325748205185,HARALICK5,0.004587104544043541
123,1,95,0.0015532879624515772,HARALICK5,0.0037429691292345524
123,1,96,0.001525113359093666,HARALICK5,0.003076457418501377
123,1,97,0.0014985414454713464,HARALICK5,0.004659419879317284
123,1,98,0.0014880457893013954,HARALICK5,0.0029197910334914923
123,1,99,0.0014593639643862844,HARALICK5,0.004563407506793737
123,1,100,0.0014496988151222467,HARALICK5,0.0007715254323557019
123,1,101,0.0014069880126044154,HARALICK5,0.007747453171759844
123,1,102,0.001375721301883459,HARALICK5,0.008916804566979408
123,1,103,0.0013458254979923368,HARALICK5,0.012524254620075226
123,1,104,0.0013257229002192616,HARALICK5,0.008197760209441185
123,1,105,0.0013162653194740415,HARALICK5,0.012937908992171288
123,1,106,0.0012777018127962947,HARALICK5,0.0036977159325033426
123,1,107,0.001271901885047555,HARALICK5,0.0023006366100162268
123,1,108,0.001249058754183352,HARALICK5,0.004764003679156303
123,1,109,0.0012284236727282405,HARALICK5,0.013386988081037998
123,1,110,0.001225714455358684,HARALICK5,0.004038684535771608
123,1,111,0.0011923628626391292,HARALICK5,0.0018532261019572616
123,1,112,0.001159232691861689,HARALICK5,0.00359488558024168
123,1,113,0.0011441097594797611,HARALICK5,0.002533879829570651
123,1,114,0.0011290882248431444,HARALICK5,0.003028698731213808
123,1,115,0.0011155843967571855,HARALICK5,0.00041289086220785975
123,1,116,0.001096807885915041,HARALICK5,0.002683468861505389
123,1,117,0.0010750852525234222,HARALICK5,0.002679221797734499
123,1,118,0.0010565966367721558,HARALICK5,0.0009802201529964805
123,1,119,0.0010484418598935008,HARALICK5,0.000238523687585257
123,1,120,0.0010221943957731128,HARALICK5,0.01041176076978445
123,1,121,0.001016890979371965,HARALICK5,0.003880514297634363
123,1,122,0.001004185643978417,HARALICK5,0.004929279908537865
123,1,123,0.0009822502033784986,HARALICK5,0.005619737785309553
123,1,124,0.0009587209206074476,HARALICK5,0.0030377183575183153
123,1,125,0.0009374343208037317,HARALICK5,0.0018831499619409442
123,1,126,0.0009107621153816581,HARALICK5,0.001410006545484066
123,1,127,0.0009065562044270337,HARALICK5,0.0020634124521166086
123,1,128,0.0008948994800448418,HARALICK5,0.0030980659648776054
123,1,1,0.11725059896707535,ALL_HANDCRAFTED32,0.13417942821979523
123,1,2,0.06313280016183853,ALL_HANDCRAFTED32,0.030492402613162994
123,1,3,0.05702221393585205,ALL_HANDCRAFTED32,0.039066944271326065
123,1,4,0.056475330144166946,ALL_HANDCRAFTED32,0.008169097825884819
123,1,5,0.03901694342494011,ALL_HANDCRAFTED32,0.011984558776021004
123,1,6,0.03390094265341759,ALL_HANDCRAFTED32,0.07094023376703262
123,1,7,0.03206207975745201,ALL_HANDCRAFTED32,0.012186710722744465
123,1,8,0.025325214490294456,ALL_HANDCRAFTED32,0.018374692648649216
123,1,9,0.023003583773970604,ALL_HANDCRAFTED32,0.010042645037174225
123,1,10,0.020801926031708717,ALL_HANDCRAFTED32,0.008658438920974731
123,1,11,0.0187680721282959,ALL_HANDCRAFTED32,0.02976171113550663
123,1,12,0.017903104424476624,ALL_HANDCRAFTED32,0.026203962042927742
123,1,13,0.01541678886860609,ALL_HANDCRAFTED32,0.016163121908903122
123,1,14,0.0148409279063344,ALL_HANDCRAFTED32,0.02579762414097786
123,1,15,0.012902887538075447,ALL_HANDCRAFTED32,0.11953087896108627
123,1,16,0.012371039018034935,ALL_HANDCRAFTED32,0.027828224003314972
123,1,17,0.011844346299767494,ALL_HANDCRAFTED32,0.022159583866596222
123,1,18,0.01130217220634222,ALL_HANDCRAFTED32,0.043042004108428955
123,1,19,0.01098703220486641,ALL_HANDCRAFTED32,0.04679204523563385
123,1,20,0.010539891198277473,ALL_HANDCRAFTED32,0.024114834144711494
123,1,21,0.009869732894003391,ALL_HANDCRAFTED32,0.037261538207530975
123,1,22,0.009357281029224396,ALL_HANDCRAFTED32,0.03048812225461006
123,1,23,0.008903153240680695,ALL_HANDCRAFTED32,0.0157763734459877
123,1,24,0.008367210626602173,ALL_HANDCRAFTED32,0.03277932107448578
123,1,25,0.007893117144703865,ALL_HANDCRAFTED32,0.0397639125585556
123,1,26,0.007656969595700502,ALL_HANDCRAFTED32,0.04813345894217491
123,1,27,0.007418544963002205,ALL_HANDCRAFTED32,0.022768083959817886
123,1,28,0.007061592303216457,ALL_HANDCRAFTED32,0.015925221145153046
123,1,29,0.006692780181765556,ALL_HANDCRAFTED32,0.03215521574020386
123,1,30,0.006456693168729544,ALL_HANDCRAFTED32,0.024256693199276924
123,1,31,0.0062874057330191135,ALL_HANDCRAFTED32,0.02631566673517227
123,1,32,0.006139091216027737,ALL_HANDCRAFTED32,0.032290019094944
123,1,33,0.005902819335460663,ALL_HANDCRAFTED32,0.08224266022443771
123,1,34,0.005814415402710438,ALL_HANDCRAFTED32,0.026275373995304108
123,1,35,0.005326030310243368,ALL_HANDCRAFTED32,0.05740353465080261
123,1,36,0.0052645327523350716,ALL_HANDCRAFTED32,0.01601821556687355
123,1,37,0.005118541419506073,ALL_HANDCRAFTED32,0.014704771339893341
123,1,38,0.0050198230892419815,ALL_HANDCRAFTED32,0.054249607026576996
123,1,39,0.00489390455186367,ALL_HANDCRAFTED32,0.008455844596028328
123,1,40,0.0048232427798211575,ALL_HANDCRAFTED32,0.03705131635069847
123,1,41,0.004657554440200329,ALL_HANDCRAFTED32,0.03864815831184387
123,1,42,0.004588414449244738,ALL_HANDCRAFTED32,0.028060492128133774
123,1,43,0.004557343665510416,ALL_HANDCRAFTED32,0.01352672278881073
123,1,44,0.004303590394556522,ALL_HANDCRAFTED32,0.005113793537020683
123,1,45,0.004196562338620424,ALL_HANDCRAFTED32,0.03213752061128616
123,1,46,0.004023368004709482,ALL_HANDCRAFTED32,0.01090461015701294
123,1,47,0.0039596338756382465,ALL_HANDCRAFTED32,0.01648525521159172
123,1,48,0.003934298641979694,ALL_HANDCRAFTED32,0.01688801869750023
123,1,49,0.0037671364843845367,ALL_HANDCRAFTED32,0.022694364190101624
123,1,50,0.0036977804265916348,ALL_HANDCRAFTED32,0.01690172776579857
123,1,51,0.003603683551773429,ALL_HANDCRAFTED32,0.02500743791460991
123,1,52,0.0034732383210211992,ALL_HANDCRAFTED32,0.03494909778237343
123,1,53,0.003464279929175973,ALL_HANDCRAFTED32,0.017904769629240036
123,1,54,0.003382549388334155,ALL_HANDCRAFTED32,0.053184010088443756
123,1,55,0.0033240069169551134,ALL_HANDCRAFTED32,0.0188518725335598
123,1,56,0.003147819312289357,ALL_HANDCRAFTED32,0.010263567790389061
123,1,57,0.0030520916916429996,ALL_HANDCRAFTED32,0.0058420440182089806
123,1,58,0.002917961683124304,ALL_HANDCRAFTED32,0.049960676580667496
123,1,59,0.0029032754246145487,ALL_HANDCRAFTED32,0.04438837617635727
123,1,60,0.002823535818606615,ALL_HANDCRAFTED32,0.028189634904265404
123,1,61,0.002778922440484166,ALL_HANDCRAFTED32,0.02724924124777317
123,1,62,0.002763900673016906,ALL_HANDCRAFTED32,0.01362692192196846
123,1,63,0.0027186137158423662,ALL_HANDCRAFTED32,0.028324205428361893
123,1,64,0.0026910207234323025,ALL_HANDCRAFTED32,0.011828416958451271
123,1,65,0.0026353809516876936,ALL_HANDCRAFTED32,0.026549361646175385
123,1,66,0.0026150562334805727,ALL_HANDCRAFTED32,0.028400244191288948
123,1,67,0.002556806430220604,ALL_HANDCRAFTED32,0.027221504598855972
123,1,68,0.0024954224936664104,ALL_HANDCRAFTED32,0.01713910512626171
123,1,69,0.0024492498487234116,ALL_HANDCRAFTED32,0.014383968897163868
123,1,70,0.002417340874671936,ALL_HANDCRAFTED32,0.02623436599969864
123,1,71,0.0023231138475239277,ALL_HANDCRAFTED32,0.013694006949663162
123,1,72,0.002256226958706975,ALL_HANDCRAFTED32,0.040195025503635406
123,1,73,0.0022540693171322346,ALL_HANDCRAFTED32,0.02262575924396515
123,1,74,0.002252149861305952,ALL_HANDCRAFTED32,0.023594550788402557
123,1,75,0.0021825716830790043,ALL_HANDCRAFTED32,0.05572165548801422
123,1,76,0.0021514357067644596,ALL_HANDCRAFTED32,0.046207014471292496
123,1,77,0.002108899177983403,ALL_HANDCRAFTED32,0.026002690196037292
123,1,78,0.0020762018393725157,ALL_HANDCRAFTED32,0.019741280004382133
123,1,79,0.0020206598564982414,ALL_HANDCRAFTED32,0.0168306902050972
123,1,80,0.0020125932060182095,ALL_HANDCRAFTED32,0.008189395070075989
123,1,81,0.0019721603021025658,ALL_HANDCRAFTED32,0.028534946963191032
123,1,82,0.0019398838048800826,ALL_HANDCRAFTED32,0.012236280366778374
123,1,83,0.0018815197981894016,ALL_HANDCRAFTED32,0.01886894926428795
123,1,84,0.001867240876890719,ALL_HANDCRAFTED32,0.01380952913314104
123,1,85,0.0018141854088753462,ALL_HANDCRAFTED32,0.01355472207069397
123,1,86,0.0017867385176941752,ALL_HANDCRAFTED32,0.009931949898600578
123,1,87,0.0017484970157966018,ALL_HANDCRAFTED32,0.010172341950237751
123,1,88,0.0017247392097488046,ALL_HANDCRAFTED32,0.030953489243984222
123,1,89,0.0016850931569933891,ALL_HANDCRAFTED32,0.03051566891372204
123,1,90,0.0016768043860793114,ALL_HANDCRAFTED32,0.03261154890060425
123,1,91,0.0016441468615084887,ALL_HANDCRAFTED32,0.020179186016321182
123,1,92,0.0016391819808632135,ALL_HANDCRAFTED32,0.006173253990709782
123,1,93,0.0016055632149800658,ALL_HANDCRAFTED32,0.03706374019384384
123,1,94,0.0015872325748205185,ALL_HANDCRAFTED32,0.02229255624115467
123,1,95,0.0015532879624515772,ALL_HANDCRAFTED32,0.022339453920722008
123,1,96,0.001525113359093666,ALL_HANDCRAFTED32,0.020089484751224518
123,1,97,0.0014985414454713464,ALL_HANDCRAFTED32,0.01917986199259758
123,1,98,0.0014880457893013954,ALL_HANDCRAFTED32,0.028072860091924667
123,1,99,0.0014593639643862844,ALL_HANDCRAFTED32,0.01752038672566414
123,1,100,0.0014496988151222467,ALL_HANDCRAFTED32,0.030941948294639587
123,1,101,0.0014069880126044154,ALL_HANDCRAFTED32,0.019938964396715164
123,1,102,0.001375721301883459,ALL_HANDCRAFTED32,0.02457098290324211
123,1,103,0.0013458254979923368,ALL_HANDCRAFTED32,0.03862810134887695
123,1,104,0.0013257229002192616,ALL_HANDCRAFTED32,0.05949372053146362
123,1,105,0.0013162653194740415,ALL_HANDCRAFTED32,0.03505971282720566
123,1,106,0.0012777018127962947,ALL_HANDCRAFTED32,0.01570630632340908
123,1,107,0.001271901885047555,ALL_HANDCRAFTED32,0.01251460611820221
123,1,108,0.001249058754183352,ALL_HANDCRAFTED32,0.01937817968428135
123,1,109,0.0012284236727282405,ALL_HANDCRAFTED32,0.03488032892346382
123,1,110,0.001225714455358684,ALL_HANDCRAFTED32,0.014765923842787743
123,1,111,0.0011923628626391292,ALL_HANDCRAFTED32,0.008092974312603474
123,1,112,0.001159232691861689,ALL_HANDCRAFTED32,0.017835229635238647
123,1,113,0.0011441097594797611,ALL_HANDCRAFTED32,0.04023664817214012
123,1,114,0.0011290882248431444,ALL_HANDCRAFTED32,0.030888468027114868
123,1,115,0.0011155843967571855,ALL_HANDCRAFTED32,0.02370384894311428
123,1,116,0.001096807885915041,ALL_HANDCRAFTED32,0.012164952233433723
123,1,117,0.0010750852525234222,ALL_HANDCRAFTED32,0.020119205117225647
123,1,118,0.0010565966367721558,ALL_HANDCRAFTED32,0.01645944081246853
123,1,119,0.0010484418598935008,ALL_HANDCRAFTED32,0.014271087944507599
123,1,120,0.0010221943957731128,ALL_HANDCRAFTED32,0.01733400486409664
123,1,121,0.001016890979371965,ALL_HANDCRAFTED32,0.011816552840173244
123,1,122,0.001004185643978417,ALL_HANDCRAFTED32,0.014899599365890026
123,1,123,0.0009822502033784986,ALL_HANDCRAFTED32,0.02729351818561554
123,1,124,0.0009587209206074476,ALL_HANDCRAFTED32,0.03448626399040222
123,1,125,0.0009374343208037317,ALL_HANDCRAFTED32,0.019177598878741264
123,1,126,0.0009107621153816581,ALL_HANDCRAFTED32,0.009120925329625607
123,1,127,0.0009065562044270337,ALL_HANDCRAFTED32,0.02625310979783535
123,1,128,0.0008948994800448418,ALL_HANDCRAFTED32,0.016947347670793533
123,1,1,0.11725059896707535,VIT768,0.8658205270767212
123,1,2,0.06313280016183853,VIT768,0.9695079922676086
123,1,3,0.05702221393585205,VIT768,0.9609327912330627
123,1,4,0.056475330144166946,VIT768,0.9918308258056641
123,1,5,0.03901694342494011,VIT768,0.9880144000053406
123,1,6,0.03390094265341759,VIT768,0.9290605187416077
123,1,7,0.03206207975745201,VIT768,0.9878144860267639
123,1,8,0.025325214490294456,VIT768,0.9816256165504456
123,1,9,0.023003583773970604,VIT768,0.989957332611084
123,1,10,0.020801926031708717,VIT768,0.9913417100906372
123,1,11,0.0187680721282959,VIT768,0.9702389240264893
123,1,12,0.017903104424476624,VIT768,0.973796010017395
123,1,13,0.01541678886860609,VIT768,0.983836829662323
123,1,14,0.0148409279063344,VIT768,0.9742021560668945
123,1,15,0.012902887538075447,VIT768,0.880469024181366
123,1,16,0.012371039018034935,VIT768,0.9721713662147522
123,1,17,0.011844346299767494,VIT768,0.977840781211853
123,1,18,0.01130217220634222,VIT768,0.9569574594497681
123,1,19,0.01098703220486641,VIT768,0.9532077312469482
123,1,20,0.010539891198277473,VIT768,0.9758849143981934
123,1,21,0.009869732894003391,VIT768,0.962738037109375
123,1,22,0.009357281029224396,VIT768,0.9695120453834534
123,1,23,0.008903153240680695,VIT768,0.9842232465744019
123,1,24,0.008367210626602173,VIT768,0.9672210216522217
123,1,25,0.007893117144703865,VIT768,0.9602362513542175
123,1,26,0.007656969595700502,VIT768,0.9518665075302124
123,1,27,0.007418544963002205,VIT768,0.9772310256958008
123,1,28,0.007061592303216457,VIT768,0.9840746521949768
123,1,29,0.006692780181765556,VIT768,0.9678446054458618
123,1,30,0.006456693168729544,VIT768,0.9757434129714966
123,1,31,0.0062874057330191135,VIT768,0.9736843109130859
123,1,32,0.006139091216027737,VIT768,0.9677100777626038
123,1,33,0.005902819335460663,VIT768,0.9177570343017578
123,1,34,0.005814415402710438,VIT768,0.9737247228622437
123,1,35,0.005326030310243368,VIT768,0.942596435546875
123,1,36,0.0052645327523350716,VIT768,0.9839818477630615
123,1,37,0.005118541419506073,VIT768,0.9852954149246216
123,1,38,0.0050198230892419815,VIT768,0.9457501173019409
123,1,39,0.00489390455186367,VIT768,0.9915440082550049
123,1,40,0.0048232427798211575,VIT768,0.9629485607147217
123,1,41,0.004657554440200329,VIT768,0.9613522291183472
123,1,42,0.004588414449244738,VIT768,0.971940279006958
123,1,43,0.004557343665510416,VIT768,0.9864733815193176
123,1,44,0.004303590394556522,VIT768,0.9948859810829163
123,1,45,0.004196562338620424,VIT768,0.967862606048584
123,1,46,0.004023368004709482,VIT768,0.9890962243080139
123,1,47,0.0039596338756382465,VIT768,0.983514666557312
123,1,48,0.003934298641979694,VIT768,0.9831121563911438
123,1,49,0.0037671364843845367,VIT768,0.9773057699203491
123,1,50,0.0036977804265916348,VIT768,0.9830977916717529
123,1,51,0.003603683551773429,VIT768,0.9749924540519714
123,1,52,0.0034732383210211992,VIT768,0.9650506973266602
123,1,53,0.003464279929175973,VIT768,0.9820950031280518
123,1,54,0.003382549388334155,VIT768,0.9468159675598145
123,1,55,0.0033240069169551134,VIT768,0.9811481833457947
123,1,56,0.003147819312289357,VIT768,0.9897365570068359
123,1,57,0.0030520916916429996,VIT768,0.9941580295562744
123,1,58,0.002917961683124304,VIT768,0.9500391483306885
123,1,59,0.0029032754246145487,VIT768,0.9556117057800293
123,1,60,0.002823535818606615,VIT768,0.9718102216720581
123,1,61,0.002778922440484166,VIT768,0.9727503061294556
123,1,62,0.002763900673016906,VIT768,0.9863728284835815
123,1,63,0.0027186137158423662,VIT768,0.9716757535934448
123,1,64,0.0026910207234323025,VIT768,0.9881712794303894
123,1,65,0.0026353809516876936,VIT768,0.9734503030776978
123,1,66,0.0026150562334805727,VIT768,0.9715994596481323
123,1,67,0.002556806430220604,VIT768,0.9727785587310791
123,1,68,0.0024954224936664104,VIT768,0.9828604459762573
123,1,69,0.0024492498487234116,VIT768,0.9856159687042236
123,1,70,0.002417340874671936,VIT768,0.9737651348114014
123,1,71,0.0023231138475239277,VIT768,0.9863061308860779
123,1,72,0.002256226958706975,VIT768,0.9598053097724915
123,1,73,0.0022540693171322346,VIT768,0.9773743152618408
123,1,74,0.002252149861305952,VIT768,0.9764058589935303
123,1,75,0.0021825716830790043,VIT768,0.9442777633666992
123,1,76,0.0021514357067644596,VIT768,0.9537935853004456
123,1,77,0.002108899177983403,VIT768,0.9739975929260254
123,1,78,0.0020762018393725157,VIT768,0.9802581071853638
123,1,79,0.0020206598564982414,VIT768,0.9831693172454834
123,1,80,0.0020125932060182095,VIT768,0.9918107390403748
123,1,81,0.0019721603021025658,VIT768,0.971464991569519
123,1,82,0.0019398838048800826,VIT768,0.9877644777297974
123,1,83,0.0018815197981894016,VIT768,0.9811311364173889
123,1,84,0.001867240876890719,VIT768,0.9861905574798584
123,1,85,0.0018141854088753462,VIT768,0.986444890499115
123,1,86,0.0017867385176941752,VIT768,0.9900677800178528
123,1,87,0.0017484970157966018,VIT768,0.989827573299408
123,1,88,0.0017247392097488046,VIT768,0.9690468311309814
123,1,89,0.0016850931569933891,VIT768,0.9694849848747253
123,1,90,0.0016768043860793114,VIT768,0.9673882722854614
123,1,91,0.0016441468615084887,VIT768,0.9798199534416199
123,1,92,0.0016391819808632135,VIT768,0.9938267469406128
123,1,93,0.0016055632149800658,VIT768,0.9629364013671875
123,1,94,0.0015872325748205185,VIT768,0.9777073264122009
123,1,95,0.0015532879624515772,VIT768,0.9776603579521179
123,1,96,0.001525113359093666,VIT768,0.9799104928970337
123,1,97,0.0014985414454713464,VIT768,0.9808200001716614
123,1,98,0.0014880457893013954,VIT768,0.9719274044036865
123,1,99,0.0014593639643862844,VIT768,0.9824790954589844
123,1,100,0.0014496988151222467,VIT768,0.9690580368041992
123,1,101,0.0014069880126044154,VIT768,0.9800612330436707
123,1,102,0.001375721301883459,VIT768,0.975429356098175
123,1,103,0.0013458254979923368,VIT768,0.961371660232544
123,1,104,0.0013257229002192616,VIT768,0.9405064582824707
123,1,105,0.0013162653194740415,VIT768,0.9649406671524048
123,1,106,0.0012777018127962947,VIT768,0.9842937588691711
123,1,107,0.001271901885047555,VIT768,0.9874855875968933
123,1,108,0.001249058754183352,VIT768,0.980621337890625
123,1,109,0.0012284236727282405,VIT768,0.9651196599006653
123,1,110,0.001225714455358684,VIT768,0.9852340221405029
123,1,111,0.0011923628626391292,VIT768,0.9919074177742004
123,1,112,0.001159232691861689,VIT768,0.9821643829345703
123,1,113,0.0011441097594797611,VIT768,0.9597635865211487
123,1,114,0.0011290882248431444,VIT768,0.9691116213798523
123,1,115,0.0011155843967571855,VIT768,0.9762961864471436
123,1,116,0.001096807885915041,VIT768,0.987835168838501
123,1,117,0.0010750852525234222,VIT768,0.9798805117607117
123,1,118,0.0010565966367721558,VIT768,0.9835403561592102
123,1,119,0.0010484418598935008,VIT768,0.9857289791107178
123,1,120,0.0010221943957731128,VIT768,0.9826661944389343
123,1,121,0.001016890979371965,VIT768,0.9881830811500549
123,1,122,0.001004185643978417,VIT768,0.9851003885269165
123,1,123,0.0009822502033784986,VIT768,0.9727066159248352
123,1,124,0.0009587209206074476,VIT768,0.965514063835144
123,1,125,0.0009374343208037317,VIT768,0.9808223843574524
123,1,126,0.0009107621153816581,VIT768,0.9908789396286011
123,1,127,0.0009065562044270337,VIT768,0.9737465381622314
123,1,128,0.0008948994800448418,VIT768,0.9830530285835266
123,2,1,0.11530808359384537,COLOR9,0.01585761085152626
123,2,2,0.06334415078163147,COLOR9,0.008706475608050823
123,2,3,0.057575106620788574,COLOR9,0.0026822129730135202
123,2,4,0.05318717285990715,COLOR9,0.018510594964027405
123,2,5,0.03834037482738495,COLOR9,0.009218367747962475
123,2,6,0.031874869018793106,COLOR9,0.005823558662086725
123,2,7,0.029312940314412117,COLOR9,0.04244791343808174
123,2,8,0.02682480402290821,COLOR9,0.005244934465736151
123,2,9,0.022399328649044037,COLOR9,0.003613703418523073
123,2,10,0.02079055830836296,COLOR9,0.008303080685436726
123,2,11,0.019245831295847893,COLOR9,0.0059618339873850346
123,2,12,0.018215404823422432,COLOR9,0.0026800064370036125
123,2,13,0.016702303662896156,COLOR9,0.011291158385574818
123,2,14,0.015166827477514744,COLOR9,0.012068546377122402
123,2,15,0.012804556638002396,COLOR9,0.008174563758075237
123,2,16,0.012429581955075264,COLOR9,0.005772523581981659
123,2,17,0.012042595073580742,COLOR9,0.008739541284739971
123,2,18,0.011385058984160423,COLOR9,0.01738905720412731
123,2,19,0.01115333940833807,COLOR9,0.008511056192219257
123,2,20,0.010931801050901413,COLOR9,0.015414239838719368
123,2,21,0.009815344586968422,COLOR9,0.011943994089961052
123,2,22,0.009564714506268501,COLOR9,0.005495608318597078
123,2,23,0.008963041938841343,COLOR9,0.01872086338698864
123,2,24,0.008414804935455322,COLOR9,0.008148240856826305
123,2,25,0.008333412930369377,COLOR9,0.0038838505279272795
123,2,26,0.007766722701489925,COLOR9,0.011488424614071846
123,2,27,0.007205890957266092,COLOR9,0.004052462987601757
123,2,28,0.006961673032492399,COLOR9,0.00709583330899477
123,2,29,0.006920011714100838,COLOR9,0.00469926605001092
123,2,30,0.00659606559202075,COLOR9,0.004427935462445021
123,2,31,0.006509608589112759,COLOR9,0.0009577443124726415
123,2,32,0.0060345749370753765,COLOR9,0.0012057931162416935
123,2,33,0.006030206102877855,COLOR9,0.01691945642232895
123,2,34,0.005954488180577755,COLOR9,0.02958204410970211
123,2,35,0.005620174575597048,COLOR9,0.005354247055947781
123,2,36,0.0054059154354035854,COLOR9,0.011414621956646442
123,2,37,0.0053272186778485775,COLOR9,0.006626405753195286
123,2,38,0.00515086529776454,COLOR9,0.010650945827364922
123,2,39,0.004931862466037273,COLOR9,0.013834516517817974
123,2,40,0.004850699566304684,COLOR9,0.022553367540240288
123,2,41,0.0047488645650446415,COLOR9,0.004919376224279404
123,2,42,0.004694428760558367,COLOR9,0.029750531539320946
123,2,43,0.0044618467800319195,COLOR9,0.005404769442975521
123,2,44,0.004381511826068163,COLOR9,0.020471010357141495
123,2,45,0.004207358695566654,COLOR9,0.03255288302898407
123,2,46,0.00411574961617589,COLOR9,0.007682983297854662
123,2,47,0.003981203772127628,COLOR9,0.00669013662263751
123,2,48,0.00383352255448699,COLOR9,0.005986906588077545
123,2,49,0.0037524327635765076,COLOR9,0.008566983044147491
123,2,50,0.003694764571264386,COLOR9,0.013979836367070675
123,2,51,0.003621517913416028,COLOR9,0.017749259248375893
123,2,52,0.0035653661470860243,COLOR9,0.003641782095655799
123,2,53,0.003512944094836712,COLOR9,0.00617210054770112
123,2,54,0.0034324212465435266,COLOR9,0.006607657764106989
123,2,55,0.0033316430635750294,COLOR9,0.01987997442483902
123,2,56,0.0032907817512750626,COLOR9,0.002876260783523321
123,2,57,0.0032322260085493326,COLOR9,0.006899498403072357
123,2,58,0.003212627023458481,COLOR9,0.0057053533382713795
123,2,59,0.0031223404221236706,COLOR9,0.014807616360485554
123,2,60,0.0030064836610108614,COLOR9,0.010471838526427746
123,2,61,0.002941172569990158,COLOR9,0.014231786131858826
123,2,62,0.002807201584801078,COLOR9,0.005465003661811352
123,2,63,0.002755876397714019,COLOR9,0.018828973174095154
123,2,64,0.0027334915939718485,COLOR9,0.005035674199461937
123,2,65,0.0026828942354768515,COLOR9,0.005266102962195873
123,2,66,0.0026698096189647913,COLOR9,0.045686498284339905
123,2,67,0.0025891282130032778,COLOR9,0.008794179186224937
123,2,68,0.0024789669550955296,COLOR9,0.007787329610437155
123,2,69,0.002473225584253669,COLOR9,0.006451791152358055
123,2,70,0.002444620244204998,COLOR9,0.023472439497709274
123,2,71,0.002427413361147046,COLOR9,0.009744571521878242
123,2,72,0.0023296482395380735,COLOR9,0.0026735030114650726
123,2,73,0.0022905399091541767,COLOR9,0.012959364801645279
123,2,74,0.0022279731929302216,COLOR9,0.0023974194191396236
123,2,75,0.0021621251944452524,COLOR9,0.01348557323217392
123,2,76,0.0021170563995838165,COLOR9,0.005580821540206671
123,2,77,0.0020944064017385244,COLOR9,0.009538671933114529
123,2,78,0.0020472058095037937,COLOR9,0.01633923500776291
123,2,79,0.002042294479906559,COLOR9,0.019693611189723015
123,2,80,0.00201823259703815,COLOR9,0.0035263458266854286
123,2,81,0.0019603355322033167,COLOR9,0.0015971300890669227
123,2,82,0.0018995474092662334,COLOR9,0.007003846578299999
123,2,83,0.0018908836646005511,COLOR9,0.02409524843096733
123,2,84,0.001856961753219366,COLOR9,0.028880301862955093
123,2,85,0.001841520075686276,COLOR9,0.022164590656757355
123,2,86,0.001808956847526133,COLOR9,0.009656606242060661
123,2,87,0.0018011919455602765,COLOR9,0.0036185639910399914
123,2,88,0.0017647361382842064,COLOR9,0.013987132348120213
123,2,89,0.001736087491735816,COLOR9,0.0074707092717289925
123,2,90,0.001709016622044146,COLOR9,0.005236938130110502
123,2,91,0.0016767415218055248,COLOR9,0.014162853360176086
123,2,92,0.0016405768692493439,COLOR9,0.009154047816991806
123,2,93,0.0016188534209504724,COLOR9,0.0069084628485143185
123,2,94,0.001589828752912581,COLOR9,0.0205026064068079
123,2,95,0.0015542026376351714,COLOR9,0.005376084707677364
123,2,96,0.001541465288028121,COLOR9,0.011029759421944618
123,2,97,0.001520527177490294,COLOR9,0.0017671441892161965
123,2,98,0.001495739328674972,COLOR9,0.009934765286743641
123,2,99,0.0014427733840420842,COLOR9,0.009773795492947102
123,2,100,0.0014329864643514156,COLOR9,0.013432112522423267
123,2,101,0.0014296091394498944,COLOR9,0.023896489292383194
123,2,102,0.0014088450698181987,COLOR9,0.009608253836631775
123,2,103,0.001386103918775916,COLOR9,0.014995105564594269
123,2,104,0.0013725891476497054,COLOR9,0.005955251399427652
123,2,105,0.0013646818697452545,COLOR9,0.010519053786993027
123,2,106,0.00131836102809757,COLOR9,0.023317975923419
123,2,107,0.0013031442649662495,COLOR9,0.0167293231934309
123,2,108,0.0012699926737695932,COLOR9,0.013519796542823315
123,2,109,0.0012469397624954581,COLOR9,0.0061525097116827965
123,2,110,0.0012432278599590063,COLOR9,0.010433793067932129
123,2,111,0.001210949383676052,COLOR9,0.008043026551604271
123,2,112,0.001205679029226303,COLOR9,0.009688422083854675
123,2,113,0.001190605340525508,COLOR9,0.012549794279038906
123,2,114,0.001176930614747107,COLOR9,0.005935345776379108
123,2,115,0.0011598016135394573,COLOR9,0.0032537204679101706
123,2,116,0.0011300357291474938,COLOR9,0.009901299141347408
123,2,117,0.001125302747823298,COLOR9,0.0022947080433368683
123,2,118,0.001101538771763444,COLOR9,0.013411514461040497
123,2,119,0.001077728345990181,COLOR9,0.013064580038189888
123,2,120,0.001068936544470489,COLOR9,0.015683850273489952
123,2,121,0.0010532282758504152,COLOR9,0.00386834517121315
123,2,122,0.0010250048944726586,COLOR9,0.00933910347521305
123,2,123,0.0010083277011290193,COLOR9,0.006044325884431601
123,2,124,0.0009880366269499063,COLOR9,0.016490785405039787
123,2,125,0.0009730842430144548,COLOR9,0.004820602014660835
123,2,126,0.0009538524318486452,COLOR9,0.015866301953792572
123,2,127,0.000947374093811959,COLOR9,0.013465190306305885
123,2,128,0.0009300319943577051,COLOR9,0.0049753692001104355
123,2,1,0.11530808359384537,LBP18,0.10503904521465302
123,2,2,0.06334415078163147,LBP18,0.006153633818030357
123,2,3,0.057575106620788574,LBP18,0.0026987644378095865
123,2,4,0.05318717285990715,LBP18,0.010323245078325272
123,2,5,0.03834037482738495,LBP18,0.001024011056870222
123,2,6,0.031874869018793106,LBP18,0.01422919426113367
123,2,7,0.029312940314412117,LBP18,0.035405147820711136
123,2,8,0.02682480402290821,LBP18,0.00836507510393858
123,2,9,0.022399328649044037,LBP18,0.0274423249065876
123,2,10,0.02079055830836296,LBP18,0.0028240715619176626
123,2,11,0.019245831295847893,LBP18,0.006756251212209463
123,2,12,0.018215404823422432,LBP18,0.008572421036660671
123,2,13,0.016702303662896156,LBP18,0.009065000340342522
123,2,14,0.015166827477514744,LBP18,0.009935365058481693
123,2,15,0.012804556638002396,LBP18,0.05553137883543968
123,2,16,0.012429581955075264,LBP18,0.0038524966221302748
123,2,17,0.012042595073580742,LBP18,0.053901512175798416
123,2,18,0.011385058984160423,LBP18,0.008181992918252945
123,2,19,0.01115333940833807,LBP18,0.02099313586950302
123,2,20,0.010931801050901413,LBP18,0.019555728882551193
123,2,21,0.009815344586968422,LBP18,0.0020211131777614355
123,2,22,0.009564714506268501,LBP18,0.005719706416130066
123,2,23,0.008963041938841343,LBP18,0.02115560695528984
123,2,24,0.008414804935455322,LBP18,0.00781920738518238
123,2,25,0.008333412930369377,LBP18,0.008909324184060097
123,2,26,0.007766722701489925,LBP18,0.0017857819329947233
123,2,27,0.007205890957266092,LBP18,0.017804084345698357
123,2,28,0.006961673032492399,LBP18,0.060368988662958145
123,2,29,0.006920011714100838,LBP18,0.003728772047907114
123,2,30,0.00659606559202075,LBP18,0.002120362361893058
123,2,31,0.006509608589112759,LBP18,0.027806328609585762
123,2,32,0.0060345749370753765,LBP18,0.05717267096042633
123,2,33,0.006030206102877855,LBP18,0.004806044045835733
123,2,34,0.005954488180577755,LBP18,0.021945074200630188
123,2,35,0.005620174575597048,LBP18,0.05295291543006897
123,2,36,0.0054059154354035854,LBP18,0.013612063601613045
123,2,37,0.0053272186778485775,LBP18,0.006384985521435738
123,2,38,0.00515086529776454,LBP18,0.0244850292801857
123,2,39,0.004931862466037273,LBP18,0.030066099017858505
123,2,40,0.004850699566304684,LBP18,0.0028387513011693954
123,2,41,0.0047488645650446415,LBP18,0.01048651896417141
123,2,42,0.004694428760558367,LBP18,0.016252923756837845
123,2,43,0.0044618467800319195,LBP18,0.0019770273938775063
123,2,44,0.004381511826068163,LBP18,0.0017195631517097354
123,2,45,0.004207358695566654,LBP18,0.002148738829419017
123,2,46,0.00411574961617589,LBP18,0.01196003332734108
123,2,47,0.003981203772127628,LBP18,0.0025293631479144096
123,2,48,0.00383352255448699,LBP18,0.002797513036057353
123,2,49,0.0037524327635765076,LBP18,0.0023768371902406216
123,2,50,0.003694764571264386,LBP18,0.004532243590801954
123,2,51,0.003621517913416028,LBP18,0.022205166518688202
123,2,52,0.0035653661470860243,LBP18,0.004813157953321934
123,2,53,0.003512944094836712,LBP18,0.013524709269404411
123,2,54,0.0034324212465435266,LBP18,0.0070578353479504585
123,2,55,0.0033316430635750294,LBP18,0.0012690079165622592
123,2,56,0.0032907817512750626,LBP18,0.004575016442686319
123,2,57,0.0032322260085493326,LBP18,0.015702031552791595
123,2,58,0.003212627023458481,LBP18,0.0014690679963678122
123,2,59,0.0031223404221236706,LBP18,0.0022265403531491756
123,2,60,0.0030064836610108614,LBP18,0.03976644575595856
123,2,61,0.002941172569990158,LBP18,0.004790457431226969
123,2,62,0.002807201584801078,LBP18,0.012136687524616718
123,2,63,0.002755876397714019,LBP18,0.02208689972758293
123,2,64,0.0027334915939718485,LBP18,0.005066538229584694
123,2,65,0.0026828942354768515,LBP18,0.005985319148749113
123,2,66,0.0026698096189647913,LBP18,0.003860814729705453
123,2,67,0.0025891282130032778,LBP18,0.0044855475425720215
123,2,68,0.0024789669550955296,LBP18,0.0031352767255157232
123,2,69,0.002473225584253669,LBP18,0.009250353090465069
123,2,70,0.002444620244204998,LBP18,0.00031637705978937447
123,2,71,0.002427413361147046,LBP18,0.003469217801466584
123,2,72,0.0023296482395380735,LBP18,0.004057665355503559
123,2,73,0.0022905399091541767,LBP18,0.0013669452164322138
123,2,74,0.0022279731929302216,LBP18,0.00294191250577569
123,2,75,0.0021621251944452524,LBP18,0.017575152218341827
123,2,76,0.0021170563995838165,LBP18,0.007888725958764553
123,2,77,0.0020944064017385244,LBP18,0.004746025428175926
123,2,78,0.0020472058095037937,LBP18,0.01055796630680561
123,2,79,0.002042294479906559,LBP18,0.0045839701779186726
123,2,80,0.00201823259703815,LBP18,0.0031085489317774773
123,2,81,0.0019603355322033167,LBP18,0.008412990719079971
123,2,82,0.0018995474092662334,LBP18,0.002432691166177392
123,2,83,0.0018908836646005511,LBP18,0.009855922311544418
123,2,84,0.001856961753219366,LBP18,0.014065335504710674
123,2,85,0.001841520075686276,LBP18,0.006922791711986065
123,2,86,0.001808956847526133,LBP18,0.0019189174054190516
123,2,87,0.0018011919455602765,LBP18,0.004829813726246357
123,2,88,0.0017647361382842064,LBP18,0.0017621812876313925
123,2,89,0.001736087491735816,LBP18,0.0099504254758358
123,2,90,0.001709016622044146,LBP18,0.006772015709429979
123,2,91,0.0016767415218055248,LBP18,0.004561975598335266
123,2,92,0.0016405768692493439,LBP18,0.0015911071095615625
123,2,93,0.0016188534209504724,LBP18,0.010178851895034313
123,2,94,0.001589828752912581,LBP18,0.010260093957185745
123,2,95,0.0015542026376351714,LBP18,0.010508929379284382
123,2,96,0.001541465288028121,LBP18,0.0044082594104111195
123,2,97,0.001520527177490294,LBP18,0.003059424925595522
123,2,98,0.001495739328674972,LBP18,0.003335698042064905
123,2,99,0.0014427733840420842,LBP18,0.005772243719547987
123,2,100,0.0014329864643514156,LBP18,0.009866662323474884
123,2,101,0.0014296091394498944,LBP18,0.0031723116990178823
123,2,102,0.0014088450698181987,LBP18,0.009950561448931694
123,2,103,0.001386103918775916,LBP18,0.004071163013577461
123,2,104,0.0013725891476497054,LBP18,0.0029609205666929483
123,2,105,0.0013646818697452545,LBP18,0.008479861542582512
123,2,106,0.00131836102809757,LBP18,0.005221023689955473
123,2,107,0.0013031442649662495,LBP18,0.0028456305153667927
123,2,108,0.0012699926737695932,LBP18,0.007736039813607931
123,2,109,0.0012469397624954581,LBP18,0.007539447396993637
123,2,110,0.0012432278599590063,LBP18,0.007806176319718361
123,2,111,0.001210949383676052,LBP18,0.007088329643011093
123,2,112,0.001205679029226303,LBP18,0.007156954146921635
123,2,113,0.001190605340525508,LBP18,0.002852235222235322
123,2,114,0.001176930614747107,LBP18,0.020581090822815895
123,2,115,0.0011598016135394573,LBP18,0.005515117198228836
123,2,116,0.0011300357291474938,LBP18,0.008078902028501034
123,2,117,0.001125302747823298,LBP18,0.006301420275121927
123,2,118,0.001101538771763444,LBP18,0.0029320823960006237
123,2,119,0.001077728345990181,LBP18,0.005554019473493099
123,2,120,0.001068936544470489,LBP18,0.0016572107560932636
123,2,121,0.0010532282758504152,LBP18,0.006409729830920696
123,2,122,0.0010250048944726586,LBP18,0.008294207975268364
123,2,123,0.0010083277011290193,LBP18,0.015270152129232883
123,2,124,0.0009880366269499063,LBP18,0.0016741218278184533
123,2,125,0.0009730842430144548,LBP18,0.012145147658884525
123,2,126,0.0009538524318486452,LBP18,0.004812861327081919
123,2,127,0.000947374093811959,LBP18,0.004438184201717377
123,2,128,0.0009300319943577051,LBP18,0.006959643680602312
123,2,1,0.11530808359384537,HARALICK5,0.007129778619855642
123,2,2,0.06334415078163147,HARALICK5,0.018428988754749298
123,2,3,0.057575106620788574,HARALICK5,0.0007177833467721939
123,2,4,0.05318717285990715,HARALICK5,0.014245288446545601
123,2,5,0.03834037482738495,HARALICK5,0.0009024219471029937
123,2,6,0.031874869018793106,HARALICK5,0.004131132271140814
123,2,7,0.029312940314412117,HARALICK5,0.004113274160772562
123,2,8,0.02682480402290821,HARALICK5,0.008329023607075214
123,2,9,0.022399328649044037,HARALICK5,0.0038567008450627327
123,2,10,0.02079055830836296,HARALICK5,0.004177686758339405
123,2,11,0.019245831295847893,HARALICK5,0.002877532970160246
123,2,12,0.018215404823422432,HARALICK5,0.0033801449462771416
123,2,13,0.016702303662896156,HARALICK5,0.007142454385757446
123,2,14,0.015166827477514744,HARALICK5,0.000712805544026196
123,2,15,0.012804556638002396,HARALICK5,0.002200830727815628
123,2,16,0.012429581955075264,HARALICK5,0.0007427777163684368
123,2,17,0.012042595073580742,HARALICK5,0.007957779802381992
123,2,18,0.011385058984160423,HARALICK5,0.0012793487403541803
123,2,19,0.01115333940833807,HARALICK5,0.004109976813197136
123,2,20,0.010931801050901413,HARALICK5,0.010754197835922241
123,2,21,0.009815344586968422,HARALICK5,0.010007713921368122
123,2,22,0.009564714506268501,HARALICK5,0.0014712972333654761
123,2,23,0.008963041938841343,HARALICK5,0.004939182195812464
123,2,24,0.008414804935455322,HARALICK5,0.002738725859671831
123,2,25,0.008333412930369377,HARALICK5,0.0026427367702126503
123,2,26,0.007766722701489925,HARALICK5,0.0192627664655447
123,2,27,0.007205890957266092,HARALICK5,0.0027355097699910402
123,2,28,0.006961673032492399,HARALICK5,0.002969529712572694
123,2,29,0.006920011714100838,HARALICK5,0.00171628687530756
123,2,30,0.00659606559202075,HARALICK5,0.005238615907728672
123,2,31,0.006509608589112759,HARALICK5,0.0011815002653747797
123,2,32,0.0060345749370753765,HARALICK5,0.00545711163431406
123,2,33,0.006030206102877855,HARALICK5,0.005864177364856005
123,2,34,0.005954488180577755,HARALICK5,0.016544651240110397
123,2,35,0.005620174575597048,HARALICK5,0.00812232680618763
123,2,36,0.0054059154354035854,HARALICK5,0.007608272135257721
123,2,37,0.0053272186778485775,HARALICK5,0.005445292219519615
123,2,38,0.00515086529776454,HARALICK5,0.004690219648182392
123,2,39,0.004931862466037273,HARALICK5,0.003991676028817892
123,2,40,0.004850699566304684,HARALICK5,0.0009603476501069963
123,2,41,0.0047488645650446415,HARALICK5,0.0031617055647075176
123,2,42,0.004694428760558367,HARALICK5,0.0035787674132734537
123,2,43,0.0044618467800319195,HARALICK5,0.0023615339305251837
123,2,44,0.004381511826068163,HARALICK5,0.0017305479850620031
123,2,45,0.004207358695566654,HARALICK5,0.006846046075224876
123,2,46,0.00411574961617589,HARALICK5,0.006007986143231392
123,2,47,0.003981203772127628,HARALICK5,0.004374349024146795
123,2,48,0.00383352255448699,HARALICK5,0.0014652478275820613
123,2,49,0.0037524327635765076,HARALICK5,0.0029086177237331867
123,2,50,0.003694764571264386,HARALICK5,0.014442645944654942
123,2,51,0.003621517913416028,HARALICK5,0.003482210449874401
123,2,52,0.0035653661470860243,HARALICK5,0.0028069859836250544
123,2,53,0.003512944094836712,HARALICK5,0.0009623570367693901
123,2,54,0.0034324212465435266,HARALICK5,0.004125302191823721
123,2,55,0.0033316430635750294,HARALICK5,0.007327853702008724
123,2,56,0.0032907817512750626,HARALICK5,0.0016274204244837165
123,2,57,0.0032322260085493326,HARALICK5,0.001838269759900868
123,2,58,0.003212627023458481,HARALICK5,0.0012914231047034264
123,2,59,0.0031223404221236706,HARALICK5,0.007181794848293066
123,2,60,0.0030064836610108614,HARALICK5,0.006409321445971727
123,2,61,0.002941172569990158,HARALICK5,0.00615113927051425
123,2,62,0.002807201584801078,HARALICK5,0.0021722237579524517
123,2,63,0.002755876397714019,HARALICK5,0.010238836519420147
123,2,64,0.0027334915939718485,HARALICK5,0.004050407093018293
123,2,65,0.0026828942354768515,HARALICK5,0.011106285266578197
123,2,66,0.0026698096189647913,HARALICK5,0.006197073962539434
123,2,67,0.0025891282130032778,HARALICK5,0.007025428581982851
123,2,68,0.0024789669550955296,HARALICK5,0.00994871649891138
123,2,69,0.002473225584253669,HARALICK5,0.021534375846385956
123,2,70,0.002444620244204998,HARALICK5,0.0013247563038021326
123,2,71,0.002427413361147046,HARALICK5,0.014803525991737843
123,2,72,0.0023296482395380735,HARALICK5,0.00394055200740695
123,2,73,0.0022905399091541767,HARALICK5,0.009652357548475266
123,2,74,0.0022279731929302216,HARALICK5,0.0004451543791219592
123,2,75,0.0021621251944452524,HARALICK5,0.0031072665005922318
123,2,76,0.0021170563995838165,HARALICK5,0.012214097194373608
123,2,77,0.0020944064017385244,HARALICK5,0.002065612468868494
123,2,78,0.0020472058095037937,HARALICK5,0.007595931179821491
123,2,79,0.002042294479906559,HARALICK5,0.008982487954199314
123,2,80,0.00201823259703815,HARALICK5,0.007508222945034504
123,2,81,0.0019603355322033167,HARALICK5,0.0018961403984576464
123,2,82,0.0018995474092662334,HARALICK5,0.0058982581831514835
123,2,83,0.0018908836646005511,HARALICK5,0.00028364063473418355
123,2,84,0.001856961753219366,HARALICK5,0.0032362150959670544
123,2,85,0.001841520075686276,HARALICK5,0.0017279970925301313
123,2,86,0.001808956847526133,HARALICK5,0.0010264443699270487
123,2,87,0.0018011919455602765,HARALICK5,0.0034263525158166885
123,2,88,0.0017647361382842064,HARALICK5,0.0036575617268681526
123,2,89,0.001736087491735816,HARALICK5,0.005087008699774742
123,2,90,0.001709016622044146,HARALICK5,0.0050867581740021706
123,2,91,0.0016767415218055248,HARALICK5,0.006369727663695812
123,2,92,0.0016405768692493439,HARALICK5,0.005303197540342808
123,2,93,0.0016188534209504724,HARALICK5,0.008527045138180256
123,2,94,0.001589828752912581,HARALICK5,0.006369458511471748
123,2,95,0.0015542026376351714,HARALICK5,0.0013729906640946865
123,2,96,0.001541465288028121,HARALICK5,0.004194279666990042
123,2,97,0.001520527177490294,HARALICK5,0.0006901081651449203
123,2,98,0.001495739328674972,HARALICK5,0.003400445217266679
123,2,99,0.0014427733840420842,HARALICK5,0.0008548901532776654
123,2,100,0.0014329864643514156,HARALICK5,0.004838722292333841
123,2,101,0.0014296091394498944,HARALICK5,0.0029940567910671234
123,2,102,0.0014088450698181987,HARALICK5,0.01613106206059456
123,2,103,0.001386103918775916,HARALICK5,0.004598364233970642
123,2,104,0.0013725891476497054,HARALICK5,0.005767581518739462
123,2,105,0.0013646818697452545,HARALICK5,0.0036969773937016726
123,2,106,0.00131836102809757,HARALICK5,0.006198474206030369
123,2,107,0.0013031442649662495,HARALICK5,0.002325045643374324
123,2,108,0.0012699926737695932,HARALICK5,0.008422553539276123
123,2,109,0.0012469397624954581,HARALICK5,0.003650620114058256
123,2,110,0.0012432278599590063,HARALICK5,0.005074203014373779
123,2,111,0.001210949383676052,HARALICK5,0.005175127647817135
123,2,112,0.001205679029226303,HARALICK5,0.0005473332712426782
123,2,113,0.001190605340525508,HARALICK5,0.0022432655096054077
123,2,114,0.001176930614747107,HARALICK5,0.011410444043576717
123,2,115,0.0011598016135394573,HARALICK5,0.0018531528767198324
123,2,116,0.0011300357291474938,HARALICK5,0.005290038418024778
123,2,117,0.001125302747823298,HARALICK5,0.006133959628641605
123,2,118,0.001101538771763444,HARALICK5,0.00540494080632925
123,2,119,0.001077728345990181,HARALICK5,0.010994366370141506
123,2,120,0.001068936544470489,HARALICK5,0.010214670561254025
123,2,121,0.0010532282758504152,HARALICK5,0.0012765404535457492
123,2,122,0.0010250048944726586,HARALICK5,0.007150888908654451
123,2,123,0.0010083277011290193,HARALICK5,0.004348764196038246
123,2,124,0.0009880366269499063,HARALICK5,0.0032950136810541153
123,2,125,0.0009730842430144548,HARALICK5,0.013087348081171513
123,2,126,0.0009538524318486452,HARALICK5,0.0061491732485592365
123,2,127,0.000947374093811959,HARALICK5,0.007675648666918278
123,2,128,0.0009300319943577051,HARALICK5,0.0062120817601680756
123,2,1,0.11530808359384537,ALL_HANDCRAFTED32,0.12802644073963165
123,2,2,0.06334415078163147,ALL_HANDCRAFTED32,0.033289097249507904
123,2,3,0.057575106620788574,ALL_HANDCRAFTED32,0.006098761688917875
123,2,4,0.05318717285990715,ALL_HANDCRAFTED32,0.043079130351543427
123,2,5,0.03834037482738495,ALL_HANDCRAFTED32,0.01114480011165142
123,2,6,0.031874869018793106,ALL_HANDCRAFTED32,0.024183884263038635
123,2,7,0.029312940314412117,ALL_HANDCRAFTED32,0.0819663256406784
123,2,8,0.02682480402290821,ALL_HANDCRAFTED32,0.021939033642411232
123,2,9,0.022399328649044037,ALL_HANDCRAFTED32,0.034912727773189545
123,2,10,0.02079055830836296,ALL_HANDCRAFTED32,0.015304839238524437
123,2,11,0.019245831295847893,ALL_HANDCRAFTED32,0.015595618635416031
123,2,12,0.018215404823422432,ALL_HANDCRAFTED32,0.014632572419941425
123,2,13,0.016702303662896156,ALL_HANDCRAFTED32,0.02749861218035221
123,2,14,0.015166827477514744,ALL_HANDCRAFTED32,0.022716715931892395
123,2,15,0.012804556638002396,ALL_HANDCRAFTED32,0.06590677797794342
123,2,16,0.012429581955075264,ALL_HANDCRAFTED32,0.010367797687649727
123,2,17,0.012042595073580742,ALL_HANDCRAFTED32,0.07059882581233978
123,2,18,0.011385058984160423,ALL_HANDCRAFTED32,0.026850396767258644
123,2,19,0.01115333940833807,ALL_HANDCRAFTED32,0.03361416980624199
123,2,20,0.010931801050901413,ALL_HANDCRAFTED32,0.04572416841983795
123,2,21,0.009815344586968422,ALL_HANDCRAFTED32,0.02397282049059868
123,2,22,0.009564714506268501,ALL_HANDCRAFTED32,0.012686611153185368
123,2,23,0.008963041938841343,ALL_HANDCRAFTED32,0.04481565207242966
123,2,24,0.008414804935455322,ALL_HANDCRAFTED32,0.018706174567341805
123,2,25,0.008333412930369377,ALL_HANDCRAFTED32,0.015435909852385521
123,2,26,0.007766722701489925,ALL_HANDCRAFTED32,0.03253697603940964
123,2,27,0.007205890957266092,ALL_HANDCRAFTED32,0.02459205687046051
123,2,28,0.006961673032492399,ALL_HANDCRAFTED32,0.07043434679508209
123,2,29,0.006920011714100838,ALL_HANDCRAFTED32,0.010144324973225594
123,2,30,0.00659606559202075,ALL_HANDCRAFTED32,0.011786913499236107
123,2,31,0.006509608589112759,ALL_HANDCRAFTED32,0.029945574700832367
123,2,32,0.0060345749370753765,ALL_HANDCRAFTED32,0.06383557617664337
123,2,33,0.006030206102877855,ALL_HANDCRAFTED32,0.027589676901698112
123,2,34,0.005954488180577755,ALL_HANDCRAFTED32,0.06807177513837814
123,2,35,0.005620174575597048,ALL_HANDCRAFTED32,0.0664294883608818
123,2,36,0.0054059154354035854,ALL_HANDCRAFTED32,0.03263495862483978
123,2,37,0.0053272186778485775,ALL_HANDCRAFTED32,0.018456682562828064
123,2,38,0.00515086529776454,ALL_HANDCRAFTED32,0.03982619196176529
123,2,39,0.004931862466037273,ALL_HANDCRAFTED32,0.04789229482412338
123,2,40,0.004850699566304684,ALL_HANDCRAFTED32,0.02635246515274048
123,2,41,0.0047488645650446415,ALL_HANDCRAFTED32,0.01856759935617447
123,2,42,0.004694428760558367,ALL_HANDCRAFTED32,0.04958222433924675
123,2,43,0.0044618467800319195,ALL_HANDCRAFTED32,0.009743331000208855
123,2,44,0.004381511826068163,ALL_HANDCRAFTED32,0.023921120911836624
123,2,45,0.004207358695566654,ALL_HANDCRAFTED32,0.041547663509845734
123,2,46,0.00411574961617589,ALL_HANDCRAFTED32,0.025651004165410995
123,2,47,0.003981203772127628,ALL_HANDCRAFTED32,0.013593848794698715
123,2,48,0.00383352255448699,ALL_HANDCRAFTED32,0.010249667800962925
123,2,49,0.0037524327635765076,ALL_HANDCRAFTED32,0.0138524379581213
123,2,50,0.003694764571264386,ALL_HANDCRAFTED32,0.03295472636818886
123,2,51,0.003621517913416028,ALL_HANDCRAFTED32,0.04343663901090622
123,2,52,0.0035653661470860243,ALL_HANDCRAFTED32,0.011261926032602787
123,2,53,0.003512944094836712,ALL_HANDCRAFTED32,0.02065916731953621
123,2,54,0.0034324212465435266,ALL_HANDCRAFTED32,0.017790794372558594
123,2,55,0.0033316430635750294,ALL_HANDCRAFTED32,0.028476836159825325
123,2,56,0.0032907817512750626,ALL_HANDCRAFTED32,0.009078697301447392
123,2,57,0.0032322260085493326,ALL_HANDCRAFTED32,0.024439800530672073
123,2,58,0.003212627023458481,ALL_HANDCRAFTED32,0.008465845137834549
123,2,59,0.0031223404221236706,ALL_HANDCRAFTED32,0.024215951561927795
123,2,60,0.0030064836610108614,ALL_HANDCRAFTED32,0.05664760246872902
123,2,61,0.002941172569990158,ALL_HANDCRAFTED32,0.025173384696245193
123,2,62,0.002807201584801078,ALL_HANDCRAFTED32,0.01977391541004181
123,2,63,0.002755876397714019,ALL_HANDCRAFTED32,0.05115471035242081
123,2,64,0.0027334915939718485,ALL_HANDCRAFTED32,0.014152618125081062
123,2,65,0.0026828942354768515,ALL_HANDCRAFTED32,0.022357705980539322
123,2,66,0.0026698096189647913,ALL_HANDCRAFTED32,0.05574438348412514
123,2,67,0.0025891282130032778,ALL_HANDCRAFTED32,0.020305154845118523
123,2,68,0.0024789669550955296,ALL_HANDCRAFTED32,0.020871322602033615
123,2,69,0.002473225584253669,ALL_HANDCRAFTED32,0.037236519157886505
123,2,70,0.002444620244204998,ALL_HANDCRAFTED32,0.02511357143521309
123,2,71,0.002427413361147046,ALL_HANDCRAFTED32,0.0280173160135746
123,2,72,0.0023296482395380735,ALL_HANDCRAFTED32,0.010671720840036869
123,2,73,0.0022905399091541767,ALL_HANDCRAFTED32,0.023978667333722115
123,2,74,0.0022279731929302216,ALL_HANDCRAFTED32,0.005784487351775169
123,2,75,0.0021621251944452524,ALL_HANDCRAFTED32,0.03416799008846283
123,2,76,0.0021170563995838165,ALL_HANDCRAFTED32,0.02568364515900612
123,2,77,0.0020944064017385244,ALL_HANDCRAFTED32,0.016350310295820236
123,2,78,0.0020472058095037937,ALL_HANDCRAFTED32,0.034493133425712585
123,2,79,0.002042294479906559,ALL_HANDCRAFTED32,0.03326006978750229
123,2,80,0.00201823259703815,ALL_HANDCRAFTED32,0.014143116772174835
123,2,81,0.0019603355322033167,ALL_HANDCRAFTED32,0.011906260624527931
123,2,82,0.0018995474092662334,ALL_HANDCRAFTED32,0.015334796160459518
123,2,83,0.0018908836646005511,ALL_HANDCRAFTED32,0.03423481434583664
123,2,84,0.001856961753219366,ALL_HANDCRAFTED32,0.046181850135326385
123,2,85,0.001841520075686276,ALL_HANDCRAFTED32,0.030815379694104195
123,2,86,0.001808956847526133,ALL_HANDCRAFTED32,0.01260196790099144
123,2,87,0.0018011919455602765,ALL_HANDCRAFTED32,0.01187472976744175
123,2,88,0.0017647361382842064,ALL_HANDCRAFTED32,0.0194068755954504
123,2,89,0.001736087491735816,ALL_HANDCRAFTED32,0.02250814437866211
123,2,90,0.001709016622044146,ALL_HANDCRAFTED32,0.017095712944865227
123,2,91,0.0016767415218055248,ALL_HANDCRAFTED32,0.02509455755352974
123,2,92,0.0016405768692493439,ALL_HANDCRAFTED32,0.016048353165388107
123,2,93,0.0016188534209504724,ALL_HANDCRAFTED32,0.025614362210035324
123,2,94,0.001589828752912581,ALL_HANDCRAFTED32,0.03713215887546539
123,2,95,0.0015542026376351714,ALL_HANDCRAFTED32,0.01725800521671772
123,2,96,0.001541465288028121,ALL_HANDCRAFTED32,0.01963229663670063
123,2,97,0.001520527177490294,ALL_HANDCRAFTED32,0.005516677163541317
123,2,98,0.001495739328674972,ALL_HANDCRAFTED32,0.01667090877890587
123,2,99,0.0014427733840420842,ALL_HANDCRAFTED32,0.016400929540395737
123,2,100,0.0014329864643514156,ALL_HANDCRAFTED32,0.02813749574124813
123,2,101,0.0014296091394498944,ALL_HANDCRAFTED32,0.030062859877943993
123,2,102,0.0014088450698181987,ALL_HANDCRAFTED32,0.03568987548351288
123,2,103,0.001386103918775916,ALL_HANDCRAFTED32,0.023664632812142372
123,2,104,0.0013725891476497054,ALL_HANDCRAFTED32,0.014683753252029419
123,2,105,0.0013646818697452545,ALL_HANDCRAFTED32,0.022695893421769142
123,2,106,0.00131836102809757,ALL_HANDCRAFTED32,0.034737471491098404
123,2,107,0.0013031442649662495,ALL_HANDCRAFTED32,0.021900000050663948
123,2,108,0.0012699926737695932,ALL_HANDCRAFTED32,0.02967838943004608
123,2,109,0.0012469397624954581,ALL_HANDCRAFTED32,0.017342576757073402
123,2,110,0.0012432278599590063,ALL_HANDCRAFTED32,0.02331417053937912
123,2,111,0.001210949383676052,ALL_HANDCRAFTED32,0.020306482911109924
123,2,112,0.001205679029226303,ALL_HANDCRAFTED32,0.017392707988619804
123,2,113,0.001190605340525508,ALL_HANDCRAFTED32,0.017645295709371567
123,2,114,0.001176930614747107,ALL_HANDCRAFTED32,0.03792688250541687
123,2,115,0.0011598016135394573,ALL_HANDCRAFTED32,0.010621991008520126
123,2,116,0.0011300357291474938,ALL_HANDCRAFTED32,0.023270240053534508
123,2,117,0.001125302747823298,ALL_HANDCRAFTED32,0.014730087481439114
123,2,118,0.001101538771763444,ALL_HANDCRAFTED32,0.021748537197709084
123,2,119,0.001077728345990181,ALL_HANDCRAFTED32,0.029612965881824493
123,2,120,0.001068936544470489,ALL_HANDCRAFTED32,0.027555733919143677
123,2,121,0.0010532282758504152,ALL_HANDCRAFTED32,0.011554615572094917
123,2,122,0.0010250048944726586,ALL_HANDCRAFTED32,0.02478419989347458
123,2,123,0.0010083277011290193,ALL_HANDCRAFTED32,0.025663241744041443
123,2,124,0.0009880366269499063,ALL_HANDCRAFTED32,0.021459922194480896
123,2,125,0.0009730842430144548,ALL_HANDCRAFTED32,0.030053099617362022
123,2,126,0.0009538524318486452,ALL_HANDCRAFTED32,0.026828337460756302
123,2,127,0.000947374093811959,ALL_HANDCRAFTED32,0.025579022243618965
123,2,128,0.0009300319943577051,ALL_HANDCRAFTED32,0.018147094175219536
123,2,1,0.11530808359384537,VIT768,0.8719733357429504
123,2,2,0.06334415078163147,VIT768,0.966710090637207
123,2,3,0.057575106620788574,VIT768,0.9939016103744507
123,2,4,0.05318717285990715,VIT768,0.9569210410118103
123,2,5,0.03834037482738495,VIT768,0.9888544678688049
123,2,6,0.031874869018793106,VIT768,0.9758169651031494
123,2,7,0.029312940314412117,VIT768,0.9180343151092529
123,2,8,0.02682480402290821,VIT768,0.9780616760253906
123,2,9,0.022399328649044037,VIT768,0.9650880098342896
123,2,10,0.02079055830836296,VIT768,0.9846957325935364
123,2,11,0.019245831295847893,VIT768,0.9844039678573608
123,2,12,0.018215404823422432,VIT768,0.9853670001029968
123,2,13,0.016702303662896156,VIT768,0.9725011587142944
123,2,14,0.015166827477514744,VIT768,0.9772831201553345
123,2,15,0.012804556638002396,VIT768,0.9340935945510864
123,2,16,0.012429581955075264,VIT768,0.989632248878479
123,2,17,0.012042595073580742,VIT768,0.929400622844696
123,2,18,0.011385058984160423,VIT768,0.9731499552726746
123,2,19,0.01115333940833807,VIT768,0.9663854241371155
123,2,20,0.010931801050901413,VIT768,0.954275906085968
123,2,21,0.009815344586968422,VIT768,0.9760273098945618
123,2,22,0.009564714506268501,VIT768,0.9873139262199402
123,2,23,0.008963041938841343,VIT768,0.9551832675933838
123,2,24,0.008414804935455322,VIT768,0.9812936186790466
123,2,25,0.008333412930369377,VIT768,0.9845645427703857
123,2,26,0.007766722701489925,VIT768,0.9674627780914307
123,2,27,0.007205890957266092,VIT768,0.9754077196121216
123,2,28,0.006961673032492399,VIT768,0.9295655488967896
123,2,29,0.006920011714100838,VIT768,0.9898552894592285
123,2,30,0.00659606559202075,VIT768,0.9882131814956665
123,2,31,0.006509608589112759,VIT768,0.9700546264648438
123,2,32,0.0060345749370753765,VIT768,0.9361640810966492
123,2,33,0.006030206102877855,VIT768,0.972410261631012
123,2,34,0.005954488180577755,VIT768,0.9319278597831726
123,2,35,0.005620174575597048,VIT768,0.9335700273513794
123,2,36,0.0054059154354035854,VIT768,0.9673644304275513
123,2,37,0.0053272186778485775,VIT768,0.9815425276756287
123,2,38,0.00515086529776454,VIT768,0.960173487663269
123,2,39,0.004931862466037273,VIT768,0.9521072506904602
123,2,40,0.004850699566304684,VIT768,0.9736472368240356
123,2,41,0.0047488645650446415,VIT768,0.9814320206642151
123,2,42,0.004694428760558367,VIT768,0.950417160987854
123,2,43,0.0044618467800319195,VIT768,0.990256130695343
123,2,44,0.004381511826068163,VIT768,0.9760788083076477
123,2,45,0.004207358695566654,VIT768,0.958452582359314
123,2,46,0.00411574961617589,VIT768,0.9743488430976868
123,2,47,0.003981203772127628,VIT768,0.9864062070846558
123,2,48,0.00383352255448699,VIT768,0.9897500872612
123,2,49,0.0037524327635765076,VIT768,0.9861475229263306
123,2,50,0.003694764571264386,VIT768,0.9670454263687134
123,2,51,0.003621517913416028,VIT768,0.9565632343292236
123,2,52,0.0035653661470860243,VIT768,0.988737940788269
123,2,53,0.003512944094836712,VIT768,0.9793409109115601
123,2,54,0.0034324212465435266,VIT768,0.982209324836731
123,2,55,0.0033316430635750294,VIT768,0.9715234041213989
123,2,56,0.0032907817512750626,VIT768,0.9909212589263916
123,2,57,0.0032322260085493326,VIT768,0.9755601286888123
123,2,58,0.003212627023458481,VIT768,0.9915344715118408
123,2,59,0.0031223404221236706,VIT768,0.9757840633392334
123,2,60,0.0030064836610108614,VIT768,0.9433523416519165
123,2,61,0.002941172569990158,VIT768,0.9748266935348511
123,2,62,0.002807201584801078,VIT768,0.9802258014678955
123,2,63,0.002755876397714019,VIT768,0.9488451480865479
123,2,64,0.0027334915939718485,VIT768,0.9858473539352417
123,2,65,0.0026828942354768515,VIT768,0.977642297744751
123,2,66,0.0026698096189647913,VIT768,0.9442552328109741
123,2,67,0.0025891282130032778,VIT768,0.9796948432922363
123,2,68,0.0024789669550955296,VIT768,0.9791285991668701
123,2,69,0.002473225584253669,VIT768,0.9627634286880493
123,2,70,0.002444620244204998,VIT768,0.974886417388916
123,2,71,0.002427413361147046,VIT768,0.9719828367233276
123,2,72,0.0023296482395380735,VIT768,0.9893282651901245
123,2,73,0.0022905399091541767,VIT768,0.976021409034729
123,2,74,0.0022279731929302216,VIT768,0.9942155480384827
123,2,75,0.0021621251944452524,VIT768,0.9658319354057312
123,2,76,0.0021170563995838165,VIT768,0.9743161797523499
123,2,77,0.0020944064017385244,VIT768,0.983649730682373
123,2,78,0.0020472058095037937,VIT768,0.9655071496963501
123,2,79,0.002042294479906559,VIT768,0.9667395353317261
123,2,80,0.00201823259703815,VIT768,0.9858566522598267
123,2,81,0.0019603355322033167,VIT768,0.9880939722061157
123,2,82,0.0018995474092662334,VIT768,0.9846652746200562
123,2,83,0.0018908836646005511,VIT768,0.9657653570175171
123,2,84,0.001856961753219366,VIT768,0.9538176655769348
123,2,85,0.001841520075686276,VIT768,0.9691845178604126
123,2,86,0.001808956847526133,VIT768,0.9873982071876526
123,2,87,0.0018011919455602765,VIT768,0.988125205039978
123,2,88,0.0017647361382842064,VIT768,0.9805930852890015
123,2,89,0.001736087491735816,VIT768,0.9774921536445618
123,2,90,0.001709016622044146,VIT768,0.9829039573669434
123,2,91,0.0016767415218055248,VIT768,0.9749051332473755
123,2,92,0.0016405768692493439,VIT768,0.98395174741745
123,2,93,0.0016188534209504724,VIT768,0.9743850827217102
123,2,94,0.001589828752912581,VIT768,0.962867259979248
123,2,95,0.0015542026376351714,VIT768,0.9827419519424438
123,2,96,0.001541465288028121,VIT768,0.9803677797317505
123,2,97,0.001520527177490294,VIT768,0.9944830536842346
123,2,98,0.001495739328674972,VIT768,0.9833292961120605
123,2,99,0.0014427733840420842,VIT768,0.9835982322692871
123,2,100,0.0014329864643514156,VIT768,0.9718625545501709
123,2,101,0.0014296091394498944,VIT768,0.9699374437332153
123,2,102,0.0014088450698181987,VIT768,0.9643100500106812
123,2,103,0.001386103918775916,VIT768,0.9763355255126953
123,2,104,0.0013725891476497054,VIT768,0.9853163957595825
123,2,105,0.0013646818697452545,VIT768,0.977304220199585
123,2,106,0.00131836102809757,VIT768,0.9652628898620605
123,2,107,0.0013031442649662495,VIT768,0.978100061416626
123,2,108,0.0012699926737695932,VIT768,0.9703218340873718
123,2,109,0.0012469397624954581,VIT768,0.982657790184021
123,2,110,0.0012432278599590063,VIT768,0.9766860008239746
123,2,111,0.001210949383676052,VIT768,0.979693591594696
123,2,112,0.001205679029226303,VIT768,0.982607364654541
123,2,113,0.001190605340525508,VIT768,0.9823548197746277
123,2,114,0.001176930614747107,VIT768,0.9620732069015503
123,2,115,0.0011598016135394573,VIT768,0.9893779158592224
123,2,116,0.0011300357291474938,VIT768,0.9767298698425293
123,2,117,0.001125302747823298,VIT768,0.9852699041366577
123,2,118,0.001101538771763444,VIT768,0.9782511591911316
123,2,119,0.001077728345990181,VIT768,0.9703869819641113
123,2,120,0.001068936544470489,VIT768,0.9724441170692444
123,2,121,0.0010532282758504152,VIT768,0.9884452819824219
123,2,122,0.0010250048944726586,VIT768,0.9752153754234314
123,2,123,0.0010083277011290193,VIT768,0.9743368029594421
123,2,124,0.0009880366269499063,VIT768,0.9785399436950684
123,2,125,0.0009730842430144548,VIT768,0.9699470400810242
123,2,126,0.0009538524318486452,VIT768,0.9731717705726624
123,2,127,0.000947374093811959,VIT768,0.9744216799736023
123,2,128,0.0009300319943577051,VIT768,0.9818527698516846
123,3,1,0.11338301748037338,COLOR9,0.016039900481700897
123,3,2,0.06617221981287003,COLOR9,0.007561805658042431
123,3,3,0.05923764407634735,COLOR9,0.013082694262266159
123,3,4,0.05550898239016533,COLOR9,0.012764856219291687
123,3,5,0.038504503667354584,COLOR9,0.00628559710457921
123,3,6,0.03276154398918152,COLOR9,0.013386069796979427
123,3,7,0.03183605149388313,COLOR9,0.020846668630838394
123,3,8,0.02588699571788311,COLOR9,0.015861431136727333
123,3,9,0.024342305958271027,COLOR9,0.0027673435397446156
123,3,10,0.021369637921452522,COLOR9,0.0030700380448251963
123,3,11,0.01936681941151619,COLOR9,0.004882475361227989
123,3,12,0.017300480976700783,COLOR9,0.012117843143641949
123,3,13,0.015068014152348042,COLOR9,0.012463130988180637
123,3,14,0.014604811556637287,COLOR9,0.004135101567953825
123,3,15,0.013150833547115326,COLOR9,0.011953681707382202
123,3,16,0.012083804234862328,COLOR9,0.012604902498424053
123,3,17,0.011768395081162453,COLOR9,0.010500229895114899
123,3,18,0.011391478590667248,COLOR9,0.024384936317801476
123,3,19,0.010388607159256935,COLOR9,0.006384369917213917
123,3,20,0.009681220166385174,COLOR9,0.007451212033629417
123,3,21,0.009106622077524662,COLOR9,0.012040016241371632
123,3,22,0.008677852340042591,COLOR9,0.013981113210320473
123,3,23,0.008432719856500626,COLOR9,0.015263855457305908
123,3,24,0.007982894778251648,COLOR9,0.006124219857156277
123,3,25,0.007726740092039108,COLOR9,0.007428692653775215
123,3,26,0.007561403792351484,COLOR9,0.004831299651414156
123,3,27,0.007442053407430649,COLOR9,0.005123707931488752
123,3,28,0.006878721993416548,COLOR9,0.003304100129753351
123,3,29,0.006603706162422895,COLOR9,0.010064720176160336
123,3,30,0.00658450135961175,COLOR9,0.007370620965957642
123,3,31,0.006422779057174921,COLOR9,0.0198582261800766
123,3,32,0.006121532060205936,COLOR9,0.009025227278470993
123,3,33,0.005956289824098349,COLOR9,0.012310896068811417
123,3,34,0.005740089807659388,COLOR9,0.013342693448066711
123,3,35,0.005626261234283447,COLOR9,0.004918866790831089
123,3,36,0.0053862882778048515,COLOR9,0.025864003226161003
123,3,37,0.005339109338819981,COLOR9,0.022007577121257782
123,3,38,0.005221860017627478,COLOR9,0.011340957134962082
123,3,39,0.004927619360387325,COLOR9,0.010198195464909077
123,3,40,0.004893611650913954,COLOR9,0.016847729682922363
123,3,41,0.004746735095977783,COLOR9,0.0024157590232789516
123,3,42,0.0046529620885849,COLOR9,0.016904650256037712
123,3,43,0.004510720260441303,COLOR9,0.0038890675641596317
123,3,44,0.004261875059455633,COLOR9,0.00934925489127636
123,3,45,0.004111187532544136,COLOR9,0.011229406110942364
123,3,46,0.003968405071645975,COLOR9,0.007376131601631641
123,3,47,0.0039346832782030106,COLOR9,0.0036467413883656263
123,3,48,0.0038274279795587063,COLOR9,0.004608865827322006
123,3,49,0.003721455577760935,COLOR9,0.031020306050777435
123,3,50,0.0036597447469830513,COLOR9,0.006521536502987146
123,3,51,0.003540019504725933,COLOR9,0.00891127996146679
123,3,52,0.0035032324958592653,COLOR9,0.006234377156943083
123,3,53,0.0034125971142202616,COLOR9,0.023575318977236748
123,3,54,0.003285382641479373,COLOR9,0.0021090228110551834
123,3,55,0.003256824566051364,COLOR9,0.005185887683182955
123,3,56,0.003166362177580595,COLOR9,0.0214958805590868
123,3,57,0.003113171784207225,COLOR9,0.014148062095046043
123,3,58,0.0031075417064130306,COLOR9,0.00890425220131874
123,3,59,0.00300892093218863,COLOR9,0.00373007426969707
123,3,60,0.002913536736741662,COLOR9,0.0018812197959050536
123,3,61,0.0028950502164661884,COLOR9,0.018593164160847664
123,3,62,0.0028941018972545862,COLOR9,0.005416245199739933
123,3,63,0.002862811554223299,COLOR9,0.0021812962368130684
123,3,64,0.0027927232440561056,COLOR9,0.0030616093426942825
123,3,65,0.0026332137640565634,COLOR9,0.0118085453286767
123,3,66,0.0026115477085113525,COLOR9,0.006998896133154631
123,3,67,0.0025419967714697123,COLOR9,0.01732046902179718
123,3,68,0.002529633929952979,COLOR9,0.026649218052625656
123,3,69,0.0024594729766249657,COLOR9,0.010873650200664997
123,3,70,0.002398112090304494,COLOR9,0.016969725489616394
123,3,71,0.002383791608735919,COLOR9,0.004763741046190262
123,3,72,0.002280992455780506,COLOR9,0.004649804439395666
123,3,73,0.0022591380402445793,COLOR9,0.02218652330338955
123,3,74,0.0022292204666882753,COLOR9,0.0028500095941126347
123,3,75,0.002191157080233097,COLOR9,0.011717469431459904
123,3,76,0.002127066720277071,COLOR9,0.004842124879360199
123,3,77,0.0020665370393544436,COLOR9,0.0025224650744348764
123,3,78,0.0020474472548812628,COLOR9,0.0063348496332764626
123,3,79,0.0020388367120176554,COLOR9,0.007319687865674496
123,3,80,0.00198480230756104,COLOR9,0.024776848033070564
123,3,81,0.001970696495845914,COLOR9,0.019798915833234787
123,3,82,0.0019451738335192204,COLOR9,0.019337499514222145
123,3,83,0.001895531895570457,COLOR9,0.014584735035896301
123,3,84,0.0018815186340361834,COLOR9,0.010973994620144367
123,3,85,0.0018450930947437882,COLOR9,0.006550116464495659
123,3,86,0.0018259115749970078,COLOR9,0.01926024630665779
123,3,87,0.00180878397077322,COLOR9,0.006429219152778387
123,3,88,0.0017727577360346913,COLOR9,0.003124563954770565
123,3,89,0.001759850885719061,COLOR9,0.015681931748986244
123,3,90,0.0017243704060092568,COLOR9,0.008442634716629982
123,3,91,0.0016889299731701612,COLOR9,0.004746927879750729
123,3,92,0.0016285799210891128,COLOR9,0.006646277382969856
123,3,93,0.0016192412003874779,COLOR9,0.004274064674973488
123,3,94,0.0016070269048213959,COLOR9,0.002717402298003435
123,3,95,0.001573661109432578,COLOR9,0.006104531232267618
123,3,96,0.0015537262661382556,COLOR9,0.0034430036321282387
123,3,97,0.001536706229671836,COLOR9,0.014705972746014595
123,3,98,0.0015100776217877865,COLOR9,0.014026249758899212
123,3,99,0.001485298853367567,COLOR9,0.008506197482347488
123,3,100,0.0014824391109868884,COLOR9,0.011968639679253101
123,3,101,0.0014573009684681892,COLOR9,0.009516382589936256
123,3,102,0.0013991172891110182,COLOR9,0.006316144019365311
123,3,103,0.0013858674792572856,COLOR9,0.016654394567012787
123,3,104,0.0013668661704286933,COLOR9,0.030874919146299362
123,3,105,0.0013578414218500257,COLOR9,0.009188617579638958
123,3,106,0.0013214257778599858,COLOR9,0.012205167673528194
123,3,107,0.0013077856274321675,COLOR9,0.006360328756272793
123,3,108,0.00128201546613127,COLOR9,0.014473674818873405
123,3,109,0.0012683222303166986,COLOR9,0.009302908554673195
123,3,110,0.0012292437022551894,COLOR9,0.003964737989008427
123,3,111,0.0012141651241108775,COLOR9,0.006167193874716759
123,3,112,0.001201449311338365,COLOR9,0.007471941877156496
123,3,113,0.00118898949585855,COLOR9,0.03091738373041153
123,3,114,0.0011797001352533698,COLOR9,0.0026595895178616047
123,3,115,0.001150050782598555,COLOR9,0.01977599412202835
123,3,116,0.0011070125037804246,COLOR9,0.008708233945071697
123,3,117,0.001095304498448968,COLOR9,0.009381203912198544
123,3,118,0.0010811256943270564,COLOR9,0.015004877001047134
123,3,119,0.001058058114722371,COLOR9,0.011470211669802666
123,3,120,0.0010532346786931157,COLOR9,0.007047913037240505
123,3,121,0.0010424680076539516,COLOR9,0.008551990613341331
123,3,122,0.00101090082898736,COLOR9,0.017207754775881767
123,3,123,0.0009929287480190396,COLOR9,0.007638070732355118
123,3,124,0.0009761601104401052,COLOR9,0.014462016522884369
123,3,125,0.0009696110500954092,COLOR9,0.008325261995196342
123,3,126,0.000958898279350251,COLOR9,0.009060383774340153
123,3,127,0.0009439383284188807,COLOR9,0.01605173759162426
123,3,128,0.0009191142162308097,COLOR9,0.01075831986963749
123,3,1,0.11338301748037338,LBP18,0.10175159573554993
123,3,2,0.06617221981287003,LBP18,0.009385044686496258
123,3,3,0.05923764407634735,LBP18,0.011339527554810047
123,3,4,0.05550898239016533,LBP18,0.006270052399486303
123,3,5,0.038504503667354584,LBP18,0.0010607413714751601
123,3,6,0.03276154398918152,LBP18,0.04962993785738945
123,3,7,0.03183605149388313,LBP18,0.018284961581230164
123,3,8,0.02588699571788311,LBP18,0.002201395807787776
123,3,9,0.024342305958271027,LBP18,0.01846679486334324
123,3,10,0.021369637921452522,LBP18,0.006696115247905254
123,3,11,0.01936681941151619,LBP18,0.0037079048343002796
123,3,12,0.017300480976700783,LBP18,0.012744364328682423
123,3,13,0.015068014152348042,LBP18,0.0022067471873015165
123,3,14,0.014604811556637287,LBP18,0.003558199619874358
123,3,15,0.013150833547115326,LBP18,0.02199462428689003
123,3,16,0.012083804234862328,LBP18,0.008012238889932632
123,3,17,0.011768395081162453,LBP18,0.06839873641729355
123,3,18,0.011391478590667248,LBP18,0.024012956768274307
123,3,19,0.010388607159256935,LBP18,0.020583899691700935
123,3,20,0.009681220166385174,LBP18,0.005453336518257856
123,3,21,0.009106622077524662,LBP18,0.007431285921484232
123,3,22,0.008677852340042591,LBP18,0.0005811242153868079
123,3,23,0.008432719856500626,LBP18,0.01537100039422512
123,3,24,0.007982894778251648,LBP18,0.006006677635014057
123,3,25,0.007726740092039108,LBP18,0.0197436660528183
123,3,26,0.007561403792351484,LBP18,0.02264760062098503
123,3,27,0.007442053407430649,LBP18,0.000962461403105408
123,3,28,0.006878721993416548,LBP18,0.027804197743535042
123,3,29,0.006603706162422895,LBP18,0.0009721152018755674
123,3,30,0.00658450135961175,LBP18,0.004642530344426632
123,3,31,0.006422779057174921,LBP18,0.01534194778650999
123,3,32,0.006121532060205936,LBP18,0.06754496693611145
123,3,33,0.005956289824098349,LBP18,0.01618964411318302
123,3,34,0.005740089807659388,LBP18,0.0013242379063740373
123,3,35,0.005626261234283447,LBP18,0.040398336946964264
123,3,36,0.0053862882778048515,LBP18,0.036503758281469345
123,3,37,0.005339109338819981,LBP18,0.034595806151628494
123,3,38,0.005221860017627478,LBP18,0.00605670316144824
123,3,39,0.004927619360387325,LBP18,0.012873155996203423
123,3,40,0.004893611650913954,LBP18,0.009238072670996189
123,3,41,0.004746735095977783,LBP18,0.00856651272624731
123,3,42,0.0046529620885849,LBP18,0.0427132286131382
123,3,43,0.004510720260441303,LBP18,0.030113734304904938
123,3,44,0.004261875059455633,LBP18,0.002172594191506505
123,3,45,0.004111187532544136,LBP18,0.014032671228051186
123,3,46,0.003968405071645975,LBP18,0.0075376033782958984
123,3,47,0.0039346832782030106,LBP18,0.0012490978697314858
123,3,48,0.0038274279795587063,LBP18,0.004790369421243668
123,3,49,0.003721455577760935,LBP18,0.005734696984291077
123,3,50,0.0036597447469830513,LBP18,0.012667453847825527
123,3,51,0.003540019504725933,LBP18,0.005771931726485491
123,3,52,0.0035032324958592653,LBP18,0.01477227546274662
123,3,53,0.0034125971142202616,LBP18,0.005231877323240042
123,3,54,0.003285382641479373,LBP18,0.0009237490012310445
123,3,55,0.003256824566051364,LBP18,0.00622436311095953
123,3,56,0.003166362177580595,LBP18,0.005354702938348055
123,3,57,0.003113171784207225,LBP18,0.01925230771303177
123,3,58,0.0031075417064130306,LBP18,0.0019481027266010642
123,3,59,0.00300892093218863,LBP18,0.004443324636667967
123,3,60,0.002913536736741662,LBP18,0.011745596304535866
123,3,61,0.0028950502164661884,LBP18,0.012423468753695488
123,3,62,0.0028941018972545862,LBP18,0.008053512312471867
123,3,63,0.002862811554223299,LBP18,0.001754364580847323
123,3,64,0.0027927232440561056,LBP18,0.000894013443030417
123,3,65,0.0026332137640565634,LBP18,0.009203736670315266
123,3,66,0.0026115477085113525,LBP18,0.005932930391281843
123,3,67,0.0025419967714697123,LBP18,0.0034613264724612236
123,3,68,0.002529633929952979,LBP18,0.0075218938291072845
123,3,69,0.0024594729766249657,LBP18,0.024165773764252663
123,3,70,0.002398112090304494,LBP18,0.020657435059547424
123,3,71,0.002383791608735919,LBP18,0.003732835641130805
123,3,72,0.002280992455780506,LBP18,0.0039789918810129166
123,3,73,0.0022591380402445793,LBP18,0.01332538016140461
123,3,74,0.0022292204666882753,LBP18,0.0012122199404984713
123,3,75,0.002191157080233097,LBP18,0.004776273388415575
123,3,76,0.002127066720277071,LBP18,0.0066545563749969006
123,3,77,0.0020665370393544436,LBP18,0.016876133158802986
123,3,78,0.0020474472548812628,LBP18,0.003544340841472149
123,3,79,0.0020388367120176554,LBP18,0.007810660172253847
123,3,80,0.00198480230756104,LBP18,0.0050249905325472355
123,3,81,0.001970696495845914,LBP18,0.0008246838115155697
123,3,82,0.0019451738335192204,LBP18,0.008887243457138538
123,3,83,0.001895531895570457,LBP18,0.001195357064716518
123,3,84,0.0018815186340361834,LBP18,0.007673562504351139
123,3,85,0.0018450930947437882,LBP18,0.012728160247206688
123,3,86,0.0018259115749970078,LBP18,0.0016557829221710563
123,3,87,0.00180878397077322,LBP18,0.003128594718873501
123,3,88,0.0017727577360346913,LBP18,0.00390837574377656
123,3,89,0.001759850885719061,LBP18,0.0033106559421867132
123,3,90,0.0017243704060092568,LBP18,0.0044699180871248245
123,3,91,0.0016889299731701612,LBP18,0.0025034374557435513
123,3,92,0.0016285799210891128,LBP18,0.0046195401810109615
123,3,93,0.0016192412003874779,LBP18,0.006203597877174616
123,3,94,0.0016070269048213959,LBP18,0.0064018769189715385
123,3,95,0.001573661109432578,LBP18,0.0046663349494338036
123,3,96,0.0015537262661382556,LBP18,0.0064636413007974625
123,3,97,0.001536706229671836,LBP18,0.003829952562227845
123,3,98,0.0015100776217877865,LBP18,0.00416982639580965
123,3,99,0.001485298853367567,LBP18,0.002201660769060254
123,3,100,0.0014824391109868884,LBP18,0.0022862714249640703
123,3,101,0.0014573009684681892,LBP18,0.0023428555577993393
123,3,102,0.0013991172891110182,LBP18,0.004742422606796026
123,3,103,0.0013858674792572856,LBP18,0.012157796882092953
123,3,104,0.0013668661704286933,LBP18,0.014993797056376934
123,3,105,0.0013578414218500257,LBP18,0.007939145900309086
123,3,106,0.0013214257778599858,LBP18,0.004252496175467968
123,3,107,0.0013077856274321675,LBP18,0.008262081071734428
123,3,108,0.00128201546613127,LBP18,0.0024709526915103197
123,3,109,0.0012683222303166986,LBP18,0.0035894413013011217
123,3,110,0.0012292437022551894,LBP18,0.0016502989456057549
123,3,111,0.0012141651241108775,LBP18,0.00512631144374609
123,3,112,0.001201449311338365,LBP18,0.004837040789425373
123,3,113,0.00118898949585855,LBP18,0.0032960055395960808
123,3,114,0.0011797001352533698,LBP18,0.007317406125366688
123,3,115,0.001150050782598555,LBP18,0.0026741439942270517
123,3,116,0.0011070125037804246,LBP18,0.0096528185531497
123,3,117,0.001095304498448968,LBP18,0.006468078587204218
123,3,118,0.0010811256943270564,LBP18,0.005813787691295147
123,3,119,0.001058058114722371,LBP18,0.002933090552687645
123,3,120,0.0010532346786931157,LBP18,0.005217244848608971
123,3,121,0.0010424680076539516,LBP18,0.0016462331404909492
123,3,122,0.00101090082898736,LBP18,0.0031374823302030563
123,3,123,0.0009929287480190396,LBP18,0.0011403533862903714
123,3,124,0.0009761601104401052,LBP18,0.01072994340211153
123,3,125,0.0009696110500954092,LBP18,0.005236880388110876
123,3,126,0.000958898279350251,LBP18,0.009162369184195995
123,3,127,0.0009439383284188807,LBP18,0.010747508145868778
123,3,128,0.0009191142162308097,LBP18,0.007107956800609827
123,3,1,0.11338301748037338,HARALICK5,0.006500132381916046
123,3,2,0.06617221981287003,HARALICK5,0.017022959887981415
123,3,3,0.05923764407634735,HARALICK5,0.010711267590522766
123,3,4,0.05550898239016533,HARALICK5,0.008307071402668953
123,3,5,0.038504503667354584,HARALICK5,0.000704937381669879
123,3,6,0.03276154398918152,HARALICK5,0.005302704870700836
123,3,7,0.03183605149388313,HARALICK5,0.0030001546256244183
123,3,8,0.02588699571788311,HARALICK5,0.0056634265929460526
123,3,9,0.024342305958271027,HARALICK5,0.005053326021879911
123,3,10,0.021369637921452522,HARALICK5,0.002069114940240979
123,3,11,0.01936681941151619,HARALICK5,0.0029381040949374437
123,3,12,0.017300480976700783,HARALICK5,0.006403124891221523
123,3,13,0.015068014152348042,HARALICK5,0.004851627629250288
123,3,14,0.014604811556637287,HARALICK5,0.0028185395058244467
123,3,15,0.013150833547115326,HARALICK5,0.006486252881586552
123,3,16,0.012083804234862328,HARALICK5,0.008377118967473507
123,3,17,0.011768395081162453,HARALICK5,0.002838052809238434
123,3,18,0.011391478590667248,HARALICK5,0.0018761971732601523
123,3,19,0.010388607159256935,HARALICK5,9.542387851979584e-05
123,3,20,0.009681220166385174,HARALICK5,0.007570498622953892
123,3,21,0.009106622077524662,HARALICK5,0.00707085058093071
123,3,22,0.008677852340042591,HARALICK5,0.0033731022849678993
123,3,23,0.008432719856500626,HARALICK5,0.0019773459061980247
123,3,24,0.007982894778251648,HARALICK5,0.0039029093459248543
123,3,25,0.007726740092039108,HARALICK5,0.0020235590636730194
123,3,26,0.007561403792351484,HARALICK5,0.008171161636710167
123,3,27,0.007442053407430649,HARALICK5,0.00017353591101709753
123,3,28,0.006878721993416548,HARALICK5,0.006009004078805447
123,3,29,0.006603706162422895,HARALICK5,0.005767939146608114
123,3,30,0.00658450135961175,HARALICK5,0.009403960779309273
123,3,31,0.006422779057174921,HARALICK5,0.01848696917295456
123,3,32,0.006121532060205936,HARALICK5,0.008827418088912964
123,3,33,0.005956289824098349,HARALICK5,0.004715687595307827
123,3,34,0.005740089807659388,HARALICK5,0.0058640469796955585
123,3,35,0.005626261234283447,HARALICK5,0.0024045174941420555
123,3,36,0.0053862882778048515,HARALICK5,0.0022347853519022465
123,3,37,0.005339109338819981,HARALICK5,0.0010583727853372693
123,3,38,0.005221860017627478,HARALICK5,0.004040307831019163
123,3,39,0.004927619360387325,HARALICK5,0.010641338303685188
123,3,40,0.004893611650913954,HARALICK5,0.0071265073493123055
123,3,41,0.004746735095977783,HARALICK5,0.0023317744489759207
123,3,42,0.0046529620885849,HARALICK5,0.013779165223240852
123,3,43,0.004510720260441303,HARALICK5,0.0008563329465687275
123,3,44,0.004261875059455633,HARALICK5,0.0014016421046108007
123,3,45,0.004111187532544136,HARALICK5,0.005164236295968294
123,3,46,0.003968405071645975,HARALICK5,0.0014343373477458954
123,3,47,0.0039346832782030106,HARALICK5,0.0022927208337932825
123,3,48,0.0038274279795587063,HARALICK5,0.003307374892756343
123,3,49,0.003721455577760935,HARALICK5,0.0019665961153805256
123,3,50,0.0036597447469830513,HARALICK5,0.002106952480971813
123,3,51,0.003540019504725933,HARALICK5,0.007224683184176683
123,3,52,0.0035032324958592653,HARALICK5,0.0011828350834548473
123,3,53,0.0034125971142202616,HARALICK5,0.012218385934829712
123,3,54,0.003285382641479373,HARALICK5,0.00044095265911892056
123,3,55,0.003256824566051364,HARALICK5,0.008312269113957882
123,3,56,0.003166362177580595,HARALICK5,0.007988226599991322
123,3,57,0.003113171784207225,HARALICK5,0.015013807453215122
123,3,58,0.0031075417064130306,HARALICK5,0.0029826113022863865
123,3,59,0.00300892093218863,HARALICK5,0.0011545931920409203
123,3,60,0.002913536736741662,HARALICK5,0.007772451266646385
123,3,61,0.0028950502164661884,HARALICK5,0.0037043248303234577
123,3,62,0.0028941018972545862,HARALICK5,0.013796594925224781
123,3,63,0.002862811554223299,HARALICK5,0.0011879750527441502
123,3,64,0.0027927232440561056,HARALICK5,0.0002655393327586353
123,3,65,0.0026332137640565634,HARALICK5,0.002481000032275915
123,3,66,0.0026115477085113525,HARALICK5,0.0018694321624934673
123,3,67,0.0025419967714697123,HARALICK5,0.0047343033365905285
123,3,68,0.002529633929952979,HARALICK5,0.00510598998516798
123,3,69,0.0024594729766249657,HARALICK5,0.012624451890587807
123,3,70,0.002398112090304494,HARALICK5,0.011444519273936749
123,3,71,0.002383791608735919,HARALICK5,0.002721836557611823
123,3,72,0.002280992455780506,HARALICK5,0.005852849222719669
123,3,73,0.0022591380402445793,HARALICK5,0.0012764092534780502
123,3,74,0.0022292204666882753,HARALICK5,0.0010403005871921778
123,3,75,0.002191157080233097,HARALICK5,0.006078257225453854
123,3,76,0.002127066720277071,HARALICK5,0.0013272237265482545
123,3,77,0.0020665370393544436,HARALICK5,0.017636602744460106
123,3,78,0.0020474472548812628,HARALICK5,0.0053511508740484715
123,3,79,0.0020388367120176554,HARALICK5,0.0051872264593839645
123,3,80,0.00198480230756104,HARALICK5,0.0031568927224725485
123,3,81,0.001970696495845914,HARALICK5,0.0036239484325051308
123,3,82,0.0019451738335192204,HARALICK5,0.0034972832072526217
123,3,83,0.001895531895570457,HARALICK5,0.0022999884095042944
123,3,84,0.0018815186340361834,HARALICK5,0.009637056849896908
123,3,85,0.0018450930947437882,HARALICK5,0.01624523475766182
123,3,86,0.0018259115749970078,HARALICK5,0.01102173887193203
123,3,87,0.00180878397077322,HARALICK5,0.010059927590191364
123,3,88,0.0017727577360346913,HARALICK5,0.008019995875656605
123,3,89,0.001759850885719061,HARALICK5,0.0038737128488719463
123,3,90,0.0017243704060092568,HARALICK5,0.008307132869958878
123,3,91,0.0016889299731701612,HARALICK5,0.005926726385951042
123,3,92,0.0016285799210891128,HARALICK5,0.0025062651839107275
123,3,93,0.0016192412003874779,HARALICK5,0.00017265547649003565
123,3,94,0.0016070269048213959,HARALICK5,0.0023507189471274614
123,3,95,0.001573661109432578,HARALICK5,0.004365942906588316
123,3,96,0.0015537262661382556,HARALICK5,0.001713417936116457
123,3,97,0.001536706229671836,HARALICK5,0.0025998973287642
123,3,98,0.0015100776217877865,HARALICK5,0.001095872139558196
123,3,99,0.001485298853367567,HARALICK5,0.00224442221224308
123,3,100,0.0014824391109868884,HARALICK5,0.0036936786491423845
123,3,101,0.0014573009684681892,HARALICK5,0.0031708483584225178
123,3,102,0.0013991172891110182,HARALICK5,0.0010709748603403568
123,3,103,0.0013858674792572856,HARALICK5,0.0035825653467327356
123,3,104,0.0013668661704286933,HARALICK5,0.004148324951529503
123,3,105,0.0013578414218500257,HARALICK5,0.003183167427778244
123,3,106,0.0013214257778599858,HARALICK5,0.0005764627130702138
123,3,107,0.0013077856274321675,HARALICK5,0.001438968232832849
123,3,108,0.00128201546613127,HARALICK5,0.0071903252974152565
123,3,109,0.0012683222303166986,HARALICK5,0.0024606625083833933
123,3,110,0.0012292437022551894,HARALICK5,0.0023103493731468916
123,3,111,0.0012141651241108775,HARALICK5,0.0029648002237081528
123,3,112,0.001201449311338365,HARALICK5,0.002091964241117239
123,3,113,0.00118898949585855,HARALICK5,0.010401572100818157
123,3,114,0.0011797001352533698,HARALICK5,0.0018434020457789302
123,3,115,0.001150050782598555,HARALICK5,0.0076586902141571045
123,3,116,0.0011070125037804246,HARALICK5,0.0061808498576283455
123,3,117,0.001095304498448968,HARALICK5,0.0045632957480847836
123,3,118,0.0010811256943270564,HARALICK5,0.000318803358823061
123,3,119,0.001058058114722371,HARALICK5,0.011315359733998775
123,3,120,0.0010532346786931157,HARALICK5,0.012992611154913902
123,3,121,0.0010424680076539516,HARALICK5,0.007738406304270029
123,3,122,0.00101090082898736,HARALICK5,0.002078639343380928
123,3,123,0.0009929287480190396,HARALICK5,0.0031801762524992228
123,3,124,0.0009761601104401052,HARALICK5,0.0038150008767843246
123,3,125,0.0009696110500954092,HARALICK5,0.009465544484555721
123,3,126,0.000958898279350251,HARALICK5,0.01744653657078743
123,3,127,0.0009439383284188807,HARALICK5,0.017009152099490166
123,3,128,0.0009191142162308097,HARALICK5,0.009662768803536892
123,3,1,0.11338301748037338,ALL_HANDCRAFTED32,0.12429163604974747
123,3,2,0.06617221981287003,ALL_HANDCRAFTED32,0.033969808369874954
123,3,3,0.05923764407634735,ALL_HANDCRAFTED32,0.0351334884762764
123,3,4,0.05550898239016533,ALL_HANDCRAFTED32,0.02734198048710823
123,3,5,0.038504503667354584,ALL_HANDCRAFTED32,0.00805127527564764
123,3,6,0.03276154398918152,ALL_HANDCRAFTED32,0.06831870973110199
123,3,7,0.03183605149388313,ALL_HANDCRAFTED32,0.04213178530335426
123,3,8,0.02588699571788311,ALL_HANDCRAFTED32,0.02372625470161438
123,3,9,0.024342305958271027,ALL_HANDCRAFTED32,0.026287466287612915
123,3,10,0.021369637921452522,ALL_HANDCRAFTED32,0.011835269629955292
123,3,11,0.01936681941151619,ALL_HANDCRAFTED32,0.011528484523296356
123,3,12,0.017300480976700783,ALL_HANDCRAFTED32,0.03126533329486847
123,3,13,0.015068014152348042,ALL_HANDCRAFTED32,0.019521504640579224
123,3,14,0.014604811556637287,ALL_HANDCRAFTED32,0.01051184069365263
123,3,15,0.013150833547115326,ALL_HANDCRAFTED32,0.04043456166982651
123,3,16,0.012083804234862328,ALL_HANDCRAFTED32,0.028994262218475342
123,3,17,0.011768395081162453,ALL_HANDCRAFTED32,0.08173702657222748
123,3,18,0.011391478590667248,ALL_HANDCRAFTED32,0.050274088978767395
123,3,19,0.010388607159256935,ALL_HANDCRAFTED32,0.02706369385123253
123,3,20,0.009681220166385174,ALL_HANDCRAFTED32,0.020475046709179878
123,3,21,0.009106622077524662,ALL_HANDCRAFTED32,0.02654215507209301
123,3,22,0.008677852340042591,ALL_HANDCRAFTED32,0.017935339361429214
123,3,23,0.008432719856500626,ALL_HANDCRAFTED32,0.03261220082640648
123,3,24,0.007982894778251648,ALL_HANDCRAFTED32,0.016033807769417763
123,3,25,0.007726740092039108,ALL_HANDCRAFTED32,0.029195917770266533
123,3,26,0.007561403792351484,ALL_HANDCRAFTED32,0.035650063306093216
123,3,27,0.007442053407430649,ALL_HANDCRAFTED32,0.006259704940021038
123,3,28,0.006878721993416548,ALL_HANDCRAFTED32,0.03711730241775513
123,3,29,0.006603706162422895,ALL_HANDCRAFTED32,0.0168047733604908
123,3,30,0.00658450135961175,ALL_HANDCRAFTED32,0.02141711302101612
123,3,31,0.006422779057174921,ALL_HANDCRAFTED32,0.053687144070863724
123,3,32,0.006121532060205936,ALL_HANDCRAFTED32,0.08539760112762451
123,3,33,0.005956289824098349,ALL_HANDCRAFTED32,0.03321622312068939
123,3,34,0.005740089807659388,ALL_HANDCRAFTED32,0.020530976355075836
123,3,35,0.005626261234283447,ALL_HANDCRAFTED32,0.04772172123193741
123,3,36,0.0053862882778048515,ALL_HANDCRAFTED32,0.06460253894329071
123,3,37,0.005339109338819981,ALL_HANDCRAFTED32,0.0576617568731308
123,3,38,0.005221860017627478,ALL_HANDCRAFTED32,0.02143796905875206
123,3,39,0.004927619360387325,ALL_HANDCRAFTED32,0.03371269255876541
123,3,40,0.004893611650913954,ALL_HANDCRAFTED32,0.03321231156587601
123,3,41,0.004746735095977783,ALL_HANDCRAFTED32,0.01331404596567154
123,3,42,0.0046529620885849,ALL_HANDCRAFTED32,0.07339704036712646
123,3,43,0.004510720260441303,ALL_HANDCRAFTED32,0.03485913574695587
123,3,44,0.004261875059455633,ALL_HANDCRAFTED32,0.01292349211871624
123,3,45,0.004111187532544136,ALL_HANDCRAFTED32,0.03042631223797798
123,3,46,0.003968405071645975,ALL_HANDCRAFTED32,0.01634807139635086
123,3,47,0.0039346832782030106,ALL_HANDCRAFTED32,0.00718856044113636
123,3,48,0.0038274279795587063,ALL_HANDCRAFTED32,0.012706611305475235
123,3,49,0.003721455577760935,ALL_HANDCRAFTED32,0.03872159868478775
123,3,50,0.0036597447469830513,ALL_HANDCRAFTED32,0.0212959423661232
123,3,51,0.003540019504725933,ALL_HANDCRAFTED32,0.021907895803451538
123,3,52,0.0035032324958592653,ALL_HANDCRAFTED32,0.022189488634467125
123,3,53,0.0034125971142202616,ALL_HANDCRAFTED32,0.04102557897567749
123,3,54,0.003285382641479373,ALL_HANDCRAFTED32,0.003473724704235792
123,3,55,0.003256824566051364,ALL_HANDCRAFTED32,0.01972252130508423
123,3,56,0.003166362177580595,ALL_HANDCRAFTED32,0.03483881056308746
123,3,57,0.003113171784207225,ALL_HANDCRAFTED32,0.04841417819261551
123,3,58,0.0031075417064130306,ALL_HANDCRAFTED32,0.013834965415298939
123,3,59,0.00300892093218863,ALL_HANDCRAFTED32,0.009327992796897888
123,3,60,0.002913536736741662,ALL_HANDCRAFTED32,0.02139926701784134
123,3,61,0.0028950502164661884,ALL_HANDCRAFTED32,0.03472095727920532
123,3,62,0.0028941018972545862,ALL_HANDCRAFTED32,0.027266353368759155
123,3,63,0.002862811554223299,ALL_HANDCRAFTED32,0.00512363575398922
123,3,64,0.0027927232440561056,ALL_HANDCRAFTED32,0.00422116182744503
123,3,65,0.0026332137640565634,ALL_HANDCRAFTED32,0.02349328249692917
123,3,66,0.0026115477085113525,ALL_HANDCRAFTED32,0.014801258221268654
123,3,67,0.0025419967714697123,ALL_HANDCRAFTED32,0.025516096502542496
123,3,68,0.002529633929952979,ALL_HANDCRAFTED32,0.0392770990729332
123,3,69,0.0024594729766249657,ALL_HANDCRAFTED32,0.04766387492418289
123,3,70,0.002398112090304494,ALL_HANDCRAFTED32,0.04907167702913284
123,3,71,0.002383791608735919,ALL_HANDCRAFTED32,0.011218412779271603
123,3,72,0.002280992455780506,ALL_HANDCRAFTED32,0.01448164600878954
123,3,73,0.0022591380402445793,ALL_HANDCRAFTED32,0.03678831458091736
123,3,74,0.0022292204666882753,ALL_HANDCRAFTED32,0.005102530121803284
123,3,75,0.002191157080233097,ALL_HANDCRAFTED32,0.022571999579668045
123,3,76,0.002127066720277071,ALL_HANDCRAFTED32,0.012823904864490032
123,3,77,0.0020665370393544436,ALL_HANDCRAFTED32,0.037035200744867325
123,3,78,0.0020474472548812628,ALL_HANDCRAFTED32,0.01523034181445837
123,3,79,0.0020388367120176554,ALL_HANDCRAFTED32,0.020317574962973595
123,3,80,0.00198480230756104,ALL_HANDCRAFTED32,0.032958731055259705
123,3,81,0.001970696495845914,ALL_HANDCRAFTED32,0.0242475476115942
123,3,82,0.0019451738335192204,ALL_HANDCRAFTED32,0.03172202408313751
123,3,83,0.001895531895570457,ALL_HANDCRAFTED32,0.018080079928040504
123,3,84,0.0018815186340361834,ALL_HANDCRAFTED32,0.02828461490571499
123,3,85,0.0018450930947437882,ALL_HANDCRAFTED32,0.035523511469364166
123,3,86,0.0018259115749970078,ALL_HANDCRAFTED32,0.031937770545482635
123,3,87,0.00180878397077322,ALL_HANDCRAFTED32,0.01961774192750454
123,3,88,0.0017727577360346913,ALL_HANDCRAFTED32,0.015052935108542442
123,3,89,0.001759850885719061,ALL_HANDCRAFTED32,0.022866299375891685
123,3,90,0.0017243704060092568,ALL_HANDCRAFTED32,0.021219685673713684
123,3,91,0.0016889299731701612,ALL_HANDCRAFTED32,0.013177091255784035
123,3,92,0.0016285799210891128,ALL_HANDCRAFTED32,0.013772083446383476
123,3,93,0.0016192412003874779,ALL_HANDCRAFTED32,0.01065031811594963
123,3,94,0.0016070269048213959,ALL_HANDCRAFTED32,0.011469997465610504
123,3,95,0.001573661109432578,ALL_HANDCRAFTED32,0.015136808156967163
123,3,96,0.0015537262661382556,ALL_HANDCRAFTED32,0.011620063334703445
123,3,97,0.001536706229671836,ALL_HANDCRAFTED32,0.02113582193851471
123,3,98,0.0015100776217877865,ALL_HANDCRAFTED32,0.019291948527097702
123,3,99,0.001485298853367567,ALL_HANDCRAFTED32,0.012952281162142754
123,3,100,0.0014824391109868884,ALL_HANDCRAFTED32,0.017948590219020844
123,3,101,0.0014573009684681892,ALL_HANDCRAFTED32,0.015030086040496826
123,3,102,0.0013991172891110182,ALL_HANDCRAFTED32,0.012129542417824268
123,3,103,0.0013858674792572856,ALL_HANDCRAFTED32,0.032394759356975555
123,3,104,0.0013668661704286933,ALL_HANDCRAFTED32,0.050017040222883224
123,3,105,0.0013578414218500257,ALL_HANDCRAFTED32,0.020310930907726288
123,3,106,0.0013214257778599858,ALL_HANDCRAFTED32,0.017034128308296204
123,3,107,0.0013077856274321675,ALL_HANDCRAFTED32,0.01606137678027153
123,3,108,0.00128201546613127,ALL_HANDCRAFTED32,0.024134952574968338
123,3,109,0.0012683222303166986,ALL_HANDCRAFTED32,0.015353012830018997
123,3,110,0.0012292437022551894,ALL_HANDCRAFTED32,0.007925386540591717
123,3,111,0.0012141651241108775,ALL_HANDCRAFTED32,0.014258305542171001
123,3,112,0.001201449311338365,ALL_HANDCRAFTED32,0.014400945976376534
123,3,113,0.00118898949585855,ALL_HANDCRAFTED32,0.04461496323347092
123,3,114,0.0011797001352533698,ALL_HANDCRAFTED32,0.011820398271083832
123,3,115,0.001150050782598555,ALL_HANDCRAFTED32,0.030108828097581863
123,3,116,0.0011070125037804246,ALL_HANDCRAFTED32,0.024541903287172318
123,3,117,0.001095304498448968,ALL_HANDCRAFTED32,0.02041257731616497
123,3,118,0.0010811256943270564,ALL_HANDCRAFTED32,0.02113747037947178
123,3,119,0.001058058114722371,ALL_HANDCRAFTED32,0.02571866288781166
123,3,120,0.0010532346786931157,ALL_HANDCRAFTED32,0.025257769972085953
123,3,121,0.0010424680076539516,ALL_HANDCRAFTED32,0.017936628311872482
123,3,122,0.00101090082898736,ALL_HANDCRAFTED32,0.02242387644946575
123,3,123,0.0009929287480190396,ALL_HANDCRAFTED32,0.011958600953221321
123,3,124,0.0009761601104401052,ALL_HANDCRAFTED32,0.029006963595747948
123,3,125,0.0009696110500954092,ALL_HANDCRAFTED32,0.023027688264846802
123,3,126,0.000958898279350251,ALL_HANDCRAFTED32,0.03566928952932358
123,3,127,0.0009439383284188807,ALL_HANDCRAFTED32,0.04380839690566063
123,3,128,0.0009191142162308097,ALL_HANDCRAFTED32,0.027529045939445496
123,3,1,0.11338301748037338,VIT768,0.8757078647613525
123,3,2,0.06617221981287003,VIT768,0.9660316705703735
123,3,3,0.05923764407634735,VIT768,0.9648677110671997
123,3,4,0.05550898239016533,VIT768,0.9726585745811462
123,3,5,0.038504503667354584,VIT768,0.9919490814208984
123,3,6,0.03276154398918152,VIT768,0.9316809773445129
123,3,7,0.03183605149388313,VIT768,0.957867443561554
123,3,8,0.02588699571788311,VIT768,0.9762734174728394
123,3,9,0.024342305958271027,VIT768,0.9737124443054199
123,3,10,0.021369637921452522,VIT768,0.9881649017333984
123,3,11,0.01936681941151619,VIT768,0.9884713888168335
123,3,12,0.017300480976700783,VIT768,0.968734860420227
123,3,13,0.015068014152348042,VIT768,0.980478823184967
123,3,14,0.014604811556637287,VIT768,0.9894887804985046
123,3,15,0.013150833547115326,VIT768,0.9595654010772705
123,3,16,0.012083804234862328,VIT768,0.9710054397583008
123,3,17,0.011768395081162453,VIT768,0.9182626605033875
123,3,18,0.011391478590667248,VIT768,0.9497262835502625
123,3,19,0.010388607159256935,VIT768,0.9729368686676025
123,3,20,0.009681220166385174,VIT768,0.979524552822113
123,3,21,0.009106622077524662,VIT768,0.9734579920768738
123,3,22,0.008677852340042591,VIT768,0.9820649027824402
123,3,23,0.008432719856500626,VIT768,0.9673881530761719
123,3,24,0.007982894778251648,VIT768,0.9839667677879333
123,3,25,0.007726740092039108,VIT768,0.9708056449890137
123,3,26,0.007561403792351484,VIT768,0.9643507599830627
123,3,27,0.007442053407430649,VIT768,0.993740439414978
123,3,28,0.006878721993416548,VIT768,0.9628829956054688
123,3,29,0.006603706162422895,VIT768,0.983195424079895
123,3,30,0.00658450135961175,VIT768,0.9785832166671753
123,3,31,0.006422779057174921,VIT768,0.9463127851486206
123,3,32,0.006121532060205936,VIT768,0.9146026372909546
123,3,33,0.005956289824098349,VIT768,0.9667841196060181
123,3,34,0.005740089807659388,VIT768,0.9794694185256958
123,3,35,0.005626261234283447,VIT768,0.9522784948348999
123,3,36,0.0053862882778048515,VIT768,0.9353970289230347
123,3,37,0.005339109338819981,VIT768,0.9423380494117737
123,3,38,0.005221860017627478,VIT768,0.9785622954368591
123,3,39,0.004927619360387325,VIT768,0.9662875533103943
123,3,40,0.004893611650913954,VIT768,0.9667876958847046
123,3,41,0.004746735095977783,VIT768,0.9866859912872314
123,3,42,0.0046529620885849,VIT768,0.9266031980514526
123,3,43,0.004510720260441303,VIT768,0.9651405215263367
123,3,44,0.004261875059455633,VIT768,0.9870765209197998
123,3,45,0.004111187532544136,VIT768,0.9695737957954407
123,3,46,0.003968405071645975,VIT768,0.9836512207984924
123,3,47,0.0039346832782030106,VIT768,0.9928112030029297
123,3,48,0.0038274279795587063,VIT768,0.9872927665710449
123,3,49,0.003721455577760935,VIT768,0.961277961730957
123,3,50,0.0036597447469830513,VIT768,0.9787040948867798
123,3,51,0.003540019504725933,VIT768,0.9780920743942261
123,3,52,0.0035032324958592653,VIT768,0.9778106212615967
123,3,53,0.0034125971142202616,VIT768,0.958974301815033
123,3,54,0.003285382641479373,VIT768,0.9965263605117798
123,3,55,0.003256824566051364,VIT768,0.9802774786949158
123,3,56,0.003166362177580595,VIT768,0.9651609063148499
123,3,57,0.003113171784207225,VIT768,0.9515864849090576
123,3,58,0.0031075417064130306,VIT768,0.986164927482605
123,3,59,0.00300892093218863,VIT768,0.9906721711158752
123,3,60,0.002913536736741662,VIT768,0.9786007404327393
123,3,61,0.0028950502164661884,VIT768,0.9652793407440186
123,3,62,0.0028941018972545862,VIT768,0.9727336764335632
123,3,63,0.002862811554223299,VIT768,0.9948763847351074
123,3,64,0.0027927232440561056,VIT768,0.9957787990570068
123,3,65,0.0026332137640565634,VIT768,0.9765067100524902
123,3,66,0.0026115477085113525,VIT768,0.9851987361907959
123,3,67,0.0025419967714697123,VIT768,0.9744836091995239
123,3,68,0.002529633929952979,VIT768,0.9607231616973877
123,3,69,0.0024594729766249657,VIT768,0.952336311340332
123,3,70,0.002398112090304494,VIT768,0.9509286880493164
123,3,71,0.002383791608735919,VIT768,0.9887810945510864
123,3,72,0.002280992455780506,VIT768,0.9855184555053711
123,3,73,0.0022591380402445793,VIT768,0.9632121920585632
123,3,74,0.0022292204666882753,VIT768,0.9948980808258057
123,3,75,0.002191157080233097,VIT768,0.9774278998374939
123,3,76,0.002127066720277071,VIT768,0.9871764779090881
123,3,77,0.0020665370393544436,VIT768,0.9629650115966797
123,3,78,0.0020474472548812628,VIT768,0.9847700595855713
123,3,79,0.0020388367120176554,VIT768,0.9796823263168335
123,3,80,0.00198480230756104,VIT768,0.9670419692993164
123,3,81,0.001970696495845914,VIT768,0.9757525324821472
123,3,82,0.0019451738335192204,VIT768,0.9682782292366028
123,3,83,0.001895531895570457,VIT768,0.981920063495636
123,3,84,0.0018815186340361834,VIT768,0.9717155694961548
123,3,85,0.0018450930947437882,VIT768,0.9644770622253418
123,3,86,0.0018259115749970078,VIT768,0.9680624008178711
123,3,87,0.00180878397077322,VIT768,0.9803821444511414
123,3,88,0.0017727577360346913,VIT768,0.9849467277526855
123,3,89,0.001759850885719061,VIT768,0.9771331548690796
123,3,90,0.0017243704060092568,VIT768,0.9787802696228027
123,3,91,0.0016889299731701612,VIT768,0.9868228435516357
123,3,92,0.0016285799210891128,VIT768,0.9862281084060669
123,3,93,0.0016192412003874779,VIT768,0.9893499612808228
123,3,94,0.0016070269048213959,VIT768,0.988529622554779
123,3,95,0.001573661109432578,VIT768,0.9848631620407104
123,3,96,0.0015537262661382556,VIT768,0.9883795976638794
123,3,97,0.001536706229671836,VIT768,0.9788640737533569
123,3,98,0.0015100776217877865,VIT768,0.9807080626487732
123,3,99,0.001485298853367567,VIT768,0.9870469570159912
123,3,100,0.0014824391109868884,VIT768,0.9820517301559448
123,3,101,0.0014573009684681892,VIT768,0.984969973564148
123,3,102,0.0013991172891110182,VIT768,0.9878703355789185
123,3,103,0.0013858674792572856,VIT768,0.9676055908203125
123,3,104,0.0013668661704286933,VIT768,0.9499825239181519
123,3,105,0.0013578414218500257,VIT768,0.9796895384788513
123,3,106,0.0013214257778599858,VIT768,0.9829661250114441
123,3,107,0.0013077856274321675,VIT768,0.9839386343955994
123,3,108,0.00128201546613127,VIT768,0.9758650064468384
123,3,109,0.0012683222303166986,VIT768,0.9846469163894653
123,3,110,0.0012292437022551894,VIT768,0.992074728012085
123,3,111,0.0012141651241108775,VIT768,0.9857409596443176
123,3,112,0.001201449311338365,VIT768,0.9855992794036865
123,3,113,0.00118898949585855,VIT768,0.955385148525238
123,3,114,0.0011797001352533698,VIT768,0.9881796836853027
123,3,115,0.001150050782598555,VIT768,0.969891369342804
123,3,116,0.0011070125037804246,VIT768,0.975458025932312
123,3,117,0.001095304498448968,VIT768,0.9795867204666138
123,3,118,0.0010811256943270564,VIT768,0.9788619875907898
123,3,119,0.001058058114722371,VIT768,0.9742809534072876
123,3,120,0.0010532346786931157,VIT768,0.9747419357299805
123,3,121,0.0010424680076539516,VIT768,0.9820634126663208
123,3,122,0.00101090082898736,VIT768,0.9775760769844055
123,3,123,0.0009929287480190396,VIT768,0.9880415201187134
123,3,124,0.0009761601104401052,VIT768,0.9709926843643188
123,3,125,0.0009696110500954092,VIT768,0.976972222328186
123,3,126,0.000958898279350251,VIT768,0.9643310904502869
123,3,127,0.0009439383284188807,VIT768,0.9561913013458252
123,3,128,0.0009191142162308097,VIT768,0.972470760345459
123,4,1,0.11705614626407623,COLOR9,0.018132111057639122
123,4,2,0.06300428509712219,COLOR9,0.008752859197556973
123,4,3,0.05816765874624252,COLOR9,0.01240865420550108
123,4,4,0.052753157913684845,COLOR9,0.01266478281468153
123,4,5,0.03864648565649986,COLOR9,0.0097800949588418
123,4,6,0.03193579241633415,COLOR9,0.025488106533885002
123,4,7,0.030560394749045372,COLOR9,0.0038843986112624407
123,4,8,0.026600666344165802,COLOR9,0.010780648328363895
123,4,9,0.02316794916987419,COLOR9,0.005344773177057505
123,4,10,0.02046036720275879,COLOR9,0.0016550045693293214
123,4,11,0.01840795762836933,COLOR9,0.0020417924970388412
123,4,12,0.016986273229122162,COLOR9,0.008674640208482742
123,4,13,0.015366628766059875,COLOR9,0.018653009086847305
123,4,14,0.014657708816230297,COLOR9,0.02105572633445263
123,4,15,0.01327749714255333,COLOR9,0.020594708621501923
123,4,16,0.013053765520453453,COLOR9,0.003568244632333517
123,4,17,0.012093042023479939,COLOR9,0.008896490558981895
123,4,18,0.011545492336153984,COLOR9,0.013905588537454605
123,4,19,0.011148412711918354,COLOR9,0.005937828216701746
123,4,20,0.010130403563380241,COLOR9,0.010692070238292217
123,4,21,0.00965376477688551,COLOR9,0.01972026936709881
123,4,22,0.00948107335716486,COLOR9,0.0021194557193666697
123,4,23,0.008704626932740211,COLOR9,0.009033441543579102
123,4,24,0.008295334875583649,COLOR9,0.0029536739457398653
123,4,25,0.007706962060183287,COLOR9,0.0064520034939050674
123,4,26,0.007529083639383316,COLOR9,0.0021409918554127216
123,4,27,0.007318160962313414,COLOR9,0.007900909520685673
123,4,28,0.00699575012549758,COLOR9,0.004766218364238739
123,4,29,0.006703799590468407,COLOR9,0.004994535818696022
123,4,30,0.006459537427872419,COLOR9,0.00427452614530921
123,4,31,0.00612085685133934,COLOR9,0.006817636080086231
123,4,32,0.006042345892637968,COLOR9,0.018650870770215988
123,4,33,0.005949436686933041,COLOR9,0.010883282870054245
123,4,34,0.005803307518362999,COLOR9,0.014235006645321846
123,4,35,0.005374819040298462,COLOR9,0.008498910814523697
123,4,36,0.005326335784047842,COLOR9,0.007538760080933571
123,4,37,0.005206816364079714,COLOR9,0.010805620811879635
123,4,38,0.005062739830464125,COLOR9,0.007247081026434898
123,4,39,0.005010765511542559,COLOR9,0.007660958915948868
123,4,40,0.0048284404911100864,COLOR9,0.010073254816234112
123,4,41,0.004744534846395254,COLOR9,0.00437991414219141
123,4,42,0.004624207969754934,COLOR9,0.006063841748982668
123,4,43,0.0044911871664226055,COLOR9,0.003512398339807987
123,4,44,0.00431946711614728,COLOR9,0.00842487346380949
123,4,45,0.004290092270821333,COLOR9,0.009304863400757313
123,4,46,0.004053756594657898,COLOR9,0.011128387413918972
123,4,47,0.004012571182101965,COLOR9,0.006779904011636972
123,4,48,0.004001935478299856,COLOR9,0.011876234784722328
123,4,49,0.0038965814746916294,COLOR9,0.027190877124667168
123,4,50,0.003834638511762023,COLOR9,0.0023058741353452206
123,4,51,0.0037397376727312803,COLOR9,0.007108466699719429
123,4,52,0.0035050807055085897,COLOR9,0.017401214689016342
123,4,53,0.003467187751084566,COLOR9,0.02848232164978981
123,4,54,0.003390227211639285,COLOR9,0.005588754080235958
123,4,55,0.0033653622958809137,COLOR9,0.018989671021699905
123,4,56,0.0032158896792680025,COLOR9,0.005965002812445164
123,4,57,0.0031799578573554754,COLOR9,0.008390172384679317
123,4,58,0.003122147871181369,COLOR9,0.010276293382048607
123,4,59,0.003038319293409586,COLOR9,0.008598875254392624
123,4,60,0.002962490078061819,COLOR9,0.012911733239889145
123,4,61,0.0029132599011063576,COLOR9,0.0059141479432582855
123,4,62,0.0028816419653594494,COLOR9,0.01354274433106184
123,4,63,0.002833960810676217,COLOR9,0.007120714522898197
123,4,64,0.0028134307358413935,COLOR9,0.006683196872472763
123,4,65,0.002769616199657321,COLOR9,0.013494436629116535
123,4,66,0.0027273965533822775,COLOR9,0.008917362429201603
123,4,67,0.0026203650049865246,COLOR9,0.00550488755106926
123,4,68,0.002568467753008008,COLOR9,0.026425760239362717
123,4,69,0.0024954027030617,COLOR9,0.009086182340979576
123,4,70,0.002470232080668211,COLOR9,0.01273426879197359
123,4,71,0.0024207246024161577,COLOR9,0.019993342459201813
123,4,72,0.002350756898522377,COLOR9,0.012782598845660686
123,4,73,0.002329627750441432,COLOR9,0.010667147114872932
123,4,74,0.002294310834258795,COLOR9,0.008855384774506092
123,4,75,0.0022808548528701067,COLOR9,0.0072009507566690445
123,4,76,0.0022470434196293354,COLOR9,0.01727866381406784
123,4,77,0.0021849817130714655,COLOR9,0.0007757277926430106
123,4,78,0.002137532690539956,COLOR9,0.007817893289029598
123,4,79,0.0020938459783792496,COLOR9,0.012236283160746098
123,4,80,0.0020764770451933146,COLOR9,0.007088724058121443
123,4,81,0.002057281555607915,COLOR9,0.0020382448565214872
123,4,82,0.0019550654105842113,COLOR9,0.013516818173229694
123,4,83,0.0019388251239433885,COLOR9,0.011499347165226936
123,4,84,0.001903796917758882,COLOR9,0.0023193713277578354
123,4,85,0.0018645531963557005,COLOR9,0.00592711241915822
123,4,86,0.0018386103911325336,COLOR9,0.005583587568253279
123,4,87,0.0017957527888938785,COLOR9,0.02272620238363743
123,4,88,0.0017775006126612425,COLOR9,0.012906832620501518
123,4,89,0.00175149564165622,COLOR9,0.018222954124212265
123,4,90,0.0017326603410765529,COLOR9,0.010056095197796822
123,4,91,0.0016897632740437984,COLOR9,0.010388406924903393
123,4,92,0.0016817423747852445,COLOR9,0.01164938509464264
123,4,93,0.0016458781901746988,COLOR9,0.01269216276705265
123,4,94,0.001634968793950975,COLOR9,0.015993574634194374
123,4,95,0.0016032380517572165,COLOR9,0.01465260423719883
123,4,96,0.0015835834201425314,COLOR9,0.0063247038051486015
123,4,97,0.0015564780915156007,COLOR9,0.010827760212123394
123,4,98,0.0015236022882163525,COLOR9,0.009069369174540043
123,4,99,0.0014973509823903441,COLOR9,0.0055602784268558025
123,4,100,0.0014791928697377443,COLOR9,0.008958688005805016
123,4,101,0.0014669476076960564,COLOR9,0.015165308490395546
123,4,102,0.0014330914709717035,COLOR9,0.006918668281286955
123,4,103,0.0014181083533912897,COLOR9,0.007715354207903147
123,4,104,0.001402648282237351,COLOR9,0.017479753121733665
123,4,105,0.0013921168865635991,COLOR9,0.006986126769334078
123,4,106,0.001377144712023437,COLOR9,0.0055615161545574665
123,4,107,0.0013311145594343543,COLOR9,0.007553705479949713
123,4,108,0.0013263003202155232,COLOR9,0.007463887799531221
123,4,109,0.001287703518755734,COLOR9,0.006626649759709835
123,4,110,0.0012568434467539191,COLOR9,0.03002655878663063
123,4,111,0.00123356853146106,COLOR9,0.006437964737415314
123,4,112,0.001225047861225903,COLOR9,0.014895126223564148
123,4,113,0.0011852128664031625,COLOR9,0.004567114636301994
123,4,114,0.0011772278230637312,COLOR9,0.009963533841073513
123,4,115,0.001166319358162582,COLOR9,0.010446790605783463
123,4,116,0.0011467506410554051,COLOR9,0.0035820885095745325
123,4,117,0.0011320377234369516,COLOR9,0.010925554670393467
123,4,118,0.0011123109143227339,COLOR9,0.01950724422931671
123,4,119,0.0010822360636666417,COLOR9,0.011643210425972939
123,4,120,0.0010685969609767199,COLOR9,0.012367404997348785
123,4,121,0.001044444739818573,COLOR9,0.02039097435772419
123,4,122,0.001034728018566966,COLOR9,0.015072575770318508
123,4,123,0.0010161827085539699,COLOR9,0.002392666880041361
123,4,124,0.0009974624263122678,COLOR9,0.009432620368897915
123,4,125,0.0009805017616599798,COLOR9,0.020281510427594185
123,4,126,0.0009655627072788775,COLOR9,0.04109473526477814
123,4,127,0.0009501964668743312,COLOR9,0.00335526280105114
123,4,128,0.0009320461540482938,COLOR9,0.009144492447376251
123,4,1,0.11705614626407623,LBP18,0.10426914691925049
123,4,2,0.06300428509712219,LBP18,0.007861975580453873
123,4,3,0.05816765874624252,LBP18,0.0063031744211912155
123,4,4,0.052753157913684845,LBP18,0.003250475274398923
123,4,5,0.03864648565649986,LBP18,0.004710819106549025
123,4,6,0.03193579241633415,LBP18,0.03912624716758728
123,4,7,0.030560394749045372,LBP18,0.009659607894718647
123,4,8,0.026600666344165802,LBP18,0.001049380050972104
123,4,9,0.02316794916987419,LBP18,0.011475459672510624
123,4,10,0.02046036720275879,LBP18,0.007097549270838499
123,4,11,0.01840795762836933,LBP18,0.0021501146256923676
123,4,12,0.016986273229122162,LBP18,0.009062649682164192
123,4,13,0.015366628766059875,LBP18,0.0034567646216601133
123,4,14,0.014657708816230297,LBP18,0.01392470020800829
123,4,15,0.01327749714255333,LBP18,0.10889459401369095
123,4,16,0.013053765520453453,LBP18,0.0022007215302437544
123,4,17,0.012093042023479939,LBP18,0.025018315762281418
123,4,18,0.011545492336153984,LBP18,0.03466268256306648
123,4,19,0.011148412711918354,LBP18,0.0062499623745679855
123,4,20,0.010130403563380241,LBP18,0.020008787512779236
123,4,21,0.00965376477688551,LBP18,0.02754456177353859
123,4,22,0.00948107335716486,LBP18,0.012147967703640461
123,4,23,0.008704626932740211,LBP18,0.006703339517116547
123,4,24,0.008295334875583649,LBP18,0.0047245449386537075
123,4,25,0.007706962060183287,LBP18,0.014139094389975071
123,4,26,0.007529083639383316,LBP18,0.013846192508935928
123,4,27,0.007318160962313414,LBP18,0.0011799553176388144
123,4,28,0.00699575012549758,LBP18,0.0015132284024730325
123,4,29,0.006703799590468407,LBP18,0.01501038670539856
123,4,30,0.006459537427872419,LBP18,0.07959665358066559
123,4,31,0.00612085685133934,LBP18,0.01686215214431286
123,4,32,0.006042345892637968,LBP18,0.015565075911581516
123,4,33,0.005949436686933041,LBP18,0.004499949049204588
123,4,34,0.005803307518362999,LBP18,0.0015928569482639432
123,4,35,0.005374819040298462,LBP18,0.005024570040404797
123,4,36,0.005326335784047842,LBP18,0.06950873881578445
123,4,37,0.005206816364079714,LBP18,0.012512288987636566
123,4,38,0.005062739830464125,LBP18,0.010574922896921635
123,4,39,0.005010765511542559,LBP18,0.002857394050806761
123,4,40,0.0048284404911100864,LBP18,0.019579105079174042
123,4,41,0.004744534846395254,LBP18,0.010810388252139091
123,4,42,0.004624207969754934,LBP18,0.002741537056863308
123,4,43,0.0044911871664226055,LBP18,0.003992911893874407
123,4,44,0.00431946711614728,LBP18,0.003968460019677877
123,4,45,0.004290092270821333,LBP18,0.011793386191129684
123,4,46,0.004053756594657898,LBP18,0.029733695089817047
123,4,47,0.004012571182101965,LBP18,0.007474967278540134
123,4,48,0.004001935478299856,LBP18,0.0024873176589608192
123,4,49,0.0038965814746916294,LBP18,0.006124489475041628
123,4,50,0.003834638511762023,LBP18,0.0029975343495607376
123,4,51,0.0037397376727312803,LBP18,0.001958112698048353
123,4,52,0.0035050807055085897,LBP18,0.0014535154914483428
123,4,53,0.003467187751084566,LBP18,0.005390089936554432
123,4,54,0.003390227211639285,LBP18,0.001577500021085143
123,4,55,0.0033653622958809137,LBP18,0.007928216829895973
123,4,56,0.0032158896792680025,LBP18,0.0050879730843007565
123,4,57,0.0031799578573554754,LBP18,0.01106094941496849
123,4,58,0.003122147871181369,LBP18,0.00401516305282712
123,4,59,0.003038319293409586,LBP18,0.013190639205276966
123,4,60,0.002962490078061819,LBP18,0.0019734767265617847
123,4,61,0.0029132599011063576,LBP18,0.017112771049141884
123,4,62,0.0028816419653594494,LBP18,0.030641546472907066
123,4,63,0.002833960810676217,LBP18,0.00708758132532239
123,4,64,0.0028134307358413935,LBP18,0.0022854576818645
123,4,65,0.002769616199657321,LBP18,0.003682450158521533
123,4,66,0.0027273965533822775,LBP18,0.009315060451626778
123,4,67,0.0026203650049865246,LBP18,0.008419266901910305
123,4,68,0.002568467753008008,LBP18,0.001351118553429842
123,4,69,0.0024954027030617,LBP18,0.02007562667131424
123,4,70,0.002470232080668211,LBP18,0.003000080119818449
123,4,71,0.0024207246024161577,LBP18,0.019838741049170494
123,4,72,0.002350756898522377,LBP18,0.010289200581610203
123,4,73,0.002329627750441432,LBP18,0.00799629744142294
123,4,74,0.002294310834258795,LBP18,0.0038995107170194387
123,4,75,0.0022808548528701067,LBP18,0.0025204122066497803
123,4,76,0.0022470434196293354,LBP18,0.002084978623315692
123,4,77,0.0021849817130714655,LBP18,0.0028844086918979883
123,4,78,0.002137532690539956,LBP18,0.019057409837841988
123,4,79,0.0020938459783792496,LBP18,0.008293521590530872
123,4,80,0.0020764770451933146,LBP18,0.019249645993113518
123,4,81,0.002057281555607915,LBP18,0.0022922384086996317
123,4,82,0.0019550654105842113,LBP18,0.006081263069063425
123,4,83,0.0019388251239433885,LBP18,0.0014748739777132869
123,4,84,0.001903796917758882,LBP18,0.005932883359491825
123,4,85,0.0018645531963557005,LBP18,0.007813883945345879
123,4,86,0.0018386103911325336,LBP18,0.008054254576563835
123,4,87,0.0017957527888938785,LBP18,0.0031733366195112467
123,4,88,0.0017775006126612425,LBP18,0.0038312762044370174
123,4,89,0.00175149564165622,LBP18,0.00324322865344584
123,4,90,0.0017326603410765529,LBP18,0.0051195272244513035
123,4,91,0.0016897632740437984,LBP18,0.0059261200949549675
123,4,92,0.0016817423747852445,LBP18,0.0014663729816675186
123,4,93,0.0016458781901746988,LBP18,0.005692536011338234
123,4,94,0.001634968793950975,LBP18,0.0213951263576746
123,4,95,0.0016032380517572165,LBP18,0.003668585792183876
123,4,96,0.0015835834201425314,LBP18,0.001682910369709134
123,4,97,0.0015564780915156007,LBP18,0.0053617702797055244
123,4,98,0.0015236022882163525,LBP18,0.0029310293029993773
123,4,99,0.0014973509823903441,LBP18,0.014464576728641987
123,4,100,0.0014791928697377443,LBP18,0.006888704840093851
123,4,101,0.0014669476076960564,LBP18,0.00472143804654479
123,4,102,0.0014330914709717035,LBP18,0.011521200649440289
123,4,103,0.0014181083533912897,LBP18,0.001605366007424891
123,4,104,0.001402648282237351,LBP18,0.0012684892863035202
123,4,105,0.0013921168865635991,LBP18,0.01618550717830658
123,4,106,0.001377144712023437,LBP18,0.00780236953869462
123,4,107,0.0013311145594343543,LBP18,0.0021214347798377275
123,4,108,0.0013263003202155232,LBP18,0.003978999797254801
123,4,109,0.001287703518755734,LBP18,0.008784414269030094
123,4,110,0.0012568434467539191,LBP18,0.009075234644114971
123,4,111,0.00123356853146106,LBP18,0.012371650896966457
123,4,112,0.001225047861225903,LBP18,0.0064591290429234505
123,4,113,0.0011852128664031625,LBP18,0.001377064734697342
123,4,114,0.0011772278230637312,LBP18,0.02210444211959839
123,4,115,0.001166319358162582,LBP18,0.008493877947330475
123,4,116,0.0011467506410554051,LBP18,0.013924436643719673
123,4,117,0.0011320377234369516,LBP18,0.0026328430976718664
123,4,118,0.0011123109143227339,LBP18,0.004194249864667654
123,4,119,0.0010822360636666417,LBP18,0.0027174411807209253
123,4,120,0.0010685969609767199,LBP18,0.0084542790427804
123,4,121,0.001044444739818573,LBP18,0.006488777697086334
123,4,122,0.001034728018566966,LBP18,0.00618279492482543
123,4,123,0.0010161827085539699,LBP18,0.0028016394935548306
123,4,124,0.0009974624263122678,LBP18,0.003448985517024994
123,4,125,0.0009805017616599798,LBP18,0.019194934517145157
123,4,126,0.0009655627072788775,LBP18,0.005871813278645277
123,4,127,0.0009501964668743312,LBP18,0.010054429061710835
123,4,128,0.0009320461540482938,LBP18,0.011664632707834244
123,4,1,0.11705614626407623,HARALICK5,0.006974433548748493
123,4,2,0.06300428509712219,HARALICK5,0.019110817462205887
123,4,3,0.05816765874624252,HARALICK5,0.009726166725158691
123,4,4,0.052753157913684845,HARALICK5,0.005938869901001453
123,4,5,0.03864648565649986,HARALICK5,0.0013466057134792209
123,4,6,0.03193579241633415,HARALICK5,0.0022414769046008587
123,4,7,0.030560394749045372,HARALICK5,0.0026533498894423246
123,4,8,0.026600666344165802,HARALICK5,0.004266333766281605
123,4,9,0.02316794916987419,HARALICK5,0.008418779820203781
123,4,10,0.02046036720275879,HARALICK5,0.0034811939112842083
123,4,11,0.01840795762836933,HARALICK5,0.002374401083216071
123,4,12,0.016986273229122162,HARALICK5,0.004700315650552511
123,4,13,0.015366628766059875,HARALICK5,0.009036798030138016
123,4,14,0.014657708816230297,HARALICK5,0.0045075323432683945
123,4,15,0.01327749714255333,HARALICK5,0.013750962913036346
123,4,16,0.013053765520453453,HARALICK5,0.001621151459403336
123,4,17,0.012093042023479939,HARALICK5,0.0005258155870251358
123,4,18,0.011545492336153984,HARALICK5,0.00862804800271988
123,4,19,0.011148412711918354,HARALICK5,0.0062507931143045425
123,4,20,0.010130403563380241,HARALICK5,0.008565273135900497
123,4,21,0.00965376477688551,HARALICK5,0.017437104135751724
123,4,22,0.00948107335716486,HARALICK5,0.0003221491351723671
123,4,23,0.008704626932740211,HARALICK5,0.0017316220328211784
123,4,24,0.008295334875583649,HARALICK5,0.0014088294701650739
123,4,25,0.007706962060183287,HARALICK5,0.0010260548442602158
123,4,26,0.007529083639383316,HARALICK5,0.008527477271854877
123,4,27,0.007318160962313414,HARALICK5,0.0013436415465548635
123,4,28,0.00699575012549758,HARALICK5,0.0038440856151282787
123,4,29,0.006703799590468407,HARALICK5,0.0013803621986880898
123,4,30,0.006459537427872419,HARALICK5,0.007775857113301754
123,4,31,0.00612085685133934,HARALICK5,0.004532669670879841
123,4,32,0.006042345892637968,HARALICK5,0.0036258159670978785
123,4,33,0.005949436686933041,HARALICK5,0.0026126469019800425
123,4,34,0.005803307518362999,HARALICK5,0.014663494192063808
123,4,35,0.005374819040298462,HARALICK5,0.002655920572578907
123,4,36,0.005326335784047842,HARALICK5,0.011230386793613434
123,4,37,0.005206816364079714,HARALICK5,0.0019874300342053175
123,4,38,0.005062739830464125,HARALICK5,0.001160638639703393
123,4,39,0.005010765511542559,HARALICK5,0.0032639733981341124
123,4,40,0.0048284404911100864,HARALICK5,0.004529835656285286
123,4,41,0.004744534846395254,HARALICK5,0.000586722802836448
123,4,42,0.004624207969754934,HARALICK5,0.00020960124675184488
123,4,43,0.0044911871664226055,HARALICK5,0.0027885788585990667
123,4,44,0.00431946711614728,HARALICK5,0.008277468383312225
123,4,45,0.004290092270821333,HARALICK5,0.0030288388952612877
123,4,46,0.004053756594657898,HARALICK5,0.021108578890562057
123,4,47,0.004012571182101965,HARALICK5,0.0035388709511607885
123,4,48,0.004001935478299856,HARALICK5,0.000296677288133651
123,4,49,0.0038965814746916294,HARALICK5,0.0005012621404603124
123,4,50,0.003834638511762023,HARALICK5,0.0013262185966596007
123,4,51,0.0037397376727312803,HARALICK5,0.0027982955798506737
123,4,52,0.0035050807055085897,HARALICK5,0.002298694336786866
123,4,53,0.003467187751084566,HARALICK5,0.0035190468188375235
123,4,54,0.003390227211639285,HARALICK5,0.0016356506384909153
123,4,55,0.0033653622958809137,HARALICK5,0.009211656637489796
123,4,56,0.0032158896792680025,HARALICK5,0.0008455718052573502
123,4,57,0.0031799578573554754,HARALICK5,0.007447391748428345
123,4,58,0.003122147871181369,HARALICK5,0.007092918734997511
123,4,59,0.003038319293409586,HARALICK5,0.008381955325603485
123,4,60,0.002962490078061819,HARALICK5,0.0010653811041265726
123,4,61,0.0029132599011063576,HARALICK5,0.010472499765455723
123,4,62,0.0028816419653594494,HARALICK5,0.0016044523799791932
123,4,63,0.002833960810676217,HARALICK5,0.010603699833154678
123,4,64,0.0028134307358413935,HARALICK5,0.0028149508871138096
123,4,65,0.002769616199657321,HARALICK5,0.016807977110147476
123,4,66,0.0027273965533822775,HARALICK5,0.022028446197509766
123,4,67,0.0026203650049865246,HARALICK5,0.0021011189091950655
123,4,68,0.002568467753008008,HARALICK5,0.013978675939142704
123,4,69,0.0024954027030617,HARALICK5,0.0032309636007994413
123,4,70,0.002470232080668211,HARALICK5,0.005057499278336763
123,4,71,0.0024207246024161577,HARALICK5,0.005887244362384081
123,4,72,0.002350756898522377,HARALICK5,0.001085874973796308
123,4,73,0.002329627750441432,HARALICK5,0.003126387717202306
123,4,74,0.002294310834258795,HARALICK5,0.0006858143024146557
123,4,75,0.0022808548528701067,HARALICK5,0.0009621115168556571
123,4,76,0.0022470434196293354,HARALICK5,0.0008746583480387926
123,4,77,0.0021849817130714655,HARALICK5,0.003806234337389469
123,4,78,0.002137532690539956,HARALICK5,0.0008442553807981312
123,4,79,0.0020938459783792496,HARALICK5,0.005876402370631695
123,4,80,0.0020764770451933146,HARALICK5,0.009759976528584957
123,4,81,0.002057281555607915,HARALICK5,0.00716271111741662
123,4,82,0.0019550654105842113,HARALICK5,0.004058743827044964
123,4,83,0.0019388251239433885,HARALICK5,0.0037409216165542603
123,4,84,0.001903796917758882,HARALICK5,0.0011854724725708365
123,4,85,0.0018645531963557005,HARALICK5,0.0012769739842042327
123,4,86,0.0018386103911325336,HARALICK5,0.010799052193760872
123,4,87,0.0017957527888938785,HARALICK5,0.0019649891182780266
123,4,88,0.0017775006126612425,HARALICK5,0.0010733980452641845
123,4,89,0.00175149564165622,HARALICK5,0.013283017091453075
123,4,90,0.0017326603410765529,HARALICK5,0.004725858103483915
123,4,91,0.0016897632740437984,HARALICK5,0.007945849560201168
123,4,92,0.0016817423747852445,HARALICK5,0.002638308797031641
123,4,93,0.0016458781901746988,HARALICK5,0.0010292051592841744
123,4,94,0.001634968793950975,HARALICK5,0.002477450994774699
123,4,95,0.0016032380517572165,HARALICK5,0.007089229300618172
123,4,96,0.0015835834201425314,HARALICK5,0.001692851772531867
123,4,97,0.0015564780915156007,HARALICK5,0.001771342707797885
123,4,98,0.0015236022882163525,HARALICK5,0.0031051235273480415
123,4,99,0.0014973509823903441,HARALICK5,0.004945436026901007
123,4,100,0.0014791928697377443,HARALICK5,0.005388858262449503
123,4,101,0.0014669476076960564,HARALICK5,0.0074374061077833176
123,4,102,0.0014330914709717035,HARALICK5,0.0037962303031235933
123,4,103,0.0014181083533912897,HARALICK5,0.0015190776903182268
123,4,104,0.001402648282237351,HARALICK5,0.0034398213028907776
123,4,105,0.0013921168865635991,HARALICK5,0.003889254294335842
123,4,106,0.001377144712023437,HARALICK5,0.004747229628264904
123,4,107,0.0013311145594343543,HARALICK5,0.006864532362669706
123,4,108,0.0013263003202155232,HARALICK5,0.0032536499202251434
123,4,109,0.001287703518755734,HARALICK5,0.005199039354920387
123,4,110,0.0012568434467539191,HARALICK5,0.008998621255159378
123,4,111,0.00123356853146106,HARALICK5,0.002501151990145445
123,4,112,0.001225047861225903,HARALICK5,0.0075330110266804695
123,4,113,0.0011852128664031625,HARALICK5,0.0021482177544385195
123,4,114,0.0011772278230637312,HARALICK5,0.019167624413967133
123,4,115,0.001166319358162582,HARALICK5,0.008823167532682419
123,4,116,0.0011467506410554051,HARALICK5,0.0018851953791454434
123,4,117,0.0011320377234369516,HARALICK5,0.0008312963182106614
123,4,118,0.0011123109143227339,HARALICK5,0.002241085981950164
123,4,119,0.0010822360636666417,HARALICK5,0.0017454830231145024
123,4,120,0.0010685969609767199,HARALICK5,0.0030741177033632994
123,4,121,0.001044444739818573,HARALICK5,0.00663400162011385
123,4,122,0.001034728018566966,HARALICK5,0.0006865405011922121
123,4,123,0.0010161827085539699,HARALICK5,0.0020890694577246904
123,4,124,0.0009974624263122678,HARALICK5,0.000501746719237417
123,4,125,0.0009805017616599798,HARALICK5,0.003366052405908704
123,4,126,0.0009655627072788775,HARALICK5,0.02182397060096264
123,4,127,0.0009501964668743312,HARALICK5,0.00436605466529727
123,4,128,0.0009320461540482938,HARALICK5,0.007279769517481327
123,4,1,0.11705614626407623,ALL_HANDCRAFTED32,0.12937569618225098
123,4,2,0.06300428509712219,ALL_HANDCRAFTED32,0.03572565317153931
123,4,3,0.05816765874624252,ALL_HANDCRAFTED32,0.028437994420528412
123,4,4,0.052753157913684845,ALL_HANDCRAFTED32,0.021854128688573837
123,4,5,0.03864648565649986,ALL_HANDCRAFTED32,0.015837520360946655
123,4,6,0.03193579241633415,ALL_HANDCRAFTED32,0.06685583293437958
123,4,7,0.030560394749045372,ALL_HANDCRAFTED32,0.016197357326745987
123,4,8,0.026600666344165802,ALL_HANDCRAFTED32,0.016096360981464386
123,4,9,0.02316794916987419,ALL_HANDCRAFTED32,0.025239013135433197
123,4,10,0.02046036720275879,ALL_HANDCRAFTED32,0.012233748100697994
123,4,11,0.01840795762836933,ALL_HANDCRAFTED32,0.006566307507455349
123,4,12,0.016986273229122162,ALL_HANDCRAFTED32,0.022437606006860733
123,4,13,0.015366628766059875,ALL_HANDCRAFTED32,0.031146569177508354
123,4,14,0.014657708816230297,ALL_HANDCRAFTED32,0.03948795795440674
123,4,15,0.01327749714255333,ALL_HANDCRAFTED32,0.14324027299880981
123,4,16,0.013053765520453453,ALL_HANDCRAFTED32,0.007390117272734642
123,4,17,0.012093042023479939,ALL_HANDCRAFTED32,0.034440621733665466
123,4,18,0.011545492336153984,ALL_HANDCRAFTED32,0.05719631910324097
123,4,19,0.011148412711918354,ALL_HANDCRAFTED32,0.018438585102558136
123,4,20,0.010130403563380241,ALL_HANDCRAFTED32,0.039266131818294525
123,4,21,0.00965376477688551,ALL_HANDCRAFTED32,0.06470193713903427
123,4,22,0.00948107335716486,ALL_HANDCRAFTED32,0.014589572325348854
123,4,23,0.008704626932740211,ALL_HANDCRAFTED32,0.017468402162194252
123,4,24,0.008295334875583649,ALL_HANDCRAFTED32,0.009087048470973969
123,4,25,0.007706962060183287,ALL_HANDCRAFTED32,0.02161715179681778
123,4,26,0.007529083639383316,ALL_HANDCRAFTED32,0.024514660239219666
123,4,27,0.007318160962313414,ALL_HANDCRAFTED32,0.010424505919218063
123,4,28,0.00699575012549758,ALL_HANDCRAFTED32,0.010123532265424728
123,4,29,0.006703799590468407,ALL_HANDCRAFTED32,0.02138528600335121
123,4,30,0.006459537427872419,ALL_HANDCRAFTED32,0.09164703637361526
123,4,31,0.00612085685133934,ALL_HANDCRAFTED32,0.02821246162056923
123,4,32,0.006042345892637968,ALL_HANDCRAFTED32,0.037841759622097015
123,4,33,0.005949436686933041,ALL_HANDCRAFTED32,0.01799587905406952
123,4,34,0.005803307518362999,ALL_HANDCRAFTED32,0.030491357669234276
123,4,35,0.005374819040298462,ALL_HANDCRAFTED32,0.0161794014275074
123,4,36,0.005326335784047842,ALL_HANDCRAFTED32,0.0882778912782669
123,4,37,0.005206816364079714,ALL_HANDCRAFTED32,0.025305338203907013
123,4,38,0.005062739830464125,ALL_HANDCRAFTED32,0.018982643261551857
123,4,39,0.005010765511542559,ALL_HANDCRAFTED32,0.013782326132059097
123,4,40,0.0048284404911100864,ALL_HANDCRAFTED32,0.03418219834566116
123,4,41,0.004744534846395254,ALL_HANDCRAFTED32,0.015777025371789932
123,4,42,0.004624207969754934,ALL_HANDCRAFTED32,0.009014979936182499
123,4,43,0.0044911871664226055,ALL_HANDCRAFTED32,0.010293888859450817
123,4,44,0.00431946711614728,ALL_HANDCRAFTED32,0.020670801401138306
123,4,45,0.004290092270821333,ALL_HANDCRAFTED32,0.024127088487148285
123,4,46,0.004053756594657898,ALL_HANDCRAFTED32,0.06197065860033035
123,4,47,0.004012571182101965,ALL_HANDCRAFTED32,0.017793741077184677
123,4,48,0.004001935478299856,ALL_HANDCRAFTED32,0.014660229906439781
123,4,49,0.0038965814746916294,ALL_HANDCRAFTED32,0.0338166281580925
123,4,50,0.003834638511762023,ALL_HANDCRAFTED32,0.006629626732319593
123,4,51,0.0037397376727312803,ALL_HANDCRAFTED32,0.011864874511957169
123,4,52,0.0035050807055085897,ALL_HANDCRAFTED32,0.021153423935174942
123,4,53,0.003467187751084566,ALL_HANDCRAFTED32,0.037391457706689835
123,4,54,0.003390227211639285,ALL_HANDCRAFTED32,0.008801904506981373
123,4,55,0.0033653622958809137,ALL_HANDCRAFTED32,0.03612954542040825
123,4,56,0.0032158896792680025,ALL_HANDCRAFTED32,0.011898547410964966
123,4,57,0.0031799578573554754,ALL_HANDCRAFTED32,0.026898514479398727
123,4,58,0.003122147871181369,ALL_HANDCRAFTED32,0.02138437330722809
123,4,59,0.003038319293409586,ALL_HANDCRAFTED32,0.0301714688539505
123,4,60,0.002962490078061819,ALL_HANDCRAFTED32,0.01595059223473072
123,4,61,0.0029132599011063576,ALL_HANDCRAFTED32,0.03349941596388817
123,4,62,0.0028816419653594494,ALL_HANDCRAFTED32,0.04578874260187149
123,4,63,0.002833960810676217,ALL_HANDCRAFTED32,0.024811996147036552
123,4,64,0.0028134307358413935,ALL_HANDCRAFTED32,0.011783605441451073
123,4,65,0.002769616199657321,ALL_HANDCRAFTED32,0.03398486226797104
123,4,66,0.0027273965533822775,ALL_HANDCRAFTED32,0.04026087000966072
123,4,67,0.0026203650049865246,ALL_HANDCRAFTED32,0.016025273129343987
123,4,68,0.002568467753008008,ALL_HANDCRAFTED32,0.0417555570602417
123,4,69,0.0024954027030617,ALL_HANDCRAFTED32,0.032392777502536774
123,4,70,0.002470232080668211,ALL_HANDCRAFTED32,0.020791849121451378
123,4,71,0.0024207246024161577,ALL_HANDCRAFTED32,0.04571932926774025
123,4,72,0.002350756898522377,ALL_HANDCRAFTED32,0.024157674983143806
123,4,73,0.002329627750441432,ALL_HANDCRAFTED32,0.021789833903312683
123,4,74,0.002294310834258795,ALL_HANDCRAFTED32,0.013440709561109543
123,4,75,0.0022808548528701067,ALL_HANDCRAFTED32,0.010683475062251091
123,4,76,0.0022470434196293354,ALL_HANDCRAFTED32,0.020238300785422325
123,4,77,0.0021849817130714655,ALL_HANDCRAFTED32,0.0074663711711764336
123,4,78,0.002137532690539956,ALL_HANDCRAFTED32,0.027719557285308838
123,4,79,0.0020938459783792496,ALL_HANDCRAFTED32,0.02640620805323124
123,4,80,0.0020764770451933146,ALL_HANDCRAFTED32,0.03609834611415863
123,4,81,0.002057281555607915,ALL_HANDCRAFTED32,0.011493194848299026
123,4,82,0.0019550654105842113,ALL_HANDCRAFTED32,0.023656824603676796
123,4,83,0.0019388251239433885,ALL_HANDCRAFTED32,0.016715142875909805
123,4,84,0.001903796917758882,ALL_HANDCRAFTED32,0.009437726810574532
123,4,85,0.0018645531963557005,ALL_HANDCRAFTED32,0.015017970465123653
123,4,86,0.0018386103911325336,ALL_HANDCRAFTED32,0.024436894804239273
123,4,87,0.0017957527888938785,ALL_HANDCRAFTED32,0.027864528819918633
123,4,88,0.0017775006126612425,ALL_HANDCRAFTED32,0.017811506986618042
123,4,89,0.00175149564165622,ALL_HANDCRAFTED32,0.03474920243024826
123,4,90,0.0017326603410765529,ALL_HANDCRAFTED32,0.01990148052573204
123,4,91,0.0016897632740437984,ALL_HANDCRAFTED32,0.024260375648736954
123,4,92,0.0016817423747852445,ALL_HANDCRAFTED32,0.01575406640768051
123,4,93,0.0016458781901746988,ALL_HANDCRAFTED32,0.01941390335559845
123,4,94,0.001634968793950975,ALL_HANDCRAFTED32,0.03986614942550659
123,4,95,0.0016032380517572165,ALL_HANDCRAFTED32,0.025410417467355728
123,4,96,0.0015835834201425314,ALL_HANDCRAFTED32,0.009700465947389603
123,4,97,0.0015564780915156007,ALL_HANDCRAFTED32,0.017960872501134872
123,4,98,0.0015236022882163525,ALL_HANDCRAFTED32,0.01510552130639553
123,4,99,0.0014973509823903441,ALL_HANDCRAFTED32,0.024970293045043945
123,4,100,0.0014791928697377443,ALL_HANDCRAFTED32,0.021236250177025795
123,4,101,0.0014669476076960564,ALL_HANDCRAFTED32,0.027324151247739792
123,4,102,0.0014330914709717035,ALL_HANDCRAFTED32,0.02223609946668148
123,4,103,0.0014181083533912897,ALL_HANDCRAFTED32,0.010839798487722874
123,4,104,0.001402648282237351,ALL_HANDCRAFTED32,0.022188063710927963
123,4,105,0.0013921168865635991,ALL_HANDCRAFTED32,0.027060890570282936
123,4,106,0.001377144712023437,ALL_HANDCRAFTED32,0.01811111532151699
123,4,107,0.0013311145594343543,ALL_HANDCRAFTED32,0.016539672389626503
123,4,108,0.0013263003202155232,ALL_HANDCRAFTED32,0.014696537517011166
123,4,109,0.001287703518755734,ALL_HANDCRAFTED32,0.020610103383660316
123,4,110,0.0012568434467539191,ALL_HANDCRAFTED32,0.048100415617227554
123,4,111,0.00123356853146106,ALL_HANDCRAFTED32,0.021310769021511078
123,4,112,0.001225047861225903,ALL_HANDCRAFTED32,0.028887266293168068
123,4,113,0.0011852128664031625,ALL_HANDCRAFTED32,0.008092397823929787
123,4,114,0.0011772278230637312,ALL_HANDCRAFTED32,0.05123560130596161
123,4,115,0.001166319358162582,ALL_HANDCRAFTED32,0.027763836085796356
123,4,116,0.0011467506410554051,ALL_HANDCRAFTED32,0.01939171925187111
123,4,117,0.0011320377234369516,ALL_HANDCRAFTED32,0.014389694668352604
123,4,118,0.0011123109143227339,ALL_HANDCRAFTED32,0.02594258077442646
123,4,119,0.0010822360636666417,ALL_HANDCRAFTED32,0.0161061342805624
123,4,120,0.0010685969609767199,ALL_HANDCRAFTED32,0.02389580011367798
123,4,121,0.001044444739818573,ALL_HANDCRAFTED32,0.03351375460624695
123,4,122,0.001034728018566966,ALL_HANDCRAFTED32,0.021941911429166794
123,4,123,0.0010161827085539699,ALL_HANDCRAFTED32,0.0072833760641515255
123,4,124,0.0009974624263122678,ALL_HANDCRAFTED32,0.013383354060351849
123,4,125,0.0009805017616599798,ALL_HANDCRAFTED32,0.042842499911785126
123,4,126,0.0009655627072788775,ALL_HANDCRAFTED32,0.06879052519798279
123,4,127,0.0009501964668743312,ALL_HANDCRAFTED32,0.017775747925043106
123,4,128,0.0009320461540482938,ALL_HANDCRAFTED32,0.028088897466659546
123,4,1,0.11705614626407623,VIT768,0.870624303817749
123,4,2,0.06300428509712219,VIT768,0.9642742872238159
123,4,3,0.05816765874624252,VIT768,0.9715616703033447
123,4,4,0.052753157913684845,VIT768,0.9781453013420105
123,4,5,0.03864648565649986,VIT768,0.9841623306274414
123,4,6,0.03193579241633415,VIT768,0.9331446886062622
123,4,7,0.030560394749045372,VIT768,0.983802855014801
123,4,8,0.026600666344165802,VIT768,0.9839041829109192
123,4,9,0.02316794916987419,VIT768,0.9747617244720459
123,4,10,0.02046036720275879,VIT768,0.9877662658691406
123,4,11,0.01840795762836933,VIT768,0.9934335947036743
123,4,12,0.016986273229122162,VIT768,0.9775626063346863
123,4,13,0.015366628766059875,VIT768,0.9688539505004883
123,4,14,0.014657708816230297,VIT768,0.9605121612548828
123,4,15,0.01327749714255333,VIT768,0.8567593097686768
123,4,16,0.013053765520453453,VIT768,0.9926104545593262
123,4,17,0.012093042023479939,VIT768,0.9655588269233704
123,4,18,0.011545492336153984,VIT768,0.9428036212921143
123,4,19,0.011148412711918354,VIT768,0.9815611243247986
123,4,20,0.010130403563380241,VIT768,0.9607340097427368
123,4,21,0.00965376477688551,VIT768,0.9352983236312866
123,4,22,0.00948107335716486,VIT768,0.9854095578193665
123,4,23,0.008704626932740211,VIT768,0.9825316071510315
123,4,24,0.008295334875583649,VIT768,0.9909128546714783
123,4,25,0.007706962060183287,VIT768,0.97838294506073
123,4,26,0.007529083639383316,VIT768,0.9754853248596191
123,4,27,0.007318160962313414,VIT768,0.9895755052566528
123,4,28,0.00699575012549758,VIT768,0.9898774027824402
123,4,29,0.006703799590468407,VIT768,0.9786148071289062
123,4,30,0.006459537427872419,VIT768,0.9083529114723206
123,4,31,0.00612085685133934,VIT768,0.9717884659767151
123,4,32,0.006042345892637968,VIT768,0.9621587991714478
123,4,33,0.005949436686933041,VIT768,0.9820043444633484
123,4,34,0.005803307518362999,VIT768,0.9695091843605042
123,4,35,0.005374819040298462,VIT768,0.983820378780365
123,4,36,0.005326335784047842,VIT768,0.9117225408554077
123,4,37,0.005206816364079714,VIT768,0.9746952056884766
123,4,38,0.005062739830464125,VIT768,0.9810176491737366
123,4,39,0.005010765511542559,VIT768,0.9862182140350342
123,4,40,0.0048284404911100864,VIT768,0.9658178091049194
123,4,41,0.004744534846395254,VIT768,0.9842230081558228
123,4,42,0.004624207969754934,VIT768,0.990985095500946
123,4,43,0.0044911871664226055,VIT768,0.9897059798240662
123,4,44,0.00431946711614728,VIT768,0.9793302416801453
123,4,45,0.004290092270821333,VIT768,0.9758733510971069
123,4,46,0.004053756594657898,VIT768,0.9380290508270264
123,4,47,0.004012571182101965,VIT768,0.9822065830230713
123,4,48,0.004001935478299856,VIT768,0.9853397607803345
123,4,49,0.0038965814746916294,VIT768,0.9661833047866821
123,4,50,0.003834638511762023,VIT768,0.9933711290359497
123,4,51,0.0037397376727312803,VIT768,0.9881352782249451
123,4,52,0.0035050807055085897,VIT768,0.978846549987793
123,4,53,0.003467187751084566,VIT768,0.9626089930534363
123,4,54,0.003390227211639285,VIT768,0.9911985397338867
123,4,55,0.0033653622958809137,VIT768,0.963870644569397
123,4,56,0.0032158896792680025,VIT768,0.9881015419960022
123,4,57,0.0031799578573554754,VIT768,0.9731014966964722
123,4,58,0.003122147871181369,VIT768,0.978615939617157
123,4,59,0.003038319293409586,VIT768,0.9698286056518555
123,4,60,0.002962490078061819,VIT768,0.9840496778488159
123,4,61,0.0029132599011063576,VIT768,0.9665008187294006
123,4,62,0.0028816419653594494,VIT768,0.9542113542556763
123,4,63,0.002833960810676217,VIT768,0.9751882553100586
123,4,64,0.0028134307358413935,VIT768,0.988216757774353
123,4,65,0.002769616199657321,VIT768,0.9660154581069946
123,4,66,0.0027273965533822775,VIT768,0.9597395658493042
123,4,67,0.0026203650049865246,VIT768,0.9839752316474915
123,4,68,0.002568467753008008,VIT768,0.9582440853118896
123,4,69,0.0024954027030617,VIT768,0.9676071405410767
123,4,70,0.002470232080668211,VIT768,0.9792080521583557
123,4,71,0.0024207246024161577,VIT768,0.9542807340621948
123,4,72,0.002350756898522377,VIT768,0.975842297077179
123,4,73,0.002329627750441432,VIT768,0.9782101511955261
123,4,74,0.002294310834258795,VIT768,0.9865591526031494
123,4,75,0.0022808548528701067,VIT768,0.9893161058425903
123,4,76,0.0022470434196293354,VIT768,0.9797614812850952
123,4,77,0.0021849817130714655,VIT768,0.9925335645675659
123,4,78,0.002137532690539956,VIT768,0.9722804427146912
123,4,79,0.0020938459783792496,VIT768,0.9735938310623169
123,4,80,0.0020764770451933146,VIT768,0.9639020562171936
123,4,81,0.002057281555607915,VIT768,0.9885066151618958
123,4,82,0.0019550654105842113,VIT768,0.976343035697937
123,4,83,0.0019388251239433885,VIT768,0.9832847714424133
123,4,84,0.001903796917758882,VIT768,0.9905622005462646
123,4,85,0.0018645531963557005,VIT768,0.984981894493103
123,4,86,0.0018386103911325336,VIT768,0.9755629301071167
123,4,87,0.0017957527888938785,VIT768,0.9721353054046631
123,4,88,0.0017775006126612425,VIT768,0.9821884632110596
123,4,89,0.00175149564165622,VIT768,0.9652506113052368
123,4,90,0.0017326603410765529,VIT768,0.9800989031791687
123,4,91,0.0016897632740437984,VIT768,0.9757396578788757
123,4,92,0.0016817423747852445,VIT768,0.9842462539672852
123,4,93,0.0016458781901746988,VIT768,0.9805859923362732
123,4,94,0.001634968793950975,VIT768,0.9601336717605591
123,4,95,0.0016032380517572165,VIT768,0.9745896458625793
123,4,96,0.0015835834201425314,VIT768,0.99029940366745
123,4,97,0.0015564780915156007,VIT768,0.9820394515991211
123,4,98,0.0015236022882163525,VIT768,0.9848946332931519
123,4,99,0.0014973509823903441,VIT768,0.9750298261642456
123,4,100,0.0014791928697377443,VIT768,0.9787640571594238
123,4,101,0.0014669476076960564,VIT768,0.972676157951355
123,4,102,0.0014330914709717035,VIT768,0.9777641892433167
123,4,103,0.0014181083533912897,VIT768,0.9891606569290161
123,4,104,0.001402648282237351,VIT768,0.9778119325637817
123,4,105,0.0013921168865635991,VIT768,0.9729389548301697
123,4,106,0.001377144712023437,VIT768,0.9818885326385498
123,4,107,0.0013311145594343543,VIT768,0.9834604263305664
123,4,108,0.0013263003202155232,VIT768,0.9853034019470215
123,4,109,0.001287703518755734,VIT768,0.9793899059295654
123,4,110,0.0012568434467539191,VIT768,0.9518997073173523
123,4,111,0.00123356853146106,VIT768,0.9786892533302307
123,4,112,0.001225047861225903,VIT768,0.971112847328186
123,4,113,0.0011852128664031625,VIT768,0.991908073425293
123,4,114,0.0011772278230637312,VIT768,0.9487645030021667
123,4,115,0.001166319358162582,VIT768,0.9722363352775574
123,4,116,0.0011467506410554051,VIT768,0.980608344078064
123,4,117,0.0011320377234369516,VIT768,0.9856102466583252
123,4,118,0.0011123109143227339,VIT768,0.9740576148033142
123,4,119,0.0010822360636666417,VIT768,0.9838939309120178
123,4,120,0.0010685969609767199,VIT768,0.9761043787002563
123,4,121,0.001044444739818573,VIT768,0.9664861559867859
123,4,122,0.001034728018566966,VIT768,0.9780579805374146
123,4,123,0.0010161827085539699,VIT768,0.9927167892456055
123,4,124,0.0009974624263122678,VIT768,0.9866167306900024
123,4,125,0.0009805017616599798,VIT768,0.9571574330329895
123,4,126,0.0009655627072788775,VIT768,0.9312095642089844
123,4,127,0.0009501964668743312,VIT768,0.9822241067886353
123,4,128,0.0009320461540482938,VIT768,0.9719113111495972
123,5,1,0.11765461415052414,COLOR9,0.016012966632843018
123,5,2,0.06435728818178177,COLOR9,0.007629386615008116
123,5,3,0.056651100516319275,COLOR9,0.0203334279358387
123,5,4,0.05090060085058212,COLOR9,0.005563210695981979
123,5,5,0.035499926656484604,COLOR9,0.01329413615167141
123,5,6,0.03254332020878792,COLOR9,0.03188488259911537
123,5,7,0.031673841178417206,COLOR9,0.0021652118302881718
123,5,8,0.026768498122692108,COLOR9,0.011380607262253761
123,5,9,0.024247856810688972,COLOR9,0.004152053967118263
123,5,10,0.02069038525223732,COLOR9,0.0016673225909471512
123,5,11,0.019043197855353355,COLOR9,0.003926000092178583
123,5,12,0.017608609050512314,COLOR9,0.007376405410468578
123,5,13,0.015523205511271954,COLOR9,0.015689164400100708
123,5,14,0.014472197741270065,COLOR9,0.008957687765359879
123,5,15,0.012942400760948658,COLOR9,0.005678620655089617
123,5,16,0.01209205761551857,COLOR9,0.010855783708393574
123,5,17,0.011657169088721275,COLOR9,0.01631186157464981
123,5,18,0.011104585602879524,COLOR9,0.03143374249339104
123,5,19,0.010969417169690132,COLOR9,0.006699160672724247
123,5,20,0.010432504117488861,COLOR9,0.01107279397547245
123,5,21,0.01018976978957653,COLOR9,0.004934070631861687
123,5,22,0.009168627671897411,COLOR9,0.007475028745830059
123,5,23,0.008978083729743958,COLOR9,0.00619548512622714
123,5,24,0.008788017556071281,COLOR9,0.004315010737627745
123,5,25,0.008159441873431206,COLOR9,0.003756696591153741
123,5,26,0.007667786907404661,COLOR9,0.004905457142740488
123,5,27,0.007463817019015551,COLOR9,0.0045975856482982635
123,5,28,0.007323344703763723,COLOR9,0.00843340065330267
123,5,29,0.006835474167019129,COLOR9,0.00494789145886898
123,5,30,0.006646424066275358,COLOR9,0.006755053531378508
123,5,31,0.006551446858793497,COLOR9,0.003916488029062748
123,5,32,0.006045523099601269,COLOR9,0.0030701879877597094
123,5,33,0.005696668289601803,COLOR9,0.026496801525354385
123,5,34,0.005675543565303087,COLOR9,0.008121775463223457
123,5,35,0.005497334059327841,COLOR9,0.014200925827026367
123,5,36,0.005327792838215828,COLOR9,0.005579332821071148
123,5,37,0.005186021793633699,COLOR9,0.014299263246357441
123,5,38,0.005065149161964655,COLOR9,0.004587563220411539
123,5,39,0.004901311360299587,COLOR9,0.01136867981404066
123,5,40,0.004775621462613344,COLOR9,0.02034090831875801
123,5,41,0.004648842383176088,COLOR9,0.013832548633217812
123,5,42,0.004584430251270533,COLOR9,0.0061302799731493
123,5,43,0.0045685055665671825,COLOR9,0.015952371060848236
123,5,44,0.004348692484200001,COLOR9,0.008859263733029366
123,5,45,0.004184061661362648,COLOR9,0.00907933246344328
123,5,46,0.004090523812919855,COLOR9,0.005945197306573391
123,5,47,0.004053925164043903,COLOR9,0.027968887239694595
123,5,48,0.003922643139958382,COLOR9,0.01307268813252449
123,5,49,0.003858891548588872,COLOR9,0.005591284018009901
123,5,50,0.0037978445179760456,COLOR9,0.005154700484126806
123,5,51,0.003749765921384096,COLOR9,0.014780511148273945
123,5,52,0.0035627714823931456,COLOR9,0.022330768406391144
123,5,53,0.003533870680257678,COLOR9,0.00174030102789402
123,5,54,0.003441794775426388,COLOR9,0.015594026073813438
123,5,55,0.003313082968816161,COLOR9,0.021603353321552277
123,5,56,0.0032219768036156893,COLOR9,0.0072350092232227325
123,5,57,0.0031623877584934235,COLOR9,0.0035225877072662115
123,5,58,0.0031117754988372326,COLOR9,0.02780919149518013
123,5,59,0.0030562100000679493,COLOR9,0.003944380208849907
123,5,60,0.003031603991985321,COLOR9,0.007268981076776981
123,5,61,0.0029832154978066683,COLOR9,0.016343053430318832
123,5,62,0.002866670722141862,COLOR9,0.028194665908813477
123,5,63,0.002820411929860711,COLOR9,0.014127043075859547
123,5,64,0.002773141721263528,COLOR9,0.005166066810488701
123,5,65,0.0026879587676376104,COLOR9,0.004898139275610447
123,5,66,0.002649668836966157,COLOR9,0.0164948683232069
123,5,67,0.00258191442117095,COLOR9,0.009010926820337772
123,5,68,0.002533418359234929,COLOR9,0.004054728429764509
123,5,69,0.0025057182647287846,COLOR9,0.01970677636563778
123,5,70,0.0024843509308993816,COLOR9,0.005057779140770435
123,5,71,0.0024308532010763884,COLOR9,0.0015949216904118657
123,5,72,0.0023884454276412725,COLOR9,0.005743168294429779
123,5,73,0.002331314841285348,COLOR9,0.02094288356602192
123,5,74,0.0022787475027143955,COLOR9,0.006085383705794811
123,5,75,0.002256539883092046,COLOR9,0.024508977308869362
123,5,76,0.00220314203761518,COLOR9,0.013686220161616802
123,5,77,0.0021735785994678736,COLOR9,0.009590444155037403
123,5,78,0.0021232175640761852,COLOR9,0.00724611384794116
123,5,79,0.0020849513821303844,COLOR9,0.004219225142151117
123,5,80,0.002057923236861825,COLOR9,0.0041650645434856415
123,5,81,0.002018406055867672,COLOR9,0.008329646661877632
123,5,82,0.001980382949113846,COLOR9,0.013594629243016243
123,5,83,0.0019489106489345431,COLOR9,0.013078249990940094
123,5,84,0.0019086048705503345,COLOR9,0.0069575016386806965
123,5,85,0.0018905405886471272,COLOR9,0.012003052048385143
123,5,86,0.001886175130493939,COLOR9,0.008004974573850632
123,5,87,0.001855621114373207,COLOR9,0.0016937714535742998
123,5,88,0.0017891231691464782,COLOR9,0.017573032528162003
123,5,89,0.0017357723554596305,COLOR9,0.008202962577342987
123,5,90,0.0017148221377283335,COLOR9,0.0023383006919175386
123,5,91,0.001679707900620997,COLOR9,0.009087528102099895
123,5,92,0.001673217280767858,COLOR9,0.0064981356263160706
123,5,93,0.001667887787334621,COLOR9,0.007979154586791992
123,5,94,0.0016550928121432662,COLOR9,0.017738675698637962
123,5,95,0.0015740954549983144,COLOR9,0.015633409842848778
123,5,96,0.0015448774211108685,COLOR9,0.011342856101691723
123,5,97,0.0015268721617758274,COLOR9,0.007448229007422924
123,5,98,0.0015060497680678964,COLOR9,0.0071639372035861015
123,5,99,0.00148223084397614,COLOR9,0.002175999339669943
123,5,100,0.001450504525564611,COLOR9,0.012795514427125454
123,5,101,0.0014420530060306191,COLOR9,0.016546813771128654
123,5,102,0.00142458057962358,COLOR9,0.003240438411012292
123,5,103,0.0014111131895333529,COLOR9,0.00595001270994544
123,5,104,0.0013877023011446,COLOR9,0.004147682338953018
123,5,105,0.0013472411083057523,COLOR9,0.008853350766003132
123,5,106,0.001329275080934167,COLOR9,0.01343165896832943
123,5,107,0.001317917020060122,COLOR9,0.009806465357542038
123,5,108,0.0012739700032398105,COLOR9,0.005122014321386814
123,5,109,0.0012671747244894505,COLOR9,0.006305685266852379
123,5,110,0.0012508518993854523,COLOR9,0.002717315685003996
123,5,111,0.0012275577755644917,COLOR9,0.022693928331136703
123,5,112,0.0012160510523244739,COLOR9,0.009372536092996597
123,5,113,0.001197571400552988,COLOR9,0.007491594180464745
123,5,114,0.001183713786303997,COLOR9,0.0046150521375238895
123,5,115,0.001154434634372592,COLOR9,0.023271925747394562
123,5,116,0.0011403132230043411,COLOR9,0.008208333514630795
123,5,117,0.0011348705738782883,COLOR9,0.005412233993411064
123,5,118,0.0011102991411462426,COLOR9,0.007773208431899548
123,5,119,0.0010831793770194054,COLOR9,0.01666620373725891
123,5,120,0.0010806360514834523,COLOR9,0.010682402178645134
123,5,121,0.0010541341034695506,COLOR9,0.014973742887377739
123,5,122,0.0010341841261833906,COLOR9,0.00618954561650753
123,5,123,0.0010278825648128986,COLOR9,0.014735184609889984
123,5,124,0.0010153562761843204,COLOR9,0.004716150462627411
123,5,125,0.0010037951869890094,COLOR9,0.018198858946561813
123,5,126,0.0009886199841275811,COLOR9,0.011610385030508041
123,5,127,0.0009508012444712222,COLOR9,0.0126216234639287
123,5,128,0.0009436674881726503,COLOR9,0.008475958369672298
123,5,1,0.11765461415052414,LBP18,0.108747698366642
123,5,2,0.06435728818178177,LBP18,0.006818130146712065
123,5,3,0.056651100516319275,LBP18,0.012179877609014511
123,5,4,0.05090060085058212,LBP18,0.0005945318844169378
123,5,5,0.035499926656484604,LBP18,0.004470186773687601
123,5,6,0.03254332020878792,LBP18,0.027528254315257072
123,5,7,0.031673841178417206,LBP18,0.01686806231737137
123,5,8,0.026768498122692108,LBP18,0.003499135375022888
123,5,9,0.024247856810688972,LBP18,0.015541823580861092
123,5,10,0.02069038525223732,LBP18,0.0063681467436254025
123,5,11,0.019043197855353355,LBP18,0.007413788232952356
123,5,12,0.017608609050512314,LBP18,0.00691441772505641
123,5,13,0.015523205511271954,LBP18,0.007187644485384226
123,5,14,0.014472197741270065,LBP18,0.00957813672721386
123,5,15,0.012942400760948658,LBP18,0.011456812731921673
123,5,16,0.01209205761551857,LBP18,0.05219939723610878
123,5,17,0.011657169088721275,LBP18,0.0046778214164078236
123,5,18,0.011104585602879524,LBP18,0.031142769381403923
123,5,19,0.010969417169690132,LBP18,0.02613368071615696
123,5,20,0.010432504117488861,LBP18,0.008296694606542587
123,5,21,0.01018976978957653,LBP18,0.008865028619766235
123,5,22,0.009168627671897411,LBP18,0.0072453818283975124
123,5,23,0.008978083729743958,LBP18,0.012898649089038372
123,5,24,0.008788017556071281,LBP18,0.016386304050683975
123,5,25,0.008159441873431206,LBP18,0.025023633614182472
123,5,26,0.007667786907404661,LBP18,0.009856832213699818
123,5,27,0.007463817019015551,LBP18,0.00470418157055974
123,5,28,0.007323344703763723,LBP18,0.014385474845767021
123,5,29,0.006835474167019129,LBP18,0.04760639742016792
123,5,30,0.006646424066275358,LBP18,0.03668905794620514
123,5,31,0.006551446858793497,LBP18,0.007703699171543121
123,5,32,0.006045523099601269,LBP18,0.005786294117569923
123,5,33,0.005696668289601803,LBP18,0.006307835690677166
123,5,34,0.005675543565303087,LBP18,0.003231027629226446
123,5,35,0.005497334059327841,LBP18,0.019123360514640808
123,5,36,0.005327792838215828,LBP18,0.015442906878888607
123,5,37,0.005186021793633699,LBP18,0.007340570911765099
123,5,38,0.005065149161964655,LBP18,0.0017413458554074168
123,5,39,0.004901311360299587,LBP18,0.020696895197033882
123,5,40,0.004775621462613344,LBP18,0.031734634190797806
123,5,41,0.004648842383176088,LBP18,0.01591285690665245
123,5,42,0.004584430251270533,LBP18,0.0034314121585339308
123,5,43,0.0045685055665671825,LBP18,0.056518178433179855
123,5,44,0.004348692484200001,LBP18,0.0010476403404027224
123,5,45,0.004184061661362648,LBP18,0.004696343094110489
123,5,46,0.004090523812919855,LBP18,0.01675625517964363
123,5,47,0.004053925164043903,LBP18,0.0039302208460867405
123,5,48,0.003922643139958382,LBP18,0.003448246978223324
123,5,49,0.003858891548588872,LBP18,0.0016148661961778998
123,5,50,0.0037978445179760456,LBP18,0.004044876899570227
123,5,51,0.003749765921384096,LBP18,0.003934435546398163
123,5,52,0.0035627714823931456,LBP18,0.013392447493970394
123,5,53,0.003533870680257678,LBP18,0.010699576698243618
123,5,54,0.003441794775426388,LBP18,0.009031431749463081
123,5,55,0.003313082968816161,LBP18,0.017136001959443092
123,5,56,0.0032219768036156893,LBP18,0.008249199017882347
123,5,57,0.0031623877584934235,LBP18,0.003046422963961959
123,5,58,0.0031117754988372326,LBP18,0.007727270945906639
123,5,59,0.0030562100000679493,LBP18,0.0039640916511416435
123,5,60,0.003031603991985321,LBP18,0.007333533838391304
123,5,61,0.0029832154978066683,LBP18,0.007456547114998102
123,5,62,0.002866670722141862,LBP18,0.0017139986157417297
123,5,63,0.002820411929860711,LBP18,0.003907584119588137
123,5,64,0.002773141721263528,LBP18,0.004062442574650049
123,5,65,0.0026879587676376104,LBP18,0.02254064381122589
123,5,66,0.002649668836966157,LBP18,0.00219335057772696
123,5,67,0.00258191442117095,LBP18,0.005899695213884115
123,5,68,0.002533418359234929,LBP18,0.005332217551767826
123,5,69,0.0025057182647287846,LBP18,0.0027919583953917027
123,5,70,0.0024843509308993816,LBP18,0.0019674382638186216
123,5,71,0.0024308532010763884,LBP18,0.016421319916844368
123,5,72,0.0023884454276412725,LBP18,0.015537174418568611
123,5,73,0.002331314841285348,LBP18,0.05807428061962128
123,5,74,0.0022787475027143955,LBP18,0.0015312489122152328
123,5,75,0.002256539883092046,LBP18,0.011316810734570026
123,5,76,0.00220314203761518,LBP18,0.00799221359193325
123,5,77,0.0021735785994678736,LBP18,0.005150058772414923
123,5,78,0.0021232175640761852,LBP18,0.006615075748413801
123,5,79,0.0020849513821303844,LBP18,0.005514949560165405
123,5,80,0.002057923236861825,LBP18,0.0032066262792795897
123,5,81,0.002018406055867672,LBP18,0.009025742299854755
123,5,82,0.001980382949113846,LBP18,0.004055882804095745
123,5,83,0.0019489106489345431,LBP18,0.010574135929346085
123,5,84,0.0019086048705503345,LBP18,0.008849622681736946
123,5,85,0.0018905405886471272,LBP18,0.00639710109680891
123,5,86,0.001886175130493939,LBP18,0.0019263937138020992
123,5,87,0.001855621114373207,LBP18,0.004243818577378988
123,5,88,0.0017891231691464782,LBP18,0.0042241415940225124
123,5,89,0.0017357723554596305,LBP18,0.004729546140879393
123,5,90,0.0017148221377283335,LBP18,0.010737167671322823
123,5,91,0.001679707900620997,LBP18,0.0025081688072532415
123,5,92,0.001673217280767858,LBP18,0.004499295260757208
123,5,93,0.001667887787334621,LBP18,0.0023506961297243834
123,5,94,0.0016550928121432662,LBP18,0.0067351204343140125
123,5,95,0.0015740954549983144,LBP18,0.0018046241020783782
123,5,96,0.0015448774211108685,LBP18,0.0081865219399333
123,5,97,0.0015268721617758274,LBP18,0.0030273357406258583
123,5,98,0.0015060497680678964,LBP18,0.00322363362647593
123,5,99,0.00148223084397614,LBP18,0.020493552088737488
123,5,100,0.001450504525564611,LBP18,0.004619938787072897
123,5,101,0.0014420530060306191,LBP18,0.003081842325627804
123,5,102,0.00142458057962358,LBP18,0.00679507851600647
123,5,103,0.0014111131895333529,LBP18,0.009657163172960281
123,5,104,0.0013877023011446,LBP18,0.006185189355164766
123,5,105,0.0013472411083057523,LBP18,0.0008356134057976305
123,5,106,0.001329275080934167,LBP18,0.002234469633549452
123,5,107,0.001317917020060122,LBP18,0.002670511370524764
123,5,108,0.0012739700032398105,LBP18,0.005726546049118042
123,5,109,0.0012671747244894505,LBP18,0.003136115614324808
123,5,110,0.0012508518993854523,LBP18,0.006918481085449457
123,5,111,0.0012275577755644917,LBP18,0.030354322865605354
123,5,112,0.0012160510523244739,LBP18,0.0026395232416689396
123,5,113,0.001197571400552988,LBP18,0.00624981801956892
123,5,114,0.001183713786303997,LBP18,0.013334805145859718
123,5,115,0.001154434634372592,LBP18,0.006422508042305708
123,5,116,0.0011403132230043411,LBP18,0.010174796916544437
123,5,117,0.0011348705738782883,LBP18,0.0074485717341303825
123,5,118,0.0011102991411462426,LBP18,0.009212087839841843
123,5,119,0.0010831793770194054,LBP18,0.008993717841804028
123,5,120,0.0010806360514834523,LBP18,0.0016067606629803777
123,5,121,0.0010541341034695506,LBP18,0.0020239080768078566
123,5,122,0.0010341841261833906,LBP18,0.003580324584618211
123,5,123,0.0010278825648128986,LBP18,0.004966947250068188
123,5,124,0.0010153562761843204,LBP18,0.024806663393974304
123,5,125,0.0010037951869890094,LBP18,0.007064102217555046
123,5,126,0.0009886199841275811,LBP18,0.003341368865221739
123,5,127,0.0009508012444712222,LBP18,0.009943150915205479
123,5,128,0.0009436674881726503,LBP18,0.007443402893841267
123,5,1,0.11765461415052414,HARALICK5,0.006878238637000322
123,5,2,0.06435728818178177,HARALICK5,0.0161319337785244
123,5,3,0.056651100516319275,HARALICK5,0.0198128130286932
123,5,4,0.05090060085058212,HARALICK5,0.0009364783763885498
123,5,5,0.035499926656484604,HARALICK5,0.001486863475292921
123,5,6,0.03254332020878792,HARALICK5,0.0011642243480309844
123,5,7,0.031673841178417206,HARALICK5,0.007197108119726181
123,5,8,0.026768498122692108,HARALICK5,0.007215495686978102
123,5,9,0.024247856810688972,HARALICK5,0.004874399397522211
123,5,10,0.02069038525223732,HARALICK5,0.00021240142814349383
123,5,11,0.019043197855353355,HARALICK5,0.0006271876045502722
123,5,12,0.017608609050512314,HARALICK5,0.008277607150375843
123,5,13,0.015523205511271954,HARALICK5,0.008769321255385876
123,5,14,0.014472197741270065,HARALICK5,0.004290545359253883
123,5,15,0.012942400760948658,HARALICK5,0.002772701671347022
123,5,16,0.01209205761551857,HARALICK5,0.008545203134417534
123,5,17,0.011657169088721275,HARALICK5,0.004714887123554945
123,5,18,0.011104585602879524,HARALICK5,0.004669838584959507
123,5,19,0.010969417169690132,HARALICK5,0.003263280726969242
123,5,20,0.010432504117488861,HARALICK5,0.0013854531571269035
123,5,21,0.01018976978957653,HARALICK5,0.004588114097714424
123,5,22,0.009168627671897411,HARALICK5,0.0011232789838686585
123,5,23,0.008978083729743958,HARALICK5,0.0024024704471230507
123,5,24,0.008788017556071281,HARALICK5,0.003384900512173772
123,5,25,0.008159441873431206,HARALICK5,0.012683256529271603
123,5,26,0.007667786907404661,HARALICK5,0.005184811074286699
123,5,27,0.007463817019015551,HARALICK5,0.0004631498595699668
123,5,28,0.007323344703763723,HARALICK5,0.0019334054086357355
123,5,29,0.006835474167019129,HARALICK5,0.006010189652442932
123,5,30,0.006646424066275358,HARALICK5,0.0026245848275721073
123,5,31,0.006551446858793497,HARALICK5,0.010536620393395424
123,5,32,0.006045523099601269,HARALICK5,0.00436819065362215
123,5,33,0.005696668289601803,HARALICK5,0.0006528181256726384
123,5,34,0.005675543565303087,HARALICK5,0.001021804753690958
123,5,35,0.005497334059327841,HARALICK5,0.01924237422645092
123,5,36,0.005327792838215828,HARALICK5,0.005237211938947439
123,5,37,0.005186021793633699,HARALICK5,0.002417799551039934
123,5,38,0.005065149161964655,HARALICK5,0.0009870141511783004
123,5,39,0.004901311360299587,HARALICK5,0.008205970749258995
123,5,40,0.004775621462613344,HARALICK5,0.00367067102342844
123,5,41,0.004648842383176088,HARALICK5,0.001597770256921649
123,5,42,0.004584430251270533,HARALICK5,0.0023270307574421167
123,5,43,0.0045685055665671825,HARALICK5,0.003297774586826563
123,5,44,0.004348692484200001,HARALICK5,0.0024182156194001436
123,5,45,0.004184061661362648,HARALICK5,0.0025044186040759087
123,5,46,0.004090523812919855,HARALICK5,0.001554734306409955
123,5,47,0.004053925164043903,HARALICK5,0.00851146224886179
123,5,48,0.003922643139958382,HARALICK5,0.0005906824953854084
123,5,49,0.003858891548588872,HARALICK5,0.0039481669664382935
123,5,50,0.0037978445179760456,HARALICK5,0.002689818851649761
123,5,51,0.003749765921384096,HARALICK5,0.0029379886109381914
123,5,52,0.0035627714823931456,HARALICK5,0.001947264769114554
123,5,53,0.003533870680257678,HARALICK5,0.0014021098613739014
123,5,54,0.003441794775426388,HARALICK5,0.0014302608324214816
123,5,55,0.003313082968816161,HARALICK5,0.01378302089869976
123,5,56,0.0032219768036156893,HARALICK5,0.0041691153310239315
123,5,57,0.0031623877584934235,HARALICK5,0.003215183038264513
123,5,58,0.0031117754988372326,HARALICK5,0.003657517023384571
123,5,59,0.0030562100000679493,HARALICK5,0.004665655083954334
123,5,60,0.003031603991985321,HARALICK5,0.019356999546289444
123,5,61,0.0029832154978066683,HARALICK5,0.01200936920940876
123,5,62,0.002866670722141862,HARALICK5,0.0032572122290730476
123,5,63,0.002820411929860711,HARALICK5,0.0071059223264455795
123,5,64,0.002773141721263528,HARALICK5,0.0009051699889823794
123,5,65,0.0026879587676376104,HARALICK5,0.0078100645914673805
123,5,66,0.002649668836966157,HARALICK5,0.013480989262461662
123,5,67,0.00258191442117095,HARALICK5,0.004224548581987619
123,5,68,0.002533418359234929,HARALICK5,0.0009350536274723709
123,5,69,0.0025057182647287846,HARALICK5,0.0068598901852965355
123,5,70,0.0024843509308993816,HARALICK5,0.0009026427287608385
123,5,71,0.0024308532010763884,HARALICK5,0.004343624226748943
123,5,72,0.0023884454276412725,HARALICK5,0.0013619414530694485
123,5,73,0.002331314841285348,HARALICK5,0.004761178512126207
123,5,74,0.0022787475027143955,HARALICK5,0.0014713335549458861
123,5,75,0.002256539883092046,HARALICK5,0.0019809671211987734
123,5,76,0.00220314203761518,HARALICK5,0.003394633298739791
123,5,77,0.0021735785994678736,HARALICK5,0.003101866692304611
123,5,78,0.0021232175640761852,HARALICK5,0.003178635146468878
123,5,79,0.0020849513821303844,HARALICK5,0.002433170098811388
123,5,80,0.002057923236861825,HARALICK5,0.006571766920387745
123,5,81,0.002018406055867672,HARALICK5,0.0016556106274947524
123,5,82,0.001980382949113846,HARALICK5,0.011350338347256184
123,5,83,0.0019489106489345431,HARALICK5,0.010900131426751614
123,5,84,0.0019086048705503345,HARALICK5,0.024825768545269966
123,5,85,0.0018905405886471272,HARALICK5,0.0022409064695239067
123,5,86,0.001886175130493939,HARALICK5,0.0006052261451259255
123,5,87,0.001855621114373207,HARALICK5,0.0027762367390096188
123,5,88,0.0017891231691464782,HARALICK5,0.0007982230163179338
123,5,89,0.0017357723554596305,HARALICK5,0.003361932933330536
123,5,90,0.0017148221377283335,HARALICK5,0.0015968220541253686
123,5,91,0.001679707900620997,HARALICK5,0.0041788737289607525
123,5,92,0.001673217280767858,HARALICK5,0.003153648227453232
123,5,93,0.001667887787334621,HARALICK5,0.007203920278698206
123,5,94,0.0016550928121432662,HARALICK5,0.006899161729961634
123,5,95,0.0015740954549983144,HARALICK5,0.002666885731741786
123,5,96,0.0015448774211108685,HARALICK5,0.003897314192727208
123,5,97,0.0015268721617758274,HARALICK5,0.00355891534127295
123,5,98,0.0015060497680678964,HARALICK5,0.008963098749518394
123,5,99,0.00148223084397614,HARALICK5,0.003995347768068314
123,5,100,0.001450504525564611,HARALICK5,0.001153147197328508
123,5,101,0.0014420530060306191,HARALICK5,0.003035160480067134
123,5,102,0.00142458057962358,HARALICK5,0.006814904510974884
123,5,103,0.0014111131895333529,HARALICK5,0.0045677004382014275
123,5,104,0.0013877023011446,HARALICK5,0.0027633674908429384
123,5,105,0.0013472411083057523,HARALICK5,0.004430156666785479
123,5,106,0.001329275080934167,HARALICK5,0.0011786645045503974
123,5,107,0.001317917020060122,HARALICK5,0.0034069891553372145
123,5,108,0.0012739700032398105,HARALICK5,0.012238659895956516
123,5,109,0.0012671747244894505,HARALICK5,0.0034462688490748405
123,5,110,0.0012508518993854523,HARALICK5,0.005702639929950237
123,5,111,0.0012275577755644917,HARALICK5,0.009751452133059502
123,5,112,0.0012160510523244739,HARALICK5,0.00685507245361805
123,5,113,0.001197571400552988,HARALICK5,0.0003713789046742022
123,5,114,0.001183713786303997,HARALICK5,0.004267365206032991
123,5,115,0.001154434634372592,HARALICK5,0.003171557793393731
123,5,116,0.0011403132230043411,HARALICK5,0.0052145118825137615
123,5,117,0.0011348705738782883,HARALICK5,0.0011851720046252012
123,5,118,0.0011102991411462426,HARALICK5,0.0030114278197288513
123,5,119,0.0010831793770194054,HARALICK5,0.0041291238740086555
123,5,120,0.0010806360514834523,HARALICK5,0.01012647058814764
123,5,121,0.0010541341034695506,HARALICK5,0.001435949932783842
123,5,122,0.0010341841261833906,HARALICK5,0.010860905982553959
123,5,123,0.0010278825648128986,HARALICK5,0.006311507895588875
123,5,124,0.0010153562761843204,HARALICK5,0.005399169400334358
123,5,125,0.0010037951869890094,HARALICK5,0.006473174784332514
123,5,126,0.0009886199841275811,HARALICK5,0.006909908261150122
123,5,127,0.0009508012444712222,HARALICK5,0.0022271284833550453
123,5,128,0.0009436674881726503,HARALICK5,0.003715312108397484
123,5,1,0.11765461415052414,ALL_HANDCRAFTED32,0.13163889944553375
123,5,2,0.06435728818178177,ALL_HANDCRAFTED32,0.030579451471567154
123,5,3,0.056651100516319275,ALL_HANDCRAFTED32,0.05232612043619156
123,5,4,0.05090060085058212,ALL_HANDCRAFTED32,0.007094221189618111
123,5,5,0.035499926656484604,ALL_HANDCRAFTED32,0.019251186400651932
123,5,6,0.03254332020878792,ALL_HANDCRAFTED32,0.060577359050512314
123,5,7,0.031673841178417206,ALL_HANDCRAFTED32,0.026230381801724434
123,5,8,0.026768498122692108,ALL_HANDCRAFTED32,0.02209523878991604
123,5,9,0.024247856810688972,ALL_HANDCRAFTED32,0.024568278342485428
123,5,10,0.02069038525223732,ALL_HANDCRAFTED32,0.008247870951890945
123,5,11,0.019043197855353355,ALL_HANDCRAFTED32,0.011966975405812263
123,5,12,0.017608609050512314,ALL_HANDCRAFTED32,0.02256843075156212
123,5,13,0.015523205511271954,ALL_HANDCRAFTED32,0.031646132469177246
123,5,14,0.014472197741270065,ALL_HANDCRAFTED32,0.02282636985182762
123,5,15,0.012942400760948658,ALL_HANDCRAFTED32,0.019908133894205093
123,5,16,0.01209205761551857,ALL_HANDCRAFTED32,0.07160037755966187
123,5,17,0.011657169088721275,ALL_HANDCRAFTED32,0.02570457011461258
123,5,18,0.011104585602879524,ALL_HANDCRAFTED32,0.06724634766578674
123,5,19,0.010969417169690132,ALL_HANDCRAFTED32,0.03609612211585045
123,5,20,0.010432504117488861,ALL_HANDCRAFTED32,0.020754942670464516
123,5,21,0.01018976978957653,ALL_HANDCRAFTED32,0.018387213349342346
123,5,22,0.009168627671897411,ALL_HANDCRAFTED32,0.015843689441680908
123,5,23,0.008978083729743958,ALL_HANDCRAFTED32,0.02149660512804985
123,5,24,0.008788017556071281,ALL_HANDCRAFTED32,0.02408621460199356
123,5,25,0.008159441873431206,ALL_HANDCRAFTED32,0.04146358370780945
123,5,26,0.007667786907404661,ALL_HANDCRAFTED32,0.019947100430727005
123,5,27,0.007463817019015551,ALL_HANDCRAFTED32,0.009764917194843292
123,5,28,0.007323344703763723,ALL_HANDCRAFTED32,0.024752279743552208
123,5,29,0.006835474167019129,ALL_HANDCRAFTED32,0.058564480394124985
123,5,30,0.006646424066275358,ALL_HANDCRAFTED32,0.0460686981678009
123,5,31,0.006551446858793497,ALL_HANDCRAFTED32,0.02215680666267872
123,5,32,0.006045523099601269,ALL_HANDCRAFTED32,0.01322467252612114
123,5,33,0.005696668289601803,ALL_HANDCRAFTED32,0.03345745429396629
123,5,34,0.005675543565303087,ALL_HANDCRAFTED32,0.012374607846140862
123,5,35,0.005497334059327841,ALL_HANDCRAFTED32,0.052566662430763245
123,5,36,0.005327792838215828,ALL_HANDCRAFTED32,0.026259450241923332
123,5,37,0.005186021793633699,ALL_HANDCRAFTED32,0.02405763417482376
123,5,38,0.005065149161964655,ALL_HANDCRAFTED32,0.0073159234598279
123,5,39,0.004901311360299587,ALL_HANDCRAFTED32,0.040271542966365814
123,5,40,0.004775621462613344,ALL_HANDCRAFTED32,0.05574621260166168
123,5,41,0.004648842383176088,ALL_HANDCRAFTED32,0.03134317696094513
123,5,42,0.004584430251270533,ALL_HANDCRAFTED32,0.011888721957802773
123,5,43,0.0045685055665671825,ALL_HANDCRAFTED32,0.07576832175254822
123,5,44,0.004348692484200001,ALL_HANDCRAFTED32,0.012325119227170944
123,5,45,0.004184061661362648,ALL_HANDCRAFTED32,0.016280092298984528
123,5,46,0.004090523812919855,ALL_HANDCRAFTED32,0.024256188422441483
123,5,47,0.004053925164043903,ALL_HANDCRAFTED32,0.04041057080030441
123,5,48,0.003922643139958382,ALL_HANDCRAFTED32,0.01711161620914936
123,5,49,0.003858891548588872,ALL_HANDCRAFTED32,0.01115431822836399
123,5,50,0.0037978445179760456,ALL_HANDCRAFTED32,0.011889396235346794
123,5,51,0.003749765921384096,ALL_HANDCRAFTED32,0.021652936935424805
123,5,52,0.0035627714823931456,ALL_HANDCRAFTED32,0.037670478224754333
123,5,53,0.003533870680257678,ALL_HANDCRAFTED32,0.013841986656188965
123,5,54,0.003441794775426388,ALL_HANDCRAFTED32,0.026055719703435898
123,5,55,0.003313082968816161,ALL_HANDCRAFTED32,0.05252237245440483
123,5,56,0.0032219768036156893,ALL_HANDCRAFTED32,0.0196533240377903
123,5,57,0.0031623877584934235,ALL_HANDCRAFTED32,0.009784193709492683
123,5,58,0.0031117754988372326,ALL_HANDCRAFTED32,0.039193980395793915
123,5,59,0.0030562100000679493,ALL_HANDCRAFTED32,0.012574126943945885
123,5,60,0.003031603991985321,ALL_HANDCRAFTED32,0.033959515392780304
123,5,61,0.0029832154978066683,ALL_HANDCRAFTED32,0.035808973014354706
123,5,62,0.002866670722141862,ALL_HANDCRAFTED32,0.03316587209701538
123,5,63,0.002820411929860711,ALL_HANDCRAFTED32,0.02514054998755455
123,5,64,0.002773141721263528,ALL_HANDCRAFTED32,0.010133679024875164
123,5,65,0.0026879587676376104,ALL_HANDCRAFTED32,0.035248853266239166
123,5,66,0.002649668836966157,ALL_HANDCRAFTED32,0.03216920793056488
123,5,67,0.00258191442117095,ALL_HANDCRAFTED32,0.01913517341017723
123,5,68,0.002533418359234929,ALL_HANDCRAFTED32,0.010321998968720436
123,5,69,0.0025057182647287846,ALL_HANDCRAFTED32,0.029358627274632454
123,5,70,0.0024843509308993816,ALL_HANDCRAFTED32,0.007927860133349895
123,5,71,0.0024308532010763884,ALL_HANDCRAFTED32,0.02235986478626728
123,5,72,0.0023884454276412725,ALL_HANDCRAFTED32,0.022642288357019424
123,5,73,0.002331314841285348,ALL_HANDCRAFTED32,0.08377833664417267
123,5,74,0.0022787475027143955,ALL_HANDCRAFTED32,0.00908796675503254
123,5,75,0.002256539883092046,ALL_HANDCRAFTED32,0.03780675679445267
123,5,76,0.00220314203761518,ALL_HANDCRAFTED32,0.025073066353797913
123,5,77,0.0021735785994678736,ALL_HANDCRAFTED32,0.0178423710167408
123,5,78,0.0021232175640761852,ALL_HANDCRAFTED32,0.017039824277162552
123,5,79,0.0020849513821303844,ALL_HANDCRAFTED32,0.012167343869805336
123,5,80,0.002057923236861825,ALL_HANDCRAFTED32,0.01394345797598362
123,5,81,0.002018406055867672,ALL_HANDCRAFTED32,0.01901100017130375
123,5,82,0.001980382949113846,ALL_HANDCRAFTED32,0.02900085039436817
123,5,83,0.0019489106489345431,ALL_HANDCRAFTED32,0.03455251455307007
123,5,84,0.0019086048705503345,ALL_HANDCRAFTED32,0.04063288867473602
123,5,85,0.0018905405886471272,ALL_HANDCRAFTED32,0.020641058683395386
123,5,86,0.001886175130493939,ALL_HANDCRAFTED32,0.010536594316363335
123,5,87,0.001855621114373207,ALL_HANDCRAFTED32,0.008713827468454838
123,5,88,0.0017891231691464782,ALL_HANDCRAFTED32,0.022595398128032684
123,5,89,0.0017357723554596305,ALL_HANDCRAFTED32,0.016294442117214203
123,5,90,0.0017148221377283335,ALL_HANDCRAFTED32,0.014672290533781052
123,5,91,0.001679707900620997,ALL_HANDCRAFTED32,0.015774570405483246
123,5,92,0.001673217280767858,ALL_HANDCRAFTED32,0.014151079580187798
123,5,93,0.001667887787334621,ALL_HANDCRAFTED32,0.017533771693706512
123,5,94,0.0016550928121432662,ALL_HANDCRAFTED32,0.031372956931591034
123,5,95,0.0015740954549983144,ALL_HANDCRAFTED32,0.020104920491576195
123,5,96,0.0015448774211108685,ALL_HANDCRAFTED32,0.023426692932844162
123,5,97,0.0015268721617758274,ALL_HANDCRAFTED32,0.014034479856491089
123,5,98,0.0015060497680678964,ALL_HANDCRAFTED32,0.019350670278072357
123,5,99,0.00148223084397614,ALL_HANDCRAFTED32,0.02666489966213703
123,5,100,0.001450504525564611,ALL_HANDCRAFTED32,0.018568601459264755
123,5,101,0.0014420530060306191,ALL_HANDCRAFTED32,0.022663816809654236
123,5,102,0.00142458057962358,ALL_HANDCRAFTED32,0.016850421205163002
123,5,103,0.0014111131895333529,ALL_HANDCRAFTED32,0.020174875855445862
123,5,104,0.0013877023011446,ALL_HANDCRAFTED32,0.013096238486468792
123,5,105,0.0013472411083057523,ALL_HANDCRAFTED32,0.014119122177362442
123,5,106,0.001329275080934167,ALL_HANDCRAFTED32,0.016844792291522026
123,5,107,0.001317917020060122,ALL_HANDCRAFTED32,0.01588396728038788
123,5,108,0.0012739700032398105,ALL_HANDCRAFTED32,0.023087218403816223
123,5,109,0.0012671747244894505,ALL_HANDCRAFTED32,0.012888070195913315
123,5,110,0.0012508518993854523,ALL_HANDCRAFTED32,0.01533843670040369
123,5,111,0.0012275577755644917,ALL_HANDCRAFTED32,0.06279969960451126
123,5,112,0.0012160510523244739,ALL_HANDCRAFTED32,0.01886713318526745
123,5,113,0.001197571400552988,ALL_HANDCRAFTED32,0.014112791046500206
123,5,114,0.001183713786303997,ALL_HANDCRAFTED32,0.022217223420739174
123,5,115,0.001154434634372592,ALL_HANDCRAFTED32,0.032865993678569794
123,5,116,0.0011403132230043411,ALL_HANDCRAFTED32,0.02359764277935028
123,5,117,0.0011348705738782883,ALL_HANDCRAFTED32,0.014045977964997292
123,5,118,0.0011102991411462426,ALL_HANDCRAFTED32,0.019996725022792816
123,5,119,0.0010831793770194054,ALL_HANDCRAFTED32,0.029789043590426445
123,5,120,0.0010806360514834523,ALL_HANDCRAFTED32,0.022415632382035255
123,5,121,0.0010541341034695506,ALL_HANDCRAFTED32,0.018433600664138794
123,5,122,0.0010341841261833906,ALL_HANDCRAFTED32,0.02063077688217163
123,5,123,0.0010278825648128986,ALL_HANDCRAFTED32,0.026013638824224472
123,5,124,0.0010153562761843204,ALL_HANDCRAFTED32,0.034921981394290924
123,5,125,0.0010037951869890094,ALL_HANDCRAFTED32,0.031736135482788086
123,5,126,0.0009886199841275811,ALL_HANDCRAFTED32,0.021861664950847626
123,5,127,0.0009508012444712222,ALL_HANDCRAFTED32,0.02479190193116665
123,5,128,0.0009436674881726503,ALL_HANDCRAFTED32,0.01963467337191105
123,5,1,0.11765461415052414,VIT768,0.8683611154556274
123,5,2,0.06435728818178177,VIT768,0.9694210290908813
123,5,3,0.056651100516319275,VIT768,0.947674036026001
123,5,4,0.05090060085058212,VIT768,0.99290531873703
123,5,5,0.035499926656484604,VIT768,0.980749249458313
123,5,6,0.03254332020878792,VIT768,0.9394224882125854
123,5,7,0.031673841178417206,VIT768,0.9737704992294312
123,5,8,0.026768498122692108,VIT768,0.9779050350189209
123,5,9,0.024247856810688972,VIT768,0.9754319787025452
123,5,10,0.02069038525223732,VIT768,0.9917519092559814
123,5,11,0.019043197855353355,VIT768,0.9880330562591553
123,5,12,0.017608609050512314,VIT768,0.9774314165115356
123,5,13,0.015523205511271954,VIT768,0.9683538675308228
123,5,14,0.014472197741270065,VIT768,0.9771738052368164
123,5,15,0.012942400760948658,VIT768,0.9800919890403748
123,5,16,0.01209205761551857,VIT768,0.928399384021759
123,5,17,0.011657169088721275,VIT768,0.9742956161499023
123,5,18,0.011104585602879524,VIT768,0.932753324508667
123,5,19,0.010969417169690132,VIT768,0.9639037847518921
123,5,20,0.010432504117488861,VIT768,0.9792448878288269
123,5,21,0.01018976978957653,VIT768,0.9816126823425293
123,5,22,0.009168627671897411,VIT768,0.9841558933258057
123,5,23,0.008978083729743958,VIT768,0.978503942489624
123,5,24,0.008788017556071281,VIT768,0.9759138822555542
123,5,25,0.008159441873431206,VIT768,0.9585364460945129
123,5,26,0.007667786907404661,VIT768,0.980053186416626
123,5,27,0.007463817019015551,VIT768,0.9902359247207642
123,5,28,0.007323344703763723,VIT768,0.9752479791641235
123,5,29,0.006835474167019129,VIT768,0.9414353966712952
123,5,30,0.006646424066275358,VIT768,0.9539313316345215
123,5,31,0.006551446858793497,VIT768,0.9778432846069336
123,5,32,0.006045523099601269,VIT768,0.9867750406265259
123,5,33,0.005696668289601803,VIT768,0.9665432572364807
123,5,34,0.005675543565303087,VIT768,0.9876253604888916
123,5,35,0.005497334059327841,VIT768,0.947433352470398
123,5,36,0.005327792838215828,VIT768,0.9737407565116882
123,5,37,0.005186021793633699,VIT768,0.9759426116943359
123,5,38,0.005065149161964655,VIT768,0.9926844835281372
123,5,39,0.004901311360299587,VIT768,0.9597285389900208
123,5,40,0.004775621462613344,VIT768,0.9442538022994995
123,5,41,0.004648842383176088,VIT768,0.9686570763587952
123,5,42,0.004584430251270533,VIT768,0.9881115555763245
123,5,43,0.0045685055665671825,VIT768,0.924231767654419
123,5,44,0.004348692484200001,VIT768,0.9876747131347656
123,5,45,0.004184061661362648,VIT768,0.9837197065353394
123,5,46,0.004090523812919855,VIT768,0.9757437109947205
123,5,47,0.004053925164043903,VIT768,0.9595896601676941
123,5,48,0.003922643139958382,VIT768,0.9828883409500122
123,5,49,0.003858891548588872,VIT768,0.9888457655906677
123,5,50,0.0037978445179760456,VIT768,0.9881108403205872
123,5,51,0.003749765921384096,VIT768,0.978347659111023
123,5,52,0.0035627714823931456,VIT768,0.9623298048973083
123,5,53,0.003533870680257678,VIT768,0.9861577749252319
123,5,54,0.003441794775426388,VIT768,0.9739441275596619
123,5,55,0.003313082968816161,VIT768,0.9474774599075317
123,5,56,0.0032219768036156893,VIT768,0.9803465604782104
123,5,57,0.0031623877584934235,VIT768,0.9902161955833435
123,5,58,0.0031117754988372326,VIT768,0.9608060121536255
123,5,59,0.0030562100000679493,VIT768,0.9874258637428284
123,5,60,0.003031603991985321,VIT768,0.9660400152206421
123,5,61,0.0029832154978066683,VIT768,0.9641913175582886
123,5,62,0.002866670722141862,VIT768,0.9668342471122742
123,5,63,0.002820411929860711,VIT768,0.9748594760894775
123,5,64,0.002773141721263528,VIT768,0.9898664355278015
123,5,65,0.0026879587676376104,VIT768,0.9647510051727295
123,5,66,0.002649668836966157,VIT768,0.967831015586853
123,5,67,0.00258191442117095,VIT768,0.9808650016784668
123,5,68,0.002533418359234929,VIT768,0.9896780252456665
123,5,69,0.0025057182647287846,VIT768,0.9706412553787231
123,5,70,0.0024843509308993816,VIT768,0.992071807384491
123,5,71,0.0024308532010763884,VIT768,0.9776402711868286
123,5,72,0.0023884454276412725,VIT768,0.9773579835891724
123,5,73,0.002331314841285348,VIT768,0.9162216782569885
123,5,74,0.0022787475027143955,VIT768,0.9909125566482544
123,5,75,0.002256539883092046,VIT768,0.962193489074707
123,5,76,0.00220314203761518,VIT768,0.974927544593811
123,5,77,0.0021735785994678736,VIT768,0.9821577668190002
123,5,78,0.0021232175640761852,VIT768,0.98296058177948
123,5,79,0.0020849513821303844,VIT768,0.9878334403038025
123,5,80,0.002057923236861825,VIT768,0.9860566258430481
123,5,81,0.002018406055867672,VIT768,0.9809897541999817
123,5,82,0.001980382949113846,VIT768,0.9709994792938232
123,5,83,0.0019489106489345431,VIT768,0.9654484987258911
123,5,84,0.0019086048705503345,VIT768,0.9593677520751953
123,5,85,0.0018905405886471272,VIT768,0.9793592691421509
123,5,86,0.001886175130493939,VIT768,0.9894635677337646
123,5,87,0.001855621114373207,VIT768,0.9912868738174438
123,5,88,0.0017891231691464782,VIT768,0.9774053692817688
123,5,89,0.0017357723554596305,VIT768,0.9837061166763306
123,5,90,0.0017148221377283335,VIT768,0.9853277802467346
123,5,91,0.001679707900620997,VIT768,0.9842257499694824
123,5,92,0.001673217280767858,VIT768,0.9858493804931641
123,5,93,0.001667887787334621,VIT768,0.9824663400650024
123,5,94,0.0016550928121432662,VIT768,0.9686272144317627
123,5,95,0.0015740954549983144,VIT768,0.9798949360847473
123,5,96,0.0015448774211108685,VIT768,0.9765734672546387
123,5,97,0.0015268721617758274,VIT768,0.9859656095504761
123,5,98,0.0015060497680678964,VIT768,0.980649471282959
123,5,99,0.00148223084397614,VIT768,0.9733351469039917
123,5,100,0.001450504525564611,VIT768,0.9814316630363464
123,5,101,0.0014420530060306191,VIT768,0.9773364663124084
123,5,102,0.00142458057962358,VIT768,0.983149528503418
123,5,103,0.0014111131895333529,VIT768,0.9798253774642944
123,5,104,0.0013877023011446,VIT768,0.9869042634963989
123,5,105,0.0013472411083057523,VIT768,0.9858810305595398
123,5,106,0.001329275080934167,VIT768,0.9831557273864746
123,5,107,0.001317917020060122,VIT768,0.9841160774230957
123,5,108,0.0012739700032398105,VIT768,0.9769129157066345
123,5,109,0.0012671747244894505,VIT768,0.9871116876602173
123,5,110,0.0012508518993854523,VIT768,0.9846614599227905
123,5,111,0.0012275577755644917,VIT768,0.9372005462646484
123,5,112,0.0012160510523244739,VIT768,0.9811327457427979
123,5,113,0.001197571400552988,VIT768,0.9858874082565308
123,5,114,0.001183713786303997,VIT768,0.9777829647064209
123,5,115,0.001154434634372592,VIT768,0.9671341180801392
123,5,116,0.0011403132230043411,VIT768,0.976402223110199
123,5,117,0.0011348705738782883,VIT768,0.9859545230865479
123,5,118,0.0011102991411462426,VIT768,0.980003297328949
123,5,119,0.0010831793770194054,VIT768,0.9702109098434448
123,5,120,0.0010806360514834523,VIT768,0.9775844216346741
123,5,121,0.0010541341034695506,VIT768,0.9815665483474731
123,5,122,0.0010341841261833906,VIT768,0.9793698191642761
123,5,123,0.0010278825648128986,VIT768,0.9739863872528076
123,5,124,0.0010153562761843204,VIT768,0.9650780558586121
123,5,125,0.0010037951869890094,VIT768,0.968264102935791
123,5,126,0.0009886199841275811,VIT768,0.9781386852264404
123,5,127,0.0009508012444712222,VIT768,0.9752081036567688
123,5,128,0.0009436674881726503,VIT768,0.9803657531738281
2026,1,1,0.11883231997489929,COLOR9,0.016945278272032738
2026,1,2,0.06294600665569305,COLOR9,0.0016650045290589333
2026,1,3,0.057650335133075714,COLOR9,0.01933484524488449
2026,1,4,0.0557558611035347,COLOR9,0.008545709773898125
2026,1,5,0.03892511501908302,COLOR9,0.0080249710008502
2026,1,6,0.03449081629514694,COLOR9,0.014369290322065353
2026,1,7,0.030437957495450974,COLOR9,0.020773258060216904
2026,1,8,0.02633185125887394,COLOR9,0.013184957206249237
2026,1,9,0.02215118519961834,COLOR9,0.004373662173748016
2026,1,10,0.020542506128549576,COLOR9,0.005890912842005491
2026,1,11,0.017844123765826225,COLOR9,0.006761697120964527
2026,1,12,0.017632106319069862,COLOR9,0.006993411108851433
2026,1,13,0.015922270715236664,COLOR9,0.0059402380138635635
2026,1,14,0.014763927087187767,COLOR9,0.009149309247732162
2026,1,15,0.013274717144668102,COLOR9,0.008770596235990524
2026,1,16,0.012558129616081715,COLOR9,0.010093992576003075
2026,1,17,0.011511275544762611,COLOR9,0.02420298010110855
2026,1,18,0.011078673414885998,COLOR9,0.024234795942902565
2026,1,19,0.010750754736363888,COLOR9,0.009175681509077549
2026,1,20,0.010061184875667095,COLOR9,0.0014388574054464698
2026,1,21,0.00985528714954853,COLOR9,0.0045737917535007
2026,1,22,0.00922032818198204,COLOR9,0.008053555153310299
2026,1,23,0.008791979402303696,COLOR9,0.0065957484766840935
2026,1,24,0.008495830930769444,COLOR9,0.01617102511227131
2026,1,25,0.00829407013952732,COLOR9,0.017096970230340958
2026,1,26,0.007652555592358112,COLOR9,0.009943422861397266
2026,1,27,0.0070336321368813515,COLOR9,0.00892861932516098
2026,1,28,0.006900711450725794,COLOR9,0.008274384774267673
2026,1,29,0.006474027875810862,COLOR9,0.009990429505705833
2026,1,30,0.006408352870494127,COLOR9,0.009022081270813942
2026,1,31,0.006012907717376947,COLOR9,0.01366874948143959
2026,1,32,0.00599655183032155,COLOR9,0.006295529659837484
2026,1,33,0.005931217689067125,COLOR9,0.006557400804013014
2026,1,34,0.005857392679899931,COLOR9,0.005349345970898867
2026,1,35,0.005556796677410603,COLOR9,0.017827531322836876
2026,1,36,0.005280630197376013,COLOR9,0.003953269682824612
2026,1,37,0.005132382269948721,COLOR9,0.00713309645652771
2026,1,38,0.004992641508579254,COLOR9,0.019914411008358
2026,1,39,0.004803407937288284,COLOR9,0.00799922738224268
2026,1,40,0.0046752821654081345,COLOR9,0.0012181466445326805
2026,1,41,0.004570420365780592,COLOR9,0.0069495392963290215
2026,1,42,0.004475264344364405,COLOR9,0.017740987241268158
2026,1,43,0.004458074923604727,COLOR9,0.005640939809381962
2026,1,44,0.004338296130299568,COLOR9,0.010989508591592312
2026,1,45,0.004222133196890354,COLOR9,0.01329947728663683
2026,1,46,0.004118111450225115,COLOR9,0.012742947787046432
2026,1,47,0.003904641605913639,COLOR9,0.020948084071278572
2026,1,48,0.003878768300637603,COLOR9,0.017014412209391594
2026,1,49,0.0038190020713955164,COLOR9,0.006012583617120981
2026,1,50,0.003671540878713131,COLOR9,0.016083188354969025
2026,1,51,0.0036384440027177334,COLOR9,0.008070100098848343
2026,1,52,0.003490261733531952,COLOR9,0.015119696035981178
2026,1,53,0.003431529039517045,COLOR9,0.009126023389399052
2026,1,54,0.003345845965668559,COLOR9,0.016312574967741966
2026,1,55,0.003287453902885318,COLOR9,0.005846493877470493
2026,1,56,0.0032009717542678118,COLOR9,0.013385077007114887
2026,1,57,0.003158746985718608,COLOR9,0.009352496825158596
2026,1,58,0.0031407815404236317,COLOR9,0.0019202383700758219
2026,1,59,0.0031087049283087254,COLOR9,0.014329073019325733
2026,1,60,0.003042791737243533,COLOR9,0.01005578227341175
2026,1,61,0.0030154434498399496,COLOR9,0.02059170976281166
2026,1,62,0.002853387501090765,COLOR9,0.006309207063168287
2026,1,63,0.0028235039208084345,COLOR9,0.030849752947688103
2026,1,64,0.002769313519820571,COLOR9,0.008022919297218323
2026,1,65,0.0027041672728955746,COLOR9,0.0010182708501815796
2026,1,66,0.0026541061233729124,COLOR9,0.016703147441148758
2026,1,67,0.0026157249230891466,COLOR9,0.01539077889174223
2026,1,68,0.0025438135489821434,COLOR9,0.014965573325753212
2026,1,69,0.002430104883387685,COLOR9,0.005309480708092451
2026,1,70,0.0023977167438715696,COLOR9,0.009146274998784065
2026,1,71,0.0023689919617027044,COLOR9,0.012453137896955013
2026,1,72,0.0023611700162291527,COLOR9,0.005658420734107494
2026,1,73,0.002279782434925437,COLOR9,0.008663627319037914
2026,1,74,0.002226383425295353,COLOR9,0.007193907164037228
2026,1,75,0.002207142300903797,COLOR9,0.011750686913728714
2026,1,76,0.002152794972062111,COLOR9,0.010047340765595436
2026,1,77,0.0020855560433119535,COLOR9,0.009162811562418938
2026,1,78,0.0020754034630954266,COLOR9,0.02513878047466278
2026,1,79,0.002021424239501357,COLOR9,0.00441817007958889
2026,1,80,0.0020027970895171165,COLOR9,0.006165513768792152
2026,1,81,0.001993421697989106,COLOR9,0.0113237788900733
2026,1,82,0.0019461361225694418,COLOR9,0.0050520324148237705
2026,1,83,0.0019065552623942494,COLOR9,0.004558773711323738
2026,1,84,0.0018995360005646944,COLOR9,0.008816719986498356
2026,1,85,0.0018388928147032857,COLOR9,0.01625935174524784
2026,1,86,0.0017819319618865848,COLOR9,0.0057161119766533375
2026,1,87,0.0017497810767963529,COLOR9,0.005310983397066593
2026,1,88,0.0017151637002825737,COLOR9,0.0019145936239510775
2026,1,89,0.0016899900510907173,COLOR9,0.007359107490628958
2026,1,90,0.001675955019891262,COLOR9,0.013514922931790352
2026,1,91,0.001648130128160119,COLOR9,0.023775283247232437
2026,1,92,0.001630795537494123,COLOR9,0.015151478350162506
2026,1,93,0.0016038963804021478,COLOR9,0.003000123193487525
2026,1,94,0.0015976338181644678,COLOR9,0.025358382612466812
2026,1,95,0.0015892046503722668,COLOR9,0.0036765800323337317
2026,1,96,0.0015571449184790254,COLOR9,0.001581948483362794
2026,1,97,0.001521049882285297,COLOR9,0.009844226762652397
2026,1,98,0.0015032575465738773,COLOR9,0.009199569933116436
2026,1,99,0.0014827625127509236,COLOR9,0.02001453936100006
2026,1,100,0.0014662371249869466,COLOR9,0.005216741934418678
2026,1,101,0.0014308362733572721,COLOR9,0.01467903796583414
2026,1,102,0.0014183355960994959,COLOR9,0.020297545939683914
2026,1,103,0.0013911427231505513,COLOR9,0.016487199813127518
2026,1,104,0.001348169520497322,COLOR9,0.008316302672028542
2026,1,105,0.00134555425029248,COLOR9,0.01834515482187271
2026,1,106,0.0013116515474393964,COLOR9,0.023351766169071198
2026,1,107,0.0012864444870501757,COLOR9,0.016789913177490234
2026,1,108,0.001271344837732613,COLOR9,0.010011836886405945
2026,1,109,0.0012451598886400461,COLOR9,0.012228144332766533
2026,1,110,0.0012431212235242128,COLOR9,0.009833830408751965
2026,1,111,0.001212715869769454,COLOR9,0.00886158924549818
2026,1,112,0.0012029571225866675,COLOR9,0.002857097191736102
2026,1,113,0.0011869233567267656,COLOR9,0.005293207708746195
2026,1,114,0.0011629852233454585,COLOR9,0.011443393304944038
2026,1,115,0.001118095824494958,COLOR9,0.0021617955062538385
2026,1,116,0.0011076732771471143,COLOR9,0.002820816123858094
2026,1,117,0.0010836651781573892,COLOR9,0.009292087517678738
2026,1,118,0.0010729235364124179,COLOR9,0.007826117798686028
2026,1,119,0.0010654700454324484,COLOR9,0.008349510841071606
2026,1,120,0.0010451478883624077,COLOR9,0.013317573815584183
2026,1,121,0.001033857697620988,COLOR9,0.01960836909711361
2026,1,122,0.0010143150575459003,COLOR9,0.006726128980517387
2026,1,123,0.0010027576936408877,COLOR9,0.019206156954169273
2026,1,124,0.0009963492630049586,COLOR9,0.004975738003849983
2026,1,125,0.0009643529774621129,COLOR9,0.014497040770947933
2026,1,126,0.0009565508225932717,COLOR9,0.0292388703674078
2026,1,127,0.0009460828150622547,COLOR9,0.006377085577696562
2026,1,128,0.0009059403673745692,COLOR9,0.009721223264932632
2026,1,1,0.11883231997489929,LBP18,0.10272769629955292
2026,1,2,0.06294600665569305,LBP18,0.0014226525090634823
2026,1,3,0.057650335133075714,LBP18,0.0066867186687886715
2026,1,4,0.0557558611035347,LBP18,0.010808529332280159
2026,1,5,0.03892511501908302,LBP18,0.0003531342663336545
2026,1,6,0.03449081629514694,LBP18,0.02993483655154705
2026,1,7,0.030437957495450974,LBP18,0.014617543667554855
2026,1,8,0.02633185125887394,LBP18,0.0030658708419650793
2026,1,9,0.02215118519961834,LBP18,0.015437384136021137
2026,1,10,0.020542506128549576,LBP18,0.002319049322977662
2026,1,11,0.017844123765826225,LBP18,0.016419295221567154
2026,1,12,0.017632106319069862,LBP18,0.021871332079172134
2026,1,13,0.015922270715236664,LBP18,0.0018995162099599838
2026,1,14,0.014763927087187767,LBP18,0.010038740001618862
2026,1,15,0.013274717144668102,LBP18,0.06073565408587456
2026,1,16,0.012558129616081715,LBP18,0.00829972606152296
2026,1,17,0.011511275544762611,LBP18,0.01605396904051304
2026,1,18,0.011078673414885998,LBP18,0.06140592694282532
2026,1,19,0.010750754736363888,LBP18,0.017779992893338203
2026,1,20,0.010061184875667095,LBP18,0.013538162223994732
2026,1,21,0.00985528714954853,LBP18,0.00503401318565011
2026,1,22,0.00922032818198204,LBP18,0.009919753298163414
2026,1,23,0.008791979402303696,LBP18,0.033149354159832
2026,1,24,0.008495830930769444,LBP18,0.022794336080551147
2026,1,25,0.00829407013952732,LBP18,0.01762395165860653
2026,1,26,0.007652555592358112,LBP18,0.0036149572115391493
2026,1,27,0.0070336321368813515,LBP18,0.0030696254689246416
2026,1,28,0.006900711450725794,LBP18,0.011262668296694756
2026,1,29,0.006474027875810862,LBP18,0.005996733903884888
2026,1,30,0.006408352870494127,LBP18,0.07059290260076523
2026,1,31,0.006012907717376947,LBP18,0.018462929874658585
2026,1,32,0.00599655183032155,LBP18,0.016182035207748413
2026,1,33,0.005931217689067125,LBP18,0.0010961825028061867
2026,1,34,0.005857392679899931,LBP18,0.0016862755874171853
2026,1,35,0.005556796677410603,LBP18,0.041425708681344986
2026,1,36,0.005280630197376013,LBP18,0.020495936274528503
2026,1,37,0.005132382269948721,LBP18,0.024728242307901382
2026,1,38,0.004992641508579254,LBP18,0.003380164736881852
2026,1,39,0.004803407937288284,LBP18,0.0007091597653925419
2026,1,40,0.0046752821654081345,LBP18,0.031070446595549583
2026,1,41,0.004570420365780592,LBP18,0.012715739198029041
2026,1,42,0.004475264344364405,LBP18,0.012201061472296715
2026,1,43,0.004458074923604727,LBP18,0.010764996521174908
2026,1,44,0.004338296130299568,LBP18,0.02183857373893261
2026,1,45,0.004222133196890354,LBP18,0.006944422144442797
2026,1,46,0.004118111450225115,LBP18,0.0035620660055428743
2026,1,47,0.003904641605913639,LBP18,0.006828200537711382
2026,1,48,0.003878768300637603,LBP18,0.004982979502528906
2026,1,49,0.0038190020713955164,LBP18,0.030781414359807968
2026,1,50,0.003671540878713131,LBP18,0.003958595916628838
2026,1,51,0.0036384440027177334,LBP18,0.002102283760905266
2026,1,52,0.003490261733531952,LBP18,0.01935426890850067
2026,1,53,0.003431529039517045,LBP18,0.004557053092867136
2026,1,54,0.003345845965668559,LBP18,0.00314412172883749
2026,1,55,0.003287453902885318,LBP18,0.01666264422237873
2026,1,56,0.0032009717542678118,LBP18,0.0031073710415512323
2026,1,57,0.003158746985718608,LBP18,0.009637132287025452
2026,1,58,0.0031407815404236317,LBP18,0.001713964156806469
2026,1,59,0.0031087049283087254,LBP18,0.005338865332305431
2026,1,60,0.003042791737243533,LBP18,0.0018849608022719622
2026,1,61,0.0030154434498399496,LBP18,0.01222261693328619
2026,1,62,0.002853387501090765,LBP18,0.002844878938049078
2026,1,63,0.0028235039208084345,LBP18,0.0021439704578369856
2026,1,64,0.002769313519820571,LBP18,0.007414661813527346
2026,1,65,0.0027041672728955746,LBP18,0.002939836820587516
2026,1,66,0.0026541061233729124,LBP18,0.009304560720920563
2026,1,67,0.0026157249230891466,LBP18,0.003615595167502761
2026,1,68,0.0025438135489821434,LBP18,0.009609480388462543
2026,1,69,0.002430104883387685,LBP18,0.005330593325197697
2026,1,70,0.0023977167438715696,LBP18,0.014138291589915752
2026,1,71,0.0023689919617027044,LBP18,0.003859461285173893
2026,1,72,0.0023611700162291527,LBP18,0.01151136215776205
2026,1,73,0.002279782434925437,LBP18,0.002542152302339673
2026,1,74,0.002226383425295353,LBP18,0.011243660002946854
2026,1,75,0.002207142300903797,LBP18,0.003060877788811922
2026,1,76,0.002152794972062111,LBP18,0.003564653219655156
2026,1,77,0.0020855560433119535,LBP18,0.004528934136033058
2026,1,78,0.0020754034630954266,LBP18,0.025532787665724754
2026,1,79,0.002021424239501357,LBP18,0.0019183148397132754
2026,1,80,0.0020027970895171165,LBP18,0.0014614722458645701
2026,1,81,0.001993421697989106,LBP18,0.003141911467537284
2026,1,82,0.0019461361225694418,LBP18,0.012377051636576653
2026,1,83,0.0019065552623942494,LBP18,0.0028918907046318054
2026,1,84,0.0018995360005646944,LBP18,0.0015545036876574159
2026,1,85,0.0018388928147032857,LBP18,0.004829219542443752
2026,1,86,0.0017819319618865848,LBP18,0.0030752422753721476
2026,1,87,0.0017497810767963529,LBP18,0.002701624296605587
2026,1,88,0.0017151637002825737,LBP18,0.005493095610290766
2026,1,89,0.0016899900510907173,LBP18,0.004727542866021395
2026,1,90,0.001675955019891262,LBP18,0.01782066561281681
2026,1,91,0.001648130128160119,LBP18,0.0013602004619315267
2026,1,92,0.001630795537494123,LBP18,0.00200414820574224
2026,1,93,0.0016038963804021478,LBP18,0.01004665158689022
2026,1,94,0.0015976338181644678,LBP18,0.008580178953707218
2026,1,95,0.0015892046503722668,LBP18,0.022308189421892166
2026,1,96,0.0015571449184790254,LBP18,0.008054186590015888
2026,1,97,0.001521049882285297,LBP18,0.014703014865517616
2026,1,98,0.0015032575465738773,LBP18,0.01165102981030941
2026,1,99,0.0014827625127509236,LBP18,0.0017941519618034363
2026,1,100,0.0014662371249869466,LBP18,0.015864606946706772
2026,1,101,0.0014308362733572721,LBP18,0.006035785190761089
2026,1,102,0.0014183355960994959,LBP18,0.0101842125877738
2026,1,103,0.0013911427231505513,LBP18,0.018753042444586754
2026,1,104,0.001348169520497322,LBP18,0.004316071979701519
2026,1,105,0.00134555425029248,LBP18,0.008347365073859692
2026,1,106,0.0013116515474393964,LBP18,0.009735009633004665
2026,1,107,0.0012864444870501757,LBP18,0.0020413619931787252
2026,1,108,0.001271344837732613,LBP18,0.0031339742708951235
2026,1,109,0.0012451598886400461,LBP18,0.011141504161059856
2026,1,110,0.0012431212235242128,LBP18,0.009103349409997463
2026,1,111,0.001212715869769454,LBP18,0.0038324538618326187
2026,1,112,0.0012029571225866675,LBP18,0.010165075771510601
2026,1,113,0.0011869233567267656,LBP18,0.004220230039209127
2026,1,114,0.0011629852233454585,LBP18,0.0052062408067286015
2026,1,115,0.001118095824494958,LBP18,0.004056107252836227
2026,1,116,0.0011076732771471143,LBP18,0.001923516159877181
2026,1,117,0.0010836651781573892,LBP18,0.004993299022316933
2026,1,118,0.0010729235364124179,LBP18,0.001645080978050828
2026,1,119,0.0010654700454324484,LBP18,0.008360535837709904
2026,1,120,0.0010451478883624077,LBP18,0.0029132182244211435
2026,1,121,0.001033857697620988,LBP18,0.00997871719300747
2026,1,122,0.0010143150575459003,LBP18,0.005344829987734556
2026,1,123,0.0010027576936408877,LBP18,0.018141310662031174
2026,1,124,0.0009963492630049586,LBP18,0.007483113091439009
2026,1,125,0.0009643529774621129,LBP18,0.002479415386915207
2026,1,126,0.0009565508225932717,LBP18,0.0037436254788190126
2026,1,127,0.0009460828150622547,LBP18,0.007221773732453585
2026,1,128,0.0009059403673745692,LBP18,0.005601846147328615
2026,1,1,0.11883231997489929,HARALICK5,0.007220884319394827
2026,1,2,0.06294600665569305,HARALICK5,0.0025079832412302494
2026,1,3,0.057650335133075714,HARALICK5,0.020374812185764313
2026,1,4,0.0557558611035347,HARALICK5,0.011030546389520168
2026,1,5,0.03892511501908302,HARALICK5,0.0007579803350381553
2026,1,6,0.03449081629514694,HARALICK5,0.010525553487241268
2026,1,7,0.030437957495450974,HARALICK5,0.0009375396184623241
2026,1,8,0.02633185125887394,HARALICK5,0.0031319004483520985
2026,1,9,0.02215118519961834,HARALICK5,0.004332807846367359
2026,1,10,0.020542506128549576,HARALICK5,0.0021750121377408504
2026,1,11,0.017844123765826225,HARALICK5,0.005396717693656683
2026,1,12,0.017632106319069862,HARALICK5,0.0010450412519276142
2026,1,13,0.015922270715236664,HARALICK5,0.0069992151111364365
2026,1,14,0.014763927087187767,HARALICK5,0.0024008385371416807
2026,1,15,0.013274717144668102,HARALICK5,0.0018572822446003556
2026,1,16,0.012558129616081715,HARALICK5,0.0060967812314629555
2026,1,17,0.011511275544762611,HARALICK5,0.002419969066977501
2026,1,18,0.011078673414885998,HARALICK5,0.00816856324672699
2026,1,19,0.010750754736363888,HARALICK5,0.004876892082393169
2026,1,20,0.010061184875667095,HARALICK5,0.0017807820113375783
2026,1,21,0.00985528714954853,HARALICK5,0.005586736369878054
2026,1,22,0.00922032818198204,HARALICK5,0.0012181391939520836
2026,1,23,0.008791979402303696,HARALICK5,0.00787065178155899
2026,1,24,0.008495830930769444,HARALICK5,0.008990627713501453
2026,1,25,0.00829407013952732,HARALICK5,0.01484513096511364
2026,1,26,0.007652555592358112,HARALICK5,0.0022325683385133743
2026,1,27,0.0070336321368813515,HARALICK5,0.004124215338379145
2026,1,28,0.006900711450725794,HARALICK5,0.0011444856645539403
2026,1,29,0.006474027875810862,HARALICK5,0.009744548238813877
2026,1,30,0.006408352870494127,HARALICK5,0.022943146526813507
2026,1,31,0.006012907717376947,HARALICK5,0.012357393279671669
2026,1,32,0.00599655183032155,HARALICK5,0.0037741803098469973
2026,1,33,0.005931217689067125,HARALICK5,0.0026886616833508015
2026,1,34,0.005857392679899931,HARALICK5,0.0009692537132650614
2026,1,35,0.005556796677410603,HARALICK5,0.018049925565719604
2026,1,36,0.005280630197376013,HARALICK5,0.0007251976057887077
2026,1,37,0.005132382269948721,HARALICK5,0.0003670511650852859
2026,1,38,0.004992641508579254,HARALICK5,0.0028233276680111885
2026,1,39,0.004803407937288284,HARALICK5,0.001724006375297904
2026,1,40,0.0046752821654081345,HARALICK5,0.0034300521947443485
2026,1,41,0.004570420365780592,HARALICK5,0.00327586242929101
2026,1,42,0.004475264344364405,HARALICK5,0.012362394481897354
2026,1,43,0.004458074923604727,HARALICK5,0.0005854906048625708
2026,1,44,0.004338296130299568,HARALICK5,0.003267081221565604
2026,1,45,0.004222133196890354,HARALICK5,0.014204626902937889
2026,1,46,0.004118111450225115,HARALICK5,0.004154277499765158
2026,1,47,0.003904641605913639,HARALICK5,0.002731981221586466
2026,1,48,0.003878768300637603,HARALICK5,0.001005284721031785
2026,1,49,0.0038190020713955164,HARALICK5,0.00825019646435976
2026,1,50,0.003671540878713131,HARALICK5,0.0043152980506420135
2026,1,51,0.0036384440027177334,HARALICK5,0.0010383240878582
2026,1,52,0.003490261733531952,HARALICK5,0.006307005416601896
2026,1,53,0.003431529039517045,HARALICK5,0.0011238586157560349
2026,1,54,0.003345845965668559,HARALICK5,0.008114639669656754
2026,1,55,0.003287453902885318,HARALICK5,0.002423460129648447
2026,1,56,0.0032009717542678118,HARALICK5,0.007604505866765976
2026,1,57,0.003158746985718608,HARALICK5,0.0030971087981015444
2026,1,58,0.0031407815404236317,HARALICK5,0.0008623044705018401
2026,1,59,0.0031087049283087254,HARALICK5,0.009152180515229702
2026,1,60,0.003042791737243533,HARALICK5,0.0007979862275533378
2026,1,61,0.0030154434498399496,HARALICK5,0.010107450187206268
2026,1,62,0.002853387501090765,HARALICK5,0.007634210400283337
2026,1,63,0.0028235039208084345,HARALICK5,0.00143809849396348
2026,1,64,0.002769313519820571,HARALICK5,0.004455153364688158
2026,1,65,0.0027041672728955746,HARALICK5,0.0015124643687158823
2026,1,66,0.0026541061233729124,HARALICK5,0.01424233615398407
2026,1,67,0.0026157249230891466,HARALICK5,0.008805100806057453
2026,1,68,0.0025438135489821434,HARALICK5,0.0031897241715341806
2026,1,69,0.002430104883387685,HARALICK5,0.00796239823102951
2026,1,70,0.0023977167438715696,HARALICK5,0.0023092878982424736
2026,1,71,0.0023689919617027044,HARALICK5,0.0018203472718596458
2026,1,72,0.0023611700162291527,HARALICK5,0.008087210357189178
2026,1,73,0.002279782434925437,HARALICK5,0.003999713342636824
2026,1,74,0.002226383425295353,HARALICK5,0.0012352567864581943
2026,1,75,0.002207142300903797,HARALICK5,0.0045441994443535805
2026,1,76,0.002152794972062111,HARALICK5,0.00421907240524888
2026,1,77,0.0020855560433119535,HARALICK5,0.005178788676857948
2026,1,78,0.0020754034630954266,HARALICK5,0.018454307690262794
2026,1,79,0.002021424239501357,HARALICK5,0.005226664710789919
2026,1,80,0.0020027970895171165,HARALICK5,0.004047895781695843
2026,1,81,0.001993421697989106,HARALICK5,0.0016407192451879382
2026,1,82,0.0019461361225694418,HARALICK5,0.0014291541883721948
2026,1,83,0.0019065552623942494,HARALICK5,0.0033324300311505795
2026,1,84,0.0018995360005646944,HARALICK5,0.008147882297635078
2026,1,85,0.0018388928147032857,HARALICK5,0.01030771154910326
2026,1,86,0.0017819319618865848,HARALICK5,0.0008925966685637832
2026,1,87,0.0017497810767963529,HARALICK5,0.006180933676660061
2026,1,88,0.0017151637002825737,HARALICK5,0.004507160745561123
2026,1,89,0.0016899900510907173,HARALICK5,0.0026813833974301815
2026,1,90,0.001675955019891262,HARALICK5,0.0022432818077504635
2026,1,91,0.001648130128160119,HARALICK5,0.0008853728068061173
2026,1,92,0.001630795537494123,HARALICK5,0.0021225246600806713
2026,1,93,0.0016038963804021478,HARALICK5,0.0065009514801204205
2026,1,94,0.0015976338181644678,HARALICK5,0.008203156292438507
2026,1,95,0.0015892046503722668,HARALICK5,0.0026720354799181223
2026,1,96,0.0015571449184790254,HARALICK5,0.005431996658444405
2026,1,97,0.001521049882285297,HARALICK5,0.0031802302692085505
2026,1,98,0.0015032575465738773,HARALICK5,0.006558590568602085
2026,1,99,0.0014827625127509236,HARALICK5,0.0008474104688502848
2026,1,100,0.0014662371249869466,HARALICK5,0.010083703324198723
2026,1,101,0.0014308362733572721,HARALICK5,0.0037097344174981117
2026,1,102,0.0014183355960994959,HARALICK5,0.006293245125561953
2026,1,103,0.0013911427231505513,HARALICK5,0.003877973882481456
2026,1,104,0.001348169520497322,HARALICK5,0.021946391090750694
2026,1,105,0.00134555425029248,HARALICK5,0.005998552776873112
2026,1,106,0.0013116515474393964,HARALICK5,0.002105375751852989
2026,1,107,0.0012864444870501757,HARALICK5,0.006675490643829107
2026,1,108,0.001271344837732613,HARALICK5,0.011025670915842056
2026,1,109,0.0012451598886400461,HARALICK5,0.00884790625423193
2026,1,110,0.0012431212235242128,HARALICK5,0.004959115758538246
2026,1,111,0.001212715869769454,HARALICK5,0.01470568124204874
2026,1,112,0.0012029571225866675,HARALICK5,0.002790671307593584
2026,1,113,0.0011869233567267656,HARALICK5,0.0025662467814981937
2026,1,114,0.0011629852233454585,HARALICK5,0.0033482417929917574
2026,1,115,0.001118095824494958,HARALICK5,0.00716260215267539
2026,1,116,0.0011076732771471143,HARALICK5,0.002537652151659131
2026,1,117,0.0010836651781573892,HARALICK5,0.0021969350054860115
2026,1,118,0.0010729235364124179,HARALICK5,0.002018606523051858
2026,1,119,0.0010654700454324484,HARALICK5,0.005233926698565483
2026,1,120,0.0010451478883624077,HARALICK5,0.0021273468155413866
2026,1,121,0.001033857697620988,HARALICK5,0.0015945772174745798
2026,1,122,0.0010143150575459003,HARALICK5,0.008862444199621677
2026,1,123,0.0010027576936408877,HARALICK5,0.004884847439825535
2026,1,124,0.0009963492630049586,HARALICK5,0.0015603648498654366
2026,1,125,0.0009643529774621129,HARALICK5,0.0014727439265698195
2026,1,126,0.0009565508225932717,HARALICK5,0.003459308994933963
2026,1,127,0.0009460828150622547,HARALICK5,0.0016312896041199565
2026,1,128,0.0009059403673745692,HARALICK5,0.007988085970282555
2026,1,1,0.11883231997489929,ALL_HANDCRAFTED32,0.12689386308193207
2026,1,2,0.06294600665569305,ALL_HANDCRAFTED32,0.005595640745013952
2026,1,3,0.057650335133075714,ALL_HANDCRAFTED32,0.04639637470245361
2026,1,4,0.0557558611035347,ALL_HANDCRAFTED32,0.030384786427021027
2026,1,5,0.03892511501908302,ALL_HANDCRAFTED32,0.009136086329817772
2026,1,6,0.03449081629514694,ALL_HANDCRAFTED32,0.0548296794295311
2026,1,7,0.030437957495450974,ALL_HANDCRAFTED32,0.03632834181189537
2026,1,8,0.02633185125887394,ALL_HANDCRAFTED32,0.01938272826373577
2026,1,9,0.02215118519961834,ALL_HANDCRAFTED32,0.024143852293491364
2026,1,10,0.020542506128549576,ALL_HANDCRAFTED32,0.010384975001215935
2026,1,11,0.017844123765826225,ALL_HANDCRAFTED32,0.028577711433172226
2026,1,12,0.017632106319069862,ALL_HANDCRAFTED32,0.029909785836935043
2026,1,13,0.015922270715236664,ALL_HANDCRAFTED32,0.014838969334959984
2026,1,14,0.014763927087187767,ALL_HANDCRAFTED32,0.02158888801932335
2026,1,15,0.013274717144668102,ALL_HANDCRAFTED32,0.07136353105306625
2026,1,16,0.012558129616081715,ALL_HANDCRAFTED32,0.02449049986898899
2026,1,17,0.011511275544762611,ALL_HANDCRAFTED32,0.04267691820859909
2026,1,18,0.011078673414885998,ALL_HANDCRAFTED32,0.09380929172039032
2026,1,19,0.010750754736363888,ALL_HANDCRAFTED32,0.03183256834745407
2026,1,20,0.010061184875667095,ALL_HANDCRAFTED32,0.016757801175117493
2026,1,21,0.00985528714954853,ALL_HANDCRAFTED32,0.015194541774690151
2026,1,22,0.00922032818198204,ALL_HANDCRAFTED32,0.019191447645425797
2026,1,23,0.008791979402303696,ALL_HANDCRAFTED32,0.04761575907468796
2026,1,24,0.008495830930769444,ALL_HANDCRAFTED32,0.047955989837646484
2026,1,25,0.00829407013952732,ALL_HANDCRAFTED32,0.04956605285406113
2026,1,26,0.007652555592358112,ALL_HANDCRAFTED32,0.015790948644280434
2026,1,27,0.0070336321368813515,ALL_HANDCRAFTED32,0.01612246036529541
2026,1,28,0.006900711450725794,ALL_HANDCRAFTED32,0.020681539550423622
2026,1,29,0.006474027875810862,ALL_HANDCRAFTED32,0.025731712579727173
2026,1,30,0.006408352870494127,ALL_HANDCRAFTED32,0.10255812108516693
2026,1,31,0.006012907717376947,ALL_HANDCRAFTED32,0.044489070773124695
2026,1,32,0.00599655183032155,ALL_HANDCRAFTED32,0.026251744478940964
2026,1,33,0.005931217689067125,ALL_HANDCRAFTED32,0.010342244058847427
2026,1,34,0.005857392679899931,ALL_HANDCRAFTED32,0.008004874922335148
2026,1,35,0.005556796677410603,ALL_HANDCRAFTED32,0.07730316370725632
2026,1,36,0.005280630197376013,ALL_HANDCRAFTED32,0.025174403563141823
2026,1,37,0.005132382269948721,ALL_HANDCRAFTED32,0.032228387892246246
2026,1,38,0.004992641508579254,ALL_HANDCRAFTED32,0.026117904111742973
2026,1,39,0.004803407937288284,ALL_HANDCRAFTED32,0.010432393290102482
2026,1,40,0.0046752821654081345,ALL_HANDCRAFTED32,0.0357186496257782
2026,1,41,0.004570420365780592,ALL_HANDCRAFTED32,0.022941140457987785
2026,1,42,0.004475264344364405,ALL_HANDCRAFTED32,0.042304445058107376
2026,1,43,0.004458074923604727,ALL_HANDCRAFTED32,0.016991427168250084
2026,1,44,0.004338296130299568,ALL_HANDCRAFTED32,0.036095164716243744
2026,1,45,0.004222133196890354,ALL_HANDCRAFTED32,0.0344485267996788
2026,1,46,0.004118111450225115,ALL_HANDCRAFTED32,0.020459290593862534
2026,1,47,0.003904641605913639,ALL_HANDCRAFTED32,0.030508266761898994
2026,1,48,0.003878768300637603,ALL_HANDCRAFTED32,0.02300267666578293
2026,1,49,0.0038190020713955164,ALL_HANDCRAFTED32,0.0450441911816597
2026,1,50,0.003671540878713131,ALL_HANDCRAFTED32,0.024357082322239876
2026,1,51,0.0036384440027177334,ALL_HANDCRAFTED32,0.011210707947611809
2026,1,52,0.003490261733531952,ALL_HANDCRAFTED32,0.040780965238809586
2026,1,53,0.003431529039517045,ALL_HANDCRAFTED32,0.01480693556368351
2026,1,54,0.003345845965668559,ALL_HANDCRAFTED32,0.027571335434913635
2026,1,55,0.003287453902885318,ALL_HANDCRAFTED32,0.02493259683251381
2026,1,56,0.0032009717542678118,ALL_HANDCRAFTED32,0.024096954613924026
2026,1,57,0.003158746985718608,ALL_HANDCRAFTED32,0.02208673767745495
2026,1,58,0.0031407815404236317,ALL_HANDCRAFTED32,0.004496506880968809
2026,1,59,0.0031087049283087254,ALL_HANDCRAFTED32,0.028820117935538292
2026,1,60,0.003042791737243533,ALL_HANDCRAFTED32,0.01273872796446085
2026,1,61,0.0030154434498399496,ALL_HANDCRAFTED32,0.042921777814626694
2026,1,62,0.002853387501090765,ALL_HANDCRAFTED32,0.016788296401500702
2026,1,63,0.0028235039208084345,ALL_HANDCRAFTED32,0.0344318225979805
2026,1,64,0.002769313519820571,ALL_HANDCRAFTED32,0.019892733544111252
2026,1,65,0.0027041672728955746,ALL_HANDCRAFTED32,0.005470572039484978
2026,1,66,0.0026541061233729124,ALL_HANDCRAFTED32,0.04025004431605339
2026,1,67,0.0026157249230891466,ALL_HANDCRAFTED32,0.027811475098133087
2026,1,68,0.0025438135489821434,ALL_HANDCRAFTED32,0.027764778584241867
2026,1,69,0.002430104883387685,ALL_HANDCRAFTED32,0.01860247179865837
2026,1,70,0.0023977167438715696,ALL_HANDCRAFTED32,0.02559385448694229
2026,1,71,0.0023689919617027044,ALL_HANDCRAFTED32,0.018132947385311127
2026,1,72,0.0023611700162291527,ALL_HANDCRAFTED32,0.025256991386413574
2026,1,73,0.002279782434925437,ALL_HANDCRAFTED32,0.015205493196845055
2026,1,74,0.002226383425295353,ALL_HANDCRAFTED32,0.019672824069857597
2026,1,75,0.002207142300903797,ALL_HANDCRAFTED32,0.019355762749910355
2026,1,76,0.002152794972062111,ALL_HANDCRAFTED32,0.017831068485975266
2026,1,77,0.0020855560433119535,ALL_HANDCRAFTED32,0.018870536237955093
2026,1,78,0.0020754034630954266,ALL_HANDCRAFTED32,0.06912587583065033
2026,1,79,0.002021424239501357,ALL_HANDCRAFTED32,0.011563149280846119
2026,1,80,0.0020027970895171165,ALL_HANDCRAFTED32,0.011674880981445312
2026,1,81,0.001993421697989106,ALL_HANDCRAFTED32,0.016106408089399338
2026,1,82,0.0019461361225694418,ALL_HANDCRAFTED32,0.01885823719203472
2026,1,83,0.0019065552623942494,ALL_HANDCRAFTED32,0.010783093981444836
2026,1,84,0.0018995360005646944,ALL_HANDCRAFTED32,0.01851910725235939
2026,1,85,0.0018388928147032857,ALL_HANDCRAFTED32,0.031396280974149704
2026,1,86,0.0017819319618865848,ALL_HANDCRAFTED32,0.009683951735496521
2026,1,87,0.0017497810767963529,ALL_HANDCRAFTED32,0.014193541370332241
2026,1,88,0.0017151637002825737,ALL_HANDCRAFTED32,0.01191485021263361
2026,1,89,0.0016899900510907173,ALL_HANDCRAFTED32,0.014768033288419247
2026,1,90,0.001675955019891262,ALL_HANDCRAFTED32,0.03357887268066406
2026,1,91,0.001648130128160119,ALL_HANDCRAFTED32,0.026020856574177742
2026,1,92,0.001630795537494123,ALL_HANDCRAFTED32,0.0192781500518322
2026,1,93,0.0016038963804021478,ALL_HANDCRAFTED32,0.019547726958990097
2026,1,94,0.0015976338181644678,ALL_HANDCRAFTED32,0.042141713201999664
2026,1,95,0.0015892046503722668,ALL_HANDCRAFTED32,0.02865680493414402
2026,1,96,0.0015571449184790254,ALL_HANDCRAFTED32,0.015068131498992443
2026,1,97,0.001521049882285297,ALL_HANDCRAFTED32,0.02772746980190277
2026,1,98,0.0015032575465738773,ALL_HANDCRAFTED32,0.02740919217467308
2026,1,99,0.0014827625127509236,ALL_HANDCRAFTED32,0.02265610173344612
2026,1,100,0.0014662371249869466,ALL_HANDCRAFTED32,0.031165052205324173
2026,1,101,0.0014308362733572721,ALL_HANDCRAFTED32,0.024424556642770767
2026,1,102,0.0014183355960994959,ALL_HANDCRAFTED32,0.036775004118680954
2026,1,103,0.0013911427231505513,ALL_HANDCRAFTED32,0.039118215441703796
2026,1,104,0.001348169520497322,ALL_HANDCRAFTED32,0.03457876294851303
2026,1,105,0.00134555425029248,ALL_HANDCRAFTED32,0.032691072672605515
2026,1,106,0.0013116515474393964,ALL_HANDCRAFTED32,0.03519215062260628
2026,1,107,0.0012864444870501757,ALL_HANDCRAFTED32,0.025506766512989998
2026,1,108,0.001271344837732613,ALL_HANDCRAFTED32,0.024171480908989906
2026,1,109,0.0012451598886400461,ALL_HANDCRAFTED32,0.03221755474805832
2026,1,110,0.0012431212235242128,ALL_HANDCRAFTED32,0.023896297439932823
2026,1,111,0.001212715869769454,ALL_HANDCRAFTED32,0.02739972434937954
2026,1,112,0.0012029571225866675,ALL_HANDCRAFTED32,0.015812844038009644
2026,1,113,0.0011869233567267656,ALL_HANDCRAFTED32,0.012079684995114803
2026,1,114,0.0011629852233454585,ALL_HANDCRAFTED32,0.01999787800014019
2026,1,115,0.001118095824494958,ALL_HANDCRAFTED32,0.0133805051445961
2026,1,116,0.0011076732771471143,ALL_HANDCRAFTED32,0.00728198466822505
2026,1,117,0.0010836651781573892,ALL_HANDCRAFTED32,0.016482321545481682
2026,1,118,0.0010729235364124179,ALL_HANDCRAFTED32,0.01148980576545
2026,1,119,0.0010654700454324484,ALL_HANDCRAFTED32,0.021943971514701843
2026,1,120,0.0010451478883624077,ALL_HANDCRAFTED32,0.018358139321208
2026,1,121,0.001033857697620988,ALL_HANDCRAFTED32,0.031181663274765015
2026,1,122,0.0010143150575459003,ALL_HANDCRAFTED32,0.020933402702212334
2026,1,123,0.0010027576936408877,ALL_HANDCRAFTED32,0.042232315987348557
2026,1,124,0.0009963492630049586,ALL_HANDCRAFTED32,0.014019216410815716
2026,1,125,0.0009643529774621129,ALL_HANDCRAFTED32,0.018449200317263603
2026,1,126,0.0009565508225932717,ALL_HANDCRAFTED32,0.036441802978515625
2026,1,127,0.0009460828150622547,ALL_HANDCRAFTED32,0.01523014809936285
2026,1,128,0.0009059403673745692,ALL_HANDCRAFTED32,0.023311154916882515
2026,1,1,0.11883231997489929,VIT768,0.8731059432029724
2026,1,2,0.06294600665569305,VIT768,0.9944038391113281
2026,1,3,0.057650335133075714,VIT768,0.9536022543907166
2026,1,4,0.0557558611035347,VIT768,0.9696155190467834
2026,1,5,0.03892511501908302,VIT768,0.9908647537231445
2026,1,6,0.03449081629514694,VIT768,0.9451709985733032
2026,1,7,0.030437957495450974,VIT768,0.9636719226837158
2026,1,8,0.02633185125887394,VIT768,0.980617880821228
2026,1,9,0.02215118519961834,VIT768,0.97585529088974
2026,1,10,0.020542506128549576,VIT768,0.9896138906478882
2026,1,11,0.017844123765826225,VIT768,0.9714221954345703
2026,1,12,0.017632106319069862,VIT768,0.9700902700424194
2026,1,13,0.015922270715236664,VIT768,0.9851605892181396
2026,1,14,0.014763927087187767,VIT768,0.9784104824066162
2026,1,15,0.013274717144668102,VIT768,0.9286370277404785
2026,1,16,0.012558129616081715,VIT768,0.9755098819732666
2026,1,17,0.011511275544762611,VIT768,0.9573228359222412
2026,1,18,0.011078673414885998,VIT768,0.9061909914016724
2026,1,19,0.010750754736363888,VIT768,0.9681675434112549
2026,1,20,0.010061184875667095,VIT768,0.9832419157028198
2026,1,21,0.00985528714954853,VIT768,0.9848052263259888
2026,1,22,0.00922032818198204,VIT768,0.980808675289154
2026,1,23,0.008791979402303696,VIT768,0.9523845911026001
2026,1,24,0.008495830930769444,VIT768,0.9520443677902222
2026,1,25,0.00829407013952732,VIT768,0.9504333734512329
2026,1,26,0.007652555592358112,VIT768,0.9842087626457214
2026,1,27,0.0070336321368813515,VIT768,0.9838777780532837
2026,1,28,0.006900711450725794,VIT768,0.9793187975883484
2026,1,29,0.006474027875810862,VIT768,0.9742680788040161
2026,1,30,0.006408352870494127,VIT768,0.8974412083625793
2026,1,31,0.006012907717376947,VIT768,0.9555107355117798
2026,1,32,0.00599655183032155,VIT768,0.9737478494644165
2026,1,33,0.005931217689067125,VIT768,0.9896574020385742
2026,1,34,0.005857392679899931,VIT768,0.9919944405555725
2026,1,35,0.005556796677410603,VIT768,0.9226970672607422
2026,1,36,0.005280630197376013,VIT768,0.9748257994651794
2026,1,37,0.005132382269948721,VIT768,0.9677718281745911
2026,1,38,0.004992641508579254,VIT768,0.973881721496582
2026,1,39,0.004803407937288284,VIT768,0.9895674586296082
2026,1,40,0.0046752821654081345,VIT768,0.964281439781189
2026,1,41,0.004570420365780592,VIT768,0.977059006690979
2026,1,42,0.004475264344364405,VIT768,0.9576954245567322
2026,1,43,0.004458074923604727,VIT768,0.983008861541748
2026,1,44,0.004338296130299568,VIT768,0.9639049768447876
2026,1,45,0.004222133196890354,VIT768,0.9655516147613525
2026,1,46,0.004118111450225115,VIT768,0.9795407652854919
2026,1,47,0.003904641605913639,VIT768,0.9694916605949402
2026,1,48,0.003878768300637603,VIT768,0.9769972562789917
2026,1,49,0.0038190020713955164,VIT768,0.9549558162689209
2026,1,50,0.003671540878713131,VIT768,0.9756428599357605
2026,1,51,0.0036384440027177334,VIT768,0.9887893199920654
2026,1,52,0.003490261733531952,VIT768,0.9592189788818359
2026,1,53,0.003431529039517045,VIT768,0.9851933717727661
2026,1,54,0.003345845965668559,VIT768,0.9724291563034058
2026,1,55,0.003287453902885318,VIT768,0.9750677347183228
2026,1,56,0.0032009717542678118,VIT768,0.9759035110473633
2026,1,57,0.003158746985718608,VIT768,0.9779133796691895
2026,1,58,0.0031407815404236317,VIT768,0.9955039024353027
2026,1,59,0.0031087049283087254,VIT768,0.9711800813674927
2026,1,60,0.003042791737243533,VIT768,0.9872615337371826
2026,1,61,0.0030154434498399496,VIT768,0.9570784568786621
2026,1,62,0.002853387501090765,VIT768,0.9832116365432739
2026,1,63,0.0028235039208084345,VIT768,0.9655680656433105
2026,1,64,0.002769313519820571,VIT768,0.9801074266433716
2026,1,65,0.0027041672728955746,VIT768,0.9945297837257385
2026,1,66,0.0026541061233729124,VIT768,0.9597499966621399
2026,1,67,0.0026157249230891466,VIT768,0.9721885919570923
2026,1,68,0.0025438135489821434,VIT768,0.9722350835800171
2026,1,69,0.002430104883387685,VIT768,0.9813973903656006
2026,1,70,0.0023977167438715696,VIT768,0.9744058847427368
2026,1,71,0.0023689919617027044,VIT768,0.9818670749664307
2026,1,72,0.0023611700162291527,VIT768,0.9747432470321655
2026,1,73,0.002279782434925437,VIT768,0.9847944974899292
2026,1,74,0.002226383425295353,VIT768,0.9803272485733032
2026,1,75,0.002207142300903797,VIT768,0.980644702911377
2026,1,76,0.002152794972062111,VIT768,0.9821690917015076
2026,1,77,0.0020855560433119535,VIT768,0.9811298847198486
2026,1,78,0.0020754034630954266,VIT768,0.9308748841285706
2026,1,79,0.002021424239501357,VIT768,0.9884371757507324
2026,1,80,0.0020027970895171165,VIT768,0.9883254766464233
2026,1,81,0.001993421697989106,VIT768,0.9838935732841492
2026,1,82,0.0019461361225694418,VIT768,0.9811415672302246
2026,1,83,0.0019065552623942494,VIT768,0.9892172813415527
2026,1,84,0.0018995360005646944,VIT768,0.9814808368682861
2026,1,85,0.0018388928147032857,VIT768,0.9686037302017212
2026,1,86,0.0017819319618865848,VIT768,0.9903157949447632
2026,1,87,0.0017497810767963529,VIT768,0.9858066439628601
2026,1,88,0.0017151637002825737,VIT768,0.988085150718689
2026,1,89,0.0016899900510907173,VIT768,0.9852325320243835
2026,1,90,0.001675955019891262,VIT768,0.9664211273193359
2026,1,91,0.001648130128160119,VIT768,0.9739789962768555
2026,1,92,0.001630795537494123,VIT768,0.9807221293449402
2026,1,93,0.0016038963804021478,VIT768,0.9804530143737793
2026,1,94,0.0015976338181644678,VIT768,0.9578585624694824
2026,1,95,0.0015892046503722668,VIT768,0.9713430404663086
2026,1,96,0.0015571449184790254,VIT768,0.9849319458007812
2026,1,97,0.001521049882285297,VIT768,0.9722726345062256
2026,1,98,0.0015032575465738773,VIT768,0.9725908637046814
2026,1,99,0.0014827625127509236,VIT768,0.9773437976837158
2026,1,100,0.0014662371249869466,VIT768,0.9688352942466736
2026,1,101,0.0014308362733572721,VIT768,0.9755756258964539
2026,1,102,0.0014183355960994959,VIT768,0.9632250070571899
2026,1,103,0.0013911427231505513,VIT768,0.9608821868896484
2026,1,104,0.001348169520497322,VIT768,0.965421199798584
2026,1,105,0.00134555425029248,VIT768,0.9673100709915161
2026,1,106,0.0013116515474393964,VIT768,0.9648080468177795
2026,1,107,0.0012864444870501757,VIT768,0.9744932651519775
2026,1,108,0.001271344837732613,VIT768,0.9758286476135254
2026,1,109,0.0012451598886400461,VIT768,0.9677825570106506
2026,1,110,0.0012431212235242128,VIT768,0.9761038422584534
2026,1,111,0.001212715869769454,VIT768,0.9726009964942932
2026,1,112,0.0012029571225866675,VIT768,0.9841876029968262
2026,1,113,0.0011869233567267656,VIT768,0.9879206418991089
2026,1,114,0.0011629852233454585,VIT768,0.9800019860267639
2026,1,115,0.001118095824494958,VIT768,0.9866200089454651
2026,1,116,0.0011076732771471143,VIT768,0.9927178621292114
2026,1,117,0.0010836651781573892,VIT768,0.9835178256034851
2026,1,118,0.0010729235364124179,VIT768,0.988510251045227
2026,1,119,0.0010654700454324484,VIT768,0.9780565500259399
2026,1,120,0.0010451478883624077,VIT768,0.9816422462463379
2026,1,121,0.001033857697620988,VIT768,0.9688187837600708
2026,1,122,0.0010143150575459003,VIT768,0.9790664911270142
2026,1,123,0.0010027576936408877,VIT768,0.9577680826187134
2026,1,124,0.0009963492630049586,VIT768,0.9859814643859863
2026,1,125,0.0009643529774621129,VIT768,0.9815510511398315
2026,1,126,0.0009565508225932717,VIT768,0.9635584354400635
2026,1,127,0.0009460828150622547,VIT768,0.9847698211669922
2026,1,128,0.0009059403673745692,VIT768,0.9766889214515686
2026,2,1,0.11607202142477036,COLOR9,0.015981772914528847
2026,2,2,0.0620294064283371,COLOR9,0.006759418174624443
2026,2,3,0.05643521249294281,COLOR9,0.011532745324075222
2026,2,4,0.055522531270980835,COLOR9,0.015524890273809433
2026,2,5,0.03911286219954491,COLOR9,0.008886607363820076
2026,2,6,0.03283333033323288,COLOR9,0.00915916170924902
2026,2,7,0.030068280175328255,COLOR9,0.03173889219760895
2026,2,8,0.027483418583869934,COLOR9,0.006737948395311832
2026,2,9,0.023079000413417816,COLOR9,0.0031994329765439034
2026,2,10,0.02047072723507881,COLOR9,0.006485961377620697
2026,2,11,0.019739598035812378,COLOR9,0.0007802814361639321
2026,2,12,0.017753716558218002,COLOR9,0.004238948225975037
2026,2,13,0.0158510971814394,COLOR9,0.012998891063034534
2026,2,14,0.015140815638005733,COLOR9,0.019134635105729103
2026,2,15,0.013951871544122696,COLOR9,0.006074843928217888
2026,2,16,0.01221258845180273,COLOR9,0.0056623718701303005
2026,2,17,0.011774897575378418,COLOR9,0.02970203384757042
2026,2,18,0.011658172123134136,COLOR9,0.005786122288554907
2026,2,19,0.011260341852903366,COLOR9,0.0040065450593829155
2026,2,20,0.01060953363776207,COLOR9,0.014278802089393139
2026,2,21,0.009610244072973728,COLOR9,0.008380593731999397
2026,2,22,0.009382578544318676,COLOR9,0.012872659601271152
2026,2,23,0.008563840761780739,COLOR9,0.0025738300755620003
2026,2,24,0.008054273203015327,COLOR9,0.0063714319840073586
2026,2,25,0.007975566200911999,COLOR9,0.013934673741459846
2026,2,26,0.0074611203745007515,COLOR9,0.007568657398223877
2026,2,27,0.007397988811135292,COLOR9,0.0070155905559659
2026,2,28,0.007103536743670702,COLOR9,0.002827643882483244
2026,2,29,0.006899768020957708,COLOR9,0.010646970011293888
2026,2,30,0.006748947314918041,COLOR9,0.013718405738472939
2026,2,31,0.006668028887361288,COLOR9,0.0030475002713501453
2026,2,32,0.00610021036118269,COLOR9,0.018896928057074547
2026,2,33,0.005921461619436741,COLOR9,0.0037415078841149807
2026,2,34,0.005755329970270395,COLOR9,0.009558872319757938
2026,2,35,0.005577925126999617,COLOR9,0.008634832687675953
2026,2,36,0.005477186758071184,COLOR9,0.008326110430061817
2026,2,37,0.005275362636893988,COLOR9,0.006538236979395151
2026,2,38,0.005051111802458763,COLOR9,0.012384901754558086
2026,2,39,0.00485976692289114,COLOR9,0.01726710796356201
2026,2,40,0.004822518210858107,COLOR9,0.017009345814585686
2026,2,41,0.004713323898613453,COLOR9,0.024117929860949516
2026,2,42,0.00466176588088274,COLOR9,0.0009421160793863237
2026,2,43,0.0045289453119039536,COLOR9,0.005259829107671976
2026,2,44,0.0044073364697396755,COLOR9,0.010616270825266838
2026,2,45,0.004238283261656761,COLOR9,0.011111692525446415
2026,2,46,0.00419115275144577,COLOR9,0.00947980210185051
2026,2,47,0.0038937616627663374,COLOR9,0.012261961586773396
2026,2,48,0.0037718862295150757,COLOR9,0.008134529925882816
2026,2,49,0.003668345045298338,COLOR9,0.010777447372674942
2026,2,50,0.0036478042602539062,COLOR9,0.029642947018146515
2026,2,51,0.0036221942864358425,COLOR9,0.0042960308492183685
2026,2,52,0.003489301772788167,COLOR9,0.00793337170034647
2026,2,53,0.003414682112634182,COLOR9,0.01170170959085226
2026,2,54,0.0033444445580244064,COLOR9,0.011820629239082336
2026,2,55,0.003271502908319235,COLOR9,0.019710049033164978
2026,2,56,0.003143058391287923,COLOR9,0.03274323791265488
2026,2,57,0.003121146932244301,COLOR9,0.013601990416646004
2026,2,58,0.0030555063858628273,COLOR9,0.010012947954237461
2026,2,59,0.0030090229120105505,COLOR9,0.011444786563515663
2026,2,60,0.0028857362922281027,COLOR9,0.0066719879396259785
2026,2,61,0.00287784356623888,COLOR9,0.011093014851212502
2026,2,62,0.00279787159524858,COLOR9,0.006116156931966543
2026,2,63,0.002747009042650461,COLOR9,0.003193366341292858
2026,2,64,0.002721626777201891,COLOR9,0.026794712990522385
2026,2,65,0.002717437921091914,COLOR9,0.011637214571237564
2026,2,66,0.002600036095827818,COLOR9,0.012540007941424847
2026,2,67,0.0025821630842983723,COLOR9,0.006344120483845472
2026,2,68,0.0025432065594941378,COLOR9,0.012939006090164185
2026,2,69,0.00248657981865108,COLOR9,0.01044582761824131
2026,2,70,0.0024213518481701612,COLOR9,0.0033714964520186186
2026,2,71,0.002414965070784092,COLOR9,0.011215765960514545
2026,2,72,0.0023826875258237123,COLOR9,0.020272405818104744
2026,2,73,0.002290360862389207,COLOR9,0.00885743834078312
2026,2,74,0.0022432273253798485,COLOR9,0.017051052302122116
2026,2,75,0.002212024526670575,COLOR9,0.011221927590668201
2026,2,76,0.002187785692512989,COLOR9,0.007617510389536619
2026,2,77,0.00212034466676414,COLOR9,0.011335783638060093
2026,2,78,0.002066476969048381,COLOR9,0.012916568666696548
2026,2,79,0.0020468661095947027,COLOR9,0.018874207511544228
2026,2,80,0.0019645048305392265,COLOR9,0.007775752805173397
2026,2,81,0.0019594645127654076,COLOR9,0.0018082712776958942
2026,2,82,0.0019342881860211492,COLOR9,0.009018815122544765
2026,2,83,0.0018844683654606342,COLOR9,0.002418285235762596
2026,2,84,0.0018695405451580882,COLOR9,0.0027480279095470905
2026,2,85,0.0018399012042209506,COLOR9,0.011337708681821823
2026,2,86,0.0018048621714115143,COLOR9,0.03520018607378006
2026,2,87,0.001759246806614101,COLOR9,0.010121230967342854
2026,2,88,0.0017288499511778355,COLOR9,0.018587512895464897
2026,2,89,0.0016800066223368049,COLOR9,0.0031941381748765707
2026,2,90,0.0016486328095197678,COLOR9,0.01364352647215128
2026,2,91,0.0016257492825388908,COLOR9,0.004235233645886183
2026,2,92,0.0015801769914105535,COLOR9,0.019445978105068207
2026,2,93,0.0015648844419047236,COLOR9,0.005080258473753929
2026,2,94,0.0015432252548635006,COLOR9,0.006054142490029335
2026,2,95,0.0015192225109785795,COLOR9,0.015670843422412872
2026,2,96,0.0015050794463604689,COLOR9,0.012525784783065319
2026,2,97,0.0014999371487647295,COLOR9,0.01036132127046585
2026,2,98,0.0014463880797848105,COLOR9,0.011107956990599632
2026,2,99,0.001422193250618875,COLOR9,0.007207100745290518
2026,2,100,0.0014168304624035954,COLOR9,0.0068161035887897015
2026,2,101,0.0014052012702450156,COLOR9,0.0019940370693802834
2026,2,102,0.0013952295994386077,COLOR9,0.004044736735522747
2026,2,103,0.0013573707547038794,COLOR9,0.008870838209986687
2026,2,104,0.0013292331714183092,COLOR9,0.01571844145655632
2026,2,105,0.0013207443989813328,COLOR9,0.011335993185639381
2026,2,106,0.001307038706727326,COLOR9,0.01378871500492096
2026,2,107,0.0013021165505051613,COLOR9,0.002654530107975006
2026,2,108,0.0012947932118549943,COLOR9,0.0031398513820022345
2026,2,109,0.001248756772838533,COLOR9,0.020657828077673912
2026,2,110,0.0012285708216950297,COLOR9,0.008758516982197762
2026,2,111,0.00120533665176481,COLOR9,0.009655066765844822
2026,2,112,0.0011820760555565357,COLOR9,0.012553198263049126
2026,2,113,0.001174971112050116,COLOR9,0.006204892881214619
2026,2,114,0.0011468767188489437,COLOR9,0.028231706470251083
2026,2,115,0.001131035853177309,COLOR9,0.007083950564265251
2026,2,116,0.0011266183573752642,COLOR9,0.026264118030667305
2026,2,117,0.0011075729271396995,COLOR9,0.0046045491471886635
2026,2,118,0.001092666876502335,COLOR9,0.008221752941608429
2026,2,119,0.0010794858681038022,COLOR9,0.012456347234547138
2026,2,120,0.0010496501345187426,COLOR9,0.004175576381385326
2026,2,121,0.001043757889419794,COLOR9,0.011471566744148731
2026,2,122,0.0010363925248384476,COLOR9,0.007409896235913038
2026,2,123,0.001014653709717095,COLOR9,0.011895527131855488
2026,2,124,0.0009753194754011929,COLOR9,0.004582234192639589
2026,2,125,0.0009667417034506798,COLOR9,0.0019555313047021627
2026,2,126,0.0009507344220764935,COLOR9,0.0037580193020403385
2026,2,127,0.0009429929195903242,COLOR9,0.002061081351712346
2026,2,128,0.0009138636523857713,COLOR9,0.013669289648532867
2026,2,1,0.11607202142477036,LBP18,0.10659964382648468
2026,2,2,0.0620294064283371,LBP18,0.006835951004177332
2026,2,3,0.05643521249294281,LBP18,0.008077575825154781
2026,2,4,0.055522531270980835,LBP18,0.003525636624544859
2026,2,5,0.03911286219954491,LBP18,0.0016777125420048833
2026,2,6,0.03283333033323288,LBP18,0.007230511866509914
2026,2,7,0.030068280175328255,LBP18,0.026826873421669006
2026,2,8,0.027483418583869934,LBP18,0.014237543568015099
2026,2,9,0.023079000413417816,LBP18,0.02657645381987095
2026,2,10,0.02047072723507881,LBP18,0.012795918621122837
2026,2,11,0.019739598035812378,LBP18,0.01618059352040291
2026,2,12,0.017753716558218002,LBP18,0.0022739346604794264
2026,2,13,0.0158510971814394,LBP18,0.009999597445130348
2026,2,14,0.015140815638005733,LBP18,0.011356862261891365
2026,2,15,0.013951871544122696,LBP18,0.04880625754594803
2026,2,16,0.01221258845180273,LBP18,0.0020554079674184322
2026,2,17,0.011774897575378418,LBP18,0.01973952166736126
2026,2,18,0.011658172123134136,LBP18,0.01152372919023037
2026,2,19,0.011260341852903366,LBP18,0.017507856711745262
2026,2,20,0.01060953363776207,LBP18,0.01490776427090168
2026,2,21,0.009610244072973728,LBP18,0.007095164153724909
2026,2,22,0.009382578544318676,LBP18,0.006482870317995548
2026,2,23,0.008563840761780739,LBP18,0.03729165717959404
2026,2,24,0.008054273203015327,LBP18,0.005969627294689417
2026,2,25,0.007975566200911999,LBP18,0.03312383592128754
2026,2,26,0.0074611203745007515,LBP18,0.010708792135119438
2026,2,27,0.007397988811135292,LBP18,0.0013535001780837774
2026,2,28,0.007103536743670702,LBP18,0.011133728548884392
2026,2,29,0.006899768020957708,LBP18,0.012330906465649605
2026,2,30,0.006748947314918041,LBP18,0.023550741374492645
2026,2,31,0.006668028887361288,LBP18,0.005984109826385975
2026,2,32,0.00610021036118269,LBP18,0.010569663718342781
2026,2,33,0.005921461619436741,LBP18,0.030678873881697655
2026,2,34,0.005755329970270395,LBP18,0.0919593796133995
2026,2,35,0.005577925126999617,LBP18,0.01928354799747467
2026,2,36,0.005477186758071184,LBP18,0.016394617035984993
2026,2,37,0.005275362636893988,LBP18,0.028072798624634743
2026,2,38,0.005051111802458763,LBP18,0.0021549679804593325
2026,2,39,0.00485976692289114,LBP18,0.01504211500287056
2026,2,40,0.004822518210858107,LBP18,0.015126350335776806
2026,2,41,0.004713323898613453,LBP18,0.0052714878693223
2026,2,42,0.00466176588088274,LBP18,0.020500807091593742
2026,2,43,0.0045289453119039536,LBP18,0.006784824188798666
2026,2,44,0.0044073364697396755,LBP18,0.03570021688938141
2026,2,45,0.004238283261656761,LBP18,0.003385064657777548
2026,2,46,0.00419115275144577,LBP18,0.0012753948103636503
2026,2,47,0.0038937616627663374,LBP18,0.0022789640352129936
2026,2,48,0.0037718862295150757,LBP18,0.003946689888834953
2026,2,49,0.003668345045298338,LBP18,0.021987544372677803
2026,2,50,0.0036478042602539062,LBP18,0.015018515288829803
2026,2,51,0.0036221942864358425,LBP18,0.005106174387037754
2026,2,52,0.003489301772788167,LBP18,0.0065147909335792065
2026,2,53,0.003414682112634182,LBP18,0.0018303132383152843
2026,2,54,0.0033444445580244064,LBP18,0.00695118959993124
2026,2,55,0.003271502908319235,LBP18,0.013648287393152714
2026,2,56,0.003143058391287923,LBP18,0.00816014502197504
2026,2,57,0.003121146932244301,LBP18,0.012912802398204803
2026,2,58,0.0030555063858628273,LBP18,0.005893868859857321
2026,2,59,0.0030090229120105505,LBP18,0.0013337687123566866
2026,2,60,0.0028857362922281027,LBP18,0.018379800021648407
2026,2,61,0.00287784356623888,LBP18,0.0024539134465157986
2026,2,62,0.00279787159524858,LBP18,0.01514266338199377
2026,2,63,0.002747009042650461,LBP18,0.0011014376068487763
2026,2,64,0.002721626777201891,LBP18,0.0019574861507862806
2026,2,65,0.002717437921091914,LBP18,0.0037181214429438114
2026,2,66,0.002600036095827818,LBP18,0.012943203561007977
2026,2,67,0.0025821630842983723,LBP18,0.030593380331993103
2026,2,68,0.0025432065594941378,LBP18,0.0032927310094237328
2026,2,69,0.00248657981865108,LBP18,0.00895748846232891
2026,2,70,0.0024213518481701612,LBP18,0.0018371209735050797
2026,2,71,0.002414965070784092,LBP18,0.004849923774600029
2026,2,72,0.0023826875258237123,LBP18,0.0006028471980243921
2026,2,73,0.002290360862389207,LBP18,0.009473765268921852
2026,2,74,0.0022432273253798485,LBP18,0.005254560150206089
2026,2,75,0.002212024526670575,LBP18,0.010456401854753494
2026,2,76,0.002187785692512989,LBP18,0.01050645112991333
2026,2,77,0.00212034466676414,LBP18,0.004545704927295446
2026,2,78,0.002066476969048381,LBP18,0.004252801649272442
2026,2,79,0.0020468661095947027,LBP18,0.00365878245793283
2026,2,80,0.0019645048305392265,LBP18,0.001969737932085991
2026,2,81,0.0019594645127654076,LBP18,0.004817822482436895
2026,2,82,0.0019342881860211492,LBP18,0.0026872234884649515
2026,2,83,0.0018844683654606342,LBP18,0.0013646571896970272
2026,2,84,0.0018695405451580882,LBP18,0.002509227255359292
2026,2,85,0.0018399012042209506,LBP18,0.001372989732772112
2026,2,86,0.0018048621714115143,LBP18,0.004704178776592016
2026,2,87,0.001759246806614101,LBP18,0.0062348321080207825
2026,2,88,0.0017288499511778355,LBP18,0.003585288068279624
2026,2,89,0.0016800066223368049,LBP18,0.0045558693818748
2026,2,90,0.0016486328095197678,LBP18,0.001272024936042726
2026,2,91,0.0016257492825388908,LBP18,0.018458368256688118
2026,2,92,0.0015801769914105535,LBP18,0.008390394039452076
2026,2,93,0.0015648844419047236,LBP18,0.01426115445792675
2026,2,94,0.0015432252548635006,LBP18,0.001968212192878127
2026,2,95,0.0015192225109785795,LBP18,0.0038254919927567244
2026,2,96,0.0015050794463604689,LBP18,0.0016764783067628741
2026,2,97,0.0014999371487647295,LBP18,0.0317082554101944
2026,2,98,0.0014463880797848105,LBP18,0.004474442917853594
2026,2,99,0.001422193250618875,LBP18,0.003802166786044836
2026,2,100,0.0014168304624035954,LBP18,0.007587315049022436
2026,2,101,0.0014052012702450156,LBP18,0.0138722974807024
2026,2,102,0.0013952295994386077,LBP18,0.006594106089323759
2026,2,103,0.0013573707547038794,LBP18,0.0031851257663220167
2026,2,104,0.0013292331714183092,LBP18,0.00967886857688427
2026,2,105,0.0013207443989813328,LBP18,0.002966383472084999
2026,2,106,0.001307038706727326,LBP18,0.013169058598577976
2026,2,107,0.0013021165505051613,LBP18,0.011366425082087517
2026,2,108,0.0012947932118549943,LBP18,0.010046355426311493
2026,2,109,0.001248756772838533,LBP18,0.0049151210114359856
2026,2,110,0.0012285708216950297,LBP18,0.006234143394976854
2026,2,111,0.00120533665176481,LBP18,0.0057434081099927425
2026,2,112,0.0011820760555565357,LBP18,0.006082667503505945
2026,2,113,0.001174971112050116,LBP18,0.008531677536666393
2026,2,114,0.0011468767188489437,LBP18,0.007053210865706205
2026,2,115,0.001131035853177309,LBP18,0.006965099833905697
2026,2,116,0.0011266183573752642,LBP18,0.012300016358494759
2026,2,117,0.0011075729271396995,LBP18,0.009464751929044724
2026,2,118,0.001092666876502335,LBP18,0.0028816096018999815
2026,2,119,0.0010794858681038022,LBP18,0.0068125249817967415
2026,2,120,0.0010496501345187426,LBP18,0.011283951811492443
2026,2,121,0.001043757889419794,LBP18,0.003912447020411491
2026,2,122,0.0010363925248384476,LBP18,0.003126414492726326
2026,2,123,0.001014653709717095,LBP18,0.009724346920847893
2026,2,124,0.0009753194754011929,LBP18,0.002232754835858941
2026,2,125,0.0009667417034506798,LBP18,0.010442125611007214
2026,2,126,0.0009507344220764935,LBP18,0.005382100120186806
2026,2,127,0.0009429929195903242,LBP18,0.0015790039906278253
2026,2,128,0.0009138636523857713,LBP18,0.003943373449146748
2026,2,1,0.11607202142477036,HARALICK5,0.00744493817910552
2026,2,2,0.0620294064283371,HARALICK5,0.013361756689846516
2026,2,3,0.05643521249294281,HARALICK5,0.007860095240175724
2026,2,4,0.055522531270980835,HARALICK5,0.013369111344218254
2026,2,5,0.03911286219954491,HARALICK5,0.001286455662921071
2026,2,6,0.03283333033323288,HARALICK5,0.00735185481607914
2026,2,7,0.030068280175328255,HARALICK5,0.005776154343038797
2026,2,8,0.027483418583869934,HARALICK5,0.0021796547807753086
2026,2,9,0.023079000413417816,HARALICK5,0.008088970556855202
2026,2,10,0.02047072723507881,HARALICK5,0.0026432345621287823
2026,2,11,0.019739598035812378,HARALICK5,0.0023331441916525364
2026,2,12,0.017753716558218002,HARALICK5,0.0009292565518990159
2026,2,13,0.0158510971814394,HARALICK5,0.007474421989172697
2026,2,14,0.015140815638005733,HARALICK5,0.00172543921507895
2026,2,15,0.013951871544122696,HARALICK5,0.0031105931848287582
2026,2,16,0.01221258845180273,HARALICK5,0.0016898736357688904
2026,2,17,0.011774897575378418,HARALICK5,0.011659163981676102
2026,2,18,0.011658172123134136,HARALICK5,0.0045442236587405205
2026,2,19,0.011260341852903366,HARALICK5,0.0013318900018930435
2026,2,20,0.01060953363776207,HARALICK5,0.0024673803709447384
2026,2,21,0.009610244072973728,HARALICK5,0.0016176506178453565
2026,2,22,0.009382578544318676,HARALICK5,0.010316300205886364
2026,2,23,0.008563840761780739,HARALICK5,0.0009984776843339205
2026,2,24,0.008054273203015327,HARALICK5,0.002402849728241563
2026,2,25,0.007975566200911999,HARALICK5,0.0033025441225618124
2026,2,26,0.0074611203745007515,HARALICK5,0.0059051732532680035
2026,2,27,0.007397988811135292,HARALICK5,0.0013665191363543272
2026,2,28,0.007103536743670702,HARALICK5,0.0070034535601735115
2026,2,29,0.006899768020957708,HARALICK5,0.00619145855307579
2026,2,30,0.006748947314918041,HARALICK5,0.0027581790927797556
2026,2,31,0.006668028887361288,HARALICK5,0.013995103538036346
2026,2,32,0.00610021036118269,HARALICK5,0.0033314255997538567
2026,2,33,0.005921461619436741,HARALICK5,0.007882323116064072
2026,2,34,0.005755329970270395,HARALICK5,0.014503040350973606
2026,2,35,0.005577925126999617,HARALICK5,0.0011031217873096466
2026,2,36,0.005477186758071184,HARALICK5,0.0058062332682311535
2026,2,37,0.005275362636893988,HARALICK5,0.0027091288939118385
2026,2,38,0.005051111802458763,HARALICK5,0.0010167654836550355
2026,2,39,0.00485976692289114,HARALICK5,0.0017532369820401073
2026,2,40,0.004822518210858107,HARALICK5,0.004634173586964607
2026,2,41,0.004713323898613453,HARALICK5,0.002033429453149438
2026,2,42,0.00466176588088274,HARALICK5,0.00965056847780943
2026,2,43,0.0045289453119039536,HARALICK5,0.005965839140117168
2026,2,44,0.0044073364697396755,HARALICK5,0.0006570978439413011
2026,2,45,0.004238283261656761,HARALICK5,0.00149972562212497
2026,2,46,0.00419115275144577,HARALICK5,0.0008656712016090751
2026,2,47,0.0038937616627663374,HARALICK5,0.0030830809846520424
2026,2,48,0.0037718862295150757,HARALICK5,0.00502760149538517
2026,2,49,0.003668345045298338,HARALICK5,0.0014986705500632524
2026,2,50,0.0036478042602539062,HARALICK5,0.006795686203986406
2026,2,51,0.0036221942864358425,HARALICK5,0.0016886275261640549
2026,2,52,0.003489301772788167,HARALICK5,0.003281029872596264
2026,2,53,0.003414682112634182,HARALICK5,0.005913399625569582
2026,2,54,0.0033444445580244064,HARALICK5,0.0003609467821661383
2026,2,55,0.003271502908319235,HARALICK5,0.004465536214411259
2026,2,56,0.003143058391287923,HARALICK5,0.01135864295065403
2026,2,57,0.003121146932244301,HARALICK5,0.006208198145031929
2026,2,58,0.0030555063858628273,HARALICK5,0.009330080822110176
2026,2,59,0.0030090229120105505,HARALICK5,0.004044146742671728
2026,2,60,0.0028857362922281027,HARALICK5,0.009071909822523594
2026,2,61,0.00287784356623888,HARALICK5,0.005424655508249998
2026,2,62,0.00279787159524858,HARALICK5,0.01211525872349739
2026,2,63,0.002747009042650461,HARALICK5,0.00039137102430686355
2026,2,64,0.002721626777201891,HARALICK5,0.007952180691063404
2026,2,65,0.002717437921091914,HARALICK5,0.009169214405119419
2026,2,66,0.002600036095827818,HARALICK5,0.0015152868581935763
2026,2,67,0.0025821630842983723,HARALICK5,0.006499831099063158
2026,2,68,0.0025432065594941378,HARALICK5,0.011888816952705383
2026,2,69,0.00248657981865108,HARALICK5,0.0129525326192379
2026,2,70,0.0024213518481701612,HARALICK5,0.0011838816571980715
2026,2,71,0.002414965070784092,HARALICK5,0.01330540981143713
2026,2,72,0.0023826875258237123,HARALICK5,0.004837185610085726
2026,2,73,0.002290360862389207,HARALICK5,0.005817895755171776
2026,2,74,0.0022432273253798485,HARALICK5,0.0034313639625906944
2026,2,75,0.002212024526670575,HARALICK5,0.0022783949971199036
2026,2,76,0.002187785692512989,HARALICK5,0.0018290869193151593
2026,2,77,0.00212034466676414,HARALICK5,0.002102888887748122
2026,2,78,0.002066476969048381,HARALICK5,0.012093880213797092
2026,2,79,0.0020468661095947027,HARALICK5,0.0024523353204131126
2026,2,80,0.0019645048305392265,HARALICK5,0.005369069054722786
2026,2,81,0.0019594645127654076,HARALICK5,0.0008116131648421288
2026,2,82,0.0019342881860211492,HARALICK5,0.002963799051940441
2026,2,83,0.0018844683654606342,HARALICK5,0.001682450296357274
2026,2,84,0.0018695405451580882,HARALICK5,0.0006062782485969365
2026,2,85,0.0018399012042209506,HARALICK5,0.0027729044668376446
2026,2,86,0.0018048621714115143,HARALICK5,0.0030394885689020157
2026,2,87,0.001759246806614101,HARALICK5,0.017225125804543495
2026,2,88,0.0017288499511778355,HARALICK5,0.012633854523301125
2026,2,89,0.0016800066223368049,HARALICK5,0.004836459178477526
2026,2,90,0.0016486328095197678,HARALICK5,0.005964362062513828
2026,2,91,0.0016257492825388908,HARALICK5,0.006074223201721907
2026,2,92,0.0015801769914105535,HARALICK5,0.006357627920806408
2026,2,93,0.0015648844419047236,HARALICK5,0.0017486544093117118
2026,2,94,0.0015432252548635006,HARALICK5,0.006441377568989992
2026,2,95,0.0015192225109785795,HARALICK5,0.012017416767776012
2026,2,96,0.0015050794463604689,HARALICK5,0.0067958589643239975
2026,2,97,0.0014999371487647295,HARALICK5,0.0033128182403743267
2026,2,98,0.0014463880797848105,HARALICK5,0.0011725758668035269
2026,2,99,0.001422193250618875,HARALICK5,0.002501430455595255
2026,2,100,0.0014168304624035954,HARALICK5,0.006920595187693834
2026,2,101,0.0014052012702450156,HARALICK5,0.011305907741189003
2026,2,102,0.0013952295994386077,HARALICK5,0.009176009334623814
2026,2,103,0.0013573707547038794,HARALICK5,0.0015565698267892003
2026,2,104,0.0013292331714183092,HARALICK5,0.0015633819857612252
2026,2,105,0.0013207443989813328,HARALICK5,0.016991637647151947
2026,2,106,0.001307038706727326,HARALICK5,0.0060639893636107445
2026,2,107,0.0013021165505051613,HARALICK5,0.0023293225094676018
2026,2,108,0.0012947932118549943,HARALICK5,0.0020734972786158323
2026,2,109,0.001248756772838533,HARALICK5,0.0012635488528758287
2026,2,110,0.0012285708216950297,HARALICK5,0.0009325887658633292
2026,2,111,0.00120533665176481,HARALICK5,0.0035341395996510983
2026,2,112,0.0011820760555565357,HARALICK5,0.005204734392464161
2026,2,113,0.001174971112050116,HARALICK5,0.003925051540136337
2026,2,114,0.0011468767188489437,HARALICK5,0.022709673270583153
2026,2,115,0.001131035853177309,HARALICK5,0.0035211811773478985
2026,2,116,0.0011266183573752642,HARALICK5,0.006721365265548229
2026,2,117,0.0011075729271396995,HARALICK5,0.0032981522381305695
2026,2,118,0.001092666876502335,HARALICK5,0.004915728699415922
2026,2,119,0.0010794858681038022,HARALICK5,0.0006474035326391459
2026,2,120,0.0010496501345187426,HARALICK5,0.028012309223413467
2026,2,121,0.001043757889419794,HARALICK5,0.004443369340151548
2026,2,122,0.0010363925248384476,HARALICK5,0.005273830611258745
2026,2,123,0.001014653709717095,HARALICK5,0.0072989752516150475
2026,2,124,0.0009753194754011929,HARALICK5,0.002082912251353264
2026,2,125,0.0009667417034506798,HARALICK5,0.007923641242086887
2026,2,126,0.0009507344220764935,HARALICK5,0.004778025671839714
2026,2,127,0.0009429929195903242,HARALICK5,0.00284568895585835
2026,2,128,0.0009138636523857713,HARALICK5,0.006058796774595976
2026,2,1,0.11607202142477036,ALL_HANDCRAFTED32,0.13002635538578033
2026,2,2,0.0620294064283371,ALL_HANDCRAFTED32,0.026957128196954727
2026,2,3,0.05643521249294281,ALL_HANDCRAFTED32,0.027470413595438004
2026,2,4,0.055522531270980835,ALL_HANDCRAFTED32,0.03241964057087898
2026,2,5,0.03911286219954491,ALL_HANDCRAFTED32,0.01185077428817749
2026,2,6,0.03283333033323288,ALL_HANDCRAFTED32,0.023741528391838074
2026,2,7,0.030068280175328255,ALL_HANDCRAFTED32,0.06434192508459091
2026,2,8,0.027483418583869934,ALL_HANDCRAFTED32,0.023155147209763527
2026,2,9,0.023079000413417816,ALL_HANDCRAFTED32,0.03786485642194748
2026,2,10,0.02047072723507881,ALL_HANDCRAFTED32,0.02192511223256588
2026,2,11,0.019739598035812378,ALL_HANDCRAFTED32,0.01929401606321335
2026,2,12,0.017753716558218002,ALL_HANDCRAFTED32,0.007442140020430088
2026,2,13,0.0158510971814394,ALL_HANDCRAFTED32,0.03047291189432144
2026,2,14,0.015140815638005733,ALL_HANDCRAFTED32,0.032216936349868774
2026,2,15,0.013951871544122696,ALL_HANDCRAFTED32,0.057991690933704376
2026,2,16,0.01221258845180273,ALL_HANDCRAFTED32,0.009407653473317623
2026,2,17,0.011774897575378418,ALL_HANDCRAFTED32,0.06110072135925293
2026,2,18,0.011658172123134136,ALL_HANDCRAFTED32,0.02185407467186451
2026,2,19,0.011260341852903366,ALL_HANDCRAFTED32,0.022846292704343796
2026,2,20,0.01060953363776207,ALL_HANDCRAFTED32,0.03165394812822342
2026,2,21,0.009610244072973728,ALL_HANDCRAFTED32,0.017093408852815628
2026,2,22,0.009382578544318676,ALL_HANDCRAFTED32,0.02967182919383049
2026,2,23,0.008563840761780739,ALL_HANDCRAFTED32,0.040863968431949615
2026,2,24,0.008054273203015327,ALL_HANDCRAFTED32,0.014743907377123833
2026,2,25,0.007975566200911999,ALL_HANDCRAFTED32,0.05036105215549469
2026,2,26,0.0074611203745007515,ALL_HANDCRAFTED32,0.024182621389627457
2026,2,27,0.007397988811135292,ALL_HANDCRAFTED32,0.009735610336065292
2026,2,28,0.007103536743670702,ALL_HANDCRAFTED32,0.02096482366323471
2026,2,29,0.006899768020957708,ALL_HANDCRAFTED32,0.02916933223605156
2026,2,30,0.006748947314918041,ALL_HANDCRAFTED32,0.040027327835559845
2026,2,31,0.006668028887361288,ALL_HANDCRAFTED32,0.023026714101433754
2026,2,32,0.00610021036118269,ALL_HANDCRAFTED32,0.03279801830649376
2026,2,33,0.005921461619436741,ALL_HANDCRAFTED32,0.042302701622247696
2026,2,34,0.005755329970270395,ALL_HANDCRAFTED32,0.1160212904214859
2026,2,35,0.005577925126999617,ALL_HANDCRAFTED32,0.029021505266427994
2026,2,36,0.005477186758071184,ALL_HANDCRAFTED32,0.030526963993906975
2026,2,37,0.005275362636893988,ALL_HANDCRAFTED32,0.03732016310095787
2026,2,38,0.005051111802458763,ALL_HANDCRAFTED32,0.015556635335087776
2026,2,39,0.00485976692289114,ALL_HANDCRAFTED32,0.034062460064888
2026,2,40,0.004822518210858107,ALL_HANDCRAFTED32,0.03676987066864967
2026,2,41,0.004713323898613453,ALL_HANDCRAFTED32,0.031422849744558334
2026,2,42,0.00466176588088274,ALL_HANDCRAFTED32,0.031093493103981018
2026,2,43,0.0045289453119039536,ALL_HANDCRAFTED32,0.018010493367910385
2026,2,44,0.0044073364697396755,ALL_HANDCRAFTED32,0.0469735823571682
2026,2,45,0.004238283261656761,ALL_HANDCRAFTED32,0.015996482223272324
2026,2,46,0.00419115275144577,ALL_HANDCRAFTED32,0.011620867066085339
2026,2,47,0.0038937616627663374,ALL_HANDCRAFTED32,0.017624005675315857
2026,2,48,0.0037718862295150757,ALL_HANDCRAFTED32,0.017108820378780365
2026,2,49,0.003668345045298338,ALL_HANDCRAFTED32,0.03426366299390793
2026,2,50,0.0036478042602539062,ALL_HANDCRAFTED32,0.051457151770591736
2026,2,51,0.0036221942864358425,ALL_HANDCRAFTED32,0.011090831831097603
2026,2,52,0.003489301772788167,ALL_HANDCRAFTED32,0.017729192972183228
2026,2,53,0.003414682112634182,ALL_HANDCRAFTED32,0.019445423036813736
2026,2,54,0.0033444445580244064,ALL_HANDCRAFTED32,0.019132765009999275
2026,2,55,0.003271502908319235,ALL_HANDCRAFTED32,0.0378238707780838
2026,2,56,0.003143058391287923,ALL_HANDCRAFTED32,0.05226202309131622
2026,2,57,0.003121146932244301,ALL_HANDCRAFTED32,0.032722990959882736
2026,2,58,0.0030555063858628273,ALL_HANDCRAFTED32,0.02523689717054367
2026,2,59,0.0030090229120105505,ALL_HANDCRAFTED32,0.016822701320052147
2026,2,60,0.0028857362922281027,ALL_HANDCRAFTED32,0.03412369638681412
2026,2,61,0.00287784356623888,ALL_HANDCRAFTED32,0.018971584737300873
2026,2,62,0.00279787159524858,ALL_HANDCRAFTED32,0.03337407857179642
2026,2,63,0.002747009042650461,ALL_HANDCRAFTED32,0.004686174914240837
2026,2,64,0.002721626777201891,ALL_HANDCRAFTED32,0.03670438006520271
2026,2,65,0.002717437921091914,ALL_HANDCRAFTED32,0.024524550884962082
2026,2,66,0.002600036095827818,ALL_HANDCRAFTED32,0.026998497545719147
2026,2,67,0.0025821630842983723,ALL_HANDCRAFTED32,0.04343733191490173
2026,2,68,0.0025432065594941378,ALL_HANDCRAFTED32,0.028120554983615875
2026,2,69,0.00248657981865108,ALL_HANDCRAFTED32,0.03235584869980812
2026,2,70,0.0024213518481701612,ALL_HANDCRAFTED32,0.006392499431967735
2026,2,71,0.002414965070784092,ALL_HANDCRAFTED32,0.029371099546551704
2026,2,72,0.0023826875258237123,ALL_HANDCRAFTED32,0.02571243792772293
2026,2,73,0.002290360862389207,ALL_HANDCRAFTED32,0.024149097502231598
2026,2,74,0.0022432273253798485,ALL_HANDCRAFTED32,0.0257369764149189
2026,2,75,0.002212024526670575,ALL_HANDCRAFTED32,0.023956723511219025
2026,2,76,0.002187785692512989,ALL_HANDCRAFTED32,0.01995304971933365
2026,2,77,0.00212034466676414,ALL_HANDCRAFTED32,0.017984377220273018
2026,2,78,0.002066476969048381,ALL_HANDCRAFTED32,0.029263250529766083
2026,2,79,0.0020468661095947027,ALL_HANDCRAFTED32,0.02498532459139824
2026,2,80,0.0019645048305392265,ALL_HANDCRAFTED32,0.0151145588606596
2026,2,81,0.0019594645127654076,ALL_HANDCRAFTED32,0.007437706924974918
2026,2,82,0.0019342881860211492,ALL_HANDCRAFTED32,0.014669837430119514
2026,2,83,0.0018844683654606342,ALL_HANDCRAFTED32,0.005465392954647541
2026,2,84,0.0018695405451580882,ALL_HANDCRAFTED32,0.005863533355295658
2026,2,85,0.0018399012042209506,ALL_HANDCRAFTED32,0.01548360288143158
2026,2,86,0.0018048621714115143,ALL_HANDCRAFTED32,0.04294385015964508
2026,2,87,0.001759246806614101,ALL_HANDCRAFTED32,0.033581189811229706
2026,2,88,0.0017288499511778355,ALL_HANDCRAFTED32,0.03480665385723114
2026,2,89,0.0016800066223368049,ALL_HANDCRAFTED32,0.01258646696805954
2026,2,90,0.0016486328095197678,ALL_HANDCRAFTED32,0.02087991312146187
2026,2,91,0.0016257492825388908,ALL_HANDCRAFTED32,0.02876782789826393
2026,2,92,0.0015801769914105535,ALL_HANDCRAFTED32,0.03419400006532669
2026,2,93,0.0015648844419047236,ALL_HANDCRAFTED32,0.021090067923069
2026,2,94,0.0015432252548635006,ALL_HANDCRAFTED32,0.01446373201906681
2026,2,95,0.0015192225109785795,ALL_HANDCRAFTED32,0.031513750553131104
2026,2,96,0.0015050794463604689,ALL_HANDCRAFTED32,0.020998122170567513
2026,2,97,0.0014999371487647295,ALL_HANDCRAFTED32,0.04538239538669586
2026,2,98,0.0014463880797848105,ALL_HANDCRAFTED32,0.01675497554242611
2026,2,99,0.001422193250618875,ALL_HANDCRAFTED32,0.013510698452591896
2026,2,100,0.0014168304624035954,ALL_HANDCRAFTED32,0.02132401242852211
2026,2,101,0.0014052012702450156,ALL_HANDCRAFTED32,0.02717224322259426
2026,2,102,0.0013952295994386077,ALL_HANDCRAFTED32,0.019814850762486458
2026,2,103,0.0013573707547038794,ALL_HANDCRAFTED32,0.013612533919513226
2026,2,104,0.0013292331714183092,ALL_HANDCRAFTED32,0.026960693299770355
2026,2,105,0.0013207443989813328,ALL_HANDCRAFTED32,0.03129401430487633
2026,2,106,0.001307038706727326,ALL_HANDCRAFTED32,0.03302176296710968
2026,2,107,0.0013021165505051613,ALL_HANDCRAFTED32,0.01635027676820755
2026,2,108,0.0012947932118549943,ALL_HANDCRAFTED32,0.015259701758623123
2026,2,109,0.001248756772838533,ALL_HANDCRAFTED32,0.026836497709155083
2026,2,110,0.0012285708216950297,ALL_HANDCRAFTED32,0.015925249084830284
2026,2,111,0.00120533665176481,ALL_HANDCRAFTED32,0.018932614475488663
2026,2,112,0.0011820760555565357,ALL_HANDCRAFTED32,0.02384059876203537
2026,2,113,0.001174971112050116,ALL_HANDCRAFTED32,0.01866162195801735
2026,2,114,0.0011468767188489437,ALL_HANDCRAFTED32,0.05799458920955658
2026,2,115,0.001131035853177309,ALL_HANDCRAFTED32,0.01757023110985756
2026,2,116,0.0011266183573752642,ALL_HANDCRAFTED32,0.04528549686074257
2026,2,117,0.0011075729271396995,ALL_HANDCRAFTED32,0.017367452383041382
2026,2,118,0.001092666876502335,ALL_HANDCRAFTED32,0.016019092872738838
2026,2,119,0.0010794858681038022,ALL_HANDCRAFTED32,0.01991627737879753
2026,2,120,0.0010496501345187426,ALL_HANDCRAFTED32,0.04347183555364609
2026,2,121,0.001043757889419794,ALL_HANDCRAFTED32,0.019827382639050484
2026,2,122,0.0010363925248384476,ALL_HANDCRAFTED32,0.01581014133989811
2026,2,123,0.001014653709717095,ALL_HANDCRAFTED32,0.028918851166963577
2026,2,124,0.0009753194754011929,ALL_HANDCRAFTED32,0.008897901512682438
2026,2,125,0.0009667417034506798,ALL_HANDCRAFTED32,0.020321298390626907
2026,2,126,0.0009507344220764935,ALL_HANDCRAFTED32,0.013918145559728146
2026,2,127,0.0009429929195903242,ALL_HANDCRAFTED32,0.006485774181783199
2026,2,128,0.0009138636523857713,ALL_HANDCRAFTED32,0.023671457543969154
2026,2,1,0.11607202142477036,VIT768,0.8699731826782227
2026,2,2,0.0620294064283371,VIT768,0.9730421304702759
2026,2,3,0.05643521249294281,VIT768,0.9725297093391418
2026,2,4,0.055522531270980835,VIT768,0.9675800800323486
2026,2,5,0.03911286219954491,VIT768,0.988149881362915
2026,2,6,0.03283333033323288,VIT768,0.9762579202651978
2026,2,7,0.030068280175328255,VIT768,0.9356575012207031
2026,2,8,0.027483418583869934,VIT768,0.976844310760498
2026,2,9,0.023079000413417816,VIT768,0.9621343016624451
2026,2,10,0.02047072723507881,VIT768,0.9780752658843994
2026,2,11,0.019739598035812378,VIT768,0.9807057976722717
2026,2,12,0.017753716558218002,VIT768,0.9925581216812134
2026,2,13,0.0158510971814394,VIT768,0.9695278406143188
2026,2,14,0.015140815638005733,VIT768,0.9677832126617432
2026,2,15,0.013951871544122696,VIT768,0.9420086145401001
2026,2,16,0.01221258845180273,VIT768,0.9905928373336792
2026,2,17,0.011774897575378418,VIT768,0.9388993978500366
2026,2,18,0.011658172123134136,VIT768,0.9781456589698792
2026,2,19,0.011260341852903366,VIT768,0.9771541357040405
2026,2,20,0.01060953363776207,VIT768,0.9683455228805542
2026,2,21,0.009610244072973728,VIT768,0.9829063415527344
2026,2,22,0.009382578544318676,VIT768,0.9703283309936523
2026,2,23,0.008563840761780739,VIT768,0.9591357111930847
2026,2,24,0.008054273203015327,VIT768,0.9852553606033325
2026,2,25,0.007975566200911999,VIT768,0.9496386051177979
2026,2,26,0.0074611203745007515,VIT768,0.9758173227310181
2026,2,27,0.007397988811135292,VIT768,0.9902646541595459
2026,2,28,0.007103536743670702,VIT768,0.9790359735488892
2026,2,29,0.006899768020957708,VIT768,0.9708309173583984
2026,2,30,0.006748947314918041,VIT768,0.9599727392196655
2026,2,31,0.006668028887361288,VIT768,0.976973295211792
2026,2,32,0.00610021036118269,VIT768,0.9672021269798279
2026,2,33,0.005921461619436741,VIT768,0.9576977491378784
2026,2,34,0.005755329970270395,VIT768,0.8839788436889648
2026,2,35,0.005577925126999617,VIT768,0.970978856086731
2026,2,36,0.005477186758071184,VIT768,0.9694732427597046
2026,2,37,0.005275362636893988,VIT768,0.9626798629760742
2026,2,38,0.005051111802458763,VIT768,0.9844434261322021
2026,2,39,0.00485976692289114,VIT768,0.9659372568130493
2026,2,40,0.004822518210858107,VIT768,0.9632306098937988
2026,2,41,0.004713323898613453,VIT768,0.9685773253440857
2026,2,42,0.00466176588088274,VIT768,0.9689064025878906
2026,2,43,0.0045289453119039536,VIT768,0.9819895625114441
2026,2,44,0.0044073364697396755,VIT768,0.9530261158943176
2026,2,45,0.004238283261656761,VIT768,0.9840034246444702
2026,2,46,0.00419115275144577,VIT768,0.9883788824081421
2026,2,47,0.0038937616627663374,VIT768,0.9823758006095886
2026,2,48,0.0037718862295150757,VIT768,0.9828912019729614
2026,2,49,0.003668345045298338,VIT768,0.9657363891601562
2026,2,50,0.0036478042602539062,VIT768,0.9485429525375366
2026,2,51,0.0036221942864358425,VIT768,0.988909900188446
2026,2,52,0.003489301772788167,VIT768,0.982271671295166
2026,2,53,0.003414682112634182,VIT768,0.9805546402931213
2026,2,54,0.0033444445580244064,VIT768,0.9808676242828369
2026,2,55,0.003271502908319235,VIT768,0.9621763229370117
2026,2,56,0.003143058391287923,VIT768,0.9477385878562927
2026,2,57,0.003121146932244301,VIT768,0.967277467250824
2026,2,58,0.0030555063858628273,VIT768,0.9747639894485474
2026,2,59,0.0030090229120105505,VIT768,0.9831780791282654
2026,2,60,0.0028857362922281027,VIT768,0.9658765196800232
2026,2,61,0.00287784356623888,VIT768,0.9810291528701782
2026,2,62,0.00279787159524858,VIT768,0.966626763343811
2026,2,63,0.002747009042650461,VIT768,0.9953142404556274
2026,2,64,0.002721626777201891,VIT768,0.9632960557937622
2026,2,65,0.002717437921091914,VIT768,0.9754753112792969
2026,2,66,0.002600036095827818,VIT768,0.9730018377304077
2026,2,67,0.0025821630842983723,VIT768,0.9565626978874207
2026,2,68,0.0025432065594941378,VIT768,0.9718794226646423
2026,2,69,0.00248657981865108,VIT768,0.9676442742347717
2026,2,70,0.0024213518481701612,VIT768,0.9936074614524841
2026,2,71,0.002414965070784092,VIT768,0.9706289172172546
2026,2,72,0.0023826875258237123,VIT768,0.974287748336792
2026,2,73,0.002290360862389207,VIT768,0.9758509397506714
2026,2,74,0.0022432273253798485,VIT768,0.974263608455658
2026,2,75,0.002212024526670575,VIT768,0.9760433435440063
2026,2,76,0.002187785692512989,VIT768,0.9800472259521484
2026,2,77,0.00212034466676414,VIT768,0.9820159077644348
2026,2,78,0.002066476969048381,VIT768,0.9707368016242981
2026,2,79,0.0020468661095947027,VIT768,0.9750149250030518
2026,2,80,0.0019645048305392265,VIT768,0.9848852753639221
2026,2,81,0.0019594645127654076,VIT768,0.9925619959831238
2026,2,82,0.0019342881860211492,VIT768,0.9853299856185913
2026,2,83,0.0018844683654606342,VIT768,0.9945344924926758
2026,2,84,0.0018695405451580882,VIT768,0.9941366910934448
2026,2,85,0.0018399012042209506,VIT768,0.9845167398452759
2026,2,86,0.0018048621714115143,VIT768,0.9570565223693848
2026,2,87,0.001759246806614101,VIT768,0.9664181470870972
2026,2,88,0.0017288499511778355,VIT768,0.9651937484741211
2026,2,89,0.0016800066223368049,VIT768,0.9874135255813599
2026,2,90,0.0016486328095197678,VIT768,0.9791197776794434
2026,2,91,0.0016257492825388908,VIT768,0.9712321162223816
2026,2,92,0.0015801769914105535,VIT768,0.9658060073852539
2026,2,93,0.0015648844419047236,VIT768,0.978909969329834
2026,2,94,0.0015432252548635006,VIT768,0.9855363368988037
2026,2,95,0.0015192225109785795,VIT768,0.9684866666793823
2026,2,96,0.0015050794463604689,VIT768,0.9790021181106567
2026,2,97,0.0014999371487647295,VIT768,0.954617977142334
2026,2,98,0.0014463880797848105,VIT768,0.9832449555397034
2026,2,99,0.001422193250618875,VIT768,0.9864896535873413
2026,2,100,0.0014168304624035954,VIT768,0.9786766171455383
2026,2,101,0.0014052012702450156,VIT768,0.9728277921676636
2026,2,102,0.0013952295994386077,VIT768,0.9801845550537109
2026,2,103,0.0013573707547038794,VIT768,0.9863875508308411
2026,2,104,0.0013292331714183092,VIT768,0.9730395078659058
2026,2,105,0.0013207443989813328,VIT768,0.9687061309814453
2026,2,106,0.001307038706727326,VIT768,0.9669783115386963
2026,2,107,0.0013021165505051613,VIT768,0.983649492263794
2026,2,108,0.0012947932118549943,VIT768,0.9847407341003418
2026,2,109,0.001248756772838533,VIT768,0.9731636047363281
2026,2,110,0.0012285708216950297,VIT768,0.9840749502182007
2026,2,111,0.00120533665176481,VIT768,0.9810674786567688
2026,2,112,0.0011820760555565357,VIT768,0.9761595726013184
2026,2,113,0.001174971112050116,VIT768,0.9813385009765625
2026,2,114,0.0011468767188489437,VIT768,0.9420055150985718
2026,2,115,0.001131035853177309,VIT768,0.9824297428131104
2026,2,116,0.0011266183573752642,VIT768,0.9547145366668701
2026,2,117,0.0011075729271396995,VIT768,0.9826319813728333
2026,2,118,0.001092666876502335,VIT768,0.9839808940887451
2026,2,119,0.0010794858681038022,VIT768,0.9800838232040405
2026,2,120,0.0010496501345187426,VIT768,0.9565285444259644
2026,2,121,0.001043757889419794,VIT768,0.980172872543335
2026,2,122,0.0010363925248384476,VIT768,0.984190046787262
2026,2,123,0.001014653709717095,VIT768,0.9710811972618103
2026,2,124,0.0009753194754011929,VIT768,0.9911022186279297
2026,2,125,0.0009667417034506798,VIT768,0.9796788692474365
2026,2,126,0.0009507344220764935,VIT768,0.9860819578170776
2026,2,127,0.0009429929195903242,VIT768,0.9935138821601868
2026,2,128,0.0009138636523857713,VIT768,0.9763280749320984
2026,3,1,0.11225109547376633,COLOR9,0.015732361003756523
2026,3,2,0.06499087810516357,COLOR9,0.007880057208240032
2026,3,3,0.06131644546985626,COLOR9,0.010208255611360073
2026,3,4,0.055490750819444656,COLOR9,0.016243306919932365
2026,3,5,0.03678526729345322,COLOR9,0.0029762897174805403
2026,3,6,0.03296652436256409,COLOR9,0.022312350571155548
2026,3,7,0.032556552439928055,COLOR9,0.011185729876160622
2026,3,8,0.02599276974797249,COLOR9,0.017863377928733826
2026,3,9,0.024885855615139008,COLOR9,0.0023481016978621483
2026,3,10,0.020179852843284607,COLOR9,0.0013069920241832733
2026,3,11,0.01927229017019272,COLOR9,0.007858183234930038
2026,3,12,0.017319627106189728,COLOR9,0.008210420608520508
2026,3,13,0.01541068870574236,COLOR9,0.017094900831580162
2026,3,14,0.015123591758310795,COLOR9,0.00879708956927061
2026,3,15,0.012749078683555126,COLOR9,0.011249526403844357
2026,3,16,0.01254316046833992,COLOR9,0.011311792768537998
2026,3,17,0.012121117673814297,COLOR9,0.028535712510347366
2026,3,18,0.011561930179595947,COLOR9,0.00269999448210001
2026,3,19,0.010694687254726887,COLOR9,0.009272071532905102
2026,3,20,0.009878789074718952,COLOR9,0.005880990996956825
2026,3,21,0.009556425735354424,COLOR9,0.010044152848422527
2026,3,22,0.009031753987073898,COLOR9,0.007258234545588493
2026,3,23,0.008870584890246391,COLOR9,0.01599762961268425
2026,3,24,0.008355348370969296,COLOR9,0.010321177542209625
2026,3,25,0.007986968383193016,COLOR9,0.006035191938281059
2026,3,26,0.007656125817447901,COLOR9,0.005091965198516846
2026,3,27,0.0071241594851017,COLOR9,0.010610667057335377
2026,3,28,0.0070696608163416386,COLOR9,0.010224726982414722
2026,3,29,0.0067044273018836975,COLOR9,0.003402524394914508
2026,3,30,0.006636659614741802,COLOR9,0.011241634376347065
2026,3,31,0.006263383664190769,COLOR9,0.012167737819254398
2026,3,32,0.006049071904271841,COLOR9,0.007068776525557041
2026,3,33,0.005858494900166988,COLOR9,0.006431041285395622
2026,3,34,0.005772338714450598,COLOR9,0.0073118251748383045
2026,3,35,0.0057209511287510395,COLOR9,0.02823629043996334
2026,3,36,0.005476005375385284,COLOR9,0.009186283685266972
2026,3,37,0.005137655418366194,COLOR9,0.008760440163314342
2026,3,38,0.004922221414744854,COLOR9,0.009757453575730324
2026,3,39,0.004850219935178757,COLOR9,0.010903543792665005
2026,3,40,0.0047093648463487625,COLOR9,0.005739133805036545
2026,3,41,0.00452924519777298,COLOR9,0.016500063240528107
2026,3,42,0.004429088905453682,COLOR9,0.008174581453204155
2026,3,43,0.004302020650357008,COLOR9,0.007170150522142649
2026,3,44,0.004250574391335249,COLOR9,0.015191813930869102
2026,3,45,0.004068970680236816,COLOR9,0.020453309640288353
2026,3,46,0.004043541848659515,COLOR9,0.01132397074252367
2026,3,47,0.003946197684854269,COLOR9,0.036712706089019775
2026,3,48,0.003916925750672817,COLOR9,0.009690962731838226
2026,3,49,0.0038412180729210377,COLOR9,0.006729051470756531
2026,3,50,0.0037267589941620827,COLOR9,0.0027230551932007074
2026,3,51,0.003613607259467244,COLOR9,0.0034078392200171947
2026,3,52,0.0034716143272817135,COLOR9,0.00342369033023715
2026,3,53,0.0034536055754870176,COLOR9,0.006751949433237314
2026,3,54,0.003442221786826849,COLOR9,0.006055915728211403
2026,3,55,0.0033196695148944855,COLOR9,0.017263662070035934
2026,3,56,0.0031924487557262182,COLOR9,0.0057836370542645454
2026,3,57,0.003119236556813121,COLOR9,0.026946518570184708
2026,3,58,0.0030222635250538588,COLOR9,0.008921535685658455
2026,3,59,0.0030038822442293167,COLOR9,0.005082978401333094
2026,3,60,0.00290565169416368,COLOR9,0.03386705368757248
2026,3,61,0.002865891670808196,COLOR9,0.013089019805192947
2026,3,62,0.002822811948135495,COLOR9,0.009443254210054874
2026,3,63,0.002744366880506277,COLOR9,0.008447729051113129
2026,3,64,0.0026697376742959023,COLOR9,0.01267798151820898
2026,3,65,0.0026651397347450256,COLOR9,0.0134114446118474
2026,3,66,0.0025767830666154623,COLOR9,0.018418440595269203
2026,3,67,0.002487362362444401,COLOR9,0.009379317983984947
2026,3,68,0.0024534789845347404,COLOR9,0.005962949711829424
2026,3,69,0.002423059893772006,COLOR9,0.009889926761388779
2026,3,70,0.0023751917760819197,COLOR9,0.006779584567993879
2026,3,71,0.002339943079277873,COLOR9,0.004961105529218912
2026,3,72,0.0023041339591145515,COLOR9,0.006738846655935049
2026,3,73,0.002236861502751708,COLOR9,0.02040974795818329
2026,3,74,0.0022189703304320574,COLOR9,0.0033094175159931183
2026,3,75,0.0021980940364301205,COLOR9,0.0032978802919387817
2026,3,76,0.00212302734144032,COLOR9,0.018675753846764565
2026,3,77,0.002055056393146515,COLOR9,0.008704938925802708
2026,3,78,0.002046173671260476,COLOR9,0.0075101954862475395
2026,3,79,0.002006764290854335,COLOR9,0.01036332082003355
2026,3,80,0.0019876202568411827,COLOR9,0.0047132596373558044
2026,3,81,0.001968171214684844,COLOR9,0.007336357608437538
2026,3,82,0.0019256554078310728,COLOR9,0.029464928433299065
2026,3,83,0.001912332489155233,COLOR9,0.011483496055006981
2026,3,84,0.0018487345660105348,COLOR9,0.006485700607299805
2026,3,85,0.0018361416878178716,COLOR9,0.0054008616134524345
2026,3,86,0.0018070769729092717,COLOR9,0.008499565534293652
2026,3,87,0.0017732734559103847,COLOR9,0.0076393443159759045
2026,3,88,0.0017627776833251119,COLOR9,0.004618843086063862
2026,3,89,0.0017508529126644135,COLOR9,0.005108198616653681
2026,3,90,0.0016932508442550898,COLOR9,0.007676632143557072
2026,3,91,0.0016796209383755922,COLOR9,0.02101801335811615
2026,3,92,0.0016328030033037066,COLOR9,0.011933558620512486
2026,3,93,0.0016229171305894852,COLOR9,0.004805075936019421
2026,3,94,0.0015635807067155838,COLOR9,0.01360858790576458
2026,3,95,0.0015517185674980283,COLOR9,0.0025681140832602978
2026,3,96,0.0015386854065582156,COLOR9,0.017385561019182205
2026,3,97,0.0015094735426828265,COLOR9,0.008180929347872734
2026,3,98,0.0014907249715179205,COLOR9,0.01279753539711237
2026,3,99,0.0014765206724405289,COLOR9,0.016652151942253113
2026,3,100,0.0014567156322300434,COLOR9,0.023800384253263474
2026,3,101,0.0014432317111641169,COLOR9,0.011237050406634808
2026,3,102,0.001396797364577651,COLOR9,0.020493939518928528
2026,3,103,0.0013853522250428796,COLOR9,0.011350253596901894
2026,3,104,0.0013468811521306634,COLOR9,0.00943521037697792
2026,3,105,0.0013429856626316905,COLOR9,0.013203263282775879
2026,3,106,0.001311517204158008,COLOR9,0.0022518886253237724
2026,3,107,0.0013018874451518059,COLOR9,0.0075097884982824326
2026,3,108,0.0012665551621466875,COLOR9,0.008587169460952282
2026,3,109,0.0012470895890146494,COLOR9,0.005506520159542561
2026,3,110,0.001214361283928156,COLOR9,0.0079191280528903
2026,3,111,0.0011803259840235114,COLOR9,0.00628012977540493
2026,3,112,0.0011724147479981184,COLOR9,0.02273854985833168
2026,3,113,0.0011671443935483694,COLOR9,0.012712990865111351
2026,3,114,0.001149205956608057,COLOR9,0.0046423557214438915
2026,3,115,0.0011386665282770991,COLOR9,0.015565133653581142
2026,3,116,0.0011251427931711078,COLOR9,0.002645268104970455
2026,3,117,0.0011171167716383934,COLOR9,0.006402303464710712
2026,3,118,0.0010839455062523484,COLOR9,0.02446666546165943
2026,3,119,0.0010767070343717933,COLOR9,0.005773140117526054
2026,3,120,0.001054296619258821,COLOR9,0.009359190240502357
2026,3,121,0.001042488613165915,COLOR9,0.015728149563074112
2026,3,122,0.001011435640975833,COLOR9,0.004777441266924143
2026,3,123,0.0009927880018949509,COLOR9,0.011810981668531895
2026,3,124,0.0009641373180784285,COLOR9,0.005257316865026951
2026,3,125,0.0009549969690851867,COLOR9,0.011125560849905014
2026,3,126,0.0009346867445856333,COLOR9,0.02244863286614418
2026,3,127,0.000924367574043572,COLOR9,0.0054969326592981815
2026,3,128,0.0009188175317831337,COLOR9,0.01734616979956627
2026,3,1,0.11225109547376633,LBP18,0.10001040995121002
2026,3,2,0.06499087810516357,LBP18,0.009918205440044403
2026,3,3,0.06131644546985626,LBP18,0.00882202573120594
2026,3,4,0.055490750819444656,LBP18,0.008978301659226418
2026,3,5,0.03678526729345322,LBP18,0.0007323985337279737
2026,3,6,0.03296652436256409,LBP18,0.02344934083521366
2026,3,7,0.032556552439928055,LBP18,0.034439489245414734
2026,3,8,0.02599276974797249,LBP18,0.002677219919860363
2026,3,9,0.024885855615139008,LBP18,0.02056688815355301
2026,3,10,0.020179852843284607,LBP18,0.0025766505859792233
2026,3,11,0.01927229017019272,LBP18,0.011082871817052364
2026,3,12,0.017319627106189728,LBP18,0.01426862645894289
2026,3,13,0.01541068870574236,LBP18,0.02459709160029888
2026,3,14,0.015123591758310795,LBP18,0.004670011345297098
2026,3,15,0.012749078683555126,LBP18,0.03709547221660614
2026,3,16,0.01254316046833992,LBP18,0.006237332243472338
2026,3,17,0.012121117673814297,LBP18,0.06996733695268631
2026,3,18,0.011561930179595947,LBP18,0.01422202866524458
2026,3,19,0.010694687254726887,LBP18,0.017749445512890816
2026,3,20,0.009878789074718952,LBP18,0.00923234038054943
2026,3,21,0.009556425735354424,LBP18,0.0016730077331885695
2026,3,22,0.009031753987073898,LBP18,0.008946622721850872
2026,3,23,0.008870584890246391,LBP18,0.031064825132489204
2026,3,24,0.008355348370969296,LBP18,0.005369273480027914
2026,3,25,0.007986968383193016,LBP18,0.014419269748032093
2026,3,26,0.007656125817447901,LBP18,0.014139913022518158
2026,3,27,0.0071241594851017,LBP18,0.0024932275991886854
2026,3,28,0.0070696608163416386,LBP18,0.006157112307846546
2026,3,29,0.0067044273018836975,LBP18,0.06520001590251923
2026,3,30,0.006636659614741802,LBP18,0.019262177869677544
2026,3,31,0.006263383664190769,LBP18,0.03719257190823555
2026,3,32,0.006049071904271841,LBP18,0.02723359689116478
2026,3,33,0.005858494900166988,LBP18,0.02234584651887417
2026,3,34,0.005772338714450598,LBP18,0.005955560598522425
2026,3,35,0.0057209511287510395,LBP18,0.013731303624808788
2026,3,36,0.005476005375385284,LBP18,0.0226864293217659
2026,3,37,0.005137655418366194,LBP18,0.011562720872461796
2026,3,38,0.004922221414744854,LBP18,0.011193426325917244
2026,3,39,0.004850219935178757,LBP18,0.00637076236307621
2026,3,40,0.0047093648463487625,LBP18,0.04500683769583702
2026,3,41,0.00452924519777298,LBP18,0.005072351545095444
2026,3,42,0.004429088905453682,LBP18,0.013148355297744274
2026,3,43,0.004302020650357008,LBP18,0.007955381646752357
2026,3,44,0.004250574391335249,LBP18,0.011779498308897018
2026,3,45,0.004068970680236816,LBP18,0.009202839806675911
2026,3,46,0.004043541848659515,LBP18,0.0021809942554682493
2026,3,47,0.003946197684854269,LBP18,0.002741315169259906
2026,3,48,0.003916925750672817,LBP18,0.00958303827792406
2026,3,49,0.0038412180729210377,LBP18,0.0036967741325497627
2026,3,50,0.0037267589941620827,LBP18,0.0061514293774962425
2026,3,51,0.003613607259467244,LBP18,0.011257888749241829
2026,3,52,0.0034716143272817135,LBP18,0.005198993720114231
2026,3,53,0.0034536055754870176,LBP18,0.016576964408159256
2026,3,54,0.003442221786826849,LBP18,0.005878084804862738
2026,3,55,0.0033196695148944855,LBP18,0.0014391790609806776
2026,3,56,0.0031924487557262182,LBP18,0.00782901793718338
2026,3,57,0.003119236556813121,LBP18,0.006549396552145481
2026,3,58,0.0030222635250538588,LBP18,0.0013798114378005266
2026,3,59,0.0030038822442293167,LBP18,0.030558742582798004
2026,3,60,0.00290565169416368,LBP18,0.004061512183398008
2026,3,61,0.002865891670808196,LBP18,0.007551439572125673
2026,3,62,0.002822811948135495,LBP18,0.00559884961694479
2026,3,63,0.002744366880506277,LBP18,0.003762612584978342
2026,3,64,0.0026697376742959023,LBP18,0.0054448992013931274
2026,3,65,0.0026651397347450256,LBP18,0.0030676850583404303
2026,3,66,0.0025767830666154623,LBP18,0.002191719366237521
2026,3,67,0.002487362362444401,LBP18,0.0045085567981004715
2026,3,68,0.0024534789845347404,LBP18,0.009467952884733677
2026,3,69,0.002423059893772006,LBP18,0.02010248973965645
2026,3,70,0.0023751917760819197,LBP18,0.005664797965437174
2026,3,71,0.002339943079277873,LBP18,0.02694079838693142
2026,3,72,0.0023041339591145515,LBP18,0.007461676374077797
2026,3,73,0.002236861502751708,LBP18,0.0051659406162798405
2026,3,74,0.0022189703304320574,LBP18,0.005204539280384779
2026,3,75,0.0021980940364301205,LBP18,0.0024571081157773733
2026,3,76,0.00212302734144032,LBP18,0.014588119462132454
2026,3,77,0.002055056393146515,LBP18,0.0015968609368428588
2026,3,78,0.002046173671260476,LBP18,0.004882102832198143
2026,3,79,0.002006764290854335,LBP18,0.004812648985534906
2026,3,80,0.0019876202568411827,LBP18,0.004425185266882181
2026,3,81,0.001968171214684844,LBP18,0.010810526087880135
2026,3,82,0.0019256554078310728,LBP18,0.0020260056480765343
2026,3,83,0.001912332489155233,LBP18,0.00625230185687542
2026,3,84,0.0018487345660105348,LBP18,0.0037696450017392635
2026,3,85,0.0018361416878178716,LBP18,0.003956544678658247
2026,3,86,0.0018070769729092717,LBP18,0.0025327205657958984
2026,3,87,0.0017732734559103847,LBP18,0.001292250701226294
2026,3,88,0.0017627776833251119,LBP18,0.0029107090085744858
2026,3,89,0.0017508529126644135,LBP18,0.004907448310405016
2026,3,90,0.0016932508442550898,LBP18,0.005966776981949806
2026,3,91,0.0016796209383755922,LBP18,0.001488798065111041
2026,3,92,0.0016328030033037066,LBP18,0.005660377908498049
2026,3,93,0.0016229171305894852,LBP18,0.0024243334773927927
2026,3,94,0.0015635807067155838,LBP18,0.011628855019807816
2026,3,95,0.0015517185674980283,LBP18,0.0023093961644917727
2026,3,96,0.0015386854065582156,LBP18,0.006651991046965122
2026,3,97,0.0015094735426828265,LBP18,0.0063565634191036224
2026,3,98,0.0014907249715179205,LBP18,0.0026390759740024805
2026,3,99,0.0014765206724405289,LBP18,0.00686122290790081
2026,3,100,0.0014567156322300434,LBP18,0.002657819539308548
2026,3,101,0.0014432317111641169,LBP18,0.005044904537498951
2026,3,102,0.001396797364577651,LBP18,0.00869893841445446
2026,3,103,0.0013853522250428796,LBP18,0.0014446693239733577
2026,3,104,0.0013468811521306634,LBP18,0.006850614678114653
2026,3,105,0.0013429856626316905,LBP18,0.002389682224020362
2026,3,106,0.001311517204158008,LBP18,0.007357007823884487
2026,3,107,0.0013018874451518059,LBP18,0.003795392345637083
2026,3,108,0.0012665551621466875,LBP18,0.010055307298898697
2026,3,109,0.0012470895890146494,LBP18,0.003105517942458391
2026,3,110,0.001214361283928156,LBP18,0.0035837083123624325
2026,3,111,0.0011803259840235114,LBP18,0.02203338034451008
2026,3,112,0.0011724147479981184,LBP18,0.00840429961681366
2026,3,113,0.0011671443935483694,LBP18,0.0016838015289977193
2026,3,114,0.001149205956608057,LBP18,0.009473665617406368
2026,3,115,0.0011386665282770991,LBP18,0.002741207368671894
2026,3,116,0.0011251427931711078,LBP18,0.0074965511448681355
2026,3,117,0.0011171167716383934,LBP18,0.006428160704672337
2026,3,118,0.0010839455062523484,LBP18,0.0028879200108349323
2026,3,119,0.0010767070343717933,LBP18,0.010204961523413658
2026,3,120,0.001054296619258821,LBP18,0.0132417818531394
2026,3,121,0.001042488613165915,LBP18,0.0025760263670235872
2026,3,122,0.001011435640975833,LBP18,0.00848687905818224
2026,3,123,0.0009927880018949509,LBP18,0.0011825099354609847
2026,3,124,0.0009641373180784285,LBP18,0.006776905618607998
2026,3,125,0.0009549969690851867,LBP18,0.0036053608637303114
2026,3,126,0.0009346867445856333,LBP18,0.008014385588467121
2026,3,127,0.000924367574043572,LBP18,0.0100557841360569
2026,3,128,0.0009188175317831337,LBP18,0.00555106857791543
2026,3,1,0.11225109547376633,HARALICK5,0.006582080386579037
2026,3,2,0.06499087810516357,HARALICK5,0.015483963303267956
2026,3,3,0.06131644546985626,HARALICK5,0.007706526201218367
2026,3,4,0.055490750819444656,HARALICK5,0.010186117142438889
2026,3,5,0.03678526729345322,HARALICK5,0.0012105285422876477
2026,3,6,0.03296652436256409,HARALICK5,0.002142712939530611
2026,3,7,0.032556552439928055,HARALICK5,0.007952680811285973
2026,3,8,0.02599276974797249,HARALICK5,0.0044034309685230255
2026,3,9,0.024885855615139008,HARALICK5,0.005824903957545757
2026,3,10,0.020179852843284607,HARALICK5,0.0012042999733239412
2026,3,11,0.01927229017019272,HARALICK5,0.004144006408751011
2026,3,12,0.017319627106189728,HARALICK5,0.0033056132961064577
2026,3,13,0.01541068870574236,HARALICK5,0.0009460324072279036
2026,3,14,0.015123591758310795,HARALICK5,0.00498945964500308
2026,3,15,0.012749078683555126,HARALICK5,0.002019694307819009
2026,3,16,0.01254316046833992,HARALICK5,0.012838468886911869
2026,3,17,0.012121117673814297,HARALICK5,0.007035286631435156
2026,3,18,0.011561930179595947,HARALICK5,0.0004928236012347043
2026,3,19,0.010694687254726887,HARALICK5,0.004230453632771969
2026,3,20,0.009878789074718952,HARALICK5,0.011514456942677498
2026,3,21,0.009556425735354424,HARALICK5,0.005044975783675909
2026,3,22,0.009031753987073898,HARALICK5,0.0021438198164105415
2026,3,23,0.008870584890246391,HARALICK5,0.013851349242031574
2026,3,24,0.008355348370969296,HARALICK5,0.00192935555242002
2026,3,25,0.007986968383193016,HARALICK5,0.001392578356899321
2026,3,26,0.007656125817447901,HARALICK5,0.004567269701510668
2026,3,27,0.0071241594851017,HARALICK5,0.0020473706535995007
2026,3,28,0.0070696608163416386,HARALICK5,0.0050109815783798695
2026,3,29,0.0067044273018836975,HARALICK5,0.009607000276446342
2026,3,30,0.006636659614741802,HARALICK5,0.02747904323041439
2026,3,31,0.006263383664190769,HARALICK5,0.005301219876855612
2026,3,32,0.006049071904271841,HARALICK5,0.0022655862849205732
2026,3,33,0.005858494900166988,HARALICK5,0.001036407775245607
2026,3,34,0.005772338714450598,HARALICK5,0.0008127856999635696
2026,3,35,0.0057209511287510395,HARALICK5,0.018574900925159454
2026,3,36,0.005476005375385284,HARALICK5,0.004456584807485342
2026,3,37,0.005137655418366194,HARALICK5,0.006439466495066881
2026,3,38,0.004922221414744854,HARALICK5,0.0036892155185341835
2026,3,39,0.004850219935178757,HARALICK5,0.00113418058026582
2026,3,40,0.0047093648463487625,HARALICK5,0.009299926459789276
2026,3,41,0.00452924519777298,HARALICK5,0.002132224617525935
2026,3,42,0.004429088905453682,HARALICK5,0.001930057886056602
2026,3,43,0.004302020650357008,HARALICK5,0.0016392422839999199
2026,3,44,0.004250574391335249,HARALICK5,0.005883572623133659
2026,3,45,0.004068970680236816,HARALICK5,0.006630028132349253
2026,3,46,0.004043541848659515,HARALICK5,0.0025849121157079935
2026,3,47,0.003946197684854269,HARALICK5,0.0009822333231568336
2026,3,48,0.003916925750672817,HARALICK5,0.000437018257798627
2026,3,49,0.0038412180729210377,HARALICK5,0.0023074366617947817
2026,3,50,0.0037267589941620827,HARALICK5,0.0015731861349195242
2026,3,51,0.003613607259467244,HARALICK5,0.003703570459038019
2026,3,52,0.0034716143272817135,HARALICK5,0.0012832183856517076
2026,3,53,0.0034536055754870176,HARALICK5,0.0036409609019756317
2026,3,54,0.003442221786826849,HARALICK5,0.0044976212084293365
2026,3,55,0.0033196695148944855,HARALICK5,0.006361705716699362
2026,3,56,0.0031924487557262182,HARALICK5,0.005312894470989704
2026,3,57,0.003119236556813121,HARALICK5,0.013423324562609196
2026,3,58,0.0030222635250538588,HARALICK5,0.006207669153809547
2026,3,59,0.0030038822442293167,HARALICK5,0.011937031522393227
2026,3,60,0.00290565169416368,HARALICK5,0.006594512145966291
2026,3,61,0.002865891670808196,HARALICK5,0.004349325317889452
2026,3,62,0.002822811948135495,HARALICK5,0.001854596077464521
2026,3,63,0.002744366880506277,HARALICK5,0.012078060768544674
2026,3,64,0.0026697376742959023,HARALICK5,0.002087309490889311
2026,3,65,0.0026651397347450256,HARALICK5,0.0043910169042646885
2026,3,66,0.0025767830666154623,HARALICK5,0.012280883267521858
2026,3,67,0.002487362362444401,HARALICK5,0.0027549448423087597
2026,3,68,0.0024534789845347404,HARALICK5,0.0002515314263291657
2026,3,69,0.002423059893772006,HARALICK5,0.007294614799320698
2026,3,70,0.0023751917760819197,HARALICK5,0.002235863357782364
2026,3,71,0.002339943079277873,HARALICK5,0.019844550639390945
2026,3,72,0.0023041339591145515,HARALICK5,0.017041698098182678
2026,3,73,0.002236861502751708,HARALICK5,0.0030210702680051327
2026,3,74,0.0022189703304320574,HARALICK5,0.005617411341518164
2026,3,75,0.0021980940364301205,HARALICK5,0.0014854406472295523
2026,3,76,0.00212302734144032,HARALICK5,0.01370289921760559
2026,3,77,0.002055056393146515,HARALICK5,0.0020036622881889343
2026,3,78,0.002046173671260476,HARALICK5,0.0025897049345076084
2026,3,79,0.002006764290854335,HARALICK5,0.0074918512254953384
2026,3,80,0.0019876202568411827,HARALICK5,0.003496267832815647
2026,3,81,0.001968171214684844,HARALICK5,0.002994001843035221
2026,3,82,0.0019256554078310728,HARALICK5,0.0004478833870962262
2026,3,83,0.001912332489155233,HARALICK5,0.001821860671043396
2026,3,84,0.0018487345660105348,HARALICK5,0.002187201753258705
2026,3,85,0.0018361416878178716,HARALICK5,0.0013202549889683723
2026,3,86,0.0018070769729092717,HARALICK5,0.0021286732517182827
2026,3,87,0.0017732734559103847,HARALICK5,0.003842931007966399
2026,3,88,0.0017627776833251119,HARALICK5,0.0008208023500628769
2026,3,89,0.0017508529126644135,HARALICK5,0.009487725794315338
2026,3,90,0.0016932508442550898,HARALICK5,0.0032235169783234596
2026,3,91,0.0016796209383755922,HARALICK5,0.0068436297588050365
2026,3,92,0.0016328030033037066,HARALICK5,0.0022857182193547487
2026,3,93,0.0016229171305894852,HARALICK5,0.005531008820980787
2026,3,94,0.0015635807067155838,HARALICK5,0.007409479469060898
2026,3,95,0.0015517185674980283,HARALICK5,0.0021273999009281397
2026,3,96,0.0015386854065582156,HARALICK5,0.0031798616982996464
2026,3,97,0.0015094735426828265,HARALICK5,0.003971322439610958
2026,3,98,0.0014907249715179205,HARALICK5,0.004068531095981598
2026,3,99,0.0014765206724405289,HARALICK5,0.00604204460978508
2026,3,100,0.0014567156322300434,HARALICK5,0.0008542847936041653
2026,3,101,0.0014432317111641169,HARALICK5,0.009375020861625671
2026,3,102,0.001396797364577651,HARALICK5,0.0067367530427873135
2026,3,103,0.0013853522250428796,HARALICK5,0.002423049882054329
2026,3,104,0.0013468811521306634,HARALICK5,0.003487125039100647
2026,3,105,0.0013429856626316905,HARALICK5,0.002753004664555192
2026,3,106,0.001311517204158008,HARALICK5,0.0027818577364087105
2026,3,107,0.0013018874451518059,HARALICK5,0.0023814307060092688
2026,3,108,0.0012665551621466875,HARALICK5,0.007709012366831303
2026,3,109,0.0012470895890146494,HARALICK5,0.006484870798885822
2026,3,110,0.001214361283928156,HARALICK5,0.007815119810402393
2026,3,111,0.0011803259840235114,HARALICK5,0.0033732918091118336
2026,3,112,0.0011724147479981184,HARALICK5,0.006882986985146999
2026,3,113,0.0011671443935483694,HARALICK5,0.005636327434331179
2026,3,114,0.001149205956608057,HARALICK5,0.010059526190161705
2026,3,115,0.0011386665282770991,HARALICK5,0.00688343308866024
2026,3,116,0.0011251427931711078,HARALICK5,0.001743823871947825
2026,3,117,0.0011171167716383934,HARALICK5,0.0030506476759910583
2026,3,118,0.0010839455062523484,HARALICK5,0.0014709257520735264
2026,3,119,0.0010767070343717933,HARALICK5,0.007491639349609613
2026,3,120,0.001054296619258821,HARALICK5,0.0002281688794028014
2026,3,121,0.001042488613165915,HARALICK5,0.0007745719631202519
2026,3,122,0.001011435640975833,HARALICK5,0.004673045594245195
2026,3,123,0.0009927880018949509,HARALICK5,0.004660758655518293
2026,3,124,0.0009641373180784285,HARALICK5,0.0019349351059645414
2026,3,125,0.0009549969690851867,HARALICK5,0.005071781110018492
2026,3,126,0.0009346867445856333,HARALICK5,0.018268711864948273
2026,3,127,0.000924367574043572,HARALICK5,0.006947641260921955
2026,3,128,0.0009188175317831337,HARALICK5,0.003679933724924922
2026,3,1,0.11225109547376633,ALL_HANDCRAFTED32,0.1223248541355133
2026,3,2,0.06499087810516357,ALL_HANDCRAFTED32,0.03328222781419754
2026,3,3,0.06131644546985626,ALL_HANDCRAFTED32,0.026736807078123093
2026,3,4,0.055490750819444656,ALL_HANDCRAFTED32,0.03540772572159767
2026,3,5,0.03678526729345322,ALL_HANDCRAFTED32,0.0049192169681191444
2026,3,6,0.03296652436256409,ALL_HANDCRAFTED32,0.04790440574288368
2026,3,7,0.032556552439928055,ALL_HANDCRAFTED32,0.05357789993286133
2026,3,8,0.02599276974797249,ALL_HANDCRAFTED32,0.02494402974843979
2026,3,9,0.024885855615139008,ALL_HANDCRAFTED32,0.028739893808960915
2026,3,10,0.020179852843284607,ALL_HANDCRAFTED32,0.0050879428163170815
2026,3,11,0.01927229017019272,ALL_HANDCRAFTED32,0.023085061460733414
2026,3,12,0.017319627106189728,ALL_HANDCRAFTED32,0.025784660130739212
2026,3,13,0.01541068870574236,ALL_HANDCRAFTED32,0.04263801872730255
2026,3,14,0.015123591758310795,ALL_HANDCRAFTED32,0.018456559628248215
2026,3,15,0.012749078683555126,ALL_HANDCRAFTED32,0.050364695489406586
2026,3,16,0.01254316046833992,ALL_HANDCRAFTED32,0.030387595295906067
2026,3,17,0.012121117673814297,ALL_HANDCRAFTED32,0.10553833842277527
2026,3,18,0.011561930179595947,ALL_HANDCRAFTED32,0.017414847388863564
2026,3,19,0.010694687254726887,ALL_HANDCRAFTED32,0.031251970678567886
2026,3,20,0.009878789074718952,ALL_HANDCRAFTED32,0.026627790182828903
2026,3,21,0.009556425735354424,ALL_HANDCRAFTED32,0.016762135550379753
2026,3,22,0.009031753987073898,ALL_HANDCRAFTED32,0.018348675221204758
2026,3,23,0.008870584890246391,ALL_HANDCRAFTED32,0.060913801193237305
2026,3,24,0.008355348370969296,ALL_HANDCRAFTED32,0.01761980727314949
2026,3,25,0.007986968383193016,ALL_HANDCRAFTED32,0.021847039461135864
2026,3,26,0.007656125817447901,ALL_HANDCRAFTED32,0.023799147456884384
2026,3,27,0.0071241594851017,ALL_HANDCRAFTED32,0.01515126507729292
2026,3,28,0.0070696608163416386,ALL_HANDCRAFTED32,0.02139282040297985
2026,3,29,0.0067044273018836975,ALL_HANDCRAFTED32,0.0782095417380333
2026,3,30,0.006636659614741802,ALL_HANDCRAFTED32,0.05798285827040672
2026,3,31,0.006263383664190769,ALL_HANDCRAFTED32,0.05466153472661972
2026,3,32,0.006049071904271841,ALL_HANDCRAFTED32,0.03656795993447304
2026,3,33,0.005858494900166988,ALL_HANDCRAFTED32,0.029813293367624283
2026,3,34,0.005772338714450598,ALL_HANDCRAFTED32,0.014080172404646873
2026,3,35,0.0057209511287510395,ALL_HANDCRAFTED32,0.06054249405860901
2026,3,36,0.005476005375385284,ALL_HANDCRAFTED32,0.03632929548621178
2026,3,37,0.005137655418366194,ALL_HANDCRAFTED32,0.02676262892782688
2026,3,38,0.004922221414744854,ALL_HANDCRAFTED32,0.024640096351504326
2026,3,39,0.004850219935178757,ALL_HANDCRAFTED32,0.018408486619591713
2026,3,40,0.0047093648463487625,ALL_HANDCRAFTED32,0.06004589796066284
2026,3,41,0.00452924519777298,ALL_HANDCRAFTED32,0.023704640567302704
2026,3,42,0.004429088905453682,ALL_HANDCRAFTED32,0.02325299382209778
2026,3,43,0.004302020650357008,ALL_HANDCRAFTED32,0.016764774918556213
2026,3,44,0.004250574391335249,ALL_HANDCRAFTED32,0.03285488486289978
2026,3,45,0.004068970680236816,ALL_HANDCRAFTED32,0.03628617897629738
2026,3,46,0.004043541848659515,ALL_HANDCRAFTED32,0.016089875251054764
2026,3,47,0.003946197684854269,ALL_HANDCRAFTED32,0.04043625295162201
2026,3,48,0.003916925750672817,ALL_HANDCRAFTED32,0.019711019471287727
2026,3,49,0.0038412180729210377,ALL_HANDCRAFTED32,0.012733262032270432
2026,3,50,0.0037267589941620827,ALL_HANDCRAFTED32,0.010447670705616474
2026,3,51,0.003613607259467244,ALL_HANDCRAFTED32,0.018369298428297043
2026,3,52,0.0034716143272817135,ALL_HANDCRAFTED32,0.009905901737511158
2026,3,53,0.0034536055754870176,ALL_HANDCRAFTED32,0.026969872415065765
2026,3,54,0.003442221786826849,ALL_HANDCRAFTED32,0.016431622207164764
2026,3,55,0.0033196695148944855,ALL_HANDCRAFTED32,0.02506454661488533
2026,3,56,0.0031924487557262182,ALL_HANDCRAFTED32,0.01892554946243763
2026,3,57,0.003119236556813121,ALL_HANDCRAFTED32,0.046919237822294235
2026,3,58,0.0030222635250538588,ALL_HANDCRAFTED32,0.01650901511311531
2026,3,59,0.0030038822442293167,ALL_HANDCRAFTED32,0.04757875204086304
2026,3,60,0.00290565169416368,ALL_HANDCRAFTED32,0.044523075222969055
2026,3,61,0.002865891670808196,ALL_HANDCRAFTED32,0.024989783763885498
2026,3,62,0.002822811948135495,ALL_HANDCRAFTED32,0.016896698623895645
2026,3,63,0.002744366880506277,ALL_HANDCRAFTED32,0.024288402870297432
2026,3,64,0.0026697376742959023,ALL_HANDCRAFTED32,0.020210187882184982
2026,3,65,0.0026651397347450256,ALL_HANDCRAFTED32,0.0208701454102993
2026,3,66,0.0025767830666154623,ALL_HANDCRAFTED32,0.03289104253053665
2026,3,67,0.002487362362444401,ALL_HANDCRAFTED32,0.016642818227410316
2026,3,68,0.0024534789845347404,ALL_HANDCRAFTED32,0.015682432800531387
2026,3,69,0.002423059893772006,ALL_HANDCRAFTED32,0.03728703409433365
2026,3,70,0.0023751917760819197,ALL_HANDCRAFTED32,0.014680245891213417
2026,3,71,0.002339943079277873,ALL_HANDCRAFTED32,0.05174645408987999
2026,3,72,0.0023041339591145515,ALL_HANDCRAFTED32,0.03124222159385681
2026,3,73,0.002236861502751708,ALL_HANDCRAFTED32,0.02859676070511341
2026,3,74,0.0022189703304320574,ALL_HANDCRAFTED32,0.014131368137896061
2026,3,75,0.0021980940364301205,ALL_HANDCRAFTED32,0.00724042858928442
2026,3,76,0.00212302734144032,ALL_HANDCRAFTED32,0.04696676880121231
2026,3,77,0.002055056393146515,ALL_HANDCRAFTED32,0.01230546273291111
2026,3,78,0.002046173671260476,ALL_HANDCRAFTED32,0.014982003718614578
2026,3,79,0.002006764290854335,ALL_HANDCRAFTED32,0.022667821496725082
2026,3,80,0.0019876202568411827,ALL_HANDCRAFTED32,0.01263471320271492
2026,3,81,0.001968171214684844,ALL_HANDCRAFTED32,0.02114088460803032
2026,3,82,0.0019256554078310728,ALL_HANDCRAFTED32,0.0319388210773468
2026,3,83,0.001912332489155233,ALL_HANDCRAFTED32,0.019557658582925797
2026,3,84,0.0018487345660105348,ALL_HANDCRAFTED32,0.012442546896636486
2026,3,85,0.0018361416878178716,ALL_HANDCRAFTED32,0.010677660815417767
2026,3,86,0.0018070769729092717,ALL_HANDCRAFTED32,0.013160958886146545
2026,3,87,0.0017732734559103847,ALL_HANDCRAFTED32,0.012774525210261345
2026,3,88,0.0017627776833251119,ALL_HANDCRAFTED32,0.008350354619324207
2026,3,89,0.0017508529126644135,ALL_HANDCRAFTED32,0.01950337365269661
2026,3,90,0.0016932508442550898,ALL_HANDCRAFTED32,0.016866926103830338
2026,3,91,0.0016796209383755922,ALL_HANDCRAFTED32,0.029350442811846733
2026,3,92,0.0016328030033037066,ALL_HANDCRAFTED32,0.01987965777516365
2026,3,93,0.0016229171305894852,ALL_HANDCRAFTED32,0.012760418467223644
2026,3,94,0.0015635807067155838,ALL_HANDCRAFTED32,0.032646920531988144
2026,3,95,0.0015517185674980283,ALL_HANDCRAFTED32,0.007004909683018923
2026,3,96,0.0015386854065582156,ALL_HANDCRAFTED32,0.02721741423010826
2026,3,97,0.0015094735426828265,ALL_HANDCRAFTED32,0.01850881427526474
2026,3,98,0.0014907249715179205,ALL_HANDCRAFTED32,0.01950514130294323
2026,3,99,0.0014765206724405289,ALL_HANDCRAFTED32,0.029555419459939003
2026,3,100,0.0014567156322300434,ALL_HANDCRAFTED32,0.02731248550117016
2026,3,101,0.0014432317111641169,ALL_HANDCRAFTED32,0.02565697580575943
2026,3,102,0.001396797364577651,ALL_HANDCRAFTED32,0.03592963144183159
2026,3,103,0.0013853522250428796,ALL_HANDCRAFTED32,0.015217973850667477
2026,3,104,0.0013468811521306634,ALL_HANDCRAFTED32,0.019772948697209358
2026,3,105,0.0013429856626316905,ALL_HANDCRAFTED32,0.018345948308706284
2026,3,106,0.001311517204158008,ALL_HANDCRAFTED32,0.012390755116939545
2026,3,107,0.0013018874451518059,ALL_HANDCRAFTED32,0.013686612248420715
2026,3,108,0.0012665551621466875,ALL_HANDCRAFTED32,0.02635148912668228
2026,3,109,0.0012470895890146494,ALL_HANDCRAFTED32,0.015096908435225487
2026,3,110,0.001214361283928156,ALL_HANDCRAFTED32,0.019317956641316414
2026,3,111,0.0011803259840235114,ALL_HANDCRAFTED32,0.031686797738075256
2026,3,112,0.0011724147479981184,ALL_HANDCRAFTED32,0.038025837391614914
2026,3,113,0.0011671443935483694,ALL_HANDCRAFTED32,0.02003311924636364
2026,3,114,0.001149205956608057,ALL_HANDCRAFTED32,0.024175547063350677
2026,3,115,0.0011386665282770991,ALL_HANDCRAFTED32,0.025189774110913277
2026,3,116,0.0011251427931711078,ALL_HANDCRAFTED32,0.011885643005371094
2026,3,117,0.0011171167716383934,ALL_HANDCRAFTED32,0.015881111845374107
2026,3,118,0.0010839455062523484,ALL_HANDCRAFTED32,0.028825510293245316
2026,3,119,0.0010767070343717933,ALL_HANDCRAFTED32,0.02346973866224289
2026,3,120,0.001054296619258821,ALL_HANDCRAFTED32,0.022829141467809677
2026,3,121,0.001042488613165915,ALL_HANDCRAFTED32,0.019078746438026428
2026,3,122,0.001011435640975833,ALL_HANDCRAFTED32,0.017937365919351578
2026,3,123,0.0009927880018949509,ALL_HANDCRAFTED32,0.01765424944460392
2026,3,124,0.0009641373180784285,ALL_HANDCRAFTED32,0.01396915689110756
2026,3,125,0.0009549969690851867,ALL_HANDCRAFTED32,0.019802704453468323
2026,3,126,0.0009346867445856333,ALL_HANDCRAFTED32,0.048731729388237
2026,3,127,0.000924367574043572,ALL_HANDCRAFTED32,0.022500358521938324
2026,3,128,0.0009188175317831337,ALL_HANDCRAFTED32,0.026577170938253403
2026,3,1,0.11225109547376633,VIT768,0.87767493724823
2026,3,2,0.06499087810516357,VIT768,0.9667178392410278
2026,3,3,0.06131644546985626,VIT768,0.973263144493103
2026,3,4,0.055490750819444656,VIT768,0.9645926356315613
2026,3,5,0.03678526729345322,VIT768,0.9950799942016602
2026,3,6,0.03296652436256409,VIT768,0.9520959258079529
2026,3,7,0.032556552439928055,VIT768,0.9464213848114014
2026,3,8,0.02599276974797249,VIT768,0.975055992603302
2026,3,9,0.024885855615139008,VIT768,0.9712609052658081
2026,3,10,0.020179852843284607,VIT768,0.9949126243591309
2026,3,11,0.01927229017019272,VIT768,0.9769151210784912
2026,3,12,0.017319627106189728,VIT768,0.9742156267166138
2026,3,13,0.01541068870574236,VIT768,0.957362174987793
2026,3,14,0.015123591758310795,VIT768,0.9815441370010376
2026,3,15,0.012749078683555126,VIT768,0.9496356248855591
2026,3,16,0.01254316046833992,VIT768,0.9696130752563477
2026,3,17,0.012121117673814297,VIT768,0.8944617509841919
2026,3,18,0.011561930179595947,VIT768,0.982585608959198
2026,3,19,0.010694687254726887,VIT768,0.9687483310699463
2026,3,20,0.009878789074718952,VIT768,0.9733721017837524
2026,3,21,0.009556425735354424,VIT768,0.9832382202148438
2026,3,22,0.009031753987073898,VIT768,0.9816518425941467
2026,3,23,0.008870584890246391,VIT768,0.9390857815742493
2026,3,24,0.008355348370969296,VIT768,0.9823800325393677
2026,3,25,0.007986968383193016,VIT768,0.9781530499458313
2026,3,26,0.007656125817447901,VIT768,0.9762007594108582
2026,3,27,0.0071241594851017,VIT768,0.9848486185073853
2026,3,28,0.0070696608163416386,VIT768,0.9786074757575989
2026,3,29,0.0067044273018836975,VIT768,0.9217905402183533
2026,3,30,0.006636659614741802,VIT768,0.9420170783996582
2026,3,31,0.006263383664190769,VIT768,0.9453380107879639
2026,3,32,0.006049071904271841,VIT768,0.9634321331977844
2026,3,33,0.005858494900166988,VIT768,0.970186710357666
2026,3,34,0.005772338714450598,VIT768,0.9859196543693542
2026,3,35,0.0057209511287510395,VIT768,0.9394571185112
2026,3,36,0.005476005375385284,VIT768,0.9636706113815308
2026,3,37,0.005137655418366194,VIT768,0.9732373356819153
2026,3,38,0.004922221414744854,VIT768,0.9753599166870117
2026,3,39,0.004850219935178757,VIT768,0.9815912246704102
2026,3,40,0.0047093648463487625,VIT768,0.9399535059928894
2026,3,41,0.00452924519777298,VIT768,0.9762952327728271
2026,3,42,0.004429088905453682,VIT768,0.9767470359802246
2026,3,43,0.004302020650357008,VIT768,0.9832350611686707
2026,3,44,0.004250574391335249,VIT768,0.9671454429626465
2026,3,45,0.004068970680236816,VIT768,0.9637136459350586
2026,3,46,0.004043541848659515,VIT768,0.9839098453521729
2026,3,47,0.003946197684854269,VIT768,0.9595639109611511
2026,3,48,0.003916925750672817,VIT768,0.9802889823913574
2026,3,49,0.0038412180729210377,VIT768,0.9872666597366333
2026,3,50,0.0037267589941620827,VIT768,0.9895526170730591
2026,3,51,0.003613607259467244,VIT768,0.9816306829452515
2026,3,52,0.0034716143272817135,VIT768,0.9900938272476196
2026,3,53,0.0034536055754870176,VIT768,0.9730305671691895
2026,3,54,0.003442221786826849,VIT768,0.9835684299468994
2026,3,55,0.0033196695148944855,VIT768,0.9749356508255005
2026,3,56,0.0031924487557262182,VIT768,0.9810745716094971
2026,3,57,0.003119236556813121,VIT768,0.9530811309814453
2026,3,58,0.0030222635250538588,VIT768,0.9834908843040466
2026,3,59,0.0030038822442293167,VIT768,0.9524211287498474
2026,3,60,0.00290565169416368,VIT768,0.9554772973060608
2026,3,61,0.002865891670808196,VIT768,0.9750105142593384
2026,3,62,0.002822811948135495,VIT768,0.9831033945083618
2026,3,63,0.002744366880506277,VIT768,0.9757115244865417
2026,3,64,0.0026697376742959023,VIT768,0.9797899723052979
2026,3,65,0.0026651397347450256,VIT768,0.9791300296783447
2026,3,66,0.0025767830666154623,VIT768,0.9671086668968201
2026,3,67,0.002487362362444401,VIT768,0.9833571910858154
2026,3,68,0.0024534789845347404,VIT768,0.9843176603317261
2026,3,69,0.002423059893772006,VIT768,0.9627128839492798
2026,3,70,0.0023751917760819197,VIT768,0.9853196144104004
2026,3,71,0.002339943079277873,VIT768,0.9482532739639282
2026,3,72,0.0023041339591145515,VIT768,0.9687573909759521
2026,3,73,0.002236861502751708,VIT768,0.9714033603668213
2026,3,74,0.0022189703304320574,VIT768,0.9858680367469788
2026,3,75,0.0021980940364301205,VIT768,0.9927593469619751
2026,3,76,0.00212302734144032,VIT768,0.9530335068702698
2026,3,77,0.002055056393146515,VIT768,0.9876936674118042
2026,3,78,0.002046173671260476,VIT768,0.9850181341171265
2026,3,79,0.002006764290854335,VIT768,0.9773317575454712
2026,3,80,0.0019876202568411827,VIT768,0.9873648881912231
2026,3,81,0.001968171214684844,VIT768,0.978859007358551
2026,3,82,0.0019256554078310728,VIT768,0.9680609107017517
2026,3,83,0.001912332489155233,VIT768,0.9804419279098511
2026,3,84,0.0018487345660105348,VIT768,0.9875573515892029
2026,3,85,0.0018361416878178716,VIT768,0.9893221855163574
2026,3,86,0.0018070769729092717,VIT768,0.9868383407592773
2026,3,87,0.0017732734559103847,VIT768,0.9872251749038696
2026,3,88,0.0017627776833251119,VIT768,0.9916481971740723
2026,3,89,0.0017508529126644135,VIT768,0.9804964661598206
2026,3,90,0.0016932508442550898,VIT768,0.9831321239471436
2026,3,91,0.0016796209383755922,VIT768,0.970649242401123
2026,3,92,0.0016328030033037066,VIT768,0.9801201820373535
2026,3,93,0.0016229171305894852,VIT768,0.9872397184371948
2026,3,94,0.0015635807067155838,VIT768,0.9673530459403992
2026,3,95,0.0015517185674980283,VIT768,0.9929951429367065
2026,3,96,0.0015386854065582156,VIT768,0.9727826118469238
2026,3,97,0.0015094735426828265,VIT768,0.9814914464950562
2026,3,98,0.0014907249715179205,VIT768,0.9804948568344116
2026,3,99,0.0014765206724405289,VIT768,0.9704446792602539
2026,3,100,0.0014567156322300434,VIT768,0.9726874232292175
2026,3,101,0.0014432317111641169,VIT768,0.974342942237854
2026,3,102,0.001396797364577651,VIT768,0.9640700817108154
2026,3,103,0.0013853522250428796,VIT768,0.9847820997238159
2026,3,104,0.0013468811521306634,VIT768,0.9802268743515015
2026,3,105,0.0013429856626316905,VIT768,0.9816533327102661
2026,3,106,0.001311517204158008,VIT768,0.9876090884208679
2026,3,107,0.0013018874451518059,VIT768,0.9863125085830688
2026,3,108,0.0012665551621466875,VIT768,0.9736486077308655
2026,3,109,0.0012470895890146494,VIT768,0.9849027395248413
2026,3,110,0.001214361283928156,VIT768,0.9806820154190063
2026,3,111,0.0011803259840235114,VIT768,0.9683129191398621
2026,3,112,0.0011724147479981184,VIT768,0.9619742631912231
2026,3,113,0.0011671443935483694,VIT768,0.9799669981002808
2026,3,114,0.001149205956608057,VIT768,0.975824236869812
2026,3,115,0.0011386665282770991,VIT768,0.9748104810714722
2026,3,116,0.0011251427931711078,VIT768,0.9881146550178528
2026,3,117,0.0011171167716383934,VIT768,0.9841190576553345
2026,3,118,0.0010839455062523484,VIT768,0.9711747765541077
2026,3,119,0.0010767070343717933,VIT768,0.9765298366546631
2026,3,120,0.001054296619258821,VIT768,0.9771708250045776
2026,3,121,0.001042488613165915,VIT768,0.9809213876724243
2026,3,122,0.001011435640975833,VIT768,0.9820627570152283
2026,3,123,0.0009927880018949509,VIT768,0.9823459386825562
2026,3,124,0.0009641373180784285,VIT768,0.9860312342643738
2026,3,125,0.0009549969690851867,VIT768,0.9801973104476929
2026,3,126,0.0009346867445856333,VIT768,0.9512681365013123
2026,3,127,0.000924367574043572,VIT768,0.9774997234344482
2026,3,128,0.0009188175317831337,VIT768,0.9734228253364563
2026,4,1,0.11758878827095032,COLOR9,0.017580073326826096
2026,4,2,0.06321249902248383,COLOR9,0.005855116527527571
2026,4,3,0.055039554834365845,COLOR9,0.02396310307085514
2026,4,4,0.05362061783671379,COLOR9,0.005965277086943388
2026,4,5,0.03791506960988045,COLOR9,0.011178553104400635
2026,4,6,0.03269178792834282,COLOR9,0.02167295478284359
2026,4,7,0.030273251235485077,COLOR9,0.0016509329434484243
2026,4,8,0.026475772261619568,COLOR9,0.013418297283351421
2026,4,9,0.022895634174346924,COLOR9,0.003936314955353737
2026,4,10,0.021152175962924957,COLOR9,0.0009667463600635529
2026,4,11,0.01805131696164608,COLOR9,0.006125542335212231
2026,4,12,0.01770525425672531,COLOR9,0.0033267305698245764
2026,4,13,0.015417489223182201,COLOR9,0.01609155349433422
2026,4,14,0.015088800340890884,COLOR9,0.010556389577686787
2026,4,15,0.013484547846019268,COLOR9,0.021493341773748398
2026,4,16,0.012799622491002083,COLOR9,0.0066175274550914764
2026,4,17,0.01213464979082346,COLOR9,0.008290166966617107
2026,4,18,0.011914636939764023,COLOR9,0.003205301705747843
2026,4,19,0.011842644773423672,COLOR9,0.016452431678771973
2026,4,20,0.010041002184152603,COLOR9,0.006086727138608694
2026,4,21,0.009986942633986473,COLOR9,0.012400249019265175
2026,4,22,0.009540487080812454,COLOR9,0.031212404370307922
2026,4,23,0.00889492966234684,COLOR9,0.011338697746396065
2026,4,24,0.008483417332172394,COLOR9,0.007359516341239214
2026,4,25,0.00796880666166544,COLOR9,0.003869555424898863
2026,4,26,0.007520719431340694,COLOR9,0.010015551000833511
2026,4,27,0.007449120748788118,COLOR9,0.010727543383836746
2026,4,28,0.007014343049377203,COLOR9,0.005968199111521244
2026,4,29,0.006738487631082535,COLOR9,0.005572618916630745
2026,4,30,0.0065423548221588135,COLOR9,0.009354866109788418
2026,4,31,0.006148922722786665,COLOR9,0.011196191422641277
2026,4,32,0.005840389057993889,COLOR9,0.0076827676966786385
2026,4,33,0.005794670898467302,COLOR9,0.004324690438807011
2026,4,34,0.005728371441364288,COLOR9,0.005360569339245558
2026,4,35,0.005522055551409721,COLOR9,0.014200753532350063
2026,4,36,0.005329854786396027,COLOR9,0.011366629041731358
2026,4,37,0.005218916106969118,COLOR9,0.008093198761343956
2026,4,38,0.00504077784717083,COLOR9,0.01784472167491913
2026,4,39,0.004890400916337967,COLOR9,0.004769644234329462
2026,4,40,0.004766637925058603,COLOR9,0.011481487192213535
2026,4,41,0.0045907627791166306,COLOR9,0.002548332791775465
2026,4,42,0.0044717625714838505,COLOR9,0.006526605226099491
2026,4,43,0.004304062109440565,COLOR9,0.0031265155412256718
2026,4,44,0.0041783577762544155,COLOR9,0.03042414039373398
2026,4,45,0.004130053799599409,COLOR9,0.010968121699988842
2026,4,46,0.004110405221581459,COLOR9,0.004360842052847147
2026,4,47,0.004071564879268408,COLOR9,0.006521277129650116
2026,4,48,0.00396645488217473,COLOR9,0.007502706255763769
2026,4,49,0.0038753326516598463,COLOR9,0.015362942591309547
2026,4,50,0.0037022805772721767,COLOR9,0.02291405014693737
2026,4,51,0.0036558802239596844,COLOR9,0.013911578804254532
2026,4,52,0.0035548063460737467,COLOR9,0.012297471053898335
2026,4,53,0.0034067376982420683,COLOR9,0.010652119293808937
2026,4,54,0.0033585636410862207,COLOR9,0.005660384893417358
2026,4,55,0.0032770507968962193,COLOR9,0.0052789803594350815
2026,4,56,0.0031980283092707396,COLOR9,0.0068819159641861916
2026,4,57,0.003135422943159938,COLOR9,0.03428317978978157
2026,4,58,0.0030659798067063093,COLOR9,0.015265385620296001
2026,4,59,0.003030576277524233,COLOR9,0.002900379244238138
2026,4,60,0.0030035392846912146,COLOR9,0.007418354973196983
2026,4,61,0.0028997384943068027,COLOR9,0.006029663607478142
2026,4,62,0.002889937022700906,COLOR9,0.018551435321569443
2026,4,63,0.002811028156429529,COLOR9,0.0065808105282485485
2026,4,64,0.002739080460742116,COLOR9,0.006045703310519457
2026,4,65,0.0026896949857473373,COLOR9,0.013716930523514748
2026,4,66,0.0026368924882262945,COLOR9,0.008902227506041527
2026,4,67,0.0025981576181948185,COLOR9,0.0035466474946588278
2026,4,68,0.002561641624197364,COLOR9,0.010852188803255558
2026,4,69,0.0024924790486693382,COLOR9,0.0034320319537073374
2026,4,70,0.002446020720526576,COLOR9,0.023601435124874115
2026,4,71,0.00243561714887619,COLOR9,0.014597493223845959
2026,4,72,0.0023522416595369577,COLOR9,0.008535862900316715
2026,4,73,0.0023330911062657833,COLOR9,0.006845033261924982
2026,4,74,0.0022860204335302114,COLOR9,0.005287712439894676
2026,4,75,0.002246011281386018,COLOR9,0.00952212791889906
2026,4,76,0.002170366235077381,COLOR9,0.009120110422372818
2026,4,77,0.0021584099158644676,COLOR9,0.006155252922326326
2026,4,78,0.00212690606713295,COLOR9,0.011625844985246658
2026,4,79,0.002106075407937169,COLOR9,0.02877587452530861
2026,4,80,0.0020706329960376024,COLOR9,0.00486450269818306
2026,4,81,0.0020472605247050524,COLOR9,0.0040491074323654175
2026,4,82,0.00199342449195683,COLOR9,0.004530292935669422
2026,4,83,0.001920341164804995,COLOR9,0.007083583623170853
2026,4,84,0.0018978071166202426,COLOR9,0.0048729293048381805
2026,4,85,0.0018896745750680566,COLOR9,0.007212623488157988
2026,4,86,0.0018326030112802982,COLOR9,0.010973077267408371
2026,4,87,0.0017682415200397372,COLOR9,0.011962180025875568
2026,4,88,0.0017663092585280538,COLOR9,0.0077580842189490795
2026,4,89,0.0017526596784591675,COLOR9,0.006371193565428257
2026,4,90,0.0017181277507916093,COLOR9,0.006377929821610451
2026,4,91,0.0016806647181510925,COLOR9,0.0030708350241184235
2026,4,92,0.0016738723497837782,COLOR9,0.007547871209681034
2026,4,93,0.0016483311774209142,COLOR9,0.030993256717920303
2026,4,94,0.001617091242223978,COLOR9,0.0046914685517549515
2026,4,95,0.0015794585924595594,COLOR9,0.010847574099898338
2026,4,96,0.001560560311190784,COLOR9,0.013723901472985744
2026,4,97,0.0015352083137258887,COLOR9,0.007825581356883049
2026,4,98,0.0015071697998791933,COLOR9,0.015261015854775906
2026,4,99,0.0014747371897101402,COLOR9,0.017199859023094177
2026,4,100,0.0014519604155793786,COLOR9,0.0176961999386549
2026,4,101,0.0014262249460443854,COLOR9,0.012923073023557663
2026,4,102,0.0014163223095238209,COLOR9,0.013900931924581528
2026,4,103,0.0014058614615350962,COLOR9,0.007029978092759848
2026,4,104,0.001389803597703576,COLOR9,0.006403028499335051
2026,4,105,0.001366096781566739,COLOR9,0.008892429992556572
2026,4,106,0.0013452734565362334,COLOR9,0.008752425201237202
2026,4,107,0.0013187748845666647,COLOR9,0.025907645002007484
2026,4,108,0.0013085167156532407,COLOR9,0.0036764778196811676
2026,4,109,0.001298219314776361,COLOR9,0.005741732660681009
2026,4,110,0.0012640750501304865,COLOR9,0.008183210156857967
2026,4,111,0.0012375041842460632,COLOR9,0.005964489188045263
2026,4,112,0.0012245639227330685,COLOR9,0.018116077408194542
2026,4,113,0.0011973859509453177,COLOR9,0.009984987787902355
2026,4,114,0.0011784679954871535,COLOR9,0.006113640032708645
2026,4,115,0.0011516362428665161,COLOR9,0.02549687772989273
2026,4,116,0.0011237449944019318,COLOR9,0.008012992329895496
2026,4,117,0.0011118401307612658,COLOR9,0.015393165871500969
2026,4,118,0.0010939885396510363,COLOR9,0.0067835524678230286
2026,4,119,0.0010814324487000704,COLOR9,0.027609508484601974
2026,4,120,0.0010632566409185529,COLOR9,0.00868880096822977
2026,4,121,0.0010502946097403765,COLOR9,0.019713107496500015
2026,4,122,0.0010344375623390079,COLOR9,0.008964297361671925
2026,4,123,0.0010088887065649033,COLOR9,0.003391045145690441
2026,4,124,0.000994873116724193,COLOR9,0.003116015577688813
2026,4,125,0.000987192732281983,COLOR9,0.008844979107379913
2026,4,126,0.0009721514070406556,COLOR9,0.006118442863225937
2026,4,127,0.0009641589131206274,COLOR9,0.006524259224534035
2026,4,128,0.0009485098998993635,COLOR9,0.007525539956986904
2026,4,1,0.11758878827095032,LBP18,0.10595721751451492
2026,4,2,0.06321249902248383,LBP18,0.006355784367769957
2026,4,3,0.055039554834365845,LBP18,0.010576875880360603
2026,4,4,0.05362061783671379,LBP18,0.0007725434261374176
2026,4,5,0.03791506960988045,LBP18,0.009229615330696106
2026,4,6,0.03269178792834282,LBP18,0.023928821086883545
2026,4,7,0.030273251235485077,LBP18,0.011617891490459442
2026,4,8,0.026475772261619568,LBP18,0.0011784652015194297
2026,4,9,0.022895634174346924,LBP18,0.016338923946022987
2026,4,10,0.021152175962924957,LBP18,0.003760168794542551
2026,4,11,0.01805131696164608,LBP18,0.0036058868281543255
2026,4,12,0.01770525425672531,LBP18,0.005623267963528633
2026,4,13,0.015417489223182201,LBP18,0.010454798117280006
2026,4,14,0.015088800340890884,LBP18,0.002572051016613841
2026,4,15,0.013484547846019268,LBP18,0.05874211713671684
2026,4,16,0.012799622491002083,LBP18,0.05429542437195778
2026,4,17,0.01213464979082346,LBP18,0.04368104785680771
2026,4,18,0.011914636939764023,LBP18,0.028401052579283714
2026,4,19,0.011842644773423672,LBP18,0.002486888784915209
2026,4,20,0.010041002184152603,LBP18,0.005440234672278166
2026,4,21,0.009986942633986473,LBP18,0.024461833760142326
2026,4,22,0.009540487080812454,LBP18,0.01741974800825119
2026,4,23,0.00889492966234684,LBP18,0.006994730327278376
2026,4,24,0.008483417332172394,LBP18,0.014500631019473076
2026,4,25,0.00796880666166544,LBP18,0.0072463988326489925
2026,4,26,0.007520719431340694,LBP18,0.012796390801668167
2026,4,27,0.007449120748788118,LBP18,0.002631549024954438
2026,4,28,0.007014343049377203,LBP18,0.007968971505761147
2026,4,29,0.006738487631082535,LBP18,0.009072932414710522
2026,4,30,0.0065423548221588135,LBP18,0.01507655717432499
2026,4,31,0.006148922722786665,LBP18,0.01979777403175831
2026,4,32,0.005840389057993889,LBP18,0.08553078770637512
2026,4,33,0.005794670898467302,LBP18,0.04601117968559265
2026,4,34,0.005728371441364288,LBP18,0.0033310814760625362
2026,4,35,0.005522055551409721,LBP18,0.0068701934069395065
2026,4,36,0.005329854786396027,LBP18,0.016780799254775047
2026,4,37,0.005218916106969118,LBP18,0.007629157975316048
2026,4,38,0.00504077784717083,LBP18,0.00804601889103651
2026,4,39,0.004890400916337967,LBP18,0.015171795152127743
2026,4,40,0.004766637925058603,LBP18,0.003976272419095039
2026,4,41,0.0045907627791166306,LBP18,0.008485057391226292
2026,4,42,0.0044717625714838505,LBP18,0.01095731183886528
2026,4,43,0.004304062109440565,LBP18,0.003827178617939353
2026,4,44,0.0041783577762544155,LBP18,0.0006389322225004435
2026,4,45,0.004130053799599409,LBP18,0.01181197538971901
2026,4,46,0.004110405221581459,LBP18,0.009135893546044827
2026,4,47,0.004071564879268408,LBP18,0.005250583402812481
2026,4,48,0.00396645488217473,LBP18,0.002025395166128874
2026,4,49,0.0038753326516598463,LBP18,0.020818714052438736
2026,4,50,0.0037022805772721767,LBP18,0.003985445946455002
2026,4,51,0.0036558802239596844,LBP18,0.0031237942166626453
2026,4,52,0.0035548063460737467,LBP18,0.015190837904810905
2026,4,53,0.0034067376982420683,LBP18,0.008272072300314903
2026,4,54,0.0033585636410862207,LBP18,0.006928340066224337
2026,4,55,0.0032770507968962193,LBP18,0.00612769415602088
2026,4,56,0.0031980283092707396,LBP18,0.018888622522354126
2026,4,57,0.003135422943159938,LBP18,0.0034402876626700163
2026,4,58,0.0030659798067063093,LBP18,0.004562009125947952
2026,4,59,0.003030576277524233,LBP18,0.004161218646913767
2026,4,60,0.0030035392846912146,LBP18,0.0027024683076888323
2026,4,61,0.0028997384943068027,LBP18,0.006076888646930456
2026,4,62,0.002889937022700906,LBP18,0.021371932700276375
2026,4,63,0.002811028156429529,LBP18,0.0020751769188791513
2026,4,64,0.002739080460742116,LBP18,0.011600961908698082
2026,4,65,0.0026896949857473373,LBP18,0.01740437187254429
2026,4,66,0.0026368924882262945,LBP18,0.008042747154831886
2026,4,67,0.0025981576181948185,LBP18,0.01038960088044405
2026,4,68,0.002561641624197364,LBP18,0.011814877390861511
2026,4,69,0.0024924790486693382,LBP18,0.012382905930280685
2026,4,70,0.002446020720526576,LBP18,0.008183660916984081
2026,4,71,0.00243561714887619,LBP18,0.003942052833735943
2026,4,72,0.0023522416595369577,LBP18,0.0009612963767722249
2026,4,73,0.0023330911062657833,LBP18,0.012251037172973156
2026,4,74,0.0022860204335302114,LBP18,0.0012739355443045497
2026,4,75,0.002246011281386018,LBP18,0.007348841987550259
2026,4,76,0.002170366235077381,LBP18,0.0026718787848949432
2026,4,77,0.0021584099158644676,LBP18,0.026478352025151253
2026,4,78,0.00212690606713295,LBP18,0.016506709158420563
2026,4,79,0.002106075407937169,LBP18,0.009712559171020985
2026,4,80,0.0020706329960376024,LBP18,0.001503070699982345
2026,4,81,0.0020472605247050524,LBP18,0.004741826560348272
2026,4,82,0.00199342449195683,LBP18,0.0026061462704092264
2026,4,83,0.001920341164804995,LBP18,0.005709399469196796
2026,4,84,0.0018978071166202426,LBP18,0.007272288203239441
2026,4,85,0.0018896745750680566,LBP18,0.0026059013325721025
2026,4,86,0.0018326030112802982,LBP18,0.006785464007407427
2026,4,87,0.0017682415200397372,LBP18,0.0016415694262832403
2026,4,88,0.0017663092585280538,LBP18,0.004049196839332581
2026,4,89,0.0017526596784591675,LBP18,0.0041800024919211864
2026,4,90,0.0017181277507916093,LBP18,0.005806233733892441
2026,4,91,0.0016806647181510925,LBP18,0.005487244110554457
2026,4,92,0.0016738723497837782,LBP18,0.004353233613073826
2026,4,93,0.0016483311774209142,LBP18,0.005546193569898605
2026,4,94,0.001617091242223978,LBP18,0.002004265319555998
2026,4,95,0.0015794585924595594,LBP18,0.012064271606504917
2026,4,96,0.001560560311190784,LBP18,0.004494877066463232
2026,4,97,0.0015352083137258887,LBP18,0.007932889275252819
2026,4,98,0.0015071697998791933,LBP18,0.0329839251935482
2026,4,99,0.0014747371897101402,LBP18,0.003263617865741253
2026,4,100,0.0014519604155793786,LBP18,0.0097351698204875
2026,4,101,0.0014262249460443854,LBP18,0.006285720970481634
2026,4,102,0.0014163223095238209,LBP18,0.0037851566448807716
2026,4,103,0.0014058614615350962,LBP18,0.004349421709775925
2026,4,104,0.001389803597703576,LBP18,0.006632065400481224
2026,4,105,0.001366096781566739,LBP18,0.0324542336165905
2026,4,106,0.0013452734565362334,LBP18,0.009723641909658909
2026,4,107,0.0013187748845666647,LBP18,0.002583617577329278
2026,4,108,0.0013085167156532407,LBP18,0.0009001700673252344
2026,4,109,0.001298219314776361,LBP18,0.0028564264066517353
2026,4,110,0.0012640750501304865,LBP18,0.0026901639066636562
2026,4,111,0.0012375041842460632,LBP18,0.008429516106843948
2026,4,112,0.0012245639227330685,LBP18,0.006770630367100239
2026,4,113,0.0011973859509453177,LBP18,0.0046896119602024555
2026,4,114,0.0011784679954871535,LBP18,0.0016947593539953232
2026,4,115,0.0011516362428665161,LBP18,0.01606607250869274
2026,4,116,0.0011237449944019318,LBP18,0.009557384066283703
2026,4,117,0.0011118401307612658,LBP18,0.00313071277923882
2026,4,118,0.0010939885396510363,LBP18,0.007562900427728891
2026,4,119,0.0010814324487000704,LBP18,0.004940106999129057
2026,4,120,0.0010632566409185529,LBP18,0.011032632552087307
2026,4,121,0.0010502946097403765,LBP18,0.004900521598756313
2026,4,122,0.0010344375623390079,LBP18,0.0026390161365270615
2026,4,123,0.0010088887065649033,LBP18,0.004176261369138956
2026,4,124,0.000994873116724193,LBP18,0.004582992289215326
2026,4,125,0.000987192732281983,LBP18,0.009878582321107388
2026,4,126,0.0009721514070406556,LBP18,0.009933499619364738
2026,4,127,0.0009641589131206274,LBP18,0.01138944923877716
2026,4,128,0.0009485098998993635,LBP18,0.002534250495955348
2026,4,1,0.11758878827095032,HARALICK5,0.0067461696453392506
2026,4,2,0.06321249902248383,HARALICK5,0.014616196975111961
2026,4,3,0.055039554834365845,HARALICK5,0.01886836439371109
2026,4,4,0.05362061783671379,HARALICK5,0.0021085410844534636
2026,4,5,0.03791506960988045,HARALICK5,0.0010822381591424346
2026,4,6,0.03269178792834282,HARALICK5,0.0016954788006842136
2026,4,7,0.030273251235485077,HARALICK5,0.006648065522313118
2026,4,8,0.026475772261619568,HARALICK5,0.0037393635138869286
2026,4,9,0.022895634174346924,HARALICK5,0.004775994922965765
2026,4,10,0.021152175962924957,HARALICK5,0.003214813768863678
2026,4,11,0.01805131696164608,HARALICK5,0.003633299609646201
2026,4,12,0.01770525425672531,HARALICK5,0.001267916290089488
2026,4,13,0.015417489223182201,HARALICK5,0.0074327196925878525
2026,4,14,0.015088800340890884,HARALICK5,0.0005665927892550826
2026,4,15,0.013484547846019268,HARALICK5,0.015460580587387085
2026,4,16,0.012799622491002083,HARALICK5,0.007023049518465996
2026,4,17,0.01213464979082346,HARALICK5,0.012402166612446308
2026,4,18,0.011914636939764023,HARALICK5,0.001752409734763205
2026,4,19,0.011842644773423672,HARALICK5,0.0028216936625540257
2026,4,20,0.010041002184152603,HARALICK5,0.0016330367652699351
2026,4,21,0.009986942633986473,HARALICK5,0.005411190912127495
2026,4,22,0.009540487080812454,HARALICK5,0.019064465537667274
2026,4,23,0.00889492966234684,HARALICK5,0.0022187770809978247
2026,4,24,0.008483417332172394,HARALICK5,0.0046545760706067085
2026,4,25,0.00796880666166544,HARALICK5,0.0025347343180328608
2026,4,26,0.007520719431340694,HARALICK5,0.003352561267092824
2026,4,27,0.007449120748788118,HARALICK5,0.004359021782875061
2026,4,28,0.007014343049377203,HARALICK5,0.005988327320665121
2026,4,29,0.006738487631082535,HARALICK5,0.0030063786543905735
2026,4,30,0.0065423548221588135,HARALICK5,0.0018235866446048021
2026,4,31,0.006148922722786665,HARALICK5,0.0008920017280615866
2026,4,32,0.005840389057993889,HARALICK5,0.0016802051104605198
2026,4,33,0.005794670898467302,HARALICK5,0.008903386071324348
2026,4,34,0.005728371441364288,HARALICK5,0.0149700827896595
2026,4,35,0.005522055551409721,HARALICK5,0.003337981179356575
2026,4,36,0.005329854786396027,HARALICK5,0.0013512506848201156
2026,4,37,0.005218916106969118,HARALICK5,0.0084519162774086
2026,4,38,0.00504077784717083,HARALICK5,0.002680856501683593
2026,4,39,0.004890400916337967,HARALICK5,0.0008868341101333499
2026,4,40,0.004766637925058603,HARALICK5,0.0033305268734693527
2026,4,41,0.0045907627791166306,HARALICK5,0.0016979710198938847
2026,4,42,0.0044717625714838505,HARALICK5,0.004865804687142372
2026,4,43,0.004304062109440565,HARALICK5,0.005520773120224476
2026,4,44,0.0041783577762544155,HARALICK5,0.006129621993750334
2026,4,45,0.004130053799599409,HARALICK5,0.017593393102288246
2026,4,46,0.004110405221581459,HARALICK5,0.0017585407476872206
2026,4,47,0.004071564879268408,HARALICK5,0.0006773179629817605
2026,4,48,0.00396645488217473,HARALICK5,0.0012116741854697466
2026,4,49,0.0038753326516598463,HARALICK5,0.011402012780308723
2026,4,50,0.0037022805772721767,HARALICK5,0.0033859051764011383
2026,4,51,0.0036558802239596844,HARALICK5,0.0038084848783910275
2026,4,52,0.0035548063460737467,HARALICK5,0.0024818317033350468
2026,4,53,0.0034067376982420683,HARALICK5,0.004662518855184317
2026,4,54,0.0033585636410862207,HARALICK5,0.003948258236050606
2026,4,55,0.0032770507968962193,HARALICK5,0.002657180419191718
2026,4,56,0.0031980283092707396,HARALICK5,0.0038748569786548615
2026,4,57,0.003135422943159938,HARALICK5,0.00789375975728035
2026,4,58,0.0030659798067063093,HARALICK5,0.007833652198314667
2026,4,59,0.003030576277524233,HARALICK5,0.005268001928925514
2026,4,60,0.0030035392846912146,HARALICK5,0.004026720765978098
2026,4,61,0.0028997384943068027,HARALICK5,0.014897317625582218
2026,4,62,0.002889937022700906,HARALICK5,0.014300809241831303
2026,4,63,0.002811028156429529,HARALICK5,0.003247970249503851
2026,4,64,0.002739080460742116,HARALICK5,0.008245669305324554
2026,4,65,0.0026896949857473373,HARALICK5,0.014384623616933823
2026,4,66,0.0026368924882262945,HARALICK5,0.006066709291189909
2026,4,67,0.0025981576181948185,HARALICK5,0.0016799999866634607
2026,4,68,0.002561641624197364,HARALICK5,0.005487012676894665
2026,4,69,0.0024924790486693382,HARALICK5,0.0005361231160350144
2026,4,70,0.002446020720526576,HARALICK5,0.009467825293540955
2026,4,71,0.00243561714887619,HARALICK5,0.00997412484139204
2026,4,72,0.0023522416595369577,HARALICK5,0.0018693708116188645
2026,4,73,0.0023330911062657833,HARALICK5,0.006701478734612465
2026,4,74,0.0022860204335302114,HARALICK5,0.004036443307995796
2026,4,75,0.002246011281386018,HARALICK5,0.0034166935365647078
2026,4,76,0.002170366235077381,HARALICK5,0.003447588998824358
2026,4,77,0.0021584099158644676,HARALICK5,0.0014385037356987596
2026,4,78,0.00212690606713295,HARALICK5,0.0025472575798630714
2026,4,79,0.002106075407937169,HARALICK5,0.003788205562159419
2026,4,80,0.0020706329960376024,HARALICK5,0.0030938154086470604
2026,4,81,0.0020472605247050524,HARALICK5,0.00420946441590786
2026,4,82,0.00199342449195683,HARALICK5,0.006620250642299652
2026,4,83,0.001920341164804995,HARALICK5,0.0028129618149250746
2026,4,84,0.0018978071166202426,HARALICK5,0.001565076527185738
2026,4,85,0.0018896745750680566,HARALICK5,0.001211044960655272
2026,4,86,0.0018326030112802982,HARALICK5,0.0016969606513157487
2026,4,87,0.0017682415200397372,HARALICK5,0.005545631516724825
2026,4,88,0.0017663092585280538,HARALICK5,0.0036328365094959736
2026,4,89,0.0017526596784591675,HARALICK5,0.0015922455349937081
2026,4,90,0.0017181277507916093,HARALICK5,0.0009421685244888067
2026,4,91,0.0016806647181510925,HARALICK5,0.003022798104211688
2026,4,92,0.0016738723497837782,HARALICK5,0.006099524907767773
2026,4,93,0.0016483311774209142,HARALICK5,0.009427560493350029
2026,4,94,0.001617091242223978,HARALICK5,0.001351025770418346
2026,4,95,0.0015794585924595594,HARALICK5,0.004301728215068579
2026,4,96,0.001560560311190784,HARALICK5,0.0006058287108317018
2026,4,97,0.0015352083137258887,HARALICK5,0.005750211421400309
2026,4,98,0.0015071697998791933,HARALICK5,0.005651356186717749
2026,4,99,0.0014747371897101402,HARALICK5,0.005797206424176693
2026,4,100,0.0014519604155793786,HARALICK5,0.0019722809083759785
2026,4,101,0.0014262249460443854,HARALICK5,0.002922448795288801
2026,4,102,0.0014163223095238209,HARALICK5,0.004722089972347021
2026,4,103,0.0014058614615350962,HARALICK5,0.003477725200355053
2026,4,104,0.001389803597703576,HARALICK5,0.007540172431617975
2026,4,105,0.001366096781566739,HARALICK5,0.006591178476810455
2026,4,106,0.0013452734565362334,HARALICK5,0.005029900465160608
2026,4,107,0.0013187748845666647,HARALICK5,0.01174105703830719
2026,4,108,0.0013085167156532407,HARALICK5,0.0026625266764312983
2026,4,109,0.001298219314776361,HARALICK5,0.009328441694378853
2026,4,110,0.0012640750501304865,HARALICK5,0.0065980632789433
2026,4,111,0.0012375041842460632,HARALICK5,0.004065875895321369
2026,4,112,0.0012245639227330685,HARALICK5,0.0008752199937589467
2026,4,113,0.0011973859509453177,HARALICK5,0.002906010951846838
2026,4,114,0.0011784679954871535,HARALICK5,0.004748429171741009
2026,4,115,0.0011516362428665161,HARALICK5,0.010968299582600594
2026,4,116,0.0011237449944019318,HARALICK5,0.002212546532973647
2026,4,117,0.0011118401307612658,HARALICK5,0.009160282090306282
2026,4,118,0.0010939885396510363,HARALICK5,0.00823003239929676
2026,4,119,0.0010814324487000704,HARALICK5,0.0022787211928516626
2026,4,120,0.0010632566409185529,HARALICK5,0.005930342711508274
2026,4,121,0.0010502946097403765,HARALICK5,0.0036213495768606663
2026,4,122,0.0010344375623390079,HARALICK5,0.002053749281913042
2026,4,123,0.0010088887065649033,HARALICK5,0.0001754231343511492
2026,4,124,0.000994873116724193,HARALICK5,0.00848043616861105
2026,4,125,0.000987192732281983,HARALICK5,0.0035518824588507414
2026,4,126,0.0009721514070406556,HARALICK5,0.0023514062631875277
2026,4,127,0.0009641589131206274,HARALICK5,0.005746717564761639
2026,4,128,0.0009485098998993635,HARALICK5,0.0003982781490776688
2026,4,1,0.11758878827095032,ALL_HANDCRAFTED32,0.1302834451198578
2026,4,2,0.06321249902248383,ALL_HANDCRAFTED32,0.026827096939086914
2026,4,3,0.055039554834365845,ALL_HANDCRAFTED32,0.05340834707021713
2026,4,4,0.05362061783671379,ALL_HANDCRAFTED32,0.008846361190080643
2026,4,5,0.03791506960988045,ALL_HANDCRAFTED32,0.02149040624499321
2026,4,6,0.03269178792834282,ALL_HANDCRAFTED32,0.04729725420475006
2026,4,7,0.030273251235485077,ALL_HANDCRAFTED32,0.019916890189051628
2026,4,8,0.026475772261619568,ALL_HANDCRAFTED32,0.01833612471818924
2026,4,9,0.022895634174346924,ALL_HANDCRAFTED32,0.025051234290003777
2026,4,10,0.021152175962924957,ALL_HANDCRAFTED32,0.007941728457808495
2026,4,11,0.01805131696164608,ALL_HANDCRAFTED32,0.013364728540182114
2026,4,12,0.01770525425672531,ALL_HANDCRAFTED32,0.010217915289103985
2026,4,13,0.015417489223182201,ALL_HANDCRAFTED32,0.03397907316684723
2026,4,14,0.015088800340890884,ALL_HANDCRAFTED32,0.013695033267140388
2026,4,15,0.013484547846019268,ALL_HANDCRAFTED32,0.09569603949785233
2026,4,16,0.012799622491002083,ALL_HANDCRAFTED32,0.0679360032081604
2026,4,17,0.01213464979082346,ALL_HANDCRAFTED32,0.06437338143587112
2026,4,18,0.011914636939764023,ALL_HANDCRAFTED32,0.03335876762866974
2026,4,19,0.011842644773423672,ALL_HANDCRAFTED32,0.021761013194918633
2026,4,20,0.010041002184152603,ALL_HANDCRAFTED32,0.013159999623894691
2026,4,21,0.009986942633986473,ALL_HANDCRAFTED32,0.042273275554180145
2026,4,22,0.009540487080812454,ALL_HANDCRAFTED32,0.06769661605358124
2026,4,23,0.00889492966234684,ALL_HANDCRAFTED32,0.020552203059196472
2026,4,24,0.008483417332172394,ALL_HANDCRAFTED32,0.026514722034335136
2026,4,25,0.00796880666166544,ALL_HANDCRAFTED32,0.013650688342750072
2026,4,26,0.007520719431340694,ALL_HANDCRAFTED32,0.026164503768086433
2026,4,27,0.007449120748788118,ALL_HANDCRAFTED32,0.017718113958835602
2026,4,28,0.007014343049377203,ALL_HANDCRAFTED32,0.019925497472286224
2026,4,29,0.006738487631082535,ALL_HANDCRAFTED32,0.017651930451393127
2026,4,30,0.0065423548221588135,ALL_HANDCRAFTED32,0.026255009695887566
2026,4,31,0.006148922722786665,ALL_HANDCRAFTED32,0.031885966658592224
2026,4,32,0.005840389057993889,ALL_HANDCRAFTED32,0.09489376097917557
2026,4,33,0.005794670898467302,ALL_HANDCRAFTED32,0.059239260852336884
2026,4,34,0.005728371441364288,ALL_HANDCRAFTED32,0.023661736398935318
2026,4,35,0.005522055551409721,ALL_HANDCRAFTED32,0.02440892904996872
2026,4,36,0.005329854786396027,ALL_HANDCRAFTED32,0.02949867583811283
2026,4,37,0.005218916106969118,ALL_HANDCRAFTED32,0.024174273014068604
2026,4,38,0.00504077784717083,ALL_HANDCRAFTED32,0.0285715963691473
2026,4,39,0.004890400916337967,ALL_HANDCRAFTED32,0.02082827314734459
2026,4,40,0.004766637925058603,ALL_HANDCRAFTED32,0.018788285553455353
2026,4,41,0.0045907627791166306,ALL_HANDCRAFTED32,0.012731361202895641
2026,4,42,0.0044717625714838505,ALL_HANDCRAFTED32,0.02234972082078457
2026,4,43,0.004304062109440565,ALL_HANDCRAFTED32,0.012474466115236282
2026,4,44,0.0041783577762544155,ALL_HANDCRAFTED32,0.0371926948428154
2026,4,45,0.004130053799599409,ALL_HANDCRAFTED32,0.04037348926067352
2026,4,46,0.004110405221581459,ALL_HANDCRAFTED32,0.0152552779763937
2026,4,47,0.004071564879268408,ALL_HANDCRAFTED32,0.012449177913367748
2026,4,48,0.00396645488217473,ALL_HANDCRAFTED32,0.010739775374531746
2026,4,49,0.0038753326516598463,ALL_HANDCRAFTED32,0.04758366942405701
2026,4,50,0.0037022805772721767,ALL_HANDCRAFTED32,0.03028539940714836
2026,4,51,0.0036558802239596844,ALL_HANDCRAFTED32,0.020843857899308205
2026,4,52,0.0035548063460737467,ALL_HANDCRAFTED32,0.029970141127705574
2026,4,53,0.0034067376982420683,ALL_HANDCRAFTED32,0.023586712777614594
2026,4,54,0.0033585636410862207,ALL_HANDCRAFTED32,0.016536984592676163
2026,4,55,0.0032770507968962193,ALL_HANDCRAFTED32,0.014063853770494461
2026,4,56,0.0031980283092707396,ALL_HANDCRAFTED32,0.029645396396517754
2026,4,57,0.003135422943159938,ALL_HANDCRAFTED32,0.045617226511240005
2026,4,58,0.0030659798067063093,ALL_HANDCRAFTED32,0.027661046013236046
2026,4,59,0.003030576277524233,ALL_HANDCRAFTED32,0.01232959982007742
2026,4,60,0.0030035392846912146,ALL_HANDCRAFTED32,0.014147544279694557
2026,4,61,0.0028997384943068027,ALL_HANDCRAFTED32,0.027003871276974678
2026,4,62,0.002889937022700906,ALL_HANDCRAFTED32,0.054224178194999695
2026,4,63,0.002811028156429529,ALL_HANDCRAFTED32,0.011903957463800907
2026,4,64,0.002739080460742116,ALL_HANDCRAFTED32,0.025892334058880806
2026,4,65,0.0026896949857473373,ALL_HANDCRAFTED32,0.04550592228770256
2026,4,66,0.0026368924882262945,ALL_HANDCRAFTED32,0.02301168441772461
2026,4,67,0.0025981576181948185,ALL_HANDCRAFTED32,0.015616248361766338
2026,4,68,0.002561641624197364,ALL_HANDCRAFTED32,0.028154078871011734
2026,4,69,0.0024924790486693382,ALL_HANDCRAFTED32,0.016351060941815376
2026,4,70,0.002446020720526576,ALL_HANDCRAFTED32,0.04125291854143143
2026,4,71,0.00243561714887619,ALL_HANDCRAFTED32,0.028513669967651367
2026,4,72,0.0023522416595369577,ALL_HANDCRAFTED32,0.011366529390215874
2026,4,73,0.0023330911062657833,ALL_HANDCRAFTED32,0.02579754963517189
2026,4,74,0.0022860204335302114,ALL_HANDCRAFTED32,0.010598091408610344
2026,4,75,0.002246011281386018,ALL_HANDCRAFTED32,0.020287662744522095
2026,4,76,0.002170366235077381,ALL_HANDCRAFTED32,0.015239578671753407
2026,4,77,0.0021584099158644676,ALL_HANDCRAFTED32,0.03407210856676102
2026,4,78,0.00212690606713295,ALL_HANDCRAFTED32,0.030679812654852867
2026,4,79,0.002106075407937169,ALL_HANDCRAFTED32,0.04227663576602936
2026,4,80,0.0020706329960376024,ALL_HANDCRAFTED32,0.009461387991905212
2026,4,81,0.0020472605247050524,ALL_HANDCRAFTED32,0.013000398874282837
2026,4,82,0.00199342449195683,ALL_HANDCRAFTED32,0.013756689615547657
2026,4,83,0.001920341164804995,ALL_HANDCRAFTED32,0.015605945140123367
2026,4,84,0.0018978071166202426,ALL_HANDCRAFTED32,0.013710293918848038
2026,4,85,0.0018896745750680566,ALL_HANDCRAFTED32,0.011029569432139397
2026,4,86,0.0018326030112802982,ALL_HANDCRAFTED32,0.019455501809716225
2026,4,87,0.0017682415200397372,ALL_HANDCRAFTED32,0.019149379804730415
2026,4,88,0.0017663092585280538,ALL_HANDCRAFTED32,0.015440118499100208
2026,4,89,0.0017526596784591675,ALL_HANDCRAFTED32,0.01214344147592783
2026,4,90,0.0017181277507916093,ALL_HANDCRAFTED32,0.013126332312822342
2026,4,91,0.0016806647181510925,ALL_HANDCRAFTED32,0.0115808779373765
2026,4,92,0.0016738723497837782,ALL_HANDCRAFTED32,0.018000628799200058
2026,4,93,0.0016483311774209142,ALL_HANDCRAFTED32,0.04596700891852379
2026,4,94,0.001617091242223978,ALL_HANDCRAFTED32,0.00804675929248333
2026,4,95,0.0015794585924595594,ALL_HANDCRAFTED32,0.027213573455810547
2026,4,96,0.001560560311190784,ALL_HANDCRAFTED32,0.018824607133865356
2026,4,97,0.0015352083137258887,ALL_HANDCRAFTED32,0.021508682519197464
2026,4,98,0.0015071697998791933,ALL_HANDCRAFTED32,0.05389630049467087
2026,4,99,0.0014747371897101402,ALL_HANDCRAFTED32,0.026260683313012123
2026,4,100,0.0014519604155793786,ALL_HANDCRAFTED32,0.029403647407889366
2026,4,101,0.0014262249460443854,ALL_HANDCRAFTED32,0.022131241858005524
2026,4,102,0.0014163223095238209,ALL_HANDCRAFTED32,0.022408178076148033
2026,4,103,0.0014058614615350962,ALL_HANDCRAFTED32,0.014857124537229538
2026,4,104,0.001389803597703576,ALL_HANDCRAFTED32,0.02057526633143425
2026,4,105,0.001366096781566739,ALL_HANDCRAFTED32,0.04793784022331238
2026,4,106,0.0013452734565362334,ALL_HANDCRAFTED32,0.02350596897304058
2026,4,107,0.0013187748845666647,ALL_HANDCRAFTED32,0.04023232311010361
2026,4,108,0.0013085167156532407,ALL_HANDCRAFTED32,0.007239174097776413
2026,4,109,0.001298219314776361,ALL_HANDCRAFTED32,0.017926599830389023
2026,4,110,0.0012640750501304865,ALL_HANDCRAFTED32,0.01747143641114235
2026,4,111,0.0012375041842460632,ALL_HANDCRAFTED32,0.018459880724549294
2026,4,112,0.0012245639227330685,ALL_HANDCRAFTED32,0.025761928409337997
2026,4,113,0.0011973859509453177,ALL_HANDCRAFTED32,0.017580607905983925
2026,4,114,0.0011784679954871535,ALL_HANDCRAFTED32,0.012556827627122402
2026,4,115,0.0011516362428665161,ALL_HANDCRAFTED32,0.052531253546476364
2026,4,116,0.0011237449944019318,ALL_HANDCRAFTED32,0.01978292316198349
2026,4,117,0.0011118401307612658,ALL_HANDCRAFTED32,0.027684159576892853
2026,4,118,0.0010939885396510363,ALL_HANDCRAFTED32,0.022576484829187393
2026,4,119,0.0010814324487000704,ALL_HANDCRAFTED32,0.03482833504676819
2026,4,120,0.0010632566409185529,ALL_HANDCRAFTED32,0.025651775300502777
2026,4,121,0.0010502946097403765,ALL_HANDCRAFTED32,0.028234977275133133
2026,4,122,0.0010344375623390079,ALL_HANDCRAFTED32,0.013657063245773315
2026,4,123,0.0010088887065649033,ALL_HANDCRAFTED32,0.007742729969322681
2026,4,124,0.000994873116724193,ALL_HANDCRAFTED32,0.016179444268345833
2026,4,125,0.000987192732281983,ALL_HANDCRAFTED32,0.022275444120168686
2026,4,126,0.0009721514070406556,ALL_HANDCRAFTED32,0.018403347581624985
2026,4,127,0.0009641589131206274,ALL_HANDCRAFTED32,0.02366042509675026
2026,4,128,0.0009485098998993635,ALL_HANDCRAFTED32,0.010458068922162056
2026,4,1,0.11758878827095032,VIT768,0.8697165250778198
2026,4,2,0.06321249902248383,VIT768,0.9731737971305847
2026,4,3,0.055039554834365845,VIT768,0.946591854095459
2026,4,4,0.05362061783671379,VIT768,0.9911536574363708
2026,4,5,0.03791506960988045,VIT768,0.9785096645355225
2026,4,6,0.03269178792834282,VIT768,0.952702522277832
2026,4,7,0.030273251235485077,VIT768,0.980082631111145
2026,4,8,0.026475772261619568,VIT768,0.9816642999649048
2026,4,9,0.022895634174346924,VIT768,0.974949061870575
2026,4,10,0.021152175962924957,VIT768,0.9920579791069031
2026,4,11,0.01805131696164608,VIT768,0.9866352081298828
2026,4,12,0.01770525425672531,VIT768,0.9897818565368652
2026,4,13,0.015417489223182201,VIT768,0.9660199284553528
2026,4,14,0.015088800340890884,VIT768,0.9863047003746033
2026,4,15,0.013484547846019268,VIT768,0.9043039083480835
2026,4,16,0.012799622491002083,VIT768,0.9320635795593262
2026,4,17,0.01213464979082346,VIT768,0.9356263875961304
2026,4,18,0.011914636939764023,VIT768,0.9666409492492676
2026,4,19,0.011842644773423672,VIT768,0.9782387614250183
2026,4,20,0.010041002184152603,VIT768,0.9868401885032654
2026,4,21,0.009986942633986473,VIT768,0.9577266573905945
2026,4,22,0.009540487080812454,VIT768,0.9323035478591919
2026,4,23,0.00889492966234684,VIT768,0.9794474840164185
2026,4,24,0.008483417332172394,VIT768,0.9734848737716675
2026,4,25,0.00796880666166544,VIT768,0.9863495230674744
2026,4,26,0.007520719431340694,VIT768,0.9738355278968811
2026,4,27,0.007449120748788118,VIT768,0.9822814464569092
2026,4,28,0.007014343049377203,VIT768,0.980074405670166
2026,4,29,0.006738487631082535,VIT768,0.9823482036590576
2026,4,30,0.0065423548221588135,VIT768,0.9737446904182434
2026,4,31,0.006148922722786665,VIT768,0.968113899230957
2026,4,32,0.005840389057993889,VIT768,0.9051060080528259
2026,4,33,0.005794670898467302,VIT768,0.9407604932785034
2026,4,34,0.005728371441364288,VIT768,0.9763376712799072
2026,4,35,0.005522055551409721,VIT768,0.9755908846855164
2026,4,36,0.005329854786396027,VIT768,0.9705016016960144
2026,4,37,0.005218916106969118,VIT768,0.975825309753418
2026,4,38,0.00504077784717083,VIT768,0.971428394317627
2026,4,39,0.004890400916337967,VIT768,0.9791713953018188
2026,4,40,0.004766637925058603,VIT768,0.9812116622924805
2026,4,41,0.0045907627791166306,VIT768,0.9872682690620422
2026,4,42,0.0044717625714838505,VIT768,0.9776510000228882
2026,4,43,0.004304062109440565,VIT768,0.9875251054763794
2026,4,44,0.0041783577762544155,VIT768,0.9628075361251831
2026,4,45,0.004130053799599409,VIT768,0.9596261978149414
2026,4,46,0.004110405221581459,VIT768,0.9847443103790283
2026,4,47,0.004071564879268408,VIT768,0.987550675868988
2026,4,48,0.00396645488217473,VIT768,0.9892600774765015
2026,4,49,0.0038753326516598463,VIT768,0.9524161219596863
2026,4,50,0.0037022805772721767,VIT768,0.969714879989624
2026,4,51,0.0036558802239596844,VIT768,0.9791561365127563
2026,4,52,0.0035548063460737467,VIT768,0.9700295925140381
2026,4,53,0.0034067376982420683,VIT768,0.9764131307601929
2026,4,54,0.0033585636410862207,VIT768,0.9834630489349365
2026,4,55,0.0032770507968962193,VIT768,0.9859354496002197
2026,4,56,0.0031980283092707396,VIT768,0.9703547954559326
2026,4,57,0.003135422943159938,VIT768,0.954382061958313
2026,4,58,0.0030659798067063093,VIT768,0.9723386764526367
2026,4,59,0.003030576277524233,VIT768,0.987669825553894
2026,4,60,0.0030035392846912146,VIT768,0.9858525991439819
2026,4,61,0.0028997384943068027,VIT768,0.9729951620101929
2026,4,62,0.002889937022700906,VIT768,0.9457758069038391
2026,4,63,0.002811028156429529,VIT768,0.9880959391593933
2026,4,64,0.002739080460742116,VIT768,0.9741072654724121
2026,4,65,0.0026896949857473373,VIT768,0.9544939994812012
2026,4,66,0.0026368924882262945,VIT768,0.9769884347915649
2026,4,67,0.0025981576181948185,VIT768,0.9843830466270447
2026,4,68,0.002561641624197364,VIT768,0.9718456864356995
2026,4,69,0.0024924790486693382,VIT768,0.9836486577987671
2026,4,70,0.002446020720526576,VIT768,0.958747148513794
2026,4,71,0.00243561714887619,VIT768,0.9714854955673218
2026,4,72,0.0023522416595369577,VIT768,0.9886332750320435
2026,4,73,0.0023330911062657833,VIT768,0.9742019176483154
2026,4,74,0.0022860204335302114,VIT768,0.9894014596939087
2026,4,75,0.002246011281386018,VIT768,0.9797123670578003
2026,4,76,0.002170366235077381,VIT768,0.9847604036331177
2026,4,77,0.0021584099158644676,VIT768,0.9659278392791748
2026,4,78,0.00212690606713295,VIT768,0.9693202972412109
2026,4,79,0.002106075407937169,VIT768,0.9577236175537109
2026,4,80,0.0020706329960376024,VIT768,0.9905382394790649
2026,4,81,0.0020472605247050524,VIT768,0.9869992733001709
2026,4,82,0.00199342449195683,VIT768,0.9862431287765503
2026,4,83,0.001920341164804995,VIT768,0.9843941330909729
2026,4,84,0.0018978071166202426,VIT768,0.986288845539093
2026,4,85,0.0018896745750680566,VIT768,0.9889700412750244
2026,4,86,0.0018326030112802982,VIT768,0.9805442094802856
2026,4,87,0.0017682415200397372,VIT768,0.980850338935852
2026,4,88,0.0017663092585280538,VIT768,0.9845595359802246
2026,4,89,0.0017526596784591675,VIT768,0.9878557920455933
2026,4,90,0.0017181277507916093,VIT768,0.9868727922439575
2026,4,91,0.0016806647181510925,VIT768,0.9884191751480103
2026,4,92,0.0016738723497837782,VIT768,0.981999397277832
2026,4,93,0.0016483311774209142,VIT768,0.9540329575538635
2026,4,94,0.001617091242223978,VIT768,0.9919530153274536
2026,4,95,0.0015794585924595594,VIT768,0.972786545753479
2026,4,96,0.001560560311190784,VIT768,0.9811750650405884
2026,4,97,0.0015352083137258887,VIT768,0.9784908294677734
2026,4,98,0.0015071697998791933,VIT768,0.9461033344268799
2026,4,99,0.0014747371897101402,VIT768,0.9737394452095032
2026,4,100,0.0014519604155793786,VIT768,0.9705963730812073
2026,4,101,0.0014262249460443854,VIT768,0.9778685569763184
2026,4,102,0.0014163223095238209,VIT768,0.9775911569595337
2026,4,103,0.0014058614615350962,VIT768,0.985142707824707
2026,4,104,0.001389803597703576,VIT768,0.979424774646759
2026,4,105,0.001366096781566739,VIT768,0.9520617723464966
2026,4,106,0.0013452734565362334,VIT768,0.9764939546585083
2026,4,107,0.0013187748845666647,VIT768,0.9597681760787964
2026,4,108,0.0013085167156532407,VIT768,0.9927611351013184
2026,4,109,0.001298219314776361,VIT768,0.9820736646652222
2026,4,110,0.0012640750501304865,VIT768,0.982528567314148
2026,4,111,0.0012375041842460632,VIT768,0.9815400838851929
2026,4,112,0.0012245639227330685,VIT768,0.9742379188537598
2026,4,113,0.0011973859509453177,VIT768,0.982419490814209
2026,4,114,0.0011784679954871535,VIT768,0.9874429702758789
2026,4,115,0.0011516362428665161,VIT768,0.9474685788154602
2026,4,116,0.0011237449944019318,VIT768,0.9802170991897583
2026,4,117,0.0011118401307612658,VIT768,0.9723156094551086
2026,4,118,0.0010939885396510363,VIT768,0.9774233102798462
2026,4,119,0.0010814324487000704,VIT768,0.9651721715927124
2026,4,120,0.0010632566409185529,VIT768,0.9743480682373047
2026,4,121,0.0010502946097403765,VIT768,0.9717650413513184
2026,4,122,0.0010344375623390079,VIT768,0.9863427877426147
2026,4,123,0.0010088887065649033,VIT768,0.9922574758529663
2026,4,124,0.000994873116724193,VIT768,0.983820378780365
2026,4,125,0.000987192732281983,VIT768,0.9777243137359619
2026,4,126,0.0009721514070406556,VIT768,0.9815967082977295
2026,4,127,0.0009641589131206274,VIT768,0.9763386249542236
2026,4,128,0.0009485098998993635,VIT768,0.9895416498184204
2026,5,1,0.11600523442029953,COLOR9,0.016263194382190704
2026,5,2,0.06540168076753616,COLOR9,0.006435043178498745
2026,5,3,0.05678033456206322,COLOR9,0.022567573934793472
2026,5,4,0.052390605211257935,COLOR9,0.004457758739590645
2026,5,5,0.03541981428861618,COLOR9,0.012754078954458237
2026,5,6,0.03183768317103386,COLOR9,0.002239503664895892
2026,5,7,0.031039176508784294,COLOR9,0.02053915336728096
2026,5,8,0.026676684617996216,COLOR9,0.018771447241306305
2026,5,9,0.02354954369366169,COLOR9,0.004863487556576729
2026,5,10,0.020581817254424095,COLOR9,0.002603222383186221
2026,5,11,0.01912202499806881,COLOR9,0.008742036297917366
2026,5,12,0.018279321491718292,COLOR9,0.0025438747834414244
2026,5,13,0.016462964937090874,COLOR9,0.014683927409350872
2026,5,14,0.014267939142882824,COLOR9,0.0026734774000942707
2026,5,15,0.013253365643322468,COLOR9,0.010437993332743645
2026,5,16,0.012124311178922653,COLOR9,0.021476520225405693
2026,5,17,0.01186177134513855,COLOR9,0.008412952534854412
2026,5,18,0.011508970521390438,COLOR9,0.015232043340802193
2026,5,19,0.011135224252939224,COLOR9,0.019327888265252113
2026,5,20,0.010389364324510098,COLOR9,0.007041175849735737
2026,5,21,0.009876467287540436,COLOR9,0.005136250983923674
2026,5,22,0.009113459847867489,COLOR9,0.008695377968251705
2026,5,23,0.008900847285985947,COLOR9,0.00335647608153522
2026,5,24,0.008263589814305305,COLOR9,0.013912219554185867
2026,5,25,0.008031155914068222,COLOR9,0.005645055323839188
2026,5,26,0.00759905157610774,COLOR9,0.00952471699565649
2026,5,27,0.007420012727379799,COLOR9,0.0033428322058171034
2026,5,28,0.00715885404497385,COLOR9,0.004406959284096956
2026,5,29,0.007059798110276461,COLOR9,0.0012310781748965383
2026,5,30,0.006646737456321716,COLOR9,0.0029557161033153534
2026,5,31,0.006236698012799025,COLOR9,0.016357803717255592
2026,5,32,0.006103492341935635,COLOR9,0.015514944680035114
2026,5,33,0.005889472551643848,COLOR9,0.007134147919714451
2026,5,34,0.005692862439900637,COLOR9,0.012897573411464691
2026,5,35,0.005496685393154621,COLOR9,0.019277093932032585
2026,5,36,0.005440172739326954,COLOR9,0.014012707397341728
2026,5,37,0.0052458783611655235,COLOR9,0.019987020641565323
2026,5,38,0.005133381579071283,COLOR9,0.009011703543365002
2026,5,39,0.004909839015454054,COLOR9,0.006702715065330267
2026,5,40,0.004840968642383814,COLOR9,0.009464711882174015
2026,5,41,0.004764355253428221,COLOR9,0.0031271339394152164
2026,5,42,0.004487223923206329,COLOR9,0.01071261428296566
2026,5,43,0.004465902224183083,COLOR9,0.024718476459383965
2026,5,44,0.004267293494194746,COLOR9,0.0034232735633850098
2026,5,45,0.004212138708680868,COLOR9,0.023412711918354034
2026,5,46,0.004092676565051079,COLOR9,0.009178843349218369
2026,5,47,0.003926942124962807,COLOR9,0.006646881345659494
2026,5,48,0.0038677467964589596,COLOR9,0.006155797280371189
2026,5,49,0.0038231683429330587,COLOR9,0.019391603767871857
2026,5,50,0.0037838949356228113,COLOR9,0.008881180547177792
2026,5,51,0.0036454321816563606,COLOR9,0.008327454328536987
2026,5,52,0.0035585062578320503,COLOR9,0.016551300883293152
2026,5,53,0.0034301094710826874,COLOR9,0.012108352035284042
2026,5,54,0.0034176865592598915,COLOR9,0.0110566895455122
2026,5,55,0.003356584580615163,COLOR9,0.05504903197288513
2026,5,56,0.0032613661605864763,COLOR9,0.014585403725504875
2026,5,57,0.0031927062664180994,COLOR9,0.005070021841675043
2026,5,58,0.0031196484342217445,COLOR9,0.021387584507465363
2026,5,59,0.0030568125657737255,COLOR9,0.015114552341401577
2026,5,60,0.0030290004797279835,COLOR9,0.017641576007008553
2026,5,61,0.0029425225220620632,COLOR9,0.008861730806529522
2026,5,62,0.002860213164240122,COLOR9,0.0025947934482246637
2026,5,63,0.0028532894793897867,COLOR9,0.00864807702600956
2026,5,64,0.0027243171352893114,COLOR9,0.005293893627822399
2026,5,65,0.0027156141586601734,COLOR9,0.007925116457045078
2026,5,66,0.0026474324986338615,COLOR9,0.010320470668375492
2026,5,67,0.002532403217628598,COLOR9,0.004869250115007162
2026,5,68,0.002507094293832779,COLOR9,0.003148440271615982
2026,5,69,0.002461041556671262,COLOR9,0.011737065389752388
2026,5,70,0.0024267835542559624,COLOR9,0.019140349701046944
2026,5,71,0.002328772097826004,COLOR9,0.008069256320595741
2026,5,72,0.0022890677209943533,COLOR9,0.013362039811909199
2026,5,73,0.0022761321160942316,COLOR9,0.010544814169406891
2026,5,74,0.002268159994855523,COLOR9,0.0057101063430309296
2026,5,75,0.0022569128777831793,COLOR9,0.011761711910367012
2026,5,76,0.0022160981316119432,COLOR9,0.004589457996189594
2026,5,77,0.0021664409432560205,COLOR9,0.020665444433689117
2026,5,78,0.00211820169351995,COLOR9,0.012622911483049393
2026,5,79,0.002076048171147704,COLOR9,0.0025191172026097775
2026,5,80,0.002058807760477066,COLOR9,0.008678711019456387
2026,5,81,0.0020028597209602594,COLOR9,0.0039435685612261295
2026,5,82,0.001968826400116086,COLOR9,0.006490797270089388
2026,5,83,0.0019482310162857175,COLOR9,0.0019274073420092463
2026,5,84,0.0018890235805884004,COLOR9,0.009787463583052158
2026,5,85,0.0018752944888547063,COLOR9,0.023955056443810463
2026,5,86,0.001847278093919158,COLOR9,0.01973531022667885
2026,5,87,0.0018035268876701593,COLOR9,0.008018488995730877
2026,5,88,0.0017850151052698493,COLOR9,0.005038558971136808
2026,5,89,0.0017458639340475202,COLOR9,0.007849225774407387
2026,5,90,0.001729498733766377,COLOR9,0.005440945737063885
2026,5,91,0.0017030809540301561,COLOR9,0.0023980173282325268
2026,5,92,0.0016790759982541203,COLOR9,0.022681521251797676
2026,5,93,0.0016519976779818535,COLOR9,0.044744525104761124
2026,5,94,0.0016175084747374058,COLOR9,0.003393092891201377
2026,5,95,0.0015917591517791152,COLOR9,0.003974015358835459
2026,5,96,0.0015764355193823576,COLOR9,0.002642237115651369
2026,5,97,0.0015584654174745083,COLOR9,0.006233290769159794
2026,5,98,0.0015251486329361796,COLOR9,0.005463451147079468
2026,5,99,0.0015087174251675606,COLOR9,0.006410763133317232
2026,5,100,0.0014820038340985775,COLOR9,0.012418124824762344
2026,5,101,0.001468005939386785,COLOR9,0.00795876607298851
2026,5,102,0.001445902162231505,COLOR9,0.009841405786573887
2026,5,103,0.0014140071580186486,COLOR9,0.008243292570114136
2026,5,104,0.001394145656377077,COLOR9,0.009866459295153618
2026,5,105,0.0013767702039331198,COLOR9,0.005616911221295595
2026,5,106,0.0013594592455774546,COLOR9,0.014651704579591751
2026,5,107,0.001317305606789887,COLOR9,0.0030252463184297085
2026,5,108,0.0012854584492743015,COLOR9,0.017000209540128708
2026,5,109,0.001281835837289691,COLOR9,0.012075789272785187
2026,5,110,0.0012584729120135307,COLOR9,0.007395805325359106
2026,5,111,0.0012457353295758367,COLOR9,0.01575659215450287
2026,5,112,0.0012226337566971779,COLOR9,0.014008310623466969
2026,5,113,0.0012043133610859513,COLOR9,0.019376669079065323
2026,5,114,0.0011938237585127354,COLOR9,0.005784457549452782
2026,5,115,0.001170957344584167,COLOR9,0.007436911575496197
2026,5,116,0.0011485990835353732,COLOR9,0.008697273209691048
2026,5,117,0.001128423842601478,COLOR9,0.009606951847672462
2026,5,118,0.0011116460664197803,COLOR9,0.007918499410152435
2026,5,119,0.0010980787919834256,COLOR9,0.003961207810789347
2026,5,120,0.0010621866676956415,COLOR9,0.004282819572836161
2026,5,121,0.0010584568371996284,COLOR9,0.011465422809123993
2026,5,122,0.0010294975945726037,COLOR9,0.013283446431159973
2026,5,123,0.001025908743031323,COLOR9,0.01151963695883751
2026,5,124,0.001003408688120544,COLOR9,0.01949290558695793
2026,5,125,0.0009939727606251836,COLOR9,0.0003817162069026381
2026,5,126,0.0009647880215197802,COLOR9,0.011062873527407646
2026,5,127,0.0009597475291229784,COLOR9,0.004118987824767828
2026,5,128,0.0009482051827944815,COLOR9,0.0026188683696091175
2026,5,1,0.11600523442029953,LBP18,0.11150426417589188
2026,5,2,0.06540168076753616,LBP18,0.003990803845226765
2026,5,3,0.05678033456206322,LBP18,0.011709708720445633
2026,5,4,0.052390605211257935,LBP18,0.0006416977266781032
2026,5,5,0.03541981428861618,LBP18,0.01135394535958767
2026,5,6,0.03183768317103386,LBP18,0.0173460952937603
2026,5,7,0.031039176508784294,LBP18,0.024106526747345924
2026,5,8,0.026676684617996216,LBP18,0.0013902775244787335
2026,5,9,0.02354954369366169,LBP18,0.010757390409708023
2026,5,10,0.020581817254424095,LBP18,0.007933385670185089
2026,5,11,0.01912202499806881,LBP18,0.011713581159710884
2026,5,12,0.018279321491718292,LBP18,0.008715136907994747
2026,5,13,0.016462964937090874,LBP18,0.02276727557182312
2026,5,14,0.014267939142882824,LBP18,0.0038717463612556458
2026,5,15,0.013253365643322468,LBP18,0.013165580108761787
2026,5,16,0.012124311178922653,LBP18,0.033503517508506775
2026,5,17,0.01186177134513855,LBP18,0.0010626555886119604
2026,5,18,0.011508970521390438,LBP18,0.042992718517780304
2026,5,19,0.011135224252939224,LBP18,0.0005317773902788758
2026,5,20,0.010389364324510098,LBP18,0.029341448098421097
2026,5,21,0.009876467287540436,LBP18,0.007603173144161701
2026,5,22,0.009113459847867489,LBP18,0.001666941330768168
2026,5,23,0.008900847285985947,LBP18,0.0005297694006003439
2026,5,24,0.008263589814305305,LBP18,0.029601799324154854
2026,5,25,0.008031155914068222,LBP18,0.018394973129034042
2026,5,26,0.00759905157610774,LBP18,0.0221247598528862
2026,5,27,0.007420012727379799,LBP18,0.007332397159188986
2026,5,28,0.00715885404497385,LBP18,0.012168862856924534
2026,5,29,0.007059798110276461,LBP18,0.0026418366469442844
2026,5,30,0.006646737456321716,LBP18,0.006067299284040928
2026,5,31,0.006236698012799025,LBP18,0.038803938776254654
2026,5,32,0.006103492341935635,LBP18,0.008805901743471622
2026,5,33,0.005889472551643848,LBP18,0.04783037304878235
2026,5,34,0.005692862439900637,LBP18,0.009534580633044243
2026,5,35,0.005496685393154621,LBP18,0.028051286935806274
2026,5,36,0.005440172739326954,LBP18,0.0030275590252131224
2026,5,37,0.0052458783611655235,LBP18,0.0005776265752501786
2026,5,38,0.005133381579071283,LBP18,0.009359605610370636
2026,5,39,0.004909839015454054,LBP18,0.04069142788648605
2026,5,40,0.004840968642383814,LBP18,0.04071976616978645
2026,5,41,0.004764355253428221,LBP18,0.0032389694824814796
2026,5,42,0.004487223923206329,LBP18,0.0017506430158391595
2026,5,43,0.004465902224183083,LBP18,0.023330138996243477
2026,5,44,0.004267293494194746,LBP18,0.02447781339287758
2026,5,45,0.004212138708680868,LBP18,0.0009432397200725973
2026,5,46,0.004092676565051079,LBP18,0.02746875211596489
2026,5,47,0.003926942124962807,LBP18,0.004675210919231176
2026,5,48,0.0038677467964589596,LBP18,0.0020949733443558216
2026,5,49,0.0038231683429330587,LBP18,0.014885802753269672
2026,5,50,0.0037838949356228113,LBP18,0.008161242119967937
2026,5,51,0.0036454321816563606,LBP18,0.0026570933405309916
2026,5,52,0.0035585062578320503,LBP18,0.009499294683337212
2026,5,53,0.0034301094710826874,LBP18,0.004903178662061691
2026,5,54,0.0034176865592598915,LBP18,0.009246625937521458
2026,5,55,0.003356584580615163,LBP18,0.025722064077854156
2026,5,56,0.0032613661605864763,LBP18,0.00602294597774744
2026,5,57,0.0031927062664180994,LBP18,0.005980383139103651
2026,5,58,0.0031196484342217445,LBP18,0.0028093960136175156
2026,5,59,0.0030568125657737255,LBP18,0.006945925764739513
2026,5,60,0.0030290004797279835,LBP18,0.0007879643235355616
2026,5,61,0.0029425225220620632,LBP18,0.004029957577586174
2026,5,62,0.002860213164240122,LBP18,0.005760978441685438
2026,5,63,0.0028532894793897867,LBP18,0.016674337908625603
2026,5,64,0.0027243171352893114,LBP18,0.0061264000833034515
2026,5,65,0.0027156141586601734,LBP18,0.01625802554190159
2026,5,66,0.0026474324986338615,LBP18,0.01594816893339157
2026,5,67,0.002532403217628598,LBP18,0.001984035363420844
2026,5,68,0.002507094293832779,LBP18,0.009309817105531693
2026,5,69,0.002461041556671262,LBP18,0.004489718470722437
2026,5,70,0.0024267835542559624,LBP18,0.0025210673920810223
2026,5,71,0.002328772097826004,LBP18,0.0036080835852771997
2026,5,72,0.0022890677209943533,LBP18,0.009373827837407589
2026,5,73,0.0022761321160942316,LBP18,0.002754444722086191
2026,5,74,0.002268159994855523,LBP18,0.018577860668301582
2026,5,75,0.0022569128777831793,LBP18,0.004387699067592621
2026,5,76,0.0022160981316119432,LBP18,0.009663296863436699
2026,5,77,0.0021664409432560205,LBP18,0.0009871145011857152
2026,5,78,0.00211820169351995,LBP18,0.01037944108247757
2026,5,79,0.002076048171147704,LBP18,0.002240617061033845
2026,5,80,0.002058807760477066,LBP18,0.006444056984037161
2026,5,81,0.0020028597209602594,LBP18,0.001227228669449687
2026,5,82,0.001968826400116086,LBP18,0.012109282426536083
2026,5,83,0.0019482310162857175,LBP18,0.00250891107134521
2026,5,84,0.0018890235805884004,LBP18,0.009131616912782192
2026,5,85,0.0018752944888547063,LBP18,0.005345106590539217
2026,5,86,0.001847278093919158,LBP18,0.003136628307402134
2026,5,87,0.0018035268876701593,LBP18,0.0012214260641485453
2026,5,88,0.0017850151052698493,LBP18,0.008864904753863811
2026,5,89,0.0017458639340475202,LBP18,0.015235704369843006
2026,5,90,0.001729498733766377,LBP18,0.0035566072911024094
2026,5,91,0.0017030809540301561,LBP18,0.0022068319376558065
2026,5,92,0.0016790759982541203,LBP18,0.0013860361650586128
2026,5,93,0.0016519976779818535,LBP18,0.006755647249519825
2026,5,94,0.0016175084747374058,LBP18,0.020364325493574142
2026,5,95,0.0015917591517791152,LBP18,0.006632100325077772
2026,5,96,0.0015764355193823576,LBP18,0.003843902377411723
2026,5,97,0.0015584654174745083,LBP18,0.012102712877094746
2026,5,98,0.0015251486329361796,LBP18,0.008538435213267803
2026,5,99,0.0015087174251675606,LBP18,0.003063587471842766
2026,5,100,0.0014820038340985775,LBP18,0.005593300797045231
2026,5,101,0.001468005939386785,LBP18,0.003100352128967643
2026,5,102,0.001445902162231505,LBP18,0.003461424494162202
2026,5,103,0.0014140071580186486,LBP18,0.013441761955618858
2026,5,104,0.001394145656377077,LBP18,0.0031666066497564316
2026,5,105,0.0013767702039331198,LBP18,0.003363219788298011
2026,5,106,0.0013594592455774546,LBP18,0.003010224550962448
2026,5,107,0.001317305606789887,LBP18,0.009539571590721607
2026,5,108,0.0012854584492743015,LBP18,0.00909463595598936
2026,5,109,0.001281835837289691,LBP18,0.001945090596564114
2026,5,110,0.0012584729120135307,LBP18,0.0014351714635267854
2026,5,111,0.0012457353295758367,LBP18,0.010032888501882553
2026,5,112,0.0012226337566971779,LBP18,0.01909293234348297
2026,5,113,0.0012043133610859513,LBP18,0.005578986834734678
2026,5,114,0.0011938237585127354,LBP18,0.009098989889025688
2026,5,115,0.001170957344584167,LBP18,0.008105682209134102
2026,5,116,0.0011485990835353732,LBP18,0.006549453362822533
2026,5,117,0.001128423842601478,LBP18,0.022596463561058044
2026,5,118,0.0011116460664197803,LBP18,0.004967071115970612
2026,5,119,0.0010980787919834256,LBP18,0.006116972770541906
2026,5,120,0.0010621866676956415,LBP18,0.007784797344356775
2026,5,121,0.0010584568371996284,LBP18,0.0032857470214366913
2026,5,122,0.0010294975945726037,LBP18,0.003274194896221161
2026,5,123,0.001025908743031323,LBP18,0.004169316962361336
2026,5,124,0.001003408688120544,LBP18,0.007996032945811749
2026,5,125,0.0009939727606251836,LBP18,0.008708956651389599
2026,5,126,0.0009647880215197802,LBP18,0.018148329108953476
2026,5,127,0.0009597475291229784,LBP18,0.010165022686123848
2026,5,128,0.0009482051827944815,LBP18,0.02882046066224575
2026,5,1,0.11600523442029953,HARALICK5,0.007070199586451054
2026,5,2,0.06540168076753616,HARALICK5,0.01361350528895855
2026,5,3,0.05678033456206322,HARALICK5,0.021615169942378998
2026,5,4,0.052390605211257935,HARALICK5,0.0005713849095627666
2026,5,5,0.03541981428861618,HARALICK5,0.0008147114422172308
2026,5,6,0.03183768317103386,HARALICK5,0.005574258975684643
2026,5,7,0.031039176508784294,HARALICK5,0.000702916644513607
2026,5,8,0.026676684617996216,HARALICK5,0.007584339007735252
2026,5,9,0.02354954369366169,HARALICK5,0.006222941912710667
2026,5,10,0.020581817254424095,HARALICK5,0.0028490745462477207
2026,5,11,0.01912202499806881,HARALICK5,0.004989770241081715
2026,5,12,0.018279321491718292,HARALICK5,0.0016172867035493255
2026,5,13,0.016462964937090874,HARALICK5,0.007540146820247173
2026,5,14,0.014267939142882824,HARALICK5,0.0036433881614357233
2026,5,15,0.013253365643322468,HARALICK5,0.002255604602396488
2026,5,16,0.012124311178922653,HARALICK5,0.011154507286846638
2026,5,17,0.01186177134513855,HARALICK5,0.0025694463402032852
2026,5,18,0.011508970521390438,HARALICK5,0.004496807232499123
2026,5,19,0.011135224252939224,HARALICK5,0.006513888947665691
2026,5,20,0.010389364324510098,HARALICK5,0.000751741579733789
2026,5,21,0.009876467287540436,HARALICK5,0.002725529484450817
2026,5,22,0.009113459847867489,HARALICK5,0.00048673158744350076
2026,5,23,0.008900847285985947,HARALICK5,0.004028040450066328
2026,5,24,0.008263589814305305,HARALICK5,0.003866493469104171
2026,5,25,0.008031155914068222,HARALICK5,0.0025194953195750713
2026,5,26,0.00759905157610774,HARALICK5,0.0011476695071905851
2026,5,27,0.007420012727379799,HARALICK5,0.0074509610421955585
2026,5,28,0.00715885404497385,HARALICK5,0.0014894154155626893
2026,5,29,0.007059798110276461,HARALICK5,0.0004291461082175374
2026,5,30,0.006646737456321716,HARALICK5,0.004533431492745876
2026,5,31,0.006236698012799025,HARALICK5,0.0019858803134411573
2026,5,32,0.006103492341935635,HARALICK5,0.02262023463845253
2026,5,33,0.005889472551643848,HARALICK5,0.014432146213948727
2026,5,34,0.005692862439900637,HARALICK5,0.0007935644243843853
2026,5,35,0.005496685393154621,HARALICK5,0.003814330557361245
2026,5,36,0.005440172739326954,HARALICK5,0.0036908553447574377
2026,5,37,0.0052458783611655235,HARALICK5,0.0036358311772346497
2026,5,38,0.005133381579071283,HARALICK5,0.0007973404135555029
2026,5,39,0.004909839015454054,HARALICK5,0.0015790321631357074
2026,5,40,0.004840968642383814,HARALICK5,0.01275246124714613
2026,5,41,0.004764355253428221,HARALICK5,0.0023531115148216486
2026,5,42,0.004487223923206329,HARALICK5,0.010644896887242794
2026,5,43,0.004465902224183083,HARALICK5,0.008588938042521477
2026,5,44,0.004267293494194746,HARALICK5,0.002458060160279274
2026,5,45,0.004212138708680868,HARALICK5,0.006498084403574467
2026,5,46,0.004092676565051079,HARALICK5,0.0025690337643027306
2026,5,47,0.003926942124962807,HARALICK5,0.0019512599101290107
2026,5,48,0.0038677467964589596,HARALICK5,0.005666096229106188
2026,5,49,0.0038231683429330587,HARALICK5,0.0023057512007653713
2026,5,50,0.0037838949356228113,HARALICK5,0.006569692865014076
2026,5,51,0.0036454321816563606,HARALICK5,0.001296891481615603
2026,5,52,0.0035585062578320503,HARALICK5,0.0028364863246679306
2026,5,53,0.0034301094710826874,HARALICK5,0.008976148441433907
2026,5,54,0.0034176865592598915,HARALICK5,0.003931706305593252
2026,5,55,0.003356584580615163,HARALICK5,0.007941405288875103
2026,5,56,0.0032613661605864763,HARALICK5,0.0066065071150660515
2026,5,57,0.0031927062664180994,HARALICK5,0.0072049787268042564
2026,5,58,0.0031196484342217445,HARALICK5,0.0033921306021511555
2026,5,59,0.0030568125657737255,HARALICK5,0.00793292373418808
2026,5,60,0.0030290004797279835,HARALICK5,0.0026988922618329525
2026,5,61,0.0029425225220620632,HARALICK5,0.01710088551044464
2026,5,62,0.002860213164240122,HARALICK5,0.002829193603247404
2026,5,63,0.0028532894793897867,HARALICK5,0.0038132211193442345
2026,5,64,0.0027243171352893114,HARALICK5,0.004755382891744375
2026,5,65,0.0027156141586601734,HARALICK5,0.003120839362964034
2026,5,66,0.0026474324986338615,HARALICK5,0.011100073345005512
2026,5,67,0.002532403217628598,HARALICK5,0.0011462182737886906
2026,5,68,0.002507094293832779,HARALICK5,0.002559412270784378
2026,5,69,0.002461041556671262,HARALICK5,0.0024321707896888256
2026,5,70,0.0024267835542559624,HARALICK5,0.011570684611797333
2026,5,71,0.002328772097826004,HARALICK5,0.003198149846866727
2026,5,72,0.0022890677209943533,HARALICK5,0.0007715806132182479
2026,5,73,0.0022761321160942316,HARALICK5,0.003988977055996656
2026,5,74,0.002268159994855523,HARALICK5,0.00544595904648304
2026,5,75,0.0022569128777831793,HARALICK5,0.0031855383422225714
2026,5,76,0.0022160981316119432,HARALICK5,0.0007952548330649734
2026,5,77,0.0021664409432560205,HARALICK5,0.006917594466358423
2026,5,78,0.00211820169351995,HARALICK5,0.0012125737266615033
2026,5,79,0.002076048171147704,HARALICK5,0.005680030677467585
2026,5,80,0.002058807760477066,HARALICK5,0.008825255557894707
2026,5,81,0.0020028597209602594,HARALICK5,0.0024275367613881826
2026,5,82,0.001968826400116086,HARALICK5,0.004653502255678177
2026,5,83,0.0019482310162857175,HARALICK5,0.007603729143738747
2026,5,84,0.0018890235805884004,HARALICK5,0.0023697700817137957
2026,5,85,0.0018752944888547063,HARALICK5,0.004204770550131798
2026,5,86,0.001847278093919158,HARALICK5,0.0016415872378274798
2026,5,87,0.0018035268876701593,HARALICK5,0.007147939410060644
2026,5,88,0.0017850151052698493,HARALICK5,0.015028540976345539
2026,5,89,0.0017458639340475202,HARALICK5,0.0010599623201414943
2026,5,90,0.001729498733766377,HARALICK5,0.002765422221273184
2026,5,91,0.0017030809540301561,HARALICK5,0.0020183136221021414
2026,5,92,0.0016790759982541203,HARALICK5,0.012340369634330273
2026,5,93,0.0016519976779818535,HARALICK5,0.002980909077450633
2026,5,94,0.0016175084747374058,HARALICK5,0.0006777699454687536
2026,5,95,0.0015917591517791152,HARALICK5,0.0034559364430606365
2026,5,96,0.0015764355193823576,HARALICK5,0.004027377348393202
2026,5,97,0.0015584654174745083,HARALICK5,0.011790260672569275
2026,5,98,0.0015251486329361796,HARALICK5,0.013126740232110023
2026,5,99,0.0015087174251675606,HARALICK5,0.002608935348689556
2026,5,100,0.0014820038340985775,HARALICK5,0.015191012062132359
2026,5,101,0.001468005939386785,HARALICK5,0.005094287917017937
2026,5,102,0.001445902162231505,HARALICK5,0.005483957473188639
2026,5,103,0.0014140071580186486,HARALICK5,0.00272773252800107
2026,5,104,0.001394145656377077,HARALICK5,0.004981933161616325
2026,5,105,0.0013767702039331198,HARALICK5,0.018687430769205093
2026,5,106,0.0013594592455774546,HARALICK5,0.002656386699527502
2026,5,107,0.001317305606789887,HARALICK5,0.002771979896351695
2026,5,108,0.0012854584492743015,HARALICK5,0.010539978742599487
2026,5,109,0.001281835837289691,HARALICK5,0.002255277242511511
2026,5,110,0.0012584729120135307,HARALICK5,0.00036570598604157567
2026,5,111,0.0012457353295758367,HARALICK5,0.010420660488307476
2026,5,112,0.0012226337566971779,HARALICK5,0.0029589678160846233
2026,5,113,0.0012043133610859513,HARALICK5,0.009163131937384605
2026,5,114,0.0011938237585127354,HARALICK5,0.001679516863077879
2026,5,115,0.001170957344584167,HARALICK5,0.005528253503143787
2026,5,116,0.0011485990835353732,HARALICK5,0.008577659726142883
2026,5,117,0.001128423842601478,HARALICK5,0.005704822484403849
2026,5,118,0.0011116460664197803,HARALICK5,0.0010767540661618114
2026,5,119,0.0010980787919834256,HARALICK5,0.004014669917523861
2026,5,120,0.0010621866676956415,HARALICK5,0.0028884890489280224
2026,5,121,0.0010584568371996284,HARALICK5,0.001949878642335534
2026,5,122,0.0010294975945726037,HARALICK5,0.000948576838709414
2026,5,123,0.001025908743031323,HARALICK5,0.005838470533490181
2026,5,124,0.001003408688120544,HARALICK5,0.0056192087940871716
2026,5,125,0.0009939727606251836,HARALICK5,0.007120625115931034
2026,5,126,0.0009647880215197802,HARALICK5,0.009016630239784718
2026,5,127,0.0009597475291229784,HARALICK5,0.005622523836791515
2026,5,128,0.0009482051827944815,HARALICK5,0.0030059400014579296
2026,5,1,0.11600523442029953,ALL_HANDCRAFTED32,0.13483765721321106
2026,5,2,0.06540168076753616,ALL_HANDCRAFTED32,0.02403935045003891
2026,5,3,0.05678033456206322,ALL_HANDCRAFTED32,0.0558924525976181
2026,5,4,0.052390605211257935,ALL_HANDCRAFTED32,0.005670840851962566
2026,5,5,0.03541981428861618,ALL_HANDCRAFTED32,0.02492273598909378
2026,5,6,0.03183768317103386,ALL_HANDCRAFTED32,0.02515985816717148
2026,5,7,0.031039176508784294,ALL_HANDCRAFTED32,0.04534859582781792
2026,5,8,0.026676684617996216,ALL_HANDCRAFTED32,0.027746066451072693
2026,5,9,0.02354954369366169,ALL_HANDCRAFTED32,0.021843818947672844
2026,5,10,0.020581817254424095,ALL_HANDCRAFTED32,0.013385683298110962
2026,5,11,0.01912202499806881,ALL_HANDCRAFTED32,0.02544538676738739
2026,5,12,0.018279321491718292,ALL_HANDCRAFTED32,0.0128762973472476
2026,5,13,0.016462964937090874,ALL_HANDCRAFTED32,0.044991347938776016
2026,5,14,0.014267939142882824,ALL_HANDCRAFTED32,0.010188611224293709
2026,5,15,0.013253365643322468,ALL_HANDCRAFTED32,0.025859178975224495
2026,5,16,0.012124311178922653,ALL_HANDCRAFTED32,0.06613454222679138
2026,5,17,0.01186177134513855,ALL_HANDCRAFTED32,0.012045054696500301
2026,5,18,0.011508970521390438,ALL_HANDCRAFTED32,0.06272156536579132
2026,5,19,0.011135224252939224,ALL_HANDCRAFTED32,0.02637355588376522
2026,5,20,0.010389364324510098,ALL_HANDCRAFTED32,0.03713436424732208
2026,5,21,0.009876467287540436,ALL_HANDCRAFTED32,0.01546495407819748
2026,5,22,0.009113459847867489,ALL_HANDCRAFTED32,0.010849052108824253
2026,5,23,0.008900847285985947,ALL_HANDCRAFTED32,0.007914286106824875
2026,5,24,0.008263589814305305,ALL_HANDCRAFTED32,0.047380510717630386
2026,5,25,0.008031155914068222,ALL_HANDCRAFTED32,0.02655952237546444
2026,5,26,0.00759905157610774,ALL_HANDCRAFTED32,0.03279714658856392
2026,5,27,0.007420012727379799,ALL_HANDCRAFTED32,0.018126191571354866
2026,5,28,0.00715885404497385,ALL_HANDCRAFTED32,0.018065236508846283
2026,5,29,0.007059798110276461,ALL_HANDCRAFTED32,0.0043020606972277164
2026,5,30,0.006646737456321716,ALL_HANDCRAFTED32,0.013556446880102158
2026,5,31,0.006236698012799025,ALL_HANDCRAFTED32,0.05714762210845947
2026,5,32,0.006103492341935635,ALL_HANDCRAFTED32,0.046941082924604416
2026,5,33,0.005889472551643848,ALL_HANDCRAFTED32,0.06939666718244553
2026,5,34,0.005692862439900637,ALL_HANDCRAFTED32,0.02322571910917759
2026,5,35,0.005496685393154621,ALL_HANDCRAFTED32,0.05114271119236946
2026,5,36,0.005440172739326954,ALL_HANDCRAFTED32,0.020731121301651
2026,5,37,0.0052458783611655235,ALL_HANDCRAFTED32,0.024200476706027985
2026,5,38,0.005133381579071283,ALL_HANDCRAFTED32,0.01916864886879921
2026,5,39,0.004909839015454054,ALL_HANDCRAFTED32,0.048973169177770615
2026,5,40,0.004840968642383814,ALL_HANDCRAFTED32,0.062936931848526
2026,5,41,0.004764355253428221,ALL_HANDCRAFTED32,0.008719215169548988
2026,5,42,0.004487223923206329,ALL_HANDCRAFTED32,0.02310815453529358
2026,5,43,0.004465902224183083,ALL_HANDCRAFTED32,0.05663755163550377
2026,5,44,0.004267293494194746,ALL_HANDCRAFTED32,0.030359147116541862
2026,5,45,0.004212138708680868,ALL_HANDCRAFTED32,0.030854035168886185
2026,5,46,0.004092676565051079,ALL_HANDCRAFTED32,0.039216626435518265
2026,5,47,0.003926942124962807,ALL_HANDCRAFTED32,0.013273351825773716
2026,5,48,0.0038677467964589596,ALL_HANDCRAFTED32,0.013916866853833199
2026,5,49,0.0038231683429330587,ALL_HANDCRAFTED32,0.03658316284418106
2026,5,50,0.0037838949356228113,ALL_HANDCRAFTED32,0.023612115532159805
2026,5,51,0.0036454321816563606,ALL_HANDCRAFTED32,0.012281440198421478
2026,5,52,0.0035585062578320503,ALL_HANDCRAFTED32,0.028887081891298294
2026,5,53,0.0034301094710826874,ALL_HANDCRAFTED32,0.02598767913877964
2026,5,54,0.0034176865592598915,ALL_HANDCRAFTED32,0.024235021322965622
2026,5,55,0.003356584580615163,ALL_HANDCRAFTED32,0.08871249854564667
2026,5,56,0.0032613661605864763,ALL_HANDCRAFTED32,0.027214854955673218
2026,5,57,0.0031927062664180994,ALL_HANDCRAFTED32,0.018255384638905525
2026,5,58,0.0031196484342217445,ALL_HANDCRAFTED32,0.027589108794927597
2026,5,59,0.0030568125657737255,ALL_HANDCRAFTED32,0.02999340370297432
2026,5,60,0.0030290004797279835,ALL_HANDCRAFTED32,0.02112843282520771
2026,5,61,0.0029425225220620632,ALL_HANDCRAFTED32,0.02999257668852806
2026,5,62,0.002860213164240122,ALL_HANDCRAFTED32,0.011184964329004288
2026,5,63,0.0028532894793897867,ALL_HANDCRAFTED32,0.02913563698530197
2026,5,64,0.0027243171352893114,ALL_HANDCRAFTED32,0.01617567613720894
2026,5,65,0.0027156141586601734,ALL_HANDCRAFTED32,0.02730398252606392
2026,5,66,0.0026474324986338615,ALL_HANDCRAFTED32,0.037368714809417725
2026,5,67,0.002532403217628598,ALL_HANDCRAFTED32,0.00799950398504734
2026,5,68,0.002507094293832779,ALL_HANDCRAFTED32,0.015017670579254627
2026,5,69,0.002461041556671262,ALL_HANDCRAFTED32,0.01865895465016365
2026,5,70,0.0024267835542559624,ALL_HANDCRAFTED32,0.033232104033231735
2026,5,71,0.002328772097826004,ALL_HANDCRAFTED32,0.014875490218400955
2026,5,72,0.0022890677209943533,ALL_HANDCRAFTED32,0.02350744977593422
2026,5,73,0.0022761321160942316,ALL_HANDCRAFTED32,0.01728823408484459
2026,5,74,0.002268159994855523,ALL_HANDCRAFTED32,0.0297339279204607
2026,5,75,0.0022569128777831793,ALL_HANDCRAFTED32,0.019334949553012848
2026,5,76,0.0022160981316119432,ALL_HANDCRAFTED32,0.015048010274767876
2026,5,77,0.0021664409432560205,ALL_HANDCRAFTED32,0.028570152819156647
2026,5,78,0.00211820169351995,ALL_HANDCRAFTED32,0.02421492524445057
2026,5,79,0.002076048171147704,ALL_HANDCRAFTED32,0.010439764708280563
2026,5,80,0.002058807760477066,ALL_HANDCRAFTED32,0.023948021233081818
2026,5,81,0.0020028597209602594,ALL_HANDCRAFTED32,0.007598333526402712
2026,5,82,0.001968826400116086,ALL_HANDCRAFTED32,0.023253582417964935
2026,5,83,0.0019482310162857175,ALL_HANDCRAFTED32,0.012040046975016594
2026,5,84,0.0018890235805884004,ALL_HANDCRAFTED32,0.021288851276040077
2026,5,85,0.0018752944888547063,ALL_HANDCRAFTED32,0.03350493311882019
2026,5,86,0.001847278093919158,ALL_HANDCRAFTED32,0.024513527750968933
2026,5,87,0.0018035268876701593,ALL_HANDCRAFTED32,0.016387853771448135
2026,5,88,0.0017850151052698493,ALL_HANDCRAFTED32,0.028932005167007446
2026,5,89,0.0017458639340475202,ALL_HANDCRAFTED32,0.024144891649484634
2026,5,90,0.001729498733766377,ALL_HANDCRAFTED32,0.011762975715100765
2026,5,91,0.0017030809540301561,ALL_HANDCRAFTED32,0.006623162887990475
2026,5,92,0.0016790759982541203,ALL_HANDCRAFTED32,0.03640792518854141
2026,5,93,0.0016519976779818535,ALL_HANDCRAFTED32,0.05448107793927193
2026,5,94,0.0016175084747374058,ALL_HANDCRAFTED32,0.024435188621282578
2026,5,95,0.0015917591517791152,ALL_HANDCRAFTED32,0.01406205166131258
2026,5,96,0.0015764355193823576,ALL_HANDCRAFTED32,0.010513517074286938
2026,5,97,0.0015584654174745083,ALL_HANDCRAFTED32,0.030126264318823814
2026,5,98,0.0015251486329361796,ALL_HANDCRAFTED32,0.02712862938642502
2026,5,99,0.0015087174251675606,ALL_HANDCRAFTED32,0.012083286419510841
2026,5,100,0.0014820038340985775,ALL_HANDCRAFTED32,0.033202435821294785
2026,5,101,0.001468005939386785,ALL_HANDCRAFTED32,0.016153406351804733
2026,5,102,0.001445902162231505,ALL_HANDCRAFTED32,0.01878678798675537
2026,5,103,0.0014140071580186486,ALL_HANDCRAFTED32,0.024412786588072777
2026,5,104,0.001394145656377077,ALL_HANDCRAFTED32,0.018014997243881226
2026,5,105,0.0013767702039331198,ALL_HANDCRAFTED32,0.027667563408613205
2026,5,106,0.0013594592455774546,ALL_HANDCRAFTED32,0.02031831443309784
2026,5,107,0.001317305606789887,ALL_HANDCRAFTED32,0.015336796641349792
2026,5,108,0.0012854584492743015,ALL_HANDCRAFTED32,0.03663482144474983
2026,5,109,0.001281835837289691,ALL_HANDCRAFTED32,0.016276158392429352
2026,5,110,0.0012584729120135307,ALL_HANDCRAFTED32,0.009196681901812553
2026,5,111,0.0012457353295758367,ALL_HANDCRAFTED32,0.03621014207601547
2026,5,112,0.0012226337566971779,ALL_HANDCRAFTED32,0.036060210317373276
2026,5,113,0.0012043133610859513,ALL_HANDCRAFTED32,0.034118786454200745
2026,5,114,0.0011938237585127354,ALL_HANDCRAFTED32,0.016562962904572487
2026,5,115,0.001170957344584167,ALL_HANDCRAFTED32,0.021070849150419235
2026,5,116,0.0011485990835353732,ALL_HANDCRAFTED32,0.023824386298656464
2026,5,117,0.001128423842601478,ALL_HANDCRAFTED32,0.03790824115276337
2026,5,118,0.0011116460664197803,ALL_HANDCRAFTED32,0.01396232470870018
2026,5,119,0.0010980787919834256,ALL_HANDCRAFTED32,0.014092850498855114
2026,5,120,0.0010621866676956415,ALL_HANDCRAFTED32,0.01495610736310482
2026,5,121,0.0010584568371996284,ALL_HANDCRAFTED32,0.016701050102710724
2026,5,122,0.0010294975945726037,ALL_HANDCRAFTED32,0.017506219446659088
2026,5,123,0.001025908743031323,ALL_HANDCRAFTED32,0.021527424454689026
2026,5,124,0.001003408688120544,ALL_HANDCRAFTED32,0.033108144998550415
2026,5,125,0.0009939727606251836,ALL_HANDCRAFTED32,0.01621129736304283
2026,5,126,0.0009647880215197802,ALL_HANDCRAFTED32,0.03822782635688782
2026,5,127,0.0009597475291229784,ALL_HANDCRAFTED32,0.019906535744667053
2026,5,128,0.0009482051827944815,ALL_HANDCRAFTED32,0.03444527089595795
2026,5,1,0.11600523442029953,VIT768,0.8651622533798218
2026,5,2,0.06540168076753616,VIT768,0.975961446762085
2026,5,3,0.05678033456206322,VIT768,0.9441072344779968
2026,5,4,0.052390605211257935,VIT768,0.9943297505378723
2026,5,5,0.03541981428861618,VIT768,0.9750766158103943
2026,5,6,0.03183768317103386,VIT768,0.9748392105102539
2026,5,7,0.031039176508784294,VIT768,0.9546509385108948
2026,5,8,0.026676684617996216,VIT768,0.9722529649734497
2026,5,9,0.02354954369366169,VIT768,0.9781562089920044
2026,5,10,0.020581817254424095,VIT768,0.9866143465042114
2026,5,11,0.01912202499806881,VIT768,0.9745548367500305
2026,5,12,0.018279321491718292,VIT768,0.987123429775238
2026,5,13,0.016462964937090874,VIT768,0.9550086259841919
2026,5,14,0.014267939142882824,VIT768,0.9898111820220947
2026,5,15,0.013253365643322468,VIT768,0.9741405844688416
2026,5,16,0.012124311178922653,VIT768,0.9338650703430176
2026,5,17,0.01186177134513855,VIT768,0.9879552125930786
2026,5,18,0.011508970521390438,VIT768,0.9372785091400146
2026,5,19,0.011135224252939224,VIT768,0.9736264944076538
2026,5,20,0.010389364324510098,VIT768,0.962866485118866
2026,5,21,0.009876467287540436,VIT768,0.9845346212387085
2026,5,22,0.009113459847867489,VIT768,0.9891512393951416
2026,5,23,0.008900847285985947,VIT768,0.992085337638855
2026,5,24,0.008263589814305305,VIT768,0.9526190757751465
2026,5,25,0.008031155914068222,VIT768,0.9734405279159546
2026,5,26,0.00759905157610774,VIT768,0.9672030210494995
2026,5,27,0.007420012727379799,VIT768,0.9818735718727112
2026,5,28,0.00715885404497385,VIT768,0.9819348454475403
2026,5,29,0.007059798110276461,VIT768,0.9956977963447571
2026,5,30,0.006646737456321716,VIT768,0.9864435195922852
2026,5,31,0.006236698012799025,VIT768,0.9428527355194092
2026,5,32,0.006103492341935635,VIT768,0.9530592560768127
2026,5,33,0.005889472551643848,VIT768,0.9306033253669739
2026,5,34,0.005692862439900637,VIT768,0.9767748117446899
2026,5,35,0.005496685393154621,VIT768,0.9488574266433716
2026,5,36,0.005440172739326954,VIT768,0.9792697429656982
2026,5,37,0.0052458783611655235,VIT768,0.9757999181747437
2026,5,38,0.005133381579071283,VIT768,0.9808311462402344
2026,5,39,0.004909839015454054,VIT768,0.9510271549224854
2026,5,40,0.004840968642383814,VIT768,0.9370632171630859
2026,5,41,0.004764355253428221,VIT768,0.9912808537483215
2026,5,42,0.004487223923206329,VIT768,0.9768919944763184
2026,5,43,0.004465902224183083,VIT768,0.9433630704879761
2026,5,44,0.004267293494194746,VIT768,0.9696414470672607
2026,5,45,0.004212138708680868,VIT768,0.9691462516784668
2026,5,46,0.004092676565051079,VIT768,0.9607833623886108
2026,5,47,0.003926942124962807,VIT768,0.9867269396781921
2026,5,48,0.0038677467964589596,VIT768,0.9860828518867493
2026,5,49,0.0038231683429330587,VIT768,0.9634160995483398
2026,5,50,0.0037838949356228113,VIT768,0.9763879179954529
2026,5,51,0.0036454321816563606,VIT768,0.9877185225486755
2026,5,52,0.0035585062578320503,VIT768,0.9711127281188965
2026,5,53,0.0034301094710826874,VIT768,0.9740126132965088
2026,5,54,0.0034176865592598915,VIT768,0.9757648706436157
2026,5,55,0.003356584580615163,VIT768,0.9112874269485474
2026,5,56,0.0032613661605864763,VIT768,0.972785234451294
2026,5,57,0.0031927062664180994,VIT768,0.9817447662353516
2026,5,58,0.0031196484342217445,VIT768,0.9724111557006836
2026,5,59,0.0030568125657737255,VIT768,0.9700068831443787
2026,5,60,0.0030290004797279835,VIT768,0.9788717031478882
2026,5,61,0.0029425225220620632,VIT768,0.9700071811676025
2026,5,62,0.002860213164240122,VIT768,0.9888150691986084
2026,5,63,0.0028532894793897867,VIT768,0.9708643555641174
2026,5,64,0.0027243171352893114,VIT768,0.9838245511054993
2026,5,65,0.0027156141586601734,VIT768,0.9726957082748413
2026,5,66,0.0026474324986338615,VIT768,0.9626309871673584
2026,5,67,0.002532403217628598,VIT768,0.9920002818107605
2026,5,68,0.002507094293832779,VIT768,0.9849821329116821
2026,5,69,0.002461041556671262,VIT768,0.9813408851623535
2026,5,70,0.0024267835542559624,VIT768,0.9667682647705078
2026,5,71,0.002328772097826004,VIT768,0.9851245284080505
2026,5,72,0.0022890677209943533,VIT768,0.9764924645423889
2026,5,73,0.0022761321160942316,VIT768,0.9827118515968323
2026,5,74,0.002268159994855523,VIT768,0.9702662229537964
2026,5,75,0.0022569128777831793,VIT768,0.9806647896766663
2026,5,76,0.0022160981316119432,VIT768,0.9849516153335571
2026,5,77,0.0021664409432560205,VIT768,0.971429705619812
2026,5,78,0.00211820169351995,VIT768,0.9757848978042603
2026,5,79,0.002076048171147704,VIT768,0.9895601868629456
2026,5,80,0.002058807760477066,VIT768,0.9760521650314331
2026,5,81,0.0020028597209602594,VIT768,0.9924014806747437
2026,5,82,0.001968826400116086,VIT768,0.976746678352356
2026,5,83,0.0019482310162857175,VIT768,0.9879599809646606
2026,5,84,0.0018890235805884004,VIT768,0.9787111282348633
2026,5,85,0.0018752944888547063,VIT768,0.9664955139160156
2026,5,86,0.001847278093919158,VIT768,0.9754869937896729
2026,5,87,0.0018035268876701593,VIT768,0.9836124181747437
2026,5,88,0.0017850151052698493,VIT768,0.9710685014724731
2026,5,89,0.0017458639340475202,VIT768,0.9758551716804504
2026,5,90,0.001729498733766377,VIT768,0.9882375597953796
2026,5,91,0.0017030809540301561,VIT768,0.9933762550354004
2026,5,92,0.0016790759982541203,VIT768,0.9635921716690063
2026,5,93,0.0016519976779818535,VIT768,0.9455186724662781
2026,5,94,0.0016175084747374058,VIT768,0.9755651354789734
2026,5,95,0.0015917591517791152,VIT768,0.9859377145767212
2026,5,96,0.0015764355193823576,VIT768,0.989486575126648
2026,5,97,0.0015584654174745083,VIT768,0.9698739647865295
2026,5,98,0.0015251486329361796,VIT768,0.9728714227676392
2026,5,99,0.0015087174251675606,VIT768,0.9879167675971985
2026,5,100,0.0014820038340985775,VIT768,0.9667977094650269
2026,5,101,0.001468005939386785,VIT768,0.9838472008705139
2026,5,102,0.001445902162231505,VIT768,0.9812134504318237
2026,5,103,0.0014140071580186486,VIT768,0.9755872488021851
2026,5,104,0.001394145656377077,VIT768,0.9819848537445068
2026,5,105,0.0013767702039331198,VIT768,0.9723323583602905
2026,5,106,0.0013594592455774546,VIT768,0.979681670665741
2026,5,107,0.001317305606789887,VIT768,0.9846636652946472
2026,5,108,0.0012854584492743015,VIT768,0.9633650779724121
2026,5,109,0.001281835837289691,VIT768,0.983724057674408
2026,5,110,0.0012584729120135307,VIT768,0.9908031821250916
2026,5,111,0.0012457353295758367,VIT768,0.9637898206710815
2026,5,112,0.0012226337566971779,VIT768,0.9639400243759155
2026,5,113,0.0012043133610859513,VIT768,0.9658817052841187
2026,5,114,0.0011938237585127354,VIT768,0.9834369421005249
2026,5,115,0.001170957344584167,VIT768,0.9789292216300964
2026,5,116,0.0011485990835353732,VIT768,0.9761756658554077
2026,5,117,0.001128423842601478,VIT768,0.9620916247367859
2026,5,118,0.0011116460664197803,VIT768,0.9860371947288513
2026,5,119,0.0010980787919834256,VIT768,0.9859068393707275
2026,5,120,0.0010621866676956415,VIT768,0.9850433468818665
2026,5,121,0.0010584568371996284,VIT768,0.9832989573478699
2026,5,122,0.0010294975945726037,VIT768,0.9824939966201782
2026,5,123,0.001025908743031323,VIT768,0.9784726500511169
2026,5,124,0.001003408688120544,VIT768,0.9668917655944824
2026,5,125,0.0009939727606251836,VIT768,0.9837884306907654
2026,5,126,0.0009647880215197802,VIT768,0.9617725014686584
2026,5,127,0.0009597475291229784,VIT768,0.9800935983657837
2026,5,128,0.0009482051827944815,VIT768,0.9655547142028809
3407,1,1,0.11627382040023804,COLOR9,0.01676899567246437
3407,1,2,0.06243210285902023,COLOR9,0.006815902888774872
3407,1,3,0.05932270735502243,COLOR9,0.01158409658819437
3407,1,4,0.057536423206329346,COLOR9,0.013160173781216145
3407,1,5,0.0380672924220562,COLOR9,0.007970614358782768
3407,1,6,0.03378268703818321,COLOR9,0.024339020252227783
3407,1,7,0.030395962297916412,COLOR9,0.008331744000315666
3407,1,8,0.025675984099507332,COLOR9,0.01403049286454916
3407,1,9,0.02266533486545086,COLOR9,0.002176061039790511
3407,1,10,0.021676845848560333,COLOR9,0.0036307310219854116
3407,1,11,0.018828259781003,COLOR9,0.004905020352452993
3407,1,12,0.017705349251627922,COLOR9,0.0031009428203105927
3407,1,13,0.015363908372819424,COLOR9,0.00763662438839674
3407,1,14,0.014748900197446346,COLOR9,0.013298853300511837
3407,1,15,0.013504316098988056,COLOR9,0.00501190684735775
3407,1,16,0.012487247586250305,COLOR9,0.013211262412369251
3407,1,17,0.011411071754992008,COLOR9,0.011072352528572083
3407,1,18,0.01104677002876997,COLOR9,0.008537285029888153
3407,1,19,0.010920053347945213,COLOR9,0.025176692754030228
3407,1,20,0.01051093265414238,COLOR9,0.004118689801543951
3407,1,21,0.010125728324055672,COLOR9,0.007504582870751619
3407,1,22,0.009818358346819878,COLOR9,0.009249411523342133
3407,1,23,0.008967394009232521,COLOR9,0.013889266178011894
3407,1,24,0.008585347793996334,COLOR9,0.012136762961745262
3407,1,25,0.00817092228680849,COLOR9,0.006774814799427986
3407,1,26,0.0076989177614450455,COLOR9,0.016281258314847946
3407,1,27,0.0072914427146315575,COLOR9,0.013266470283269882
3407,1,28,0.006692990195006132,COLOR9,0.006885441951453686
3407,1,29,0.0063781156204640865,COLOR9,0.008129958994686604
3407,1,30,0.006254171021282673,COLOR9,0.008265659213066101
3407,1,31,0.006194303277879953,COLOR9,0.00544695695862174
3407,1,32,0.006013333797454834,COLOR9,0.012226646766066551
3407,1,33,0.005867732688784599,COLOR9,0.006832043640315533
3407,1,34,0.005723654758185148,COLOR9,0.019211992621421814
3407,1,35,0.005491259042173624,COLOR9,0.015053538605570793
3407,1,36,0.005415578372776508,COLOR9,0.01131503563374281
3407,1,37,0.0052734497003257275,COLOR9,0.005443802569061518
3407,1,38,0.004948348272591829,COLOR9,0.00526841077953577
3407,1,39,0.004920407198369503,COLOR9,0.005295890383422375
3407,1,40,0.00470024673268199,COLOR9,0.025502555072307587
3407,1,41,0.004512681160122156,COLOR9,0.0038365100044757128
3407,1,42,0.004497566260397434,COLOR9,0.03180522099137306
3407,1,43,0.004407229367643595,COLOR9,0.005437416024506092
3407,1,44,0.004322268068790436,COLOR9,0.024195661768317223
3407,1,45,0.00402291351929307,COLOR9,0.005254670977592468
3407,1,46,0.003985207062214613,COLOR9,0.006726477295160294
3407,1,47,0.003950790036469698,COLOR9,0.012065817601978779
3407,1,48,0.0038868715055286884,COLOR9,0.003984739072620869
3407,1,49,0.003781420411542058,COLOR9,0.012181274592876434
3407,1,50,0.0036596725694835186,COLOR9,0.009159333072602749
3407,1,51,0.00363517040386796,COLOR9,0.03186621144413948
3407,1,52,0.003575520124286413,COLOR9,0.012353010475635529
3407,1,53,0.0034827906638383865,COLOR9,0.008911262266337872
3407,1,54,0.0033282162621617317,COLOR9,0.0055734822526574135
3407,1,55,0.0032899207435548306,COLOR9,0.019760295748710632
3407,1,56,0.0031910273246467113,COLOR9,0.0057084280997514725
3407,1,57,0.003170731943100691,COLOR9,0.010014917701482773
3407,1,58,0.0030934412498027086,COLOR9,0.013052218593657017
3407,1,59,0.003002728335559368,COLOR9,0.0035674956161528826
3407,1,60,0.0029553635977208614,COLOR9,0.003772360272705555
3407,1,61,0.0028865966014564037,COLOR9,0.0061957258731126785
3407,1,62,0.0028372881934046745,COLOR9,0.01048509031534195
3407,1,63,0.002719839569181204,COLOR9,0.004622034728527069
3407,1,64,0.0026387996040284634,COLOR9,0.015047889202833176
3407,1,65,0.002592021832242608,COLOR9,0.022090034559369087
3407,1,66,0.002545372350141406,COLOR9,0.006714582443237305
3407,1,67,0.0025240974500775337,COLOR9,0.012831523083150387
3407,1,68,0.0025033606216311455,COLOR9,0.030866000801324844
3407,1,69,0.002458147006109357,COLOR9,0.016763148829340935
3407,1,70,0.0024065214674919844,COLOR9,0.006672048009932041
3407,1,71,0.0023593264631927013,COLOR9,0.01908222958445549
3407,1,72,0.00226764683611691,COLOR9,0.00781908817589283
3407,1,73,0.0022403772454708815,COLOR9,0.015225499868392944
3407,1,74,0.002199457958340645,COLOR9,0.015379839576780796
3407,1,75,0.0021729166619479656,COLOR9,0.01227650512009859
3407,1,76,0.0021619261242449284,COLOR9,0.015088190324604511
3407,1,77,0.0020713640842586756,COLOR9,0.007799397688359022
3407,1,78,0.002047128975391388,COLOR9,0.006649461574852467
3407,1,79,0.0020003379322588444,COLOR9,0.005181866232305765
3407,1,80,0.001979162683710456,COLOR9,0.01803610846400261
3407,1,81,0.0019310121424496174,COLOR9,0.004736524540930986
3407,1,82,0.0019146964186802506,COLOR9,0.007648376747965813
3407,1,83,0.0018998377490788698,COLOR9,0.009874768555164337
3407,1,84,0.0018725601257756352,COLOR9,0.016666535288095474
3407,1,85,0.0018478871788829565,COLOR9,0.00528171518817544
3407,1,86,0.0017807198455557227,COLOR9,0.010888384655117989
3407,1,87,0.001750767813064158,COLOR9,0.0070232790894806385
3407,1,88,0.001728164847008884,COLOR9,0.006244495511054993
3407,1,89,0.001700544380582869,COLOR9,0.01914079859852791
3407,1,90,0.0016694538062438369,COLOR9,0.005541478283703327
3407,1,91,0.0016504364321008325,COLOR9,0.006013783626258373
3407,1,92,0.001624933211132884,COLOR9,0.012579000554978848
3407,1,93,0.0015981581527739763,COLOR9,0.0056067537516355515
3407,1,94,0.001582567929290235,COLOR9,0.021863915026187897
3407,1,95,0.0015414629597216845,COLOR9,0.03433656692504883
3407,1,96,0.0015304747503250837,COLOR9,0.020942144095897675
3407,1,97,0.0015246927505359054,COLOR9,0.004804832860827446
3407,1,98,0.0014733073767274618,COLOR9,0.009589184075593948
3407,1,99,0.001459723338484764,COLOR9,0.005332383792847395
3407,1,100,0.0014312618877738714,COLOR9,0.002308459021151066
3407,1,101,0.0014150047209113836,COLOR9,0.0030901760328561068
3407,1,102,0.0013942751102149487,COLOR9,0.013887599110603333
3407,1,103,0.0013898996403440833,COLOR9,0.010716866701841354
3407,1,104,0.0013511916622519493,COLOR9,0.008190102875232697
3407,1,105,0.001321610645391047,COLOR9,0.011927379295229912
3407,1,106,0.0013014256255701184,COLOR9,0.011851348914206028
3407,1,107,0.0012839548289775848,COLOR9,0.009414161555469036
3407,1,108,0.0012733808252960443,COLOR9,0.01074603945016861
3407,1,109,0.001247201464138925,COLOR9,0.005587116349488497
3407,1,110,0.0012358371168375015,COLOR9,0.026982959359884262
3407,1,111,0.001211183494888246,COLOR9,0.020498670637607574
3407,1,112,0.0011959472903981805,COLOR9,0.0039412896148860455
3407,1,113,0.0011859317310154438,COLOR9,0.004509200341999531
3407,1,114,0.0011422522366046906,COLOR9,0.007483373396098614
3407,1,115,0.0011147288605570793,COLOR9,0.008773336187005043
3407,1,116,0.001100843190215528,COLOR9,0.00607220409438014
3407,1,117,0.0010903938673436642,COLOR9,0.005510061513632536
3407,1,118,0.0010642294073477387,COLOR9,0.01164805144071579
3407,1,119,0.0010402610059827566,COLOR9,0.030850280076265335
3407,1,120,0.0010195716749876738,COLOR9,0.011045594699680805
3407,1,121,0.0009956925641745329,COLOR9,0.0060296799056231976
3407,1,122,0.0009894102113321424,COLOR9,0.0008958708494901657
3407,1,123,0.0009798990795388818,COLOR9,0.00521913031116128
3407,1,124,0.0009698843932710588,COLOR9,0.01929968222975731
3407,1,125,0.0009513474069535732,COLOR9,0.010568573139607906
3407,1,126,0.0009412062936462462,COLOR9,0.028944751247763634
3407,1,127,0.0009222787339240313,COLOR9,0.008893141523003578
3407,1,128,0.0009057464194484055,COLOR9,0.009154650382697582
3407,1,1,0.11627382040023804,LBP18,0.10430502891540527
3407,1,2,0.06243210285902023,LBP18,0.007695799693465233
3407,1,3,0.05932270735502243,LBP18,0.006428542546927929
3407,1,4,0.057536423206329346,LBP18,0.00455258134752512
3407,1,5,0.0380672924220562,LBP18,0.0009368565515615046
3407,1,6,0.03378268703818321,LBP18,0.03938145190477371
3407,1,7,0.030395962297916412,LBP18,0.0036206620279699564
3407,1,8,0.025675984099507332,LBP18,0.0020706800278276205
3407,1,9,0.02266533486545086,LBP18,0.016905445605516434
3407,1,10,0.021676845848560333,LBP18,0.004320161882787943
3407,1,11,0.018828259781003,LBP18,0.02195633202791214
3407,1,12,0.017705349251627922,LBP18,0.012543781660497189
3407,1,13,0.015363908372819424,LBP18,0.006364437751471996
3407,1,14,0.014748900197446346,LBP18,0.0068341754376888275
3407,1,15,0.013504316098988056,LBP18,0.029160916805267334
3407,1,16,0.012487247586250305,LBP18,0.022143494337797165
3407,1,17,0.011411071754992008,LBP18,0.05702515318989754
3407,1,18,0.01104677002876997,LBP18,0.039948970079422
3407,1,19,0.010920053347945213,LBP18,0.023251434788107872
3407,1,20,0.01051093265414238,LBP18,0.010820161551237106
3407,1,21,0.010125728324055672,LBP18,0.009234684519469738
3407,1,22,0.009818358346819878,LBP18,0.008847841992974281
3407,1,23,0.008967394009232521,LBP18,0.005146708805114031
3407,1,24,0.008585347793996334,LBP18,0.047400932759046555
3407,1,25,0.00817092228680849,LBP18,0.013798469677567482
3407,1,26,0.0076989177614450455,LBP18,0.0059043061919510365
3407,1,27,0.0072914427146315575,LBP18,0.018882790580391884
3407,1,28,0.006692990195006132,LBP18,0.004531770013272762
3407,1,29,0.0063781156204640865,LBP18,0.07144548743963242
3407,1,30,0.006254171021282673,LBP18,0.002961694495752454
3407,1,31,0.006194303277879953,LBP18,0.009293369017541409
3407,1,32,0.006013333797454834,LBP18,0.004872807767242193
3407,1,33,0.005867732688784599,LBP18,0.029941320419311523
3407,1,34,0.005723654758185148,LBP18,0.005270922556519508
3407,1,35,0.005491259042173624,LBP18,0.003551873378455639
3407,1,36,0.005415578372776508,LBP18,0.05397961288690567
3407,1,37,0.0052734497003257275,LBP18,0.014207052998244762
3407,1,38,0.004948348272591829,LBP18,0.005515678320080042
3407,1,39,0.004920407198369503,LBP18,0.011101659387350082
3407,1,40,0.00470024673268199,LBP18,0.01799655333161354
3407,1,41,0.004512681160122156,LBP18,0.011223296634852886
3407,1,42,0.004497566260397434,LBP18,0.01193639263510704
3407,1,43,0.004407229367643595,LBP18,0.018845178186893463
3407,1,44,0.004322268068790436,LBP18,0.0037155929021537304
3407,1,45,0.00402291351929307,LBP18,0.02203911356627941
3407,1,46,0.003985207062214613,LBP18,0.008341316133737564
3407,1,47,0.003950790036469698,LBP18,0.0064844549633562565
3407,1,48,0.0038868715055286884,LBP18,0.019849812611937523
3407,1,49,0.003781420411542058,LBP18,0.0036349326837807894
3407,1,50,0.0036596725694835186,LBP18,0.01423988863825798
3407,1,51,0.00363517040386796,LBP18,0.009191361255943775
3407,1,52,0.003575520124286413,LBP18,0.003364168806001544
3407,1,53,0.0034827906638383865,LBP18,0.00343972141854465
3407,1,54,0.0033282162621617317,LBP18,0.008362253196537495
3407,1,55,0.0032899207435548306,LBP18,0.008733661845326424
3407,1,56,0.0031910273246467113,LBP18,0.0019185858545824885
3407,1,57,0.003170731943100691,LBP18,0.0037394333630800247
3407,1,58,0.0030934412498027086,LBP18,0.004604353569447994
3407,1,59,0.003002728335559368,LBP18,0.005587263032793999
3407,1,60,0.0029553635977208614,LBP18,0.018409430980682373
3407,1,61,0.0028865966014564037,LBP18,0.0010081754298880696
3407,1,62,0.0028372881934046745,LBP18,0.006711781490594149
3407,1,63,0.002719839569181204,LBP18,0.00457155192270875
3407,1,64,0.0026387996040284634,LBP18,0.011012345552444458
3407,1,65,0.002592021832242608,LBP18,0.0011617885902523994
3407,1,66,0.002545372350141406,LBP18,0.006543984171003103
3407,1,67,0.0025240974500775337,LBP18,0.001923929899930954
3407,1,68,0.0025033606216311455,LBP18,0.008373545482754707
3407,1,69,0.002458147006109357,LBP18,0.004464468453079462
3407,1,70,0.0024065214674919844,LBP18,0.0028838571161031723
3407,1,71,0.0023593264631927013,LBP18,0.0036667597014456987
3407,1,72,0.00226764683611691,LBP18,0.004520065616816282
3407,1,73,0.0022403772454708815,LBP18,0.01520710438489914
3407,1,74,0.002199457958340645,LBP18,0.006719703786075115
3407,1,75,0.0021729166619479656,LBP18,0.008335009217262268
3407,1,76,0.0021619261242449284,LBP18,0.004384397063404322
3407,1,77,0.0020713640842586756,LBP18,0.0026836637407541275
3407,1,78,0.002047128975391388,LBP18,0.002760730218142271
3407,1,79,0.0020003379322588444,LBP18,0.006924013141542673
3407,1,80,0.001979162683710456,LBP18,0.005561446771025658
3407,1,81,0.0019310121424496174,LBP18,0.0011726485099643469
3407,1,82,0.0019146964186802506,LBP18,0.0012018898269161582
3407,1,83,0.0018998377490788698,LBP18,0.004848933778703213
3407,1,84,0.0018725601257756352,LBP18,0.0060258349403738976
3407,1,85,0.0018478871788829565,LBP18,0.0030795594211667776
3407,1,86,0.0017807198455557227,LBP18,0.010286105796694756
3407,1,87,0.001750767813064158,LBP18,0.0034504092764109373
3407,1,88,0.001728164847008884,LBP18,0.024910204112529755
3407,1,89,0.001700544380582869,LBP18,0.010806125588715076
3407,1,90,0.0016694538062438369,LBP18,0.008806695230305195
3407,1,91,0.0016504364321008325,LBP18,0.009276378899812698
3407,1,92,0.001624933211132884,LBP18,0.012815412133932114
3407,1,93,0.0015981581527739763,LBP18,0.00738128088414669
3407,1,94,0.001582567929290235,LBP18,0.019881542772054672
3407,1,95,0.0015414629597216845,LBP18,0.005773376673460007
3407,1,96,0.0015304747503250837,LBP18,0.005653360392898321
3407,1,97,0.0015246927505359054,LBP18,0.013236243277788162
3407,1,98,0.0014733073767274618,LBP18,0.004578315187245607
3407,1,99,0.001459723338484764,LBP18,0.006174037232995033
3407,1,100,0.0014312618877738714,LBP18,0.0084160715341568
3407,1,101,0.0014150047209113836,LBP18,0.003584611928090453
3407,1,102,0.0013942751102149487,LBP18,0.003075486281886697
3407,1,103,0.0013898996403440833,LBP18,0.0024551081005483866
3407,1,104,0.0013511916622519493,LBP18,0.006771795451641083
3407,1,105,0.001321610645391047,LBP18,0.01015438325703144
3407,1,106,0.0013014256255701184,LBP18,0.0018892844673246145
3407,1,107,0.0012839548289775848,LBP18,0.0021755595225840807
3407,1,108,0.0012733808252960443,LBP18,0.015752889215946198
3407,1,109,0.001247201464138925,LBP18,0.002955266274511814
3407,1,110,0.0012358371168375015,LBP18,0.0018897372065111995
3407,1,111,0.001211183494888246,LBP18,0.0019223778508603573
3407,1,112,0.0011959472903981805,LBP18,0.001078507280908525
3407,1,113,0.0011859317310154438,LBP18,0.008770211599767208
3407,1,114,0.0011422522366046906,LBP18,0.004177626688033342
3407,1,115,0.0011147288605570793,LBP18,0.002560357330366969
3407,1,116,0.001100843190215528,LBP18,0.0014131544157862663
3407,1,117,0.0010903938673436642,LBP18,0.0016535925678908825
3407,1,118,0.0010642294073477387,LBP18,0.007521436549723148
3407,1,119,0.0010402610059827566,LBP18,0.008462758734822273
3407,1,120,0.0010195716749876738,LBP18,0.005009855609387159
3407,1,121,0.0009956925641745329,LBP18,0.01073724590241909
3407,1,122,0.0009894102113321424,LBP18,0.007150293793529272
3407,1,123,0.0009798990795388818,LBP18,0.004888126626610756
3407,1,124,0.0009698843932710588,LBP18,0.006703432649374008
3407,1,125,0.0009513474069535732,LBP18,0.005374805070459843
3407,1,126,0.0009412062936462462,LBP18,0.02558356523513794
3407,1,127,0.0009222787339240313,LBP18,0.007335694041103125
3407,1,128,0.0009057464194484055,LBP18,0.006996440701186657
3407,1,1,0.11627382040023804,HARALICK5,0.0071061900816857815
3407,1,2,0.06243210285902023,HARALICK5,0.013943435624241829
3407,1,3,0.05932270735502243,HARALICK5,0.009820671752095222
3407,1,4,0.057536423206329346,HARALICK5,0.012017420493066311
3407,1,5,0.0380672924220562,HARALICK5,0.0006082098698243499
3407,1,6,0.03378268703818321,HARALICK5,0.004286778625100851
3407,1,7,0.030395962297916412,HARALICK5,0.0027974657714366913
3407,1,8,0.025675984099507332,HARALICK5,0.004376737400889397
3407,1,9,0.02266533486545086,HARALICK5,0.0023793550208210945
3407,1,10,0.021676845848560333,HARALICK5,0.0019012148259207606
3407,1,11,0.018828259781003,HARALICK5,0.0017129068728536367
3407,1,12,0.017705349251627922,HARALICK5,0.004982258193194866
3407,1,13,0.015363908372819424,HARALICK5,0.008008154109120369
3407,1,14,0.014748900197446346,HARALICK5,0.00108817417640239
3407,1,15,0.013504316098988056,HARALICK5,0.0027272820007056
3407,1,16,0.012487247586250305,HARALICK5,0.003555005183443427
3407,1,17,0.011411071754992008,HARALICK5,0.005375100299715996
3407,1,18,0.01104677002876997,HARALICK5,0.015501088462769985
3407,1,19,0.010920053347945213,HARALICK5,0.001819083234295249
3407,1,20,0.01051093265414238,HARALICK5,0.0013018533354625106
3407,1,21,0.010125728324055672,HARALICK5,0.004031448159366846
3407,1,22,0.009818358346819878,HARALICK5,0.0040413555689156055
3407,1,23,0.008967394009232521,HARALICK5,0.00023167903418652713
3407,1,24,0.008585347793996334,HARALICK5,0.012621324509382248
3407,1,25,0.00817092228680849,HARALICK5,0.01771390438079834
3407,1,26,0.0076989177614450455,HARALICK5,0.007891615852713585
3407,1,27,0.0072914427146315575,HARALICK5,0.005260559730231762
3407,1,28,0.006692990195006132,HARALICK5,0.0028386462945491076
3407,1,29,0.0063781156204640865,HARALICK5,0.018596196547150612
3407,1,30,0.006254171021282673,HARALICK5,0.008148584514856339
3407,1,31,0.006194303277879953,HARALICK5,0.0052357809618115425
3407,1,32,0.006013333797454834,HARALICK5,0.005440304987132549
3407,1,33,0.005867732688784599,HARALICK5,0.0028043093625456095
3407,1,34,0.005723654758185148,HARALICK5,0.009320450946688652
3407,1,35,0.005491259042173624,HARALICK5,0.0014723804779350758
3407,1,36,0.005415578372776508,HARALICK5,0.010266552679240704
3407,1,37,0.0052734497003257275,HARALICK5,0.002383306622505188
3407,1,38,0.004948348272591829,HARALICK5,0.0011698254384100437
3407,1,39,0.004920407198369503,HARALICK5,0.0011034203926101327
3407,1,40,0.00470024673268199,HARALICK5,0.000985002494417131
3407,1,41,0.004512681160122156,HARALICK5,0.0038219010457396507
3407,1,42,0.004497566260397434,HARALICK5,0.00775923440232873
3407,1,43,0.004407229367643595,HARALICK5,0.010226413607597351
3407,1,44,0.004322268068790436,HARALICK5,0.0014397335471585393
3407,1,45,0.00402291351929307,HARALICK5,0.0016270010964944959
3407,1,46,0.003985207062214613,HARALICK5,0.0035101657267659903
3407,1,47,0.003950790036469698,HARALICK5,0.00023272912949323654
3407,1,48,0.0038868715055286884,HARALICK5,0.00022747890034224838
3407,1,49,0.003781420411542058,HARALICK5,0.0036995878908783197
3407,1,50,0.0036596725694835186,HARALICK5,0.0019689593464136124
3407,1,51,0.00363517040386796,HARALICK5,0.009599581360816956
3407,1,52,0.003575520124286413,HARALICK5,0.012657185085117817
3407,1,53,0.0034827906638383865,HARALICK5,0.006342241540551186
3407,1,54,0.0033282162621617317,HARALICK5,0.0013202507980167866
3407,1,55,0.0032899207435548306,HARALICK5,0.0030003762803971767
3407,1,56,0.0031910273246467113,HARALICK5,0.0029971664771437645
3407,1,57,0.003170731943100691,HARALICK5,0.0017629049252718687
3407,1,58,0.0030934412498027086,HARALICK5,0.00454871216788888
3407,1,59,0.003002728335559368,HARALICK5,0.0020021386444568634
3407,1,60,0.0029553635977208614,HARALICK5,0.007137421518564224
3407,1,61,0.0028865966014564037,HARALICK5,0.004070407245308161
3407,1,62,0.0028372881934046745,HARALICK5,0.003191677387803793
3407,1,63,0.002719839569181204,HARALICK5,0.013002516701817513
3407,1,64,0.0026387996040284634,HARALICK5,0.009085087105631828
3407,1,65,0.002592021832242608,HARALICK5,0.010781475342810154
3407,1,66,0.002545372350141406,HARALICK5,0.007761851418763399
3407,1,67,0.0025240974500775337,HARALICK5,0.01205412670969963
3407,1,68,0.0025033606216311455,HARALICK5,0.004714145325124264
3407,1,69,0.002458147006109357,HARALICK5,0.011776053346693516
3407,1,70,0.0024065214674919844,HARALICK5,0.004948438610881567
3407,1,71,0.0023593264631927013,HARALICK5,0.007340933196246624
3407,1,72,0.00226764683611691,HARALICK5,0.008804479613900185
3407,1,73,0.0022403772454708815,HARALICK5,0.0016718232072889805
3407,1,74,0.002199457958340645,HARALICK5,0.0026484231930226088
3407,1,75,0.0021729166619479656,HARALICK5,0.00915716402232647
3407,1,76,0.0021619261242449284,HARALICK5,0.000901159830391407
3407,1,77,0.0020713640842586756,HARALICK5,0.0002899841347243637
3407,1,78,0.002047128975391388,HARALICK5,0.002192552201449871
3407,1,79,0.0020003379322588444,HARALICK5,0.005107365548610687
3407,1,80,0.001979162683710456,HARALICK5,0.004072781186550856
3407,1,81,0.0019310121424496174,HARALICK5,0.005736471153795719
3407,1,82,0.0019146964186802506,HARALICK5,0.004805987235158682
3407,1,83,0.0018998377490788698,HARALICK5,0.0018144476925954223
3407,1,84,0.0018725601257756352,HARALICK5,0.005420544184744358
3407,1,85,0.0018478871788829565,HARALICK5,0.002493244828656316
3407,1,86,0.0017807198455557227,HARALICK5,0.0011869502486661077
3407,1,87,0.001750767813064158,HARALICK5,0.0035706753842532635
3407,1,88,0.001728164847008884,HARALICK5,0.0009637354523874819
3407,1,89,0.001700544380582869,HARALICK5,0.003958134911954403
3407,1,90,0.0016694538062438369,HARALICK5,0.0014976471429690719
3407,1,91,0.0016504364321008325,HARALICK5,0.0025439488235861063
3407,1,92,0.001624933211132884,HARALICK5,0.010337308049201965
3407,1,93,0.0015981581527739763,HARALICK5,0.0036578925792127848
3407,1,94,0.001582567929290235,HARALICK5,0.01129075326025486
3407,1,95,0.0015414629597216845,HARALICK5,0.003252385649830103
3407,1,96,0.0015304747503250837,HARALICK5,0.0076987482607364655
3407,1,97,0.0015246927505359054,HARALICK5,0.0037073944695293903
3407,1,98,0.0014733073767274618,HARALICK5,0.009524084627628326
3407,1,99,0.001459723338484764,HARALICK5,0.0015271632000803947
3407,1,100,0.0014312618877738714,HARALICK5,0.003075277665629983
3407,1,101,0.0014150047209113836,HARALICK5,0.0072258696891367435
3407,1,102,0.0013942751102149487,HARALICK5,0.0029638565611094236
3407,1,103,0.0013898996403440833,HARALICK5,0.009575003758072853
3407,1,104,0.0013511916622519493,HARALICK5,0.010428031906485558
3407,1,105,0.001321610645391047,HARALICK5,0.01060559507459402
3407,1,106,0.0013014256255701184,HARALICK5,0.008143691346049309
3407,1,107,0.0012839548289775848,HARALICK5,0.0015598391182720661
3407,1,108,0.0012733808252960443,HARALICK5,0.0023628096096217632
3407,1,109,0.001247201464138925,HARALICK5,0.0009273036848753691
3407,1,110,0.0012358371168375015,HARALICK5,0.0017542033456265926
3407,1,111,0.001211183494888246,HARALICK5,0.008257338777184486
3407,1,112,0.0011959472903981805,HARALICK5,0.003603799268603325
3407,1,113,0.0011859317310154438,HARALICK5,0.0013607555301859975
3407,1,114,0.0011422522366046906,HARALICK5,0.006882142275571823
3407,1,115,0.0011147288605570793,HARALICK5,0.0004412734415382147
3407,1,116,0.001100843190215528,HARALICK5,0.008581425063312054
3407,1,117,0.0010903938673436642,HARALICK5,0.003213854506611824
3407,1,118,0.0010642294073477387,HARALICK5,0.005783660337328911
3407,1,119,0.0010402610059827566,HARALICK5,0.003489795606583357
3407,1,120,0.0010195716749876738,HARALICK5,0.009658707305788994
3407,1,121,0.0009956925641745329,HARALICK5,0.0022878521122038364
3407,1,122,0.0009894102113321424,HARALICK5,0.011018428020179272
3407,1,123,0.0009798990795388818,HARALICK5,0.0074701011180877686
3407,1,124,0.0009698843932710588,HARALICK5,0.005173200741410255
3407,1,125,0.0009513474069535732,HARALICK5,0.009002365171909332
3407,1,126,0.0009412062936462462,HARALICK5,0.012801537290215492
3407,1,127,0.0009222787339240313,HARALICK5,0.0017856759950518608
3407,1,128,0.0009057464194484055,HARALICK5,0.01641591265797615
3407,1,1,0.11627382040023804,ALL_HANDCRAFTED32,0.12818022072315216
3407,1,2,0.06243210285902023,ALL_HANDCRAFTED32,0.028455138206481934
3407,1,3,0.05932270735502243,ALL_HANDCRAFTED32,0.02783331088721752
3407,1,4,0.057536423206329346,ALL_HANDCRAFTED32,0.029730174690485
3407,1,5,0.0380672924220562,ALL_HANDCRAFTED32,0.009515681304037571
3407,1,6,0.03378268703818321,ALL_HANDCRAFTED32,0.06800725311040878
3407,1,7,0.030395962297916412,ALL_HANDCRAFTED32,0.01474987156689167
3407,1,8,0.025675984099507332,ALL_HANDCRAFTED32,0.020477909594774246
3407,1,9,0.02266533486545086,ALL_HANDCRAFTED32,0.02146086096763611
3407,1,10,0.021676845848560333,ALL_HANDCRAFTED32,0.009852107614278793
3407,1,11,0.018828259781003,ALL_HANDCRAFTED32,0.028574258089065552
3407,1,12,0.017705349251627922,ALL_HANDCRAFTED32,0.020626980811357498
3407,1,13,0.015363908372819424,ALL_HANDCRAFTED32,0.022009216248989105
3407,1,14,0.014748900197446346,ALL_HANDCRAFTED32,0.021221201866865158
3407,1,15,0.013504316098988056,ALL_HANDCRAFTED32,0.036900103092193604
3407,1,16,0.012487247586250305,ALL_HANDCRAFTED32,0.03890976309776306
3407,1,17,0.011411071754992008,ALL_HANDCRAFTED32,0.07347260415554047
3407,1,18,0.01104677002876997,ALL_HANDCRAFTED32,0.06398734450340271
3407,1,19,0.010920053347945213,ALL_HANDCRAFTED32,0.050247207283973694
3407,1,20,0.01051093265414238,ALL_HANDCRAFTED32,0.01624070480465889
3407,1,21,0.010125728324055672,ALL_HANDCRAFTED32,0.020770715549588203
3407,1,22,0.009818358346819878,ALL_HANDCRAFTED32,0.022138606756925583
3407,1,23,0.008967394009232521,ALL_HANDCRAFTED32,0.019267655909061432
3407,1,24,0.008585347793996334,ALL_HANDCRAFTED32,0.07215902209281921
3407,1,25,0.00817092228680849,ALL_HANDCRAFTED32,0.03828718885779381
3407,1,26,0.0076989177614450455,ALL_HANDCRAFTED32,0.03007717803120613
3407,1,27,0.0072914427146315575,ALL_HANDCRAFTED32,0.03740982338786125
3407,1,28,0.006692990195006132,ALL_HANDCRAFTED32,0.014255858957767487
3407,1,29,0.0063781156204640865,ALL_HANDCRAFTED32,0.09817163646221161
3407,1,30,0.006254171021282673,ALL_HANDCRAFTED32,0.019375938922166824
3407,1,31,0.006194303277879953,ALL_HANDCRAFTED32,0.01997610554099083
3407,1,32,0.006013333797454834,ALL_HANDCRAFTED32,0.022539760917425156
3407,1,33,0.005867732688784599,ALL_HANDCRAFTED32,0.039577677845954895
3407,1,34,0.005723654758185148,ALL_HANDCRAFTED32,0.033803366124629974
3407,1,35,0.005491259042173624,ALL_HANDCRAFTED32,0.020077791064977646
3407,1,36,0.005415578372776508,ALL_HANDCRAFTED32,0.07556119561195374
3407,1,37,0.0052734497003257275,ALL_HANDCRAFTED32,0.022034162655472755
3407,1,38,0.004948348272591829,ALL_HANDCRAFTED32,0.011953914538025856
3407,1,39,0.004920407198369503,ALL_HANDCRAFTED32,0.017500968649983406
3407,1,40,0.00470024673268199,ALL_HANDCRAFTED32,0.044484108686447144
3407,1,41,0.004512681160122156,ALL_HANDCRAFTED32,0.01888170838356018
3407,1,42,0.004497566260397434,ALL_HANDCRAFTED32,0.0515008419752121
3407,1,43,0.004407229367643595,ALL_HANDCRAFTED32,0.03450901061296463
3407,1,44,0.004322268068790436,ALL_HANDCRAFTED32,0.029350988566875458
3407,1,45,0.00402291351929307,ALL_HANDCRAFTED32,0.028920786455273628
3407,1,46,0.003985207062214613,ALL_HANDCRAFTED32,0.01857795938849449
3407,1,47,0.003950790036469698,ALL_HANDCRAFTED32,0.018783001229166985
3407,1,48,0.0038868715055286884,ALL_HANDCRAFTED32,0.024062031880021095
3407,1,49,0.003781420411542058,ALL_HANDCRAFTED32,0.01951579563319683
3407,1,50,0.0036596725694835186,ALL_HANDCRAFTED32,0.025368181988596916
3407,1,51,0.00363517040386796,ALL_HANDCRAFTED32,0.05065715312957764
3407,1,52,0.003575520124286413,ALL_HANDCRAFTED32,0.028374364599585533
3407,1,53,0.0034827906638383865,ALL_HANDCRAFTED32,0.0186932235956192
3407,1,54,0.0033282162621617317,ALL_HANDCRAFTED32,0.015255986712872982
3407,1,55,0.0032899207435548306,ALL_HANDCRAFTED32,0.03149433061480522
3407,1,56,0.0031910273246467113,ALL_HANDCRAFTED32,0.010624180547893047
3407,1,57,0.003170731943100691,ALL_HANDCRAFTED32,0.01551725622266531
3407,1,58,0.0030934412498027086,ALL_HANDCRAFTED32,0.022205285727977753
3407,1,59,0.003002728335559368,ALL_HANDCRAFTED32,0.011156896129250526
3407,1,60,0.0029553635977208614,ALL_HANDCRAFTED32,0.029319213703274727
3407,1,61,0.0028865966014564037,ALL_HANDCRAFTED32,0.0112743079662323
3407,1,62,0.0028372881934046745,ALL_HANDCRAFTED32,0.02038855105638504
3407,1,63,0.002719839569181204,ALL_HANDCRAFTED32,0.022196102887392044
3407,1,64,0.0026387996040284634,ALL_HANDCRAFTED32,0.03514531999826431
3407,1,65,0.002592021832242608,ALL_HANDCRAFTED32,0.03403329849243164
3407,1,66,0.002545372350141406,ALL_HANDCRAFTED32,0.021020418033003807
3407,1,67,0.0025240974500775337,ALL_HANDCRAFTED32,0.026809578761458397
3407,1,68,0.0025033606216311455,ALL_HANDCRAFTED32,0.04395368695259094
3407,1,69,0.002458147006109357,ALL_HANDCRAFTED32,0.03300367295742035
3407,1,70,0.0024065214674919844,ALL_HANDCRAFTED32,0.014504345133900642
3407,1,71,0.0023593264631927013,ALL_HANDCRAFTED32,0.03008992224931717
3407,1,72,0.00226764683611691,ALL_HANDCRAFTED32,0.021143633872270584
3407,1,73,0.0022403772454708815,ALL_HANDCRAFTED32,0.03210442513227463
3407,1,74,0.002199457958340645,ALL_HANDCRAFTED32,0.02474796399474144
3407,1,75,0.0021729166619479656,ALL_HANDCRAFTED32,0.029768677428364754
3407,1,76,0.0021619261242449284,ALL_HANDCRAFTED32,0.020373746752738953
3407,1,77,0.0020713640842586756,ALL_HANDCRAFTED32,0.01077304594218731
3407,1,78,0.002047128975391388,ALL_HANDCRAFTED32,0.011602744460105896
3407,1,79,0.0020003379322588444,ALL_HANDCRAFTED32,0.01721324399113655
3407,1,80,0.001979162683710456,ALL_HANDCRAFTED32,0.02767033502459526
3407,1,81,0.0019310121424496174,ALL_HANDCRAFTED32,0.011645643040537834
3407,1,82,0.0019146964186802506,ALL_HANDCRAFTED32,0.0136562529951334
3407,1,83,0.0018998377490788698,ALL_HANDCRAFTED32,0.01653815060853958
3407,1,84,0.0018725601257756352,ALL_HANDCRAFTED32,0.02811291441321373
3407,1,85,0.0018478871788829565,ALL_HANDCRAFTED32,0.01085451990365982
3407,1,86,0.0017807198455557227,ALL_HANDCRAFTED32,0.02236144244670868
3407,1,87,0.001750767813064158,ALL_HANDCRAFTED32,0.014044363051652908
3407,1,88,0.001728164847008884,ALL_HANDCRAFTED32,0.03211843594908714
3407,1,89,0.001700544380582869,ALL_HANDCRAFTED32,0.03390505909919739
3407,1,90,0.0016694538062438369,ALL_HANDCRAFTED32,0.01584582030773163
3407,1,91,0.0016504364321008325,ALL_HANDCRAFTED32,0.01783411018550396
3407,1,92,0.001624933211132884,ALL_HANDCRAFTED32,0.0357317216694355
3407,1,93,0.0015981581527739763,ALL_HANDCRAFTED32,0.016645926982164383
3407,1,94,0.001582567929290235,ALL_HANDCRAFTED32,0.05303621292114258
3407,1,95,0.0015414629597216845,ALL_HANDCRAFTED32,0.0433623269200325
3407,1,96,0.0015304747503250837,ALL_HANDCRAFTED32,0.0342942550778389
3407,1,97,0.0015246927505359054,ALL_HANDCRAFTED32,0.02174847200512886
3407,1,98,0.0014733073767274618,ALL_HANDCRAFTED32,0.023691583424806595
3407,1,99,0.001459723338484764,ALL_HANDCRAFTED32,0.013033583760261536
3407,1,100,0.0014312618877738714,ALL_HANDCRAFTED32,0.013799808919429779
3407,1,101,0.0014150047209113836,ALL_HANDCRAFTED32,0.01390065811574459
3407,1,102,0.0013942751102149487,ALL_HANDCRAFTED32,0.019926942884922028
3407,1,103,0.0013898996403440833,ALL_HANDCRAFTED32,0.0227469801902771
3407,1,104,0.0013511916622519493,ALL_HANDCRAFTED32,0.025389930233359337
3407,1,105,0.001321610645391047,ALL_HANDCRAFTED32,0.03268735855817795
3407,1,106,0.0013014256255701184,ALL_HANDCRAFTED32,0.02188432589173317
3407,1,107,0.0012839548289775848,ALL_HANDCRAFTED32,0.013149559497833252
3407,1,108,0.0012733808252960443,ALL_HANDCRAFTED32,0.028861738741397858
3407,1,109,0.001247201464138925,ALL_HANDCRAFTED32,0.009469686076045036
3407,1,110,0.0012358371168375015,ALL_HANDCRAFTED32,0.030626896768808365
3407,1,111,0.001211183494888246,ALL_HANDCRAFTED32,0.030678385868668556
3407,1,112,0.0011959472903981805,ALL_HANDCRAFTED32,0.008623595349490643
3407,1,113,0.0011859317310154438,ALL_HANDCRAFTED32,0.01464016642421484
3407,1,114,0.0011422522366046906,ALL_HANDCRAFTED32,0.018543142825365067
3407,1,115,0.0011147288605570793,ALL_HANDCRAFTED32,0.01177496649324894
3407,1,116,0.001100843190215528,ALL_HANDCRAFTED32,0.016066784039139748
3407,1,117,0.0010903938673436642,ALL_HANDCRAFTED32,0.010377508588135242
3407,1,118,0.0010642294073477387,ALL_HANDCRAFTED32,0.024953149259090424
3407,1,119,0.0010402610059827566,ALL_HANDCRAFTED32,0.0428028367459774
3407,1,120,0.0010195716749876738,ALL_HANDCRAFTED32,0.02571415901184082
3407,1,121,0.0009956925641745329,ALL_HANDCRAFTED32,0.019054776057600975
3407,1,122,0.0009894102113321424,ALL_HANDCRAFTED32,0.019064592197537422
3407,1,123,0.0009798990795388818,ALL_HANDCRAFTED32,0.017577359452843666
3407,1,124,0.0009698843932710588,ALL_HANDCRAFTED32,0.031176317483186722
3407,1,125,0.0009513474069535732,ALL_HANDCRAFTED32,0.02494574338197708
3407,1,126,0.0009412062936462462,ALL_HANDCRAFTED32,0.06732985377311707
3407,1,127,0.0009222787339240313,ALL_HANDCRAFTED32,0.018014511093497276
3407,1,128,0.0009057464194484055,ALL_HANDCRAFTED32,0.03256700187921524
3407,1,1,0.11627382040023804,VIT768,0.8718189001083374
3407,1,2,0.06243210285902023,VIT768,0.971544623374939
3407,1,3,0.05932270735502243,VIT768,0.9721669554710388
3407,1,4,0.057536423206329346,VIT768,0.970269501209259
3407,1,5,0.0380672924220562,VIT768,0.9904839992523193
3407,1,6,0.03378268703818321,VIT768,0.9319915771484375
3407,1,7,0.030395962297916412,VIT768,0.985249936580658
3407,1,8,0.025675984099507332,VIT768,0.9795212149620056
3407,1,9,0.02266533486545086,VIT768,0.9785398244857788
3407,1,10,0.021676845848560333,VIT768,0.9901479482650757
3407,1,11,0.018828259781003,VIT768,0.9714267253875732
3407,1,12,0.017705349251627922,VIT768,0.9793730974197388
3407,1,13,0.015363908372819424,VIT768,0.9779908061027527
3407,1,14,0.014748900197446346,VIT768,0.9787789583206177
3407,1,15,0.013504316098988056,VIT768,0.9631006121635437
3407,1,16,0.012487247586250305,VIT768,0.961090087890625
3407,1,17,0.011411071754992008,VIT768,0.9265268445014954
3407,1,18,0.01104677002876997,VIT768,0.9360129237174988
3407,1,19,0.010920053347945213,VIT768,0.9497525691986084
3407,1,20,0.01051093265414238,VIT768,0.9837585687637329
3407,1,21,0.010125728324055672,VIT768,0.9792290925979614
3407,1,22,0.009818358346819878,VIT768,0.9778610467910767
3407,1,23,0.008967394009232521,VIT768,0.980732262134552
3407,1,24,0.008585347793996334,VIT768,0.9278407692909241
3407,1,25,0.00817092228680849,VIT768,0.9617123603820801
3407,1,26,0.0076989177614450455,VIT768,0.9699224233627319
3407,1,27,0.0072914427146315575,VIT768,0.9625903367996216
3407,1,28,0.006692990195006132,VIT768,0.9857437610626221
3407,1,29,0.0063781156204640865,VIT768,0.9018281102180481
3407,1,30,0.006254171021282673,VIT768,0.980624258518219
3407,1,31,0.006194303277879953,VIT768,0.9800240993499756
3407,1,32,0.006013333797454834,VIT768,0.9774604439735413
3407,1,33,0.005867732688784599,VIT768,0.9604226350784302
3407,1,34,0.005723654758185148,VIT768,0.9661964178085327
3407,1,35,0.005491259042173624,VIT768,0.9799222946166992
3407,1,36,0.005415578372776508,VIT768,0.9244385957717896
3407,1,37,0.0052734497003257275,VIT768,0.9779658317565918
3407,1,38,0.004948348272591829,VIT768,0.9880464673042297
3407,1,39,0.004920407198369503,VIT768,0.9824994802474976
3407,1,40,0.00470024673268199,VIT768,0.9555164575576782
3407,1,41,0.004512681160122156,VIT768,0.9811185598373413
3407,1,42,0.004497566260397434,VIT768,0.9484997987747192
3407,1,43,0.004407229367643595,VIT768,0.9654914140701294
3407,1,44,0.004322268068790436,VIT768,0.9706491827964783
3407,1,45,0.00402291351929307,VIT768,0.9710787534713745
3407,1,46,0.003985207062214613,VIT768,0.9814218282699585
3407,1,47,0.003950790036469698,VIT768,0.9812172651290894
3407,1,48,0.0038868715055286884,VIT768,0.9759377241134644
3407,1,49,0.003781420411542058,VIT768,0.9804843068122864
3407,1,50,0.0036596725694835186,VIT768,0.974631667137146
3407,1,51,0.00363517040386796,VIT768,0.9493424892425537
3407,1,52,0.003575520124286413,VIT768,0.9716253280639648
3407,1,53,0.0034827906638383865,VIT768,0.9813066124916077
3407,1,54,0.0033282162621617317,VIT768,0.9847444891929626
3407,1,55,0.0032899207435548306,VIT768,0.9685054421424866
3407,1,56,0.0031910273246467113,VIT768,0.9893758296966553
3407,1,57,0.003170731943100691,VIT768,0.9844830632209778
3407,1,58,0.0030934412498027086,VIT768,0.9777942895889282
3407,1,59,0.003002728335559368,VIT768,0.9888431429862976
3407,1,60,0.0029553635977208614,VIT768,0.9706810116767883
3407,1,61,0.0028865966014564037,VIT768,0.9887260794639587
3407,1,62,0.0028372881934046745,VIT768,0.9796116352081299
3407,1,63,0.002719839569181204,VIT768,0.9778040051460266
3407,1,64,0.0026387996040284634,VIT768,0.9648550748825073
3407,1,65,0.002592021832242608,VIT768,0.9659669399261475
3407,1,66,0.002545372350141406,VIT768,0.9789798259735107
3407,1,67,0.0025240974500775337,VIT768,0.9731905460357666
3407,1,68,0.0025033606216311455,VIT768,0.9560465812683105
3407,1,69,0.002458147006109357,VIT768,0.9669965505599976
3407,1,70,0.0024065214674919844,VIT768,0.985495924949646
3407,1,71,0.0023593264631927013,VIT768,0.9699108600616455
3407,1,72,0.00226764683611691,VIT768,0.97885662317276
3407,1,73,0.0022403772454708815,VIT768,0.9678953886032104
3407,1,74,0.002199457958340645,VIT768,0.9752519726753235
3407,1,75,0.0021729166619479656,VIT768,0.9702313542366028
3407,1,76,0.0021619261242449284,VIT768,0.9796261787414551
3407,1,77,0.0020713640842586756,VIT768,0.9892268180847168
3407,1,78,0.002047128975391388,VIT768,0.9883972406387329
3407,1,79,0.0020003379322588444,VIT768,0.9827870726585388
3407,1,80,0.001979162683710456,VIT768,0.9723297357559204
3407,1,81,0.0019310121424496174,VIT768,0.9883540868759155
3407,1,82,0.0019146964186802506,VIT768,0.9863438606262207
3407,1,83,0.0018998377490788698,VIT768,0.9834617376327515
3407,1,84,0.0018725601257756352,VIT768,0.9718871712684631
3407,1,85,0.0018478871788829565,VIT768,0.9891460537910461
3407,1,86,0.0017807198455557227,VIT768,0.9776384830474854
3407,1,87,0.001750767813064158,VIT768,0.9859561920166016
3407,1,88,0.001728164847008884,VIT768,0.9678816795349121
3407,1,89,0.001700544380582869,VIT768,0.966094970703125
3407,1,90,0.0016694538062438369,VIT768,0.984154462814331
3407,1,91,0.0016504364321008325,VIT768,0.9821656942367554
3407,1,92,0.001624933211132884,VIT768,0.9642683267593384
3407,1,93,0.0015981581527739763,VIT768,0.9833543300628662
3407,1,94,0.001582567929290235,VIT768,0.9469640851020813
3407,1,95,0.0015414629597216845,VIT768,0.9566380381584167
3407,1,96,0.0015304747503250837,VIT768,0.9657058119773865
3407,1,97,0.0015246927505359054,VIT768,0.9782508015632629
3407,1,98,0.0014733073767274618,VIT768,0.9763085246086121
3407,1,99,0.001459723338484764,VIT768,0.9869667291641235
3407,1,100,0.0014312618877738714,VIT768,0.986200213432312
3407,1,101,0.0014150047209113836,VIT768,0.986099362373352
3407,1,102,0.0013942751102149487,VIT768,0.9800733327865601
3407,1,103,0.0013898996403440833,VIT768,0.9772529602050781
3407,1,104,0.0013511916622519493,VIT768,0.9746102690696716
3407,1,105,0.001321610645391047,VIT768,0.9673129320144653
3407,1,106,0.0013014256255701184,VIT768,0.9781159162521362
3407,1,107,0.0012839548289775848,VIT768,0.9868500232696533
3407,1,108,0.0012733808252960443,VIT768,0.9711388349533081
3407,1,109,0.001247201464138925,VIT768,0.9905306100845337
3407,1,110,0.0012358371168375015,VIT768,0.9693731069564819
3407,1,111,0.001211183494888246,VIT768,0.9693217277526855
3407,1,112,0.0011959472903981805,VIT768,0.991376519203186
3407,1,113,0.0011859317310154438,VIT768,0.985359787940979
3407,1,114,0.0011422522366046906,VIT768,0.9814568758010864
3407,1,115,0.0011147288605570793,VIT768,0.9882250428199768
3407,1,116,0.001100843190215528,VIT768,0.9839327931404114
3407,1,117,0.0010903938673436642,VIT768,0.9896227121353149
3407,1,118,0.0010642294073477387,VIT768,0.9750471115112305
3407,1,119,0.0010402610059827566,VIT768,0.957197368144989
3407,1,120,0.0010195716749876738,VIT768,0.9742860794067383
3407,1,121,0.0009956925641745329,VIT768,0.9809452295303345
3407,1,122,0.0009894102113321424,VIT768,0.98093581199646
3407,1,123,0.0009798990795388818,VIT768,0.9824224710464478
3407,1,124,0.0009698843932710588,VIT768,0.968824028968811
3407,1,125,0.0009513474069535732,VIT768,0.9750546216964722
3407,1,126,0.0009412062936462462,VIT768,0.9326705932617188
3407,1,127,0.0009222787339240313,VIT768,0.9819854497909546
3407,1,128,0.0009057464194484055,VIT768,0.967432975769043
3407,2,1,0.11490443348884583,COLOR9,0.015287221409380436
3407,2,2,0.06533842533826828,COLOR9,0.00916917622089386
3407,2,3,0.05620911717414856,COLOR9,0.013119188137352467
3407,2,4,0.05314412713050842,COLOR9,0.008359825238585472
3407,2,5,0.037068914622068405,COLOR9,0.006152997724711895
3407,2,6,0.03105759434401989,COLOR9,0.0075472258031368256
3407,2,7,0.03010251559317112,COLOR9,0.031048476696014404
3407,2,8,0.026992931962013245,COLOR9,0.01245567761361599
3407,2,9,0.023195680230855942,COLOR9,0.005229574162513018
3407,2,10,0.019742535427212715,COLOR9,0.003999251872301102
3407,2,11,0.01857336238026619,COLOR9,0.003264158731326461
3407,2,12,0.017732394859194756,COLOR9,0.012838409282267094
3407,2,13,0.01630118116736412,COLOR9,0.008945302106440067
3407,2,14,0.015211262740194798,COLOR9,0.021088946610689163
3407,2,15,0.013588394038379192,COLOR9,0.009419030509889126
3407,2,16,0.012518065981566906,COLOR9,0.005149566102772951
3407,2,17,0.012111129239201546,COLOR9,0.01588532142341137
3407,2,18,0.011358293704688549,COLOR9,0.006818277761340141
3407,2,19,0.011105828918516636,COLOR9,0.0034781487192958593
3407,2,20,0.010524993762373924,COLOR9,0.005171195138245821
3407,2,21,0.010150040499866009,COLOR9,0.03549598157405853
3407,2,22,0.009689897298812866,COLOR9,0.006280028261244297
3407,2,23,0.008773824200034142,COLOR9,0.009220746345818043
3407,2,24,0.008511777967214584,COLOR9,0.007736085448414087
3407,2,25,0.008090555667877197,COLOR9,0.0053954049944877625
3407,2,26,0.007478151936084032,COLOR9,0.003941067960113287
3407,2,27,0.007343604229390621,COLOR9,0.004381578415632248
3407,2,28,0.007230683229863644,COLOR9,0.0028965964447706938
3407,2,29,0.006858529057353735,COLOR9,0.007810795679688454
3407,2,30,0.006612399127334356,COLOR9,0.0045056696981191635
3407,2,31,0.006245544645935297,COLOR9,0.007809192407876253
3407,2,32,0.006143021397292614,COLOR9,0.023875940591096878
3407,2,33,0.006032251287251711,COLOR9,0.008071057498455048
3407,2,34,0.006009031552821398,COLOR9,0.004054715856909752
3407,2,35,0.00574839161708951,COLOR9,0.0011270118411630392
3407,2,36,0.005640270654112101,COLOR9,0.012202496640384197
3407,2,37,0.005482231732457876,COLOR9,0.020367639139294624
3407,2,38,0.005382038187235594,COLOR9,0.012157936580479145
3407,2,39,0.00517302518710494,COLOR9,0.014821832068264484
3407,2,40,0.005096549168229103,COLOR9,0.010949982330203056
3407,2,41,0.004810840357095003,COLOR9,0.01042146049439907
3407,2,42,0.0046864282339811325,COLOR9,0.0059670694172382355
3407,2,43,0.004499021917581558,COLOR9,0.013670307584106922
3407,2,44,0.004421912599354982,COLOR9,0.015383201651275158
3407,2,45,0.004352882970124483,COLOR9,0.009041124023497105
3407,2,46,0.004094572737812996,COLOR9,0.024711783975362778
3407,2,47,0.003927005920559168,COLOR9,0.004027801565825939
3407,2,48,0.0038443957455456257,COLOR9,0.03776029497385025
3407,2,49,0.003782143583521247,COLOR9,0.0594952255487442
3407,2,50,0.0036796547938138247,COLOR9,0.009813675656914711
3407,2,51,0.0036162298638373613,COLOR9,0.009177676402032375
3407,2,52,0.003573209047317505,COLOR9,0.0052356477826833725
3407,2,53,0.003528967034071684,COLOR9,0.00400563795119524
3407,2,54,0.003451921744272113,COLOR9,0.006906713824719191
3407,2,55,0.003385090036317706,COLOR9,0.014426150359213352
3407,2,56,0.003189712530001998,COLOR9,0.011836031451821327
3407,2,57,0.0031700388062745333,COLOR9,0.003870147978886962
3407,2,58,0.003157939063385129,COLOR9,0.005263113882392645
3407,2,59,0.003080275608226657,COLOR9,0.010227268561720848
3407,2,60,0.0029741935431957245,COLOR9,0.00944232102483511
3407,2,61,0.0029383362270891666,COLOR9,0.006756043992936611
3407,2,62,0.0028464843053370714,COLOR9,0.034611500799655914
3407,2,63,0.002794427564367652,COLOR9,0.0036776766646653414
3407,2,64,0.0027294186875224113,COLOR9,0.025829153135418892
3407,2,65,0.0026824618689715862,COLOR9,0.021842684596776962
3407,2,66,0.0026351900305598974,COLOR9,0.004862344358116388
3407,2,67,0.002590154530480504,COLOR9,0.016516491770744324
3407,2,68,0.0025512424763292074,COLOR9,0.013988501392304897
3407,2,69,0.002503291005268693,COLOR9,0.015493243932723999
3407,2,70,0.002400618977844715,COLOR9,0.01384960487484932
3407,2,71,0.002385614672675729,COLOR9,0.004094426520168781
3407,2,72,0.0023538977839052677,COLOR9,0.015367316082119942
3407,2,73,0.002276904182508588,COLOR9,0.01684211567044258
3407,2,74,0.002229279140010476,COLOR9,0.004939687438309193
3407,2,75,0.002208698308095336,COLOR9,0.005387439858168364
3407,2,76,0.0021860015112906694,COLOR9,0.008332112804055214
3407,2,77,0.002136832568794489,COLOR9,0.003487196285277605
3407,2,78,0.0021218641195446253,COLOR9,0.007096968591213226
3407,2,79,0.0020695950370281935,COLOR9,0.01643414795398712
3407,2,80,0.0020052739419043064,COLOR9,0.004571451805531979
3407,2,81,0.0019762180745601654,COLOR9,0.02168448083102703
3407,2,82,0.0019519549096003175,COLOR9,0.007768305949866772
3407,2,83,0.0019234521314501762,COLOR9,0.007928557693958282
3407,2,84,0.0019009188981726766,COLOR9,0.0021247444674372673
3407,2,85,0.0018625956727191806,COLOR9,0.010104427114129066
3407,2,86,0.0018425451125949621,COLOR9,0.013946615159511566
3407,2,87,0.0018202235223725438,COLOR9,0.0035586426965892315
3407,2,88,0.0017935860669240355,COLOR9,0.006552373059093952
3407,2,89,0.0017499971436336637,COLOR9,0.009916234761476517
3407,2,90,0.0017348459223285317,COLOR9,0.007499356754124165
3407,2,91,0.0016763977473601699,COLOR9,0.014927041716873646
3407,2,92,0.0016606594435870647,COLOR9,0.008221158757805824
3407,2,93,0.0016408683732151985,COLOR9,0.009617146104574203
3407,2,94,0.0016027666861191392,COLOR9,0.012402985244989395
3407,2,95,0.001584767596796155,COLOR9,0.007399579044431448
3407,2,96,0.001527148298919201,COLOR9,0.006569694261997938
3407,2,97,0.0015109535306692123,COLOR9,0.00426690187305212
3407,2,98,0.0015021987492218614,COLOR9,0.010383007116615772
3407,2,99,0.0014791114954277873,COLOR9,0.02649364434182644
3407,2,100,0.0014561886200681329,COLOR9,0.00641765259206295
3407,2,101,0.001437238184735179,COLOR9,0.006237335037440062
3407,2,102,0.0014265587087720633,COLOR9,0.0031174032483249903
3407,2,103,0.001402114750817418,COLOR9,0.008145119063556194
3407,2,104,0.0013792713871225715,COLOR9,0.00626147398725152
3407,2,105,0.0013507845578715205,COLOR9,0.010071301832795143
3407,2,106,0.0013142217649146914,COLOR9,0.01508252788335085
3407,2,107,0.0012990905670449138,COLOR9,0.020219631493091583
3407,2,108,0.0012785958824679255,COLOR9,0.006852916441857815
3407,2,109,0.0012746102875098586,COLOR9,0.003984470851719379
3407,2,110,0.0012612966820597649,COLOR9,0.003848486114293337
3407,2,111,0.00122874288354069,COLOR9,0.008410967886447906
3407,2,112,0.0012252056039869785,COLOR9,0.022267507389187813
3407,2,113,0.0012004082091152668,COLOR9,0.009006485342979431
3407,2,114,0.0011819711653515697,COLOR9,0.005548905115574598
3407,2,115,0.0011689289240166545,COLOR9,0.00456369761377573
3407,2,116,0.0011465741554275155,COLOR9,0.0022617378272116184
3407,2,117,0.0010974861215800047,COLOR9,0.01474030688405037
3407,2,118,0.0010908045805990696,COLOR9,0.015021330676972866
3407,2,119,0.0010880755726248026,COLOR9,0.011735130101442337
3407,2,120,0.0010536680929362774,COLOR9,0.015227659605443478
3407,2,121,0.00105238554533571,COLOR9,0.012887134216725826
3407,2,122,0.0010212226770818233,COLOR9,0.00430707074701786
3407,2,123,0.001007536891847849,COLOR9,0.014384634792804718
3407,2,124,0.0009956392459571362,COLOR9,0.014776451513171196
3407,2,125,0.000974790658801794,COLOR9,0.00533386692404747
3407,2,126,0.0009630614658817649,COLOR9,0.0031757336109876633
3407,2,127,0.0009537640144117177,COLOR9,0.008717047050595284
3407,2,128,0.0009301839745603502,COLOR9,0.018964143469929695
3407,2,1,0.11490443348884583,LBP18,0.10297483205795288
3407,2,2,0.06533842533826828,LBP18,0.009909933432936668
3407,2,3,0.05620911717414856,LBP18,0.003821349935606122
3407,2,4,0.05314412713050842,LBP18,0.009788526222109795
3407,2,5,0.037068914622068405,LBP18,0.0007572557660751045
3407,2,6,0.03105759434401989,LBP18,0.034516140818595886
3407,2,7,0.03010251559317112,LBP18,0.0202794149518013
3407,2,8,0.026992931962013245,LBP18,0.0018126731738448143
3407,2,9,0.023195680230855942,LBP18,0.019296882674098015
3407,2,10,0.019742535427212715,LBP18,0.03026539273560047
3407,2,11,0.01857336238026619,LBP18,0.005514740943908691
3407,2,12,0.017732394859194756,LBP18,0.010297482833266258
3407,2,13,0.01630118116736412,LBP18,0.0023343581706285477
3407,2,14,0.015211262740194798,LBP18,0.01448200736194849
3407,2,15,0.013588394038379192,LBP18,0.06125329062342644
3407,2,16,0.012518065981566906,LBP18,0.005035048350691795
3407,2,17,0.012111129239201546,LBP18,0.012766269966959953
3407,2,18,0.011358293704688549,LBP18,0.035691071301698685
3407,2,19,0.011105828918516636,LBP18,0.03491012006998062
3407,2,20,0.010524993762373924,LBP18,0.011882904917001724
3407,2,21,0.010150040499866009,LBP18,0.004741311073303223
3407,2,22,0.009689897298812866,LBP18,0.00562369916588068
3407,2,23,0.008773824200034142,LBP18,0.0122269531711936
3407,2,24,0.008511777967214584,LBP18,0.010982479900121689
3407,2,25,0.008090555667877197,LBP18,0.014758182689547539
3407,2,26,0.007478151936084032,LBP18,0.005826347041875124
3407,2,27,0.007343604229390621,LBP18,0.005560943856835365
3407,2,28,0.007230683229863644,LBP18,0.0031390017829835415
3407,2,29,0.006858529057353735,LBP18,0.0014636226696893573
3407,2,30,0.006612399127334356,LBP18,0.002638766309246421
3407,2,31,0.006245544645935297,LBP18,0.015199813060462475
3407,2,32,0.006143021397292614,LBP18,0.02900557592511177
3407,2,33,0.006032251287251711,LBP18,0.11002699285745621
3407,2,34,0.006009031552821398,LBP18,0.0057298410683870316
3407,2,35,0.00574839161708951,LBP18,0.022634394466876984
3407,2,36,0.005640270654112101,LBP18,0.019035346806049347
3407,2,37,0.005482231732457876,LBP18,0.008345434442162514
3407,2,38,0.005382038187235594,LBP18,0.0014952379278838634
3407,2,39,0.00517302518710494,LBP18,0.00562167726457119
3407,2,40,0.005096549168229103,LBP18,0.01868901215493679
3407,2,41,0.004810840357095003,LBP18,0.005582846235483885
3407,2,42,0.0046864282339811325,LBP18,0.008637985214591026
3407,2,43,0.004499021917581558,LBP18,0.016573719680309296
3407,2,44,0.004421912599354982,LBP18,0.001327273901551962
3407,2,45,0.004352882970124483,LBP18,0.016166415065526962
3407,2,46,0.004094572737812996,LBP18,0.0015469593927264214
3407,2,47,0.003927005920559168,LBP18,0.007773309480398893
3407,2,48,0.0038443957455456257,LBP18,0.019601786509156227
3407,2,49,0.003782143583521247,LBP18,0.003492897842079401
3407,2,50,0.0036796547938138247,LBP18,0.007983336225152016
3407,2,51,0.0036162298638373613,LBP18,0.008051850832998753
3407,2,52,0.003573209047317505,LBP18,0.0018485920736566186
3407,2,53,0.003528967034071684,LBP18,0.006641865707933903
3407,2,54,0.003451921744272113,LBP18,0.006930265575647354
3407,2,55,0.003385090036317706,LBP18,0.008487669751048088
3407,2,56,0.003189712530001998,LBP18,0.01626105047762394
3407,2,57,0.0031700388062745333,LBP18,0.011581224389374256
3407,2,58,0.003157939063385129,LBP18,0.0029095441568642855
3407,2,59,0.003080275608226657,LBP18,0.0011117990361526608
3407,2,60,0.0029741935431957245,LBP18,0.0026817566249519587
3407,2,61,0.0029383362270891666,LBP18,0.006459238938987255
3407,2,62,0.0028464843053370714,LBP18,0.0036672865971922874
3407,2,63,0.002794427564367652,LBP18,0.007646879646927118
3407,2,64,0.0027294186875224113,LBP18,0.00812193937599659
3407,2,65,0.0026824618689715862,LBP18,0.011046299710869789
3407,2,66,0.0026351900305598974,LBP18,0.001854345086030662
3407,2,67,0.002590154530480504,LBP18,0.008244695141911507
3407,2,68,0.0025512424763292074,LBP18,0.004369049333035946
3407,2,69,0.002503291005268693,LBP18,0.028421863913536072
3407,2,70,0.002400618977844715,LBP18,0.00529449712485075
3407,2,71,0.002385614672675729,LBP18,0.0164495762437582
3407,2,72,0.0023538977839052677,LBP18,0.010348677635192871
3407,2,73,0.002276904182508588,LBP18,0.005562652368098497
3407,2,74,0.002229279140010476,LBP18,0.004014548379927874
3407,2,75,0.002208698308095336,LBP18,0.003977874293923378
3407,2,76,0.0021860015112906694,LBP18,0.003164860187098384
3407,2,77,0.002136832568794489,LBP18,0.010786511935293674
3407,2,78,0.0021218641195446253,LBP18,0.012752991169691086
3407,2,79,0.0020695950370281935,LBP18,0.005842792801558971
3407,2,80,0.0020052739419043064,LBP18,0.0074559892527759075
3407,2,81,0.0019762180745601654,LBP18,0.001787108019925654
3407,2,82,0.0019519549096003175,LBP18,0.011087649501860142
3407,2,83,0.0019234521314501762,LBP18,0.01603398099541664
3407,2,84,0.0019009188981726766,LBP18,0.01022128015756607
3407,2,85,0.0018625956727191806,LBP18,0.003811886766925454
3407,2,86,0.0018425451125949621,LBP18,0.0024093245156109333
3407,2,87,0.0018202235223725438,LBP18,0.0033326405100524426
3407,2,88,0.0017935860669240355,LBP18,0.0038328669033944607
3407,2,89,0.0017499971436336637,LBP18,0.001937600434757769
3407,2,90,0.0017348459223285317,LBP18,0.002652921946719289
3407,2,91,0.0016763977473601699,LBP18,0.019206400960683823
3407,2,92,0.0016606594435870647,LBP18,0.0030326482374221087
3407,2,93,0.0016408683732151985,LBP18,0.0033572267275303602
3407,2,94,0.0016027666861191392,LBP18,0.007251137401908636
3407,2,95,0.001584767596796155,LBP18,0.011668592691421509
3407,2,96,0.001527148298919201,LBP18,0.023395299911499023
3407,2,97,0.0015109535306692123,LBP18,0.0045014843344688416
3407,2,98,0.0015021987492218614,LBP18,0.005223568063229322
3407,2,99,0.0014791114954277873,LBP18,0.007853960618376732
3407,2,100,0.0014561886200681329,LBP18,0.0028106498066335917
3407,2,101,0.001437238184735179,LBP18,0.0050592124462127686
3407,2,102,0.0014265587087720633,LBP18,0.004676606971770525
3407,2,103,0.001402114750817418,LBP18,0.0051023345440626144
3407,2,104,0.0013792713871225715,LBP18,0.01221772562712431
3407,2,105,0.0013507845578715205,LBP18,0.0036594015546143055
3407,2,106,0.0013142217649146914,LBP18,0.005668681114912033
3407,2,107,0.0012990905670449138,LBP18,0.004744451958686113
3407,2,108,0.0012785958824679255,LBP18,0.02184060402214527
3407,2,109,0.0012746102875098586,LBP18,0.005618193186819553
3407,2,110,0.0012612966820597649,LBP18,0.016017340123653412
3407,2,111,0.00122874288354069,LBP18,0.0018390269251540303
3407,2,112,0.0012252056039869785,LBP18,0.0056175123900175095
3407,2,113,0.0012004082091152668,LBP18,0.0019365304615348577
3407,2,114,0.0011819711653515697,LBP18,0.0070137581788003445
3407,2,115,0.0011689289240166545,LBP18,0.006217324174940586
3407,2,116,0.0011465741554275155,LBP18,0.004688389133661985
3407,2,117,0.0010974861215800047,LBP18,0.01403167936950922
3407,2,118,0.0010908045805990696,LBP18,0.006297093350440264
3407,2,119,0.0010880755726248026,LBP18,0.0009865949396044016
3407,2,120,0.0010536680929362774,LBP18,0.00605228915810585
3407,2,121,0.00105238554533571,LBP18,0.005404598079621792
3407,2,122,0.0010212226770818233,LBP18,0.01068869698792696
3407,2,123,0.001007536891847849,LBP18,0.00682268850505352
3407,2,124,0.0009956392459571362,LBP18,0.012885767966508865
3407,2,125,0.000974790658801794,LBP18,0.004362527281045914
3407,2,126,0.0009630614658817649,LBP18,0.0028662660624831915
3407,2,127,0.0009537640144117177,LBP18,0.0020995824597775936
3407,2,128,0.0009301839745603502,LBP18,0.0032335235737264156
3407,2,1,0.11490443348884583,HARALICK5,0.006712404079735279
3407,2,2,0.06533842533826828,HARALICK5,0.017242029309272766
3407,2,3,0.05620911717414856,HARALICK5,0.010439601726830006
3407,2,4,0.05314412713050842,HARALICK5,0.004915542900562286
3407,2,5,0.037068914622068405,HARALICK5,0.0009111628169193864
3407,2,6,0.03105759434401989,HARALICK5,0.0032853377051651478
3407,2,7,0.03010251559317112,HARALICK5,0.0021358425728976727
3407,2,8,0.026992931962013245,HARALICK5,0.0099889962002635
3407,2,9,0.023195680230855942,HARALICK5,0.00651412270963192
3407,2,10,0.019742535427212715,HARALICK5,0.0009014439419843256
3407,2,11,0.01857336238026619,HARALICK5,0.0017503505805507302
3407,2,12,0.017732394859194756,HARALICK5,0.006194228306412697
3407,2,13,0.01630118116736412,HARALICK5,0.006351439747959375
3407,2,14,0.015211262740194798,HARALICK5,0.003430220065638423
3407,2,15,0.013588394038379192,HARALICK5,0.003598675597459078
3407,2,16,0.012518065981566906,HARALICK5,0.0021965536288917065
3407,2,17,0.012111129239201546,HARALICK5,0.0012902584858238697
3407,2,18,0.011358293704688549,HARALICK5,0.010367720387876034
3407,2,19,0.011105828918516636,HARALICK5,0.009943114593625069
3407,2,20,0.010524993762373924,HARALICK5,0.00489190174266696
3407,2,21,0.010150040499866009,HARALICK5,0.014025986194610596
3407,2,22,0.009689897298812866,HARALICK5,0.005461007822304964
3407,2,23,0.008773824200034142,HARALICK5,0.001719598425552249
3407,2,24,0.008511777967214584,HARALICK5,0.0025733248330652714
3407,2,25,0.008090555667877197,HARALICK5,0.002686596941202879
3407,2,26,0.007478151936084032,HARALICK5,0.008209862746298313
3407,2,27,0.007343604229390621,HARALICK5,0.005278820637613535
3407,2,28,0.007230683229863644,HARALICK5,0.006078403443098068
3407,2,29,0.006858529057353735,HARALICK5,0.007577086333185434
3407,2,30,0.006612399127334356,HARALICK5,0.011646880768239498
3407,2,31,0.006245544645935297,HARALICK5,0.003265255130827427
3407,2,32,0.006143021397292614,HARALICK5,0.0003677290224004537
3407,2,33,0.006032251287251711,HARALICK5,0.020084967836737633
3407,2,34,0.006009031552821398,HARALICK5,0.004824994131922722
3407,2,35,0.00574839161708951,HARALICK5,0.0012528992956504226
3407,2,36,0.005640270654112101,HARALICK5,0.0076514496468007565
3407,2,37,0.005482231732457876,HARALICK5,0.001776997116394341
3407,2,38,0.005382038187235594,HARALICK5,0.0028966963291168213
3407,2,39,0.00517302518710494,HARALICK5,0.0049693952314555645
3407,2,40,0.005096549168229103,HARALICK5,0.002151966793462634
3407,2,41,0.004810840357095003,HARALICK5,0.004781213589012623
3407,2,42,0.0046864282339811325,HARALICK5,0.0012980704195797443
3407,2,43,0.004499021917581558,HARALICK5,0.008880583569407463
3407,2,44,0.004421912599354982,HARALICK5,0.002971269190311432
3407,2,45,0.004352882970124483,HARALICK5,0.0014912951737642288
3407,2,46,0.004094572737812996,HARALICK5,0.001759667880833149
3407,2,47,0.003927005920559168,HARALICK5,0.0028592823073267937
3407,2,48,0.0038443957455456257,HARALICK5,0.0017867099959403276
3407,2,49,0.003782143583521247,HARALICK5,0.009109824895858765
3407,2,50,0.0036796547938138247,HARALICK5,0.0013251013588160276
3407,2,51,0.0036162298638373613,HARALICK5,0.015108954161405563
3407,2,52,0.003573209047317505,HARALICK5,0.0023373591247946024
3407,2,53,0.003528967034071684,HARALICK5,0.0037935120053589344
3407,2,54,0.003451921744272113,HARALICK5,0.0012492068344727159
3407,2,55,0.003385090036317706,HARALICK5,0.005678494460880756
3407,2,56,0.003189712530001998,HARALICK5,0.00462173018604517
3407,2,57,0.0031700388062745333,HARALICK5,0.0044484855607151985
3407,2,58,0.003157939063385129,HARALICK5,0.001068333862349391
3407,2,59,0.003080275608226657,HARALICK5,0.008702181279659271
3407,2,60,0.0029741935431957245,HARALICK5,0.008423211053013802
3407,2,61,0.0029383362270891666,HARALICK5,0.004600167740136385
3407,2,62,0.0028464843053370714,HARALICK5,0.0008556718239560723
3407,2,63,0.002794427564367652,HARALICK5,0.0009658620110712945
3407,2,64,0.0027294186875224113,HARALICK5,0.014096121303737164
3407,2,65,0.0026824618689715862,HARALICK5,0.00861426256597042
3407,2,66,0.0026351900305598974,HARALICK5,0.0028511735145002604
3407,2,67,0.002590154530480504,HARALICK5,0.008309497497975826
3407,2,68,0.0025512424763292074,HARALICK5,0.008184084668755531
3407,2,69,0.002503291005268693,HARALICK5,0.002814427250996232
3407,2,70,0.002400618977844715,HARALICK5,0.0030690485145896673
3407,2,71,0.002385614672675729,HARALICK5,0.02021215111017227
3407,2,72,0.0023538977839052677,HARALICK5,0.0033405448775738478
3407,2,73,0.002276904182508588,HARALICK5,0.0019002370536327362
3407,2,74,0.002229279140010476,HARALICK5,0.0016071612481027842
3407,2,75,0.002208698308095336,HARALICK5,0.01107595395296812
3407,2,76,0.0021860015112906694,HARALICK5,0.0019650799222290516
3407,2,77,0.002136832568794489,HARALICK5,0.002936998149380088
3407,2,78,0.0021218641195446253,HARALICK5,0.002043511252850294
3407,2,79,0.0020695950370281935,HARALICK5,0.0006290430901572108
3407,2,80,0.0020052739419043064,HARALICK5,0.008573816157877445
3407,2,81,0.0019762180745601654,HARALICK5,0.003201044863089919
3407,2,82,0.0019519549096003175,HARALICK5,0.001733265700750053
3407,2,83,0.0019234521314501762,HARALICK5,0.001796998200006783
3407,2,84,0.0019009188981726766,HARALICK5,0.0011187066556885839
3407,2,85,0.0018625956727191806,HARALICK5,0.009322833269834518
3407,2,86,0.0018425451125949621,HARALICK5,0.0034585825633257627
3407,2,87,0.0018202235223725438,HARALICK5,0.008797213435173035
3407,2,88,0.0017935860669240355,HARALICK5,0.0009140825713984668
3407,2,89,0.0017499971436336637,HARALICK5,0.004088972695171833
3407,2,90,0.0017348459223285317,HARALICK5,0.005929051898419857
3407,2,91,0.0016763977473601699,HARALICK5,0.001558754127472639
3407,2,92,0.0016606594435870647,HARALICK5,0.005823150277137756
3407,2,93,0.0016408683732151985,HARALICK5,0.0050181555561721325
3407,2,94,0.0016027666861191392,HARALICK5,0.003082375507801771
3407,2,95,0.001584767596796155,HARALICK5,0.0018070603255182505
3407,2,96,0.001527148298919201,HARALICK5,0.0013641639379784465
3407,2,97,0.0015109535306692123,HARALICK5,0.0005925431614741683
3407,2,98,0.0015021987492218614,HARALICK5,0.005763592664152384
3407,2,99,0.0014791114954277873,HARALICK5,0.0034859590232372284
3407,2,100,0.0014561886200681329,HARALICK5,0.0016669303877279162
3407,2,101,0.001437238184735179,HARALICK5,0.005693111103028059
3407,2,102,0.0014265587087720633,HARALICK5,0.002123031299561262
3407,2,103,0.001402114750817418,HARALICK5,0.0012378677492961287
3407,2,104,0.0013792713871225715,HARALICK5,0.010347760282456875
3407,2,105,0.0013507845578715205,HARALICK5,0.0017783468356356025
3407,2,106,0.0013142217649146914,HARALICK5,0.014893683604896069
3407,2,107,0.0012990905670449138,HARALICK5,0.004138820804655552
3407,2,108,0.0012785958824679255,HARALICK5,0.006086729932576418
3407,2,109,0.0012746102875098586,HARALICK5,0.011400689370930195
3407,2,110,0.0012612966820597649,HARALICK5,0.0032149471808224916
3407,2,111,0.00122874288354069,HARALICK5,0.003520028432831168
3407,2,112,0.0012252056039869785,HARALICK5,0.00138660182710737
3407,2,113,0.0012004082091152668,HARALICK5,0.004245623480528593
3407,2,114,0.0011819711653515697,HARALICK5,0.005554926116019487
3407,2,115,0.0011689289240166545,HARALICK5,0.0029982118867337704
3407,2,116,0.0011465741554275155,HARALICK5,0.0025356486439704895
3407,2,117,0.0010974861215800047,HARALICK5,0.006001791916787624
3407,2,118,0.0010908045805990696,HARALICK5,0.019392916932702065
3407,2,119,0.0010880755726248026,HARALICK5,0.01687045395374298
3407,2,120,0.0010536680929362774,HARALICK5,0.01220005750656128
3407,2,121,0.00105238554533571,HARALICK5,0.006391196046024561
3407,2,122,0.0010212226770818233,HARALICK5,0.0010582185350358486
3407,2,123,0.001007536891847849,HARALICK5,0.01745525375008583
3407,2,124,0.0009956392459571362,HARALICK5,0.00677642272785306
3407,2,125,0.000974790658801794,HARALICK5,0.0036356174387037754
3407,2,126,0.0009630614658817649,HARALICK5,0.002147054299712181
3407,2,127,0.0009537640144117177,HARALICK5,0.006789144594222307
3407,2,128,0.0009301839745603502,HARALICK5,0.010801102966070175
3407,2,1,0.11490443348884583,ALL_HANDCRAFTED32,0.12497445940971375
3407,2,2,0.06533842533826828,ALL_HANDCRAFTED32,0.036321137100458145
3407,2,3,0.05620911717414856,ALL_HANDCRAFTED32,0.027380140498280525
3407,2,4,0.05314412713050842,ALL_HANDCRAFTED32,0.023063894361257553
3407,2,5,0.037068914622068405,ALL_HANDCRAFTED32,0.007821416482329369
3407,2,6,0.03105759434401989,ALL_HANDCRAFTED32,0.04534870386123657
3407,2,7,0.03010251559317112,ALL_HANDCRAFTED32,0.05346373841166496
3407,2,8,0.026992931962013245,ALL_HANDCRAFTED32,0.024257346987724304
3407,2,9,0.023195680230855942,ALL_HANDCRAFTED32,0.031040577217936516
3407,2,10,0.019742535427212715,ALL_HANDCRAFTED32,0.03516608849167824
3407,2,11,0.01857336238026619,ALL_HANDCRAFTED32,0.010529249906539917
3407,2,12,0.017732394859194756,ALL_HANDCRAFTED32,0.029330121353268623
3407,2,13,0.01630118116736412,ALL_HANDCRAFTED32,0.017631100490689278
3407,2,14,0.015211262740194798,ALL_HANDCRAFTED32,0.03900117427110672
3407,2,15,0.013588394038379192,ALL_HANDCRAFTED32,0.07427099347114563
3407,2,16,0.012518065981566906,ALL_HANDCRAFTED32,0.012381168082356453
3407,2,17,0.012111129239201546,ALL_HANDCRAFTED32,0.029941849410533905
3407,2,18,0.011358293704688549,ALL_HANDCRAFTED32,0.052877068519592285
3407,2,19,0.011105828918516636,ALL_HANDCRAFTED32,0.04833138734102249
3407,2,20,0.010524993762373924,ALL_HANDCRAFTED32,0.021946001797914505
3407,2,21,0.010150040499866009,ALL_HANDCRAFTED32,0.05426327884197235
3407,2,22,0.009689897298812866,ALL_HANDCRAFTED32,0.017364734783768654
3407,2,23,0.008773824200034142,ALL_HANDCRAFTED32,0.02316729724407196
3407,2,24,0.008511777967214584,ALL_HANDCRAFTED32,0.02129189297556877
3407,2,25,0.008090555667877197,ALL_HANDCRAFTED32,0.022840185090899467
3407,2,26,0.007478151936084032,ALL_HANDCRAFTED32,0.0179772786796093
3407,2,27,0.007343604229390621,ALL_HANDCRAFTED32,0.01522134244441986
3407,2,28,0.007230683229863644,ALL_HANDCRAFTED32,0.01211400143802166
3407,2,29,0.006858529057353735,ALL_HANDCRAFTED32,0.016851505264639854
3407,2,30,0.006612399127334356,ALL_HANDCRAFTED32,0.01879131607711315
3407,2,31,0.006245544645935297,ALL_HANDCRAFTED32,0.026274260133504868
3407,2,32,0.006143021397292614,ALL_HANDCRAFTED32,0.05324924737215042
3407,2,33,0.006032251287251711,ALL_HANDCRAFTED32,0.13818302750587463
3407,2,34,0.006009031552821398,ALL_HANDCRAFTED32,0.01460955012589693
3407,2,35,0.00574839161708951,ALL_HANDCRAFTED32,0.025014305487275124
3407,2,36,0.005640270654112101,ALL_HANDCRAFTED32,0.03888929635286331
3407,2,37,0.005482231732457876,ALL_HANDCRAFTED32,0.030490070581436157
3407,2,38,0.005382038187235594,ALL_HANDCRAFTED32,0.016549870371818542
3407,2,39,0.00517302518710494,ALL_HANDCRAFTED32,0.025412902235984802
3407,2,40,0.005096549168229103,ALL_HANDCRAFTED32,0.03179096430540085
3407,2,41,0.004810840357095003,ALL_HANDCRAFTED32,0.020785517990589142
3407,2,42,0.0046864282339811325,ALL_HANDCRAFTED32,0.01590312458574772
3407,2,43,0.004499021917581558,ALL_HANDCRAFTED32,0.03912460803985596
3407,2,44,0.004421912599354982,ALL_HANDCRAFTED32,0.019681744277477264
3407,2,45,0.004352882970124483,ALL_HANDCRAFTED32,0.02669883519411087
3407,2,46,0.004094572737812996,ALL_HANDCRAFTED32,0.028018411248922348
3407,2,47,0.003927005920559168,ALL_HANDCRAFTED32,0.014660393819212914
3407,2,48,0.0038443957455456257,ALL_HANDCRAFTED32,0.059148792177438736
3407,2,49,0.003782143583521247,ALL_HANDCRAFTED32,0.07209794223308563
3407,2,50,0.0036796547938138247,ALL_HANDCRAFTED32,0.019122114405035973
3407,2,51,0.0036162298638373613,ALL_HANDCRAFTED32,0.03233848139643669
3407,2,52,0.003573209047317505,ALL_HANDCRAFTED32,0.009421599097549915
3407,2,53,0.003528967034071684,ALL_HANDCRAFTED32,0.01444101519882679
3407,2,54,0.003451921744272113,ALL_HANDCRAFTED32,0.015086185187101364
3407,2,55,0.003385090036317706,ALL_HANDCRAFTED32,0.028592314571142197
3407,2,56,0.003189712530001998,ALL_HANDCRAFTED32,0.03271881490945816
3407,2,57,0.0031700388062745333,ALL_HANDCRAFTED32,0.01989985816180706
3407,2,58,0.003157939063385129,ALL_HANDCRAFTED32,0.009240992367267609
3407,2,59,0.003080275608226657,ALL_HANDCRAFTED32,0.020041249692440033
3407,2,60,0.0029741935431957245,ALL_HANDCRAFTED32,0.0205472894012928
3407,2,61,0.0029383362270891666,ALL_HANDCRAFTED32,0.017815450206398964
3407,2,62,0.0028464843053370714,ALL_HANDCRAFTED32,0.03913445770740509
3407,2,63,0.002794427564367652,ALL_HANDCRAFTED32,0.012290418148040771
3407,2,64,0.0027294186875224113,ALL_HANDCRAFTED32,0.04804721474647522
3407,2,65,0.0026824618689715862,ALL_HANDCRAFTED32,0.04150325059890747
3407,2,66,0.0026351900305598974,ALL_HANDCRAFTED32,0.009567863307893276
3407,2,67,0.002590154530480504,ALL_HANDCRAFTED32,0.03307068347930908
3407,2,68,0.0025512424763292074,ALL_HANDCRAFTED32,0.026541637256741524
3407,2,69,0.002503291005268693,ALL_HANDCRAFTED32,0.04672953486442566
3407,2,70,0.002400618977844715,ALL_HANDCRAFTED32,0.022213149815797806
3407,2,71,0.002385614672675729,ALL_HANDCRAFTED32,0.04075615108013153
3407,2,72,0.0023538977839052677,ALL_HANDCRAFTED32,0.02905653789639473
3407,2,73,0.002276904182508588,ALL_HANDCRAFTED32,0.024305004626512527
3407,2,74,0.002229279140010476,ALL_HANDCRAFTED32,0.01056139636784792
3407,2,75,0.002208698308095336,ALL_HANDCRAFTED32,0.020441267639398575
3407,2,76,0.0021860015112906694,ALL_HANDCRAFTED32,0.013462051749229431
3407,2,77,0.002136832568794489,ALL_HANDCRAFTED32,0.0172107070684433
3407,2,78,0.0021218641195446253,ALL_HANDCRAFTED32,0.021893471479415894
3407,2,79,0.0020695950370281935,ALL_HANDCRAFTED32,0.02290598303079605
3407,2,80,0.0020052739419043064,ALL_HANDCRAFTED32,0.02060125768184662
3407,2,81,0.0019762180745601654,ALL_HANDCRAFTED32,0.02667263336479664
3407,2,82,0.0019519549096003175,ALL_HANDCRAFTED32,0.020589221268892288
3407,2,83,0.0019234521314501762,ALL_HANDCRAFTED32,0.025759538635611534
3407,2,84,0.0019009188981726766,ALL_HANDCRAFTED32,0.013464730232954025
3407,2,85,0.0018625956727191806,ALL_HANDCRAFTED32,0.023239146918058395
3407,2,86,0.0018425451125949621,ALL_HANDCRAFTED32,0.019814521074295044
3407,2,87,0.0018202235223725438,ALL_HANDCRAFTED32,0.015688497573137283
3407,2,88,0.0017935860669240355,ALL_HANDCRAFTED32,0.011299323290586472
3407,2,89,0.0017499971436336637,ALL_HANDCRAFTED32,0.015942808240652084
3407,2,90,0.0017348459223285317,ALL_HANDCRAFTED32,0.016081329435110092
3407,2,91,0.0016763977473601699,ALL_HANDCRAFTED32,0.03569219633936882
3407,2,92,0.0016606594435870647,ALL_HANDCRAFTED32,0.01707695797085762
3407,2,93,0.0016408683732151985,ALL_HANDCRAFTED32,0.017992530018091202
3407,2,94,0.0016027666861191392,ALL_HANDCRAFTED32,0.022736497223377228
3407,2,95,0.001584767596796155,ALL_HANDCRAFTED32,0.02087523229420185
3407,2,96,0.001527148298919201,ALL_HANDCRAFTED32,0.03132915869355202
3407,2,97,0.0015109535306692123,ALL_HANDCRAFTED32,0.00936092995107174
3407,2,98,0.0015021987492218614,ALL_HANDCRAFTED32,0.021370166912674904
3407,2,99,0.0014791114954277873,ALL_HANDCRAFTED32,0.0378335677087307
3407,2,100,0.0014561886200681329,ALL_HANDCRAFTED32,0.01089523360133171
3407,2,101,0.001437238184735179,ALL_HANDCRAFTED32,0.016989657655358315
3407,2,102,0.0014265587087720633,ALL_HANDCRAFTED32,0.009917041286826134
3407,2,103,0.001402114750817418,ALL_HANDCRAFTED32,0.014485321007668972
3407,2,104,0.0013792713871225715,ALL_HANDCRAFTED32,0.028826959431171417
3407,2,105,0.0013507845578715205,ALL_HANDCRAFTED32,0.015509049408137798
3407,2,106,0.0013142217649146914,ALL_HANDCRAFTED32,0.03564488887786865
3407,2,107,0.0012990905670449138,ALL_HANDCRAFTED32,0.029102902859449387
3407,2,108,0.0012785958824679255,ALL_HANDCRAFTED32,0.03478024899959564
3407,2,109,0.0012746102875098586,ALL_HANDCRAFTED32,0.021003354340791702
3407,2,110,0.0012612966820597649,ALL_HANDCRAFTED32,0.023080775514245033
3407,2,111,0.00122874288354069,ALL_HANDCRAFTED32,0.013770023360848427
3407,2,112,0.0012252056039869785,ALL_HANDCRAFTED32,0.029271621257066727
3407,2,113,0.0012004082091152668,ALL_HANDCRAFTED32,0.015188639052212238
3407,2,114,0.0011819711653515697,ALL_HANDCRAFTED32,0.018117589876055717
3407,2,115,0.0011689289240166545,ALL_HANDCRAFTED32,0.013779234141111374
3407,2,116,0.0011465741554275155,ALL_HANDCRAFTED32,0.009485775604844093
3407,2,117,0.0010974861215800047,ALL_HANDCRAFTED32,0.034773778170347214
3407,2,118,0.0010908045805990696,ALL_HANDCRAFTED32,0.04071133956313133
3407,2,119,0.0010880755726248026,ALL_HANDCRAFTED32,0.029592178761959076
3407,2,120,0.0010536680929362774,ALL_HANDCRAFTED32,0.03348000720143318
3407,2,121,0.00105238554533571,ALL_HANDCRAFTED32,0.02468292787671089
3407,2,122,0.0010212226770818233,ALL_HANDCRAFTED32,0.01605398580431938
3407,2,123,0.001007536891847849,ALL_HANDCRAFTED32,0.03866257518529892
3407,2,124,0.0009956392459571362,ALL_HANDCRAFTED32,0.034438639879226685
3407,2,125,0.000974790658801794,ALL_HANDCRAFTED32,0.013332012109458447
3407,2,126,0.0009630614658817649,ALL_HANDCRAFTED32,0.00818905420601368
3407,2,127,0.0009537640144117177,ALL_HANDCRAFTED32,0.017605774104595184
3407,2,128,0.0009301839745603502,ALL_HANDCRAFTED32,0.03299877047538757
3407,2,1,0.11490443348884583,VIT768,0.8750259876251221
3407,2,2,0.06533842533826828,VIT768,0.9636789560317993
3407,2,3,0.05620911717414856,VIT768,0.9726200103759766
3407,2,4,0.05314412713050842,VIT768,0.976935863494873
3407,2,5,0.037068914622068405,VIT768,0.9921783208847046
3407,2,6,0.03105759434401989,VIT768,0.9546507596969604
3407,2,7,0.03010251559317112,VIT768,0.9465365409851074
3407,2,8,0.026992931962013245,VIT768,0.9757428169250488
3407,2,9,0.023195680230855942,VIT768,0.9689599275588989
3407,2,10,0.019742535427212715,VIT768,0.9648345708847046
3407,2,11,0.01857336238026619,VIT768,0.9894718527793884
3407,2,12,0.017732394859194756,VIT768,0.9706702828407288
3407,2,13,0.01630118116736412,VIT768,0.9823691844940186
3407,2,14,0.015211262740194798,VIT768,0.9609991312026978
3407,2,15,0.013588394038379192,VIT768,0.9257292747497559
3407,2,16,0.012518065981566906,VIT768,0.9876187443733215
3407,2,17,0.012111129239201546,VIT768,0.9700586795806885
3407,2,18,0.011358293704688549,VIT768,0.9471230506896973
3407,2,19,0.011105828918516636,VIT768,0.9516685009002686
3407,2,20,0.010524993762373924,VIT768,0.9780542850494385
3407,2,21,0.010150040499866009,VIT768,0.9457361698150635
3407,2,22,0.009689897298812866,VIT768,0.9826353788375854
3407,2,23,0.008773824200034142,VIT768,0.9768324494361877
3407,2,24,0.008511777967214584,VIT768,0.9787078499794006
3407,2,25,0.008090555667877197,VIT768,0.9771600961685181
3407,2,26,0.007478151936084032,VIT768,0.9820224046707153
3407,2,27,0.007343604229390621,VIT768,0.9847788214683533
3407,2,28,0.007230683229863644,VIT768,0.9878860712051392
3407,2,29,0.006858529057353735,VIT768,0.9831489324569702
3407,2,30,0.006612399127334356,VIT768,0.9812092185020447
3407,2,31,0.006245544645935297,VIT768,0.9737260341644287
3407,2,32,0.006143021397292614,VIT768,0.9467506408691406
3407,2,33,0.006032251287251711,VIT768,0.8618171215057373
3407,2,34,0.006009031552821398,VIT768,0.9853905439376831
3407,2,35,0.00574839161708951,VIT768,0.9749858379364014
3407,2,36,0.005640270654112101,VIT768,0.9611111879348755
3407,2,37,0.005482231732457876,VIT768,0.9695104360580444
3407,2,38,0.005382038187235594,VIT768,0.9834506511688232
3407,2,39,0.00517302518710494,VIT768,0.9745871424674988
3407,2,40,0.005096549168229103,VIT768,0.9682092666625977
3407,2,41,0.004810840357095003,VIT768,0.979214072227478
3407,2,42,0.0046864282339811325,VIT768,0.9840971231460571
3407,2,43,0.004499021917581558,VIT768,0.9608753323554993
3407,2,44,0.004421912599354982,VIT768,0.980318546295166
3407,2,45,0.004352882970124483,VIT768,0.9733006954193115
3407,2,46,0.004094572737812996,VIT768,0.9719821214675903
3407,2,47,0.003927005920559168,VIT768,0.9853396415710449
3407,2,48,0.0038443957455456257,VIT768,0.9408510327339172
3407,2,49,0.003782143583521247,VIT768,0.927902340888977
3407,2,50,0.0036796547938138247,VIT768,0.9808781147003174
3407,2,51,0.0036162298638373613,VIT768,0.9676610827445984
3407,2,52,0.003573209047317505,VIT768,0.9905788898468018
3407,2,53,0.003528967034071684,VIT768,0.9855592250823975
3407,2,54,0.003451921744272113,VIT768,0.9849133491516113
3407,2,55,0.003385090036317706,VIT768,0.9714080095291138
3407,2,56,0.003189712530001998,VIT768,0.9672814607620239
3407,2,57,0.0031700388062745333,VIT768,0.9801003336906433
3407,2,58,0.003157939063385129,VIT768,0.9907594323158264
3407,2,59,0.003080275608226657,VIT768,0.9799587726593018
3407,2,60,0.0029741935431957245,VIT768,0.9794526696205139
3407,2,61,0.0029383362270891666,VIT768,0.9821848273277283
3407,2,62,0.0028464843053370714,VIT768,0.9608659148216248
3407,2,63,0.002794427564367652,VIT768,0.9877095222473145
3407,2,64,0.0027294186875224113,VIT768,0.951953113079071
3407,2,65,0.0026824618689715862,VIT768,0.9584970474243164
3407,2,66,0.0026351900305598974,VIT768,0.9904327392578125
3407,2,67,0.002590154530480504,VIT768,0.9669296741485596
3407,2,68,0.0025512424763292074,VIT768,0.9734586477279663
3407,2,69,0.002503291005268693,VIT768,0.953270673751831
3407,2,70,0.002400618977844715,VIT768,0.9777870178222656
3407,2,71,0.002385614672675729,VIT768,0.9592446088790894
3407,2,72,0.0023538977839052677,VIT768,0.9709436893463135
3407,2,73,0.002276904182508588,VIT768,0.9756951332092285
3407,2,74,0.002229279140010476,VIT768,0.9894386529922485
3407,2,75,0.002208698308095336,VIT768,0.9795589447021484
3407,2,76,0.0021860015112906694,VIT768,0.9865379333496094
3407,2,77,0.002136832568794489,VIT768,0.9827895760536194
3407,2,78,0.0021218641195446253,VIT768,0.9781069755554199
3407,2,79,0.0020695950370281935,VIT768,0.9770941734313965
3407,2,80,0.0020052739419043064,VIT768,0.979398787021637
3407,2,81,0.0019762180745601654,VIT768,0.9733278751373291
3407,2,82,0.0019519549096003175,VIT768,0.9794107675552368
3407,2,83,0.0019234521314501762,VIT768,0.9742405414581299
3407,2,84,0.0019009188981726766,VIT768,0.9865351915359497
3407,2,85,0.0018625956727191806,VIT768,0.9767608046531677
3407,2,86,0.0018425451125949621,VIT768,0.980185866355896
3407,2,87,0.0018202235223725438,VIT768,0.9843120574951172
3407,2,88,0.0017935860669240355,VIT768,0.9887005686759949
3407,2,89,0.0017499971436336637,VIT768,0.9840564131736755
3407,2,90,0.0017348459223285317,VIT768,0.9839185476303101
3407,2,91,0.0016763977473601699,VIT768,0.9643077254295349
3407,2,92,0.0016606594435870647,VIT768,0.9829232692718506
3407,2,93,0.0016408683732151985,VIT768,0.9820073843002319
3407,2,94,0.0016027666861191392,VIT768,0.9772634506225586
3407,2,95,0.001584767596796155,VIT768,0.979124903678894
3407,2,96,0.001527148298919201,VIT768,0.9686707258224487
3407,2,97,0.0015109535306692123,VIT768,0.9906387329101562
3407,2,98,0.0015021987492218614,VIT768,0.9786298274993896
3407,2,99,0.0014791114954277873,VIT768,0.9621661901473999
3407,2,100,0.0014561886200681329,VIT768,0.9891048669815063
3407,2,101,0.001437238184735179,VIT768,0.9830096960067749
3407,2,102,0.0014265587087720633,VIT768,0.9900834560394287
3407,2,103,0.001402114750817418,VIT768,0.9855146408081055
3407,2,104,0.0013792713871225715,VIT768,0.9711731672286987
3407,2,105,0.0013507845578715205,VIT768,0.9844906330108643
3407,2,106,0.0013142217649146914,VIT768,0.9643551111221313
3407,2,107,0.0012990905670449138,VIT768,0.9708971977233887
3407,2,108,0.0012785958824679255,VIT768,0.9652196764945984
3407,2,109,0.0012746102875098586,VIT768,0.9789968729019165
3407,2,110,0.0012612966820597649,VIT768,0.9769193530082703
3407,2,111,0.00122874288354069,VIT768,0.9862304925918579
3407,2,112,0.0012252056039869785,VIT768,0.9707282781600952
3407,2,113,0.0012004082091152668,VIT768,0.9848117232322693
3407,2,114,0.0011819711653515697,VIT768,0.9818828105926514
3407,2,115,0.0011689289240166545,VIT768,0.9862209558486938
3407,2,116,0.0011465741554275155,VIT768,0.99051433801651
3407,2,117,0.0010974861215800047,VIT768,0.9652261734008789
3407,2,118,0.0010908045805990696,VIT768,0.9592887163162231
3407,2,119,0.0010880755726248026,VIT768,0.9704075455665588
3407,2,120,0.0010536680929362774,VIT768,0.9665200114250183
3407,2,121,0.00105238554533571,VIT768,0.9753168821334839
3407,2,122,0.0010212226770818233,VIT768,0.9839463829994202
3407,2,123,0.001007536891847849,VIT768,0.9613375663757324
3407,2,124,0.0009956392459571362,VIT768,0.9655618071556091
3407,2,125,0.000974790658801794,VIT768,0.9866682291030884
3407,2,126,0.0009630614658817649,VIT768,0.9918109774589539
3407,2,127,0.0009537640144117177,VIT768,0.9823942184448242
3407,2,128,0.0009301839745603502,VIT768,0.9670010805130005
3407,3,1,0.11256426572799683,COLOR9,0.014533786103129387
3407,3,2,0.06302182376384735,COLOR9,0.0030209647957235575
3407,3,3,0.0584619864821434,COLOR9,0.0071336012333631516
3407,3,4,0.056721970438957214,COLOR9,0.022687671706080437
3407,3,5,0.03659019619226456,COLOR9,0.003788207657635212
3407,3,6,0.032301850616931915,COLOR9,0.005774843506515026
3407,3,7,0.03176296874880791,COLOR9,0.03574664518237114
3407,3,8,0.027711931616067886,COLOR9,0.018288159742951393
3407,3,9,0.026049064472317696,COLOR9,0.0016705935122445226
3407,3,10,0.02085133269429207,COLOR9,0.0042623477056622505
3407,3,11,0.018187489360570908,COLOR9,0.002816585823893547
3407,3,12,0.017651908099651337,COLOR9,0.004927508533000946
3407,3,13,0.015261994674801826,COLOR9,0.01191423274576664
3407,3,14,0.015054572373628616,COLOR9,0.008925462141633034
3407,3,15,0.013511039316654205,COLOR9,0.019272105768322945
3407,3,16,0.012684333138167858,COLOR9,0.0078138317912817
3407,3,17,0.012495717965066433,COLOR9,0.016902269795536995
3407,3,18,0.011504920199513435,COLOR9,0.010156005620956421
3407,3,19,0.010623937472701073,COLOR9,0.007324904669076204
3407,3,20,0.00992076937109232,COLOR9,0.022407568991184235
3407,3,21,0.009418532252311707,COLOR9,0.005185643211007118
3407,3,22,0.009107626974582672,COLOR9,0.00808397401124239
3407,3,23,0.008901739493012428,COLOR9,0.010067298077046871
3407,3,24,0.008190172724425793,COLOR9,0.025385811924934387
3407,3,25,0.007936231791973114,COLOR9,0.007844353094696999
3407,3,26,0.007384108379483223,COLOR9,0.001788624911569059
3407,3,27,0.007043205667287111,COLOR9,0.010716401971876621
3407,3,28,0.006953634321689606,COLOR9,0.0026840425562113523
3407,3,29,0.006728033535182476,COLOR9,0.013900553807616234
3407,3,30,0.006535660475492477,COLOR9,0.004643312655389309
3407,3,31,0.006440501660108566,COLOR9,0.017825402319431305
3407,3,32,0.006129165645688772,COLOR9,0.007906738668680191
3407,3,33,0.005859854631125927,COLOR9,0.0032712032552808523
3407,3,34,0.005696737673133612,COLOR9,0.02332277223467827
3407,3,35,0.005591262131929398,COLOR9,0.004629226867109537
3407,3,36,0.005513451527804136,COLOR9,0.00891611073166132
3407,3,37,0.005169501528143883,COLOR9,0.019821535795927048
3407,3,38,0.005005382001399994,COLOR9,0.005159927997738123
3407,3,39,0.00489063560962677,COLOR9,0.014099223539233208
3407,3,40,0.004811790771782398,COLOR9,0.0029600393027067184
3407,3,41,0.004731000401079655,COLOR9,0.009489399380981922
3407,3,42,0.004611044190824032,COLOR9,0.013244317844510078
3407,3,43,0.004491124302148819,COLOR9,0.008095093071460724
3407,3,44,0.0043608034029603004,COLOR9,0.018393127247691154
3407,3,45,0.004218072164803743,COLOR9,0.010917545296251774
3407,3,46,0.004202281124889851,COLOR9,0.008455339819192886
3407,3,47,0.003979773726314306,COLOR9,0.00876646302640438
3407,3,48,0.003917391411960125,COLOR9,0.012264993041753769
3407,3,49,0.003740440122783184,COLOR9,0.007303859107196331
3407,3,50,0.003643276635557413,COLOR9,0.012193522416055202
3407,3,51,0.003603315446525812,COLOR9,0.005890091881155968
3407,3,52,0.003558679483830929,COLOR9,0.00843643955886364
3407,3,53,0.0034441023599356413,COLOR9,0.008141319267451763
3407,3,54,0.003387341508641839,COLOR9,0.01113103050738573
3407,3,55,0.003265386214479804,COLOR9,0.007054877933114767
3407,3,56,0.0032463385723531246,COLOR9,0.01784581132233143
3407,3,57,0.003207495203241706,COLOR9,0.013666616752743721
3407,3,58,0.003072920488193631,COLOR9,0.021600954234600067
3407,3,59,0.003036841982975602,COLOR9,0.004146845079958439
3407,3,60,0.002952764043584466,COLOR9,0.010399684309959412
3407,3,61,0.002913141855970025,COLOR9,0.007430628873407841
3407,3,62,0.0028741981368511915,COLOR9,0.018926434218883514
3407,3,63,0.0028584252577275038,COLOR9,0.008699928410351276
3407,3,64,0.002675450872629881,COLOR9,0.005843941122293472
3407,3,65,0.0026304791681468487,COLOR9,0.006366321817040443
3407,3,66,0.0025582334492355585,COLOR9,0.01644769124686718
3407,3,67,0.0024813252966850996,COLOR9,0.011233778670430183
3407,3,68,0.0024388330057263374,COLOR9,0.007662520278245211
3407,3,69,0.002415119670331478,COLOR9,0.008182359859347343
3407,3,70,0.0024114043917506933,COLOR9,0.01363320928066969
3407,3,71,0.002355493837967515,COLOR9,0.011074389331042767
3407,3,72,0.002332864562049508,COLOR9,0.027269188314676285
3407,3,73,0.0022436929866671562,COLOR9,0.003854580456390977
3407,3,74,0.0022113285958766937,COLOR9,0.017955472692847252
3407,3,75,0.0021492664236575365,COLOR9,0.005298246163874865
3407,3,76,0.00211691833101213,COLOR9,0.019263243302702904
3407,3,77,0.002066295361146331,COLOR9,0.0072685908526182175
3407,3,78,0.002059857128188014,COLOR9,0.009737682528793812
3407,3,79,0.0020364720840007067,COLOR9,0.011333851143717766
3407,3,80,0.0020143704023212194,COLOR9,0.008191388100385666
3407,3,81,0.001996175618842244,COLOR9,0.02002175711095333
3407,3,82,0.0019610165618360043,COLOR9,0.014382807537913322
3407,3,83,0.0019307443872094154,COLOR9,0.02203349769115448
3407,3,84,0.0018998953746631742,COLOR9,0.011035919189453125
3407,3,85,0.0018642055802047253,COLOR9,0.007313096895813942
3407,3,86,0.0018107760697603226,COLOR9,0.009045932441949844
3407,3,87,0.0017951799090951681,COLOR9,0.019826024770736694
3407,3,88,0.001782587612979114,COLOR9,0.013185668736696243
3407,3,89,0.0017671594396233559,COLOR9,0.005348796956241131
3407,3,90,0.001742699765600264,COLOR9,0.006680173799395561
3407,3,91,0.0017309272661805153,COLOR9,0.010647004470229149
3407,3,92,0.0017153369262814522,COLOR9,0.0054125054739415646
3407,3,93,0.0016450276598334312,COLOR9,0.024257440119981766
3407,3,94,0.00161782989744097,COLOR9,0.009766902774572372
3407,3,95,0.0015950144734233618,COLOR9,0.00433118874207139
3407,3,96,0.0015678456984460354,COLOR9,0.004066202789545059
3407,3,97,0.0015573177952319384,COLOR9,0.018254464492201805
3407,3,98,0.0014973622746765614,COLOR9,0.020206555724143982
3407,3,99,0.0014825554098933935,COLOR9,0.003724951995536685
3407,3,100,0.001458425191231072,COLOR9,0.002410552464425564
3407,3,101,0.0014133368385955691,COLOR9,0.008102926425635815
3407,3,102,0.001411193865351379,COLOR9,0.018008150160312653
3407,3,103,0.0013921449426561594,COLOR9,0.02832903154194355
3407,3,104,0.0013711507199332118,COLOR9,0.014919281005859375
3407,3,105,0.0013521756045520306,COLOR9,0.0065392679534852505
3407,3,106,0.0013309618225321174,COLOR9,0.012210560962557793
3407,3,107,0.0013170000165700912,COLOR9,0.00869822222739458
3407,3,108,0.0012936937855556607,COLOR9,0.01368794683367014
3407,3,109,0.0012544207274913788,COLOR9,0.003910207189619541
3407,3,110,0.00124296301510185,COLOR9,0.008879642933607101
3407,3,111,0.0012231537839397788,COLOR9,0.034297578036785126
3407,3,112,0.0011879958910867572,COLOR9,0.003945602104067802
3407,3,113,0.0011767249088734388,COLOR9,0.004514359403401613
3407,3,114,0.0011614467948675156,COLOR9,0.01248171553015709
3407,3,115,0.0011384516255930066,COLOR9,0.010412607342004776
3407,3,116,0.0011176293483003974,COLOR9,0.016065087169408798
3407,3,117,0.0010991657618433237,COLOR9,0.005396172404289246
3407,3,118,0.0010768880601972342,COLOR9,0.0017636151751503348
3407,3,119,0.001053737592883408,COLOR9,0.018257377669215202
3407,3,120,0.0010359889129176736,COLOR9,0.006690625101327896
3407,3,121,0.0010187876177951694,COLOR9,0.006960377097129822
3407,3,122,0.0010083139641210437,COLOR9,0.008498427458107471
3407,3,123,0.0009939959272742271,COLOR9,0.0062467968091368675
3407,3,124,0.0009849763009697199,COLOR9,0.0029938463121652603
3407,3,125,0.0009689402650110424,COLOR9,0.00855053961277008
3407,3,126,0.000950163695961237,COLOR9,0.003100466914474964
3407,3,127,0.0009124185307882726,COLOR9,0.007676709908992052
3407,3,128,0.0008986499160528183,COLOR9,0.027897503226995468
3407,3,1,0.11256426572799683,LBP18,0.10332886874675751
3407,3,2,0.06302182376384735,LBP18,0.004995678551495075
3407,3,3,0.0584619864821434,LBP18,0.0008651571115478873
3407,3,4,0.056721970438957214,LBP18,0.01996324397623539
3407,3,5,0.03659019619226456,LBP18,0.002222472568973899
3407,3,6,0.032301850616931915,LBP18,0.03514714166522026
3407,3,7,0.03176296874880791,LBP18,0.02673209086060524
3407,3,8,0.027711931616067886,LBP18,0.0025430626701563597
3407,3,9,0.026049064472317696,LBP18,0.01753377728164196
3407,3,10,0.02085133269429207,LBP18,0.014694258570671082
3407,3,11,0.018187489360570908,LBP18,0.0015255305916070938
3407,3,12,0.017651908099651337,LBP18,0.014691765420138836
3407,3,13,0.015261994674801826,LBP18,0.005209811497479677
3407,3,14,0.015054572373628616,LBP18,0.017325321212410927
3407,3,15,0.013511039316654205,LBP18,0.017636511474847794
3407,3,16,0.012684333138167858,LBP18,0.016828589141368866
3407,3,17,0.012495717965066433,LBP18,0.027251143008470535
3407,3,18,0.011504920199513435,LBP18,0.01583479903638363
3407,3,19,0.010623937472701073,LBP18,0.015504256822168827
3407,3,20,0.00992076937109232,LBP18,0.008485882543027401
3407,3,21,0.009418532252311707,LBP18,0.006761595606803894
3407,3,22,0.009107626974582672,LBP18,0.0363197959959507
3407,3,23,0.008901739493012428,LBP18,0.013618798926472664
3407,3,24,0.008190172724425793,LBP18,0.01100743468850851
3407,3,25,0.007936231791973114,LBP18,0.0028606406413018703
3407,3,26,0.007384108379483223,LBP18,0.05940882861614227
3407,3,27,0.007043205667287111,LBP18,0.006584720220416784
3407,3,28,0.006953634321689606,LBP18,0.015953579917550087
3407,3,29,0.006728033535182476,LBP18,0.018033821135759354
3407,3,30,0.006535660475492477,LBP18,0.005352761130779982
3407,3,31,0.006440501660108566,LBP18,0.020035678520798683
3407,3,32,0.006129165645688772,LBP18,0.03343011811375618
3407,3,33,0.005859854631125927,LBP18,0.06104200705885887
3407,3,34,0.005696737673133612,LBP18,0.00300130108371377
3407,3,35,0.005591262131929398,LBP18,0.008612234145402908
3407,3,36,0.005513451527804136,LBP18,0.016119441017508507
3407,3,37,0.005169501528143883,LBP18,0.016862502321600914
3407,3,38,0.005005382001399994,LBP18,0.026589391753077507
3407,3,39,0.00489063560962677,LBP18,0.009044676087796688
3407,3,40,0.004811790771782398,LBP18,0.02244904637336731
3407,3,41,0.004731000401079655,LBP18,0.006844616495072842
3407,3,42,0.004611044190824032,LBP18,0.013639358803629875
3407,3,43,0.004491124302148819,LBP18,0.026476554572582245
3407,3,44,0.0043608034029603004,LBP18,0.0012764930725097656
3407,3,45,0.004218072164803743,LBP18,0.0277969129383564
3407,3,46,0.004202281124889851,LBP18,0.0014259732561185956
3407,3,47,0.003979773726314306,LBP18,0.003645553719252348
3407,3,48,0.003917391411960125,LBP18,0.011289915069937706
3407,3,49,0.003740440122783184,LBP18,0.012864841148257256
3407,3,50,0.003643276635557413,LBP18,0.006808451376855373
3407,3,51,0.003603315446525812,LBP18,0.0015301341190934181
3407,3,52,0.003558679483830929,LBP18,0.0020161306019872427
3407,3,53,0.0034441023599356413,LBP18,0.0020569751504808664
3407,3,54,0.003387341508641839,LBP18,0.003218251746147871
3407,3,55,0.003265386214479804,LBP18,0.01304752379655838
3407,3,56,0.0032463385723531246,LBP18,0.009715828113257885
3407,3,57,0.003207495203241706,LBP18,0.001807203982025385
3407,3,58,0.003072920488193631,LBP18,0.01784733310341835
3407,3,59,0.003036841982975602,LBP18,0.005834203213453293
3407,3,60,0.002952764043584466,LBP18,0.0026769202668219805
3407,3,61,0.002913141855970025,LBP18,0.00815308466553688
3407,3,62,0.0028741981368511915,LBP18,0.003397582331672311
3407,3,63,0.0028584252577275038,LBP18,0.007516368292272091
3407,3,64,0.002675450872629881,LBP18,0.0015113905537873507
3407,3,65,0.0026304791681468487,LBP18,0.01059352420270443
3407,3,66,0.0025582334492355585,LBP18,0.0024083543103188276
3407,3,67,0.0024813252966850996,LBP18,0.03061150759458542
3407,3,68,0.0024388330057263374,LBP18,0.0063152010552585125
3407,3,69,0.002415119670331478,LBP18,0.009894158691167831
3407,3,70,0.0024114043917506933,LBP18,0.02696039155125618
3407,3,71,0.002355493837967515,LBP18,0.0014797482872381806
3407,3,72,0.002332864562049508,LBP18,0.002246201504021883
3407,3,73,0.0022436929866671562,LBP18,0.012481438927352428
3407,3,74,0.0022113285958766937,LBP18,0.014086821116507053
3407,3,75,0.0021492664236575365,LBP18,0.00446117389947176
3407,3,76,0.00211691833101213,LBP18,0.003759936662390828
3407,3,77,0.002066295361146331,LBP18,0.00690099410712719
3407,3,78,0.002059857128188014,LBP18,0.005050908774137497
3407,3,79,0.0020364720840007067,LBP18,0.002159194555133581
3407,3,80,0.0020143704023212194,LBP18,0.0023223410826176405
3407,3,81,0.001996175618842244,LBP18,0.003376562846824527
3407,3,82,0.0019610165618360043,LBP18,0.006096750497817993
3407,3,83,0.0019307443872094154,LBP18,0.0070046610198915005
3407,3,84,0.0018998953746631742,LBP18,0.0028509614057838917
3407,3,85,0.0018642055802047253,LBP18,0.002933748997747898
3407,3,86,0.0018107760697603226,LBP18,0.003937484696507454
3407,3,87,0.0017951799090951681,LBP18,0.006406793836504221
3407,3,88,0.001782587612979114,LBP18,0.004225828684866428
3407,3,89,0.0017671594396233559,LBP18,0.0013108057901263237
3407,3,90,0.001742699765600264,LBP18,0.004203964956104755
3407,3,91,0.0017309272661805153,LBP18,0.004426472820341587
3407,3,92,0.0017153369262814522,LBP18,0.004328032489866018
3407,3,93,0.0016450276598334312,LBP18,0.0012501144083216786
3407,3,94,0.00161782989744097,LBP18,0.0169193297624588
3407,3,95,0.0015950144734233618,LBP18,0.0034429053775966167
3407,3,96,0.0015678456984460354,LBP18,0.004483567085117102
3407,3,97,0.0015573177952319384,LBP18,0.006763169076293707
3407,3,98,0.0014973622746765614,LBP18,0.0026538511738181114
3407,3,99,0.0014825554098933935,LBP18,0.008218690752983093
3407,3,100,0.001458425191231072,LBP18,0.004028371535241604
3407,3,101,0.0014133368385955691,LBP18,0.0033960759174078703
3407,3,102,0.001411193865351379,LBP18,0.008703378029167652
3407,3,103,0.0013921449426561594,LBP18,0.006138570606708527
3407,3,104,0.0013711507199332118,LBP18,0.01135768461972475
3407,3,105,0.0013521756045520306,LBP18,0.003284539794549346
3407,3,106,0.0013309618225321174,LBP18,0.0030294926837086678
3407,3,107,0.0013170000165700912,LBP18,0.004361823201179504
3407,3,108,0.0012936937855556607,LBP18,0.01036764681339264
3407,3,109,0.0012544207274913788,LBP18,0.002038228325545788
3407,3,110,0.00124296301510185,LBP18,0.003221567254513502
3407,3,111,0.0012231537839397788,LBP18,0.006571653299033642
3407,3,112,0.0011879958910867572,LBP18,0.001852798042818904
3407,3,113,0.0011767249088734388,LBP18,0.005363869946449995
3407,3,114,0.0011614467948675156,LBP18,0.0009840838611125946
3407,3,115,0.0011384516255930066,LBP18,0.005114642903208733
3407,3,116,0.0011176293483003974,LBP18,0.008000106550753117
3407,3,117,0.0010991657618433237,LBP18,0.004228406120091677
3407,3,118,0.0010768880601972342,LBP18,0.0028929742984473705
3407,3,119,0.001053737592883408,LBP18,0.008326112292706966
3407,3,120,0.0010359889129176736,LBP18,0.007499226368963718
3407,3,121,0.0010187876177951694,LBP18,0.0050835688598454
3407,3,122,0.0010083139641210437,LBP18,0.0034836174454540014
3407,3,123,0.0009939959272742271,LBP18,0.01071869395673275
3407,3,124,0.0009849763009697199,LBP18,0.008464374579489231
3407,3,125,0.0009689402650110424,LBP18,0.011533875949680805
3407,3,126,0.000950163695961237,LBP18,0.014978710561990738
3407,3,127,0.0009124185307882726,LBP18,0.0036149746738374233
3407,3,128,0.0008986499160528183,LBP18,0.008477252908051014
3407,3,1,0.11256426572799683,HARALICK5,0.006683408282697201
3407,3,2,0.06302182376384735,HARALICK5,0.009063590317964554
3407,3,3,0.0584619864821434,HARALICK5,0.003076949156820774
3407,3,4,0.056721970438957214,HARALICK5,0.023120418190956116
3407,3,5,0.03659019619226456,HARALICK5,0.0005194068071432412
3407,3,6,0.032301850616931915,HARALICK5,0.0065338145941495895
3407,3,7,0.03176296874880791,HARALICK5,0.0011281800689175725
3407,3,8,0.027711931616067886,HARALICK5,0.002301805419847369
3407,3,9,0.026049064472317696,HARALICK5,0.007142539136111736
3407,3,10,0.02085133269429207,HARALICK5,0.005681677255779505
3407,3,11,0.018187489360570908,HARALICK5,0.0014218661235645413
3407,3,12,0.017651908099651337,HARALICK5,0.001958985347300768
3407,3,13,0.015261994674801826,HARALICK5,0.008263766765594482
3407,3,14,0.015054572373628616,HARALICK5,0.0018183216452598572
3407,3,15,0.013511039316654205,HARALICK5,0.01366496179252863
3407,3,16,0.012684333138167858,HARALICK5,0.0022206383291631937
3407,3,17,0.012495717965066433,HARALICK5,0.004218834452331066
3407,3,18,0.011504920199513435,HARALICK5,0.0005244590574875474
3407,3,19,0.010623937472701073,HARALICK5,0.0005030011525377631
3407,3,20,0.00992076937109232,HARALICK5,0.008726553060114384
3407,3,21,0.009418532252311707,HARALICK5,0.0037299480754882097
3407,3,22,0.009107626974582672,HARALICK5,0.003477997612208128
3407,3,23,0.008901739493012428,HARALICK5,0.0019069178961217403
3407,3,24,0.008190172724425793,HARALICK5,0.0027818994130939245
3407,3,25,0.007936231791973114,HARALICK5,0.0038707247003912926
3407,3,26,0.007384108379483223,HARALICK5,0.009651776403188705
3407,3,27,0.007043205667287111,HARALICK5,0.01035295706242323
3407,3,28,0.006953634321689606,HARALICK5,0.022627782076597214
3407,3,29,0.006728033535182476,HARALICK5,0.007735776714980602
3407,3,30,0.006535660475492477,HARALICK5,0.0014801445649936795
3407,3,31,0.006440501660108566,HARALICK5,0.015630967915058136
3407,3,32,0.006129165645688772,HARALICK5,0.0029409565031528473
3407,3,33,0.005859854631125927,HARALICK5,0.001973287435248494
3407,3,34,0.005696737673133612,HARALICK5,0.0007551703602075577
3407,3,35,0.005591262131929398,HARALICK5,0.0064777955412864685
3407,3,36,0.005513451527804136,HARALICK5,0.0012536384165287018
3407,3,37,0.005169501528143883,HARALICK5,0.008955859579145908
3407,3,38,0.005005382001399994,HARALICK5,0.000457354704849422
3407,3,39,0.00489063560962677,HARALICK5,0.00803837738931179
3407,3,40,0.004811790771782398,HARALICK5,0.00015136836736928672
3407,3,41,0.004731000401079655,HARALICK5,0.008374952711164951
3407,3,42,0.004611044190824032,HARALICK5,0.002498751040548086
3407,3,43,0.004491124302148819,HARALICK5,0.007501186802983284
3407,3,44,0.0043608034029603004,HARALICK5,0.001910613034851849
3407,3,45,0.004218072164803743,HARALICK5,0.004815081134438515
3407,3,46,0.004202281124889851,HARALICK5,0.0011993554653599858
3407,3,47,0.003979773726314306,HARALICK5,0.0030202793423086405
3407,3,48,0.003917391411960125,HARALICK5,0.001594311324879527
3407,3,49,0.003740440122783184,HARALICK5,0.013059480115771294
3407,3,50,0.003643276635557413,HARALICK5,0.0075249080546200275
3407,3,51,0.003603315446525812,HARALICK5,0.0014159237034618855
3407,3,52,0.003558679483830929,HARALICK5,0.004579986445605755
3407,3,53,0.0034441023599356413,HARALICK5,0.004731645341962576
3407,3,54,0.003387341508641839,HARALICK5,0.0018663675291463733
3407,3,55,0.003265386214479804,HARALICK5,0.0006454280810430646
3407,3,56,0.0032463385723531246,HARALICK5,0.011093785986304283
3407,3,57,0.003207495203241706,HARALICK5,0.01255375798791647
3407,3,58,0.003072920488193631,HARALICK5,0.002979796612635255
3407,3,59,0.003036841982975602,HARALICK5,0.001758566009812057
3407,3,60,0.002952764043584466,HARALICK5,0.0024115622509270906
3407,3,61,0.002913141855970025,HARALICK5,0.013331110589206219
3407,3,62,0.0028741981368511915,HARALICK5,0.00938634853810072
3407,3,63,0.0028584252577275038,HARALICK5,0.00418565608561039
3407,3,64,0.002675450872629881,HARALICK5,0.0008993864175863564
3407,3,65,0.0026304791681468487,HARALICK5,0.0060122450813651085
3407,3,66,0.0025582334492355585,HARALICK5,0.00854143314063549
3407,3,67,0.0024813252966850996,HARALICK5,0.00569527642801404
3407,3,68,0.0024388330057263374,HARALICK5,0.0041994359344244
3407,3,69,0.002415119670331478,HARALICK5,0.01364508643746376
3407,3,70,0.0024114043917506933,HARALICK5,0.037049755454063416
3407,3,71,0.002355493837967515,HARALICK5,0.003887335304170847
3407,3,72,0.002332864562049508,HARALICK5,0.012570922262966633
3407,3,73,0.0022436929866671562,HARALICK5,0.0015198680339381099
3407,3,74,0.0022113285958766937,HARALICK5,0.0014417272759601474
3407,3,75,0.0021492664236575365,HARALICK5,0.004320605657994747
3407,3,76,0.00211691833101213,HARALICK5,0.0035828170366585255
3407,3,77,0.002066295361146331,HARALICK5,0.002719698939472437
3407,3,78,0.002059857128188014,HARALICK5,0.00036986396298743784
3407,3,79,0.0020364720840007067,HARALICK5,0.003508880501613021
3407,3,80,0.0020143704023212194,HARALICK5,0.001238643773831427
3407,3,81,0.001996175618842244,HARALICK5,0.012070403434336185
3407,3,82,0.0019610165618360043,HARALICK5,0.0054014031775295734
3407,3,83,0.0019307443872094154,HARALICK5,0.0008564980234950781
3407,3,84,0.0018998953746631742,HARALICK5,0.0042305439710617065
3407,3,85,0.0018642055802047253,HARALICK5,0.0020805406384170055
3407,3,86,0.0018107760697603226,HARALICK5,0.0019001563778147101
3407,3,87,0.0017951799090951681,HARALICK5,0.02275480329990387
3407,3,88,0.001782587612979114,HARALICK5,0.010481314733624458
3407,3,89,0.0017671594396233559,HARALICK5,0.000594730896409601
3407,3,90,0.001742699765600264,HARALICK5,0.006135766860097647
3407,3,91,0.0017309272661805153,HARALICK5,0.004918675869703293
3407,3,92,0.0017153369262814522,HARALICK5,0.0049842167645692825
3407,3,93,0.0016450276598334312,HARALICK5,0.00014182724407874048
3407,3,94,0.00161782989744097,HARALICK5,0.010016357526183128
3407,3,95,0.0015950144734233618,HARALICK5,0.0035535257775336504
3407,3,96,0.0015678456984460354,HARALICK5,0.0046010403893888
3407,3,97,0.0015573177952319384,HARALICK5,0.00848347321152687
3407,3,98,0.0014973622746765614,HARALICK5,0.002669204492121935
3407,3,99,0.0014825554098933935,HARALICK5,0.004831121768802404
3407,3,100,0.001458425191231072,HARALICK5,0.003861628472805023
3407,3,101,0.0014133368385955691,HARALICK5,0.003874685149639845
3407,3,102,0.001411193865351379,HARALICK5,0.0018670330755412579
3407,3,103,0.0013921449426561594,HARALICK5,0.001450554234907031
3407,3,104,0.0013711507199332118,HARALICK5,0.005262038204818964
3407,3,105,0.0013521756045520306,HARALICK5,0.003723718458786607
3407,3,106,0.0013309618225321174,HARALICK5,0.0012516858987510204
3407,3,107,0.0013170000165700912,HARALICK5,0.0006180498749017715
3407,3,108,0.0012936937855556607,HARALICK5,0.0007794720004312694
3407,3,109,0.0012544207274913788,HARALICK5,0.004947974346578121
3407,3,110,0.00124296301510185,HARALICK5,0.002274251077324152
3407,3,111,0.0012231537839397788,HARALICK5,0.0018110701348632574
3407,3,112,0.0011879958910867572,HARALICK5,0.0007115493062883615
3407,3,113,0.0011767249088734388,HARALICK5,0.004548354540020227
3407,3,114,0.0011614467948675156,HARALICK5,0.002534828381612897
3407,3,115,0.0011384516255930066,HARALICK5,0.00939991232007742
3407,3,116,0.0011176293483003974,HARALICK5,0.006783570162951946
3407,3,117,0.0010991657618433237,HARALICK5,0.0009045790648087859
3407,3,118,0.0010768880601972342,HARALICK5,0.005139064975082874
3407,3,119,0.001053737592883408,HARALICK5,0.007233720272779465
3407,3,120,0.0010359889129176736,HARALICK5,0.0050162095576524734
3407,3,121,0.0010187876177951694,HARALICK5,0.007698996923863888
3407,3,122,0.0010083139641210437,HARALICK5,0.003074465086683631
3407,3,123,0.0009939959272742271,HARALICK5,0.0036820615641772747
3407,3,124,0.0009849763009697199,HARALICK5,0.0028051778208464384
3407,3,125,0.0009689402650110424,HARALICK5,0.00797349214553833
3407,3,126,0.000950163695961237,HARALICK5,0.0021020048297941685
3407,3,127,0.0009124185307882726,HARALICK5,0.0035638255067169666
3407,3,128,0.0008986499160528183,HARALICK5,0.012934449128806591
3407,3,1,0.11256426572799683,ALL_HANDCRAFTED32,0.12454605102539062
3407,3,2,0.06302182376384735,ALL_HANDCRAFTED32,0.017080232501029968
3407,3,3,0.0584619864821434,ALL_HANDCRAFTED32,0.011075707152485847
3407,3,4,0.056721970438957214,ALL_HANDCRAFTED32,0.06577133387327194
3407,3,5,0.03659019619226456,ALL_HANDCRAFTED32,0.006530087441205978
3407,3,6,0.032301850616931915,ALL_HANDCRAFTED32,0.0474557988345623
3407,3,7,0.03176296874880791,ALL_HANDCRAFTED32,0.06360691785812378
3407,3,8,0.027711931616067886,ALL_HANDCRAFTED32,0.02313302829861641
3407,3,9,0.026049064472317696,ALL_HANDCRAFTED32,0.026346910744905472
3407,3,10,0.02085133269429207,ALL_HANDCRAFTED32,0.024638283997774124
3407,3,11,0.018187489360570908,ALL_HANDCRAFTED32,0.00576398242264986
3407,3,12,0.017651908099651337,ALL_HANDCRAFTED32,0.021578261628746986
3407,3,13,0.015261994674801826,ALL_HANDCRAFTED32,0.02538781240582466
3407,3,14,0.015054572373628616,ALL_HANDCRAFTED32,0.02806910313665867
3407,3,15,0.013511039316654205,ALL_HANDCRAFTED32,0.05057357996702194
3407,3,16,0.012684333138167858,ALL_HANDCRAFTED32,0.026863059028983116
3407,3,17,0.012495717965066433,ALL_HANDCRAFTED32,0.04837224632501602
3407,3,18,0.011504920199513435,ALL_HANDCRAFTED32,0.026515264064073563
3407,3,19,0.010623937472701073,ALL_HANDCRAFTED32,0.02333216369152069
3407,3,20,0.00992076937109232,ALL_HANDCRAFTED32,0.03962000459432602
3407,3,21,0.009418532252311707,ALL_HANDCRAFTED32,0.015677187591791153
3407,3,22,0.009107626974582672,ALL_HANDCRAFTED32,0.04788176715373993
3407,3,23,0.008901739493012428,ALL_HANDCRAFTED32,0.025593014433979988
3407,3,24,0.008190172724425793,ALL_HANDCRAFTED32,0.03917514532804489
3407,3,25,0.007936231791973114,ALL_HANDCRAFTED32,0.014575717970728874
3407,3,26,0.007384108379483223,ALL_HANDCRAFTED32,0.0708492323756218
3407,3,27,0.007043205667287111,ALL_HANDCRAFTED32,0.027654077857732773
3407,3,28,0.006953634321689606,ALL_HANDCRAFTED32,0.04126540571451187
3407,3,29,0.006728033535182476,ALL_HANDCRAFTED32,0.039670150727033615
3407,3,30,0.006535660475492477,ALL_HANDCRAFTED32,0.011476217769086361
3407,3,31,0.006440501660108566,ALL_HANDCRAFTED32,0.053492046892642975
3407,3,32,0.006129165645688772,ALL_HANDCRAFTED32,0.04427780956029892
3407,3,33,0.005859854631125927,ALL_HANDCRAFTED32,0.06628649681806564
3407,3,34,0.005696737673133612,ALL_HANDCRAFTED32,0.027079245075583458
3407,3,35,0.005591262131929398,ALL_HANDCRAFTED32,0.019719256088137627
3407,3,36,0.005513451527804136,ALL_HANDCRAFTED32,0.026289189234375954
3407,3,37,0.005169501528143883,ALL_HANDCRAFTED32,0.045639894902706146
3407,3,38,0.005005382001399994,ALL_HANDCRAFTED32,0.03220667690038681
3407,3,39,0.00489063560962677,ALL_HANDCRAFTED32,0.03118227608501911
3407,3,40,0.004811790771782398,ALL_HANDCRAFTED32,0.02556045539677143
3407,3,41,0.004731000401079655,ALL_HANDCRAFTED32,0.02470896951854229
3407,3,42,0.004611044190824032,ALL_HANDCRAFTED32,0.029382426291704178
3407,3,43,0.004491124302148819,ALL_HANDCRAFTED32,0.0420728363096714
3407,3,44,0.0043608034029603004,ALL_HANDCRAFTED32,0.021580234169960022
3407,3,45,0.004218072164803743,ALL_HANDCRAFTED32,0.043529536575078964
3407,3,46,0.004202281124889851,ALL_HANDCRAFTED32,0.011080668307840824
3407,3,47,0.003979773726314306,ALL_HANDCRAFTED32,0.015432296320796013
3407,3,48,0.003917391411960125,ALL_HANDCRAFTED32,0.02514921873807907
3407,3,49,0.003740440122783184,ALL_HANDCRAFTED32,0.033228181302547455
3407,3,50,0.003643276635557413,ALL_HANDCRAFTED32,0.026526883244514465
3407,3,51,0.003603315446525812,ALL_HANDCRAFTED32,0.008836150169372559
3407,3,52,0.003558679483830929,ALL_HANDCRAFTED32,0.015032556839287281
3407,3,53,0.0034441023599356413,ALL_HANDCRAFTED32,0.014929940924048424
3407,3,54,0.003387341508641839,ALL_HANDCRAFTED32,0.016215648502111435
3407,3,55,0.003265386214479804,ALL_HANDCRAFTED32,0.020747829228639603
3407,3,56,0.0032463385723531246,ALL_HANDCRAFTED32,0.03865542635321617
3407,3,57,0.003207495203241706,ALL_HANDCRAFTED32,0.028027579188346863
3407,3,58,0.003072920488193631,ALL_HANDCRAFTED32,0.04242808371782303
3407,3,59,0.003036841982975602,ALL_HANDCRAFTED32,0.01173961441963911
3407,3,60,0.002952764043584466,ALL_HANDCRAFTED32,0.015488168224692345
3407,3,61,0.002913141855970025,ALL_HANDCRAFTED32,0.02891482412815094
3407,3,62,0.0028741981368511915,ALL_HANDCRAFTED32,0.031710367649793625
3407,3,63,0.0028584252577275038,ALL_HANDCRAFTED32,0.020401954650878906
3407,3,64,0.002675450872629881,ALL_HANDCRAFTED32,0.008254718035459518
3407,3,65,0.0026304791681468487,ALL_HANDCRAFTED32,0.022972092032432556
3407,3,66,0.0025582334492355585,ALL_HANDCRAFTED32,0.027397477999329567
3407,3,67,0.0024813252966850996,ALL_HANDCRAFTED32,0.047540560364723206
3407,3,68,0.0024388330057263374,ALL_HANDCRAFTED32,0.018177159130573273
3407,3,69,0.002415119670331478,ALL_HANDCRAFTED32,0.031721603125333786
3407,3,70,0.0024114043917506933,ALL_HANDCRAFTED32,0.07764334976673126
3407,3,71,0.002355493837967515,ALL_HANDCRAFTED32,0.016441473737359047
3407,3,72,0.002332864562049508,ALL_HANDCRAFTED32,0.04208631068468094
3407,3,73,0.0022436929866671562,ALL_HANDCRAFTED32,0.01785588636994362
3407,3,74,0.0022113285958766937,ALL_HANDCRAFTED32,0.033484019339084625
3407,3,75,0.0021492664236575365,ALL_HANDCRAFTED32,0.014080025255680084
3407,3,76,0.00211691833101213,ALL_HANDCRAFTED32,0.0266059972345829
3407,3,77,0.002066295361146331,ALL_HANDCRAFTED32,0.016889283433556557
3407,3,78,0.002059857128188014,ALL_HANDCRAFTED32,0.015158455818891525
3407,3,79,0.0020364720840007067,ALL_HANDCRAFTED32,0.0170019268989563
3407,3,80,0.0020143704023212194,ALL_HANDCRAFTED32,0.011752372607588768
3407,3,81,0.001996175618842244,ALL_HANDCRAFTED32,0.03546872362494469
3407,3,82,0.0019610165618360043,ALL_HANDCRAFTED32,0.025880960747599602
3407,3,83,0.0019307443872094154,ALL_HANDCRAFTED32,0.02989465743303299
3407,3,84,0.0018998953746631742,ALL_HANDCRAFTED32,0.018117424100637436
3407,3,85,0.0018642055802047253,ALL_HANDCRAFTED32,0.012327386066317558
3407,3,86,0.0018107760697603226,ALL_HANDCRAFTED32,0.014883574098348618
3407,3,87,0.0017951799090951681,ALL_HANDCRAFTED32,0.04898762330412865
3407,3,88,0.001782587612979114,ALL_HANDCRAFTED32,0.027892813086509705
3407,3,89,0.0017671594396233559,ALL_HANDCRAFTED32,0.007254333700984716
3407,3,90,0.001742699765600264,ALL_HANDCRAFTED32,0.017019905149936676
3407,3,91,0.0017309272661805153,ALL_HANDCRAFTED32,0.019992154091596603
3407,3,92,0.0017153369262814522,ALL_HANDCRAFTED32,0.014724754728376865
3407,3,93,0.0016450276598334312,ALL_HANDCRAFTED32,0.025649383664131165
3407,3,94,0.00161782989744097,ALL_HANDCRAFTED32,0.03670259192585945
3407,3,95,0.0015950144734233618,ALL_HANDCRAFTED32,0.011327620595693588
3407,3,96,0.0015678456984460354,ALL_HANDCRAFTED32,0.013150811195373535
3407,3,97,0.0015573177952319384,ALL_HANDCRAFTED32,0.03350111097097397
3407,3,98,0.0014973622746765614,ALL_HANDCRAFTED32,0.025529611855745316
3407,3,99,0.0014825554098933935,ALL_HANDCRAFTED32,0.01677476428449154
3407,3,100,0.001458425191231072,ALL_HANDCRAFTED32,0.01030055247247219
3407,3,101,0.0014133368385955691,ALL_HANDCRAFTED32,0.015373686328530312
3407,3,102,0.001411193865351379,ALL_HANDCRAFTED32,0.028578560799360275
3407,3,103,0.0013921449426561594,ALL_HANDCRAFTED32,0.03591815382242203
3407,3,104,0.0013711507199332118,ALL_HANDCRAFTED32,0.03153900429606438
3407,3,105,0.0013521756045520306,ALL_HANDCRAFTED32,0.01354752667248249
3407,3,106,0.0013309618225321174,ALL_HANDCRAFTED32,0.016491740942001343
3407,3,107,0.0013170000165700912,ALL_HANDCRAFTED32,0.013678094372153282
3407,3,108,0.0012936937855556607,ALL_HANDCRAFTED32,0.024835065007209778
3407,3,109,0.0012544207274913788,ALL_HANDCRAFTED32,0.010896410793066025
3407,3,110,0.00124296301510185,ALL_HANDCRAFTED32,0.014375461265444756
3407,3,111,0.0012231537839397788,ALL_HANDCRAFTED32,0.042680297046899796
3407,3,112,0.0011879958910867572,ALL_HANDCRAFTED32,0.006509949918836355
3407,3,113,0.0011767249088734388,ALL_HANDCRAFTED32,0.014426583424210548
3407,3,114,0.0011614467948675156,ALL_HANDCRAFTED32,0.01600062847137451
3407,3,115,0.0011384516255930066,ALL_HANDCRAFTED32,0.024927161633968353
3407,3,116,0.0011176293483003974,ALL_HANDCRAFTED32,0.030848762020468712
3407,3,117,0.0010991657618433237,ALL_HANDCRAFTED32,0.010529156774282455
3407,3,118,0.0010768880601972342,ALL_HANDCRAFTED32,0.009795654565095901
3407,3,119,0.001053737592883408,ALL_HANDCRAFTED32,0.03381720930337906
3407,3,120,0.0010359889129176736,ALL_HANDCRAFTED32,0.019206060096621513
3407,3,121,0.0010187876177951694,ALL_HANDCRAFTED32,0.019742943346500397
3407,3,122,0.0010083139641210437,ALL_HANDCRAFTED32,0.015056508593261242
3407,3,123,0.0009939959272742271,ALL_HANDCRAFTED32,0.020647551864385605
3407,3,124,0.0009849763009697199,ALL_HANDCRAFTED32,0.014263398945331573
3407,3,125,0.0009689402650110424,ALL_HANDCRAFTED32,0.02805790677666664
3407,3,126,0.000950163695961237,ALL_HANDCRAFTED32,0.020181182771921158
3407,3,127,0.0009124185307882726,ALL_HANDCRAFTED32,0.01485551055520773
3407,3,128,0.0008986499160528183,ALL_HANDCRAFTED32,0.04930920898914337
3407,3,1,0.11256426572799683,VIT768,0.8754549026489258
3407,3,2,0.06302182376384735,VIT768,0.9829210638999939
3407,3,3,0.0584619864821434,VIT768,0.9889254570007324
3407,3,4,0.056721970438957214,VIT768,0.9342290163040161
3407,3,5,0.03659019619226456,VIT768,0.9934709072113037
3407,3,6,0.032301850616931915,VIT768,0.9525454044342041
3407,3,7,0.03176296874880791,VIT768,0.9363935589790344
3407,3,8,0.027711931616067886,VIT768,0.9768674373626709
3407,3,9,0.026049064472317696,VIT768,0.9736528992652893
3407,3,10,0.02085133269429207,VIT768,0.9753616452217102
3407,3,11,0.018187489360570908,VIT768,0.9942359924316406
3407,3,12,0.017651908099651337,VIT768,0.9784221649169922
3407,3,13,0.015261994674801826,VIT768,0.9746119976043701
3407,3,14,0.015054572373628616,VIT768,0.9719314575195312
3407,3,15,0.013511039316654205,VIT768,0.9494268298149109
3407,3,16,0.012684333138167858,VIT768,0.9731374979019165
3407,3,17,0.012495717965066433,VIT768,0.9516280889511108
3407,3,18,0.011504920199513435,VIT768,0.9734846949577332
3407,3,19,0.010623937472701073,VIT768,0.9766680002212524
3407,3,20,0.00992076937109232,VIT768,0.9603797197341919
3407,3,21,0.009418532252311707,VIT768,0.9843229651451111
3407,3,22,0.009107626974582672,VIT768,0.9521191716194153
3407,3,23,0.008901739493012428,VIT768,0.9744070172309875
3407,3,24,0.008190172724425793,VIT768,0.9608252048492432
3407,3,25,0.007936231791973114,VIT768,0.9854245185852051
3407,3,26,0.007384108379483223,VIT768,0.9291507601737976
3407,3,27,0.007043205667287111,VIT768,0.972345769405365
3407,3,28,0.006953634321689606,VIT768,0.9587347507476807
3407,3,29,0.006728033535182476,VIT768,0.9603296518325806
3407,3,30,0.006535660475492477,VIT768,0.9885240793228149
3407,3,31,0.006440501660108566,VIT768,0.9465082883834839
3407,3,32,0.006129165645688772,VIT768,0.9557223320007324
3407,3,33,0.005859854631125927,VIT768,0.9337135553359985
3407,3,34,0.005696737673133612,VIT768,0.9729203581809998
3407,3,35,0.005591262131929398,VIT768,0.9802806377410889
3407,3,36,0.005513451527804136,VIT768,0.9737107157707214
3407,3,37,0.005169501528143883,VIT768,0.9543603658676147
3407,3,38,0.005005382001399994,VIT768,0.9677932262420654
3407,3,39,0.00489063560962677,VIT768,0.968818187713623
3407,3,40,0.004811790771782398,VIT768,0.9744396805763245
3407,3,41,0.004731000401079655,VIT768,0.9752907752990723
3407,3,42,0.004611044190824032,VIT768,0.9706177115440369
3407,3,43,0.004491124302148819,VIT768,0.9579269289970398
3407,3,44,0.0043608034029603004,VIT768,0.9784197807312012
3407,3,45,0.004218072164803743,VIT768,0.9564708471298218
3407,3,46,0.004202281124889851,VIT768,0.9889196753501892
3407,3,47,0.003979773726314306,VIT768,0.9845676422119141
3407,3,48,0.003917391411960125,VIT768,0.9748507738113403
3407,3,49,0.003740440122783184,VIT768,0.9667716026306152
3407,3,50,0.003643276635557413,VIT768,0.9734736084938049
3407,3,51,0.003603315446525812,VIT768,0.9911636114120483
3407,3,52,0.003558679483830929,VIT768,0.9849677681922913
3407,3,53,0.0034441023599356413,VIT768,0.9850701093673706
3407,3,54,0.003387341508641839,VIT768,0.9837847948074341
3407,3,55,0.003265386214479804,VIT768,0.9792526364326477
3407,3,56,0.0032463385723531246,VIT768,0.9613447189331055
3407,3,57,0.003207495203241706,VIT768,0.9719727039337158
3407,3,58,0.003072920488193631,VIT768,0.9575719237327576
3407,3,59,0.003036841982975602,VIT768,0.9882601499557495
3407,3,60,0.002952764043584466,VIT768,0.9845120310783386
3407,3,61,0.002913141855970025,VIT768,0.9710853099822998
3407,3,62,0.0028741981368511915,VIT768,0.9682896137237549
3407,3,63,0.0028584252577275038,VIT768,0.9795984029769897
3407,3,64,0.002675450872629881,VIT768,0.9917451739311218
3407,3,65,0.0026304791681468487,VIT768,0.9770283699035645
3407,3,66,0.0025582334492355585,VIT768,0.9726027250289917
3407,3,67,0.0024813252966850996,VIT768,0.9524595737457275
3407,3,68,0.0024388330057263374,VIT768,0.9818233251571655
3407,3,69,0.002415119670331478,VIT768,0.9682793617248535
3407,3,70,0.0024114043917506933,VIT768,0.9223567843437195
3407,3,71,0.002355493837967515,VIT768,0.9835580587387085
3407,3,72,0.002332864562049508,VIT768,0.9579140543937683
3407,3,73,0.0022436929866671562,VIT768,0.9821438789367676
3407,3,74,0.0022113285958766937,VIT768,0.9665161371231079
3407,3,75,0.0021492664236575365,VIT768,0.9859201312065125
3407,3,76,0.00211691833101213,VIT768,0.973393976688385
3407,3,77,0.002066295361146331,VIT768,0.9831109046936035
3407,3,78,0.002059857128188014,VIT768,0.9848417639732361
3407,3,79,0.0020364720840007067,VIT768,0.9829985499382019
3407,3,80,0.0020143704023212194,VIT768,0.9882472157478333
3407,3,81,0.001996175618842244,VIT768,0.964531421661377
3407,3,82,0.0019610165618360043,VIT768,0.9741191267967224
3407,3,83,0.0019307443872094154,VIT768,0.9701056480407715
3407,3,84,0.0018998953746631742,VIT768,0.9818826913833618
3407,3,85,0.0018642055802047253,VIT768,0.9876726865768433
3407,3,86,0.0018107760697603226,VIT768,0.9851162433624268
3407,3,87,0.0017951799090951681,VIT768,0.9510129690170288
3407,3,88,0.001782587612979114,VIT768,0.9721074104309082
3407,3,89,0.0017671594396233559,VIT768,0.9927457571029663
3407,3,90,0.001742699765600264,VIT768,0.9829803705215454
3407,3,91,0.0017309272661805153,VIT768,0.9800081253051758
3407,3,92,0.0017153369262814522,VIT768,0.9852750301361084
3407,3,93,0.0016450276598334312,VIT768,0.97435063123703
3407,3,94,0.00161782989744097,VIT768,0.9632976055145264
3407,3,95,0.0015950144734233618,VIT768,0.9886724948883057
3407,3,96,0.0015678456984460354,VIT768,0.9868495464324951
3407,3,97,0.0015573177952319384,VIT768,0.9664989113807678
3407,3,98,0.0014973622746765614,VIT768,0.9744706153869629
3407,3,99,0.0014825554098933935,VIT768,0.9832252860069275
3407,3,100,0.001458425191231072,VIT768,0.9896999001502991
3407,3,101,0.0014133368385955691,VIT768,0.9846262335777283
3407,3,102,0.001411193865351379,VIT768,0.9714217782020569
3407,3,103,0.0013921449426561594,VIT768,0.9640820026397705
3407,3,104,0.0013711507199332118,VIT768,0.9684611558914185
3407,3,105,0.0013521756045520306,VIT768,0.9864523410797119
3407,3,106,0.0013309618225321174,VIT768,0.9835083484649658
3407,3,107,0.0013170000165700912,VIT768,0.986321747303009
3407,3,108,0.0012936937855556607,VIT768,0.9751652479171753
3407,3,109,0.0012544207274913788,VIT768,0.9891038537025452
3407,3,110,0.00124296301510185,VIT768,0.9856244325637817
3407,3,111,0.0012231537839397788,VIT768,0.9573194980621338
3407,3,112,0.0011879958910867572,VIT768,0.9934899210929871
3407,3,113,0.0011767249088734388,VIT768,0.9855742454528809
3407,3,114,0.0011614467948675156,VIT768,0.9839993715286255
3407,3,115,0.0011384516255930066,VIT768,0.9750732779502869
3407,3,116,0.0011176293483003974,VIT768,0.9691515564918518
3407,3,117,0.0010991657618433237,VIT768,0.9894708395004272
3407,3,118,0.0010768880601972342,VIT768,0.9902044534683228
3407,3,119,0.001053737592883408,VIT768,0.9661830067634583
3407,3,120,0.0010359889129176736,VIT768,0.9807940721511841
3407,3,121,0.0010187876177951694,VIT768,0.9802570343017578
3407,3,122,0.0010083139641210437,VIT768,0.9849438071250916
3407,3,123,0.0009939959272742271,VIT768,0.9793527722358704
3407,3,124,0.0009849763009697199,VIT768,0.9857368469238281
3407,3,125,0.0009689402650110424,VIT768,0.971942126750946
3407,3,126,0.000950163695961237,VIT768,0.9798192381858826
3407,3,127,0.0009124185307882726,VIT768,0.9851447343826294
3407,3,128,0.0008986499160528183,VIT768,0.9506906867027283
3407,4,1,0.11889997124671936,COLOR9,0.017106732353568077
3407,4,2,0.06255011260509491,COLOR9,0.01185675524175167
3407,4,3,0.05525946989655495,COLOR9,0.01078756619244814
3407,4,4,0.05315233767032623,COLOR9,0.010004106909036636
3407,4,5,0.03585207834839821,COLOR9,0.013954057358205318
3407,4,6,0.032427236437797546,COLOR9,0.017965203151106834
3407,4,7,0.03123529814183712,COLOR9,0.009496543556451797
3407,4,8,0.026176247745752335,COLOR9,0.012664967216551304
3407,4,9,0.022654181346297264,COLOR9,0.005209744907915592
3407,4,10,0.02159150131046772,COLOR9,0.0012038418790325522
3407,4,11,0.019421039149165154,COLOR9,0.002240727888420224
3407,4,12,0.017098000273108482,COLOR9,0.006060135085135698
3407,4,13,0.015449524857103825,COLOR9,0.01816420443356037
3407,4,14,0.01499109622091055,COLOR9,0.009096771478652954
3407,4,15,0.013548714108765125,COLOR9,0.02092761918902397
3407,4,16,0.012952887453138828,COLOR9,0.002259792061522603
3407,4,17,0.01227104663848877,COLOR9,0.009781507775187492
3407,4,18,0.011790909804403782,COLOR9,0.011213554069399834
3407,4,19,0.011240254156291485,COLOR9,0.015611015260219574
3407,4,20,0.010428487323224545,COLOR9,0.007340829353779554
3407,4,21,0.010157058946788311,COLOR9,0.007129043340682983
3407,4,22,0.009583577513694763,COLOR9,0.00824191328138113
3407,4,23,0.008767558261752129,COLOR9,0.026545759290456772
3407,4,24,0.008232755586504936,COLOR9,0.0037247473374009132
3407,4,25,0.00798598863184452,COLOR9,0.001993698300793767
3407,4,26,0.007613026537001133,COLOR9,0.005528564099222422
3407,4,27,0.007280630059540272,COLOR9,0.021888699382543564
3407,4,28,0.0071530574932694435,COLOR9,0.0031189587898552418
3407,4,29,0.006888604257255793,COLOR9,0.0034906479995697737
3407,4,30,0.006598784122616053,COLOR9,0.009691460058093071
3407,4,31,0.006099198013544083,COLOR9,0.003398164641112089
3407,4,32,0.006016594357788563,COLOR9,0.011011125519871712
3407,4,33,0.005785342305898666,COLOR9,0.011772161349654198
3407,4,34,0.005657533649355173,COLOR9,0.009111104533076286
3407,4,35,0.005609148647636175,COLOR9,0.0012681116349995136
3407,4,36,0.00519924983382225,COLOR9,0.014773002825677395
3407,4,37,0.005161789711564779,COLOR9,0.006857463624328375
3407,4,38,0.004964726977050304,COLOR9,0.011593242175877094
3407,4,39,0.0048793102614581585,COLOR9,0.007204385939985514
3407,4,40,0.0047628129832446575,COLOR9,0.004607474897056818
3407,4,41,0.0047038402408361435,COLOR9,0.007892768830060959
3407,4,42,0.004527160432189703,COLOR9,0.00735300499945879
3407,4,43,0.004416530951857567,COLOR9,0.0389055460691452
3407,4,44,0.004378745798021555,COLOR9,0.0025348677299916744
3407,4,45,0.004243794828653336,COLOR9,0.016437480226159096
3407,4,46,0.004214441869407892,COLOR9,0.010506018996238708
3407,4,47,0.004083545878529549,COLOR9,0.008205212652683258
3407,4,48,0.003998367581516504,COLOR9,0.01888357475399971
3407,4,49,0.003969159442931414,COLOR9,0.011978847905993462
3407,4,50,0.003819446312263608,COLOR9,0.015305768698453903
3407,4,51,0.003649175865575671,COLOR9,0.003247542306780815
3407,4,52,0.0036146019119769335,COLOR9,0.02003415860235691
3407,4,53,0.00354758114553988,COLOR9,0.004590391647070646
3407,4,54,0.0034933059941977262,COLOR9,0.006513770669698715
3407,4,55,0.0034153186716139317,COLOR9,0.01884501799941063
3407,4,56,0.003291182452812791,COLOR9,0.014288793317973614
3407,4,57,0.003250756999477744,COLOR9,0.004384345840662718
3407,4,58,0.00313751632347703,COLOR9,0.005281850229948759
3407,4,59,0.003087362740188837,COLOR9,0.006484806537628174
3407,4,60,0.00303352577611804,COLOR9,0.020355474203824997
3407,4,61,0.0029965557623654604,COLOR9,0.005719544366002083
3407,4,62,0.002890374045819044,COLOR9,0.037175923585891724
3407,4,63,0.0028466079384088516,COLOR9,0.017385607585310936
3407,4,64,0.0028122649528086185,COLOR9,0.004794641397893429
3407,4,65,0.002776253968477249,COLOR9,0.0043065426871180534
3407,4,66,0.0027147068176418543,COLOR9,0.008155904710292816
3407,4,67,0.002669951179996133,COLOR9,0.0022947662509977818
3407,4,68,0.0025805828627198935,COLOR9,0.011638473719358444
3407,4,69,0.00250579253770411,COLOR9,0.028308438137173653
3407,4,70,0.002479224931448698,COLOR9,0.01154058612883091
3407,4,71,0.0024511762894690037,COLOR9,0.01082039438188076
3407,4,72,0.002385511063039303,COLOR9,0.0055407569743692875
3407,4,73,0.0023458495270460844,COLOR9,0.0071358089335262775
3407,4,74,0.002268039621412754,COLOR9,0.0023597083054482937
3407,4,75,0.0022410510573536158,COLOR9,0.009499089792370796
3407,4,76,0.0022078626789152622,COLOR9,0.0044489651918411255
3407,4,77,0.0021478557027876377,COLOR9,0.009417084977030754
3407,4,78,0.002108840038999915,COLOR9,0.009533344767987728
3407,4,79,0.0020731231197714806,COLOR9,0.01032482460141182
3407,4,80,0.0020537683740258217,COLOR9,0.010177701711654663
3407,4,81,0.0020110958721488714,COLOR9,0.0019831443205475807
3407,4,82,0.002001518150791526,COLOR9,0.01292445044964552
3407,4,83,0.001969735138118267,COLOR9,0.0176618043333292
3407,4,84,0.0019037185702472925,COLOR9,0.018492141738533974
3407,4,85,0.0018808780005201697,COLOR9,0.011352593079209328
3407,4,86,0.001851739827543497,COLOR9,0.00582966348156333
3407,4,87,0.0018248155247420073,COLOR9,0.012913967482745647
3407,4,88,0.0018112837569788098,COLOR9,0.016250891610980034
3407,4,89,0.0018009146442636847,COLOR9,0.009219836443662643
3407,4,90,0.0017544825095683336,COLOR9,0.02057642675936222
3407,4,91,0.0017135035013779998,COLOR9,0.0067702000960707664
3407,4,92,0.0017034421907737851,COLOR9,0.01502138376235962
3407,4,93,0.001666523632593453,COLOR9,0.012121365405619144
3407,4,94,0.0016262773424386978,COLOR9,0.003501982195302844
3407,4,95,0.001587568549439311,COLOR9,0.010499943979084492
3407,4,96,0.0015811097109690309,COLOR9,0.006932681892067194
3407,4,97,0.001522177830338478,COLOR9,0.005739434622228146
3407,4,98,0.001501318416558206,COLOR9,0.015906216576695442
3407,4,99,0.001475415425375104,COLOR9,0.007278782315552235
3407,4,100,0.0014524341095238924,COLOR9,0.02881971187889576
3407,4,101,0.001438730861991644,COLOR9,0.009003032930195332
3407,4,102,0.0014217991847544909,COLOR9,0.00698481872677803
3407,4,103,0.0013651656918227673,COLOR9,0.0013328345958143473
3407,4,104,0.0013381645549088717,COLOR9,0.01151987537741661
3407,4,105,0.001335061970166862,COLOR9,0.01055447943508625
3407,4,106,0.001319868490099907,COLOR9,0.00677003338932991
3407,4,107,0.0013080888893455267,COLOR9,0.0017230967059731483
3407,4,108,0.001280608936212957,COLOR9,0.008818923495709896
3407,4,109,0.0012592924758791924,COLOR9,0.01020697969943285
3407,4,110,0.001249224878847599,COLOR9,0.016508420929312706
3407,4,111,0.0012378903338685632,COLOR9,0.0069180759601294994
3407,4,112,0.0012282074894756079,COLOR9,0.02845652773976326
3407,4,113,0.0011940395925194025,COLOR9,0.005036606919020414
3407,4,114,0.0011839295038953424,COLOR9,0.004317714367061853
3407,4,115,0.0011498010717332363,COLOR9,0.024869773536920547
3407,4,116,0.0011055063223466277,COLOR9,0.006700264289975166
3407,4,117,0.0010870863916352391,COLOR9,0.01163800060749054
3407,4,118,0.0010812837863340974,COLOR9,0.005734371021389961
3407,4,119,0.0010767816565930843,COLOR9,0.006531172897666693
3407,4,120,0.0010524644749239087,COLOR9,0.009780585765838623
3407,4,121,0.001039341208525002,COLOR9,0.0061872550286352634
3407,4,122,0.0010211761109530926,COLOR9,0.0034190192818641663
3407,4,123,0.001002624281682074,COLOR9,0.008755791932344437
3407,4,124,0.000987744890153408,COLOR9,0.005724735092371702
3407,4,125,0.0009773753117769957,COLOR9,0.006522367708384991
3407,4,126,0.0009494491969235241,COLOR9,0.0037085069343447685
3407,4,127,0.0009309996385127306,COLOR9,0.017906654626131058
3407,4,128,0.0009248859714716673,COLOR9,0.020474763587117195
3407,4,1,0.11889997124671936,LBP18,0.10638737678527832
3407,4,2,0.06255011260509491,LBP18,0.009135887958109379
3407,4,3,0.05525946989655495,LBP18,0.005075407214462757
3407,4,4,0.05315233767032623,LBP18,0.0013029363472014666
3407,4,5,0.03585207834839821,LBP18,0.004124186933040619
3407,4,6,0.032427236437797546,LBP18,0.010708821937441826
3407,4,7,0.03123529814183712,LBP18,0.03710949048399925
3407,4,8,0.026176247745752335,LBP18,0.0008858444052748382
3407,4,9,0.022654181346297264,LBP18,0.008334093727171421
3407,4,10,0.02159150131046772,LBP18,0.009894436225295067
3407,4,11,0.019421039149165154,LBP18,0.005602926015853882
3407,4,12,0.017098000273108482,LBP18,0.008115147240459919
3407,4,13,0.015449524857103825,LBP18,0.014131768606603146
3407,4,14,0.01499109622091055,LBP18,0.0010345550253987312
3407,4,15,0.013548714108765125,LBP18,0.06918798387050629
3407,4,16,0.012952887453138828,LBP18,0.021423306316137314
3407,4,17,0.01227104663848877,LBP18,0.03199128806591034
3407,4,18,0.011790909804403782,LBP18,0.013388269580900669
3407,4,19,0.011240254156291485,LBP18,0.0019694031216204166
3407,4,20,0.010428487323224545,LBP18,0.02914399839937687
3407,4,21,0.010157058946788311,LBP18,0.021972978487610817
3407,4,22,0.009583577513694763,LBP18,0.0022448785603046417
3407,4,23,0.008767558261752129,LBP18,0.009709940291941166
3407,4,24,0.008232755586504936,LBP18,0.019274652004241943
3407,4,25,0.00798598863184452,LBP18,0.004702172242105007
3407,4,26,0.007613026537001133,LBP18,0.011537392623722553
3407,4,27,0.007280630059540272,LBP18,0.013009856455028057
3407,4,28,0.0071530574932694435,LBP18,0.028048230335116386
3407,4,29,0.006888604257255793,LBP18,0.009531875140964985
3407,4,30,0.006598784122616053,LBP18,0.04243500158190727
3407,4,31,0.006099198013544083,LBP18,0.011038974858820438
3407,4,32,0.006016594357788563,LBP18,0.009510076604783535
3407,4,33,0.005785342305898666,LBP18,0.006383958272635937
3407,4,34,0.005657533649355173,LBP18,0.05440232902765274
3407,4,35,0.005609148647636175,LBP18,0.0034826924093067646
3407,4,36,0.00519924983382225,LBP18,0.009027091786265373
3407,4,37,0.005161789711564779,LBP18,0.008730133064091206
3407,4,38,0.004964726977050304,LBP18,0.00978043396025896
3407,4,39,0.0048793102614581585,LBP18,0.04786911979317665
3407,4,40,0.0047628129832446575,LBP18,0.04093765839934349
3407,4,41,0.0047038402408361435,LBP18,0.00683315796777606
3407,4,42,0.004527160432189703,LBP18,0.005169269163161516
3407,4,43,0.004416530951857567,LBP18,0.009176280349493027
3407,4,44,0.004378745798021555,LBP18,0.0021392470225691795
3407,4,45,0.004243794828653336,LBP18,0.0067022559233009815
3407,4,46,0.004214441869407892,LBP18,0.0019061637576669455
3407,4,47,0.004083545878529549,LBP18,0.0004974002949893475
3407,4,48,0.003998367581516504,LBP18,0.00721714785322547
3407,4,49,0.003969159442931414,LBP18,0.017230549827218056
3407,4,50,0.003819446312263608,LBP18,0.0069640506990253925
3407,4,51,0.003649175865575671,LBP18,0.0141963642090559
3407,4,52,0.0036146019119769335,LBP18,0.007870683446526527
3407,4,53,0.00354758114553988,LBP18,0.0041067833080887794
3407,4,54,0.0034933059941977262,LBP18,0.008985878899693489
3407,4,55,0.0034153186716139317,LBP18,0.007395519409328699
3407,4,56,0.003291182452812791,LBP18,0.0037648179568350315
3407,4,57,0.003250756999477744,LBP18,0.003406244795769453
3407,4,58,0.00313751632347703,LBP18,0.004958372563123703
3407,4,59,0.003087362740188837,LBP18,0.020391246303915977
3407,4,60,0.00303352577611804,LBP18,0.006431239191442728
3407,4,61,0.0029965557623654604,LBP18,0.0038900761865079403
3407,4,62,0.002890374045819044,LBP18,0.007620092481374741
3407,4,63,0.0028466079384088516,LBP18,0.0034507170785218477
3407,4,64,0.0028122649528086185,LBP18,0.004222978372126818
3407,4,65,0.002776253968477249,LBP18,0.02142283134162426
3407,4,66,0.0027147068176418543,LBP18,0.01058861892670393
3407,4,67,0.002669951179996133,LBP18,0.013971968553960323
3407,4,68,0.0025805828627198935,LBP18,0.004665581975132227
3407,4,69,0.00250579253770411,LBP18,0.013523366302251816
3407,4,70,0.002479224931448698,LBP18,0.002024902030825615
3407,4,71,0.0024511762894690037,LBP18,0.006300879176706076
3407,4,72,0.002385511063039303,LBP18,0.007319086231291294
3407,4,73,0.0023458495270460844,LBP18,0.008402504958212376
3407,4,74,0.002268039621412754,LBP18,0.002392164897173643
3407,4,75,0.0022410510573536158,LBP18,0.005300828255712986
3407,4,76,0.0022078626789152622,LBP18,0.007588446605950594
3407,4,77,0.0021478557027876377,LBP18,0.004989807493984699
3407,4,78,0.002108840038999915,LBP18,0.02009889855980873
3407,4,79,0.0020731231197714806,LBP18,0.005873208865523338
3407,4,80,0.0020537683740258217,LBP18,0.010259375907480717
3407,4,81,0.0020110958721488714,LBP18,0.008850138634443283
3407,4,82,0.002001518150791526,LBP18,0.017547307536005974
3407,4,83,0.001969735138118267,LBP18,0.0053217001259326935
3407,4,84,0.0019037185702472925,LBP18,0.001664056908339262
3407,4,85,0.0018808780005201697,LBP18,0.010639711283147335
3407,4,86,0.001851739827543497,LBP18,0.004183492623269558
3407,4,87,0.0018248155247420073,LBP18,0.0034186418633908033
3407,4,88,0.0018112837569788098,LBP18,0.0076562934555113316
3407,4,89,0.0018009146442636847,LBP18,0.005511689465492964
3407,4,90,0.0017544825095683336,LBP18,0.0037813906092196703
3407,4,91,0.0017135035013779998,LBP18,0.0011069484753534198
3407,4,92,0.0017034421907737851,LBP18,0.004061560612171888
3407,4,93,0.001666523632593453,LBP18,0.004835491068661213
3407,4,94,0.0016262773424386978,LBP18,0.004133299458771944
3407,4,95,0.001587568549439311,LBP18,0.007044136058539152
3407,4,96,0.0015811097109690309,LBP18,0.004271174781024456
3407,4,97,0.001522177830338478,LBP18,0.009234798140823841
3407,4,98,0.001501318416558206,LBP18,0.014092106372117996
3407,4,99,0.001475415425375104,LBP18,0.008565956726670265
3407,4,100,0.0014524341095238924,LBP18,0.008729163557291031
3407,4,101,0.001438730861991644,LBP18,0.0030025693122297525
3407,4,102,0.0014217991847544909,LBP18,0.005012026056647301
3407,4,103,0.0013651656918227673,LBP18,0.007905016653239727
3407,4,104,0.0013381645549088717,LBP18,0.016355976462364197
3407,4,105,0.001335061970166862,LBP18,0.007254194933921099
3407,4,106,0.001319868490099907,LBP18,0.0023580538108944893
3407,4,107,0.0013080888893455267,LBP18,0.0010587414726614952
3407,4,108,0.001280608936212957,LBP18,0.007838505320250988
3407,4,109,0.0012592924758791924,LBP18,0.00887557864189148
3407,4,110,0.001249224878847599,LBP18,0.005956890061497688
3407,4,111,0.0012378903338685632,LBP18,0.013362455181777477
3407,4,112,0.0012282074894756079,LBP18,0.007698086556047201
3407,4,113,0.0011940395925194025,LBP18,0.011975998058915138
3407,4,114,0.0011839295038953424,LBP18,0.0027044008020311594
3407,4,115,0.0011498010717332363,LBP18,0.010434898547828197
3407,4,116,0.0011055063223466277,LBP18,0.004426983650773764
3407,4,117,0.0010870863916352391,LBP18,0.007034003734588623
3407,4,118,0.0010812837863340974,LBP18,0.011201686225831509
3407,4,119,0.0010767816565930843,LBP18,0.004950686823576689
3407,4,120,0.0010524644749239087,LBP18,0.01780563034117222
3407,4,121,0.001039341208525002,LBP18,0.004266870673745871
3407,4,122,0.0010211761109530926,LBP18,0.004561673849821091
3407,4,123,0.001002624281682074,LBP18,0.0037728403694927692
3407,4,124,0.000987744890153408,LBP18,0.0032012162264436483
3407,4,125,0.0009773753117769957,LBP18,0.001258587115444243
3407,4,126,0.0009494491969235241,LBP18,0.0035103745758533478
3407,4,127,0.0009309996385127306,LBP18,0.003689912147819996
3407,4,128,0.0009248859714716673,LBP18,0.005727095063775778
3407,4,1,0.11889997124671936,HARALICK5,0.007375834509730339
3407,4,2,0.06255011260509491,HARALICK5,0.023422403261065483
3407,4,3,0.05525946989655495,HARALICK5,0.008289906196296215
3407,4,4,0.05315233767032623,HARALICK5,0.005272319540381432
3407,4,5,0.03585207834839821,HARALICK5,0.001720238709822297
3407,4,6,0.032427236437797546,HARALICK5,0.0009719693334773183
3407,4,7,0.03123529814183712,HARALICK5,0.0033169579692184925
3407,4,8,0.026176247745752335,HARALICK5,0.003005556296557188
3407,4,9,0.022654181346297264,HARALICK5,0.0032721294555813074
3407,4,10,0.02159150131046772,HARALICK5,0.006515593267977238
3407,4,11,0.019421039149165154,HARALICK5,0.0015556624857708812
3407,4,12,0.017098000273108482,HARALICK5,0.004121358506381512
3407,4,13,0.015449524857103825,HARALICK5,0.005808374844491482
3407,4,14,0.01499109622091055,HARALICK5,0.0037511438131332397
3407,4,15,0.013548714108765125,HARALICK5,0.012971015647053719
3407,4,16,0.012952887453138828,HARALICK5,0.003011781256645918
3407,4,17,0.01227104663848877,HARALICK5,0.004593436140567064
3407,4,18,0.011790909804403782,HARALICK5,0.0022148145362734795
3407,4,19,0.011240254156291485,HARALICK5,0.006914645899087191
3407,4,20,0.010428487323224545,HARALICK5,0.0006370878545567393
3407,4,21,0.010157058946788311,HARALICK5,0.0034322936553508043
3407,4,22,0.009583577513694763,HARALICK5,0.0014781883219256997
3407,4,23,0.008767558261752129,HARALICK5,0.013238539919257164
3407,4,24,0.008232755586504936,HARALICK5,0.008894897997379303
3407,4,25,0.00798598863184452,HARALICK5,0.0005559341516345739
3407,4,26,0.007613026537001133,HARALICK5,0.0029459793586283922
3407,4,27,0.007280630059540272,HARALICK5,0.004314647987484932
3407,4,28,0.0071530574932694435,HARALICK5,0.0010236442321911454
3407,4,29,0.006888604257255793,HARALICK5,0.004473539534956217
3407,4,30,0.006598784122616053,HARALICK5,0.0014816710026934743
3407,4,31,0.006099198013544083,HARALICK5,0.005266564432531595
3407,4,32,0.006016594357788563,HARALICK5,0.005245187785476446
3407,4,33,0.005785342305898666,HARALICK5,0.0007321311277337372
3407,4,34,0.005657533649355173,HARALICK5,0.007532102521508932
3407,4,35,0.005609148647636175,HARALICK5,0.0013422713382169604
3407,4,36,0.00519924983382225,HARALICK5,0.004105577245354652
3407,4,37,0.005161789711564779,HARALICK5,0.004006246104836464
3407,4,38,0.004964726977050304,HARALICK5,0.002335658296942711
3407,4,39,0.0048793102614581585,HARALICK5,0.011598527431488037
3407,4,40,0.0047628129832446575,HARALICK5,0.0007792266551405191
3407,4,41,0.0047038402408361435,HARALICK5,0.007434740662574768
3407,4,42,0.004527160432189703,HARALICK5,0.00790087878704071
3407,4,43,0.004416530951857567,HARALICK5,0.0016024671494960785
3407,4,44,0.004378745798021555,HARALICK5,0.005015118047595024
3407,4,45,0.004243794828653336,HARALICK5,0.002323176944628358
3407,4,46,0.004214441869407892,HARALICK5,0.01075776107609272
3407,4,47,0.004083545878529549,HARALICK5,0.003386914264410734
3407,4,48,0.003998367581516504,HARALICK5,0.002888547023758292
3407,4,49,0.003969159442931414,HARALICK5,0.0046242582611739635
3407,4,50,0.003819446312263608,HARALICK5,0.006024010945111513
3407,4,51,0.003649175865575671,HARALICK5,0.0028440840542316437
3407,4,52,0.0036146019119769335,HARALICK5,0.0011879358207806945
3407,4,53,0.00354758114553988,HARALICK5,0.0023482057731598616
3407,4,54,0.0034933059941977262,HARALICK5,0.0025184431578963995
3407,4,55,0.0034153186716139317,HARALICK5,0.0049350750632584095
3407,4,56,0.003291182452812791,HARALICK5,0.0066826301626861095
3407,4,57,0.003250756999477744,HARALICK5,0.0024400551337748766
3407,4,58,0.00313751632347703,HARALICK5,0.0031474102288484573
3407,4,59,0.003087362740188837,HARALICK5,0.018732694908976555
3407,4,60,0.00303352577611804,HARALICK5,0.007621319033205509
3407,4,61,0.0029965557623654604,HARALICK5,0.014077886007726192
3407,4,62,0.002890374045819044,HARALICK5,0.026206959038972855
3407,4,63,0.0028466079384088516,HARALICK5,0.015287144109606743
3407,4,64,0.0028122649528086185,HARALICK5,0.0058888839557766914
3407,4,65,0.002776253968477249,HARALICK5,0.004761521704494953
3407,4,66,0.0027147068176418543,HARALICK5,0.011176279745995998
3407,4,67,0.002669951179996133,HARALICK5,0.0052711814641952515
3407,4,68,0.0025805828627198935,HARALICK5,0.0015737090725451708
3407,4,69,0.00250579253770411,HARALICK5,0.0047237686812877655
3407,4,70,0.002479224931448698,HARALICK5,0.00583807984367013
3407,4,71,0.0024511762894690037,HARALICK5,0.002016428392380476
3407,4,72,0.002385511063039303,HARALICK5,0.004831962753087282
3407,4,73,0.0023458495270460844,HARALICK5,0.0012342920526862144
3407,4,74,0.002268039621412754,HARALICK5,0.0005361196817830205
3407,4,75,0.0022410510573536158,HARALICK5,0.0036430032923817635
3407,4,76,0.0022078626789152622,HARALICK5,0.002138507319614291
3407,4,77,0.0021478557027876377,HARALICK5,0.00044233028893359005
3407,4,78,0.002108840038999915,HARALICK5,0.0020668641664087772
3407,4,79,0.0020731231197714806,HARALICK5,0.004299014341086149
3407,4,80,0.0020537683740258217,HARALICK5,0.003298256080597639
3407,4,81,0.0020110958721488714,HARALICK5,0.014210599474608898
3407,4,82,0.002001518150791526,HARALICK5,0.01173060480505228
3407,4,83,0.001969735138118267,HARALICK5,0.006147847510874271
3407,4,84,0.0019037185702472925,HARALICK5,0.0019701854325830936
3407,4,85,0.0018808780005201697,HARALICK5,0.0004894029116258025
3407,4,86,0.001851739827543497,HARALICK5,0.001502076513133943
3407,4,87,0.0018248155247420073,HARALICK5,0.0008516539819538593
3407,4,88,0.0018112837569788098,HARALICK5,0.009732907637953758
3407,4,89,0.0018009146442636847,HARALICK5,0.005308644380420446
3407,4,90,0.0017544825095683336,HARALICK5,0.006162661127746105
3407,4,91,0.0017135035013779998,HARALICK5,0.00521135376766324
3407,4,92,0.0017034421907737851,HARALICK5,0.0018726682756096125
3407,4,93,0.001666523632593453,HARALICK5,0.0033724952954798937
3407,4,94,0.0016262773424386978,HARALICK5,0.007055195048451424
3407,4,95,0.001587568549439311,HARALICK5,0.006568208336830139
3407,4,96,0.0015811097109690309,HARALICK5,0.004394846502691507
3407,4,97,0.001522177830338478,HARALICK5,0.004014040343463421
3407,4,98,0.001501318416558206,HARALICK5,0.004586751107126474
3407,4,99,0.001475415425375104,HARALICK5,0.009609525091946125
3407,4,100,0.0014524341095238924,HARALICK5,0.0056907921098172665
3407,4,101,0.001438730861991644,HARALICK5,0.003389475168660283
3407,4,102,0.0014217991847544909,HARALICK5,0.001221829908899963
3407,4,103,0.0013651656918227673,HARALICK5,0.0017223511822521687
3407,4,104,0.0013381645549088717,HARALICK5,0.014395024627447128
3407,4,105,0.001335061970166862,HARALICK5,0.0018279650248587132
3407,4,106,0.001319868490099907,HARALICK5,0.0007675847737118602
3407,4,107,0.0013080888893455267,HARALICK5,0.003057348309084773
3407,4,108,0.001280608936212957,HARALICK5,0.0026339897885918617
3407,4,109,0.0012592924758791924,HARALICK5,0.008298613131046295
3407,4,110,0.001249224878847599,HARALICK5,0.0103373434394598
3407,4,111,0.0012378903338685632,HARALICK5,0.00432194909080863
3407,4,112,0.0012282074894756079,HARALICK5,0.0065942006185650826
3407,4,113,0.0011940395925194025,HARALICK5,0.005935122258961201
3407,4,114,0.0011839295038953424,HARALICK5,0.008724761195480824
3407,4,115,0.0011498010717332363,HARALICK5,0.016813164576888084
3407,4,116,0.0011055063223466277,HARALICK5,0.0012340020621195436
3407,4,117,0.0010870863916352391,HARALICK5,0.013725854456424713
3407,4,118,0.0010812837863340974,HARALICK5,0.0018332022009417415
3407,4,119,0.0010767816565930843,HARALICK5,0.0007547629647888243
3407,4,120,0.0010524644749239087,HARALICK5,0.012489285320043564
3407,4,121,0.001039341208525002,HARALICK5,0.0092850960791111
3407,4,122,0.0010211761109530926,HARALICK5,0.002445598365738988
3407,4,123,0.001002624281682074,HARALICK5,0.002281801076605916
3407,4,124,0.000987744890153408,HARALICK5,0.0056892866268754005
3407,4,125,0.0009773753117769957,HARALICK5,0.009510673582553864
3407,4,126,0.0009494491969235241,HARALICK5,0.0002851933822967112
3407,4,127,0.0009309996385127306,HARALICK5,0.006171211134642363
3407,4,128,0.0009248859714716673,HARALICK5,0.005590937100350857
3407,4,1,0.11889997124671936,ALL_HANDCRAFTED32,0.13086993992328644
3407,4,2,0.06255011260509491,ALL_HANDCRAFTED32,0.04441504925489426
3407,4,3,0.05525946989655495,ALL_HANDCRAFTED32,0.024152882397174835
3407,4,4,0.05315233767032623,ALL_HANDCRAFTED32,0.016579363495111465
3407,4,5,0.03585207834839821,ALL_HANDCRAFTED32,0.019798483699560165
3407,4,6,0.032427236437797546,ALL_HANDCRAFTED32,0.029645994305610657
3407,4,7,0.03123529814183712,ALL_HANDCRAFTED32,0.04992299526929855
3407,4,8,0.026176247745752335,ALL_HANDCRAFTED32,0.01655636727809906
3407,4,9,0.022654181346297264,ALL_HANDCRAFTED32,0.016815967857837677
3407,4,10,0.02159150131046772,ALL_HANDCRAFTED32,0.01761387102305889
3407,4,11,0.019421039149165154,ALL_HANDCRAFTED32,0.00939931720495224
3407,4,12,0.017098000273108482,ALL_HANDCRAFTED32,0.01829664222896099
3407,4,13,0.015449524857103825,ALL_HANDCRAFTED32,0.038104347884655
3407,4,14,0.01499109622091055,ALL_HANDCRAFTED32,0.0138824712485075
3407,4,15,0.013548714108765125,ALL_HANDCRAFTED32,0.10308662801980972
3407,4,16,0.012952887453138828,ALL_HANDCRAFTED32,0.026694882661104202
3407,4,17,0.01227104663848877,ALL_HANDCRAFTED32,0.04636622965335846
3407,4,18,0.011790909804403782,ALL_HANDCRAFTED32,0.02681664004921913
3407,4,19,0.011240254156291485,ALL_HANDCRAFTED32,0.024495065212249756
3407,4,20,0.010428487323224545,ALL_HANDCRAFTED32,0.03712191805243492
3407,4,21,0.010157058946788311,ALL_HANDCRAFTED32,0.032534316182136536
3407,4,22,0.009583577513694763,ALL_HANDCRAFTED32,0.011964979581534863
3407,4,23,0.008767558261752129,ALL_HANDCRAFTED32,0.04949423670768738
3407,4,24,0.008232755586504936,ALL_HANDCRAFTED32,0.031894296407699585
3407,4,25,0.00798598863184452,ALL_HANDCRAFTED32,0.007251804694533348
3407,4,26,0.007613026537001133,ALL_HANDCRAFTED32,0.020011937245726585
3407,4,27,0.007280630059540272,ALL_HANDCRAFTED32,0.03921320661902428
3407,4,28,0.0071530574932694435,ALL_HANDCRAFTED32,0.03219083696603775
3407,4,29,0.006888604257255793,ALL_HANDCRAFTED32,0.01749606244266033
3407,4,30,0.006598784122616053,ALL_HANDCRAFTED32,0.05360812693834305
3407,4,31,0.006099198013544083,ALL_HANDCRAFTED32,0.019703703001141548
3407,4,32,0.006016594357788563,ALL_HANDCRAFTED32,0.025766391307115555
3407,4,33,0.005785342305898666,ALL_HANDCRAFTED32,0.01888824999332428
3407,4,34,0.005657533649355173,ALL_HANDCRAFTED32,0.07104553282260895
3407,4,35,0.005609148647636175,ALL_HANDCRAFTED32,0.0060930754989385605
3407,4,36,0.00519924983382225,ALL_HANDCRAFTED32,0.027905672788619995
3407,4,37,0.005161789711564779,ALL_HANDCRAFTED32,0.019593842327594757
3407,4,38,0.004964726977050304,ALL_HANDCRAFTED32,0.023709334433078766
3407,4,39,0.0048793102614581585,ALL_HANDCRAFTED32,0.06667203456163406
3407,4,40,0.0047628129832446575,ALL_HANDCRAFTED32,0.046324364840984344
3407,4,41,0.0047038402408361435,ALL_HANDCRAFTED32,0.022160667926073074
3407,4,42,0.004527160432189703,ALL_HANDCRAFTED32,0.020423151552677155
3407,4,43,0.004416530951857567,ALL_HANDCRAFTED32,0.04968428984284401
3407,4,44,0.004378745798021555,ALL_HANDCRAFTED32,0.009689233265817165
3407,4,45,0.004243794828653336,ALL_HANDCRAFTED32,0.025462914258241653
3407,4,46,0.004214441869407892,ALL_HANDCRAFTED32,0.023169944062829018
3407,4,47,0.004083545878529549,ALL_HANDCRAFTED32,0.012089528143405914
3407,4,48,0.003998367581516504,ALL_HANDCRAFTED32,0.028989270329475403
3407,4,49,0.003969159442931414,ALL_HANDCRAFTED32,0.03383365646004677
3407,4,50,0.003819446312263608,ALL_HANDCRAFTED32,0.028293831273913383
3407,4,51,0.003649175865575671,ALL_HANDCRAFTED32,0.02028799057006836
3407,4,52,0.0036146019119769335,ALL_HANDCRAFTED32,0.029092777520418167
3407,4,53,0.00354758114553988,ALL_HANDCRAFTED32,0.011045379564166069
3407,4,54,0.0034933059941977262,ALL_HANDCRAFTED32,0.018018092960119247
3407,4,55,0.0034153186716139317,ALL_HANDCRAFTED32,0.031175609678030014
3407,4,56,0.003291182452812791,ALL_HANDCRAFTED32,0.02473624050617218
3407,4,57,0.003250756999477744,ALL_HANDCRAFTED32,0.010230645537376404
3407,4,58,0.00313751632347703,ALL_HANDCRAFTED32,0.013387633487582207
3407,4,59,0.003087362740188837,ALL_HANDCRAFTED32,0.04560874402523041
3407,4,60,0.00303352577611804,ALL_HANDCRAFTED32,0.03440803289413452
3407,4,61,0.0029965557623654604,ALL_HANDCRAFTED32,0.023687507957220078
3407,4,62,0.002890374045819044,ALL_HANDCRAFTED32,0.07100297510623932
3407,4,63,0.0028466079384088516,ALL_HANDCRAFTED32,0.03612346947193146
3407,4,64,0.0028122649528086185,ALL_HANDCRAFTED32,0.014906504191458225
3407,4,65,0.002776253968477249,ALL_HANDCRAFTED32,0.030490897595882416
3407,4,66,0.0027147068176418543,ALL_HANDCRAFTED32,0.029920803382992744
3407,4,67,0.002669951179996133,ALL_HANDCRAFTED32,0.021537914872169495
3407,4,68,0.0025805828627198935,ALL_HANDCRAFTED32,0.017877766862511635
3407,4,69,0.00250579253770411,ALL_HANDCRAFTED32,0.046555571258068085
3407,4,70,0.002479224931448698,ALL_HANDCRAFTED32,0.019403567537665367
3407,4,71,0.0024511762894690037,ALL_HANDCRAFTED32,0.019137701019644737
3407,4,72,0.002385511063039303,ALL_HANDCRAFTED32,0.017691805958747864
3407,4,73,0.0023458495270460844,ALL_HANDCRAFTED32,0.01677260547876358
3407,4,74,0.002268039621412754,ALL_HANDCRAFTED32,0.0052879927679896355
3407,4,75,0.0022410510573536158,ALL_HANDCRAFTED32,0.018442921340465546
3407,4,76,0.0022078626789152622,ALL_HANDCRAFTED32,0.014175919815897942
3407,4,77,0.0021478557027876377,ALL_HANDCRAFTED32,0.014849221333861351
3407,4,78,0.002108840038999915,ALL_HANDCRAFTED32,0.031699106097221375
3407,4,79,0.0020731231197714806,ALL_HANDCRAFTED32,0.020497048273682594
3407,4,80,0.0020537683740258217,ALL_HANDCRAFTED32,0.02373533323407173
3407,4,81,0.0020110958721488714,ALL_HANDCRAFTED32,0.025043882429599762
3407,4,82,0.002001518150791526,ALL_HANDCRAFTED32,0.042202360928058624
3407,4,83,0.001969735138118267,ALL_HANDCRAFTED32,0.02913135103881359
3407,4,84,0.0019037185702472925,ALL_HANDCRAFTED32,0.02212638407945633
3407,4,85,0.0018808780005201697,ALL_HANDCRAFTED32,0.022481705993413925
3407,4,86,0.001851739827543497,ALL_HANDCRAFTED32,0.011515231803059578
3407,4,87,0.0018248155247420073,ALL_HANDCRAFTED32,0.017184261232614517
3407,4,88,0.0018112837569788098,ALL_HANDCRAFTED32,0.03364009037613869
3407,4,89,0.0018009146442636847,ALL_HANDCRAFTED32,0.02004016935825348
3407,4,90,0.0017544825095683336,ALL_HANDCRAFTED32,0.030520480126142502
3407,4,91,0.0017135035013779998,ALL_HANDCRAFTED32,0.013088501989841461
3407,4,92,0.0017034421907737851,ALL_HANDCRAFTED32,0.020955614745616913
3407,4,93,0.001666523632593453,ALL_HANDCRAFTED32,0.020329352468252182
3407,4,94,0.0016262773424386978,ALL_HANDCRAFTED32,0.014690477401018143
3407,4,95,0.001587568549439311,ALL_HANDCRAFTED32,0.024112287908792496
3407,4,96,0.0015811097109690309,ALL_HANDCRAFTED32,0.015598703175783157
3407,4,97,0.001522177830338478,ALL_HANDCRAFTED32,0.018988274037837982
3407,4,98,0.001501318416558206,ALL_HANDCRAFTED32,0.034585073590278625
3407,4,99,0.001475415425375104,ALL_HANDCRAFTED32,0.025454264134168625
3407,4,100,0.0014524341095238924,ALL_HANDCRAFTED32,0.043239668011665344
3407,4,101,0.001438730861991644,ALL_HANDCRAFTED32,0.015395078808069229
3407,4,102,0.0014217991847544909,ALL_HANDCRAFTED32,0.013218674808740616
3407,4,103,0.0013651656918227673,ALL_HANDCRAFTED32,0.010960202664136887
3407,4,104,0.0013381645549088717,ALL_HANDCRAFTED32,0.042270876467227936
3407,4,105,0.001335061970166862,ALL_HANDCRAFTED32,0.019636640325188637
3407,4,106,0.001319868490099907,ALL_HANDCRAFTED32,0.009895672090351582
3407,4,107,0.0013080888893455267,ALL_HANDCRAFTED32,0.00583918672055006
3407,4,108,0.001280608936212957,ALL_HANDCRAFTED32,0.019291415810585022
3407,4,109,0.0012592924758791924,ALL_HANDCRAFTED32,0.0273811724036932
3407,4,110,0.001249224878847599,ALL_HANDCRAFTED32,0.032802652567625046
3407,4,111,0.0012378903338685632,ALL_HANDCRAFTED32,0.024602480232715607
3407,4,112,0.0012282074894756079,ALL_HANDCRAFTED32,0.04274881258606911
3407,4,113,0.0011940395925194025,ALL_HANDCRAFTED32,0.022947726771235466
3407,4,114,0.0011839295038953424,ALL_HANDCRAFTED32,0.01574687659740448
3407,4,115,0.0011498010717332363,ALL_HANDCRAFTED32,0.05211783945560455
3407,4,116,0.0011055063223466277,ALL_HANDCRAFTED32,0.012361248955130577
3407,4,117,0.0010870863916352391,ALL_HANDCRAFTED32,0.032397858798503876
3407,4,118,0.0010812837863340974,ALL_HANDCRAFTED32,0.018769260495901108
3407,4,119,0.0010767816565930843,ALL_HANDCRAFTED32,0.012236623093485832
3407,4,120,0.0010524644749239087,ALL_HANDCRAFTED32,0.040075503289699554
3407,4,121,0.001039341208525002,ALL_HANDCRAFTED32,0.019739221781492233
3407,4,122,0.0010211761109530926,ALL_HANDCRAFTED32,0.010426292195916176
3407,4,123,0.001002624281682074,ALL_HANDCRAFTED32,0.014810433611273766
3407,4,124,0.000987744890153408,ALL_HANDCRAFTED32,0.014615237712860107
3407,4,125,0.0009773753117769957,ALL_HANDCRAFTED32,0.017291629686951637
3407,4,126,0.0009494491969235241,ALL_HANDCRAFTED32,0.007504075299948454
3407,4,127,0.0009309996385127306,ALL_HANDCRAFTED32,0.02776777744293213
3407,4,128,0.0009248859714716673,ALL_HANDCRAFTED32,0.03179279714822769
3407,4,1,0.11889997124671936,VIT768,0.8691301345825195
3407,4,2,0.06255011260509491,VIT768,0.9555860757827759
3407,4,3,0.05525946989655495,VIT768,0.9758480191230774
3407,4,4,0.05315233767032623,VIT768,0.9834213256835938
3407,4,5,0.03585207834839821,VIT768,0.9802017211914062
3407,4,6,0.032427236437797546,VIT768,0.9703531861305237
3407,4,7,0.03123529814183712,VIT768,0.9500775337219238
3407,4,8,0.026176247745752335,VIT768,0.9834437966346741
3407,4,9,0.022654181346297264,VIT768,0.9831843972206116
3407,4,10,0.02159150131046772,VIT768,0.9823864698410034
3407,4,11,0.019421039149165154,VIT768,0.9906004667282104
3407,4,12,0.017098000273108482,VIT768,0.9817034006118774
3407,4,13,0.015449524857103825,VIT768,0.9618955850601196
3407,4,14,0.01499109622091055,VIT768,0.9861183166503906
3407,4,15,0.013548714108765125,VIT768,0.896913468837738
3407,4,16,0.012952887453138828,VIT768,0.9733051061630249
3407,4,17,0.01227104663848877,VIT768,0.9536348581314087
3407,4,18,0.011790909804403782,VIT768,0.9731839895248413
3407,4,19,0.011240254156291485,VIT768,0.975505530834198
3407,4,20,0.010428487323224545,VIT768,0.9628784656524658
3407,4,21,0.010157058946788311,VIT768,0.9674661159515381
3407,4,22,0.009583577513694763,VIT768,0.9880353212356567
3407,4,23,0.008767558261752129,VIT768,0.9505059719085693
3407,4,24,0.008232755586504936,VIT768,0.9681057929992676
3407,4,25,0.00798598863184452,VIT768,0.992748498916626
3407,4,26,0.007613026537001133,VIT768,0.979987621307373
3407,4,27,0.007280630059540272,VIT768,0.9607864618301392
3407,4,28,0.0071530574932694435,VIT768,0.9678090810775757
3407,4,29,0.006888604257255793,VIT768,0.9825037717819214
3407,4,30,0.006598784122616053,VIT768,0.9463922381401062
3407,4,31,0.006099198013544083,VIT768,0.98029625415802
3407,4,32,0.006016594357788563,VIT768,0.9742339849472046
3407,4,33,0.005785342305898666,VIT768,0.9811115860939026
3407,4,34,0.005657533649355173,VIT768,0.9289542436599731
3407,4,35,0.005609148647636175,VIT768,0.9939069747924805
3407,4,36,0.00519924983382225,VIT768,0.9720938205718994
3407,4,37,0.005161789711564779,VIT768,0.9804062247276306
3407,4,38,0.004964726977050304,VIT768,0.9762905836105347
3407,4,39,0.0048793102614581585,VIT768,0.9333274960517883
3407,4,40,0.0047628129832446575,VIT768,0.9536752104759216
3407,4,41,0.0047038402408361435,VIT768,0.977839469909668
3407,4,42,0.004527160432189703,VIT768,0.979576587677002
3407,4,43,0.004416530951857567,VIT768,0.9503150582313538
3407,4,44,0.004378745798021555,VIT768,0.9903102517127991
3407,4,45,0.004243794828653336,VIT768,0.9745371341705322
3407,4,46,0.004214441869407892,VIT768,0.9768296480178833
3407,4,47,0.004083545878529549,VIT768,0.9879098534584045
3407,4,48,0.003998367581516504,VIT768,0.9710105657577515
3407,4,49,0.003969159442931414,VIT768,0.9661662578582764
3407,4,50,0.003819446312263608,VIT768,0.971706211566925
3407,4,51,0.003649175865575671,VIT768,0.9797120094299316
3407,4,52,0.0036146019119769335,VIT768,0.9709071516990662
3407,4,53,0.00354758114553988,VIT768,0.9889547824859619
3407,4,54,0.0034933059941977262,VIT768,0.9819817543029785
3407,4,55,0.0034153186716139317,VIT768,0.9688243865966797
3407,4,56,0.003291182452812791,VIT768,0.9752637147903442
3407,4,57,0.003250756999477744,VIT768,0.9897696375846863
3407,4,58,0.00313751632347703,VIT768,0.9866121411323547
3407,4,59,0.003087362740188837,VIT768,0.9543919563293457
3407,4,60,0.00303352577611804,VIT768,0.9655919075012207
3407,4,61,0.0029965557623654604,VIT768,0.976311981678009
3407,4,62,0.002890374045819044,VIT768,0.9289968609809875
3407,4,63,0.0028466079384088516,VIT768,0.9638766646385193
3407,4,64,0.0028122649528086185,VIT768,0.9850934743881226
3407,4,65,0.002776253968477249,VIT768,0.9695091843605042
3407,4,66,0.0027147068176418543,VIT768,0.9700788855552673
3407,4,67,0.002669951179996133,VIT768,0.9784619808197021
3407,4,68,0.0025805828627198935,VIT768,0.9821221828460693
3407,4,69,0.00250579253770411,VIT768,0.953444242477417
3407,4,70,0.002479224931448698,VIT768,0.9805959463119507
3407,4,71,0.0024511762894690037,VIT768,0.9808621406555176
3407,4,72,0.002385511063039303,VIT768,0.9823082089424133
3407,4,73,0.0023458495270460844,VIT768,0.9832274317741394
3407,4,74,0.002268039621412754,VIT768,0.9947119951248169
3407,4,75,0.0022410510573536158,VIT768,0.9815575480461121
3407,4,76,0.0022078626789152622,VIT768,0.985823929309845
3407,4,77,0.0021478557027876377,VIT768,0.9851505160331726
3407,4,78,0.002108840038999915,VIT768,0.9683010578155518
3407,4,79,0.0020731231197714806,VIT768,0.9795030355453491
3407,4,80,0.0020537683740258217,VIT768,0.9762648344039917
3407,4,81,0.0020110958721488714,VIT768,0.9749560356140137
3407,4,82,0.002001518150791526,VIT768,0.957797646522522
3407,4,83,0.001969735138118267,VIT768,0.9708684682846069
3407,4,84,0.0019037185702472925,VIT768,0.977873682975769
3407,4,85,0.0018808780005201697,VIT768,0.9775183200836182
3407,4,86,0.001851739827543497,VIT768,0.9884847402572632
3407,4,87,0.0018248155247420073,VIT768,0.9828156232833862
3407,4,88,0.0018112837569788098,VIT768,0.9663604497909546
3407,4,89,0.0018009146442636847,VIT768,0.9799597263336182
3407,4,90,0.0017544825095683336,VIT768,0.9694798588752747
3407,4,91,0.0017135035013779998,VIT768,0.9869115948677063
3407,4,92,0.0017034421907737851,VIT768,0.9790443778038025
3407,4,93,0.001666523632593453,VIT768,0.9796707630157471
3407,4,94,0.0016262773424386978,VIT768,0.9853101968765259
3407,4,95,0.001587568549439311,VIT768,0.9758881330490112
3407,4,96,0.0015811097109690309,VIT768,0.9844013452529907
3407,4,97,0.001522177830338478,VIT768,0.9810116291046143
3407,4,98,0.001501318416558206,VIT768,0.9654146432876587
3407,4,99,0.001475415425375104,VIT768,0.9745455384254456
3407,4,100,0.0014524341095238924,VIT768,0.9567601084709167
3407,4,101,0.001438730861991644,VIT768,0.9846053123474121
3407,4,102,0.0014217991847544909,VIT768,0.9867814779281616
3407,4,103,0.0013651656918227673,VIT768,0.9890402555465698
3407,4,104,0.0013381645549088717,VIT768,0.9577289819717407
3407,4,105,0.001335061970166862,VIT768,0.9803633689880371
3407,4,106,0.001319868490099907,VIT768,0.9901041984558105
3407,4,107,0.0013080888893455267,VIT768,0.9941611289978027
3407,4,108,0.001280608936212957,VIT768,0.9807092547416687
3407,4,109,0.0012592924758791924,VIT768,0.9726190567016602
3407,4,110,0.001249224878847599,VIT768,0.9671972990036011
3407,4,111,0.0012378903338685632,VIT768,0.9753974676132202
3407,4,112,0.0012282074894756079,VIT768,0.9572514295578003
3407,4,113,0.0011940395925194025,VIT768,0.9770525693893433
3407,4,114,0.0011839295038953424,VIT768,0.9842534065246582
3407,4,115,0.0011498010717332363,VIT768,0.9478819966316223
3407,4,116,0.0011055063223466277,VIT768,0.9876387119293213
3407,4,117,0.0010870863916352391,VIT768,0.9676017165184021
3407,4,118,0.0010812837863340974,VIT768,0.9812309741973877
3407,4,119,0.0010767816565930843,VIT768,0.9877637624740601
3407,4,120,0.0010524644749239087,VIT768,0.9599246978759766
3407,4,121,0.001039341208525002,VIT768,0.9802608489990234
3407,4,122,0.0010211761109530926,VIT768,0.9895736575126648
3407,4,123,0.001002624281682074,VIT768,0.9851893186569214
3407,4,124,0.000987744890153408,VIT768,0.9853845238685608
3407,4,125,0.0009773753117769957,VIT768,0.9827086925506592
3407,4,126,0.0009494491969235241,VIT768,0.9924963116645813
3407,4,127,0.0009309996385127306,VIT768,0.9722319841384888
3407,4,128,0.0009248859714716673,VIT768,0.9682072401046753
3407,5,1,0.11877436935901642,COLOR9,0.015994982793927193
3407,5,2,0.06402372568845749,COLOR9,0.004714001901447773
3407,5,3,0.054741960018873215,COLOR9,0.022612763568758965
3407,5,4,0.053043950349092484,COLOR9,0.004765419755131006
3407,5,5,0.03464237228035927,COLOR9,0.021935494616627693
3407,5,6,0.03278852254152298,COLOR9,0.0010019037872552872
3407,5,7,0.029580071568489075,COLOR9,0.01852414384484291
3407,5,8,0.02580542489886284,COLOR9,0.015005191788077354
3407,5,9,0.02272215485572815,COLOR9,0.0036791705060750246
3407,5,10,0.021108616143465042,COLOR9,0.0024092698004096746
3407,5,11,0.01930355466902256,COLOR9,0.0042427340522408485
3407,5,12,0.018899567425251007,COLOR9,0.008505457080900669
3407,5,13,0.016213933005928993,COLOR9,0.015803325921297073
3407,5,14,0.014693105593323708,COLOR9,0.015324417501688004
3407,5,15,0.01264610979706049,COLOR9,0.0028723478317260742
3407,5,16,0.01207122765481472,COLOR9,0.009507125243544579
3407,5,17,0.011673214845359325,COLOR9,0.011432511731982231
3407,5,18,0.011279637925326824,COLOR9,0.02963881567120552
3407,5,19,0.011074248701334,COLOR9,0.004043571650981903
3407,5,20,0.01065722107887268,COLOR9,0.00675981305539608
3407,5,21,0.009781367145478725,COLOR9,0.00965443067252636
3407,5,22,0.009582586586475372,COLOR9,0.008835959248244762
3407,5,23,0.009384633041918278,COLOR9,0.012803017161786556
3407,5,24,0.008912411518394947,COLOR9,0.010814536362886429
3407,5,25,0.008472640998661518,COLOR9,0.010214102454483509
3407,5,26,0.008001325652003288,COLOR9,0.008051907643675804
3407,5,27,0.0071992529556155205,COLOR9,0.003930527716875076
3407,5,28,0.007166457828134298,COLOR9,0.0035299595911055803
3407,5,29,0.006662935484200716,COLOR9,0.003855158342048526
3407,5,30,0.006507512181997299,COLOR9,0.012809554114937782
3407,5,31,0.006315584294497967,COLOR9,0.0066030495800077915
3407,5,32,0.006190584506839514,COLOR9,0.006284141447395086
3407,5,33,0.00603581964969635,COLOR9,0.0010214030044153333
3407,5,34,0.005595368333160877,COLOR9,0.009098038077354431
3407,5,35,0.0055167353712022305,COLOR9,0.025742219761013985
3407,5,36,0.0054364195093512535,COLOR9,0.010105651803314686
3407,5,37,0.005246113520115614,COLOR9,0.02633945643901825
3407,5,38,0.005174171179533005,COLOR9,0.012656856328248978
3407,5,39,0.004920777399092913,COLOR9,0.007915296591818333
3407,5,40,0.004871181678026915,COLOR9,0.008972147479653358
3407,5,41,0.004748830106109381,COLOR9,0.006064975634217262
3407,5,42,0.004487342666834593,COLOR9,0.004873005673289299
3407,5,43,0.004369935020804405,COLOR9,0.01767932064831257
3407,5,44,0.004325037822127342,COLOR9,0.008054256439208984
3407,5,45,0.004228001926094294,COLOR9,0.008104691281914711
3407,5,46,0.004040057770907879,COLOR9,0.012683928944170475
3407,5,47,0.003977461718022823,COLOR9,0.010568959638476372
3407,5,48,0.003943545278161764,COLOR9,0.0077188159339129925
3407,5,49,0.0038046580739319324,COLOR9,0.012304313480854034
3407,5,50,0.003744010580703616,COLOR9,0.004004832357168198
3407,5,51,0.0037076789885759354,COLOR9,0.00816015712916851
3407,5,52,0.003537054406479001,COLOR9,0.04057691991329193
3407,5,53,0.0035210594069212675,COLOR9,0.010239080525934696
3407,5,54,0.003450609976425767,COLOR9,0.01849631406366825
3407,5,55,0.003379975911229849,COLOR9,0.011709814891219139
3407,5,56,0.0032998332753777504,COLOR9,0.002043405082076788
3407,5,57,0.0032076674979180098,COLOR9,0.010599110275506973
3407,5,58,0.003140117274597287,COLOR9,0.02034471370279789
3407,5,59,0.003034640569239855,COLOR9,0.020754780620336533
3407,5,60,0.0030132036190479994,COLOR9,0.01846027746796608
3407,5,61,0.002901501953601837,COLOR9,0.012351942248642445
3407,5,62,0.0028565998654812574,COLOR9,0.005364014767110348
3407,5,63,0.002840076107531786,COLOR9,0.006936949677765369
3407,5,64,0.0028076604939997196,COLOR9,0.016579238697886467
3407,5,65,0.002746979473158717,COLOR9,0.005870560184121132
3407,5,66,0.002701906720176339,COLOR9,0.006854856852442026
3407,5,67,0.0026360887568444014,COLOR9,0.010659311898052692
3407,5,68,0.002589185256510973,COLOR9,0.004733387380838394
3407,5,69,0.0025255579967051744,COLOR9,0.03397746384143829
3407,5,70,0.0024593668058514595,COLOR9,0.006968923378735781
3407,5,71,0.002421155571937561,COLOR9,0.0054068611934781075
3407,5,72,0.002359037520363927,COLOR9,0.021576354280114174
3407,5,73,0.0023374385200440884,COLOR9,0.030051931738853455
3407,5,74,0.002238874789327383,COLOR9,0.0044093057513237
3407,5,75,0.0022196974605321884,COLOR9,0.013198417611420155
3407,5,76,0.0021869484335184097,COLOR9,0.003724341280758381
3407,5,77,0.002162962919101119,COLOR9,0.01751706749200821
3407,5,78,0.0021281365770846605,COLOR9,0.01952112466096878
3407,5,79,0.002083718776702881,COLOR9,0.012084567919373512
3407,5,80,0.002016558311879635,COLOR9,0.008313986472785473
3407,5,81,0.002004681620746851,COLOR9,0.006661278661340475
3407,5,82,0.0019987577106803656,COLOR9,0.004719529766589403
3407,5,83,0.001911739818751812,COLOR9,0.007682417519390583
3407,5,84,0.0018881261348724365,COLOR9,0.007286138832569122
3407,5,85,0.001871134852990508,COLOR9,0.0038944310508668423
3407,5,86,0.0018191676354035735,COLOR9,0.009783163666725159
3407,5,87,0.0018099653534591198,COLOR9,0.009536072611808777
3407,5,88,0.0017739117611199617,COLOR9,0.0020733249839395285
3407,5,89,0.0017576508689671755,COLOR9,0.020436083897948265
3407,5,90,0.0017312734853476286,COLOR9,0.004916968289762735
3407,5,91,0.0016827312065288424,COLOR9,0.01143020112067461
3407,5,92,0.0016733991215005517,COLOR9,0.011459200643002987
3407,5,93,0.0016080851200968027,COLOR9,0.00861204881221056
3407,5,94,0.0015969472005963326,COLOR9,0.006519724614918232
3407,5,95,0.0015785692958161235,COLOR9,0.010707199573516846
3407,5,96,0.001536475378088653,COLOR9,0.007599562406539917
3407,5,97,0.0015203302027657628,COLOR9,0.006235652603209019
3407,5,98,0.0015097800642251968,COLOR9,0.015978366136550903
3407,5,99,0.0014937908854335546,COLOR9,0.0012116204015910625
3407,5,100,0.0014837898779660463,COLOR9,0.0136075709015131
3407,5,101,0.0014385248068720102,COLOR9,0.016778483986854553
3407,5,102,0.0014280389295890927,COLOR9,0.004828648641705513
3407,5,103,0.001405808376148343,COLOR9,0.007485153619199991
3407,5,104,0.0013921029167249799,COLOR9,0.011059137061238289
3407,5,105,0.0013620051322504878,COLOR9,0.0038703829050064087
3407,5,106,0.0013424589997157454,COLOR9,0.005696325562894344
3407,5,107,0.001322656637057662,COLOR9,0.018009303137660027
3407,5,108,0.0012902902672067285,COLOR9,0.006942296866327524
3407,5,109,0.0012772385962307453,COLOR9,0.007937388494610786
3407,5,110,0.0012731135357171297,COLOR9,0.019874123856425285
3407,5,111,0.001249701133929193,COLOR9,0.016422072425484657
3407,5,112,0.0012449503410607576,COLOR9,0.007825936190783978
3407,5,113,0.0012073642574250698,COLOR9,0.009362027049064636
3407,5,114,0.0011825639521703124,COLOR9,0.002513450337573886
3407,5,115,0.0011547630419954658,COLOR9,0.008004840463399887
3407,5,116,0.0011315923184156418,COLOR9,0.009016452357172966
3407,5,117,0.001113349455408752,COLOR9,0.002445000223815441
3407,5,118,0.0011115078814327717,COLOR9,0.012255406007170677
3407,5,119,0.001084039337001741,COLOR9,0.0070592802949249744
3407,5,120,0.00105003931093961,COLOR9,0.018177606165409088
3407,5,121,0.0010442553320899606,COLOR9,0.0039212447591125965
3407,5,122,0.0010234344517812133,COLOR9,0.011532315984368324
3407,5,123,0.0010217478265985847,COLOR9,0.013699346221983433
3407,5,124,0.0010059098713099957,COLOR9,0.008324315771460533
3407,5,125,0.0009980652248486876,COLOR9,0.0026853233575820923
3407,5,126,0.0009648023406043649,COLOR9,0.00888639222830534
3407,5,127,0.0009619338088668883,COLOR9,0.015377125702798367
3407,5,128,0.0009490911033935845,COLOR9,0.009402943775057793
3407,5,1,0.11877436935901642,LBP18,0.10598877817392349
3407,5,2,0.06402372568845749,LBP18,0.0068423571065068245
3407,5,3,0.054741960018873215,LBP18,0.012631089426577091
3407,5,4,0.053043950349092484,LBP18,0.0008240074967034161
3407,5,5,0.03464237228035927,LBP18,0.03514925017952919
3407,5,6,0.03278852254152298,LBP18,0.00905204750597477
3407,5,7,0.029580071568489075,LBP18,0.003776470199227333
3407,5,8,0.02580542489886284,LBP18,0.0027569381054490805
3407,5,9,0.02272215485572815,LBP18,0.011204992420971394
3407,5,10,0.021108616143465042,LBP18,0.006676908582448959
3407,5,11,0.01930355466902256,LBP18,0.00455517927184701
3407,5,12,0.018899567425251007,LBP18,0.013845307752490044
3407,5,13,0.016213933005928993,LBP18,0.01712089031934738
3407,5,14,0.014693105593323708,LBP18,0.013553260825574398
3407,5,15,0.01264610979706049,LBP18,0.014328178949654102
3407,5,16,0.01207122765481472,LBP18,0.009611474350094795
3407,5,17,0.011673214845359325,LBP18,0.023989230394363403
3407,5,18,0.011279637925326824,LBP18,0.03446339815855026
3407,5,19,0.011074248701334,LBP18,0.028942208737134933
3407,5,20,0.01065722107887268,LBP18,0.01963653974235058
3407,5,21,0.009781367145478725,LBP18,0.0037031734827905893
3407,5,22,0.009582586586475372,LBP18,0.03150124102830887
3407,5,23,0.009384633041918278,LBP18,0.007110618520528078
3407,5,24,0.008912411518394947,LBP18,0.0025016814470291138
3407,5,25,0.008472640998661518,LBP18,0.028851822018623352
3407,5,26,0.008001325652003288,LBP18,0.0010264718439429998
3407,5,27,0.0071992529556155205,LBP18,0.03188632056117058
3407,5,28,0.007166457828134298,LBP18,0.006389412097632885
3407,5,29,0.006662935484200716,LBP18,0.0007317083654925227
3407,5,30,0.006507512181997299,LBP18,0.010198336094617844
3407,5,31,0.006315584294497967,LBP18,0.018257440999150276
3407,5,32,0.006190584506839514,LBP18,0.0220638494938612
3407,5,33,0.00603581964969635,LBP18,0.020557764917612076
3407,5,34,0.005595368333160877,LBP18,0.013233543373644352
3407,5,35,0.0055167353712022305,LBP18,0.002198331756517291
3407,5,36,0.0054364195093512535,LBP18,0.04679602012038231
3407,5,37,0.005246113520115614,LBP18,0.0047716679982841015
3407,5,38,0.005174171179533005,LBP18,0.01428280770778656
3407,5,39,0.004920777399092913,LBP18,0.06546257436275482
3407,5,40,0.004871181678026915,LBP18,0.014660043641924858
3407,5,41,0.004748830106109381,LBP18,0.002020497340708971
3407,5,42,0.004487342666834593,LBP18,0.0018686321564018726
3407,5,43,0.004369935020804405,LBP18,0.007081508170813322
3407,5,44,0.004325037822127342,LBP18,0.017377492040395737
3407,5,45,0.004228001926094294,LBP18,0.0006064577610231936
3407,5,46,0.004040057770907879,LBP18,0.000689880340360105
3407,5,47,0.003977461718022823,LBP18,0.01882239617407322
3407,5,48,0.003943545278161764,LBP18,0.02486773021519184
3407,5,49,0.0038046580739319324,LBP18,0.008104219101369381
3407,5,50,0.003744010580703616,LBP18,0.009140361100435257
3407,5,51,0.0037076789885759354,LBP18,0.005685968324542046
3407,5,52,0.003537054406479001,LBP18,0.0036507260520011187
3407,5,53,0.0035210594069212675,LBP18,0.001112259109504521
3407,5,54,0.003450609976425767,LBP18,0.001141230808570981
3407,5,55,0.003379975911229849,LBP18,0.024096284061670303
3407,5,56,0.0032998332753777504,LBP18,0.003975767642259598
3407,5,57,0.0032076674979180098,LBP18,0.004334110766649246
3407,5,58,0.003140117274597287,LBP18,0.017201580107212067
3407,5,59,0.003034640569239855,LBP18,0.0024794614873826504
3407,5,60,0.0030132036190479994,LBP18,0.004373750649392605
3407,5,61,0.002901501953601837,LBP18,0.007756153121590614
3407,5,62,0.0028565998654812574,LBP18,0.009750748984515667
3407,5,63,0.002840076107531786,LBP18,0.0113179050385952
3407,5,64,0.0028076604939997196,LBP18,0.0018151112599298358
3407,5,65,0.002746979473158717,LBP18,0.0014859476359561086
3407,5,66,0.002701906720176339,LBP18,0.006748379673808813
3407,5,67,0.0026360887568444014,LBP18,0.0023058659862726927
3407,5,68,0.002589185256510973,LBP18,0.010031952522695065
3407,5,69,0.0025255579967051744,LBP18,0.013086404651403427
3407,5,70,0.0024593668058514595,LBP18,0.027070175856351852
3407,5,71,0.002421155571937561,LBP18,0.005068561993539333
3407,5,72,0.002359037520363927,LBP18,0.01834799349308014
3407,5,73,0.0023374385200440884,LBP18,0.02948732301592827
3407,5,74,0.002238874789327383,LBP18,0.004210987128317356
3407,5,75,0.0022196974605321884,LBP18,0.008337130770087242
3407,5,76,0.0021869484335184097,LBP18,0.004846638068556786
3407,5,77,0.002162962919101119,LBP18,0.008377821184694767
3407,5,78,0.0021281365770846605,LBP18,0.00741290207952261
3407,5,79,0.002083718776702881,LBP18,0.005365391261875629
3407,5,80,0.002016558311879635,LBP18,0.00435281777754426
3407,5,81,0.002004681620746851,LBP18,0.007102781441062689
3407,5,82,0.0019987577106803656,LBP18,0.007413951214402914
3407,5,83,0.001911739818751812,LBP18,0.001258932170458138
3407,5,84,0.0018881261348724365,LBP18,0.0015839674742892385
3407,5,85,0.001871134852990508,LBP18,0.0057862731628119946
3407,5,86,0.0018191676354035735,LBP18,0.00643199821934104
3407,5,87,0.0018099653534591198,LBP18,0.008477555587887764
3407,5,88,0.0017739117611199617,LBP18,0.0068771690130233765
3407,5,89,0.0017576508689671755,LBP18,0.011872442439198494
3407,5,90,0.0017312734853476286,LBP18,0.001956888474524021
3407,5,91,0.0016827312065288424,LBP18,0.0060656433925032616
3407,5,92,0.0016733991215005517,LBP18,0.0046785371378064156
3407,5,93,0.0016080851200968027,LBP18,0.003980992361903191
3407,5,94,0.0015969472005963326,LBP18,0.004045485518872738
3407,5,95,0.0015785692958161235,LBP18,0.0037335879169404507
3407,5,96,0.001536475378088653,LBP18,0.014328306540846825
3407,5,97,0.0015203302027657628,LBP18,0.003337081288918853
3407,5,98,0.0015097800642251968,LBP18,0.004065954592078924
3407,5,99,0.0014937908854335546,LBP18,0.011242193169891834
3407,5,100,0.0014837898779660463,LBP18,0.005159128922969103
3407,5,101,0.0014385248068720102,LBP18,0.0012592143611982465
3407,5,102,0.0014280389295890927,LBP18,0.010990171693265438
3407,5,103,0.001405808376148343,LBP18,0.010695579461753368
3407,5,104,0.0013921029167249799,LBP18,0.0021316506899893284
3407,5,105,0.0013620051322504878,LBP18,0.0048744152300059795
3407,5,106,0.0013424589997157454,LBP18,0.005854830611497164
3407,5,107,0.001322656637057662,LBP18,0.011756298132240772
3407,5,108,0.0012902902672067285,LBP18,0.004588560666888952
3407,5,109,0.0012772385962307453,LBP18,0.02230251394212246
3407,5,110,0.0012731135357171297,LBP18,0.006492847576737404
3407,5,111,0.001249701133929193,LBP18,0.004834500141441822
3407,5,112,0.0012449503410607576,LBP18,0.008198428899049759
3407,5,113,0.0012073642574250698,LBP18,0.0025015200953930616
3407,5,114,0.0011825639521703124,LBP18,0.002793980995193124
3407,5,115,0.0011547630419954658,LBP18,0.0036195258144289255
3407,5,116,0.0011315923184156418,LBP18,0.016337452456355095
3407,5,117,0.001113349455408752,LBP18,0.007002723403275013
3407,5,118,0.0011115078814327717,LBP18,0.006790861953049898
3407,5,119,0.001084039337001741,LBP18,0.006549829617142677
3407,5,120,0.00105003931093961,LBP18,0.005562506150454283
3407,5,121,0.0010442553320899606,LBP18,0.009772798046469688
3407,5,122,0.0010234344517812133,LBP18,0.011157323606312275
3407,5,123,0.0010217478265985847,LBP18,0.0023107409942895174
3407,5,124,0.0010059098713099957,LBP18,0.00946766883134842
3407,5,125,0.0009980652248486876,LBP18,0.005109441466629505
3407,5,126,0.0009648023406043649,LBP18,0.008882670663297176
3407,5,127,0.0009619338088668883,LBP18,0.006245340686291456
3407,5,128,0.0009490911033935845,LBP18,0.029617223888635635
3407,5,1,0.11877436935901642,HARALICK5,0.007069332059472799
3407,5,2,0.06402372568845749,HARALICK5,0.012129121460020542
3407,5,3,0.054741960018873215,HARALICK5,0.024121591821312904
3407,5,4,0.053043950349092484,HARALICK5,0.000772752973716706
3407,5,5,0.03464237228035927,HARALICK5,0.0020075321663171053
3407,5,6,0.03278852254152298,HARALICK5,0.0018175820587202907
3407,5,7,0.029580071568489075,HARALICK5,0.0011228661751374602
3407,5,8,0.02580542489886284,HARALICK5,0.010023137554526329
3407,5,9,0.02272215485572815,HARALICK5,0.003652387298643589
3407,5,10,0.021108616143465042,HARALICK5,0.0011509198229759932
3407,5,11,0.01930355466902256,HARALICK5,0.0006856023683212698
3407,5,12,0.018899567425251007,HARALICK5,0.008242378011345863
3407,5,13,0.016213933005928993,HARALICK5,0.01028487365692854
3407,5,14,0.014693105593323708,HARALICK5,0.003918842878192663
3407,5,15,0.01264610979706049,HARALICK5,0.003919064067304134
3407,5,16,0.01207122765481472,HARALICK5,0.00483034597709775
3407,5,17,0.011673214845359325,HARALICK5,0.007389148697257042
3407,5,18,0.011279637925326824,HARALICK5,0.00752249825745821
3407,5,19,0.011074248701334,HARALICK5,0.004508363548666239
3407,5,20,0.01065722107887268,HARALICK5,0.002478554844856262
3407,5,21,0.009781367145478725,HARALICK5,0.002677442505955696
3407,5,22,0.009582586586475372,HARALICK5,0.014221949502825737
3407,5,23,0.009384633041918278,HARALICK5,0.0020620888099074364
3407,5,24,0.008912411518394947,HARALICK5,0.0008297211024910212
3407,5,25,0.008472640998661518,HARALICK5,0.0025996877811849117
3407,5,26,0.008001325652003288,HARALICK5,0.0018577908631414175
3407,5,27,0.0071992529556155205,HARALICK5,0.0025090232957154512
3407,5,28,0.007166457828134298,HARALICK5,0.0015046204207465053
3407,5,29,0.006662935484200716,HARALICK5,0.00237188464961946
3407,5,30,0.006507512181997299,HARALICK5,0.005876833572983742
3407,5,31,0.006315584294497967,HARALICK5,0.006070931442081928
3407,5,32,0.006190584506839514,HARALICK5,0.006961726117879152
3407,5,33,0.00603581964969635,HARALICK5,0.003014187328517437
3407,5,34,0.005595368333160877,HARALICK5,0.004031679127365351
3407,5,35,0.0055167353712022305,HARALICK5,0.005176725331693888
3407,5,36,0.0054364195093512535,HARALICK5,0.01029018871486187
3407,5,37,0.005246113520115614,HARALICK5,0.0043867952190339565
3407,5,38,0.005174171179533005,HARALICK5,0.002583425957709551
3407,5,39,0.004920777399092913,HARALICK5,0.010696791112422943
3407,5,40,0.004871181678026915,HARALICK5,0.0041348873637616634
3407,5,41,0.004748830106109381,HARALICK5,0.016247300431132317
3407,5,42,0.004487342666834593,HARALICK5,0.0031267106533050537
3407,5,43,0.004369935020804405,HARALICK5,0.0032443611416965723
3407,5,44,0.004325037822127342,HARALICK5,0.0014107170281931758
3407,5,45,0.004228001926094294,HARALICK5,0.0011704430216923356
3407,5,46,0.004040057770907879,HARALICK5,0.0039254543371498585
3407,5,47,0.003977461718022823,HARALICK5,0.002852646866813302
3407,5,48,0.003943545278161764,HARALICK5,0.0066415476612746716
3407,5,49,0.0038046580739319324,HARALICK5,0.0020890049636363983
3407,5,50,0.003744010580703616,HARALICK5,0.0010716688120737672
3407,5,51,0.0037076789885759354,HARALICK5,0.0015177578898146749
3407,5,52,0.003537054406479001,HARALICK5,0.0044505107216537
3407,5,53,0.0035210594069212675,HARALICK5,0.0031450334936380386
3407,5,54,0.003450609976425767,HARALICK5,0.0023042261600494385
3407,5,55,0.003379975911229849,HARALICK5,0.008308202028274536
3407,5,56,0.0032998332753777504,HARALICK5,0.0009367982856929302
3407,5,57,0.0032076674979180098,HARALICK5,0.00037964410148561
3407,5,58,0.003140117274597287,HARALICK5,0.007368740160018206
3407,5,59,0.003034640569239855,HARALICK5,0.003960978239774704
3407,5,60,0.0030132036190479994,HARALICK5,0.0008239383460022509
3407,5,61,0.002901501953601837,HARALICK5,0.015255585312843323
3407,5,62,0.0028565998654812574,HARALICK5,0.002608546521514654
3407,5,63,0.002840076107531786,HARALICK5,0.007889934815466404
3407,5,64,0.0028076604939997196,HARALICK5,0.011465819552540779
3407,5,65,0.002746979473158717,HARALICK5,0.0002234033599961549
3407,5,66,0.002701906720176339,HARALICK5,0.0027602864429354668
3407,5,67,0.0026360887568444014,HARALICK5,0.00696305837482214
3407,5,68,0.002589185256510973,HARALICK5,0.0025788485072553158
3407,5,69,0.0025255579967051744,HARALICK5,0.020442647859454155
3407,5,70,0.0024593668058514595,HARALICK5,0.004674276802688837
3407,5,71,0.002421155571937561,HARALICK5,0.004230996128171682
3407,5,72,0.002359037520363927,HARALICK5,0.0044474294409155846
3407,5,73,0.0023374385200440884,HARALICK5,0.004106171894818544
3407,5,74,0.002238874789327383,HARALICK5,0.007965409196913242
3407,5,75,0.0022196974605321884,HARALICK5,0.010522479191422462
3407,5,76,0.0021869484335184097,HARALICK5,0.0030308261048048735
3407,5,77,0.002162962919101119,HARALICK5,0.003722786670550704
3407,5,78,0.0021281365770846605,HARALICK5,0.0023539618123322725
3407,5,79,0.002083718776702881,HARALICK5,0.002231610706076026
3407,5,80,0.002016558311879635,HARALICK5,0.0017712002154439688
3407,5,81,0.002004681620746851,HARALICK5,0.007094766013324261
3407,5,82,0.0019987577106803656,HARALICK5,0.00522270891815424
3407,5,83,0.001911739818751812,HARALICK5,0.0014947864692658186
3407,5,84,0.0018881261348724365,HARALICK5,0.0024142868351191282
3407,5,85,0.001871134852990508,HARALICK5,0.003589964471757412
3407,5,86,0.0018191676354035735,HARALICK5,0.0015291718300431967
3407,5,87,0.0018099653534591198,HARALICK5,0.00619917269796133
3407,5,88,0.0017739117611199617,HARALICK5,0.0010272994404658675
3407,5,89,0.0017576508689671755,HARALICK5,0.0063885413110256195
3407,5,90,0.0017312734853476286,HARALICK5,0.004051156807690859
3407,5,91,0.0016827312065288424,HARALICK5,0.0024555621203035116
3407,5,92,0.0016733991215005517,HARALICK5,0.0031510796397924423
3407,5,93,0.0016080851200968027,HARALICK5,0.007763391826301813
3407,5,94,0.0015969472005963326,HARALICK5,0.0014264406636357307
3407,5,95,0.0015785692958161235,HARALICK5,0.004976816009730101
3407,5,96,0.001536475378088653,HARALICK5,0.00978867243975401
3407,5,97,0.0015203302027657628,HARALICK5,0.004639726132154465
3407,5,98,0.0015097800642251968,HARALICK5,0.005940693896263838
3407,5,99,0.0014937908854335546,HARALICK5,0.003073856933042407
3407,5,100,0.0014837898779660463,HARALICK5,0.0033769404981285334
3407,5,101,0.0014385248068720102,HARALICK5,0.01011164765805006
3407,5,102,0.0014280389295890927,HARALICK5,0.0005729705444537103
3407,5,103,0.001405808376148343,HARALICK5,0.008014978840947151
3407,5,104,0.0013921029167249799,HARALICK5,0.0006019232096150517
3407,5,105,0.0013620051322504878,HARALICK5,0.003124072216451168
3407,5,106,0.0013424589997157454,HARALICK5,0.006698390003293753
3407,5,107,0.001322656637057662,HARALICK5,0.014573156833648682
3407,5,108,0.0012902902672067285,HARALICK5,0.012799745425581932
3407,5,109,0.0012772385962307453,HARALICK5,0.0014862166717648506
3407,5,110,0.0012731135357171297,HARALICK5,0.0043435548432171345
3407,5,111,0.001249701133929193,HARALICK5,0.0031718756072223186
3407,5,112,0.0012449503410607576,HARALICK5,0.004231545142829418
3407,5,113,0.0012073642574250698,HARALICK5,0.0032536617945879698
3407,5,114,0.0011825639521703124,HARALICK5,0.004038875922560692
3407,5,115,0.0011547630419954658,HARALICK5,0.0025743194855749607
3407,5,116,0.0011315923184156418,HARALICK5,0.006612946279346943
3407,5,117,0.001113349455408752,HARALICK5,0.0004108767316211015
3407,5,118,0.0011115078814327717,HARALICK5,0.012350872159004211
3407,5,119,0.001084039337001741,HARALICK5,0.001077004591934383
3407,5,120,0.00105003931093961,HARALICK5,0.0202613677829504
3407,5,121,0.0010442553320899606,HARALICK5,0.015925757586956024
3407,5,122,0.0010234344517812133,HARALICK5,0.0016526184044778347
3407,5,123,0.0010217478265985847,HARALICK5,0.012326806783676147
3407,5,124,0.0010059098713099957,HARALICK5,0.004403389059007168
3407,5,125,0.0009980652248486876,HARALICK5,0.0032451944425702095
3407,5,126,0.0009648023406043649,HARALICK5,0.014459870755672455
3407,5,127,0.0009619338088668883,HARALICK5,0.0042197322472929955
3407,5,128,0.0009490911033935845,HARALICK5,0.009658756665885448
3407,5,1,0.11877436935901642,ALL_HANDCRAFTED32,0.12905308604240417
3407,5,2,0.06402372568845749,ALL_HANDCRAFTED32,0.023685481399297714
3407,5,3,0.054741960018873215,ALL_HANDCRAFTED32,0.059365443885326385
3407,5,4,0.053043950349092484,ALL_HANDCRAFTED32,0.006362180225551128
3407,5,5,0.03464237228035927,ALL_HANDCRAFTED32,0.05909227579832077
3407,5,6,0.03278852254152298,ALL_HANDCRAFTED32,0.01187153346836567
3407,5,7,0.029580071568489075,ALL_HANDCRAFTED32,0.02342347986996174
3407,5,8,0.02580542489886284,ALL_HANDCRAFTED32,0.02778526581823826
3407,5,9,0.02272215485572815,ALL_HANDCRAFTED32,0.018536550924181938
3407,5,10,0.021108616143465042,ALL_HANDCRAFTED32,0.010237098671495914
3407,5,11,0.01930355466902256,ALL_HANDCRAFTED32,0.009483516216278076
3407,5,12,0.018899567425251007,ALL_HANDCRAFTED32,0.03059314377605915
3407,5,13,0.016213933005928993,ALL_HANDCRAFTED32,0.04320908710360527
3407,5,14,0.014693105593323708,ALL_HANDCRAFTED32,0.03279652073979378
3407,5,15,0.01264610979706049,ALL_HANDCRAFTED32,0.02111959084868431
3407,5,16,0.01207122765481472,ALL_HANDCRAFTED32,0.023948945105075836
3407,5,17,0.011673214845359325,ALL_HANDCRAFTED32,0.04281088709831238
3407,5,18,0.011279637925326824,ALL_HANDCRAFTED32,0.07162471115589142
3407,5,19,0.011074248701334,ALL_HANDCRAFTED32,0.03749414160847664
3407,5,20,0.01065722107887268,ALL_HANDCRAFTED32,0.02887490950524807
3407,5,21,0.009781367145478725,ALL_HANDCRAFTED32,0.016035046428442
3407,5,22,0.009582586586475372,ALL_HANDCRAFTED32,0.05455914884805679
3407,5,23,0.009384633041918278,ALL_HANDCRAFTED32,0.021975724026560783
3407,5,24,0.008912411518394947,ALL_HANDCRAFTED32,0.01414593867957592
3407,5,25,0.008472640998661518,ALL_HANDCRAFTED32,0.041665613651275635
3407,5,26,0.008001325652003288,ALL_HANDCRAFTED32,0.010936169885098934
3407,5,27,0.0071992529556155205,ALL_HANDCRAFTED32,0.038325872272253036
3407,5,28,0.007166457828134298,ALL_HANDCRAFTED32,0.011423991993069649
3407,5,29,0.006662935484200716,ALL_HANDCRAFTED32,0.0069587514735758305
3407,5,30,0.006507512181997299,ALL_HANDCRAFTED32,0.028884723782539368
3407,5,31,0.006315584294497967,ALL_HANDCRAFTED32,0.030931420624256134
3407,5,32,0.006190584506839514,ALL_HANDCRAFTED32,0.03530971705913544
3407,5,33,0.00603581964969635,ALL_HANDCRAFTED32,0.024593356996774673
3407,5,34,0.005595368333160877,ALL_HANDCRAFTED32,0.02636326104402542
3407,5,35,0.0055167353712022305,ALL_HANDCRAFTED32,0.033117279410362244
3407,5,36,0.0054364195093512535,ALL_HANDCRAFTED32,0.06719186156988144
3407,5,37,0.005246113520115614,ALL_HANDCRAFTED32,0.03549791872501373
3407,5,38,0.005174171179533005,ALL_HANDCRAFTED32,0.0295230932533741
3407,5,39,0.004920777399092913,ALL_HANDCRAFTED32,0.08407466113567352
3407,5,40,0.004871181678026915,ALL_HANDCRAFTED32,0.027767077088356018
3407,5,41,0.004748830106109381,ALL_HANDCRAFTED32,0.024332772940397263
3407,5,42,0.004487342666834593,ALL_HANDCRAFTED32,0.009868348948657513
3407,5,43,0.004369935020804405,ALL_HANDCRAFTED32,0.028005190193653107
3407,5,44,0.004325037822127342,ALL_HANDCRAFTED32,0.026842467486858368
3407,5,45,0.004228001926094294,ALL_HANDCRAFTED32,0.00988159142434597
3407,5,46,0.004040057770907879,ALL_HANDCRAFTED32,0.017299262806773186
3407,5,47,0.003977461718022823,ALL_HANDCRAFTED32,0.0322440005838871
3407,5,48,0.003943545278161764,ALL_HANDCRAFTED32,0.03922809287905693
3407,5,49,0.0038046580739319324,ALL_HANDCRAFTED32,0.02249753847718239
3407,5,50,0.003744010580703616,ALL_HANDCRAFTED32,0.014216861687600613
3407,5,51,0.0037076789885759354,ALL_HANDCRAFTED32,0.015363885089755058
3407,5,52,0.003537054406479001,ALL_HANDCRAFTED32,0.04867815226316452
3407,5,53,0.0035210594069212675,ALL_HANDCRAFTED32,0.014496373012661934
3407,5,54,0.003450609976425767,ALL_HANDCRAFTED32,0.021941769868135452
3407,5,55,0.003379975911229849,ALL_HANDCRAFTED32,0.04411429911851883
3407,5,56,0.0032998332753777504,ALL_HANDCRAFTED32,0.006955971010029316
3407,5,57,0.0032076674979180098,ALL_HANDCRAFTED32,0.015312865376472473
3407,5,58,0.003140117274597287,ALL_HANDCRAFTED32,0.044915035367012024
3407,5,59,0.003034640569239855,ALL_HANDCRAFTED32,0.027195220813155174
3407,5,60,0.0030132036190479994,ALL_HANDCRAFTED32,0.023657968267798424
3407,5,61,0.002901501953601837,ALL_HANDCRAFTED32,0.035363681614398956
3407,5,62,0.0028565998654812574,ALL_HANDCRAFTED32,0.017723310738801956
3407,5,63,0.002840076107531786,ALL_HANDCRAFTED32,0.026144791394472122
3407,5,64,0.0028076604939997196,ALL_HANDCRAFTED32,0.02986016869544983
3407,5,65,0.002746979473158717,ALL_HANDCRAFTED32,0.007579910568892956
3407,5,66,0.002701906720176339,ALL_HANDCRAFTED32,0.01636352390050888
3407,5,67,0.0026360887568444014,ALL_HANDCRAFTED32,0.019928235560655594
3407,5,68,0.002589185256510973,ALL_HANDCRAFTED32,0.017344187945127487
3407,5,69,0.0025255579967051744,ALL_HANDCRAFTED32,0.06750651448965073
3407,5,70,0.0024593668058514595,ALL_HANDCRAFTED32,0.038713373243808746
3407,5,71,0.002421155571937561,ALL_HANDCRAFTED32,0.01470641978085041
3407,5,72,0.002359037520363927,ALL_HANDCRAFTED32,0.044371772557497025
3407,5,73,0.0023374385200440884,ALL_HANDCRAFTED32,0.06364542990922928
3407,5,74,0.002238874789327383,ALL_HANDCRAFTED32,0.0165857020765543
3407,5,75,0.0022196974605321884,ALL_HANDCRAFTED32,0.032058026641607285
3407,5,76,0.0021869484335184097,ALL_HANDCRAFTED32,0.011601805686950684
3407,5,77,0.002162962919101119,ALL_HANDCRAFTED32,0.0296176765114069
3407,5,78,0.0021281365770846605,ALL_HANDCRAFTED32,0.02928799018263817
3407,5,79,0.002083718776702881,ALL_HANDCRAFTED32,0.019681569188833237
3407,5,80,0.002016558311879635,ALL_HANDCRAFTED32,0.014438005164265633
3407,5,81,0.002004681620746851,ALL_HANDCRAFTED32,0.020858826115727425
3407,5,82,0.0019987577106803656,ALL_HANDCRAFTED32,0.017356188967823982
3407,5,83,0.001911739818751812,ALL_HANDCRAFTED32,0.010436136275529861
3407,5,84,0.0018881261348724365,ALL_HANDCRAFTED32,0.011284394189715385
3407,5,85,0.001871134852990508,ALL_HANDCRAFTED32,0.013270668685436249
3407,5,86,0.0018191676354035735,ALL_HANDCRAFTED32,0.017744334414601326
3407,5,87,0.0018099653534591198,ALL_HANDCRAFTED32,0.024212799966335297
3407,5,88,0.0017739117611199617,ALL_HANDCRAFTED32,0.00997779332101345
3407,5,89,0.0017576508689671755,ALL_HANDCRAFTED32,0.03869706764817238
3407,5,90,0.0017312734853476286,ALL_HANDCRAFTED32,0.010925013571977615
3407,5,91,0.0016827312065288424,ALL_HANDCRAFTED32,0.019951406866312027
3407,5,92,0.0016733991215005517,ALL_HANDCRAFTED32,0.019288819283246994
3407,5,93,0.0016080851200968027,ALL_HANDCRAFTED32,0.02035643346607685
3407,5,94,0.0015969472005963326,ALL_HANDCRAFTED32,0.011991651728749275
3407,5,95,0.0015785692958161235,ALL_HANDCRAFTED32,0.019417602568864822
3407,5,96,0.001536475378088653,ALL_HANDCRAFTED32,0.031716540455818176
3407,5,97,0.0015203302027657628,ALL_HANDCRAFTED32,0.014212459325790405
3407,5,98,0.0015097800642251968,ALL_HANDCRAFTED32,0.02598501555621624
3407,5,99,0.0014937908854335546,ALL_HANDCRAFTED32,0.015527669340372086
3407,5,100,0.0014837898779660463,ALL_HANDCRAFTED32,0.022143639624118805
3407,5,101,0.0014385248068720102,ALL_HANDCRAFTED32,0.02814934402704239
3407,5,102,0.0014280389295890927,ALL_HANDCRAFTED32,0.01639179140329361
3407,5,103,0.001405808376148343,ALL_HANDCRAFTED32,0.026195712387561798
3407,5,104,0.0013921029167249799,ALL_HANDCRAFTED32,0.013792711310088634
3407,5,105,0.0013620051322504878,ALL_HANDCRAFTED32,0.011868870817124844
3407,5,106,0.0013424589997157454,ALL_HANDCRAFTED32,0.018249545246362686
3407,5,107,0.001322656637057662,ALL_HANDCRAFTED32,0.04433875530958176
3407,5,108,0.0012902902672067285,ALL_HANDCRAFTED32,0.02433060295879841
3407,5,109,0.0012772385962307453,ALL_HANDCRAFTED32,0.03172612190246582
3407,5,110,0.0012731135357171297,ALL_HANDCRAFTED32,0.030710525810718536
3407,5,111,0.001249701133929193,ALL_HANDCRAFTED32,0.02442844770848751
3407,5,112,0.0012449503410607576,ALL_HANDCRAFTED32,0.020255912095308304
3407,5,113,0.0012073642574250698,ALL_HANDCRAFTED32,0.01511720847338438
3407,5,114,0.0011825639521703124,ALL_HANDCRAFTED32,0.009346307255327702
3407,5,115,0.0011547630419954658,ALL_HANDCRAFTED32,0.014198685996234417
3407,5,116,0.0011315923184156418,ALL_HANDCRAFTED32,0.03196685388684273
3407,5,117,0.001113349455408752,ALL_HANDCRAFTED32,0.009858600795269012
3407,5,118,0.0011115078814327717,ALL_HANDCRAFTED32,0.03139714151620865
3407,5,119,0.001084039337001741,ALL_HANDCRAFTED32,0.014686115086078644
3407,5,120,0.00105003931093961,ALL_HANDCRAFTED32,0.04400147870182991
3407,5,121,0.0010442553320899606,ALL_HANDCRAFTED32,0.02961980178952217
3407,5,122,0.0010234344517812133,ALL_HANDCRAFTED32,0.024342257529497147
3407,5,123,0.0010217478265985847,ALL_HANDCRAFTED32,0.028336893767118454
3407,5,124,0.0010059098713099957,ALL_HANDCRAFTED32,0.022195374593138695
3407,5,125,0.0009980652248486876,ALL_HANDCRAFTED32,0.011039959266781807
3407,5,126,0.0009648023406043649,ALL_HANDCRAFTED32,0.03222893178462982
3407,5,127,0.0009619338088668883,ALL_HANDCRAFTED32,0.025842197239398956
3407,5,128,0.0009490911033935845,ALL_HANDCRAFTED32,0.0486789233982563
3407,5,1,0.11877436935901642,VIT768,0.870948076248169
3407,5,2,0.06402372568845749,VIT768,0.9763143062591553
3407,5,3,0.054741960018873215,VIT768,0.9406346678733826
3407,5,4,0.053043950349092484,VIT768,0.9936373233795166
3407,5,5,0.03464237228035927,VIT768,0.9409074783325195
3407,5,6,0.03278852254152298,VIT768,0.988129198551178
3407,5,7,0.029580071568489075,VIT768,0.9765757322311401
3407,5,8,0.02580542489886284,VIT768,0.9722145795822144
3407,5,9,0.02272215485572815,VIT768,0.9814629554748535
3407,5,10,0.021108616143465042,VIT768,0.9897621273994446
3407,5,11,0.01930355466902256,VIT768,0.990516185760498
3407,5,12,0.018899567425251007,VIT768,0.9694066047668457
3407,5,13,0.016213933005928993,VIT768,0.9567902088165283
3407,5,14,0.014693105593323708,VIT768,0.9672021865844727
3407,5,15,0.01264610979706049,VIT768,0.9788800477981567
3407,5,16,0.01207122765481472,VIT768,0.9760499000549316
3407,5,17,0.011673214845359325,VIT768,0.9571888446807861
3407,5,18,0.011279637925326824,VIT768,0.9283748865127563
3407,5,19,0.011074248701334,VIT768,0.9625055193901062
3407,5,20,0.01065722107887268,VIT768,0.9711247682571411
3407,5,21,0.009781367145478725,VIT768,0.9839648008346558
3407,5,22,0.009582586586475372,VIT768,0.9454399347305298
3407,5,23,0.009384633041918278,VIT768,0.9780240058898926
3407,5,24,0.008912411518394947,VIT768,0.9858537912368774
3407,5,25,0.008472640998661518,VIT768,0.9583343267440796
3407,5,26,0.008001325652003288,VIT768,0.9890645742416382
3407,5,27,0.0071992529556155205,VIT768,0.9616739153862
3407,5,28,0.007166457828134298,VIT768,0.9885761141777039
3407,5,29,0.006662935484200716,VIT768,0.9930417537689209
3407,5,30,0.006507512181997299,VIT768,0.9711148738861084
3407,5,31,0.006315584294497967,VIT768,0.9690683484077454
3407,5,32,0.006190584506839514,VIT768,0.9646902680397034
3407,5,33,0.00603581964969635,VIT768,0.9754067063331604
3407,5,34,0.005595368333160877,VIT768,0.9736364483833313
3407,5,35,0.0055167353712022305,VIT768,0.9668833613395691
3407,5,36,0.0054364195093512535,VIT768,0.9328084588050842
3407,5,37,0.005246113520115614,VIT768,0.9645020961761475
3407,5,38,0.005174171179533005,VIT768,0.9704769849777222
3407,5,39,0.004920777399092913,VIT768,0.9159255027770996
3407,5,40,0.004871181678026915,VIT768,0.9722331762313843
3407,5,41,0.004748830106109381,VIT768,0.9756673574447632
3407,5,42,0.004487342666834593,VIT768,0.9901314973831177
3407,5,43,0.004369935020804405,VIT768,0.9719950556755066
3407,5,44,0.004325037822127342,VIT768,0.9731574654579163
3407,5,45,0.004228001926094294,VIT768,0.9901184439659119
3407,5,46,0.004040057770907879,VIT768,0.9827006459236145
3407,5,47,0.003977461718022823,VIT768,0.9677557945251465
3407,5,48,0.003943545278161764,VIT768,0.9607716798782349
3407,5,49,0.0038046580739319324,VIT768,0.9775023460388184
3407,5,50,0.003744010580703616,VIT768,0.9857831001281738
3407,5,51,0.0037076789885759354,VIT768,0.9846357107162476
3407,5,52,0.003537054406479001,VIT768,0.9513217806816101
3407,5,53,0.0035210594069212675,VIT768,0.985504150390625
3407,5,54,0.003450609976425767,VIT768,0.9780579805374146
3407,5,55,0.003379975911229849,VIT768,0.955885648727417
3407,5,56,0.0032998332753777504,VIT768,0.993044376373291
3407,5,57,0.0032076674979180098,VIT768,0.9846878051757812
3407,5,58,0.003140117274597287,VIT768,0.9550847411155701
3407,5,59,0.003034640569239855,VIT768,0.9728044867515564
3407,5,60,0.0030132036190479994,VIT768,0.9763419032096863
3407,5,61,0.002901501953601837,VIT768,0.9646364450454712
3407,5,62,0.0028565998654812574,VIT768,0.9822767972946167
3407,5,63,0.002840076107531786,VIT768,0.9738556742668152
3407,5,64,0.0028076604939997196,VIT768,0.9701399207115173
3407,5,65,0.002746979473158717,VIT768,0.9924198985099792
3407,5,66,0.002701906720176339,VIT768,0.9836364984512329
3407,5,67,0.0026360887568444014,VIT768,0.9800714254379272
3407,5,68,0.002589185256510973,VIT768,0.9826555252075195
3407,5,69,0.0025255579967051744,VIT768,0.9324933290481567
3407,5,70,0.0024593668058514595,VIT768,0.9612867832183838
3407,5,71,0.002421155571937561,VIT768,0.9852932691574097
3407,5,72,0.002359037520363927,VIT768,0.9556280374526978
3407,5,73,0.0023374385200440884,VIT768,0.9363549947738647
3407,5,74,0.002238874789327383,VIT768,0.983414888381958
3407,5,75,0.0022196974605321884,VIT768,0.9679427146911621
3407,5,76,0.0021869484335184097,VIT768,0.9883986711502075
3407,5,77,0.002162962919101119,VIT768,0.9703820943832397
3407,5,78,0.0021281365770846605,VIT768,0.9707126617431641
3407,5,79,0.002083718776702881,VIT768,0.9803186058998108
3407,5,80,0.002016558311879635,VIT768,0.9855626821517944
3407,5,81,0.002004681620746851,VIT768,0.9791415929794312
3407,5,82,0.0019987577106803656,VIT768,0.9826442003250122
3407,5,83,0.001911739818751812,VIT768,0.9895638227462769
3407,5,84,0.0018881261348724365,VIT768,0.9887157678604126
3407,5,85,0.001871134852990508,VIT768,0.9867291450500488
3407,5,86,0.0018191676354035735,VIT768,0.9822554588317871
3407,5,87,0.0018099653534591198,VIT768,0.9757871627807617
3407,5,88,0.0017739117611199617,VIT768,0.9900221824645996
3407,5,89,0.0017576508689671755,VIT768,0.9613025784492493
3407,5,90,0.0017312734853476286,VIT768,0.9890743494033813
3407,5,91,0.0016827312065288424,VIT768,0.9800491333007812
3407,5,92,0.0016733991215005517,VIT768,0.9807111024856567
3407,5,93,0.0016080851200968027,VIT768,0.9796435236930847
3407,5,94,0.0015969472005963326,VIT768,0.988008439540863
3407,5,95,0.0015785692958161235,VIT768,0.9805823564529419
3407,5,96,0.001536475378088653,VIT768,0.9682831764221191
3407,5,97,0.0015203302027657628,VIT768,0.9857878088951111
3407,5,98,0.0015097800642251968,VIT768,0.9740149974822998
3407,5,99,0.0014937908854335546,VIT768,0.9844725131988525
3407,5,100,0.0014837898779660463,VIT768,0.9778563976287842
3407,5,101,0.0014385248068720102,VIT768,0.971850574016571
3407,5,102,0.0014280389295890927,VIT768,0.9836080074310303
3407,5,103,0.001405808376148343,VIT768,0.9738041758537292
3407,5,104,0.0013921029167249799,VIT768,0.9862072467803955
3407,5,105,0.0013620051322504878,VIT768,0.988131046295166
3407,5,106,0.0013424589997157454,VIT768,0.9817503690719604
3407,5,107,0.001322656637057662,VIT768,0.9556614756584167
3407,5,108,0.0012902902672067285,VIT768,0.9756693840026855
3407,5,109,0.0012772385962307453,VIT768,0.968273937702179
3407,5,110,0.0012731135357171297,VIT768,0.9692897200584412
3407,5,111,0.001249701133929193,VIT768,0.9755716323852539
3407,5,112,0.0012449503410607576,VIT768,0.9797438979148865
3407,5,113,0.0012073642574250698,VIT768,0.9848832488059998
3407,5,114,0.0011825639521703124,VIT768,0.9906535148620605
3407,5,115,0.0011547630419954658,VIT768,0.9858012199401855
3407,5,116,0.0011315923184156418,VIT768,0.968033492565155
3407,5,117,0.001113349455408752,VIT768,0.9901412129402161
3407,5,118,0.0011115078814327717,VIT768,0.9686029553413391
3407,5,119,0.001084039337001741,VIT768,0.985313892364502
3407,5,120,0.00105003931093961,VIT768,0.9559987187385559
3407,5,121,0.0010442553320899606,VIT768,0.970380425453186
3407,5,122,0.0010234344517812133,VIT768,0.9756575226783752
3407,5,123,0.0010217478265985847,VIT768,0.9716624617576599
3407,5,124,0.0010059098713099957,VIT768,0.9778053164482117
3407,5,125,0.0009980652248486876,VIT768,0.9889602065086365
3407,5,126,0.0009648023406043649,VIT768,0.9677706956863403
3407,5,127,0.0009619338088668883,VIT768,0.9741578698158264
3407,5,128,0.0009490911033935845,VIT768,0.9513213634490967
7777,1,1,0.11331959813833237,COLOR9,0.018265604972839355
7777,1,2,0.06345711648464203,COLOR9,0.007188344374299049
7777,1,3,0.057259451597929,COLOR9,0.003583179321140051
7777,1,4,0.05624883249402046,COLOR9,0.021180711686611176
7777,1,5,0.03750837594270706,COLOR9,0.01262202300131321
7777,1,6,0.03351125493645668,COLOR9,0.004419746808707714
7777,1,7,0.032533690333366394,COLOR9,0.016597500070929527
7777,1,8,0.025770535692572594,COLOR9,0.0163420420140028
7777,1,9,0.021845409646630287,COLOR9,0.005187207367271185
7777,1,10,0.02172483503818512,COLOR9,0.0023195415269583464
7777,1,11,0.019091825932264328,COLOR9,0.008741187863051891
7777,1,12,0.017056290060281754,COLOR9,0.005208985880017281
7777,1,13,0.015361225232481956,COLOR9,0.0052662016823887825
7777,1,14,0.014793699607253075,COLOR9,0.012053163722157478
7777,1,15,0.01376497931778431,COLOR9,0.018233109265565872
7777,1,16,0.01270444318652153,COLOR9,0.0038197198882699013
7777,1,17,0.012253808788955212,COLOR9,0.005961338058114052
7777,1,18,0.011728518642485142,COLOR9,0.005044896621257067
7777,1,19,0.011251969262957573,COLOR9,0.01728217676281929
7777,1,20,0.010332789272069931,COLOR9,0.007481179665774107
7777,1,21,0.010296274907886982,COLOR9,0.024214833974838257
7777,1,22,0.009610316716134548,COLOR9,0.012542668730020523
7777,1,23,0.009275602176785469,COLOR9,0.013999886810779572
7777,1,24,0.008799794130027294,COLOR9,0.010362374596297741
7777,1,25,0.008514132350683212,COLOR9,0.005397404078394175
7777,1,26,0.008125863038003445,COLOR9,0.006946149282157421
7777,1,27,0.007386231794953346,COLOR9,0.007911153137683868
7777,1,28,0.00696171261370182,COLOR9,0.002669342327862978
7777,1,29,0.00691610062494874,COLOR9,0.0069502429105341434
7777,1,30,0.006622672080993652,COLOR9,0.00402228906750679
7777,1,31,0.006459756754338741,COLOR9,0.004216005094349384
7777,1,32,0.00618294021114707,COLOR9,0.018390972167253494
7777,1,33,0.005965438671410084,COLOR9,0.006767502054572105
7777,1,34,0.005806561093777418,COLOR9,0.011518290266394615
7777,1,35,0.005620491690933704,COLOR9,0.009075157344341278
7777,1,36,0.005438397638499737,COLOR9,0.032482195645570755
7777,1,37,0.005259429104626179,COLOR9,0.016278060153126717
7777,1,38,0.005074298474937677,COLOR9,0.008517869748175144
7777,1,39,0.004950352478772402,COLOR9,0.004109909292310476
7777,1,40,0.004831418860703707,COLOR9,0.010481081902980804
7777,1,41,0.0047648292966187,COLOR9,0.028544897213578224
7777,1,42,0.004512942861765623,COLOR9,0.002881283638998866
7777,1,43,0.004453745670616627,COLOR9,0.01115719135850668
7777,1,44,0.004373045638203621,COLOR9,0.012056597508490086
7777,1,45,0.004251384176313877,COLOR9,0.004139288328588009
7777,1,46,0.0040931240655481815,COLOR9,0.014519324526190758
7777,1,47,0.003974790684878826,COLOR9,0.026242753490805626
7777,1,48,0.00393060315400362,COLOR9,0.004018452018499374
7777,1,49,0.0037678107619285583,COLOR9,0.012972254306077957
7777,1,50,0.0036742440424859524,COLOR9,0.014345348812639713
7777,1,51,0.0036375669296830893,COLOR9,0.003022643970325589
7777,1,52,0.003571190172806382,COLOR9,0.0021836310625076294
7777,1,53,0.003496900899335742,COLOR9,0.005901775322854519
7777,1,54,0.0034042363986372948,COLOR9,0.010371462441980839
7777,1,55,0.0032683927565813065,COLOR9,0.004801784176379442
7777,1,56,0.003115679370239377,COLOR9,0.007508320268243551
7777,1,57,0.0030649106483906507,COLOR9,0.013653583824634552
7777,1,58,0.0030450327321887016,COLOR9,0.027770232409238815
7777,1,59,0.003000360680744052,COLOR9,0.013889177702367306
7777,1,60,0.002912081778049469,COLOR9,0.00411921227350831
7777,1,61,0.002804540330544114,COLOR9,0.008897311054170132
7777,1,62,0.0027972892858088017,COLOR9,0.02369341067969799
7777,1,63,0.002783431438729167,COLOR9,0.014772068709135056
7777,1,64,0.0026893781032413244,COLOR9,0.0025975394528359175
7777,1,65,0.002624932676553726,COLOR9,0.006149751134216785
7777,1,66,0.002544353250414133,COLOR9,0.021088719367980957
7777,1,67,0.002515040338039398,COLOR9,0.022176522761583328
7777,1,68,0.0024532624520361423,COLOR9,0.011016164906322956
7777,1,69,0.0024228282272815704,COLOR9,0.018089905381202698
7777,1,70,0.002385625848546624,COLOR9,0.018883153796195984
7777,1,71,0.002319903578609228,COLOR9,0.009891270659863949
7777,1,72,0.002291587181389332,COLOR9,0.008124209940433502
7777,1,73,0.0022772857919335365,COLOR9,0.005114645231515169
7777,1,74,0.0022422021720558405,COLOR9,0.0037743933498859406
7777,1,75,0.002190130762755871,COLOR9,0.0030308507848531008
7777,1,76,0.0020945952273905277,COLOR9,0.017528215423226357
7777,1,77,0.002090702299028635,COLOR9,0.007399871479719877
7777,1,78,0.0020341482013463974,COLOR9,0.015092178247869015
7777,1,79,0.0020089459139853716,COLOR9,0.009331604465842247
7777,1,80,0.0019625884015113115,COLOR9,0.008876381441950798
7777,1,81,0.0019461008487269282,COLOR9,0.0034666950814425945
7777,1,82,0.0019163992255926132,COLOR9,0.001803623279556632
7777,1,83,0.001893022214062512,COLOR9,0.019340507686138153
7777,1,84,0.0018754777265712619,COLOR9,0.013695607893168926
7777,1,85,0.00185512681491673,COLOR9,0.01179698295891285
7777,1,86,0.0018199821934103966,COLOR9,0.017774587497115135
7777,1,87,0.0018142492044717073,COLOR9,0.0035191436763852835
7777,1,88,0.0017774271545931697,COLOR9,0.008244199678301811
7777,1,89,0.0017457704525440931,COLOR9,0.013752199709415436
7777,1,90,0.0016894228756427765,COLOR9,0.003489348106086254
7777,1,91,0.0016773600364103913,COLOR9,0.016138166189193726
7777,1,92,0.0016590346349403262,COLOR9,0.00417702691629529
7777,1,93,0.0016489789122715592,COLOR9,0.010526854544878006
7777,1,94,0.0016331130173057318,COLOR9,0.0037860905285924673
7777,1,95,0.001586990081705153,COLOR9,0.02842446230351925
7777,1,96,0.0015499655855819583,COLOR9,0.01048546563833952
7777,1,97,0.001528343535028398,COLOR9,0.01818464696407318
7777,1,98,0.0014994407538324594,COLOR9,0.005261121317744255
7777,1,99,0.0014753607101738453,COLOR9,0.010135697200894356
7777,1,100,0.0014590073842555285,COLOR9,0.011724617332220078
7777,1,101,0.0014229526277631521,COLOR9,0.008534427732229233
7777,1,102,0.0013916936004534364,COLOR9,0.006909738760441542
7777,1,103,0.0013718073023483157,COLOR9,0.017233218997716904
7777,1,104,0.0013417779700830579,COLOR9,0.005521207116544247
7777,1,105,0.0013368718791753054,COLOR9,0.026572294533252716
7777,1,106,0.0013162866234779358,COLOR9,0.005623096600174904
7777,1,107,0.0012822463177144527,COLOR9,0.008980500511825085
7777,1,108,0.0012569359969347715,COLOR9,0.018346473574638367
7777,1,109,0.0012438548728823662,COLOR9,0.01355758961290121
7777,1,110,0.001211709575727582,COLOR9,0.011526410467922688
7777,1,111,0.0012023487361148,COLOR9,0.0033811386674642563
7777,1,112,0.0011783941881731153,COLOR9,0.008332640863955021
7777,1,113,0.001150403288193047,COLOR9,0.01387462392449379
7777,1,114,0.001137360231950879,COLOR9,0.009541940875351429
7777,1,115,0.0011138253612443805,COLOR9,0.013552210293710232
7777,1,116,0.0010819665621966124,COLOR9,0.013581683859229088
7777,1,117,0.001064259558916092,COLOR9,0.008686964400112629
7777,1,118,0.001055511413142085,COLOR9,0.002588900737464428
7777,1,119,0.0010368938092142344,COLOR9,0.013852531090378761
7777,1,120,0.0010277945548295975,COLOR9,0.01250938605517149
7777,1,121,0.0010006395168602467,COLOR9,0.013528112322092056
7777,1,122,0.0009727171272970736,COLOR9,0.015863114967942238
7777,1,123,0.0009541577310301363,COLOR9,0.009744854643940926
7777,1,124,0.0009433557861484587,COLOR9,0.009586695581674576
7777,1,125,0.0009343657875433564,COLOR9,0.0044378237798810005
7777,1,126,0.0009058720897883177,COLOR9,0.010684333741664886
7777,1,127,0.0008905278518795967,COLOR9,0.008309273980557919
7777,1,128,0.0008749550324864686,COLOR9,0.008455228060483932
7777,1,1,0.11331959813833237,LBP18,0.10122242569923401
7777,1,2,0.06345711648464203,LBP18,0.00847860611975193
7777,1,3,0.057259451597929,LBP18,0.002238145098090172
7777,1,4,0.05624883249402046,LBP18,0.009792251512408257
7777,1,5,0.03750837594270706,LBP18,0.0028144177049398422
7777,1,6,0.03351125493645668,LBP18,0.0035387082025408745
7777,1,7,0.032533690333366394,LBP18,0.05123302340507507
7777,1,8,0.025770535692572594,LBP18,0.0009176254970952868
7777,1,9,0.021845409646630287,LBP18,0.006634138058871031
7777,1,10,0.02172483503818512,LBP18,0.015063775703310966
7777,1,11,0.019091825932264328,LBP18,0.027574380859732628
7777,1,12,0.017056290060281754,LBP18,0.016413362696766853
7777,1,13,0.015361225232481956,LBP18,0.006445777136832476
7777,1,14,0.014793699607253075,LBP18,0.006116238888353109
7777,1,15,0.01376497931778431,LBP18,0.10003963112831116
7777,1,16,0.01270444318652153,LBP18,0.004324020817875862
7777,1,17,0.012253808788955212,LBP18,0.0026057411450892687
7777,1,18,0.011728518642485142,LBP18,0.03742218390107155
7777,1,19,0.011251969262957573,LBP18,0.049590084701776505
7777,1,20,0.010332789272069931,LBP18,0.007353338412940502
7777,1,21,0.010296274907886982,LBP18,0.013382595963776112
7777,1,22,0.009610316716134548,LBP18,0.00404774397611618
7777,1,23,0.009275602176785469,LBP18,0.01953285187482834
7777,1,24,0.008799794130027294,LBP18,0.014356394298374653
7777,1,25,0.008514132350683212,LBP18,0.011172162368893623
7777,1,26,0.008125863038003445,LBP18,0.004753777291625738
7777,1,27,0.007386231794953346,LBP18,0.02247225120663643
7777,1,28,0.00696171261370182,LBP18,0.02368057705461979
7777,1,29,0.00691610062494874,LBP18,0.02350933477282524
7777,1,30,0.006622672080993652,LBP18,0.013817817904055119
7777,1,31,0.006459756754338741,LBP18,0.019928772002458572
7777,1,32,0.00618294021114707,LBP18,0.0204455703496933
7777,1,33,0.005965438671410084,LBP18,0.0019343785243108869
7777,1,34,0.005806561093777418,LBP18,0.012375649064779282
7777,1,35,0.005620491690933704,LBP18,0.011740067042410374
7777,1,36,0.005438397638499737,LBP18,0.050752025097608566
7777,1,37,0.005259429104626179,LBP18,0.0016874729190021753
7777,1,38,0.005074298474937677,LBP18,0.009015176445245743
7777,1,39,0.004950352478772402,LBP18,0.012648971751332283
7777,1,40,0.004831418860703707,LBP18,0.00132525444496423
7777,1,41,0.0047648292966187,LBP18,0.0034462567418813705
7777,1,42,0.004512942861765623,LBP18,0.0078000701032578945
7777,1,43,0.004453745670616627,LBP18,0.0020976183004677296
7777,1,44,0.004373045638203621,LBP18,0.009715912863612175
7777,1,45,0.004251384176313877,LBP18,0.009844856336712837
7777,1,46,0.0040931240655481815,LBP18,0.0023949798196554184
7777,1,47,0.003974790684878826,LBP18,0.013328899629414082
7777,1,48,0.00393060315400362,LBP18,0.011843829415738583
7777,1,49,0.0037678107619285583,LBP18,0.035976842045784
7777,1,50,0.0036742440424859524,LBP18,0.008571494370698929
7777,1,51,0.0036375669296830893,LBP18,0.007093493361026049
7777,1,52,0.003571190172806382,LBP18,0.001375354710035026
7777,1,53,0.003496900899335742,LBP18,0.017308156937360764
7777,1,54,0.0034042363986372948,LBP18,0.002349092159420252
7777,1,55,0.0032683927565813065,LBP18,0.002705240622162819
7777,1,56,0.003115679370239377,LBP18,0.00863656122237444
7777,1,57,0.0030649106483906507,LBP18,0.002375332871451974
7777,1,58,0.0030450327321887016,LBP18,0.0036082821898162365
7777,1,59,0.003000360680744052,LBP18,0.009792319498956203
7777,1,60,0.002912081778049469,LBP18,0.0013397225411608815
7777,1,61,0.002804540330544114,LBP18,0.003970133140683174
7777,1,62,0.0027972892858088017,LBP18,0.005909726023674011
7777,1,63,0.002783431438729167,LBP18,0.0032385364174842834
7777,1,64,0.0026893781032413244,LBP18,0.001935071311891079
7777,1,65,0.002624932676553726,LBP18,0.0013372063403949142
7777,1,66,0.002544353250414133,LBP18,0.009003657847642899
7777,1,67,0.002515040338039398,LBP18,0.0031993237789720297
7777,1,68,0.0024532624520361423,LBP18,0.004060940816998482
7777,1,69,0.0024228282272815704,LBP18,0.009342264384031296
7777,1,70,0.002385625848546624,LBP18,0.004728397354483604
7777,1,71,0.002319903578609228,LBP18,0.003570143599063158
7777,1,72,0.002291587181389332,LBP18,0.02273794449865818
7777,1,73,0.0022772857919335365,LBP18,0.012304849922657013
7777,1,74,0.0022422021720558405,LBP18,0.007902784273028374
7777,1,75,0.002190130762755871,LBP18,0.002597601618617773
7777,1,76,0.0020945952273905277,LBP18,0.0038447778206318617
7777,1,77,0.002090702299028635,LBP18,0.004601744003593922
7777,1,78,0.0020341482013463974,LBP18,0.00822813343256712
7777,1,79,0.0020089459139853716,LBP18,0.0013096836628392339
7777,1,80,0.0019625884015113115,LBP18,0.014699151739478111
7777,1,81,0.0019461008487269282,LBP18,0.0029564308933913708
7777,1,82,0.0019163992255926132,LBP18,0.0024892159271985292
7777,1,83,0.001893022214062512,LBP18,0.003083512419834733
7777,1,84,0.0018754777265712619,LBP18,0.031814076006412506
7777,1,85,0.00185512681491673,LBP18,0.0039178612641990185
7777,1,86,0.0018199821934103966,LBP18,0.004399379249662161
7777,1,87,0.0018142492044717073,LBP18,0.002523233648389578
7777,1,88,0.0017774271545931697,LBP18,0.0054640392772853374
7777,1,89,0.0017457704525440931,LBP18,0.010476301424205303
7777,1,90,0.0016894228756427765,LBP18,0.0022029231768101454
7777,1,91,0.0016773600364103913,LBP18,0.0030838202219456434
7777,1,92,0.0016590346349403262,LBP18,0.007081469986587763
7777,1,93,0.0016489789122715592,LBP18,0.0038807957898825407
7777,1,94,0.0016331130173057318,LBP18,0.0007172226905822754
7777,1,95,0.001586990081705153,LBP18,0.006580875720828772
7777,1,96,0.0015499655855819583,LBP18,0.008008905686438084
7777,1,97,0.001528343535028398,LBP18,0.0075292931869626045
7777,1,98,0.0014994407538324594,LBP18,0.0022963141091167927
7777,1,99,0.0014753607101738453,LBP18,0.008329666219651699
7777,1,100,0.0014590073842555285,LBP18,0.0043642157688736916
7777,1,101,0.0014229526277631521,LBP18,0.008759018033742905
7777,1,102,0.0013916936004534364,LBP18,0.0038205664604902267
7777,1,103,0.0013718073023483157,LBP18,0.002768897917121649
7777,1,104,0.0013417779700830579,LBP18,0.002204457763582468
7777,1,105,0.0013368718791753054,LBP18,0.005042681470513344
7777,1,106,0.0013162866234779358,LBP18,0.0025564918760210276
7777,1,107,0.0012822463177144527,LBP18,0.009223740547895432
7777,1,108,0.0012569359969347715,LBP18,0.010348321869969368
7777,1,109,0.0012438548728823662,LBP18,0.0133803216740489
7777,1,110,0.001211709575727582,LBP18,0.0022806734777987003
7777,1,111,0.0012023487361148,LBP18,0.006685991305857897
7777,1,112,0.0011783941881731153,LBP18,0.0050840615294873714
7777,1,113,0.001150403288193047,LBP18,0.015589646063745022
7777,1,114,0.001137360231950879,LBP18,0.0020837232004851103
7777,1,115,0.0011138253612443805,LBP18,0.010612140409648418
7777,1,116,0.0010819665621966124,LBP18,0.016076011583209038
7777,1,117,0.001064259558916092,LBP18,0.005337724462151527
7777,1,118,0.001055511413142085,LBP18,0.0037055436987429857
7777,1,119,0.0010368938092142344,LBP18,0.005008939653635025
7777,1,120,0.0010277945548295975,LBP18,0.006778868846595287
7777,1,121,0.0010006395168602467,LBP18,0.005323218647390604
7777,1,122,0.0009727171272970736,LBP18,0.011255601420998573
7777,1,123,0.0009541577310301363,LBP18,0.0038689845241606236
7777,1,124,0.0009433557861484587,LBP18,0.006075953133404255
7777,1,125,0.0009343657875433564,LBP18,0.012935680337250233
7777,1,126,0.0009058720897883177,LBP18,0.010069452226161957
7777,1,127,0.0008905278518795967,LBP18,0.006287633441388607
7777,1,128,0.0008749550324864686,LBP18,0.0022858192678540945
7777,1,1,0.11331959813833237,HARALICK5,0.007082340773195028
7777,1,2,0.06345711648464203,HARALICK5,0.012638097628951073
7777,1,3,0.057259451597929,HARALICK5,0.0036722151562571526
7777,1,4,0.05624883249402046,HARALICK5,0.018333125859498978
7777,1,5,0.03750837594270706,HARALICK5,0.0006342842825688422
7777,1,6,0.03351125493645668,HARALICK5,0.006700210273265839
7777,1,7,0.032533690333366394,HARALICK5,0.0034153955057263374
7777,1,8,0.025770535692572594,HARALICK5,0.0036061147693544626
7777,1,9,0.021845409646630287,HARALICK5,0.0013537767808884382
7777,1,10,0.02172483503818512,HARALICK5,0.003367907367646694
7777,1,11,0.019091825932264328,HARALICK5,0.0012748632580041885
7777,1,12,0.017056290060281754,HARALICK5,0.008551090955734253
7777,1,13,0.015361225232481956,HARALICK5,0.006015536841005087
7777,1,14,0.014793699607253075,HARALICK5,0.0004594018973875791
7777,1,15,0.01376497931778431,HARALICK5,0.011515634134411812
7777,1,16,0.01270444318652153,HARALICK5,0.0005001132376492023
7777,1,17,0.012253808788955212,HARALICK5,0.016088657081127167
7777,1,18,0.011728518642485142,HARALICK5,0.0013579902006313205
7777,1,19,0.011251969262957573,HARALICK5,0.01076020672917366
7777,1,20,0.010332789272069931,HARALICK5,0.008340626023709774
7777,1,21,0.010296274907886982,HARALICK5,0.00451162364333868
7777,1,22,0.009610316716134548,HARALICK5,0.0015732133761048317
7777,1,23,0.009275602176785469,HARALICK5,0.0055696116760373116
7777,1,24,0.008799794130027294,HARALICK5,0.007676238194108009
7777,1,25,0.008514132350683212,HARALICK5,0.0032536129001528025
7777,1,26,0.008125863038003445,HARALICK5,0.010202622041106224
7777,1,27,0.007386231794953346,HARALICK5,0.004713704809546471
7777,1,28,0.00696171261370182,HARALICK5,0.0008823755197227001
7777,1,29,0.00691610062494874,HARALICK5,0.014040990732610226
7777,1,30,0.006622672080993652,HARALICK5,0.0024050967767834663
7777,1,31,0.006459756754338741,HARALICK5,0.006215004250407219
7777,1,32,0.00618294021114707,HARALICK5,0.015445379540324211
7777,1,33,0.005965438671410084,HARALICK5,0.0037627986166626215
7777,1,34,0.005806561093777418,HARALICK5,0.004026447888463736
7777,1,35,0.005620491690933704,HARALICK5,0.001360523165203631
7777,1,36,0.005438397638499737,HARALICK5,0.005823004990816116
7777,1,37,0.005259429104626179,HARALICK5,0.003774752141907811
7777,1,38,0.005074298474937677,HARALICK5,0.0024812871124595404
7777,1,39,0.004950352478772402,HARALICK5,0.0007729256758466363
7777,1,40,0.004831418860703707,HARALICK5,0.005480598192662001
7777,1,41,0.0047648292966187,HARALICK5,0.002629038179293275
7777,1,42,0.004512942861765623,HARALICK5,0.0015698035713285208
7777,1,43,0.004453745670616627,HARALICK5,0.002627850044518709
7777,1,44,0.004373045638203621,HARALICK5,0.0012321245158091187
7777,1,45,0.004251384176313877,HARALICK5,0.005377430934458971
7777,1,46,0.0040931240655481815,HARALICK5,0.005620694253593683
7777,1,47,0.003974790684878826,HARALICK5,0.005365128628909588
7777,1,48,0.00393060315400362,HARALICK5,0.0011613115202635527
7777,1,49,0.0037678107619285583,HARALICK5,0.003472938435152173
7777,1,50,0.0036742440424859524,HARALICK5,0.00417213374748826
7777,1,51,0.0036375669296830893,HARALICK5,0.005049927160143852
7777,1,52,0.003571190172806382,HARALICK5,0.002335843862965703
7777,1,53,0.003496900899335742,HARALICK5,0.003618361195549369
7777,1,54,0.0034042363986372948,HARALICK5,0.004527383483946323
7777,1,55,0.0032683927565813065,HARALICK5,0.0015107633080333471
7777,1,56,0.003115679370239377,HARALICK5,0.001935119740664959
7777,1,57,0.0030649106483906507,HARALICK5,0.002964311046525836
7777,1,58,0.0030450327321887016,HARALICK5,0.008019653148949146
7777,1,59,0.003000360680744052,HARALICK5,0.0007645306177437305
7777,1,60,0.002912081778049469,HARALICK5,0.002080469625070691
7777,1,61,0.002804540330544114,HARALICK5,0.02703848108649254
7777,1,62,0.0027972892858088017,HARALICK5,0.0036307848058640957
7777,1,63,0.002783431438729167,HARALICK5,0.007311810739338398
7777,1,64,0.0026893781032413244,HARALICK5,0.006176108028739691
7777,1,65,0.002624932676553726,HARALICK5,0.011022203601896763
7777,1,66,0.002544353250414133,HARALICK5,0.01815037429332733
7777,1,67,0.002515040338039398,HARALICK5,0.0010532730957493186
7777,1,68,0.0024532624520361423,HARALICK5,0.012350748293101788
7777,1,69,0.0024228282272815704,HARALICK5,0.004674096126109362
7777,1,70,0.002385625848546624,HARALICK5,0.00424010306596756
7777,1,71,0.002319903578609228,HARALICK5,0.0025759136769920588
7777,1,72,0.002291587181389332,HARALICK5,0.0013902625069022179
7777,1,73,0.0022772857919335365,HARALICK5,0.003370860358700156
7777,1,74,0.0022422021720558405,HARALICK5,0.0026519850362092257
7777,1,75,0.002190130762755871,HARALICK5,0.0010861802147701383
7777,1,76,0.0020945952273905277,HARALICK5,0.004392004571855068
7777,1,77,0.002090702299028635,HARALICK5,0.0022344125900417566
7777,1,78,0.0020341482013463974,HARALICK5,0.002776423003524542
7777,1,79,0.0020089459139853716,HARALICK5,0.001537007512524724
7777,1,80,0.0019625884015113115,HARALICK5,0.003176106372848153
7777,1,81,0.0019461008487269282,HARALICK5,0.0003575578157324344
7777,1,82,0.0019163992255926132,HARALICK5,0.001522088423371315
7777,1,83,0.001893022214062512,HARALICK5,0.009501618333160877
7777,1,84,0.0018754777265712619,HARALICK5,0.002689189510419965
7777,1,85,0.00185512681491673,HARALICK5,0.0025044712238013744
7777,1,86,0.0018199821934103966,HARALICK5,0.003291607368737459
7777,1,87,0.0018142492044717073,HARALICK5,0.0016879165777936578
7777,1,88,0.0017774271545931697,HARALICK5,0.0039413743652403355
7777,1,89,0.0017457704525440931,HARALICK5,0.008348039351403713
7777,1,90,0.0016894228756427765,HARALICK5,0.006350277457386255
7777,1,91,0.0016773600364103913,HARALICK5,0.002524220384657383
7777,1,92,0.0016590346349403262,HARALICK5,0.005319817457348108
7777,1,93,0.0016489789122715592,HARALICK5,0.021923687309026718
7777,1,94,0.0016331130173057318,HARALICK5,0.0009791395859792829
7777,1,95,0.001586990081705153,HARALICK5,0.0075959814712405205
7777,1,96,0.0015499655855819583,HARALICK5,0.0005978128756396472
7777,1,97,0.001528343535028398,HARALICK5,0.002676471369341016
7777,1,98,0.0014994407538324594,HARALICK5,0.0014086565934121609
7777,1,99,0.0014753607101738453,HARALICK5,0.006243268959224224
7777,1,100,0.0014590073842555285,HARALICK5,0.0008807459380477667
7777,1,101,0.0014229526277631521,HARALICK5,0.004769588820636272
7777,1,102,0.0013916936004534364,HARALICK5,0.014645768329501152
7777,1,103,0.0013718073023483157,HARALICK5,0.0029323191847652197
7777,1,104,0.0013417779700830579,HARALICK5,0.010703906416893005
7777,1,105,0.0013368718791753054,HARALICK5,0.0074758674018085
7777,1,106,0.0013162866234779358,HARALICK5,0.010976200923323631
7777,1,107,0.0012822463177144527,HARALICK5,0.004312252625823021
7777,1,108,0.0012569359969347715,HARALICK5,0.003872180823236704
7777,1,109,0.0012438548728823662,HARALICK5,0.004043941851705313
7777,1,110,0.001211709575727582,HARALICK5,0.00285293348133564
7777,1,111,0.0012023487361148,HARALICK5,0.0009776274673640728
7777,1,112,0.0011783941881731153,HARALICK5,0.0031434965785592794
7777,1,113,0.001150403288193047,HARALICK5,0.0039051698986440897
7777,1,114,0.001137360231950879,HARALICK5,0.00626921933144331
7777,1,115,0.0011138253612443805,HARALICK5,0.0015425513265654445
7777,1,116,0.0010819665621966124,HARALICK5,0.004725961945950985
7777,1,117,0.001064259558916092,HARALICK5,0.0018239334458485246
7777,1,118,0.001055511413142085,HARALICK5,0.003002211218699813
7777,1,119,0.0010368938092142344,HARALICK5,0.005940635222941637
7777,1,120,0.0010277945548295975,HARALICK5,0.003405903931707144
7777,1,121,0.0010006395168602467,HARALICK5,0.01018017902970314
7777,1,122,0.0009727171272970736,HARALICK5,0.009080343879759312
7777,1,123,0.0009541577310301363,HARALICK5,0.0009929051157087088
7777,1,124,0.0009433557861484587,HARALICK5,0.005750677548348904
7777,1,125,0.0009343657875433564,HARALICK5,0.006712011992931366
7777,1,126,0.0009058720897883177,HARALICK5,0.003889053827151656
7777,1,127,0.0008905278518795967,HARALICK5,0.010380266234278679
7777,1,128,0.0008749550324864686,HARALICK5,0.0037904432974755764
7777,1,1,0.11331959813833237,ALL_HANDCRAFTED32,0.12657037377357483
7777,1,2,0.06345711648464203,ALL_HANDCRAFTED32,0.028305048123002052
7777,1,3,0.057259451597929,ALL_HANDCRAFTED32,0.009493540041148663
7777,1,4,0.05624883249402046,ALL_HANDCRAFTED32,0.04930608719587326
7777,1,5,0.03750837594270706,ALL_HANDCRAFTED32,0.01607072353363037
7777,1,6,0.03351125493645668,ALL_HANDCRAFTED32,0.014658665284514427
7777,1,7,0.032533690333366394,ALL_HANDCRAFTED32,0.07124592363834381
7777,1,8,0.025770535692572594,ALL_HANDCRAFTED32,0.020865783095359802
7777,1,9,0.021845409646630287,ALL_HANDCRAFTED32,0.013175122439861298
7777,1,10,0.02172483503818512,ALL_HANDCRAFTED32,0.02075122483074665
7777,1,11,0.019091825932264328,ALL_HANDCRAFTED32,0.037590429186820984
7777,1,12,0.017056290060281754,ALL_HANDCRAFTED32,0.030173439532518387
7777,1,13,0.015361225232481956,ALL_HANDCRAFTED32,0.01772751472890377
7777,1,14,0.014793699607253075,ALL_HANDCRAFTED32,0.018628805875778198
7777,1,15,0.01376497931778431,ALL_HANDCRAFTED32,0.1297883689403534
7777,1,16,0.01270444318652153,ALL_HANDCRAFTED32,0.008643854409456253
7777,1,17,0.012253808788955212,ALL_HANDCRAFTED32,0.024655736982822418
7777,1,18,0.011728518642485142,ALL_HANDCRAFTED32,0.04382507503032684
7777,1,19,0.011251969262957573,ALL_HANDCRAFTED32,0.07763246446847916
7777,1,20,0.010332789272069931,ALL_HANDCRAFTED32,0.02317514456808567
7777,1,21,0.010296274907886982,ALL_HANDCRAFTED32,0.04210905358195305
7777,1,22,0.009610316716134548,ALL_HANDCRAFTED32,0.01816362515091896
7777,1,23,0.009275602176785469,ALL_HANDCRAFTED32,0.03910234943032265
7777,1,24,0.008799794130027294,ALL_HANDCRAFTED32,0.03239500895142555
7777,1,25,0.008514132350683212,ALL_HANDCRAFTED32,0.01982318051159382
7777,1,26,0.008125863038003445,ALL_HANDCRAFTED32,0.021902548149228096
7777,1,27,0.007386231794953346,ALL_HANDCRAFTED32,0.03509711101651192
7777,1,28,0.00696171261370182,ALL_HANDCRAFTED32,0.027232293039560318
7777,1,29,0.00691610062494874,ALL_HANDCRAFTED32,0.04450056701898575
7777,1,30,0.006622672080993652,ALL_HANDCRAFTED32,0.020245203748345375
7777,1,31,0.006459756754338741,ALL_HANDCRAFTED32,0.03035978227853775
7777,1,32,0.00618294021114707,ALL_HANDCRAFTED32,0.054281920194625854
7777,1,33,0.005965438671410084,ALL_HANDCRAFTED32,0.012464679777622223
7777,1,34,0.005806561093777418,ALL_HANDCRAFTED32,0.02792038582265377
7777,1,35,0.005620491690933704,ALL_HANDCRAFTED32,0.022175749763846397
7777,1,36,0.005438397638499737,ALL_HANDCRAFTED32,0.08905722945928574
7777,1,37,0.005259429104626179,ALL_HANDCRAFTED32,0.02174028381705284
7777,1,38,0.005074298474937677,ALL_HANDCRAFTED32,0.020014332607388496
7777,1,39,0.004950352478772402,ALL_HANDCRAFTED32,0.017531806603074074
7777,1,40,0.004831418860703707,ALL_HANDCRAFTED32,0.017286933958530426
7777,1,41,0.0047648292966187,ALL_HANDCRAFTED32,0.034620191901922226
7777,1,42,0.004512942861765623,ALL_HANDCRAFTED32,0.012251157313585281
7777,1,43,0.004453745670616627,ALL_HANDCRAFTED32,0.01588265970349312
7777,1,44,0.004373045638203621,ALL_HANDCRAFTED32,0.02300463616847992
7777,1,45,0.004251384176313877,ALL_HANDCRAFTED32,0.019361576065421104
7777,1,46,0.0040931240655481815,ALL_HANDCRAFTED32,0.02253499999642372
7777,1,47,0.003974790684878826,ALL_HANDCRAFTED32,0.044936779886484146
7777,1,48,0.00393060315400362,ALL_HANDCRAFTED32,0.017023593187332153
7777,1,49,0.0037678107619285583,ALL_HANDCRAFTED32,0.052422039210796356
7777,1,50,0.0036742440424859524,ALL_HANDCRAFTED32,0.02708897739648819
7777,1,51,0.0036375669296830893,ALL_HANDCRAFTED32,0.015166064724326134
7777,1,52,0.003571190172806382,ALL_HANDCRAFTED32,0.005894829984754324
7777,1,53,0.003496900899335742,ALL_HANDCRAFTED32,0.02682829275727272
7777,1,54,0.0034042363986372948,ALL_HANDCRAFTED32,0.017247939482331276
7777,1,55,0.0032683927565813065,ALL_HANDCRAFTED32,0.00901778880506754
7777,1,56,0.003115679370239377,ALL_HANDCRAFTED32,0.018079999834299088
7777,1,57,0.0030649106483906507,ALL_HANDCRAFTED32,0.018993228673934937
7777,1,58,0.0030450327321887016,ALL_HANDCRAFTED32,0.03939816728234291
7777,1,59,0.003000360680744052,ALL_HANDCRAFTED32,0.0244460292160511
7777,1,60,0.002912081778049469,ALL_HANDCRAFTED32,0.0075394040904939175
7777,1,61,0.002804540330544114,ALL_HANDCRAFTED32,0.03990592435002327
7777,1,62,0.0027972892858088017,ALL_HANDCRAFTED32,0.033233921974897385
7777,1,63,0.002783431438729167,ALL_HANDCRAFTED32,0.025322414934635162
7777,1,64,0.0026893781032413244,ALL_HANDCRAFTED32,0.010708718560636044
7777,1,65,0.002624932676553726,ALL_HANDCRAFTED32,0.018509160727262497
7777,1,66,0.002544353250414133,ALL_HANDCRAFTED32,0.048242755234241486
7777,1,67,0.002515040338039398,ALL_HANDCRAFTED32,0.02642912045121193
7777,1,68,0.0024532624520361423,ALL_HANDCRAFTED32,0.027427854016423225
7777,1,69,0.0024228282272815704,ALL_HANDCRAFTED32,0.03210626542568207
7777,1,70,0.002385625848546624,ALL_HANDCRAFTED32,0.027851654216647148
7777,1,71,0.002319903578609228,ALL_HANDCRAFTED32,0.01603733003139496
7777,1,72,0.002291587181389332,ALL_HANDCRAFTED32,0.032252416014671326
7777,1,73,0.0022772857919335365,ALL_HANDCRAFTED32,0.020790353417396545
7777,1,74,0.0022422021720558405,ALL_HANDCRAFTED32,0.014329163357615471
7777,1,75,0.002190130762755871,ALL_HANDCRAFTED32,0.006714632734656334
7777,1,76,0.0020945952273905277,ALL_HANDCRAFTED32,0.02576499804854393
7777,1,77,0.002090702299028635,ALL_HANDCRAFTED32,0.0142360283061862
7777,1,78,0.0020341482013463974,ALL_HANDCRAFTED32,0.026096735149621964
7777,1,79,0.0020089459139853716,ALL_HANDCRAFTED32,0.01217829529196024
7777,1,80,0.0019625884015113115,ALL_HANDCRAFTED32,0.02675163932144642
7777,1,81,0.0019461008487269282,ALL_HANDCRAFTED32,0.006780683994293213
7777,1,82,0.0019163992255926132,ALL_HANDCRAFTED32,0.005814927630126476
7777,1,83,0.001893022214062512,ALL_HANDCRAFTED32,0.031925637274980545
7777,1,84,0.0018754777265712619,ALL_HANDCRAFTED32,0.0481988750398159
7777,1,85,0.00185512681491673,ALL_HANDCRAFTED32,0.018219314515590668
7777,1,86,0.0018199821934103966,ALL_HANDCRAFTED32,0.025465574115514755
7777,1,87,0.0018142492044717073,ALL_HANDCRAFTED32,0.007730294018983841
7777,1,88,0.0017774271545931697,ALL_HANDCRAFTED32,0.017649613320827484
7777,1,89,0.0017457704525440931,ALL_HANDCRAFTED32,0.0325765386223793
7777,1,90,0.0016894228756427765,ALL_HANDCRAFTED32,0.012042548507452011
7777,1,91,0.0016773600364103913,ALL_HANDCRAFTED32,0.021746205165982246
7777,1,92,0.0016590346349403262,ALL_HANDCRAFTED32,0.0165783129632473
7777,1,93,0.0016489789122715592,ALL_HANDCRAFTED32,0.03633134067058563
7777,1,94,0.0016331130173057318,ALL_HANDCRAFTED32,0.005482452921569347
7777,1,95,0.001586990081705153,ALL_HANDCRAFTED32,0.042601317167282104
7777,1,96,0.0015499655855819583,ALL_HANDCRAFTED32,0.01909218356013298
7777,1,97,0.001528343535028398,ALL_HANDCRAFTED32,0.028390411287546158
7777,1,98,0.0014994407538324594,ALL_HANDCRAFTED32,0.008966092020273209
7777,1,99,0.0014753607101738453,ALL_HANDCRAFTED32,0.02470863237977028
7777,1,100,0.0014590073842555285,ALL_HANDCRAFTED32,0.016969580203294754
7777,1,101,0.0014229526277631521,ALL_HANDCRAFTED32,0.022063033655285835
7777,1,102,0.0013916936004534364,ALL_HANDCRAFTED32,0.02537607215344906
7777,1,103,0.0013718073023483157,ALL_HANDCRAFTED32,0.022934436798095703
7777,1,104,0.0013417779700830579,ALL_HANDCRAFTED32,0.018429571762681007
7777,1,105,0.0013368718791753054,ALL_HANDCRAFTED32,0.0390908420085907
7777,1,106,0.0013162866234779358,ALL_HANDCRAFTED32,0.01915579102933407
7777,1,107,0.0012822463177144527,ALL_HANDCRAFTED32,0.022516492754220963
7777,1,108,0.0012569359969347715,ALL_HANDCRAFTED32,0.03256697580218315
7777,1,109,0.0012438548728823662,ALL_HANDCRAFTED32,0.03098185360431671
7777,1,110,0.001211709575727582,ALL_HANDCRAFTED32,0.016660019755363464
7777,1,111,0.0012023487361148,ALL_HANDCRAFTED32,0.011044757440686226
7777,1,112,0.0011783941881731153,ALL_HANDCRAFTED32,0.016560198739171028
7777,1,113,0.001150403288193047,ALL_HANDCRAFTED32,0.033369436860084534
7777,1,114,0.001137360231950879,ALL_HANDCRAFTED32,0.017894882708787918
7777,1,115,0.0011138253612443805,ALL_HANDCRAFTED32,0.025706902146339417
7777,1,116,0.0010819665621966124,ALL_HANDCRAFTED32,0.034383658319711685
7777,1,117,0.001064259558916092,ALL_HANDCRAFTED32,0.015848621726036072
7777,1,118,0.001055511413142085,ALL_HANDCRAFTED32,0.009296655654907227
7777,1,119,0.0010368938092142344,ALL_HANDCRAFTED32,0.024802105501294136
7777,1,120,0.0010277945548295975,ALL_HANDCRAFTED32,0.022694159299135208
7777,1,121,0.0010006395168602467,ALL_HANDCRAFTED32,0.029031507670879364
7777,1,122,0.0009727171272970736,ALL_HANDCRAFTED32,0.03619905933737755
7777,1,123,0.0009541577310301363,ALL_HANDCRAFTED32,0.014606744050979614
7777,1,124,0.0009433557861484587,ALL_HANDCRAFTED32,0.021413326263427734
7777,1,125,0.0009343657875433564,ALL_HANDCRAFTED32,0.02408551797270775
7777,1,126,0.0009058720897883177,ALL_HANDCRAFTED32,0.024642840027809143
7777,1,127,0.0008905278518795967,ALL_HANDCRAFTED32,0.024977173656225204
7777,1,128,0.0008749550324864686,ALL_HANDCRAFTED32,0.014531491324305534
7777,1,1,0.11331959813833237,VIT768,0.873429000377655
7777,1,2,0.06345711648464203,VIT768,0.9716952443122864
7777,1,3,0.057259451597929,VIT768,0.9905062913894653
7777,1,4,0.05624883249402046,VIT768,0.950693666934967
7777,1,5,0.03750837594270706,VIT768,0.9839296340942383
7777,1,6,0.03351125493645668,VIT768,0.98534095287323
7777,1,7,0.032533690333366394,VIT768,0.9287549257278442
7777,1,8,0.025770535692572594,VIT768,0.979135274887085
7777,1,9,0.021845409646630287,VIT768,0.9868257641792297
7777,1,10,0.02172483503818512,VIT768,0.9792492985725403
7777,1,11,0.019091825932264328,VIT768,0.9624095559120178
7777,1,12,0.017056290060281754,VIT768,0.9698266983032227
7777,1,13,0.015361225232481956,VIT768,0.9822733402252197
7777,1,14,0.014793699607253075,VIT768,0.9813711643218994
7777,1,15,0.01376497931778431,VIT768,0.8702116012573242
7777,1,16,0.01270444318652153,VIT768,0.9913564324378967
7777,1,17,0.012253808788955212,VIT768,0.9753440022468567
7777,1,18,0.011728518642485142,VIT768,0.9561752080917358
7777,1,19,0.011251969262957573,VIT768,0.9223676919937134
7777,1,20,0.010332789272069931,VIT768,0.9768248796463013
7777,1,21,0.010296274907886982,VIT768,0.957889974117279
7777,1,22,0.009610316716134548,VIT768,0.9818365573883057
7777,1,23,0.009275602176785469,VIT768,0.9608972072601318
7777,1,24,0.008799794130027294,VIT768,0.9676042795181274
7777,1,25,0.008514132350683212,VIT768,0.9801772236824036
7777,1,26,0.008125863038003445,VIT768,0.9780967235565186
7777,1,27,0.007386231794953346,VIT768,0.9649030566215515
7777,1,28,0.00696171261370182,VIT768,0.9727681875228882
7777,1,29,0.00691610062494874,VIT768,0.9554992914199829
7777,1,30,0.006622672080993652,VIT768,0.9797548055648804
7777,1,31,0.006459756754338741,VIT768,0.9696403741836548
7777,1,32,0.00618294021114707,VIT768,0.9457179307937622
7777,1,33,0.005965438671410084,VIT768,0.9875354170799255
7777,1,34,0.005806561093777418,VIT768,0.9720797538757324
7777,1,35,0.005620491690933704,VIT768,0.9778248071670532
7777,1,36,0.005438397638499737,VIT768,0.9109431505203247
7777,1,37,0.005259429104626179,VIT768,0.9782593846321106
7777,1,38,0.005074298474937677,VIT768,0.979985773563385
7777,1,39,0.004950352478772402,VIT768,0.9824681282043457
7777,1,40,0.004831418860703707,VIT768,0.9827131032943726
7777,1,41,0.0047648292966187,VIT768,0.9653799533843994
7777,1,42,0.004512942861765623,VIT768,0.9877490401268005
7777,1,43,0.004453745670616627,VIT768,0.9841176271438599
7777,1,44,0.004373045638203621,VIT768,0.976995587348938
7777,1,45,0.004251384176313877,VIT768,0.9806382060050964
7777,1,46,0.0040931240655481815,VIT768,0.9774652719497681
7777,1,47,0.003974790684878826,VIT768,0.9550633430480957
7777,1,48,0.00393060315400362,VIT768,0.9829771518707275
7777,1,49,0.0037678107619285583,VIT768,0.9475780725479126
7777,1,50,0.0036742440424859524,VIT768,0.9729105830192566
7777,1,51,0.0036375669296830893,VIT768,0.9848340153694153
7777,1,52,0.003571190172806382,VIT768,0.9941056966781616
7777,1,53,0.003496900899335742,VIT768,0.9731720685958862
7777,1,54,0.0034042363986372948,VIT768,0.9827520251274109
7777,1,55,0.0032683927565813065,VIT768,0.9909824132919312
7777,1,56,0.003115679370239377,VIT768,0.9819200038909912
7777,1,57,0.0030649106483906507,VIT768,0.9810070991516113
7777,1,58,0.0030450327321887016,VIT768,0.9606020450592041
7777,1,59,0.003000360680744052,VIT768,0.9755538702011108
7777,1,60,0.002912081778049469,VIT768,0.9924604892730713
7777,1,61,0.002804540330544114,VIT768,0.960094153881073
7777,1,62,0.0027972892858088017,VIT768,0.9667662382125854
7777,1,63,0.002783431438729167,VIT768,0.974677324295044
7777,1,64,0.0026893781032413244,VIT768,0.9892911314964294
7777,1,65,0.002624932676553726,VIT768,0.9814908504486084
7777,1,66,0.002544353250414133,VIT768,0.9517573118209839
7777,1,67,0.002515040338039398,VIT768,0.9735710024833679
7777,1,68,0.0024532624520361423,VIT768,0.9725719690322876
7777,1,69,0.0024228282272815704,VIT768,0.9678940176963806
7777,1,70,0.002385625848546624,VIT768,0.9721488356590271
7777,1,71,0.002319903578609228,VIT768,0.9839625358581543
7777,1,72,0.002291587181389332,VIT768,0.9677478075027466
7777,1,73,0.0022772857919335365,VIT768,0.9792096614837646
7777,1,74,0.0022422021720558405,VIT768,0.9856714010238647
7777,1,75,0.002190130762755871,VIT768,0.9932854175567627
7777,1,76,0.0020945952273905277,VIT768,0.9742352366447449
7777,1,77,0.002090702299028635,VIT768,0.9857637286186218
7777,1,78,0.0020341482013463974,VIT768,0.9739029407501221
7777,1,79,0.0020089459139853716,VIT768,0.987821638584137
7777,1,80,0.0019625884015113115,VIT768,0.9732483625411987
7777,1,81,0.0019461008487269282,VIT768,0.9932191371917725
7777,1,82,0.0019163992255926132,VIT768,0.9941848516464233
7777,1,83,0.001893022214062512,VIT768,0.9680742025375366
7777,1,84,0.0018754777265712619,VIT768,0.9518012404441833
7777,1,85,0.00185512681491673,VIT768,0.9817805886268616
7777,1,86,0.0018199821934103966,VIT768,0.9745342135429382
7777,1,87,0.0018142492044717073,VIT768,0.99226975440979
7777,1,88,0.0017774271545931697,VIT768,0.9823504686355591
7777,1,89,0.0017457704525440931,VIT768,0.9674232602119446
7777,1,90,0.0016894228756427765,VIT768,0.9879571795463562
7777,1,91,0.0016773600364103913,VIT768,0.9782533049583435
7777,1,92,0.0016590346349403262,VIT768,0.983421266078949
7777,1,93,0.0016489789122715592,VIT768,0.963668704032898
7777,1,94,0.0016331130173057318,VIT768,0.9945175647735596
7777,1,95,0.001586990081705153,VIT768,0.9573987722396851
7777,1,96,0.0015499655855819583,VIT768,0.9809078574180603
7777,1,97,0.001528343535028398,VIT768,0.9716097116470337
7777,1,98,0.0014994407538324594,VIT768,0.9910339117050171
7777,1,99,0.0014753607101738453,VIT768,0.9752907752990723
7777,1,100,0.0014590073842555285,VIT768,0.9830302000045776
7777,1,101,0.0014229526277631521,VIT768,0.9779374599456787
7777,1,102,0.0013916936004534364,VIT768,0.9746239185333252
7777,1,103,0.0013718073023483157,VIT768,0.9770660996437073
7777,1,104,0.0013417779700830579,VIT768,0.9815705418586731
7777,1,105,0.0013368718791753054,VIT768,0.9609093070030212
7777,1,106,0.0013162866234779358,VIT768,0.9808444976806641
7777,1,107,0.0012822463177144527,VIT768,0.9774835109710693
7777,1,108,0.0012569359969347715,VIT768,0.9674328565597534
7777,1,109,0.0012438548728823662,VIT768,0.969018280506134
7777,1,110,0.001211709575727582,VIT768,0.9833398461341858
7777,1,111,0.0012023487361148,VIT768,0.9889553189277649
7777,1,112,0.0011783941881731153,VIT768,0.9834396243095398
7777,1,113,0.001150403288193047,VIT768,0.9666303396224976
7777,1,114,0.001137360231950879,VIT768,0.982105016708374
7777,1,115,0.0011138253612443805,VIT768,0.9742929935455322
7777,1,116,0.0010819665621966124,VIT768,0.9656161069869995
7777,1,117,0.001064259558916092,VIT768,0.9841514825820923
7777,1,118,0.001055511413142085,VIT768,0.990702748298645
7777,1,119,0.0010368938092142344,VIT768,0.9751977920532227
7777,1,120,0.0010277945548295975,VIT768,0.9773057103157043
7777,1,121,0.0010006395168602467,VIT768,0.9709684252738953
7777,1,122,0.0009727171272970736,VIT768,0.963800847530365
7777,1,123,0.0009541577310301363,VIT768,0.9853933453559875
7777,1,124,0.0009433557861484587,VIT768,0.9785864353179932
7777,1,125,0.0009343657875433564,VIT768,0.9759143590927124
7777,1,126,0.0009058720897883177,VIT768,0.9753574132919312
7777,1,127,0.0008905278518795967,VIT768,0.9750226736068726
7777,1,128,0.0008749550324864686,VIT768,0.9854684472084045
7777,2,1,0.11855016648769379,COLOR9,0.015711098909378052
7777,2,2,0.06466086208820343,COLOR9,0.0077969906851649284
7777,2,3,0.05412491410970688,COLOR9,0.009214719757437706
7777,2,4,0.052798058837652206,COLOR9,0.013533446006476879
7777,2,5,0.03658152371644974,COLOR9,0.01004436332732439
7777,2,6,0.030994759872555733,COLOR9,0.01468882616609335
7777,2,7,0.029846185818314552,COLOR9,0.02977561205625534
7777,2,8,0.02692783810198307,COLOR9,0.010230226442217827
7777,2,9,0.022277064621448517,COLOR9,0.0025131283327937126
7777,2,10,0.02039429359138012,COLOR9,0.00419586943462491
7777,2,11,0.01982281729578972,COLOR9,0.003944376949220896
7777,2,12,0.018182000145316124,COLOR9,0.004905771929770708
7777,2,13,0.01685616932809353,COLOR9,0.009999961592257023
7777,2,14,0.015476441010832787,COLOR9,0.01634606160223484
7777,2,15,0.012782096862792969,COLOR9,0.006301393732428551
7777,2,16,0.012160603888332844,COLOR9,0.008589108474552631
7777,2,17,0.011757450178265572,COLOR9,0.010112308897078037
7777,2,18,0.011535188183188438,COLOR9,0.008070954121649265
7777,2,19,0.01148975733667612,COLOR9,0.007867109961807728
7777,2,20,0.010509511455893517,COLOR9,0.019503002986311913
7777,2,21,0.009974769316613674,COLOR9,0.013589276932179928
7777,2,22,0.009668347425758839,COLOR9,0.013601183891296387
7777,2,23,0.008970490656793118,COLOR9,0.006955750752240419
7777,2,24,0.008568516001105309,COLOR9,0.0006072730757296085
7777,2,25,0.008208141662180424,COLOR9,0.009745113551616669
7777,2,26,0.007558927405625582,COLOR9,0.021567609161138535
7777,2,27,0.007364071439951658,COLOR9,0.00593794509768486
7777,2,28,0.0071840668097138405,COLOR9,0.004825711715966463
7777,2,29,0.006992478854954243,COLOR9,0.005543940234929323
7777,2,30,0.006616988219320774,COLOR9,0.001814492279663682
7777,2,31,0.006445032078772783,COLOR9,0.009955931454896927
7777,2,32,0.006279184482991695,COLOR9,0.009487914852797985
7777,2,33,0.006147301755845547,COLOR9,0.008194871246814728
7777,2,34,0.005916088353842497,COLOR9,0.01651453599333763
7777,2,35,0.005835284944623709,COLOR9,0.009639379568397999
7777,2,36,0.005605819635093212,COLOR9,0.00920256320387125
7777,2,37,0.005500251427292824,COLOR9,0.011141312308609486
7777,2,38,0.005028903018683195,COLOR9,0.009026136249303818
7777,2,39,0.004971869755536318,COLOR9,0.011736063286662102
7777,2,40,0.004857849329710007,COLOR9,0.006237794645130634
7777,2,41,0.004799691494554281,COLOR9,0.013492816127836704
7777,2,42,0.0046212682500481606,COLOR9,0.01703842170536518
7777,2,43,0.004491620697081089,COLOR9,0.01379019021987915
7777,2,44,0.004316234961152077,COLOR9,0.03726397082209587
7777,2,45,0.004192189779132605,COLOR9,0.01639072224497795
7777,2,46,0.0041030035354197025,COLOR9,0.014274479821324348
7777,2,47,0.004006777890026569,COLOR9,0.005930987186729908
7777,2,48,0.003922552801668644,COLOR9,0.019201666116714478
7777,2,49,0.0038549713790416718,COLOR9,0.008140891790390015
7777,2,50,0.0037563503719866276,COLOR9,0.007707166485488415
7777,2,51,0.0036740561481565237,COLOR9,0.02515980787575245
7777,2,52,0.0035915235057473183,COLOR9,0.023776210844516754
7777,2,53,0.003528137691318989,COLOR9,0.008088870905339718
7777,2,54,0.0033910006750375032,COLOR9,0.0034528926480561495
7777,2,55,0.0033346619457006454,COLOR9,0.0034255306236445904
7777,2,56,0.003230424365028739,COLOR9,0.008358431980013847
7777,2,57,0.0031506787054240704,COLOR9,0.011943083256483078
7777,2,58,0.0031178221106529236,COLOR9,0.01884911209344864
7777,2,59,0.003046073019504547,COLOR9,0.0062682898715138435
7777,2,60,0.003008284606039524,COLOR9,0.01262336503714323
7777,2,61,0.002970852656289935,COLOR9,0.0034976014867424965
7777,2,62,0.002937476383522153,COLOR9,0.024210605770349503
7777,2,63,0.0028198116924613714,COLOR9,0.01000260654836893
7777,2,64,0.002766765421256423,COLOR9,0.0023565911687910557
7777,2,65,0.002681795507669449,COLOR9,0.014125607907772064
7777,2,66,0.0026528958696871996,COLOR9,0.0014516579685732722
7777,2,67,0.0025582772213965654,COLOR9,0.01727740652859211
7777,2,68,0.0025489437393844128,COLOR9,0.0035699696745723486
7777,2,69,0.00252011907286942,COLOR9,0.020051779225468636
7777,2,70,0.0024337931536138058,COLOR9,0.010391349904239178
7777,2,71,0.002409558044746518,COLOR9,0.003321767318993807
7777,2,72,0.002369536552578211,COLOR9,0.022426428273320198
7777,2,73,0.002305362606421113,COLOR9,0.018479663878679276
7777,2,74,0.0022736864630132914,COLOR9,0.003275350434705615
7777,2,75,0.002191560110077262,COLOR9,0.006700481288135052
7777,2,76,0.002152208471670747,COLOR9,0.003845729399472475
7777,2,77,0.002111061243340373,COLOR9,0.016503646969795227
7777,2,78,0.002085943939164281,COLOR9,0.00417371466755867
7777,2,79,0.002032782416790724,COLOR9,0.008077832870185375
7777,2,80,0.0019937718752771616,COLOR9,0.005539347417652607
7777,2,81,0.001977012027055025,COLOR9,0.006495120469480753
7777,2,82,0.0019390160450711846,COLOR9,0.005542082712054253
7777,2,83,0.0019177974900230765,COLOR9,0.004213055595755577
7777,2,84,0.0018607561942189932,COLOR9,0.013086692430078983
7777,2,85,0.0018444600282236934,COLOR9,0.004561503883451223
7777,2,86,0.0018053763778880239,COLOR9,0.021568965166807175
7777,2,87,0.001765976776368916,COLOR9,0.014110575430095196
7777,2,88,0.0017491166945546865,COLOR9,0.008631844073534012
7777,2,89,0.0017302361084148288,COLOR9,0.021273816004395485
7777,2,90,0.0016867145895957947,COLOR9,0.018546322360634804
7777,2,91,0.0016716031823307276,COLOR9,0.019907573238015175
7777,2,92,0.0016089649870991707,COLOR9,0.00936149526387453
7777,2,93,0.001601277501322329,COLOR9,0.00822935625910759
7777,2,94,0.0015895129181444645,COLOR9,0.003846442326903343
7777,2,95,0.0015485233161598444,COLOR9,0.0044311294332146645
7777,2,96,0.0015114429406821728,COLOR9,0.006788166239857674
7777,2,97,0.0014912249753251672,COLOR9,0.011137678287923336
7777,2,98,0.0014770403504371643,COLOR9,0.009058518335223198
7777,2,99,0.0014438695507124066,COLOR9,0.004572148900479078
7777,2,100,0.001437316881492734,COLOR9,0.008716649375855923
7777,2,101,0.0014165693428367376,COLOR9,0.003172730328515172
7777,2,102,0.0013957031769677997,COLOR9,0.012966202571988106
7777,2,103,0.0013741113943979144,COLOR9,0.020062435418367386
7777,2,104,0.0013497964246198535,COLOR9,0.020735513418912888
7777,2,105,0.0013344287872314453,COLOR9,0.010336348786950111
7777,2,106,0.0013145015109330416,COLOR9,0.004279352258890867
7777,2,107,0.0013111591106280684,COLOR9,0.006473742425441742
7777,2,108,0.0012838862603530288,COLOR9,0.014081679284572601
7777,2,109,0.0012577601009979844,COLOR9,0.017983052879571915
7777,2,110,0.001244599698111415,COLOR9,0.013326581567525864
7777,2,111,0.0012236179318279028,COLOR9,0.0017699772724881768
7777,2,112,0.0012034050887450576,COLOR9,0.005587955936789513
7777,2,113,0.0011824235552921891,COLOR9,0.01522750873118639
7777,2,114,0.0011631313245743513,COLOR9,0.0044343192130327225
7777,2,115,0.0011423537507653236,COLOR9,0.010159320197999477
7777,2,116,0.0011229590745642781,COLOR9,0.016555871814489365
7777,2,117,0.001104665920138359,COLOR9,0.0033220816403627396
7777,2,118,0.0010932093719020486,COLOR9,0.007883062586188316
7777,2,119,0.001088489661924541,COLOR9,0.00806853175163269
7777,2,120,0.0010756721021607518,COLOR9,0.005144767463207245
7777,2,121,0.0010495162568986416,COLOR9,0.01146300695836544
7777,2,122,0.0010358988074585795,COLOR9,0.008447987958788872
7777,2,123,0.0010096918558701873,COLOR9,0.014412209391593933
7777,2,124,0.0009991772240027785,COLOR9,0.008019701577723026
7777,2,125,0.0009886343032121658,COLOR9,0.0115961330011487
7777,2,126,0.0009617204195819795,COLOR9,0.015405777841806412
7777,2,127,0.0009471551165916026,COLOR9,0.022300582379102707
7777,2,128,0.0009438542183488607,COLOR9,0.003121491987258196
7777,2,1,0.11855016648769379,LBP18,0.10659328103065491
7777,2,2,0.06466086208820343,LBP18,0.004080554936081171
7777,2,3,0.05412491410970688,LBP18,0.0013876676093786955
7777,2,4,0.052798058837652206,LBP18,0.01477542519569397
7777,2,5,0.03658152371644974,LBP18,0.0012844217708334327
7777,2,6,0.030994759872555733,LBP18,0.0063954670913517475
7777,2,7,0.029846185818314552,LBP18,0.03867277503013611
7777,2,8,0.02692783810198307,LBP18,0.0056338985450565815
7777,2,9,0.022277064621448517,LBP18,0.02261911705136299
7777,2,10,0.02039429359138012,LBP18,0.016984613612294197
7777,2,11,0.01982281729578972,LBP18,0.0013919527409598231
7777,2,12,0.018182000145316124,LBP18,0.004279248416423798
7777,2,13,0.01685616932809353,LBP18,0.008264373987913132
7777,2,14,0.015476441010832787,LBP18,0.008182617835700512
7777,2,15,0.012782096862792969,LBP18,0.012050777673721313
7777,2,16,0.012160603888332844,LBP18,0.026251966133713722
7777,2,17,0.011757450178265572,LBP18,0.0424271784722805
7777,2,18,0.011535188183188438,LBP18,0.01718880608677864
7777,2,19,0.01148975733667612,LBP18,0.04562276974320412
7777,2,20,0.010509511455893517,LBP18,0.0023893045727163553
7777,2,21,0.009974769316613674,LBP18,0.001534121809527278
7777,2,22,0.009668347425758839,LBP18,0.008937817066907883
7777,2,23,0.008970490656793118,LBP18,0.012034974992275238
7777,2,24,0.008568516001105309,LBP18,0.005164479836821556
7777,2,25,0.008208141662180424,LBP18,0.023990437388420105
7777,2,26,0.007558927405625582,LBP18,0.009744381532073021
7777,2,27,0.007364071439951658,LBP18,0.024708598852157593
7777,2,28,0.0071840668097138405,LBP18,0.02437625266611576
7777,2,29,0.006992478854954243,LBP18,0.003640999086201191
7777,2,30,0.006616988219320774,LBP18,0.01941336691379547
7777,2,31,0.006445032078772783,LBP18,0.022220280021429062
7777,2,32,0.006279184482991695,LBP18,0.0009378297836519778
7777,2,33,0.006147301755845547,LBP18,0.007443825248628855
7777,2,34,0.005916088353842497,LBP18,0.005095772445201874
7777,2,35,0.005835284944623709,LBP18,0.029147956520318985
7777,2,36,0.005605819635093212,LBP18,0.028929956257343292
7777,2,37,0.005500251427292824,LBP18,0.02562633529305458
7777,2,38,0.005028903018683195,LBP18,0.028662540018558502
7777,2,39,0.004971869755536318,LBP18,0.002596404403448105
7777,2,40,0.004857849329710007,LBP18,0.03780379518866539
7777,2,41,0.004799691494554281,LBP18,0.003029211424291134
7777,2,42,0.0046212682500481606,LBP18,0.005529147572815418
7777,2,43,0.004491620697081089,LBP18,0.019946228712797165
7777,2,44,0.004316234961152077,LBP18,0.0013138457434251904
7777,2,45,0.004192189779132605,LBP18,0.03212471678853035
7777,2,46,0.0041030035354197025,LBP18,0.009272885508835316
7777,2,47,0.004006777890026569,LBP18,0.020531300455331802
7777,2,48,0.003922552801668644,LBP18,0.0026101423427462578
7777,2,49,0.0038549713790416718,LBP18,0.031033193692564964
7777,2,50,0.0037563503719866276,LBP18,0.008749650791287422
7777,2,51,0.0036740561481565237,LBP18,0.013519094325602055
7777,2,52,0.0035915235057473183,LBP18,0.004215535707771778
7777,2,53,0.003528137691318989,LBP18,0.000865380687173456
7777,2,54,0.0033910006750375032,LBP18,0.003124564653262496
7777,2,55,0.0033346619457006454,LBP18,0.010183882899582386
7777,2,56,0.003230424365028739,LBP18,0.004034372512251139
7777,2,57,0.0031506787054240704,LBP18,0.012761375866830349
7777,2,58,0.0031178221106529236,LBP18,0.006316629704087973
7777,2,59,0.003046073019504547,LBP18,0.003981165122240782
7777,2,60,0.003008284606039524,LBP18,0.0032579489052295685
7777,2,61,0.002970852656289935,LBP18,0.01263916864991188
7777,2,62,0.002937476383522153,LBP18,0.005917493253946304
7777,2,63,0.0028198116924613714,LBP18,0.01942996308207512
7777,2,64,0.002766765421256423,LBP18,0.01492587011307478
7777,2,65,0.002681795507669449,LBP18,0.0028769925702363253
7777,2,66,0.0026528958696871996,LBP18,0.005140136461704969
7777,2,67,0.0025582772213965654,LBP18,0.002502812771126628
7777,2,68,0.0025489437393844128,LBP18,0.01771915890276432
7777,2,69,0.00252011907286942,LBP18,0.011613632552325726
7777,2,70,0.0024337931536138058,LBP18,0.01916496641933918
7777,2,71,0.002409558044746518,LBP18,0.005269999615848064
7777,2,72,0.002369536552578211,LBP18,0.0013349145883694291
7777,2,73,0.002305362606421113,LBP18,0.010970463044941425
7777,2,74,0.0022736864630132914,LBP18,0.0030319304205477238
7777,2,75,0.002191560110077262,LBP18,0.0031850768718868494
7777,2,76,0.002152208471670747,LBP18,0.006214868742972612
7777,2,77,0.002111061243340373,LBP18,0.004016514867544174
7777,2,78,0.002085943939164281,LBP18,0.01190914772450924
7777,2,79,0.002032782416790724,LBP18,0.006967535708099604
7777,2,80,0.0019937718752771616,LBP18,0.00463373027741909
7777,2,81,0.001977012027055025,LBP18,0.002624794840812683
7777,2,82,0.0019390160450711846,LBP18,0.0030022873543202877
7777,2,83,0.0019177974900230765,LBP18,0.013627921231091022
7777,2,84,0.0018607561942189932,LBP18,0.0030336149502545595
7777,2,85,0.0018444600282236934,LBP18,0.004608567338436842
7777,2,86,0.0018053763778880239,LBP18,0.0018400310073047876
7777,2,87,0.001765976776368916,LBP18,0.007601398043334484
7777,2,88,0.0017491166945546865,LBP18,0.009682944975793362
7777,2,89,0.0017302361084148288,LBP18,0.0067643094807863235
7777,2,90,0.0016867145895957947,LBP18,0.006772763095796108
7777,2,91,0.0016716031823307276,LBP18,0.005697677377611399
7777,2,92,0.0016089649870991707,LBP18,0.002504525473341346
7777,2,93,0.001601277501322329,LBP18,0.007023694925010204
7777,2,94,0.0015895129181444645,LBP18,0.004448037128895521
7777,2,95,0.0015485233161598444,LBP18,0.002847402822226286
7777,2,96,0.0015114429406821728,LBP18,0.0075469911098480225
7777,2,97,0.0014912249753251672,LBP18,0.006173939444124699
7777,2,98,0.0014770403504371643,LBP18,0.017654046416282654
7777,2,99,0.0014438695507124066,LBP18,0.004995859228074551
7777,2,100,0.001437316881492734,LBP18,0.008588221855461597
7777,2,101,0.0014165693428367376,LBP18,0.004950951784849167
7777,2,102,0.0013957031769677997,LBP18,0.013151007704436779
7777,2,103,0.0013741113943979144,LBP18,0.004426721949130297
7777,2,104,0.0013497964246198535,LBP18,0.002571882912889123
7777,2,105,0.0013344287872314453,LBP18,0.006382947321981192
7777,2,106,0.0013145015109330416,LBP18,0.010263119824230671
7777,2,107,0.0013111591106280684,LBP18,0.01802889257669449
7777,2,108,0.0012838862603530288,LBP18,0.0047108763828873634
7777,2,109,0.0012577601009979844,LBP18,0.005975048057734966
7777,2,110,0.001244599698111415,LBP18,0.009487968869507313
7777,2,111,0.0012236179318279028,LBP18,0.007795192766934633
7777,2,112,0.0012034050887450576,LBP18,0.010007113218307495
7777,2,113,0.0011824235552921891,LBP18,0.0018409733893349767
7777,2,114,0.0011631313245743513,LBP18,0.00519518693909049
7777,2,115,0.0011423537507653236,LBP18,0.0017309569520875812
7777,2,116,0.0011229590745642781,LBP18,0.0012999308528378606
7777,2,117,0.001104665920138359,LBP18,0.004927875008434057
7777,2,118,0.0010932093719020486,LBP18,0.009365692734718323
7777,2,119,0.001088489661924541,LBP18,0.011982538737356663
7777,2,120,0.0010756721021607518,LBP18,0.004724863916635513
7777,2,121,0.0010495162568986416,LBP18,0.011343604885041714
7777,2,122,0.0010358988074585795,LBP18,0.00906119029968977
7777,2,123,0.0010096918558701873,LBP18,0.0033991967793554068
7777,2,124,0.0009991772240027785,LBP18,0.004834549967199564
7777,2,125,0.0009886343032121658,LBP18,0.0072676194831728935
7777,2,126,0.0009617204195819795,LBP18,0.0020576324313879013
7777,2,127,0.0009471551165916026,LBP18,0.0035405654925853014
7777,2,128,0.0009438542183488607,LBP18,0.0207904651761055
7777,2,1,0.11855016648769379,HARALICK5,0.0070543717592954636
7777,2,2,0.06466086208820343,HARALICK5,0.01733197644352913
7777,2,3,0.05412491410970688,HARALICK5,0.006076399236917496
7777,2,4,0.052798058837652206,HARALICK5,0.00958156492561102
7777,2,5,0.03658152371644974,HARALICK5,0.000913611613214016
7777,2,6,0.030994759872555733,HARALICK5,0.003925913479179144
7777,2,7,0.029846185818314552,HARALICK5,0.00812344066798687
7777,2,8,0.02692783810198307,HARALICK5,0.0049550398252904415
7777,2,9,0.022277064621448517,HARALICK5,0.0050679538398981094
7777,2,10,0.02039429359138012,HARALICK5,0.0031372904777526855
7777,2,11,0.01982281729578972,HARALICK5,0.0016360606532543898
7777,2,12,0.018182000145316124,HARALICK5,0.0026220702566206455
7777,2,13,0.01685616932809353,HARALICK5,0.005817849189043045
7777,2,14,0.015476441010832787,HARALICK5,0.0017851772718131542
7777,2,15,0.012782096862792969,HARALICK5,0.004881357774138451
7777,2,16,0.012160603888332844,HARALICK5,0.003105721902102232
7777,2,17,0.011757450178265572,HARALICK5,0.0034608931746333838
7777,2,18,0.011535188183188438,HARALICK5,0.0035586266312748194
7777,2,19,0.01148975733667612,HARALICK5,0.017316952347755432
7777,2,20,0.010509511455893517,HARALICK5,0.00046763717546127737
7777,2,21,0.009974769316613674,HARALICK5,0.014821263961493969
7777,2,22,0.009668347425758839,HARALICK5,0.0014203451573848724
7777,2,23,0.008970490656793118,HARALICK5,0.0006290908786468208
7777,2,24,0.008568516001105309,HARALICK5,0.001961152534931898
7777,2,25,0.008208141662180424,HARALICK5,0.010505127720534801
7777,2,26,0.007558927405625582,HARALICK5,0.016262302175164223
7777,2,27,0.007364071439951658,HARALICK5,0.0048564402386546135
7777,2,28,0.0071840668097138405,HARALICK5,0.0020799716003239155
7777,2,29,0.006992478854954243,HARALICK5,0.005302131175994873
7777,2,30,0.006616988219320774,HARALICK5,0.00036071898648515344
7777,2,31,0.006445032078772783,HARALICK5,0.002555263927206397
7777,2,32,0.006279184482991695,HARALICK5,0.001679288106970489
7777,2,33,0.006147301755845547,HARALICK5,0.0013071759603917599
7777,2,34,0.005916088353842497,HARALICK5,0.005817573983222246
7777,2,35,0.005835284944623709,HARALICK5,0.011117173358798027
7777,2,36,0.005605819635093212,HARALICK5,0.008932948112487793
7777,2,37,0.005500251427292824,HARALICK5,0.006520711816847324
7777,2,38,0.005028903018683195,HARALICK5,0.0007483349181711674
7777,2,39,0.004971869755536318,HARALICK5,0.005051450338214636
7777,2,40,0.004857849329710007,HARALICK5,0.0018048641504719853
7777,2,41,0.004799691494554281,HARALICK5,0.005506421905010939
7777,2,42,0.0046212682500481606,HARALICK5,0.00222975155338645
7777,2,43,0.004491620697081089,HARALICK5,0.005853874608874321
7777,2,44,0.004316234961152077,HARALICK5,0.008748332038521767
7777,2,45,0.004192189779132605,HARALICK5,0.003914574161171913
7777,2,46,0.0041030035354197025,HARALICK5,0.0037470702081918716
7777,2,47,0.004006777890026569,HARALICK5,0.0004624009598046541
7777,2,48,0.003922552801668644,HARALICK5,0.0009269028669223189
7777,2,49,0.0038549713790416718,HARALICK5,0.0032946867868304253
7777,2,50,0.0037563503719866276,HARALICK5,0.0038145901635289192
7777,2,51,0.0036740561481565237,HARALICK5,0.0011471305042505264
7777,2,52,0.0035915235057473183,HARALICK5,0.008307532407343388
7777,2,53,0.003528137691318989,HARALICK5,0.01787668466567993
7777,2,54,0.0033910006750375032,HARALICK5,0.0004370383103378117
7777,2,55,0.0033346619457006454,HARALICK5,0.0016536104958504438
7777,2,56,0.003230424365028739,HARALICK5,0.008728088811039925
7777,2,57,0.0031506787054240704,HARALICK5,0.004373072646558285
7777,2,58,0.0031178221106529236,HARALICK5,0.013118823058903217
7777,2,59,0.003046073019504547,HARALICK5,0.0025315044913440943
7777,2,60,0.003008284606039524,HARALICK5,0.004578595981001854
7777,2,61,0.002970852656289935,HARALICK5,0.001958744367584586
7777,2,62,0.002937476383522153,HARALICK5,0.004449615720659494
7777,2,63,0.0028198116924613714,HARALICK5,0.0038260866422206163
7777,2,64,0.002766765421256423,HARALICK5,0.0026240129955112934
7777,2,65,0.002681795507669449,HARALICK5,0.008673266507685184
7777,2,66,0.0026528958696871996,HARALICK5,0.0002550010976847261
7777,2,67,0.0025582772213965654,HARALICK5,0.008753051981329918
7777,2,68,0.0025489437393844128,HARALICK5,0.002634861273691058
7777,2,69,0.00252011907286942,HARALICK5,0.005911910440772772
7777,2,70,0.0024337931536138058,HARALICK5,0.007709026336669922
7777,2,71,0.002409558044746518,HARALICK5,0.0037610181607306004
7777,2,72,0.002369536552578211,HARALICK5,0.008901026099920273
7777,2,73,0.002305362606421113,HARALICK5,0.011732642538845539
7777,2,74,0.0022736864630132914,HARALICK5,0.010777484625577927
7777,2,75,0.002191560110077262,HARALICK5,0.0027526062913239002
7777,2,76,0.002152208471670747,HARALICK5,0.00255118147470057
7777,2,77,0.002111061243340373,HARALICK5,0.0015679046045988798
7777,2,78,0.002085943939164281,HARALICK5,0.002057333942502737
7777,2,79,0.002032782416790724,HARALICK5,0.0007189849275164306
7777,2,80,0.0019937718752771616,HARALICK5,0.0036528450436890125
7777,2,81,0.001977012027055025,HARALICK5,0.0016846429789438844
7777,2,82,0.0019390160450711846,HARALICK5,0.016322989016771317
7777,2,83,0.0019177974900230765,HARALICK5,0.000468340702354908
7777,2,84,0.0018607561942189932,HARALICK5,0.004480634815990925
7777,2,85,0.0018444600282236934,HARALICK5,0.001994107151404023
7777,2,86,0.0018053763778880239,HARALICK5,0.003765714354813099
7777,2,87,0.001765976776368916,HARALICK5,0.0030802234541624784
7777,2,88,0.0017491166945546865,HARALICK5,0.008637269027531147
7777,2,89,0.0017302361084148288,HARALICK5,0.010181544348597527
7777,2,90,0.0016867145895957947,HARALICK5,0.015815529972314835
7777,2,91,0.0016716031823307276,HARALICK5,0.012994716875255108
7777,2,92,0.0016089649870991707,HARALICK5,0.006284821312874556
7777,2,93,0.001601277501322329,HARALICK5,0.0011410333681851625
7777,2,94,0.0015895129181444645,HARALICK5,0.005365990102291107
7777,2,95,0.0015485233161598444,HARALICK5,0.0019188501173630357
7777,2,96,0.0015114429406821728,HARALICK5,0.02064974047243595
7777,2,97,0.0014912249753251672,HARALICK5,0.003950652200728655
7777,2,98,0.0014770403504371643,HARALICK5,0.012928004376590252
7777,2,99,0.0014438695507124066,HARALICK5,0.0019320594146847725
7777,2,100,0.001437316881492734,HARALICK5,0.01239604502916336
7777,2,101,0.0014165693428367376,HARALICK5,0.0015640854835510254
7777,2,102,0.0013957031769677997,HARALICK5,0.007658320013433695
7777,2,103,0.0013741113943979144,HARALICK5,0.002440617885440588
7777,2,104,0.0013497964246198535,HARALICK5,0.0013833256671205163
7777,2,105,0.0013344287872314453,HARALICK5,0.0037657509092241526
7777,2,106,0.0013145015109330416,HARALICK5,0.004937316291034222
7777,2,107,0.0013111591106280684,HARALICK5,0.007967849262058735
7777,2,108,0.0012838862603530288,HARALICK5,0.0022783007007092237
7777,2,109,0.0012577601009979844,HARALICK5,0.002340294187888503
7777,2,110,0.001244599698111415,HARALICK5,0.0021076593548059464
7777,2,111,0.0012236179318279028,HARALICK5,0.0019292766228318214
7777,2,112,0.0012034050887450576,HARALICK5,0.0030188753735274076
7777,2,113,0.0011824235552921891,HARALICK5,0.005459737032651901
7777,2,114,0.0011631313245743513,HARALICK5,0.00284114433452487
7777,2,115,0.0011423537507653236,HARALICK5,0.002739728195592761
7777,2,116,0.0011229590745642781,HARALICK5,0.005523831117898226
7777,2,117,0.001104665920138359,HARALICK5,0.0015240497887134552
7777,2,118,0.0010932093719020486,HARALICK5,0.002808687509968877
7777,2,119,0.001088489661924541,HARALICK5,0.002052322495728731
7777,2,120,0.0010756721021607518,HARALICK5,0.0014875696506351233
7777,2,121,0.0010495162568986416,HARALICK5,0.014601638540625572
7777,2,122,0.0010358988074585795,HARALICK5,0.0066619496792554855
7777,2,123,0.0010096918558701873,HARALICK5,0.0033924782183021307
7777,2,124,0.0009991772240027785,HARALICK5,0.005547382868826389
7777,2,125,0.0009886343032121658,HARALICK5,0.00791039876639843
7777,2,126,0.0009617204195819795,HARALICK5,0.0025337361730635166
7777,2,127,0.0009471551165916026,HARALICK5,0.013244555331766605
7777,2,128,0.0009438542183488607,HARALICK5,0.005348519422113895
7777,2,1,0.11855016648769379,ALL_HANDCRAFTED32,0.12935873866081238
7777,2,2,0.06466086208820343,ALL_HANDCRAFTED32,0.029209522530436516
7777,2,3,0.05412491410970688,ALL_HANDCRAFTED32,0.016678785905241966
7777,2,4,0.052798058837652206,ALL_HANDCRAFTED32,0.03789043426513672
7777,2,5,0.03658152371644974,ALL_HANDCRAFTED32,0.012242395430803299
7777,2,6,0.030994759872555733,ALL_HANDCRAFTED32,0.025010207667946815
7777,2,7,0.029846185818314552,ALL_HANDCRAFTED32,0.07657182961702347
7777,2,8,0.02692783810198307,ALL_HANDCRAFTED32,0.02081916481256485
7777,2,9,0.022277064621448517,ALL_HANDCRAFTED32,0.03020019829273224
7777,2,10,0.02039429359138012,ALL_HANDCRAFTED32,0.024317773059010506
7777,2,11,0.01982281729578972,ALL_HANDCRAFTED32,0.006972390227019787
7777,2,12,0.018182000145316124,ALL_HANDCRAFTED32,0.011807091534137726
7777,2,13,0.01685616932809353,ALL_HANDCRAFTED32,0.024082185700535774
7777,2,14,0.015476441010832787,ALL_HANDCRAFTED32,0.02631385624408722
7777,2,15,0.012782096862792969,ALL_HANDCRAFTED32,0.023233529180288315
7777,2,16,0.012160603888332844,ALL_HANDCRAFTED32,0.03794679045677185
7777,2,17,0.011757450178265572,ALL_HANDCRAFTED32,0.056000374257564545
7777,2,18,0.011535188183188438,ALL_HANDCRAFTED32,0.028818387538194656
7777,2,19,0.01148975733667612,ALL_HANDCRAFTED32,0.0708068311214447
7777,2,20,0.010509511455893517,ALL_HANDCRAFTED32,0.022359944880008698
7777,2,21,0.009974769316613674,ALL_HANDCRAFTED32,0.029944663867354393
7777,2,22,0.009668347425758839,ALL_HANDCRAFTED32,0.023959346115589142
7777,2,23,0.008970490656793118,ALL_HANDCRAFTED32,0.019619815051555634
7777,2,24,0.008568516001105309,ALL_HANDCRAFTED32,0.007732905447483063
7777,2,25,0.008208141662180424,ALL_HANDCRAFTED32,0.04424068331718445
7777,2,26,0.007558927405625582,ALL_HANDCRAFTED32,0.04757428914308548
7777,2,27,0.007364071439951658,ALL_HANDCRAFTED32,0.03550298511981964
7777,2,28,0.0071840668097138405,ALL_HANDCRAFTED32,0.031281936913728714
7777,2,29,0.006992478854954243,ALL_HANDCRAFTED32,0.014487070962786674
7777,2,30,0.006616988219320774,ALL_HANDCRAFTED32,0.021588576957583427
7777,2,31,0.006445032078772783,ALL_HANDCRAFTED32,0.03473147377371788
7777,2,32,0.006279184482991695,ALL_HANDCRAFTED32,0.012105032801628113
7777,2,33,0.006147301755845547,ALL_HANDCRAFTED32,0.016945872455835342
7777,2,34,0.005916088353842497,ALL_HANDCRAFTED32,0.027427881956100464
7777,2,35,0.005835284944623709,ALL_HANDCRAFTED32,0.049904510378837585
7777,2,36,0.005605819635093212,ALL_HANDCRAFTED32,0.04706546664237976
7777,2,37,0.005500251427292824,ALL_HANDCRAFTED32,0.04328835755586624
7777,2,38,0.005028903018683195,ALL_HANDCRAFTED32,0.03843701258301735
7777,2,39,0.004971869755536318,ALL_HANDCRAFTED32,0.01938391849398613
7777,2,40,0.004857849329710007,ALL_HANDCRAFTED32,0.04584645479917526
7777,2,41,0.004799691494554281,ALL_HANDCRAFTED32,0.022028449922800064
7777,2,42,0.0046212682500481606,ALL_HANDCRAFTED32,0.02479732036590576
7777,2,43,0.004491620697081089,ALL_HANDCRAFTED32,0.039590295404195786
7777,2,44,0.004316234961152077,ALL_HANDCRAFTED32,0.04732614755630493
7777,2,45,0.004192189779132605,ALL_HANDCRAFTED32,0.052430011332035065
7777,2,46,0.0041030035354197025,ALL_HANDCRAFTED32,0.02729443460702896
7777,2,47,0.004006777890026569,ALL_HANDCRAFTED32,0.02692468836903572
7777,2,48,0.003922552801668644,ALL_HANDCRAFTED32,0.022738710045814514
7777,2,49,0.0038549713790416718,ALL_HANDCRAFTED32,0.04246877133846283
7777,2,50,0.0037563503719866276,ALL_HANDCRAFTED32,0.020271409302949905
7777,2,51,0.0036740561481565237,ALL_HANDCRAFTED32,0.039826031774282455
7777,2,52,0.0035915235057473183,ALL_HANDCRAFTED32,0.03629927709698677
7777,2,53,0.003528137691318989,ALL_HANDCRAFTED32,0.02683093585073948
7777,2,54,0.0033910006750375032,ALL_HANDCRAFTED32,0.007014495320618153
7777,2,55,0.0033346619457006454,ALL_HANDCRAFTED32,0.015263024717569351
7777,2,56,0.003230424365028739,ALL_HANDCRAFTED32,0.021120890974998474
7777,2,57,0.0031506787054240704,ALL_HANDCRAFTED32,0.02907753176987171
7777,2,58,0.0031178221106529236,ALL_HANDCRAFTED32,0.03828456252813339
7777,2,59,0.003046073019504547,ALL_HANDCRAFTED32,0.012780958786606789
7777,2,60,0.003008284606039524,ALL_HANDCRAFTED32,0.020459908992052078
7777,2,61,0.002970852656289935,ALL_HANDCRAFTED32,0.01809551566839218
7777,2,62,0.002937476383522153,ALL_HANDCRAFTED32,0.034577712416648865
7777,2,63,0.0028198116924613714,ALL_HANDCRAFTED32,0.03325865417718887
7777,2,64,0.002766765421256423,ALL_HANDCRAFTED32,0.01990647241473198
7777,2,65,0.002681795507669449,ALL_HANDCRAFTED32,0.02567586675286293
7777,2,66,0.0026528958696871996,ALL_HANDCRAFTED32,0.006846794858574867
7777,2,67,0.0025582772213965654,ALL_HANDCRAFTED32,0.028533270582556725
7777,2,68,0.0025489437393844128,ALL_HANDCRAFTED32,0.02392398938536644
7777,2,69,0.00252011907286942,ALL_HANDCRAFTED32,0.037577323615550995
7777,2,70,0.0024337931536138058,ALL_HANDCRAFTED32,0.037265341728925705
7777,2,71,0.002409558044746518,ALL_HANDCRAFTED32,0.012352785095572472
7777,2,72,0.002369536552578211,ALL_HANDCRAFTED32,0.032662369310855865
7777,2,73,0.002305362606421113,ALL_HANDCRAFTED32,0.04118276759982109
7777,2,74,0.0022736864630132914,ALL_HANDCRAFTED32,0.017084766179323196
7777,2,75,0.002191560110077262,ALL_HANDCRAFTED32,0.012638164684176445
7777,2,76,0.002152208471670747,ALL_HANDCRAFTED32,0.012611780315637589
7777,2,77,0.002111061243340373,ALL_HANDCRAFTED32,0.02208806574344635
7777,2,78,0.002085943939164281,ALL_HANDCRAFTED32,0.018140196800231934
7777,2,79,0.002032782416790724,ALL_HANDCRAFTED32,0.015764355659484863
7777,2,80,0.0019937718752771616,ALL_HANDCRAFTED32,0.013825924135744572
7777,2,81,0.001977012027055025,ALL_HANDCRAFTED32,0.010804558172821999
7777,2,82,0.0019390160450711846,ALL_HANDCRAFTED32,0.024867359548807144
7777,2,83,0.0019177974900230765,ALL_HANDCRAFTED32,0.018309317529201508
7777,2,84,0.0018607561942189932,ALL_HANDCRAFTED32,0.02060094103217125
7777,2,85,0.0018444600282236934,ALL_HANDCRAFTED32,0.01116417907178402
7777,2,86,0.0018053763778880239,ALL_HANDCRAFTED32,0.027174711227416992
7777,2,87,0.001765976776368916,ALL_HANDCRAFTED32,0.024792198091745377
7777,2,88,0.0017491166945546865,ALL_HANDCRAFTED32,0.02695205807685852
7777,2,89,0.0017302361084148288,ALL_HANDCRAFTED32,0.038219667971134186
7777,2,90,0.0016867145895957947,ALL_HANDCRAFTED32,0.04113461822271347
7777,2,91,0.0016716031823307276,ALL_HANDCRAFTED32,0.03859996795654297
7777,2,92,0.0016089649870991707,ALL_HANDCRAFTED32,0.01815084181725979
7777,2,93,0.001601277501322329,ALL_HANDCRAFTED32,0.016394084319472313
7777,2,94,0.0015895129181444645,ALL_HANDCRAFTED32,0.01366046816110611
7777,2,95,0.0015485233161598444,ALL_HANDCRAFTED32,0.009197382256388664
7777,2,96,0.0015114429406821728,ALL_HANDCRAFTED32,0.034984901547431946
7777,2,97,0.0014912249753251672,ALL_HANDCRAFTED32,0.021262269467115402
7777,2,98,0.0014770403504371643,ALL_HANDCRAFTED32,0.03964056819677353
7777,2,99,0.0014438695507124066,ALL_HANDCRAFTED32,0.011500068008899689
7777,2,100,0.001437316881492734,ALL_HANDCRAFTED32,0.02970091626048088
7777,2,101,0.0014165693428367376,ALL_HANDCRAFTED32,0.00968776736408472
7777,2,102,0.0013957031769677997,ALL_HANDCRAFTED32,0.03377553075551987
7777,2,103,0.0013741113943979144,ALL_HANDCRAFTED32,0.02692977711558342
7777,2,104,0.0013497964246198535,ALL_HANDCRAFTED32,0.024690721184015274
7777,2,105,0.0013344287872314453,ALL_HANDCRAFTED32,0.0204850472509861
7777,2,106,0.0013145015109330416,ALL_HANDCRAFTED32,0.019479788839817047
7777,2,107,0.0013111591106280684,ALL_HANDCRAFTED32,0.03247048705816269
7777,2,108,0.0012838862603530288,ALL_HANDCRAFTED32,0.021070856600999832
7777,2,109,0.0012577601009979844,ALL_HANDCRAFTED32,0.026298394426703453
7777,2,110,0.001244599698111415,ALL_HANDCRAFTED32,0.024922210723161697
7777,2,111,0.0012236179318279028,ALL_HANDCRAFTED32,0.01149444654583931
7777,2,112,0.0012034050887450576,ALL_HANDCRAFTED32,0.018613941967487335
7777,2,113,0.0011824235552921891,ALL_HANDCRAFTED32,0.02252821996808052
7777,2,114,0.0011631313245743513,ALL_HANDCRAFTED32,0.012470650486648083
7777,2,115,0.0011423537507653236,ALL_HANDCRAFTED32,0.014630003832280636
7777,2,116,0.0011229590745642781,ALL_HANDCRAFTED32,0.02337963506579399
7777,2,117,0.001104665920138359,ALL_HANDCRAFTED32,0.00977400690317154
7777,2,118,0.0010932093719020486,ALL_HANDCRAFTED32,0.020057445392012596
7777,2,119,0.001088489661924541,ALL_HANDCRAFTED32,0.02210339345037937
7777,2,120,0.0010756721021607518,ALL_HANDCRAFTED32,0.011357199400663376
7777,2,121,0.0010495162568986416,ALL_HANDCRAFTED32,0.037408247590065
7777,2,122,0.0010358988074585795,ALL_HANDCRAFTED32,0.0241711288690567
7777,2,123,0.0010096918558701873,ALL_HANDCRAFTED32,0.02120388299226761
7777,2,124,0.0009991772240027785,ALL_HANDCRAFTED32,0.018401633948087692
7777,2,125,0.0009886343032121658,ALL_HANDCRAFTED32,0.026774153113365173
7777,2,126,0.0009617204195819795,ALL_HANDCRAFTED32,0.019997145980596542
7777,2,127,0.0009471551165916026,ALL_HANDCRAFTED32,0.03908570483326912
7777,2,128,0.0009438542183488607,ALL_HANDCRAFTED32,0.029260477051138878
7777,2,1,0.11855016648769379,VIT768,0.8706419467926025
7777,2,2,0.06466086208820343,VIT768,0.970790684223175
7777,2,3,0.05412491410970688,VIT768,0.9833210110664368
7777,2,4,0.052798058837652206,VIT768,0.9621089696884155
7777,2,5,0.03658152371644974,VIT768,0.987757682800293
7777,2,6,0.030994759872555733,VIT768,0.9749888181686401
7777,2,7,0.029846185818314552,VIT768,0.9234277009963989
7777,2,8,0.02692783810198307,VIT768,0.9791801571846008
7777,2,9,0.022277064621448517,VIT768,0.9698001146316528
7777,2,10,0.02039429359138012,VIT768,0.9756823182106018
7777,2,11,0.01982281729578972,VIT768,0.9930276870727539
7777,2,12,0.018182000145316124,VIT768,0.9881926774978638
7777,2,13,0.01685616932809353,VIT768,0.9759178757667542
7777,2,14,0.015476441010832787,VIT768,0.9736862182617188
7777,2,15,0.012782096862792969,VIT768,0.9767667055130005
7777,2,16,0.012160603888332844,VIT768,0.9620530605316162
7777,2,17,0.011757450178265572,VIT768,0.9439995884895325
7777,2,18,0.011535188183188438,VIT768,0.9711812734603882
7777,2,19,0.01148975733667612,VIT768,0.9291927814483643
7777,2,20,0.010509511455893517,VIT768,0.9776400923728943
7777,2,21,0.009974769316613674,VIT768,0.970055103302002
7777,2,22,0.009668347425758839,VIT768,0.9760404825210571
7777,2,23,0.008970490656793118,VIT768,0.9803796410560608
7777,2,24,0.008568516001105309,VIT768,0.9922664165496826
7777,2,25,0.008208141662180424,VIT768,0.9557592868804932
7777,2,26,0.007558927405625582,VIT768,0.9524252414703369
7777,2,27,0.007364071439951658,VIT768,0.9644967317581177
7777,2,28,0.0071840668097138405,VIT768,0.9687178134918213
7777,2,29,0.006992478854954243,VIT768,0.9855126142501831
7777,2,30,0.006616988219320774,VIT768,0.9784115552902222
7777,2,31,0.006445032078772783,VIT768,0.9652684330940247
7777,2,32,0.006279184482991695,VIT768,0.9878947138786316
7777,2,33,0.006147301755845547,VIT768,0.9830538034439087
7777,2,34,0.005916088353842497,VIT768,0.9725721478462219
7777,2,35,0.005835284944623709,VIT768,0.9500958919525146
7777,2,36,0.005605819635093212,VIT768,0.9529342651367188
7777,2,37,0.005500251427292824,VIT768,0.9567120671272278
7777,2,38,0.005028903018683195,VIT768,0.961562991142273
7777,2,39,0.004971869755536318,VIT768,0.9806158542633057
7777,2,40,0.004857849329710007,VIT768,0.9541540145874023
7777,2,41,0.004799691494554281,VIT768,0.977971613407135
7777,2,42,0.0046212682500481606,VIT768,0.9752027988433838
7777,2,43,0.004491620697081089,VIT768,0.9604108333587646
7777,2,44,0.004316234961152077,VIT768,0.9526736736297607
7777,2,45,0.004192189779132605,VIT768,0.9475698471069336
7777,2,46,0.0041030035354197025,VIT768,0.972705602645874
7777,2,47,0.004006777890026569,VIT768,0.9730753898620605
7777,2,48,0.003922552801668644,VIT768,0.9772612452507019
7777,2,49,0.0038549713790416718,VIT768,0.9575312733650208
7777,2,50,0.0037563503719866276,VIT768,0.9797286987304688
7777,2,51,0.0036740561481565237,VIT768,0.9601742029190063
7777,2,52,0.0035915235057473183,VIT768,0.9637013673782349
7777,2,53,0.003528137691318989,VIT768,0.973169207572937
7777,2,54,0.0033910006750375032,VIT768,0.9929857850074768
7777,2,55,0.0033346619457006454,VIT768,0.9847373366355896
7777,2,56,0.003230424365028739,VIT768,0.978879451751709
7777,2,57,0.0031506787054240704,VIT768,0.9709228277206421
7777,2,58,0.0031178221106529236,VIT768,0.9617151618003845
7777,2,59,0.003046073019504547,VIT768,0.987218976020813
7777,2,60,0.003008284606039524,VIT768,0.9795405268669128
7777,2,61,0.002970852656289935,VIT768,0.9819042682647705
7777,2,62,0.002937476383522153,VIT768,0.9654229283332825
7777,2,63,0.0028198116924613714,VIT768,0.966741144657135
7777,2,64,0.002766765421256423,VIT768,0.9800934791564941
7777,2,65,0.002681795507669449,VIT768,0.9743248224258423
7777,2,66,0.0026528958696871996,VIT768,0.9931530952453613
7777,2,67,0.0025582772213965654,VIT768,0.9714660048484802
7777,2,68,0.0025489437393844128,VIT768,0.9760762453079224
7777,2,69,0.00252011907286942,VIT768,0.9624226093292236
7777,2,70,0.0024337931536138058,VIT768,0.9627346992492676
7777,2,71,0.002409558044746518,VIT768,0.9876471161842346
7777,2,72,0.002369536552578211,VIT768,0.9673377275466919
7777,2,73,0.002305362606421113,VIT768,0.9588172435760498
7777,2,74,0.0022736864630132914,VIT768,0.9829151630401611
7777,2,75,0.002191560110077262,VIT768,0.9873611330986023
7777,2,76,0.002152208471670747,VIT768,0.9873878359794617
7777,2,77,0.002111061243340373,VIT768,0.977912187576294
7777,2,78,0.002085943939164281,VIT768,0.9818596839904785
7777,2,79,0.002032782416790724,VIT768,0.9842353463172913
7777,2,80,0.0019937718752771616,VIT768,0.9861744046211243
7777,2,81,0.001977012027055025,VIT768,0.9891951084136963
7777,2,82,0.0019390160450711846,VIT768,0.9751325845718384
7777,2,83,0.0019177974900230765,VIT768,0.981690526008606
7777,2,84,0.0018607561942189932,VIT768,0.9793990850448608
7777,2,85,0.0018444600282236934,VIT768,0.9888360500335693
7777,2,86,0.0018053763778880239,VIT768,0.9728255271911621
7777,2,87,0.001765976776368916,VIT768,0.9752076268196106
7777,2,88,0.0017491166945546865,VIT768,0.9730474948883057
7777,2,89,0.0017302361084148288,VIT768,0.9617801904678345
7777,2,90,0.0016867145895957947,VIT768,0.9588654637336731
7777,2,91,0.0016716031823307276,VIT768,0.9613999128341675
7777,2,92,0.0016089649870991707,VIT768,0.9818493127822876
7777,2,93,0.001601277501322329,VIT768,0.9836062788963318
7777,2,94,0.0015895129181444645,VIT768,0.9863395690917969
7777,2,95,0.0015485233161598444,VIT768,0.9908026456832886
7777,2,96,0.0015114429406821728,VIT768,0.9650147557258606
7777,2,97,0.0014912249753251672,VIT768,0.9787378311157227
7777,2,98,0.0014770403504371643,VIT768,0.9603601098060608
7777,2,99,0.0014438695507124066,VIT768,0.9885001182556152
7777,2,100,0.001437316881492734,VIT768,0.9702989459037781
7777,2,101,0.0014165693428367376,VIT768,0.9903125762939453
7777,2,102,0.0013957031769677997,VIT768,0.9662245512008667
7777,2,103,0.0013741113943979144,VIT768,0.973070502281189
7777,2,104,0.0013497964246198535,VIT768,0.975309431552887
7777,2,105,0.0013344287872314453,VIT768,0.9795154333114624
7777,2,106,0.0013145015109330416,VIT768,0.980520486831665
7777,2,107,0.0013111591106280684,VIT768,0.9675289392471313
7777,2,108,0.0012838862603530288,VIT768,0.9789292216300964
7777,2,109,0.0012577601009979844,VIT768,0.9737014770507812
7777,2,110,0.001244599698111415,VIT768,0.975077748298645
7777,2,111,0.0012236179318279028,VIT768,0.9885053634643555
7777,2,112,0.0012034050887450576,VIT768,0.9813860654830933
7777,2,113,0.0011824235552921891,VIT768,0.9774718284606934
7777,2,114,0.0011631313245743513,VIT768,0.9875292778015137
7777,2,115,0.0011423537507653236,VIT768,0.9853698015213013
7777,2,116,0.0011229590745642781,VIT768,0.9766207337379456
7777,2,117,0.001104665920138359,VIT768,0.9902258515357971
7777,2,118,0.0010932093719020486,VIT768,0.9799423217773438
7777,2,119,0.001088489661924541,VIT768,0.9778964519500732
7777,2,120,0.0010756721021607518,VIT768,0.9886425733566284
7777,2,121,0.0010495162568986416,VIT768,0.9625917673110962
7777,2,122,0.0010358988074585795,VIT768,0.9758287668228149
7777,2,123,0.0010096918558701873,VIT768,0.978796124458313
7777,2,124,0.0009991772240027785,VIT768,0.9815987348556519
7777,2,125,0.0009886343032121658,VIT768,0.9732258915901184
7777,2,126,0.0009617204195819795,VIT768,0.9800025820732117
7777,2,127,0.0009471551165916026,VIT768,0.9609143733978271
7777,2,128,0.0009438542183488607,VIT768,0.9707391262054443
7777,3,1,0.11239568144083023,COLOR9,0.015316369943320751
7777,3,2,0.06528165191411972,COLOR9,0.005772050935775042
7777,3,3,0.05746771767735481,COLOR9,0.02192518673837185
7777,3,4,0.05695803090929985,COLOR9,0.00575249781832099
7777,3,5,0.03897874429821968,COLOR9,0.006305603310465813
7777,3,6,0.03202895075082779,COLOR9,0.0049377745017409325
7777,3,7,0.031168924644589424,COLOR9,0.03337086737155914
7777,3,8,0.026306040585041046,COLOR9,0.011004225350916386
7777,3,9,0.024679508060216904,COLOR9,0.0031753662042319775
7777,3,10,0.019791729748249054,COLOR9,0.003148560179397464
7777,3,11,0.019150186330080032,COLOR9,0.002249392680823803
7777,3,12,0.01781274937093258,COLOR9,0.00736587680876255
7777,3,13,0.015273690223693848,COLOR9,0.014041602611541748
7777,3,14,0.015069873072206974,COLOR9,0.016934536397457123
7777,3,15,0.013093900866806507,COLOR9,0.011279860511422157
7777,3,16,0.012489750981330872,COLOR9,0.015546359121799469
7777,3,17,0.012007784098386765,COLOR9,0.008568248711526394
7777,3,18,0.01152997650206089,COLOR9,0.016711032018065453
7777,3,19,0.010456381365656853,COLOR9,0.00888425949960947
7777,3,20,0.009764560498297215,COLOR9,0.02130262739956379
7777,3,21,0.009411683306097984,COLOR9,0.005712501704692841
7777,3,22,0.009064383804798126,COLOR9,0.013295028358697891
7777,3,23,0.008786555379629135,COLOR9,0.004737923387438059
7777,3,24,0.008169551379978657,COLOR9,0.008630231022834778
7777,3,25,0.008104884065687656,COLOR9,0.004808690864592791
7777,3,26,0.0075795212760567665,COLOR9,0.011093350127339363
7777,3,27,0.007427309174090624,COLOR9,0.010358183644711971
7777,3,28,0.00712759792804718,COLOR9,0.009816005825996399
7777,3,29,0.006842725444585085,COLOR9,0.006478419527411461
7777,3,30,0.006572258658707142,COLOR9,0.008761839009821415
7777,3,31,0.006517637521028519,COLOR9,0.006729060783982277
7777,3,32,0.006261612754315138,COLOR9,0.011683134362101555
7777,3,33,0.006016142666339874,COLOR9,0.009535306133329868
7777,3,34,0.005774753168225288,COLOR9,0.008307475596666336
7777,3,35,0.005626230034977198,COLOR9,0.018118537962436676
7777,3,36,0.005574553739279509,COLOR9,0.009543688036501408
7777,3,37,0.0053682769648730755,COLOR9,0.012348840944468975
7777,3,38,0.0051552969962358475,COLOR9,0.010055992752313614
7777,3,39,0.005048689432442188,COLOR9,0.010176769457757473
7777,3,40,0.004989229142665863,COLOR9,0.006093291565775871
7777,3,41,0.004813379142433405,COLOR9,0.010387381538748741
7777,3,42,0.004673706367611885,COLOR9,0.007131101097911596
7777,3,43,0.004483191296458244,COLOR9,0.02190457470715046
7777,3,44,0.004315150436013937,COLOR9,0.005014087073504925
7777,3,45,0.004208622965961695,COLOR9,0.018187575042247772
7777,3,46,0.004069395363330841,COLOR9,0.0020091389305889606
7777,3,47,0.0038883760571479797,COLOR9,0.0044764564372599125
7777,3,48,0.0038486456032842398,COLOR9,0.018638920038938522
7777,3,49,0.0037387665361166,COLOR9,0.008680101484060287
7777,3,50,0.003647325560450554,COLOR9,0.005164924077689648
7777,3,51,0.003619113937020302,COLOR9,0.006842654198408127
7777,3,52,0.0035444465465843678,COLOR9,0.02554178424179554
7777,3,53,0.0034142909571528435,COLOR9,0.01443793810904026
7777,3,54,0.00334392418153584,COLOR9,0.008907971903681755
7777,3,55,0.003324173390865326,COLOR9,0.01415091473609209
7777,3,56,0.003255427349358797,COLOR9,0.014164355583488941
7777,3,57,0.0031627214048057795,COLOR9,0.00635868962854147
7777,3,58,0.003150600241497159,COLOR9,0.029052000492811203
7777,3,59,0.0030613115523010492,COLOR9,0.006884063594043255
7777,3,60,0.0029885070398449898,COLOR9,0.012772396206855774
7777,3,61,0.0029323557391762733,COLOR9,0.004752147942781448
7777,3,62,0.002860148437321186,COLOR9,0.006030932534486055
7777,3,63,0.0028358816634863615,COLOR9,0.008363356813788414
7777,3,64,0.0027071447111666203,COLOR9,0.0027823501732200384
7777,3,65,0.002625315450131893,COLOR9,0.014018080197274685
7777,3,66,0.0025710146874189377,COLOR9,0.009064838290214539
7777,3,67,0.002519558649510145,COLOR9,0.021142348647117615
7777,3,68,0.0024537439458072186,COLOR9,0.013753427192568779
7777,3,69,0.0024341540411114693,COLOR9,0.01832021214067936
7777,3,70,0.0023710723035037518,COLOR9,0.0062795295380055904
7777,3,71,0.0023378469049930573,COLOR9,0.019431745633482933
7777,3,72,0.002307577757164836,COLOR9,0.00494745746254921
7777,3,73,0.0022772480733692646,COLOR9,0.0055682482197880745
7777,3,74,0.0022206255234777927,COLOR9,0.009832095354795456
7777,3,75,0.0021426433231681585,COLOR9,0.0031327693723142147
7777,3,76,0.002123505575582385,COLOR9,0.010072666220366955
7777,3,77,0.0020808724220842123,COLOR9,0.014187967404723167
7777,3,78,0.0020249332301318645,COLOR9,0.0035419545602053404
7777,3,79,0.00199572229757905,COLOR9,0.013873230665922165
7777,3,80,0.001970832236111164,COLOR9,0.01133258268237114
7777,3,81,0.001955330604687333,COLOR9,0.0076851751655340195
7777,3,82,0.0019315859535709023,COLOR9,0.008573219180107117
7777,3,83,0.0018861532444134355,COLOR9,0.010936997830867767
7777,3,84,0.0018591205589473248,COLOR9,0.01137718465179205
7777,3,85,0.0018292817985638976,COLOR9,0.024268044158816338
7777,3,86,0.0017927667358890176,COLOR9,0.0070892455987632275
7777,3,87,0.0017818121705204248,COLOR9,0.020674260333180428
7777,3,88,0.001762641710229218,COLOR9,0.015929730609059334
7777,3,89,0.0017264613416045904,COLOR9,0.018545204773545265
7777,3,90,0.001707433839328587,COLOR9,0.0061740148812532425
7777,3,91,0.0016381784807890654,COLOR9,0.014658045955002308
7777,3,92,0.001626530080102384,COLOR9,0.0062122042290866375
7777,3,93,0.001610714360140264,COLOR9,0.013105531223118305
7777,3,94,0.0015915301628410816,COLOR9,0.023514892905950546
7777,3,95,0.0015685171820223331,COLOR9,0.001914382679387927
7777,3,96,0.0015433469088748097,COLOR9,0.010225561447441578
7777,3,97,0.0015145912766456604,COLOR9,0.004604617599397898
7777,3,98,0.0014917999505996704,COLOR9,0.006401152350008488
7777,3,99,0.001467986381612718,COLOR9,0.014808708801865578
7777,3,100,0.0014305684017017484,COLOR9,0.008017756044864655
7777,3,101,0.0013865199871361256,COLOR9,0.009489335119724274
7777,3,102,0.0013733735540881753,COLOR9,0.00550933089107275
7777,3,103,0.0013656769879162312,COLOR9,0.004761568736284971
7777,3,104,0.0013524779351428151,COLOR9,0.008189675398170948
7777,3,105,0.0013024016516283154,COLOR9,0.037609271705150604
7777,3,106,0.001299813506193459,COLOR9,0.009554987773299217
7777,3,107,0.0012751311296597123,COLOR9,0.007011944428086281
7777,3,108,0.0012609324185177684,COLOR9,0.025169190019369125
7777,3,109,0.0012334304628893733,COLOR9,0.017334258183836937
7777,3,110,0.0012243533274158835,COLOR9,0.015004778280854225
7777,3,111,0.0012000895803794265,COLOR9,0.009574409574270248
7777,3,112,0.0011912191985175014,COLOR9,0.008646431379020214
7777,3,113,0.0011813311139121652,COLOR9,0.011244870722293854
7777,3,114,0.001138842897489667,COLOR9,0.005529623478651047
7777,3,115,0.0011335067683830857,COLOR9,0.004712570458650589
7777,3,116,0.0011001378297805786,COLOR9,0.0032973799388855696
7777,3,117,0.0010908835101872683,COLOR9,0.005647851619869471
7777,3,118,0.0010837973095476627,COLOR9,0.004972489085048437
7777,3,119,0.0010549465660005808,COLOR9,0.006797902286052704
7777,3,120,0.0010465704835951328,COLOR9,0.0038106986321508884
7777,3,121,0.0010296093532815576,COLOR9,0.005721971392631531
7777,3,122,0.0010041804052889347,COLOR9,0.017490476369857788
7777,3,123,0.0010037152096629143,COLOR9,0.005100536625832319
7777,3,124,0.000999078038148582,COLOR9,0.014773350208997726
7777,3,125,0.0009767920710146427,COLOR9,0.012246208265423775
7777,3,126,0.00096005795057863,COLOR9,0.008167059160768986
7777,3,127,0.000934386276639998,COLOR9,0.01033648569136858
7777,3,128,0.0009251100127585232,COLOR9,0.022990114986896515
7777,3,1,0.11239568144083023,LBP18,0.10321428626775742
7777,3,2,0.06528165191411972,LBP18,0.007457034662365913
7777,3,3,0.05746771767735481,LBP18,0.016879644244909286
7777,3,4,0.05695803090929985,LBP18,0.003238093573600054
7777,3,5,0.03897874429821968,LBP18,0.0010860854526981711
7777,3,6,0.03202895075082779,LBP18,0.02053566463291645
7777,3,7,0.031168924644589424,LBP18,0.03151111677289009
7777,3,8,0.026306040585041046,LBP18,0.004479452036321163
7777,3,9,0.024679508060216904,LBP18,0.018095381557941437
7777,3,10,0.019791729748249054,LBP18,0.011983148753643036
7777,3,11,0.019150186330080032,LBP18,0.003982259891927242
7777,3,12,0.01781274937093258,LBP18,0.014939576387405396
7777,3,13,0.015273690223693848,LBP18,0.01364685595035553
7777,3,14,0.015069873072206974,LBP18,0.005121845286339521
7777,3,15,0.013093900866806507,LBP18,0.0033388135489076376
7777,3,16,0.012489750981330872,LBP18,0.03934800252318382
7777,3,17,0.012007784098386765,LBP18,0.0012502011377364397
7777,3,18,0.01152997650206089,LBP18,0.06045377999544144
7777,3,19,0.010456381365656853,LBP18,0.01665647141635418
7777,3,20,0.009764560498297215,LBP18,0.007935350760817528
7777,3,21,0.009411683306097984,LBP18,0.0019271003548055887
7777,3,22,0.009064383804798126,LBP18,0.026919957250356674
7777,3,23,0.008786555379629135,LBP18,0.02544235996901989
7777,3,24,0.008169551379978657,LBP18,0.0030898982658982277
7777,3,25,0.008104884065687656,LBP18,0.010768991895020008
7777,3,26,0.0075795212760567665,LBP18,0.00576392188668251
7777,3,27,0.007427309174090624,LBP18,0.03655523806810379
7777,3,28,0.00712759792804718,LBP18,0.005684720817953348
7777,3,29,0.006842725444585085,LBP18,0.023070938885211945
7777,3,30,0.006572258658707142,LBP18,0.08680353313684464
7777,3,31,0.006517637521028519,LBP18,0.017785528674721718
7777,3,32,0.006261612754315138,LBP18,0.010473226197063923
7777,3,33,0.006016142666339874,LBP18,0.01708804816007614
7777,3,34,0.005774753168225288,LBP18,0.002003089990466833
7777,3,35,0.005626230034977198,LBP18,0.015118330717086792
7777,3,36,0.005574553739279509,LBP18,0.00973572488874197
7777,3,37,0.0053682769648730755,LBP18,0.016323715448379517
7777,3,38,0.0051552969962358475,LBP18,0.032204557210206985
7777,3,39,0.005048689432442188,LBP18,0.01412275806069374
7777,3,40,0.004989229142665863,LBP18,0.02012707106769085
7777,3,41,0.004813379142433405,LBP18,0.01924925111234188
7777,3,42,0.004673706367611885,LBP18,0.012265249155461788
7777,3,43,0.004483191296458244,LBP18,0.003602114971727133
7777,3,44,0.004315150436013937,LBP18,0.01748577319085598
7777,3,45,0.004208622965961695,LBP18,0.03374886140227318
7777,3,46,0.004069395363330841,LBP18,0.0050232261419296265
7777,3,47,0.0038883760571479797,LBP18,0.00801488384604454
7777,3,48,0.0038486456032842398,LBP18,0.0009397307294420898
7777,3,49,0.0037387665361166,LBP18,0.005099689122289419
7777,3,50,0.003647325560450554,LBP18,0.0013211823534220457
7777,3,51,0.003619113937020302,LBP18,0.019404511898756027
7777,3,52,0.0035444465465843678,LBP18,0.0008328155963681638
7777,3,53,0.0034142909571528435,LBP18,0.0011696458095684648
7777,3,54,0.00334392418153584,LBP18,0.012633468955755234
7777,3,55,0.003324173390865326,LBP18,0.004358274862170219
7777,3,56,0.003255427349358797,LBP18,0.030802685767412186
7777,3,57,0.0031627214048057795,LBP18,0.002330807037651539
7777,3,58,0.003150600241497159,LBP18,0.021457288414239883
7777,3,59,0.0030613115523010492,LBP18,0.005548383574932814
7777,3,60,0.0029885070398449898,LBP18,0.01057793851941824
7777,3,61,0.0029323557391762733,LBP18,0.0024853793438524008
7777,3,62,0.002860148437321186,LBP18,0.005652633961290121
7777,3,63,0.0028358816634863615,LBP18,0.007080421783030033
7777,3,64,0.0027071447111666203,LBP18,0.00236221170052886
7777,3,65,0.002625315450131893,LBP18,0.008558040484786034
7777,3,66,0.0025710146874189377,LBP18,0.008125840686261654
7777,3,67,0.002519558649510145,LBP18,0.0037169514689594507
7777,3,68,0.0024537439458072186,LBP18,0.002756971400231123
7777,3,69,0.0024341540411114693,LBP18,0.002375418320298195
7777,3,70,0.0023710723035037518,LBP18,0.019369829446077347
7777,3,71,0.0023378469049930573,LBP18,0.017922773957252502
7777,3,72,0.002307577757164836,LBP18,0.004755081608891487
7777,3,73,0.0022772480733692646,LBP18,0.012660080567002296
7777,3,74,0.0022206255234777927,LBP18,0.01019443292170763
7777,3,75,0.0021426433231681585,LBP18,0.008422681130468845
7777,3,76,0.002123505575582385,LBP18,0.003589698811993003
7777,3,77,0.0020808724220842123,LBP18,0.008556468412280083
7777,3,78,0.0020249332301318645,LBP18,0.0027004743460565805
7777,3,79,0.00199572229757905,LBP18,0.004721515346318483
7777,3,80,0.001970832236111164,LBP18,0.014156878925859928
7777,3,81,0.001955330604687333,LBP18,0.005297678057104349
7777,3,82,0.0019315859535709023,LBP18,0.005024914164096117
7777,3,83,0.0018861532444134355,LBP18,0.0027523001190274954
7777,3,84,0.0018591205589473248,LBP18,0.006582916248589754
7777,3,85,0.0018292817985638976,LBP18,0.0016781381564214826
7777,3,86,0.0017927667358890176,LBP18,0.0025496596936136484
7777,3,87,0.0017818121705204248,LBP18,0.0010538967326283455
7777,3,88,0.001762641710229218,LBP18,0.0025420705787837505
7777,3,89,0.0017264613416045904,LBP18,0.005799734033644199
7777,3,90,0.001707433839328587,LBP18,0.0017299415776506066
7777,3,91,0.0016381784807890654,LBP18,0.005592760629951954
7777,3,92,0.001626530080102384,LBP18,0.001964056398719549
7777,3,93,0.001610714360140264,LBP18,0.0025093245785683393
7777,3,94,0.0015915301628410816,LBP18,0.006382429040968418
7777,3,95,0.0015685171820223331,LBP18,0.012680258601903915
7777,3,96,0.0015433469088748097,LBP18,0.002622725209221244
7777,3,97,0.0015145912766456604,LBP18,0.003929610829800367
7777,3,98,0.0014917999505996704,LBP18,0.002362374681979418
7777,3,99,0.001467986381612718,LBP18,0.003867357037961483
7777,3,100,0.0014305684017017484,LBP18,0.008627792820334435
7777,3,101,0.0013865199871361256,LBP18,0.012305042706429958
7777,3,102,0.0013733735540881753,LBP18,0.0019843745976686478
7777,3,103,0.0013656769879162312,LBP18,0.006139317061752081
7777,3,104,0.0013524779351428151,LBP18,0.009482542984187603
7777,3,105,0.0013024016516283154,LBP18,0.006741599645465612
7777,3,106,0.001299813506193459,LBP18,0.009125113487243652
7777,3,107,0.0012751311296597123,LBP18,0.014661015011370182
7777,3,108,0.0012609324185177684,LBP18,0.009246543049812317
7777,3,109,0.0012334304628893733,LBP18,0.004138913471251726
7777,3,110,0.0012243533274158835,LBP18,0.00147988589014858
7777,3,111,0.0012000895803794265,LBP18,0.0030326342675834894
7777,3,112,0.0011912191985175014,LBP18,0.004285403061658144
7777,3,113,0.0011813311139121652,LBP18,0.007918004877865314
7777,3,114,0.001138842897489667,LBP18,0.003983209375292063
7777,3,115,0.0011335067683830857,LBP18,0.0020415973849594593
7777,3,116,0.0011001378297805786,LBP18,0.0016759615391492844
7777,3,117,0.0010908835101872683,LBP18,0.003814931958913803
7777,3,118,0.0010837973095476627,LBP18,0.011042367666959763
7777,3,119,0.0010549465660005808,LBP18,0.006084931083023548
7777,3,120,0.0010465704835951328,LBP18,0.00549361202865839
7777,3,121,0.0010296093532815576,LBP18,0.00863448902964592
7777,3,122,0.0010041804052889347,LBP18,0.0031260920222848654
7777,3,123,0.0010037152096629143,LBP18,0.004944216459989548
7777,3,124,0.000999078038148582,LBP18,0.001529499189928174
7777,3,125,0.0009767920710146427,LBP18,0.001989342039451003
7777,3,126,0.00096005795057863,LBP18,0.020149653777480125
7777,3,127,0.000934386276639998,LBP18,0.0025384053587913513
7777,3,128,0.0009251100127585232,LBP18,0.008278538472950459
7777,3,1,0.11239568144083023,HARALICK5,0.006312027107924223
7777,3,2,0.06528165191411972,HARALICK5,0.013838104903697968
7777,3,3,0.05746771767735481,HARALICK5,0.01602076180279255
7777,3,4,0.05695803090929985,HARALICK5,0.00446732435375452
7777,3,5,0.03897874429821968,HARALICK5,0.0012220055796205997
7777,3,6,0.03202895075082779,HARALICK5,0.007767800707370043
7777,3,7,0.031168924644589424,HARALICK5,0.0008104552398435771
7777,3,8,0.026306040585041046,HARALICK5,0.007525986526161432
7777,3,9,0.024679508060216904,HARALICK5,0.003779929131269455
7777,3,10,0.019791729748249054,HARALICK5,0.004296009428799152
7777,3,11,0.019150186330080032,HARALICK5,0.0010713895317167044
7777,3,12,0.01781274937093258,HARALICK5,0.0035561255645006895
7777,3,13,0.015273690223693848,HARALICK5,0.01082601398229599
7777,3,14,0.015069873072206974,HARALICK5,0.0019491288112476468
7777,3,15,0.013093900866806507,HARALICK5,0.0012237877817824483
7777,3,16,0.012489750981330872,HARALICK5,0.013924009166657925
7777,3,17,0.012007784098386765,HARALICK5,0.0020795699674636126
7777,3,18,0.01152997650206089,HARALICK5,0.004241299815475941
7777,3,19,0.010456381365656853,HARALICK5,0.00013745353498961776
7777,3,20,0.009764560498297215,HARALICK5,0.005521661601960659
7777,3,21,0.009411683306097984,HARALICK5,0.0064406259916722775
7777,3,22,0.009064383804798126,HARALICK5,0.0013564841356128454
7777,3,23,0.008786555379629135,HARALICK5,0.0077980440109968185
7777,3,24,0.008169551379978657,HARALICK5,0.0030174346175044775
7777,3,25,0.008104884065687656,HARALICK5,0.00037696334766224027
7777,3,26,0.0075795212760567665,HARALICK5,0.010317189618945122
7777,3,27,0.007427309174090624,HARALICK5,0.004725063219666481
7777,3,28,0.00712759792804718,HARALICK5,0.004402893129736185
7777,3,29,0.006842725444585085,HARALICK5,0.006526218727231026
7777,3,30,0.006572258658707142,HARALICK5,0.011089039035141468
7777,3,31,0.006517637521028519,HARALICK5,0.020778799429535866
7777,3,32,0.006261612754315138,HARALICK5,0.00556116783991456
7777,3,33,0.006016142666339874,HARALICK5,0.001046926830895245
7777,3,34,0.005774753168225288,HARALICK5,0.005192228592932224
7777,3,35,0.005626230034977198,HARALICK5,0.001841446035541594
7777,3,36,0.005574553739279509,HARALICK5,0.0015370814362540841
7777,3,37,0.0053682769648730755,HARALICK5,0.013512799516320229
7777,3,38,0.0051552969962358475,HARALICK5,0.0023065079003572464
7777,3,39,0.005048689432442188,HARALICK5,0.0057699307799339294
7777,3,40,0.004989229142665863,HARALICK5,0.004129465669393539
7777,3,41,0.004813379142433405,HARALICK5,0.002262309193611145
7777,3,42,0.004673706367611885,HARALICK5,0.0006424023886211216
7777,3,43,0.004483191296458244,HARALICK5,0.007767159026116133
7777,3,44,0.004315150436013937,HARALICK5,0.0005392409511841834
7777,3,45,0.004208622965961695,HARALICK5,0.0032280683517456055
7777,3,46,0.004069395363330841,HARALICK5,0.0040352484211325645
7777,3,47,0.0038883760571479797,HARALICK5,0.0014554803492501378
7777,3,48,0.0038486456032842398,HARALICK5,0.006977809127420187
7777,3,49,0.0037387665361166,HARALICK5,0.001317929127253592
7777,3,50,0.003647325560450554,HARALICK5,0.0026363630313426256
7777,3,51,0.003619113937020302,HARALICK5,0.0012934156693518162
7777,3,52,0.0035444465465843678,HARALICK5,0.011356625705957413
7777,3,53,0.0034142909571528435,HARALICK5,0.008215438574552536
7777,3,54,0.00334392418153584,HARALICK5,0.0010307349730283022
7777,3,55,0.003324173390865326,HARALICK5,0.00953870452940464
7777,3,56,0.003255427349358797,HARALICK5,0.0176706500351429
7777,3,57,0.0031627214048057795,HARALICK5,0.007117229048162699
7777,3,58,0.003150600241497159,HARALICK5,0.006836033426225185
7777,3,59,0.0030613115523010492,HARALICK5,0.0012452652445062995
7777,3,60,0.0029885070398449898,HARALICK5,0.0014345276867970824
7777,3,61,0.0029323557391762733,HARALICK5,0.0006773223867639899
7777,3,62,0.002860148437321186,HARALICK5,0.014125101268291473
7777,3,63,0.0028358816634863615,HARALICK5,0.002268400974571705
7777,3,64,0.0027071447111666203,HARALICK5,0.006703814957290888
7777,3,65,0.002625315450131893,HARALICK5,0.0021405708976089954
7777,3,66,0.0025710146874189377,HARALICK5,0.010289805009961128
7777,3,67,0.002519558649510145,HARALICK5,0.006850666366517544
7777,3,68,0.0024537439458072186,HARALICK5,0.006304905284196138
7777,3,69,0.0024341540411114693,HARALICK5,0.0017782902577891946
7777,3,70,0.0023710723035037518,HARALICK5,0.0009857354452833533
7777,3,71,0.0023378469049930573,HARALICK5,0.023248225450515747
7777,3,72,0.002307577757164836,HARALICK5,0.0047674113884568214
7777,3,73,0.0022772480733692646,HARALICK5,0.001669306424446404
7777,3,74,0.0022206255234777927,HARALICK5,0.0016951808938756585
7777,3,75,0.0021426433231681585,HARALICK5,0.0038702969904989004
7777,3,76,0.002123505575582385,HARALICK5,0.006601395085453987
7777,3,77,0.0020808724220842123,HARALICK5,0.01356985792517662
7777,3,78,0.0020249332301318645,HARALICK5,0.0020819823257625103
7777,3,79,0.00199572229757905,HARALICK5,0.0040678405202925205
7777,3,80,0.001970832236111164,HARALICK5,0.007632628083229065
7777,3,81,0.001955330604687333,HARALICK5,0.005783991422504187
7777,3,82,0.0019315859535709023,HARALICK5,0.01642909273505211
7777,3,83,0.0018861532444134355,HARALICK5,0.009391567669808865
7777,3,84,0.0018591205589473248,HARALICK5,0.002211405895650387
7777,3,85,0.0018292817985638976,HARALICK5,0.0018228840781375766
7777,3,86,0.0017927667358890176,HARALICK5,0.0020834922324866056
7777,3,87,0.0017818121705204248,HARALICK5,0.0018266804981976748
7777,3,88,0.001762641710229218,HARALICK5,0.0036147800274193287
7777,3,89,0.0017264613416045904,HARALICK5,0.007626251317560673
7777,3,90,0.001707433839328587,HARALICK5,0.001399017870426178
7777,3,91,0.0016381784807890654,HARALICK5,0.013577325269579887
7777,3,92,0.001626530080102384,HARALICK5,0.008076765574514866
7777,3,93,0.001610714360140264,HARALICK5,0.0029636339750140905
7777,3,94,0.0015915301628410816,HARALICK5,0.0010597429936751723
7777,3,95,0.0015685171820223331,HARALICK5,0.0011018263176083565
7777,3,96,0.0015433469088748097,HARALICK5,0.005561305209994316
7777,3,97,0.0015145912766456604,HARALICK5,0.00893926341086626
7777,3,98,0.0014917999505996704,HARALICK5,0.002630310133099556
7777,3,99,0.001467986381612718,HARALICK5,0.003508534049615264
7777,3,100,0.0014305684017017484,HARALICK5,0.00404135137796402
7777,3,101,0.0013865199871361256,HARALICK5,0.0033071269281208515
7777,3,102,0.0013733735540881753,HARALICK5,0.004001333378255367
7777,3,103,0.0013656769879162312,HARALICK5,0.0004201915580779314
7777,3,104,0.0013524779351428151,HARALICK5,0.000505582895129919
7777,3,105,0.0013024016516283154,HARALICK5,0.0055580236949026585
7777,3,106,0.001299813506193459,HARALICK5,0.002795793581753969
7777,3,107,0.0012751311296597123,HARALICK5,0.005483103450387716
7777,3,108,0.0012609324185177684,HARALICK5,0.001948272343724966
7777,3,109,0.0012334304628893733,HARALICK5,0.00922781229019165
7777,3,110,0.0012243533274158835,HARALICK5,0.0032719792798161507
7777,3,111,0.0012000895803794265,HARALICK5,0.002630828879773617
7777,3,112,0.0011912191985175014,HARALICK5,0.0031717047095298767
7777,3,113,0.0011813311139121652,HARALICK5,0.0027564787305891514
7777,3,114,0.001138842897489667,HARALICK5,0.006231988780200481
7777,3,115,0.0011335067683830857,HARALICK5,0.0007149862358346581
7777,3,116,0.0011001378297805786,HARALICK5,0.0006091275135986507
7777,3,117,0.0010908835101872683,HARALICK5,0.00042456327355466783
7777,3,118,0.0010837973095476627,HARALICK5,0.008404339663684368
7777,3,119,0.0010549465660005808,HARALICK5,0.0055458275601267815
7777,3,120,0.0010465704835951328,HARALICK5,0.0006312495679594576
7777,3,121,0.0010296093532815576,HARALICK5,0.004006583243608475
7777,3,122,0.0010041804052889347,HARALICK5,0.009090735577046871
7777,3,123,0.0010037152096629143,HARALICK5,0.009857937693595886
7777,3,124,0.000999078038148582,HARALICK5,0.003955541644245386
7777,3,125,0.0009767920710146427,HARALICK5,0.0035714521072804928
7777,3,126,0.00096005795057863,HARALICK5,0.002664911327883601
7777,3,127,0.000934386276639998,HARALICK5,0.008249038830399513
7777,3,128,0.0009251100127585232,HARALICK5,0.0063755447044968605
7777,3,1,0.11239568144083023,ALL_HANDCRAFTED32,0.12484267354011536
7777,3,2,0.06528165191411972,ALL_HANDCRAFTED32,0.027067190036177635
7777,3,3,0.05746771767735481,ALL_HANDCRAFTED32,0.054825592786073685
7777,3,4,0.05695803090929985,ALL_HANDCRAFTED32,0.013457915745675564
7777,3,5,0.03897874429821968,ALL_HANDCRAFTED32,0.008613694459199905
7777,3,6,0.03202895075082779,ALL_HANDCRAFTED32,0.033241234719753265
7777,3,7,0.031168924644589424,ALL_HANDCRAFTED32,0.06569243967533112
7777,3,8,0.026306040585041046,ALL_HANDCRAFTED32,0.023009665310382843
7777,3,9,0.024679508060216904,ALL_HANDCRAFTED32,0.025050677359104156
7777,3,10,0.019791729748249054,ALL_HANDCRAFTED32,0.019427720457315445
7777,3,11,0.019150186330080032,ALL_HANDCRAFTED32,0.007303041871637106
7777,3,12,0.01781274937093258,ALL_HANDCRAFTED32,0.025861579924821854
7777,3,13,0.015273690223693848,ALL_HANDCRAFTED32,0.03851447254419327
7777,3,14,0.015069873072206974,ALL_HANDCRAFTED32,0.02400551177561283
7777,3,15,0.013093900866806507,ALL_HANDCRAFTED32,0.015842461958527565
7777,3,16,0.012489750981330872,ALL_HANDCRAFTED32,0.06881836801767349
7777,3,17,0.012007784098386765,ALL_HANDCRAFTED32,0.011898020282387733
7777,3,18,0.01152997650206089,ALL_HANDCRAFTED32,0.0814061164855957
7777,3,19,0.010456381365656853,ALL_HANDCRAFTED32,0.025678183883428574
7777,3,20,0.009764560498297215,ALL_HANDCRAFTED32,0.03475964069366455
7777,3,21,0.009411683306097984,ALL_HANDCRAFTED32,0.01408022828400135
7777,3,22,0.009064383804798126,ALL_HANDCRAFTED32,0.041571468114852905
7777,3,23,0.008786555379629135,ALL_HANDCRAFTED32,0.03797832876443863
7777,3,24,0.008169551379978657,ALL_HANDCRAFTED32,0.014737565070390701
7777,3,25,0.008104884065687656,ALL_HANDCRAFTED32,0.015954647213220596
7777,3,26,0.0075795212760567665,ALL_HANDCRAFTED32,0.027174461632966995
7777,3,27,0.007427309174090624,ALL_HANDCRAFTED32,0.05163848400115967
7777,3,28,0.00712759792804718,ALL_HANDCRAFTED32,0.019903618842363358
7777,3,29,0.006842725444585085,ALL_HANDCRAFTED32,0.03607557713985443
7777,3,30,0.006572258658707142,ALL_HANDCRAFTED32,0.10665442049503326
7777,3,31,0.006517637521028519,ALL_HANDCRAFTED32,0.04529339075088501
7777,3,32,0.006261612754315138,ALL_HANDCRAFTED32,0.027717528864741325
7777,3,33,0.006016142666339874,ALL_HANDCRAFTED32,0.027670279145240784
7777,3,34,0.005774753168225288,ALL_HANDCRAFTED32,0.015502793714404106
7777,3,35,0.005626230034977198,ALL_HANDCRAFTED32,0.03507831320166588
7777,3,36,0.005574553739279509,ALL_HANDCRAFTED32,0.020816495642066002
7777,3,37,0.0053682769648730755,ALL_HANDCRAFTED32,0.04218535125255585
7777,3,38,0.0051552969962358475,ALL_HANDCRAFTED32,0.0445670560002327
7777,3,39,0.005048689432442188,ALL_HANDCRAFTED32,0.03006945736706257
7777,3,40,0.004989229142665863,ALL_HANDCRAFTED32,0.03034983202815056
7777,3,41,0.004813379142433405,ALL_HANDCRAFTED32,0.031898945569992065
7777,3,42,0.004673706367611885,ALL_HANDCRAFTED32,0.020038753747940063
7777,3,43,0.004483191296458244,ALL_HANDCRAFTED32,0.0332738496363163
7777,3,44,0.004315150436013937,ALL_HANDCRAFTED32,0.02303909882903099
7777,3,45,0.004208622965961695,ALL_HANDCRAFTED32,0.05516450107097626
7777,3,46,0.004069395363330841,ALL_HANDCRAFTED32,0.011067613027989864
7777,3,47,0.0038883760571479797,ALL_HANDCRAFTED32,0.01394682191312313
7777,3,48,0.0038486456032842398,ALL_HANDCRAFTED32,0.026556460186839104
7777,3,49,0.0037387665361166,ALL_HANDCRAFTED32,0.015097719617187977
7777,3,50,0.003647325560450554,ALL_HANDCRAFTED32,0.009122469462454319
7777,3,51,0.003619113937020302,ALL_HANDCRAFTED32,0.027540581300854683
7777,3,52,0.0035444465465843678,ALL_HANDCRAFTED32,0.03773122280836105
7777,3,53,0.0034142909571528435,ALL_HANDCRAFTED32,0.023823022842407227
7777,3,54,0.00334392418153584,ALL_HANDCRAFTED32,0.022572174668312073
7777,3,55,0.003324173390865326,ALL_HANDCRAFTED32,0.028047893196344376
7777,3,56,0.003255427349358797,ALL_HANDCRAFTED32,0.06263769418001175
7777,3,57,0.0031627214048057795,ALL_HANDCRAFTED32,0.01580672524869442
7777,3,58,0.003150600241497159,ALL_HANDCRAFTED32,0.05734531953930855
7777,3,59,0.0030613115523010492,ALL_HANDCRAFTED32,0.01367771252989769
7777,3,60,0.0029885070398449898,ALL_HANDCRAFTED32,0.024784859269857407
7777,3,61,0.0029323557391762733,ALL_HANDCRAFTED32,0.007914849556982517
7777,3,62,0.002860148437321186,ALL_HANDCRAFTED32,0.0258086696267128
7777,3,63,0.0028358816634863615,ALL_HANDCRAFTED32,0.017712179571390152
7777,3,64,0.0027071447111666203,ALL_HANDCRAFTED32,0.01184837706387043
7777,3,65,0.002625315450131893,ALL_HANDCRAFTED32,0.024716692045331
7777,3,66,0.0025710146874189377,ALL_HANDCRAFTED32,0.027480483055114746
7777,3,67,0.002519558649510145,ALL_HANDCRAFTED32,0.03170996531844139
7777,3,68,0.0024537439458072186,ALL_HANDCRAFTED32,0.02281530201435089
7777,3,69,0.0024341540411114693,ALL_HANDCRAFTED32,0.02247392013669014
7777,3,70,0.0023710723035037518,ALL_HANDCRAFTED32,0.026635093614459038
7777,3,71,0.0023378469049930573,ALL_HANDCRAFTED32,0.06060274690389633
7777,3,72,0.002307577757164836,ALL_HANDCRAFTED32,0.014469950459897518
7777,3,73,0.0022772480733692646,ALL_HANDCRAFTED32,0.019897636026144028
7777,3,74,0.0022206255234777927,ALL_HANDCRAFTED32,0.02172170951962471
7777,3,75,0.0021426433231681585,ALL_HANDCRAFTED32,0.015425747260451317
7777,3,76,0.002123505575582385,ALL_HANDCRAFTED32,0.020263759419322014
7777,3,77,0.0020808724220842123,ALL_HANDCRAFTED32,0.03631429374217987
7777,3,78,0.0020249332301318645,ALL_HANDCRAFTED32,0.008324410766363144
7777,3,79,0.00199572229757905,ALL_HANDCRAFTED32,0.022662585601210594
7777,3,80,0.001970832236111164,ALL_HANDCRAFTED32,0.03312208876013756
7777,3,81,0.001955330604687333,ALL_HANDCRAFTED32,0.018766842782497406
7777,3,82,0.0019315859535709023,ALL_HANDCRAFTED32,0.030027225613594055
7777,3,83,0.0018861532444134355,ALL_HANDCRAFTED32,0.023080866783857346
7777,3,84,0.0018591205589473248,ALL_HANDCRAFTED32,0.020171508193016052
7777,3,85,0.0018292817985638976,ALL_HANDCRAFTED32,0.027769066393375397
7777,3,86,0.0017927667358890176,ALL_HANDCRAFTED32,0.011722397059202194
7777,3,87,0.0017818121705204248,ALL_HANDCRAFTED32,0.023554837331175804
7777,3,88,0.001762641710229218,ALL_HANDCRAFTED32,0.022086581215262413
7777,3,89,0.0017264613416045904,ALL_HANDCRAFTED32,0.031971193850040436
7777,3,90,0.001707433839328587,ALL_HANDCRAFTED32,0.009302975609898567
7777,3,91,0.0016381784807890654,ALL_HANDCRAFTED32,0.03382813185453415
7777,3,92,0.001626530080102384,ALL_HANDCRAFTED32,0.016253026202321053
7777,3,93,0.001610714360140264,ALL_HANDCRAFTED32,0.018578488379716873
7777,3,94,0.0015915301628410816,ALL_HANDCRAFTED32,0.030957065522670746
7777,3,95,0.0015685171820223331,ALL_HANDCRAFTED32,0.015696467831730843
7777,3,96,0.0015433469088748097,ALL_HANDCRAFTED32,0.018409591168165207
7777,3,97,0.0015145912766456604,ALL_HANDCRAFTED32,0.0174734927713871
7777,3,98,0.0014917999505996704,ALL_HANDCRAFTED32,0.011393837630748749
7777,3,99,0.001467986381612718,ALL_HANDCRAFTED32,0.022184599190950394
7777,3,100,0.0014305684017017484,ALL_HANDCRAFTED32,0.02068689838051796
7777,3,101,0.0013865199871361256,ALL_HANDCRAFTED32,0.02510150521993637
7777,3,102,0.0013733735540881753,ALL_HANDCRAFTED32,0.011495038866996765
7777,3,103,0.0013656769879162312,ALL_HANDCRAFTED32,0.01132107712328434
7777,3,104,0.0013524779351428151,ALL_HANDCRAFTED32,0.018177799880504608
7777,3,105,0.0013024016516283154,ALL_HANDCRAFTED32,0.049908895045518875
7777,3,106,0.001299813506193459,ALL_HANDCRAFTED32,0.02147589437663555
7777,3,107,0.0012751311296597123,ALL_HANDCRAFTED32,0.027156062424182892
7777,3,108,0.0012609324185177684,ALL_HANDCRAFTED32,0.036364004015922546
7777,3,109,0.0012334304628893733,ALL_HANDCRAFTED32,0.030700983479619026
7777,3,110,0.0012243533274158835,ALL_HANDCRAFTED32,0.01975664310157299
7777,3,111,0.0012000895803794265,ALL_HANDCRAFTED32,0.015237871557474136
7777,3,112,0.0011912191985175014,ALL_HANDCRAFTED32,0.016103539615869522
7777,3,113,0.0011813311139121652,ALL_HANDCRAFTED32,0.021919354796409607
7777,3,114,0.001138842897489667,ALL_HANDCRAFTED32,0.01574482023715973
7777,3,115,0.0011335067683830857,ALL_HANDCRAFTED32,0.007469153963029385
7777,3,116,0.0011001378297805786,ALL_HANDCRAFTED32,0.005582468584179878
7777,3,117,0.0010908835101872683,ALL_HANDCRAFTED32,0.009887346997857094
7777,3,118,0.0010837973095476627,ALL_HANDCRAFTED32,0.02441919595003128
7777,3,119,0.0010549465660005808,ALL_HANDCRAFTED32,0.018428660929203033
7777,3,120,0.0010465704835951328,ALL_HANDCRAFTED32,0.009935559704899788
7777,3,121,0.0010296093532815576,ALL_HANDCRAFTED32,0.018363043665885925
7777,3,122,0.0010041804052889347,ALL_HANDCRAFTED32,0.029707303270697594
7777,3,123,0.0010037152096629143,ALL_HANDCRAFTED32,0.01990269124507904
7777,3,124,0.000999078038148582,ALL_HANDCRAFTED32,0.02025838941335678
7777,3,125,0.0009767920710146427,ALL_HANDCRAFTED32,0.017807001248002052
7777,3,126,0.00096005795057863,ALL_HANDCRAFTED32,0.030981622636318207
7777,3,127,0.000934386276639998,ALL_HANDCRAFTED32,0.02112392894923687
7777,3,128,0.0009251100127585232,ALL_HANDCRAFTED32,0.03764420002698898
7777,3,1,0.11239568144083023,VIT768,0.8751575946807861
7777,3,2,0.06528165191411972,VIT768,0.9729326367378235
7777,3,3,0.05746771767735481,VIT768,0.9451742172241211
7777,3,4,0.05695803090929985,VIT768,0.9865424036979675
7777,3,5,0.03897874429821968,VIT768,0.9913862943649292
7777,3,6,0.03202895075082779,VIT768,0.9667587280273438
7777,3,7,0.031168924644589424,VIT768,0.9343072175979614
7777,3,8,0.026306040585041046,VIT768,0.9769911170005798
7777,3,9,0.024679508060216904,VIT768,0.9749495387077332
7777,3,10,0.019791729748249054,VIT768,0.9805723428726196
7777,3,11,0.019150186330080032,VIT768,0.9926964044570923
7777,3,12,0.01781274937093258,VIT768,0.9741383790969849
7777,3,13,0.015273690223693848,VIT768,0.961485743522644
7777,3,14,0.015069873072206974,VIT768,0.9759949445724487
7777,3,15,0.013093900866806507,VIT768,0.9841576814651489
7777,3,16,0.012489750981330872,VIT768,0.9311819076538086
7777,3,17,0.012007784098386765,VIT768,0.9881023168563843
7777,3,18,0.01152997650206089,VIT768,0.9185939431190491
7777,3,19,0.010456381365656853,VIT768,0.9743221402168274
7777,3,20,0.009764560498297215,VIT768,0.9652401804924011
7777,3,21,0.009411683306097984,VIT768,0.9859200716018677
7777,3,22,0.009064383804798126,VIT768,0.958429217338562
7777,3,23,0.008786555379629135,VIT768,0.9620215892791748
7777,3,24,0.008169551379978657,VIT768,0.9852628707885742
7777,3,25,0.008104884065687656,VIT768,0.984045684337616
7777,3,26,0.0075795212760567665,VIT768,0.972825825214386
7777,3,27,0.007427309174090624,VIT768,0.9483617544174194
7777,3,28,0.00712759792804718,VIT768,0.9800962209701538
7777,3,29,0.006842725444585085,VIT768,0.9639246463775635
7777,3,30,0.006572258658707142,VIT768,0.893345832824707
7777,3,31,0.006517637521028519,VIT768,0.9547067284584045
7777,3,32,0.006261612754315138,VIT768,0.9722824692726135
7777,3,33,0.006016142666339874,VIT768,0.97232985496521
7777,3,34,0.005774753168225288,VIT768,0.9844973683357239
7777,3,35,0.005626230034977198,VIT768,0.9649215936660767
7777,3,36,0.005574553739279509,VIT768,0.9791838526725769
7777,3,37,0.0053682769648730755,VIT768,0.9578144550323486
7777,3,38,0.0051552969962358475,VIT768,0.9554334282875061
7777,3,39,0.005048689432442188,VIT768,0.9699304103851318
7777,3,40,0.004989229142665863,VIT768,0.9696504473686218
7777,3,41,0.004813379142433405,VIT768,0.9681011438369751
7777,3,42,0.004673706367611885,VIT768,0.9799611568450928
7777,3,43,0.004483191296458244,VIT768,0.9667263031005859
7777,3,44,0.004315150436013937,VIT768,0.9769606590270996
7777,3,45,0.004208622965961695,VIT768,0.9448356628417969
7777,3,46,0.004069395363330841,VIT768,0.9889323711395264
7777,3,47,0.0038883760571479797,VIT768,0.9860529899597168
7777,3,48,0.0038486456032842398,VIT768,0.9734435677528381
7777,3,49,0.0037387665361166,VIT768,0.9849021434783936
7777,3,50,0.003647325560450554,VIT768,0.9908773899078369
7777,3,51,0.003619113937020302,VIT768,0.9724593162536621
7777,3,52,0.0035444465465843678,VIT768,0.9622684121131897
7777,3,53,0.0034142909571528435,VIT768,0.9761767983436584
7777,3,54,0.00334392418153584,VIT768,0.9774280786514282
7777,3,55,0.003324173390865326,VIT768,0.9719521403312683
7777,3,56,0.003255427349358797,VIT768,0.937362790107727
7777,3,57,0.0031627214048057795,VIT768,0.9841932058334351
7777,3,58,0.003150600241497159,VIT768,0.9426543712615967
7777,3,59,0.0030613115523010492,VIT768,0.9863223433494568
7777,3,60,0.0029885070398449898,VIT768,0.9752151370048523
7777,3,61,0.0029323557391762733,VIT768,0.9920852780342102
7777,3,62,0.002860148437321186,VIT768,0.9741911888122559
7777,3,63,0.0028358816634863615,VIT768,0.9822877645492554
7777,3,64,0.0027071447111666203,VIT768,0.9881516098976135
7777,3,65,0.002625315450131893,VIT768,0.9752836227416992
7777,3,66,0.0025710146874189377,VIT768,0.9725194573402405
7777,3,67,0.002519558649510145,VIT768,0.9682906866073608
7777,3,68,0.0024537439458072186,VIT768,0.9771848320960999
7777,3,69,0.0024341540411114693,VIT768,0.9775258302688599
7777,3,70,0.0023710723035037518,VIT768,0.9733647108078003
7777,3,71,0.0023378469049930573,VIT768,0.9393977522850037
7777,3,72,0.002307577757164836,VIT768,0.9855299592018127
7777,3,73,0.0022772480733692646,VIT768,0.9801025390625
7777,3,74,0.0022206255234777927,VIT768,0.9782785177230835
7777,3,75,0.0021426433231681585,VIT768,0.9845742583274841
7777,3,76,0.002123505575582385,VIT768,0.9797368049621582
7777,3,77,0.0020808724220842123,VIT768,0.9636858105659485
7777,3,78,0.0020249332301318645,VIT768,0.9916762113571167
7777,3,79,0.00199572229757905,VIT768,0.9773374795913696
7777,3,80,0.001970832236111164,VIT768,0.9668782949447632
7777,3,81,0.001955330604687333,VIT768,0.9812330007553101
7777,3,82,0.0019315859535709023,VIT768,0.9699729681015015
7777,3,83,0.0018861532444134355,VIT768,0.9769196510314941
7777,3,84,0.0018591205589473248,VIT768,0.9798285961151123
7777,3,85,0.0018292817985638976,VIT768,0.9722310304641724
7777,3,86,0.0017927667358890176,VIT768,0.988277792930603
7777,3,87,0.0017818121705204248,VIT768,0.9764455556869507
7777,3,88,0.001762641710229218,VIT768,0.9779137372970581
7777,3,89,0.0017264613416045904,VIT768,0.9680289030075073
7777,3,90,0.001707433839328587,VIT768,0.9906969666481018
7777,3,91,0.0016381784807890654,VIT768,0.9661719799041748
7777,3,92,0.001626530080102384,VIT768,0.983747124671936
7777,3,93,0.001610714360140264,VIT768,0.9814218282699585
7777,3,94,0.0015915301628410816,VIT768,0.9690428972244263
7777,3,95,0.0015685171820223331,VIT768,0.9843037128448486
7777,3,96,0.0015433469088748097,VIT768,0.9815905094146729
7777,3,97,0.0015145912766456604,VIT768,0.9825265407562256
7777,3,98,0.0014917999505996704,VIT768,0.9886062741279602
7777,3,99,0.001467986381612718,VIT768,0.9778153300285339
7777,3,100,0.0014305684017017484,VIT768,0.9793131351470947
7777,3,101,0.0013865199871361256,VIT768,0.9748988151550293
7777,3,102,0.0013733735540881753,VIT768,0.988505482673645
7777,3,103,0.0013656769879162312,VIT768,0.9886791110038757
7777,3,104,0.0013524779351428151,VIT768,0.9818222522735596
7777,3,105,0.0013024016516283154,VIT768,0.9500912427902222
7777,3,106,0.001299813506193459,VIT768,0.9785248041152954
7777,3,107,0.0012751311296597123,VIT768,0.9728437662124634
7777,3,108,0.0012609324185177684,VIT768,0.9636358618736267
7777,3,109,0.0012334304628893733,VIT768,0.9692987203598022
7777,3,110,0.0012243533274158835,VIT768,0.9802432060241699
7777,3,111,0.0012000895803794265,VIT768,0.9847619533538818
7777,3,112,0.0011912191985175014,VIT768,0.9838966131210327
7777,3,113,0.0011813311139121652,VIT768,0.9780806303024292
7777,3,114,0.001138842897489667,VIT768,0.9842549562454224
7777,3,115,0.0011335067683830857,VIT768,0.9925314784049988
7777,3,116,0.0011001378297805786,VIT768,0.9944174885749817
7777,3,117,0.0010908835101872683,VIT768,0.9901123046875
7777,3,118,0.0010837973095476627,VIT768,0.9755808115005493
7777,3,119,0.0010549465660005808,VIT768,0.9815711379051208
7777,3,120,0.0010465704835951328,VIT768,0.9900646805763245
7777,3,121,0.0010296093532815576,VIT768,0.9816370606422424
7777,3,122,0.0010041804052889347,VIT768,0.9702931046485901
7777,3,123,0.0010037152096629143,VIT768,0.9800973534584045
7777,3,124,0.000999078038148582,VIT768,0.9797418713569641
7777,3,125,0.0009767920710146427,VIT768,0.982192873954773
7777,3,126,0.00096005795057863,VIT768,0.9690183401107788
7777,3,127,0.000934386276639998,VIT768,0.9788764119148254
7777,3,128,0.0009251100127585232,VIT768,0.9623560905456543
7777,4,1,0.11628740280866623,COLOR9,0.01704138144850731
7777,4,2,0.06456564366817474,COLOR9,0.0037895874120295048
7777,4,3,0.05578598007559776,COLOR9,0.01665423810482025
7777,4,4,0.05465708673000336,COLOR9,0.013490842655301094
7777,4,5,0.037290606647729874,COLOR9,0.012522866018116474
7777,4,6,0.031268950551748276,COLOR9,0.025630204007029533
7777,4,7,0.030059529468417168,COLOR9,0.0025141900405287743
7777,4,8,0.02683435194194317,COLOR9,0.01058178674429655
7777,4,9,0.02322995290160179,COLOR9,0.004072253592312336
7777,4,10,0.021135149523615837,COLOR9,0.0015659682685509324
7777,4,11,0.019488386809825897,COLOR9,0.0021445266902446747
7777,4,12,0.017015721648931503,COLOR9,0.0043800040148198605
7777,4,13,0.01608765684068203,COLOR9,0.014781029894948006
7777,4,14,0.014198727905750275,COLOR9,0.010737529024481773
7777,4,15,0.012839499861001968,COLOR9,0.03318450227379799
7777,4,16,0.012438121251761913,COLOR9,0.01014395896345377
7777,4,17,0.012091616168618202,COLOR9,0.005005883052945137
7777,4,18,0.011377782560884953,COLOR9,0.01589815318584442
7777,4,19,0.011060775257647038,COLOR9,0.006897890940308571
7777,4,20,0.01027048472315073,COLOR9,0.008444849401712418
7777,4,21,0.01009038183838129,COLOR9,0.015483361668884754
7777,4,22,0.00939206499606371,COLOR9,0.009498274885118008
7777,4,23,0.008796222507953644,COLOR9,0.008427194319665432
7777,4,24,0.008343856781721115,COLOR9,0.008444907143712044
7777,4,25,0.007653821259737015,COLOR9,0.007759100291877985
7777,4,26,0.007490554824471474,COLOR9,0.01160314679145813
7777,4,27,0.007217607460916042,COLOR9,0.0034105698578059673
7777,4,28,0.006958232261240482,COLOR9,0.017078904435038567
7777,4,29,0.006672517396509647,COLOR9,0.01199173554778099
7777,4,30,0.006556977983564138,COLOR9,0.007342037744820118
7777,4,31,0.006183022633194923,COLOR9,0.008783622644841671
7777,4,32,0.006101457867771387,COLOR9,0.018241479992866516
7777,4,33,0.005828388035297394,COLOR9,0.006127301137894392
7777,4,34,0.005681897979229689,COLOR9,0.006623345427215099
7777,4,35,0.005435781553387642,COLOR9,0.006859445944428444
7777,4,36,0.005398313049226999,COLOR9,0.01453716866672039
7777,4,37,0.00527874706313014,COLOR9,0.004232701845467091
7777,4,38,0.005086887627840042,COLOR9,0.00645554531365633
7777,4,39,0.00490217562764883,COLOR9,0.004372887313365936
7777,4,40,0.004860580898821354,COLOR9,0.007618986535817385
7777,4,41,0.004731857217848301,COLOR9,0.0085664177313447
7777,4,42,0.004585022572427988,COLOR9,0.006318004336208105
7777,4,43,0.004562607035040855,COLOR9,0.022030547261238098
7777,4,44,0.004388395696878433,COLOR9,0.010654299519956112
7777,4,45,0.00425249757245183,COLOR9,0.0019724976737052202
7777,4,46,0.004148517269641161,COLOR9,0.02086324244737625
7777,4,47,0.0040202997624874115,COLOR9,0.012111986055970192
7777,4,48,0.003983647096902132,COLOR9,0.005685417912900448
7777,4,49,0.0038516472559422255,COLOR9,0.007596608251333237
7777,4,50,0.003754420205950737,COLOR9,0.019740158692002296
7777,4,51,0.003716679522767663,COLOR9,0.011969678103923798
7777,4,52,0.0035686607006937265,COLOR9,0.0026705903001129627
7777,4,53,0.003555262228474021,COLOR9,0.004122448153793812
7777,4,54,0.003406305331736803,COLOR9,0.004379951395094395
7777,4,55,0.0033766422420740128,COLOR9,0.015983235090970993
7777,4,56,0.0032751960679888725,COLOR9,0.011222530156373978
7777,4,57,0.003217721590772271,COLOR9,0.025976987555623055
7777,4,58,0.003123823320493102,COLOR9,0.009742078371345997
7777,4,59,0.0030954042449593544,COLOR9,0.011438857764005661
7777,4,60,0.0029944872949272394,COLOR9,0.005937558598816395
7777,4,61,0.002966164145618677,COLOR9,0.00522769195958972
7777,4,62,0.0029211442451924086,COLOR9,0.023125693202018738
7777,4,63,0.0028791739605367184,COLOR9,0.016973240301012993
7777,4,64,0.0028472119010984898,COLOR9,0.008559697307646275
7777,4,65,0.002746389014646411,COLOR9,0.005669901613146067
7777,4,66,0.002721075899899006,COLOR9,0.044957369565963745
7777,4,67,0.0026693239342421293,COLOR9,0.007326854858547449
7777,4,68,0.0026036747731268406,COLOR9,0.011158053763210773
7777,4,69,0.0025324923917651176,COLOR9,0.00881852675229311
7777,4,70,0.0025120244827121496,COLOR9,0.004969062749296427
7777,4,71,0.002448746934533119,COLOR9,0.005978905130177736
7777,4,72,0.0023625895846635103,COLOR9,0.0016734820092096925
7777,4,73,0.002326596062630415,COLOR9,0.004913496319204569
7777,4,74,0.0022791228257119656,COLOR9,0.011514349840581417
7777,4,75,0.00225087720900774,COLOR9,0.013789786025881767
7777,4,76,0.002224133349955082,COLOR9,0.0033438170794397593
7777,4,77,0.0022065916564315557,COLOR9,0.003283851081505418
7777,4,78,0.0021675829775631428,COLOR9,0.0035019717179238796
7777,4,79,0.002104264684021473,COLOR9,0.011524707078933716
7777,4,80,0.0020815799944102764,COLOR9,0.003952797036617994
7777,4,81,0.002055297838523984,COLOR9,0.0021058006677776575
7777,4,82,0.002008802490308881,COLOR9,0.01118646189570427
7777,4,83,0.0019465098157525063,COLOR9,0.0055183349177241325
7777,4,84,0.0019378724973648787,COLOR9,0.020189831033349037
7777,4,85,0.0018843836151063442,COLOR9,0.01570453681051731
7777,4,86,0.0018399190157651901,COLOR9,0.005839650519192219
7777,4,87,0.0018326658755540848,COLOR9,0.00536190252751112
7777,4,88,0.0017796603497117758,COLOR9,0.007767658680677414
7777,4,89,0.0017282461049035192,COLOR9,0.011419733054935932
7777,4,90,0.0017095408402383327,COLOR9,0.0025504869408905506
7777,4,91,0.0016921123024076223,COLOR9,0.007019469048827887
7777,4,92,0.0016541163204237819,COLOR9,0.04765692353248596
7777,4,93,0.0016110806027427316,COLOR9,0.011428603902459145
7777,4,94,0.0015996930887922645,COLOR9,0.032180771231651306
7777,4,95,0.0015867138281464577,COLOR9,0.016163349151611328
7777,4,96,0.0015504593029618263,COLOR9,0.009563288651406765
7777,4,97,0.0015155229484662414,COLOR9,0.005574374925345182
7777,4,98,0.0014906303258612752,COLOR9,0.008901922032237053
7777,4,99,0.0014694230630993843,COLOR9,0.00805975217372179
7777,4,100,0.0014565781457349658,COLOR9,0.005756492726504803
7777,4,101,0.0014295842265710235,COLOR9,0.007389858365058899
7777,4,102,0.0014106123708188534,COLOR9,0.017637744545936584
7777,4,103,0.001394774066284299,COLOR9,0.014528641477227211
7777,4,104,0.0013771039666607976,COLOR9,0.003740146989002824
7777,4,105,0.001365483389236033,COLOR9,0.011523399502038956
7777,4,106,0.00132502312771976,COLOR9,0.012574364431202412
7777,4,107,0.0012985510984435678,COLOR9,0.016684506088495255
7777,4,108,0.0012782179983332753,COLOR9,0.013984027318656445
7777,4,109,0.0012578621972352266,COLOR9,0.014596108347177505
7777,4,110,0.0012298866640776396,COLOR9,0.01819777302443981
7777,4,111,0.0012140413746237755,COLOR9,0.005202140659093857
7777,4,112,0.0011961315758526325,COLOR9,0.0044210501946508884
7777,4,113,0.0011946274898946285,COLOR9,0.03695891052484512
7777,4,114,0.0011600353755056858,COLOR9,0.006928563117980957
7777,4,115,0.0011459559900686145,COLOR9,0.007038620766252279
7777,4,116,0.0011379073839634657,COLOR9,0.007744053844362497
7777,4,117,0.00112012994941324,COLOR9,0.007409036159515381
7777,4,118,0.0011093198554590344,COLOR9,0.007548867724835873
7777,4,119,0.0010935732861980796,COLOR9,0.008613735437393188
7777,4,120,0.0010788504732772708,COLOR9,0.011820546351373196
7777,4,121,0.001067476230673492,COLOR9,0.009823676198720932
7777,4,122,0.0010308193741366267,COLOR9,0.01091342605650425
7777,4,123,0.0010188242886215448,COLOR9,0.006575526669621468
7777,4,124,0.0010130712762475014,COLOR9,0.006756000220775604
7777,4,125,0.0009931853273883462,COLOR9,0.01086041983217001
7777,4,126,0.0009686060948297381,COLOR9,0.011808492243289948
7777,4,127,0.0009583817445673048,COLOR9,0.008949950337409973
7777,4,128,0.0009478134452365339,COLOR9,0.006342765409499407
7777,4,1,0.11628740280866623,LBP18,0.10667744278907776
7777,4,2,0.06456564366817474,LBP18,0.0057363361120224
7777,4,3,0.05578598007559776,LBP18,0.005356157664209604
7777,4,4,0.05465708673000336,LBP18,0.007633450906723738
7777,4,5,0.037290606647729874,LBP18,0.00492657907307148
7777,4,6,0.031268950551748276,LBP18,0.02773694507777691
7777,4,7,0.030059529468417168,LBP18,0.017001159489154816
7777,4,8,0.02683435194194317,LBP18,0.0013932823203504086
7777,4,9,0.02322995290160179,LBP18,0.010623681358993053
7777,4,10,0.021135149523615837,LBP18,0.0075277481228113174
7777,4,11,0.019488386809825897,LBP18,0.004796432796865702
7777,4,12,0.017015721648931503,LBP18,0.004286160226911306
7777,4,13,0.01608765684068203,LBP18,0.013460658490657806
7777,4,14,0.014198727905750275,LBP18,0.005843580234795809
7777,4,15,0.012839499861001968,LBP18,0.07938084006309509
7777,4,16,0.012438121251761913,LBP18,0.03175416961312294
7777,4,17,0.012091616168618202,LBP18,0.008031533099710941
7777,4,18,0.011377782560884953,LBP18,0.016165433451533318
7777,4,19,0.011060775257647038,LBP18,0.02980189211666584
7777,4,20,0.01027048472315073,LBP18,0.006624023895710707
7777,4,21,0.01009038183838129,LBP18,0.018698791041970253
7777,4,22,0.00939206499606371,LBP18,0.023659901693463326
7777,4,23,0.008796222507953644,LBP18,0.005783759988844395
7777,4,24,0.008343856781721115,LBP18,0.008031235076487064
7777,4,25,0.007653821259737015,LBP18,0.005520143546164036
7777,4,26,0.007490554824471474,LBP18,0.010416785255074501
7777,4,27,0.007217607460916042,LBP18,0.010600734502077103
7777,4,28,0.006958232261240482,LBP18,0.011962111108005047
7777,4,29,0.006672517396509647,LBP18,0.031855273991823196
7777,4,30,0.006556977983564138,LBP18,0.026328999549150467
7777,4,31,0.006183022633194923,LBP18,0.007741527631878853
7777,4,32,0.006101457867771387,LBP18,0.07213643938302994
7777,4,33,0.005828388035297394,LBP18,0.005948010366410017
7777,4,34,0.005681897979229689,LBP18,0.03852050006389618
7777,4,35,0.005435781553387642,LBP18,0.0073610213585197926
7777,4,36,0.005398313049226999,LBP18,0.01433585211634636
7777,4,37,0.00527874706313014,LBP18,0.013560706749558449
7777,4,38,0.005086887627840042,LBP18,0.01079536136239767
7777,4,39,0.00490217562764883,LBP18,0.005003559868782759
7777,4,40,0.004860580898821354,LBP18,0.02875458635389805
7777,4,41,0.004731857217848301,LBP18,0.003960637375712395
7777,4,42,0.004585022572427988,LBP18,0.0077995616011321545
7777,4,43,0.004562607035040855,LBP18,0.004232719540596008
7777,4,44,0.004388395696878433,LBP18,0.008504086174070835
7777,4,45,0.00425249757245183,LBP18,0.0024779641535133123
7777,4,46,0.004148517269641161,LBP18,0.010917766019701958
7777,4,47,0.0040202997624874115,LBP18,0.008907089941203594
7777,4,48,0.003983647096902132,LBP18,0.002312971279025078
7777,4,49,0.0038516472559422255,LBP18,0.0037163454107940197
7777,4,50,0.003754420205950737,LBP18,0.02519623376429081
7777,4,51,0.003716679522767663,LBP18,0.014261233620345592
7777,4,52,0.0035686607006937265,LBP18,0.018412405624985695
7777,4,53,0.003555262228474021,LBP18,0.002966652624309063
7777,4,54,0.003406305331736803,LBP18,0.0023977302480489016
7777,4,55,0.0033766422420740128,LBP18,0.0034103563521057367
7777,4,56,0.0032751960679888725,LBP18,0.003964957315474749
7777,4,57,0.003217721590772271,LBP18,0.0022156937047839165
7777,4,58,0.003123823320493102,LBP18,0.016019683331251144
7777,4,59,0.0030954042449593544,LBP18,0.0015819419641047716
7777,4,60,0.0029944872949272394,LBP18,0.011786541901528835
7777,4,61,0.002966164145618677,LBP18,0.004904957488179207
7777,4,62,0.0029211442451924086,LBP18,0.0021640851628035307
7777,4,63,0.0028791739605367184,LBP18,0.011046025902032852
7777,4,64,0.0028472119010984898,LBP18,0.0027365246787667274
7777,4,65,0.002746389014646411,LBP18,0.01004887092858553
7777,4,66,0.002721075899899006,LBP18,0.001587364822626114
7777,4,67,0.0026693239342421293,LBP18,0.010004925541579723
7777,4,68,0.0026036747731268406,LBP18,0.007329615764319897
7777,4,69,0.0025324923917651176,LBP18,0.033680811524391174
7777,4,70,0.0025120244827121496,LBP18,0.006148098967969418
7777,4,71,0.002448746934533119,LBP18,0.017172837629914284
7777,4,72,0.0023625895846635103,LBP18,0.0033467826433479786
7777,4,73,0.002326596062630415,LBP18,0.004384225234389305
7777,4,74,0.0022791228257119656,LBP18,0.007203331682831049
7777,4,75,0.00225087720900774,LBP18,0.03446567431092262
7777,4,76,0.002224133349955082,LBP18,0.00871254876255989
7777,4,77,0.0022065916564315557,LBP18,0.0034832479432225227
7777,4,78,0.0021675829775631428,LBP18,0.013529114425182343
7777,4,79,0.002104264684021473,LBP18,0.006283510476350784
7777,4,80,0.0020815799944102764,LBP18,0.001776006305590272
7777,4,81,0.002055297838523984,LBP18,0.001330636441707611
7777,4,82,0.002008802490308881,LBP18,0.010586308315396309
7777,4,83,0.0019465098157525063,LBP18,0.0031255024950951338
7777,4,84,0.0019378724973648787,LBP18,0.010154923424124718
7777,4,85,0.0018843836151063442,LBP18,0.0004990250454284251
7777,4,86,0.0018399190157651901,LBP18,0.024162540212273598
7777,4,87,0.0018326658755540848,LBP18,0.001976951491087675
7777,4,88,0.0017796603497117758,LBP18,0.006249660160392523
7777,4,89,0.0017282461049035192,LBP18,0.004148830659687519
7777,4,90,0.0017095408402383327,LBP18,0.029029574245214462
7777,4,91,0.0016921123024076223,LBP18,0.007799126673489809
7777,4,92,0.0016541163204237819,LBP18,0.005909872241318226
7777,4,93,0.0016110806027427316,LBP18,0.0051866271533071995
7777,4,94,0.0015996930887922645,LBP18,0.009465900249779224
7777,4,95,0.0015867138281464577,LBP18,0.007561026141047478
7777,4,96,0.0015504593029618263,LBP18,0.003620437579229474
7777,4,97,0.0015155229484662414,LBP18,0.009888282045722008
7777,4,98,0.0014906303258612752,LBP18,0.009336413815617561
7777,4,99,0.0014694230630993843,LBP18,0.0034201594535261393
7777,4,100,0.0014565781457349658,LBP18,0.001358271692879498
7777,4,101,0.0014295842265710235,LBP18,0.00256510847248137
7777,4,102,0.0014106123708188534,LBP18,0.0023947469890117645
7777,4,103,0.001394774066284299,LBP18,0.0029882830567657948
7777,4,104,0.0013771039666607976,LBP18,0.004204047843813896
7777,4,105,0.001365483389236033,LBP18,0.008546879515051842
7777,4,106,0.00132502312771976,LBP18,0.017132103443145752
7777,4,107,0.0012985510984435678,LBP18,0.005460279993712902
7777,4,108,0.0012782179983332753,LBP18,0.003030033316463232
7777,4,109,0.0012578621972352266,LBP18,0.016928857192397118
7777,4,110,0.0012298866640776396,LBP18,0.007221693638712168
7777,4,111,0.0012140413746237755,LBP18,0.0045671621337533
7777,4,112,0.0011961315758526325,LBP18,0.0024721163790673018
7777,4,113,0.0011946274898946285,LBP18,0.031062493100762367
7777,4,114,0.0011600353755056858,LBP18,0.0038413170259445906
7777,4,115,0.0011459559900686145,LBP18,0.0038308019284158945
7777,4,116,0.0011379073839634657,LBP18,0.015712616965174675
7777,4,117,0.00112012994941324,LBP18,0.005216535180807114
7777,4,118,0.0011093198554590344,LBP18,0.004091622773557901
7777,4,119,0.0010935732861980796,LBP18,0.0013929534470662475
7777,4,120,0.0010788504732772708,LBP18,0.007451144978404045
7777,4,121,0.001067476230673492,LBP18,0.0067021818831563
7777,4,122,0.0010308193741366267,LBP18,0.0040476368740201
7777,4,123,0.0010188242886215448,LBP18,0.006593578029423952
7777,4,124,0.0010130712762475014,LBP18,0.012579568661749363
7777,4,125,0.0009931853273883462,LBP18,0.013008007779717445
7777,4,126,0.0009686060948297381,LBP18,0.005090777296572924
7777,4,127,0.0009583817445673048,LBP18,0.002589510753750801
7777,4,128,0.0009478134452365339,LBP18,0.005895000416785479
7777,4,1,0.11628740280866623,HARALICK5,0.007334043271839619
7777,4,2,0.06456564366817474,HARALICK5,0.011046123690903187
7777,4,3,0.05578598007559776,HARALICK5,0.012579870410263538
7777,4,4,0.05465708673000336,HARALICK5,0.013404682278633118
7777,4,5,0.037290606647729874,HARALICK5,0.001398997032083571
7777,4,6,0.031268950551748276,HARALICK5,0.0015240621287375689
7777,4,7,0.030059529468417168,HARALICK5,0.004039535764604807
7777,4,8,0.02683435194194317,HARALICK5,0.004344310145825148
7777,4,9,0.02322995290160179,HARALICK5,0.00702248141169548
7777,4,10,0.021135149523615837,HARALICK5,0.002801846247166395
7777,4,11,0.019488386809825897,HARALICK5,0.0016488232649862766
7777,4,12,0.017015721648931503,HARALICK5,0.002235365565866232
7777,4,13,0.01608765684068203,HARALICK5,0.0041242484003305435
7777,4,14,0.014198727905750275,HARALICK5,0.005712343845516443
7777,4,15,0.012839499861001968,HARALICK5,0.021755384281277657
7777,4,16,0.012438121251761913,HARALICK5,0.0038166833110153675
7777,4,17,0.012091616168618202,HARALICK5,0.0028663899283856153
7777,4,18,0.011377782560884953,HARALICK5,0.004802045412361622
7777,4,19,0.011060775257647038,HARALICK5,0.0006568976677954197
7777,4,20,0.01027048472315073,HARALICK5,0.002623125212267041
7777,4,21,0.01009038183838129,HARALICK5,0.003584527410566807
7777,4,22,0.00939206499606371,HARALICK5,0.0072433119639754295
7777,4,23,0.008796222507953644,HARALICK5,0.003881965996697545
7777,4,24,0.008343856781721115,HARALICK5,0.0019961439538747072
7777,4,25,0.007653821259737015,HARALICK5,0.0005987701588310301
7777,4,26,0.007490554824471474,HARALICK5,0.0016999301733449101
7777,4,27,0.007217607460916042,HARALICK5,0.000884624314494431
7777,4,28,0.006958232261240482,HARALICK5,0.011185056529939175
7777,4,29,0.006672517396509647,HARALICK5,0.001492333598434925
7777,4,30,0.006556977983564138,HARALICK5,0.005927889607846737
7777,4,31,0.006183022633194923,HARALICK5,0.002049326431006193
7777,4,32,0.006101457867771387,HARALICK5,0.01621662825345993
7777,4,33,0.005828388035297394,HARALICK5,0.002403042046353221
7777,4,34,0.005681897979229689,HARALICK5,0.004532615654170513
7777,4,35,0.005435781553387642,HARALICK5,0.0008626780472695827
7777,4,36,0.005398313049226999,HARALICK5,0.005144589580595493
7777,4,37,0.00527874706313014,HARALICK5,0.0013907777611166239
7777,4,38,0.005086887627840042,HARALICK5,0.0010929293930530548
7777,4,39,0.00490217562764883,HARALICK5,0.0023239522706717253
7777,4,40,0.004860580898821354,HARALICK5,0.00299978069961071
7777,4,41,0.004731857217848301,HARALICK5,0.0026664810720831156
7777,4,42,0.004585022572427988,HARALICK5,0.003776878584176302
7777,4,43,0.004562607035040855,HARALICK5,0.0051697553135454655
7777,4,44,0.004388395696878433,HARALICK5,0.0015595339937135577
7777,4,45,0.00425249757245183,HARALICK5,0.0007278471603058279
7777,4,46,0.004148517269641161,HARALICK5,0.009255663491785526
7777,4,47,0.0040202997624874115,HARALICK5,0.006692531984299421
7777,4,48,0.003983647096902132,HARALICK5,0.015436967834830284
7777,4,49,0.0038516472559422255,HARALICK5,0.0006565521471202374
7777,4,50,0.003754420205950737,HARALICK5,0.0034691838081926107
7777,4,51,0.003716679522767663,HARALICK5,0.01215375680476427
7777,4,52,0.0035686607006937265,HARALICK5,0.0023261329624801874
7777,4,53,0.003555262228474021,HARALICK5,0.0005118410917930305
7777,4,54,0.003406305331736803,HARALICK5,0.0031755310483276844
7777,4,55,0.0033766422420740128,HARALICK5,0.010649921372532845
7777,4,56,0.0032751960679888725,HARALICK5,0.002262961585074663
7777,4,57,0.003217721590772271,HARALICK5,0.03243829682469368
7777,4,58,0.003123823320493102,HARALICK5,0.01241812389343977
7777,4,59,0.0030954042449593544,HARALICK5,0.0012305204290896654
7777,4,60,0.0029944872949272394,HARALICK5,0.008949699811637402
7777,4,61,0.002966164145618677,HARALICK5,0.003734993515536189
7777,4,62,0.0029211442451924086,HARALICK5,0.012081816792488098
7777,4,63,0.0028791739605367184,HARALICK5,0.004821565467864275
7777,4,64,0.0028472119010984898,HARALICK5,0.007590559311211109
7777,4,65,0.002746389014646411,HARALICK5,0.003091492224484682
7777,4,66,0.002721075899899006,HARALICK5,0.009526863694190979
7777,4,67,0.0026693239342421293,HARALICK5,0.0014808744890615344
7777,4,68,0.0026036747731268406,HARALICK5,0.0029567480087280273
7777,4,69,0.0025324923917651176,HARALICK5,0.0020807282999157906
7777,4,70,0.0025120244827121496,HARALICK5,0.004584982991218567
7777,4,71,0.002448746934533119,HARALICK5,0.02063659019768238
7777,4,72,0.0023625895846635103,HARALICK5,0.005450643133372068
7777,4,73,0.002326596062630415,HARALICK5,0.004771196283400059
7777,4,74,0.0022791228257119656,HARALICK5,0.0028009284287691116
7777,4,75,0.00225087720900774,HARALICK5,0.00625808909535408
7777,4,76,0.002224133349955082,HARALICK5,0.0030343388207256794
7777,4,77,0.0022065916564315557,HARALICK5,0.00021944433683529496
7777,4,78,0.0021675829775631428,HARALICK5,0.004498584195971489
7777,4,79,0.002104264684021473,HARALICK5,0.003376208944246173
7777,4,80,0.0020815799944102764,HARALICK5,0.002155642258003354
7777,4,81,0.002055297838523984,HARALICK5,0.003273386275395751
7777,4,82,0.002008802490308881,HARALICK5,0.009427628479897976
7777,4,83,0.0019465098157525063,HARALICK5,0.0006153112626634538
7777,4,84,0.0019378724973648787,HARALICK5,0.0038159210234880447
7777,4,85,0.0018843836151063442,HARALICK5,0.007795858196914196
7777,4,86,0.0018399190157651901,HARALICK5,0.003921054303646088
7777,4,87,0.0018326658755540848,HARALICK5,0.0030563930049538612
7777,4,88,0.0017796603497117758,HARALICK5,0.0016536994371563196
7777,4,89,0.0017282461049035192,HARALICK5,0.002816195599734783
7777,4,90,0.0017095408402383327,HARALICK5,0.0031576219480484724
7777,4,91,0.0016921123024076223,HARALICK5,0.002886009169742465
7777,4,92,0.0016541163204237819,HARALICK5,0.0053844936192035675
7777,4,93,0.0016110806027427316,HARALICK5,0.005158399697393179
7777,4,94,0.0015996930887922645,HARALICK5,0.010670827701687813
7777,4,95,0.0015867138281464577,HARALICK5,0.0060592773370444775
7777,4,96,0.0015504593029618263,HARALICK5,0.008942313492298126
7777,4,97,0.0015155229484662414,HARALICK5,0.003794396761804819
7777,4,98,0.0014906303258612752,HARALICK5,0.003109303768724203
7777,4,99,0.0014694230630993843,HARALICK5,0.005138153210282326
7777,4,100,0.0014565781457349658,HARALICK5,0.0012886861804872751
7777,4,101,0.0014295842265710235,HARALICK5,0.006800430826842785
7777,4,102,0.0014106123708188534,HARALICK5,0.008391409181058407
7777,4,103,0.001394774066284299,HARALICK5,0.00245939614251256
7777,4,104,0.0013771039666607976,HARALICK5,0.0020562484860420227
7777,4,105,0.001365483389236033,HARALICK5,0.0006521913455799222
7777,4,106,0.00132502312771976,HARALICK5,0.002324697794392705
7777,4,107,0.0012985510984435678,HARALICK5,0.015346217900514603
7777,4,108,0.0012782179983332753,HARALICK5,0.0007138512446545064
7777,4,109,0.0012578621972352266,HARALICK5,0.00868669617921114
7777,4,110,0.0012298866640776396,HARALICK5,0.01533161848783493
7777,4,111,0.0012140413746237755,HARALICK5,0.004528706427663565
7777,4,112,0.0011961315758526325,HARALICK5,0.0011038995580747724
7777,4,113,0.0011946274898946285,HARALICK5,0.009032819420099258
7777,4,114,0.0011600353755056858,HARALICK5,0.005725584924221039
7777,4,115,0.0011459559900686145,HARALICK5,0.0008161550504155457
7777,4,116,0.0011379073839634657,HARALICK5,0.0024716334883123636
7777,4,117,0.00112012994941324,HARALICK5,0.0034119586925953627
7777,4,118,0.0011093198554590344,HARALICK5,0.011111943051218987
7777,4,119,0.0010935732861980796,HARALICK5,0.004762276075780392
7777,4,120,0.0010788504732772708,HARALICK5,0.008889949880540371
7777,4,121,0.001067476230673492,HARALICK5,0.005492536351084709
7777,4,122,0.0010308193741366267,HARALICK5,0.005933268461376429
7777,4,123,0.0010188242886215448,HARALICK5,0.012838386930525303
7777,4,124,0.0010130712762475014,HARALICK5,0.0049344878643751144
7777,4,125,0.0009931853273883462,HARALICK5,0.004022701643407345
7777,4,126,0.0009686060948297381,HARALICK5,0.004547556862235069
7777,4,127,0.0009583817445673048,HARALICK5,0.00551728717982769
7777,4,128,0.0009478134452365339,HARALICK5,0.0026839941274374723
7777,4,1,0.11628740280866623,ALL_HANDCRAFTED32,0.1310528665781021
7777,4,2,0.06456564366817474,ALL_HANDCRAFTED32,0.02057204768061638
7777,4,3,0.05578598007559776,ALL_HANDCRAFTED32,0.03459026664495468
7777,4,4,0.05465708673000336,ALL_HANDCRAFTED32,0.034528978168964386
7777,4,5,0.037290606647729874,ALL_HANDCRAFTED32,0.018848441541194916
7777,4,6,0.031268950551748276,ALL_HANDCRAFTED32,0.05489121004939079
7777,4,7,0.030059529468417168,ALL_HANDCRAFTED32,0.023554887622594833
7777,4,8,0.02683435194194317,ALL_HANDCRAFTED32,0.016319379210472107
7777,4,9,0.02322995290160179,ALL_HANDCRAFTED32,0.02171841636300087
7777,4,10,0.021135149523615837,ALL_HANDCRAFTED32,0.011895563453435898
7777,4,11,0.019488386809825897,ALL_HANDCRAFTED32,0.008589782752096653
7777,4,12,0.017015721648931503,ALL_HANDCRAFTED32,0.010901529341936111
7777,4,13,0.01608765684068203,ALL_HANDCRAFTED32,0.032365936785936356
7777,4,14,0.014198727905750275,ALL_HANDCRAFTED32,0.02229345217347145
7777,4,15,0.012839499861001968,ALL_HANDCRAFTED32,0.13432073593139648
7777,4,16,0.012438121251761913,ALL_HANDCRAFTED32,0.045714814215898514
7777,4,17,0.012091616168618202,ALL_HANDCRAFTED32,0.015903806313872337
7777,4,18,0.011377782560884953,ALL_HANDCRAFTED32,0.036865632981061935
7777,4,19,0.011060775257647038,ALL_HANDCRAFTED32,0.03735668212175369
7777,4,20,0.01027048472315073,ALL_HANDCRAFTED32,0.017691999673843384
7777,4,21,0.01009038183838129,ALL_HANDCRAFTED32,0.037766680121421814
7777,4,22,0.00939206499606371,ALL_HANDCRAFTED32,0.04040148854255676
7777,4,23,0.008796222507953644,ALL_HANDCRAFTED32,0.018092919141054153
7777,4,24,0.008343856781721115,ALL_HANDCRAFTED32,0.018472284078598022
7777,4,25,0.007653821259737015,ALL_HANDCRAFTED32,0.01387801393866539
7777,4,26,0.007490554824471474,ALL_HANDCRAFTED32,0.02371986210346222
7777,4,27,0.007217607460916042,ALL_HANDCRAFTED32,0.014895929023623466
7777,4,28,0.006958232261240482,ALL_HANDCRAFTED32,0.04022607207298279
7777,4,29,0.006672517396509647,ALL_HANDCRAFTED32,0.04533934220671654
7777,4,30,0.006556977983564138,ALL_HANDCRAFTED32,0.03959892690181732
7777,4,31,0.006183022633194923,ALL_HANDCRAFTED32,0.01857447624206543
7777,4,32,0.006101457867771387,ALL_HANDCRAFTED32,0.10659453272819519
7777,4,33,0.005828388035297394,ALL_HANDCRAFTED32,0.014478352852165699
7777,4,34,0.005681897979229689,ALL_HANDCRAFTED32,0.04967646300792694
7777,4,35,0.005435781553387642,ALL_HANDCRAFTED32,0.01508314535021782
7777,4,36,0.005398313049226999,ALL_HANDCRAFTED32,0.03401761129498482
7777,4,37,0.00527874706313014,ALL_HANDCRAFTED32,0.019184187054634094
7777,4,38,0.005086887627840042,ALL_HANDCRAFTED32,0.018343836069107056
7777,4,39,0.00490217562764883,ALL_HANDCRAFTED32,0.011700399219989777
7777,4,40,0.004860580898821354,ALL_HANDCRAFTED32,0.039373353123664856
7777,4,41,0.004731857217848301,ALL_HANDCRAFTED32,0.015193535946309566
7777,4,42,0.004585022572427988,ALL_HANDCRAFTED32,0.01789444498717785
7777,4,43,0.004562607035040855,ALL_HANDCRAFTED32,0.031433023512363434
7777,4,44,0.004388395696878433,ALL_HANDCRAFTED32,0.0207179207354784
7777,4,45,0.00425249757245183,ALL_HANDCRAFTED32,0.005178309045732021
7777,4,46,0.004148517269641161,ALL_HANDCRAFTED32,0.04103667289018631
7777,4,47,0.0040202997624874115,ALL_HANDCRAFTED32,0.02771160751581192
7777,4,48,0.003983647096902132,ALL_HANDCRAFTED32,0.023435357958078384
7777,4,49,0.0038516472559422255,ALL_HANDCRAFTED32,0.011969505809247494
7777,4,50,0.003754420205950737,ALL_HANDCRAFTED32,0.04840557649731636
7777,4,51,0.003716679522767663,ALL_HANDCRAFTED32,0.03838467225432396
7777,4,52,0.0035686607006937265,ALL_HANDCRAFTED32,0.023409128189086914
7777,4,53,0.003555262228474021,ALL_HANDCRAFTED32,0.00760094216093421
7777,4,54,0.003406305331736803,ALL_HANDCRAFTED32,0.009953212924301624
7777,4,55,0.0033766422420740128,ALL_HANDCRAFTED32,0.03004351072013378
7777,4,56,0.0032751960679888725,ALL_HANDCRAFTED32,0.017450449988245964
7777,4,57,0.003217721590772271,ALL_HANDCRAFTED32,0.060630980879068375
7777,4,58,0.003123823320493102,ALL_HANDCRAFTED32,0.03817988559603691
7777,4,59,0.0030954042449593544,ALL_HANDCRAFTED32,0.01425132155418396
7777,4,60,0.0029944872949272394,ALL_HANDCRAFTED32,0.026673797518014908
7777,4,61,0.002966164145618677,ALL_HANDCRAFTED32,0.013867642730474472
7777,4,62,0.0029211442451924086,ALL_HANDCRAFTED32,0.037371594458818436
7777,4,63,0.0028791739605367184,ALL_HANDCRAFTED32,0.03284083306789398
7777,4,64,0.0028472119010984898,ALL_HANDCRAFTED32,0.018886780366301537
7777,4,65,0.002746389014646411,ALL_HANDCRAFTED32,0.018810264766216278
7777,4,66,0.002721075899899006,ALL_HANDCRAFTED32,0.056071601808071136
7777,4,67,0.0026693239342421293,ALL_HANDCRAFTED32,0.01881265640258789
7777,4,68,0.0026036747731268406,ALL_HANDCRAFTED32,0.021444417536258698
7777,4,69,0.0025324923917651176,ALL_HANDCRAFTED32,0.044580064713954926
7777,4,70,0.0025120244827121496,ALL_HANDCRAFTED32,0.0157021451741457
7777,4,71,0.002448746934533119,ALL_HANDCRAFTED32,0.04378833249211311
7777,4,72,0.0023625895846635103,ALL_HANDCRAFTED32,0.010470908135175705
7777,4,73,0.002326596062630415,ALL_HANDCRAFTED32,0.014068917371332645
7777,4,74,0.0022791228257119656,ALL_HANDCRAFTED32,0.021518610417842865
7777,4,75,0.00225087720900774,ALL_HANDCRAFTED32,0.05451354384422302
7777,4,76,0.002224133349955082,ALL_HANDCRAFTED32,0.015090704895555973
7777,4,77,0.0022065916564315557,ALL_HANDCRAFTED32,0.006986543070524931
7777,4,78,0.0021675829775631428,ALL_HANDCRAFTED32,0.021529670804739
7777,4,79,0.002104264684021473,ALL_HANDCRAFTED32,0.021184425801038742
7777,4,80,0.0020815799944102764,ALL_HANDCRAFTED32,0.00788444560021162
7777,4,81,0.002055297838523984,ALL_HANDCRAFTED32,0.00670982338488102
7777,4,82,0.002008802490308881,ALL_HANDCRAFTED32,0.03120039962232113
7777,4,83,0.0019465098157525063,ALL_HANDCRAFTED32,0.009259148500859737
7777,4,84,0.0019378724973648787,ALL_HANDCRAFTED32,0.03416067361831665
7777,4,85,0.0018843836151063442,ALL_HANDCRAFTED32,0.023999422788619995
7777,4,86,0.0018399190157651901,ALL_HANDCRAFTED32,0.03392324596643448
7777,4,87,0.0018326658755540848,ALL_HANDCRAFTED32,0.010395247489213943
7777,4,88,0.0017796603497117758,ALL_HANDCRAFTED32,0.0156710185110569
7777,4,89,0.0017282461049035192,ALL_HANDCRAFTED32,0.01838475838303566
7777,4,90,0.0017095408402383327,ALL_HANDCRAFTED32,0.034737683832645416
7777,4,91,0.0016921123024076223,ALL_HANDCRAFTED32,0.01770460605621338
7777,4,92,0.0016541163204237819,ALL_HANDCRAFTED32,0.05895129591226578
7777,4,93,0.0016110806027427316,ALL_HANDCRAFTED32,0.021773630753159523
7777,4,94,0.0015996930887922645,ALL_HANDCRAFTED32,0.05231750011444092
7777,4,95,0.0015867138281464577,ALL_HANDCRAFTED32,0.02978365309536457
7777,4,96,0.0015504593029618263,ALL_HANDCRAFTED32,0.02212603949010372
7777,4,97,0.0015155229484662414,ALL_HANDCRAFTED32,0.01925705373287201
7777,4,98,0.0014906303258612752,ALL_HANDCRAFTED32,0.021347638219594955
7777,4,99,0.0014694230630993843,ALL_HANDCRAFTED32,0.016618065536022186
7777,4,100,0.0014565781457349658,ALL_HANDCRAFTED32,0.008403451181948185
7777,4,101,0.0014295842265710235,ALL_HANDCRAFTED32,0.016755398362874985
7777,4,102,0.0014106123708188534,ALL_HANDCRAFTED32,0.02842390164732933
7777,4,103,0.001394774066284299,ALL_HANDCRAFTED32,0.01997631974518299
7777,4,104,0.0013771039666607976,ALL_HANDCRAFTED32,0.010000443086028099
7777,4,105,0.001365483389236033,ALL_HANDCRAFTED32,0.020722471177577972
7777,4,106,0.00132502312771976,ALL_HANDCRAFTED32,0.032031167298555374
7777,4,107,0.0012985510984435678,ALL_HANDCRAFTED32,0.037491001188755035
7777,4,108,0.0012782179983332753,ALL_HANDCRAFTED32,0.017727911472320557
7777,4,109,0.0012578621972352266,ALL_HANDCRAFTED32,0.04021166265010834
7777,4,110,0.0012298866640776396,ALL_HANDCRAFTED32,0.04075108468532562
7777,4,111,0.0012140413746237755,ALL_HANDCRAFTED32,0.014298010617494583
7777,4,112,0.0011961315758526325,ALL_HANDCRAFTED32,0.007997065782546997
7777,4,113,0.0011946274898946285,ALL_HANDCRAFTED32,0.0770542249083519
7777,4,114,0.0011600353755056858,ALL_HANDCRAFTED32,0.016495464369654655
7777,4,115,0.0011459559900686145,ALL_HANDCRAFTED32,0.011685578152537346
7777,4,116,0.0011379073839634657,ALL_HANDCRAFTED32,0.025928307324647903
7777,4,117,0.00112012994941324,ALL_HANDCRAFTED32,0.016037531197071075
7777,4,118,0.0011093198554590344,ALL_HANDCRAFTED32,0.022752434015274048
7777,4,119,0.0010935732861980796,ALL_HANDCRAFTED32,0.014768965542316437
7777,4,120,0.0010788504732772708,ALL_HANDCRAFTED32,0.02816164121031761
7777,4,121,0.001067476230673492,ALL_HANDCRAFTED32,0.022018395364284515
7777,4,122,0.0010308193741366267,ALL_HANDCRAFTED32,0.020894331857562065
7777,4,123,0.0010188242886215448,ALL_HANDCRAFTED32,0.02600749209523201
7777,4,124,0.0010130712762475014,ALL_HANDCRAFTED32,0.024270055815577507
7777,4,125,0.0009931853273883462,ALL_HANDCRAFTED32,0.02789112739264965
7777,4,126,0.0009686060948297381,ALL_HANDCRAFTED32,0.021446827799081802
7777,4,127,0.0009583817445673048,ALL_HANDCRAFTED32,0.017056748270988464
7777,4,128,0.0009478134452365339,ALL_HANDCRAFTED32,0.014921760186553001
7777,4,1,0.11628740280866623,VIT768,0.8689477443695068
7777,4,2,0.06456564366817474,VIT768,0.9794284701347351
7777,4,3,0.05578598007559776,VIT768,0.9654097557067871
7777,4,4,0.05465708673000336,VIT768,0.9654712677001953
7777,4,5,0.037290606647729874,VIT768,0.9811515808105469
7777,4,6,0.031268950551748276,VIT768,0.9451093673706055
7777,4,7,0.030059529468417168,VIT768,0.9764455556869507
7777,4,8,0.02683435194194317,VIT768,0.9836815595626831
7777,4,9,0.02322995290160179,VIT768,0.978281557559967
7777,4,10,0.021135149523615837,VIT768,0.9881043434143066
7777,4,11,0.019488386809825897,VIT768,0.9914101958274841
7777,4,12,0.017015721648931503,VIT768,0.9890987277030945
7777,4,13,0.01608765684068203,VIT768,0.9676342010498047
7777,4,14,0.014198727905750275,VIT768,0.977706789970398
7777,4,15,0.012839499861001968,VIT768,0.8656792640686035
7777,4,16,0.012438121251761913,VIT768,0.9542853236198425
7777,4,17,0.012091616168618202,VIT768,0.9840960502624512
7777,4,18,0.011377782560884953,VIT768,0.9631348848342896
7777,4,19,0.011060775257647038,VIT768,0.9626436233520508
7777,4,20,0.01027048472315073,VIT768,0.9823080897331238
7777,4,21,0.01009038183838129,VIT768,0.962233304977417
7777,4,22,0.00939206499606371,VIT768,0.9595984220504761
7777,4,23,0.008796222507953644,VIT768,0.9819071888923645
7777,4,24,0.008343856781721115,VIT768,0.9815268516540527
7777,4,25,0.007653821259737015,VIT768,0.9861220121383667
7777,4,26,0.007490554824471474,VIT768,0.9762794971466064
7777,4,27,0.007217607460916042,VIT768,0.9851037859916687
7777,4,28,0.006958232261240482,VIT768,0.959774374961853
7777,4,29,0.006672517396509647,VIT768,0.9546607732772827
7777,4,30,0.006556977983564138,VIT768,0.9604009389877319
7777,4,31,0.006183022633194923,VIT768,0.9814252853393555
7777,4,32,0.006101457867771387,VIT768,0.8934054374694824
7777,4,33,0.005828388035297394,VIT768,0.9855217337608337
7777,4,34,0.005681897979229689,VIT768,0.9503236413002014
7777,4,35,0.005435781553387642,VIT768,0.9849170446395874
7777,4,36,0.005398313049226999,VIT768,0.9659825563430786
7777,4,37,0.00527874706313014,VIT768,0.9808161854743958
7777,4,38,0.005086887627840042,VIT768,0.9816562533378601
7777,4,39,0.00490217562764883,VIT768,0.988300085067749
7777,4,40,0.004860580898821354,VIT768,0.9606267213821411
7777,4,41,0.004731857217848301,VIT768,0.984805703163147
7777,4,42,0.004585022572427988,VIT768,0.9821053147315979
7777,4,43,0.004562607035040855,VIT768,0.96856689453125
7777,4,44,0.004388395696878433,VIT768,0.9792821407318115
7777,4,45,0.00425249757245183,VIT768,0.9948215484619141
7777,4,46,0.004148517269641161,VIT768,0.9589636325836182
7777,4,47,0.0040202997624874115,VIT768,0.9722880125045776
7777,4,48,0.003983647096902132,VIT768,0.9765644073486328
7777,4,49,0.0038516472559422255,VIT768,0.9880304336547852
7777,4,50,0.003754420205950737,VIT768,0.9515942335128784
7777,4,51,0.003716679522767663,VIT768,0.9616151452064514
7777,4,52,0.0035686607006937265,VIT768,0.9765913486480713
7777,4,53,0.003555262228474021,VIT768,0.9923993349075317
7777,4,54,0.003406305331736803,VIT768,0.9900467395782471
7777,4,55,0.0033766422420740128,VIT768,0.9699559807777405
7777,4,56,0.0032751960679888725,VIT768,0.9825496673583984
7777,4,57,0.003217721590772271,VIT768,0.9393689036369324
7777,4,58,0.003123823320493102,VIT768,0.9618198871612549
7777,4,59,0.0030954042449593544,VIT768,0.985748291015625
7777,4,60,0.0029944872949272394,VIT768,0.9733260273933411
7777,4,61,0.002966164145618677,VIT768,0.9861326813697815
7777,4,62,0.0029211442451924086,VIT768,0.9626282453536987
7777,4,63,0.0028791739605367184,VIT768,0.9671591520309448
7777,4,64,0.0028472119010984898,VIT768,0.9811129570007324
7777,4,65,0.002746389014646411,VIT768,0.9811899065971375
7777,4,66,0.002721075899899006,VIT768,0.9439284801483154
7777,4,67,0.0026693239342421293,VIT768,0.9811874628067017
7777,4,68,0.0026036747731268406,VIT768,0.9785555005073547
7777,4,69,0.0025324923917651176,VIT768,0.955419659614563
7777,4,70,0.0025120244827121496,VIT768,0.9842978119850159
7777,4,71,0.002448746934533119,VIT768,0.9562113285064697
7777,4,72,0.0023625895846635103,VIT768,0.989529013633728
7777,4,73,0.002326596062630415,VIT768,0.9859312176704407
7777,4,74,0.0022791228257119656,VIT768,0.9784811735153198
7777,4,75,0.00225087720900774,VIT768,0.9454860687255859
7777,4,76,0.002224133349955082,VIT768,0.98490971326828
7777,4,77,0.0022065916564315557,VIT768,0.9930134415626526
7777,4,78,0.0021675829775631428,VIT768,0.9784703254699707
7777,4,79,0.002104264684021473,VIT768,0.9788154363632202
7777,4,80,0.0020815799944102764,VIT768,0.9921157360076904
7777,4,81,0.002055297838523984,VIT768,0.9932903051376343
7777,4,82,0.002008802490308881,VIT768,0.9687991738319397
7777,4,83,0.0019465098157525063,VIT768,0.9907408356666565
7777,4,84,0.0019378724973648787,VIT768,0.9658393859863281
7777,4,85,0.0018843836151063442,VIT768,0.9760006666183472
7777,4,86,0.0018399190157651901,VIT768,0.9660764932632446
7777,4,87,0.0018326658755540848,VIT768,0.9896036386489868
7777,4,88,0.0017796603497117758,VIT768,0.984329104423523
7777,4,89,0.0017282461049035192,VIT768,0.9816149473190308
7777,4,90,0.0017095408402383327,VIT768,0.9652615189552307
7777,4,91,0.0016921123024076223,VIT768,0.9822953343391418
7777,4,92,0.0016541163204237819,VIT768,0.9410485029220581
7777,4,93,0.0016110806027427316,VIT768,0.978226363658905
7777,4,94,0.0015996930887922645,VIT768,0.9476824402809143
7777,4,95,0.0015867138281464577,VIT768,0.9702163338661194
7777,4,96,0.0015504593029618263,VIT768,0.9778734445571899
7777,4,97,0.0015155229484662414,VIT768,0.9807428121566772
7777,4,98,0.0014906303258612752,VIT768,0.9786522388458252
7777,4,99,0.0014694230630993843,VIT768,0.9833818674087524
7777,4,100,0.0014565781457349658,VIT768,0.9915971755981445
7777,4,101,0.0014295842265710235,VIT768,0.9832444787025452
7777,4,102,0.0014106123708188534,VIT768,0.9715762734413147
7777,4,103,0.001394774066284299,VIT768,0.9800237417221069
7777,4,104,0.0013771039666607976,VIT768,0.9899994134902954
7777,4,105,0.001365483389236033,VIT768,0.979277491569519
7777,4,106,0.00132502312771976,VIT768,0.9679688215255737
7777,4,107,0.0012985510984435678,VIT768,0.9625087976455688
7777,4,108,0.0012782179983332753,VIT768,0.9822718501091003
7777,4,109,0.0012578621972352266,VIT768,0.9597886800765991
7777,4,110,0.0012298866640776396,VIT768,0.959248960018158
7777,4,111,0.0012140413746237755,VIT768,0.9857020378112793
7777,4,112,0.0011961315758526325,VIT768,0.9920033812522888
7777,4,113,0.0011946274898946285,VIT768,0.9229457974433899
7777,4,114,0.0011600353755056858,VIT768,0.9835047125816345
7777,4,115,0.0011459559900686145,VIT768,0.9883140325546265
7777,4,116,0.0011379073839634657,VIT768,0.9740719795227051
7777,4,117,0.00112012994941324,VIT768,0.9839624762535095
7777,4,118,0.0011093198554590344,VIT768,0.9772474765777588
7777,4,119,0.0010935732861980796,VIT768,0.9852312803268433
7777,4,120,0.0010788504732772708,VIT768,0.9718379974365234
7777,4,121,0.001067476230673492,VIT768,0.977981686592102
7777,4,122,0.0010308193741366267,VIT768,0.9791052341461182
7777,4,123,0.0010188242886215448,VIT768,0.973992645740509
7777,4,124,0.0010130712762475014,VIT768,0.9757304191589355
7777,4,125,0.0009931853273883462,VIT768,0.9721089601516724
7777,4,126,0.0009686060948297381,VIT768,0.978553295135498
7777,4,127,0.0009583817445673048,VIT768,0.9829434752464294
7777,4,128,0.0009478134452365339,VIT768,0.9850784540176392
7777,5,1,0.11890581250190735,COLOR9,0.01604694314301014
7777,5,2,0.06401843577623367,COLOR9,0.00484273349866271
7777,5,3,0.055409543216228485,COLOR9,0.02532457560300827
7777,5,4,0.05080679804086685,COLOR9,0.00537701603025198
7777,5,5,0.03633391484618187,COLOR9,0.007040661294013262
7777,5,6,0.03276817873120308,COLOR9,0.01816699467599392
7777,5,7,0.029896752908825874,COLOR9,0.01847538910806179
7777,5,8,0.024849606677889824,COLOR9,0.0067107584327459335
7777,5,9,0.022897567600011826,COLOR9,0.004804438911378384
7777,5,10,0.020707232877612114,COLOR9,0.0011338749900460243
7777,5,11,0.018963277339935303,COLOR9,0.010282247327268124
7777,5,12,0.018409276381134987,COLOR9,0.0030309800058603287
7777,5,13,0.015895090997219086,COLOR9,0.011820800602436066
7777,5,14,0.015351052395999432,COLOR9,0.011466565541923046
7777,5,15,0.01273746695369482,COLOR9,0.00337665225379169
7777,5,16,0.011892151087522507,COLOR9,0.009542339481413364
7777,5,17,0.0117887482047081,COLOR9,0.009817887097597122
7777,5,18,0.011533225886523724,COLOR9,0.03153805807232857
7777,5,19,0.011142361909151077,COLOR9,0.009028906002640724
7777,5,20,0.010846510529518127,COLOR9,0.012965944595634937
7777,5,21,0.010272162035107613,COLOR9,0.020427783951163292
7777,5,22,0.009905675426125526,COLOR9,0.003086324082687497
7777,5,23,0.009139271453022957,COLOR9,0.008941269479691982
7777,5,24,0.00889268796890974,COLOR9,0.009713448584079742
7777,5,25,0.008144320920109749,COLOR9,0.012329962104558945
7777,5,26,0.008023686707019806,COLOR9,0.005873486865311861
7777,5,27,0.007540887221693993,COLOR9,0.003973180428147316
7777,5,28,0.00742148095741868,COLOR9,0.0027651849668473005
7777,5,29,0.006864258553832769,COLOR9,0.003089291276410222
7777,5,30,0.006597676780074835,COLOR9,0.001668382901698351
7777,5,31,0.006389068905264139,COLOR9,0.006073677912354469
7777,5,32,0.006127521395683289,COLOR9,0.0034727349411696196
7777,5,33,0.006029028445482254,COLOR9,0.012522542849183083
7777,5,34,0.005969687830656767,COLOR9,0.006473494693636894
7777,5,35,0.005585183389484882,COLOR9,0.01723184995353222
7777,5,36,0.005288972053676844,COLOR9,0.013776414096355438
7777,5,37,0.005221482831984758,COLOR9,0.009763060137629509
7777,5,38,0.005129480734467506,COLOR9,0.007334945257753134
7777,5,39,0.005050097592175007,COLOR9,0.004937595222145319
7777,5,40,0.004844765644520521,COLOR9,0.012207607738673687
7777,5,41,0.004793514963239431,COLOR9,0.0187273770570755
7777,5,42,0.004625499248504639,COLOR9,0.02207673154771328
7777,5,43,0.004488312639296055,COLOR9,0.007552088238298893
7777,5,44,0.004351584706455469,COLOR9,0.018161989748477936
7777,5,45,0.004276529885828495,COLOR9,0.0050214785151183605
7777,5,46,0.004125296138226986,COLOR9,0.006333088502287865
7777,5,47,0.003979458939284086,COLOR9,0.018093863502144814
7777,5,48,0.0039040339179337025,COLOR9,0.007021619472652674
7777,5,49,0.003760615363717079,COLOR9,0.005149485543370247
7777,5,50,0.0037441907916218042,COLOR9,0.020395515486598015
7777,5,51,0.0036710165441036224,COLOR9,0.0018687418196350336
7777,5,52,0.00360890687443316,COLOR9,0.03189989551901817
7777,5,53,0.0034400317817926407,COLOR9,0.015646446496248245
7777,5,54,0.0033349471632391214,COLOR9,0.006039539352059364
7777,5,55,0.003333300119265914,COLOR9,0.008839619345963001
7777,5,56,0.0031593821477144957,COLOR9,0.03578796237707138
7777,5,57,0.003154652426019311,COLOR9,0.03874628245830536
7777,5,58,0.0030656743329018354,COLOR9,0.008196949027478695
7777,5,59,0.003029005602002144,COLOR9,0.009958121925592422
7777,5,60,0.0029937054496258497,COLOR9,0.015507811680436134
7777,5,61,0.0029182094149291515,COLOR9,0.015214510262012482
7777,5,62,0.00289614824578166,COLOR9,0.0036031678318977356
7777,5,63,0.0027883907314389944,COLOR9,0.004563869442790747
7777,5,64,0.0027419603429734707,COLOR9,0.0053537217900156975
7777,5,65,0.002723526442423463,COLOR9,0.010275864973664284
7777,5,66,0.0026406017132103443,COLOR9,0.01189577765762806
7777,5,67,0.0026202541776001453,COLOR9,0.021598393097519875
7777,5,68,0.0025362230371683836,COLOR9,0.003986768424510956
7777,5,69,0.0025111548602581024,COLOR9,0.007317910902202129
7777,5,70,0.0024857267271727324,COLOR9,0.006259587127715349
7777,5,71,0.002441702876240015,COLOR9,0.010636705905199051
7777,5,72,0.0023705230560153723,COLOR9,0.028565211221575737
7777,5,73,0.0023089018650352955,COLOR9,0.00413244403898716
7777,5,74,0.0022664673160761595,COLOR9,0.010679925791919231
7777,5,75,0.002223858144134283,COLOR9,0.013804024085402489
7777,5,76,0.0021241449285298586,COLOR9,0.011754050850868225
7777,5,77,0.0021150358952581882,COLOR9,0.004569702781736851
7777,5,78,0.0020810423884540796,COLOR9,0.0031678599771112204
7777,5,79,0.002063990570604801,COLOR9,0.00996880978345871
7777,5,80,0.002026926027610898,COLOR9,0.01577398180961609
7777,5,81,0.001995339524000883,COLOR9,0.017643898725509644
7777,5,82,0.0019711488857865334,COLOR9,0.005284308921545744
7777,5,83,0.001933691673912108,COLOR9,0.010495699942111969
7777,5,84,0.0018873467342928052,COLOR9,0.004222998861223459
7777,5,85,0.0018474968383088708,COLOR9,0.009503999724984169
7777,5,86,0.001804179628379643,COLOR9,0.008490351028740406
7777,5,87,0.001791752059943974,COLOR9,0.003527048509567976
7777,5,88,0.0017593686934560537,COLOR9,0.006231750827282667
7777,5,89,0.0017257515573874116,COLOR9,0.005195021629333496
7777,5,90,0.0017016436904668808,COLOR9,0.00409436272457242
7777,5,91,0.001681341789662838,COLOR9,0.0021701508667320013
7777,5,92,0.001656625303439796,COLOR9,0.006513213738799095
7777,5,93,0.0016256954986602068,COLOR9,0.009964222088456154
7777,5,94,0.001612273626960814,COLOR9,0.008939525112509727
7777,5,95,0.0015762066468596458,COLOR9,0.007729323580861092
7777,5,96,0.0015442975563928485,COLOR9,0.006980789825320244
7777,5,97,0.0015183851355686784,COLOR9,0.011638069525361061
7777,5,98,0.0014816400362178683,COLOR9,0.014048131182789803
7777,5,99,0.001478527789004147,COLOR9,0.006173674017190933
7777,5,100,0.0014547783648595214,COLOR9,0.011196962557733059
7777,5,101,0.001434190897271037,COLOR9,0.01015792042016983
7777,5,102,0.00142299837898463,COLOR9,0.017285093665122986
7777,5,103,0.0014035564381629229,COLOR9,0.028245870023965836
7777,5,104,0.0013844672357663512,COLOR9,0.00904025137424469
7777,5,105,0.0013692331267520785,COLOR9,0.008487589657306671
7777,5,106,0.001355930813588202,COLOR9,0.013063065707683563
7777,5,107,0.0013238309184089303,COLOR9,0.013304897584021091
7777,5,108,0.0012959038140252233,COLOR9,0.007341654505580664
7777,5,109,0.001254678936675191,COLOR9,0.006945228204131126
7777,5,110,0.0012488876236602664,COLOR9,0.010661987587809563
7777,5,111,0.0012213235022500157,COLOR9,0.03350403532385826
7777,5,112,0.0012119252933189273,COLOR9,0.0018621993949636817
7777,5,113,0.0011821521911770105,COLOR9,0.015951061621308327
7777,5,114,0.001177903381176293,COLOR9,0.0009058492723852396
7777,5,115,0.0011593973031267524,COLOR9,0.013021430931985378
7777,5,116,0.00114358717110008,COLOR9,0.008121129125356674
7777,5,117,0.0011265149805694818,COLOR9,0.004567726515233517
7777,5,118,0.0011004155967384577,COLOR9,0.0014898811932653189
7777,5,119,0.0010837006848305464,COLOR9,0.026425736024975777
7777,5,120,0.00107568537350744,COLOR9,0.013892517425119877
7777,5,121,0.0010297413682565093,COLOR9,0.002303633838891983
7777,5,122,0.0010150535963475704,COLOR9,0.008847122080624104
7777,5,123,0.001003557350486517,COLOR9,0.004538616165518761
7777,5,124,0.0009904983453452587,COLOR9,0.005745129659771919
7777,5,125,0.0009750152821652591,COLOR9,0.007772109936922789
7777,5,126,0.0009597780299372971,COLOR9,0.020931018516421318
7777,5,127,0.0009452360100112855,COLOR9,0.012403334490954876
7777,5,128,0.0009200807544402778,COLOR9,0.012735881842672825
7777,5,1,0.11890581250190735,LBP18,0.10528406500816345
7777,5,2,0.06401843577623367,LBP18,0.0039053228683769703
7777,5,3,0.055409543216228485,LBP18,0.018170414492487907
7777,5,4,0.05080679804086685,LBP18,0.0011142101138830185
7777,5,5,0.03633391484618187,LBP18,0.004932090174406767
7777,5,6,0.03276817873120308,LBP18,0.03251630440354347
7777,5,7,0.029896752908825874,LBP18,0.005851128604263067
7777,5,8,0.024849606677889824,LBP18,0.010725073516368866
7777,5,9,0.022897567600011826,LBP18,0.011925655417144299
7777,5,10,0.020707232877612114,LBP18,0.0067891511134803295
7777,5,11,0.018963277339935303,LBP18,0.01012429129332304
7777,5,12,0.018409276381134987,LBP18,0.009358452633023262
7777,5,13,0.015895090997219086,LBP18,0.005975976586341858
7777,5,14,0.015351052395999432,LBP18,0.01807740330696106
7777,5,15,0.01273746695369482,LBP18,0.007596579380333424
7777,5,16,0.011892151087522507,LBP18,0.0092974454164505
7777,5,17,0.0117887482047081,LBP18,0.06586422771215439
7777,5,18,0.011533225886523724,LBP18,0.0021711329463869333
7777,5,19,0.011142361909151077,LBP18,0.013515333645045757
7777,5,20,0.010846510529518127,LBP18,0.03253083676099777
7777,5,21,0.010272162035107613,LBP18,0.009001299738883972
7777,5,22,0.009905675426125526,LBP18,0.01153351180255413
7777,5,23,0.009139271453022957,LBP18,0.026833022013306618
7777,5,24,0.00889268796890974,LBP18,0.0066850800067186356
7777,5,25,0.008144320920109749,LBP18,0.00529492599889636
7777,5,26,0.008023686707019806,LBP18,0.010485437698662281
7777,5,27,0.007540887221693993,LBP18,0.023623397573828697
7777,5,28,0.00742148095741868,LBP18,0.0037848642095923424
7777,5,29,0.006864258553832769,LBP18,0.0026136438827961683
7777,5,30,0.006597676780074835,LBP18,0.010285593569278717
7777,5,31,0.006389068905264139,LBP18,0.06055205687880516
7777,5,32,0.006127521395683289,LBP18,0.017229098826646805
7777,5,33,0.006029028445482254,LBP18,0.001735215773805976
7777,5,34,0.005969687830656767,LBP18,0.0760730654001236
7777,5,35,0.005585183389484882,LBP18,0.0028618816286325455
7777,5,36,0.005288972053676844,LBP18,0.01713879033923149
7777,5,37,0.005221482831984758,LBP18,0.007613425608724356
7777,5,38,0.005129480734467506,LBP18,0.008570046164095402
7777,5,39,0.005050097592175007,LBP18,0.02942642942070961
7777,5,40,0.004844765644520521,LBP18,0.010191082023084164
7777,5,41,0.004793514963239431,LBP18,0.013850480318069458
7777,5,42,0.004625499248504639,LBP18,0.014892869628965855
7777,5,43,0.004488312639296055,LBP18,0.005996992811560631
7777,5,44,0.004351584706455469,LBP18,0.004443660378456116
7777,5,45,0.004276529885828495,LBP18,0.009887836873531342
7777,5,46,0.004125296138226986,LBP18,0.0039454675279557705
7777,5,47,0.003979458939284086,LBP18,0.015160229057073593
7777,5,48,0.0039040339179337025,LBP18,0.012529445812106133
7777,5,49,0.003760615363717079,LBP18,0.003383214119821787
7777,5,50,0.0037441907916218042,LBP18,0.003347955411300063
7777,5,51,0.0036710165441036224,LBP18,0.00643031345680356
7777,5,52,0.00360890687443316,LBP18,0.006140370853245258
7777,5,53,0.0034400317817926407,LBP18,0.007437413092702627
7777,5,54,0.0033349471632391214,LBP18,0.00832907110452652
7777,5,55,0.003333300119265914,LBP18,0.00765519542619586
7777,5,56,0.0031593821477144957,LBP18,0.007754111662507057
7777,5,57,0.003154652426019311,LBP18,0.010919706895947456
7777,5,58,0.0030656743329018354,LBP18,0.00598215451464057
7777,5,59,0.003029005602002144,LBP18,0.006922195199877024
7777,5,60,0.0029937054496258497,LBP18,0.002031796844676137
7777,5,61,0.0029182094149291515,LBP18,0.005452110432088375
7777,5,62,0.00289614824578166,LBP18,0.00987587496638298
7777,5,63,0.0027883907314389944,LBP18,0.002247800352051854
7777,5,64,0.0027419603429734707,LBP18,0.007063750643283129
7777,5,65,0.002723526442423463,LBP18,0.0016441271873191
7777,5,66,0.0026406017132103443,LBP18,0.00411704508587718
7777,5,67,0.0026202541776001453,LBP18,0.016096411272883415
7777,5,68,0.0025362230371683836,LBP18,0.007917922921478748
7777,5,69,0.0025111548602581024,LBP18,0.003613119712099433
7777,5,70,0.0024857267271727324,LBP18,0.005088194273412228
7777,5,71,0.002441702876240015,LBP18,0.03852728381752968
7777,5,72,0.0023705230560153723,LBP18,0.010444462299346924
7777,5,73,0.0023089018650352955,LBP18,0.004684907849878073
7777,5,74,0.0022664673160761595,LBP18,0.00507556926459074
7777,5,75,0.002223858144134283,LBP18,0.006210812833160162
7777,5,76,0.0021241449285298586,LBP18,0.008341227658092976
7777,5,77,0.0021150358952581882,LBP18,0.00850357674062252
7777,5,78,0.0020810423884540796,LBP18,0.0034050196409225464
7777,5,79,0.002063990570604801,LBP18,0.006995684467256069
7777,5,80,0.002026926027610898,LBP18,0.005993271712213755
7777,5,81,0.001995339524000883,LBP18,0.0018186598317697644
7777,5,82,0.0019711488857865334,LBP18,0.005454286467283964
7777,5,83,0.001933691673912108,LBP18,0.004814475309103727
7777,5,84,0.0018873467342928052,LBP18,0.00703699653968215
7777,5,85,0.0018474968383088708,LBP18,0.0030607569497078657
7777,5,86,0.001804179628379643,LBP18,0.026066716760396957
7777,5,87,0.001791752059943974,LBP18,0.005616615992039442
7777,5,88,0.0017593686934560537,LBP18,0.00723069254308939
7777,5,89,0.0017257515573874116,LBP18,0.0014541482087224722
7777,5,90,0.0017016436904668808,LBP18,0.0021633293945342302
7777,5,91,0.001681341789662838,LBP18,0.0041164373978972435
7777,5,92,0.001656625303439796,LBP18,0.014110773801803589
7777,5,93,0.0016256954986602068,LBP18,0.011455626226961613
7777,5,94,0.001612273626960814,LBP18,0.006677336059510708
7777,5,95,0.0015762066468596458,LBP18,0.0067308200523257256
7777,5,96,0.0015442975563928485,LBP18,0.006790676154196262
7777,5,97,0.0015183851355686784,LBP18,0.0013425900833681226
7777,5,98,0.0014816400362178683,LBP18,0.0032314725685864687
7777,5,99,0.001478527789004147,LBP18,0.00465342728421092
7777,5,100,0.0014547783648595214,LBP18,0.0033188899978995323
7777,5,101,0.001434190897271037,LBP18,0.016566963866353035
7777,5,102,0.00142299837898463,LBP18,0.003609313629567623
7777,5,103,0.0014035564381629229,LBP18,0.004296852741390467
7777,5,104,0.0013844672357663512,LBP18,0.01406728196889162
7777,5,105,0.0013692331267520785,LBP18,0.0020789294503629208
7777,5,106,0.001355930813588202,LBP18,0.002309550764039159
7777,5,107,0.0013238309184089303,LBP18,0.0054240841418504715
7777,5,108,0.0012959038140252233,LBP18,0.010865405201911926
7777,5,109,0.001254678936675191,LBP18,0.004339310806244612
7777,5,110,0.0012488876236602664,LBP18,0.004533861763775349
7777,5,111,0.0012213235022500157,LBP18,0.018132934346795082
7777,5,112,0.0012119252933189273,LBP18,0.022763708606362343
7777,5,113,0.0011821521911770105,LBP18,0.008067821152508259
7777,5,114,0.001177903381176293,LBP18,0.012168463319540024
7777,5,115,0.0011593973031267524,LBP18,0.005692204926162958
7777,5,116,0.00114358717110008,LBP18,0.028541840612888336
7777,5,117,0.0011265149805694818,LBP18,0.007021110504865646
7777,5,118,0.0011004155967384577,LBP18,0.003149327589198947
7777,5,119,0.0010837006848305464,LBP18,0.007861237041652203
7777,5,120,0.00107568537350744,LBP18,0.013359256088733673
7777,5,121,0.0010297413682565093,LBP18,0.003441407112404704
7777,5,122,0.0010150535963475704,LBP18,0.0026546604931354523
7777,5,123,0.001003557350486517,LBP18,0.003789907554164529
7777,5,124,0.0009904983453452587,LBP18,0.011577890254557133
7777,5,125,0.0009750152821652591,LBP18,0.003278755582869053
7777,5,126,0.0009597780299372971,LBP18,0.003775337478145957
7777,5,127,0.0009452360100112855,LBP18,0.002306112088263035
7777,5,128,0.0009200807544402778,LBP18,0.007032070774585009
7777,5,1,0.11890581250190735,HARALICK5,0.006792895961552858
7777,5,2,0.06401843577623367,HARALICK5,0.012680989690124989
7777,5,3,0.055409543216228485,HARALICK5,0.024895058944821358
7777,5,4,0.05080679804086685,HARALICK5,0.0005939503898844123
7777,5,5,0.03633391484618187,HARALICK5,0.0007856959709897637
7777,5,6,0.03276817873120308,HARALICK5,0.005335655529052019
7777,5,7,0.029896752908825874,HARALICK5,0.003543732687830925
7777,5,8,0.024849606677889824,HARALICK5,0.009290552698075771
7777,5,9,0.022897567600011826,HARALICK5,0.001898710266686976
7777,5,10,0.020707232877612114,HARALICK5,0.0007412114064209163
7777,5,11,0.018963277339935303,HARALICK5,0.003343239426612854
7777,5,12,0.018409276381134987,HARALICK5,0.0041138287633657455
7777,5,13,0.015895090997219086,HARALICK5,0.006582092028111219
7777,5,14,0.015351052395999432,HARALICK5,0.001070261700078845
7777,5,15,0.01273746695369482,HARALICK5,0.0020296599250286818
7777,5,16,0.011892151087522507,HARALICK5,0.007361639756709337
7777,5,17,0.0117887482047081,HARALICK5,0.0034667360596358776
7777,5,18,0.011533225886523724,HARALICK5,0.005455308593809605
7777,5,19,0.011142361909151077,HARALICK5,0.005990608595311642
7777,5,20,0.010846510529518127,HARALICK5,0.00990357156842947
7777,5,21,0.010272162035107613,HARALICK5,0.012787718325853348
7777,5,22,0.009905675426125526,HARALICK5,0.007201636675745249
7777,5,23,0.009139271453022957,HARALICK5,0.0009519152226857841
7777,5,24,0.00889268796890974,HARALICK5,0.0013047684915363789
7777,5,25,0.008144320920109749,HARALICK5,0.002221727976575494
7777,5,26,0.008023686707019806,HARALICK5,0.0008492941269651055
7777,5,27,0.007540887221693993,HARALICK5,0.00244354410097003
7777,5,28,0.00742148095741868,HARALICK5,0.0005775960744358599
7777,5,29,0.006864258553832769,HARALICK5,0.008127781562507153
7777,5,30,0.006597676780074835,HARALICK5,0.002007942646741867
7777,5,31,0.006389068905264139,HARALICK5,0.0056258151307702065
7777,5,32,0.006127521395683289,HARALICK5,0.0004253704100847244
7777,5,33,0.006029028445482254,HARALICK5,0.0012363565620034933
7777,5,34,0.005969687830656767,HARALICK5,0.006156093440949917
7777,5,35,0.005585183389484882,HARALICK5,0.019171856343746185
7777,5,36,0.005288972053676844,HARALICK5,0.0020998422987759113
7777,5,37,0.005221482831984758,HARALICK5,0.004761839751154184
7777,5,38,0.005129480734467506,HARALICK5,0.0005056146765127778
7777,5,39,0.005050097592175007,HARALICK5,0.003042709780856967
7777,5,40,0.004844765644520521,HARALICK5,0.006948436610400677
7777,5,41,0.004793514963239431,HARALICK5,0.005617921706289053
7777,5,42,0.004625499248504639,HARALICK5,0.0026528413873165846
7777,5,43,0.004488312639296055,HARALICK5,0.0037229591980576515
7777,5,44,0.004351584706455469,HARALICK5,0.0033240169286727905
7777,5,45,0.004276529885828495,HARALICK5,0.008557282388210297
7777,5,46,0.004125296138226986,HARALICK5,0.002599380910396576
7777,5,47,0.003979458939284086,HARALICK5,0.008973143994808197
7777,5,48,0.0039040339179337025,HARALICK5,0.0021333815529942513
7777,5,49,0.003760615363717079,HARALICK5,0.001563830766826868
7777,5,50,0.0037441907916218042,HARALICK5,0.0007252752548083663
7777,5,51,0.0036710165441036224,HARALICK5,0.009472056291997433
7777,5,52,0.00360890687443316,HARALICK5,0.002951349364593625
7777,5,53,0.0034400317817926407,HARALICK5,0.008328021503984928
7777,5,54,0.0033349471632391214,HARALICK5,0.0036852937191724777
7777,5,55,0.003333300119265914,HARALICK5,0.012691200710833073
7777,5,56,0.0031593821477144957,HARALICK5,0.011572646908462048
7777,5,57,0.003154652426019311,HARALICK5,0.0011329775443300605
7777,5,58,0.0030656743329018354,HARALICK5,0.007673509418964386
7777,5,59,0.003029005602002144,HARALICK5,0.003593717934563756
7777,5,60,0.0029937054496258497,HARALICK5,0.005505864042788744
7777,5,61,0.0029182094149291515,HARALICK5,0.0015592393465340137
7777,5,62,0.00289614824578166,HARALICK5,0.0016723705921322107
7777,5,63,0.0027883907314389944,HARALICK5,0.0030235659796744585
7777,5,64,0.0027419603429734707,HARALICK5,0.0016894778236746788
7777,5,65,0.002723526442423463,HARALICK5,0.009450632147490978
7777,5,66,0.0026406017132103443,HARALICK5,0.006881569977849722
7777,5,67,0.0026202541776001453,HARALICK5,0.0005801094230264425
7777,5,68,0.0025362230371683836,HARALICK5,0.008854350075125694
7777,5,69,0.0025111548602581024,HARALICK5,0.0010975648183375597
7777,5,70,0.0024857267271727324,HARALICK5,0.0026026987470686436
7777,5,71,0.002441702876240015,HARALICK5,0.001394861377775669
7777,5,72,0.0023705230560153723,HARALICK5,0.009376446716487408
7777,5,73,0.0023089018650352955,HARALICK5,0.008553155697882175
7777,5,74,0.0022664673160761595,HARALICK5,0.009366478770971298
7777,5,75,0.002223858144134283,HARALICK5,0.006942874751985073
7777,5,76,0.0021241449285298586,HARALICK5,0.003150014206767082
7777,5,77,0.0021150358952581882,HARALICK5,0.007910742424428463
7777,5,78,0.0020810423884540796,HARALICK5,0.00039795736665837467
7777,5,79,0.002063990570604801,HARALICK5,0.00189352803863585
7777,5,80,0.002026926027610898,HARALICK5,0.006021898705512285
7777,5,81,0.001995339524000883,HARALICK5,0.0008735727751627564
7777,5,82,0.0019711488857865334,HARALICK5,0.006930921226739883
7777,5,83,0.001933691673912108,HARALICK5,0.0025900714099407196
7777,5,84,0.0018873467342928052,HARALICK5,0.008292773738503456
7777,5,85,0.0018474968383088708,HARALICK5,0.0019119537901133299
7777,5,86,0.001804179628379643,HARALICK5,0.012373905628919601
7777,5,87,0.001791752059943974,HARALICK5,0.0035411855205893517
7777,5,88,0.0017593686934560537,HARALICK5,0.0012237263144925237
7777,5,89,0.0017257515573874116,HARALICK5,0.0008900171960704029
7777,5,90,0.0017016436904668808,HARALICK5,0.0007150581222958863
7777,5,91,0.001681341789662838,HARALICK5,0.00121116207446903
7777,5,92,0.001656625303439796,HARALICK5,0.005585595965385437
7777,5,93,0.0016256954986602068,HARALICK5,0.003637740621343255
7777,5,94,0.001612273626960814,HARALICK5,0.0015893089585006237
7777,5,95,0.0015762066468596458,HARALICK5,0.007381786126643419
7777,5,96,0.0015442975563928485,HARALICK5,0.003893728367984295
7777,5,97,0.0015183851355686784,HARALICK5,0.01605706661939621
7777,5,98,0.0014816400362178683,HARALICK5,0.0011551132192835212
7777,5,99,0.001478527789004147,HARALICK5,0.003703332506120205
7777,5,100,0.0014547783648595214,HARALICK5,0.005329454783350229
7777,5,101,0.001434190897271037,HARALICK5,0.0013717049732804298
7777,5,102,0.00142299837898463,HARALICK5,0.005846532993018627
7777,5,103,0.0014035564381629229,HARALICK5,0.006596206687390804
7777,5,104,0.0013844672357663512,HARALICK5,0.0033305573742836714
7777,5,105,0.0013692331267520785,HARALICK5,0.008290505968034267
7777,5,106,0.001355930813588202,HARALICK5,0.004988505505025387
7777,5,107,0.0013238309184089303,HARALICK5,0.0033157975412905216
7777,5,108,0.0012959038140252233,HARALICK5,0.003927573096007109
7777,5,109,0.001254678936675191,HARALICK5,0.0039963372983038425
7777,5,110,0.0012488876236602664,HARALICK5,0.012365289963781834
7777,5,111,0.0012213235022500157,HARALICK5,0.009671187959611416
7777,5,112,0.0012119252933189273,HARALICK5,0.005089621525257826
7777,5,113,0.0011821521911770105,HARALICK5,0.008807494305074215
7777,5,114,0.001177903381176293,HARALICK5,0.012201386503875256
7777,5,115,0.0011593973031267524,HARALICK5,0.00382358324714005
7777,5,116,0.00114358717110008,HARALICK5,0.010890812613070011
7777,5,117,0.0011265149805694818,HARALICK5,0.002831586403772235
7777,5,118,0.0011004155967384577,HARALICK5,0.0009462134912610054
7777,5,119,0.0010837006848305464,HARALICK5,0.0002433418994769454
7777,5,120,0.00107568537350744,HARALICK5,0.0021999282762408257
7777,5,121,0.0010297413682565093,HARALICK5,0.0019416430732235312
7777,5,122,0.0010150535963475704,HARALICK5,0.0007829885580576956
7777,5,123,0.001003557350486517,HARALICK5,0.0014277889858931303
7777,5,124,0.0009904983453452587,HARALICK5,0.004385896027088165
7777,5,125,0.0009750152821652591,HARALICK5,0.0028394758701324463
7777,5,126,0.0009597780299372971,HARALICK5,0.00817434024065733
7777,5,127,0.0009452360100112855,HARALICK5,0.00223111012019217
7777,5,128,0.0009200807544402778,HARALICK5,0.006552558392286301
7777,5,1,0.11890581250190735,ALL_HANDCRAFTED32,0.12812389433383942
7777,5,2,0.06401843577623367,ALL_HANDCRAFTED32,0.021429046988487244
7777,5,3,0.055409543216228485,ALL_HANDCRAFTED32,0.06839004158973694
7777,5,4,0.05080679804086685,ALL_HANDCRAFTED32,0.0070851766504347324
7777,5,5,0.03633391484618187,ALL_HANDCRAFTED32,0.012758446857333183
7777,5,6,0.03276817873120308,ALL_HANDCRAFTED32,0.05601895600557327
7777,5,7,0.029896752908825874,ALL_HANDCRAFTED32,0.02787024900317192
7777,5,8,0.024849606677889824,ALL_HANDCRAFTED32,0.026726383715867996
7777,5,9,0.022897567600011826,ALL_HANDCRAFTED32,0.01862880401313305
7777,5,10,0.020707232877612114,ALL_HANDCRAFTED32,0.008664237335324287
7777,5,11,0.018963277339935303,ALL_HANDCRAFTED32,0.02374977618455887
7777,5,12,0.018409276381134987,ALL_HANDCRAFTED32,0.016503261402249336
7777,5,13,0.015895090997219086,ALL_HANDCRAFTED32,0.02437886968255043
7777,5,14,0.015351052395999432,ALL_HANDCRAFTED32,0.030614230781793594
7777,5,15,0.01273746695369482,ALL_HANDCRAFTED32,0.013002892024815083
7777,5,16,0.011892151087522507,ALL_HANDCRAFTED32,0.02620142512023449
7777,5,17,0.0117887482047081,ALL_HANDCRAFTED32,0.07914884388446808
7777,5,18,0.011533225886523724,ALL_HANDCRAFTED32,0.03916449844837189
7777,5,19,0.011142361909151077,ALL_HANDCRAFTED32,0.028534848242998123
7777,5,20,0.010846510529518127,ALL_HANDCRAFTED32,0.05540035292506218
7777,5,21,0.010272162035107613,ALL_HANDCRAFTED32,0.04221680015325546
7777,5,22,0.009905675426125526,ALL_HANDCRAFTED32,0.02182147279381752
7777,5,23,0.009139271453022957,ALL_HANDCRAFTED32,0.0367262065410614
7777,5,24,0.00889268796890974,ALL_HANDCRAFTED32,0.01770329847931862
7777,5,25,0.008144320920109749,ALL_HANDCRAFTED32,0.019846614450216293
7777,5,26,0.008023686707019806,ALL_HANDCRAFTED32,0.017208218574523926
7777,5,27,0.007540887221693993,ALL_HANDCRAFTED32,0.03004012256860733
7777,5,28,0.00742148095741868,ALL_HANDCRAFTED32,0.007127644959837198
7777,5,29,0.006864258553832769,ALL_HANDCRAFTED32,0.013830717653036118
7777,5,30,0.006597676780074835,ALL_HANDCRAFTED32,0.013961918652057648
7777,5,31,0.006389068905264139,ALL_HANDCRAFTED32,0.07225155085325241
7777,5,32,0.006127521395683289,ALL_HANDCRAFTED32,0.021127205342054367
7777,5,33,0.006029028445482254,ALL_HANDCRAFTED32,0.015494114719331264
7777,5,34,0.005969687830656767,ALL_HANDCRAFTED32,0.08870264887809753
7777,5,35,0.005585183389484882,ALL_HANDCRAFTED32,0.03926558792591095
7777,5,36,0.005288972053676844,ALL_HANDCRAFTED32,0.03301504999399185
7777,5,37,0.005221482831984758,ALL_HANDCRAFTED32,0.022138327360153198
7777,5,38,0.005129480734467506,ALL_HANDCRAFTED32,0.01641060784459114
7777,5,39,0.005050097592175007,ALL_HANDCRAFTED32,0.03740673512220383
7777,5,40,0.004844765644520521,ALL_HANDCRAFTED32,0.029347127303481102
7777,5,41,0.004793514963239431,ALL_HANDCRAFTED32,0.03819578140974045
7777,5,42,0.004625499248504639,ALL_HANDCRAFTED32,0.03962244093418121
7777,5,43,0.004488312639296055,ALL_HANDCRAFTED32,0.017272040247917175
7777,5,44,0.004351584706455469,ALL_HANDCRAFTED32,0.025929667055606842
7777,5,45,0.004276529885828495,ALL_HANDCRAFTED32,0.023466596379876137
7777,5,46,0.004125296138226986,ALL_HANDCRAFTED32,0.012877937406301498
7777,5,47,0.003979458939284086,ALL_HANDCRAFTED32,0.04222723841667175
7777,5,48,0.0039040339179337025,ALL_HANDCRAFTED32,0.021684445440769196
7777,5,49,0.003760615363717079,ALL_HANDCRAFTED32,0.010096530430018902
7777,5,50,0.0037441907916218042,ALL_HANDCRAFTED32,0.024468744173645973
7777,5,51,0.0036710165441036224,ALL_HANDCRAFTED32,0.01777111180126667
7777,5,52,0.00360890687443316,ALL_HANDCRAFTED32,0.04099161550402641
7777,5,53,0.0034400317817926407,ALL_HANDCRAFTED32,0.03141188248991966
7777,5,54,0.0033349471632391214,ALL_HANDCRAFTED32,0.018053904175758362
7777,5,55,0.003333300119265914,ALL_HANDCRAFTED32,0.029186014086008072
7777,5,56,0.0031593821477144957,ALL_HANDCRAFTED32,0.05511471629142761
7777,5,57,0.003154652426019311,ALL_HANDCRAFTED32,0.050798963755369186
7777,5,58,0.0030656743329018354,ALL_HANDCRAFTED32,0.021852612495422363
7777,5,59,0.003029005602002144,ALL_HANDCRAFTED32,0.020474035292863846
7777,5,60,0.0029937054496258497,ALL_HANDCRAFTED32,0.02304547280073166
7777,5,61,0.0029182094149291515,ALL_HANDCRAFTED32,0.022225860506296158
7777,5,62,0.00289614824578166,ALL_HANDCRAFTED32,0.015151413157582283
7777,5,63,0.0027883907314389944,ALL_HANDCRAFTED32,0.00983523577451706
7777,5,64,0.0027419603429734707,ALL_HANDCRAFTED32,0.014106949791312218
7777,5,65,0.002723526442423463,ALL_HANDCRAFTED32,0.021370623260736465
7777,5,66,0.0026406017132103443,ALL_HANDCRAFTED32,0.022894391790032387
7777,5,67,0.0026202541776001453,ALL_HANDCRAFTED32,0.038274914026260376
7777,5,68,0.0025362230371683836,ALL_HANDCRAFTED32,0.020759040489792824
7777,5,69,0.0025111548602581024,ALL_HANDCRAFTED32,0.012028595432639122
7777,5,70,0.0024857267271727324,ALL_HANDCRAFTED32,0.01395048014819622
7777,5,71,0.002441702876240015,ALL_HANDCRAFTED32,0.050558850169181824
7777,5,72,0.0023705230560153723,ALL_HANDCRAFTED32,0.048386119306087494
7777,5,73,0.0023089018650352955,ALL_HANDCRAFTED32,0.01737050712108612
7777,5,74,0.0022664673160761595,ALL_HANDCRAFTED32,0.02512197569012642
7777,5,75,0.002223858144134283,ALL_HANDCRAFTED32,0.026957711204886436
7777,5,76,0.0021241449285298586,ALL_HANDCRAFTED32,0.023245293647050858
7777,5,77,0.0021150358952581882,ALL_HANDCRAFTED32,0.020984021946787834
7777,5,78,0.0020810423884540796,ALL_HANDCRAFTED32,0.006970836780965328
7777,5,79,0.002063990570604801,ALL_HANDCRAFTED32,0.01885802298784256
7777,5,80,0.002026926027610898,ALL_HANDCRAFTED32,0.027789151296019554
7777,5,81,0.001995339524000883,ALL_HANDCRAFTED32,0.020336130633950233
7777,5,82,0.0019711488857865334,ALL_HANDCRAFTED32,0.017669517546892166
7777,5,83,0.001933691673912108,ALL_HANDCRAFTED32,0.017900245264172554
7777,5,84,0.0018873467342928052,ALL_HANDCRAFTED32,0.019552769139409065
7777,5,85,0.0018474968383088708,ALL_HANDCRAFTED32,0.014476709999144077
7777,5,86,0.001804179628379643,ALL_HANDCRAFTED32,0.04693096876144409
7777,5,87,0.001791752059943974,ALL_HANDCRAFTED32,0.012684849090874195
7777,5,88,0.0017593686934560537,ALL_HANDCRAFTED32,0.01468617096543312
7777,5,89,0.0017257515573874116,ALL_HANDCRAFTED32,0.007539186626672745
7777,5,90,0.0017016436904668808,ALL_HANDCRAFTED32,0.006972750183194876
7777,5,91,0.001681341789662838,ALL_HANDCRAFTED32,0.007497750222682953
7777,5,92,0.001656625303439796,ALL_HANDCRAFTED32,0.02620958536863327
7777,5,93,0.0016256954986602068,ALL_HANDCRAFTED32,0.025057591497898102
7777,5,94,0.001612273626960814,ALL_HANDCRAFTED32,0.01720616966485977
7777,5,95,0.0015762066468596458,ALL_HANDCRAFTED32,0.021841930225491524
7777,5,96,0.0015442975563928485,ALL_HANDCRAFTED32,0.0176651943475008
7777,5,97,0.0015183851355686784,ALL_HANDCRAFTED32,0.029037725180387497
7777,5,98,0.0014816400362178683,ALL_HANDCRAFTED32,0.018434718251228333
7777,5,99,0.001478527789004147,ALL_HANDCRAFTED32,0.014530433341860771
7777,5,100,0.0014547783648595214,ALL_HANDCRAFTED32,0.019845308735966682
7777,5,101,0.001434190897271037,ALL_HANDCRAFTED32,0.02809659019112587
7777,5,102,0.00142299837898463,ALL_HANDCRAFTED32,0.026740938425064087
7777,5,103,0.0014035564381629229,ALL_HANDCRAFTED32,0.03913893178105354
7777,5,104,0.0013844672357663512,ALL_HANDCRAFTED32,0.026438090950250626
7777,5,105,0.0013692331267520785,ALL_HANDCRAFTED32,0.018857024610042572
7777,5,106,0.001355930813588202,ALL_HANDCRAFTED32,0.020361121743917465
7777,5,107,0.0013238309184089303,ALL_HANDCRAFTED32,0.022044779732823372
7777,5,108,0.0012959038140252233,ALL_HANDCRAFTED32,0.022134633734822273
7777,5,109,0.001254678936675191,ALL_HANDCRAFTED32,0.01528087630867958
7777,5,110,0.0012488876236602664,ALL_HANDCRAFTED32,0.027561139315366745
7777,5,111,0.0012213235022500157,ALL_HANDCRAFTED32,0.06130816042423248
7777,5,112,0.0012119252933189273,ALL_HANDCRAFTED32,0.029715530574321747
7777,5,113,0.0011821521911770105,ALL_HANDCRAFTED32,0.03282637521624565
7777,5,114,0.001177903381176293,ALL_HANDCRAFTED32,0.0252756979316473
7777,5,115,0.0011593973031267524,ALL_HANDCRAFTED32,0.022537220269441605
7777,5,116,0.00114358717110008,ALL_HANDCRAFTED32,0.047553785145282745
7777,5,117,0.0011265149805694818,ALL_HANDCRAFTED32,0.014420423656702042
7777,5,118,0.0011004155967384577,ALL_HANDCRAFTED32,0.005585422273725271
7777,5,119,0.0010837006848305464,ALL_HANDCRAFTED32,0.034530315548181534
7777,5,120,0.00107568537350744,ALL_HANDCRAFTED32,0.029451701790094376
7777,5,121,0.0010297413682565093,ALL_HANDCRAFTED32,0.0076866839081048965
7777,5,122,0.0010150535963475704,ALL_HANDCRAFTED32,0.012284771539270878
7777,5,123,0.001003557350486517,ALL_HANDCRAFTED32,0.009756311774253845
7777,5,124,0.0009904983453452587,ALL_HANDCRAFTED32,0.021708916872739792
7777,5,125,0.0009750152821652591,ALL_HANDCRAFTED32,0.013890341855585575
7777,5,126,0.0009597780299372971,ALL_HANDCRAFTED32,0.032880693674087524
7777,5,127,0.0009452360100112855,ALL_HANDCRAFTED32,0.016940556466579437
7777,5,128,0.0009200807544402778,ALL_HANDCRAFTED32,0.026320509612560272
7777,5,1,0.11890581250190735,VIT768,0.8718751668930054
7777,5,2,0.06401843577623367,VIT768,0.9785711169242859
7777,5,3,0.055409543216228485,VIT768,0.931610107421875
7777,5,4,0.05080679804086685,VIT768,0.9929143190383911
7777,5,5,0.03633391484618187,VIT768,0.9872422218322754
7777,5,6,0.03276817873120308,VIT768,0.943981945514679
7777,5,7,0.029896752908825874,VIT768,0.9721295237541199
7777,5,8,0.024849606677889824,VIT768,0.9732728004455566
7777,5,9,0.022897567600011826,VIT768,0.9813713431358337
7777,5,10,0.020707232877612114,VIT768,0.9913355112075806
7777,5,11,0.018963277339935303,VIT768,0.9762502312660217
7777,5,12,0.018409276381134987,VIT768,0.9834966063499451
7777,5,13,0.015895090997219086,VIT768,0.9756208658218384
7777,5,14,0.015351052395999432,VIT768,0.9693855047225952
7777,5,15,0.01273746695369482,VIT768,0.986997127532959
7777,5,16,0.011892151087522507,VIT768,0.9737991094589233
7777,5,17,0.0117887482047081,VIT768,0.9208512902259827
7777,5,18,0.011533225886523724,VIT768,0.9608362913131714
7777,5,19,0.011142361909151077,VIT768,0.9714652895927429
7777,5,20,0.010846510529518127,VIT768,0.944599986076355
7777,5,21,0.010272162035107613,VIT768,0.9577832818031311
7777,5,22,0.009905675426125526,VIT768,0.9781782031059265
7777,5,23,0.009139271453022957,VIT768,0.963273823261261
7777,5,24,0.00889268796890974,VIT768,0.982296884059906
7777,5,25,0.008144320920109749,VIT768,0.9801536202430725
7777,5,26,0.008023686707019806,VIT768,0.9827919006347656
7777,5,27,0.007540887221693993,VIT768,0.96996009349823
7777,5,28,0.00742148095741868,VIT768,0.9928726553916931
7777,5,29,0.006864258553832769,VIT768,0.9861692786216736
7777,5,30,0.006597676780074835,VIT768,0.9860382080078125
7777,5,31,0.006389068905264139,VIT768,0.9277487993240356
7777,5,32,0.006127521395683289,VIT768,0.9788721203804016
7777,5,33,0.006029028445482254,VIT768,0.9845062494277954
7777,5,34,0.005969687830656767,VIT768,0.9112976789474487
7777,5,35,0.005585183389484882,VIT768,0.9607349038124084
7777,5,36,0.005288972053676844,VIT768,0.9669851064682007
7777,5,37,0.005221482831984758,VIT768,0.9778623580932617
7777,5,38,0.005129480734467506,VIT768,0.9835895299911499
7777,5,39,0.005050097592175007,VIT768,0.9625936150550842
7777,5,40,0.004844765644520521,VIT768,0.9706529378890991
7777,5,41,0.004793514963239431,VIT768,0.9618039727210999
7777,5,42,0.004625499248504639,VIT768,0.9603776335716248
7777,5,43,0.004488312639296055,VIT768,0.9827282428741455
7777,5,44,0.004351584706455469,VIT768,0.9740704894065857
7777,5,45,0.004276529885828495,VIT768,0.9765337705612183
7777,5,46,0.004125296138226986,VIT768,0.9871221780776978
7777,5,47,0.003979458939284086,VIT768,0.9577728509902954
7777,5,48,0.0039040339179337025,VIT768,0.9783158302307129
7777,5,49,0.003760615363717079,VIT768,0.9899033308029175
7777,5,50,0.0037441907916218042,VIT768,0.9755309820175171
7777,5,51,0.0036710165441036224,VIT768,0.9822288155555725
7777,5,52,0.00360890687443316,VIT768,0.9590085744857788
7777,5,53,0.0034400317817926407,VIT768,0.9685882329940796
7777,5,54,0.0033349471632391214,VIT768,0.981946587562561
7777,5,55,0.003333300119265914,VIT768,0.9708141088485718
7777,5,56,0.0031593821477144957,VIT768,0.9448857307434082
7777,5,57,0.003154652426019311,VIT768,0.9492020606994629
7777,5,58,0.0030656743329018354,VIT768,0.9781471490859985
7777,5,59,0.003029005602002144,VIT768,0.9795259237289429
7777,5,60,0.0029937054496258497,VIT768,0.9769545793533325
7777,5,61,0.0029182094149291515,VIT768,0.9777741432189941
7777,5,62,0.00289614824578166,VIT768,0.9848487973213196
7777,5,63,0.0027883907314389944,VIT768,0.9901649951934814
7777,5,64,0.0027419603429734707,VIT768,0.9858930706977844
7777,5,65,0.002723526442423463,VIT768,0.9786295890808105
7777,5,66,0.0026406017132103443,VIT768,0.9771057367324829
7777,5,67,0.0026202541776001453,VIT768,0.9617252349853516
7777,5,68,0.0025362230371683836,VIT768,0.979241132736206
7777,5,69,0.0025111548602581024,VIT768,0.9879714846611023
7777,5,70,0.0024857267271727324,VIT768,0.9860495328903198
7777,5,71,0.002441702876240015,VIT768,0.9494410157203674
7777,5,72,0.0023705230560153723,VIT768,0.9516141414642334
7777,5,73,0.0023089018650352955,VIT768,0.9826298952102661
7777,5,74,0.0022664673160761595,VIT768,0.9748777151107788
7777,5,75,0.002223858144134283,VIT768,0.9730426073074341
7777,5,76,0.0021241449285298586,VIT768,0.976754903793335
7777,5,77,0.0021150358952581882,VIT768,0.9790161848068237
7777,5,78,0.0020810423884540796,VIT768,0.9930292963981628
7777,5,79,0.002063990570604801,VIT768,0.9811418056488037
7777,5,80,0.002026926027610898,VIT768,0.9722108840942383
7777,5,81,0.001995339524000883,VIT768,0.9796642065048218
7777,5,82,0.0019711488857865334,VIT768,0.9823307991027832
7777,5,83,0.001933691673912108,VIT768,0.9821000099182129
7777,5,84,0.0018873467342928052,VIT768,0.9804471731185913
7777,5,85,0.0018474968383088708,VIT768,0.9855231046676636
7777,5,86,0.001804179628379643,VIT768,0.9530696868896484
7777,5,87,0.001791752059943974,VIT768,0.9873154163360596
7777,5,88,0.0017593686934560537,VIT768,0.9853137135505676
7777,5,89,0.0017257515573874116,VIT768,0.9924612641334534
7777,5,90,0.0017016436904668808,VIT768,0.9930274486541748
7777,5,91,0.001681341789662838,VIT768,0.9925023317337036
7777,5,92,0.001656625303439796,VIT768,0.9737902879714966
7777,5,93,0.0016256954986602068,VIT768,0.9749418497085571
7777,5,94,0.001612273626960814,VIT768,0.9827938675880432
7777,5,95,0.0015762066468596458,VIT768,0.9781583547592163
7777,5,96,0.0015442975563928485,VIT768,0.9823352098464966
7777,5,97,0.0015183851355686784,VIT768,0.9709622859954834
7777,5,98,0.0014816400362178683,VIT768,0.9815654754638672
7777,5,99,0.001478527789004147,VIT768,0.9854698777198792
7777,5,100,0.0014547783648595214,VIT768,0.9801545143127441
7777,5,101,0.001434190897271037,VIT768,0.9719034433364868
7777,5,102,0.00142299837898463,VIT768,0.9732595086097717
7777,5,103,0.0014035564381629229,VIT768,0.9608612060546875
7777,5,104,0.0013844672357663512,VIT768,0.9735616445541382
7777,5,105,0.0013692331267520785,VIT768,0.9811428785324097
7777,5,106,0.001355930813588202,VIT768,0.9796386957168579
7777,5,107,0.0013238309184089303,VIT768,0.9779551029205322
7777,5,108,0.0012959038140252233,VIT768,0.9778655171394348
7777,5,109,0.001254678936675191,VIT768,0.9847193956375122
7777,5,110,0.0012488876236602664,VIT768,0.9724389314651489
7777,5,111,0.0012213235022500157,VIT768,0.938692569732666
7777,5,112,0.0012119252933189273,VIT768,0.9702845811843872
7777,5,113,0.0011821521911770105,VIT768,0.9671735763549805
7777,5,114,0.001177903381176293,VIT768,0.9747234582901001
7777,5,115,0.0011593973031267524,VIT768,0.9774628281593323
7777,5,116,0.00114358717110008,VIT768,0.952446460723877
7777,5,117,0.0011265149805694818,VIT768,0.9855796098709106
7777,5,118,0.0011004155967384577,VIT768,0.9944145679473877
7777,5,119,0.0010837006848305464,VIT768,0.9654695987701416
7777,5,120,0.00107568537350744,VIT768,0.9705485701560974
7777,5,121,0.0010297413682565093,VIT768,0.9923133254051208
7777,5,122,0.0010150535963475704,VIT768,0.9877155423164368
7777,5,123,0.001003557350486517,VIT768,0.9902437329292297
7777,5,124,0.0009904983453452587,VIT768,0.9782910346984863
7777,5,125,0.0009750152821652591,VIT768,0.9861099720001221
7777,5,126,0.0009597780299372971,VIT768,0.9671194553375244
7777,5,127,0.0009452360100112855,VIT768,0.983059287071228
7777,5,128,0.0009200807544402778,VIT768,0.9736794829368591
