method,implementation_framework,adaptation_status,seed,sample_id,source_dataset,true_label,predicted_label,correct,prob_AMD_DRY,prob_AMD_WET,prob_NORMAL,outer_fold
HOGCNN_EFFICIENTNETB3_ADAPTED_3CLASS,PyTorch/torchvision,faithful three-class task-adapted reimplementation,42,S000002,ADAM,AMD_DRY,NORMAL,0,0.24059154093265533,0.00010528205893933773,0.7593032121658325,1
HOGCNN_EFFICIENTNETB3_ADAPTED_3CLASS,PyTorch/torchvision,faithful three-class task-adapted reimplementation,42,S000003,ADAM,AMD_DRY,AMD_DRY,1,0.9929137229919434,2.7415237127570435e-05,0.007058803457766771,1
HOGCNN_EFFICIENTNETB3_ADAPTED_3CLASS,PyTorch/torchvision,faithful three-class task-adapted reimplementation,42,S000010,ADAM,AMD_DRY,AMD_DRY,1,0.8017095923423767,0.1415395736694336,0.05675090104341507,1
HOGCNN_EFFICIENTNETB3_ADAPTED_3CLASS,PyTorch/torchvision,faithful three-class task-adapted reimplementation,42,S000013,ADAM,AMD_DRY,AMD_DRY,1,0.9442704916000366,0.0521225668489933,0.003606951329857111,1
HOGCNN_EFFICIENTNETB3_ADAPTED_3CLASS,PyTorch/torchvision,faithful three-class task-adapted reimplementation,42,S000019,ADAM,AMD_DRY,AMD_DRY,1,0.8802484273910522,0.002951008500531316,0.11680051684379578,1
HOGCNN_EFFICIENTNETB3_ADAPTED_3CLASS,PyTorch/torchvision,faithful three-class task-adapted reimplementation,42,S000026,ADAM,AMD_DRY,AMD_DRY,1,0.9981689453125,0.0014393803430721164,0.0003916390996892005,1
HOGCNN_EFFICIENTNETB3_ADAPTED_3CLASS,PyTorch/torchvision,faithful three-class task-adapted reimplementation,42,S000032,ADAM,AMD_DRY,AMD_DRY,1,0.999530553817749,0.0002377717028139159,0.0002316361787961796,1
HOGCNN_EFFICIENTNETB3_ADAPTED_3CLASS,PyTorch/torchvision,faithful three-class task-adapted reimplementation,42,S000040,ADAM,AMD_WET,AMD_WET,1,0.0017126111779361963,0.9982511401176453,3.620138522819616e-05,1
HOGCNN_EFFICIENTNETB3_ADAPTED_3CLASS,PyTorch/torchvision,faithful three-class task-adapted reimplementation,42,S000045,ADAM,AMD_WET,AMD_WET,1,0.13322654366493225,0.8616684675216675,0.005104965530335903,1
HOGCNN_EFFICIENTNETB3_ADAPTED_3CLASS,PyTorch/torchvision,faithful three-class task-adapted reimplementation,42,S000047,ADAM,AMD_WET,AMD_WET,1,0.0042630573734641075,0.9957036375999451,3.3326770790154114e-05,1
HOGCNN_EFFICIENTNETB3_ADAPTED_3CLASS,PyTorch/torchvision,faithful three-class task-adapted reimplementation,42,S000051,ADAM,AMD_WET,AMD_WET,1,0.001675323350355029,0.9865747094154358,0.01174996979534626,1
HOGCNN_EFFICIENTNETB3_ADAPTED_3CLASS,PyTorch/torchvision,faithful three-class task-adapted reimplementation,42,S000062,FIVES,NORMAL,NORMAL,1,0.00026698358124122024,4.9795374934547e-07,0.9997325539588928,1
HOGCNN_EFFICIENTNETB3_ADAPTED_3CLASS,PyTorch/torchvision,faithful three-class task-adapted reimplementation,42,S000064,FIVES,NORMAL,NORMAL,1,0.059384461492300034,0.0032422817312180996,0.9373732805252075,1
HOGCNN_EFFICIENTNETB3_ADAPTED_3CLASS,PyTorch/torchvision,faithful three-class task-adapted reimplementation,42,S000071,FIVES,NORMAL,NORMAL,1,0.005392690189182758,2.925869557657279e-05,0.9945780038833618,1
HOGCNN_EFFICIENTNETB3_ADAPTED_3CLASS,PyTorch/torchvision,faithful three-class task-adapted reimplementation,42,S000072,FIVES,NORMAL,NORMAL,1,0.0013549241703003645,2.5622512112022378e-05,0.9986194372177124,1
HOGCNN_EFFICIENTNETB3_ADAPTED_3CLASS,PyTorch/torchvision,faithful three-class task-adapted reimplementation,42,S000083,FIVES,NORMAL,NORMAL,1,0.0013184581184759736,1.4114314126345562e-06,0.998680055141449,1
HOGCNN_EFFICIENTNETB3_ADAPTED_3CLASS,PyTorch/torchvision,faithful three-class task-adapted reimplementation,42,S000085,FIVES,NORMAL,NORMAL,1,3.785002263612114e-05,1.1686707779290373e-07,0.9999619722366333,1
HOGCNN_EFFICIENTNETB3_ADAPTED_3CLASS,PyTorch/torchvision,faithful three-class task-adapted reimplementation,42,S000090,FIVES,NORMAL,NORMAL,1,0.0004436477611307055,3.359744766839867e-07,0.9995560050010681,1
HOGCNN_EFFICIENTNETB3_ADAPTED_3CLASS,PyTorch/torchvision,faithful three-class task-adapted reimplementation,42,S000093,FIVES,NORMAL,NORMAL,1,2.1794245185446925e-05,4.282754773043962e-08,0.9999781847000122,1
HOGCNN_EFFICIENTNETB3_ADAPTED_3CLASS,PyTorch/torchvision,faithful three-class task-adapted reimplementation,42,S000101,FIVES,NORMAL,NORMAL,1,0.00026744691422209144,6.702497330479673e-07,0.9997318387031555,1
HOGCNN_EFFICIENTNETB3_ADAPTED_3CLASS,PyTorch/torchvision,faithful three-class task-adapted reimplementation,42,S000105,FIVES,NORMAL,NORMAL,1,2.4242699510068633e-05,2.07432435672672e-08,0.9999758005142212,1
HOGCNN_EFFICIENTNETB3_ADAPTED_3CLASS,PyTorch/torchvision,faithful three-class task-adapted reimplementation,42,S000106,FIVES,NORMAL,NORMAL,1,0.0007356023415923119,1.4336839058159967e-06,0.9992629885673523,1
HOGCNN_EFFICIENTNETB3_ADAPTED_3CLASS,PyTorch/torchvision,faithful three-class task-adapted reimplementation,42,S000107,FIVES,NORMAL,NORMAL,1,0.004696085583418608,4.495242137636524e-06,0.9952993392944336,1
HOGCNN_EFFICIENTNETB3_ADAPTED_3CLASS,PyTorch/torchvision,faithful three-class task-adapted reimplementation,42,S000111,FIVES,NORMAL,NORMAL,1,0.0022727425675839186,1.1348329280735925e-05,0.997715950012207,1
HOGCNN_EFFICIENTNETB3_ADAPTED_3CLASS,PyTorch/torchvision,faithful three-class task-adapted reimplementation,42,S000114,FIVES,NORMAL,NORMAL,1,0.06858169287443161,1.2845972378272563e-05,0.9314054250717163,1
HOGCNN_EFFICIENTNETB3_ADAPTED_3CLASS,PyTorch/torchvision,faithful three-class task-adapted reimplementation,42,S000123,FIVES,NORMAL,NORMAL,1,0.0008768336847424507,1.2127100035286276e-06,0.9991219639778137,1
HOGCNN_EFFICIENTNETB3_ADAPTED_3CLASS,PyTorch/torchvision,faithful three-class task-adapted reimplementation,42,S000124,FIVES,NORMAL,NORMAL,1,4.276189793017693e-05,1.6362547228254698e-07,0.9999570846557617,1
HOGCNN_EFFICIENTNETB3_ADAPTED_3CLASS,PyTorch/torchvision,faithful three-class task-adapted reimplementation,42,S000126,FIVES,NORMAL,NORMAL,1,0.0006457195850089192,3.519166739351931e-06,0.9993507266044617,1
HOGCNN_EFFICIENTNETB3_ADAPTED_3CLASS,PyTorch/torchvision,faithful three-class task-adapted reimplementation,42,S000136,FIVES,NORMAL,NORMAL,1,8.301895286422223e-05,1.1324323878625364e-07,0.9999169111251831,1
HOGCNN_EFFICIENTNETB3_ADAPTED_3CLASS,PyTorch/torchvision,faithful three-class task-adapted reimplementation,42,S000142,FIVES,NORMAL,NORMAL,1,0.00016336272528860718,4.863549634137598e-07,0.9998360872268677,1
HOGCNN_EFFICIENTNETB3_ADAPTED_3CLASS,PyTorch/torchvision,faithful three-class task-adapted reimplementation,42,S000143,FIVES,NORMAL,NORMAL,1,0.00013597354700323194,1.2297506657432677e-07,0.999863862991333,1
HOGCNN_EFFICIENTNETB3_ADAPTED_3CLASS,PyTorch/torchvision,faithful three-class task-adapted reimplementation,42,S000157,FIVES,AMD_DRY,AMD_DRY,1,0.7561494708061218,0.23890049755573273,0.004950014408677816,1
HOGCNN_EFFICIENTNETB3_ADAPTED_3CLASS,PyTorch/torchvision,faithful three-class task-adapted reimplementation,42,S000165,FIVES,AMD_DRY,AMD_DRY,1,0.9972848892211914,0.0018266031984239817,0.0008885774295777082,1
HOGCNN_EFFICIENTNETB3_ADAPTED_3CLASS,PyTorch/torchvision,faithful three-class task-adapted reimplementation,42,S000166,FIVES,AMD_DRY,AMD_DRY,1,0.5284582376480103,0.46844062209129333,0.0031010748352855444,1
HOGCNN_EFFICIENTNETB3_ADAPTED_3CLASS,PyTorch/torchvision,faithful three-class task-adapted reimplementation,42,S000171,FIVES,AMD_WET,AMD_WET,1,0.00022115305182524025,0.9997664093971252,1.2444848835002631e-05,1
HOGCNN_EFFICIENTNETB3_ADAPTED_3CLASS,PyTorch/torchvision,faithful three-class task-adapted reimplementation,42,S000175,FIVES,AMD_WET,AMD_WET,1,0.07326644659042358,0.9265442490577698,0.00018934207037091255,1
HOGCNN_EFFICIENTNETB3_ADAPTED_3CLASS,PyTorch/torchvision,faithful three-class task-adapted reimplementation,42,S000181,FIVES,AMD_WET,AMD_WET,1,0.0004897330072708428,0.9994933605194092,1.6835610949783586e-05,1
HOGCNN_EFFICIENTNETB3_ADAPTED_3CLASS,PyTorch/torchvision,faithful three-class task-adapted reimplementation,42,S000196,FIVES,AMD_WET,AMD_WET,1,1.6995863916235976e-06,0.9999982118606567,4.9382805400455254e-08,1
HOGCNN_EFFICIENTNETB3_ADAPTED_3CLASS,PyTorch/torchvision,faithful three-class task-adapted reimplementation,42,S000197,FIVES,AMD_WET,AMD_WET,1,0.0007625447469763458,0.9992314577102661,6.002270311000757e-06,1
HOGCNN_EFFICIENTNETB3_ADAPTED_3CLASS,PyTorch/torchvision,faithful three-class task-adapted reimplementation,42,S000198,FIVES,AMD_WET,AMD_WET,1,0.0001850297412602231,0.9998089671134949,6.056549864297267e-06,1
HOGCNN_EFFICIENTNETB3_ADAPTED_3CLASS,PyTorch/torchvision,faithful three-class task-adapted reimplementation,42,S000199,FIVES,AMD_WET,AMD_WET,1,0.0002878397353924811,0.9996976852416992,1.4557009308191482e-05,1
HOGCNN_EFFICIENTNETB3_ADAPTED_3CLASS,PyTorch/torchvision,faithful three-class task-adapted reimplementation,42,S000209,FIVES,AMD_WET,AMD_WET,1,0.0012774491915479302,0.9986737966537476,4.882437133346684e-05,1
HOGCNN_EFFICIENTNETB3_ADAPTED_3CLASS,PyTorch/torchvision,faithful three-class task-adapted reimplementation,42,S000214,FIVES,AMD_WET,AMD_WET,1,0.10180281102657318,0.8968254327774048,0.0013717415276914835,1
HOGCNN_EFFICIENTNETB3_ADAPTED_3CLASS,PyTorch/torchvision,faithful three-class task-adapted reimplementation,42,S000221,FIVES,AMD_WET,AMD_WET,1,3.6689202786988062e-09,1.0,8.035149802465558e-12,1
HOGCNN_EFFICIENTNETB3_ADAPTED_3CLASS,PyTorch/torchvision,faithful three-class task-adapted reimplementation,42,S000223,FIVES,AMD_WET,AMD_DRY,0,0.8876646757125854,0.11194748431444168,0.00038781765033490956,1
HOGCNN_EFFICIENTNETB3_ADAPTED_3CLASS,PyTorch/torchvision,faithful three-class task-adapted reimplementation,42,S000228,FIVES,AMD_WET,AMD_WET,1,0.0003359063994139433,0.999656081199646,8.02450995252002e-06,1
HOGCNN_EFFICIENTNETB3_ADAPTED_3CLASS,PyTorch/torchvision,faithful three-class task-adapted reimplementation,42,S000231,FIVES,AMD_WET,AMD_WET,1,0.014514045789837837,0.9847404360771179,0.0007454759906977415,1
HOGCNN_EFFICIENTNETB3_ADAPTED_3CLASS,PyTorch/torchvision,faithful three-class task-adapted reimplementation,42,S000240,ODIR,NORMAL,NORMAL,1,0.0012316906359046698,6.917157975294685e-07,0.998767614364624,1
HOGCNN_EFFICIENTNETB3_ADAPTED_3CLASS,PyTorch/torchvision,faithful three-class task-adapted reimplementation,42,S000252,ODIR,NORMAL,NORMAL,1,4.717702177003957e-05,2.4127151831976335e-08,0.9999527931213379,1
HOGCNN_EFFICIENTNETB3_ADAPTED_3CLASS,PyTorch/torchvision,faithful three-class task-adapted reimplementation,42,S000255,ODIR,NORMAL,NORMAL,1,0.00012402849097270519,8.805633200381635e-08,0.9998757839202881,1
HOGCNN_EFFICIENTNETB3_ADAPTED_3CLASS,PyTorch/torchvision,faithful three-class task-adapted reimplementation,42,S000256,ODIR,NORMAL,NORMAL,1,0.05046061426401138,1.9884566427208483e-05,0.9495195150375366,1
HOGCNN_EFFICIENTNETB3_ADAPTED_3CLASS,PyTorch/torchvision,faithful three-class task-adapted reimplementation,42,S000258,ODIR,NORMAL,NORMAL,1,0.012690977193415165,2.5402437131560873e-06,0.9873064756393433,1
HOGCNN_EFFICIENTNETB3_ADAPTED_3CLASS,PyTorch/torchvision,faithful three-class task-adapted reimplementation,42,S000264,ODIR,NORMAL,NORMAL,1,0.0005131390644237399,6.937248144822661e-07,0.9994860887527466,1
HOGCNN_EFFICIENTNETB3_ADAPTED_3CLASS,PyTorch/torchvision,faithful three-class task-adapted reimplementation,42,S000265,ODIR,NORMAL,NORMAL,1,0.013541673310101032,4.899737541563809e-05,0.9864093065261841,1
HOGCNN_EFFICIENTNETB3_ADAPTED_3CLASS,PyTorch/torchvision,faithful three-class task-adapted reimplementation,42,S000267,ODIR,NORMAL,NORMAL,1,0.0003412402293179184,3.7015374232396425e-07,0.9996583461761475,1
HOGCNN_EFFICIENTNETB3_ADAPTED_3CLASS,PyTorch/torchvision,faithful three-class task-adapted reimplementation,42,S000268,ODIR,NORMAL,NORMAL,1,0.0038131908513605595,4.891748631052906e-06,0.9961819648742676,1
HOGCNN_EFFICIENTNETB3_ADAPTED_3CLASS,PyTorch/torchvision,faithful three-class task-adapted reimplementation,42,S000274,ODIR,NORMAL,NORMAL,1,0.008503048680722713,9.614412192604505e-06,0.9914873838424683,1
HOGCNN_EFFICIENTNETB3_ADAPTED_3CLASS,PyTorch/torchvision,faithful three-class task-adapted reimplementation,42,S000275,ODIR,NORMAL,NORMAL,1,0.005317590665072203,4.541941507341107e-06,0.9946779012680054,1
HOGCNN_EFFICIENTNETB3_ADAPTED_3CLASS,PyTorch/torchvision,faithful three-class task-adapted reimplementation,42,S000282,ODIR,NORMAL,NORMAL,1,0.00010540655057411641,1.2718912500986335e-07,0.9998944997787476,1
HOGCNN_EFFICIENTNETB3_ADAPTED_3CLASS,PyTorch/torchvision,faithful three-class task-adapted reimplementation,42,S000291,ODIR,NORMAL,NORMAL,1,0.007955382578074932,3.336710869916715e-05,0.9920112490653992,1
HOGCNN_EFFICIENTNETB3_ADAPTED_3CLASS,PyTorch/torchvision,faithful three-class task-adapted reimplementation,42,S000298,ODIR,NORMAL,NORMAL,1,2.3574797523906454e-05,9.197674621930219e-09,0.999976396560669,1
HOGCNN_EFFICIENTNETB3_ADAPTED_3CLASS,PyTorch/torchvision,faithful three-class task-adapted reimplementation,42,S000307,ODIR,NORMAL,NORMAL,1,7.540011574747041e-05,8.338015788922348e-08,0.9999244213104248,1
HOGCNN_EFFICIENTNETB3_ADAPTED_3CLASS,PyTorch/torchvision,faithful three-class task-adapted reimplementation,42,S000317,ODIR,NORMAL,NORMAL,1,0.00019843359768856317,8.112114358027611e-08,0.9998014569282532,1
HOGCNN_EFFICIENTNETB3_ADAPTED_3CLASS,PyTorch/torchvision,faithful three-class task-adapted reimplementation,42,S000318,ODIR,NORMAL,NORMAL,1,0.0009752115583978593,5.1852271099051e-07,0.9990242719650269,1
HOGCNN_EFFICIENTNETB3_ADAPTED_3CLASS,PyTorch/torchvision,faithful three-class task-adapted reimplementation,42,S000321,ODIR,NORMAL,NORMAL,1,0.002137486357241869,5.036106813349761e-06,0.9978575110435486,1
HOGCNN_EFFICIENTNETB3_ADAPTED_3CLASS,PyTorch/torchvision,faithful three-class task-adapted reimplementation,42,S000326,ODIR,NORMAL,NORMAL,1,0.13475902378559113,0.0004105304251424968,0.8648304343223572,1
HOGCNN_EFFICIENTNETB3_ADAPTED_3CLASS,PyTorch/torchvision,faithful three-class task-adapted reimplementation,42,S000327,ODIR,NORMAL,NORMAL,1,0.010083677247166634,4.888143394055078e-06,0.9899114966392517,1
HOGCNN_EFFICIENTNETB3_ADAPTED_3CLASS,PyTorch/torchvision,faithful three-class task-adapted reimplementation,42,S000329,ODIR,NORMAL,NORMAL,1,0.12665632367134094,0.0008190445369109511,0.8725247383117676,1
HOGCNN_EFFICIENTNETB3_ADAPTED_3CLASS,PyTorch/torchvision,faithful three-class task-adapted reimplementation,42,S000333,ODIR,NORMAL,NORMAL,1,0.0055463300086557865,6.942554318811744e-05,0.9943841695785522,1
HOGCNN_EFFICIENTNETB3_ADAPTED_3CLASS,PyTorch/torchvision,faithful three-class task-adapted reimplementation,42,S000349,ODIR,NORMAL,NORMAL,1,0.0019164852565154433,4.361129867902491e-06,0.9980790615081787,1
HOGCNN_EFFICIENTNETB3_ADAPTED_3CLASS,PyTorch/torchvision,faithful three-class task-adapted reimplementation,42,S000351,ODIR,NORMAL,NORMAL,1,0.0007282738806679845,3.460684467881947e-07,0.9992713332176208,1
HOGCNN_EFFICIENTNETB3_ADAPTED_3CLASS,PyTorch/torchvision,faithful three-class task-adapted reimplementation,42,S000356,ODIR,NORMAL,NORMAL,1,0.003453276352956891,3.1263139135262463e-06,0.9965435862541199,1
HOGCNN_EFFICIENTNETB3_ADAPTED_3CLASS,PyTorch/torchvision,faithful three-class task-adapted reimplementation,42,S000382,ODIR,AMD_DRY,AMD_DRY,1,0.9893524050712585,0.010484340600669384,0.00016326882177963853,1
HOGCNN_EFFICIENTNETB3_ADAPTED_3CLASS,PyTorch/torchvision,faithful three-class task-adapted reimplementation,42,S000387,ODIR,AMD_DRY,AMD_DRY,1,0.9887930750846863,0.011131075210869312,7.573866605525836e-05,1
HOGCNN_EFFICIENTNETB3_ADAPTED_3CLASS,PyTorch/torchvision,faithful three-class task-adapted reimplementation,42,S000388,ODIR,AMD_DRY,AMD_DRY,1,0.9765936136245728,0.022153889760375023,0.0012526029022410512,1
HOGCNN_EFFICIENTNETB3_ADAPTED_3CLASS,PyTorch/torchvision,faithful three-class task-adapted reimplementation,42,S000397,ODIR,AMD_DRY,AMD_DRY,1,0.9989270567893982,0.000612303672824055,0.00046056328574195504,1
HOGCNN_EFFICIENTNETB3_ADAPTED_3CLASS,PyTorch/torchvision,faithful three-class task-adapted reimplementation,42,S000405,ODIR,AMD_DRY,AMD_DRY,1,0.9993891716003418,0.0005571864312514663,5.361325747799128e-05,1
HOGCNN_EFFICIENTNETB3_ADAPTED_3CLASS,PyTorch/torchvision,faithful three-class task-adapted reimplementation,42,S000408,ODIR,AMD_DRY,AMD_DRY,1,0.9816120266914368,0.006039720959961414,0.012348271906375885,1
HOGCNN_EFFICIENTNETB3_ADAPTED_3CLASS,PyTorch/torchvision,faithful three-class task-adapted reimplementation,42,S000413,ODIR,AMD_DRY,AMD_DRY,1,0.9981990456581116,0.0007091793813742697,0.001091736601665616,1
HOGCNN_EFFICIENTNETB3_ADAPTED_3CLASS,PyTorch/torchvision,faithful three-class task-adapted reimplementation,42,S000414,ODIR,AMD_DRY,AMD_DRY,1,0.9972431659698486,0.0018758642254397273,0.0008810048457235098,1
HOGCNN_EFFICIENTNETB3_ADAPTED_3CLASS,PyTorch/torchvision,faithful three-class task-adapted reimplementation,42,S000415,ODIR,AMD_DRY,AMD_DRY,1,0.9990454316139221,0.0006334111676551402,0.0003210878057871014,1
HOGCNN_EFFICIENTNETB3_ADAPTED_3CLASS,PyTorch/torchvision,faithful three-class task-adapted reimplementation,42,S000421,ODIR,AMD_DRY,AMD_DRY,1,0.9964871406555176,0.0031528063118457794,0.0003600169438868761,1
HOGCNN_EFFICIENTNETB3_ADAPTED_3CLASS,PyTorch/torchvision,faithful three-class task-adapted reimplementation,42,S000422,ODIR,AMD_DRY,AMD_DRY,1,0.9994275569915771,0.0004940331564284861,7.837836164981127e-05,1
HOGCNN_EFFICIENTNETB3_ADAPTED_3CLASS,PyTorch/torchvision,faithful three-class task-adapted reimplementation,42,S000429,ODIR,AMD_DRY,AMD_DRY,1,0.9981593489646912,0.0010061294306069613,0.0008345315000042319,1
HOGCNN_EFFICIENTNETB3_ADAPTED_3CLASS,PyTorch/torchvision,faithful three-class task-adapted reimplementation,42,S000431,ODIR,AMD_DRY,AMD_DRY,1,0.9890738129615784,0.008349772542715073,0.002576398430392146,1
HOGCNN_EFFICIENTNETB3_ADAPTED_3CLASS,PyTorch/torchvision,faithful three-class task-adapted reimplementation,42,S000432,ODIR,AMD_DRY,AMD_DRY,1,0.9992201328277588,0.0003146211674902588,0.00046528514940291643,1
HOGCNN_EFFICIENTNETB3_ADAPTED_3CLASS,PyTorch/torchvision,faithful three-class task-adapted reimplementation,42,S000433,ODIR,AMD_DRY,AMD_DRY,1,0.9990295171737671,0.0008033741032704711,0.00016709225019440055,1
HOGCNN_EFFICIENTNETB3_ADAPTED_3CLASS,PyTorch/torchvision,faithful three-class task-adapted reimplementation,42,S000436,ODIR,AMD_DRY,AMD_DRY,1,0.999423623085022,0.0003920799645129591,0.00018425878079142421,1
HOGCNN_EFFICIENTNETB3_ADAPTED_3CLASS,PyTorch/torchvision,faithful three-class task-adapted reimplementation,42,S000437,ODIR,AMD_DRY,AMD_DRY,1,0.9973090887069702,0.001718979561701417,0.0009718841756694019,1
HOGCNN_EFFICIENTNETB3_ADAPTED_3CLASS,PyTorch/torchvision,faithful three-class task-adapted reimplementation,42,S000446,ODIR,AMD_WET,AMD_DRY,0,0.9500393271446228,0.035566750913858414,0.014394005760550499,1
HOGCNN_EFFICIENTNETB3_ADAPTED_3CLASS,PyTorch/torchvision,faithful three-class task-adapted reimplementation,42,S000450,ODIR,AMD_WET,AMD_WET,1,0.013448376208543777,0.9861663579940796,0.00038523206603713334,1
HOGCNN_EFFICIENTNETB3_ADAPTED_3CLASS,PyTorch/torchvision,faithful three-class task-adapted reimplementation,42,S000452,ODIR,AMD_WET,AMD_WET,1,0.28961464762687683,0.7097907662391663,0.0005945861921645701,1
HOGCNN_EFFICIENTNETB3_ADAPTED_3CLASS,PyTorch/torchvision,faithful three-class task-adapted reimplementation,42,S000454,ODIR,AMD_WET,AMD_WET,1,0.0039055785164237022,0.9959965944290161,9.78061361820437e-05,1
HOGCNN_EFFICIENTNETB3_ADAPTED_3CLASS,PyTorch/torchvision,faithful three-class task-adapted reimplementation,42,S000467,ODIR,AMD_WET,AMD_WET,1,0.2287164330482483,0.7594661116600037,0.011817452497780323,1
HOGCNN_EFFICIENTNETB3_ADAPTED_3CLASS,PyTorch/torchvision,faithful three-class task-adapted reimplementation,42,S000477,RFMID,NORMAL,NORMAL,1,0.0004957828787155449,4.1137841435556766e-06,0.999500036239624,1
HOGCNN_EFFICIENTNETB3_ADAPTED_3CLASS,PyTorch/torchvision,faithful three-class task-adapted reimplementation,42,S000480,RFMID,NORMAL,NORMAL,1,0.0021375068463385105,1.636546767258551e-05,0.9978461265563965,1
HOGCNN_EFFICIENTNETB3_ADAPTED_3CLASS,PyTorch/torchvision,faithful three-class task-adapted reimplementation,42,S000484,RFMID,NORMAL,NORMAL,1,3.3433920179959387e-05,1.7403208403266035e-06,0.9999648332595825,1
HOGCNN_EFFICIENTNETB3_ADAPTED_3CLASS,PyTorch/torchvision,faithful three-class task-adapted reimplementation,42,S000485,RFMID,NORMAL,NORMAL,1,8.273504499811679e-05,4.2995748117391486e-07,0.9999167919158936,1
HOGCNN_EFFICIENTNETB3_ADAPTED_3CLASS,PyTorch/torchvision,faithful three-class task-adapted reimplementation,42,S000491,RFMID,NORMAL,NORMAL,1,0.008228062652051449,1.6105514077935368e-05,0.9917558431625366,1
HOGCNN_EFFICIENTNETB3_ADAPTED_3CLASS,PyTorch/torchvision,faithful three-class task-adapted reimplementation,42,S000493,RFMID,NORMAL,NORMAL,1,0.01724911853671074,6.308182491920888e-05,0.9826878905296326,1
HOGCNN_EFFICIENTNETB3_ADAPTED_3CLASS,PyTorch/torchvision,faithful three-class task-adapted reimplementation,42,S000504,RFMID,NORMAL,NORMAL,1,0.010146950371563435,2.011935976042878e-05,0.989832878112793,1
HOGCNN_EFFICIENTNETB3_ADAPTED_3CLASS,PyTorch/torchvision,faithful three-class task-adapted reimplementation,42,S000506,RFMID,NORMAL,NORMAL,1,1.3291158211359289e-05,4.7114660617353366e-08,0.9999867677688599,1
HOGCNN_EFFICIENTNETB3_ADAPTED_3CLASS,PyTorch/torchvision,faithful three-class task-adapted reimplementation,42,S000507,RFMID,NORMAL,NORMAL,1,0.025566138327121735,5.4921460105106235e-05,0.9743788838386536,1
HOGCNN_EFFICIENTNETB3_ADAPTED_3CLASS,PyTorch/torchvision,faithful three-class task-adapted reimplementation,42,S000515,RFMID,NORMAL,NORMAL,1,0.00016430442337878048,2.998000923071231e-07,0.9998352527618408,1
HOGCNN_EFFICIENTNETB3_ADAPTED_3CLASS,PyTorch/torchvision,faithful three-class task-adapted reimplementation,42,S000522,RFMID,NORMAL,NORMAL,1,0.0023984573781490326,1.4356535757542588e-05,0.9975872039794922,1
HOGCNN_EFFICIENTNETB3_ADAPTED_3CLASS,PyTorch/torchvision,faithful three-class task-adapted reimplementation,42,S000527,RFMID,NORMAL,NORMAL,1,0.0024044327437877655,6.811490038671764e-06,0.9975887537002563,1
HOGCNN_EFFICIENTNETB3_ADAPTED_3CLASS,PyTorch/torchvision,faithful three-class task-adapted reimplementation,42,S000529,RFMID,NORMAL,NORMAL,1,0.0012785234721377492,6.320283318927977e-06,0.9987151622772217,1
HOGCNN_EFFICIENTNETB3_ADAPTED_3CLASS,PyTorch/torchvision,faithful three-class task-adapted reimplementation,42,S000542,RFMID,AMD_DRY,AMD_DRY,1,0.9283626675605774,0.06846526265144348,0.003172151744365692,1
HOGCNN_EFFICIENTNETB3_ADAPTED_3CLASS,PyTorch/torchvision,faithful three-class task-adapted reimplementation,42,S000545,RFMID,AMD_WET,AMD_WET,1,0.15030652284622192,0.84714674949646,0.0025467195082455873,1
HOGCNN_EFFICIENTNETB3_ADAPTED_3CLASS,PyTorch/torchvision,faithful three-class task-adapted reimplementation,42,S000552,RFMID,AMD_WET,AMD_WET,1,0.14095821976661682,0.4630243182182312,0.3960174322128296,1
HOGCNN_EFFICIENTNETB3_ADAPTED_3CLASS,PyTorch/torchvision,faithful three-class task-adapted reimplementation,42,S000553,RFMID,AMD_WET,AMD_WET,1,0.00030866917222738266,0.9996787309646606,1.2655869795707986e-05,1
HOGCNN_EFFICIENTNETB3_ADAPTED_3CLASS,PyTorch/torchvision,faithful three-class task-adapted reimplementation,42,S000565,RFMID,AMD_WET,AMD_DRY,0,0.6423537135124207,0.34711217880249023,0.010534132830798626,1
HOGCNN_EFFICIENTNETB3_ADAPTED_3CLASS,PyTorch/torchvision,faithful three-class task-adapted reimplementation,42,S000576,RFMID,AMD_WET,NORMAL,0,0.1690925508737564,0.1453586220741272,0.6855488419532776,1
HOGCNN_EFFICIENTNETB3_ADAPTED_3CLASS,PyTorch/torchvision,faithful three-class task-adapted reimplementation,42,S000578,RFMID,AMD_WET,AMD_WET,1,0.02223385125398636,0.9751495718955994,0.002616619225591421,1
HOGCNN_EFFICIENTNETB3_ADAPTED_3CLASS,PyTorch/torchvision,faithful three-class task-adapted reimplementation,42,S000580,RFMID,AMD_WET,AMD_WET,1,8.495327392665786e-07,0.9999991655349731,2.537418808401526e-08,1
HOGCNN_EFFICIENTNETB3_ADAPTED_3CLASS,PyTorch/torchvision,faithful three-class task-adapted reimplementation,42,S000583,RFMID,AMD_WET,AMD_WET,1,0.16322889924049377,0.8331917524337769,0.0035793406423181295,1
HOGCNN_EFFICIENTNETB3_ADAPTED_3CLASS,PyTorch/torchvision,faithful three-class task-adapted reimplementation,42,S000584,RFMID,AMD_WET,AMD_WET,1,0.0008344140951521695,0.9988916516304016,0.00027397923986427486,1
HOGCNN_EFFICIENTNETB3_ADAPTED_3CLASS,PyTorch/torchvision,faithful three-class task-adapted reimplementation,42,S000589,RFMID,AMD_WET,AMD_WET,1,0.004763416480273008,0.9904564023017883,0.004780179355293512,1
HOGCNN_EFFICIENTNETB3_ADAPTED_3CLASS,PyTorch/torchvision,faithful three-class task-adapted reimplementation,42,S000591,RFMID,AMD_WET,AMD_WET,1,2.057063738902798e-06,0.9999977350234985,2.0658603716583457e-07,1
HOGCNN_EFFICIENTNETB3_ADAPTED_3CLASS,PyTorch/torchvision,faithful three-class task-adapted reimplementation,42,S000005,ADAM,AMD_DRY,AMD_DRY,1,0.9847360253334045,0.0017361609498038888,0.013527756556868553,2
HOGCNN_EFFICIENTNETB3_ADAPTED_3CLASS,PyTorch/torchvision,faithful three-class task-adapted reimplementation,42,S000006,ADAM,AMD_DRY,AMD_DRY,1,0.9989511966705322,0.0010430231923237443,5.745853286498459e-06,2
HOGCNN_EFFICIENTNETB3_ADAPTED_3CLASS,PyTorch/torchvision,faithful three-class task-adapted reimplementation,42,S000009,ADAM,AMD_DRY,AMD_DRY,1,0.9999655485153198,3.3516633266117424e-05,9.377363312523812e-07,2
HOGCNN_EFFICIENTNETB3_ADAPTED_3CLASS,PyTorch/torchvision,faithful three-class task-adapted reimplementation,42,S000011,ADAM,AMD_DRY,AMD_DRY,1,0.9997920393943787,0.00019868109666276723,9.283165127271786e-06,2
HOGCNN_EFFICIENTNETB3_ADAPTED_3CLASS,PyTorch/torchvision,faithful three-class task-adapted reimplementation,42,S000025,ADAM,AMD_DRY,AMD_DRY,1,0.8880282640457153,0.10784636437892914,0.004125379025936127,2
HOGCNN_EFFICIENTNETB3_ADAPTED_3CLASS,PyTorch/torchvision,faithful three-class task-adapted reimplementation,42,S000027,ADAM,AMD_DRY,AMD_DRY,1,0.9984962940216064,0.0007467605173587799,0.0007569568115286529,2
HOGCNN_EFFICIENTNETB3_ADAPTED_3CLASS,PyTorch/torchvision,faithful three-class task-adapted reimplementation,42,S000033,ADAM,AMD_DRY,AMD_DRY,1,0.9999953508377075,4.012941190012498e-06,6.426010372706514e-07,2
HOGCNN_EFFICIENTNETB3_ADAPTED_3CLASS,PyTorch/torchvision,faithful three-class task-adapted reimplementation,42,S000037,ADAM,AMD_WET,AMD_DRY,0,0.9587405920028687,0.040921468287706375,0.0003379994013812393,2
HOGCNN_EFFICIENTNETB3_ADAPTED_3CLASS,PyTorch/torchvision,faithful three-class task-adapted reimplementation,42,S000039,ADAM,AMD_WET,AMD_WET,1,8.772954606683925e-05,0.999906063079834,6.206481884873938e-06,2
HOGCNN_EFFICIENTNETB3_ADAPTED_3CLASS,PyTorch/torchvision,faithful three-class task-adapted reimplementation,42,S000044,ADAM,AMD_WET,AMD_DRY,0,0.9817927479743958,0.017993398010730743,0.00021378081873990595,2
HOGCNN_EFFICIENTNETB3_ADAPTED_3CLASS,PyTorch/torchvision,faithful three-class task-adapted reimplementation,42,S000049,ADAM,AMD_WET,AMD_WET,1,0.002623195294290781,0.9915446043014526,0.005832270253449678,2
HOGCNN_EFFICIENTNETB3_ADAPTED_3CLASS,PyTorch/torchvision,faithful three-class task-adapted reimplementation,42,S000054,FIVES,NORMAL,NORMAL,1,4.911117139272392e-05,9.223800589097664e-06,0.9999417066574097,2
HOGCNN_EFFICIENTNETB3_ADAPTED_3CLASS,PyTorch/torchvision,faithful three-class task-adapted reimplementation,42,S000059,FIVES,NORMAL,NORMAL,1,1.7423435565433465e-05,1.0600163022900233e-06,0.9999815225601196,2
HOGCNN_EFFICIENTNETB3_ADAPTED_3CLASS,PyTorch/torchvision,faithful three-class task-adapted reimplementation,42,S000060,FIVES,NORMAL,NORMAL,1,1.7961381672648713e-05,1.3922054904469405e-06,0.9999805688858032,2
HOGCNN_EFFICIENTNETB3_ADAPTED_3CLASS,PyTorch/torchvision,faithful three-class task-adapted reimplementation,42,S000063,FIVES,NORMAL,NORMAL,1,2.0467057765927166e-05,1.0139650839846581e-05,0.9999693632125854,2
HOGCNN_EFFICIENTNETB3_ADAPTED_3CLASS,PyTorch/torchvision,faithful three-class task-adapted reimplementation,42,S000068,FIVES,NORMAL,NORMAL,1,7.59108952479437e-05,4.603982961270958e-05,0.9998780488967896,2
HOGCNN_EFFICIENTNETB3_ADAPTED_3CLASS,PyTorch/torchvision,faithful three-class task-adapted reimplementation,42,S000069,FIVES,NORMAL,NORMAL,1,9.227133546119148e-08,4.262268316068685e-09,0.9999998807907104,2
HOGCNN_EFFICIENTNETB3_ADAPTED_3CLASS,PyTorch/torchvision,faithful three-class task-adapted reimplementation,42,S000091,FIVES,NORMAL,NORMAL,1,4.5577117191442085e-08,7.460339013221073e-09,1.0,2
HOGCNN_EFFICIENTNETB3_ADAPTED_3CLASS,PyTorch/torchvision,faithful three-class task-adapted reimplementation,42,S000092,FIVES,NORMAL,NORMAL,1,1.1778072916968085e-07,2.2950766620510876e-08,0.9999998807907104,2
HOGCNN_EFFICIENTNETB3_ADAPTED_3CLASS,PyTorch/torchvision,faithful three-class task-adapted reimplementation,42,S000098,FIVES,NORMAL,NORMAL,1,7.614695540780758e-09,1.2662072501612442e-09,1.0,2
HOGCNN_EFFICIENTNETB3_ADAPTED_3CLASS,PyTorch/torchvision,faithful three-class task-adapted reimplementation,42,S000099,FIVES,NORMAL,AMD_WET,0,0.001470516319386661,0.9878560900688171,0.010673419572412968,2
HOGCNN_EFFICIENTNETB3_ADAPTED_3CLASS,PyTorch/torchvision,faithful three-class task-adapted reimplementation,42,S000102,FIVES,NORMAL,NORMAL,1,1.9981245102940193e-08,2.049252545432978e-09,1.0,2
HOGCNN_EFFICIENTNETB3_ADAPTED_3CLASS,PyTorch/torchvision,faithful three-class task-adapted reimplementation,42,S000112,FIVES,NORMAL,NORMAL,1,9.386931054677916e-08,6.809971608845444e-08,0.9999997615814209,2
HOGCNN_EFFICIENTNETB3_ADAPTED_3CLASS,PyTorch/torchvision,faithful three-class task-adapted reimplementation,42,S000113,FIVES,NORMAL,NORMAL,1,1.986284381416681e-08,2.4107546181539874e-08,1.0,2
HOGCNN_EFFICIENTNETB3_ADAPTED_3CLASS,PyTorch/torchvision,faithful three-class task-adapted reimplementation,42,S000121,FIVES,NORMAL,NORMAL,1,1.0423816547699971e-06,1.9389275962566899e-07,0.9999986886978149,2
HOGCNN_EFFICIENTNETB3_ADAPTED_3CLASS,PyTorch/torchvision,faithful three-class task-adapted reimplementation,42,S000134,FIVES,NORMAL,NORMAL,1,1.260514324030737e-07,2.6523860441329816e-08,0.9999998807907104,2
HOGCNN_EFFICIENTNETB3_ADAPTED_3CLASS,PyTorch/torchvision,faithful three-class task-adapted reimplementation,42,S000137,FIVES,NORMAL,NORMAL,1,1.4482277947536204e-05,4.612672910297988e-06,0.9999809265136719,2
HOGCNN_EFFICIENTNETB3_ADAPTED_3CLASS,PyTorch/torchvision,faithful three-class task-adapted reimplementation,42,S000138,FIVES,NORMAL,NORMAL,1,4.3877929556401796e-07,5.4208754818318994e-08,0.9999995231628418,2
HOGCNN_EFFICIENTNETB3_ADAPTED_3CLASS,PyTorch/torchvision,faithful three-class task-adapted reimplementation,42,S000147,FIVES,NORMAL,NORMAL,1,0.0005037123919464648,5.512987991096452e-05,0.9994410872459412,2
HOGCNN_EFFICIENTNETB3_ADAPTED_3CLASS,PyTorch/torchvision,faithful three-class task-adapted reimplementation,42,S000150,FIVES,NORMAL,NORMAL,1,5.781772870250279e-06,1.3940252756583504e-06,0.9999927282333374,2
HOGCNN_EFFICIENTNETB3_ADAPTED_3CLASS,PyTorch/torchvision,faithful three-class task-adapted reimplementation,42,S000153,FIVES,AMD_DRY,AMD_DRY,1,0.9374567866325378,0.060320015996694565,0.0022232704795897007,2
HOGCNN_EFFICIENTNETB3_ADAPTED_3CLASS,PyTorch/torchvision,faithful three-class task-adapted reimplementation,42,S000154,FIVES,AMD_DRY,AMD_WET,0,0.1494586169719696,0.8505147099494934,2.6634608730091713e-05,2
HOGCNN_EFFICIENTNETB3_ADAPTED_3CLASS,PyTorch/torchvision,faithful three-class task-adapted reimplementation,42,S000160,FIVES,AMD_DRY,AMD_WET,0,0.0011199803557246923,0.9988781809806824,1.775803298187384e-06,2
HOGCNN_EFFICIENTNETB3_ADAPTED_3CLASS,PyTorch/torchvision,faithful three-class task-adapted reimplementation,42,S000167,FIVES,AMD_WET,AMD_WET,1,1.7788674995244946e-06,0.9999978542327881,3.5294723943479767e-07,2
HOGCNN_EFFICIENTNETB3_ADAPTED_3CLASS,PyTorch/torchvision,faithful three-class task-adapted reimplementation,42,S000178,FIVES,AMD_WET,AMD_WET,1,2.483326966284949e-07,0.9999996423721313,5.527434510099738e-08,2
HOGCNN_EFFICIENTNETB3_ADAPTED_3CLASS,PyTorch/torchvision,faithful three-class task-adapted reimplementation,42,S000180,FIVES,AMD_WET,AMD_WET,1,2.2442305791514627e-08,1.0,2.7898419130423235e-09,2
HOGCNN_EFFICIENTNETB3_ADAPTED_3CLASS,PyTorch/torchvision,faithful three-class task-adapted reimplementation,42,S000183,FIVES,AMD_WET,AMD_WET,1,4.397114672372027e-09,1.0,3.092409939231544e-10,2
HOGCNN_EFFICIENTNETB3_ADAPTED_3CLASS,PyTorch/torchvision,faithful three-class task-adapted reimplementation,42,S000184,FIVES,AMD_WET,AMD_WET,1,5.691046522926513e-10,1.0,5.2684374224343244e-11,2
HOGCNN_EFFICIENTNETB3_ADAPTED_3CLASS,PyTorch/torchvision,faithful three-class task-adapted reimplementation,42,S000186,FIVES,AMD_WET,AMD_WET,1,2.8505007776402635e-07,0.9999996423721313,3.591957309367899e-08,2
HOGCNN_EFFICIENTNETB3_ADAPTED_3CLASS,PyTorch/torchvision,faithful three-class task-adapted reimplementation,42,S000188,FIVES,AMD_WET,AMD_WET,1,0.007673982065171003,0.9917852878570557,0.0005407477729022503,2
HOGCNN_EFFICIENTNETB3_ADAPTED_3CLASS,PyTorch/torchvision,faithful three-class task-adapted reimplementation,42,S000205,FIVES,AMD_WET,AMD_WET,1,6.527940286105149e-07,0.9999983310699463,1.023172671921202e-06,2
HOGCNN_EFFICIENTNETB3_ADAPTED_3CLASS,PyTorch/torchvision,faithful three-class task-adapted reimplementation,42,S000210,FIVES,AMD_WET,AMD_WET,1,0.00035461244988255203,0.9993304014205933,0.00031499695614911616,2
HOGCNN_EFFICIENTNETB3_ADAPTED_3CLASS,PyTorch/torchvision,faithful three-class task-adapted reimplementation,42,S000222,FIVES,AMD_WET,AMD_WET,1,2.0622232810296737e-09,1.0,1.1074980932335166e-09,2
HOGCNN_EFFICIENTNETB3_ADAPTED_3CLASS,PyTorch/torchvision,faithful three-class task-adapted reimplementation,42,S000226,FIVES,AMD_WET,AMD_WET,1,1.615397593468515e-09,1.0,7.038138127857252e-11,2
HOGCNN_EFFICIENTNETB3_ADAPTED_3CLASS,PyTorch/torchvision,faithful three-class task-adapted reimplementation,42,S000230,FIVES,AMD_WET,AMD_WET,1,1.4323806897531544e-13,1.0,2.3358632668629524e-14,2
HOGCNN_EFFICIENTNETB3_ADAPTED_3CLASS,PyTorch/torchvision,faithful three-class task-adapted reimplementation,42,S000233,FIVES,AMD_WET,AMD_WET,1,0.0003275599447079003,0.9996294975280762,4.291843652026728e-05,2
HOGCNN_EFFICIENTNETB3_ADAPTED_3CLASS,PyTorch/torchvision,faithful three-class task-adapted reimplementation,42,S000238,FIVES,AMD_WET,AMD_WET,1,7.816365887869381e-10,1.0,1.190570309006489e-08,2
HOGCNN_EFFICIENTNETB3_ADAPTED_3CLASS,PyTorch/torchvision,faithful three-class task-adapted reimplementation,42,S000241,ODIR,NORMAL,NORMAL,1,6.911516692298392e-08,9.963290636960664e-09,0.9999998807907104,2
HOGCNN_EFFICIENTNETB3_ADAPTED_3CLASS,PyTorch/torchvision,faithful three-class task-adapted reimplementation,42,S000244,ODIR,NORMAL,NORMAL,1,4.4550133679877035e-06,6.392432538859794e-08,0.9999954700469971,2
HOGCNN_EFFICIENTNETB3_ADAPTED_3CLASS,PyTorch/torchvision,faithful three-class task-adapted reimplementation,42,S000250,ODIR,NORMAL,NORMAL,1,1.6357302001779317e-06,2.587038494539229e-08,0.9999983310699463,2
HOGCNN_EFFICIENTNETB3_ADAPTED_3CLASS,PyTorch/torchvision,faithful three-class task-adapted reimplementation,42,S000259,ODIR,NORMAL,NORMAL,1,4.904176421405282e-06,3.447714789217571e-07,0.9999947547912598,2
HOGCNN_EFFICIENTNETB3_ADAPTED_3CLASS,PyTorch/torchvision,faithful three-class task-adapted reimplementation,42,S000260,ODIR,NORMAL,NORMAL,1,1.734907328909685e-07,1.14933840222875e-08,0.9999998807907104,2
HOGCNN_EFFICIENTNETB3_ADAPTED_3CLASS,PyTorch/torchvision,faithful three-class task-adapted reimplementation,42,S000261,ODIR,NORMAL,NORMAL,1,9.24073120245339e-08,9.715094506645983e-09,0.9999998807907104,2
HOGCNN_EFFICIENTNETB3_ADAPTED_3CLASS,PyTorch/torchvision,faithful three-class task-adapted reimplementation,42,S000266,ODIR,NORMAL,NORMAL,1,4.75309356318121e-08,4.2464942673348105e-09,1.0,2
HOGCNN_EFFICIENTNETB3_ADAPTED_3CLASS,PyTorch/torchvision,faithful three-class task-adapted reimplementation,42,S000276,ODIR,NORMAL,NORMAL,1,3.8457001210190356e-05,1.514981477157562e-06,0.9999599456787109,2
HOGCNN_EFFICIENTNETB3_ADAPTED_3CLASS,PyTorch/torchvision,faithful three-class task-adapted reimplementation,42,S000284,ODIR,NORMAL,NORMAL,1,1.3287566389408312e-06,2.079300429613795e-07,0.9999984502792358,2
HOGCNN_EFFICIENTNETB3_ADAPTED_3CLASS,PyTorch/torchvision,faithful three-class task-adapted reimplementation,42,S000287,ODIR,NORMAL,NORMAL,1,2.1890967261128935e-08,6.429322074730237e-10,1.0,2
HOGCNN_EFFICIENTNETB3_ADAPTED_3CLASS,PyTorch/torchvision,faithful three-class task-adapted reimplementation,42,S000290,ODIR,NORMAL,NORMAL,1,3.2769889912742656e-06,3.130330412659532e-07,0.9999964237213135,2
HOGCNN_EFFICIENTNETB3_ADAPTED_3CLASS,PyTorch/torchvision,faithful three-class task-adapted reimplementation,42,S000293,ODIR,NORMAL,NORMAL,1,0.00020424964895937592,4.583849658956751e-05,0.9997498393058777,2
HOGCNN_EFFICIENTNETB3_ADAPTED_3CLASS,PyTorch/torchvision,faithful three-class task-adapted reimplementation,42,S000295,ODIR,NORMAL,NORMAL,1,0.0016038680914789438,3.603523873607628e-05,0.9983600974082947,2
HOGCNN_EFFICIENTNETB3_ADAPTED_3CLASS,PyTorch/torchvision,faithful three-class task-adapted reimplementation,42,S000297,ODIR,NORMAL,NORMAL,1,2.359354994041496e-06,4.467782588335467e-08,0.999997615814209,2
HOGCNN_EFFICIENTNETB3_ADAPTED_3CLASS,PyTorch/torchvision,faithful three-class task-adapted reimplementation,42,S000300,ODIR,NORMAL,NORMAL,1,3.45969783666078e-05,4.045080004289048e-06,0.9999613761901855,2
HOGCNN_EFFICIENTNETB3_ADAPTED_3CLASS,PyTorch/torchvision,faithful three-class task-adapted reimplementation,42,S000310,ODIR,NORMAL,NORMAL,1,1.913456799229607e-05,1.2387492915877374e-06,0.9999796152114868,2
HOGCNN_EFFICIENTNETB3_ADAPTED_3CLASS,PyTorch/torchvision,faithful three-class task-adapted reimplementation,42,S000322,ODIR,NORMAL,NORMAL,1,9.189370030071586e-05,5.425170456874184e-06,0.999902606010437,2
HOGCNN_EFFICIENTNETB3_ADAPTED_3CLASS,PyTorch/torchvision,faithful three-class task-adapted reimplementation,42,S000340,ODIR,NORMAL,NORMAL,1,9.460698890961794e-08,4.417819887692076e-09,0.9999998807907104,2
HOGCNN_EFFICIENTNETB3_ADAPTED_3CLASS,PyTorch/torchvision,faithful three-class task-adapted reimplementation,42,S000344,ODIR,NORMAL,NORMAL,1,8.499377145199105e-06,6.799594984840951e-07,0.9999908208847046,2
HOGCNN_EFFICIENTNETB3_ADAPTED_3CLASS,PyTorch/torchvision,faithful three-class task-adapted reimplementation,42,S000345,ODIR,NORMAL,NORMAL,1,3.6291443183955607e-09,5.767319954941286e-10,1.0,2
HOGCNN_EFFICIENTNETB3_ADAPTED_3CLASS,PyTorch/torchvision,faithful three-class task-adapted reimplementation,42,S000347,ODIR,NORMAL,NORMAL,1,6.672556082776282e-06,3.055453419165133e-07,0.9999929666519165,2
HOGCNN_EFFICIENTNETB3_ADAPTED_3CLASS,PyTorch/torchvision,faithful three-class task-adapted reimplementation,42,S000350,ODIR,NORMAL,NORMAL,1,0.00016301815048791468,4.65229231849662e-06,0.999832272529602,2
HOGCNN_EFFICIENTNETB3_ADAPTED_3CLASS,PyTorch/torchvision,faithful three-class task-adapted reimplementation,42,S000352,ODIR,NORMAL,NORMAL,1,0.07541926950216293,0.004694627597928047,0.9198861122131348,2
HOGCNN_EFFICIENTNETB3_ADAPTED_3CLASS,PyTorch/torchvision,faithful three-class task-adapted reimplementation,42,S000359,ODIR,NORMAL,NORMAL,1,0.0004970605368725955,7.652147178305313e-05,0.9994264841079712,2
HOGCNN_EFFICIENTNETB3_ADAPTED_3CLASS,PyTorch/torchvision,faithful three-class task-adapted reimplementation,42,S000361,ODIR,NORMAL,NORMAL,1,0.0005184214096516371,5.041363328928128e-05,0.9994311928749084,2
HOGCNN_EFFICIENTNETB3_ADAPTED_3CLASS,PyTorch/torchvision,faithful three-class task-adapted reimplementation,42,S000366,ODIR,AMD_DRY,AMD_DRY,1,0.9416403770446777,0.05697079375386238,0.001388780539855361,2
HOGCNN_EFFICIENTNETB3_ADAPTED_3CLASS,PyTorch/torchvision,faithful three-class task-adapted reimplementation,42,S000368,ODIR,AMD_DRY,AMD_DRY,1,0.999625563621521,0.00021632987773045897,0.0001581209508003667,2
HOGCNN_EFFICIENTNETB3_ADAPTED_3CLASS,PyTorch/torchvision,faithful three-class task-adapted reimplementation,42,S000369,ODIR,AMD_DRY,AMD_DRY,1,0.9975398778915405,0.0021913698874413967,0.00026869436260312796,2
HOGCNN_EFFICIENTNETB3_ADAPTED_3CLASS,PyTorch/torchvision,faithful three-class task-adapted reimplementation,42,S000370,ODIR,AMD_DRY,AMD_DRY,1,0.9998915195465088,0.00010518701310502365,3.30623947775166e-06,2
HOGCNN_EFFICIENTNETB3_ADAPTED_3CLASS,PyTorch/torchvision,faithful three-class task-adapted reimplementation,42,S000374,ODIR,AMD_DRY,AMD_DRY,1,0.9998594522476196,0.000138607167173177,1.9423523553996347e-06,2
HOGCNN_EFFICIENTNETB3_ADAPTED_3CLASS,PyTorch/torchvision,faithful three-class task-adapted reimplementation,42,S000377,ODIR,AMD_DRY,AMD_WET,0,0.19348527491092682,0.8062693476676941,0.0002453467168379575,2
HOGCNN_EFFICIENTNETB3_ADAPTED_3CLASS,PyTorch/torchvision,faithful three-class task-adapted reimplementation,42,S000378,ODIR,AMD_DRY,AMD_DRY,1,0.9982506632804871,0.0011608077911660075,0.0005884796264581382,2
HOGCNN_EFFICIENTNETB3_ADAPTED_3CLASS,PyTorch/torchvision,faithful three-class task-adapted reimplementation,42,S000379,ODIR,AMD_DRY,AMD_DRY,1,0.9973865151405334,0.0022431514225900173,0.0003703217371366918,2
HOGCNN_EFFICIENTNETB3_ADAPTED_3CLASS,PyTorch/torchvision,faithful three-class task-adapted reimplementation,42,S000380,ODIR,AMD_DRY,AMD_DRY,1,0.972714364528656,0.02618064358830452,0.001104978146031499,2
HOGCNN_EFFICIENTNETB3_ADAPTED_3CLASS,PyTorch/torchvision,faithful three-class task-adapted reimplementation,42,S000383,ODIR,AMD_DRY,AMD_DRY,1,0.9995125532150269,0.0004627476155292243,2.468503953423351e-05,2
HOGCNN_EFFICIENTNETB3_ADAPTED_3CLASS,PyTorch/torchvision,faithful three-class task-adapted reimplementation,42,S000390,ODIR,AMD_DRY,AMD_DRY,1,0.9993526339530945,0.0006242928211577237,2.3054195480654016e-05,2
HOGCNN_EFFICIENTNETB3_ADAPTED_3CLASS,PyTorch/torchvision,faithful three-class task-adapted reimplementation,42,S000402,ODIR,AMD_DRY,AMD_DRY,1,0.9999991655349731,8.67902372192475e-07,2.6378994988363047e-08,2
HOGCNN_EFFICIENTNETB3_ADAPTED_3CLASS,PyTorch/torchvision,faithful three-class task-adapted reimplementation,42,S000416,ODIR,AMD_DRY,AMD_WET,0,0.0038639199919998646,0.9958953857421875,0.0002406650164630264,2
HOGCNN_EFFICIENTNETB3_ADAPTED_3CLASS,PyTorch/torchvision,faithful three-class task-adapted reimplementation,42,S000439,ODIR,AMD_DRY,AMD_DRY,1,0.9993347525596619,0.0006419390556402504,2.3273181795957498e-05,2
HOGCNN_EFFICIENTNETB3_ADAPTED_3CLASS,PyTorch/torchvision,faithful three-class task-adapted reimplementation,42,S000441,ODIR,AMD_DRY,AMD_DRY,1,0.9999170303344727,7.985919364728034e-05,3.1455845146410866e-06,2
HOGCNN_EFFICIENTNETB3_ADAPTED_3CLASS,PyTorch/torchvision,faithful three-class task-adapted reimplementation,42,S000444,ODIR,AMD_DRY,AMD_DRY,1,0.9956764578819275,0.0012251811567693949,0.0030983772594481707,2
HOGCNN_EFFICIENTNETB3_ADAPTED_3CLASS,PyTorch/torchvision,faithful three-class task-adapted reimplementation,42,S000447,ODIR,AMD_WET,AMD_WET,1,8.121231076074764e-06,0.9999909400939941,9.844376336332061e-07,2
HOGCNN_EFFICIENTNETB3_ADAPTED_3CLASS,PyTorch/torchvision,faithful three-class task-adapted reimplementation,42,S000455,ODIR,AMD_WET,AMD_WET,1,8.71298834681511e-06,0.9999905824661255,6.664352554253128e-07,2
HOGCNN_EFFICIENTNETB3_ADAPTED_3CLASS,PyTorch/torchvision,faithful three-class task-adapted reimplementation,42,S000459,ODIR,AMD_WET,AMD_WET,1,0.00020616631081793457,0.9997926354408264,1.197573169520183e-06,2
HOGCNN_EFFICIENTNETB3_ADAPTED_3CLASS,PyTorch/torchvision,faithful three-class task-adapted reimplementation,42,S000460,ODIR,AMD_WET,AMD_DRY,0,0.9895834922790527,0.009022761136293411,0.0013938078191131353,2
HOGCNN_EFFICIENTNETB3_ADAPTED_3CLASS,PyTorch/torchvision,faithful three-class task-adapted reimplementation,42,S000465,ODIR,AMD_WET,AMD_WET,1,0.00197268626652658,0.9925199747085571,0.005507298745214939,2
HOGCNN_EFFICIENTNETB3_ADAPTED_3CLASS,PyTorch/torchvision,faithful three-class task-adapted reimplementation,42,S000472,ODIR,AMD_WET,AMD_DRY,0,0.9992665648460388,0.0007055331370793283,2.7847032470162958e-05,2
HOGCNN_EFFICIENTNETB3_ADAPTED_3CLASS,PyTorch/torchvision,faithful three-class task-adapted reimplementation,42,S000478,RFMID,NORMAL,NORMAL,1,3.0504315873258747e-05,1.1638111573120113e-05,0.999957799911499,2
HOGCNN_EFFICIENTNETB3_ADAPTED_3CLASS,PyTorch/torchvision,faithful three-class task-adapted reimplementation,42,S000481,RFMID,NORMAL,NORMAL,1,0.00017051947361323982,8.548327605240047e-05,0.9997439980506897,2
HOGCNN_EFFICIENTNETB3_ADAPTED_3CLASS,PyTorch/torchvision,faithful three-class task-adapted reimplementation,42,S000490,RFMID,NORMAL,AMD_DRY,0,0.6735870838165283,0.04242692515254021,0.28398600220680237,2
HOGCNN_EFFICIENTNETB3_ADAPTED_3CLASS,PyTorch/torchvision,faithful three-class task-adapted reimplementation,42,S000494,RFMID,NORMAL,AMD_DRY,0,0.990635097026825,0.00772271491587162,0.001642189105041325,2
HOGCNN_EFFICIENTNETB3_ADAPTED_3CLASS,PyTorch/torchvision,faithful three-class task-adapted reimplementation,42,S000498,RFMID,NORMAL,NORMAL,1,0.012688704766333103,0.08100737631320953,0.906303882598877,2
HOGCNN_EFFICIENTNETB3_ADAPTED_3CLASS,PyTorch/torchvision,faithful three-class task-adapted reimplementation,42,S000502,RFMID,NORMAL,NORMAL,1,7.505185095624256e-08,5.46736300677253e-09,0.9999998807907104,2
HOGCNN_EFFICIENTNETB3_ADAPTED_3CLASS,PyTorch/torchvision,faithful three-class task-adapted reimplementation,42,S000508,RFMID,NORMAL,NORMAL,1,2.1191275664023124e-05,1.6307145642713294e-06,0.9999771118164062,2
HOGCNN_EFFICIENTNETB3_ADAPTED_3CLASS,PyTorch/torchvision,faithful three-class task-adapted reimplementation,42,S000509,RFMID,NORMAL,NORMAL,1,4.617900776793249e-05,2.313810682608164e-06,0.9999516010284424,2
HOGCNN_EFFICIENTNETB3_ADAPTED_3CLASS,PyTorch/torchvision,faithful three-class task-adapted reimplementation,42,S000510,RFMID,NORMAL,NORMAL,1,2.4682893240424164e-07,1.6014670478625703e-08,0.9999997615814209,2
HOGCNN_EFFICIENTNETB3_ADAPTED_3CLASS,PyTorch/torchvision,faithful three-class task-adapted reimplementation,42,S000516,RFMID,NORMAL,NORMAL,1,3.3673286452540196e-06,4.200389014386019e-07,0.9999961853027344,2
HOGCNN_EFFICIENTNETB3_ADAPTED_3CLASS,PyTorch/torchvision,faithful three-class task-adapted reimplementation,42,S000517,RFMID,NORMAL,NORMAL,1,3.4142196625452925e-08,3.678218174485437e-09,1.0,2
HOGCNN_EFFICIENTNETB3_ADAPTED_3CLASS,PyTorch/torchvision,faithful three-class task-adapted reimplementation,42,S000518,RFMID,NORMAL,NORMAL,1,0.00013295466487761587,9.698618669062853e-06,0.9998574256896973,2
HOGCNN_EFFICIENTNETB3_ADAPTED_3CLASS,PyTorch/torchvision,faithful three-class task-adapted reimplementation,42,S000523,RFMID,NORMAL,NORMAL,1,9.903494174068328e-06,1.4009872302267468e-06,0.9999886751174927,2
HOGCNN_EFFICIENTNETB3_ADAPTED_3CLASS,PyTorch/torchvision,faithful three-class task-adapted reimplementation,42,S000537,RFMID,AMD_DRY,AMD_DRY,1,0.999969482421875,3.0242239517974667e-05,2.4567239620409964e-07,2
HOGCNN_EFFICIENTNETB3_ADAPTED_3CLASS,PyTorch/torchvision,faithful three-class task-adapted reimplementation,42,S000555,RFMID,AMD_WET,AMD_WET,1,9.373452769523283e-08,0.9999991655349731,7.478233783331234e-07,2
HOGCNN_EFFICIENTNETB3_ADAPTED_3CLASS,PyTorch/torchvision,faithful three-class task-adapted reimplementation,42,S000557,RFMID,AMD_WET,AMD_WET,1,3.5836935694533167e-06,0.9999954700469971,8.92342768565868e-07,2
HOGCNN_EFFICIENTNETB3_ADAPTED_3CLASS,PyTorch/torchvision,faithful three-class task-adapted reimplementation,42,S000559,RFMID,AMD_WET,AMD_WET,1,0.0016779553843662143,0.9980529546737671,0.00026910239830613136,2
HOGCNN_EFFICIENTNETB3_ADAPTED_3CLASS,PyTorch/torchvision,faithful three-class task-adapted reimplementation,42,S000568,RFMID,AMD_WET,AMD_WET,1,1.308015544054797e-05,0.9999666213989258,2.0274172129575163e-05,2
HOGCNN_EFFICIENTNETB3_ADAPTED_3CLASS,PyTorch/torchvision,faithful three-class task-adapted reimplementation,42,S000571,RFMID,AMD_WET,AMD_WET,1,9.926099409085509e-08,0.9999998807907104,2.1356797219596046e-08,2
HOGCNN_EFFICIENTNETB3_ADAPTED_3CLASS,PyTorch/torchvision,faithful three-class task-adapted reimplementation,42,S000572,RFMID,AMD_WET,AMD_WET,1,9.143156232127581e-10,1.0,7.008894159499235e-11,2
HOGCNN_EFFICIENTNETB3_ADAPTED_3CLASS,PyTorch/torchvision,faithful three-class task-adapted reimplementation,42,S000573,RFMID,AMD_WET,AMD_WET,1,0.23632000386714935,0.7633046507835388,0.00037532165879383683,2
HOGCNN_EFFICIENTNETB3_ADAPTED_3CLASS,PyTorch/torchvision,faithful three-class task-adapted reimplementation,42,S000586,RFMID,AMD_WET,AMD_DRY,0,0.9989652633666992,0.000978334923274815,5.648961814586073e-05,2
HOGCNN_EFFICIENTNETB3_ADAPTED_3CLASS,PyTorch/torchvision,faithful three-class task-adapted reimplementation,42,S000587,RFMID,AMD_WET,AMD_WET,1,3.423079397180118e-05,0.9999589920043945,6.768780167476507e-06,2
HOGCNN_EFFICIENTNETB3_ADAPTED_3CLASS,PyTorch/torchvision,faithful three-class task-adapted reimplementation,42,S000594,RFMID,AMD_WET,AMD_WET,1,1.280998162656033e-06,0.9999982118606567,4.835927711610566e-07,2
HOGCNN_EFFICIENTNETB3_ADAPTED_3CLASS,PyTorch/torchvision,faithful three-class task-adapted reimplementation,42,S000595,RFMID,AMD_WET,AMD_DRY,0,0.9986166954040527,0.001296690315939486,8.664291090099141e-05,2
HOGCNN_EFFICIENTNETB3_ADAPTED_3CLASS,PyTorch/torchvision,faithful three-class task-adapted reimplementation,42,S000012,ADAM,AMD_DRY,AMD_DRY,1,0.9847309589385986,0.008048714138567448,0.00722036138176918,3
HOGCNN_EFFICIENTNETB3_ADAPTED_3CLASS,PyTorch/torchvision,faithful three-class task-adapted reimplementation,42,S000014,ADAM,AMD_DRY,AMD_DRY,1,0.7317674160003662,0.04076538234949112,0.2274671494960785,3
HOGCNN_EFFICIENTNETB3_ADAPTED_3CLASS,PyTorch/torchvision,faithful three-class task-adapted reimplementation,42,S000016,ADAM,AMD_DRY,AMD_WET,0,0.08051623404026031,0.8269963264465332,0.09248743206262589,3
HOGCNN_EFFICIENTNETB3_ADAPTED_3CLASS,PyTorch/torchvision,faithful three-class task-adapted reimplementation,42,S000020,ADAM,AMD_DRY,NORMAL,0,0.07616544514894485,0.06885148584842682,0.8549830317497253,3
HOGCNN_EFFICIENTNETB3_ADAPTED_3CLASS,PyTorch/torchvision,faithful three-class task-adapted reimplementation,42,S000028,ADAM,AMD_DRY,NORMAL,0,0.2358647882938385,0.0033555596601217985,0.760779619216919,3
HOGCNN_EFFICIENTNETB3_ADAPTED_3CLASS,PyTorch/torchvision,faithful three-class task-adapted reimplementation,42,S000031,ADAM,AMD_DRY,NORMAL,0,0.001695251208730042,0.0005029988824389875,0.9978017210960388,3
HOGCNN_EFFICIENTNETB3_ADAPTED_3CLASS,PyTorch/torchvision,faithful three-class task-adapted reimplementation,42,S000034,ADAM,AMD_DRY,NORMAL,0,0.060042738914489746,0.4636247754096985,0.4763324558734894,3
HOGCNN_EFFICIENTNETB3_ADAPTED_3CLASS,PyTorch/torchvision,faithful three-class task-adapted reimplementation,42,S000036,ADAM,AMD_WET,AMD_WET,1,0.020304176956415176,0.9136373400688171,0.0660584419965744,3
HOGCNN_EFFICIENTNETB3_ADAPTED_3CLASS,PyTorch/torchvision,faithful three-class task-adapted reimplementation,42,S000038,ADAM,AMD_WET,AMD_WET,1,0.00038926006527617574,0.9994481205940247,0.00016265989688690752,3
HOGCNN_EFFICIENTNETB3_ADAPTED_3CLASS,PyTorch/torchvision,faithful three-class task-adapted reimplementation,42,S000050,ADAM,AMD_WET,AMD_WET,1,0.0002938572142738849,0.9996635913848877,4.2505431338213384e-05,3
HOGCNN_EFFICIENTNETB3_ADAPTED_3CLASS,PyTorch/torchvision,faithful three-class task-adapted reimplementation,42,S000058,FIVES,NORMAL,NORMAL,1,3.2507239211554406e-06,4.258803869561234e-07,0.9999963045120239,3
HOGCNN_EFFICIENTNETB3_ADAPTED_3CLASS,PyTorch/torchvision,faithful three-class task-adapted reimplementation,42,S000061,FIVES,NORMAL,NORMAL,1,8.355831232620403e-05,1.0597808795864694e-05,0.9999058246612549,3
HOGCNN_EFFICIENTNETB3_ADAPTED_3CLASS,PyTorch/torchvision,faithful three-class task-adapted reimplementation,42,S000070,FIVES,NORMAL,NORMAL,1,0.00012524494377430528,1.213596715388121e-05,0.999862551689148,3
HOGCNN_EFFICIENTNETB3_ADAPTED_3CLASS,PyTorch/torchvision,faithful three-class task-adapted reimplementation,42,S000073,FIVES,NORMAL,NORMAL,1,0.0003520554746501148,8.70911535457708e-05,0.9995607733726501,3
HOGCNN_EFFICIENTNETB3_ADAPTED_3CLASS,PyTorch/torchvision,faithful three-class task-adapted reimplementation,42,S000075,FIVES,NORMAL,NORMAL,1,3.5600096452981234e-05,1.5778033457536367e-06,0.9999628067016602,3
HOGCNN_EFFICIENTNETB3_ADAPTED_3CLASS,PyTorch/torchvision,faithful three-class task-adapted reimplementation,42,S000076,FIVES,NORMAL,NORMAL,1,0.00020343346113804728,4.8199930461123586e-05,0.9997484087944031,3
HOGCNN_EFFICIENTNETB3_ADAPTED_3CLASS,PyTorch/torchvision,faithful three-class task-adapted reimplementation,42,S000080,FIVES,NORMAL,NORMAL,1,7.538124009442981e-06,2.2713559246767545e-06,0.9999902248382568,3
HOGCNN_EFFICIENTNETB3_ADAPTED_3CLASS,PyTorch/torchvision,faithful three-class task-adapted reimplementation,42,S000082,FIVES,NORMAL,NORMAL,1,9.278368088416755e-05,0.00010709554771892726,0.9998001456260681,3
HOGCNN_EFFICIENTNETB3_ADAPTED_3CLASS,PyTorch/torchvision,faithful three-class task-adapted reimplementation,42,S000086,FIVES,NORMAL,NORMAL,1,0.005155597813427448,0.0019162660464644432,0.9929282069206238,3
HOGCNN_EFFICIENTNETB3_ADAPTED_3CLASS,PyTorch/torchvision,faithful three-class task-adapted reimplementation,42,S000087,FIVES,NORMAL,NORMAL,1,9.748846059665084e-05,1.9484046788420528e-05,0.9998830556869507,3
HOGCNN_EFFICIENTNETB3_ADAPTED_3CLASS,PyTorch/torchvision,faithful three-class task-adapted reimplementation,42,S000104,FIVES,NORMAL,NORMAL,1,0.00017805279640015215,5.973769475531299e-06,0.9998160004615784,3
HOGCNN_EFFICIENTNETB3_ADAPTED_3CLASS,PyTorch/torchvision,faithful three-class task-adapted reimplementation,42,S000115,FIVES,NORMAL,NORMAL,1,0.0003524037019815296,2.90903881250415e-05,0.9996185302734375,3
HOGCNN_EFFICIENTNETB3_ADAPTED_3CLASS,PyTorch/torchvision,faithful three-class task-adapted reimplementation,42,S000116,FIVES,NORMAL,NORMAL,1,0.010042085312306881,0.0011394185712561011,0.9888184666633606,3
HOGCNN_EFFICIENTNETB3_ADAPTED_3CLASS,PyTorch/torchvision,faithful three-class task-adapted reimplementation,42,S000127,FIVES,NORMAL,NORMAL,1,0.00016936584142968059,3.157801620545797e-05,0.9997990727424622,3
HOGCNN_EFFICIENTNETB3_ADAPTED_3CLASS,PyTorch/torchvision,faithful three-class task-adapted reimplementation,42,S000129,FIVES,NORMAL,NORMAL,1,0.0004050424322485924,3.4517175663495436e-05,0.9995604157447815,3
HOGCNN_EFFICIENTNETB3_ADAPTED_3CLASS,PyTorch/torchvision,faithful three-class task-adapted reimplementation,42,S000132,FIVES,NORMAL,NORMAL,1,3.350541737745516e-05,2.7822952688438818e-06,0.9999637603759766,3
HOGCNN_EFFICIENTNETB3_ADAPTED_3CLASS,PyTorch/torchvision,faithful three-class task-adapted reimplementation,42,S000139,FIVES,NORMAL,NORMAL,1,0.00024823384592309594,3.631185973063111e-05,0.9997153878211975,3
HOGCNN_EFFICIENTNETB3_ADAPTED_3CLASS,PyTorch/torchvision,faithful three-class task-adapted reimplementation,42,S000140,FIVES,NORMAL,NORMAL,1,8.399177750106901e-05,2.5016253857756965e-05,0.999890923500061,3
HOGCNN_EFFICIENTNETB3_ADAPTED_3CLASS,PyTorch/torchvision,faithful three-class task-adapted reimplementation,42,S000144,FIVES,NORMAL,NORMAL,1,0.00012501017772592604,1.7563401343068108e-05,0.9998574256896973,3
HOGCNN_EFFICIENTNETB3_ADAPTED_3CLASS,PyTorch/torchvision,faithful three-class task-adapted reimplementation,42,S000148,FIVES,NORMAL,NORMAL,1,0.00026827145484276116,2.4890008717193268e-05,0.9997068047523499,3
HOGCNN_EFFICIENTNETB3_ADAPTED_3CLASS,PyTorch/torchvision,faithful three-class task-adapted reimplementation,42,S000152,FIVES,AMD_DRY,AMD_WET,0,0.38026049733161926,0.6102824211120605,0.009457103908061981,3
HOGCNN_EFFICIENTNETB3_ADAPTED_3CLASS,PyTorch/torchvision,faithful three-class task-adapted reimplementation,42,S000156,FIVES,AMD_DRY,AMD_WET,0,0.005364908836781979,0.9945539236068726,8.117195829981938e-05,3
HOGCNN_EFFICIENTNETB3_ADAPTED_3CLASS,PyTorch/torchvision,faithful three-class task-adapted reimplementation,42,S000161,FIVES,AMD_DRY,AMD_WET,0,5.578119453275576e-05,0.9999315738677979,1.2638141015486326e-05,3
HOGCNN_EFFICIENTNETB3_ADAPTED_3CLASS,PyTorch/torchvision,faithful three-class task-adapted reimplementation,42,S000170,FIVES,AMD_WET,AMD_WET,1,0.0003873577225022018,0.998950719833374,0.0006619042833335698,3
HOGCNN_EFFICIENTNETB3_ADAPTED_3CLASS,PyTorch/torchvision,faithful three-class task-adapted reimplementation,42,S000172,FIVES,AMD_WET,AMD_WET,1,0.00068675383226946,0.9988969564437866,0.00041623166180215776,3
HOGCNN_EFFICIENTNETB3_ADAPTED_3CLASS,PyTorch/torchvision,faithful three-class task-adapted reimplementation,42,S000173,FIVES,AMD_WET,AMD_WET,1,1.056737914950645e-06,0.9999969005584717,2.0959578250767663e-06,3
HOGCNN_EFFICIENTNETB3_ADAPTED_3CLASS,PyTorch/torchvision,faithful three-class task-adapted reimplementation,42,S000174,FIVES,AMD_WET,AMD_WET,1,0.000217310109292157,0.9997099041938782,7.277748227352276e-05,3
HOGCNN_EFFICIENTNETB3_ADAPTED_3CLASS,PyTorch/torchvision,faithful three-class task-adapted reimplementation,42,S000190,FIVES,AMD_WET,AMD_WET,1,0.005315587390214205,0.9934989213943481,0.00118554150685668,3
HOGCNN_EFFICIENTNETB3_ADAPTED_3CLASS,PyTorch/torchvision,faithful three-class task-adapted reimplementation,42,S000193,FIVES,AMD_WET,AMD_WET,1,0.0009489268995821476,0.9980930685997009,0.0009580070618540049,3
HOGCNN_EFFICIENTNETB3_ADAPTED_3CLASS,PyTorch/torchvision,faithful three-class task-adapted reimplementation,42,S000200,FIVES,AMD_WET,AMD_WET,1,0.11034916341304779,0.8890882134437561,0.0005626145866699517,3
HOGCNN_EFFICIENTNETB3_ADAPTED_3CLASS,PyTorch/torchvision,faithful three-class task-adapted reimplementation,42,S000201,FIVES,AMD_WET,AMD_WET,1,0.0003973974962718785,0.9995218515396118,8.071240881690755e-05,3
HOGCNN_EFFICIENTNETB3_ADAPTED_3CLASS,PyTorch/torchvision,faithful three-class task-adapted reimplementation,42,S000204,FIVES,AMD_WET,AMD_WET,1,0.004533581435680389,0.9819506406784058,0.013515766710042953,3
HOGCNN_EFFICIENTNETB3_ADAPTED_3CLASS,PyTorch/torchvision,faithful three-class task-adapted reimplementation,42,S000207,FIVES,AMD_WET,AMD_WET,1,0.0025709145702421665,0.9969373941421509,0.0004917553742416203,3
HOGCNN_EFFICIENTNETB3_ADAPTED_3CLASS,PyTorch/torchvision,faithful three-class task-adapted reimplementation,42,S000208,FIVES,AMD_WET,AMD_WET,1,0.3023759126663208,0.5302978754043579,0.1673262119293213,3
HOGCNN_EFFICIENTNETB3_ADAPTED_3CLASS,PyTorch/torchvision,faithful three-class task-adapted reimplementation,42,S000213,FIVES,AMD_WET,AMD_WET,1,2.7890444471267983e-05,0.9998407363891602,0.00013140426017343998,3
HOGCNN_EFFICIENTNETB3_ADAPTED_3CLASS,PyTorch/torchvision,faithful three-class task-adapted reimplementation,42,S000216,FIVES,AMD_WET,AMD_WET,1,7.380433544312837e-06,0.9999912977218628,1.2859613889304455e-06,3
HOGCNN_EFFICIENTNETB3_ADAPTED_3CLASS,PyTorch/torchvision,faithful three-class task-adapted reimplementation,42,S000220,FIVES,AMD_WET,AMD_WET,1,0.0006818962865509093,0.9973924160003662,0.0019256086088716984,3
HOGCNN_EFFICIENTNETB3_ADAPTED_3CLASS,PyTorch/torchvision,faithful three-class task-adapted reimplementation,42,S000239,ODIR,NORMAL,NORMAL,1,0.00030072295339778066,1.1668192200886551e-05,0.999687671661377,3
HOGCNN_EFFICIENTNETB3_ADAPTED_3CLASS,PyTorch/torchvision,faithful three-class task-adapted reimplementation,42,S000251,ODIR,NORMAL,NORMAL,1,0.0003476070414762944,4.635262030205922e-06,0.9996477365493774,3
HOGCNN_EFFICIENTNETB3_ADAPTED_3CLASS,PyTorch/torchvision,faithful three-class task-adapted reimplementation,42,S000257,ODIR,NORMAL,NORMAL,1,1.4750750779057853e-05,9.153662290373177e-07,0.9999842643737793,3
HOGCNN_EFFICIENTNETB3_ADAPTED_3CLASS,PyTorch/torchvision,faithful three-class task-adapted reimplementation,42,S000263,ODIR,NORMAL,NORMAL,1,0.00038450342253781855,5.410453013610095e-05,0.9995613694190979,3
HOGCNN_EFFICIENTNETB3_ADAPTED_3CLASS,PyTorch/torchvision,faithful three-class task-adapted reimplementation,42,S000270,ODIR,NORMAL,NORMAL,1,2.5393614123458974e-05,1.4236370589060243e-06,0.9999731779098511,3
HOGCNN_EFFICIENTNETB3_ADAPTED_3CLASS,PyTorch/torchvision,faithful three-class task-adapted reimplementation,42,S000273,ODIR,NORMAL,NORMAL,1,0.00020434719044715166,1.0799836672958918e-05,0.9997847676277161,3
HOGCNN_EFFICIENTNETB3_ADAPTED_3CLASS,PyTorch/torchvision,faithful three-class task-adapted reimplementation,42,S000277,ODIR,NORMAL,NORMAL,1,0.000501111033372581,4.279847416910343e-05,0.9994561076164246,3
HOGCNN_EFFICIENTNETB3_ADAPTED_3CLASS,PyTorch/torchvision,faithful three-class task-adapted reimplementation,42,S000278,ODIR,NORMAL,NORMAL,1,1.709364187263418e-05,3.2026121061790036e-06,0.9999797344207764,3
HOGCNN_EFFICIENTNETB3_ADAPTED_3CLASS,PyTorch/torchvision,faithful three-class task-adapted reimplementation,42,S000296,ODIR,NORMAL,NORMAL,1,4.943426756653935e-05,9.83690370048862e-06,0.9999406337738037,3
HOGCNN_EFFICIENTNETB3_ADAPTED_3CLASS,PyTorch/torchvision,faithful three-class task-adapted reimplementation,42,S000301,ODIR,NORMAL,NORMAL,1,0.0013626758009195328,0.0003403555601835251,0.9982970356941223,3
HOGCNN_EFFICIENTNETB3_ADAPTED_3CLASS,PyTorch/torchvision,faithful three-class task-adapted reimplementation,42,S000306,ODIR,NORMAL,NORMAL,1,0.0005178633728064597,1.8848613763111643e-05,0.9994633793830872,3
HOGCNN_EFFICIENTNETB3_ADAPTED_3CLASS,PyTorch/torchvision,faithful three-class task-adapted reimplementation,42,S000308,ODIR,NORMAL,NORMAL,1,0.0005070445477031171,7.450713746948168e-05,0.9994184970855713,3
HOGCNN_EFFICIENTNETB3_ADAPTED_3CLASS,PyTorch/torchvision,faithful three-class task-adapted reimplementation,42,S000319,ODIR,NORMAL,NORMAL,1,0.0019618880469352007,0.00012589144171215594,0.9979122281074524,3
HOGCNN_EFFICIENTNETB3_ADAPTED_3CLASS,PyTorch/torchvision,faithful three-class task-adapted reimplementation,42,S000324,ODIR,NORMAL,NORMAL,1,0.0021923533640801907,0.00022659875685349107,0.9975811243057251,3
HOGCNN_EFFICIENTNETB3_ADAPTED_3CLASS,PyTorch/torchvision,faithful three-class task-adapted reimplementation,42,S000325,ODIR,NORMAL,NORMAL,1,0.0006674836040474474,6.0159632994327694e-05,0.9992724061012268,3
HOGCNN_EFFICIENTNETB3_ADAPTED_3CLASS,PyTorch/torchvision,faithful three-class task-adapted reimplementation,42,S000328,ODIR,NORMAL,NORMAL,1,7.343399192905053e-05,1.5706905287515838e-06,0.9999250173568726,3
HOGCNN_EFFICIENTNETB3_ADAPTED_3CLASS,PyTorch/torchvision,faithful three-class task-adapted reimplementation,42,S000331,ODIR,NORMAL,NORMAL,1,0.0005317339091561735,0.0005992549704387784,0.9988688826560974,3
HOGCNN_EFFICIENTNETB3_ADAPTED_3CLASS,PyTorch/torchvision,faithful three-class task-adapted reimplementation,42,S000334,ODIR,NORMAL,NORMAL,1,8.811940460873302e-06,5.077441528555937e-06,0.9999860525131226,3
HOGCNN_EFFICIENTNETB3_ADAPTED_3CLASS,PyTorch/torchvision,faithful three-class task-adapted reimplementation,42,S000338,ODIR,NORMAL,NORMAL,1,2.3219150534714572e-05,4.442170393303968e-06,0.9999723434448242,3
HOGCNN_EFFICIENTNETB3_ADAPTED_3CLASS,PyTorch/torchvision,faithful three-class task-adapted reimplementation,42,S000339,ODIR,NORMAL,NORMAL,1,2.216696520918049e-05,4.552720383799169e-06,0.9999732971191406,3
HOGCNN_EFFICIENTNETB3_ADAPTED_3CLASS,PyTorch/torchvision,faithful three-class task-adapted reimplementation,42,S000342,ODIR,NORMAL,NORMAL,1,9.631123975850642e-05,7.371882929874118e-06,0.9998962879180908,3
HOGCNN_EFFICIENTNETB3_ADAPTED_3CLASS,PyTorch/torchvision,faithful three-class task-adapted reimplementation,42,S000348,ODIR,NORMAL,NORMAL,1,0.0020701768808066845,0.0006601246423088014,0.9972696900367737,3
HOGCNN_EFFICIENTNETB3_ADAPTED_3CLASS,PyTorch/torchvision,faithful three-class task-adapted reimplementation,42,S000354,ODIR,NORMAL,NORMAL,1,0.0006357108941301703,0.00010713318624766544,0.9992571473121643,3
HOGCNN_EFFICIENTNETB3_ADAPTED_3CLASS,PyTorch/torchvision,faithful three-class task-adapted reimplementation,42,S000357,ODIR,NORMAL,NORMAL,1,1.6834907000884414e-05,4.4190966264068265e-07,0.9999827146530151,3
HOGCNN_EFFICIENTNETB3_ADAPTED_3CLASS,PyTorch/torchvision,faithful three-class task-adapted reimplementation,42,S000362,ODIR,NORMAL,NORMAL,1,0.0006219931528903544,7.228815229609609e-05,0.9993057250976562,3
HOGCNN_EFFICIENTNETB3_ADAPTED_3CLASS,PyTorch/torchvision,faithful three-class task-adapted reimplementation,42,S000367,ODIR,AMD_DRY,AMD_WET,0,0.013059182092547417,0.97853684425354,0.008403909392654896,3
HOGCNN_EFFICIENTNETB3_ADAPTED_3CLASS,PyTorch/torchvision,faithful three-class task-adapted reimplementation,42,S000373,ODIR,AMD_DRY,AMD_WET,0,0.0013471179408952594,0.9979627132415771,0.0006901862216182053,3
HOGCNN_EFFICIENTNETB3_ADAPTED_3CLASS,PyTorch/torchvision,faithful three-class task-adapted reimplementation,42,S000375,ODIR,AMD_DRY,AMD_DRY,1,0.8636841773986816,0.13167664408683777,0.004639097489416599,3
HOGCNN_EFFICIENTNETB3_ADAPTED_3CLASS,PyTorch/torchvision,faithful three-class task-adapted reimplementation,42,S000381,ODIR,AMD_DRY,AMD_WET,0,0.4332808554172516,0.5623253583908081,0.004393778741359711,3
HOGCNN_EFFICIENTNETB3_ADAPTED_3CLASS,PyTorch/torchvision,faithful three-class task-adapted reimplementation,42,S000389,ODIR,AMD_DRY,AMD_DRY,1,0.6979756951332092,0.13942740857601166,0.1625969260931015,3
HOGCNN_EFFICIENTNETB3_ADAPTED_3CLASS,PyTorch/torchvision,faithful three-class task-adapted reimplementation,42,S000394,ODIR,AMD_DRY,AMD_DRY,1,0.955712080001831,0.04334191232919693,0.0009459973662160337,3
HOGCNN_EFFICIENTNETB3_ADAPTED_3CLASS,PyTorch/torchvision,faithful three-class task-adapted reimplementation,42,S000399,ODIR,AMD_DRY,AMD_WET,0,0.0019196918001398444,0.9976969361305237,0.00038333411794155836,3
HOGCNN_EFFICIENTNETB3_ADAPTED_3CLASS,PyTorch/torchvision,faithful three-class task-adapted reimplementation,42,S000411,ODIR,AMD_DRY,AMD_DRY,1,0.9469985365867615,0.04802360385656357,0.004977807402610779,3
HOGCNN_EFFICIENTNETB3_ADAPTED_3CLASS,PyTorch/torchvision,faithful three-class task-adapted reimplementation,42,S000412,ODIR,AMD_DRY,AMD_WET,0,0.310201495885849,0.42686745524406433,0.26293104887008667,3
HOGCNN_EFFICIENTNETB3_ADAPTED_3CLASS,PyTorch/torchvision,faithful three-class task-adapted reimplementation,42,S000417,ODIR,AMD_DRY,AMD_DRY,1,0.8807881474494934,0.010138389654457569,0.10907339304685593,3
HOGCNN_EFFICIENTNETB3_ADAPTED_3CLASS,PyTorch/torchvision,faithful three-class task-adapted reimplementation,42,S000418,ODIR,AMD_DRY,AMD_WET,0,1.0022487003880087e-05,0.9999865293502808,3.4629058518476086e-06,3
HOGCNN_EFFICIENTNETB3_ADAPTED_3CLASS,PyTorch/torchvision,faithful three-class task-adapted reimplementation,42,S000423,ODIR,AMD_DRY,NORMAL,0,0.002638213336467743,0.043711643666028976,0.9536501169204712,3
HOGCNN_EFFICIENTNETB3_ADAPTED_3CLASS,PyTorch/torchvision,faithful three-class task-adapted reimplementation,42,S000426,ODIR,AMD_DRY,NORMAL,0,0.04277397319674492,0.001028329017572105,0.9561977386474609,3
HOGCNN_EFFICIENTNETB3_ADAPTED_3CLASS,PyTorch/torchvision,faithful three-class task-adapted reimplementation,42,S000435,ODIR,AMD_DRY,AMD_DRY,1,0.9979021549224854,0.001328821643255651,0.000769068137742579,3
HOGCNN_EFFICIENTNETB3_ADAPTED_3CLASS,PyTorch/torchvision,faithful three-class task-adapted reimplementation,42,S000440,ODIR,AMD_DRY,NORMAL,0,0.00034506397787481546,4.051131327287294e-05,0.9996143579483032,3
HOGCNN_EFFICIENTNETB3_ADAPTED_3CLASS,PyTorch/torchvision,faithful three-class task-adapted reimplementation,42,S000442,ODIR,AMD_DRY,AMD_DRY,1,0.7467468976974487,0.00974892545491457,0.24350418150424957,3
HOGCNN_EFFICIENTNETB3_ADAPTED_3CLASS,PyTorch/torchvision,faithful three-class task-adapted reimplementation,42,S000448,ODIR,AMD_WET,AMD_WET,1,0.10330814123153687,0.8531204462051392,0.04357137903571129,3
HOGCNN_EFFICIENTNETB3_ADAPTED_3CLASS,PyTorch/torchvision,faithful three-class task-adapted reimplementation,42,S000453,ODIR,AMD_WET,AMD_DRY,0,0.7119502425193787,0.17326556146144867,0.11478416621685028,3
HOGCNN_EFFICIENTNETB3_ADAPTED_3CLASS,PyTorch/torchvision,faithful three-class task-adapted reimplementation,42,S000457,ODIR,AMD_WET,AMD_WET,1,0.000783930066972971,0.9988400340080261,0.0003760141262318939,3
HOGCNN_EFFICIENTNETB3_ADAPTED_3CLASS,PyTorch/torchvision,faithful three-class task-adapted reimplementation,42,S000458,ODIR,AMD_WET,AMD_WET,1,0.007618841249495745,0.9770269989967346,0.015354192815721035,3
HOGCNN_EFFICIENTNETB3_ADAPTED_3CLASS,PyTorch/torchvision,faithful three-class task-adapted reimplementation,42,S000461,ODIR,AMD_WET,AMD_WET,1,0.005229063797742128,0.994202196598053,0.000568705378100276,3
HOGCNN_EFFICIENTNETB3_ADAPTED_3CLASS,PyTorch/torchvision,faithful three-class task-adapted reimplementation,42,S000464,ODIR,AMD_WET,AMD_WET,1,1.0416119948786218e-05,0.9999853372573853,4.223377345624613e-06,3
HOGCNN_EFFICIENTNETB3_ADAPTED_3CLASS,PyTorch/torchvision,faithful three-class task-adapted reimplementation,42,S000473,RFMID,NORMAL,NORMAL,1,3.68933797290083e-06,4.325290490214684e-07,0.9999958276748657,3
HOGCNN_EFFICIENTNETB3_ADAPTED_3CLASS,PyTorch/torchvision,faithful three-class task-adapted reimplementation,42,S000482,RFMID,NORMAL,NORMAL,1,0.0006949711823835969,0.00041544970008544624,0.9988896250724792,3
HOGCNN_EFFICIENTNETB3_ADAPTED_3CLASS,PyTorch/torchvision,faithful three-class task-adapted reimplementation,42,S000497,RFMID,NORMAL,NORMAL,1,0.00028325116727501154,7.070013452903368e-06,0.9997096657752991,3
HOGCNN_EFFICIENTNETB3_ADAPTED_3CLASS,PyTorch/torchvision,faithful three-class task-adapted reimplementation,42,S000499,RFMID,NORMAL,NORMAL,1,0.002016836078837514,0.00011981337593169883,0.9978633522987366,3
HOGCNN_EFFICIENTNETB3_ADAPTED_3CLASS,PyTorch/torchvision,faithful three-class task-adapted reimplementation,42,S000500,RFMID,NORMAL,NORMAL,1,0.002773471176624298,0.00034533211146481335,0.9968812465667725,3
HOGCNN_EFFICIENTNETB3_ADAPTED_3CLASS,PyTorch/torchvision,faithful three-class task-adapted reimplementation,42,S000505,RFMID,NORMAL,NORMAL,1,8.885410352377221e-05,1.2967789189133327e-05,0.9998981952667236,3
HOGCNN_EFFICIENTNETB3_ADAPTED_3CLASS,PyTorch/torchvision,faithful three-class task-adapted reimplementation,42,S000512,RFMID,NORMAL,NORMAL,1,3.77676428797713e-06,1.6492576548898796e-07,0.9999960660934448,3
HOGCNN_EFFICIENTNETB3_ADAPTED_3CLASS,PyTorch/torchvision,faithful three-class task-adapted reimplementation,42,S000514,RFMID,NORMAL,NORMAL,1,0.0006916164420545101,0.00015319710655603558,0.9991551637649536,3
HOGCNN_EFFICIENTNETB3_ADAPTED_3CLASS,PyTorch/torchvision,faithful three-class task-adapted reimplementation,42,S000521,RFMID,NORMAL,NORMAL,1,0.004010388627648354,0.0012706347042694688,0.9947190284729004,3
HOGCNN_EFFICIENTNETB3_ADAPTED_3CLASS,PyTorch/torchvision,faithful three-class task-adapted reimplementation,42,S000524,RFMID,NORMAL,NORMAL,1,9.4322467703023e-06,1.41861005431565e-06,0.9999891519546509,3
HOGCNN_EFFICIENTNETB3_ADAPTED_3CLASS,PyTorch/torchvision,faithful three-class task-adapted reimplementation,42,S000530,RFMID,NORMAL,NORMAL,1,0.000496208609547466,0.00029340232140384614,0.9992103576660156,3
HOGCNN_EFFICIENTNETB3_ADAPTED_3CLASS,PyTorch/torchvision,faithful three-class task-adapted reimplementation,42,S000534,RFMID,NORMAL,NORMAL,1,1.1571522009035107e-05,1.9602734937507194e-06,0.9999865293502808,3
HOGCNN_EFFICIENTNETB3_ADAPTED_3CLASS,PyTorch/torchvision,faithful three-class task-adapted reimplementation,42,S000540,RFMID,AMD_DRY,AMD_WET,0,0.023635156452655792,0.9677814841270447,0.008583328686654568,3
HOGCNN_EFFICIENTNETB3_ADAPTED_3CLASS,PyTorch/torchvision,faithful three-class task-adapted reimplementation,42,S000541,RFMID,AMD_DRY,AMD_WET,0,0.00452428450807929,0.9943602681159973,0.0011154987150803208,3
HOGCNN_EFFICIENTNETB3_ADAPTED_3CLASS,PyTorch/torchvision,faithful three-class task-adapted reimplementation,42,S000544,RFMID,AMD_WET,AMD_WET,1,0.005288311280310154,0.9906558394432068,0.004055918660014868,3
HOGCNN_EFFICIENTNETB3_ADAPTED_3CLASS,PyTorch/torchvision,faithful three-class task-adapted reimplementation,42,S000546,RFMID,AMD_WET,AMD_WET,1,7.768674663566344e-07,0.9999990463256836,1.3214021521434915e-07,3
HOGCNN_EFFICIENTNETB3_ADAPTED_3CLASS,PyTorch/torchvision,faithful three-class task-adapted reimplementation,42,S000549,RFMID,AMD_WET,AMD_WET,1,7.416332437060191e-07,0.9999984502792358,7.493091516153072e-07,3
HOGCNN_EFFICIENTNETB3_ADAPTED_3CLASS,PyTorch/torchvision,faithful three-class task-adapted reimplementation,42,S000560,RFMID,AMD_WET,AMD_WET,1,6.041624510544352e-05,0.9999264478683472,1.3144704098522197e-05,3
HOGCNN_EFFICIENTNETB3_ADAPTED_3CLASS,PyTorch/torchvision,faithful three-class task-adapted reimplementation,42,S000561,RFMID,AMD_WET,AMD_WET,1,1.5466218883375404e-07,0.9999996423721313,2.224618071977602e-07,3
HOGCNN_EFFICIENTNETB3_ADAPTED_3CLASS,PyTorch/torchvision,faithful three-class task-adapted reimplementation,42,S000562,RFMID,AMD_WET,AMD_WET,1,0.03791995719075203,0.945686399936676,0.016393687576055527,3
HOGCNN_EFFICIENTNETB3_ADAPTED_3CLASS,PyTorch/torchvision,faithful three-class task-adapted reimplementation,42,S000563,RFMID,AMD_WET,AMD_WET,1,0.0005889474996365607,0.9975372552871704,0.0018738325452432036,3
HOGCNN_EFFICIENTNETB3_ADAPTED_3CLASS,PyTorch/torchvision,faithful three-class task-adapted reimplementation,42,S000564,RFMID,AMD_WET,AMD_WET,1,0.3106057643890381,0.606296181678772,0.08309802412986755,3
HOGCNN_EFFICIENTNETB3_ADAPTED_3CLASS,PyTorch/torchvision,faithful three-class task-adapted reimplementation,42,S000569,RFMID,AMD_WET,AMD_WET,1,0.00012903561582788825,0.9973745346069336,0.0024964616168290377,3
HOGCNN_EFFICIENTNETB3_ADAPTED_3CLASS,PyTorch/torchvision,faithful three-class task-adapted reimplementation,42,S000593,RFMID,AMD_WET,AMD_WET,1,4.653098528706323e-07,0.9999994039535522,1.7925800932516722e-07,3
HOGCNN_EFFICIENTNETB3_ADAPTED_3CLASS,PyTorch/torchvision,faithful three-class task-adapted reimplementation,42,S000596,RFMID,AMD_WET,AMD_WET,1,5.34511627847678e-07,0.9999994039535522,2.9019005864938663e-08,3
HOGCNN_EFFICIENTNETB3_ADAPTED_3CLASS,PyTorch/torchvision,faithful three-class task-adapted reimplementation,42,S000001,ADAM,AMD_DRY,AMD_DRY,1,0.9891854524612427,0.006532621569931507,0.004281966015696526,4
HOGCNN_EFFICIENTNETB3_ADAPTED_3CLASS,PyTorch/torchvision,faithful three-class task-adapted reimplementation,42,S000015,ADAM,AMD_DRY,AMD_DRY,1,0.9999955892562866,3.538576265782467e-06,7.964351880218601e-07,4
HOGCNN_EFFICIENTNETB3_ADAPTED_3CLASS,PyTorch/torchvision,faithful three-class task-adapted reimplementation,42,S000018,ADAM,AMD_DRY,AMD_DRY,1,0.9998655319213867,6.787588790757582e-05,6.658240454271436e-05,4
HOGCNN_EFFICIENTNETB3_ADAPTED_3CLASS,PyTorch/torchvision,faithful three-class task-adapted reimplementation,42,S000021,ADAM,AMD_DRY,AMD_DRY,1,0.9810091257095337,5.264917854219675e-05,0.018938293680548668,4
HOGCNN_EFFICIENTNETB3_ADAPTED_3CLASS,PyTorch/torchvision,faithful three-class task-adapted reimplementation,42,S000023,ADAM,AMD_DRY,AMD_DRY,1,0.8637635111808777,0.13595761358737946,0.0002788097772281617,4
HOGCNN_EFFICIENTNETB3_ADAPTED_3CLASS,PyTorch/torchvision,faithful three-class task-adapted reimplementation,42,S000024,ADAM,AMD_DRY,AMD_DRY,1,0.9999850988388062,7.34876857677591e-06,7.5191019277554005e-06,4
HOGCNN_EFFICIENTNETB3_ADAPTED_3CLASS,PyTorch/torchvision,faithful three-class task-adapted reimplementation,42,S000030,ADAM,AMD_DRY,NORMAL,0,4.0117647586157545e-05,5.983015398669522e-07,0.9999592304229736,4
HOGCNN_EFFICIENTNETB3_ADAPTED_3CLASS,PyTorch/torchvision,faithful three-class task-adapted reimplementation,42,S000041,ADAM,AMD_WET,AMD_WET,1,2.6892782898357837e-06,0.9999971389770508,1.2623659984001279e-07,4
HOGCNN_EFFICIENTNETB3_ADAPTED_3CLASS,PyTorch/torchvision,faithful three-class task-adapted reimplementation,42,S000042,ADAM,AMD_WET,AMD_WET,1,2.6770927433972247e-05,0.9999593496322632,1.3848987691744696e-05,4
HOGCNN_EFFICIENTNETB3_ADAPTED_3CLASS,PyTorch/torchvision,faithful three-class task-adapted reimplementation,42,S000043,ADAM,AMD_WET,AMD_WET,1,2.3143289581639692e-05,0.9999756813049316,1.1240379080845742e-06,4
HOGCNN_EFFICIENTNETB3_ADAPTED_3CLASS,PyTorch/torchvision,faithful three-class task-adapted reimplementation,42,S000053,FIVES,NORMAL,NORMAL,1,3.4166752982400794e-08,1.5123784169457366e-10,1.0,4
HOGCNN_EFFICIENTNETB3_ADAPTED_3CLASS,PyTorch/torchvision,faithful three-class task-adapted reimplementation,42,S000057,FIVES,NORMAL,NORMAL,1,3.426250259508379e-06,1.4024018391012305e-08,0.999996542930603,4
HOGCNN_EFFICIENTNETB3_ADAPTED_3CLASS,PyTorch/torchvision,faithful three-class task-adapted reimplementation,42,S000065,FIVES,NORMAL,NORMAL,1,2.2310534404823557e-05,1.5444609857695468e-07,0.9999775886535645,4
HOGCNN_EFFICIENTNETB3_ADAPTED_3CLASS,PyTorch/torchvision,faithful three-class task-adapted reimplementation,42,S000066,FIVES,NORMAL,NORMAL,1,8.771519901529246e-07,1.528470683354044e-08,0.9999991655349731,4
HOGCNN_EFFICIENTNETB3_ADAPTED_3CLASS,PyTorch/torchvision,faithful three-class task-adapted reimplementation,42,S000067,FIVES,NORMAL,NORMAL,1,7.1519066295877565e-06,5.4964672813184734e-08,0.999992847442627,4
HOGCNN_EFFICIENTNETB3_ADAPTED_3CLASS,PyTorch/torchvision,faithful three-class task-adapted reimplementation,42,S000074,FIVES,NORMAL,NORMAL,1,2.4568926164647564e-06,1.8160659642774135e-09,0.9999974966049194,4
HOGCNN_EFFICIENTNETB3_ADAPTED_3CLASS,PyTorch/torchvision,faithful three-class task-adapted reimplementation,42,S000077,FIVES,NORMAL,NORMAL,1,5.708222943212604e-07,1.3313088409461216e-08,0.9999994039535522,4
HOGCNN_EFFICIENTNETB3_ADAPTED_3CLASS,PyTorch/torchvision,faithful three-class task-adapted reimplementation,42,S000081,FIVES,NORMAL,NORMAL,1,8.115473804082285e-08,6.277967035117626e-10,0.9999998807907104,4
HOGCNN_EFFICIENTNETB3_ADAPTED_3CLASS,PyTorch/torchvision,faithful three-class task-adapted reimplementation,42,S000084,FIVES,NORMAL,NORMAL,1,1.8240871924035673e-08,1.7511837813177777e-10,1.0,4
HOGCNN_EFFICIENTNETB3_ADAPTED_3CLASS,PyTorch/torchvision,faithful three-class task-adapted reimplementation,42,S000089,FIVES,NORMAL,NORMAL,1,0.00035963545087724924,1.6026900766519248e-06,0.9996387958526611,4
HOGCNN_EFFICIENTNETB3_ADAPTED_3CLASS,PyTorch/torchvision,faithful three-class task-adapted reimplementation,42,S000094,FIVES,NORMAL,NORMAL,1,2.9107059162925e-07,4.6734864866948556e-09,0.9999997615814209,4
HOGCNN_EFFICIENTNETB3_ADAPTED_3CLASS,PyTorch/torchvision,faithful three-class task-adapted reimplementation,42,S000100,FIVES,NORMAL,NORMAL,1,1.224944270461492e-07,1.72694736289003e-09,0.9999998807907104,4
HOGCNN_EFFICIENTNETB3_ADAPTED_3CLASS,PyTorch/torchvision,faithful three-class task-adapted reimplementation,42,S000108,FIVES,NORMAL,NORMAL,1,8.334113488217554e-08,7.943544155786242e-10,0.9999998807907104,4
HOGCNN_EFFICIENTNETB3_ADAPTED_3CLASS,PyTorch/torchvision,faithful three-class task-adapted reimplementation,42,S000110,FIVES,NORMAL,NORMAL,1,2.2365920813172124e-05,1.303465637647605e-07,0.9999774694442749,4
HOGCNN_EFFICIENTNETB3_ADAPTED_3CLASS,PyTorch/torchvision,faithful three-class task-adapted reimplementation,42,S000120,FIVES,NORMAL,NORMAL,1,4.7103245037760644e-07,5.658944957076528e-08,0.9999995231628418,4
HOGCNN_EFFICIENTNETB3_ADAPTED_3CLASS,PyTorch/torchvision,faithful three-class task-adapted reimplementation,42,S000122,FIVES,NORMAL,NORMAL,1,2.9446052849380067e-06,3.320887742574996e-08,0.9999970197677612,4
HOGCNN_EFFICIENTNETB3_ADAPTED_3CLASS,PyTorch/torchvision,faithful three-class task-adapted reimplementation,42,S000131,FIVES,NORMAL,NORMAL,1,4.1785501707636286e-06,7.071380991874321e-08,0.9999957084655762,4
HOGCNN_EFFICIENTNETB3_ADAPTED_3CLASS,PyTorch/torchvision,faithful three-class task-adapted reimplementation,42,S000135,FIVES,NORMAL,NORMAL,1,3.950950031139655e-06,3.609785039770941e-07,0.9999957084655762,4
HOGCNN_EFFICIENTNETB3_ADAPTED_3CLASS,PyTorch/torchvision,faithful three-class task-adapted reimplementation,42,S000146,FIVES,NORMAL,NORMAL,1,4.999418160878122e-05,9.522243544779485e-07,0.9999490976333618,4
HOGCNN_EFFICIENTNETB3_ADAPTED_3CLASS,PyTorch/torchvision,faithful three-class task-adapted reimplementation,42,S000149,FIVES,NORMAL,NORMAL,1,6.426906793421949e-07,4.155407129502464e-09,0.9999994039535522,4
HOGCNN_EFFICIENTNETB3_ADAPTED_3CLASS,PyTorch/torchvision,faithful three-class task-adapted reimplementation,42,S000158,FIVES,AMD_DRY,AMD_DRY,1,0.9996659755706787,0.00022791107767261565,0.00010615085193421692,4
HOGCNN_EFFICIENTNETB3_ADAPTED_3CLASS,PyTorch/torchvision,faithful three-class task-adapted reimplementation,42,S000159,FIVES,AMD_DRY,AMD_DRY,1,1.0,4.503100825559159e-08,2.6363323968325858e-08,4
HOGCNN_EFFICIENTNETB3_ADAPTED_3CLASS,PyTorch/torchvision,faithful three-class task-adapted reimplementation,42,S000162,FIVES,AMD_DRY,AMD_DRY,1,0.999924898147583,5.034491914557293e-05,2.479885188222397e-05,4
HOGCNN_EFFICIENTNETB3_ADAPTED_3CLASS,PyTorch/torchvision,faithful three-class task-adapted reimplementation,42,S000177,FIVES,AMD_WET,AMD_WET,1,0.0003709533193614334,0.9995717406272888,5.726240488002077e-05,4
HOGCNN_EFFICIENTNETB3_ADAPTED_3CLASS,PyTorch/torchvision,faithful three-class task-adapted reimplementation,42,S000179,FIVES,AMD_WET,AMD_DRY,0,0.7066638469696045,0.004757918417453766,0.28857824206352234,4
HOGCNN_EFFICIENTNETB3_ADAPTED_3CLASS,PyTorch/torchvision,faithful three-class task-adapted reimplementation,42,S000182,FIVES,AMD_WET,AMD_WET,1,0.1379672735929489,0.8598098158836365,0.002222941257059574,4
HOGCNN_EFFICIENTNETB3_ADAPTED_3CLASS,PyTorch/torchvision,faithful three-class task-adapted reimplementation,42,S000185,FIVES,AMD_WET,AMD_WET,1,1.3440389426411237e-11,1.0,2.1622260188911002e-13,4
HOGCNN_EFFICIENTNETB3_ADAPTED_3CLASS,PyTorch/torchvision,faithful three-class task-adapted reimplementation,42,S000187,FIVES,AMD_WET,AMD_WET,1,0.005163830239325762,0.9947769641876221,5.915385190746747e-05,4
HOGCNN_EFFICIENTNETB3_ADAPTED_3CLASS,PyTorch/torchvision,faithful three-class task-adapted reimplementation,42,S000189,FIVES,AMD_WET,AMD_WET,1,0.00036975450348109007,0.9996281862258911,2.0489978851401247e-06,4
HOGCNN_EFFICIENTNETB3_ADAPTED_3CLASS,PyTorch/torchvision,faithful three-class task-adapted reimplementation,42,S000192,FIVES,AMD_WET,NORMAL,0,0.0002705065708141774,1.8753184122033417e-05,0.999710738658905,4
HOGCNN_EFFICIENTNETB3_ADAPTED_3CLASS,PyTorch/torchvision,faithful three-class task-adapted reimplementation,42,S000203,FIVES,AMD_WET,AMD_WET,1,0.0006800886476412416,0.9990662932395935,0.0002536425890866667,4
HOGCNN_EFFICIENTNETB3_ADAPTED_3CLASS,PyTorch/torchvision,faithful three-class task-adapted reimplementation,42,S000212,FIVES,AMD_WET,AMD_WET,1,3.3614685435168212e-06,0.9999948740005493,1.7051640952558955e-06,4
HOGCNN_EFFICIENTNETB3_ADAPTED_3CLASS,PyTorch/torchvision,faithful three-class task-adapted reimplementation,42,S000218,FIVES,AMD_WET,AMD_WET,1,0.017861003056168556,0.9811674356460571,0.0009715252672322094,4
HOGCNN_EFFICIENTNETB3_ADAPTED_3CLASS,PyTorch/torchvision,faithful three-class task-adapted reimplementation,42,S000224,FIVES,AMD_WET,AMD_WET,1,0.00016609096201136708,0.9998315572738647,2.3667894311074633e-06,4
HOGCNN_EFFICIENTNETB3_ADAPTED_3CLASS,PyTorch/torchvision,faithful three-class task-adapted reimplementation,42,S000225,FIVES,AMD_WET,AMD_WET,1,2.2938080292078666e-05,0.9999698400497437,7.166454906837316e-06,4
HOGCNN_EFFICIENTNETB3_ADAPTED_3CLASS,PyTorch/torchvision,faithful three-class task-adapted reimplementation,42,S000227,FIVES,AMD_WET,AMD_WET,1,0.002261874033138156,0.9976420998573303,9.599675104254857e-05,4
HOGCNN_EFFICIENTNETB3_ADAPTED_3CLASS,PyTorch/torchvision,faithful three-class task-adapted reimplementation,42,S000234,FIVES,AMD_WET,AMD_WET,1,1.3960961950942874e-05,0.9999841451644897,1.948550561792217e-06,4
HOGCNN_EFFICIENTNETB3_ADAPTED_3CLASS,PyTorch/torchvision,faithful three-class task-adapted reimplementation,42,S000242,ODIR,NORMAL,NORMAL,1,1.7125510566984303e-05,1.0255633497990857e-07,0.9999827146530151,4
HOGCNN_EFFICIENTNETB3_ADAPTED_3CLASS,PyTorch/torchvision,faithful three-class task-adapted reimplementation,42,S000243,ODIR,NORMAL,NORMAL,1,1.7146769550890895e-06,2.2715603620326874e-08,0.9999983310699463,4
HOGCNN_EFFICIENTNETB3_ADAPTED_3CLASS,PyTorch/torchvision,faithful three-class task-adapted reimplementation,42,S000245,ODIR,NORMAL,NORMAL,1,1.0478133845026605e-05,6.928404161499202e-08,0.99998939037323,4
HOGCNN_EFFICIENTNETB3_ADAPTED_3CLASS,PyTorch/torchvision,faithful three-class task-adapted reimplementation,42,S000246,ODIR,NORMAL,NORMAL,1,6.3917814259184524e-06,5.4307886188098564e-08,0.9999935626983643,4
HOGCNN_EFFICIENTNETB3_ADAPTED_3CLASS,PyTorch/torchvision,faithful three-class task-adapted reimplementation,42,S000247,ODIR,NORMAL,NORMAL,1,2.337888417969225e-06,3.5430947065151486e-08,0.999997615814209,4
HOGCNN_EFFICIENTNETB3_ADAPTED_3CLASS,PyTorch/torchvision,faithful three-class task-adapted reimplementation,42,S000248,ODIR,NORMAL,NORMAL,1,6.105943612055853e-06,1.8039841620520747e-08,0.9999939203262329,4
HOGCNN_EFFICIENTNETB3_ADAPTED_3CLASS,PyTorch/torchvision,faithful three-class task-adapted reimplementation,42,S000249,ODIR,NORMAL,NORMAL,1,1.1677173006319208e-06,2.0123652078041232e-08,0.9999988079071045,4
HOGCNN_EFFICIENTNETB3_ADAPTED_3CLASS,PyTorch/torchvision,faithful three-class task-adapted reimplementation,42,S000253,ODIR,NORMAL,NORMAL,1,9.211637916450854e-06,1.0057427601850577e-07,0.999990701675415,4
HOGCNN_EFFICIENTNETB3_ADAPTED_3CLASS,PyTorch/torchvision,faithful three-class task-adapted reimplementation,42,S000269,ODIR,NORMAL,NORMAL,1,0.00013826024951413274,2.1866924271307653e-06,0.9998595714569092,4
HOGCNN_EFFICIENTNETB3_ADAPTED_3CLASS,PyTorch/torchvision,faithful three-class task-adapted reimplementation,42,S000283,ODIR,NORMAL,NORMAL,1,0.0001748487411532551,5.686455324394046e-07,0.999824583530426,4
HOGCNN_EFFICIENTNETB3_ADAPTED_3CLASS,PyTorch/torchvision,faithful three-class task-adapted reimplementation,42,S000285,ODIR,NORMAL,NORMAL,1,1.7250711437100108e-07,9.906362397060775e-10,0.9999998807907104,4
HOGCNN_EFFICIENTNETB3_ADAPTED_3CLASS,PyTorch/torchvision,faithful three-class task-adapted reimplementation,42,S000286,ODIR,NORMAL,NORMAL,1,7.983177783899009e-05,4.104554136574734e-07,0.9999197721481323,4
HOGCNN_EFFICIENTNETB3_ADAPTED_3CLASS,PyTorch/torchvision,faithful three-class task-adapted reimplementation,42,S000292,ODIR,NORMAL,NORMAL,1,3.274923301432864e-07,1.1854053294513278e-09,0.9999996423721313,4
HOGCNN_EFFICIENTNETB3_ADAPTED_3CLASS,PyTorch/torchvision,faithful three-class task-adapted reimplementation,42,S000299,ODIR,NORMAL,NORMAL,1,2.464578074068413e-06,4.606194536904695e-08,0.9999974966049194,4
HOGCNN_EFFICIENTNETB3_ADAPTED_3CLASS,PyTorch/torchvision,faithful three-class task-adapted reimplementation,42,S000302,ODIR,NORMAL,NORMAL,1,6.309698619588744e-06,5.461713570298343e-08,0.9999936819076538,4
HOGCNN_EFFICIENTNETB3_ADAPTED_3CLASS,PyTorch/torchvision,faithful three-class task-adapted reimplementation,42,S000309,ODIR,NORMAL,NORMAL,1,1.499692672268793e-07,1.5991710178298035e-09,0.9999998807907104,4
HOGCNN_EFFICIENTNETB3_ADAPTED_3CLASS,PyTorch/torchvision,faithful three-class task-adapted reimplementation,42,S000314,ODIR,NORMAL,NORMAL,1,4.914464852845413e-07,9.997532579575363e-09,0.9999995231628418,4
HOGCNN_EFFICIENTNETB3_ADAPTED_3CLASS,PyTorch/torchvision,faithful three-class task-adapted reimplementation,42,S000316,ODIR,NORMAL,NORMAL,1,5.567474090639735e-07,5.525986335186417e-09,0.9999994039535522,4
HOGCNN_EFFICIENTNETB3_ADAPTED_3CLASS,PyTorch/torchvision,faithful three-class task-adapted reimplementation,42,S000323,ODIR,NORMAL,NORMAL,1,1.7226127965841442e-05,2.977174347051914e-07,0.999982476234436,4
HOGCNN_EFFICIENTNETB3_ADAPTED_3CLASS,PyTorch/torchvision,faithful three-class task-adapted reimplementation,42,S000330,ODIR,NORMAL,NORMAL,1,0.00607268838211894,5.565362243942218e-06,0.9939217567443848,4
HOGCNN_EFFICIENTNETB3_ADAPTED_3CLASS,PyTorch/torchvision,faithful three-class task-adapted reimplementation,42,S000336,ODIR,NORMAL,NORMAL,1,6.790702968828555e-07,1.2589872255830414e-08,0.9999992847442627,4
HOGCNN_EFFICIENTNETB3_ADAPTED_3CLASS,PyTorch/torchvision,faithful three-class task-adapted reimplementation,42,S000337,ODIR,NORMAL,NORMAL,1,0.00292815244756639,1.1068037565564737e-05,0.9970607161521912,4
HOGCNN_EFFICIENTNETB3_ADAPTED_3CLASS,PyTorch/torchvision,faithful three-class task-adapted reimplementation,42,S000353,ODIR,NORMAL,NORMAL,1,0.0004996067145839334,1.874198687801254e-06,0.9994984865188599,4
HOGCNN_EFFICIENTNETB3_ADAPTED_3CLASS,PyTorch/torchvision,faithful three-class task-adapted reimplementation,42,S000360,ODIR,NORMAL,NORMAL,1,1.0336368632124504e-06,1.085807266321126e-08,0.999998927116394,4
HOGCNN_EFFICIENTNETB3_ADAPTED_3CLASS,PyTorch/torchvision,faithful three-class task-adapted reimplementation,42,S000363,ODIR,NORMAL,NORMAL,1,8.24366907181684e-06,6.324626866671679e-08,0.9999916553497314,4
HOGCNN_EFFICIENTNETB3_ADAPTED_3CLASS,PyTorch/torchvision,faithful three-class task-adapted reimplementation,42,S000364,ODIR,AMD_DRY,AMD_DRY,1,0.9999796152114868,1.667362084845081e-05,3.6539690881909337e-06,4
HOGCNN_EFFICIENTNETB3_ADAPTED_3CLASS,PyTorch/torchvision,faithful three-class task-adapted reimplementation,42,S000365,ODIR,AMD_DRY,AMD_DRY,1,0.9997214674949646,0.00017215106345247477,0.00010633478086674586,4
HOGCNN_EFFICIENTNETB3_ADAPTED_3CLASS,PyTorch/torchvision,faithful three-class task-adapted reimplementation,42,S000371,ODIR,AMD_DRY,AMD_DRY,1,0.9998761415481567,7.934072345960885e-05,4.4474210881162435e-05,4
HOGCNN_EFFICIENTNETB3_ADAPTED_3CLASS,PyTorch/torchvision,faithful three-class task-adapted reimplementation,42,S000372,ODIR,AMD_DRY,AMD_DRY,1,0.6937461495399475,0.30579644441604614,0.0004573199839796871,4
HOGCNN_EFFICIENTNETB3_ADAPTED_3CLASS,PyTorch/torchvision,faithful three-class task-adapted reimplementation,42,S000391,ODIR,AMD_DRY,AMD_DRY,1,0.9998258948326111,0.00014495901996269822,2.9159145924495533e-05,4
HOGCNN_EFFICIENTNETB3_ADAPTED_3CLASS,PyTorch/torchvision,faithful three-class task-adapted reimplementation,42,S000392,ODIR,AMD_DRY,AMD_DRY,1,0.999830961227417,0.000137419076054357,3.1601051887264475e-05,4
HOGCNN_EFFICIENTNETB3_ADAPTED_3CLASS,PyTorch/torchvision,faithful three-class task-adapted reimplementation,42,S000395,ODIR,AMD_DRY,AMD_WET,0,0.0866645872592926,0.9132543206214905,8.105835877358913e-05,4
HOGCNN_EFFICIENTNETB3_ADAPTED_3CLASS,PyTorch/torchvision,faithful three-class task-adapted reimplementation,42,S000396,ODIR,AMD_DRY,AMD_DRY,1,0.9999920129776001,4.705271749116946e-06,3.306375901956926e-06,4
HOGCNN_EFFICIENTNETB3_ADAPTED_3CLASS,PyTorch/torchvision,faithful three-class task-adapted reimplementation,42,S000398,ODIR,AMD_DRY,AMD_DRY,1,0.9999927282333374,3.5459779610391706e-06,3.6896783512929687e-06,4
HOGCNN_EFFICIENTNETB3_ADAPTED_3CLASS,PyTorch/torchvision,faithful three-class task-adapted reimplementation,42,S000404,ODIR,AMD_DRY,AMD_DRY,1,0.9897398948669434,0.010237659327685833,2.2362008166965097e-05,4
HOGCNN_EFFICIENTNETB3_ADAPTED_3CLASS,PyTorch/torchvision,faithful three-class task-adapted reimplementation,42,S000406,ODIR,AMD_DRY,AMD_WET,0,0.2651556730270386,0.7345451712608337,0.0002991319925058633,4
HOGCNN_EFFICIENTNETB3_ADAPTED_3CLASS,PyTorch/torchvision,faithful three-class task-adapted reimplementation,42,S000407,ODIR,AMD_DRY,AMD_DRY,1,0.9993471503257751,0.0005609398940578103,9.186674287775531e-05,4
HOGCNN_EFFICIENTNETB3_ADAPTED_3CLASS,PyTorch/torchvision,faithful three-class task-adapted reimplementation,42,S000409,ODIR,AMD_DRY,AMD_DRY,1,0.9999926090240479,5.035497451899573e-06,2.3588818294228986e-06,4
HOGCNN_EFFICIENTNETB3_ADAPTED_3CLASS,PyTorch/torchvision,faithful three-class task-adapted reimplementation,42,S000424,ODIR,AMD_DRY,AMD_WET,0,0.45940953493118286,0.5366542339324951,0.0039362297393381596,4
HOGCNN_EFFICIENTNETB3_ADAPTED_3CLASS,PyTorch/torchvision,faithful three-class task-adapted reimplementation,42,S000428,ODIR,AMD_DRY,NORMAL,0,0.003314648987725377,2.1990295863361098e-05,0.9966633915901184,4
HOGCNN_EFFICIENTNETB3_ADAPTED_3CLASS,PyTorch/torchvision,faithful three-class task-adapted reimplementation,42,S000434,ODIR,AMD_DRY,AMD_DRY,1,0.9993364214897156,0.0004268277552910149,0.00023672152019571513,4
HOGCNN_EFFICIENTNETB3_ADAPTED_3CLASS,PyTorch/torchvision,faithful three-class task-adapted reimplementation,42,S000445,ODIR,AMD_WET,AMD_DRY,0,0.8119619488716125,0.18768464028835297,0.0003533684357535094,4
HOGCNN_EFFICIENTNETB3_ADAPTED_3CLASS,PyTorch/torchvision,faithful three-class task-adapted reimplementation,42,S000456,ODIR,AMD_WET,AMD_WET,1,1.2607177950485493e-06,0.9999986886978149,7.397219725646664e-09,4
HOGCNN_EFFICIENTNETB3_ADAPTED_3CLASS,PyTorch/torchvision,faithful three-class task-adapted reimplementation,42,S000463,ODIR,AMD_WET,AMD_WET,1,8.041617547860369e-06,0.9999918937683105,9.962892022485903e-08,4
HOGCNN_EFFICIENTNETB3_ADAPTED_3CLASS,PyTorch/torchvision,faithful three-class task-adapted reimplementation,42,S000466,ODIR,AMD_WET,AMD_WET,1,4.131537571083754e-05,0.9999567270278931,1.9804238036158495e-06,4
HOGCNN_EFFICIENTNETB3_ADAPTED_3CLASS,PyTorch/torchvision,faithful three-class task-adapted reimplementation,42,S000468,ODIR,AMD_WET,AMD_WET,1,3.8608636288017806e-08,1.0,3.5831302369615514e-09,4
HOGCNN_EFFICIENTNETB3_ADAPTED_3CLASS,PyTorch/torchvision,faithful three-class task-adapted reimplementation,42,S000470,ODIR,AMD_WET,AMD_WET,1,0.0002521754358895123,0.9997411370277405,6.677310921077151e-06,4
HOGCNN_EFFICIENTNETB3_ADAPTED_3CLASS,PyTorch/torchvision,faithful three-class task-adapted reimplementation,42,S000476,RFMID,NORMAL,NORMAL,1,1.8496592701922054e-06,1.32607125280515e-08,0.9999980926513672,4
HOGCNN_EFFICIENTNETB3_ADAPTED_3CLASS,PyTorch/torchvision,faithful three-class task-adapted reimplementation,42,S000486,RFMID,NORMAL,NORMAL,1,4.392532204633426e-08,9.006008161449586e-10,1.0,4
HOGCNN_EFFICIENTNETB3_ADAPTED_3CLASS,PyTorch/torchvision,faithful three-class task-adapted reimplementation,42,S000488,RFMID,NORMAL,NORMAL,1,7.026361799944425e-06,1.869038186441685e-07,0.9999927282333374,4
HOGCNN_EFFICIENTNETB3_ADAPTED_3CLASS,PyTorch/torchvision,faithful three-class task-adapted reimplementation,42,S000492,RFMID,NORMAL,NORMAL,1,7.146227858356724e-07,5.96060729662895e-08,0.9999991655349731,4
HOGCNN_EFFICIENTNETB3_ADAPTED_3CLASS,PyTorch/torchvision,faithful three-class task-adapted reimplementation,42,S000501,RFMID,NORMAL,NORMAL,1,0.00022906731464900076,1.7944514638656983e-06,0.9997691512107849,4
HOGCNN_EFFICIENTNETB3_ADAPTED_3CLASS,PyTorch/torchvision,faithful three-class task-adapted reimplementation,42,S000511,RFMID,NORMAL,NORMAL,1,6.176438546390273e-06,8.641755755434133e-08,0.9999936819076538,4
HOGCNN_EFFICIENTNETB3_ADAPTED_3CLASS,PyTorch/torchvision,faithful three-class task-adapted reimplementation,42,S000520,RFMID,NORMAL,NORMAL,1,5.371105871176951e-08,6.881308300954458e-10,1.0,4
HOGCNN_EFFICIENTNETB3_ADAPTED_3CLASS,PyTorch/torchvision,faithful three-class task-adapted reimplementation,42,S000528,RFMID,NORMAL,NORMAL,1,8.65453330334276e-07,1.5629424865437613e-08,0.9999991655349731,4
HOGCNN_EFFICIENTNETB3_ADAPTED_3CLASS,PyTorch/torchvision,faithful three-class task-adapted reimplementation,42,S000531,RFMID,NORMAL,NORMAL,1,0.0005270290421321988,7.825996362953447e-06,0.9994651675224304,4
HOGCNN_EFFICIENTNETB3_ADAPTED_3CLASS,PyTorch/torchvision,faithful three-class task-adapted reimplementation,42,S000532,RFMID,NORMAL,NORMAL,1,0.0010905340313911438,0.0003532358387019485,0.9985563158988953,4
HOGCNN_EFFICIENTNETB3_ADAPTED_3CLASS,PyTorch/torchvision,faithful three-class task-adapted reimplementation,42,S000533,RFMID,NORMAL,NORMAL,1,1.274006649509829e-06,7.552333869398353e-08,0.9999985694885254,4
HOGCNN_EFFICIENTNETB3_ADAPTED_3CLASS,PyTorch/torchvision,faithful three-class task-adapted reimplementation,42,S000535,RFMID,NORMAL,NORMAL,1,0.0032479583751410246,0.01218893751502037,0.9845631718635559,4
HOGCNN_EFFICIENTNETB3_ADAPTED_3CLASS,PyTorch/torchvision,faithful three-class task-adapted reimplementation,42,S000539,RFMID,AMD_DRY,AMD_WET,0,0.00994428526610136,0.6899769902229309,0.30007871985435486,4
HOGCNN_EFFICIENTNETB3_ADAPTED_3CLASS,PyTorch/torchvision,faithful three-class task-adapted reimplementation,42,S000543,RFMID,AMD_DRY,AMD_DRY,1,0.814057469367981,0.18491382896900177,0.0010287484619766474,4
HOGCNN_EFFICIENTNETB3_ADAPTED_3CLASS,PyTorch/torchvision,faithful three-class task-adapted reimplementation,42,S000548,RFMID,AMD_WET,AMD_WET,1,0.010048869997262955,0.9836999773979187,0.006251131650060415,4
HOGCNN_EFFICIENTNETB3_ADAPTED_3CLASS,PyTorch/torchvision,faithful three-class task-adapted reimplementation,42,S000550,RFMID,AMD_WET,AMD_WET,1,0.0032892872113734484,0.9966862797737122,2.4454539016005583e-05,4
HOGCNN_EFFICIENTNETB3_ADAPTED_3CLASS,PyTorch/torchvision,faithful three-class task-adapted reimplementation,42,S000551,RFMID,AMD_WET,AMD_WET,1,1.4277038218324378e-08,1.0,1.051105091853799e-09,4
HOGCNN_EFFICIENTNETB3_ADAPTED_3CLASS,PyTorch/torchvision,faithful three-class task-adapted reimplementation,42,S000558,RFMID,AMD_WET,AMD_WET,1,1.3123075405019335e-05,0.9999839067459106,3.0219307518564165e-06,4
HOGCNN_EFFICIENTNETB3_ADAPTED_3CLASS,PyTorch/torchvision,faithful three-class task-adapted reimplementation,42,S000566,RFMID,AMD_WET,AMD_WET,1,6.30228647047204e-10,1.0,7.921602956928453e-11,4
HOGCNN_EFFICIENTNETB3_ADAPTED_3CLASS,PyTorch/torchvision,faithful three-class task-adapted reimplementation,42,S000575,RFMID,AMD_WET,AMD_WET,1,0.0020472591277211905,0.9977626800537109,0.00019002820772584528,4
HOGCNN_EFFICIENTNETB3_ADAPTED_3CLASS,PyTorch/torchvision,faithful three-class task-adapted reimplementation,42,S000579,RFMID,AMD_WET,AMD_WET,1,0.0020562312565743923,0.9978052973747253,0.0001384633796988055,4
HOGCNN_EFFICIENTNETB3_ADAPTED_3CLASS,PyTorch/torchvision,faithful three-class task-adapted reimplementation,42,S000582,RFMID,AMD_WET,AMD_WET,1,1.891561351996529e-09,1.0,3.226890421537121e-10,4
HOGCNN_EFFICIENTNETB3_ADAPTED_3CLASS,PyTorch/torchvision,faithful three-class task-adapted reimplementation,42,S000590,RFMID,AMD_WET,AMD_WET,1,0.1351386308670044,0.8641157150268555,0.0007456530584022403,4
HOGCNN_EFFICIENTNETB3_ADAPTED_3CLASS,PyTorch/torchvision,faithful three-class task-adapted reimplementation,42,S000592,RFMID,AMD_WET,AMD_DRY,0,0.5809332728385925,0.4029477834701538,0.016118943691253662,4
HOGCNN_EFFICIENTNETB3_ADAPTED_3CLASS,PyTorch/torchvision,faithful three-class task-adapted reimplementation,42,S000597,RFMID,AMD_WET,AMD_WET,1,0.009555075317621231,0.5562580823898315,0.43418678641319275,4
HOGCNN_EFFICIENTNETB3_ADAPTED_3CLASS,PyTorch/torchvision,faithful three-class task-adapted reimplementation,42,S000004,ADAM,AMD_DRY,AMD_DRY,1,0.9999502897262573,1.6011832713047625e-06,4.8212052206508815e-05,5
HOGCNN_EFFICIENTNETB3_ADAPTED_3CLASS,PyTorch/torchvision,faithful three-class task-adapted reimplementation,42,S000007,ADAM,AMD_DRY,AMD_DRY,1,0.9911633729934692,0.008802907541394234,3.375036612851545e-05,5
HOGCNN_EFFICIENTNETB3_ADAPTED_3CLASS,PyTorch/torchvision,faithful three-class task-adapted reimplementation,42,S000008,ADAM,AMD_DRY,AMD_WET,0,0.014347023330628872,0.9854022264480591,0.0002507886674720794,5
HOGCNN_EFFICIENTNETB3_ADAPTED_3CLASS,PyTorch/torchvision,faithful three-class task-adapted reimplementation,42,S000017,ADAM,AMD_DRY,AMD_DRY,1,0.9999879598617554,9.331740329798777e-06,2.744432094914373e-06,5
HOGCNN_EFFICIENTNETB3_ADAPTED_3CLASS,PyTorch/torchvision,faithful three-class task-adapted reimplementation,42,S000022,ADAM,AMD_DRY,AMD_DRY,1,0.9808713793754578,0.0014356591273099184,0.017692968249320984,5
HOGCNN_EFFICIENTNETB3_ADAPTED_3CLASS,PyTorch/torchvision,faithful three-class task-adapted reimplementation,42,S000029,ADAM,AMD_DRY,AMD_DRY,1,0.999904990196228,8.638749932288192e-06,8.646988135296851e-05,5
HOGCNN_EFFICIENTNETB3_ADAPTED_3CLASS,PyTorch/torchvision,faithful three-class task-adapted reimplementation,42,S000035,ADAM,AMD_DRY,AMD_WET,0,0.1615530103445053,0.8364169597625732,0.0020300019532442093,5
HOGCNN_EFFICIENTNETB3_ADAPTED_3CLASS,PyTorch/torchvision,faithful three-class task-adapted reimplementation,42,S000046,ADAM,AMD_WET,AMD_WET,1,0.022630374878644943,0.9773488640785217,2.0698042135336436e-05,5
HOGCNN_EFFICIENTNETB3_ADAPTED_3CLASS,PyTorch/torchvision,faithful three-class task-adapted reimplementation,42,S000048,ADAM,AMD_WET,AMD_WET,1,4.888976036454551e-05,0.9999511241912842,2.9383240729430327e-08,5
HOGCNN_EFFICIENTNETB3_ADAPTED_3CLASS,PyTorch/torchvision,faithful three-class task-adapted reimplementation,42,S000052,ADAM,AMD_WET,AMD_WET,1,9.346876322524622e-05,0.9999058246612549,6.680267006231588e-07,5
HOGCNN_EFFICIENTNETB3_ADAPTED_3CLASS,PyTorch/torchvision,faithful three-class task-adapted reimplementation,42,S000055,FIVES,NORMAL,NORMAL,1,2.2432224795920774e-05,5.008867901779013e-06,0.9999725818634033,5
HOGCNN_EFFICIENTNETB3_ADAPTED_3CLASS,PyTorch/torchvision,faithful three-class task-adapted reimplementation,42,S000056,FIVES,NORMAL,NORMAL,1,4.974211833541631e-07,4.4219237160803004e-09,0.9999995231628418,5
HOGCNN_EFFICIENTNETB3_ADAPTED_3CLASS,PyTorch/torchvision,faithful three-class task-adapted reimplementation,42,S000078,FIVES,NORMAL,NORMAL,1,2.639704348439409e-07,1.2036228680400995e-09,0.9999997615814209,5
HOGCNN_EFFICIENTNETB3_ADAPTED_3CLASS,PyTorch/torchvision,faithful three-class task-adapted reimplementation,42,S000079,FIVES,NORMAL,NORMAL,1,1.1818291341114673e-06,1.5928435237455574e-09,0.9999988079071045,5
HOGCNN_EFFICIENTNETB3_ADAPTED_3CLASS,PyTorch/torchvision,faithful three-class task-adapted reimplementation,42,S000088,FIVES,NORMAL,NORMAL,1,0.003113487269729376,7.83753512223484e-06,0.9968786239624023,5
HOGCNN_EFFICIENTNETB3_ADAPTED_3CLASS,PyTorch/torchvision,faithful three-class task-adapted reimplementation,42,S000095,FIVES,NORMAL,NORMAL,1,0.004962461534887552,7.796912541380152e-05,0.9949595928192139,5
HOGCNN_EFFICIENTNETB3_ADAPTED_3CLASS,PyTorch/torchvision,faithful three-class task-adapted reimplementation,42,S000096,FIVES,NORMAL,NORMAL,1,2.782651426969096e-05,9.13923159373553e-08,0.9999721050262451,5
HOGCNN_EFFICIENTNETB3_ADAPTED_3CLASS,PyTorch/torchvision,faithful three-class task-adapted reimplementation,42,S000097,FIVES,NORMAL,NORMAL,1,9.484616384725086e-06,1.6067626802396262e-06,0.9999889135360718,5
HOGCNN_EFFICIENTNETB3_ADAPTED_3CLASS,PyTorch/torchvision,faithful three-class task-adapted reimplementation,42,S000103,FIVES,NORMAL,NORMAL,1,2.5217873371730093e-06,6.949725683824681e-09,0.9999974966049194,5
HOGCNN_EFFICIENTNETB3_ADAPTED_3CLASS,PyTorch/torchvision,faithful three-class task-adapted reimplementation,42,S000109,FIVES,NORMAL,NORMAL,1,3.339725651585468e-07,5.242495881851994e-10,0.9999996423721313,5
HOGCNN_EFFICIENTNETB3_ADAPTED_3CLASS,PyTorch/torchvision,faithful three-class task-adapted reimplementation,42,S000117,FIVES,NORMAL,NORMAL,1,0.00019899151811841875,3.925844396235334e-07,0.9998006224632263,5
HOGCNN_EFFICIENTNETB3_ADAPTED_3CLASS,PyTorch/torchvision,faithful three-class task-adapted reimplementation,42,S000118,FIVES,NORMAL,NORMAL,1,1.0515798294363776e-06,2.9970479431540298e-09,0.999998927116394,5
HOGCNN_EFFICIENTNETB3_ADAPTED_3CLASS,PyTorch/torchvision,faithful three-class task-adapted reimplementation,42,S000119,FIVES,NORMAL,NORMAL,1,4.4543099647853523e-05,7.13822743136916e-08,0.9999552965164185,5
HOGCNN_EFFICIENTNETB3_ADAPTED_3CLASS,PyTorch/torchvision,faithful three-class task-adapted reimplementation,42,S000125,FIVES,NORMAL,NORMAL,1,4.02588113956881e-08,3.929151795589725e-11,1.0,5
HOGCNN_EFFICIENTNETB3_ADAPTED_3CLASS,PyTorch/torchvision,faithful three-class task-adapted reimplementation,42,S000128,FIVES,NORMAL,NORMAL,1,0.0005799857317470014,1.7003610537358327e-06,0.9994183778762817,5
HOGCNN_EFFICIENTNETB3_ADAPTED_3CLASS,PyTorch/torchvision,faithful three-class task-adapted reimplementation,42,S000130,FIVES,NORMAL,NORMAL,1,7.143643597373739e-05,1.8702570514506078e-07,0.99992835521698,5
HOGCNN_EFFICIENTNETB3_ADAPTED_3CLASS,PyTorch/torchvision,faithful three-class task-adapted reimplementation,42,S000133,FIVES,NORMAL,NORMAL,1,0.0004634830984286964,8.463545668746519e-07,0.9995356798171997,5
HOGCNN_EFFICIENTNETB3_ADAPTED_3CLASS,PyTorch/torchvision,faithful three-class task-adapted reimplementation,42,S000141,FIVES,NORMAL,NORMAL,1,8.104395419650245e-06,1.6722578877192973e-08,0.9999918937683105,5
HOGCNN_EFFICIENTNETB3_ADAPTED_3CLASS,PyTorch/torchvision,faithful three-class task-adapted reimplementation,42,S000145,FIVES,NORMAL,NORMAL,1,6.950646138648153e-07,3.020330208158839e-09,0.9999992847442627,5
HOGCNN_EFFICIENTNETB3_ADAPTED_3CLASS,PyTorch/torchvision,faithful three-class task-adapted reimplementation,42,S000151,FIVES,NORMAL,NORMAL,1,3.0594626878155395e-05,2.694494867228059e-07,0.9999691247940063,5
HOGCNN_EFFICIENTNETB3_ADAPTED_3CLASS,PyTorch/torchvision,faithful three-class task-adapted reimplementation,42,S000155,FIVES,AMD_DRY,AMD_DRY,1,0.9995926022529602,0.00040122371865436435,6.249634225241607e-06,5
HOGCNN_EFFICIENTNETB3_ADAPTED_3CLASS,PyTorch/torchvision,faithful three-class task-adapted reimplementation,42,S000163,FIVES,AMD_DRY,AMD_DRY,1,0.9999840259552002,1.2977105143363588e-05,3.0082385364949005e-06,5
HOGCNN_EFFICIENTNETB3_ADAPTED_3CLASS,PyTorch/torchvision,faithful three-class task-adapted reimplementation,42,S000164,FIVES,AMD_DRY,AMD_DRY,1,0.9999380111694336,5.628986764349975e-05,5.698123459296767e-06,5
HOGCNN_EFFICIENTNETB3_ADAPTED_3CLASS,PyTorch/torchvision,faithful three-class task-adapted reimplementation,42,S000168,FIVES,AMD_WET,AMD_WET,1,0.000643551757093519,0.9993547797203064,1.7040612192431581e-06,5
HOGCNN_EFFICIENTNETB3_ADAPTED_3CLASS,PyTorch/torchvision,faithful three-class task-adapted reimplementation,42,S000169,FIVES,AMD_WET,AMD_WET,1,0.0002503425348550081,0.9997475743293762,2.1273663151077926e-06,5
HOGCNN_EFFICIENTNETB3_ADAPTED_3CLASS,PyTorch/torchvision,faithful three-class task-adapted reimplementation,42,S000176,FIVES,AMD_WET,AMD_DRY,0,0.9613962173461914,0.03837549313902855,0.00022828442160971463,5
HOGCNN_EFFICIENTNETB3_ADAPTED_3CLASS,PyTorch/torchvision,faithful three-class task-adapted reimplementation,42,S000191,FIVES,AMD_WET,AMD_WET,1,2.9779475880786777e-05,0.9999701976776123,4.3233715274482165e-08,5
HOGCNN_EFFICIENTNETB3_ADAPTED_3CLASS,PyTorch/torchvision,faithful three-class task-adapted reimplementation,42,S000194,FIVES,AMD_WET,AMD_WET,1,3.1545010870104306e-07,0.9999996423721313,2.064819148994701e-10,5
HOGCNN_EFFICIENTNETB3_ADAPTED_3CLASS,PyTorch/torchvision,faithful three-class task-adapted reimplementation,42,S000195,FIVES,AMD_WET,AMD_WET,1,3.3405978427936134e-08,1.0,1.1963390347813352e-11,5
HOGCNN_EFFICIENTNETB3_ADAPTED_3CLASS,PyTorch/torchvision,faithful three-class task-adapted reimplementation,42,S000202,FIVES,AMD_WET,AMD_WET,1,5.4085794545244426e-06,0.9999946355819702,4.738311520924299e-09,5
HOGCNN_EFFICIENTNETB3_ADAPTED_3CLASS,PyTorch/torchvision,faithful three-class task-adapted reimplementation,42,S000211,FIVES,AMD_WET,AMD_WET,1,4.412042835610919e-05,0.9999557733535767,6.601872115652441e-08,5
HOGCNN_EFFICIENTNETB3_ADAPTED_3CLASS,PyTorch/torchvision,faithful three-class task-adapted reimplementation,42,S000215,FIVES,AMD_WET,AMD_WET,1,2.6414132662466727e-05,0.9999735355377197,2.7741270614001223e-08,5
HOGCNN_EFFICIENTNETB3_ADAPTED_3CLASS,PyTorch/torchvision,faithful three-class task-adapted reimplementation,42,S000217,FIVES,AMD_WET,AMD_DRY,0,0.5664770603179932,0.43346700072288513,5.59362379135564e-05,5
HOGCNN_EFFICIENTNETB3_ADAPTED_3CLASS,PyTorch/torchvision,faithful three-class task-adapted reimplementation,42,S000229,FIVES,AMD_WET,AMD_WET,1,0.004503707401454449,0.9954864382743835,9.812493772187736e-06,5
HOGCNN_EFFICIENTNETB3_ADAPTED_3CLASS,PyTorch/torchvision,faithful three-class task-adapted reimplementation,42,S000232,FIVES,AMD_WET,AMD_DRY,0,0.868086576461792,0.1316441297531128,0.00026924899430014193,5
HOGCNN_EFFICIENTNETB3_ADAPTED_3CLASS,PyTorch/torchvision,faithful three-class task-adapted reimplementation,42,S000235,FIVES,AMD_WET,AMD_WET,1,6.257363338590949e-08,0.9999998807907104,2.152939979072066e-11,5
HOGCNN_EFFICIENTNETB3_ADAPTED_3CLASS,PyTorch/torchvision,faithful three-class task-adapted reimplementation,42,S000236,FIVES,AMD_WET,AMD_WET,1,0.2055516093969345,0.7940526604652405,0.0003957096778322011,5
HOGCNN_EFFICIENTNETB3_ADAPTED_3CLASS,PyTorch/torchvision,faithful three-class task-adapted reimplementation,42,S000254,ODIR,NORMAL,NORMAL,1,1.0010191431319981e-07,1.0131206984453911e-10,0.9999998807907104,5
HOGCNN_EFFICIENTNETB3_ADAPTED_3CLASS,PyTorch/torchvision,faithful three-class task-adapted reimplementation,42,S000262,ODIR,NORMAL,NORMAL,1,5.000713372282917e-06,3.229586553743502e-08,0.9999949932098389,5
HOGCNN_EFFICIENTNETB3_ADAPTED_3CLASS,PyTorch/torchvision,faithful three-class task-adapted reimplementation,42,S000271,ODIR,NORMAL,NORMAL,1,1.6171328525160789e-06,9.803005074360271e-10,0.9999983310699463,5
HOGCNN_EFFICIENTNETB3_ADAPTED_3CLASS,PyTorch/torchvision,faithful three-class task-adapted reimplementation,42,S000272,ODIR,NORMAL,NORMAL,1,2.871688957384322e-05,1.6910894018451472e-08,0.9999712705612183,5
HOGCNN_EFFICIENTNETB3_ADAPTED_3CLASS,PyTorch/torchvision,faithful three-class task-adapted reimplementation,42,S000279,ODIR,NORMAL,NORMAL,1,0.0003714872000273317,1.3590256742190832e-07,0.9996284246444702,5
HOGCNN_EFFICIENTNETB3_ADAPTED_3CLASS,PyTorch/torchvision,faithful three-class task-adapted reimplementation,42,S000280,ODIR,NORMAL,NORMAL,1,5.964648721601407e-07,3.97492844195213e-10,0.9999994039535522,5
HOGCNN_EFFICIENTNETB3_ADAPTED_3CLASS,PyTorch/torchvision,faithful three-class task-adapted reimplementation,42,S000281,ODIR,NORMAL,NORMAL,1,1.1105689736723434e-06,7.239287391769267e-09,0.999998927116394,5
HOGCNN_EFFICIENTNETB3_ADAPTED_3CLASS,PyTorch/torchvision,faithful three-class task-adapted reimplementation,42,S000288,ODIR,NORMAL,NORMAL,1,0.0008764241938479245,1.8913565327238757e-06,0.9991217255592346,5
HOGCNN_EFFICIENTNETB3_ADAPTED_3CLASS,PyTorch/torchvision,faithful three-class task-adapted reimplementation,42,S000289,ODIR,NORMAL,NORMAL,1,1.0198653654924783e-07,6.734449803369458e-11,0.9999998807907104,5
HOGCNN_EFFICIENTNETB3_ADAPTED_3CLASS,PyTorch/torchvision,faithful three-class task-adapted reimplementation,42,S000294,ODIR,NORMAL,NORMAL,1,4.567022813262156e-07,6.552199893761212e-10,0.9999995231628418,5
HOGCNN_EFFICIENTNETB3_ADAPTED_3CLASS,PyTorch/torchvision,faithful three-class task-adapted reimplementation,42,S000303,ODIR,NORMAL,NORMAL,1,3.628867034422001e-06,6.7969683215096666e-09,0.9999964237213135,5
HOGCNN_EFFICIENTNETB3_ADAPTED_3CLASS,PyTorch/torchvision,faithful three-class task-adapted reimplementation,42,S000304,ODIR,NORMAL,NORMAL,1,2.125682840414811e-05,7.156497616733759e-08,0.9999786615371704,5
HOGCNN_EFFICIENTNETB3_ADAPTED_3CLASS,PyTorch/torchvision,faithful three-class task-adapted reimplementation,42,S000305,ODIR,NORMAL,NORMAL,1,9.427335498912726e-07,3.717521401824797e-09,0.9999990463256836,5
HOGCNN_EFFICIENTNETB3_ADAPTED_3CLASS,PyTorch/torchvision,faithful three-class task-adapted reimplementation,42,S000311,ODIR,NORMAL,NORMAL,1,1.1921633813471999e-05,2.878807592310295e-08,0.9999880790710449,5
HOGCNN_EFFICIENTNETB3_ADAPTED_3CLASS,PyTorch/torchvision,faithful three-class task-adapted reimplementation,42,S000312,ODIR,NORMAL,NORMAL,1,1.3688096487385337e-06,1.415078387800861e-09,0.9999986886978149,5
HOGCNN_EFFICIENTNETB3_ADAPTED_3CLASS,PyTorch/torchvision,faithful three-class task-adapted reimplementation,42,S000313,ODIR,NORMAL,NORMAL,1,7.789316441630945e-05,1.4746429144452122e-07,0.9999220371246338,5
HOGCNN_EFFICIENTNETB3_ADAPTED_3CLASS,PyTorch/torchvision,faithful three-class task-adapted reimplementation,42,S000315,ODIR,NORMAL,NORMAL,1,1.924634943861747e-06,6.184115441953963e-10,0.9999980926513672,5
HOGCNN_EFFICIENTNETB3_ADAPTED_3CLASS,PyTorch/torchvision,faithful three-class task-adapted reimplementation,42,S000320,ODIR,NORMAL,NORMAL,1,1.6402558685513213e-05,2.9653486777192484e-08,0.999983549118042,5
HOGCNN_EFFICIENTNETB3_ADAPTED_3CLASS,PyTorch/torchvision,faithful three-class task-adapted reimplementation,42,S000332,ODIR,NORMAL,AMD_DRY,0,0.961310088634491,0.0012922566384077072,0.0373975895345211,5
HOGCNN_EFFICIENTNETB3_ADAPTED_3CLASS,PyTorch/torchvision,faithful three-class task-adapted reimplementation,42,S000335,ODIR,NORMAL,NORMAL,1,1.5686802044001524e-06,4.0308671955813224e-09,0.9999984502792358,5
HOGCNN_EFFICIENTNETB3_ADAPTED_3CLASS,PyTorch/torchvision,faithful three-class task-adapted reimplementation,42,S000341,ODIR,NORMAL,NORMAL,1,5.660917281602451e-07,1.431396778883709e-09,0.9999994039535522,5
HOGCNN_EFFICIENTNETB3_ADAPTED_3CLASS,PyTorch/torchvision,faithful three-class task-adapted reimplementation,42,S000343,ODIR,NORMAL,NORMAL,1,8.171676017809659e-05,1.8167409621128172e-07,0.9999179840087891,5
HOGCNN_EFFICIENTNETB3_ADAPTED_3CLASS,PyTorch/torchvision,faithful three-class task-adapted reimplementation,42,S000346,ODIR,NORMAL,NORMAL,1,6.778676379326498e-06,3.8952299163952375e-09,0.9999932050704956,5
HOGCNN_EFFICIENTNETB3_ADAPTED_3CLASS,PyTorch/torchvision,faithful three-class task-adapted reimplementation,42,S000355,ODIR,NORMAL,NORMAL,1,9.330797183793038e-05,2.2405745880860195e-07,0.9999064207077026,5
HOGCNN_EFFICIENTNETB3_ADAPTED_3CLASS,PyTorch/torchvision,faithful three-class task-adapted reimplementation,42,S000358,ODIR,NORMAL,NORMAL,1,0.05238012224435806,0.0001954290346475318,0.9474244713783264,5
HOGCNN_EFFICIENTNETB3_ADAPTED_3CLASS,PyTorch/torchvision,faithful three-class task-adapted reimplementation,42,S000376,ODIR,AMD_DRY,AMD_DRY,1,0.9999299049377441,4.380886093713343e-05,2.6265555788995698e-05,5
HOGCNN_EFFICIENTNETB3_ADAPTED_3CLASS,PyTorch/torchvision,faithful three-class task-adapted reimplementation,42,S000384,ODIR,AMD_DRY,AMD_DRY,1,0.998980700969696,0.0007886885432526469,0.0002304984664078802,5
HOGCNN_EFFICIENTNETB3_ADAPTED_3CLASS,PyTorch/torchvision,faithful three-class task-adapted reimplementation,42,S000385,ODIR,AMD_DRY,AMD_DRY,1,0.9999961853027344,2.6328727926738793e-06,1.2266634712432278e-06,5
HOGCNN_EFFICIENTNETB3_ADAPTED_3CLASS,PyTorch/torchvision,faithful three-class task-adapted reimplementation,42,S000386,ODIR,AMD_DRY,AMD_DRY,1,0.9999973773956299,1.916011569846887e-06,6.718602207911317e-07,5
HOGCNN_EFFICIENTNETB3_ADAPTED_3CLASS,PyTorch/torchvision,faithful three-class task-adapted reimplementation,42,S000393,ODIR,AMD_DRY,AMD_DRY,1,0.9998656511306763,0.00010830865358002484,2.5953404474421404e-05,5
HOGCNN_EFFICIENTNETB3_ADAPTED_3CLASS,PyTorch/torchvision,faithful three-class task-adapted reimplementation,42,S000400,ODIR,AMD_DRY,AMD_WET,0,0.03782536834478378,0.9620946645736694,7.995295891305432e-05,5
HOGCNN_EFFICIENTNETB3_ADAPTED_3CLASS,PyTorch/torchvision,faithful three-class task-adapted reimplementation,42,S000401,ODIR,AMD_DRY,AMD_DRY,1,0.9972290396690369,0.0025716410018503666,0.0001993876794585958,5
HOGCNN_EFFICIENTNETB3_ADAPTED_3CLASS,PyTorch/torchvision,faithful three-class task-adapted reimplementation,42,S000403,ODIR,AMD_DRY,AMD_DRY,1,0.9999978542327881,1.4202629472492845e-06,7.025556101325492e-07,5
HOGCNN_EFFICIENTNETB3_ADAPTED_3CLASS,PyTorch/torchvision,faithful three-class task-adapted reimplementation,42,S000410,ODIR,AMD_DRY,AMD_DRY,1,0.9999783039093018,1.6530078937648796e-05,5.070965926279314e-06,5
HOGCNN_EFFICIENTNETB3_ADAPTED_3CLASS,PyTorch/torchvision,faithful three-class task-adapted reimplementation,42,S000419,ODIR,AMD_DRY,AMD_DRY,1,0.9981215596199036,0.0017898011719807982,8.85969857336022e-05,5
HOGCNN_EFFICIENTNETB3_ADAPTED_3CLASS,PyTorch/torchvision,faithful three-class task-adapted reimplementation,42,S000420,ODIR,AMD_DRY,AMD_DRY,1,0.9999057054519653,7.293397356988862e-05,2.1286376068019308e-05,5
HOGCNN_EFFICIENTNETB3_ADAPTED_3CLASS,PyTorch/torchvision,faithful three-class task-adapted reimplementation,42,S000425,ODIR,AMD_DRY,AMD_DRY,1,0.8972010016441345,4.442339559318498e-05,0.10275454074144363,5
HOGCNN_EFFICIENTNETB3_ADAPTED_3CLASS,PyTorch/torchvision,faithful three-class task-adapted reimplementation,42,S000427,ODIR,AMD_DRY,AMD_DRY,1,0.9998230338096619,4.5730939746135846e-05,0.00013122386008035392,5
HOGCNN_EFFICIENTNETB3_ADAPTED_3CLASS,PyTorch/torchvision,faithful three-class task-adapted reimplementation,42,S000430,ODIR,AMD_DRY,AMD_DRY,1,0.9994722008705139,0.000471171282697469,5.659131420543417e-05,5
HOGCNN_EFFICIENTNETB3_ADAPTED_3CLASS,PyTorch/torchvision,faithful three-class task-adapted reimplementation,42,S000438,ODIR,AMD_DRY,AMD_DRY,1,0.9999439716339111,5.01150825584773e-05,5.928045993641717e-06,5
HOGCNN_EFFICIENTNETB3_ADAPTED_3CLASS,PyTorch/torchvision,faithful three-class task-adapted reimplementation,42,S000443,ODIR,AMD_DRY,AMD_DRY,1,0.8900312781333923,0.10991781204938889,5.095678352518007e-05,5
HOGCNN_EFFICIENTNETB3_ADAPTED_3CLASS,PyTorch/torchvision,faithful three-class task-adapted reimplementation,42,S000449,ODIR,AMD_WET,AMD_WET,1,1.8742653651315777e-07,0.9999997615814209,7.46724834743695e-11,5
HOGCNN_EFFICIENTNETB3_ADAPTED_3CLASS,PyTorch/torchvision,faithful three-class task-adapted reimplementation,42,S000451,ODIR,AMD_WET,AMD_WET,1,9.741660505824257e-06,0.9999902248382568,9.836038650234968e-10,5
HOGCNN_EFFICIENTNETB3_ADAPTED_3CLASS,PyTorch/torchvision,faithful three-class task-adapted reimplementation,42,S000462,ODIR,AMD_WET,AMD_WET,1,0.25830957293510437,0.74152010679245,0.00017025180568452924,5
HOGCNN_EFFICIENTNETB3_ADAPTED_3CLASS,PyTorch/torchvision,faithful three-class task-adapted reimplementation,42,S000469,ODIR,AMD_WET,AMD_WET,1,0.23311258852481842,0.7657240629196167,0.001163371023721993,5
HOGCNN_EFFICIENTNETB3_ADAPTED_3CLASS,PyTorch/torchvision,faithful three-class task-adapted reimplementation,42,S000471,ODIR,AMD_WET,AMD_DRY,0,0.9997468590736389,0.00022283074213191867,3.031276719411835e-05,5
HOGCNN_EFFICIENTNETB3_ADAPTED_3CLASS,PyTorch/torchvision,faithful three-class task-adapted reimplementation,42,S000474,RFMID,NORMAL,NORMAL,1,6.663789827143773e-05,4.4543685362441465e-06,0.9999289512634277,5
HOGCNN_EFFICIENTNETB3_ADAPTED_3CLASS,PyTorch/torchvision,faithful three-class task-adapted reimplementation,42,S000475,RFMID,NORMAL,NORMAL,1,1.1262473890383262e-05,1.674570597742786e-07,0.9999886751174927,5
HOGCNN_EFFICIENTNETB3_ADAPTED_3CLASS,PyTorch/torchvision,faithful three-class task-adapted reimplementation,42,S000479,RFMID,NORMAL,NORMAL,1,8.32073565106839e-05,1.0044237797046662e-06,0.9999158382415771,5
HOGCNN_EFFICIENTNETB3_ADAPTED_3CLASS,PyTorch/torchvision,faithful three-class task-adapted reimplementation,42,S000483,RFMID,NORMAL,NORMAL,1,2.592477176222019e-05,2.2635090601852426e-07,0.9999738931655884,5
HOGCNN_EFFICIENTNETB3_ADAPTED_3CLASS,PyTorch/torchvision,faithful three-class task-adapted reimplementation,42,S000487,RFMID,NORMAL,NORMAL,1,0.00024332165776286274,2.053333901130827e-06,0.9997546076774597,5
HOGCNN_EFFICIENTNETB3_ADAPTED_3CLASS,PyTorch/torchvision,faithful three-class task-adapted reimplementation,42,S000489,RFMID,NORMAL,NORMAL,1,2.9947295843157917e-06,3.2654885018246205e-08,0.9999970197677612,5
HOGCNN_EFFICIENTNETB3_ADAPTED_3CLASS,PyTorch/torchvision,faithful three-class task-adapted reimplementation,42,S000495,RFMID,NORMAL,NORMAL,1,0.0015979257877916098,1.5524270565947518e-05,0.9983866214752197,5
HOGCNN_EFFICIENTNETB3_ADAPTED_3CLASS,PyTorch/torchvision,faithful three-class task-adapted reimplementation,42,S000496,RFMID,NORMAL,NORMAL,1,6.195468449732289e-05,9.949004379450344e-06,0.9999281167984009,5
HOGCNN_EFFICIENTNETB3_ADAPTED_3CLASS,PyTorch/torchvision,faithful three-class task-adapted reimplementation,42,S000503,RFMID,NORMAL,NORMAL,1,1.5210201809168211e-06,1.0557191565396806e-08,0.9999984502792358,5
HOGCNN_EFFICIENTNETB3_ADAPTED_3CLASS,PyTorch/torchvision,faithful three-class task-adapted reimplementation,42,S000513,RFMID,NORMAL,NORMAL,1,4.114254352316493e-06,2.7623720200153912e-08,0.9999958276748657,5
HOGCNN_EFFICIENTNETB3_ADAPTED_3CLASS,PyTorch/torchvision,faithful three-class task-adapted reimplementation,42,S000519,RFMID,NORMAL,NORMAL,1,5.823405899718637e-06,3.762911759963572e-08,0.999994158744812,5
HOGCNN_EFFICIENTNETB3_ADAPTED_3CLASS,PyTorch/torchvision,faithful three-class task-adapted reimplementation,42,S000525,RFMID,NORMAL,NORMAL,1,0.004771328065544367,1.919276110129431e-05,0.9952095150947571,5
HOGCNN_EFFICIENTNETB3_ADAPTED_3CLASS,PyTorch/torchvision,faithful three-class task-adapted reimplementation,42,S000526,RFMID,NORMAL,NORMAL,1,0.00013378479343373328,2.558244887040928e-06,0.9998637437820435,5
HOGCNN_EFFICIENTNETB3_ADAPTED_3CLASS,PyTorch/torchvision,faithful three-class task-adapted reimplementation,42,S000536,RFMID,AMD_DRY,AMD_DRY,1,0.9385925531387329,0.060693565756082535,0.000713881803676486,5
HOGCNN_EFFICIENTNETB3_ADAPTED_3CLASS,PyTorch/torchvision,faithful three-class task-adapted reimplementation,42,S000538,RFMID,AMD_DRY,AMD_WET,0,0.002099771751090884,0.9978830218315125,1.719547071843408e-05,5
HOGCNN_EFFICIENTNETB3_ADAPTED_3CLASS,PyTorch/torchvision,faithful three-class task-adapted reimplementation,42,S000547,RFMID,AMD_WET,AMD_DRY,0,0.5603153109550476,0.43574464321136475,0.003940017428249121,5
HOGCNN_EFFICIENTNETB3_ADAPTED_3CLASS,PyTorch/torchvision,faithful three-class task-adapted reimplementation,42,S000554,RFMID,AMD_WET,AMD_WET,1,1.6242924516518542e-07,0.9999998807907104,2.2714229108711237e-10,5
HOGCNN_EFFICIENTNETB3_ADAPTED_3CLASS,PyTorch/torchvision,faithful three-class task-adapted reimplementation,42,S000556,RFMID,AMD_WET,AMD_WET,1,7.868831744417548e-05,0.9999200105667114,1.327402515016729e-06,5
HOGCNN_EFFICIENTNETB3_ADAPTED_3CLASS,PyTorch/torchvision,faithful three-class task-adapted reimplementation,42,S000567,RFMID,AMD_WET,AMD_WET,1,0.007509872317314148,0.9924502372741699,3.988685421063565e-05,5
HOGCNN_EFFICIENTNETB3_ADAPTED_3CLASS,PyTorch/torchvision,faithful three-class task-adapted reimplementation,42,S000570,RFMID,AMD_WET,AMD_WET,1,0.0005799009813927114,0.9994162321090698,3.913077307515778e-06,5
HOGCNN_EFFICIENTNETB3_ADAPTED_3CLASS,PyTorch/torchvision,faithful three-class task-adapted reimplementation,42,S000574,RFMID,AMD_WET,AMD_WET,1,0.009828097186982632,0.9901666641235352,5.17534726895974e-06,5
HOGCNN_EFFICIENTNETB3_ADAPTED_3CLASS,PyTorch/torchvision,faithful three-class task-adapted reimplementation,42,S000577,RFMID,AMD_WET,AMD_WET,1,4.594738129526377e-05,0.9999537467956543,2.6929893692795304e-07,5
HOGCNN_EFFICIENTNETB3_ADAPTED_3CLASS,PyTorch/torchvision,faithful three-class task-adapted reimplementation,42,S000581,RFMID,AMD_WET,AMD_WET,1,2.075571501336526e-05,0.9999792575836182,4.1364891956163774e-08,5
HOGCNN_EFFICIENTNETB3_ADAPTED_3CLASS,PyTorch/torchvision,faithful three-class task-adapted reimplementation,42,S000585,RFMID,AMD_WET,AMD_WET,1,0.008394178003072739,0.9916033148765564,2.475139353919076e-06,5
HOGCNN_EFFICIENTNETB3_ADAPTED_3CLASS,PyTorch/torchvision,faithful three-class task-adapted reimplementation,42,S000588,RFMID,AMD_WET,AMD_WET,1,0.0019407845102250576,0.9980514049530029,7.774591722409241e-06,5
HOGCNN_EFFICIENTNETB3_ADAPTED_3CLASS,PyTorch/torchvision,faithful three-class task-adapted reimplementation,123,S000002,ADAM,AMD_DRY,NORMAL,0,0.3915703594684601,0.002119536278769374,0.6063100695610046,1
HOGCNN_EFFICIENTNETB3_ADAPTED_3CLASS,PyTorch/torchvision,faithful three-class task-adapted reimplementation,123,S000003,ADAM,AMD_DRY,AMD_DRY,1,0.9996607303619385,2.4460361601086333e-05,0.0003148382529616356,1
HOGCNN_EFFICIENTNETB3_ADAPTED_3CLASS,PyTorch/torchvision,faithful three-class task-adapted reimplementation,123,S000010,ADAM,AMD_DRY,AMD_DRY,1,0.7273129820823669,0.26250603795051575,0.010180975310504436,1
HOGCNN_EFFICIENTNETB3_ADAPTED_3CLASS,PyTorch/torchvision,faithful three-class task-adapted reimplementation,123,S000013,ADAM,AMD_DRY,AMD_DRY,1,0.9393545389175415,0.05942577123641968,0.0012196473544463515,1
HOGCNN_EFFICIENTNETB3_ADAPTED_3CLASS,PyTorch/torchvision,faithful three-class task-adapted reimplementation,123,S000019,ADAM,AMD_DRY,AMD_DRY,1,0.9806534647941589,0.008279860951006413,0.011066625826060772,1
HOGCNN_EFFICIENTNETB3_ADAPTED_3CLASS,PyTorch/torchvision,faithful three-class task-adapted reimplementation,123,S000026,ADAM,AMD_DRY,AMD_DRY,1,0.9991951584815979,0.0007759081781841815,2.8896500225528143e-05,1
HOGCNN_EFFICIENTNETB3_ADAPTED_3CLASS,PyTorch/torchvision,faithful three-class task-adapted reimplementation,123,S000032,ADAM,AMD_DRY,AMD_DRY,1,0.9999786615371704,1.7982911231229082e-05,3.348912969158846e-06,1
HOGCNN_EFFICIENTNETB3_ADAPTED_3CLASS,PyTorch/torchvision,faithful three-class task-adapted reimplementation,123,S000040,ADAM,AMD_WET,AMD_WET,1,5.93458280491177e-05,0.9999383687973022,2.2748647552361945e-06,1
HOGCNN_EFFICIENTNETB3_ADAPTED_3CLASS,PyTorch/torchvision,faithful three-class task-adapted reimplementation,123,S000045,ADAM,AMD_WET,AMD_WET,1,0.05482077971100807,0.9434868693351746,0.001692280638962984,1
HOGCNN_EFFICIENTNETB3_ADAPTED_3CLASS,PyTorch/torchvision,faithful three-class task-adapted reimplementation,123,S000047,ADAM,AMD_WET,AMD_WET,1,0.001492724404670298,0.9984949827194214,1.2306405551498756e-05,1
HOGCNN_EFFICIENTNETB3_ADAPTED_3CLASS,PyTorch/torchvision,faithful three-class task-adapted reimplementation,123,S000051,ADAM,AMD_WET,AMD_WET,1,0.00014397682389244437,0.9983223080635071,0.0015337043441832066,1
HOGCNN_EFFICIENTNETB3_ADAPTED_3CLASS,PyTorch/torchvision,faithful three-class task-adapted reimplementation,123,S000062,FIVES,NORMAL,NORMAL,1,8.072899800026789e-05,4.112065141725907e-07,0.9999189376831055,1
HOGCNN_EFFICIENTNETB3_ADAPTED_3CLASS,PyTorch/torchvision,faithful three-class task-adapted reimplementation,123,S000064,FIVES,NORMAL,NORMAL,1,0.04663477838039398,0.005384389311075211,0.9479807615280151,1
HOGCNN_EFFICIENTNETB3_ADAPTED_3CLASS,PyTorch/torchvision,faithful three-class task-adapted reimplementation,123,S000071,FIVES,NORMAL,NORMAL,1,0.004666178487241268,0.00014909687160979956,0.9951847195625305,1
HOGCNN_EFFICIENTNETB3_ADAPTED_3CLASS,PyTorch/torchvision,faithful three-class task-adapted reimplementation,123,S000072,FIVES,NORMAL,NORMAL,1,0.0013176162028685212,4.313993122195825e-05,0.9986392855644226,1
HOGCNN_EFFICIENTNETB3_ADAPTED_3CLASS,PyTorch/torchvision,faithful three-class task-adapted reimplementation,123,S000083,FIVES,NORMAL,NORMAL,1,0.00018428162729833275,1.3091098480799701e-06,0.9998144507408142,1
HOGCNN_EFFICIENTNETB3_ADAPTED_3CLASS,PyTorch/torchvision,faithful three-class task-adapted reimplementation,123,S000085,FIVES,NORMAL,NORMAL,1,2.0903504264424555e-05,7.342298857793139e-08,0.9999790191650391,1
HOGCNN_EFFICIENTNETB3_ADAPTED_3CLASS,PyTorch/torchvision,faithful three-class task-adapted reimplementation,123,S000090,FIVES,NORMAL,NORMAL,1,6.995869625825435e-05,9.436968895215614e-08,0.9999299049377441,1
HOGCNN_EFFICIENTNETB3_ADAPTED_3CLASS,PyTorch/torchvision,faithful three-class task-adapted reimplementation,123,S000093,FIVES,NORMAL,NORMAL,1,2.379653960815631e-05,6.708736322025288e-08,0.9999760389328003,1
HOGCNN_EFFICIENTNETB3_ADAPTED_3CLASS,PyTorch/torchvision,faithful three-class task-adapted reimplementation,123,S000101,FIVES,NORMAL,NORMAL,1,6.0058620874769986e-05,3.140575870475004e-07,0.9999395608901978,1
HOGCNN_EFFICIENTNETB3_ADAPTED_3CLASS,PyTorch/torchvision,faithful three-class task-adapted reimplementation,123,S000105,FIVES,NORMAL,NORMAL,1,7.13321514922427e-06,8.800144613019256e-09,0.999992847442627,1
HOGCNN_EFFICIENTNETB3_ADAPTED_3CLASS,PyTorch/torchvision,faithful three-class task-adapted reimplementation,123,S000106,FIVES,NORMAL,NORMAL,1,0.0003786499728448689,5.19866262038704e-06,0.9996160268783569,1
HOGCNN_EFFICIENTNETB3_ADAPTED_3CLASS,PyTorch/torchvision,faithful three-class task-adapted reimplementation,123,S000107,FIVES,NORMAL,NORMAL,1,0.0009978902526199818,8.728607099328656e-06,0.998993456363678,1
HOGCNN_EFFICIENTNETB3_ADAPTED_3CLASS,PyTorch/torchvision,faithful three-class task-adapted reimplementation,123,S000111,FIVES,NORMAL,NORMAL,1,0.0010533336317166686,1.9379718651180156e-05,0.9989272952079773,1
HOGCNN_EFFICIENTNETB3_ADAPTED_3CLASS,PyTorch/torchvision,faithful three-class task-adapted reimplementation,123,S000114,FIVES,NORMAL,AMD_DRY,0,0.969603955745697,0.0006684392574243248,0.02972760610282421,1
HOGCNN_EFFICIENTNETB3_ADAPTED_3CLASS,PyTorch/torchvision,faithful three-class task-adapted reimplementation,123,S000123,FIVES,NORMAL,NORMAL,1,0.0002858535444829613,1.613919266674202e-06,0.9997124075889587,1
HOGCNN_EFFICIENTNETB3_ADAPTED_3CLASS,PyTorch/torchvision,faithful three-class task-adapted reimplementation,123,S000124,FIVES,NORMAL,NORMAL,1,3.594730151235126e-05,1.5931890118281444e-07,0.9999638795852661,1
HOGCNN_EFFICIENTNETB3_ADAPTED_3CLASS,PyTorch/torchvision,faithful three-class task-adapted reimplementation,123,S000126,FIVES,NORMAL,NORMAL,1,0.0002603098109830171,2.780428076221142e-06,0.9997369647026062,1
HOGCNN_EFFICIENTNETB3_ADAPTED_3CLASS,PyTorch/torchvision,faithful three-class task-adapted reimplementation,123,S000136,FIVES,NORMAL,NORMAL,1,0.0001837489107856527,1.2860508604717324e-06,0.9998149275779724,1
HOGCNN_EFFICIENTNETB3_ADAPTED_3CLASS,PyTorch/torchvision,faithful three-class task-adapted reimplementation,123,S000142,FIVES,NORMAL,NORMAL,1,9.4507762696594e-05,8.063034897531907e-07,0.9999046325683594,1
HOGCNN_EFFICIENTNETB3_ADAPTED_3CLASS,PyTorch/torchvision,faithful three-class task-adapted reimplementation,123,S000143,FIVES,NORMAL,NORMAL,1,5.2054168918402866e-05,1.6497428134698566e-07,0.9999477863311768,1
HOGCNN_EFFICIENTNETB3_ADAPTED_3CLASS,PyTorch/torchvision,faithful three-class task-adapted reimplementation,123,S000157,FIVES,AMD_DRY,AMD_WET,0,0.17971743643283844,0.8146704435348511,0.005612041801214218,1
HOGCNN_EFFICIENTNETB3_ADAPTED_3CLASS,PyTorch/torchvision,faithful three-class task-adapted reimplementation,123,S000165,FIVES,AMD_DRY,AMD_DRY,1,0.9997407793998718,0.00021695274335797876,4.231767525197938e-05,1
HOGCNN_EFFICIENTNETB3_ADAPTED_3CLASS,PyTorch/torchvision,faithful three-class task-adapted reimplementation,123,S000166,FIVES,AMD_DRY,AMD_WET,0,0.24964043498039246,0.7488996386528015,0.0014599350979551673,1
HOGCNN_EFFICIENTNETB3_ADAPTED_3CLASS,PyTorch/torchvision,faithful three-class task-adapted reimplementation,123,S000171,FIVES,AMD_WET,AMD_WET,1,2.1278590793372132e-05,0.9999756813049316,2.9825439469277626e-06,1
HOGCNN_EFFICIENTNETB3_ADAPTED_3CLASS,PyTorch/torchvision,faithful three-class task-adapted reimplementation,123,S000175,FIVES,AMD_WET,AMD_WET,1,0.00848232302814722,0.9914746284484863,4.3069147068308666e-05,1
HOGCNN_EFFICIENTNETB3_ADAPTED_3CLASS,PyTorch/torchvision,faithful three-class task-adapted reimplementation,123,S000181,FIVES,AMD_WET,AMD_WET,1,5.50946278963238e-05,0.9999409914016724,3.922026735381223e-06,1
HOGCNN_EFFICIENTNETB3_ADAPTED_3CLASS,PyTorch/torchvision,faithful three-class task-adapted reimplementation,123,S000196,FIVES,AMD_WET,AMD_WET,1,1.7481118774753668e-08,1.0,5.683496451247549e-10,1
HOGCNN_EFFICIENTNETB3_ADAPTED_3CLASS,PyTorch/torchvision,faithful three-class task-adapted reimplementation,123,S000197,FIVES,AMD_WET,AMD_WET,1,3.4973736546817236e-06,0.9999964237213135,5.3011458334140116e-08,1
HOGCNN_EFFICIENTNETB3_ADAPTED_3CLASS,PyTorch/torchvision,faithful three-class task-adapted reimplementation,123,S000198,FIVES,AMD_WET,AMD_WET,1,2.4100852897390723e-05,0.9999744892120361,1.4472997236225638e-06,1
HOGCNN_EFFICIENTNETB3_ADAPTED_3CLASS,PyTorch/torchvision,faithful three-class task-adapted reimplementation,123,S000199,FIVES,AMD_WET,AMD_WET,1,7.521532097598538e-05,0.9999139308929443,1.090014757210156e-05,1
HOGCNN_EFFICIENTNETB3_ADAPTED_3CLASS,PyTorch/torchvision,faithful three-class task-adapted reimplementation,123,S000209,FIVES,AMD_WET,AMD_WET,1,1.2897005944978446e-05,0.9999866485595703,4.773638124788704e-07,1
HOGCNN_EFFICIENTNETB3_ADAPTED_3CLASS,PyTorch/torchvision,faithful three-class task-adapted reimplementation,123,S000214,FIVES,AMD_WET,AMD_WET,1,0.000829780416097492,0.9991133809089661,5.687001976184547e-05,1
HOGCNN_EFFICIENTNETB3_ADAPTED_3CLASS,PyTorch/torchvision,faithful three-class task-adapted reimplementation,123,S000221,FIVES,AMD_WET,AMD_WET,1,2.6948811238103332e-11,1.0,1.6924439280585624e-13,1
HOGCNN_EFFICIENTNETB3_ADAPTED_3CLASS,PyTorch/torchvision,faithful three-class task-adapted reimplementation,123,S000223,FIVES,AMD_WET,AMD_DRY,0,0.9407957196235657,0.05913413316011429,7.0129957748577e-05,1
HOGCNN_EFFICIENTNETB3_ADAPTED_3CLASS,PyTorch/torchvision,faithful three-class task-adapted reimplementation,123,S000228,FIVES,AMD_WET,AMD_WET,1,1.1255693607381545e-05,0.999988317489624,4.6624506921943976e-07,1
HOGCNN_EFFICIENTNETB3_ADAPTED_3CLASS,PyTorch/torchvision,faithful three-class task-adapted reimplementation,123,S000231,FIVES,AMD_WET,AMD_WET,1,0.001864682068116963,0.9979735016822815,0.00016185904678422958,1
HOGCNN_EFFICIENTNETB3_ADAPTED_3CLASS,PyTorch/torchvision,faithful three-class task-adapted reimplementation,123,S000240,ODIR,NORMAL,NORMAL,1,0.0019703139550983906,1.2901981790491845e-05,0.9980168342590332,1
HOGCNN_EFFICIENTNETB3_ADAPTED_3CLASS,PyTorch/torchvision,faithful three-class task-adapted reimplementation,123,S000252,ODIR,NORMAL,NORMAL,1,6.782507261959836e-05,1.4903011447131576e-07,0.999932050704956,1
HOGCNN_EFFICIENTNETB3_ADAPTED_3CLASS,PyTorch/torchvision,faithful three-class task-adapted reimplementation,123,S000255,ODIR,NORMAL,NORMAL,1,3.761731568374671e-05,5.194648977635552e-08,0.999962329864502,1
HOGCNN_EFFICIENTNETB3_ADAPTED_3CLASS,PyTorch/torchvision,faithful three-class task-adapted reimplementation,123,S000256,ODIR,NORMAL,NORMAL,1,0.12671366333961487,0.0002554124512244016,0.873030960559845,1
HOGCNN_EFFICIENTNETB3_ADAPTED_3CLASS,PyTorch/torchvision,faithful three-class task-adapted reimplementation,123,S000258,ODIR,NORMAL,NORMAL,1,0.0009737276122905314,1.8299863313586684e-06,0.999024510383606,1
HOGCNN_EFFICIENTNETB3_ADAPTED_3CLASS,PyTorch/torchvision,faithful three-class task-adapted reimplementation,123,S000264,ODIR,NORMAL,NORMAL,1,0.00020179702551104128,1.1587907238208572e-06,0.9997970461845398,1
HOGCNN_EFFICIENTNETB3_ADAPTED_3CLASS,PyTorch/torchvision,faithful three-class task-adapted reimplementation,123,S000265,ODIR,NORMAL,NORMAL,1,0.005971387028694153,9.966862126020715e-05,0.9939289093017578,1
HOGCNN_EFFICIENTNETB3_ADAPTED_3CLASS,PyTorch/torchvision,faithful three-class task-adapted reimplementation,123,S000267,ODIR,NORMAL,NORMAL,1,0.00017101939010899514,5.103220246382989e-07,0.9998284578323364,1
HOGCNN_EFFICIENTNETB3_ADAPTED_3CLASS,PyTorch/torchvision,faithful three-class task-adapted reimplementation,123,S000268,ODIR,NORMAL,NORMAL,1,0.001114609302021563,6.1217424445203505e-06,0.9988792538642883,1
HOGCNN_EFFICIENTNETB3_ADAPTED_3CLASS,PyTorch/torchvision,faithful three-class task-adapted reimplementation,123,S000274,ODIR,NORMAL,NORMAL,1,0.0005038988892920315,3.4831725770345656e-06,0.9994926452636719,1
HOGCNN_EFFICIENTNETB3_ADAPTED_3CLASS,PyTorch/torchvision,faithful three-class task-adapted reimplementation,123,S000275,ODIR,NORMAL,NORMAL,1,0.004211485851556063,2.7670612325891852e-05,0.9957608580589294,1
HOGCNN_EFFICIENTNETB3_ADAPTED_3CLASS,PyTorch/torchvision,faithful three-class task-adapted reimplementation,123,S000282,ODIR,NORMAL,NORMAL,1,3.5783577914116904e-05,6.982114086895308e-08,0.9999641180038452,1
HOGCNN_EFFICIENTNETB3_ADAPTED_3CLASS,PyTorch/torchvision,faithful three-class task-adapted reimplementation,123,S000291,ODIR,NORMAL,NORMAL,1,0.008315056562423706,0.00018564211495686322,0.9914992451667786,1
HOGCNN_EFFICIENTNETB3_ADAPTED_3CLASS,PyTorch/torchvision,faithful three-class task-adapted reimplementation,123,S000298,ODIR,NORMAL,NORMAL,1,3.889493200404104e-06,1.1838149349685523e-09,0.9999960660934448,1
HOGCNN_EFFICIENTNETB3_ADAPTED_3CLASS,PyTorch/torchvision,faithful three-class task-adapted reimplementation,123,S000307,ODIR,NORMAL,NORMAL,1,2.0732590201077983e-05,1.823176276616323e-08,0.9999792575836182,1
HOGCNN_EFFICIENTNETB3_ADAPTED_3CLASS,PyTorch/torchvision,faithful three-class task-adapted reimplementation,123,S000317,ODIR,NORMAL,NORMAL,1,0.00011827535490738228,3.1640098541174666e-07,0.999881386756897,1
HOGCNN_EFFICIENTNETB3_ADAPTED_3CLASS,PyTorch/torchvision,faithful three-class task-adapted reimplementation,123,S000318,ODIR,NORMAL,NORMAL,1,0.0001656195381656289,3.2004521699491306e-07,0.9998339414596558,1
HOGCNN_EFFICIENTNETB3_ADAPTED_3CLASS,PyTorch/torchvision,faithful three-class task-adapted reimplementation,123,S000321,ODIR,NORMAL,NORMAL,1,0.009295223280787468,0.0001732328237267211,0.9905315637588501,1
HOGCNN_EFFICIENTNETB3_ADAPTED_3CLASS,PyTorch/torchvision,faithful three-class task-adapted reimplementation,123,S000326,ODIR,NORMAL,NORMAL,1,0.014818623661994934,8.137796248774976e-05,0.9850999712944031,1
HOGCNN_EFFICIENTNETB3_ADAPTED_3CLASS,PyTorch/torchvision,faithful three-class task-adapted reimplementation,123,S000327,ODIR,NORMAL,NORMAL,1,0.004123741760849953,6.583190952369478e-06,0.9958696961402893,1
HOGCNN_EFFICIENTNETB3_ADAPTED_3CLASS,PyTorch/torchvision,faithful three-class task-adapted reimplementation,123,S000329,ODIR,NORMAL,NORMAL,1,0.12602052092552185,0.0012797166127711535,0.8726997375488281,1
HOGCNN_EFFICIENTNETB3_ADAPTED_3CLASS,PyTorch/torchvision,faithful three-class task-adapted reimplementation,123,S000333,ODIR,NORMAL,NORMAL,1,0.005010827910155058,0.00026394985616207123,0.9947251677513123,1
HOGCNN_EFFICIENTNETB3_ADAPTED_3CLASS,PyTorch/torchvision,faithful three-class task-adapted reimplementation,123,S000349,ODIR,NORMAL,NORMAL,1,0.0004085023538209498,1.9886033442162443e-06,0.9995895028114319,1
HOGCNN_EFFICIENTNETB3_ADAPTED_3CLASS,PyTorch/torchvision,faithful three-class task-adapted reimplementation,123,S000351,ODIR,NORMAL,NORMAL,1,5.3302817832445726e-05,8.867186807037797e-08,0.9999465942382812,1
HOGCNN_EFFICIENTNETB3_ADAPTED_3CLASS,PyTorch/torchvision,faithful three-class task-adapted reimplementation,123,S000356,ODIR,NORMAL,NORMAL,1,0.0007747874478809536,3.148474888803321e-06,0.9992221593856812,1
HOGCNN_EFFICIENTNETB3_ADAPTED_3CLASS,PyTorch/torchvision,faithful three-class task-adapted reimplementation,123,S000382,ODIR,AMD_DRY,AMD_DRY,1,0.9959087371826172,0.004085527267307043,5.700537712982623e-06,1
HOGCNN_EFFICIENTNETB3_ADAPTED_3CLASS,PyTorch/torchvision,faithful three-class task-adapted reimplementation,123,S000387,ODIR,AMD_DRY,AMD_DRY,1,0.9975946545600891,0.0024043910671025515,9.480916673965112e-07,1
HOGCNN_EFFICIENTNETB3_ADAPTED_3CLASS,PyTorch/torchvision,faithful three-class task-adapted reimplementation,123,S000388,ODIR,AMD_DRY,AMD_DRY,1,0.9903174638748169,0.009334733709692955,0.00034777470864355564,1
HOGCNN_EFFICIENTNETB3_ADAPTED_3CLASS,PyTorch/torchvision,faithful three-class task-adapted reimplementation,123,S000397,ODIR,AMD_DRY,AMD_DRY,1,0.9971582889556885,0.002049504080787301,0.0007923142984509468,1
HOGCNN_EFFICIENTNETB3_ADAPTED_3CLASS,PyTorch/torchvision,faithful three-class task-adapted reimplementation,123,S000405,ODIR,AMD_DRY,AMD_DRY,1,0.9990934133529663,0.0008536676759831607,5.282968413666822e-05,1
HOGCNN_EFFICIENTNETB3_ADAPTED_3CLASS,PyTorch/torchvision,faithful three-class task-adapted reimplementation,123,S000408,ODIR,AMD_DRY,AMD_DRY,1,0.971912145614624,0.017962688580155373,0.010125103406608105,1
HOGCNN_EFFICIENTNETB3_ADAPTED_3CLASS,PyTorch/torchvision,faithful three-class task-adapted reimplementation,123,S000413,ODIR,AMD_DRY,AMD_DRY,1,0.9996414184570312,0.00028881090111099184,6.971835682634264e-05,1
HOGCNN_EFFICIENTNETB3_ADAPTED_3CLASS,PyTorch/torchvision,faithful three-class task-adapted reimplementation,123,S000414,ODIR,AMD_DRY,AMD_DRY,1,0.999549925327301,0.0004117388743907213,3.834134986391291e-05,1
HOGCNN_EFFICIENTNETB3_ADAPTED_3CLASS,PyTorch/torchvision,faithful three-class task-adapted reimplementation,123,S000415,ODIR,AMD_DRY,AMD_DRY,1,0.999944806098938,5.121831054566428e-05,3.9497426769230515e-06,1
HOGCNN_EFFICIENTNETB3_ADAPTED_3CLASS,PyTorch/torchvision,faithful three-class task-adapted reimplementation,123,S000421,ODIR,AMD_DRY,AMD_DRY,1,0.9997474551200867,0.000238110835198313,1.4467786058958154e-05,1
HOGCNN_EFFICIENTNETB3_ADAPTED_3CLASS,PyTorch/torchvision,faithful three-class task-adapted reimplementation,123,S000422,ODIR,AMD_DRY,AMD_DRY,1,0.999923825263977,7.24467754480429e-05,3.677659606182715e-06,1
HOGCNN_EFFICIENTNETB3_ADAPTED_3CLASS,PyTorch/torchvision,faithful three-class task-adapted reimplementation,123,S000429,ODIR,AMD_DRY,AMD_DRY,1,0.9997816681861877,0.00018228022963739932,3.606635073083453e-05,1
HOGCNN_EFFICIENTNETB3_ADAPTED_3CLASS,PyTorch/torchvision,faithful three-class task-adapted reimplementation,123,S000431,ODIR,AMD_DRY,AMD_DRY,1,0.9987633228302002,0.0010400901082903147,0.0001965710980584845,1
HOGCNN_EFFICIENTNETB3_ADAPTED_3CLASS,PyTorch/torchvision,faithful three-class task-adapted reimplementation,123,S000432,ODIR,AMD_DRY,AMD_DRY,1,0.9999545812606812,3.849829226965085e-05,6.962759016460041e-06,1
HOGCNN_EFFICIENTNETB3_ADAPTED_3CLASS,PyTorch/torchvision,faithful three-class task-adapted reimplementation,123,S000433,ODIR,AMD_DRY,AMD_DRY,1,0.9998733997344971,0.0001183058848255314,8.230275852838531e-06,1
HOGCNN_EFFICIENTNETB3_ADAPTED_3CLASS,PyTorch/torchvision,faithful three-class task-adapted reimplementation,123,S000436,ODIR,AMD_DRY,AMD_DRY,1,0.9999372959136963,5.759975829278119e-05,5.107235210743966e-06,1
HOGCNN_EFFICIENTNETB3_ADAPTED_3CLASS,PyTorch/torchvision,faithful three-class task-adapted reimplementation,123,S000437,ODIR,AMD_DRY,AMD_DRY,1,0.9980399012565613,0.0017099656397476792,0.00025019748136401176,1
HOGCNN_EFFICIENTNETB3_ADAPTED_3CLASS,PyTorch/torchvision,faithful three-class task-adapted reimplementation,123,S000446,ODIR,AMD_WET,AMD_WET,1,0.41395264863967896,0.5846012234687805,0.0014461093815043569,1
HOGCNN_EFFICIENTNETB3_ADAPTED_3CLASS,PyTorch/torchvision,faithful three-class task-adapted reimplementation,123,S000450,ODIR,AMD_WET,AMD_WET,1,0.0037296938244253397,0.9959679841995239,0.0003022880700882524,1
HOGCNN_EFFICIENTNETB3_ADAPTED_3CLASS,PyTorch/torchvision,faithful three-class task-adapted reimplementation,123,S000452,ODIR,AMD_WET,AMD_WET,1,8.680265455041081e-05,0.9999122619628906,9.365584219267475e-07,1
HOGCNN_EFFICIENTNETB3_ADAPTED_3CLASS,PyTorch/torchvision,faithful three-class task-adapted reimplementation,123,S000454,ODIR,AMD_WET,AMD_WET,1,0.00022415845887735486,0.9997605681419373,1.529010660306085e-05,1
HOGCNN_EFFICIENTNETB3_ADAPTED_3CLASS,PyTorch/torchvision,faithful three-class task-adapted reimplementation,123,S000467,ODIR,AMD_WET,AMD_WET,1,0.04146367684006691,0.9521426558494568,0.006393681280314922,1
HOGCNN_EFFICIENTNETB3_ADAPTED_3CLASS,PyTorch/torchvision,faithful three-class task-adapted reimplementation,123,S000477,RFMID,NORMAL,NORMAL,1,0.0007717600674368441,2.247740121674724e-05,0.9992057681083679,1
HOGCNN_EFFICIENTNETB3_ADAPTED_3CLASS,PyTorch/torchvision,faithful three-class task-adapted reimplementation,123,S000480,RFMID,NORMAL,NORMAL,1,0.0014620572328567505,4.367017754702829e-05,0.9984942674636841,1
HOGCNN_EFFICIENTNETB3_ADAPTED_3CLASS,PyTorch/torchvision,faithful three-class task-adapted reimplementation,123,S000484,RFMID,NORMAL,NORMAL,1,4.830237230635248e-05,9.206567028741119e-07,0.9999507665634155,1
HOGCNN_EFFICIENTNETB3_ADAPTED_3CLASS,PyTorch/torchvision,faithful three-class task-adapted reimplementation,123,S000485,RFMID,NORMAL,NORMAL,1,0.00020585097081493586,2.602830363684916e-06,0.9997915625572205,1
HOGCNN_EFFICIENTNETB3_ADAPTED_3CLASS,PyTorch/torchvision,faithful three-class task-adapted reimplementation,123,S000491,RFMID,NORMAL,NORMAL,1,0.3004731237888336,0.003108146833255887,0.6964187026023865,1
HOGCNN_EFFICIENTNETB3_ADAPTED_3CLASS,PyTorch/torchvision,faithful three-class task-adapted reimplementation,123,S000493,RFMID,NORMAL,NORMAL,1,0.004897612147033215,0.0002049578179139644,0.9948974251747131,1
HOGCNN_EFFICIENTNETB3_ADAPTED_3CLASS,PyTorch/torchvision,faithful three-class task-adapted reimplementation,123,S000504,RFMID,NORMAL,NORMAL,1,0.04204031452536583,0.0016543733654543757,0.9563053250312805,1
HOGCNN_EFFICIENTNETB3_ADAPTED_3CLASS,PyTorch/torchvision,faithful three-class task-adapted reimplementation,123,S000506,RFMID,NORMAL,NORMAL,1,6.447758642025292e-05,4.5693377614952624e-07,0.9999350309371948,1
HOGCNN_EFFICIENTNETB3_ADAPTED_3CLASS,PyTorch/torchvision,faithful three-class task-adapted reimplementation,123,S000507,RFMID,NORMAL,NORMAL,1,0.006351687014102936,9.61860132520087e-05,0.9935520887374878,1
HOGCNN_EFFICIENTNETB3_ADAPTED_3CLASS,PyTorch/torchvision,faithful three-class task-adapted reimplementation,123,S000515,RFMID,NORMAL,NORMAL,1,3.130087861791253e-05,7.277419200590884e-08,0.9999685287475586,1
HOGCNN_EFFICIENTNETB3_ADAPTED_3CLASS,PyTorch/torchvision,faithful three-class task-adapted reimplementation,123,S000522,RFMID,NORMAL,NORMAL,1,0.002895516809076071,7.848219684092328e-05,0.9970260262489319,1
HOGCNN_EFFICIENTNETB3_ADAPTED_3CLASS,PyTorch/torchvision,faithful three-class task-adapted reimplementation,123,S000527,RFMID,NORMAL,NORMAL,1,0.0022064896766096354,3.633333835750818e-05,0.9977572560310364,1
HOGCNN_EFFICIENTNETB3_ADAPTED_3CLASS,PyTorch/torchvision,faithful three-class task-adapted reimplementation,123,S000529,RFMID,NORMAL,NORMAL,1,0.014616151340305805,0.0006875405670143664,0.9846962690353394,1
HOGCNN_EFFICIENTNETB3_ADAPTED_3CLASS,PyTorch/torchvision,faithful three-class task-adapted reimplementation,123,S000542,RFMID,AMD_DRY,AMD_DRY,1,0.7442623972892761,0.25256237387657166,0.0031752707436680794,1
HOGCNN_EFFICIENTNETB3_ADAPTED_3CLASS,PyTorch/torchvision,faithful three-class task-adapted reimplementation,123,S000545,RFMID,AMD_WET,AMD_WET,1,0.028299810364842415,0.9706973433494568,0.001002916949801147,1
HOGCNN_EFFICIENTNETB3_ADAPTED_3CLASS,PyTorch/torchvision,faithful three-class task-adapted reimplementation,123,S000552,RFMID,AMD_WET,AMD_WET,1,0.054027657955884933,0.730690598487854,0.21528171002864838,1
HOGCNN_EFFICIENTNETB3_ADAPTED_3CLASS,PyTorch/torchvision,faithful three-class task-adapted reimplementation,123,S000553,RFMID,AMD_WET,AMD_WET,1,0.0001430474076187238,0.9998384714126587,1.8497406927053817e-05,1
HOGCNN_EFFICIENTNETB3_ADAPTED_3CLASS,PyTorch/torchvision,faithful three-class task-adapted reimplementation,123,S000565,RFMID,AMD_WET,AMD_DRY,0,0.7746871113777161,0.22057949006557465,0.0047333999536931515,1
HOGCNN_EFFICIENTNETB3_ADAPTED_3CLASS,PyTorch/torchvision,faithful three-class task-adapted reimplementation,123,S000576,RFMID,AMD_WET,AMD_WET,1,0.09538723528385162,0.7577084302902222,0.1469043493270874,1
HOGCNN_EFFICIENTNETB3_ADAPTED_3CLASS,PyTorch/torchvision,faithful three-class task-adapted reimplementation,123,S000578,RFMID,AMD_WET,AMD_WET,1,0.01288130134344101,0.9839563965797424,0.0031623253598809242,1
HOGCNN_EFFICIENTNETB3_ADAPTED_3CLASS,PyTorch/torchvision,faithful three-class task-adapted reimplementation,123,S000580,RFMID,AMD_WET,AMD_WET,1,1.161976959096478e-09,1.0,3.4059994408197625e-11,1
HOGCNN_EFFICIENTNETB3_ADAPTED_3CLASS,PyTorch/torchvision,faithful three-class task-adapted reimplementation,123,S000583,RFMID,AMD_WET,AMD_WET,1,0.050161026418209076,0.9476110935211182,0.0022278674878180027,1
HOGCNN_EFFICIENTNETB3_ADAPTED_3CLASS,PyTorch/torchvision,faithful three-class task-adapted reimplementation,123,S000584,RFMID,AMD_WET,AMD_WET,1,0.0010041871573776007,0.9895445704460144,0.009451188147068024,1
HOGCNN_EFFICIENTNETB3_ADAPTED_3CLASS,PyTorch/torchvision,faithful three-class task-adapted reimplementation,123,S000589,RFMID,AMD_WET,AMD_WET,1,7.300546712940559e-05,0.9999051094055176,2.183130163757596e-05,1
HOGCNN_EFFICIENTNETB3_ADAPTED_3CLASS,PyTorch/torchvision,faithful three-class task-adapted reimplementation,123,S000591,RFMID,AMD_WET,AMD_WET,1,3.691581085263351e-08,1.0,7.757761544269215e-09,1
HOGCNN_EFFICIENTNETB3_ADAPTED_3CLASS,PyTorch/torchvision,faithful three-class task-adapted reimplementation,123,S000005,ADAM,AMD_DRY,AMD_DRY,1,0.9991378784179688,0.0007080010836943984,0.00015410897321999073,2
HOGCNN_EFFICIENTNETB3_ADAPTED_3CLASS,PyTorch/torchvision,faithful three-class task-adapted reimplementation,123,S000006,ADAM,AMD_DRY,AMD_DRY,1,0.8525620698928833,0.1473427712917328,9.515733836451545e-05,2
HOGCNN_EFFICIENTNETB3_ADAPTED_3CLASS,PyTorch/torchvision,faithful three-class task-adapted reimplementation,123,S000009,ADAM,AMD_DRY,AMD_DRY,1,0.9981808662414551,0.0017926535801962018,2.6494901248952374e-05,2
HOGCNN_EFFICIENTNETB3_ADAPTED_3CLASS,PyTorch/torchvision,faithful three-class task-adapted reimplementation,123,S000011,ADAM,AMD_DRY,AMD_DRY,1,0.9994162321090698,0.0005694186547771096,1.4469670531980228e-05,2
HOGCNN_EFFICIENTNETB3_ADAPTED_3CLASS,PyTorch/torchvision,faithful three-class task-adapted reimplementation,123,S000025,ADAM,AMD_DRY,AMD_WET,0,0.02421354502439499,0.9753811955451965,0.00040520791662856936,2
HOGCNN_EFFICIENTNETB3_ADAPTED_3CLASS,PyTorch/torchvision,faithful three-class task-adapted reimplementation,123,S000027,ADAM,AMD_DRY,AMD_DRY,1,0.9998605251312256,8.436934876954183e-05,5.507658715941943e-05,2
HOGCNN_EFFICIENTNETB3_ADAPTED_3CLASS,PyTorch/torchvision,faithful three-class task-adapted reimplementation,123,S000033,ADAM,AMD_DRY,AMD_DRY,1,0.9999991655349731,7.292749728549097e-07,7.862571038685928e-08,2
HOGCNN_EFFICIENTNETB3_ADAPTED_3CLASS,PyTorch/torchvision,faithful three-class task-adapted reimplementation,123,S000037,ADAM,AMD_WET,AMD_WET,1,0.06283525377511978,0.9370907545089722,7.396713044727221e-05,2
HOGCNN_EFFICIENTNETB3_ADAPTED_3CLASS,PyTorch/torchvision,faithful three-class task-adapted reimplementation,123,S000039,ADAM,AMD_WET,AMD_WET,1,0.00012237561168149114,0.9998738765716553,3.6870733310934156e-06,2
HOGCNN_EFFICIENTNETB3_ADAPTED_3CLASS,PyTorch/torchvision,faithful three-class task-adapted reimplementation,123,S000044,ADAM,AMD_WET,AMD_WET,1,0.2617626190185547,0.7378688454627991,0.00036858272505924106,2
HOGCNN_EFFICIENTNETB3_ADAPTED_3CLASS,PyTorch/torchvision,faithful three-class task-adapted reimplementation,123,S000049,ADAM,AMD_WET,AMD_WET,1,0.00031901762122288346,0.9996711015701294,9.848573427007068e-06,2
HOGCNN_EFFICIENTNETB3_ADAPTED_3CLASS,PyTorch/torchvision,faithful three-class task-adapted reimplementation,123,S000054,FIVES,NORMAL,NORMAL,1,0.011618055403232574,0.0008830243023112416,0.987498939037323,2
HOGCNN_EFFICIENTNETB3_ADAPTED_3CLASS,PyTorch/torchvision,faithful three-class task-adapted reimplementation,123,S000059,FIVES,NORMAL,NORMAL,1,5.202046668273397e-05,3.5555379440666e-07,0.9999476671218872,2
HOGCNN_EFFICIENTNETB3_ADAPTED_3CLASS,PyTorch/torchvision,faithful three-class task-adapted reimplementation,123,S000060,FIVES,NORMAL,NORMAL,1,0.002198232337832451,3.644885873654857e-05,0.9977654218673706,2
HOGCNN_EFFICIENTNETB3_ADAPTED_3CLASS,PyTorch/torchvision,faithful three-class task-adapted reimplementation,123,S000063,FIVES,NORMAL,NORMAL,1,0.009710855782032013,0.0034518581815063953,0.9868372678756714,2
HOGCNN_EFFICIENTNETB3_ADAPTED_3CLASS,PyTorch/torchvision,faithful three-class task-adapted reimplementation,123,S000068,FIVES,NORMAL,AMD_WET,0,0.20830807089805603,0.43091168999671936,0.36078017950057983,2
HOGCNN_EFFICIENTNETB3_ADAPTED_3CLASS,PyTorch/torchvision,faithful three-class task-adapted reimplementation,123,S000069,FIVES,NORMAL,NORMAL,1,2.5516035293549066e-06,7.388270883978976e-09,0.9999974966049194,2
HOGCNN_EFFICIENTNETB3_ADAPTED_3CLASS,PyTorch/torchvision,faithful three-class task-adapted reimplementation,123,S000091,FIVES,NORMAL,NORMAL,1,1.4121334970695898e-05,2.0553827084768272e-07,0.9999856948852539,2
HOGCNN_EFFICIENTNETB3_ADAPTED_3CLASS,PyTorch/torchvision,faithful three-class task-adapted reimplementation,123,S000092,FIVES,NORMAL,NORMAL,1,1.6082145521068014e-05,2.9337223850234295e-07,0.9999836683273315,2
HOGCNN_EFFICIENTNETB3_ADAPTED_3CLASS,PyTorch/torchvision,faithful three-class task-adapted reimplementation,123,S000098,FIVES,NORMAL,NORMAL,1,2.442306140437722e-06,1.8160221770813223e-08,0.999997615814209,2
HOGCNN_EFFICIENTNETB3_ADAPTED_3CLASS,PyTorch/torchvision,faithful three-class task-adapted reimplementation,123,S000099,FIVES,NORMAL,AMD_WET,0,0.00040226595592685044,0.999578058719635,1.9626100765890442e-05,2
HOGCNN_EFFICIENTNETB3_ADAPTED_3CLASS,PyTorch/torchvision,faithful three-class task-adapted reimplementation,123,S000102,FIVES,NORMAL,NORMAL,1,6.7803894125972874e-06,5.747564202351896e-08,0.9999932050704956,2
HOGCNN_EFFICIENTNETB3_ADAPTED_3CLASS,PyTorch/torchvision,faithful three-class task-adapted reimplementation,123,S000112,FIVES,NORMAL,NORMAL,1,0.00016002156189642847,5.857081305293832e-06,0.9998340606689453,2
HOGCNN_EFFICIENTNETB3_ADAPTED_3CLASS,PyTorch/torchvision,faithful three-class task-adapted reimplementation,123,S000113,FIVES,NORMAL,NORMAL,1,2.453022352710832e-05,5.141222914062382e-07,0.9999749660491943,2
HOGCNN_EFFICIENTNETB3_ADAPTED_3CLASS,PyTorch/torchvision,faithful three-class task-adapted reimplementation,123,S000121,FIVES,NORMAL,NORMAL,1,0.00012765283463522792,4.101727427041624e-06,0.9998682737350464,2
HOGCNN_EFFICIENTNETB3_ADAPTED_3CLASS,PyTorch/torchvision,faithful three-class task-adapted reimplementation,123,S000134,FIVES,NORMAL,NORMAL,1,4.0480331335857045e-06,4.507164419464971e-08,0.9999959468841553,2
HOGCNN_EFFICIENTNETB3_ADAPTED_3CLASS,PyTorch/torchvision,faithful three-class task-adapted reimplementation,123,S000137,FIVES,NORMAL,NORMAL,1,0.0017033044714480639,0.00016997885541059077,0.9981266856193542,2
HOGCNN_EFFICIENTNETB3_ADAPTED_3CLASS,PyTorch/torchvision,faithful three-class task-adapted reimplementation,123,S000138,FIVES,NORMAL,NORMAL,1,2.0081257389392704e-05,2.518912083360192e-07,0.9999797344207764,2
HOGCNN_EFFICIENTNETB3_ADAPTED_3CLASS,PyTorch/torchvision,faithful three-class task-adapted reimplementation,123,S000147,FIVES,NORMAL,NORMAL,1,0.0010736342519521713,3.4141194191761315e-05,0.9988922476768494,2
HOGCNN_EFFICIENTNETB3_ADAPTED_3CLASS,PyTorch/torchvision,faithful three-class task-adapted reimplementation,123,S000150,FIVES,NORMAL,NORMAL,1,0.0018354413332417607,0.00019144157704431564,0.9979731440544128,2
HOGCNN_EFFICIENTNETB3_ADAPTED_3CLASS,PyTorch/torchvision,faithful three-class task-adapted reimplementation,123,S000153,FIVES,AMD_DRY,AMD_WET,0,0.3270111382007599,0.6720839738845825,0.0009049110230989754,2
HOGCNN_EFFICIENTNETB3_ADAPTED_3CLASS,PyTorch/torchvision,faithful three-class task-adapted reimplementation,123,S000154,FIVES,AMD_DRY,AMD_DRY,1,0.9664520025253296,0.0335274301469326,2.064588261418976e-05,2
HOGCNN_EFFICIENTNETB3_ADAPTED_3CLASS,PyTorch/torchvision,faithful three-class task-adapted reimplementation,123,S000160,FIVES,AMD_DRY,AMD_WET,0,0.21722714602947235,0.7827652096748352,7.628220373590011e-06,2
HOGCNN_EFFICIENTNETB3_ADAPTED_3CLASS,PyTorch/torchvision,faithful three-class task-adapted reimplementation,123,S000167,FIVES,AMD_WET,AMD_WET,1,1.0047075193142518e-05,0.9999897480010986,1.4555209304489836e-07,2
HOGCNN_EFFICIENTNETB3_ADAPTED_3CLASS,PyTorch/torchvision,faithful three-class task-adapted reimplementation,123,S000178,FIVES,AMD_WET,AMD_WET,1,5.280252935335739e-06,0.9999946355819702,8.404241924608868e-08,2
HOGCNN_EFFICIENTNETB3_ADAPTED_3CLASS,PyTorch/torchvision,faithful three-class task-adapted reimplementation,123,S000180,FIVES,AMD_WET,AMD_WET,1,2.470156630351994e-07,0.9999997615814209,1.6246762823968197e-09,2
HOGCNN_EFFICIENTNETB3_ADAPTED_3CLASS,PyTorch/torchvision,faithful three-class task-adapted reimplementation,123,S000183,FIVES,AMD_WET,AMD_WET,1,6.741424840583932e-07,0.9999992847442627,3.6804119751820963e-09,2
HOGCNN_EFFICIENTNETB3_ADAPTED_3CLASS,PyTorch/torchvision,faithful three-class task-adapted reimplementation,123,S000184,FIVES,AMD_WET,AMD_WET,1,2.2401769683710882e-07,0.9999997615814209,1.5868197866808487e-09,2
HOGCNN_EFFICIENTNETB3_ADAPTED_3CLASS,PyTorch/torchvision,faithful three-class task-adapted reimplementation,123,S000186,FIVES,AMD_WET,AMD_WET,1,1.5605904991389252e-05,0.9999841451644897,2.1989349363593647e-07,2
HOGCNN_EFFICIENTNETB3_ADAPTED_3CLASS,PyTorch/torchvision,faithful three-class task-adapted reimplementation,123,S000188,FIVES,AMD_WET,AMD_WET,1,0.0010513936867937446,0.998917818069458,3.0860268452670425e-05,2
HOGCNN_EFFICIENTNETB3_ADAPTED_3CLASS,PyTorch/torchvision,faithful three-class task-adapted reimplementation,123,S000205,FIVES,AMD_WET,AMD_WET,1,4.76294417239842e-06,0.9999951124191284,6.591412216039316e-08,2
HOGCNN_EFFICIENTNETB3_ADAPTED_3CLASS,PyTorch/torchvision,faithful three-class task-adapted reimplementation,123,S000210,FIVES,AMD_WET,AMD_WET,1,0.0002490654296707362,0.9997419714927673,9.006415893964004e-06,2
HOGCNN_EFFICIENTNETB3_ADAPTED_3CLASS,PyTorch/torchvision,faithful three-class task-adapted reimplementation,123,S000222,FIVES,AMD_WET,AMD_WET,1,1.0142431783322081e-08,1.0,2.8410895164254768e-11,2
HOGCNN_EFFICIENTNETB3_ADAPTED_3CLASS,PyTorch/torchvision,faithful three-class task-adapted reimplementation,123,S000226,FIVES,AMD_WET,AMD_WET,1,7.271555091392656e-07,0.9999992847442627,4.771308681483788e-09,2
HOGCNN_EFFICIENTNETB3_ADAPTED_3CLASS,PyTorch/torchvision,faithful three-class task-adapted reimplementation,123,S000230,FIVES,AMD_WET,AMD_WET,1,1.3566865408876083e-09,1.0,2.2624963968292944e-12,2
HOGCNN_EFFICIENTNETB3_ADAPTED_3CLASS,PyTorch/torchvision,faithful three-class task-adapted reimplementation,123,S000233,FIVES,AMD_WET,AMD_WET,1,0.00048031628830358386,0.9995102882385254,9.356967893836554e-06,2
HOGCNN_EFFICIENTNETB3_ADAPTED_3CLASS,PyTorch/torchvision,faithful three-class task-adapted reimplementation,123,S000238,FIVES,AMD_WET,AMD_WET,1,1.070619148890728e-08,1.0,4.251279189793067e-11,2
HOGCNN_EFFICIENTNETB3_ADAPTED_3CLASS,PyTorch/torchvision,faithful three-class task-adapted reimplementation,123,S000241,ODIR,NORMAL,NORMAL,1,6.219007627805695e-05,7.041649610073364e-07,0.9999370574951172,2
HOGCNN_EFFICIENTNETB3_ADAPTED_3CLASS,PyTorch/torchvision,faithful three-class task-adapted reimplementation,123,S000244,ODIR,NORMAL,NORMAL,1,0.0005484118591994047,4.1488107171971933e-07,0.999451220035553,2
HOGCNN_EFFICIENTNETB3_ADAPTED_3CLASS,PyTorch/torchvision,faithful three-class task-adapted reimplementation,123,S000250,ODIR,NORMAL,NORMAL,1,0.0005644905031658709,4.097329053820431e-07,0.9994351267814636,2
HOGCNN_EFFICIENTNETB3_ADAPTED_3CLASS,PyTorch/torchvision,faithful three-class task-adapted reimplementation,123,S000259,ODIR,NORMAL,NORMAL,1,0.0014614383690059185,1.5151244951994158e-05,0.9985234141349792,2
HOGCNN_EFFICIENTNETB3_ADAPTED_3CLASS,PyTorch/torchvision,faithful three-class task-adapted reimplementation,123,S000260,ODIR,NORMAL,NORMAL,1,0.0002238461747765541,2.1565354018093785e-06,0.9997740387916565,2
HOGCNN_EFFICIENTNETB3_ADAPTED_3CLASS,PyTorch/torchvision,faithful three-class task-adapted reimplementation,123,S000261,ODIR,NORMAL,NORMAL,1,1.5213655387924518e-05,1.6729036644846929e-07,0.999984622001648,2
HOGCNN_EFFICIENTNETB3_ADAPTED_3CLASS,PyTorch/torchvision,faithful three-class task-adapted reimplementation,123,S000266,ODIR,NORMAL,NORMAL,1,1.2978863196622115e-05,9.862805683269471e-08,0.9999868869781494,2
HOGCNN_EFFICIENTNETB3_ADAPTED_3CLASS,PyTorch/torchvision,faithful three-class task-adapted reimplementation,123,S000276,ODIR,NORMAL,NORMAL,1,0.007663272321224213,4.189180981484242e-05,0.9922949075698853,2
HOGCNN_EFFICIENTNETB3_ADAPTED_3CLASS,PyTorch/torchvision,faithful three-class task-adapted reimplementation,123,S000284,ODIR,NORMAL,NORMAL,1,0.00022182762040756643,7.559532150480663e-06,0.9997707009315491,2
HOGCNN_EFFICIENTNETB3_ADAPTED_3CLASS,PyTorch/torchvision,faithful three-class task-adapted reimplementation,123,S000287,ODIR,NORMAL,NORMAL,1,8.51952518132748e-06,1.4492758992901145e-08,0.9999915361404419,2
HOGCNN_EFFICIENTNETB3_ADAPTED_3CLASS,PyTorch/torchvision,faithful three-class task-adapted reimplementation,123,S000290,ODIR,NORMAL,NORMAL,1,4.8324858653359115e-05,9.271529961552005e-07,0.9999507665634155,2
HOGCNN_EFFICIENTNETB3_ADAPTED_3CLASS,PyTorch/torchvision,faithful three-class task-adapted reimplementation,123,S000293,ODIR,NORMAL,NORMAL,1,0.03805699944496155,0.0077989352867007256,0.9541441202163696,2
HOGCNN_EFFICIENTNETB3_ADAPTED_3CLASS,PyTorch/torchvision,faithful three-class task-adapted reimplementation,123,S000295,ODIR,NORMAL,NORMAL,1,0.09708359837532043,0.0008969919290393591,0.9020193815231323,2
HOGCNN_EFFICIENTNETB3_ADAPTED_3CLASS,PyTorch/torchvision,faithful three-class task-adapted reimplementation,123,S000297,ODIR,NORMAL,NORMAL,1,8.536325913155451e-05,9.666565858879039e-08,0.9999145269393921,2
HOGCNN_EFFICIENTNETB3_ADAPTED_3CLASS,PyTorch/torchvision,faithful three-class task-adapted reimplementation,123,S000300,ODIR,NORMAL,NORMAL,1,0.001650834223255515,4.906675167148933e-05,0.9983001351356506,2
HOGCNN_EFFICIENTNETB3_ADAPTED_3CLASS,PyTorch/torchvision,faithful three-class task-adapted reimplementation,123,S000310,ODIR,NORMAL,NORMAL,1,0.0005976302199997008,8.318689651787281e-06,0.9993940591812134,2
HOGCNN_EFFICIENTNETB3_ADAPTED_3CLASS,PyTorch/torchvision,faithful three-class task-adapted reimplementation,123,S000322,ODIR,NORMAL,NORMAL,1,0.0005137875559739769,7.157174422900425e-06,0.9994791150093079,2
HOGCNN_EFFICIENTNETB3_ADAPTED_3CLASS,PyTorch/torchvision,faithful three-class task-adapted reimplementation,123,S000340,ODIR,NORMAL,NORMAL,1,4.198514943709597e-06,1.2693412543285376e-08,0.9999958276748657,2
HOGCNN_EFFICIENTNETB3_ADAPTED_3CLASS,PyTorch/torchvision,faithful three-class task-adapted reimplementation,123,S000344,ODIR,NORMAL,NORMAL,1,0.0008962420397438109,1.547945612401236e-05,0.9990882873535156,2
HOGCNN_EFFICIENTNETB3_ADAPTED_3CLASS,PyTorch/torchvision,faithful three-class task-adapted reimplementation,123,S000345,ODIR,NORMAL,NORMAL,1,7.864007784519345e-06,8.47875156750888e-08,0.9999920129776001,2
HOGCNN_EFFICIENTNETB3_ADAPTED_3CLASS,PyTorch/torchvision,faithful three-class task-adapted reimplementation,123,S000347,ODIR,NORMAL,NORMAL,1,0.00027192675042897463,5.098672204439936e-07,0.9997275471687317,2
HOGCNN_EFFICIENTNETB3_ADAPTED_3CLASS,PyTorch/torchvision,faithful three-class task-adapted reimplementation,123,S000350,ODIR,NORMAL,NORMAL,1,0.0029049660079181194,1.7338245015707798e-05,0.9970777034759521,2
HOGCNN_EFFICIENTNETB3_ADAPTED_3CLASS,PyTorch/torchvision,faithful three-class task-adapted reimplementation,123,S000352,ODIR,NORMAL,AMD_DRY,0,0.9228582382202148,0.067365363240242,0.009776454418897629,2
HOGCNN_EFFICIENTNETB3_ADAPTED_3CLASS,PyTorch/torchvision,faithful three-class task-adapted reimplementation,123,S000359,ODIR,NORMAL,NORMAL,1,0.006453265901654959,0.0004852365527767688,0.9930614829063416,2
HOGCNN_EFFICIENTNETB3_ADAPTED_3CLASS,PyTorch/torchvision,faithful three-class task-adapted reimplementation,123,S000361,ODIR,NORMAL,NORMAL,1,0.10532636195421219,0.008426448330283165,0.8862472176551819,2
HOGCNN_EFFICIENTNETB3_ADAPTED_3CLASS,PyTorch/torchvision,faithful three-class task-adapted reimplementation,123,S000366,ODIR,AMD_DRY,AMD_DRY,1,0.7564194798469543,0.24324560165405273,0.0003348691971041262,2
HOGCNN_EFFICIENTNETB3_ADAPTED_3CLASS,PyTorch/torchvision,faithful three-class task-adapted reimplementation,123,S000368,ODIR,AMD_DRY,AMD_DRY,1,0.9999827146530151,1.2492054338508751e-05,4.818169600184774e-06,2
HOGCNN_EFFICIENTNETB3_ADAPTED_3CLASS,PyTorch/torchvision,faithful three-class task-adapted reimplementation,123,S000369,ODIR,AMD_DRY,AMD_DRY,1,0.947002649307251,0.05158032849431038,0.0014169907663017511,2
HOGCNN_EFFICIENTNETB3_ADAPTED_3CLASS,PyTorch/torchvision,faithful three-class task-adapted reimplementation,123,S000370,ODIR,AMD_DRY,AMD_DRY,1,0.9992350339889526,0.0007488586707040668,1.6065981981228106e-05,2
HOGCNN_EFFICIENTNETB3_ADAPTED_3CLASS,PyTorch/torchvision,faithful three-class task-adapted reimplementation,123,S000374,ODIR,AMD_DRY,AMD_DRY,1,0.9988263249397278,0.001168937305919826,4.7186313167912886e-06,2
HOGCNN_EFFICIENTNETB3_ADAPTED_3CLASS,PyTorch/torchvision,faithful three-class task-adapted reimplementation,123,S000377,ODIR,AMD_DRY,AMD_DRY,1,0.5885843634605408,0.41100916266441345,0.00040647925925441086,2
HOGCNN_EFFICIENTNETB3_ADAPTED_3CLASS,PyTorch/torchvision,faithful three-class task-adapted reimplementation,123,S000378,ODIR,AMD_DRY,AMD_DRY,1,0.9955694079399109,0.00175102602224797,0.00267956405878067,2
HOGCNN_EFFICIENTNETB3_ADAPTED_3CLASS,PyTorch/torchvision,faithful three-class task-adapted reimplementation,123,S000379,ODIR,AMD_DRY,AMD_DRY,1,0.9890996813774109,0.010502565652132034,0.0003976905136369169,2
HOGCNN_EFFICIENTNETB3_ADAPTED_3CLASS,PyTorch/torchvision,faithful three-class task-adapted reimplementation,123,S000380,ODIR,AMD_DRY,AMD_WET,0,0.22972144186496735,0.7690728306770325,0.0012057635467499495,2
HOGCNN_EFFICIENTNETB3_ADAPTED_3CLASS,PyTorch/torchvision,faithful three-class task-adapted reimplementation,123,S000383,ODIR,AMD_DRY,AMD_DRY,1,0.9999047517776489,9.24033229239285e-05,2.8714719064737437e-06,2
HOGCNN_EFFICIENTNETB3_ADAPTED_3CLASS,PyTorch/torchvision,faithful three-class task-adapted reimplementation,123,S000390,ODIR,AMD_DRY,AMD_DRY,1,0.9860802292823792,0.013798735104501247,0.00012101979518774897,2
HOGCNN_EFFICIENTNETB3_ADAPTED_3CLASS,PyTorch/torchvision,faithful three-class task-adapted reimplementation,123,S000402,ODIR,AMD_DRY,AMD_DRY,1,0.9999985694885254,1.407140644005267e-06,4.127222297256594e-08,2
HOGCNN_EFFICIENTNETB3_ADAPTED_3CLASS,PyTorch/torchvision,faithful three-class task-adapted reimplementation,123,S000416,ODIR,AMD_DRY,AMD_DRY,1,0.9390568733215332,0.06090570241212845,3.741070759133436e-05,2
HOGCNN_EFFICIENTNETB3_ADAPTED_3CLASS,PyTorch/torchvision,faithful three-class task-adapted reimplementation,123,S000439,ODIR,AMD_DRY,AMD_DRY,1,0.9843961000442505,0.015559764578938484,4.409583561937325e-05,2
HOGCNN_EFFICIENTNETB3_ADAPTED_3CLASS,PyTorch/torchvision,faithful three-class task-adapted reimplementation,123,S000441,ODIR,AMD_DRY,AMD_DRY,1,0.9999125003814697,8.616003469796851e-05,1.3160921525923186e-06,2
HOGCNN_EFFICIENTNETB3_ADAPTED_3CLASS,PyTorch/torchvision,faithful three-class task-adapted reimplementation,123,S000444,ODIR,AMD_DRY,AMD_DRY,1,0.9998883008956909,9.736567153595388e-05,1.427681308996398e-05,2
HOGCNN_EFFICIENTNETB3_ADAPTED_3CLASS,PyTorch/torchvision,faithful three-class task-adapted reimplementation,123,S000447,ODIR,AMD_WET,AMD_WET,1,1.4105357877269853e-05,0.9999856948852539,1.9883454172031634e-07,2
HOGCNN_EFFICIENTNETB3_ADAPTED_3CLASS,PyTorch/torchvision,faithful three-class task-adapted reimplementation,123,S000455,ODIR,AMD_WET,AMD_WET,1,4.02198129449971e-05,0.9999591112136841,6.131537020337419e-07,2
HOGCNN_EFFICIENTNETB3_ADAPTED_3CLASS,PyTorch/torchvision,faithful three-class task-adapted reimplementation,123,S000459,ODIR,AMD_WET,AMD_WET,1,0.00023006055562291294,0.9997689127922058,1.0328089956601616e-06,2
HOGCNN_EFFICIENTNETB3_ADAPTED_3CLASS,PyTorch/torchvision,faithful three-class task-adapted reimplementation,123,S000460,ODIR,AMD_WET,AMD_DRY,0,0.8996344208717346,0.0998992919921875,0.0004662585852202028,2
HOGCNN_EFFICIENTNETB3_ADAPTED_3CLASS,PyTorch/torchvision,faithful three-class task-adapted reimplementation,123,S000465,ODIR,AMD_WET,AMD_WET,1,0.00018506668857298791,0.9998102784156799,4.700380486610811e-06,2
HOGCNN_EFFICIENTNETB3_ADAPTED_3CLASS,PyTorch/torchvision,faithful three-class task-adapted reimplementation,123,S000472,ODIR,AMD_WET,AMD_DRY,0,0.9996572732925415,0.0003369920013938099,5.771736141468864e-06,2
HOGCNN_EFFICIENTNETB3_ADAPTED_3CLASS,PyTorch/torchvision,faithful three-class task-adapted reimplementation,123,S000478,RFMID,NORMAL,AMD_DRY,0,0.9207594990730286,0.047777920961380005,0.03146255016326904,2
HOGCNN_EFFICIENTNETB3_ADAPTED_3CLASS,PyTorch/torchvision,faithful three-class task-adapted reimplementation,123,S000481,RFMID,NORMAL,NORMAL,1,0.029134472832083702,0.015614124946296215,0.9552513957023621,2
HOGCNN_EFFICIENTNETB3_ADAPTED_3CLASS,PyTorch/torchvision,faithful three-class task-adapted reimplementation,123,S000490,RFMID,NORMAL,AMD_DRY,0,0.7179186940193176,0.2524499297142029,0.02963130921125412,2
HOGCNN_EFFICIENTNETB3_ADAPTED_3CLASS,PyTorch/torchvision,faithful three-class task-adapted reimplementation,123,S000494,RFMID,NORMAL,AMD_WET,0,0.4292682111263275,0.5693437457084656,0.0013880310580134392,2
HOGCNN_EFFICIENTNETB3_ADAPTED_3CLASS,PyTorch/torchvision,faithful three-class task-adapted reimplementation,123,S000498,RFMID,NORMAL,AMD_WET,0,0.035279419273138046,0.9616036415100098,0.0031169254798442125,2
HOGCNN_EFFICIENTNETB3_ADAPTED_3CLASS,PyTorch/torchvision,faithful three-class task-adapted reimplementation,123,S000502,RFMID,NORMAL,NORMAL,1,5.897554274270078e-06,3.4251314673383604e-08,0.999994158744812,2
HOGCNN_EFFICIENTNETB3_ADAPTED_3CLASS,PyTorch/torchvision,faithful three-class task-adapted reimplementation,123,S000508,RFMID,NORMAL,NORMAL,1,0.0004265313327778131,1.0165931598749012e-05,0.9995632767677307,2
HOGCNN_EFFICIENTNETB3_ADAPTED_3CLASS,PyTorch/torchvision,faithful three-class task-adapted reimplementation,123,S000509,RFMID,NORMAL,NORMAL,1,0.0009093748521991074,1.6699623301974498e-05,0.9990739822387695,2
HOGCNN_EFFICIENTNETB3_ADAPTED_3CLASS,PyTorch/torchvision,faithful three-class task-adapted reimplementation,123,S000510,RFMID,NORMAL,NORMAL,1,1.2829161278204992e-05,9.392541500119478e-08,0.999987006187439,2
HOGCNN_EFFICIENTNETB3_ADAPTED_3CLASS,PyTorch/torchvision,faithful three-class task-adapted reimplementation,123,S000516,RFMID,NORMAL,NORMAL,1,0.0017297642771154642,7.430210098391399e-05,0.9981959462165833,2
HOGCNN_EFFICIENTNETB3_ADAPTED_3CLASS,PyTorch/torchvision,faithful three-class task-adapted reimplementation,123,S000517,RFMID,NORMAL,NORMAL,1,4.719828939414583e-05,3.842558271571761e-07,0.9999524354934692,2
HOGCNN_EFFICIENTNETB3_ADAPTED_3CLASS,PyTorch/torchvision,faithful three-class task-adapted reimplementation,123,S000518,RFMID,NORMAL,NORMAL,1,0.0499810166656971,0.0037283115088939667,0.9462907314300537,2
HOGCNN_EFFICIENTNETB3_ADAPTED_3CLASS,PyTorch/torchvision,faithful three-class task-adapted reimplementation,123,S000523,RFMID,NORMAL,NORMAL,1,0.000520345289260149,1.3128388673067093e-05,0.999466598033905,2
HOGCNN_EFFICIENTNETB3_ADAPTED_3CLASS,PyTorch/torchvision,faithful three-class task-adapted reimplementation,123,S000537,RFMID,AMD_DRY,AMD_DRY,1,0.9997078776359558,0.00029115931829437613,9.486885232945497e-07,2
HOGCNN_EFFICIENTNETB3_ADAPTED_3CLASS,PyTorch/torchvision,faithful three-class task-adapted reimplementation,123,S000555,RFMID,AMD_WET,AMD_WET,1,3.946119704778539e-06,0.9999959468841553,6.834877552819307e-08,2
HOGCNN_EFFICIENTNETB3_ADAPTED_3CLASS,PyTorch/torchvision,faithful three-class task-adapted reimplementation,123,S000557,RFMID,AMD_WET,AMD_WET,1,1.748858812788967e-05,0.9999822378158569,3.20921628826909e-07,2
HOGCNN_EFFICIENTNETB3_ADAPTED_3CLASS,PyTorch/torchvision,faithful three-class task-adapted reimplementation,123,S000559,RFMID,AMD_WET,AMD_WET,1,0.000574712292291224,0.9994025230407715,2.2805286789662205e-05,2
HOGCNN_EFFICIENTNETB3_ADAPTED_3CLASS,PyTorch/torchvision,faithful three-class task-adapted reimplementation,123,S000568,RFMID,AMD_WET,AMD_WET,1,2.84748002741253e-05,0.9999710321426392,5.412907171375991e-07,2
HOGCNN_EFFICIENTNETB3_ADAPTED_3CLASS,PyTorch/torchvision,faithful three-class task-adapted reimplementation,123,S000571,RFMID,AMD_WET,AMD_WET,1,7.622981001986773e-07,0.9999992847442627,7.494863396573237e-09,2
HOGCNN_EFFICIENTNETB3_ADAPTED_3CLASS,PyTorch/torchvision,faithful three-class task-adapted reimplementation,123,S000572,RFMID,AMD_WET,AMD_WET,1,2.7313989292565566e-08,1.0,1.1404845123852425e-10,2
HOGCNN_EFFICIENTNETB3_ADAPTED_3CLASS,PyTorch/torchvision,faithful three-class task-adapted reimplementation,123,S000573,RFMID,AMD_WET,AMD_WET,1,0.006282441783696413,0.9936376214027405,7.986158016137779e-05,2
HOGCNN_EFFICIENTNETB3_ADAPTED_3CLASS,PyTorch/torchvision,faithful three-class task-adapted reimplementation,123,S000586,RFMID,AMD_WET,AMD_DRY,0,0.9974356293678284,0.0024806312285363674,8.374917524633929e-05,2
HOGCNN_EFFICIENTNETB3_ADAPTED_3CLASS,PyTorch/torchvision,faithful three-class task-adapted reimplementation,123,S000587,RFMID,AMD_WET,AMD_WET,1,0.00011854649346787483,0.9998804330825806,1.027140456244524e-06,2
HOGCNN_EFFICIENTNETB3_ADAPTED_3CLASS,PyTorch/torchvision,faithful three-class task-adapted reimplementation,123,S000594,RFMID,AMD_WET,AMD_WET,1,1.6908597899600863e-06,0.9999983310699463,1.744438549167171e-08,2
HOGCNN_EFFICIENTNETB3_ADAPTED_3CLASS,PyTorch/torchvision,faithful three-class task-adapted reimplementation,123,S000595,RFMID,AMD_WET,AMD_DRY,0,0.9989665746688843,0.0010251159546896815,8.341690772795118e-06,2
HOGCNN_EFFICIENTNETB3_ADAPTED_3CLASS,PyTorch/torchvision,faithful three-class task-adapted reimplementation,123,S000012,ADAM,AMD_DRY,AMD_DRY,1,0.9999693632125854,2.4745499104028568e-05,5.856331881659571e-06,3
HOGCNN_EFFICIENTNETB3_ADAPTED_3CLASS,PyTorch/torchvision,faithful three-class task-adapted reimplementation,123,S000014,ADAM,AMD_DRY,AMD_DRY,1,0.999563992023468,0.000422124401666224,1.3802238754578866e-05,3
HOGCNN_EFFICIENTNETB3_ADAPTED_3CLASS,PyTorch/torchvision,faithful three-class task-adapted reimplementation,123,S000016,ADAM,AMD_DRY,AMD_DRY,1,0.9551385045051575,0.04323083534836769,0.0016306617762893438,3
HOGCNN_EFFICIENTNETB3_ADAPTED_3CLASS,PyTorch/torchvision,faithful three-class task-adapted reimplementation,123,S000020,ADAM,AMD_DRY,AMD_DRY,1,0.9924806356430054,0.004307035356760025,0.0032123634591698647,3
HOGCNN_EFFICIENTNETB3_ADAPTED_3CLASS,PyTorch/torchvision,faithful three-class task-adapted reimplementation,123,S000028,ADAM,AMD_DRY,AMD_DRY,1,0.999924898147583,1.3591021343017928e-05,6.151704292278737e-05,3
HOGCNN_EFFICIENTNETB3_ADAPTED_3CLASS,PyTorch/torchvision,faithful three-class task-adapted reimplementation,123,S000031,ADAM,AMD_DRY,NORMAL,0,0.001556603005155921,5.5887503549456596e-05,0.9983874559402466,3
HOGCNN_EFFICIENTNETB3_ADAPTED_3CLASS,PyTorch/torchvision,faithful three-class task-adapted reimplementation,123,S000034,ADAM,AMD_DRY,AMD_WET,0,0.39791858196258545,0.592998743057251,0.009082692675292492,3
HOGCNN_EFFICIENTNETB3_ADAPTED_3CLASS,PyTorch/torchvision,faithful three-class task-adapted reimplementation,123,S000036,ADAM,AMD_WET,AMD_WET,1,0.25900861620903015,0.7401918768882751,0.000799518427811563,3
HOGCNN_EFFICIENTNETB3_ADAPTED_3CLASS,PyTorch/torchvision,faithful three-class task-adapted reimplementation,123,S000038,ADAM,AMD_WET,AMD_WET,1,8.069051773418323e-07,0.9999991655349731,3.58711567116643e-08,3
HOGCNN_EFFICIENTNETB3_ADAPTED_3CLASS,PyTorch/torchvision,faithful three-class task-adapted reimplementation,123,S000050,ADAM,AMD_WET,AMD_WET,1,3.889364961651154e-05,0.9999606609344482,4.4836596657660266e-07,3
HOGCNN_EFFICIENTNETB3_ADAPTED_3CLASS,PyTorch/torchvision,faithful three-class task-adapted reimplementation,123,S000058,FIVES,NORMAL,NORMAL,1,2.6082562953888555e-07,9.920002241869952e-08,0.9999996423721313,3
HOGCNN_EFFICIENTNETB3_ADAPTED_3CLASS,PyTorch/torchvision,faithful three-class task-adapted reimplementation,123,S000061,FIVES,NORMAL,NORMAL,1,2.5198878006449377e-07,7.523770051420797e-09,0.9999997615814209,3
HOGCNN_EFFICIENTNETB3_ADAPTED_3CLASS,PyTorch/torchvision,faithful three-class task-adapted reimplementation,123,S000070,FIVES,NORMAL,NORMAL,1,4.387672561279032e-06,8.566200904169818e-08,0.9999954700469971,3
HOGCNN_EFFICIENTNETB3_ADAPTED_3CLASS,PyTorch/torchvision,faithful three-class task-adapted reimplementation,123,S000073,FIVES,NORMAL,NORMAL,1,1.4359257875184994e-05,1.2220777989568887e-06,0.9999845027923584,3
HOGCNN_EFFICIENTNETB3_ADAPTED_3CLASS,PyTorch/torchvision,faithful three-class task-adapted reimplementation,123,S000075,FIVES,NORMAL,NORMAL,1,4.267400299795554e-07,2.20351337176794e-09,0.9999995231628418,3
HOGCNN_EFFICIENTNETB3_ADAPTED_3CLASS,PyTorch/torchvision,faithful three-class task-adapted reimplementation,123,S000076,FIVES,NORMAL,NORMAL,1,3.1062982088769786e-06,1.9466087053388037e-07,0.9999966621398926,3
HOGCNN_EFFICIENTNETB3_ADAPTED_3CLASS,PyTorch/torchvision,faithful three-class task-adapted reimplementation,123,S000080,FIVES,NORMAL,NORMAL,1,3.3926439755305182e-06,8.439676548732677e-07,0.9999958276748657,3
HOGCNN_EFFICIENTNETB3_ADAPTED_3CLASS,PyTorch/torchvision,faithful three-class task-adapted reimplementation,123,S000082,FIVES,NORMAL,NORMAL,1,4.240850830683485e-05,4.8581645387457684e-05,0.9999089241027832,3
HOGCNN_EFFICIENTNETB3_ADAPTED_3CLASS,PyTorch/torchvision,faithful three-class task-adapted reimplementation,123,S000086,FIVES,NORMAL,NORMAL,1,0.00979627389460802,0.00018695810285862535,0.990016758441925,3
HOGCNN_EFFICIENTNETB3_ADAPTED_3CLASS,PyTorch/torchvision,faithful three-class task-adapted reimplementation,123,S000087,FIVES,NORMAL,NORMAL,1,1.8995725667991792e-06,1.26215383033923e-07,0.9999979734420776,3
HOGCNN_EFFICIENTNETB3_ADAPTED_3CLASS,PyTorch/torchvision,faithful three-class task-adapted reimplementation,123,S000104,FIVES,NORMAL,NORMAL,1,5.20919957125443e-06,6.49363585125684e-09,0.9999947547912598,3
HOGCNN_EFFICIENTNETB3_ADAPTED_3CLASS,PyTorch/torchvision,faithful three-class task-adapted reimplementation,123,S000115,FIVES,NORMAL,NORMAL,1,0.00021500323782674968,2.28524277190445e-06,0.9997827410697937,3
HOGCNN_EFFICIENTNETB3_ADAPTED_3CLASS,PyTorch/torchvision,faithful three-class task-adapted reimplementation,123,S000116,FIVES,NORMAL,AMD_DRY,0,0.9991286396980286,0.0004903814406134188,0.0003810478956438601,3
HOGCNN_EFFICIENTNETB3_ADAPTED_3CLASS,PyTorch/torchvision,faithful three-class task-adapted reimplementation,123,S000127,FIVES,NORMAL,NORMAL,1,5.355751909519313e-06,1.2809195482077484e-07,0.9999945163726807,3
HOGCNN_EFFICIENTNETB3_ADAPTED_3CLASS,PyTorch/torchvision,faithful three-class task-adapted reimplementation,123,S000129,FIVES,NORMAL,NORMAL,1,0.000702465942595154,3.7583151879516663e-06,0.9992936849594116,3
HOGCNN_EFFICIENTNETB3_ADAPTED_3CLASS,PyTorch/torchvision,faithful three-class task-adapted reimplementation,123,S000132,FIVES,NORMAL,NORMAL,1,1.7677845676189463e-07,3.120615099660995e-09,0.9999998807907104,3
HOGCNN_EFFICIENTNETB3_ADAPTED_3CLASS,PyTorch/torchvision,faithful three-class task-adapted reimplementation,123,S000139,FIVES,NORMAL,NORMAL,1,3.1152876545093022e-06,1.4190625563514914e-07,0.9999967813491821,3
HOGCNN_EFFICIENTNETB3_ADAPTED_3CLASS,PyTorch/torchvision,faithful three-class task-adapted reimplementation,123,S000140,FIVES,NORMAL,NORMAL,1,1.1078913075834862e-06,8.502826176481904e-08,0.9999988079071045,3
HOGCNN_EFFICIENTNETB3_ADAPTED_3CLASS,PyTorch/torchvision,faithful three-class task-adapted reimplementation,123,S000144,FIVES,NORMAL,NORMAL,1,1.0129084557775059e-06,5.5640086316088855e-08,0.9999990463256836,3
HOGCNN_EFFICIENTNETB3_ADAPTED_3CLASS,PyTorch/torchvision,faithful three-class task-adapted reimplementation,123,S000148,FIVES,NORMAL,NORMAL,1,8.924377652874682e-06,3.0806236850366986e-07,0.999990701675415,3
HOGCNN_EFFICIENTNETB3_ADAPTED_3CLASS,PyTorch/torchvision,faithful three-class task-adapted reimplementation,123,S000152,FIVES,AMD_DRY,AMD_DRY,1,0.715428352355957,0.2842921316623688,0.00027951030642725527,3
HOGCNN_EFFICIENTNETB3_ADAPTED_3CLASS,PyTorch/torchvision,faithful three-class task-adapted reimplementation,123,S000156,FIVES,AMD_DRY,AMD_WET,0,2.2894681706020492e-07,0.9999997615814209,2.4730768544145576e-09,3
HOGCNN_EFFICIENTNETB3_ADAPTED_3CLASS,PyTorch/torchvision,faithful three-class task-adapted reimplementation,123,S000161,FIVES,AMD_DRY,AMD_WET,0,3.274935806985013e-07,0.9999996423721313,1.3740041993060004e-08,3
HOGCNN_EFFICIENTNETB3_ADAPTED_3CLASS,PyTorch/torchvision,faithful three-class task-adapted reimplementation,123,S000170,FIVES,AMD_WET,AMD_WET,1,2.079113528452581e-06,0.9999977350234985,2.1970276975480374e-07,3
HOGCNN_EFFICIENTNETB3_ADAPTED_3CLASS,PyTorch/torchvision,faithful three-class task-adapted reimplementation,123,S000172,FIVES,AMD_WET,AMD_WET,1,3.188251503161155e-05,0.9999673366546631,8.333353775924479e-07,3
HOGCNN_EFFICIENTNETB3_ADAPTED_3CLASS,PyTorch/torchvision,faithful three-class task-adapted reimplementation,123,S000173,FIVES,AMD_WET,AMD_WET,1,2.925784614582483e-11,1.0,7.057448158862001e-13,3
HOGCNN_EFFICIENTNETB3_ADAPTED_3CLASS,PyTorch/torchvision,faithful three-class task-adapted reimplementation,123,S000174,FIVES,AMD_WET,AMD_WET,1,2.6804707431438146e-07,0.9999997615814209,7.335770657590501e-09,3
HOGCNN_EFFICIENTNETB3_ADAPTED_3CLASS,PyTorch/torchvision,faithful three-class task-adapted reimplementation,123,S000190,FIVES,AMD_WET,AMD_WET,1,9.244611646863632e-06,0.9999905824661255,1.728951701807091e-07,3
HOGCNN_EFFICIENTNETB3_ADAPTED_3CLASS,PyTorch/torchvision,faithful three-class task-adapted reimplementation,123,S000193,FIVES,AMD_WET,AMD_WET,1,4.370194801595062e-05,0.9999527931213379,3.5072409900749335e-06,3
HOGCNN_EFFICIENTNETB3_ADAPTED_3CLASS,PyTorch/torchvision,faithful three-class task-adapted reimplementation,123,S000200,FIVES,AMD_WET,AMD_WET,1,0.4471761882305145,0.5528200268745422,3.799169462581631e-06,3
HOGCNN_EFFICIENTNETB3_ADAPTED_3CLASS,PyTorch/torchvision,faithful three-class task-adapted reimplementation,123,S000201,FIVES,AMD_WET,AMD_WET,1,2.287693860125728e-05,0.9999768733978271,2.7720167850020516e-07,3
HOGCNN_EFFICIENTNETB3_ADAPTED_3CLASS,PyTorch/torchvision,faithful three-class task-adapted reimplementation,123,S000204,FIVES,AMD_WET,AMD_WET,1,0.00030415732180699706,0.9996603727340698,3.549174653016962e-05,3
HOGCNN_EFFICIENTNETB3_ADAPTED_3CLASS,PyTorch/torchvision,faithful three-class task-adapted reimplementation,123,S000207,FIVES,AMD_WET,AMD_WET,1,5.078128015156835e-05,0.999946117401123,3.0930639240978053e-06,3
HOGCNN_EFFICIENTNETB3_ADAPTED_3CLASS,PyTorch/torchvision,faithful three-class task-adapted reimplementation,123,S000208,FIVES,AMD_WET,AMD_DRY,0,0.9813455939292908,0.01703883334994316,0.0016155884368345141,3
HOGCNN_EFFICIENTNETB3_ADAPTED_3CLASS,PyTorch/torchvision,faithful three-class task-adapted reimplementation,123,S000213,FIVES,AMD_WET,AMD_WET,1,1.638876057086236e-08,1.0,8.826275266216044e-10,3
HOGCNN_EFFICIENTNETB3_ADAPTED_3CLASS,PyTorch/torchvision,faithful three-class task-adapted reimplementation,123,S000216,FIVES,AMD_WET,AMD_WET,1,1.69079698159047e-11,1.0,2.319499843930761e-13,3
HOGCNN_EFFICIENTNETB3_ADAPTED_3CLASS,PyTorch/torchvision,faithful three-class task-adapted reimplementation,123,S000220,FIVES,AMD_WET,AMD_WET,1,2.0251934529369464e-06,0.9999978542327881,1.0428207986024063e-07,3
HOGCNN_EFFICIENTNETB3_ADAPTED_3CLASS,PyTorch/torchvision,faithful three-class task-adapted reimplementation,123,S000239,ODIR,NORMAL,NORMAL,1,7.693775842199102e-06,2.941916221743668e-08,0.9999922513961792,3
HOGCNN_EFFICIENTNETB3_ADAPTED_3CLASS,PyTorch/torchvision,faithful three-class task-adapted reimplementation,123,S000251,ODIR,NORMAL,NORMAL,1,2.7931162549066357e-05,1.439168695327453e-08,0.9999721050262451,3
HOGCNN_EFFICIENTNETB3_ADAPTED_3CLASS,PyTorch/torchvision,faithful three-class task-adapted reimplementation,123,S000257,ODIR,NORMAL,NORMAL,1,1.4388909619356127e-07,2.004203469851973e-09,0.9999998807907104,3
HOGCNN_EFFICIENTNETB3_ADAPTED_3CLASS,PyTorch/torchvision,faithful three-class task-adapted reimplementation,123,S000263,ODIR,NORMAL,NORMAL,1,5.780324045190355e-06,3.561403900675941e-07,0.9999939203262329,3
HOGCNN_EFFICIENTNETB3_ADAPTED_3CLASS,PyTorch/torchvision,faithful three-class task-adapted reimplementation,123,S000270,ODIR,NORMAL,NORMAL,1,3.7398194763227366e-07,2.195542636584946e-09,0.9999996423721313,3
HOGCNN_EFFICIENTNETB3_ADAPTED_3CLASS,PyTorch/torchvision,faithful three-class task-adapted reimplementation,123,S000273,ODIR,NORMAL,NORMAL,1,1.8009478708336246e-06,8.133121731646042e-09,0.9999982118606567,3
HOGCNN_EFFICIENTNETB3_ADAPTED_3CLASS,PyTorch/torchvision,faithful three-class task-adapted reimplementation,123,S000277,ODIR,NORMAL,NORMAL,1,1.3288115042087156e-05,1.654068455536617e-07,0.9999866485595703,3
HOGCNN_EFFICIENTNETB3_ADAPTED_3CLASS,PyTorch/torchvision,faithful three-class task-adapted reimplementation,123,S000278,ODIR,NORMAL,NORMAL,1,5.377896172831242e-07,1.2088379719443765e-07,0.9999992847442627,3
HOGCNN_EFFICIENTNETB3_ADAPTED_3CLASS,PyTorch/torchvision,faithful three-class task-adapted reimplementation,123,S000296,ODIR,NORMAL,NORMAL,1,2.0125668015680276e-05,2.6248928861605236e-06,0.9999772310256958,3
HOGCNN_EFFICIENTNETB3_ADAPTED_3CLASS,PyTorch/torchvision,faithful three-class task-adapted reimplementation,123,S000301,ODIR,NORMAL,NORMAL,1,0.00019215098291169852,1.1061384611821268e-05,0.9997968077659607,3
HOGCNN_EFFICIENTNETB3_ADAPTED_3CLASS,PyTorch/torchvision,faithful three-class task-adapted reimplementation,123,S000306,ODIR,NORMAL,NORMAL,1,0.00043581752106547356,4.2724329318843957e-07,0.9995637536048889,3
HOGCNN_EFFICIENTNETB3_ADAPTED_3CLASS,PyTorch/torchvision,faithful three-class task-adapted reimplementation,123,S000308,ODIR,NORMAL,NORMAL,1,0.00010631286568241194,5.408133802120574e-06,0.9998883008956909,3
HOGCNN_EFFICIENTNETB3_ADAPTED_3CLASS,PyTorch/torchvision,faithful three-class task-adapted reimplementation,123,S000319,ODIR,NORMAL,NORMAL,1,0.00028600438963621855,2.25732583203353e-06,0.9997116923332214,3
HOGCNN_EFFICIENTNETB3_ADAPTED_3CLASS,PyTorch/torchvision,faithful three-class task-adapted reimplementation,123,S000324,ODIR,NORMAL,NORMAL,1,0.07675475627183914,0.0001998973311856389,0.92304527759552,3
HOGCNN_EFFICIENTNETB3_ADAPTED_3CLASS,PyTorch/torchvision,faithful three-class task-adapted reimplementation,123,S000325,ODIR,NORMAL,NORMAL,1,0.00027267879340797663,6.418658358597895e-06,0.9997208714485168,3
HOGCNN_EFFICIENTNETB3_ADAPTED_3CLASS,PyTorch/torchvision,faithful three-class task-adapted reimplementation,123,S000328,ODIR,NORMAL,NORMAL,1,3.7141151096875547e-06,3.8016212400293625e-09,0.9999963045120239,3
HOGCNN_EFFICIENTNETB3_ADAPTED_3CLASS,PyTorch/torchvision,faithful three-class task-adapted reimplementation,123,S000331,ODIR,NORMAL,NORMAL,1,0.0042754001915454865,0.0026671646628528833,0.9930574893951416,3
HOGCNN_EFFICIENTNETB3_ADAPTED_3CLASS,PyTorch/torchvision,faithful three-class task-adapted reimplementation,123,S000334,ODIR,NORMAL,NORMAL,1,4.167254132880771e-07,1.1707025038276697e-07,0.9999995231628418,3
HOGCNN_EFFICIENTNETB3_ADAPTED_3CLASS,PyTorch/torchvision,faithful three-class task-adapted reimplementation,123,S000338,ODIR,NORMAL,NORMAL,1,4.042478849441977e-07,1.7379083061541678e-08,0.9999996423721313,3
HOGCNN_EFFICIENTNETB3_ADAPTED_3CLASS,PyTorch/torchvision,faithful three-class task-adapted reimplementation,123,S000339,ODIR,NORMAL,NORMAL,1,3.680360975977237e-07,2.0855456028812114e-08,0.9999996423721313,3
HOGCNN_EFFICIENTNETB3_ADAPTED_3CLASS,PyTorch/torchvision,faithful three-class task-adapted reimplementation,123,S000342,ODIR,NORMAL,NORMAL,1,8.875034041011531e-07,2.113024066829894e-08,0.9999991655349731,3
HOGCNN_EFFICIENTNETB3_ADAPTED_3CLASS,PyTorch/torchvision,faithful three-class task-adapted reimplementation,123,S000348,ODIR,NORMAL,NORMAL,1,0.00024181896878872067,2.239639070467092e-05,0.9997357726097107,3
HOGCNN_EFFICIENTNETB3_ADAPTED_3CLASS,PyTorch/torchvision,faithful three-class task-adapted reimplementation,123,S000354,ODIR,NORMAL,NORMAL,1,0.00013717585534323007,2.703646259760717e-06,0.9998600482940674,3
HOGCNN_EFFICIENTNETB3_ADAPTED_3CLASS,PyTorch/torchvision,faithful three-class task-adapted reimplementation,123,S000357,ODIR,NORMAL,NORMAL,1,1.300068532827936e-07,5.772678446369639e-10,0.9999998807907104,3
HOGCNN_EFFICIENTNETB3_ADAPTED_3CLASS,PyTorch/torchvision,faithful three-class task-adapted reimplementation,123,S000362,ODIR,NORMAL,NORMAL,1,9.12103678274434e-06,3.662484573396796e-07,0.9999904632568359,3
HOGCNN_EFFICIENTNETB3_ADAPTED_3CLASS,PyTorch/torchvision,faithful three-class task-adapted reimplementation,123,S000367,ODIR,AMD_DRY,AMD_WET,0,0.00014140481653157622,0.9998389482498169,1.958064422069583e-05,3
HOGCNN_EFFICIENTNETB3_ADAPTED_3CLASS,PyTorch/torchvision,faithful three-class task-adapted reimplementation,123,S000373,ODIR,AMD_DRY,AMD_WET,0,0.0004144429403822869,0.9995818734169006,3.708629947141162e-06,3
HOGCNN_EFFICIENTNETB3_ADAPTED_3CLASS,PyTorch/torchvision,faithful three-class task-adapted reimplementation,123,S000375,ODIR,AMD_DRY,AMD_DRY,1,0.996020495891571,0.00397453922778368,5.010690983908717e-06,3
HOGCNN_EFFICIENTNETB3_ADAPTED_3CLASS,PyTorch/torchvision,faithful three-class task-adapted reimplementation,123,S000381,ODIR,AMD_DRY,AMD_DRY,1,0.788597583770752,0.21122391521930695,0.00017852956079877913,3
HOGCNN_EFFICIENTNETB3_ADAPTED_3CLASS,PyTorch/torchvision,faithful three-class task-adapted reimplementation,123,S000389,ODIR,AMD_DRY,AMD_DRY,1,0.9971025586128235,0.0027377416845411062,0.00015962685574777424,3
HOGCNN_EFFICIENTNETB3_ADAPTED_3CLASS,PyTorch/torchvision,faithful three-class task-adapted reimplementation,123,S000394,ODIR,AMD_DRY,AMD_DRY,1,0.9999240636825562,7.492092117900029e-05,9.420050446351524e-07,3
HOGCNN_EFFICIENTNETB3_ADAPTED_3CLASS,PyTorch/torchvision,faithful three-class task-adapted reimplementation,123,S000399,ODIR,AMD_DRY,AMD_WET,0,2.618467647153011e-07,0.9999997615814209,9.799621558670424e-09,3
HOGCNN_EFFICIENTNETB3_ADAPTED_3CLASS,PyTorch/torchvision,faithful three-class task-adapted reimplementation,123,S000411,ODIR,AMD_DRY,AMD_DRY,1,0.9999630451202393,3.5811874113278463e-05,1.1699115702867857e-06,3
HOGCNN_EFFICIENTNETB3_ADAPTED_3CLASS,PyTorch/torchvision,faithful three-class task-adapted reimplementation,123,S000412,ODIR,AMD_DRY,AMD_DRY,1,0.9926074743270874,0.006739666219800711,0.0006529222591780126,3
HOGCNN_EFFICIENTNETB3_ADAPTED_3CLASS,PyTorch/torchvision,faithful three-class task-adapted reimplementation,123,S000417,ODIR,AMD_DRY,AMD_DRY,1,0.9999877214431763,7.623958481417503e-06,4.690350579039659e-06,3
HOGCNN_EFFICIENTNETB3_ADAPTED_3CLASS,PyTorch/torchvision,faithful three-class task-adapted reimplementation,123,S000418,ODIR,AMD_DRY,AMD_WET,0,1.0530997185398405e-09,1.0,2.3003763824358536e-11,3
HOGCNN_EFFICIENTNETB3_ADAPTED_3CLASS,PyTorch/torchvision,faithful three-class task-adapted reimplementation,123,S000423,ODIR,AMD_DRY,AMD_WET,0,0.05484353378415108,0.9426173567771912,0.00253914762288332,3
HOGCNN_EFFICIENTNETB3_ADAPTED_3CLASS,PyTorch/torchvision,faithful three-class task-adapted reimplementation,123,S000426,ODIR,AMD_DRY,AMD_DRY,1,0.999297022819519,3.1520594347966835e-05,0.0006713657057844102,3
HOGCNN_EFFICIENTNETB3_ADAPTED_3CLASS,PyTorch/torchvision,faithful three-class task-adapted reimplementation,123,S000435,ODIR,AMD_DRY,AMD_DRY,1,0.9999991655349731,7.278561042767251e-07,1.11936117264122e-07,3
HOGCNN_EFFICIENTNETB3_ADAPTED_3CLASS,PyTorch/torchvision,faithful three-class task-adapted reimplementation,123,S000440,ODIR,AMD_DRY,NORMAL,0,6.478311843238771e-05,1.2164513236712082e-06,0.9999340772628784,3
HOGCNN_EFFICIENTNETB3_ADAPTED_3CLASS,PyTorch/torchvision,faithful three-class task-adapted reimplementation,123,S000442,ODIR,AMD_DRY,AMD_DRY,1,0.9998094439506531,5.672043334925547e-05,0.0001337882422376424,3
HOGCNN_EFFICIENTNETB3_ADAPTED_3CLASS,PyTorch/torchvision,faithful three-class task-adapted reimplementation,123,S000448,ODIR,AMD_WET,AMD_DRY,0,0.8960562348365784,0.10241298377513885,0.0015308500733226538,3
HOGCNN_EFFICIENTNETB3_ADAPTED_3CLASS,PyTorch/torchvision,faithful three-class task-adapted reimplementation,123,S000453,ODIR,AMD_WET,AMD_DRY,0,0.9994669556617737,0.0004688274930231273,6.425604806281626e-05,3
HOGCNN_EFFICIENTNETB3_ADAPTED_3CLASS,PyTorch/torchvision,faithful three-class task-adapted reimplementation,123,S000457,ODIR,AMD_WET,AMD_WET,1,1.4943011592549738e-05,0.9999840259552002,9.928767212841194e-07,3
HOGCNN_EFFICIENTNETB3_ADAPTED_3CLASS,PyTorch/torchvision,faithful three-class task-adapted reimplementation,123,S000458,ODIR,AMD_WET,AMD_WET,1,0.006715426221489906,0.9932578802108765,2.676125404832419e-05,3
HOGCNN_EFFICIENTNETB3_ADAPTED_3CLASS,PyTorch/torchvision,faithful three-class task-adapted reimplementation,123,S000461,ODIR,AMD_WET,AMD_WET,1,0.00012342959234956652,0.9998723268508911,4.2010165088868234e-06,3
HOGCNN_EFFICIENTNETB3_ADAPTED_3CLASS,PyTorch/torchvision,faithful three-class task-adapted reimplementation,123,S000464,ODIR,AMD_WET,AMD_WET,1,1.7601733404148945e-08,1.0,5.977718320337999e-10,3
HOGCNN_EFFICIENTNETB3_ADAPTED_3CLASS,PyTorch/torchvision,faithful three-class task-adapted reimplementation,123,S000473,RFMID,NORMAL,NORMAL,1,3.93232184592307e-08,3.312002228028632e-09,1.0,3
HOGCNN_EFFICIENTNETB3_ADAPTED_3CLASS,PyTorch/torchvision,faithful three-class task-adapted reimplementation,123,S000482,RFMID,NORMAL,NORMAL,1,9.739877714309841e-05,1.4000718692841474e-05,0.9998886585235596,3
HOGCNN_EFFICIENTNETB3_ADAPTED_3CLASS,PyTorch/torchvision,faithful three-class task-adapted reimplementation,123,S000497,RFMID,NORMAL,NORMAL,1,1.1858709285661462e-06,2.9747793117707033e-09,0.9999988079071045,3
HOGCNN_EFFICIENTNETB3_ADAPTED_3CLASS,PyTorch/torchvision,faithful three-class task-adapted reimplementation,123,S000499,RFMID,NORMAL,NORMAL,1,0.004685848020017147,3.185238529113121e-05,0.9952823519706726,3
HOGCNN_EFFICIENTNETB3_ADAPTED_3CLASS,PyTorch/torchvision,faithful three-class task-adapted reimplementation,123,S000500,RFMID,NORMAL,NORMAL,1,0.0025501702912151814,0.00010410648246761411,0.9973457455635071,3
HOGCNN_EFFICIENTNETB3_ADAPTED_3CLASS,PyTorch/torchvision,faithful three-class task-adapted reimplementation,123,S000505,RFMID,NORMAL,NORMAL,1,3.5703418689081445e-05,5.399671408667928e-06,0.999958872795105,3
HOGCNN_EFFICIENTNETB3_ADAPTED_3CLASS,PyTorch/torchvision,faithful three-class task-adapted reimplementation,123,S000512,RFMID,NORMAL,NORMAL,1,6.25627505357329e-09,6.256196949383508e-11,1.0,3
HOGCNN_EFFICIENTNETB3_ADAPTED_3CLASS,PyTorch/torchvision,faithful three-class task-adapted reimplementation,123,S000514,RFMID,NORMAL,NORMAL,1,0.0005006705177947879,3.863515303237364e-05,0.999460756778717,3
HOGCNN_EFFICIENTNETB3_ADAPTED_3CLASS,PyTorch/torchvision,faithful three-class task-adapted reimplementation,123,S000521,RFMID,NORMAL,NORMAL,1,0.005335394758731127,0.0004245394666213542,0.9942400455474854,3
HOGCNN_EFFICIENTNETB3_ADAPTED_3CLASS,PyTorch/torchvision,faithful three-class task-adapted reimplementation,123,S000524,RFMID,NORMAL,NORMAL,1,2.217486354538778e-07,1.5445989376416946e-08,0.9999997615814209,3
HOGCNN_EFFICIENTNETB3_ADAPTED_3CLASS,PyTorch/torchvision,faithful three-class task-adapted reimplementation,123,S000530,RFMID,NORMAL,NORMAL,1,8.808755956124514e-05,1.6876299923751503e-05,0.9998949766159058,3
HOGCNN_EFFICIENTNETB3_ADAPTED_3CLASS,PyTorch/torchvision,faithful three-class task-adapted reimplementation,123,S000534,RFMID,NORMAL,NORMAL,1,1.0075546015286818e-06,4.009394416470968e-08,0.9999990463256836,3
HOGCNN_EFFICIENTNETB3_ADAPTED_3CLASS,PyTorch/torchvision,faithful three-class task-adapted reimplementation,123,S000540,RFMID,AMD_DRY,AMD_WET,0,0.00077345798490569,0.9992008805274963,2.567751107562799e-05,3
HOGCNN_EFFICIENTNETB3_ADAPTED_3CLASS,PyTorch/torchvision,faithful three-class task-adapted reimplementation,123,S000541,RFMID,AMD_DRY,AMD_WET,0,0.0017744243377819657,0.9981385469436646,8.706233347766101e-05,3
HOGCNN_EFFICIENTNETB3_ADAPTED_3CLASS,PyTorch/torchvision,faithful three-class task-adapted reimplementation,123,S000544,RFMID,AMD_WET,AMD_WET,1,2.8042179110343568e-05,0.9999687671661377,3.237229975638911e-06,3
HOGCNN_EFFICIENTNETB3_ADAPTED_3CLASS,PyTorch/torchvision,faithful three-class task-adapted reimplementation,123,S000546,RFMID,AMD_WET,AMD_WET,1,3.243017659970704e-11,1.0,3.763426473669257e-13,3
HOGCNN_EFFICIENTNETB3_ADAPTED_3CLASS,PyTorch/torchvision,faithful three-class task-adapted reimplementation,123,S000549,RFMID,AMD_WET,AMD_WET,1,2.600694937182624e-10,1.0,5.346238209080756e-12,3
HOGCNN_EFFICIENTNETB3_ADAPTED_3CLASS,PyTorch/torchvision,faithful three-class task-adapted reimplementation,123,S000560,RFMID,AMD_WET,AMD_WET,1,6.397242202638154e-08,0.9999998807907104,1.2578783570305063e-09,3
HOGCNN_EFFICIENTNETB3_ADAPTED_3CLASS,PyTorch/torchvision,faithful three-class task-adapted reimplementation,123,S000561,RFMID,AMD_WET,AMD_WET,1,1.3875174880578767e-12,1.0,1.9460812356129203e-14,3
HOGCNN_EFFICIENTNETB3_ADAPTED_3CLASS,PyTorch/torchvision,faithful three-class task-adapted reimplementation,123,S000562,RFMID,AMD_WET,AMD_WET,1,0.021993407979607582,0.9775798916816711,0.0004266778996679932,3
HOGCNN_EFFICIENTNETB3_ADAPTED_3CLASS,PyTorch/torchvision,faithful three-class task-adapted reimplementation,123,S000563,RFMID,AMD_WET,AMD_WET,1,2.400378889433341e-06,0.9999973773956299,2.2490851847578597e-07,3
HOGCNN_EFFICIENTNETB3_ADAPTED_3CLASS,PyTorch/torchvision,faithful three-class task-adapted reimplementation,123,S000564,RFMID,AMD_WET,AMD_DRY,0,0.9570454955101013,0.041192229837179184,0.001762306783348322,3
HOGCNN_EFFICIENTNETB3_ADAPTED_3CLASS,PyTorch/torchvision,faithful three-class task-adapted reimplementation,123,S000569,RFMID,AMD_WET,AMD_WET,1,8.209465249819914e-07,0.9999990463256836,7.445409266892966e-08,3
HOGCNN_EFFICIENTNETB3_ADAPTED_3CLASS,PyTorch/torchvision,faithful three-class task-adapted reimplementation,123,S000593,RFMID,AMD_WET,AMD_WET,1,7.995992648383854e-13,1.0,6.359616118093011e-15,3
HOGCNN_EFFICIENTNETB3_ADAPTED_3CLASS,PyTorch/torchvision,faithful three-class task-adapted reimplementation,123,S000596,RFMID,AMD_WET,AMD_WET,1,1.7481292455268083e-11,1.0,6.061519558855921e-14,3
HOGCNN_EFFICIENTNETB3_ADAPTED_3CLASS,PyTorch/torchvision,faithful three-class task-adapted reimplementation,123,S000001,ADAM,AMD_DRY,AMD_DRY,1,0.8950003981590271,0.10099312663078308,0.004006481729447842,4
HOGCNN_EFFICIENTNETB3_ADAPTED_3CLASS,PyTorch/torchvision,faithful three-class task-adapted reimplementation,123,S000015,ADAM,AMD_DRY,AMD_DRY,1,1.0,1.657891068873596e-08,1.3218350025656633e-10,4
HOGCNN_EFFICIENTNETB3_ADAPTED_3CLASS,PyTorch/torchvision,faithful three-class task-adapted reimplementation,123,S000018,ADAM,AMD_DRY,AMD_DRY,1,0.999993085861206,5.216737918090075e-06,1.6864511280800798e-06,4
HOGCNN_EFFICIENTNETB3_ADAPTED_3CLASS,PyTorch/torchvision,faithful three-class task-adapted reimplementation,123,S000021,ADAM,AMD_DRY,AMD_DRY,1,0.9992008805274963,2.6884492854151176e-06,0.0007963473908603191,4
HOGCNN_EFFICIENTNETB3_ADAPTED_3CLASS,PyTorch/torchvision,faithful three-class task-adapted reimplementation,123,S000023,ADAM,AMD_DRY,AMD_DRY,1,0.9546454548835754,0.0453081950545311,4.6272682084236294e-05,4
HOGCNN_EFFICIENTNETB3_ADAPTED_3CLASS,PyTorch/torchvision,faithful three-class task-adapted reimplementation,123,S000024,ADAM,AMD_DRY,AMD_DRY,1,0.9999995231628418,4.061784864006768e-07,7.657136080752025e-08,4
HOGCNN_EFFICIENTNETB3_ADAPTED_3CLASS,PyTorch/torchvision,faithful three-class task-adapted reimplementation,123,S000030,ADAM,AMD_DRY,NORMAL,0,5.274301884128363e-07,8.398077788740466e-09,0.9999995231628418,4
HOGCNN_EFFICIENTNETB3_ADAPTED_3CLASS,PyTorch/torchvision,faithful three-class task-adapted reimplementation,123,S000041,ADAM,AMD_WET,AMD_WET,1,9.208647178127194e-10,1.0,6.841550104219607e-10,4
HOGCNN_EFFICIENTNETB3_ADAPTED_3CLASS,PyTorch/torchvision,faithful three-class task-adapted reimplementation,123,S000042,ADAM,AMD_WET,AMD_WET,1,1.0091537328005273e-10,1.0,2.415815325562676e-10,4
HOGCNN_EFFICIENTNETB3_ADAPTED_3CLASS,PyTorch/torchvision,faithful three-class task-adapted reimplementation,123,S000043,ADAM,AMD_WET,AMD_WET,1,2.2910795038910692e-08,1.0,1.319818476730461e-08,4
HOGCNN_EFFICIENTNETB3_ADAPTED_3CLASS,PyTorch/torchvision,faithful three-class task-adapted reimplementation,123,S000053,FIVES,NORMAL,NORMAL,1,1.3964602911531454e-11,2.7950545659427908e-14,1.0,4
HOGCNN_EFFICIENTNETB3_ADAPTED_3CLASS,PyTorch/torchvision,faithful three-class task-adapted reimplementation,123,S000057,FIVES,NORMAL,NORMAL,1,4.1587178145618964e-08,4.417314514171267e-09,1.0,4
HOGCNN_EFFICIENTNETB3_ADAPTED_3CLASS,PyTorch/torchvision,faithful three-class task-adapted reimplementation,123,S000065,FIVES,NORMAL,NORMAL,1,1.0863763577617647e-07,6.547231090614503e-10,0.9999998807907104,4
HOGCNN_EFFICIENTNETB3_ADAPTED_3CLASS,PyTorch/torchvision,faithful three-class task-adapted reimplementation,123,S000066,FIVES,NORMAL,NORMAL,1,5.778752143470456e-09,2.52369514175399e-11,1.0,4
HOGCNN_EFFICIENTNETB3_ADAPTED_3CLASS,PyTorch/torchvision,faithful three-class task-adapted reimplementation,123,S000067,FIVES,NORMAL,NORMAL,1,1.0206218981068105e-08,7.754587943997748e-11,1.0,4
HOGCNN_EFFICIENTNETB3_ADAPTED_3CLASS,PyTorch/torchvision,faithful three-class task-adapted reimplementation,123,S000074,FIVES,NORMAL,NORMAL,1,1.8279069369242507e-09,4.328029254430099e-12,1.0,4
HOGCNN_EFFICIENTNETB3_ADAPTED_3CLASS,PyTorch/torchvision,faithful three-class task-adapted reimplementation,123,S000077,FIVES,NORMAL,NORMAL,1,7.920463396260402e-09,6.793642037816738e-11,1.0,4
HOGCNN_EFFICIENTNETB3_ADAPTED_3CLASS,PyTorch/torchvision,faithful three-class task-adapted reimplementation,123,S000081,FIVES,NORMAL,NORMAL,1,2.5672897141504336e-10,8.687153101906431e-13,1.0,4
HOGCNN_EFFICIENTNETB3_ADAPTED_3CLASS,PyTorch/torchvision,faithful three-class task-adapted reimplementation,123,S000084,FIVES,NORMAL,NORMAL,1,5.2610867051772203e-11,1.917728264600252e-13,1.0,4
HOGCNN_EFFICIENTNETB3_ADAPTED_3CLASS,PyTorch/torchvision,faithful three-class task-adapted reimplementation,123,S000089,FIVES,NORMAL,NORMAL,1,1.035860236697772e-06,3.054865471696644e-09,0.999998927116394,4
HOGCNN_EFFICIENTNETB3_ADAPTED_3CLASS,PyTorch/torchvision,faithful three-class task-adapted reimplementation,123,S000094,FIVES,NORMAL,NORMAL,1,6.143839659245032e-09,4.115886104161248e-11,1.0,4
HOGCNN_EFFICIENTNETB3_ADAPTED_3CLASS,PyTorch/torchvision,faithful three-class task-adapted reimplementation,123,S000100,FIVES,NORMAL,NORMAL,1,3.3720071179743627e-10,1.0672955574886345e-12,1.0,4
HOGCNN_EFFICIENTNETB3_ADAPTED_3CLASS,PyTorch/torchvision,faithful three-class task-adapted reimplementation,123,S000108,FIVES,NORMAL,NORMAL,1,8.527167860705731e-11,1.6149782249355593e-13,1.0,4
HOGCNN_EFFICIENTNETB3_ADAPTED_3CLASS,PyTorch/torchvision,faithful three-class task-adapted reimplementation,123,S000110,FIVES,NORMAL,NORMAL,1,2.2753199857561413e-07,2.2674762067964593e-09,0.9999997615814209,4
HOGCNN_EFFICIENTNETB3_ADAPTED_3CLASS,PyTorch/torchvision,faithful three-class task-adapted reimplementation,123,S000120,FIVES,NORMAL,NORMAL,1,1.4193573427689898e-08,1.0642744463496001e-09,1.0,4
HOGCNN_EFFICIENTNETB3_ADAPTED_3CLASS,PyTorch/torchvision,faithful three-class task-adapted reimplementation,123,S000122,FIVES,NORMAL,NORMAL,1,2.235924512206111e-08,5.795457516666325e-11,1.0,4
HOGCNN_EFFICIENTNETB3_ADAPTED_3CLASS,PyTorch/torchvision,faithful three-class task-adapted reimplementation,123,S000131,FIVES,NORMAL,NORMAL,1,2.6778637973734476e-08,5.103425460006861e-10,1.0,4
HOGCNN_EFFICIENTNETB3_ADAPTED_3CLASS,PyTorch/torchvision,faithful three-class task-adapted reimplementation,123,S000135,FIVES,NORMAL,NORMAL,1,9.654768007294479e-08,1.0298870201097543e-08,0.9999998807907104,4
HOGCNN_EFFICIENTNETB3_ADAPTED_3CLASS,PyTorch/torchvision,faithful three-class task-adapted reimplementation,123,S000146,FIVES,NORMAL,NORMAL,1,2.5346578240714734e-06,3.6561218053066113e-08,0.9999974966049194,4
HOGCNN_EFFICIENTNETB3_ADAPTED_3CLASS,PyTorch/torchvision,faithful three-class task-adapted reimplementation,123,S000149,FIVES,NORMAL,NORMAL,1,2.737353677062515e-09,1.9300486556184104e-11,1.0,4
HOGCNN_EFFICIENTNETB3_ADAPTED_3CLASS,PyTorch/torchvision,faithful three-class task-adapted reimplementation,123,S000158,FIVES,AMD_DRY,AMD_DRY,1,0.9999982118606567,1.6455450122521142e-06,1.0492034618891921e-07,4
HOGCNN_EFFICIENTNETB3_ADAPTED_3CLASS,PyTorch/torchvision,faithful three-class task-adapted reimplementation,123,S000159,FIVES,AMD_DRY,AMD_DRY,1,1.0,7.89722787164493e-10,9.101094010366406e-12,4
HOGCNN_EFFICIENTNETB3_ADAPTED_3CLASS,PyTorch/torchvision,faithful three-class task-adapted reimplementation,123,S000162,FIVES,AMD_DRY,AMD_DRY,1,0.9999992847442627,7.035328621896042e-07,3.48726523213827e-08,4
HOGCNN_EFFICIENTNETB3_ADAPTED_3CLASS,PyTorch/torchvision,faithful three-class task-adapted reimplementation,123,S000177,FIVES,AMD_WET,AMD_WET,1,5.734033265980543e-07,0.9999990463256836,3.8689043435624626e-07,4
HOGCNN_EFFICIENTNETB3_ADAPTED_3CLASS,PyTorch/torchvision,faithful three-class task-adapted reimplementation,123,S000179,FIVES,AMD_WET,AMD_DRY,0,0.5452037453651428,0.0023274149280041456,0.4524689018726349,4
HOGCNN_EFFICIENTNETB3_ADAPTED_3CLASS,PyTorch/torchvision,faithful three-class task-adapted reimplementation,123,S000182,FIVES,AMD_WET,AMD_WET,1,5.9253190556773916e-05,0.999925971031189,1.4798853044339921e-05,4
HOGCNN_EFFICIENTNETB3_ADAPTED_3CLASS,PyTorch/torchvision,faithful three-class task-adapted reimplementation,123,S000185,FIVES,AMD_WET,AMD_WET,1,6.200947550602951e-17,1.0,7.211798655089703e-17,4
HOGCNN_EFFICIENTNETB3_ADAPTED_3CLASS,PyTorch/torchvision,faithful three-class task-adapted reimplementation,123,S000187,FIVES,AMD_WET,AMD_WET,1,0.0008484629215672612,0.9991413354873657,1.02051180874696e-05,4
HOGCNN_EFFICIENTNETB3_ADAPTED_3CLASS,PyTorch/torchvision,faithful three-class task-adapted reimplementation,123,S000189,FIVES,AMD_WET,AMD_WET,1,1.8224845632630604e-07,0.9999997615814209,1.5647302120669337e-08,4
HOGCNN_EFFICIENTNETB3_ADAPTED_3CLASS,PyTorch/torchvision,faithful three-class task-adapted reimplementation,123,S000192,FIVES,AMD_WET,NORMAL,0,3.276149436715059e-05,0.00011697663285303861,0.9998502731323242,4
HOGCNN_EFFICIENTNETB3_ADAPTED_3CLASS,PyTorch/torchvision,faithful three-class task-adapted reimplementation,123,S000203,FIVES,AMD_WET,AMD_WET,1,6.976642907829955e-06,0.999985933303833,7.103302323230309e-06,4
HOGCNN_EFFICIENTNETB3_ADAPTED_3CLASS,PyTorch/torchvision,faithful three-class task-adapted reimplementation,123,S000212,FIVES,AMD_WET,AMD_WET,1,8.229024232864202e-12,1.0,6.2674448964017415e-12,4
HOGCNN_EFFICIENTNETB3_ADAPTED_3CLASS,PyTorch/torchvision,faithful three-class task-adapted reimplementation,123,S000218,FIVES,AMD_WET,AMD_WET,1,1.3020870028412901e-05,0.9999709129333496,1.6094109014375135e-05,4
HOGCNN_EFFICIENTNETB3_ADAPTED_3CLASS,PyTorch/torchvision,faithful three-class task-adapted reimplementation,123,S000224,FIVES,AMD_WET,AMD_WET,1,1.0310161542292917e-06,0.999998927116394,6.128761498302993e-08,4
HOGCNN_EFFICIENTNETB3_ADAPTED_3CLASS,PyTorch/torchvision,faithful three-class task-adapted reimplementation,123,S000225,FIVES,AMD_WET,AMD_WET,1,5.060888860763946e-11,1.0,3.62062255176987e-11,4
HOGCNN_EFFICIENTNETB3_ADAPTED_3CLASS,PyTorch/torchvision,faithful three-class task-adapted reimplementation,123,S000227,FIVES,AMD_WET,AMD_WET,1,5.4312858992489055e-06,0.999990701675415,3.915154593414627e-06,4
HOGCNN_EFFICIENTNETB3_ADAPTED_3CLASS,PyTorch/torchvision,faithful three-class task-adapted reimplementation,123,S000234,FIVES,AMD_WET,AMD_WET,1,1.8133222701166574e-09,1.0,1.0914077419599266e-09,4
HOGCNN_EFFICIENTNETB3_ADAPTED_3CLASS,PyTorch/torchvision,faithful three-class task-adapted reimplementation,123,S000242,ODIR,NORMAL,NORMAL,1,3.634903293914249e-07,9.260692768187084e-10,0.9999996423721313,4
HOGCNN_EFFICIENTNETB3_ADAPTED_3CLASS,PyTorch/torchvision,faithful three-class task-adapted reimplementation,123,S000243,ODIR,NORMAL,NORMAL,1,7.43099848321549e-09,1.8091229903038908e-11,1.0,4
HOGCNN_EFFICIENTNETB3_ADAPTED_3CLASS,PyTorch/torchvision,faithful three-class task-adapted reimplementation,123,S000245,ODIR,NORMAL,NORMAL,1,2.452008551756535e-08,1.7336958257896384e-10,1.0,4
HOGCNN_EFFICIENTNETB3_ADAPTED_3CLASS,PyTorch/torchvision,faithful three-class task-adapted reimplementation,123,S000246,ODIR,NORMAL,NORMAL,1,6.338237490410847e-09,7.748260366646775e-11,1.0,4
HOGCNN_EFFICIENTNETB3_ADAPTED_3CLASS,PyTorch/torchvision,faithful three-class task-adapted reimplementation,123,S000247,ODIR,NORMAL,NORMAL,1,5.3709115377387207e-08,5.246979517536943e-10,1.0,4
HOGCNN_EFFICIENTNETB3_ADAPTED_3CLASS,PyTorch/torchvision,faithful three-class task-adapted reimplementation,123,S000248,ODIR,NORMAL,NORMAL,1,1.1150574863449947e-07,1.485765260822447e-10,0.9999998807907104,4
HOGCNN_EFFICIENTNETB3_ADAPTED_3CLASS,PyTorch/torchvision,faithful three-class task-adapted reimplementation,123,S000249,ODIR,NORMAL,NORMAL,1,5.441500139369282e-09,5.4559717854729683e-11,1.0,4
HOGCNN_EFFICIENTNETB3_ADAPTED_3CLASS,PyTorch/torchvision,faithful three-class task-adapted reimplementation,123,S000253,ODIR,NORMAL,NORMAL,1,6.370369476371707e-08,1.0259613159036007e-09,0.9999998807907104,4
HOGCNN_EFFICIENTNETB3_ADAPTED_3CLASS,PyTorch/torchvision,faithful three-class task-adapted reimplementation,123,S000269,ODIR,NORMAL,NORMAL,1,3.896558609994827e-06,2.1404183314643888e-08,0.9999960660934448,4
HOGCNN_EFFICIENTNETB3_ADAPTED_3CLASS,PyTorch/torchvision,faithful three-class task-adapted reimplementation,123,S000283,ODIR,NORMAL,NORMAL,1,0.00031776289688423276,3.11848324940911e-08,0.9996823072433472,4
HOGCNN_EFFICIENTNETB3_ADAPTED_3CLASS,PyTorch/torchvision,faithful three-class task-adapted reimplementation,123,S000285,ODIR,NORMAL,NORMAL,1,5.945062220291675e-10,1.4645464745458026e-12,1.0,4
HOGCNN_EFFICIENTNETB3_ADAPTED_3CLASS,PyTorch/torchvision,faithful three-class task-adapted reimplementation,123,S000286,ODIR,NORMAL,NORMAL,1,1.6295039984015602e-07,9.80646119863593e-10,0.9999998807907104,4
HOGCNN_EFFICIENTNETB3_ADAPTED_3CLASS,PyTorch/torchvision,faithful three-class task-adapted reimplementation,123,S000292,ODIR,NORMAL,NORMAL,1,6.57505105916556e-10,1.4550574287119922e-12,1.0,4
HOGCNN_EFFICIENTNETB3_ADAPTED_3CLASS,PyTorch/torchvision,faithful three-class task-adapted reimplementation,123,S000299,ODIR,NORMAL,NORMAL,1,4.6577032009054165e-08,4.933859432121324e-10,1.0,4
HOGCNN_EFFICIENTNETB3_ADAPTED_3CLASS,PyTorch/torchvision,faithful three-class task-adapted reimplementation,123,S000302,ODIR,NORMAL,NORMAL,1,8.380435900789962e-08,2.7782695588562945e-10,0.9999998807907104,4
HOGCNN_EFFICIENTNETB3_ADAPTED_3CLASS,PyTorch/torchvision,faithful three-class task-adapted reimplementation,123,S000309,ODIR,NORMAL,NORMAL,1,1.6219148246676696e-09,7.499075145578349e-12,1.0,4
HOGCNN_EFFICIENTNETB3_ADAPTED_3CLASS,PyTorch/torchvision,faithful three-class task-adapted reimplementation,123,S000314,ODIR,NORMAL,NORMAL,1,8.752036961823251e-08,1.2400768412135221e-08,0.9999998807907104,4
HOGCNN_EFFICIENTNETB3_ADAPTED_3CLASS,PyTorch/torchvision,faithful three-class task-adapted reimplementation,123,S000316,ODIR,NORMAL,NORMAL,1,1.6494119403631657e-09,1.2361950872674665e-11,1.0,4
HOGCNN_EFFICIENTNETB3_ADAPTED_3CLASS,PyTorch/torchvision,faithful three-class task-adapted reimplementation,123,S000323,ODIR,NORMAL,NORMAL,1,3.2158450267161243e-06,1.594791854131472e-07,0.9999966621398926,4
HOGCNN_EFFICIENTNETB3_ADAPTED_3CLASS,PyTorch/torchvision,faithful three-class task-adapted reimplementation,123,S000330,ODIR,NORMAL,NORMAL,1,0.00010168693552259356,1.6315736317551455e-08,0.9998983144760132,4
HOGCNN_EFFICIENTNETB3_ADAPTED_3CLASS,PyTorch/torchvision,faithful three-class task-adapted reimplementation,123,S000336,ODIR,NORMAL,NORMAL,1,1.175239638939729e-08,7.369478638441507e-11,1.0,4
HOGCNN_EFFICIENTNETB3_ADAPTED_3CLASS,PyTorch/torchvision,faithful three-class task-adapted reimplementation,123,S000337,ODIR,NORMAL,NORMAL,1,3.8736565329600126e-05,1.0692229324149594e-07,0.9999611377716064,4
HOGCNN_EFFICIENTNETB3_ADAPTED_3CLASS,PyTorch/torchvision,faithful three-class task-adapted reimplementation,123,S000353,ODIR,NORMAL,NORMAL,1,2.1535590803978266e-06,1.068285282457282e-08,0.9999978542327881,4
HOGCNN_EFFICIENTNETB3_ADAPTED_3CLASS,PyTorch/torchvision,faithful three-class task-adapted reimplementation,123,S000360,ODIR,NORMAL,NORMAL,1,4.196980984971788e-09,1.2816106682855821e-11,1.0,4
HOGCNN_EFFICIENTNETB3_ADAPTED_3CLASS,PyTorch/torchvision,faithful three-class task-adapted reimplementation,123,S000363,ODIR,NORMAL,NORMAL,1,2.298454582216891e-08,1.048457570762551e-10,1.0,4
HOGCNN_EFFICIENTNETB3_ADAPTED_3CLASS,PyTorch/torchvision,faithful three-class task-adapted reimplementation,123,S000364,ODIR,AMD_DRY,AMD_DRY,1,1.0,2.455275271984192e-08,5.020175941616856e-10,4
HOGCNN_EFFICIENTNETB3_ADAPTED_3CLASS,PyTorch/torchvision,faithful three-class task-adapted reimplementation,123,S000365,ODIR,AMD_DRY,AMD_DRY,1,0.9999970197677612,2.76769969786983e-06,1.9200835765786906e-07,4
HOGCNN_EFFICIENTNETB3_ADAPTED_3CLASS,PyTorch/torchvision,faithful three-class task-adapted reimplementation,123,S000371,ODIR,AMD_DRY,AMD_DRY,1,0.9999946355819702,5.029686235502595e-06,3.5875524417861016e-07,4
HOGCNN_EFFICIENTNETB3_ADAPTED_3CLASS,PyTorch/torchvision,faithful three-class task-adapted reimplementation,123,S000372,ODIR,AMD_DRY,AMD_WET,0,0.004366484470665455,0.9956244826316833,9.077681170310825e-06,4
HOGCNN_EFFICIENTNETB3_ADAPTED_3CLASS,PyTorch/torchvision,faithful three-class task-adapted reimplementation,123,S000391,ODIR,AMD_DRY,AMD_DRY,1,0.9999827146530151,1.6939717170316726e-05,3.8422240322688594e-07,4
HOGCNN_EFFICIENTNETB3_ADAPTED_3CLASS,PyTorch/torchvision,faithful three-class task-adapted reimplementation,123,S000392,ODIR,AMD_DRY,AMD_DRY,1,0.9999961853027344,3.830551577266306e-06,4.201989156626951e-08,4
HOGCNN_EFFICIENTNETB3_ADAPTED_3CLASS,PyTorch/torchvision,faithful three-class task-adapted reimplementation,123,S000395,ODIR,AMD_DRY,AMD_WET,0,1.2040976798743941e-05,0.9999878406524658,1.5315342238864105e-07,4
HOGCNN_EFFICIENTNETB3_ADAPTED_3CLASS,PyTorch/torchvision,faithful three-class task-adapted reimplementation,123,S000396,ODIR,AMD_DRY,AMD_DRY,1,0.9999998807907104,1.7358624404550937e-07,4.6095078864993866e-09,4
HOGCNN_EFFICIENTNETB3_ADAPTED_3CLASS,PyTorch/torchvision,faithful three-class task-adapted reimplementation,123,S000398,ODIR,AMD_DRY,AMD_DRY,1,1.0,9.79267422707153e-09,7.518302092002216e-10,4
HOGCNN_EFFICIENTNETB3_ADAPTED_3CLASS,PyTorch/torchvision,faithful three-class task-adapted reimplementation,123,S000404,ODIR,AMD_DRY,AMD_DRY,1,0.9998877048492432,0.00011211118544451892,1.0684839679697689e-07,4
HOGCNN_EFFICIENTNETB3_ADAPTED_3CLASS,PyTorch/torchvision,faithful three-class task-adapted reimplementation,123,S000406,ODIR,AMD_DRY,AMD_WET,0,6.746867438778281e-05,0.9999316930770874,7.997758757483098e-07,4
HOGCNN_EFFICIENTNETB3_ADAPTED_3CLASS,PyTorch/torchvision,faithful three-class task-adapted reimplementation,123,S000407,ODIR,AMD_DRY,AMD_DRY,1,0.9997698664665222,0.00022664763673674315,3.4803924791049212e-06,4
HOGCNN_EFFICIENTNETB3_ADAPTED_3CLASS,PyTorch/torchvision,faithful three-class task-adapted reimplementation,123,S000409,ODIR,AMD_DRY,AMD_DRY,1,1.0,3.190132602526319e-08,6.39073627350939e-10,4
HOGCNN_EFFICIENTNETB3_ADAPTED_3CLASS,PyTorch/torchvision,faithful three-class task-adapted reimplementation,123,S000424,ODIR,AMD_DRY,AMD_WET,0,1.1203970643691719e-05,0.9999790191650391,9.737287655298132e-06,4
HOGCNN_EFFICIENTNETB3_ADAPTED_3CLASS,PyTorch/torchvision,faithful three-class task-adapted reimplementation,123,S000428,ODIR,AMD_DRY,NORMAL,0,0.030266765505075455,0.015977026894688606,0.9537562727928162,4
HOGCNN_EFFICIENTNETB3_ADAPTED_3CLASS,PyTorch/torchvision,faithful three-class task-adapted reimplementation,123,S000434,ODIR,AMD_DRY,AMD_DRY,1,0.9999243021011353,6.677302008029073e-05,8.91055151441833e-06,4
HOGCNN_EFFICIENTNETB3_ADAPTED_3CLASS,PyTorch/torchvision,faithful three-class task-adapted reimplementation,123,S000445,ODIR,AMD_WET,AMD_DRY,0,0.8397966623306274,0.16011497378349304,8.841793896863237e-05,4
HOGCNN_EFFICIENTNETB3_ADAPTED_3CLASS,PyTorch/torchvision,faithful three-class task-adapted reimplementation,123,S000456,ODIR,AMD_WET,AMD_WET,1,5.9870322033361845e-09,1.0,2.0956406054928323e-10,4
HOGCNN_EFFICIENTNETB3_ADAPTED_3CLASS,PyTorch/torchvision,faithful three-class task-adapted reimplementation,123,S000463,ODIR,AMD_WET,AMD_WET,1,2.275204330492997e-10,1.0,6.383618633698518e-11,4
HOGCNN_EFFICIENTNETB3_ADAPTED_3CLASS,PyTorch/torchvision,faithful three-class task-adapted reimplementation,123,S000466,ODIR,AMD_WET,AMD_WET,1,5.220687437912375e-09,1.0,2.4893576089368707e-09,4
HOGCNN_EFFICIENTNETB3_ADAPTED_3CLASS,PyTorch/torchvision,faithful three-class task-adapted reimplementation,123,S000468,ODIR,AMD_WET,AMD_WET,1,3.972010657800904e-15,1.0,6.0273907379385615e-15,4
HOGCNN_EFFICIENTNETB3_ADAPTED_3CLASS,PyTorch/torchvision,faithful three-class task-adapted reimplementation,123,S000470,ODIR,AMD_WET,AMD_WET,1,3.392143455016594e-08,1.0,8.625471004108931e-09,4
HOGCNN_EFFICIENTNETB3_ADAPTED_3CLASS,PyTorch/torchvision,faithful three-class task-adapted reimplementation,123,S000476,RFMID,NORMAL,NORMAL,1,2.731430015501246e-08,3.6885297594047017e-10,1.0,4
HOGCNN_EFFICIENTNETB3_ADAPTED_3CLASS,PyTorch/torchvision,faithful three-class task-adapted reimplementation,123,S000486,RFMID,NORMAL,NORMAL,1,6.256689610850685e-10,2.473859728180372e-10,1.0,4
HOGCNN_EFFICIENTNETB3_ADAPTED_3CLASS,PyTorch/torchvision,faithful three-class task-adapted reimplementation,123,S000488,RFMID,NORMAL,NORMAL,1,9.376051934850693e-08,1.148014572294187e-09,0.9999998807907104,4
HOGCNN_EFFICIENTNETB3_ADAPTED_3CLASS,PyTorch/torchvision,faithful three-class task-adapted reimplementation,123,S000492,RFMID,NORMAL,NORMAL,1,3.460149500256193e-08,8.750776214760947e-10,1.0,4
HOGCNN_EFFICIENTNETB3_ADAPTED_3CLASS,PyTorch/torchvision,faithful three-class task-adapted reimplementation,123,S000501,RFMID,NORMAL,NORMAL,1,3.2003231353883166e-07,9.730261041340782e-09,0.9999996423721313,4
HOGCNN_EFFICIENTNETB3_ADAPTED_3CLASS,PyTorch/torchvision,faithful three-class task-adapted reimplementation,123,S000511,RFMID,NORMAL,NORMAL,1,5.6832099915027356e-08,4.063875458371058e-09,1.0,4
HOGCNN_EFFICIENTNETB3_ADAPTED_3CLASS,PyTorch/torchvision,faithful three-class task-adapted reimplementation,123,S000520,RFMID,NORMAL,NORMAL,1,1.1752928630315296e-09,2.703604007336935e-10,1.0,4
HOGCNN_EFFICIENTNETB3_ADAPTED_3CLASS,PyTorch/torchvision,faithful three-class task-adapted reimplementation,123,S000528,RFMID,NORMAL,NORMAL,1,9.69913571680081e-09,2.0133678058087412e-10,1.0,4
HOGCNN_EFFICIENTNETB3_ADAPTED_3CLASS,PyTorch/torchvision,faithful three-class task-adapted reimplementation,123,S000531,RFMID,NORMAL,NORMAL,1,1.5110922504391056e-05,2.843320089596091e-06,0.9999819993972778,4
HOGCNN_EFFICIENTNETB3_ADAPTED_3CLASS,PyTorch/torchvision,faithful three-class task-adapted reimplementation,123,S000532,RFMID,NORMAL,NORMAL,1,0.00020816731557715684,0.00014204120088834316,0.9996497631072998,4
HOGCNN_EFFICIENTNETB3_ADAPTED_3CLASS,PyTorch/torchvision,faithful three-class task-adapted reimplementation,123,S000533,RFMID,NORMAL,NORMAL,1,2.3795800885295648e-08,2.497537732182309e-09,1.0,4
HOGCNN_EFFICIENTNETB3_ADAPTED_3CLASS,PyTorch/torchvision,faithful three-class task-adapted reimplementation,123,S000535,RFMID,NORMAL,NORMAL,1,0.000331939198076725,0.001037198817357421,0.9986308217048645,4
HOGCNN_EFFICIENTNETB3_ADAPTED_3CLASS,PyTorch/torchvision,faithful three-class task-adapted reimplementation,123,S000539,RFMID,AMD_DRY,AMD_WET,0,2.4737758508308616e-07,0.999998927116394,8.288470780826174e-07,4
HOGCNN_EFFICIENTNETB3_ADAPTED_3CLASS,PyTorch/torchvision,faithful three-class task-adapted reimplementation,123,S000543,RFMID,AMD_DRY,AMD_WET,0,0.05718895047903061,0.94270259141922,0.00010841378389159217,4
HOGCNN_EFFICIENTNETB3_ADAPTED_3CLASS,PyTorch/torchvision,faithful three-class task-adapted reimplementation,123,S000548,RFMID,AMD_WET,AMD_WET,1,0.00014827366976533085,0.9997493624687195,0.00010232721251668409,4
HOGCNN_EFFICIENTNETB3_ADAPTED_3CLASS,PyTorch/torchvision,faithful three-class task-adapted reimplementation,123,S000550,RFMID,AMD_WET,AMD_WET,1,1.1895801890204893e-06,0.9999985694885254,2.1470074784701865e-07,4
HOGCNN_EFFICIENTNETB3_ADAPTED_3CLASS,PyTorch/torchvision,faithful three-class task-adapted reimplementation,123,S000551,RFMID,AMD_WET,AMD_WET,1,3.5479882513943586e-14,1.0,2.657244507710179e-14,4
HOGCNN_EFFICIENTNETB3_ADAPTED_3CLASS,PyTorch/torchvision,faithful three-class task-adapted reimplementation,123,S000558,RFMID,AMD_WET,AMD_WET,1,8.686789954026608e-09,1.0,9.433162695415831e-09,4
HOGCNN_EFFICIENTNETB3_ADAPTED_3CLASS,PyTorch/torchvision,faithful three-class task-adapted reimplementation,123,S000566,RFMID,AMD_WET,AMD_WET,1,4.933298291123561e-16,1.0,6.846045328602764e-16,4
HOGCNN_EFFICIENTNETB3_ADAPTED_3CLASS,PyTorch/torchvision,faithful three-class task-adapted reimplementation,123,S000575,RFMID,AMD_WET,AMD_WET,1,9.00781582657828e-09,1.0,6.407741892644481e-09,4
HOGCNN_EFFICIENTNETB3_ADAPTED_3CLASS,PyTorch/torchvision,faithful three-class task-adapted reimplementation,123,S000579,RFMID,AMD_WET,AMD_WET,1,3.512909430014588e-08,0.9999998807907104,2.716129898772124e-08,4
HOGCNN_EFFICIENTNETB3_ADAPTED_3CLASS,PyTorch/torchvision,faithful three-class task-adapted reimplementation,123,S000582,RFMID,AMD_WET,AMD_WET,1,5.29021914978927e-14,1.0,8.949327959468026e-14,4
HOGCNN_EFFICIENTNETB3_ADAPTED_3CLASS,PyTorch/torchvision,faithful three-class task-adapted reimplementation,123,S000590,RFMID,AMD_WET,AMD_WET,1,2.704962525967858e-06,0.9999967813491821,4.836889502257691e-07,4
HOGCNN_EFFICIENTNETB3_ADAPTED_3CLASS,PyTorch/torchvision,faithful three-class task-adapted reimplementation,123,S000592,RFMID,AMD_WET,AMD_WET,1,0.0013124735560268164,0.99847012758255,0.000217324573895894,4
HOGCNN_EFFICIENTNETB3_ADAPTED_3CLASS,PyTorch/torchvision,faithful three-class task-adapted reimplementation,123,S000597,RFMID,AMD_WET,AMD_WET,1,3.8339090679073706e-05,0.9996588230133057,0.0003027957573067397,4
HOGCNN_EFFICIENTNETB3_ADAPTED_3CLASS,PyTorch/torchvision,faithful three-class task-adapted reimplementation,123,S000004,ADAM,AMD_DRY,AMD_DRY,1,0.9956355690956116,1.9506529497448355e-05,0.004345016088336706,5
HOGCNN_EFFICIENTNETB3_ADAPTED_3CLASS,PyTorch/torchvision,faithful three-class task-adapted reimplementation,123,S000007,ADAM,AMD_DRY,AMD_DRY,1,0.9955637454986572,0.004365981090813875,7.025940431049094e-05,5
HOGCNN_EFFICIENTNETB3_ADAPTED_3CLASS,PyTorch/torchvision,faithful three-class task-adapted reimplementation,123,S000008,ADAM,AMD_DRY,AMD_WET,0,0.07224807143211365,0.9219061136245728,0.005845881067216396,5
HOGCNN_EFFICIENTNETB3_ADAPTED_3CLASS,PyTorch/torchvision,faithful three-class task-adapted reimplementation,123,S000017,ADAM,AMD_DRY,AMD_DRY,1,0.9999935626983643,4.723172423837241e-06,1.6927651813603006e-06,5
HOGCNN_EFFICIENTNETB3_ADAPTED_3CLASS,PyTorch/torchvision,faithful three-class task-adapted reimplementation,123,S000022,ADAM,AMD_DRY,NORMAL,0,0.09501124173402786,0.0017325639491900802,0.9032562971115112,5
HOGCNN_EFFICIENTNETB3_ADAPTED_3CLASS,PyTorch/torchvision,faithful three-class task-adapted reimplementation,123,S000029,ADAM,AMD_DRY,AMD_DRY,1,0.9999284744262695,1.0797310096677393e-05,6.061934254830703e-05,5
HOGCNN_EFFICIENTNETB3_ADAPTED_3CLASS,PyTorch/torchvision,faithful three-class task-adapted reimplementation,123,S000035,ADAM,AMD_DRY,AMD_DRY,1,0.9322130084037781,0.0504925437271595,0.01729442924261093,5
HOGCNN_EFFICIENTNETB3_ADAPTED_3CLASS,PyTorch/torchvision,faithful three-class task-adapted reimplementation,123,S000046,ADAM,AMD_WET,AMD_WET,1,0.0014636280247941613,0.9984537363052368,8.262541086878628e-05,5
HOGCNN_EFFICIENTNETB3_ADAPTED_3CLASS,PyTorch/torchvision,faithful three-class task-adapted reimplementation,123,S000048,ADAM,AMD_WET,AMD_WET,1,0.00039280657074414194,0.9995998740196228,7.293978796951706e-06,5
HOGCNN_EFFICIENTNETB3_ADAPTED_3CLASS,PyTorch/torchvision,faithful three-class task-adapted reimplementation,123,S000052,ADAM,AMD_WET,AMD_WET,1,8.24446469778195e-05,0.9998891353607178,2.8416830900823697e-05,5
HOGCNN_EFFICIENTNETB3_ADAPTED_3CLASS,PyTorch/torchvision,faithful three-class task-adapted reimplementation,123,S000055,FIVES,NORMAL,NORMAL,1,4.737661583931185e-06,6.852951628388837e-06,0.9999884366989136,5
HOGCNN_EFFICIENTNETB3_ADAPTED_3CLASS,PyTorch/torchvision,faithful three-class task-adapted reimplementation,123,S000056,FIVES,NORMAL,NORMAL,1,2.006400791287888e-06,5.594233698502649e-07,0.9999973773956299,5
HOGCNN_EFFICIENTNETB3_ADAPTED_3CLASS,PyTorch/torchvision,faithful three-class task-adapted reimplementation,123,S000078,FIVES,NORMAL,NORMAL,1,3.1454229088012653e-07,2.530629572561338e-08,0.9999996423721313,5
HOGCNN_EFFICIENTNETB3_ADAPTED_3CLASS,PyTorch/torchvision,faithful three-class task-adapted reimplementation,123,S000079,FIVES,NORMAL,NORMAL,1,1.6687653214830789e-06,8.134350792943223e-08,0.9999982118606567,5
HOGCNN_EFFICIENTNETB3_ADAPTED_3CLASS,PyTorch/torchvision,faithful three-class task-adapted reimplementation,123,S000088,FIVES,NORMAL,NORMAL,1,0.002379051875323057,9.548929665470496e-05,0.9975255131721497,5
HOGCNN_EFFICIENTNETB3_ADAPTED_3CLASS,PyTorch/torchvision,faithful three-class task-adapted reimplementation,123,S000095,FIVES,NORMAL,NORMAL,1,0.0007236312958411872,7.105346594471484e-05,0.9992052912712097,5
HOGCNN_EFFICIENTNETB3_ADAPTED_3CLASS,PyTorch/torchvision,faithful three-class task-adapted reimplementation,123,S000096,FIVES,NORMAL,NORMAL,1,7.0231635618256405e-06,5.85688781029603e-07,0.9999923706054688,5
HOGCNN_EFFICIENTNETB3_ADAPTED_3CLASS,PyTorch/torchvision,faithful three-class task-adapted reimplementation,123,S000097,FIVES,NORMAL,NORMAL,1,1.0494482921785675e-05,1.3636429684993345e-05,0.9999759197235107,5
HOGCNN_EFFICIENTNETB3_ADAPTED_3CLASS,PyTorch/torchvision,faithful three-class task-adapted reimplementation,123,S000103,FIVES,NORMAL,NORMAL,1,1.5459836504305713e-06,1.0659396565415591e-07,0.9999983310699463,5
HOGCNN_EFFICIENTNETB3_ADAPTED_3CLASS,PyTorch/torchvision,faithful three-class task-adapted reimplementation,123,S000109,FIVES,NORMAL,NORMAL,1,6.385271262843162e-07,2.1259733529177538e-08,0.9999994039535522,5
HOGCNN_EFFICIENTNETB3_ADAPTED_3CLASS,PyTorch/torchvision,faithful three-class task-adapted reimplementation,123,S000117,FIVES,NORMAL,NORMAL,1,4.235620144754648e-05,2.1988143998896703e-06,0.9999555349349976,5
HOGCNN_EFFICIENTNETB3_ADAPTED_3CLASS,PyTorch/torchvision,faithful three-class task-adapted reimplementation,123,S000118,FIVES,NORMAL,NORMAL,1,2.455055891914526e-07,1.1524861953660093e-08,0.9999997615814209,5
HOGCNN_EFFICIENTNETB3_ADAPTED_3CLASS,PyTorch/torchvision,faithful three-class task-adapted reimplementation,123,S000119,FIVES,NORMAL,NORMAL,1,5.791721196146682e-05,1.6762609220677405e-06,0.9999403953552246,5
HOGCNN_EFFICIENTNETB3_ADAPTED_3CLASS,PyTorch/torchvision,faithful three-class task-adapted reimplementation,123,S000125,FIVES,NORMAL,NORMAL,1,1.3304414459014424e-08,5.070214803559736e-10,1.0,5
HOGCNN_EFFICIENTNETB3_ADAPTED_3CLASS,PyTorch/torchvision,faithful three-class task-adapted reimplementation,123,S000128,FIVES,NORMAL,NORMAL,1,7.267257024068385e-05,9.23703373700846e-06,0.9999181032180786,5
HOGCNN_EFFICIENTNETB3_ADAPTED_3CLASS,PyTorch/torchvision,faithful three-class task-adapted reimplementation,123,S000130,FIVES,NORMAL,NORMAL,1,2.7221363779972307e-05,9.012194368551718e-07,0.999971866607666,5
HOGCNN_EFFICIENTNETB3_ADAPTED_3CLASS,PyTorch/torchvision,faithful three-class task-adapted reimplementation,123,S000133,FIVES,NORMAL,NORMAL,1,0.00019645850989036262,9.95168011286296e-06,0.9997937083244324,5
HOGCNN_EFFICIENTNETB3_ADAPTED_3CLASS,PyTorch/torchvision,faithful three-class task-adapted reimplementation,123,S000141,FIVES,NORMAL,NORMAL,1,1.222960236191284e-06,6.273345576346401e-08,0.9999986886978149,5
HOGCNN_EFFICIENTNETB3_ADAPTED_3CLASS,PyTorch/torchvision,faithful three-class task-adapted reimplementation,123,S000145,FIVES,NORMAL,NORMAL,1,3.255313231420587e-06,2.886954746372794e-07,0.999996542930603,5
HOGCNN_EFFICIENTNETB3_ADAPTED_3CLASS,PyTorch/torchvision,faithful three-class task-adapted reimplementation,123,S000151,FIVES,NORMAL,NORMAL,1,2.3242375391419046e-05,3.1360095817944966e-06,0.9999736547470093,5
HOGCNN_EFFICIENTNETB3_ADAPTED_3CLASS,PyTorch/torchvision,faithful three-class task-adapted reimplementation,123,S000155,FIVES,AMD_DRY,AMD_DRY,1,0.9995954632759094,0.0003957755980081856,8.819257345749065e-06,5
HOGCNN_EFFICIENTNETB3_ADAPTED_3CLASS,PyTorch/torchvision,faithful three-class task-adapted reimplementation,123,S000163,FIVES,AMD_DRY,AMD_DRY,1,0.999998927116394,7.331268534471747e-07,3.46542464058075e-07,5
HOGCNN_EFFICIENTNETB3_ADAPTED_3CLASS,PyTorch/torchvision,faithful three-class task-adapted reimplementation,123,S000164,FIVES,AMD_DRY,AMD_DRY,1,0.9999935626983643,4.735634774988284e-06,1.6385422441089759e-06,5
HOGCNN_EFFICIENTNETB3_ADAPTED_3CLASS,PyTorch/torchvision,faithful three-class task-adapted reimplementation,123,S000168,FIVES,AMD_WET,AMD_WET,1,0.0014926353469491005,0.9984292387962341,7.815727440174669e-05,5
HOGCNN_EFFICIENTNETB3_ADAPTED_3CLASS,PyTorch/torchvision,faithful three-class task-adapted reimplementation,123,S000169,FIVES,AMD_WET,AMD_WET,1,2.9970806281198747e-05,0.999884843826294,8.511783380527049e-05,5
HOGCNN_EFFICIENTNETB3_ADAPTED_3CLASS,PyTorch/torchvision,faithful three-class task-adapted reimplementation,123,S000176,FIVES,AMD_WET,AMD_DRY,0,0.996728777885437,0.003151329467073083,0.00011990026541752741,5
HOGCNN_EFFICIENTNETB3_ADAPTED_3CLASS,PyTorch/torchvision,faithful three-class task-adapted reimplementation,123,S000191,FIVES,AMD_WET,AMD_WET,1,1.7841255612438545e-05,0.9999791383743286,3.0249266274040565e-06,5
HOGCNN_EFFICIENTNETB3_ADAPTED_3CLASS,PyTorch/torchvision,faithful three-class task-adapted reimplementation,123,S000194,FIVES,AMD_WET,AMD_WET,1,1.8707453364186222e-07,0.9999996423721313,1.682259380686446e-07,5
HOGCNN_EFFICIENTNETB3_ADAPTED_3CLASS,PyTorch/torchvision,faithful three-class task-adapted reimplementation,123,S000195,FIVES,AMD_WET,AMD_WET,1,1.986859121672069e-09,1.0,4.491500948944349e-09,5
HOGCNN_EFFICIENTNETB3_ADAPTED_3CLASS,PyTorch/torchvision,faithful three-class task-adapted reimplementation,123,S000202,FIVES,AMD_WET,AMD_WET,1,4.558041268865054e-07,0.9999994039535522,1.944606538017979e-07,5
HOGCNN_EFFICIENTNETB3_ADAPTED_3CLASS,PyTorch/torchvision,faithful three-class task-adapted reimplementation,123,S000211,FIVES,AMD_WET,AMD_WET,1,0.00012021356815239415,0.9998403787612915,3.937215660698712e-05,5
HOGCNN_EFFICIENTNETB3_ADAPTED_3CLASS,PyTorch/torchvision,faithful three-class task-adapted reimplementation,123,S000215,FIVES,AMD_WET,AMD_WET,1,3.2467410164827015e-06,0.9999958276748657,9.008767847262789e-07,5
HOGCNN_EFFICIENTNETB3_ADAPTED_3CLASS,PyTorch/torchvision,faithful three-class task-adapted reimplementation,123,S000217,FIVES,AMD_WET,AMD_DRY,0,0.9477033019065857,0.05212220177054405,0.0001745601330185309,5
HOGCNN_EFFICIENTNETB3_ADAPTED_3CLASS,PyTorch/torchvision,faithful three-class task-adapted reimplementation,123,S000229,FIVES,AMD_WET,AMD_WET,1,0.0004809805832337588,0.9994018077850342,0.0001172363554360345,5
HOGCNN_EFFICIENTNETB3_ADAPTED_3CLASS,PyTorch/torchvision,faithful three-class task-adapted reimplementation,123,S000232,FIVES,AMD_WET,AMD_DRY,0,0.9830192923545837,0.016465701162815094,0.0005150841316208243,5
HOGCNN_EFFICIENTNETB3_ADAPTED_3CLASS,PyTorch/torchvision,faithful three-class task-adapted reimplementation,123,S000235,FIVES,AMD_WET,AMD_WET,1,9.392456945533922e-07,0.9999984502792358,5.546519901145075e-07,5
HOGCNN_EFFICIENTNETB3_ADAPTED_3CLASS,PyTorch/torchvision,faithful three-class task-adapted reimplementation,123,S000236,FIVES,AMD_WET,AMD_WET,1,0.09234140068292618,0.9049342274665833,0.0027243972290307283,5
HOGCNN_EFFICIENTNETB3_ADAPTED_3CLASS,PyTorch/torchvision,faithful three-class task-adapted reimplementation,123,S000254,ODIR,NORMAL,NORMAL,1,7.198390790108533e-07,2.9358547593005824e-08,0.9999992847442627,5
HOGCNN_EFFICIENTNETB3_ADAPTED_3CLASS,PyTorch/torchvision,faithful three-class task-adapted reimplementation,123,S000262,ODIR,NORMAL,NORMAL,1,2.1306381313479505e-05,2.3439265532942954e-06,0.9999762773513794,5
HOGCNN_EFFICIENTNETB3_ADAPTED_3CLASS,PyTorch/torchvision,faithful three-class task-adapted reimplementation,123,S000271,ODIR,NORMAL,NORMAL,1,3.3151591196656227e-06,1.2886486899787997e-07,0.999996542930603,5
HOGCNN_EFFICIENTNETB3_ADAPTED_3CLASS,PyTorch/torchvision,faithful three-class task-adapted reimplementation,123,S000272,ODIR,NORMAL,NORMAL,1,7.35466255719075e-06,2.3811725213818136e-07,0.9999923706054688,5
HOGCNN_EFFICIENTNETB3_ADAPTED_3CLASS,PyTorch/torchvision,faithful three-class task-adapted reimplementation,123,S000279,ODIR,NORMAL,NORMAL,1,2.777672852971591e-05,8.296830742438033e-07,0.9999713897705078,5
HOGCNN_EFFICIENTNETB3_ADAPTED_3CLASS,PyTorch/torchvision,faithful three-class task-adapted reimplementation,123,S000280,ODIR,NORMAL,NORMAL,1,9.272472425436717e-07,2.1838564734366628e-08,0.9999990463256836,5
HOGCNN_EFFICIENTNETB3_ADAPTED_3CLASS,PyTorch/torchvision,faithful three-class task-adapted reimplementation,123,S000281,ODIR,NORMAL,NORMAL,1,2.2114634248282528e-06,3.929621925635729e-07,0.9999973773956299,5
HOGCNN_EFFICIENTNETB3_ADAPTED_3CLASS,PyTorch/torchvision,faithful three-class task-adapted reimplementation,123,S000288,ODIR,NORMAL,NORMAL,1,0.0004232041537761688,3.487324283923954e-05,0.9995418787002563,5
HOGCNN_EFFICIENTNETB3_ADAPTED_3CLASS,PyTorch/torchvision,faithful three-class task-adapted reimplementation,123,S000289,ODIR,NORMAL,NORMAL,1,6.527038465264923e-08,1.8954726677122835e-09,0.9999998807907104,5
HOGCNN_EFFICIENTNETB3_ADAPTED_3CLASS,PyTorch/torchvision,faithful three-class task-adapted reimplementation,123,S000294,ODIR,NORMAL,NORMAL,1,7.343530228354211e-07,2.7409837954905925e-08,0.9999992847442627,5
HOGCNN_EFFICIENTNETB3_ADAPTED_3CLASS,PyTorch/torchvision,faithful three-class task-adapted reimplementation,123,S000303,ODIR,NORMAL,NORMAL,1,5.932565727562178e-06,2.7434390403868747e-07,0.9999938011169434,5
HOGCNN_EFFICIENTNETB3_ADAPTED_3CLASS,PyTorch/torchvision,faithful three-class task-adapted reimplementation,123,S000304,ODIR,NORMAL,NORMAL,1,6.529102847707691e-06,6.760005817341153e-07,0.9999927282333374,5
HOGCNN_EFFICIENTNETB3_ADAPTED_3CLASS,PyTorch/torchvision,faithful three-class task-adapted reimplementation,123,S000305,ODIR,NORMAL,NORMAL,1,7.717693506492651e-07,6.867935553600546e-08,0.9999991655349731,5
HOGCNN_EFFICIENTNETB3_ADAPTED_3CLASS,PyTorch/torchvision,faithful three-class task-adapted reimplementation,123,S000311,ODIR,NORMAL,NORMAL,1,3.147091410937719e-05,2.185187668146682e-06,0.9999663829803467,5
HOGCNN_EFFICIENTNETB3_ADAPTED_3CLASS,PyTorch/torchvision,faithful three-class task-adapted reimplementation,123,S000312,ODIR,NORMAL,NORMAL,1,1.8616877923705033e-06,6.339146807476936e-08,0.9999979734420776,5
HOGCNN_EFFICIENTNETB3_ADAPTED_3CLASS,PyTorch/torchvision,faithful three-class task-adapted reimplementation,123,S000313,ODIR,NORMAL,NORMAL,1,3.408902193768881e-05,4.897014605376171e-06,0.9999610185623169,5
HOGCNN_EFFICIENTNETB3_ADAPTED_3CLASS,PyTorch/torchvision,faithful three-class task-adapted reimplementation,123,S000315,ODIR,NORMAL,NORMAL,1,3.621689302235609e-06,5.49124763438158e-08,0.9999964237213135,5
HOGCNN_EFFICIENTNETB3_ADAPTED_3CLASS,PyTorch/torchvision,faithful three-class task-adapted reimplementation,123,S000320,ODIR,NORMAL,NORMAL,1,9.179800144920591e-06,4.835746949538589e-07,0.9999903440475464,5
HOGCNN_EFFICIENTNETB3_ADAPTED_3CLASS,PyTorch/torchvision,faithful three-class task-adapted reimplementation,123,S000332,ODIR,NORMAL,NORMAL,1,0.08886320888996124,0.0009067432838492095,0.9102301001548767,5
HOGCNN_EFFICIENTNETB3_ADAPTED_3CLASS,PyTorch/torchvision,faithful three-class task-adapted reimplementation,123,S000335,ODIR,NORMAL,NORMAL,1,2.6929767500405433e-06,1.6356041498966079e-07,0.9999971389770508,5
HOGCNN_EFFICIENTNETB3_ADAPTED_3CLASS,PyTorch/torchvision,faithful three-class task-adapted reimplementation,123,S000341,ODIR,NORMAL,NORMAL,1,6.726205583618139e-07,4.797244912424503e-08,0.9999992847442627,5
HOGCNN_EFFICIENTNETB3_ADAPTED_3CLASS,PyTorch/torchvision,faithful three-class task-adapted reimplementation,123,S000343,ODIR,NORMAL,NORMAL,1,6.650698924204335e-05,3.3307042031083256e-06,0.9999301433563232,5
HOGCNN_EFFICIENTNETB3_ADAPTED_3CLASS,PyTorch/torchvision,faithful three-class task-adapted reimplementation,123,S000346,ODIR,NORMAL,NORMAL,1,2.855434468074236e-05,2.3113229019600112e-07,0.9999711513519287,5
HOGCNN_EFFICIENTNETB3_ADAPTED_3CLASS,PyTorch/torchvision,faithful three-class task-adapted reimplementation,123,S000355,ODIR,NORMAL,NORMAL,1,0.0005309903062880039,4.202845229883678e-05,0.9994269609451294,5
HOGCNN_EFFICIENTNETB3_ADAPTED_3CLASS,PyTorch/torchvision,faithful three-class task-adapted reimplementation,123,S000358,ODIR,NORMAL,NORMAL,1,0.013702361844480038,0.0007816824363544583,0.9855158925056458,5
HOGCNN_EFFICIENTNETB3_ADAPTED_3CLASS,PyTorch/torchvision,faithful three-class task-adapted reimplementation,123,S000376,ODIR,AMD_DRY,AMD_DRY,1,0.9998966455459595,5.163973764865659e-05,5.1748149417107925e-05,5
HOGCNN_EFFICIENTNETB3_ADAPTED_3CLASS,PyTorch/torchvision,faithful three-class task-adapted reimplementation,123,S000384,ODIR,AMD_DRY,AMD_DRY,1,0.9943423271179199,0.00428763497620821,0.0013700779527425766,5
HOGCNN_EFFICIENTNETB3_ADAPTED_3CLASS,PyTorch/torchvision,faithful three-class task-adapted reimplementation,123,S000385,ODIR,AMD_DRY,AMD_DRY,1,0.9999990463256836,5.188474574424617e-07,4.4766326823264535e-07,5
HOGCNN_EFFICIENTNETB3_ADAPTED_3CLASS,PyTorch/torchvision,faithful three-class task-adapted reimplementation,123,S000386,ODIR,AMD_DRY,AMD_DRY,1,0.999998927116394,6.980184252824984e-07,3.897842475453217e-07,5
HOGCNN_EFFICIENTNETB3_ADAPTED_3CLASS,PyTorch/torchvision,faithful three-class task-adapted reimplementation,123,S000393,ODIR,AMD_DRY,AMD_DRY,1,0.9999278783798218,5.351957224775106e-05,1.8549162632552907e-05,5
HOGCNN_EFFICIENTNETB3_ADAPTED_3CLASS,PyTorch/torchvision,faithful three-class task-adapted reimplementation,123,S000400,ODIR,AMD_DRY,AMD_WET,0,0.05970725044608116,0.9392163753509521,0.0010763778118416667,5
HOGCNN_EFFICIENTNETB3_ADAPTED_3CLASS,PyTorch/torchvision,faithful three-class task-adapted reimplementation,123,S000401,ODIR,AMD_DRY,AMD_DRY,1,0.9998894929885864,7.837331941118464e-05,3.206994369975291e-05,5
HOGCNN_EFFICIENTNETB3_ADAPTED_3CLASS,PyTorch/torchvision,faithful three-class task-adapted reimplementation,123,S000403,ODIR,AMD_DRY,AMD_DRY,1,0.9999992847442627,3.0795635552749445e-07,3.1880031770015194e-07,5
HOGCNN_EFFICIENTNETB3_ADAPTED_3CLASS,PyTorch/torchvision,faithful three-class task-adapted reimplementation,123,S000410,ODIR,AMD_DRY,AMD_DRY,1,0.9999949932098389,3.677517952382914e-06,1.3128109230819973e-06,5
HOGCNN_EFFICIENTNETB3_ADAPTED_3CLASS,PyTorch/torchvision,faithful three-class task-adapted reimplementation,123,S000419,ODIR,AMD_DRY,AMD_DRY,1,0.9970232844352722,0.0027135973796248436,0.00026318212621845305,5
HOGCNN_EFFICIENTNETB3_ADAPTED_3CLASS,PyTorch/torchvision,faithful three-class task-adapted reimplementation,123,S000420,ODIR,AMD_DRY,AMD_DRY,1,0.9987325072288513,0.0010181325487792492,0.0002493106294423342,5
HOGCNN_EFFICIENTNETB3_ADAPTED_3CLASS,PyTorch/torchvision,faithful three-class task-adapted reimplementation,123,S000425,ODIR,AMD_DRY,NORMAL,0,0.0018213557777926326,3.127920354017988e-05,0.9981473684310913,5
HOGCNN_EFFICIENTNETB3_ADAPTED_3CLASS,PyTorch/torchvision,faithful three-class task-adapted reimplementation,123,S000427,ODIR,AMD_DRY,AMD_DRY,1,0.999427318572998,6.897102866787463e-05,0.0005037063965573907,5
HOGCNN_EFFICIENTNETB3_ADAPTED_3CLASS,PyTorch/torchvision,faithful three-class task-adapted reimplementation,123,S000430,ODIR,AMD_DRY,AMD_DRY,1,0.9996347427368164,0.00031490062247030437,5.025965583627112e-05,5
HOGCNN_EFFICIENTNETB3_ADAPTED_3CLASS,PyTorch/torchvision,faithful three-class task-adapted reimplementation,123,S000438,ODIR,AMD_DRY,AMD_DRY,1,0.9998537302017212,0.00013584877888206393,1.0405893590359483e-05,5
HOGCNN_EFFICIENTNETB3_ADAPTED_3CLASS,PyTorch/torchvision,faithful three-class task-adapted reimplementation,123,S000443,ODIR,AMD_DRY,AMD_DRY,1,0.9754374623298645,0.02452491968870163,3.770011244341731e-05,5
HOGCNN_EFFICIENTNETB3_ADAPTED_3CLASS,PyTorch/torchvision,faithful three-class task-adapted reimplementation,123,S000449,ODIR,AMD_WET,AMD_WET,1,1.2723764264421789e-08,1.0,4.1318124033296044e-08,5
HOGCNN_EFFICIENTNETB3_ADAPTED_3CLASS,PyTorch/torchvision,faithful three-class task-adapted reimplementation,123,S000451,ODIR,AMD_WET,AMD_WET,1,0.006333655212074518,0.9936624765396118,3.801116918111802e-06,5
HOGCNN_EFFICIENTNETB3_ADAPTED_3CLASS,PyTorch/torchvision,faithful three-class task-adapted reimplementation,123,S000462,ODIR,AMD_WET,AMD_DRY,0,0.9301109910011292,0.06918962299823761,0.0006993537535890937,5
HOGCNN_EFFICIENTNETB3_ADAPTED_3CLASS,PyTorch/torchvision,faithful three-class task-adapted reimplementation,123,S000469,ODIR,AMD_WET,AMD_WET,1,0.3269668519496918,0.661141574382782,0.01189157459884882,5
HOGCNN_EFFICIENTNETB3_ADAPTED_3CLASS,PyTorch/torchvision,faithful three-class task-adapted reimplementation,123,S000471,ODIR,AMD_WET,AMD_DRY,0,0.9991963505744934,0.0007034459267742932,0.00010022205242421478,5
HOGCNN_EFFICIENTNETB3_ADAPTED_3CLASS,PyTorch/torchvision,faithful three-class task-adapted reimplementation,123,S000474,RFMID,NORMAL,NORMAL,1,0.00014793062291573733,4.0567985706729814e-05,0.999811589717865,5
HOGCNN_EFFICIENTNETB3_ADAPTED_3CLASS,PyTorch/torchvision,faithful three-class task-adapted reimplementation,123,S000475,RFMID,NORMAL,NORMAL,1,7.806245776009746e-06,2.352338242417318e-06,0.9999898672103882,5
HOGCNN_EFFICIENTNETB3_ADAPTED_3CLASS,PyTorch/torchvision,faithful three-class task-adapted reimplementation,123,S000479,RFMID,NORMAL,NORMAL,1,0.00018634852312970906,1.7912838302436285e-05,0.9997957348823547,5
HOGCNN_EFFICIENTNETB3_ADAPTED_3CLASS,PyTorch/torchvision,faithful three-class task-adapted reimplementation,123,S000483,RFMID,NORMAL,NORMAL,1,1.9400926248636097e-05,3.9219380596478e-06,0.999976634979248,5
HOGCNN_EFFICIENTNETB3_ADAPTED_3CLASS,PyTorch/torchvision,faithful three-class task-adapted reimplementation,123,S000487,RFMID,NORMAL,NORMAL,1,0.00017903890693560243,6.6155785134469625e-06,0.9998143315315247,5
HOGCNN_EFFICIENTNETB3_ADAPTED_3CLASS,PyTorch/torchvision,faithful three-class task-adapted reimplementation,123,S000489,RFMID,NORMAL,NORMAL,1,7.3356386565137655e-06,9.569150734023424e-07,0.9999916553497314,5
HOGCNN_EFFICIENTNETB3_ADAPTED_3CLASS,PyTorch/torchvision,faithful three-class task-adapted reimplementation,123,S000495,RFMID,NORMAL,NORMAL,1,0.00026365526719018817,3.242680031689815e-05,0.9997039437294006,5
HOGCNN_EFFICIENTNETB3_ADAPTED_3CLASS,PyTorch/torchvision,faithful three-class task-adapted reimplementation,123,S000496,RFMID,NORMAL,NORMAL,1,5.882712503080256e-05,5.9256970416754484e-05,0.9998818635940552,5
HOGCNN_EFFICIENTNETB3_ADAPTED_3CLASS,PyTorch/torchvision,faithful three-class task-adapted reimplementation,123,S000503,RFMID,NORMAL,NORMAL,1,3.745585672731977e-06,4.976660648026154e-07,0.9999958276748657,5
HOGCNN_EFFICIENTNETB3_ADAPTED_3CLASS,PyTorch/torchvision,faithful three-class task-adapted reimplementation,123,S000513,RFMID,NORMAL,NORMAL,1,6.351152933348203e-06,5.237472464614257e-07,0.9999932050704956,5
HOGCNN_EFFICIENTNETB3_ADAPTED_3CLASS,PyTorch/torchvision,faithful three-class task-adapted reimplementation,123,S000519,RFMID,NORMAL,NORMAL,1,2.4169272364815697e-05,1.6319138467224548e-06,0.9999741315841675,5
HOGCNN_EFFICIENTNETB3_ADAPTED_3CLASS,PyTorch/torchvision,faithful three-class task-adapted reimplementation,123,S000525,RFMID,NORMAL,NORMAL,1,0.007535291835665703,0.00018511121743358672,0.9922796487808228,5
HOGCNN_EFFICIENTNETB3_ADAPTED_3CLASS,PyTorch/torchvision,faithful three-class task-adapted reimplementation,123,S000526,RFMID,NORMAL,NORMAL,1,0.00018975378770846874,8.004135452210903e-05,0.9997301697731018,5
HOGCNN_EFFICIENTNETB3_ADAPTED_3CLASS,PyTorch/torchvision,faithful three-class task-adapted reimplementation,123,S000536,RFMID,AMD_DRY,AMD_DRY,1,0.9755828976631165,0.022831978276371956,0.0015851764474064112,5
HOGCNN_EFFICIENTNETB3_ADAPTED_3CLASS,PyTorch/torchvision,faithful three-class task-adapted reimplementation,123,S000538,RFMID,AMD_DRY,AMD_WET,0,0.0002749708655755967,0.9996009469032288,0.00012413116928655654,5
HOGCNN_EFFICIENTNETB3_ADAPTED_3CLASS,PyTorch/torchvision,faithful three-class task-adapted reimplementation,123,S000547,RFMID,AMD_WET,AMD_WET,1,0.22990405559539795,0.7560031414031982,0.014092769473791122,5
HOGCNN_EFFICIENTNETB3_ADAPTED_3CLASS,PyTorch/torchvision,faithful three-class task-adapted reimplementation,123,S000554,RFMID,AMD_WET,AMD_WET,1,8.240282234339702e-09,0.9999998807907104,1.0298442987277667e-07,5
HOGCNN_EFFICIENTNETB3_ADAPTED_3CLASS,PyTorch/torchvision,faithful three-class task-adapted reimplementation,123,S000556,RFMID,AMD_WET,AMD_WET,1,6.514867436635541e-06,0.9999768733978271,1.655340201978106e-05,5
HOGCNN_EFFICIENTNETB3_ADAPTED_3CLASS,PyTorch/torchvision,faithful three-class task-adapted reimplementation,123,S000567,RFMID,AMD_WET,AMD_DRY,0,0.8328553438186646,0.15876586735248566,0.008378738537430763,5
HOGCNN_EFFICIENTNETB3_ADAPTED_3CLASS,PyTorch/torchvision,faithful three-class task-adapted reimplementation,123,S000570,RFMID,AMD_WET,AMD_WET,1,0.0003371713391970843,0.9995837807655334,7.909469422884285e-05,5
HOGCNN_EFFICIENTNETB3_ADAPTED_3CLASS,PyTorch/torchvision,faithful three-class task-adapted reimplementation,123,S000574,RFMID,AMD_WET,AMD_WET,1,0.2122509479522705,0.7876100540161133,0.00013892950664740056,5
HOGCNN_EFFICIENTNETB3_ADAPTED_3CLASS,PyTorch/torchvision,faithful three-class task-adapted reimplementation,123,S000577,RFMID,AMD_WET,AMD_WET,1,1.2136260920669883e-05,0.9999716281890869,1.625748336664401e-05,5
HOGCNN_EFFICIENTNETB3_ADAPTED_3CLASS,PyTorch/torchvision,faithful three-class task-adapted reimplementation,123,S000581,RFMID,AMD_WET,AMD_WET,1,1.799700953597494e-06,0.9999960660934448,2.115637016686378e-06,5
HOGCNN_EFFICIENTNETB3_ADAPTED_3CLASS,PyTorch/torchvision,faithful three-class task-adapted reimplementation,123,S000585,RFMID,AMD_WET,AMD_WET,1,0.008330844342708588,0.9915919303894043,7.716385152889416e-05,5
HOGCNN_EFFICIENTNETB3_ADAPTED_3CLASS,PyTorch/torchvision,faithful three-class task-adapted reimplementation,123,S000588,RFMID,AMD_WET,AMD_WET,1,0.0005525287124328315,0.9992751479148865,0.00017233089602086693,5
HOGCNN_EFFICIENTNETB3_ADAPTED_3CLASS,PyTorch/torchvision,faithful three-class task-adapted reimplementation,2026,S000002,ADAM,AMD_DRY,NORMAL,0,0.01658959686756134,1.5982573131623212e-06,0.9834088087081909,1
HOGCNN_EFFICIENTNETB3_ADAPTED_3CLASS,PyTorch/torchvision,faithful three-class task-adapted reimplementation,2026,S000003,ADAM,AMD_DRY,AMD_DRY,1,0.9824573397636414,6.3892498474160675e-06,0.017536163330078125,1
HOGCNN_EFFICIENTNETB3_ADAPTED_3CLASS,PyTorch/torchvision,faithful three-class task-adapted reimplementation,2026,S000010,ADAM,AMD_DRY,AMD_DRY,1,0.8012680411338806,0.1986754834651947,5.64489746466279e-05,1
HOGCNN_EFFICIENTNETB3_ADAPTED_3CLASS,PyTorch/torchvision,faithful three-class task-adapted reimplementation,2026,S000013,ADAM,AMD_DRY,AMD_DRY,1,0.7417833209037781,0.25820356607437134,1.3109032806823961e-05,1
HOGCNN_EFFICIENTNETB3_ADAPTED_3CLASS,PyTorch/torchvision,faithful three-class task-adapted reimplementation,2026,S000019,ADAM,AMD_DRY,AMD_DRY,1,0.9459986686706543,0.00048199709272012115,0.05351933836936951,1
HOGCNN_EFFICIENTNETB3_ADAPTED_3CLASS,PyTorch/torchvision,faithful three-class task-adapted reimplementation,2026,S000026,ADAM,AMD_DRY,AMD_DRY,1,0.9996127486228943,0.00035976499202661216,2.758033588179387e-05,1
HOGCNN_EFFICIENTNETB3_ADAPTED_3CLASS,PyTorch/torchvision,faithful three-class task-adapted reimplementation,2026,S000032,ADAM,AMD_DRY,AMD_DRY,1,0.9999028444290161,7.905658276285976e-05,1.8130911485059187e-05,1
HOGCNN_EFFICIENTNETB3_ADAPTED_3CLASS,PyTorch/torchvision,faithful three-class task-adapted reimplementation,2026,S000040,ADAM,AMD_WET,AMD_WET,1,3.129987362626707e-06,0.9999969005584717,4.069968754377706e-12,1
HOGCNN_EFFICIENTNETB3_ADAPTED_3CLASS,PyTorch/torchvision,faithful three-class task-adapted reimplementation,2026,S000045,ADAM,AMD_WET,AMD_WET,1,0.09895080327987671,0.9010462164878845,2.9976949917909224e-06,1
HOGCNN_EFFICIENTNETB3_ADAPTED_3CLASS,PyTorch/torchvision,faithful three-class task-adapted reimplementation,2026,S000047,ADAM,AMD_WET,AMD_WET,1,1.8067801647703163e-05,0.9999818801879883,1.2383390320114263e-11,1
HOGCNN_EFFICIENTNETB3_ADAPTED_3CLASS,PyTorch/torchvision,faithful three-class task-adapted reimplementation,2026,S000051,ADAM,AMD_WET,AMD_WET,1,0.000895026489160955,0.9991047978401184,1.2203595645132737e-07,1
HOGCNN_EFFICIENTNETB3_ADAPTED_3CLASS,PyTorch/torchvision,faithful three-class task-adapted reimplementation,2026,S000062,FIVES,NORMAL,NORMAL,1,3.204799213563092e-06,5.780803058463846e-10,0.9999967813491821,1
HOGCNN_EFFICIENTNETB3_ADAPTED_3CLASS,PyTorch/torchvision,faithful three-class task-adapted reimplementation,2026,S000064,FIVES,NORMAL,NORMAL,1,0.14672331511974335,0.0024286392144858837,0.8508480787277222,1
HOGCNN_EFFICIENTNETB3_ADAPTED_3CLASS,PyTorch/torchvision,faithful three-class task-adapted reimplementation,2026,S000071,FIVES,NORMAL,NORMAL,1,0.00022944805095903575,1.377759986098681e-07,0.99977046251297,1
HOGCNN_EFFICIENTNETB3_ADAPTED_3CLASS,PyTorch/torchvision,faithful three-class task-adapted reimplementation,2026,S000072,FIVES,NORMAL,NORMAL,1,0.00011364879173925146,1.6550730208564346e-07,0.9998862743377686,1
HOGCNN_EFFICIENTNETB3_ADAPTED_3CLASS,PyTorch/torchvision,faithful three-class task-adapted reimplementation,2026,S000083,FIVES,NORMAL,NORMAL,1,4.2326223592681345e-06,1.0731532329444349e-09,0.9999957084655762,1
HOGCNN_EFFICIENTNETB3_ADAPTED_3CLASS,PyTorch/torchvision,faithful three-class task-adapted reimplementation,2026,S000085,FIVES,NORMAL,NORMAL,1,9.970259270630777e-06,3.4654230596231628e-09,0.9999899864196777,1
HOGCNN_EFFICIENTNETB3_ADAPTED_3CLASS,PyTorch/torchvision,faithful three-class task-adapted reimplementation,2026,S000090,FIVES,NORMAL,NORMAL,1,4.6755252697039396e-05,3.4291531836316835e-09,0.9999532699584961,1
HOGCNN_EFFICIENTNETB3_ADAPTED_3CLASS,PyTorch/torchvision,faithful three-class task-adapted reimplementation,2026,S000093,FIVES,NORMAL,NORMAL,1,6.244820269785123e-07,1.5027737387818263e-10,0.9999994039535522,1
HOGCNN_EFFICIENTNETB3_ADAPTED_3CLASS,PyTorch/torchvision,faithful three-class task-adapted reimplementation,2026,S000101,FIVES,NORMAL,NORMAL,1,3.9010019463603385e-06,7.432595650058715e-10,0.9999960660934448,1
HOGCNN_EFFICIENTNETB3_ADAPTED_3CLASS,PyTorch/torchvision,faithful three-class task-adapted reimplementation,2026,S000105,FIVES,NORMAL,NORMAL,1,6.533452960866271e-07,5.393207061499261e-11,0.9999994039535522,1
HOGCNN_EFFICIENTNETB3_ADAPTED_3CLASS,PyTorch/torchvision,faithful three-class task-adapted reimplementation,2026,S000106,FIVES,NORMAL,NORMAL,1,1.8749244190985337e-05,7.127620715863259e-09,0.9999812841415405,1
HOGCNN_EFFICIENTNETB3_ADAPTED_3CLASS,PyTorch/torchvision,faithful three-class task-adapted reimplementation,2026,S000107,FIVES,NORMAL,NORMAL,1,0.00011356082541169599,1.8197171769429588e-08,0.9998863935470581,1
HOGCNN_EFFICIENTNETB3_ADAPTED_3CLASS,PyTorch/torchvision,faithful three-class task-adapted reimplementation,2026,S000111,FIVES,NORMAL,NORMAL,1,3.441816079430282e-05,1.2300369611750739e-08,0.9999655485153198,1
HOGCNN_EFFICIENTNETB3_ADAPTED_3CLASS,PyTorch/torchvision,faithful three-class task-adapted reimplementation,2026,S000114,FIVES,NORMAL,NORMAL,1,0.2594948410987854,7.518549864471424e-06,0.7404977083206177,1
HOGCNN_EFFICIENTNETB3_ADAPTED_3CLASS,PyTorch/torchvision,faithful three-class task-adapted reimplementation,2026,S000123,FIVES,NORMAL,NORMAL,1,8.96621622814564e-06,1.8896948450475293e-09,0.9999910593032837,1
HOGCNN_EFFICIENTNETB3_ADAPTED_3CLASS,PyTorch/torchvision,faithful three-class task-adapted reimplementation,2026,S000124,FIVES,NORMAL,NORMAL,1,7.172596951932064e-07,2.708448465504887e-10,0.9999992847442627,1
HOGCNN_EFFICIENTNETB3_ADAPTED_3CLASS,PyTorch/torchvision,faithful three-class task-adapted reimplementation,2026,S000126,FIVES,NORMAL,NORMAL,1,1.280631659028586e-05,6.316952294582734e-09,0.9999872446060181,1
HOGCNN_EFFICIENTNETB3_ADAPTED_3CLASS,PyTorch/torchvision,faithful three-class task-adapted reimplementation,2026,S000136,FIVES,NORMAL,NORMAL,1,4.8958509069052525e-06,1.0864923405407012e-09,0.9999951124191284,1
HOGCNN_EFFICIENTNETB3_ADAPTED_3CLASS,PyTorch/torchvision,faithful three-class task-adapted reimplementation,2026,S000142,FIVES,NORMAL,NORMAL,1,5.133068043505773e-06,1.885460676476214e-09,0.9999948740005493,1
HOGCNN_EFFICIENTNETB3_ADAPTED_3CLASS,PyTorch/torchvision,faithful three-class task-adapted reimplementation,2026,S000143,FIVES,NORMAL,NORMAL,1,2.045282371909707e-06,3.1307365033761414e-10,0.9999979734420776,1
HOGCNN_EFFICIENTNETB3_ADAPTED_3CLASS,PyTorch/torchvision,faithful three-class task-adapted reimplementation,2026,S000157,FIVES,AMD_DRY,AMD_DRY,1,0.9839472770690918,0.016030512750148773,2.2111287762527354e-05,1
HOGCNN_EFFICIENTNETB3_ADAPTED_3CLASS,PyTorch/torchvision,faithful three-class task-adapted reimplementation,2026,S000165,FIVES,AMD_DRY,AMD_DRY,1,0.9996941089630127,0.00026732488186098635,3.85697276215069e-05,1
HOGCNN_EFFICIENTNETB3_ADAPTED_3CLASS,PyTorch/torchvision,faithful three-class task-adapted reimplementation,2026,S000166,FIVES,AMD_DRY,AMD_WET,0,0.06568390130996704,0.9343154430389404,6.707233524139156e-07,1
HOGCNN_EFFICIENTNETB3_ADAPTED_3CLASS,PyTorch/torchvision,faithful three-class task-adapted reimplementation,2026,S000171,FIVES,AMD_WET,AMD_WET,1,2.6543784770183265e-06,0.9999973773956299,4.870819893254552e-12,1
HOGCNN_EFFICIENTNETB3_ADAPTED_3CLASS,PyTorch/torchvision,faithful three-class task-adapted reimplementation,2026,S000175,FIVES,AMD_WET,AMD_WET,1,0.0035895444452762604,0.9964104294776917,8.99827945488596e-09,1
HOGCNN_EFFICIENTNETB3_ADAPTED_3CLASS,PyTorch/torchvision,faithful three-class task-adapted reimplementation,2026,S000181,FIVES,AMD_WET,AMD_WET,1,5.919320301472908e-06,0.9999940395355225,1.6655963067102597e-11,1
HOGCNN_EFFICIENTNETB3_ADAPTED_3CLASS,PyTorch/torchvision,faithful three-class task-adapted reimplementation,2026,S000196,FIVES,AMD_WET,AMD_WET,1,8.155982555990704e-10,1.0,2.117474503783874e-17,1
HOGCNN_EFFICIENTNETB3_ADAPTED_3CLASS,PyTorch/torchvision,faithful three-class task-adapted reimplementation,2026,S000197,FIVES,AMD_WET,AMD_WET,1,7.85876818554243e-06,0.9999921321868896,4.4399696592922755e-12,1
HOGCNN_EFFICIENTNETB3_ADAPTED_3CLASS,PyTorch/torchvision,faithful three-class task-adapted reimplementation,2026,S000198,FIVES,AMD_WET,AMD_WET,1,1.1888286053363117e-06,0.9999988079071045,1.264813449287916e-12,1
HOGCNN_EFFICIENTNETB3_ADAPTED_3CLASS,PyTorch/torchvision,faithful three-class task-adapted reimplementation,2026,S000199,FIVES,AMD_WET,AMD_WET,1,1.15065222416888e-06,0.9999988079071045,2.0256971013793423e-12,1
HOGCNN_EFFICIENTNETB3_ADAPTED_3CLASS,PyTorch/torchvision,faithful three-class task-adapted reimplementation,2026,S000209,FIVES,AMD_WET,AMD_WET,1,7.458331674570218e-05,0.9999253749847412,2.931908327230559e-10,1
HOGCNN_EFFICIENTNETB3_ADAPTED_3CLASS,PyTorch/torchvision,faithful three-class task-adapted reimplementation,2026,S000214,FIVES,AMD_WET,AMD_WET,1,0.0020675796549767256,0.9979324340820312,2.6467258606999167e-08,1
HOGCNN_EFFICIENTNETB3_ADAPTED_3CLASS,PyTorch/torchvision,faithful three-class task-adapted reimplementation,2026,S000221,FIVES,AMD_WET,AMD_WET,1,1.5170920075746608e-12,1.0,1.3971404673189375e-21,1
HOGCNN_EFFICIENTNETB3_ADAPTED_3CLASS,PyTorch/torchvision,faithful three-class task-adapted reimplementation,2026,S000223,FIVES,AMD_WET,AMD_WET,1,0.018442513421177864,0.9815574884414673,2.029878842790822e-08,1
HOGCNN_EFFICIENTNETB3_ADAPTED_3CLASS,PyTorch/torchvision,faithful three-class task-adapted reimplementation,2026,S000228,FIVES,AMD_WET,AMD_WET,1,3.0307730867207283e-06,0.9999970197677612,3.981744621517347e-12,1
HOGCNN_EFFICIENTNETB3_ADAPTED_3CLASS,PyTorch/torchvision,faithful three-class task-adapted reimplementation,2026,S000231,FIVES,AMD_WET,AMD_WET,1,0.00031677132938057184,0.9996832609176636,6.868984492314212e-09,1
HOGCNN_EFFICIENTNETB3_ADAPTED_3CLASS,PyTorch/torchvision,faithful three-class task-adapted reimplementation,2026,S000240,ODIR,NORMAL,NORMAL,1,1.677404907240998e-05,1.9936243766949246e-09,0.9999831914901733,1
HOGCNN_EFFICIENTNETB3_ADAPTED_3CLASS,PyTorch/torchvision,faithful three-class task-adapted reimplementation,2026,S000252,ODIR,NORMAL,NORMAL,1,2.883777142415056e-06,2.629497453110474e-10,0.9999971389770508,1
HOGCNN_EFFICIENTNETB3_ADAPTED_3CLASS,PyTorch/torchvision,faithful three-class task-adapted reimplementation,2026,S000255,ODIR,NORMAL,NORMAL,1,3.411594207136659e-06,3.0096530823087164e-10,0.999996542930603,1
HOGCNN_EFFICIENTNETB3_ADAPTED_3CLASS,PyTorch/torchvision,faithful three-class task-adapted reimplementation,2026,S000256,ODIR,NORMAL,NORMAL,1,0.006493156775832176,2.707726025619195e-07,0.9935065507888794,1
HOGCNN_EFFICIENTNETB3_ADAPTED_3CLASS,PyTorch/torchvision,faithful three-class task-adapted reimplementation,2026,S000258,ODIR,NORMAL,NORMAL,1,2.6589732442516834e-05,1.1492197193874176e-09,0.9999734163284302,1
HOGCNN_EFFICIENTNETB3_ADAPTED_3CLASS,PyTorch/torchvision,faithful three-class task-adapted reimplementation,2026,S000264,ODIR,NORMAL,NORMAL,1,2.416881670797011e-06,3.6324301899703926e-10,0.999997615814209,1
HOGCNN_EFFICIENTNETB3_ADAPTED_3CLASS,PyTorch/torchvision,faithful three-class task-adapted reimplementation,2026,S000265,ODIR,NORMAL,NORMAL,1,0.000364750245353207,7.622876552204616e-08,0.9996351003646851,1
HOGCNN_EFFICIENTNETB3_ADAPTED_3CLASS,PyTorch/torchvision,faithful three-class task-adapted reimplementation,2026,S000267,ODIR,NORMAL,NORMAL,1,2.0674187908298336e-05,1.7260096685234316e-09,0.9999793767929077,1
HOGCNN_EFFICIENTNETB3_ADAPTED_3CLASS,PyTorch/torchvision,faithful three-class task-adapted reimplementation,2026,S000268,ODIR,NORMAL,NORMAL,1,0.0003401882713660598,3.081112609493175e-08,0.9996597766876221,1
HOGCNN_EFFICIENTNETB3_ADAPTED_3CLASS,PyTorch/torchvision,faithful three-class task-adapted reimplementation,2026,S000274,ODIR,NORMAL,NORMAL,1,3.616023968788795e-05,7.163503568108354e-09,0.9999638795852661,1
HOGCNN_EFFICIENTNETB3_ADAPTED_3CLASS,PyTorch/torchvision,faithful three-class task-adapted reimplementation,2026,S000275,ODIR,NORMAL,NORMAL,1,0.0013268165057525039,1.8890929709414195e-07,0.9986729621887207,1
HOGCNN_EFFICIENTNETB3_ADAPTED_3CLASS,PyTorch/torchvision,faithful three-class task-adapted reimplementation,2026,S000282,ODIR,NORMAL,NORMAL,1,1.282832613469509e-06,1.4984734286738188e-10,0.9999986886978149,1
HOGCNN_EFFICIENTNETB3_ADAPTED_3CLASS,PyTorch/torchvision,faithful three-class task-adapted reimplementation,2026,S000291,ODIR,NORMAL,NORMAL,1,0.0011275026481598616,5.127932354298537e-07,0.9988719820976257,1
HOGCNN_EFFICIENTNETB3_ADAPTED_3CLASS,PyTorch/torchvision,faithful three-class task-adapted reimplementation,2026,S000298,ODIR,NORMAL,NORMAL,1,5.971086238787393e-07,4.31795293964754e-11,0.9999994039535522,1
HOGCNN_EFFICIENTNETB3_ADAPTED_3CLASS,PyTorch/torchvision,faithful three-class task-adapted reimplementation,2026,S000307,ODIR,NORMAL,NORMAL,1,7.4543841037666425e-06,6.278256248215541e-10,0.9999924898147583,1
HOGCNN_EFFICIENTNETB3_ADAPTED_3CLASS,PyTorch/torchvision,faithful three-class task-adapted reimplementation,2026,S000317,ODIR,NORMAL,NORMAL,1,1.5910022739262786e-06,9.484700524975409e-11,0.9999984502792358,1
HOGCNN_EFFICIENTNETB3_ADAPTED_3CLASS,PyTorch/torchvision,faithful three-class task-adapted reimplementation,2026,S000318,ODIR,NORMAL,NORMAL,1,5.862495527253486e-06,3.0994898314595787e-10,0.999994158744812,1
HOGCNN_EFFICIENTNETB3_ADAPTED_3CLASS,PyTorch/torchvision,faithful three-class task-adapted reimplementation,2026,S000321,ODIR,NORMAL,NORMAL,1,0.01208613719791174,2.8840673621743917e-05,0.987885057926178,1
HOGCNN_EFFICIENTNETB3_ADAPTED_3CLASS,PyTorch/torchvision,faithful three-class task-adapted reimplementation,2026,S000326,ODIR,NORMAL,NORMAL,1,0.026483019813895226,4.8208312364295125e-06,0.9735121130943298,1
HOGCNN_EFFICIENTNETB3_ADAPTED_3CLASS,PyTorch/torchvision,faithful three-class task-adapted reimplementation,2026,S000327,ODIR,NORMAL,NORMAL,1,0.00040583134978078306,3.9406497620575465e-08,0.9995941519737244,1
HOGCNN_EFFICIENTNETB3_ADAPTED_3CLASS,PyTorch/torchvision,faithful three-class task-adapted reimplementation,2026,S000329,ODIR,NORMAL,NORMAL,1,0.1951795071363449,6.425713218050078e-05,0.804756224155426,1
HOGCNN_EFFICIENTNETB3_ADAPTED_3CLASS,PyTorch/torchvision,faithful three-class task-adapted reimplementation,2026,S000333,ODIR,NORMAL,NORMAL,1,0.010190206579864025,1.1425643606344238e-05,0.9897983074188232,1
HOGCNN_EFFICIENTNETB3_ADAPTED_3CLASS,PyTorch/torchvision,faithful three-class task-adapted reimplementation,2026,S000349,ODIR,NORMAL,NORMAL,1,3.182858563377522e-05,5.461978425103098e-09,0.9999681711196899,1
HOGCNN_EFFICIENTNETB3_ADAPTED_3CLASS,PyTorch/torchvision,faithful three-class task-adapted reimplementation,2026,S000351,ODIR,NORMAL,NORMAL,1,3.1791951187187806e-06,2.0177207127325403e-10,0.9999967813491821,1
HOGCNN_EFFICIENTNETB3_ADAPTED_3CLASS,PyTorch/torchvision,faithful three-class task-adapted reimplementation,2026,S000356,ODIR,NORMAL,NORMAL,1,4.5351829612627625e-05,3.727360198269025e-09,0.9999547004699707,1
HOGCNN_EFFICIENTNETB3_ADAPTED_3CLASS,PyTorch/torchvision,faithful three-class task-adapted reimplementation,2026,S000382,ODIR,AMD_DRY,AMD_DRY,1,0.8081567287445068,0.1918412297964096,2.0416364350239746e-06,1
HOGCNN_EFFICIENTNETB3_ADAPTED_3CLASS,PyTorch/torchvision,faithful three-class task-adapted reimplementation,2026,S000387,ODIR,AMD_DRY,AMD_DRY,1,0.9817615151405334,0.01823827438056469,2.678306998404878e-07,1
HOGCNN_EFFICIENTNETB3_ADAPTED_3CLASS,PyTorch/torchvision,faithful three-class task-adapted reimplementation,2026,S000388,ODIR,AMD_DRY,AMD_DRY,1,0.9919607043266296,0.008035372011363506,3.8576881706831045e-06,1
HOGCNN_EFFICIENTNETB3_ADAPTED_3CLASS,PyTorch/torchvision,faithful three-class task-adapted reimplementation,2026,S000397,ODIR,AMD_DRY,AMD_DRY,1,0.9999103546142578,6.0455669881775975e-05,2.9262570024002343e-05,1
HOGCNN_EFFICIENTNETB3_ADAPTED_3CLASS,PyTorch/torchvision,faithful three-class task-adapted reimplementation,2026,S000405,ODIR,AMD_DRY,AMD_DRY,1,0.9999560117721558,4.154819544055499e-05,2.3681452603341313e-06,1
HOGCNN_EFFICIENTNETB3_ADAPTED_3CLASS,PyTorch/torchvision,faithful three-class task-adapted reimplementation,2026,S000408,ODIR,AMD_DRY,AMD_DRY,1,0.9987529516220093,0.00046840839786455035,0.00077865703497082,1
HOGCNN_EFFICIENTNETB3_ADAPTED_3CLASS,PyTorch/torchvision,faithful three-class task-adapted reimplementation,2026,S000413,ODIR,AMD_DRY,AMD_DRY,1,0.9998981952667236,3.709971861098893e-05,6.474435213021934e-05,1
HOGCNN_EFFICIENTNETB3_ADAPTED_3CLASS,PyTorch/torchvision,faithful three-class task-adapted reimplementation,2026,S000414,ODIR,AMD_DRY,AMD_DRY,1,0.9997836947441101,0.0001868677354650572,2.943871913885232e-05,1
HOGCNN_EFFICIENTNETB3_ADAPTED_3CLASS,PyTorch/torchvision,faithful three-class task-adapted reimplementation,2026,S000415,ODIR,AMD_DRY,AMD_DRY,1,0.9998668432235718,9.574127761879936e-05,3.737611768883653e-05,1
HOGCNN_EFFICIENTNETB3_ADAPTED_3CLASS,PyTorch/torchvision,faithful three-class task-adapted reimplementation,2026,S000421,ODIR,AMD_DRY,AMD_DRY,1,0.9998181462287903,0.00017712541739456356,4.721533514384646e-06,1
HOGCNN_EFFICIENTNETB3_ADAPTED_3CLASS,PyTorch/torchvision,faithful three-class task-adapted reimplementation,2026,S000422,ODIR,AMD_DRY,AMD_DRY,1,0.9999258518218994,6.992526323301718e-05,4.147182607994182e-06,1
HOGCNN_EFFICIENTNETB3_ADAPTED_3CLASS,PyTorch/torchvision,faithful three-class task-adapted reimplementation,2026,S000429,ODIR,AMD_DRY,AMD_DRY,1,0.9998494386672974,8.350867574336007e-05,6.699572986690328e-05,1
HOGCNN_EFFICIENTNETB3_ADAPTED_3CLASS,PyTorch/torchvision,faithful three-class task-adapted reimplementation,2026,S000431,ODIR,AMD_DRY,AMD_DRY,1,0.9995980858802795,0.00035977133666165173,4.215395529172383e-05,1
HOGCNN_EFFICIENTNETB3_ADAPTED_3CLASS,PyTorch/torchvision,faithful three-class task-adapted reimplementation,2026,S000432,ODIR,AMD_DRY,AMD_DRY,1,0.999893307685852,4.346779314801097e-05,6.316925282590091e-05,1
HOGCNN_EFFICIENTNETB3_ADAPTED_3CLASS,PyTorch/torchvision,faithful three-class task-adapted reimplementation,2026,S000433,ODIR,AMD_DRY,AMD_DRY,1,0.9997900128364563,0.0002038733073277399,6.0256070355535485e-06,1
HOGCNN_EFFICIENTNETB3_ADAPTED_3CLASS,PyTorch/torchvision,faithful three-class task-adapted reimplementation,2026,S000436,ODIR,AMD_DRY,AMD_DRY,1,0.9999104738235474,7.037851901259273e-05,1.9191742467228323e-05,1
HOGCNN_EFFICIENTNETB3_ADAPTED_3CLASS,PyTorch/torchvision,faithful three-class task-adapted reimplementation,2026,S000437,ODIR,AMD_DRY,AMD_DRY,1,0.9997616410255432,0.00022436358267441392,1.3924244740337599e-05,1
HOGCNN_EFFICIENTNETB3_ADAPTED_3CLASS,PyTorch/torchvision,faithful three-class task-adapted reimplementation,2026,S000446,ODIR,AMD_WET,AMD_DRY,0,0.9963394403457642,0.0036448833998292685,1.5682084267609753e-05,1
HOGCNN_EFFICIENTNETB3_ADAPTED_3CLASS,PyTorch/torchvision,faithful three-class task-adapted reimplementation,2026,S000450,ODIR,AMD_WET,AMD_WET,1,0.0011868870351463556,0.9988131523132324,1.1125870891248724e-08,1
HOGCNN_EFFICIENTNETB3_ADAPTED_3CLASS,PyTorch/torchvision,faithful three-class task-adapted reimplementation,2026,S000452,ODIR,AMD_WET,AMD_DRY,0,0.6073085069656372,0.39269015192985535,1.3532550156014622e-06,1
HOGCNN_EFFICIENTNETB3_ADAPTED_3CLASS,PyTorch/torchvision,faithful three-class task-adapted reimplementation,2026,S000454,ODIR,AMD_WET,AMD_WET,1,5.9002984926337376e-05,0.9999409914016724,1.4972754980302483e-10,1
HOGCNN_EFFICIENTNETB3_ADAPTED_3CLASS,PyTorch/torchvision,faithful three-class task-adapted reimplementation,2026,S000467,ODIR,AMD_WET,AMD_WET,1,0.037183091044425964,0.9628142714500427,2.6287843866157345e-06,1
HOGCNN_EFFICIENTNETB3_ADAPTED_3CLASS,PyTorch/torchvision,faithful three-class task-adapted reimplementation,2026,S000477,RFMID,NORMAL,NORMAL,1,0.00012040047295158729,8.05411346505025e-08,0.9998794794082642,1
HOGCNN_EFFICIENTNETB3_ADAPTED_3CLASS,PyTorch/torchvision,faithful three-class task-adapted reimplementation,2026,S000480,RFMID,NORMAL,NORMAL,1,0.0019189480226486921,1.0075199270431767e-06,0.9980801343917847,1
HOGCNN_EFFICIENTNETB3_ADAPTED_3CLASS,PyTorch/torchvision,faithful three-class task-adapted reimplementation,2026,S000484,RFMID,NORMAL,NORMAL,1,3.6451747291721404e-05,3.14347914809332e-07,0.9999631643295288,1
HOGCNN_EFFICIENTNETB3_ADAPTED_3CLASS,PyTorch/torchvision,faithful three-class task-adapted reimplementation,2026,S000485,RFMID,NORMAL,NORMAL,1,5.892078115721233e-05,3.520422708902515e-08,0.9999411106109619,1
HOGCNN_EFFICIENTNETB3_ADAPTED_3CLASS,PyTorch/torchvision,faithful three-class task-adapted reimplementation,2026,S000491,RFMID,NORMAL,NORMAL,1,0.4392290711402893,9.99284748104401e-05,0.5606710314750671,1
HOGCNN_EFFICIENTNETB3_ADAPTED_3CLASS,PyTorch/torchvision,faithful three-class task-adapted reimplementation,2026,S000493,RFMID,NORMAL,NORMAL,1,0.0019372032256796956,1.546424414300418e-06,0.9980612397193909,1
HOGCNN_EFFICIENTNETB3_ADAPTED_3CLASS,PyTorch/torchvision,faithful three-class task-adapted reimplementation,2026,S000504,RFMID,NORMAL,NORMAL,1,0.014123240485787392,1.338053698418662e-05,0.9858633875846863,1
HOGCNN_EFFICIENTNETB3_ADAPTED_3CLASS,PyTorch/torchvision,faithful three-class task-adapted reimplementation,2026,S000506,RFMID,NORMAL,NORMAL,1,1.0572460951152607e-06,1.1632752539014746e-09,0.999998927116394,1
HOGCNN_EFFICIENTNETB3_ADAPTED_3CLASS,PyTorch/torchvision,faithful three-class task-adapted reimplementation,2026,S000507,RFMID,NORMAL,NORMAL,1,0.0008421661914326251,1.524615242942673e-07,0.9991576671600342,1
HOGCNN_EFFICIENTNETB3_ADAPTED_3CLASS,PyTorch/torchvision,faithful three-class task-adapted reimplementation,2026,S000515,RFMID,NORMAL,NORMAL,1,2.957179276563693e-06,4.789576513175575e-10,0.9999970197677612,1
HOGCNN_EFFICIENTNETB3_ADAPTED_3CLASS,PyTorch/torchvision,faithful three-class task-adapted reimplementation,2026,S000522,RFMID,NORMAL,NORMAL,1,0.0009287992725148797,4.321626931869105e-07,0.9990707039833069,1
HOGCNN_EFFICIENTNETB3_ADAPTED_3CLASS,PyTorch/torchvision,faithful three-class task-adapted reimplementation,2026,S000527,RFMID,NORMAL,NORMAL,1,0.0001449205301469192,6.449150902199108e-08,0.9998549222946167,1
HOGCNN_EFFICIENTNETB3_ADAPTED_3CLASS,PyTorch/torchvision,faithful three-class task-adapted reimplementation,2026,S000529,RFMID,NORMAL,NORMAL,1,0.01801646314561367,3.7598147173412144e-05,0.9819459319114685,1
HOGCNN_EFFICIENTNETB3_ADAPTED_3CLASS,PyTorch/torchvision,faithful three-class task-adapted reimplementation,2026,S000542,RFMID,AMD_DRY,AMD_DRY,1,0.6166495680809021,0.38333991169929504,1.0526413461775519e-05,1
HOGCNN_EFFICIENTNETB3_ADAPTED_3CLASS,PyTorch/torchvision,faithful three-class task-adapted reimplementation,2026,S000545,RFMID,AMD_WET,AMD_WET,1,0.0706530287861824,0.9293461441993713,8.871103318597306e-07,1
HOGCNN_EFFICIENTNETB3_ADAPTED_3CLASS,PyTorch/torchvision,faithful three-class task-adapted reimplementation,2026,S000552,RFMID,AMD_WET,AMD_WET,1,0.12449175864458084,0.8753862977027893,0.00012196516763651744,1
HOGCNN_EFFICIENTNETB3_ADAPTED_3CLASS,PyTorch/torchvision,faithful three-class task-adapted reimplementation,2026,S000553,RFMID,AMD_WET,AMD_WET,1,4.584194812196074e-06,0.9999954700469971,1.3335581770801408e-11,1
HOGCNN_EFFICIENTNETB3_ADAPTED_3CLASS,PyTorch/torchvision,faithful three-class task-adapted reimplementation,2026,S000565,RFMID,AMD_WET,AMD_WET,1,0.06256478279829025,0.9374332427978516,1.9552339836081956e-06,1
HOGCNN_EFFICIENTNETB3_ADAPTED_3CLASS,PyTorch/torchvision,faithful three-class task-adapted reimplementation,2026,S000576,RFMID,AMD_WET,AMD_WET,1,0.15663425624370575,0.8432944416999817,7.134845509426668e-05,1
HOGCNN_EFFICIENTNETB3_ADAPTED_3CLASS,PyTorch/torchvision,faithful three-class task-adapted reimplementation,2026,S000578,RFMID,AMD_WET,AMD_WET,1,0.040957000106573105,0.959036648273468,6.393274816218764e-06,1
HOGCNN_EFFICIENTNETB3_ADAPTED_3CLASS,PyTorch/torchvision,faithful three-class task-adapted reimplementation,2026,S000580,RFMID,AMD_WET,AMD_WET,1,6.737084501384771e-11,1.0,5.5307591181495265e-19,1
HOGCNN_EFFICIENTNETB3_ADAPTED_3CLASS,PyTorch/torchvision,faithful three-class task-adapted reimplementation,2026,S000583,RFMID,AMD_WET,AMD_WET,1,0.0640043094754219,0.9359938502311707,1.8124284224541043e-06,1
HOGCNN_EFFICIENTNETB3_ADAPTED_3CLASS,PyTorch/torchvision,faithful three-class task-adapted reimplementation,2026,S000584,RFMID,AMD_WET,AMD_WET,1,2.015648078668164e-06,0.9999979734420776,2.3070066690333846e-11,1
HOGCNN_EFFICIENTNETB3_ADAPTED_3CLASS,PyTorch/torchvision,faithful three-class task-adapted reimplementation,2026,S000589,RFMID,AMD_WET,AMD_WET,1,0.00011974748485954478,0.9998801946640015,9.364929942634603e-10,1
HOGCNN_EFFICIENTNETB3_ADAPTED_3CLASS,PyTorch/torchvision,faithful three-class task-adapted reimplementation,2026,S000591,RFMID,AMD_WET,AMD_WET,1,5.811389147680757e-10,1.0,1.0535897069400195e-17,1
HOGCNN_EFFICIENTNETB3_ADAPTED_3CLASS,PyTorch/torchvision,faithful three-class task-adapted reimplementation,2026,S000005,ADAM,AMD_DRY,AMD_DRY,1,0.9981604218482971,8.868136319506448e-06,0.0018306850688531995,2
HOGCNN_EFFICIENTNETB3_ADAPTED_3CLASS,PyTorch/torchvision,faithful three-class task-adapted reimplementation,2026,S000006,ADAM,AMD_DRY,AMD_DRY,1,0.9998666048049927,0.00012197298929095268,1.147128568845801e-05,2
HOGCNN_EFFICIENTNETB3_ADAPTED_3CLASS,PyTorch/torchvision,faithful three-class task-adapted reimplementation,2026,S000009,ADAM,AMD_DRY,AMD_DRY,1,0.9999696016311646,2.2653914129477926e-05,7.733390702924225e-06,2
HOGCNN_EFFICIENTNETB3_ADAPTED_3CLASS,PyTorch/torchvision,faithful three-class task-adapted reimplementation,2026,S000011,ADAM,AMD_DRY,AMD_DRY,1,0.99997878074646,1.4071912119106855e-05,7.11780467099743e-06,2
HOGCNN_EFFICIENTNETB3_ADAPTED_3CLASS,PyTorch/torchvision,faithful three-class task-adapted reimplementation,2026,S000025,ADAM,AMD_DRY,AMD_DRY,1,0.9918513894081116,0.007415206171572208,0.000733379099983722,2
HOGCNN_EFFICIENTNETB3_ADAPTED_3CLASS,PyTorch/torchvision,faithful three-class task-adapted reimplementation,2026,S000027,ADAM,AMD_DRY,AMD_DRY,1,0.9978020787239075,1.8876733065553708e-06,0.002195995766669512,2
HOGCNN_EFFICIENTNETB3_ADAPTED_3CLASS,PyTorch/torchvision,faithful three-class task-adapted reimplementation,2026,S000033,ADAM,AMD_DRY,AMD_DRY,1,0.9999992847442627,6.266879637450984e-08,5.537439164982061e-07,2
HOGCNN_EFFICIENTNETB3_ADAPTED_3CLASS,PyTorch/torchvision,faithful three-class task-adapted reimplementation,2026,S000037,ADAM,AMD_WET,AMD_DRY,0,0.9996844530105591,0.00022910558618605137,8.64689500303939e-05,2
HOGCNN_EFFICIENTNETB3_ADAPTED_3CLASS,PyTorch/torchvision,faithful three-class task-adapted reimplementation,2026,S000039,ADAM,AMD_WET,AMD_WET,1,0.0006000840803608298,0.9993984699249268,1.3990940033181687e-06,2
HOGCNN_EFFICIENTNETB3_ADAPTED_3CLASS,PyTorch/torchvision,faithful three-class task-adapted reimplementation,2026,S000044,ADAM,AMD_WET,AMD_DRY,0,0.9968979358673096,0.002953858580440283,0.00014817301416769624,2
HOGCNN_EFFICIENTNETB3_ADAPTED_3CLASS,PyTorch/torchvision,faithful three-class task-adapted reimplementation,2026,S000049,ADAM,AMD_WET,AMD_WET,1,0.0226104948669672,0.9772340059280396,0.00015547870134469122,2
HOGCNN_EFFICIENTNETB3_ADAPTED_3CLASS,PyTorch/torchvision,faithful three-class task-adapted reimplementation,2026,S000054,FIVES,NORMAL,NORMAL,1,3.9311642467509955e-05,1.499939195070965e-08,0.9999606609344482,2
HOGCNN_EFFICIENTNETB3_ADAPTED_3CLASS,PyTorch/torchvision,faithful three-class task-adapted reimplementation,2026,S000059,FIVES,NORMAL,NORMAL,1,3.7510496895265533e-06,2.1443076203553346e-09,0.9999963045120239,2
HOGCNN_EFFICIENTNETB3_ADAPTED_3CLASS,PyTorch/torchvision,faithful three-class task-adapted reimplementation,2026,S000060,FIVES,NORMAL,NORMAL,1,6.285536983341444e-06,1.3688945532663865e-09,0.9999936819076538,2
HOGCNN_EFFICIENTNETB3_ADAPTED_3CLASS,PyTorch/torchvision,faithful three-class task-adapted reimplementation,2026,S000063,FIVES,NORMAL,NORMAL,1,4.475461992115015e-06,1.3298289580632172e-08,0.9999954700469971,2
HOGCNN_EFFICIENTNETB3_ADAPTED_3CLASS,PyTorch/torchvision,faithful three-class task-adapted reimplementation,2026,S000068,FIVES,NORMAL,NORMAL,1,0.0005125599564053118,5.443357622425538e-07,0.9994868040084839,2
HOGCNN_EFFICIENTNETB3_ADAPTED_3CLASS,PyTorch/torchvision,faithful three-class task-adapted reimplementation,2026,S000069,FIVES,NORMAL,NORMAL,1,9.379092347217011e-08,2.020125039470244e-11,0.9999998807907104,2
HOGCNN_EFFICIENTNETB3_ADAPTED_3CLASS,PyTorch/torchvision,faithful three-class task-adapted reimplementation,2026,S000091,FIVES,NORMAL,NORMAL,1,4.9459718098887606e-08,1.9335489806482364e-11,1.0,2
HOGCNN_EFFICIENTNETB3_ADAPTED_3CLASS,PyTorch/torchvision,faithful three-class task-adapted reimplementation,2026,S000092,FIVES,NORMAL,NORMAL,1,8.142094287677537e-08,6.932973639628415e-11,0.9999998807907104,2
HOGCNN_EFFICIENTNETB3_ADAPTED_3CLASS,PyTorch/torchvision,faithful three-class task-adapted reimplementation,2026,S000098,FIVES,NORMAL,NORMAL,1,1.1649488484977155e-08,3.1569317472668335e-12,1.0,2
HOGCNN_EFFICIENTNETB3_ADAPTED_3CLASS,PyTorch/torchvision,faithful three-class task-adapted reimplementation,2026,S000099,FIVES,NORMAL,NORMAL,1,0.030252579599618912,0.008444185368716717,0.9613032341003418,2
HOGCNN_EFFICIENTNETB3_ADAPTED_3CLASS,PyTorch/torchvision,faithful three-class task-adapted reimplementation,2026,S000102,FIVES,NORMAL,NORMAL,1,2.2997745929842495e-08,6.583854121611221e-12,1.0,2
HOGCNN_EFFICIENTNETB3_ADAPTED_3CLASS,PyTorch/torchvision,faithful three-class task-adapted reimplementation,2026,S000112,FIVES,NORMAL,NORMAL,1,9.334867456800566e-08,1.8619680797193894e-10,0.9999998807907104,2
HOGCNN_EFFICIENTNETB3_ADAPTED_3CLASS,PyTorch/torchvision,faithful three-class task-adapted reimplementation,2026,S000113,FIVES,NORMAL,NORMAL,1,3.245157031983581e-08,4.794140084918297e-11,1.0,2
HOGCNN_EFFICIENTNETB3_ADAPTED_3CLASS,PyTorch/torchvision,faithful three-class task-adapted reimplementation,2026,S000121,FIVES,NORMAL,NORMAL,1,4.604783043760108e-07,3.5861486002986e-10,0.9999995231628418,2
HOGCNN_EFFICIENTNETB3_ADAPTED_3CLASS,PyTorch/torchvision,faithful three-class task-adapted reimplementation,2026,S000134,FIVES,NORMAL,NORMAL,1,7.062811135938318e-08,5.7483934279289883e-11,0.9999998807907104,2
HOGCNN_EFFICIENTNETB3_ADAPTED_3CLASS,PyTorch/torchvision,faithful three-class task-adapted reimplementation,2026,S000137,FIVES,NORMAL,NORMAL,1,6.113536073826253e-06,1.6154102056020747e-08,0.9999939203262329,2
HOGCNN_EFFICIENTNETB3_ADAPTED_3CLASS,PyTorch/torchvision,faithful three-class task-adapted reimplementation,2026,S000138,FIVES,NORMAL,NORMAL,1,4.6120874230837217e-08,3.370642306932403e-11,1.0,2
HOGCNN_EFFICIENTNETB3_ADAPTED_3CLASS,PyTorch/torchvision,faithful three-class task-adapted reimplementation,2026,S000147,FIVES,NORMAL,NORMAL,1,0.00011743858340196311,1.6430753646545782e-07,0.9998824596405029,2
HOGCNN_EFFICIENTNETB3_ADAPTED_3CLASS,PyTorch/torchvision,faithful three-class task-adapted reimplementation,2026,S000150,FIVES,NORMAL,NORMAL,1,4.267491476639407e-06,1.747610944846656e-08,0.9999957084655762,2
HOGCNN_EFFICIENTNETB3_ADAPTED_3CLASS,PyTorch/torchvision,faithful three-class task-adapted reimplementation,2026,S000153,FIVES,AMD_DRY,AMD_DRY,1,0.9939542412757874,0.005231405608355999,0.0008143644081428647,2
HOGCNN_EFFICIENTNETB3_ADAPTED_3CLASS,PyTorch/torchvision,faithful three-class task-adapted reimplementation,2026,S000154,FIVES,AMD_DRY,AMD_DRY,1,0.7433227300643921,0.25663134455680847,4.5988312194822356e-05,2
HOGCNN_EFFICIENTNETB3_ADAPTED_3CLASS,PyTorch/torchvision,faithful three-class task-adapted reimplementation,2026,S000160,FIVES,AMD_DRY,AMD_WET,0,0.19399096071720123,0.8060006499290466,8.41591645439621e-06,2
HOGCNN_EFFICIENTNETB3_ADAPTED_3CLASS,PyTorch/torchvision,faithful three-class task-adapted reimplementation,2026,S000167,FIVES,AMD_WET,AMD_WET,1,2.8410156573954737e-06,0.9999971389770508,2.3141508709301206e-09,2
HOGCNN_EFFICIENTNETB3_ADAPTED_3CLASS,PyTorch/torchvision,faithful three-class task-adapted reimplementation,2026,S000178,FIVES,AMD_WET,AMD_WET,1,4.921063464280451e-06,0.9999951124191284,5.473774766784345e-09,2
HOGCNN_EFFICIENTNETB3_ADAPTED_3CLASS,PyTorch/torchvision,faithful three-class task-adapted reimplementation,2026,S000180,FIVES,AMD_WET,AMD_WET,1,5.283379067577698e-08,1.0,3.987562884055773e-12,2
HOGCNN_EFFICIENTNETB3_ADAPTED_3CLASS,PyTorch/torchvision,faithful three-class task-adapted reimplementation,2026,S000183,FIVES,AMD_WET,AMD_WET,1,1.3039666555414442e-06,0.9999986886978149,4.073242299007518e-10,2
HOGCNN_EFFICIENTNETB3_ADAPTED_3CLASS,PyTorch/torchvision,faithful three-class task-adapted reimplementation,2026,S000184,FIVES,AMD_WET,AMD_WET,1,1.0811502804131123e-08,1.0,7.718103500059526e-13,2
HOGCNN_EFFICIENTNETB3_ADAPTED_3CLASS,PyTorch/torchvision,faithful three-class task-adapted reimplementation,2026,S000186,FIVES,AMD_WET,AMD_WET,1,9.916569069901016e-06,0.9999901056289673,7.093208242991977e-09,2
HOGCNN_EFFICIENTNETB3_ADAPTED_3CLASS,PyTorch/torchvision,faithful three-class task-adapted reimplementation,2026,S000188,FIVES,AMD_WET,AMD_WET,1,0.11505922675132751,0.8846388459205627,0.0003019372234120965,2
HOGCNN_EFFICIENTNETB3_ADAPTED_3CLASS,PyTorch/torchvision,faithful three-class task-adapted reimplementation,2026,S000205,FIVES,AMD_WET,AMD_WET,1,7.4014060373883694e-06,0.9999926090240479,4.403729825241953e-09,2
HOGCNN_EFFICIENTNETB3_ADAPTED_3CLASS,PyTorch/torchvision,faithful three-class task-adapted reimplementation,2026,S000210,FIVES,AMD_WET,AMD_WET,1,0.0007821354083716869,0.9992132186889648,4.6231089072534814e-06,2
HOGCNN_EFFICIENTNETB3_ADAPTED_3CLASS,PyTorch/torchvision,faithful three-class task-adapted reimplementation,2026,S000222,FIVES,AMD_WET,AMD_WET,1,1.1670127975094147e-08,1.0,1.4661535874260778e-12,2
HOGCNN_EFFICIENTNETB3_ADAPTED_3CLASS,PyTorch/torchvision,faithful three-class task-adapted reimplementation,2026,S000226,FIVES,AMD_WET,AMD_WET,1,2.4400705456173455e-07,0.9999997615814209,1.5900569055871117e-11,2
HOGCNN_EFFICIENTNETB3_ADAPTED_3CLASS,PyTorch/torchvision,faithful three-class task-adapted reimplementation,2026,S000230,FIVES,AMD_WET,AMD_WET,1,8.018324719472059e-12,1.0,3.9459254840968196e-17,2
HOGCNN_EFFICIENTNETB3_ADAPTED_3CLASS,PyTorch/torchvision,faithful three-class task-adapted reimplementation,2026,S000233,FIVES,AMD_WET,AMD_WET,1,0.007003387436270714,0.9929900169372559,6.609804131585406e-06,2
HOGCNN_EFFICIENTNETB3_ADAPTED_3CLASS,PyTorch/torchvision,faithful three-class task-adapted reimplementation,2026,S000238,FIVES,AMD_WET,AMD_WET,1,2.7478653033541356e-11,1.0,8.242675074287425e-16,2
HOGCNN_EFFICIENTNETB3_ADAPTED_3CLASS,PyTorch/torchvision,faithful three-class task-adapted reimplementation,2026,S000241,ODIR,NORMAL,NORMAL,1,4.581558243899053e-08,2.6150090773335855e-11,1.0,2
HOGCNN_EFFICIENTNETB3_ADAPTED_3CLASS,PyTorch/torchvision,faithful three-class task-adapted reimplementation,2026,S000244,ODIR,NORMAL,NORMAL,1,5.616420821752399e-06,2.507957452824172e-10,0.9999943971633911,2
HOGCNN_EFFICIENTNETB3_ADAPTED_3CLASS,PyTorch/torchvision,faithful three-class task-adapted reimplementation,2026,S000250,ODIR,NORMAL,NORMAL,1,1.1952221939282026e-05,7.880281427397051e-10,0.9999880790710449,2
HOGCNN_EFFICIENTNETB3_ADAPTED_3CLASS,PyTorch/torchvision,faithful three-class task-adapted reimplementation,2026,S000259,ODIR,NORMAL,NORMAL,1,3.258339347667061e-06,4.905795214504849e-10,0.9999967813491821,2
HOGCNN_EFFICIENTNETB3_ADAPTED_3CLASS,PyTorch/torchvision,faithful three-class task-adapted reimplementation,2026,S000260,ODIR,NORMAL,NORMAL,1,9.427173495168972e-07,3.8053366013812706e-10,0.9999990463256836,2
HOGCNN_EFFICIENTNETB3_ADAPTED_3CLASS,PyTorch/torchvision,faithful three-class task-adapted reimplementation,2026,S000261,ODIR,NORMAL,NORMAL,1,1.2941976024194446e-07,2.8609429061909886e-11,0.9999998807907104,2
HOGCNN_EFFICIENTNETB3_ADAPTED_3CLASS,PyTorch/torchvision,faithful three-class task-adapted reimplementation,2026,S000266,ODIR,NORMAL,NORMAL,1,5.031415994949384e-08,1.0107674246195852e-11,1.0,2
HOGCNN_EFFICIENTNETB3_ADAPTED_3CLASS,PyTorch/torchvision,faithful three-class task-adapted reimplementation,2026,S000276,ODIR,NORMAL,NORMAL,1,6.890363692946266e-06,1.7151379205770922e-09,0.999993085861206,2
HOGCNN_EFFICIENTNETB3_ADAPTED_3CLASS,PyTorch/torchvision,faithful three-class task-adapted reimplementation,2026,S000284,ODIR,NORMAL,NORMAL,1,3.059115272208146e-07,1.2024174711466884e-10,0.9999996423721313,2
HOGCNN_EFFICIENTNETB3_ADAPTED_3CLASS,PyTorch/torchvision,faithful three-class task-adapted reimplementation,2026,S000287,ODIR,NORMAL,NORMAL,1,6.668035013035478e-08,2.1416635825888264e-12,0.9999998807907104,2
HOGCNN_EFFICIENTNETB3_ADAPTED_3CLASS,PyTorch/torchvision,faithful three-class task-adapted reimplementation,2026,S000290,ODIR,NORMAL,NORMAL,1,1.957245558514842e-06,9.939048473128764e-10,0.9999980926513672,2
HOGCNN_EFFICIENTNETB3_ADAPTED_3CLASS,PyTorch/torchvision,faithful three-class task-adapted reimplementation,2026,S000293,ODIR,NORMAL,NORMAL,1,0.0005088431062176824,1.4272515045377077e-06,0.9994896650314331,2
HOGCNN_EFFICIENTNETB3_ADAPTED_3CLASS,PyTorch/torchvision,faithful three-class task-adapted reimplementation,2026,S000295,ODIR,NORMAL,NORMAL,1,0.15674902498722076,7.62489571570768e-06,0.8432433009147644,2
HOGCNN_EFFICIENTNETB3_ADAPTED_3CLASS,PyTorch/torchvision,faithful three-class task-adapted reimplementation,2026,S000297,ODIR,NORMAL,NORMAL,1,5.989718943055777e-07,3.296373243810713e-11,0.9999994039535522,2
HOGCNN_EFFICIENTNETB3_ADAPTED_3CLASS,PyTorch/torchvision,faithful three-class task-adapted reimplementation,2026,S000300,ODIR,NORMAL,NORMAL,1,2.5430426831007935e-06,2.0013224411030706e-09,0.9999974966049194,2
HOGCNN_EFFICIENTNETB3_ADAPTED_3CLASS,PyTorch/torchvision,faithful three-class task-adapted reimplementation,2026,S000310,ODIR,NORMAL,NORMAL,1,1.1097907190560363e-05,2.5722719509957415e-09,0.9999889135360718,2
HOGCNN_EFFICIENTNETB3_ADAPTED_3CLASS,PyTorch/torchvision,faithful three-class task-adapted reimplementation,2026,S000322,ODIR,NORMAL,NORMAL,1,1.4082054804021027e-05,2.8043727340332225e-09,0.999985933303833,2
HOGCNN_EFFICIENTNETB3_ADAPTED_3CLASS,PyTorch/torchvision,faithful three-class task-adapted reimplementation,2026,S000340,ODIR,NORMAL,NORMAL,1,5.767787314425732e-08,5.838859777618222e-12,1.0,2
HOGCNN_EFFICIENTNETB3_ADAPTED_3CLASS,PyTorch/torchvision,faithful three-class task-adapted reimplementation,2026,S000344,ODIR,NORMAL,NORMAL,1,2.258359472762095e-06,4.347068816024091e-10,0.9999977350234985,2
HOGCNN_EFFICIENTNETB3_ADAPTED_3CLASS,PyTorch/torchvision,faithful three-class task-adapted reimplementation,2026,S000345,ODIR,NORMAL,NORMAL,1,6.477304470564604e-09,2.975482056924439e-12,1.0,2
HOGCNN_EFFICIENTNETB3_ADAPTED_3CLASS,PyTorch/torchvision,faithful three-class task-adapted reimplementation,2026,S000347,ODIR,NORMAL,NORMAL,1,6.647432201134507e-06,5.544901204856956e-10,0.9999933242797852,2
HOGCNN_EFFICIENTNETB3_ADAPTED_3CLASS,PyTorch/torchvision,faithful three-class task-adapted reimplementation,2026,S000350,ODIR,NORMAL,NORMAL,1,0.00011067921877838671,1.7418212649999987e-08,0.9998892545700073,2
HOGCNN_EFFICIENTNETB3_ADAPTED_3CLASS,PyTorch/torchvision,faithful three-class task-adapted reimplementation,2026,S000352,ODIR,NORMAL,AMD_DRY,0,0.8287661671638489,6.60137739032507e-05,0.17116785049438477,2
HOGCNN_EFFICIENTNETB3_ADAPTED_3CLASS,PyTorch/torchvision,faithful three-class task-adapted reimplementation,2026,S000359,ODIR,NORMAL,NORMAL,1,0.00047770634409971535,9.82739265964483e-07,0.9995213747024536,2
HOGCNN_EFFICIENTNETB3_ADAPTED_3CLASS,PyTorch/torchvision,faithful three-class task-adapted reimplementation,2026,S000361,ODIR,NORMAL,NORMAL,1,0.0007055262685753405,4.0431186221212556e-07,0.9992940425872803,2
HOGCNN_EFFICIENTNETB3_ADAPTED_3CLASS,PyTorch/torchvision,faithful three-class task-adapted reimplementation,2026,S000366,ODIR,AMD_DRY,AMD_DRY,1,0.9999239444732666,6.05889581493102e-05,1.5537027138634585e-05,2
HOGCNN_EFFICIENTNETB3_ADAPTED_3CLASS,PyTorch/torchvision,faithful three-class task-adapted reimplementation,2026,S000368,ODIR,AMD_DRY,AMD_DRY,1,0.9998835325241089,7.620093356308644e-07,0.00011568007903406397,2
HOGCNN_EFFICIENTNETB3_ADAPTED_3CLASS,PyTorch/torchvision,faithful three-class task-adapted reimplementation,2026,S000369,ODIR,AMD_DRY,AMD_DRY,1,0.999832034111023,3.702989124576561e-05,0.0001308299251832068,2
HOGCNN_EFFICIENTNETB3_ADAPTED_3CLASS,PyTorch/torchvision,faithful three-class task-adapted reimplementation,2026,S000370,ODIR,AMD_DRY,AMD_DRY,1,0.9999822378158569,1.2060216249665245e-05,5.732070349040441e-06,2
HOGCNN_EFFICIENTNETB3_ADAPTED_3CLASS,PyTorch/torchvision,faithful three-class task-adapted reimplementation,2026,S000374,ODIR,AMD_DRY,AMD_DRY,1,0.9999865293502808,1.1647873179754242e-05,1.78433356268215e-06,2
HOGCNN_EFFICIENTNETB3_ADAPTED_3CLASS,PyTorch/torchvision,faithful three-class task-adapted reimplementation,2026,S000377,ODIR,AMD_DRY,AMD_DRY,1,0.9995589852333069,0.00042914526420645416,1.175570287159644e-05,2
HOGCNN_EFFICIENTNETB3_ADAPTED_3CLASS,PyTorch/torchvision,faithful three-class task-adapted reimplementation,2026,S000378,ODIR,AMD_DRY,AMD_DRY,1,0.9997925162315369,1.65068431670079e-05,0.00019106072431895882,2
HOGCNN_EFFICIENTNETB3_ADAPTED_3CLASS,PyTorch/torchvision,faithful three-class task-adapted reimplementation,2026,S000379,ODIR,AMD_DRY,AMD_DRY,1,0.9995453953742981,0.00031448566005565226,0.00014016918430570513,2
HOGCNN_EFFICIENTNETB3_ADAPTED_3CLASS,PyTorch/torchvision,faithful three-class task-adapted reimplementation,2026,S000380,ODIR,AMD_DRY,AMD_DRY,1,0.9453589916229248,0.0533926896750927,0.0012482909951359034,2
HOGCNN_EFFICIENTNETB3_ADAPTED_3CLASS,PyTorch/torchvision,faithful three-class task-adapted reimplementation,2026,S000383,ODIR,AMD_DRY,AMD_DRY,1,0.9999880790710449,8.562870789319277e-06,3.3513852031319402e-06,2
HOGCNN_EFFICIENTNETB3_ADAPTED_3CLASS,PyTorch/torchvision,faithful three-class task-adapted reimplementation,2026,S000390,ODIR,AMD_DRY,AMD_DRY,1,0.9999358654022217,5.518495163414627e-05,8.92507978278445e-06,2
HOGCNN_EFFICIENTNETB3_ADAPTED_3CLASS,PyTorch/torchvision,faithful three-class task-adapted reimplementation,2026,S000402,ODIR,AMD_DRY,AMD_DRY,1,0.9999996423721313,6.690391529673434e-08,2.628715662922332e-07,2
HOGCNN_EFFICIENTNETB3_ADAPTED_3CLASS,PyTorch/torchvision,faithful three-class task-adapted reimplementation,2026,S000416,ODIR,AMD_DRY,AMD_DRY,1,0.9999579191207886,3.4343112929491326e-05,7.799038939992897e-06,2
HOGCNN_EFFICIENTNETB3_ADAPTED_3CLASS,PyTorch/torchvision,faithful three-class task-adapted reimplementation,2026,S000439,ODIR,AMD_DRY,AMD_DRY,1,0.9999855756759644,1.0855106665985659e-05,3.5958764783572406e-06,2
HOGCNN_EFFICIENTNETB3_ADAPTED_3CLASS,PyTorch/torchvision,faithful three-class task-adapted reimplementation,2026,S000441,ODIR,AMD_DRY,AMD_DRY,1,0.9999929666519165,5.437304935185239e-06,1.540565335744759e-06,2
HOGCNN_EFFICIENTNETB3_ADAPTED_3CLASS,PyTorch/torchvision,faithful three-class task-adapted reimplementation,2026,S000444,ODIR,AMD_DRY,AMD_DRY,1,0.9999836683273315,1.5981305523382616e-06,1.4798168194829486e-05,2
HOGCNN_EFFICIENTNETB3_ADAPTED_3CLASS,PyTorch/torchvision,faithful three-class task-adapted reimplementation,2026,S000447,ODIR,AMD_WET,AMD_WET,1,0.0006660831859335303,0.99933260679245,1.2523445320766768e-06,2
HOGCNN_EFFICIENTNETB3_ADAPTED_3CLASS,PyTorch/torchvision,faithful three-class task-adapted reimplementation,2026,S000455,ODIR,AMD_WET,AMD_WET,1,0.00023532168415840715,0.9997643828392029,2.9979972282490053e-07,2
HOGCNN_EFFICIENTNETB3_ADAPTED_3CLASS,PyTorch/torchvision,faithful three-class task-adapted reimplementation,2026,S000459,ODIR,AMD_WET,AMD_WET,1,0.05759958177804947,0.9423916935920715,8.732648893783335e-06,2
HOGCNN_EFFICIENTNETB3_ADAPTED_3CLASS,PyTorch/torchvision,faithful three-class task-adapted reimplementation,2026,S000460,ODIR,AMD_WET,AMD_DRY,0,0.999846339225769,0.00013429891259875149,1.9332432202645577e-05,2
HOGCNN_EFFICIENTNETB3_ADAPTED_3CLASS,PyTorch/torchvision,faithful three-class task-adapted reimplementation,2026,S000465,ODIR,AMD_WET,AMD_WET,1,0.0003672174643725157,0.9996315240859985,1.2695022633124609e-06,2
HOGCNN_EFFICIENTNETB3_ADAPTED_3CLASS,PyTorch/torchvision,faithful three-class task-adapted reimplementation,2026,S000472,ODIR,AMD_WET,AMD_DRY,0,0.999993085861206,2.3215677629195852e-06,4.599944986694027e-06,2
HOGCNN_EFFICIENTNETB3_ADAPTED_3CLASS,PyTorch/torchvision,faithful three-class task-adapted reimplementation,2026,S000478,RFMID,NORMAL,NORMAL,1,0.007725561037659645,8.820355219540943e-07,0.9922736287117004,2
HOGCNN_EFFICIENTNETB3_ADAPTED_3CLASS,PyTorch/torchvision,faithful three-class task-adapted reimplementation,2026,S000481,RFMID,NORMAL,NORMAL,1,8.911448094295338e-05,9.377699257129279e-07,0.9999098777770996,2
HOGCNN_EFFICIENTNETB3_ADAPTED_3CLASS,PyTorch/torchvision,faithful three-class task-adapted reimplementation,2026,S000490,RFMID,NORMAL,AMD_DRY,0,0.90488600730896,0.0007008335669524968,0.09441320598125458,2
HOGCNN_EFFICIENTNETB3_ADAPTED_3CLASS,PyTorch/torchvision,faithful three-class task-adapted reimplementation,2026,S000494,RFMID,NORMAL,AMD_DRY,0,0.999489426612854,0.0002508765319362283,0.0002596382691990584,2
HOGCNN_EFFICIENTNETB3_ADAPTED_3CLASS,PyTorch/torchvision,faithful three-class task-adapted reimplementation,2026,S000498,RFMID,NORMAL,NORMAL,1,0.09012891352176666,0.0010464333463460207,0.9088246822357178,2
HOGCNN_EFFICIENTNETB3_ADAPTED_3CLASS,PyTorch/torchvision,faithful three-class task-adapted reimplementation,2026,S000502,RFMID,NORMAL,NORMAL,1,2.962486078672555e-08,7.922822987949107e-12,1.0,2
HOGCNN_EFFICIENTNETB3_ADAPTED_3CLASS,PyTorch/torchvision,faithful three-class task-adapted reimplementation,2026,S000508,RFMID,NORMAL,NORMAL,1,3.0962255550548434e-06,1.8872563511962426e-09,0.9999969005584717,2
HOGCNN_EFFICIENTNETB3_ADAPTED_3CLASS,PyTorch/torchvision,faithful three-class task-adapted reimplementation,2026,S000509,RFMID,NORMAL,NORMAL,1,3.2063071557786316e-05,1.17941905131147e-08,0.9999679327011108,2
HOGCNN_EFFICIENTNETB3_ADAPTED_3CLASS,PyTorch/torchvision,faithful three-class task-adapted reimplementation,2026,S000510,RFMID,NORMAL,NORMAL,1,1.357192331852275e-07,3.5876256826439246e-11,0.9999998807907104,2
HOGCNN_EFFICIENTNETB3_ADAPTED_3CLASS,PyTorch/torchvision,faithful three-class task-adapted reimplementation,2026,S000516,RFMID,NORMAL,NORMAL,1,2.4752791887294734e-06,5.46946665735959e-09,0.9999974966049194,2
HOGCNN_EFFICIENTNETB3_ADAPTED_3CLASS,PyTorch/torchvision,faithful three-class task-adapted reimplementation,2026,S000517,RFMID,NORMAL,NORMAL,1,1.2338742472195463e-08,3.870315526399715e-12,1.0,2
HOGCNN_EFFICIENTNETB3_ADAPTED_3CLASS,PyTorch/torchvision,faithful three-class task-adapted reimplementation,2026,S000518,RFMID,NORMAL,NORMAL,1,7.142098183976486e-05,6.806447316876074e-08,0.9999284744262695,2
HOGCNN_EFFICIENTNETB3_ADAPTED_3CLASS,PyTorch/torchvision,faithful three-class task-adapted reimplementation,2026,S000523,RFMID,NORMAL,NORMAL,1,2.053449861705303e-06,1.4471162046447716e-09,0.9999979734420776,2
HOGCNN_EFFICIENTNETB3_ADAPTED_3CLASS,PyTorch/torchvision,faithful three-class task-adapted reimplementation,2026,S000537,RFMID,AMD_DRY,AMD_DRY,1,0.9999871253967285,1.0159083103644662e-05,2.6889026685239514e-06,2
HOGCNN_EFFICIENTNETB3_ADAPTED_3CLASS,PyTorch/torchvision,faithful three-class task-adapted reimplementation,2026,S000555,RFMID,AMD_WET,AMD_WET,1,1.2458028322726022e-05,0.9999874830245972,4.78801993608613e-08,2
HOGCNN_EFFICIENTNETB3_ADAPTED_3CLASS,PyTorch/torchvision,faithful three-class task-adapted reimplementation,2026,S000557,RFMID,AMD_WET,AMD_WET,1,2.1048030248493887e-05,0.9999788999557495,2.476670957207716e-08,2
HOGCNN_EFFICIENTNETB3_ADAPTED_3CLASS,PyTorch/torchvision,faithful three-class task-adapted reimplementation,2026,S000559,RFMID,AMD_WET,AMD_WET,1,0.018552865833044052,0.9812000393867493,0.00024707670672796667,2
HOGCNN_EFFICIENTNETB3_ADAPTED_3CLASS,PyTorch/torchvision,faithful three-class task-adapted reimplementation,2026,S000568,RFMID,AMD_WET,AMD_WET,1,7.959151844261214e-05,0.9999202489852905,1.8693147296744428e-07,2
HOGCNN_EFFICIENTNETB3_ADAPTED_3CLASS,PyTorch/torchvision,faithful three-class task-adapted reimplementation,2026,S000571,RFMID,AMD_WET,AMD_WET,1,1.845811254952423e-07,0.9999997615814209,4.731972799709716e-11,2
HOGCNN_EFFICIENTNETB3_ADAPTED_3CLASS,PyTorch/torchvision,faithful three-class task-adapted reimplementation,2026,S000572,RFMID,AMD_WET,AMD_WET,1,2.9546673441238624e-10,1.0,3.737127998010813e-15,2
HOGCNN_EFFICIENTNETB3_ADAPTED_3CLASS,PyTorch/torchvision,faithful three-class task-adapted reimplementation,2026,S000573,RFMID,AMD_WET,AMD_DRY,0,0.957343339920044,0.04233510047197342,0.0003216209006495774,2
HOGCNN_EFFICIENTNETB3_ADAPTED_3CLASS,PyTorch/torchvision,faithful three-class task-adapted reimplementation,2026,S000586,RFMID,AMD_WET,AMD_DRY,0,0.9999535083770752,3.60958838427905e-05,1.03191041489481e-05,2
HOGCNN_EFFICIENTNETB3_ADAPTED_3CLASS,PyTorch/torchvision,faithful three-class task-adapted reimplementation,2026,S000587,RFMID,AMD_WET,AMD_WET,1,0.001431888435035944,0.9985673427581787,6.880962359900877e-07,2
HOGCNN_EFFICIENTNETB3_ADAPTED_3CLASS,PyTorch/torchvision,faithful three-class task-adapted reimplementation,2026,S000594,RFMID,AMD_WET,AMD_WET,1,2.199038863182068e-05,0.9999779462814331,9.445917825701144e-09,2
HOGCNN_EFFICIENTNETB3_ADAPTED_3CLASS,PyTorch/torchvision,faithful three-class task-adapted reimplementation,2026,S000595,RFMID,AMD_WET,AMD_DRY,0,0.9999721050262451,2.1711484805564396e-05,6.141674020909704e-06,2
HOGCNN_EFFICIENTNETB3_ADAPTED_3CLASS,PyTorch/torchvision,faithful three-class task-adapted reimplementation,2026,S000012,ADAM,AMD_DRY,AMD_DRY,1,0.9998582601547241,7.564418046968058e-05,6.598419713554904e-05,3
HOGCNN_EFFICIENTNETB3_ADAPTED_3CLASS,PyTorch/torchvision,faithful three-class task-adapted reimplementation,2026,S000014,ADAM,AMD_DRY,AMD_DRY,1,0.9993150234222412,0.0002488330064807087,0.0004361657483968884,3
HOGCNN_EFFICIENTNETB3_ADAPTED_3CLASS,PyTorch/torchvision,faithful three-class task-adapted reimplementation,2026,S000016,ADAM,AMD_DRY,AMD_DRY,1,0.9926441311836243,0.003690707730129361,0.003665200900286436,3
HOGCNN_EFFICIENTNETB3_ADAPTED_3CLASS,PyTorch/torchvision,faithful three-class task-adapted reimplementation,2026,S000020,ADAM,AMD_DRY,AMD_DRY,1,0.899014413356781,0.0037644219119101763,0.0972212553024292,3
HOGCNN_EFFICIENTNETB3_ADAPTED_3CLASS,PyTorch/torchvision,faithful three-class task-adapted reimplementation,2026,S000028,ADAM,AMD_DRY,AMD_DRY,1,0.9847971200942993,0.00032560518593527377,0.014877211302518845,3
HOGCNN_EFFICIENTNETB3_ADAPTED_3CLASS,PyTorch/torchvision,faithful three-class task-adapted reimplementation,2026,S000031,ADAM,AMD_DRY,NORMAL,0,0.0051146321929991245,0.00031485085492022336,0.9945704340934753,3
HOGCNN_EFFICIENTNETB3_ADAPTED_3CLASS,PyTorch/torchvision,faithful three-class task-adapted reimplementation,2026,S000034,ADAM,AMD_DRY,AMD_DRY,1,0.9311561584472656,0.031845081597566605,0.03699875995516777,3
HOGCNN_EFFICIENTNETB3_ADAPTED_3CLASS,PyTorch/torchvision,faithful three-class task-adapted reimplementation,2026,S000036,ADAM,AMD_WET,AMD_DRY,0,0.934144139289856,0.05867084860801697,0.007184975780546665,3
HOGCNN_EFFICIENTNETB3_ADAPTED_3CLASS,PyTorch/torchvision,faithful three-class task-adapted reimplementation,2026,S000038,ADAM,AMD_WET,AMD_WET,1,6.597462743229698e-06,0.9999933242797852,4.487568716626811e-08,3
HOGCNN_EFFICIENTNETB3_ADAPTED_3CLASS,PyTorch/torchvision,faithful three-class task-adapted reimplementation,2026,S000050,ADAM,AMD_WET,AMD_WET,1,8.609861106378958e-05,0.9999136924743652,1.5402410724618676e-07,3
HOGCNN_EFFICIENTNETB3_ADAPTED_3CLASS,PyTorch/torchvision,faithful three-class task-adapted reimplementation,2026,S000058,FIVES,NORMAL,NORMAL,1,3.596083388401894e-06,9.785338761503226e-07,0.9999954700469971,3
HOGCNN_EFFICIENTNETB3_ADAPTED_3CLASS,PyTorch/torchvision,faithful three-class task-adapted reimplementation,2026,S000061,FIVES,NORMAL,NORMAL,1,0.00011995613022008911,6.14656073594233e-06,0.9998738765716553,3
HOGCNN_EFFICIENTNETB3_ADAPTED_3CLASS,PyTorch/torchvision,faithful three-class task-adapted reimplementation,2026,S000070,FIVES,NORMAL,NORMAL,1,0.00020252543617971241,5.121174581290688e-06,0.9997923970222473,3
HOGCNN_EFFICIENTNETB3_ADAPTED_3CLASS,PyTorch/torchvision,faithful three-class task-adapted reimplementation,2026,S000073,FIVES,NORMAL,NORMAL,1,0.00035170442424714565,3.617476613726467e-05,0.9996121525764465,3
HOGCNN_EFFICIENTNETB3_ADAPTED_3CLASS,PyTorch/torchvision,faithful three-class task-adapted reimplementation,2026,S000075,FIVES,NORMAL,NORMAL,1,5.425139170256443e-05,1.7198981367982924e-06,0.9999440908432007,3
HOGCNN_EFFICIENTNETB3_ADAPTED_3CLASS,PyTorch/torchvision,faithful three-class task-adapted reimplementation,2026,S000076,FIVES,NORMAL,NORMAL,1,0.0001916743058245629,1.773692565620877e-05,0.999790608882904,3
HOGCNN_EFFICIENTNETB3_ADAPTED_3CLASS,PyTorch/torchvision,faithful three-class task-adapted reimplementation,2026,S000080,FIVES,NORMAL,NORMAL,1,1.5689620340708643e-05,4.906926733383443e-06,0.9999793767929077,3
HOGCNN_EFFICIENTNETB3_ADAPTED_3CLASS,PyTorch/torchvision,faithful three-class task-adapted reimplementation,2026,S000082,FIVES,NORMAL,NORMAL,1,8.928768511395901e-05,2.5582399757695384e-05,0.999885082244873,3
HOGCNN_EFFICIENTNETB3_ADAPTED_3CLASS,PyTorch/torchvision,faithful three-class task-adapted reimplementation,2026,S000086,FIVES,NORMAL,NORMAL,1,0.007772545330226421,0.00022614809859078377,0.9920012950897217,3
HOGCNN_EFFICIENTNETB3_ADAPTED_3CLASS,PyTorch/torchvision,faithful three-class task-adapted reimplementation,2026,S000087,FIVES,NORMAL,NORMAL,1,0.0002481829433236271,4.2128995119128376e-05,0.9997095465660095,3
HOGCNN_EFFICIENTNETB3_ADAPTED_3CLASS,PyTorch/torchvision,faithful three-class task-adapted reimplementation,2026,S000104,FIVES,NORMAL,NORMAL,1,0.00045322830555960536,3.2764107800176134e-06,0.9995434880256653,3
HOGCNN_EFFICIENTNETB3_ADAPTED_3CLASS,PyTorch/torchvision,faithful three-class task-adapted reimplementation,2026,S000115,FIVES,NORMAL,NORMAL,1,0.0009743678383529186,1.6985661204671487e-05,0.9990085959434509,3
HOGCNN_EFFICIENTNETB3_ADAPTED_3CLASS,PyTorch/torchvision,faithful three-class task-adapted reimplementation,2026,S000116,FIVES,NORMAL,AMD_DRY,0,0.782066822052002,0.01217640284448862,0.20575673878192902,3
HOGCNN_EFFICIENTNETB3_ADAPTED_3CLASS,PyTorch/torchvision,faithful three-class task-adapted reimplementation,2026,S000127,FIVES,NORMAL,NORMAL,1,0.00030270128627307713,7.1206650318345055e-06,0.9996901750564575,3
HOGCNN_EFFICIENTNETB3_ADAPTED_3CLASS,PyTorch/torchvision,faithful three-class task-adapted reimplementation,2026,S000129,FIVES,NORMAL,NORMAL,1,0.000545840710401535,1.1175624422321562e-05,0.999442994594574,3
HOGCNN_EFFICIENTNETB3_ADAPTED_3CLASS,PyTorch/torchvision,faithful three-class task-adapted reimplementation,2026,S000132,FIVES,NORMAL,NORMAL,1,5.386225166148506e-05,2.5110014121310087e-06,0.9999436140060425,3
HOGCNN_EFFICIENTNETB3_ADAPTED_3CLASS,PyTorch/torchvision,faithful three-class task-adapted reimplementation,2026,S000139,FIVES,NORMAL,NORMAL,1,0.0003204117529094219,1.2738749319396447e-05,0.9996668100357056,3
HOGCNN_EFFICIENTNETB3_ADAPTED_3CLASS,PyTorch/torchvision,faithful three-class task-adapted reimplementation,2026,S000140,FIVES,NORMAL,NORMAL,1,0.00010950335126835853,2.5878662199829705e-05,0.9998645782470703,3
HOGCNN_EFFICIENTNETB3_ADAPTED_3CLASS,PyTorch/torchvision,faithful three-class task-adapted reimplementation,2026,S000144,FIVES,NORMAL,NORMAL,1,0.00016973573656287044,7.579647899547126e-06,0.9998226761817932,3
HOGCNN_EFFICIENTNETB3_ADAPTED_3CLASS,PyTorch/torchvision,faithful three-class task-adapted reimplementation,2026,S000148,FIVES,NORMAL,NORMAL,1,0.0006710129673592746,1.4304686374089215e-05,0.9993146657943726,3
HOGCNN_EFFICIENTNETB3_ADAPTED_3CLASS,PyTorch/torchvision,faithful three-class task-adapted reimplementation,2026,S000152,FIVES,AMD_DRY,AMD_DRY,1,0.8234125971794128,0.1762067973613739,0.0003805228625424206,3
HOGCNN_EFFICIENTNETB3_ADAPTED_3CLASS,PyTorch/torchvision,faithful three-class task-adapted reimplementation,2026,S000156,FIVES,AMD_DRY,AMD_WET,0,4.357592115411535e-05,0.9999563694000244,1.4846368578957936e-08,3
HOGCNN_EFFICIENTNETB3_ADAPTED_3CLASS,PyTorch/torchvision,faithful three-class task-adapted reimplementation,2026,S000161,FIVES,AMD_DRY,AMD_WET,0,1.9772273844864685e-06,0.9999979734420776,7.939505053400353e-09,3
HOGCNN_EFFICIENTNETB3_ADAPTED_3CLASS,PyTorch/torchvision,faithful three-class task-adapted reimplementation,2026,S000170,FIVES,AMD_WET,AMD_WET,1,1.4786570318392478e-05,0.9999845027923584,7.688972800679039e-07,3
HOGCNN_EFFICIENTNETB3_ADAPTED_3CLASS,PyTorch/torchvision,faithful three-class task-adapted reimplementation,2026,S000172,FIVES,AMD_WET,AMD_WET,1,4.024653389933519e-05,0.9999595880508423,2.0425264324330783e-07,3
HOGCNN_EFFICIENTNETB3_ADAPTED_3CLASS,PyTorch/torchvision,faithful three-class task-adapted reimplementation,2026,S000173,FIVES,AMD_WET,AMD_WET,1,1.7411196928662775e-09,1.0,2.0821490365197093e-11,3
HOGCNN_EFFICIENTNETB3_ADAPTED_3CLASS,PyTorch/torchvision,faithful three-class task-adapted reimplementation,2026,S000174,FIVES,AMD_WET,AMD_WET,1,6.416930204977689e-07,0.9999994039535522,2.882761807043721e-09,3
HOGCNN_EFFICIENTNETB3_ADAPTED_3CLASS,PyTorch/torchvision,faithful three-class task-adapted reimplementation,2026,S000190,FIVES,AMD_WET,AMD_WET,1,0.001907451543956995,0.9980887770652771,3.6896421988785733e-06,3
HOGCNN_EFFICIENTNETB3_ADAPTED_3CLASS,PyTorch/torchvision,faithful three-class task-adapted reimplementation,2026,S000193,FIVES,AMD_WET,AMD_WET,1,6.663836393272504e-05,0.9999312162399292,2.1731696051574545e-06,3
HOGCNN_EFFICIENTNETB3_ADAPTED_3CLASS,PyTorch/torchvision,faithful three-class task-adapted reimplementation,2026,S000200,FIVES,AMD_WET,AMD_DRY,0,0.7911227345466614,0.20884989202022552,2.7442447390058078e-05,3
HOGCNN_EFFICIENTNETB3_ADAPTED_3CLASS,PyTorch/torchvision,faithful three-class task-adapted reimplementation,2026,S000201,FIVES,AMD_WET,AMD_WET,1,7.037503382889554e-05,0.9999295473098755,1.2851627673171606e-07,3
HOGCNN_EFFICIENTNETB3_ADAPTED_3CLASS,PyTorch/torchvision,faithful three-class task-adapted reimplementation,2026,S000204,FIVES,AMD_WET,AMD_WET,1,0.004621579777449369,0.9950775504112244,0.0003008561034221202,3
HOGCNN_EFFICIENTNETB3_ADAPTED_3CLASS,PyTorch/torchvision,faithful three-class task-adapted reimplementation,2026,S000207,FIVES,AMD_WET,AMD_WET,1,0.0007935023750178516,0.9992042183876038,2.2923172764421906e-06,3
HOGCNN_EFFICIENTNETB3_ADAPTED_3CLASS,PyTorch/torchvision,faithful three-class task-adapted reimplementation,2026,S000208,FIVES,AMD_WET,AMD_DRY,0,0.9820666313171387,0.007591916713863611,0.010341360233724117,3
HOGCNN_EFFICIENTNETB3_ADAPTED_3CLASS,PyTorch/torchvision,faithful three-class task-adapted reimplementation,2026,S000213,FIVES,AMD_WET,AMD_WET,1,9.93767272916557e-08,0.9999998807907104,3.0132258910242626e-09,3
HOGCNN_EFFICIENTNETB3_ADAPTED_3CLASS,PyTorch/torchvision,faithful three-class task-adapted reimplementation,2026,S000216,FIVES,AMD_WET,AMD_WET,1,5.064562991208277e-09,1.0,6.831841949800355e-12,3
HOGCNN_EFFICIENTNETB3_ADAPTED_3CLASS,PyTorch/torchvision,faithful three-class task-adapted reimplementation,2026,S000220,FIVES,AMD_WET,AMD_WET,1,5.8527411965769716e-06,0.9999940395355225,1.4943387327548407e-07,3
HOGCNN_EFFICIENTNETB3_ADAPTED_3CLASS,PyTorch/torchvision,faithful three-class task-adapted reimplementation,2026,S000239,ODIR,NORMAL,NORMAL,1,0.0008768151164986193,6.228362508409191e-06,0.9991169571876526,3
HOGCNN_EFFICIENTNETB3_ADAPTED_3CLASS,PyTorch/torchvision,faithful three-class task-adapted reimplementation,2026,S000251,ODIR,NORMAL,NORMAL,1,0.0012335795909166336,5.635567958961474e-06,0.9987608194351196,3
HOGCNN_EFFICIENTNETB3_ADAPTED_3CLASS,PyTorch/torchvision,faithful three-class task-adapted reimplementation,2026,S000257,ODIR,NORMAL,NORMAL,1,0.00010085703252116218,1.7127146065831766e-06,0.9998974800109863,3
HOGCNN_EFFICIENTNETB3_ADAPTED_3CLASS,PyTorch/torchvision,faithful three-class task-adapted reimplementation,2026,S000263,ODIR,NORMAL,NORMAL,1,0.0013097826158627868,4.406192965689115e-05,0.9986461997032166,3
HOGCNN_EFFICIENTNETB3_ADAPTED_3CLASS,PyTorch/torchvision,faithful three-class task-adapted reimplementation,2026,S000270,ODIR,NORMAL,NORMAL,1,7.88557663327083e-05,2.0482457330217585e-06,0.999919056892395,3
HOGCNN_EFFICIENTNETB3_ADAPTED_3CLASS,PyTorch/torchvision,faithful three-class task-adapted reimplementation,2026,S000273,ODIR,NORMAL,NORMAL,1,0.0006492739776149392,5.56275199414813e-06,0.9993451237678528,3
HOGCNN_EFFICIENTNETB3_ADAPTED_3CLASS,PyTorch/torchvision,faithful three-class task-adapted reimplementation,2026,S000277,ODIR,NORMAL,NORMAL,1,0.0016239595133811235,1.8578000890556723e-05,0.9983574748039246,3
HOGCNN_EFFICIENTNETB3_ADAPTED_3CLASS,PyTorch/torchvision,faithful three-class task-adapted reimplementation,2026,S000278,ODIR,NORMAL,NORMAL,1,4.7427900426555425e-05,1.4617148735851515e-05,0.999937891960144,3
HOGCNN_EFFICIENTNETB3_ADAPTED_3CLASS,PyTorch/torchvision,faithful three-class task-adapted reimplementation,2026,S000296,ODIR,NORMAL,NORMAL,1,0.0007002307684160769,3.348955215187743e-05,0.9992663264274597,3
HOGCNN_EFFICIENTNETB3_ADAPTED_3CLASS,PyTorch/torchvision,faithful three-class task-adapted reimplementation,2026,S000301,ODIR,NORMAL,NORMAL,1,0.002438016701489687,0.00010054627637146041,0.9974613189697266,3
HOGCNN_EFFICIENTNETB3_ADAPTED_3CLASS,PyTorch/torchvision,faithful three-class task-adapted reimplementation,2026,S000306,ODIR,NORMAL,NORMAL,1,0.0007403709460049868,7.497578735637944e-06,0.9992521405220032,3
HOGCNN_EFFICIENTNETB3_ADAPTED_3CLASS,PyTorch/torchvision,faithful three-class task-adapted reimplementation,2026,S000308,ODIR,NORMAL,NORMAL,1,0.0023886258713901043,2.943959589174483e-05,0.9975818395614624,3
HOGCNN_EFFICIENTNETB3_ADAPTED_3CLASS,PyTorch/torchvision,faithful three-class task-adapted reimplementation,2026,S000319,ODIR,NORMAL,NORMAL,1,0.009094545617699623,4.59005605080165e-05,0.9908595681190491,3
HOGCNN_EFFICIENTNETB3_ADAPTED_3CLASS,PyTorch/torchvision,faithful three-class task-adapted reimplementation,2026,S000324,ODIR,NORMAL,NORMAL,1,0.032769825309515,0.000687609426677227,0.9665425419807434,3
HOGCNN_EFFICIENTNETB3_ADAPTED_3CLASS,PyTorch/torchvision,faithful three-class task-adapted reimplementation,2026,S000325,ODIR,NORMAL,NORMAL,1,0.0009081081952899694,2.1623927750624716e-05,0.9990702271461487,3
HOGCNN_EFFICIENTNETB3_ADAPTED_3CLASS,PyTorch/torchvision,faithful three-class task-adapted reimplementation,2026,S000328,ODIR,NORMAL,NORMAL,1,0.0005596486153081059,2.2243050352699356e-06,0.9994381070137024,3
HOGCNN_EFFICIENTNETB3_ADAPTED_3CLASS,PyTorch/torchvision,faithful three-class task-adapted reimplementation,2026,S000331,ODIR,NORMAL,NORMAL,1,0.0009243699023500085,0.0014498316450044513,0.9976257681846619,3
HOGCNN_EFFICIENTNETB3_ADAPTED_3CLASS,PyTorch/torchvision,faithful three-class task-adapted reimplementation,2026,S000334,ODIR,NORMAL,NORMAL,1,1.0022258720709942e-05,9.060609954758547e-06,0.9999809265136719,3
HOGCNN_EFFICIENTNETB3_ADAPTED_3CLASS,PyTorch/torchvision,faithful three-class task-adapted reimplementation,2026,S000338,ODIR,NORMAL,NORMAL,1,4.6997927711345255e-05,7.072453627188224e-06,0.9999459981918335,3
HOGCNN_EFFICIENTNETB3_ADAPTED_3CLASS,PyTorch/torchvision,faithful three-class task-adapted reimplementation,2026,S000339,ODIR,NORMAL,NORMAL,1,5.2884894103044644e-05,9.728787517815363e-06,0.9999372959136963,3
HOGCNN_EFFICIENTNETB3_ADAPTED_3CLASS,PyTorch/torchvision,faithful three-class task-adapted reimplementation,2026,S000342,ODIR,NORMAL,NORMAL,1,0.00020976945233996958,5.690038051398005e-06,0.999784529209137,3
HOGCNN_EFFICIENTNETB3_ADAPTED_3CLASS,PyTorch/torchvision,faithful three-class task-adapted reimplementation,2026,S000348,ODIR,NORMAL,NORMAL,1,0.001919255475513637,9.53174676396884e-05,0.9979854822158813,3
HOGCNN_EFFICIENTNETB3_ADAPTED_3CLASS,PyTorch/torchvision,faithful three-class task-adapted reimplementation,2026,S000354,ODIR,NORMAL,NORMAL,1,0.001379132503643632,5.5388365581166e-05,0.9985654950141907,3
HOGCNN_EFFICIENTNETB3_ADAPTED_3CLASS,PyTorch/torchvision,faithful three-class task-adapted reimplementation,2026,S000357,ODIR,NORMAL,NORMAL,1,4.3347925384296104e-05,1.0061474995382014e-06,0.9999556541442871,3
HOGCNN_EFFICIENTNETB3_ADAPTED_3CLASS,PyTorch/torchvision,faithful three-class task-adapted reimplementation,2026,S000362,ODIR,NORMAL,NORMAL,1,0.002397614996880293,4.3471689423313364e-05,0.9975588321685791,3
HOGCNN_EFFICIENTNETB3_ADAPTED_3CLASS,PyTorch/torchvision,faithful three-class task-adapted reimplementation,2026,S000367,ODIR,AMD_DRY,AMD_WET,0,0.179011270403862,0.82045578956604,0.0005329314735718071,3
HOGCNN_EFFICIENTNETB3_ADAPTED_3CLASS,PyTorch/torchvision,faithful three-class task-adapted reimplementation,2026,S000373,ODIR,AMD_DRY,AMD_WET,0,0.00048327932017855346,0.9995152950286865,1.470492861699313e-06,3
HOGCNN_EFFICIENTNETB3_ADAPTED_3CLASS,PyTorch/torchvision,faithful three-class task-adapted reimplementation,2026,S000375,ODIR,AMD_DRY,AMD_DRY,1,0.9950438737869263,0.004877335857599974,7.881803321652114e-05,3
HOGCNN_EFFICIENTNETB3_ADAPTED_3CLASS,PyTorch/torchvision,faithful three-class task-adapted reimplementation,2026,S000381,ODIR,AMD_DRY,AMD_DRY,1,0.9633126258850098,0.03659116104245186,9.620299533708021e-05,3
HOGCNN_EFFICIENTNETB3_ADAPTED_3CLASS,PyTorch/torchvision,faithful three-class task-adapted reimplementation,2026,S000389,ODIR,AMD_DRY,AMD_DRY,1,0.9945887327194214,0.004374602809548378,0.0010367142967879772,3
HOGCNN_EFFICIENTNETB3_ADAPTED_3CLASS,PyTorch/torchvision,faithful three-class task-adapted reimplementation,2026,S000394,ODIR,AMD_DRY,AMD_DRY,1,0.9991546869277954,0.0007885927334427834,5.6707081967033446e-05,3
HOGCNN_EFFICIENTNETB3_ADAPTED_3CLASS,PyTorch/torchvision,faithful three-class task-adapted reimplementation,2026,S000399,ODIR,AMD_DRY,AMD_WET,0,2.3950671675265767e-05,0.9999759197235107,7.222395481676358e-08,3
HOGCNN_EFFICIENTNETB3_ADAPTED_3CLASS,PyTorch/torchvision,faithful three-class task-adapted reimplementation,2026,S000411,ODIR,AMD_DRY,AMD_DRY,1,0.9998867511749268,9.038238204084337e-05,2.2889325919095427e-05,3
HOGCNN_EFFICIENTNETB3_ADAPTED_3CLASS,PyTorch/torchvision,faithful three-class task-adapted reimplementation,2026,S000412,ODIR,AMD_DRY,AMD_DRY,1,0.9501492977142334,0.048590630292892456,0.001260087825357914,3
HOGCNN_EFFICIENTNETB3_ADAPTED_3CLASS,PyTorch/torchvision,faithful three-class task-adapted reimplementation,2026,S000417,ODIR,AMD_DRY,AMD_DRY,1,0.9999123811721802,3.770864714169875e-05,4.9923695769393817e-05,3
HOGCNN_EFFICIENTNETB3_ADAPTED_3CLASS,PyTorch/torchvision,faithful three-class task-adapted reimplementation,2026,S000418,ODIR,AMD_DRY,AMD_WET,0,1.2872354204773728e-07,0.9999998807907104,6.783066330839915e-10,3
HOGCNN_EFFICIENTNETB3_ADAPTED_3CLASS,PyTorch/torchvision,faithful three-class task-adapted reimplementation,2026,S000423,ODIR,AMD_DRY,AMD_WET,0,0.0014713158598169684,0.9978419542312622,0.0006867553456686437,3
HOGCNN_EFFICIENTNETB3_ADAPTED_3CLASS,PyTorch/torchvision,faithful three-class task-adapted reimplementation,2026,S000426,ODIR,AMD_DRY,NORMAL,0,0.379449725151062,0.0005743411602452397,0.6199759244918823,3
HOGCNN_EFFICIENTNETB3_ADAPTED_3CLASS,PyTorch/torchvision,faithful three-class task-adapted reimplementation,2026,S000435,ODIR,AMD_DRY,AMD_DRY,1,0.9999110698699951,4.361939136288129e-05,4.530865408014506e-05,3
HOGCNN_EFFICIENTNETB3_ADAPTED_3CLASS,PyTorch/torchvision,faithful three-class task-adapted reimplementation,2026,S000440,ODIR,AMD_DRY,NORMAL,0,0.0012285012053325772,6.565644434886053e-05,0.9987058639526367,3
HOGCNN_EFFICIENTNETB3_ADAPTED_3CLASS,PyTorch/torchvision,faithful three-class task-adapted reimplementation,2026,S000442,ODIR,AMD_DRY,AMD_DRY,1,0.9995444416999817,0.00017956864030566067,0.0002759630442596972,3
HOGCNN_EFFICIENTNETB3_ADAPTED_3CLASS,PyTorch/torchvision,faithful three-class task-adapted reimplementation,2026,S000448,ODIR,AMD_WET,AMD_DRY,0,0.7507832050323486,0.24717441201210022,0.0020424211397767067,3
HOGCNN_EFFICIENTNETB3_ADAPTED_3CLASS,PyTorch/torchvision,faithful three-class task-adapted reimplementation,2026,S000453,ODIR,AMD_WET,AMD_DRY,0,0.9991427659988403,0.0006624401430599391,0.00019473365682642907,3
HOGCNN_EFFICIENTNETB3_ADAPTED_3CLASS,PyTorch/torchvision,faithful three-class task-adapted reimplementation,2026,S000457,ODIR,AMD_WET,AMD_WET,1,0.00012919111759401858,0.9998695850372314,1.2262496511539211e-06,3
HOGCNN_EFFICIENTNETB3_ADAPTED_3CLASS,PyTorch/torchvision,faithful three-class task-adapted reimplementation,2026,S000458,ODIR,AMD_WET,AMD_WET,1,0.004061820451170206,0.9959294199943542,8.706608241482172e-06,3
HOGCNN_EFFICIENTNETB3_ADAPTED_3CLASS,PyTorch/torchvision,faithful three-class task-adapted reimplementation,2026,S000461,ODIR,AMD_WET,AMD_WET,1,0.04313994571566582,0.9568259716033936,3.4132426662836224e-05,3
HOGCNN_EFFICIENTNETB3_ADAPTED_3CLASS,PyTorch/torchvision,faithful three-class task-adapted reimplementation,2026,S000464,ODIR,AMD_WET,AMD_WET,1,7.619289732474499e-08,0.9999998807907104,3.041053797669946e-10,3
HOGCNN_EFFICIENTNETB3_ADAPTED_3CLASS,PyTorch/torchvision,faithful three-class task-adapted reimplementation,2026,S000473,RFMID,NORMAL,NORMAL,1,9.917650459101424e-06,1.5615225947840372e-06,0.9999885559082031,3
HOGCNN_EFFICIENTNETB3_ADAPTED_3CLASS,PyTorch/torchvision,faithful three-class task-adapted reimplementation,2026,S000482,RFMID,NORMAL,NORMAL,1,0.0006413166411221027,0.00014316019951365888,0.9992154836654663,3
HOGCNN_EFFICIENTNETB3_ADAPTED_3CLASS,PyTorch/torchvision,faithful three-class task-adapted reimplementation,2026,S000497,RFMID,NORMAL,NORMAL,1,0.001083579147234559,1.07000505522592e-05,0.9989056587219238,3
HOGCNN_EFFICIENTNETB3_ADAPTED_3CLASS,PyTorch/torchvision,faithful three-class task-adapted reimplementation,2026,S000499,RFMID,NORMAL,NORMAL,1,0.010344493202865124,0.0002500865375623107,0.9894054532051086,3
HOGCNN_EFFICIENTNETB3_ADAPTED_3CLASS,PyTorch/torchvision,faithful three-class task-adapted reimplementation,2026,S000500,RFMID,NORMAL,NORMAL,1,0.010485409758985043,0.0002976452524308115,0.9892169237136841,3
HOGCNN_EFFICIENTNETB3_ADAPTED_3CLASS,PyTorch/torchvision,faithful three-class task-adapted reimplementation,2026,S000505,RFMID,NORMAL,NORMAL,1,0.00017463562835473567,3.115900108241476e-05,0.9997943043708801,3
HOGCNN_EFFICIENTNETB3_ADAPTED_3CLASS,PyTorch/torchvision,faithful three-class task-adapted reimplementation,2026,S000512,RFMID,NORMAL,NORMAL,1,3.901659056282369e-06,3.798346881467296e-07,0.9999957084655762,3
HOGCNN_EFFICIENTNETB3_ADAPTED_3CLASS,PyTorch/torchvision,faithful three-class task-adapted reimplementation,2026,S000514,RFMID,NORMAL,NORMAL,1,0.002417287090793252,0.00012606063683051616,0.9974567294120789,3
HOGCNN_EFFICIENTNETB3_ADAPTED_3CLASS,PyTorch/torchvision,faithful three-class task-adapted reimplementation,2026,S000521,RFMID,NORMAL,NORMAL,1,0.003988940268754959,0.0006072574760764837,0.9954037666320801,3
HOGCNN_EFFICIENTNETB3_ADAPTED_3CLASS,PyTorch/torchvision,faithful three-class task-adapted reimplementation,2026,S000524,RFMID,NORMAL,NORMAL,1,9.13501571631059e-06,4.407410870044259e-06,0.9999864101409912,3
HOGCNN_EFFICIENTNETB3_ADAPTED_3CLASS,PyTorch/torchvision,faithful three-class task-adapted reimplementation,2026,S000530,RFMID,NORMAL,NORMAL,1,0.0005061228293925524,0.0002892560150939971,0.999204695224762,3
HOGCNN_EFFICIENTNETB3_ADAPTED_3CLASS,PyTorch/torchvision,faithful three-class task-adapted reimplementation,2026,S000534,RFMID,NORMAL,NORMAL,1,2.8894912247778848e-05,5.364155185816344e-06,0.9999657869338989,3
HOGCNN_EFFICIENTNETB3_ADAPTED_3CLASS,PyTorch/torchvision,faithful three-class task-adapted reimplementation,2026,S000540,RFMID,AMD_DRY,AMD_WET,0,0.027844490483403206,0.9721134305000305,4.2037569073727354e-05,3
HOGCNN_EFFICIENTNETB3_ADAPTED_3CLASS,PyTorch/torchvision,faithful three-class task-adapted reimplementation,2026,S000541,RFMID,AMD_DRY,AMD_WET,0,0.04493621736764908,0.9549540877342224,0.00010967787966364995,3
HOGCNN_EFFICIENTNETB3_ADAPTED_3CLASS,PyTorch/torchvision,faithful three-class task-adapted reimplementation,2026,S000544,RFMID,AMD_WET,AMD_WET,1,0.0006488657090812922,0.99934321641922,7.932336302474141e-06,3
HOGCNN_EFFICIENTNETB3_ADAPTED_3CLASS,PyTorch/torchvision,faithful three-class task-adapted reimplementation,2026,S000546,RFMID,AMD_WET,AMD_WET,1,3.4296012696444222e-09,1.0,1.15294206473604e-11,3
HOGCNN_EFFICIENTNETB3_ADAPTED_3CLASS,PyTorch/torchvision,faithful three-class task-adapted reimplementation,2026,S000549,RFMID,AMD_WET,AMD_WET,1,4.950489795874091e-09,1.0,3.669490405977527e-11,3
HOGCNN_EFFICIENTNETB3_ADAPTED_3CLASS,PyTorch/torchvision,faithful three-class task-adapted reimplementation,2026,S000560,RFMID,AMD_WET,AMD_WET,1,1.0320550245523918e-06,0.999998927116394,2.487769767967052e-09,3
HOGCNN_EFFICIENTNETB3_ADAPTED_3CLASS,PyTorch/torchvision,faithful three-class task-adapted reimplementation,2026,S000561,RFMID,AMD_WET,AMD_WET,1,5.954069182134702e-11,1.0,8.949400465488311e-13,3
HOGCNN_EFFICIENTNETB3_ADAPTED_3CLASS,PyTorch/torchvision,faithful three-class task-adapted reimplementation,2026,S000562,RFMID,AMD_WET,AMD_WET,1,0.1402086764574051,0.8589996099472046,0.0007916965987533331,3
HOGCNN_EFFICIENTNETB3_ADAPTED_3CLASS,PyTorch/torchvision,faithful three-class task-adapted reimplementation,2026,S000563,RFMID,AMD_WET,AMD_WET,1,9.749453056429047e-06,0.9999896287918091,6.358520749927266e-07,3
HOGCNN_EFFICIENTNETB3_ADAPTED_3CLASS,PyTorch/torchvision,faithful three-class task-adapted reimplementation,2026,S000564,RFMID,AMD_WET,AMD_DRY,0,0.9797810316085815,0.013369215652346611,0.00684978486970067,3
HOGCNN_EFFICIENTNETB3_ADAPTED_3CLASS,PyTorch/torchvision,faithful three-class task-adapted reimplementation,2026,S000569,RFMID,AMD_WET,AMD_WET,1,8.333323648912483e-07,0.9999990463256836,1.5670504183162848e-07,3
HOGCNN_EFFICIENTNETB3_ADAPTED_3CLASS,PyTorch/torchvision,faithful three-class task-adapted reimplementation,2026,S000593,RFMID,AMD_WET,AMD_WET,1,3.989101410306617e-11,1.0,7.479268398190297e-14,3
HOGCNN_EFFICIENTNETB3_ADAPTED_3CLASS,PyTorch/torchvision,faithful three-class task-adapted reimplementation,2026,S000596,RFMID,AMD_WET,AMD_WET,1,9.749752116761101e-09,1.0,5.975307054706391e-12,3
HOGCNN_EFFICIENTNETB3_ADAPTED_3CLASS,PyTorch/torchvision,faithful three-class task-adapted reimplementation,2026,S000001,ADAM,AMD_DRY,AMD_DRY,1,0.9047600626945496,0.060422852635383606,0.034817080944776535,4
HOGCNN_EFFICIENTNETB3_ADAPTED_3CLASS,PyTorch/torchvision,faithful three-class task-adapted reimplementation,2026,S000015,ADAM,AMD_DRY,AMD_DRY,1,0.9995755553245544,0.000402567588025704,2.1973846742184833e-05,4
HOGCNN_EFFICIENTNETB3_ADAPTED_3CLASS,PyTorch/torchvision,faithful three-class task-adapted reimplementation,2026,S000018,ADAM,AMD_DRY,AMD_DRY,1,0.996121346950531,0.0022654994390904903,0.001613144064322114,4
HOGCNN_EFFICIENTNETB3_ADAPTED_3CLASS,PyTorch/torchvision,faithful three-class task-adapted reimplementation,2026,S000021,ADAM,AMD_DRY,AMD_DRY,1,0.9960156083106995,0.0007263533188961446,0.0032580585684627295,4
HOGCNN_EFFICIENTNETB3_ADAPTED_3CLASS,PyTorch/torchvision,faithful three-class task-adapted reimplementation,2026,S000023,ADAM,AMD_DRY,AMD_WET,0,0.04085956886410713,0.9590871930122375,5.324781886884011e-05,4
HOGCNN_EFFICIENTNETB3_ADAPTED_3CLASS,PyTorch/torchvision,faithful three-class task-adapted reimplementation,2026,S000024,ADAM,AMD_DRY,AMD_DRY,1,0.9991839528083801,0.000565254595130682,0.0002507386088836938,4
HOGCNN_EFFICIENTNETB3_ADAPTED_3CLASS,PyTorch/torchvision,faithful three-class task-adapted reimplementation,2026,S000030,ADAM,AMD_DRY,NORMAL,0,7.23841876606457e-05,1.212046186083171e-06,0.9999264478683472,4
HOGCNN_EFFICIENTNETB3_ADAPTED_3CLASS,PyTorch/torchvision,faithful three-class task-adapted reimplementation,2026,S000041,ADAM,AMD_WET,AMD_WET,1,4.0390332856077293e-08,1.0,2.6365444549814043e-11,4
HOGCNN_EFFICIENTNETB3_ADAPTED_3CLASS,PyTorch/torchvision,faithful three-class task-adapted reimplementation,2026,S000042,ADAM,AMD_WET,AMD_WET,1,1.507947757772854e-07,0.9999998807907104,5.893083798724774e-10,4
HOGCNN_EFFICIENTNETB3_ADAPTED_3CLASS,PyTorch/torchvision,faithful three-class task-adapted reimplementation,2026,S000043,ADAM,AMD_WET,AMD_WET,1,4.032167737477721e-07,0.9999996423721313,3.4848893215588816e-10,4
HOGCNN_EFFICIENTNETB3_ADAPTED_3CLASS,PyTorch/torchvision,faithful three-class task-adapted reimplementation,2026,S000053,FIVES,NORMAL,NORMAL,1,2.0833503810990806e-07,7.192755280271967e-10,0.9999997615814209,4
HOGCNN_EFFICIENTNETB3_ADAPTED_3CLASS,PyTorch/torchvision,faithful three-class task-adapted reimplementation,2026,S000057,FIVES,NORMAL,NORMAL,1,2.124210595866316e-06,6.687456277632009e-08,0.9999977350234985,4
HOGCNN_EFFICIENTNETB3_ADAPTED_3CLASS,PyTorch/torchvision,faithful three-class task-adapted reimplementation,2026,S000065,FIVES,NORMAL,NORMAL,1,2.915905133704655e-05,4.0970340364765434e-07,0.9999704360961914,4
HOGCNN_EFFICIENTNETB3_ADAPTED_3CLASS,PyTorch/torchvision,faithful three-class task-adapted reimplementation,2026,S000066,FIVES,NORMAL,NORMAL,1,4.500611794355791e-06,3.592641562022436e-08,0.9999954700469971,4
HOGCNN_EFFICIENTNETB3_ADAPTED_3CLASS,PyTorch/torchvision,faithful three-class task-adapted reimplementation,2026,S000067,FIVES,NORMAL,NORMAL,1,8.961966159404255e-06,9.46682305880131e-08,0.9999909400939941,4
HOGCNN_EFFICIENTNETB3_ADAPTED_3CLASS,PyTorch/torchvision,faithful three-class task-adapted reimplementation,2026,S000074,FIVES,NORMAL,NORMAL,1,1.3971465477879974e-06,7.311512284502442e-09,0.9999985694885254,4
HOGCNN_EFFICIENTNETB3_ADAPTED_3CLASS,PyTorch/torchvision,faithful three-class task-adapted reimplementation,2026,S000077,FIVES,NORMAL,NORMAL,1,3.5532859783415915e-06,2.55746961386194e-08,0.9999964237213135,4
HOGCNN_EFFICIENTNETB3_ADAPTED_3CLASS,PyTorch/torchvision,faithful three-class task-adapted reimplementation,2026,S000081,FIVES,NORMAL,NORMAL,1,4.1759508917493804e-07,1.7879003832987905e-09,0.9999995231628418,4
HOGCNN_EFFICIENTNETB3_ADAPTED_3CLASS,PyTorch/torchvision,faithful three-class task-adapted reimplementation,2026,S000084,FIVES,NORMAL,NORMAL,1,1.2311548402976769e-07,3.9376685245784415e-10,0.9999998807907104,4
HOGCNN_EFFICIENTNETB3_ADAPTED_3CLASS,PyTorch/torchvision,faithful three-class task-adapted reimplementation,2026,S000089,FIVES,NORMAL,NORMAL,1,0.0001124925329349935,1.8894587583417888e-06,0.9998855590820312,4
HOGCNN_EFFICIENTNETB3_ADAPTED_3CLASS,PyTorch/torchvision,faithful three-class task-adapted reimplementation,2026,S000094,FIVES,NORMAL,NORMAL,1,4.351088136900216e-06,3.5177826873677986e-08,0.9999957084655762,4
HOGCNN_EFFICIENTNETB3_ADAPTED_3CLASS,PyTorch/torchvision,faithful three-class task-adapted reimplementation,2026,S000100,FIVES,NORMAL,NORMAL,1,1.0893066928474582e-06,5.6880589127672465e-09,0.999998927116394,4
HOGCNN_EFFICIENTNETB3_ADAPTED_3CLASS,PyTorch/torchvision,faithful three-class task-adapted reimplementation,2026,S000108,FIVES,NORMAL,NORMAL,1,6.698979291286378e-07,3.183637131698447e-09,0.9999992847442627,4
HOGCNN_EFFICIENTNETB3_ADAPTED_3CLASS,PyTorch/torchvision,faithful three-class task-adapted reimplementation,2026,S000110,FIVES,NORMAL,NORMAL,1,1.6759908248786815e-05,2.160827108355079e-07,0.9999829530715942,4
HOGCNN_EFFICIENTNETB3_ADAPTED_3CLASS,PyTorch/torchvision,faithful three-class task-adapted reimplementation,2026,S000120,FIVES,NORMAL,NORMAL,1,6.97303403285332e-06,1.5868407388097694e-07,0.9999929666519165,4
HOGCNN_EFFICIENTNETB3_ADAPTED_3CLASS,PyTorch/torchvision,faithful three-class task-adapted reimplementation,2026,S000122,FIVES,NORMAL,NORMAL,1,8.802911906968802e-06,8.171862475592206e-08,0.9999910593032837,4
HOGCNN_EFFICIENTNETB3_ADAPTED_3CLASS,PyTorch/torchvision,faithful three-class task-adapted reimplementation,2026,S000131,FIVES,NORMAL,NORMAL,1,1.7228412616532296e-05,2.5946931714315724e-07,0.999982476234436,4
HOGCNN_EFFICIENTNETB3_ADAPTED_3CLASS,PyTorch/torchvision,faithful three-class task-adapted reimplementation,2026,S000135,FIVES,NORMAL,NORMAL,1,2.6670522856875323e-05,7.512116440011596e-07,0.9999725818634033,4
HOGCNN_EFFICIENTNETB3_ADAPTED_3CLASS,PyTorch/torchvision,faithful three-class task-adapted reimplementation,2026,S000146,FIVES,NORMAL,NORMAL,1,0.00012998463353142142,2.5040333184733754e-06,0.9998674392700195,4
HOGCNN_EFFICIENTNETB3_ADAPTED_3CLASS,PyTorch/torchvision,faithful three-class task-adapted reimplementation,2026,S000149,FIVES,NORMAL,NORMAL,1,9.239706173502782e-07,5.56741364121649e-09,0.9999990463256836,4
HOGCNN_EFFICIENTNETB3_ADAPTED_3CLASS,PyTorch/torchvision,faithful three-class task-adapted reimplementation,2026,S000158,FIVES,AMD_DRY,AMD_DRY,1,0.9976092576980591,0.0018668684642761946,0.0005238679004833102,4
HOGCNN_EFFICIENTNETB3_ADAPTED_3CLASS,PyTorch/torchvision,faithful three-class task-adapted reimplementation,2026,S000159,FIVES,AMD_DRY,AMD_DRY,1,0.9998379945755005,0.00015424226876348257,7.760993867123034e-06,4
HOGCNN_EFFICIENTNETB3_ADAPTED_3CLASS,PyTorch/torchvision,faithful three-class task-adapted reimplementation,2026,S000162,FIVES,AMD_DRY,AMD_DRY,1,0.9980911612510681,0.0016006577061489224,0.00030811349279247224,4
HOGCNN_EFFICIENTNETB3_ADAPTED_3CLASS,PyTorch/torchvision,faithful three-class task-adapted reimplementation,2026,S000177,FIVES,AMD_WET,AMD_WET,1,6.233149633771973e-06,0.9999936819076538,3.5046625157519884e-08,4
HOGCNN_EFFICIENTNETB3_ADAPTED_3CLASS,PyTorch/torchvision,faithful three-class task-adapted reimplementation,2026,S000179,FIVES,AMD_WET,AMD_DRY,0,0.682637095451355,0.063596710562706,0.2537662386894226,4
HOGCNN_EFFICIENTNETB3_ADAPTED_3CLASS,PyTorch/torchvision,faithful three-class task-adapted reimplementation,2026,S000182,FIVES,AMD_WET,AMD_WET,1,0.03643178194761276,0.9632353782653809,0.0003327755257487297,4
HOGCNN_EFFICIENTNETB3_ADAPTED_3CLASS,PyTorch/torchvision,faithful three-class task-adapted reimplementation,2026,S000185,FIVES,AMD_WET,AMD_WET,1,2.078660780692942e-15,1.0,3.6462040621980765e-21,4
HOGCNN_EFFICIENTNETB3_ADAPTED_3CLASS,PyTorch/torchvision,faithful three-class task-adapted reimplementation,2026,S000187,FIVES,AMD_WET,AMD_WET,1,0.0019149810541421175,0.9980812072753906,3.81588733944227e-06,4
HOGCNN_EFFICIENTNETB3_ADAPTED_3CLASS,PyTorch/torchvision,faithful three-class task-adapted reimplementation,2026,S000189,FIVES,AMD_WET,AMD_WET,1,5.227987003308954e-06,0.9999947547912598,2.226621331757883e-09,4
HOGCNN_EFFICIENTNETB3_ADAPTED_3CLASS,PyTorch/torchvision,faithful three-class task-adapted reimplementation,2026,S000192,FIVES,AMD_WET,NORMAL,0,0.004131766501814127,0.0004019865009468049,0.9954662322998047,4
HOGCNN_EFFICIENTNETB3_ADAPTED_3CLASS,PyTorch/torchvision,faithful three-class task-adapted reimplementation,2026,S000203,FIVES,AMD_WET,AMD_WET,1,4.959713987773284e-05,0.9999492168426514,1.1891359008586733e-06,4
HOGCNN_EFFICIENTNETB3_ADAPTED_3CLASS,PyTorch/torchvision,faithful three-class task-adapted reimplementation,2026,S000212,FIVES,AMD_WET,AMD_WET,1,5.718895135231605e-09,1.0,3.5129761512958657e-12,4
HOGCNN_EFFICIENTNETB3_ADAPTED_3CLASS,PyTorch/torchvision,faithful three-class task-adapted reimplementation,2026,S000218,FIVES,AMD_WET,AMD_WET,1,0.0006934207049198449,0.9992974996566772,9.075787602341734e-06,4
HOGCNN_EFFICIENTNETB3_ADAPTED_3CLASS,PyTorch/torchvision,faithful three-class task-adapted reimplementation,2026,S000224,FIVES,AMD_WET,AMD_WET,1,2.1667085093213245e-05,0.9999783039093018,1.9060188094499608e-08,4
HOGCNN_EFFICIENTNETB3_ADAPTED_3CLASS,PyTorch/torchvision,faithful three-class task-adapted reimplementation,2026,S000225,FIVES,AMD_WET,AMD_WET,1,9.671705925029528e-08,0.9999998807907104,1.0512488102243367e-10,4
HOGCNN_EFFICIENTNETB3_ADAPTED_3CLASS,PyTorch/torchvision,faithful three-class task-adapted reimplementation,2026,S000227,FIVES,AMD_WET,AMD_WET,1,0.0011566953035071492,0.998835027217865,8.301248271891382e-06,4
HOGCNN_EFFICIENTNETB3_ADAPTED_3CLASS,PyTorch/torchvision,faithful three-class task-adapted reimplementation,2026,S000234,FIVES,AMD_WET,AMD_WET,1,3.7102374506048363e-08,1.0,4.059191871519374e-11,4
HOGCNN_EFFICIENTNETB3_ADAPTED_3CLASS,PyTorch/torchvision,faithful three-class task-adapted reimplementation,2026,S000242,ODIR,NORMAL,NORMAL,1,4.598046143655665e-05,4.516122089626151e-07,0.9999535083770752,4
HOGCNN_EFFICIENTNETB3_ADAPTED_3CLASS,PyTorch/torchvision,faithful three-class task-adapted reimplementation,2026,S000243,ODIR,NORMAL,NORMAL,1,7.129867753974395e-06,6.088539095117085e-08,0.9999927282333374,4
HOGCNN_EFFICIENTNETB3_ADAPTED_3CLASS,PyTorch/torchvision,faithful three-class task-adapted reimplementation,2026,S000245,ODIR,NORMAL,NORMAL,1,1.537736170575954e-05,1.6231479094130918e-07,0.9999845027923584,4
HOGCNN_EFFICIENTNETB3_ADAPTED_3CLASS,PyTorch/torchvision,faithful three-class task-adapted reimplementation,2026,S000246,ODIR,NORMAL,NORMAL,1,8.53922392707318e-06,7.819227931804562e-08,0.9999912977218628,4
HOGCNN_EFFICIENTNETB3_ADAPTED_3CLASS,PyTorch/torchvision,faithful three-class task-adapted reimplementation,2026,S000247,ODIR,NORMAL,NORMAL,1,1.3750574908044655e-05,1.1360307183849727e-07,0.9999861717224121,4
HOGCNN_EFFICIENTNETB3_ADAPTED_3CLASS,PyTorch/torchvision,faithful three-class task-adapted reimplementation,2026,S000248,ODIR,NORMAL,NORMAL,1,6.680792012048187e-06,4.608416048768049e-08,0.9999933242797852,4
HOGCNN_EFFICIENTNETB3_ADAPTED_3CLASS,PyTorch/torchvision,faithful three-class task-adapted reimplementation,2026,S000249,ODIR,NORMAL,NORMAL,1,5.079830771137495e-06,4.189451630054464e-08,0.9999948740005493,4
HOGCNN_EFFICIENTNETB3_ADAPTED_3CLASS,PyTorch/torchvision,faithful three-class task-adapted reimplementation,2026,S000253,ODIR,NORMAL,NORMAL,1,2.4493205273756757e-05,2.82226267245278e-07,0.999975323677063,4
HOGCNN_EFFICIENTNETB3_ADAPTED_3CLASS,PyTorch/torchvision,faithful three-class task-adapted reimplementation,2026,S000269,ODIR,NORMAL,NORMAL,1,0.00014402359374798834,2.8221020329510793e-06,0.9998531341552734,4
HOGCNN_EFFICIENTNETB3_ADAPTED_3CLASS,PyTorch/torchvision,faithful three-class task-adapted reimplementation,2026,S000283,ODIR,NORMAL,NORMAL,1,0.00031500429031439126,4.3976374399790075e-06,0.9996806383132935,4
HOGCNN_EFFICIENTNETB3_ADAPTED_3CLASS,PyTorch/torchvision,faithful three-class task-adapted reimplementation,2026,S000285,ODIR,NORMAL,NORMAL,1,2.3057704368056875e-07,8.812849339179252e-10,0.9999997615814209,4
HOGCNN_EFFICIENTNETB3_ADAPTED_3CLASS,PyTorch/torchvision,faithful three-class task-adapted reimplementation,2026,S000286,ODIR,NORMAL,NORMAL,1,5.68247378396336e-05,7.240556669785292e-07,0.999942421913147,4
HOGCNN_EFFICIENTNETB3_ADAPTED_3CLASS,PyTorch/torchvision,faithful three-class task-adapted reimplementation,2026,S000292,ODIR,NORMAL,NORMAL,1,5.976025363452209e-07,2.2184922787715777e-09,0.9999994039535522,4
HOGCNN_EFFICIENTNETB3_ADAPTED_3CLASS,PyTorch/torchvision,faithful three-class task-adapted reimplementation,2026,S000299,ODIR,NORMAL,NORMAL,1,1.238049844687339e-05,1.457758429523892e-07,0.9999874830245972,4
HOGCNN_EFFICIENTNETB3_ADAPTED_3CLASS,PyTorch/torchvision,faithful three-class task-adapted reimplementation,2026,S000302,ODIR,NORMAL,NORMAL,1,1.756854726409074e-05,1.6856733964232262e-07,0.9999823570251465,4
HOGCNN_EFFICIENTNETB3_ADAPTED_3CLASS,PyTorch/torchvision,faithful three-class task-adapted reimplementation,2026,S000309,ODIR,NORMAL,NORMAL,1,1.3108991652188706e-06,6.798047458289602e-09,0.9999986886978149,4
HOGCNN_EFFICIENTNETB3_ADAPTED_3CLASS,PyTorch/torchvision,faithful three-class task-adapted reimplementation,2026,S000314,ODIR,NORMAL,NORMAL,1,6.034680154698435e-06,1.2992424558433413e-07,0.9999938011169434,4
HOGCNN_EFFICIENTNETB3_ADAPTED_3CLASS,PyTorch/torchvision,faithful three-class task-adapted reimplementation,2026,S000316,ODIR,NORMAL,NORMAL,1,1.273779616894899e-06,8.650007821131567e-09,0.9999986886978149,4
HOGCNN_EFFICIENTNETB3_ADAPTED_3CLASS,PyTorch/torchvision,faithful three-class task-adapted reimplementation,2026,S000323,ODIR,NORMAL,NORMAL,1,1.8920771253760904e-05,4.5937304093968123e-07,0.9999805688858032,4
HOGCNN_EFFICIENTNETB3_ADAPTED_3CLASS,PyTorch/torchvision,faithful three-class task-adapted reimplementation,2026,S000330,ODIR,NORMAL,NORMAL,1,0.001112078782171011,8.385133696720004e-06,0.998879611492157,4
HOGCNN_EFFICIENTNETB3_ADAPTED_3CLASS,PyTorch/torchvision,faithful three-class task-adapted reimplementation,2026,S000336,ODIR,NORMAL,NORMAL,1,3.5489040328684496e-06,2.50437039994722e-08,0.9999964237213135,4
HOGCNN_EFFICIENTNETB3_ADAPTED_3CLASS,PyTorch/torchvision,faithful three-class task-adapted reimplementation,2026,S000337,ODIR,NORMAL,NORMAL,1,0.0002885805442929268,4.984246061212616e-06,0.9997064471244812,4
HOGCNN_EFFICIENTNETB3_ADAPTED_3CLASS,PyTorch/torchvision,faithful three-class task-adapted reimplementation,2026,S000353,ODIR,NORMAL,NORMAL,1,0.0001692128716968,4.365474978840211e-06,0.9998263716697693,4
HOGCNN_EFFICIENTNETB3_ADAPTED_3CLASS,PyTorch/torchvision,faithful three-class task-adapted reimplementation,2026,S000360,ODIR,NORMAL,NORMAL,1,2.5359659048262984e-06,1.4474059284452778e-08,0.9999974966049194,4
HOGCNN_EFFICIENTNETB3_ADAPTED_3CLASS,PyTorch/torchvision,faithful three-class task-adapted reimplementation,2026,S000363,ODIR,NORMAL,NORMAL,1,1.0411277798993979e-05,9.227848352111323e-08,0.9999895095825195,4
HOGCNN_EFFICIENTNETB3_ADAPTED_3CLASS,PyTorch/torchvision,faithful three-class task-adapted reimplementation,2026,S000364,ODIR,AMD_DRY,AMD_DRY,1,0.9994899034500122,0.0004485423560254276,6.147597741801292e-05,4
HOGCNN_EFFICIENTNETB3_ADAPTED_3CLASS,PyTorch/torchvision,faithful three-class task-adapted reimplementation,2026,S000365,ODIR,AMD_DRY,AMD_DRY,1,0.9978589415550232,0.0016282283468171954,0.0005128438933752477,4
HOGCNN_EFFICIENTNETB3_ADAPTED_3CLASS,PyTorch/torchvision,faithful three-class task-adapted reimplementation,2026,S000371,ODIR,AMD_DRY,AMD_DRY,1,0.9985384941101074,0.0011987678008154035,0.00026268919464200735,4
HOGCNN_EFFICIENTNETB3_ADAPTED_3CLASS,PyTorch/torchvision,faithful three-class task-adapted reimplementation,2026,S000372,ODIR,AMD_DRY,AMD_WET,0,0.004091358277946711,0.9958964586257935,1.2216873983561527e-05,4
HOGCNN_EFFICIENTNETB3_ADAPTED_3CLASS,PyTorch/torchvision,faithful three-class task-adapted reimplementation,2026,S000391,ODIR,AMD_DRY,AMD_DRY,1,0.9813598394393921,0.01837354525923729,0.0002665979554876685,4
HOGCNN_EFFICIENTNETB3_ADAPTED_3CLASS,PyTorch/torchvision,faithful three-class task-adapted reimplementation,2026,S000392,ODIR,AMD_DRY,AMD_DRY,1,0.9986829161643982,0.001203041640110314,0.00011404205724829808,4
HOGCNN_EFFICIENTNETB3_ADAPTED_3CLASS,PyTorch/torchvision,faithful three-class task-adapted reimplementation,2026,S000395,ODIR,AMD_DRY,AMD_WET,0,4.842403359361924e-05,0.9999514818191528,1.1498469376647336e-07,4
HOGCNN_EFFICIENTNETB3_ADAPTED_3CLASS,PyTorch/torchvision,faithful three-class task-adapted reimplementation,2026,S000396,ODIR,AMD_DRY,AMD_DRY,1,0.9989186525344849,0.0009532019612379372,0.0001281695149373263,4
HOGCNN_EFFICIENTNETB3_ADAPTED_3CLASS,PyTorch/torchvision,faithful three-class task-adapted reimplementation,2026,S000398,ODIR,AMD_DRY,AMD_DRY,1,0.9993835687637329,0.00047923997044563293,0.00013716031389776617,4
HOGCNN_EFFICIENTNETB3_ADAPTED_3CLASS,PyTorch/torchvision,faithful three-class task-adapted reimplementation,2026,S000404,ODIR,AMD_DRY,AMD_WET,0,0.3523200452327728,0.6476487517356873,3.126250157947652e-05,4
HOGCNN_EFFICIENTNETB3_ADAPTED_3CLASS,PyTorch/torchvision,faithful three-class task-adapted reimplementation,2026,S000406,ODIR,AMD_DRY,AMD_WET,0,0.0002273105492349714,0.9997722506523132,4.582478823067504e-07,4
HOGCNN_EFFICIENTNETB3_ADAPTED_3CLASS,PyTorch/torchvision,faithful three-class task-adapted reimplementation,2026,S000407,ODIR,AMD_DRY,AMD_DRY,1,0.942865788936615,0.05625428259372711,0.0008799415081739426,4
HOGCNN_EFFICIENTNETB3_ADAPTED_3CLASS,PyTorch/torchvision,faithful three-class task-adapted reimplementation,2026,S000409,ODIR,AMD_DRY,AMD_DRY,1,0.9988842606544495,0.0010682902066037059,4.753343091579154e-05,4
HOGCNN_EFFICIENTNETB3_ADAPTED_3CLASS,PyTorch/torchvision,faithful three-class task-adapted reimplementation,2026,S000424,ODIR,AMD_DRY,AMD_WET,0,0.002374757546931505,0.9975996613502502,2.5613218895159662e-05,4
HOGCNN_EFFICIENTNETB3_ADAPTED_3CLASS,PyTorch/torchvision,faithful three-class task-adapted reimplementation,2026,S000428,ODIR,AMD_DRY,NORMAL,0,0.025632990524172783,0.0023041400127112865,0.972062885761261,4
HOGCNN_EFFICIENTNETB3_ADAPTED_3CLASS,PyTorch/torchvision,faithful three-class task-adapted reimplementation,2026,S000434,ODIR,AMD_DRY,AMD_DRY,1,0.9819642305374146,0.015588154084980488,0.0024475990794599056,4
HOGCNN_EFFICIENTNETB3_ADAPTED_3CLASS,PyTorch/torchvision,faithful three-class task-adapted reimplementation,2026,S000445,ODIR,AMD_WET,AMD_WET,1,0.11425181478261948,0.8855593800544739,0.0001888169936137274,4
HOGCNN_EFFICIENTNETB3_ADAPTED_3CLASS,PyTorch/torchvision,faithful three-class task-adapted reimplementation,2026,S000456,ODIR,AMD_WET,AMD_WET,1,5.305256234322542e-10,1.0,2.612970942590144e-14,4
HOGCNN_EFFICIENTNETB3_ADAPTED_3CLASS,PyTorch/torchvision,faithful three-class task-adapted reimplementation,2026,S000463,ODIR,AMD_WET,AMD_WET,1,2.549402244866883e-09,1.0,3.23168981809438e-13,4
HOGCNN_EFFICIENTNETB3_ADAPTED_3CLASS,PyTorch/torchvision,faithful three-class task-adapted reimplementation,2026,S000466,ODIR,AMD_WET,AMD_WET,1,1.3851902167516528e-06,0.9999985694885254,1.9629222691719406e-09,4
HOGCNN_EFFICIENTNETB3_ADAPTED_3CLASS,PyTorch/torchvision,faithful three-class task-adapted reimplementation,2026,S000468,ODIR,AMD_WET,AMD_WET,1,3.066968207177112e-11,1.0,5.73122736199699e-15,4
HOGCNN_EFFICIENTNETB3_ADAPTED_3CLASS,PyTorch/torchvision,faithful three-class task-adapted reimplementation,2026,S000470,ODIR,AMD_WET,AMD_WET,1,4.167668237187172e-07,0.9999996423721313,3.4162800366388524e-10,4
HOGCNN_EFFICIENTNETB3_ADAPTED_3CLASS,PyTorch/torchvision,faithful three-class task-adapted reimplementation,2026,S000476,RFMID,NORMAL,NORMAL,1,7.201498647191329e-06,9.187712635139178e-08,0.9999927282333374,4
HOGCNN_EFFICIENTNETB3_ADAPTED_3CLASS,PyTorch/torchvision,faithful three-class task-adapted reimplementation,2026,S000486,RFMID,NORMAL,NORMAL,1,1.817962527184136e-07,1.8983961069807265e-09,0.9999997615814209,4
HOGCNN_EFFICIENTNETB3_ADAPTED_3CLASS,PyTorch/torchvision,faithful three-class task-adapted reimplementation,2026,S000488,RFMID,NORMAL,NORMAL,1,2.1514833861147054e-05,3.386563207641302e-07,0.9999781847000122,4
HOGCNN_EFFICIENTNETB3_ADAPTED_3CLASS,PyTorch/torchvision,faithful three-class task-adapted reimplementation,2026,S000492,RFMID,NORMAL,NORMAL,1,9.979314199881628e-06,1.3145249511126167e-07,0.9999898672103882,4
HOGCNN_EFFICIENTNETB3_ADAPTED_3CLASS,PyTorch/torchvision,faithful three-class task-adapted reimplementation,2026,S000501,RFMID,NORMAL,NORMAL,1,3.206638939445838e-05,5.152532480678929e-07,0.9999674558639526,4
HOGCNN_EFFICIENTNETB3_ADAPTED_3CLASS,PyTorch/torchvision,faithful three-class task-adapted reimplementation,2026,S000511,RFMID,NORMAL,NORMAL,1,8.917062586988322e-06,1.247608309995485e-07,0.9999909400939941,4
HOGCNN_EFFICIENTNETB3_ADAPTED_3CLASS,PyTorch/torchvision,faithful three-class task-adapted reimplementation,2026,S000520,RFMID,NORMAL,NORMAL,1,1.8924056632840802e-07,1.915757330550605e-09,0.9999997615814209,4
HOGCNN_EFFICIENTNETB3_ADAPTED_3CLASS,PyTorch/torchvision,faithful three-class task-adapted reimplementation,2026,S000528,RFMID,NORMAL,NORMAL,1,1.7621268852963112e-06,1.6130124791402523e-08,0.9999982118606567,4
HOGCNN_EFFICIENTNETB3_ADAPTED_3CLASS,PyTorch/torchvision,faithful three-class task-adapted reimplementation,2026,S000531,RFMID,NORMAL,NORMAL,1,0.00014288829697761685,5.3689627748099156e-06,0.9998517036437988,4
HOGCNN_EFFICIENTNETB3_ADAPTED_3CLASS,PyTorch/torchvision,faithful three-class task-adapted reimplementation,2026,S000532,RFMID,NORMAL,NORMAL,1,0.023569166660308838,0.007447506301105022,0.9689833521842957,4
HOGCNN_EFFICIENTNETB3_ADAPTED_3CLASS,PyTorch/torchvision,faithful three-class task-adapted reimplementation,2026,S000533,RFMID,NORMAL,NORMAL,1,1.0701434803195298e-05,2.1279238637816889e-07,0.9999890327453613,4
HOGCNN_EFFICIENTNETB3_ADAPTED_3CLASS,PyTorch/torchvision,faithful three-class task-adapted reimplementation,2026,S000535,RFMID,NORMAL,NORMAL,1,0.03127392381429672,0.020229369401931763,0.9484966993331909,4
HOGCNN_EFFICIENTNETB3_ADAPTED_3CLASS,PyTorch/torchvision,faithful three-class task-adapted reimplementation,2026,S000539,RFMID,AMD_DRY,AMD_WET,0,4.411294139572419e-05,0.9999538660049438,1.985296876227949e-06,4
HOGCNN_EFFICIENTNETB3_ADAPTED_3CLASS,PyTorch/torchvision,faithful three-class task-adapted reimplementation,2026,S000543,RFMID,AMD_DRY,AMD_WET,0,0.04770423099398613,0.9521201848983765,0.00017564604058861732,4
HOGCNN_EFFICIENTNETB3_ADAPTED_3CLASS,PyTorch/torchvision,faithful three-class task-adapted reimplementation,2026,S000548,RFMID,AMD_WET,AMD_WET,1,0.012650758028030396,0.9867225289344788,0.0006267262506298721,4
HOGCNN_EFFICIENTNETB3_ADAPTED_3CLASS,PyTorch/torchvision,faithful three-class task-adapted reimplementation,2026,S000550,RFMID,AMD_WET,AMD_WET,1,3.9867143641458824e-05,0.9999600648880005,5.875224218243602e-08,4
HOGCNN_EFFICIENTNETB3_ADAPTED_3CLASS,PyTorch/torchvision,faithful three-class task-adapted reimplementation,2026,S000551,RFMID,AMD_WET,AMD_WET,1,3.1023317595413324e-12,1.0,6.632096585178251e-17,4
HOGCNN_EFFICIENTNETB3_ADAPTED_3CLASS,PyTorch/torchvision,faithful three-class task-adapted reimplementation,2026,S000558,RFMID,AMD_WET,AMD_WET,1,8.907612141229038e-07,0.9999991655349731,1.9907988590972536e-09,4
HOGCNN_EFFICIENTNETB3_ADAPTED_3CLASS,PyTorch/torchvision,faithful three-class task-adapted reimplementation,2026,S000566,RFMID,AMD_WET,AMD_WET,1,2.3108702045014987e-14,1.0,2.5188422549124547e-19,4
HOGCNN_EFFICIENTNETB3_ADAPTED_3CLASS,PyTorch/torchvision,faithful three-class task-adapted reimplementation,2026,S000575,RFMID,AMD_WET,AMD_WET,1,2.0266817955416627e-05,0.9999796152114868,1.472300965588147e-07,4
HOGCNN_EFFICIENTNETB3_ADAPTED_3CLASS,PyTorch/torchvision,faithful three-class task-adapted reimplementation,2026,S000579,RFMID,AMD_WET,AMD_WET,1,4.565421841107309e-05,0.9999539852142334,3.6512329870674876e-07,4
HOGCNN_EFFICIENTNETB3_ADAPTED_3CLASS,PyTorch/torchvision,faithful three-class task-adapted reimplementation,2026,S000582,RFMID,AMD_WET,AMD_WET,1,2.2974068394215896e-12,1.0,2.477005976226536e-16,4
HOGCNN_EFFICIENTNETB3_ADAPTED_3CLASS,PyTorch/torchvision,faithful three-class task-adapted reimplementation,2026,S000590,RFMID,AMD_WET,AMD_WET,1,5.764334127889015e-05,0.9999421834945679,1.4814371240845503e-07,4
HOGCNN_EFFICIENTNETB3_ADAPTED_3CLASS,PyTorch/torchvision,faithful three-class task-adapted reimplementation,2026,S000592,RFMID,AMD_WET,AMD_DRY,0,0.6904882192611694,0.30306851863861084,0.006443270482122898,4
HOGCNN_EFFICIENTNETB3_ADAPTED_3CLASS,PyTorch/torchvision,faithful three-class task-adapted reimplementation,2026,S000597,RFMID,AMD_WET,AMD_WET,1,0.0012022571172565222,0.9986752867698669,0.00012246098776813596,4
HOGCNN_EFFICIENTNETB3_ADAPTED_3CLASS,PyTorch/torchvision,faithful three-class task-adapted reimplementation,2026,S000004,ADAM,AMD_DRY,AMD_DRY,1,0.9989821314811707,1.004236128210323e-05,0.0010078897466883063,5
HOGCNN_EFFICIENTNETB3_ADAPTED_3CLASS,PyTorch/torchvision,faithful three-class task-adapted reimplementation,2026,S000007,ADAM,AMD_DRY,AMD_DRY,1,0.9746529459953308,0.025266461074352264,8.057655213633552e-05,5
HOGCNN_EFFICIENTNETB3_ADAPTED_3CLASS,PyTorch/torchvision,faithful three-class task-adapted reimplementation,2026,S000008,ADAM,AMD_DRY,AMD_WET,0,0.13931617140769958,0.8606311678886414,5.264726496534422e-05,5
HOGCNN_EFFICIENTNETB3_ADAPTED_3CLASS,PyTorch/torchvision,faithful three-class task-adapted reimplementation,2026,S000017,ADAM,AMD_DRY,AMD_DRY,1,0.9994226694107056,0.0005335398018360138,4.3896430724998936e-05,5
HOGCNN_EFFICIENTNETB3_ADAPTED_3CLASS,PyTorch/torchvision,faithful three-class task-adapted reimplementation,2026,S000022,ADAM,AMD_DRY,AMD_DRY,1,0.9929001331329346,0.0007148082368075848,0.0063850549049675465,5
HOGCNN_EFFICIENTNETB3_ADAPTED_3CLASS,PyTorch/torchvision,faithful three-class task-adapted reimplementation,2026,S000029,ADAM,AMD_DRY,AMD_DRY,1,0.9998477697372437,4.75644956168253e-05,0.00010461109195603058,5
HOGCNN_EFFICIENTNETB3_ADAPTED_3CLASS,PyTorch/torchvision,faithful three-class task-adapted reimplementation,2026,S000035,ADAM,AMD_DRY,AMD_DRY,1,0.8690593242645264,0.1306149810552597,0.00032573050702922046,5
HOGCNN_EFFICIENTNETB3_ADAPTED_3CLASS,PyTorch/torchvision,faithful three-class task-adapted reimplementation,2026,S000046,ADAM,AMD_WET,AMD_WET,1,0.035389285534620285,0.9645981192588806,1.2682164197030943e-05,5
HOGCNN_EFFICIENTNETB3_ADAPTED_3CLASS,PyTorch/torchvision,faithful three-class task-adapted reimplementation,2026,S000048,ADAM,AMD_WET,AMD_WET,1,8.555404929211363e-05,0.9999144077301025,2.634181761607124e-08,5
HOGCNN_EFFICIENTNETB3_ADAPTED_3CLASS,PyTorch/torchvision,faithful three-class task-adapted reimplementation,2026,S000052,ADAM,AMD_WET,AMD_WET,1,0.00047360677854157984,0.9995253086090088,1.1182935395481763e-06,5
HOGCNN_EFFICIENTNETB3_ADAPTED_3CLASS,PyTorch/torchvision,faithful three-class task-adapted reimplementation,2026,S000055,FIVES,NORMAL,NORMAL,1,0.003199707716703415,0.0005013951449654996,0.9962988495826721,5
HOGCNN_EFFICIENTNETB3_ADAPTED_3CLASS,PyTorch/torchvision,faithful three-class task-adapted reimplementation,2026,S000056,FIVES,NORMAL,NORMAL,1,0.00010890081466641277,1.3543569821194978e-06,0.9998897314071655,5
HOGCNN_EFFICIENTNETB3_ADAPTED_3CLASS,PyTorch/torchvision,faithful three-class task-adapted reimplementation,2026,S000078,FIVES,NORMAL,NORMAL,1,1.5296815035981126e-05,7.594320550197153e-08,0.999984622001648,5
HOGCNN_EFFICIENTNETB3_ADAPTED_3CLASS,PyTorch/torchvision,faithful three-class task-adapted reimplementation,2026,S000079,FIVES,NORMAL,NORMAL,1,8.130259629979264e-06,1.167174623617484e-08,0.9999918937683105,5
HOGCNN_EFFICIENTNETB3_ADAPTED_3CLASS,PyTorch/torchvision,faithful three-class task-adapted reimplementation,2026,S000088,FIVES,NORMAL,NORMAL,1,0.26829662919044495,0.0001933988678501919,0.7315099835395813,5
HOGCNN_EFFICIENTNETB3_ADAPTED_3CLASS,PyTorch/torchvision,faithful three-class task-adapted reimplementation,2026,S000095,FIVES,NORMAL,NORMAL,1,0.023072591051459312,0.00022017068113200366,0.9767072200775146,5
HOGCNN_EFFICIENTNETB3_ADAPTED_3CLASS,PyTorch/torchvision,faithful three-class task-adapted reimplementation,2026,S000096,FIVES,NORMAL,NORMAL,1,0.0007710910867899656,1.0595052799544646e-06,0.9992278814315796,5
HOGCNN_EFFICIENTNETB3_ADAPTED_3CLASS,PyTorch/torchvision,faithful three-class task-adapted reimplementation,2026,S000097,FIVES,NORMAL,NORMAL,1,0.0008160329889506102,0.00024706596741452813,0.9989368319511414,5
HOGCNN_EFFICIENTNETB3_ADAPTED_3CLASS,PyTorch/torchvision,faithful three-class task-adapted reimplementation,2026,S000103,FIVES,NORMAL,NORMAL,1,4.76083587273024e-05,8.396420980716357e-08,0.9999523162841797,5
HOGCNN_EFFICIENTNETB3_ADAPTED_3CLASS,PyTorch/torchvision,faithful three-class task-adapted reimplementation,2026,S000109,FIVES,NORMAL,NORMAL,1,3.408943712202017e-06,1.6393133517311753e-09,0.999996542930603,5
HOGCNN_EFFICIENTNETB3_ADAPTED_3CLASS,PyTorch/torchvision,faithful three-class task-adapted reimplementation,2026,S000117,FIVES,NORMAL,NORMAL,1,0.004159871488809586,3.1880181268206798e-06,0.9958369731903076,5
HOGCNN_EFFICIENTNETB3_ADAPTED_3CLASS,PyTorch/torchvision,faithful three-class task-adapted reimplementation,2026,S000118,FIVES,NORMAL,NORMAL,1,1.6773190054664155e-06,2.0097972175392442e-09,0.9999983310699463,5
HOGCNN_EFFICIENTNETB3_ADAPTED_3CLASS,PyTorch/torchvision,faithful three-class task-adapted reimplementation,2026,S000119,FIVES,NORMAL,NORMAL,1,0.0010195790091529489,5.965288210063591e-07,0.9989797472953796,5
HOGCNN_EFFICIENTNETB3_ADAPTED_3CLASS,PyTorch/torchvision,faithful three-class task-adapted reimplementation,2026,S000125,FIVES,NORMAL,NORMAL,1,8.840605403293011e-08,4.3444730452035785e-11,0.9999998807907104,5
HOGCNN_EFFICIENTNETB3_ADAPTED_3CLASS,PyTorch/torchvision,faithful three-class task-adapted reimplementation,2026,S000128,FIVES,NORMAL,NORMAL,1,0.007505165413022041,1.9096009054919705e-05,0.9924758076667786,5
HOGCNN_EFFICIENTNETB3_ADAPTED_3CLASS,PyTorch/torchvision,faithful three-class task-adapted reimplementation,2026,S000130,FIVES,NORMAL,NORMAL,1,0.00014910979371052235,1.0681103645993062e-07,0.9998507499694824,5
HOGCNN_EFFICIENTNETB3_ADAPTED_3CLASS,PyTorch/torchvision,faithful three-class task-adapted reimplementation,2026,S000133,FIVES,NORMAL,NORMAL,1,0.052303098142147064,4.1364721255376935e-05,0.9476555585861206,5
HOGCNN_EFFICIENTNETB3_ADAPTED_3CLASS,PyTorch/torchvision,faithful three-class task-adapted reimplementation,2026,S000141,FIVES,NORMAL,NORMAL,1,1.0366397873440292e-05,1.4517270940928029e-08,0.9999896287918091,5
HOGCNN_EFFICIENTNETB3_ADAPTED_3CLASS,PyTorch/torchvision,faithful three-class task-adapted reimplementation,2026,S000145,FIVES,NORMAL,NORMAL,1,3.5581142583396286e-05,2.0519857457657054e-07,0.9999642372131348,5
HOGCNN_EFFICIENTNETB3_ADAPTED_3CLASS,PyTorch/torchvision,faithful three-class task-adapted reimplementation,2026,S000151,FIVES,NORMAL,NORMAL,1,0.0005888385931029916,2.4353132630494656e-06,0.9994088411331177,5
HOGCNN_EFFICIENTNETB3_ADAPTED_3CLASS,PyTorch/torchvision,faithful three-class task-adapted reimplementation,2026,S000155,FIVES,AMD_DRY,AMD_DRY,1,0.9970589876174927,0.002900143153965473,4.085035470779985e-05,5
HOGCNN_EFFICIENTNETB3_ADAPTED_3CLASS,PyTorch/torchvision,faithful three-class task-adapted reimplementation,2026,S000163,FIVES,AMD_DRY,AMD_DRY,1,0.9997541308403015,0.000219420762732625,2.6407304176245816e-05,5
HOGCNN_EFFICIENTNETB3_ADAPTED_3CLASS,PyTorch/torchvision,faithful three-class task-adapted reimplementation,2026,S000164,FIVES,AMD_DRY,AMD_DRY,1,0.9997192025184631,0.0002539451525080949,2.685288382053841e-05,5
HOGCNN_EFFICIENTNETB3_ADAPTED_3CLASS,PyTorch/torchvision,faithful three-class task-adapted reimplementation,2026,S000168,FIVES,AMD_WET,AMD_WET,1,0.009409258142113686,0.9905806183815002,1.0147017746930942e-05,5
HOGCNN_EFFICIENTNETB3_ADAPTED_3CLASS,PyTorch/torchvision,faithful three-class task-adapted reimplementation,2026,S000169,FIVES,AMD_WET,AMD_WET,1,7.587666914332658e-05,0.9999239444732666,2.1417351092622994e-07,5
HOGCNN_EFFICIENTNETB3_ADAPTED_3CLASS,PyTorch/torchvision,faithful three-class task-adapted reimplementation,2026,S000176,FIVES,AMD_WET,AMD_DRY,0,0.9904727339744568,0.009356561116874218,0.00017075341020245105,5
HOGCNN_EFFICIENTNETB3_ADAPTED_3CLASS,PyTorch/torchvision,faithful three-class task-adapted reimplementation,2026,S000191,FIVES,AMD_WET,AMD_WET,1,5.731655255658552e-05,0.9999426603317261,2.6670065267353493e-08,5
HOGCNN_EFFICIENTNETB3_ADAPTED_3CLASS,PyTorch/torchvision,faithful three-class task-adapted reimplementation,2026,S000194,FIVES,AMD_WET,AMD_WET,1,5.941071776760509e-07,0.9999994039535522,1.4913179025022316e-10,5
HOGCNN_EFFICIENTNETB3_ADAPTED_3CLASS,PyTorch/torchvision,faithful three-class task-adapted reimplementation,2026,S000195,FIVES,AMD_WET,AMD_WET,1,6.180441403103032e-08,0.9999998807907104,5.549026516060707e-12,5
HOGCNN_EFFICIENTNETB3_ADAPTED_3CLASS,PyTorch/torchvision,faithful three-class task-adapted reimplementation,2026,S000202,FIVES,AMD_WET,AMD_WET,1,1.5246992006723303e-05,0.9999847412109375,6.145539188651128e-09,5
HOGCNN_EFFICIENTNETB3_ADAPTED_3CLASS,PyTorch/torchvision,faithful three-class task-adapted reimplementation,2026,S000211,FIVES,AMD_WET,AMD_WET,1,0.00017916270007845014,0.9998207688331604,1.3460221737204847e-07,5
HOGCNN_EFFICIENTNETB3_ADAPTED_3CLASS,PyTorch/torchvision,faithful three-class task-adapted reimplementation,2026,S000215,FIVES,AMD_WET,AMD_WET,1,4.9939761083805934e-05,0.9999500513076782,1.5353787574667876e-08,5
HOGCNN_EFFICIENTNETB3_ADAPTED_3CLASS,PyTorch/torchvision,faithful three-class task-adapted reimplementation,2026,S000217,FIVES,AMD_WET,AMD_DRY,0,0.839577853679657,0.16030234098434448,0.00011981703573837876,5
HOGCNN_EFFICIENTNETB3_ADAPTED_3CLASS,PyTorch/torchvision,faithful three-class task-adapted reimplementation,2026,S000229,FIVES,AMD_WET,AMD_WET,1,0.0017243397887796164,0.998274564743042,1.1213938932996825e-06,5
HOGCNN_EFFICIENTNETB3_ADAPTED_3CLASS,PyTorch/torchvision,faithful three-class task-adapted reimplementation,2026,S000232,FIVES,AMD_WET,AMD_DRY,0,0.967257559299469,0.03253608196973801,0.00020637462148442864,5
HOGCNN_EFFICIENTNETB3_ADAPTED_3CLASS,PyTorch/torchvision,faithful three-class task-adapted reimplementation,2026,S000235,FIVES,AMD_WET,AMD_WET,1,1.0186721510763164e-06,0.999998927116394,1.9798991612862693e-10,5
HOGCNN_EFFICIENTNETB3_ADAPTED_3CLASS,PyTorch/torchvision,faithful three-class task-adapted reimplementation,2026,S000236,FIVES,AMD_WET,AMD_WET,1,0.11251580715179443,0.887396514415741,8.770896965870634e-05,5
HOGCNN_EFFICIENTNETB3_ADAPTED_3CLASS,PyTorch/torchvision,faithful three-class task-adapted reimplementation,2026,S000254,ODIR,NORMAL,NORMAL,1,8.211868589569349e-06,8.211660684764865e-09,0.999991774559021,5
HOGCNN_EFFICIENTNETB3_ADAPTED_3CLASS,PyTorch/torchvision,faithful three-class task-adapted reimplementation,2026,S000262,ODIR,NORMAL,NORMAL,1,0.0005015244823880494,1.504269221186405e-06,0.9994969367980957,5
HOGCNN_EFFICIENTNETB3_ADAPTED_3CLASS,PyTorch/torchvision,faithful three-class task-adapted reimplementation,2026,S000271,ODIR,NORMAL,NORMAL,1,0.00019205364515073597,8.174496457513669e-08,0.9998078942298889,5
HOGCNN_EFFICIENTNETB3_ADAPTED_3CLASS,PyTorch/torchvision,faithful three-class task-adapted reimplementation,2026,S000272,ODIR,NORMAL,NORMAL,1,0.00019990919099655002,4.936012487632979e-08,0.9998001456260681,5
HOGCNN_EFFICIENTNETB3_ADAPTED_3CLASS,PyTorch/torchvision,faithful three-class task-adapted reimplementation,2026,S000279,ODIR,NORMAL,NORMAL,1,0.001877760048955679,2.4192149794544093e-07,0.9981220364570618,5
HOGCNN_EFFICIENTNETB3_ADAPTED_3CLASS,PyTorch/torchvision,faithful three-class task-adapted reimplementation,2026,S000280,ODIR,NORMAL,NORMAL,1,1.2107452675991226e-05,4.248459806177607e-09,0.9999878406524658,5
HOGCNN_EFFICIENTNETB3_ADAPTED_3CLASS,PyTorch/torchvision,faithful three-class task-adapted reimplementation,2026,S000281,ODIR,NORMAL,NORMAL,1,0.00014538779214490205,1.0562097259025904e-06,0.9998534917831421,5
HOGCNN_EFFICIENTNETB3_ADAPTED_3CLASS,PyTorch/torchvision,faithful three-class task-adapted reimplementation,2026,S000288,ODIR,NORMAL,NORMAL,1,0.05757824331521988,7.438240572810173e-05,0.9423474073410034,5
HOGCNN_EFFICIENTNETB3_ADAPTED_3CLASS,PyTorch/torchvision,faithful three-class task-adapted reimplementation,2026,S000289,ODIR,NORMAL,NORMAL,1,7.598919751217181e-07,3.1413460721552156e-10,0.9999992847442627,5
HOGCNN_EFFICIENTNETB3_ADAPTED_3CLASS,PyTorch/torchvision,faithful three-class task-adapted reimplementation,2026,S000294,ODIR,NORMAL,NORMAL,1,2.6851534130400978e-05,1.9517447213956984e-08,0.9999731779098511,5
HOGCNN_EFFICIENTNETB3_ADAPTED_3CLASS,PyTorch/torchvision,faithful three-class task-adapted reimplementation,2026,S000303,ODIR,NORMAL,NORMAL,1,0.00011327995161991566,8.565448439412648e-08,0.9998866319656372,5
HOGCNN_EFFICIENTNETB3_ADAPTED_3CLASS,PyTorch/torchvision,faithful three-class task-adapted reimplementation,2026,S000304,ODIR,NORMAL,NORMAL,1,0.004149648826569319,5.357085228752112e-06,0.9958450198173523,5
HOGCNN_EFFICIENTNETB3_ADAPTED_3CLASS,PyTorch/torchvision,faithful three-class task-adapted reimplementation,2026,S000305,ODIR,NORMAL,NORMAL,1,9.066612619790249e-06,2.460043724283878e-08,0.9999909400939941,5
HOGCNN_EFFICIENTNETB3_ADAPTED_3CLASS,PyTorch/torchvision,faithful three-class task-adapted reimplementation,2026,S000311,ODIR,NORMAL,NORMAL,1,0.002493963809683919,2.265338707729825e-06,0.9975038170814514,5
HOGCNN_EFFICIENTNETB3_ADAPTED_3CLASS,PyTorch/torchvision,faithful three-class task-adapted reimplementation,2026,S000312,ODIR,NORMAL,NORMAL,1,9.473087993683293e-05,7.081686703713785e-08,0.9999051094055176,5
HOGCNN_EFFICIENTNETB3_ADAPTED_3CLASS,PyTorch/torchvision,faithful three-class task-adapted reimplementation,2026,S000313,ODIR,NORMAL,NORMAL,1,0.0014341168571263552,3.5814250622934196e-06,0.9985622763633728,5
HOGCNN_EFFICIENTNETB3_ADAPTED_3CLASS,PyTorch/torchvision,faithful three-class task-adapted reimplementation,2026,S000315,ODIR,NORMAL,NORMAL,1,5.557084659812972e-05,7.578297100963027e-09,0.9999444484710693,5
HOGCNN_EFFICIENTNETB3_ADAPTED_3CLASS,PyTorch/torchvision,faithful three-class task-adapted reimplementation,2026,S000320,ODIR,NORMAL,NORMAL,1,0.003257859731093049,2.011878677876666e-06,0.9967401623725891,5
HOGCNN_EFFICIENTNETB3_ADAPTED_3CLASS,PyTorch/torchvision,faithful three-class task-adapted reimplementation,2026,S000332,ODIR,NORMAL,NORMAL,1,0.11648239195346832,0.0005280440673232079,0.8829895257949829,5
HOGCNN_EFFICIENTNETB3_ADAPTED_3CLASS,PyTorch/torchvision,faithful three-class task-adapted reimplementation,2026,S000335,ODIR,NORMAL,NORMAL,1,0.00017525808652862906,1.946856684753584e-07,0.999824583530426,5
HOGCNN_EFFICIENTNETB3_ADAPTED_3CLASS,PyTorch/torchvision,faithful three-class task-adapted reimplementation,2026,S000341,ODIR,NORMAL,NORMAL,1,0.00017992188804782927,2.5240325385311735e-07,0.999819815158844,5
HOGCNN_EFFICIENTNETB3_ADAPTED_3CLASS,PyTorch/torchvision,faithful three-class task-adapted reimplementation,2026,S000343,ODIR,NORMAL,NORMAL,1,0.005793656688183546,3.744734613064793e-06,0.9942025542259216,5
HOGCNN_EFFICIENTNETB3_ADAPTED_3CLASS,PyTorch/torchvision,faithful three-class task-adapted reimplementation,2026,S000346,ODIR,NORMAL,NORMAL,1,5.0952963647432625e-05,2.037449675640346e-08,0.9999490976333618,5
HOGCNN_EFFICIENTNETB3_ADAPTED_3CLASS,PyTorch/torchvision,faithful three-class task-adapted reimplementation,2026,S000355,ODIR,NORMAL,NORMAL,1,0.006542836781591177,9.066721759154461e-06,0.9934480786323547,5
HOGCNN_EFFICIENTNETB3_ADAPTED_3CLASS,PyTorch/torchvision,faithful three-class task-adapted reimplementation,2026,S000358,ODIR,NORMAL,AMD_DRY,0,0.7333477139472961,0.0017586516914889216,0.2648935914039612,5
HOGCNN_EFFICIENTNETB3_ADAPTED_3CLASS,PyTorch/torchvision,faithful three-class task-adapted reimplementation,2026,S000376,ODIR,AMD_DRY,AMD_DRY,1,0.9996427297592163,0.0002947472676169127,6.258026405703276e-05,5
HOGCNN_EFFICIENTNETB3_ADAPTED_3CLASS,PyTorch/torchvision,faithful three-class task-adapted reimplementation,2026,S000384,ODIR,AMD_DRY,AMD_DRY,1,0.9944118857383728,0.005484066903591156,0.00010412116535007954,5
HOGCNN_EFFICIENTNETB3_ADAPTED_3CLASS,PyTorch/torchvision,faithful three-class task-adapted reimplementation,2026,S000385,ODIR,AMD_DRY,AMD_DRY,1,0.9997097849845886,0.00025005772477015853,4.017257015220821e-05,5
HOGCNN_EFFICIENTNETB3_ADAPTED_3CLASS,PyTorch/torchvision,faithful three-class task-adapted reimplementation,2026,S000386,ODIR,AMD_DRY,AMD_DRY,1,0.9997404217720032,0.0002362766972510144,2.3296845029108226e-05,5
HOGCNN_EFFICIENTNETB3_ADAPTED_3CLASS,PyTorch/torchvision,faithful three-class task-adapted reimplementation,2026,S000393,ODIR,AMD_DRY,AMD_DRY,1,0.9985226988792419,0.0014157991390675306,6.15901590208523e-05,5
HOGCNN_EFFICIENTNETB3_ADAPTED_3CLASS,PyTorch/torchvision,faithful three-class task-adapted reimplementation,2026,S000400,ODIR,AMD_DRY,AMD_WET,0,0.1844443380832672,0.8154300451278687,0.0001256176910828799,5
HOGCNN_EFFICIENTNETB3_ADAPTED_3CLASS,PyTorch/torchvision,faithful three-class task-adapted reimplementation,2026,S000401,ODIR,AMD_DRY,AMD_DRY,1,0.998008668422699,0.0019129966385662556,7.836492295609787e-05,5
HOGCNN_EFFICIENTNETB3_ADAPTED_3CLASS,PyTorch/torchvision,faithful three-class task-adapted reimplementation,2026,S000403,ODIR,AMD_DRY,AMD_DRY,1,0.9998235106468201,0.0001550137676531449,2.14095416595228e-05,5
HOGCNN_EFFICIENTNETB3_ADAPTED_3CLASS,PyTorch/torchvision,faithful three-class task-adapted reimplementation,2026,S000410,ODIR,AMD_DRY,AMD_DRY,1,0.9996932744979858,0.00028006432694382966,2.6684465410653502e-05,5
HOGCNN_EFFICIENTNETB3_ADAPTED_3CLASS,PyTorch/torchvision,faithful three-class task-adapted reimplementation,2026,S000419,ODIR,AMD_DRY,AMD_DRY,1,0.987143337726593,0.01274808868765831,0.00010867277887882665,5
HOGCNN_EFFICIENTNETB3_ADAPTED_3CLASS,PyTorch/torchvision,faithful three-class task-adapted reimplementation,2026,S000420,ODIR,AMD_DRY,AMD_DRY,1,0.9992000460624695,0.0007453433354385197,5.462927947519347e-05,5
HOGCNN_EFFICIENTNETB3_ADAPTED_3CLASS,PyTorch/torchvision,faithful three-class task-adapted reimplementation,2026,S000425,ODIR,AMD_DRY,NORMAL,0,0.12652955949306488,9.113633495871909e-06,0.8734612464904785,5
HOGCNN_EFFICIENTNETB3_ADAPTED_3CLASS,PyTorch/torchvision,faithful three-class task-adapted reimplementation,2026,S000427,ODIR,AMD_DRY,AMD_DRY,1,0.999783456325531,0.00013359097647480667,8.29897471703589e-05,5
HOGCNN_EFFICIENTNETB3_ADAPTED_3CLASS,PyTorch/torchvision,faithful three-class task-adapted reimplementation,2026,S000430,ODIR,AMD_DRY,AMD_DRY,1,0.9981124401092529,0.00183708721306175,5.042014527134597e-05,5
HOGCNN_EFFICIENTNETB3_ADAPTED_3CLASS,PyTorch/torchvision,faithful three-class task-adapted reimplementation,2026,S000438,ODIR,AMD_DRY,AMD_DRY,1,0.999255359172821,0.0007221846608445048,2.2427768271882087e-05,5
HOGCNN_EFFICIENTNETB3_ADAPTED_3CLASS,PyTorch/torchvision,faithful three-class task-adapted reimplementation,2026,S000443,ODIR,AMD_DRY,AMD_DRY,1,0.6955012679100037,0.30444177985191345,5.697048254660331e-05,5
HOGCNN_EFFICIENTNETB3_ADAPTED_3CLASS,PyTorch/torchvision,faithful three-class task-adapted reimplementation,2026,S000449,ODIR,AMD_WET,AMD_WET,1,1.5927739696053322e-06,0.9999984502792358,5.15523068678192e-10,5
HOGCNN_EFFICIENTNETB3_ADAPTED_3CLASS,PyTorch/torchvision,faithful three-class task-adapted reimplementation,2026,S000451,ODIR,AMD_WET,AMD_WET,1,0.0001781333121471107,0.9998218417167664,1.8553571123902657e-08,5
HOGCNN_EFFICIENTNETB3_ADAPTED_3CLASS,PyTorch/torchvision,faithful three-class task-adapted reimplementation,2026,S000462,ODIR,AMD_WET,AMD_DRY,0,0.6814989447593689,0.3183489739894867,0.00015205606177914888,5
HOGCNN_EFFICIENTNETB3_ADAPTED_3CLASS,PyTorch/torchvision,faithful three-class task-adapted reimplementation,2026,S000469,ODIR,AMD_WET,AMD_WET,1,0.2247382253408432,0.7750999331474304,0.00016188751033041626,5
HOGCNN_EFFICIENTNETB3_ADAPTED_3CLASS,PyTorch/torchvision,faithful three-class task-adapted reimplementation,2026,S000471,ODIR,AMD_WET,AMD_DRY,0,0.998963475227356,0.0009582770289853215,7.829192327335477e-05,5
HOGCNN_EFFICIENTNETB3_ADAPTED_3CLASS,PyTorch/torchvision,faithful three-class task-adapted reimplementation,2026,S000474,RFMID,NORMAL,NORMAL,1,0.0006353235221467912,2.5758003175724298e-05,0.9993389248847961,5
HOGCNN_EFFICIENTNETB3_ADAPTED_3CLASS,PyTorch/torchvision,faithful three-class task-adapted reimplementation,2026,S000475,RFMID,NORMAL,NORMAL,1,0.0006086072535254061,7.689708581892774e-06,0.9993835687637329,5
HOGCNN_EFFICIENTNETB3_ADAPTED_3CLASS,PyTorch/torchvision,faithful three-class task-adapted reimplementation,2026,S000479,RFMID,NORMAL,NORMAL,1,0.0005349878338165581,4.121428901271429e-06,0.9994608759880066,5
HOGCNN_EFFICIENTNETB3_ADAPTED_3CLASS,PyTorch/torchvision,faithful three-class task-adapted reimplementation,2026,S000483,RFMID,NORMAL,NORMAL,1,4.3583469960140064e-05,3.7695872379117645e-07,0.9999560117721558,5
HOGCNN_EFFICIENTNETB3_ADAPTED_3CLASS,PyTorch/torchvision,faithful three-class task-adapted reimplementation,2026,S000487,RFMID,NORMAL,NORMAL,1,0.00017988037143368274,4.073335446719284e-07,0.999819815158844,5
HOGCNN_EFFICIENTNETB3_ADAPTED_3CLASS,PyTorch/torchvision,faithful three-class task-adapted reimplementation,2026,S000489,RFMID,NORMAL,NORMAL,1,0.0001276341499760747,8.78592970821046e-07,0.9998714923858643,5
HOGCNN_EFFICIENTNETB3_ADAPTED_3CLASS,PyTorch/torchvision,faithful three-class task-adapted reimplementation,2026,S000495,RFMID,NORMAL,NORMAL,1,0.0011298957979306579,6.788830432924442e-06,0.9988633394241333,5
HOGCNN_EFFICIENTNETB3_ADAPTED_3CLASS,PyTorch/torchvision,faithful three-class task-adapted reimplementation,2026,S000496,RFMID,NORMAL,NORMAL,1,0.0015630651032552123,0.0001075917825801298,0.9983293414115906,5
HOGCNN_EFFICIENTNETB3_ADAPTED_3CLASS,PyTorch/torchvision,faithful three-class task-adapted reimplementation,2026,S000503,RFMID,NORMAL,NORMAL,1,2.5852039470919408e-05,1.369441093856949e-07,0.9999740123748779,5
HOGCNN_EFFICIENTNETB3_ADAPTED_3CLASS,PyTorch/torchvision,faithful three-class task-adapted reimplementation,2026,S000513,RFMID,NORMAL,NORMAL,1,7.640101102879271e-06,3.740771603588655e-08,0.9999923706054688,5
HOGCNN_EFFICIENTNETB3_ADAPTED_3CLASS,PyTorch/torchvision,faithful three-class task-adapted reimplementation,2026,S000519,RFMID,NORMAL,NORMAL,1,5.3494994062930346e-05,1.7878004143767612e-07,0.9999463558197021,5
HOGCNN_EFFICIENTNETB3_ADAPTED_3CLASS,PyTorch/torchvision,faithful three-class task-adapted reimplementation,2026,S000525,RFMID,NORMAL,NORMAL,1,0.012417269870638847,1.9337201592861675e-05,0.9875634908676147,5
HOGCNN_EFFICIENTNETB3_ADAPTED_3CLASS,PyTorch/torchvision,faithful three-class task-adapted reimplementation,2026,S000526,RFMID,NORMAL,NORMAL,1,0.00027911507640965283,7.805454515619203e-06,0.999713122844696,5
HOGCNN_EFFICIENTNETB3_ADAPTED_3CLASS,PyTorch/torchvision,faithful three-class task-adapted reimplementation,2026,S000536,RFMID,AMD_DRY,AMD_DRY,1,0.8901243805885315,0.1096026822924614,0.0002728915133047849,5
HOGCNN_EFFICIENTNETB3_ADAPTED_3CLASS,PyTorch/torchvision,faithful three-class task-adapted reimplementation,2026,S000538,RFMID,AMD_DRY,AMD_WET,0,0.0006839288980700076,0.9993147850036621,1.2553879287224845e-06,5
HOGCNN_EFFICIENTNETB3_ADAPTED_3CLASS,PyTorch/torchvision,faithful three-class task-adapted reimplementation,2026,S000547,RFMID,AMD_WET,AMD_DRY,0,0.9284493923187256,0.0710504949092865,0.000500159861985594,5
HOGCNN_EFFICIENTNETB3_ADAPTED_3CLASS,PyTorch/torchvision,faithful three-class task-adapted reimplementation,2026,S000554,RFMID,AMD_WET,AMD_WET,1,1.301157652733309e-07,0.9999998807907104,3.1603733519069976e-11,5
HOGCNN_EFFICIENTNETB3_ADAPTED_3CLASS,PyTorch/torchvision,faithful three-class task-adapted reimplementation,2026,S000556,RFMID,AMD_WET,AMD_WET,1,5.679243622580543e-05,0.9999431371688843,9.571383685624824e-08,5
HOGCNN_EFFICIENTNETB3_ADAPTED_3CLASS,PyTorch/torchvision,faithful three-class task-adapted reimplementation,2026,S000567,RFMID,AMD_WET,AMD_WET,1,0.4896310865879059,0.5099791288375854,0.0003897951974067837,5
HOGCNN_EFFICIENTNETB3_ADAPTED_3CLASS,PyTorch/torchvision,faithful three-class task-adapted reimplementation,2026,S000570,RFMID,AMD_WET,AMD_WET,1,0.0006324626156128943,0.9993671774864197,3.4698339845817827e-07,5
HOGCNN_EFFICIENTNETB3_ADAPTED_3CLASS,PyTorch/torchvision,faithful three-class task-adapted reimplementation,2026,S000574,RFMID,AMD_WET,AMD_WET,1,0.323931485414505,0.6760294437408447,3.9081165596144274e-05,5
HOGCNN_EFFICIENTNETB3_ADAPTED_3CLASS,PyTorch/torchvision,faithful three-class task-adapted reimplementation,2026,S000577,RFMID,AMD_WET,AMD_WET,1,2.715628215810284e-05,0.9999728202819824,2.3180275476875067e-08,5
HOGCNN_EFFICIENTNETB3_ADAPTED_3CLASS,PyTorch/torchvision,faithful three-class task-adapted reimplementation,2026,S000581,RFMID,AMD_WET,AMD_WET,1,6.407105047401274e-06,0.9999935626983643,4.61423743658429e-09,5
HOGCNN_EFFICIENTNETB3_ADAPTED_3CLASS,PyTorch/torchvision,faithful three-class task-adapted reimplementation,2026,S000585,RFMID,AMD_WET,AMD_WET,1,0.03333820775151253,0.9666561484336853,5.645462806569412e-06,5
HOGCNN_EFFICIENTNETB3_ADAPTED_3CLASS,PyTorch/torchvision,faithful three-class task-adapted reimplementation,2026,S000588,RFMID,AMD_WET,AMD_WET,1,0.014781421981751919,0.9851998090744019,1.873742075986229e-05,5
HOGCNN_EFFICIENTNETB3_ADAPTED_3CLASS,PyTorch/torchvision,faithful three-class task-adapted reimplementation,3407,S000002,ADAM,AMD_DRY,NORMAL,0,0.0016729090129956603,2.9799399271723814e-05,0.998297393321991,1
HOGCNN_EFFICIENTNETB3_ADAPTED_3CLASS,PyTorch/torchvision,faithful three-class task-adapted reimplementation,3407,S000003,ADAM,AMD_DRY,AMD_DRY,1,0.59462571144104,0.0002309892443008721,0.40514323115348816,1
HOGCNN_EFFICIENTNETB3_ADAPTED_3CLASS,PyTorch/torchvision,faithful three-class task-adapted reimplementation,3407,S000010,ADAM,AMD_DRY,AMD_WET,0,0.2673962414264679,0.5418205261230469,0.19078320264816284,1
HOGCNN_EFFICIENTNETB3_ADAPTED_3CLASS,PyTorch/torchvision,faithful three-class task-adapted reimplementation,3407,S000013,ADAM,AMD_DRY,AMD_DRY,1,0.9477832913398743,0.05165546014904976,0.0005612540990114212,1
HOGCNN_EFFICIENTNETB3_ADAPTED_3CLASS,PyTorch/torchvision,faithful three-class task-adapted reimplementation,3407,S000019,ADAM,AMD_DRY,NORMAL,0,0.1484743058681488,0.0031398434657603502,0.8483858108520508,1
HOGCNN_EFFICIENTNETB3_ADAPTED_3CLASS,PyTorch/torchvision,faithful three-class task-adapted reimplementation,3407,S000026,ADAM,AMD_DRY,AMD_DRY,1,0.9999712705612183,2.7211224733036943e-05,1.5071260577315115e-06,1
HOGCNN_EFFICIENTNETB3_ADAPTED_3CLASS,PyTorch/torchvision,faithful three-class task-adapted reimplementation,3407,S000032,ADAM,AMD_DRY,AMD_DRY,1,0.9999880790710449,8.721064659766853e-06,3.2085908969747834e-06,1
HOGCNN_EFFICIENTNETB3_ADAPTED_3CLASS,PyTorch/torchvision,faithful three-class task-adapted reimplementation,3407,S000040,ADAM,AMD_WET,AMD_WET,1,0.0002168548380723223,0.9997747540473938,8.42067674966529e-06,1
HOGCNN_EFFICIENTNETB3_ADAPTED_3CLASS,PyTorch/torchvision,faithful three-class task-adapted reimplementation,3407,S000045,ADAM,AMD_WET,AMD_WET,1,0.05327987298369408,0.9450996518135071,0.0016205403953790665,1
HOGCNN_EFFICIENTNETB3_ADAPTED_3CLASS,PyTorch/torchvision,faithful three-class task-adapted reimplementation,3407,S000047,ADAM,AMD_WET,AMD_WET,1,0.0004036095051560551,0.9995917677879333,4.689262823376339e-06,1
HOGCNN_EFFICIENTNETB3_ADAPTED_3CLASS,PyTorch/torchvision,faithful three-class task-adapted reimplementation,3407,S000051,ADAM,AMD_WET,AMD_WET,1,9.315905344919884e-07,0.9999572038650513,4.1881492506945506e-05,1
HOGCNN_EFFICIENTNETB3_ADAPTED_3CLASS,PyTorch/torchvision,faithful three-class task-adapted reimplementation,3407,S000062,FIVES,NORMAL,NORMAL,1,2.995507929881569e-05,1.6460767255921382e-06,0.999968409538269,1
HOGCNN_EFFICIENTNETB3_ADAPTED_3CLASS,PyTorch/torchvision,faithful three-class task-adapted reimplementation,3407,S000064,FIVES,NORMAL,NORMAL,1,0.0029850013088434935,0.0020762402564287186,0.994938850402832,1
HOGCNN_EFFICIENTNETB3_ADAPTED_3CLASS,PyTorch/torchvision,faithful three-class task-adapted reimplementation,3407,S000071,FIVES,NORMAL,NORMAL,1,0.0004732436500489712,5.946592864347622e-05,0.9994673132896423,1
HOGCNN_EFFICIENTNETB3_ADAPTED_3CLASS,PyTorch/torchvision,faithful three-class task-adapted reimplementation,3407,S000072,FIVES,NORMAL,NORMAL,1,0.00027557782595977187,0.00015394196088891476,0.9995704293251038,1
HOGCNN_EFFICIENTNETB3_ADAPTED_3CLASS,PyTorch/torchvision,faithful three-class task-adapted reimplementation,3407,S000083,FIVES,NORMAL,NORMAL,1,5.316218812367879e-05,3.2059310797194485e-06,0.9999436140060425,1
HOGCNN_EFFICIENTNETB3_ADAPTED_3CLASS,PyTorch/torchvision,faithful three-class task-adapted reimplementation,3407,S000085,FIVES,NORMAL,NORMAL,1,7.223358352348441e-06,8.206314987546648e-07,0.9999918937683105,1
HOGCNN_EFFICIENTNETB3_ADAPTED_3CLASS,PyTorch/torchvision,faithful three-class task-adapted reimplementation,3407,S000090,FIVES,NORMAL,NORMAL,1,1.6625222997390665e-05,1.0686803761927877e-06,0.9999823570251465,1
HOGCNN_EFFICIENTNETB3_ADAPTED_3CLASS,PyTorch/torchvision,faithful three-class task-adapted reimplementation,3407,S000093,FIVES,NORMAL,NORMAL,1,1.2294713997107465e-05,1.1135023214592366e-06,0.9999866485595703,1
HOGCNN_EFFICIENTNETB3_ADAPTED_3CLASS,PyTorch/torchvision,faithful three-class task-adapted reimplementation,3407,S000101,FIVES,NORMAL,NORMAL,1,3.3976062695728615e-05,3.418437927393825e-06,0.999962568283081,1
HOGCNN_EFFICIENTNETB3_ADAPTED_3CLASS,PyTorch/torchvision,faithful three-class task-adapted reimplementation,3407,S000105,FIVES,NORMAL,NORMAL,1,2.8441920676414156e-06,2.2796182008733012e-07,0.9999969005584717,1
HOGCNN_EFFICIENTNETB3_ADAPTED_3CLASS,PyTorch/torchvision,faithful three-class task-adapted reimplementation,3407,S000106,FIVES,NORMAL,NORMAL,1,7.09629021002911e-05,5.334092293196591e-06,0.9999237060546875,1
HOGCNN_EFFICIENTNETB3_ADAPTED_3CLASS,PyTorch/torchvision,faithful three-class task-adapted reimplementation,3407,S000107,FIVES,NORMAL,NORMAL,1,8.090504707070068e-05,4.666405857278733e-06,0.9999144077301025,1
HOGCNN_EFFICIENTNETB3_ADAPTED_3CLASS,PyTorch/torchvision,faithful three-class task-adapted reimplementation,3407,S000111,FIVES,NORMAL,NORMAL,1,0.00012465518375393003,2.362256054766476e-05,0.9998517036437988,1
HOGCNN_EFFICIENTNETB3_ADAPTED_3CLASS,PyTorch/torchvision,faithful three-class task-adapted reimplementation,3407,S000114,FIVES,NORMAL,NORMAL,1,0.00027632221463136375,7.726504918537103e-06,0.9997158646583557,1
HOGCNN_EFFICIENTNETB3_ADAPTED_3CLASS,PyTorch/torchvision,faithful three-class task-adapted reimplementation,3407,S000123,FIVES,NORMAL,NORMAL,1,8.729764522286132e-05,4.715063823823584e-06,0.9999079704284668,1
HOGCNN_EFFICIENTNETB3_ADAPTED_3CLASS,PyTorch/torchvision,faithful three-class task-adapted reimplementation,3407,S000124,FIVES,NORMAL,NORMAL,1,2.695000330277253e-05,3.395436124264961e-06,0.9999697208404541,1
HOGCNN_EFFICIENTNETB3_ADAPTED_3CLASS,PyTorch/torchvision,faithful three-class task-adapted reimplementation,3407,S000126,FIVES,NORMAL,NORMAL,1,9.998622408602387e-05,1.290947875531856e-05,0.9998871088027954,1
HOGCNN_EFFICIENTNETB3_ADAPTED_3CLASS,PyTorch/torchvision,faithful three-class task-adapted reimplementation,3407,S000136,FIVES,NORMAL,NORMAL,1,3.210181603208184e-05,2.6078871542267734e-06,0.9999653100967407,1
HOGCNN_EFFICIENTNETB3_ADAPTED_3CLASS,PyTorch/torchvision,faithful three-class task-adapted reimplementation,3407,S000142,FIVES,NORMAL,NORMAL,1,3.738279337994754e-05,6.743784069840331e-06,0.9999557733535767,1
HOGCNN_EFFICIENTNETB3_ADAPTED_3CLASS,PyTorch/torchvision,faithful three-class task-adapted reimplementation,3407,S000143,FIVES,NORMAL,NORMAL,1,2.4859802579157986e-05,1.5338883940785308e-06,0.9999735355377197,1
HOGCNN_EFFICIENTNETB3_ADAPTED_3CLASS,PyTorch/torchvision,faithful three-class task-adapted reimplementation,3407,S000157,FIVES,AMD_DRY,AMD_DRY,1,0.9160529971122742,0.0837610512971878,0.00018597392772790045,1
HOGCNN_EFFICIENTNETB3_ADAPTED_3CLASS,PyTorch/torchvision,faithful three-class task-adapted reimplementation,3407,S000165,FIVES,AMD_DRY,AMD_DRY,1,0.9998227953910828,0.00014714266580995172,3.002037738042418e-05,1
HOGCNN_EFFICIENTNETB3_ADAPTED_3CLASS,PyTorch/torchvision,faithful three-class task-adapted reimplementation,3407,S000166,FIVES,AMD_DRY,AMD_WET,0,0.298676073551178,0.7011001706123352,0.00022376140987034887,1
HOGCNN_EFFICIENTNETB3_ADAPTED_3CLASS,PyTorch/torchvision,faithful three-class task-adapted reimplementation,3407,S000171,FIVES,AMD_WET,AMD_WET,1,2.1373778054112336e-06,0.9999897480010986,8.079444342001807e-06,1
HOGCNN_EFFICIENTNETB3_ADAPTED_3CLASS,PyTorch/torchvision,faithful three-class task-adapted reimplementation,3407,S000175,FIVES,AMD_WET,AMD_WET,1,0.007437312509864569,0.9925523996353149,1.0309592653356958e-05,1
HOGCNN_EFFICIENTNETB3_ADAPTED_3CLASS,PyTorch/torchvision,faithful three-class task-adapted reimplementation,3407,S000181,FIVES,AMD_WET,AMD_WET,1,1.2297501598368399e-05,0.9999778270721436,9.845453860179987e-06,1
HOGCNN_EFFICIENTNETB3_ADAPTED_3CLASS,PyTorch/torchvision,faithful three-class task-adapted reimplementation,3407,S000196,FIVES,AMD_WET,AMD_WET,1,7.463868634260962e-09,1.0,2.9682890811955076e-08,1
HOGCNN_EFFICIENTNETB3_ADAPTED_3CLASS,PyTorch/torchvision,faithful three-class task-adapted reimplementation,3407,S000197,FIVES,AMD_WET,AMD_WET,1,4.466728569241241e-06,0.9999953508377075,1.4095341782649484e-07,1
HOGCNN_EFFICIENTNETB3_ADAPTED_3CLASS,PyTorch/torchvision,faithful three-class task-adapted reimplementation,3407,S000198,FIVES,AMD_WET,AMD_WET,1,5.855934546161734e-07,0.9999983310699463,1.0487099189049331e-06,1
HOGCNN_EFFICIENTNETB3_ADAPTED_3CLASS,PyTorch/torchvision,faithful three-class task-adapted reimplementation,3407,S000199,FIVES,AMD_WET,AMD_WET,1,1.9778653950197622e-06,0.9999953508377075,2.630852577567566e-06,1
HOGCNN_EFFICIENTNETB3_ADAPTED_3CLASS,PyTorch/torchvision,faithful three-class task-adapted reimplementation,3407,S000209,FIVES,AMD_WET,AMD_WET,1,3.6415869544725865e-05,0.9999550580978394,8.540218004782218e-06,1
HOGCNN_EFFICIENTNETB3_ADAPTED_3CLASS,PyTorch/torchvision,faithful three-class task-adapted reimplementation,3407,S000214,FIVES,AMD_WET,AMD_WET,1,0.00016878491442184895,0.999796450138092,3.4816453990060836e-05,1
HOGCNN_EFFICIENTNETB3_ADAPTED_3CLASS,PyTorch/torchvision,faithful three-class task-adapted reimplementation,3407,S000221,FIVES,AMD_WET,AMD_WET,1,8.351091519698262e-12,1.0,3.040322160696718e-11,1
HOGCNN_EFFICIENTNETB3_ADAPTED_3CLASS,PyTorch/torchvision,faithful three-class task-adapted reimplementation,3407,S000223,FIVES,AMD_WET,AMD_DRY,0,0.8071920871734619,0.19279740750789642,1.0496033610252198e-05,1
HOGCNN_EFFICIENTNETB3_ADAPTED_3CLASS,PyTorch/torchvision,faithful three-class task-adapted reimplementation,3407,S000228,FIVES,AMD_WET,AMD_WET,1,1.4959732652641833e-06,0.999997615814209,8.442920034212875e-07,1
HOGCNN_EFFICIENTNETB3_ADAPTED_3CLASS,PyTorch/torchvision,faithful three-class task-adapted reimplementation,3407,S000231,FIVES,AMD_WET,AMD_WET,1,8.730910485610366e-05,0.9997121691703796,0.00020045266137458384,1
HOGCNN_EFFICIENTNETB3_ADAPTED_3CLASS,PyTorch/torchvision,faithful three-class task-adapted reimplementation,3407,S000240,ODIR,NORMAL,NORMAL,1,3.5236018447903916e-05,1.9379640434635803e-06,0.9999628067016602,1
HOGCNN_EFFICIENTNETB3_ADAPTED_3CLASS,PyTorch/torchvision,faithful three-class task-adapted reimplementation,3407,S000252,ODIR,NORMAL,NORMAL,1,3.331623702251818e-06,2.620187444790645e-07,0.9999964237213135,1
HOGCNN_EFFICIENTNETB3_ADAPTED_3CLASS,PyTorch/torchvision,faithful three-class task-adapted reimplementation,3407,S000255,ODIR,NORMAL,NORMAL,1,2.3717870135442354e-05,1.4124312883723178e-06,0.9999748468399048,1
HOGCNN_EFFICIENTNETB3_ADAPTED_3CLASS,PyTorch/torchvision,faithful three-class task-adapted reimplementation,3407,S000256,ODIR,NORMAL,NORMAL,1,0.00020102823327761143,9.902386409521569e-06,0.9997890591621399,1
HOGCNN_EFFICIENTNETB3_ADAPTED_3CLASS,PyTorch/torchvision,faithful three-class task-adapted reimplementation,3407,S000258,ODIR,NORMAL,NORMAL,1,3.814742376562208e-05,1.018379862216534e-06,0.9999607801437378,1
HOGCNN_EFFICIENTNETB3_ADAPTED_3CLASS,PyTorch/torchvision,faithful three-class task-adapted reimplementation,3407,S000264,ODIR,NORMAL,NORMAL,1,4.746660852106288e-05,2.8245235625945497e-06,0.9999496936798096,1
HOGCNN_EFFICIENTNETB3_ADAPTED_3CLASS,PyTorch/torchvision,faithful three-class task-adapted reimplementation,3407,S000265,ODIR,NORMAL,NORMAL,1,0.0006172741414047778,4.217598689137958e-05,0.9993405938148499,1
HOGCNN_EFFICIENTNETB3_ADAPTED_3CLASS,PyTorch/torchvision,faithful three-class task-adapted reimplementation,3407,S000267,ODIR,NORMAL,NORMAL,1,6.825044692959636e-05,2.7520775347511517e-06,0.9999289512634277,1
HOGCNN_EFFICIENTNETB3_ADAPTED_3CLASS,PyTorch/torchvision,faithful three-class task-adapted reimplementation,3407,S000268,ODIR,NORMAL,NORMAL,1,4.977417120244354e-05,3.5520420169632416e-06,0.9999465942382812,1
HOGCNN_EFFICIENTNETB3_ADAPTED_3CLASS,PyTorch/torchvision,faithful three-class task-adapted reimplementation,3407,S000274,ODIR,NORMAL,NORMAL,1,0.00011910060129594058,6.368095910147531e-06,0.9998745918273926,1
HOGCNN_EFFICIENTNETB3_ADAPTED_3CLASS,PyTorch/torchvision,faithful three-class task-adapted reimplementation,3407,S000275,ODIR,NORMAL,NORMAL,1,0.00010947132977889851,5.576265721174423e-06,0.9998849630355835,1
HOGCNN_EFFICIENTNETB3_ADAPTED_3CLASS,PyTorch/torchvision,faithful three-class task-adapted reimplementation,3407,S000282,ODIR,NORMAL,NORMAL,1,2.533763472456485e-05,1.5001825204308261e-06,0.9999730587005615,1
HOGCNN_EFFICIENTNETB3_ADAPTED_3CLASS,PyTorch/torchvision,faithful three-class task-adapted reimplementation,3407,S000291,ODIR,NORMAL,NORMAL,1,0.0002916269877459854,4.148546577198431e-05,0.9996669292449951,1
HOGCNN_EFFICIENTNETB3_ADAPTED_3CLASS,PyTorch/torchvision,faithful three-class task-adapted reimplementation,3407,S000298,ODIR,NORMAL,NORMAL,1,5.230494025454391e-06,2.4895030037441757e-07,0.9999945163726807,1
HOGCNN_EFFICIENTNETB3_ADAPTED_3CLASS,PyTorch/torchvision,faithful three-class task-adapted reimplementation,3407,S000307,ODIR,NORMAL,NORMAL,1,9.195114216709044e-06,6.419417672987038e-07,0.9999902248382568,1
HOGCNN_EFFICIENTNETB3_ADAPTED_3CLASS,PyTorch/torchvision,faithful three-class task-adapted reimplementation,3407,S000317,ODIR,NORMAL,NORMAL,1,7.699564775975887e-06,2.6860439561460225e-07,0.9999920129776001,1
HOGCNN_EFFICIENTNETB3_ADAPTED_3CLASS,PyTorch/torchvision,faithful three-class task-adapted reimplementation,3407,S000318,ODIR,NORMAL,NORMAL,1,2.0453186152735725e-05,6.192492492118618e-07,0.9999788999557495,1
HOGCNN_EFFICIENTNETB3_ADAPTED_3CLASS,PyTorch/torchvision,faithful three-class task-adapted reimplementation,3407,S000321,ODIR,NORMAL,NORMAL,1,3.9468304748879746e-05,6.209848834259901e-06,0.999954342842102,1
HOGCNN_EFFICIENTNETB3_ADAPTED_3CLASS,PyTorch/torchvision,faithful three-class task-adapted reimplementation,3407,S000326,ODIR,NORMAL,NORMAL,1,0.010944176465272903,0.00035492031020112336,0.9887008666992188,1
HOGCNN_EFFICIENTNETB3_ADAPTED_3CLASS,PyTorch/torchvision,faithful three-class task-adapted reimplementation,3407,S000327,ODIR,NORMAL,NORMAL,1,8.146886102622375e-05,3.18764887197176e-06,0.999915361404419,1
HOGCNN_EFFICIENTNETB3_ADAPTED_3CLASS,PyTorch/torchvision,faithful three-class task-adapted reimplementation,3407,S000329,ODIR,NORMAL,NORMAL,1,0.008951743133366108,0.0005292310961522162,0.990519106388092,1
HOGCNN_EFFICIENTNETB3_ADAPTED_3CLASS,PyTorch/torchvision,faithful three-class task-adapted reimplementation,3407,S000333,ODIR,NORMAL,NORMAL,1,0.00024825974833220243,5.974017767584883e-05,0.9996920824050903,1
HOGCNN_EFFICIENTNETB3_ADAPTED_3CLASS,PyTorch/torchvision,faithful three-class task-adapted reimplementation,3407,S000349,ODIR,NORMAL,NORMAL,1,0.00020035359193570912,1.161722047982039e-05,0.9997881054878235,1
HOGCNN_EFFICIENTNETB3_ADAPTED_3CLASS,PyTorch/torchvision,faithful three-class task-adapted reimplementation,3407,S000351,ODIR,NORMAL,NORMAL,1,4.501005241763778e-05,1.484771473769797e-06,0.9999535083770752,1
HOGCNN_EFFICIENTNETB3_ADAPTED_3CLASS,PyTorch/torchvision,faithful three-class task-adapted reimplementation,3407,S000356,ODIR,NORMAL,NORMAL,1,5.8277928474126384e-05,2.8125425615144195e-06,0.9999388456344604,1
HOGCNN_EFFICIENTNETB3_ADAPTED_3CLASS,PyTorch/torchvision,faithful three-class task-adapted reimplementation,3407,S000382,ODIR,AMD_DRY,AMD_DRY,1,0.9843749403953552,0.01562170684337616,3.4206584587082034e-06,1
HOGCNN_EFFICIENTNETB3_ADAPTED_3CLASS,PyTorch/torchvision,faithful three-class task-adapted reimplementation,3407,S000387,ODIR,AMD_DRY,AMD_DRY,1,0.9792212843894958,0.020777719095349312,9.03903242033266e-07,1
HOGCNN_EFFICIENTNETB3_ADAPTED_3CLASS,PyTorch/torchvision,faithful three-class task-adapted reimplementation,3407,S000388,ODIR,AMD_DRY,AMD_DRY,1,0.6386585831642151,0.3581881821155548,0.0031532736029475927,1
HOGCNN_EFFICIENTNETB3_ADAPTED_3CLASS,PyTorch/torchvision,faithful three-class task-adapted reimplementation,3407,S000397,ODIR,AMD_DRY,AMD_DRY,1,0.99970942735672,0.00022718033869750798,6.342285632854328e-05,1
HOGCNN_EFFICIENTNETB3_ADAPTED_3CLASS,PyTorch/torchvision,faithful three-class task-adapted reimplementation,3407,S000405,ODIR,AMD_DRY,AMD_DRY,1,0.999722421169281,0.00026285724015906453,1.4609831850975752e-05,1
HOGCNN_EFFICIENTNETB3_ADAPTED_3CLASS,PyTorch/torchvision,faithful three-class task-adapted reimplementation,3407,S000408,ODIR,AMD_DRY,AMD_DRY,1,0.9310981035232544,0.022310931235551834,0.04659104719758034,1
HOGCNN_EFFICIENTNETB3_ADAPTED_3CLASS,PyTorch/torchvision,faithful three-class task-adapted reimplementation,3407,S000413,ODIR,AMD_DRY,AMD_DRY,1,0.9992902278900146,0.00045421821414493024,0.00025555150932632387,1
HOGCNN_EFFICIENTNETB3_ADAPTED_3CLASS,PyTorch/torchvision,faithful three-class task-adapted reimplementation,3407,S000414,ODIR,AMD_DRY,AMD_DRY,1,0.9996165037155151,0.000313269323669374,7.01916214893572e-05,1
HOGCNN_EFFICIENTNETB3_ADAPTED_3CLASS,PyTorch/torchvision,faithful three-class task-adapted reimplementation,3407,S000415,ODIR,AMD_DRY,AMD_DRY,1,0.9999814033508301,1.6212447008001618e-05,2.3490811145165935e-06,1
HOGCNN_EFFICIENTNETB3_ADAPTED_3CLASS,PyTorch/torchvision,faithful three-class task-adapted reimplementation,3407,S000421,ODIR,AMD_DRY,AMD_DRY,1,0.999915599822998,8.283583883894607e-05,1.5740106391604058e-06,1
HOGCNN_EFFICIENTNETB3_ADAPTED_3CLASS,PyTorch/torchvision,faithful three-class task-adapted reimplementation,3407,S000422,ODIR,AMD_DRY,AMD_DRY,1,0.9999661445617676,3.3518470445415005e-05,3.831786443697638e-07,1
HOGCNN_EFFICIENTNETB3_ADAPTED_3CLASS,PyTorch/torchvision,faithful three-class task-adapted reimplementation,3407,S000429,ODIR,AMD_DRY,AMD_DRY,1,0.9999603033065796,2.9158034521969967e-05,1.0455649317009374e-05,1
HOGCNN_EFFICIENTNETB3_ADAPTED_3CLASS,PyTorch/torchvision,faithful three-class task-adapted reimplementation,3407,S000431,ODIR,AMD_DRY,AMD_DRY,1,0.9943126440048218,0.0036898087710142136,0.001997572835534811,1
HOGCNN_EFFICIENTNETB3_ADAPTED_3CLASS,PyTorch/torchvision,faithful three-class task-adapted reimplementation,3407,S000432,ODIR,AMD_DRY,AMD_DRY,1,0.999840497970581,3.7378875276772305e-05,0.0001220925769302994,1
HOGCNN_EFFICIENTNETB3_ADAPTED_3CLASS,PyTorch/torchvision,faithful three-class task-adapted reimplementation,3407,S000433,ODIR,AMD_DRY,AMD_DRY,1,0.9999775886535645,2.0016606868011877e-05,2.3688646706432337e-06,1
HOGCNN_EFFICIENTNETB3_ADAPTED_3CLASS,PyTorch/torchvision,faithful three-class task-adapted reimplementation,3407,S000436,ODIR,AMD_DRY,AMD_DRY,1,0.9999622106552124,3.6370700399857014e-05,1.4758833231098833e-06,1
HOGCNN_EFFICIENTNETB3_ADAPTED_3CLASS,PyTorch/torchvision,faithful three-class task-adapted reimplementation,3407,S000437,ODIR,AMD_DRY,AMD_DRY,1,0.9978881478309631,0.0015578208258375525,0.0005539338453672826,1
HOGCNN_EFFICIENTNETB3_ADAPTED_3CLASS,PyTorch/torchvision,faithful three-class task-adapted reimplementation,3407,S000446,ODIR,AMD_WET,AMD_WET,1,0.09733708202838898,0.8998103737831116,0.0028526114765554667,1
HOGCNN_EFFICIENTNETB3_ADAPTED_3CLASS,PyTorch/torchvision,faithful three-class task-adapted reimplementation,3407,S000450,ODIR,AMD_WET,AMD_WET,1,0.0002655632561072707,0.999681830406189,5.263764251139946e-05,1
HOGCNN_EFFICIENTNETB3_ADAPTED_3CLASS,PyTorch/torchvision,faithful three-class task-adapted reimplementation,3407,S000452,ODIR,AMD_WET,AMD_WET,1,0.019902730360627174,0.9800918102264404,5.39315260539297e-06,1
HOGCNN_EFFICIENTNETB3_ADAPTED_3CLASS,PyTorch/torchvision,faithful three-class task-adapted reimplementation,3407,S000454,ODIR,AMD_WET,AMD_WET,1,8.541182614862919e-05,0.9998854398727417,2.908950045821257e-05,1
HOGCNN_EFFICIENTNETB3_ADAPTED_3CLASS,PyTorch/torchvision,faithful three-class task-adapted reimplementation,3407,S000467,ODIR,AMD_WET,AMD_WET,1,0.02188248373568058,0.9686463475227356,0.009471230208873749,1
HOGCNN_EFFICIENTNETB3_ADAPTED_3CLASS,PyTorch/torchvision,faithful three-class task-adapted reimplementation,3407,S000477,RFMID,NORMAL,NORMAL,1,8.006408461369574e-05,2.2148891730466858e-05,0.9998977184295654,1
HOGCNN_EFFICIENTNETB3_ADAPTED_3CLASS,PyTorch/torchvision,faithful three-class task-adapted reimplementation,3407,S000480,RFMID,NORMAL,NORMAL,1,0.00016328926722053438,3.065920827793889e-05,0.9998061060905457,1
HOGCNN_EFFICIENTNETB3_ADAPTED_3CLASS,PyTorch/torchvision,faithful three-class task-adapted reimplementation,3407,S000484,RFMID,NORMAL,NORMAL,1,2.4620081603643484e-05,0.00020046580175403506,0.9997748732566833,1
HOGCNN_EFFICIENTNETB3_ADAPTED_3CLASS,PyTorch/torchvision,faithful three-class task-adapted reimplementation,3407,S000485,RFMID,NORMAL,NORMAL,1,2.5382585590705276e-05,8.592351150582545e-06,0.999966025352478,1
HOGCNN_EFFICIENTNETB3_ADAPTED_3CLASS,PyTorch/torchvision,faithful three-class task-adapted reimplementation,3407,S000491,RFMID,NORMAL,NORMAL,1,0.00021776391076855361,2.224685340479482e-05,0.9997599720954895,1
HOGCNN_EFFICIENTNETB3_ADAPTED_3CLASS,PyTorch/torchvision,faithful three-class task-adapted reimplementation,3407,S000493,RFMID,NORMAL,NORMAL,1,0.0008106114692054689,8.16511528682895e-05,0.9991076588630676,1
HOGCNN_EFFICIENTNETB3_ADAPTED_3CLASS,PyTorch/torchvision,faithful three-class task-adapted reimplementation,3407,S000504,RFMID,NORMAL,NORMAL,1,0.0004987666616216302,4.236779568600468e-05,0.9994588494300842,1
HOGCNN_EFFICIENTNETB3_ADAPTED_3CLASS,PyTorch/torchvision,faithful three-class task-adapted reimplementation,3407,S000506,RFMID,NORMAL,NORMAL,1,9.176079402095638e-06,1.5257948007274535e-06,0.9999892711639404,1
HOGCNN_EFFICIENTNETB3_ADAPTED_3CLASS,PyTorch/torchvision,faithful three-class task-adapted reimplementation,3407,S000507,RFMID,NORMAL,NORMAL,1,0.0001635643420740962,1.4258071132644545e-05,0.999822199344635,1
HOGCNN_EFFICIENTNETB3_ADAPTED_3CLASS,PyTorch/torchvision,faithful three-class task-adapted reimplementation,3407,S000515,RFMID,NORMAL,NORMAL,1,2.1347157598938793e-05,1.5395377204185934e-06,0.9999771118164062,1
HOGCNN_EFFICIENTNETB3_ADAPTED_3CLASS,PyTorch/torchvision,faithful three-class task-adapted reimplementation,3407,S000522,RFMID,NORMAL,NORMAL,1,0.00034722278360277414,5.1014259952353314e-05,0.9996017813682556,1
HOGCNN_EFFICIENTNETB3_ADAPTED_3CLASS,PyTorch/torchvision,faithful three-class task-adapted reimplementation,3407,S000527,RFMID,NORMAL,NORMAL,1,0.00012672063894569874,1.2202484867884777e-05,0.9998611211776733,1
HOGCNN_EFFICIENTNETB3_ADAPTED_3CLASS,PyTorch/torchvision,faithful three-class task-adapted reimplementation,3407,S000529,RFMID,NORMAL,NORMAL,1,0.00012053022510372102,4.051720679854043e-05,0.9998389482498169,1
HOGCNN_EFFICIENTNETB3_ADAPTED_3CLASS,PyTorch/torchvision,faithful three-class task-adapted reimplementation,3407,S000542,RFMID,AMD_DRY,AMD_WET,0,0.028691882267594337,0.9701582193374634,0.0011499403044581413,1
HOGCNN_EFFICIENTNETB3_ADAPTED_3CLASS,PyTorch/torchvision,faithful three-class task-adapted reimplementation,3407,S000545,RFMID,AMD_WET,AMD_WET,1,0.02125750482082367,0.978628396987915,0.0001140363237936981,1
HOGCNN_EFFICIENTNETB3_ADAPTED_3CLASS,PyTorch/torchvision,faithful three-class task-adapted reimplementation,3407,S000552,RFMID,AMD_WET,AMD_WET,1,0.0005894960486330092,0.874987006187439,0.12442348152399063,1
HOGCNN_EFFICIENTNETB3_ADAPTED_3CLASS,PyTorch/torchvision,faithful three-class task-adapted reimplementation,3407,S000553,RFMID,AMD_WET,AMD_WET,1,5.871781013411237e-06,0.9999850988388062,9.068868166650645e-06,1
HOGCNN_EFFICIENTNETB3_ADAPTED_3CLASS,PyTorch/torchvision,faithful three-class task-adapted reimplementation,3407,S000565,RFMID,AMD_WET,AMD_DRY,0,0.7729999423027039,0.221643328666687,0.005356679204851389,1
HOGCNN_EFFICIENTNETB3_ADAPTED_3CLASS,PyTorch/torchvision,faithful three-class task-adapted reimplementation,3407,S000576,RFMID,AMD_WET,NORMAL,0,0.0037281778641045094,0.23539310693740845,0.7608787417411804,1
HOGCNN_EFFICIENTNETB3_ADAPTED_3CLASS,PyTorch/torchvision,faithful three-class task-adapted reimplementation,3407,S000578,RFMID,AMD_WET,AMD_WET,1,0.001640952192246914,0.9976603984832764,0.0006986615480855107,1
HOGCNN_EFFICIENTNETB3_ADAPTED_3CLASS,PyTorch/torchvision,faithful three-class task-adapted reimplementation,3407,S000580,RFMID,AMD_WET,AMD_WET,1,1.2058239129419945e-10,1.0,1.9870145528955163e-09,1
HOGCNN_EFFICIENTNETB3_ADAPTED_3CLASS,PyTorch/torchvision,faithful three-class task-adapted reimplementation,3407,S000583,RFMID,AMD_WET,AMD_WET,1,0.0017482104012742639,0.9976314306259155,0.0006203032680787146,1
HOGCNN_EFFICIENTNETB3_ADAPTED_3CLASS,PyTorch/torchvision,faithful three-class task-adapted reimplementation,3407,S000584,RFMID,AMD_WET,AMD_WET,1,1.1678400824166602e-06,0.999841570854187,0.00015726295532658696,1
HOGCNN_EFFICIENTNETB3_ADAPTED_3CLASS,PyTorch/torchvision,faithful three-class task-adapted reimplementation,3407,S000589,RFMID,AMD_WET,AMD_WET,1,3.455834530541324e-06,0.999941349029541,5.5229480494745076e-05,1
HOGCNN_EFFICIENTNETB3_ADAPTED_3CLASS,PyTorch/torchvision,faithful three-class task-adapted reimplementation,3407,S000591,RFMID,AMD_WET,AMD_WET,1,1.4711417639645674e-09,0.9999998807907104,8.390480132902667e-08,1
HOGCNN_EFFICIENTNETB3_ADAPTED_3CLASS,PyTorch/torchvision,faithful three-class task-adapted reimplementation,3407,S000005,ADAM,AMD_DRY,AMD_DRY,1,0.9972904920578003,0.0008485064026899636,0.0018609932158142328,2
HOGCNN_EFFICIENTNETB3_ADAPTED_3CLASS,PyTorch/torchvision,faithful three-class task-adapted reimplementation,3407,S000006,ADAM,AMD_DRY,AMD_DRY,1,0.9982767105102539,0.001692095072939992,3.121405825368129e-05,2
HOGCNN_EFFICIENTNETB3_ADAPTED_3CLASS,PyTorch/torchvision,faithful three-class task-adapted reimplementation,3407,S000009,ADAM,AMD_DRY,AMD_DRY,1,0.9997965693473816,0.0001809475797927007,2.2576154151465744e-05,2
HOGCNN_EFFICIENTNETB3_ADAPTED_3CLASS,PyTorch/torchvision,faithful three-class task-adapted reimplementation,3407,S000011,ADAM,AMD_DRY,AMD_DRY,1,0.9892489910125732,0.010377165861427784,0.0003738641389645636,2
HOGCNN_EFFICIENTNETB3_ADAPTED_3CLASS,PyTorch/torchvision,faithful three-class task-adapted reimplementation,3407,S000025,ADAM,AMD_DRY,AMD_DRY,1,0.5213617086410522,0.4385409653186798,0.04009729623794556,2
HOGCNN_EFFICIENTNETB3_ADAPTED_3CLASS,PyTorch/torchvision,faithful three-class task-adapted reimplementation,3407,S000027,ADAM,AMD_DRY,AMD_DRY,1,0.9955311417579651,0.0012364070862531662,0.003232510993257165,2
HOGCNN_EFFICIENTNETB3_ADAPTED_3CLASS,PyTorch/torchvision,faithful three-class task-adapted reimplementation,3407,S000033,ADAM,AMD_DRY,AMD_DRY,1,0.9999594688415527,1.6767891793278977e-05,2.3691845854045823e-05,2
HOGCNN_EFFICIENTNETB3_ADAPTED_3CLASS,PyTorch/torchvision,faithful three-class task-adapted reimplementation,3407,S000037,ADAM,AMD_WET,AMD_WET,1,0.0027353079058229923,0.9971942901611328,7.033663132460788e-05,2
HOGCNN_EFFICIENTNETB3_ADAPTED_3CLASS,PyTorch/torchvision,faithful three-class task-adapted reimplementation,3407,S000039,ADAM,AMD_WET,AMD_WET,1,5.3999719966668636e-05,0.9999434947967529,2.509974137865356e-06,2
HOGCNN_EFFICIENTNETB3_ADAPTED_3CLASS,PyTorch/torchvision,faithful three-class task-adapted reimplementation,3407,S000044,ADAM,AMD_WET,AMD_DRY,0,0.9846188426017761,0.015031997114419937,0.0003491535608191043,2
HOGCNN_EFFICIENTNETB3_ADAPTED_3CLASS,PyTorch/torchvision,faithful three-class task-adapted reimplementation,3407,S000049,ADAM,AMD_WET,AMD_WET,1,0.0106777623295784,0.9875636100769043,0.0017586402827873826,2
HOGCNN_EFFICIENTNETB3_ADAPTED_3CLASS,PyTorch/torchvision,faithful three-class task-adapted reimplementation,3407,S000054,FIVES,NORMAL,NORMAL,1,0.00026123542920686305,4.374701529741287e-05,0.9996950626373291,2
HOGCNN_EFFICIENTNETB3_ADAPTED_3CLASS,PyTorch/torchvision,faithful three-class task-adapted reimplementation,3407,S000059,FIVES,NORMAL,NORMAL,1,6.135908188298345e-05,6.054156528989552e-06,0.9999325275421143,2
HOGCNN_EFFICIENTNETB3_ADAPTED_3CLASS,PyTorch/torchvision,faithful three-class task-adapted reimplementation,3407,S000060,FIVES,NORMAL,NORMAL,1,0.0003828865010291338,3.028595710929949e-05,0.9995868802070618,2
HOGCNN_EFFICIENTNETB3_ADAPTED_3CLASS,PyTorch/torchvision,faithful three-class task-adapted reimplementation,3407,S000063,FIVES,NORMAL,NORMAL,1,0.00016795874398667365,5.3088238928467035e-05,0.9997790455818176,2
HOGCNN_EFFICIENTNETB3_ADAPTED_3CLASS,PyTorch/torchvision,faithful three-class task-adapted reimplementation,3407,S000068,FIVES,NORMAL,NORMAL,1,0.00029142279527150095,0.0003347375604789704,0.9993738532066345,2
HOGCNN_EFFICIENTNETB3_ADAPTED_3CLASS,PyTorch/torchvision,faithful three-class task-adapted reimplementation,3407,S000069,FIVES,NORMAL,NORMAL,1,4.902361979475245e-06,3.7670304209314054e-07,0.9999947547912598,2
HOGCNN_EFFICIENTNETB3_ADAPTED_3CLASS,PyTorch/torchvision,faithful three-class task-adapted reimplementation,3407,S000091,FIVES,NORMAL,NORMAL,1,2.2295544113148935e-06,2.8543306029860105e-07,0.9999974966049194,2
HOGCNN_EFFICIENTNETB3_ADAPTED_3CLASS,PyTorch/torchvision,faithful three-class task-adapted reimplementation,3407,S000092,FIVES,NORMAL,NORMAL,1,5.0111357268178836e-06,7.817719165359449e-07,0.999994158744812,2
HOGCNN_EFFICIENTNETB3_ADAPTED_3CLASS,PyTorch/torchvision,faithful three-class task-adapted reimplementation,3407,S000098,FIVES,NORMAL,NORMAL,1,9.318453066953225e-07,1.3363651873987692e-07,0.999998927116394,2
HOGCNN_EFFICIENTNETB3_ADAPTED_3CLASS,PyTorch/torchvision,faithful three-class task-adapted reimplementation,3407,S000099,FIVES,NORMAL,AMD_WET,0,0.00023902645625639707,0.9979693293571472,0.001791671384125948,2
HOGCNN_EFFICIENTNETB3_ADAPTED_3CLASS,PyTorch/torchvision,faithful three-class task-adapted reimplementation,3407,S000102,FIVES,NORMAL,NORMAL,1,1.3946342960480251e-06,1.7103076288549346e-07,0.9999984502792358,2
HOGCNN_EFFICIENTNETB3_ADAPTED_3CLASS,PyTorch/torchvision,faithful three-class task-adapted reimplementation,3407,S000112,FIVES,NORMAL,NORMAL,1,1.2898112800030503e-05,1.1890142559423111e-05,0.9999752044677734,2
HOGCNN_EFFICIENTNETB3_ADAPTED_3CLASS,PyTorch/torchvision,faithful three-class task-adapted reimplementation,3407,S000113,FIVES,NORMAL,NORMAL,1,1.0342299901822116e-05,1.0853324965864886e-05,0.99997878074646,2
HOGCNN_EFFICIENTNETB3_ADAPTED_3CLASS,PyTorch/torchvision,faithful three-class task-adapted reimplementation,3407,S000121,FIVES,NORMAL,NORMAL,1,1.9532943042577244e-05,2.825453748300788e-06,0.9999775886535645,2
HOGCNN_EFFICIENTNETB3_ADAPTED_3CLASS,PyTorch/torchvision,faithful three-class task-adapted reimplementation,3407,S000134,FIVES,NORMAL,NORMAL,1,3.6649473713623593e-06,6.675848567283538e-07,0.9999955892562866,2
HOGCNN_EFFICIENTNETB3_ADAPTED_3CLASS,PyTorch/torchvision,faithful three-class task-adapted reimplementation,3407,S000137,FIVES,NORMAL,NORMAL,1,0.00010546619887463748,1.973731559701264e-05,0.9998747110366821,2
HOGCNN_EFFICIENTNETB3_ADAPTED_3CLASS,PyTorch/torchvision,faithful three-class task-adapted reimplementation,3407,S000138,FIVES,NORMAL,NORMAL,1,3.314576679258607e-05,6.3354946178151295e-06,0.9999605417251587,2
HOGCNN_EFFICIENTNETB3_ADAPTED_3CLASS,PyTorch/torchvision,faithful three-class task-adapted reimplementation,3407,S000147,FIVES,NORMAL,NORMAL,1,0.0006427026819437742,9.478328138357028e-05,0.9992625117301941,2
HOGCNN_EFFICIENTNETB3_ADAPTED_3CLASS,PyTorch/torchvision,faithful three-class task-adapted reimplementation,3407,S000150,FIVES,NORMAL,NORMAL,1,0.0001149670424638316,2.1711688532377593e-05,0.9998632669448853,2
HOGCNN_EFFICIENTNETB3_ADAPTED_3CLASS,PyTorch/torchvision,faithful three-class task-adapted reimplementation,3407,S000153,FIVES,AMD_DRY,AMD_WET,0,0.4055715799331665,0.5874847173690796,0.006943686865270138,2
HOGCNN_EFFICIENTNETB3_ADAPTED_3CLASS,PyTorch/torchvision,faithful three-class task-adapted reimplementation,3407,S000154,FIVES,AMD_DRY,AMD_WET,0,0.04667648673057556,0.9532672762870789,5.619526200462133e-05,2
HOGCNN_EFFICIENTNETB3_ADAPTED_3CLASS,PyTorch/torchvision,faithful three-class task-adapted reimplementation,3407,S000160,FIVES,AMD_DRY,AMD_WET,0,0.000263417576206848,0.9997318387031555,4.7464927774854004e-06,2
HOGCNN_EFFICIENTNETB3_ADAPTED_3CLASS,PyTorch/torchvision,faithful three-class task-adapted reimplementation,3407,S000167,FIVES,AMD_WET,AMD_WET,1,1.6377643419218657e-07,0.9999998807907104,1.0727489119233269e-08,2
HOGCNN_EFFICIENTNETB3_ADAPTED_3CLASS,PyTorch/torchvision,faithful three-class task-adapted reimplementation,3407,S000178,FIVES,AMD_WET,AMD_WET,1,1.6522631085535977e-07,0.9999998807907104,1.1353070483721694e-08,2
HOGCNN_EFFICIENTNETB3_ADAPTED_3CLASS,PyTorch/torchvision,faithful three-class task-adapted reimplementation,3407,S000180,FIVES,AMD_WET,AMD_WET,1,2.5471518227959677e-09,1.0,4.4840579166427474e-11,2
HOGCNN_EFFICIENTNETB3_ADAPTED_3CLASS,PyTorch/torchvision,faithful three-class task-adapted reimplementation,3407,S000183,FIVES,AMD_WET,AMD_WET,1,2.0632775488138577e-09,1.0,2.983325739225329e-11,2
HOGCNN_EFFICIENTNETB3_ADAPTED_3CLASS,PyTorch/torchvision,faithful three-class task-adapted reimplementation,3407,S000184,FIVES,AMD_WET,AMD_WET,1,7.975792248871016e-10,1.0,9.310543655494108e-12,2
HOGCNN_EFFICIENTNETB3_ADAPTED_3CLASS,PyTorch/torchvision,faithful three-class task-adapted reimplementation,3407,S000186,FIVES,AMD_WET,AMD_WET,1,3.228160721846507e-06,0.9999966621398926,1.084035972098718e-07,2
HOGCNN_EFFICIENTNETB3_ADAPTED_3CLASS,PyTorch/torchvision,faithful three-class task-adapted reimplementation,3407,S000188,FIVES,AMD_WET,AMD_WET,1,0.0023924417328089476,0.9974641799926758,0.00014336768072098494,2
HOGCNN_EFFICIENTNETB3_ADAPTED_3CLASS,PyTorch/torchvision,faithful three-class task-adapted reimplementation,3407,S000205,FIVES,AMD_WET,AMD_WET,1,1.0581261733477731e-07,0.9999998807907104,6.372456340386634e-09,2
HOGCNN_EFFICIENTNETB3_ADAPTED_3CLASS,PyTorch/torchvision,faithful three-class task-adapted reimplementation,3407,S000210,FIVES,AMD_WET,AMD_WET,1,0.0005016123759560287,0.9993789196014404,0.00011948548490181565,2
HOGCNN_EFFICIENTNETB3_ADAPTED_3CLASS,PyTorch/torchvision,faithful three-class task-adapted reimplementation,3407,S000222,FIVES,AMD_WET,AMD_WET,1,1.0102475800355393e-10,1.0,7.227212318189347e-12,2
HOGCNN_EFFICIENTNETB3_ADAPTED_3CLASS,PyTorch/torchvision,faithful three-class task-adapted reimplementation,3407,S000226,FIVES,AMD_WET,AMD_WET,1,6.306681399337322e-08,0.9999998807907104,3.9091274661728903e-10,2
HOGCNN_EFFICIENTNETB3_ADAPTED_3CLASS,PyTorch/torchvision,faithful three-class task-adapted reimplementation,3407,S000230,FIVES,AMD_WET,AMD_WET,1,9.411613198853641e-13,1.0,1.0310042682331981e-14,2
HOGCNN_EFFICIENTNETB3_ADAPTED_3CLASS,PyTorch/torchvision,faithful three-class task-adapted reimplementation,3407,S000233,FIVES,AMD_WET,AMD_WET,1,7.18343144399114e-05,0.9999207258224487,7.455349077645224e-06,2
HOGCNN_EFFICIENTNETB3_ADAPTED_3CLASS,PyTorch/torchvision,faithful three-class task-adapted reimplementation,3407,S000238,FIVES,AMD_WET,AMD_WET,1,2.1217812663093527e-12,1.0,2.2177107426944037e-13,2
HOGCNN_EFFICIENTNETB3_ADAPTED_3CLASS,PyTorch/torchvision,faithful three-class task-adapted reimplementation,3407,S000241,ODIR,NORMAL,NORMAL,1,1.533157228550408e-05,2.0683830825873883e-06,0.9999825954437256,2
HOGCNN_EFFICIENTNETB3_ADAPTED_3CLASS,PyTorch/torchvision,faithful three-class task-adapted reimplementation,3407,S000244,ODIR,NORMAL,NORMAL,1,8.753283327678218e-05,3.370206286490429e-06,0.9999091625213623,2
HOGCNN_EFFICIENTNETB3_ADAPTED_3CLASS,PyTorch/torchvision,faithful three-class task-adapted reimplementation,3407,S000250,ODIR,NORMAL,NORMAL,1,0.00016614311607554555,5.9557742133620195e-06,0.9998278617858887,2
HOGCNN_EFFICIENTNETB3_ADAPTED_3CLASS,PyTorch/torchvision,faithful three-class task-adapted reimplementation,3407,S000259,ODIR,NORMAL,NORMAL,1,5.831503585795872e-05,5.237458026385866e-06,0.9999364614486694,2
HOGCNN_EFFICIENTNETB3_ADAPTED_3CLASS,PyTorch/torchvision,faithful three-class task-adapted reimplementation,3407,S000260,ODIR,NORMAL,NORMAL,1,2.2015639842720702e-05,3.499889544400503e-06,0.9999744892120361,2
HOGCNN_EFFICIENTNETB3_ADAPTED_3CLASS,PyTorch/torchvision,faithful three-class task-adapted reimplementation,3407,S000261,ODIR,NORMAL,NORMAL,1,1.797028016881086e-05,2.1593630208371906e-06,0.9999798536300659,2
HOGCNN_EFFICIENTNETB3_ADAPTED_3CLASS,PyTorch/torchvision,faithful three-class task-adapted reimplementation,3407,S000266,ODIR,NORMAL,NORMAL,1,2.6094230634043925e-06,2.4208537752201664e-07,0.9999971389770508,2
HOGCNN_EFFICIENTNETB3_ADAPTED_3CLASS,PyTorch/torchvision,faithful three-class task-adapted reimplementation,3407,S000276,ODIR,NORMAL,NORMAL,1,0.0002603491011541337,1.2832477295887657e-05,0.9997267127037048,2
HOGCNN_EFFICIENTNETB3_ADAPTED_3CLASS,PyTorch/torchvision,faithful three-class task-adapted reimplementation,3407,S000284,ODIR,NORMAL,NORMAL,1,5.132253863848746e-05,7.078900125634391e-06,0.9999415874481201,2
HOGCNN_EFFICIENTNETB3_ADAPTED_3CLASS,PyTorch/torchvision,faithful three-class task-adapted reimplementation,3407,S000287,ODIR,NORMAL,NORMAL,1,2.528995310058235e-06,1.4318295882276288e-07,0.9999973773956299,2
HOGCNN_EFFICIENTNETB3_ADAPTED_3CLASS,PyTorch/torchvision,faithful three-class task-adapted reimplementation,3407,S000290,ODIR,NORMAL,NORMAL,1,3.122617999906652e-05,3.4160914310632506e-06,0.9999653100967407,2
HOGCNN_EFFICIENTNETB3_ADAPTED_3CLASS,PyTorch/torchvision,faithful three-class task-adapted reimplementation,3407,S000293,ODIR,NORMAL,NORMAL,1,0.004471257328987122,0.0008541661081835628,0.994674563407898,2
HOGCNN_EFFICIENTNETB3_ADAPTED_3CLASS,PyTorch/torchvision,faithful three-class task-adapted reimplementation,3407,S000295,ODIR,NORMAL,NORMAL,1,0.003696695202961564,9.598383621778339e-05,0.9962073564529419,2
HOGCNN_EFFICIENTNETB3_ADAPTED_3CLASS,PyTorch/torchvision,faithful three-class task-adapted reimplementation,3407,S000297,ODIR,NORMAL,NORMAL,1,3.193184602423571e-05,1.386694975735736e-06,0.9999666213989258,2
HOGCNN_EFFICIENTNETB3_ADAPTED_3CLASS,PyTorch/torchvision,faithful three-class task-adapted reimplementation,3407,S000300,ODIR,NORMAL,NORMAL,1,0.0002073097857646644,5.2863866585539654e-05,0.9997398257255554,2
HOGCNN_EFFICIENTNETB3_ADAPTED_3CLASS,PyTorch/torchvision,faithful three-class task-adapted reimplementation,3407,S000310,ODIR,NORMAL,NORMAL,1,5.863115075044334e-05,5.08509674546076e-06,0.9999362230300903,2
HOGCNN_EFFICIENTNETB3_ADAPTED_3CLASS,PyTorch/torchvision,faithful three-class task-adapted reimplementation,3407,S000322,ODIR,NORMAL,NORMAL,1,0.00021922260930296034,2.040342405962292e-05,0.9997604489326477,2
HOGCNN_EFFICIENTNETB3_ADAPTED_3CLASS,PyTorch/torchvision,faithful three-class task-adapted reimplementation,3407,S000340,ODIR,NORMAL,NORMAL,1,3.659117055576644e-06,2.210588547768566e-07,0.9999960660934448,2
HOGCNN_EFFICIENTNETB3_ADAPTED_3CLASS,PyTorch/torchvision,faithful three-class task-adapted reimplementation,3407,S000344,ODIR,NORMAL,NORMAL,1,0.00022088138211984187,1.3540047802962363e-05,0.9997655749320984,2
HOGCNN_EFFICIENTNETB3_ADAPTED_3CLASS,PyTorch/torchvision,faithful three-class task-adapted reimplementation,3407,S000345,ODIR,NORMAL,NORMAL,1,3.460858806647593e-06,4.5051899633108405e-07,0.9999960660934448,2
HOGCNN_EFFICIENTNETB3_ADAPTED_3CLASS,PyTorch/torchvision,faithful three-class task-adapted reimplementation,3407,S000347,ODIR,NORMAL,NORMAL,1,0.0001065862670657225,5.907135346205905e-06,0.9998874664306641,2
HOGCNN_EFFICIENTNETB3_ADAPTED_3CLASS,PyTorch/torchvision,faithful three-class task-adapted reimplementation,3407,S000350,ODIR,NORMAL,NORMAL,1,0.00012819323455914855,1.0569578989816364e-05,0.9998611211776733,2
HOGCNN_EFFICIENTNETB3_ADAPTED_3CLASS,PyTorch/torchvision,faithful three-class task-adapted reimplementation,3407,S000352,ODIR,NORMAL,NORMAL,1,0.03255043923854828,0.025299152359366417,0.942150354385376,2
HOGCNN_EFFICIENTNETB3_ADAPTED_3CLASS,PyTorch/torchvision,faithful three-class task-adapted reimplementation,3407,S000359,ODIR,NORMAL,NORMAL,1,0.0006046631024219096,0.00010892160207731649,0.9992864727973938,2
HOGCNN_EFFICIENTNETB3_ADAPTED_3CLASS,PyTorch/torchvision,faithful three-class task-adapted reimplementation,3407,S000361,ODIR,NORMAL,NORMAL,1,0.000821485766209662,8.32144360174425e-05,0.9990953207015991,2
HOGCNN_EFFICIENTNETB3_ADAPTED_3CLASS,PyTorch/torchvision,faithful three-class task-adapted reimplementation,3407,S000366,ODIR,AMD_DRY,AMD_WET,0,0.2224191278219223,0.7737429141998291,0.0038379395846277475,2
HOGCNN_EFFICIENTNETB3_ADAPTED_3CLASS,PyTorch/torchvision,faithful three-class task-adapted reimplementation,3407,S000368,ODIR,AMD_DRY,AMD_DRY,1,0.9989827275276184,0.0003127525851596147,0.0007045270758680999,2
HOGCNN_EFFICIENTNETB3_ADAPTED_3CLASS,PyTorch/torchvision,faithful three-class task-adapted reimplementation,3407,S000369,ODIR,AMD_DRY,AMD_DRY,1,0.9827624559402466,0.012587069533765316,0.004650469403713942,2
HOGCNN_EFFICIENTNETB3_ADAPTED_3CLASS,PyTorch/torchvision,faithful three-class task-adapted reimplementation,3407,S000370,ODIR,AMD_DRY,AMD_DRY,1,0.9984109401702881,0.0013556629419326782,0.00023344732471741736,2
HOGCNN_EFFICIENTNETB3_ADAPTED_3CLASS,PyTorch/torchvision,faithful three-class task-adapted reimplementation,3407,S000374,ODIR,AMD_DRY,AMD_DRY,1,0.9989389777183533,0.0009993005078285933,6.165009835967794e-05,2
HOGCNN_EFFICIENTNETB3_ADAPTED_3CLASS,PyTorch/torchvision,faithful three-class task-adapted reimplementation,3407,S000377,ODIR,AMD_DRY,AMD_DRY,1,0.5453591346740723,0.4527741074562073,0.0018667321419343352,2
HOGCNN_EFFICIENTNETB3_ADAPTED_3CLASS,PyTorch/torchvision,faithful three-class task-adapted reimplementation,3407,S000378,ODIR,AMD_DRY,AMD_DRY,1,0.9828207492828369,0.002260566223412752,0.014918763190507889,2
HOGCNN_EFFICIENTNETB3_ADAPTED_3CLASS,PyTorch/torchvision,faithful three-class task-adapted reimplementation,3407,S000379,ODIR,AMD_DRY,AMD_DRY,1,0.9928674697875977,0.005111340899020433,0.002021170686930418,2
HOGCNN_EFFICIENTNETB3_ADAPTED_3CLASS,PyTorch/torchvision,faithful three-class task-adapted reimplementation,3407,S000380,ODIR,AMD_DRY,AMD_WET,0,0.1825161874294281,0.814411997795105,0.003071836894378066,2
HOGCNN_EFFICIENTNETB3_ADAPTED_3CLASS,PyTorch/torchvision,faithful three-class task-adapted reimplementation,3407,S000383,ODIR,AMD_DRY,AMD_DRY,1,0.9991531372070312,0.0007351399399340153,0.0001116660496336408,2
HOGCNN_EFFICIENTNETB3_ADAPTED_3CLASS,PyTorch/torchvision,faithful three-class task-adapted reimplementation,3407,S000390,ODIR,AMD_DRY,AMD_DRY,1,0.9955546259880066,0.004054686985909939,0.0003907269856426865,2
HOGCNN_EFFICIENTNETB3_ADAPTED_3CLASS,PyTorch/torchvision,faithful three-class task-adapted reimplementation,3407,S000402,ODIR,AMD_DRY,AMD_DRY,1,0.999893069267273,7.48990205465816e-05,3.20664476021193e-05,2
HOGCNN_EFFICIENTNETB3_ADAPTED_3CLASS,PyTorch/torchvision,faithful three-class task-adapted reimplementation,3407,S000416,ODIR,AMD_DRY,AMD_WET,0,0.0006306173163466156,0.9993281364440918,4.1257480916101485e-05,2
HOGCNN_EFFICIENTNETB3_ADAPTED_3CLASS,PyTorch/torchvision,faithful three-class task-adapted reimplementation,3407,S000439,ODIR,AMD_DRY,AMD_DRY,1,0.9864323735237122,0.013166913762688637,0.00040077886660583317,2
HOGCNN_EFFICIENTNETB3_ADAPTED_3CLASS,PyTorch/torchvision,faithful three-class task-adapted reimplementation,3407,S000441,ODIR,AMD_DRY,AMD_DRY,1,0.9977304339408875,0.002052568132057786,0.00021708777057938278,2
HOGCNN_EFFICIENTNETB3_ADAPTED_3CLASS,PyTorch/torchvision,faithful three-class task-adapted reimplementation,3407,S000444,ODIR,AMD_DRY,AMD_DRY,1,0.9794437885284424,0.002484674099832773,0.018071599304676056,2
HOGCNN_EFFICIENTNETB3_ADAPTED_3CLASS,PyTorch/torchvision,faithful three-class task-adapted reimplementation,3407,S000447,ODIR,AMD_WET,AMD_WET,1,2.084010156977456e-05,0.9999768733978271,2.285255050082924e-06,2
HOGCNN_EFFICIENTNETB3_ADAPTED_3CLASS,PyTorch/torchvision,faithful three-class task-adapted reimplementation,3407,S000455,ODIR,AMD_WET,AMD_WET,1,1.9732497094082646e-05,0.9999796152114868,6.875209805912164e-07,2
HOGCNN_EFFICIENTNETB3_ADAPTED_3CLASS,PyTorch/torchvision,faithful three-class task-adapted reimplementation,3407,S000459,ODIR,AMD_WET,AMD_WET,1,0.0001504709798609838,0.9998468160629272,2.635659711813787e-06,2
HOGCNN_EFFICIENTNETB3_ADAPTED_3CLASS,PyTorch/torchvision,faithful three-class task-adapted reimplementation,3407,S000460,ODIR,AMD_WET,AMD_DRY,0,0.8535857796669006,0.13165144622325897,0.014762773178517818,2
HOGCNN_EFFICIENTNETB3_ADAPTED_3CLASS,PyTorch/torchvision,faithful three-class task-adapted reimplementation,3407,S000465,ODIR,AMD_WET,AMD_WET,1,0.0005108857294544578,0.999267041683197,0.00022202415857464075,2
HOGCNN_EFFICIENTNETB3_ADAPTED_3CLASS,PyTorch/torchvision,faithful three-class task-adapted reimplementation,3407,S000472,ODIR,AMD_WET,AMD_DRY,0,0.9969666600227356,0.0026837559416890144,0.000349640438798815,2
HOGCNN_EFFICIENTNETB3_ADAPTED_3CLASS,PyTorch/torchvision,faithful three-class task-adapted reimplementation,3407,S000478,RFMID,NORMAL,NORMAL,1,0.0005380694638006389,0.0004616766527760774,0.9990002512931824,2
HOGCNN_EFFICIENTNETB3_ADAPTED_3CLASS,PyTorch/torchvision,faithful three-class task-adapted reimplementation,3407,S000481,RFMID,NORMAL,NORMAL,1,0.0003755669458769262,0.00014446608838625252,0.9994800686836243,2
HOGCNN_EFFICIENTNETB3_ADAPTED_3CLASS,PyTorch/torchvision,faithful three-class task-adapted reimplementation,3407,S000490,RFMID,NORMAL,AMD_DRY,0,0.7644407153129578,0.01476833876222372,0.22079089283943176,2
HOGCNN_EFFICIENTNETB3_ADAPTED_3CLASS,PyTorch/torchvision,faithful three-class task-adapted reimplementation,3407,S000494,RFMID,NORMAL,NORMAL,1,0.1619761884212494,0.14359693229198456,0.694426953792572,2
HOGCNN_EFFICIENTNETB3_ADAPTED_3CLASS,PyTorch/torchvision,faithful three-class task-adapted reimplementation,3407,S000498,RFMID,NORMAL,AMD_WET,0,0.0073303114622831345,0.8042446374893188,0.18842501938343048,2
HOGCNN_EFFICIENTNETB3_ADAPTED_3CLASS,PyTorch/torchvision,faithful three-class task-adapted reimplementation,3407,S000502,RFMID,NORMAL,NORMAL,1,7.847853339626454e-06,1.2649471727854689e-06,0.9999908208847046,2
HOGCNN_EFFICIENTNETB3_ADAPTED_3CLASS,PyTorch/torchvision,faithful three-class task-adapted reimplementation,3407,S000508,RFMID,NORMAL,NORMAL,1,0.00025184996775351465,1.9566892660805024e-05,0.9997286200523376,2
HOGCNN_EFFICIENTNETB3_ADAPTED_3CLASS,PyTorch/torchvision,faithful three-class task-adapted reimplementation,3407,S000509,RFMID,NORMAL,NORMAL,1,0.00012061004235874861,1.1645878657873254e-05,0.9998676776885986,2
HOGCNN_EFFICIENTNETB3_ADAPTED_3CLASS,PyTorch/torchvision,faithful three-class task-adapted reimplementation,3407,S000510,RFMID,NORMAL,NORMAL,1,2.757571382971946e-05,2.865822580133681e-06,0.9999696016311646,2
HOGCNN_EFFICIENTNETB3_ADAPTED_3CLASS,PyTorch/torchvision,faithful three-class task-adapted reimplementation,3407,S000516,RFMID,NORMAL,NORMAL,1,0.0005729864933528006,5.111955033498816e-05,0.9993758797645569,2
HOGCNN_EFFICIENTNETB3_ADAPTED_3CLASS,PyTorch/torchvision,faithful three-class task-adapted reimplementation,3407,S000517,RFMID,NORMAL,NORMAL,1,1.783817970135715e-05,1.7817038724388112e-06,0.9999803304672241,2
HOGCNN_EFFICIENTNETB3_ADAPTED_3CLASS,PyTorch/torchvision,faithful three-class task-adapted reimplementation,3407,S000518,RFMID,NORMAL,NORMAL,1,0.0003256743075326085,3.8725695048924536e-05,0.9996355772018433,2
HOGCNN_EFFICIENTNETB3_ADAPTED_3CLASS,PyTorch/torchvision,faithful three-class task-adapted reimplementation,3407,S000523,RFMID,NORMAL,NORMAL,1,0.00016264965233858675,1.739820436341688e-05,0.9998199343681335,2
HOGCNN_EFFICIENTNETB3_ADAPTED_3CLASS,PyTorch/torchvision,faithful three-class task-adapted reimplementation,3407,S000537,RFMID,AMD_DRY,AMD_DRY,1,0.999776303768158,0.00020891227177344263,1.4794111848459579e-05,2
HOGCNN_EFFICIENTNETB3_ADAPTED_3CLASS,PyTorch/torchvision,faithful three-class task-adapted reimplementation,3407,S000555,RFMID,AMD_WET,AMD_WET,1,1.5214435507004964e-06,0.9999982118606567,2.3707971763542446e-07,2
HOGCNN_EFFICIENTNETB3_ADAPTED_3CLASS,PyTorch/torchvision,faithful three-class task-adapted reimplementation,3407,S000557,RFMID,AMD_WET,AMD_WET,1,1.4506672414427157e-05,0.9999845027923584,9.66354946285719e-07,2
HOGCNN_EFFICIENTNETB3_ADAPTED_3CLASS,PyTorch/torchvision,faithful three-class task-adapted reimplementation,3407,S000559,RFMID,AMD_WET,AMD_WET,1,0.0007957772468216717,0.9990264177322388,0.00017785807722248137,2
HOGCNN_EFFICIENTNETB3_ADAPTED_3CLASS,PyTorch/torchvision,faithful three-class task-adapted reimplementation,3407,S000568,RFMID,AMD_WET,AMD_WET,1,7.3214755502704065e-06,0.9999911785125732,1.4578770333173452e-06,2
HOGCNN_EFFICIENTNETB3_ADAPTED_3CLASS,PyTorch/torchvision,faithful three-class task-adapted reimplementation,3407,S000571,RFMID,AMD_WET,AMD_WET,1,1.6450651685318007e-07,0.9999998807907104,4.648478935109779e-09,2
HOGCNN_EFFICIENTNETB3_ADAPTED_3CLASS,PyTorch/torchvision,faithful three-class task-adapted reimplementation,3407,S000572,RFMID,AMD_WET,AMD_WET,1,2.985750882644744e-11,1.0,2.819891672597996e-13,2
HOGCNN_EFFICIENTNETB3_ADAPTED_3CLASS,PyTorch/torchvision,faithful three-class task-adapted reimplementation,3407,S000573,RFMID,AMD_WET,AMD_WET,1,0.005035166162997484,0.9947938323020935,0.00017101882258430123,2
HOGCNN_EFFICIENTNETB3_ADAPTED_3CLASS,PyTorch/torchvision,faithful three-class task-adapted reimplementation,3407,S000586,RFMID,AMD_WET,AMD_WET,1,0.34149986505508423,0.6538335084915161,0.0046666404232382774,2
HOGCNN_EFFICIENTNETB3_ADAPTED_3CLASS,PyTorch/torchvision,faithful three-class task-adapted reimplementation,3407,S000587,RFMID,AMD_WET,AMD_WET,1,2.415344897599425e-05,0.9999724626541138,3.376683707756456e-06,2
HOGCNN_EFFICIENTNETB3_ADAPTED_3CLASS,PyTorch/torchvision,faithful three-class task-adapted reimplementation,3407,S000594,RFMID,AMD_WET,AMD_WET,1,7.352555257966742e-07,0.9999991655349731,4.989372470731723e-08,2
HOGCNN_EFFICIENTNETB3_ADAPTED_3CLASS,PyTorch/torchvision,faithful three-class task-adapted reimplementation,3407,S000595,RFMID,AMD_WET,AMD_DRY,0,0.9828293919563293,0.016218841075897217,0.0009517994476482272,2
HOGCNN_EFFICIENTNETB3_ADAPTED_3CLASS,PyTorch/torchvision,faithful three-class task-adapted reimplementation,3407,S000012,ADAM,AMD_DRY,AMD_DRY,1,0.9999994039535522,3.907342716047424e-07,2.388770212746749e-07,3
HOGCNN_EFFICIENTNETB3_ADAPTED_3CLASS,PyTorch/torchvision,faithful three-class task-adapted reimplementation,3407,S000014,ADAM,AMD_DRY,AMD_DRY,1,0.999891996383667,4.4657328544417396e-05,6.331138138193637e-05,3
HOGCNN_EFFICIENTNETB3_ADAPTED_3CLASS,PyTorch/torchvision,faithful three-class task-adapted reimplementation,3407,S000016,ADAM,AMD_DRY,AMD_DRY,1,0.9987818598747253,0.0008124763262458146,0.0004056795150972903,3
HOGCNN_EFFICIENTNETB3_ADAPTED_3CLASS,PyTorch/torchvision,faithful three-class task-adapted reimplementation,3407,S000020,ADAM,AMD_DRY,AMD_DRY,1,0.9950538873672485,0.0006766100996173918,0.004269498400390148,3
HOGCNN_EFFICIENTNETB3_ADAPTED_3CLASS,PyTorch/torchvision,faithful three-class task-adapted reimplementation,3407,S000028,ADAM,AMD_DRY,AMD_DRY,1,0.9997972846031189,1.9710018023033626e-05,0.0001831082336138934,3
HOGCNN_EFFICIENTNETB3_ADAPTED_3CLASS,PyTorch/torchvision,faithful three-class task-adapted reimplementation,3407,S000031,ADAM,AMD_DRY,NORMAL,0,0.00011648828512988985,5.479298488353379e-05,0.9998286962509155,3
HOGCNN_EFFICIENTNETB3_ADAPTED_3CLASS,PyTorch/torchvision,faithful three-class task-adapted reimplementation,3407,S000034,ADAM,AMD_DRY,AMD_DRY,1,0.9834561944007874,0.006817003712058067,0.009726791642606258,3
HOGCNN_EFFICIENTNETB3_ADAPTED_3CLASS,PyTorch/torchvision,faithful three-class task-adapted reimplementation,3407,S000036,ADAM,AMD_WET,AMD_DRY,0,0.9454781413078308,0.04884650558233261,0.005675343796610832,3
HOGCNN_EFFICIENTNETB3_ADAPTED_3CLASS,PyTorch/torchvision,faithful three-class task-adapted reimplementation,3407,S000038,ADAM,AMD_WET,AMD_WET,1,3.70898533219588e-07,0.9999995231628418,8.214092872549372e-08,3
HOGCNN_EFFICIENTNETB3_ADAPTED_3CLASS,PyTorch/torchvision,faithful three-class task-adapted reimplementation,3407,S000050,ADAM,AMD_WET,AMD_WET,1,2.208424120908603e-05,0.999977707862854,2.612523246625642e-07,3
HOGCNN_EFFICIENTNETB3_ADAPTED_3CLASS,PyTorch/torchvision,faithful three-class task-adapted reimplementation,3407,S000058,FIVES,NORMAL,NORMAL,1,2.3373881674615404e-07,1.4180857021983684e-07,0.9999996423721313,3
HOGCNN_EFFICIENTNETB3_ADAPTED_3CLASS,PyTorch/torchvision,faithful three-class task-adapted reimplementation,3407,S000061,FIVES,NORMAL,NORMAL,1,2.327496304133092e-06,4.672997420129832e-07,0.9999971389770508,3
HOGCNN_EFFICIENTNETB3_ADAPTED_3CLASS,PyTorch/torchvision,faithful three-class task-adapted reimplementation,3407,S000070,FIVES,NORMAL,NORMAL,1,3.7558005715254694e-05,2.77255776381935e-06,0.9999597072601318,3
HOGCNN_EFFICIENTNETB3_ADAPTED_3CLASS,PyTorch/torchvision,faithful three-class task-adapted reimplementation,3407,S000073,FIVES,NORMAL,NORMAL,1,2.3237251298269257e-05,9.010760550154373e-06,0.9999676942825317,3
HOGCNN_EFFICIENTNETB3_ADAPTED_3CLASS,PyTorch/torchvision,faithful three-class task-adapted reimplementation,3407,S000075,FIVES,NORMAL,NORMAL,1,1.3607450455310754e-06,1.194383543179356e-07,0.9999985694885254,3
HOGCNN_EFFICIENTNETB3_ADAPTED_3CLASS,PyTorch/torchvision,faithful three-class task-adapted reimplementation,3407,S000076,FIVES,NORMAL,NORMAL,1,4.730344244308071e-06,1.8152891243516933e-06,0.9999934434890747,3
HOGCNN_EFFICIENTNETB3_ADAPTED_3CLASS,PyTorch/torchvision,faithful three-class task-adapted reimplementation,3407,S000080,FIVES,NORMAL,NORMAL,1,9.697174618850113e-07,1.0992666830134112e-06,0.9999979734420776,3
HOGCNN_EFFICIENTNETB3_ADAPTED_3CLASS,PyTorch/torchvision,faithful three-class task-adapted reimplementation,3407,S000082,FIVES,NORMAL,NORMAL,1,1.9329988845129265e-06,9.468836879023002e-07,0.9999971389770508,3
HOGCNN_EFFICIENTNETB3_ADAPTED_3CLASS,PyTorch/torchvision,faithful three-class task-adapted reimplementation,3407,S000086,FIVES,NORMAL,NORMAL,1,0.0045391288585960865,0.0004002235073130578,0.9950606226921082,3
HOGCNN_EFFICIENTNETB3_ADAPTED_3CLASS,PyTorch/torchvision,faithful three-class task-adapted reimplementation,3407,S000087,FIVES,NORMAL,NORMAL,1,1.0509746061870828e-05,4.959332727594301e-06,0.9999845027923584,3
HOGCNN_EFFICIENTNETB3_ADAPTED_3CLASS,PyTorch/torchvision,faithful three-class task-adapted reimplementation,3407,S000104,FIVES,NORMAL,NORMAL,1,9.606419916963205e-05,2.080413651128765e-06,0.9999018907546997,3
HOGCNN_EFFICIENTNETB3_ADAPTED_3CLASS,PyTorch/torchvision,faithful three-class task-adapted reimplementation,3407,S000115,FIVES,NORMAL,NORMAL,1,4.298371641198173e-05,2.563094767538132e-06,0.999954342842102,3
HOGCNN_EFFICIENTNETB3_ADAPTED_3CLASS,PyTorch/torchvision,faithful three-class task-adapted reimplementation,3407,S000116,FIVES,NORMAL,AMD_DRY,0,0.9990214109420776,0.00015072620590217412,0.0008277795277535915,3
HOGCNN_EFFICIENTNETB3_ADAPTED_3CLASS,PyTorch/torchvision,faithful three-class task-adapted reimplementation,3407,S000127,FIVES,NORMAL,NORMAL,1,7.0042501647549216e-06,1.1932694405913935e-06,0.999991774559021,3
HOGCNN_EFFICIENTNETB3_ADAPTED_3CLASS,PyTorch/torchvision,faithful three-class task-adapted reimplementation,3407,S000129,FIVES,NORMAL,NORMAL,1,2.7645286536426283e-05,2.6495126803638414e-06,0.9999697208404541,3
HOGCNN_EFFICIENTNETB3_ADAPTED_3CLASS,PyTorch/torchvision,faithful three-class task-adapted reimplementation,3407,S000132,FIVES,NORMAL,NORMAL,1,6.840263608864916e-07,1.070292015015184e-07,0.9999991655349731,3
HOGCNN_EFFICIENTNETB3_ADAPTED_3CLASS,PyTorch/torchvision,faithful three-class task-adapted reimplementation,3407,S000139,FIVES,NORMAL,NORMAL,1,1.334838816546835e-05,2.3441598386853e-06,0.9999842643737793,3
HOGCNN_EFFICIENTNETB3_ADAPTED_3CLASS,PyTorch/torchvision,faithful three-class task-adapted reimplementation,3407,S000140,FIVES,NORMAL,NORMAL,1,4.438016731000971e-06,1.9708083982550306e-06,0.9999935626983643,3
HOGCNN_EFFICIENTNETB3_ADAPTED_3CLASS,PyTorch/torchvision,faithful three-class task-adapted reimplementation,3407,S000144,FIVES,NORMAL,NORMAL,1,3.3070728022721596e-06,9.243261729352525e-07,0.9999957084655762,3
HOGCNN_EFFICIENTNETB3_ADAPTED_3CLASS,PyTorch/torchvision,faithful three-class task-adapted reimplementation,3407,S000148,FIVES,NORMAL,NORMAL,1,1.8680077118915506e-05,3.3020976388797862e-06,0.9999779462814331,3
HOGCNN_EFFICIENTNETB3_ADAPTED_3CLASS,PyTorch/torchvision,faithful three-class task-adapted reimplementation,3407,S000152,FIVES,AMD_DRY,AMD_DRY,1,0.954647958278656,0.04524436965584755,0.00010764700709842145,3
HOGCNN_EFFICIENTNETB3_ADAPTED_3CLASS,PyTorch/torchvision,faithful three-class task-adapted reimplementation,3407,S000156,FIVES,AMD_DRY,AMD_WET,0,0.00109785795211792,0.9989020824432373,6.788665984913678e-08,3
HOGCNN_EFFICIENTNETB3_ADAPTED_3CLASS,PyTorch/torchvision,faithful three-class task-adapted reimplementation,3407,S000161,FIVES,AMD_DRY,AMD_WET,0,6.823090359375783e-08,0.9999998807907104,1.2796582460339323e-08,3
HOGCNN_EFFICIENTNETB3_ADAPTED_3CLASS,PyTorch/torchvision,faithful three-class task-adapted reimplementation,3407,S000170,FIVES,AMD_WET,AMD_WET,1,9.853350775301806e-07,0.9999963045120239,2.672203663678374e-06,3
HOGCNN_EFFICIENTNETB3_ADAPTED_3CLASS,PyTorch/torchvision,faithful three-class task-adapted reimplementation,3407,S000172,FIVES,AMD_WET,AMD_WET,1,3.7299823816283606e-06,0.9999946355819702,1.6786874539320706e-06,3
HOGCNN_EFFICIENTNETB3_ADAPTED_3CLASS,PyTorch/torchvision,faithful three-class task-adapted reimplementation,3407,S000173,FIVES,AMD_WET,AMD_WET,1,2.8592250095327287e-11,1.0,1.1362376317602951e-10,3
HOGCNN_EFFICIENTNETB3_ADAPTED_3CLASS,PyTorch/torchvision,faithful three-class task-adapted reimplementation,3407,S000174,FIVES,AMD_WET,AMD_WET,1,9.469237483017423e-08,0.9999998807907104,1.1455478343691539e-08,3
HOGCNN_EFFICIENTNETB3_ADAPTED_3CLASS,PyTorch/torchvision,faithful three-class task-adapted reimplementation,3407,S000190,FIVES,AMD_WET,AMD_WET,1,2.9901448215241544e-05,0.9999693632125854,7.299894377865712e-07,3
HOGCNN_EFFICIENTNETB3_ADAPTED_3CLASS,PyTorch/torchvision,faithful three-class task-adapted reimplementation,3407,S000193,FIVES,AMD_WET,AMD_WET,1,2.1545409254031256e-05,0.9999619722366333,1.646244345465675e-05,3
HOGCNN_EFFICIENTNETB3_ADAPTED_3CLASS,PyTorch/torchvision,faithful three-class task-adapted reimplementation,3407,S000200,FIVES,AMD_WET,AMD_DRY,0,0.9997146725654602,0.00028489864780567586,3.866767883664579e-07,3
HOGCNN_EFFICIENTNETB3_ADAPTED_3CLASS,PyTorch/torchvision,faithful three-class task-adapted reimplementation,3407,S000201,FIVES,AMD_WET,AMD_WET,1,5.6061893701553345e-05,0.9999433755874634,5.506439038072131e-07,3
HOGCNN_EFFICIENTNETB3_ADAPTED_3CLASS,PyTorch/torchvision,faithful three-class task-adapted reimplementation,3407,S000204,FIVES,AMD_WET,AMD_WET,1,0.0012392650824040174,0.9983953833580017,0.0003653828171081841,3
HOGCNN_EFFICIENTNETB3_ADAPTED_3CLASS,PyTorch/torchvision,faithful three-class task-adapted reimplementation,3407,S000207,FIVES,AMD_WET,AMD_WET,1,0.0001805497013265267,0.9998155236244202,3.965600626543164e-06,3
HOGCNN_EFFICIENTNETB3_ADAPTED_3CLASS,PyTorch/torchvision,faithful three-class task-adapted reimplementation,3407,S000208,FIVES,AMD_WET,AMD_DRY,0,0.9978454113006592,0.0016712987562641501,0.00048326351679861546,3
HOGCNN_EFFICIENTNETB3_ADAPTED_3CLASS,PyTorch/torchvision,faithful three-class task-adapted reimplementation,3407,S000213,FIVES,AMD_WET,AMD_WET,1,2.9089559205885962e-08,0.9999997615814209,2.6105186634595157e-07,3
HOGCNN_EFFICIENTNETB3_ADAPTED_3CLASS,PyTorch/torchvision,faithful three-class task-adapted reimplementation,3407,S000216,FIVES,AMD_WET,AMD_WET,1,3.6969975969469715e-09,1.0,1.5041515810665373e-09,3
HOGCNN_EFFICIENTNETB3_ADAPTED_3CLASS,PyTorch/torchvision,faithful three-class task-adapted reimplementation,3407,S000220,FIVES,AMD_WET,AMD_WET,1,3.800302295076108e-07,0.9999992847442627,3.701154582813615e-07,3
HOGCNN_EFFICIENTNETB3_ADAPTED_3CLASS,PyTorch/torchvision,faithful three-class task-adapted reimplementation,3407,S000239,ODIR,NORMAL,NORMAL,1,2.3357906684395857e-05,9.669880682849907e-07,0.9999756813049316,3
HOGCNN_EFFICIENTNETB3_ADAPTED_3CLASS,PyTorch/torchvision,faithful three-class task-adapted reimplementation,3407,S000251,ODIR,NORMAL,NORMAL,1,5.5783319112379104e-05,1.241363520421146e-06,0.9999430179595947,3
HOGCNN_EFFICIENTNETB3_ADAPTED_3CLASS,PyTorch/torchvision,faithful three-class task-adapted reimplementation,3407,S000257,ODIR,NORMAL,NORMAL,1,2.873192386232404e-07,3.1285008361692235e-08,0.9999997615814209,3
HOGCNN_EFFICIENTNETB3_ADAPTED_3CLASS,PyTorch/torchvision,faithful three-class task-adapted reimplementation,3407,S000263,ODIR,NORMAL,NORMAL,1,1.5153176718740724e-05,4.618312686943682e-06,0.9999802112579346,3
HOGCNN_EFFICIENTNETB3_ADAPTED_3CLASS,PyTorch/torchvision,faithful three-class task-adapted reimplementation,3407,S000270,ODIR,NORMAL,NORMAL,1,1.7647265622144914e-06,1.930208810563272e-07,0.9999979734420776,3
HOGCNN_EFFICIENTNETB3_ADAPTED_3CLASS,PyTorch/torchvision,faithful three-class task-adapted reimplementation,3407,S000273,ODIR,NORMAL,NORMAL,1,9.786471309780609e-06,5.760144858868443e-07,0.9999896287918091,3
HOGCNN_EFFICIENTNETB3_ADAPTED_3CLASS,PyTorch/torchvision,faithful three-class task-adapted reimplementation,3407,S000277,ODIR,NORMAL,NORMAL,1,2.077212957374286e-05,2.16374360206828e-06,0.9999771118164062,3
HOGCNN_EFFICIENTNETB3_ADAPTED_3CLASS,PyTorch/torchvision,faithful three-class task-adapted reimplementation,3407,S000278,ODIR,NORMAL,NORMAL,1,5.468087920235121e-07,1.4673483974547707e-06,0.9999979734420776,3
HOGCNN_EFFICIENTNETB3_ADAPTED_3CLASS,PyTorch/torchvision,faithful three-class task-adapted reimplementation,3407,S000296,ODIR,NORMAL,NORMAL,1,9.999190297094174e-06,5.507104560820153e-06,0.9999845027923584,3
HOGCNN_EFFICIENTNETB3_ADAPTED_3CLASS,PyTorch/torchvision,faithful three-class task-adapted reimplementation,3407,S000301,ODIR,NORMAL,NORMAL,1,0.00013007056259084493,4.3503412598511204e-05,0.9998264908790588,3
HOGCNN_EFFICIENTNETB3_ADAPTED_3CLASS,PyTorch/torchvision,faithful three-class task-adapted reimplementation,3407,S000306,ODIR,NORMAL,NORMAL,1,0.00010659187682904303,2.065328544631484e-06,0.9998914003372192,3
HOGCNN_EFFICIENTNETB3_ADAPTED_3CLASS,PyTorch/torchvision,faithful three-class task-adapted reimplementation,3407,S000308,ODIR,NORMAL,NORMAL,1,3.7359663110692054e-05,4.968326720700134e-06,0.9999576807022095,3
HOGCNN_EFFICIENTNETB3_ADAPTED_3CLASS,PyTorch/torchvision,faithful three-class task-adapted reimplementation,3407,S000319,ODIR,NORMAL,NORMAL,1,0.0003681710222736001,2.3236261768033728e-05,0.99960857629776,3
HOGCNN_EFFICIENTNETB3_ADAPTED_3CLASS,PyTorch/torchvision,faithful three-class task-adapted reimplementation,3407,S000324,ODIR,NORMAL,NORMAL,1,0.015592223964631557,0.00048225154750980437,0.983925461769104,3
HOGCNN_EFFICIENTNETB3_ADAPTED_3CLASS,PyTorch/torchvision,faithful three-class task-adapted reimplementation,3407,S000325,ODIR,NORMAL,NORMAL,1,0.0002415264316368848,2.6707490178523585e-05,0.999731719493866,3
HOGCNN_EFFICIENTNETB3_ADAPTED_3CLASS,PyTorch/torchvision,faithful three-class task-adapted reimplementation,3407,S000328,ODIR,NORMAL,NORMAL,1,1.627468918741215e-05,4.82757059216965e-07,0.9999831914901733,3
HOGCNN_EFFICIENTNETB3_ADAPTED_3CLASS,PyTorch/torchvision,faithful three-class task-adapted reimplementation,3407,S000331,ODIR,NORMAL,NORMAL,1,0.00014968686446081847,0.00020517624216154218,0.9996451139450073,3
HOGCNN_EFFICIENTNETB3_ADAPTED_3CLASS,PyTorch/torchvision,faithful three-class task-adapted reimplementation,3407,S000334,ODIR,NORMAL,NORMAL,1,3.5810191434393346e-07,5.324129119799181e-07,0.9999991655349731,3
HOGCNN_EFFICIENTNETB3_ADAPTED_3CLASS,PyTorch/torchvision,faithful three-class task-adapted reimplementation,3407,S000338,ODIR,NORMAL,NORMAL,1,1.1039654737032834e-06,4.2660815324779833e-07,0.9999984502792358,3
HOGCNN_EFFICIENTNETB3_ADAPTED_3CLASS,PyTorch/torchvision,faithful three-class task-adapted reimplementation,3407,S000339,ODIR,NORMAL,NORMAL,1,1.2523217947091325e-06,6.190479666656756e-07,0.9999980926513672,3
HOGCNN_EFFICIENTNETB3_ADAPTED_3CLASS,PyTorch/torchvision,faithful three-class task-adapted reimplementation,3407,S000342,ODIR,NORMAL,NORMAL,1,2.1550144992943387e-06,4.503773993747018e-07,0.9999973773956299,3
HOGCNN_EFFICIENTNETB3_ADAPTED_3CLASS,PyTorch/torchvision,faithful three-class task-adapted reimplementation,3407,S000348,ODIR,NORMAL,NORMAL,1,0.00017080333782359958,3.9428403397323564e-05,0.9997897744178772,3
HOGCNN_EFFICIENTNETB3_ADAPTED_3CLASS,PyTorch/torchvision,faithful three-class task-adapted reimplementation,3407,S000354,ODIR,NORMAL,NORMAL,1,5.120812056702562e-05,7.4217209657945205e-06,0.999941349029541,3
HOGCNN_EFFICIENTNETB3_ADAPTED_3CLASS,PyTorch/torchvision,faithful three-class task-adapted reimplementation,3407,S000357,ODIR,NORMAL,NORMAL,1,4.674675722071697e-07,4.199559455742019e-08,0.9999995231628418,3
HOGCNN_EFFICIENTNETB3_ADAPTED_3CLASS,PyTorch/torchvision,faithful three-class task-adapted reimplementation,3407,S000362,ODIR,NORMAL,NORMAL,1,4.660138438339345e-05,1.014187182590831e-05,0.9999432563781738,3
HOGCNN_EFFICIENTNETB3_ADAPTED_3CLASS,PyTorch/torchvision,faithful three-class task-adapted reimplementation,3407,S000367,ODIR,AMD_DRY,AMD_WET,0,0.004348380956798792,0.994675874710083,0.0009757827501744032,3
HOGCNN_EFFICIENTNETB3_ADAPTED_3CLASS,PyTorch/torchvision,faithful three-class task-adapted reimplementation,3407,S000373,ODIR,AMD_DRY,AMD_WET,0,0.0008975595119409263,0.999072790145874,2.966242936963681e-05,3
HOGCNN_EFFICIENTNETB3_ADAPTED_3CLASS,PyTorch/torchvision,faithful three-class task-adapted reimplementation,3407,S000375,ODIR,AMD_DRY,AMD_DRY,1,0.9999731779098511,2.6082920157932676e-05,6.579225555469748e-07,3
HOGCNN_EFFICIENTNETB3_ADAPTED_3CLASS,PyTorch/torchvision,faithful three-class task-adapted reimplementation,3407,S000381,ODIR,AMD_DRY,AMD_DRY,1,0.9988669157028198,0.001128984848037362,4.205064669804415e-06,3
HOGCNN_EFFICIENTNETB3_ADAPTED_3CLASS,PyTorch/torchvision,faithful three-class task-adapted reimplementation,3407,S000389,ODIR,AMD_DRY,AMD_DRY,1,0.9996862411499023,0.00027876440435647964,3.5005177778657526e-05,3
HOGCNN_EFFICIENTNETB3_ADAPTED_3CLASS,PyTorch/torchvision,faithful three-class task-adapted reimplementation,3407,S000394,ODIR,AMD_DRY,AMD_DRY,1,0.9999680519104004,3.148460018564947e-05,4.677141589581879e-07,3
HOGCNN_EFFICIENTNETB3_ADAPTED_3CLASS,PyTorch/torchvision,faithful three-class task-adapted reimplementation,3407,S000399,ODIR,AMD_DRY,AMD_WET,0,3.568587089830544e-06,0.9999960660934448,3.259973198055377e-07,3
HOGCNN_EFFICIENTNETB3_ADAPTED_3CLASS,PyTorch/torchvision,faithful three-class task-adapted reimplementation,3407,S000411,ODIR,AMD_DRY,AMD_DRY,1,0.9999986886978149,1.1921856639673933e-06,1.5552436138932535e-07,3
HOGCNN_EFFICIENTNETB3_ADAPTED_3CLASS,PyTorch/torchvision,faithful three-class task-adapted reimplementation,3407,S000412,ODIR,AMD_DRY,AMD_DRY,1,0.9999383687973022,4.8709775001043454e-05,1.2894599421997555e-05,3
HOGCNN_EFFICIENTNETB3_ADAPTED_3CLASS,PyTorch/torchvision,faithful three-class task-adapted reimplementation,3407,S000417,ODIR,AMD_DRY,AMD_DRY,1,0.9999985694885254,3.523461771237635e-07,1.0150865819014143e-06,3
HOGCNN_EFFICIENTNETB3_ADAPTED_3CLASS,PyTorch/torchvision,faithful three-class task-adapted reimplementation,3407,S000418,ODIR,AMD_DRY,AMD_WET,0,1.2321269338144702e-08,1.0,6.084353465496406e-09,3
HOGCNN_EFFICIENTNETB3_ADAPTED_3CLASS,PyTorch/torchvision,faithful three-class task-adapted reimplementation,3407,S000423,ODIR,AMD_DRY,AMD_WET,0,0.004321707878261805,0.9782372117042542,0.01744109019637108,3
HOGCNN_EFFICIENTNETB3_ADAPTED_3CLASS,PyTorch/torchvision,faithful three-class task-adapted reimplementation,3407,S000426,ODIR,AMD_DRY,AMD_DRY,1,0.9776080250740051,0.0002492531493771821,0.022142715752124786,3
HOGCNN_EFFICIENTNETB3_ADAPTED_3CLASS,PyTorch/torchvision,faithful three-class task-adapted reimplementation,3407,S000435,ODIR,AMD_DRY,AMD_DRY,1,1.0,1.8866336048972698e-08,5.740730557590723e-09,3
HOGCNN_EFFICIENTNETB3_ADAPTED_3CLASS,PyTorch/torchvision,faithful three-class task-adapted reimplementation,3407,S000440,ODIR,AMD_DRY,NORMAL,0,4.3494619603734463e-05,1.0793623914651107e-05,0.9999456405639648,3
HOGCNN_EFFICIENTNETB3_ADAPTED_3CLASS,PyTorch/torchvision,faithful three-class task-adapted reimplementation,3407,S000442,ODIR,AMD_DRY,AMD_DRY,1,0.9999575614929199,9.556864824844524e-06,3.2857944461284205e-05,3
HOGCNN_EFFICIENTNETB3_ADAPTED_3CLASS,PyTorch/torchvision,faithful three-class task-adapted reimplementation,3407,S000448,ODIR,AMD_WET,AMD_DRY,0,0.8490972518920898,0.1489000767469406,0.0020025980193167925,3
HOGCNN_EFFICIENTNETB3_ADAPTED_3CLASS,PyTorch/torchvision,faithful three-class task-adapted reimplementation,3407,S000453,ODIR,AMD_WET,AMD_DRY,0,0.9998542070388794,0.00011465045827208087,3.109550380031578e-05,3
HOGCNN_EFFICIENTNETB3_ADAPTED_3CLASS,PyTorch/torchvision,faithful three-class task-adapted reimplementation,3407,S000457,ODIR,AMD_WET,AMD_WET,1,1.583589551046316e-06,0.9999974966049194,9.596843710824032e-07,3
HOGCNN_EFFICIENTNETB3_ADAPTED_3CLASS,PyTorch/torchvision,faithful three-class task-adapted reimplementation,3407,S000458,ODIR,AMD_WET,AMD_WET,1,0.0002125096507370472,0.999768078327179,1.9465223886072636e-05,3
HOGCNN_EFFICIENTNETB3_ADAPTED_3CLASS,PyTorch/torchvision,faithful three-class task-adapted reimplementation,3407,S000461,ODIR,AMD_WET,AMD_WET,1,0.006129872985184193,0.9938499927520752,2.008128649322316e-05,3
HOGCNN_EFFICIENTNETB3_ADAPTED_3CLASS,PyTorch/torchvision,faithful three-class task-adapted reimplementation,3407,S000464,ODIR,AMD_WET,AMD_WET,1,2.8499338444731848e-09,1.0,9.951169888111622e-10,3
HOGCNN_EFFICIENTNETB3_ADAPTED_3CLASS,PyTorch/torchvision,faithful three-class task-adapted reimplementation,3407,S000473,RFMID,NORMAL,NORMAL,1,1.3079587688480387e-06,5.4597410326096e-07,0.9999980926513672,3
HOGCNN_EFFICIENTNETB3_ADAPTED_3CLASS,PyTorch/torchvision,faithful three-class task-adapted reimplementation,3407,S000482,RFMID,NORMAL,NORMAL,1,5.55323094886262e-05,2.2435497157857753e-05,0.9999220371246338,3
HOGCNN_EFFICIENTNETB3_ADAPTED_3CLASS,PyTorch/torchvision,faithful three-class task-adapted reimplementation,3407,S000497,RFMID,NORMAL,NORMAL,1,2.1025458408985287e-05,1.2261765505172662e-06,0.9999778270721436,3
HOGCNN_EFFICIENTNETB3_ADAPTED_3CLASS,PyTorch/torchvision,faithful three-class task-adapted reimplementation,3407,S000499,RFMID,NORMAL,NORMAL,1,0.002478339010849595,0.00017582361761014909,0.9973458647727966,3
HOGCNN_EFFICIENTNETB3_ADAPTED_3CLASS,PyTorch/torchvision,faithful three-class task-adapted reimplementation,3407,S000500,RFMID,NORMAL,NORMAL,1,0.0019319411367177963,0.00020546438463497907,0.9978626370429993,3
HOGCNN_EFFICIENTNETB3_ADAPTED_3CLASS,PyTorch/torchvision,faithful three-class task-adapted reimplementation,3407,S000505,RFMID,NORMAL,NORMAL,1,1.7741853298502974e-05,1.2142540072090924e-05,0.9999700784683228,3
HOGCNN_EFFICIENTNETB3_ADAPTED_3CLASS,PyTorch/torchvision,faithful three-class task-adapted reimplementation,3407,S000512,RFMID,NORMAL,NORMAL,1,3.471963623269403e-07,5.681636139343027e-08,0.9999996423721313,3
HOGCNN_EFFICIENTNETB3_ADAPTED_3CLASS,PyTorch/torchvision,faithful three-class task-adapted reimplementation,3407,S000514,RFMID,NORMAL,NORMAL,1,0.00017847210983745754,5.186182534089312e-05,0.9997697472572327,3
HOGCNN_EFFICIENTNETB3_ADAPTED_3CLASS,PyTorch/torchvision,faithful three-class task-adapted reimplementation,3407,S000521,RFMID,NORMAL,NORMAL,1,0.00044515563058666885,0.00024062060401774943,0.9993141889572144,3
HOGCNN_EFFICIENTNETB3_ADAPTED_3CLASS,PyTorch/torchvision,faithful three-class task-adapted reimplementation,3407,S000524,RFMID,NORMAL,NORMAL,1,4.05619516641309e-07,1.3276024901642813e-07,0.9999995231628418,3
HOGCNN_EFFICIENTNETB3_ADAPTED_3CLASS,PyTorch/torchvision,faithful three-class task-adapted reimplementation,3407,S000530,RFMID,NORMAL,NORMAL,1,3.219773861928843e-05,2.4903982193791308e-05,0.9999428987503052,3
HOGCNN_EFFICIENTNETB3_ADAPTED_3CLASS,PyTorch/torchvision,faithful three-class task-adapted reimplementation,3407,S000534,RFMID,NORMAL,NORMAL,1,3.841787929559359e-06,6.651825401604583e-07,0.9999954700469971,3
HOGCNN_EFFICIENTNETB3_ADAPTED_3CLASS,PyTorch/torchvision,faithful three-class task-adapted reimplementation,3407,S000540,RFMID,AMD_DRY,AMD_WET,0,0.013446088880300522,0.9865229725837708,3.097973967669532e-05,3
HOGCNN_EFFICIENTNETB3_ADAPTED_3CLASS,PyTorch/torchvision,faithful three-class task-adapted reimplementation,3407,S000541,RFMID,AMD_DRY,AMD_WET,0,0.013994649983942509,0.9859668612480164,3.8461217627627775e-05,3
HOGCNN_EFFICIENTNETB3_ADAPTED_3CLASS,PyTorch/torchvision,faithful three-class task-adapted reimplementation,3407,S000544,RFMID,AMD_WET,AMD_WET,1,2.694253453228157e-05,0.9999556541442871,1.7453168766223826e-05,3
HOGCNN_EFFICIENTNETB3_ADAPTED_3CLASS,PyTorch/torchvision,faithful three-class task-adapted reimplementation,3407,S000546,RFMID,AMD_WET,AMD_WET,1,4.7393259455796866e-11,1.0,1.4564491973567684e-11,3
HOGCNN_EFFICIENTNETB3_ADAPTED_3CLASS,PyTorch/torchvision,faithful three-class task-adapted reimplementation,3407,S000549,RFMID,AMD_WET,AMD_WET,1,4.0392966749180914e-11,1.0,6.336043495425159e-11,3
HOGCNN_EFFICIENTNETB3_ADAPTED_3CLASS,PyTorch/torchvision,faithful three-class task-adapted reimplementation,3407,S000560,RFMID,AMD_WET,AMD_WET,1,3.152191041522201e-08,1.0,5.333860908507404e-09,3
HOGCNN_EFFICIENTNETB3_ADAPTED_3CLASS,PyTorch/torchvision,faithful three-class task-adapted reimplementation,3407,S000561,RFMID,AMD_WET,AMD_WET,1,7.13909996657297e-13,1.0,5.501530220969331e-12,3
HOGCNN_EFFICIENTNETB3_ADAPTED_3CLASS,PyTorch/torchvision,faithful three-class task-adapted reimplementation,3407,S000562,RFMID,AMD_WET,AMD_WET,1,0.004853483755141497,0.994131863117218,0.0010146769927814603,3
HOGCNN_EFFICIENTNETB3_ADAPTED_3CLASS,PyTorch/torchvision,faithful three-class task-adapted reimplementation,3407,S000563,RFMID,AMD_WET,AMD_WET,1,7.92744685895741e-07,0.9999972581863403,1.931624410644872e-06,3
HOGCNN_EFFICIENTNETB3_ADAPTED_3CLASS,PyTorch/torchvision,faithful three-class task-adapted reimplementation,3407,S000564,RFMID,AMD_WET,AMD_DRY,0,0.9966630339622498,0.0030720673967152834,0.00026488356525078416,3
HOGCNN_EFFICIENTNETB3_ADAPTED_3CLASS,PyTorch/torchvision,faithful three-class task-adapted reimplementation,3407,S000569,RFMID,AMD_WET,AMD_WET,1,3.669340742362692e-08,0.9999977350234985,2.2715050818078453e-06,3
HOGCNN_EFFICIENTNETB3_ADAPTED_3CLASS,PyTorch/torchvision,faithful three-class task-adapted reimplementation,3407,S000593,RFMID,AMD_WET,AMD_WET,1,4.3435993191988376e-13,1.0,2.5795075168748294e-13,3
HOGCNN_EFFICIENTNETB3_ADAPTED_3CLASS,PyTorch/torchvision,faithful three-class task-adapted reimplementation,3407,S000596,RFMID,AMD_WET,AMD_WET,1,9.471410461481256e-11,1.0,1.2709775072672347e-11,3
HOGCNN_EFFICIENTNETB3_ADAPTED_3CLASS,PyTorch/torchvision,faithful three-class task-adapted reimplementation,3407,S000001,ADAM,AMD_DRY,AMD_DRY,1,0.990548312664032,0.007206972688436508,0.00224479497410357,4
HOGCNN_EFFICIENTNETB3_ADAPTED_3CLASS,PyTorch/torchvision,faithful three-class task-adapted reimplementation,3407,S000015,ADAM,AMD_DRY,AMD_DRY,1,0.9999985694885254,1.2910628583995276e-06,7.52736752929195e-08,4
HOGCNN_EFFICIENTNETB3_ADAPTED_3CLASS,PyTorch/torchvision,faithful three-class task-adapted reimplementation,3407,S000018,ADAM,AMD_DRY,AMD_DRY,1,0.9998897314071655,7.433787686750293e-05,3.582926728995517e-05,4
HOGCNN_EFFICIENTNETB3_ADAPTED_3CLASS,PyTorch/torchvision,faithful three-class task-adapted reimplementation,3407,S000021,ADAM,AMD_DRY,AMD_DRY,1,0.9948402047157288,0.002422227058559656,0.0027374597266316414,4
HOGCNN_EFFICIENTNETB3_ADAPTED_3CLASS,PyTorch/torchvision,faithful three-class task-adapted reimplementation,3407,S000023,ADAM,AMD_DRY,AMD_DRY,1,0.9682388305664062,0.03156926482915878,0.00019198130758013576,4
HOGCNN_EFFICIENTNETB3_ADAPTED_3CLASS,PyTorch/torchvision,faithful three-class task-adapted reimplementation,3407,S000024,ADAM,AMD_DRY,AMD_DRY,1,0.9999866485595703,9.594282346370164e-06,3.775763389057829e-06,4
HOGCNN_EFFICIENTNETB3_ADAPTED_3CLASS,PyTorch/torchvision,faithful three-class task-adapted reimplementation,3407,S000030,ADAM,AMD_DRY,NORMAL,0,0.0017384171951562166,4.582401743391529e-05,0.9982157945632935,4
HOGCNN_EFFICIENTNETB3_ADAPTED_3CLASS,PyTorch/torchvision,faithful three-class task-adapted reimplementation,3407,S000041,ADAM,AMD_WET,AMD_WET,1,4.1444454836891964e-05,0.999946117401123,1.2436335964594036e-05,4
HOGCNN_EFFICIENTNETB3_ADAPTED_3CLASS,PyTorch/torchvision,faithful three-class task-adapted reimplementation,3407,S000042,ADAM,AMD_WET,AMD_WET,1,0.0014278012095019221,0.9687969088554382,0.029775263741612434,4
HOGCNN_EFFICIENTNETB3_ADAPTED_3CLASS,PyTorch/torchvision,faithful three-class task-adapted reimplementation,3407,S000043,ADAM,AMD_WET,AMD_WET,1,0.00018594693392515182,0.99979168176651,2.2341728254104964e-05,4
HOGCNN_EFFICIENTNETB3_ADAPTED_3CLASS,PyTorch/torchvision,faithful three-class task-adapted reimplementation,3407,S000053,FIVES,NORMAL,NORMAL,1,6.075282499296009e-07,2.4029203071762595e-09,0.9999994039535522,4
HOGCNN_EFFICIENTNETB3_ADAPTED_3CLASS,PyTorch/torchvision,faithful three-class task-adapted reimplementation,3407,S000057,FIVES,NORMAL,NORMAL,1,3.9393967199430335e-06,1.0386442284016084e-07,0.9999959468841553,4
HOGCNN_EFFICIENTNETB3_ADAPTED_3CLASS,PyTorch/torchvision,faithful three-class task-adapted reimplementation,3407,S000065,FIVES,NORMAL,NORMAL,1,0.000434042711276561,1.1066294064221438e-05,0.9995548129081726,4
HOGCNN_EFFICIENTNETB3_ADAPTED_3CLASS,PyTorch/torchvision,faithful three-class task-adapted reimplementation,3407,S000066,FIVES,NORMAL,NORMAL,1,4.570295277517289e-05,6.392718319148116e-07,0.9999537467956543,4
HOGCNN_EFFICIENTNETB3_ADAPTED_3CLASS,PyTorch/torchvision,faithful three-class task-adapted reimplementation,3407,S000067,FIVES,NORMAL,NORMAL,1,6.62005040794611e-05,1.3210932365836925e-06,0.9999325275421143,4
HOGCNN_EFFICIENTNETB3_ADAPTED_3CLASS,PyTorch/torchvision,faithful three-class task-adapted reimplementation,3407,S000074,FIVES,NORMAL,NORMAL,1,4.670042017096421e-06,2.1165860175642592e-08,0.9999953508377075,4
HOGCNN_EFFICIENTNETB3_ADAPTED_3CLASS,PyTorch/torchvision,faithful three-class task-adapted reimplementation,3407,S000077,FIVES,NORMAL,NORMAL,1,2.203158692282159e-05,3.551035945292824e-07,0.9999775886535645,4
HOGCNN_EFFICIENTNETB3_ADAPTED_3CLASS,PyTorch/torchvision,faithful three-class task-adapted reimplementation,3407,S000081,FIVES,NORMAL,NORMAL,1,2.159430550818797e-06,1.4438523265880576e-08,0.9999978542327881,4
HOGCNN_EFFICIENTNETB3_ADAPTED_3CLASS,PyTorch/torchvision,faithful three-class task-adapted reimplementation,3407,S000084,FIVES,NORMAL,NORMAL,1,6.31735417755408e-07,2.642652763285014e-09,0.9999994039535522,4
HOGCNN_EFFICIENTNETB3_ADAPTED_3CLASS,PyTorch/torchvision,faithful three-class task-adapted reimplementation,3407,S000089,FIVES,NORMAL,NORMAL,1,0.0020258158911019564,7.52902269596234e-05,0.9978988170623779,4
HOGCNN_EFFICIENTNETB3_ADAPTED_3CLASS,PyTorch/torchvision,faithful three-class task-adapted reimplementation,3407,S000094,FIVES,NORMAL,NORMAL,1,1.0545752047619317e-05,1.4235807554996427e-07,0.99998939037323,4
HOGCNN_EFFICIENTNETB3_ADAPTED_3CLASS,PyTorch/torchvision,faithful three-class task-adapted reimplementation,3407,S000100,FIVES,NORMAL,NORMAL,1,3.6940750760550145e-06,2.7614726505476028e-08,0.9999963045120239,4
HOGCNN_EFFICIENTNETB3_ADAPTED_3CLASS,PyTorch/torchvision,faithful three-class task-adapted reimplementation,3407,S000108,FIVES,NORMAL,NORMAL,1,2.2347110189002706e-06,1.3490718764330722e-08,0.9999977350234985,4
HOGCNN_EFFICIENTNETB3_ADAPTED_3CLASS,PyTorch/torchvision,faithful three-class task-adapted reimplementation,3407,S000110,FIVES,NORMAL,NORMAL,1,0.00018237149924971163,3.7243682982079918e-06,0.999813973903656,4
HOGCNN_EFFICIENTNETB3_ADAPTED_3CLASS,PyTorch/torchvision,faithful three-class task-adapted reimplementation,3407,S000120,FIVES,NORMAL,NORMAL,1,1.4741971426701639e-05,3.903888909917441e-07,0.999984860420227,4
HOGCNN_EFFICIENTNETB3_ADAPTED_3CLASS,PyTorch/torchvision,faithful three-class task-adapted reimplementation,3407,S000122,FIVES,NORMAL,NORMAL,1,9.503954788669944e-05,1.7155002751678694e-06,0.9999033212661743,4
HOGCNN_EFFICIENTNETB3_ADAPTED_3CLASS,PyTorch/torchvision,faithful three-class task-adapted reimplementation,3407,S000131,FIVES,NORMAL,NORMAL,1,7.331551023526117e-05,1.8393026266494417e-06,0.999924898147583,4
HOGCNN_EFFICIENTNETB3_ADAPTED_3CLASS,PyTorch/torchvision,faithful three-class task-adapted reimplementation,3407,S000135,FIVES,NORMAL,NORMAL,1,5.0290138460695744e-05,1.5411045524160727e-06,0.9999481439590454,4
HOGCNN_EFFICIENTNETB3_ADAPTED_3CLASS,PyTorch/torchvision,faithful three-class task-adapted reimplementation,3407,S000146,FIVES,NORMAL,NORMAL,1,0.004314713180065155,8.990568312583491e-05,0.9955952763557434,4
HOGCNN_EFFICIENTNETB3_ADAPTED_3CLASS,PyTorch/torchvision,faithful three-class task-adapted reimplementation,3407,S000149,FIVES,NORMAL,NORMAL,1,3.1492425023316173e-06,2.777093222050553e-08,0.9999969005584717,4
HOGCNN_EFFICIENTNETB3_ADAPTED_3CLASS,PyTorch/torchvision,faithful three-class task-adapted reimplementation,3407,S000158,FIVES,AMD_DRY,AMD_DRY,1,0.9999418258666992,4.5034212234895676e-05,1.3084833881293889e-05,4
HOGCNN_EFFICIENTNETB3_ADAPTED_3CLASS,PyTorch/torchvision,faithful three-class task-adapted reimplementation,3407,S000159,FIVES,AMD_DRY,AMD_DRY,1,1.0,3.2098594004992265e-08,8.13532263777006e-09,4
HOGCNN_EFFICIENTNETB3_ADAPTED_3CLASS,PyTorch/torchvision,faithful three-class task-adapted reimplementation,3407,S000162,FIVES,AMD_DRY,AMD_DRY,1,0.999975323677063,1.970589619304519e-05,5.064455308456672e-06,4
HOGCNN_EFFICIENTNETB3_ADAPTED_3CLASS,PyTorch/torchvision,faithful three-class task-adapted reimplementation,3407,S000177,FIVES,AMD_WET,AMD_WET,1,0.002490774728357792,0.9964401125907898,0.0010691183852031827,4
HOGCNN_EFFICIENTNETB3_ADAPTED_3CLASS,PyTorch/torchvision,faithful three-class task-adapted reimplementation,3407,S000179,FIVES,AMD_WET,AMD_DRY,0,0.9299356341362,0.050720080733299255,0.01934434473514557,4
HOGCNN_EFFICIENTNETB3_ADAPTED_3CLASS,PyTorch/torchvision,faithful three-class task-adapted reimplementation,3407,S000182,FIVES,AMD_WET,AMD_WET,1,0.09158515930175781,0.9042800068855286,0.004134793765842915,4
HOGCNN_EFFICIENTNETB3_ADAPTED_3CLASS,PyTorch/torchvision,faithful three-class task-adapted reimplementation,3407,S000185,FIVES,AMD_WET,AMD_WET,1,2.6707875910858547e-09,1.0,7.589274209074404e-10,4
HOGCNN_EFFICIENTNETB3_ADAPTED_3CLASS,PyTorch/torchvision,faithful three-class task-adapted reimplementation,3407,S000187,FIVES,AMD_WET,AMD_WET,1,0.23118707537651062,0.7681113481521606,0.0007015577284619212,4
HOGCNN_EFFICIENTNETB3_ADAPTED_3CLASS,PyTorch/torchvision,faithful three-class task-adapted reimplementation,3407,S000189,FIVES,AMD_WET,AMD_WET,1,0.0001235626550624147,0.999873161315918,3.2230250326392706e-06,4
HOGCNN_EFFICIENTNETB3_ADAPTED_3CLASS,PyTorch/torchvision,faithful three-class task-adapted reimplementation,3407,S000192,FIVES,AMD_WET,NORMAL,0,0.00415183836594224,0.0006873641395941377,0.9951607584953308,4
HOGCNN_EFFICIENTNETB3_ADAPTED_3CLASS,PyTorch/torchvision,faithful three-class task-adapted reimplementation,3407,S000203,FIVES,AMD_WET,AMD_WET,1,0.008660473860800266,0.9890958666801453,0.0022437062580138445,4
HOGCNN_EFFICIENTNETB3_ADAPTED_3CLASS,PyTorch/torchvision,faithful three-class task-adapted reimplementation,3407,S000212,FIVES,AMD_WET,AMD_WET,1,1.8571876353234984e-05,0.9999557733535767,2.5670506147434935e-05,4
HOGCNN_EFFICIENTNETB3_ADAPTED_3CLASS,PyTorch/torchvision,faithful three-class task-adapted reimplementation,3407,S000218,FIVES,AMD_WET,AMD_WET,1,0.018777847290039062,0.9776138067245483,0.003608326893299818,4
HOGCNN_EFFICIENTNETB3_ADAPTED_3CLASS,PyTorch/torchvision,faithful three-class task-adapted reimplementation,3407,S000224,FIVES,AMD_WET,AMD_WET,1,0.001452842727303505,0.9985190033912659,2.811154627124779e-05,4
HOGCNN_EFFICIENTNETB3_ADAPTED_3CLASS,PyTorch/torchvision,faithful three-class task-adapted reimplementation,3407,S000225,FIVES,AMD_WET,AMD_WET,1,0.00041669956408441067,0.999453604221344,0.00012971801334060729,4
HOGCNN_EFFICIENTNETB3_ADAPTED_3CLASS,PyTorch/torchvision,faithful three-class task-adapted reimplementation,3407,S000227,FIVES,AMD_WET,AMD_WET,1,0.10666339844465256,0.8904854655265808,0.0028511311393231153,4
HOGCNN_EFFICIENTNETB3_ADAPTED_3CLASS,PyTorch/torchvision,faithful three-class task-adapted reimplementation,3407,S000234,FIVES,AMD_WET,AMD_WET,1,0.00014229549560695887,0.9997733235359192,8.441558020422235e-05,4
HOGCNN_EFFICIENTNETB3_ADAPTED_3CLASS,PyTorch/torchvision,faithful three-class task-adapted reimplementation,3407,S000242,ODIR,NORMAL,NORMAL,1,0.0009277777280658484,2.3888871510280296e-05,0.9990482926368713,4
HOGCNN_EFFICIENTNETB3_ADAPTED_3CLASS,PyTorch/torchvision,faithful three-class task-adapted reimplementation,3407,S000243,ODIR,NORMAL,NORMAL,1,6.461192242568359e-05,9.8401130799175e-07,0.9999344348907471,4
HOGCNN_EFFICIENTNETB3_ADAPTED_3CLASS,PyTorch/torchvision,faithful three-class task-adapted reimplementation,3407,S000245,ODIR,NORMAL,NORMAL,1,0.00016206293366849422,4.942628493154189e-06,0.9998329877853394,4
HOGCNN_EFFICIENTNETB3_ADAPTED_3CLASS,PyTorch/torchvision,faithful three-class task-adapted reimplementation,3407,S000246,ODIR,NORMAL,NORMAL,1,5.7336499594384804e-05,1.0431663213239517e-06,0.9999415874481201,4
HOGCNN_EFFICIENTNETB3_ADAPTED_3CLASS,PyTorch/torchvision,faithful three-class task-adapted reimplementation,3407,S000247,ODIR,NORMAL,NORMAL,1,0.00017208122881129384,3.9429655771527905e-06,0.9998239874839783,4
HOGCNN_EFFICIENTNETB3_ADAPTED_3CLASS,PyTorch/torchvision,faithful three-class task-adapted reimplementation,3407,S000248,ODIR,NORMAL,NORMAL,1,8.634720143163577e-05,7.38114692921954e-07,0.9999129772186279,4
HOGCNN_EFFICIENTNETB3_ADAPTED_3CLASS,PyTorch/torchvision,faithful three-class task-adapted reimplementation,3407,S000249,ODIR,NORMAL,NORMAL,1,2.7222546123084612e-05,4.371984800854989e-07,0.9999723434448242,4
HOGCNN_EFFICIENTNETB3_ADAPTED_3CLASS,PyTorch/torchvision,faithful three-class task-adapted reimplementation,3407,S000253,ODIR,NORMAL,NORMAL,1,0.0004984545521438122,1.3230886906967498e-05,0.999488353729248,4
HOGCNN_EFFICIENTNETB3_ADAPTED_3CLASS,PyTorch/torchvision,faithful three-class task-adapted reimplementation,3407,S000269,ODIR,NORMAL,NORMAL,1,0.0037765614688396454,0.00013621701509691775,0.9960871934890747,4
HOGCNN_EFFICIENTNETB3_ADAPTED_3CLASS,PyTorch/torchvision,faithful three-class task-adapted reimplementation,3407,S000283,ODIR,NORMAL,NORMAL,1,0.008110406808555126,0.00018444594752509147,0.9917051792144775,4
HOGCNN_EFFICIENTNETB3_ADAPTED_3CLASS,PyTorch/torchvision,faithful three-class task-adapted reimplementation,3407,S000285,ODIR,NORMAL,NORMAL,1,8.032872642615985e-07,3.795155301133946e-09,0.9999991655349731,4
HOGCNN_EFFICIENTNETB3_ADAPTED_3CLASS,PyTorch/torchvision,faithful three-class task-adapted reimplementation,3407,S000286,ODIR,NORMAL,NORMAL,1,0.001356868539005518,3.259538425481878e-05,0.9986104965209961,4
HOGCNN_EFFICIENTNETB3_ADAPTED_3CLASS,PyTorch/torchvision,faithful three-class task-adapted reimplementation,3407,S000292,ODIR,NORMAL,NORMAL,1,4.94401410833234e-06,2.8419311348670817e-08,0.9999951124191284,4
HOGCNN_EFFICIENTNETB3_ADAPTED_3CLASS,PyTorch/torchvision,faithful three-class task-adapted reimplementation,3407,S000299,ODIR,NORMAL,NORMAL,1,7.159244705690071e-05,1.4847236116111162e-06,0.9999269247055054,4
HOGCNN_EFFICIENTNETB3_ADAPTED_3CLASS,PyTorch/torchvision,faithful three-class task-adapted reimplementation,3407,S000302,ODIR,NORMAL,NORMAL,1,0.00026810154668055475,5.360934210330015e-06,0.9997264742851257,4
HOGCNN_EFFICIENTNETB3_ADAPTED_3CLASS,PyTorch/torchvision,faithful three-class task-adapted reimplementation,3407,S000309,ODIR,NORMAL,NORMAL,1,7.995163286977913e-06,6.120097140183134e-08,0.9999918937683105,4
HOGCNN_EFFICIENTNETB3_ADAPTED_3CLASS,PyTorch/torchvision,faithful three-class task-adapted reimplementation,3407,S000314,ODIR,NORMAL,NORMAL,1,1.538963806524407e-05,3.0529218975061667e-07,0.9999842643737793,4
HOGCNN_EFFICIENTNETB3_ADAPTED_3CLASS,PyTorch/torchvision,faithful three-class task-adapted reimplementation,3407,S000316,ODIR,NORMAL,NORMAL,1,1.736039121169597e-05,1.42484481102656e-07,0.999982476234436,4
HOGCNN_EFFICIENTNETB3_ADAPTED_3CLASS,PyTorch/torchvision,faithful three-class task-adapted reimplementation,3407,S000323,ODIR,NORMAL,NORMAL,1,0.0001681733992882073,5.849274657521164e-06,0.9998260140419006,4
HOGCNN_EFFICIENTNETB3_ADAPTED_3CLASS,PyTorch/torchvision,faithful three-class task-adapted reimplementation,3407,S000330,ODIR,NORMAL,NORMAL,1,0.023151833564043045,0.0003933592524845153,0.9764547944068909,4
HOGCNN_EFFICIENTNETB3_ADAPTED_3CLASS,PyTorch/torchvision,faithful three-class task-adapted reimplementation,3407,S000336,ODIR,NORMAL,NORMAL,1,2.390033296251204e-05,3.7612048231494555e-07,0.9999758005142212,4
HOGCNN_EFFICIENTNETB3_ADAPTED_3CLASS,PyTorch/torchvision,faithful three-class task-adapted reimplementation,3407,S000337,ODIR,NORMAL,NORMAL,1,0.0046338546089828014,0.0002488783502485603,0.9951173067092896,4
HOGCNN_EFFICIENTNETB3_ADAPTED_3CLASS,PyTorch/torchvision,faithful three-class task-adapted reimplementation,3407,S000353,ODIR,NORMAL,NORMAL,1,0.004301995970308781,0.00011387484119040892,0.9955841898918152,4
HOGCNN_EFFICIENTNETB3_ADAPTED_3CLASS,PyTorch/torchvision,faithful three-class task-adapted reimplementation,3407,S000360,ODIR,NORMAL,NORMAL,1,2.1283556634443812e-05,3.2573888120168704e-07,0.9999783039093018,4
HOGCNN_EFFICIENTNETB3_ADAPTED_3CLASS,PyTorch/torchvision,faithful three-class task-adapted reimplementation,3407,S000363,ODIR,NORMAL,NORMAL,1,0.00012860307469964027,2.5522826945234556e-06,0.9998688697814941,4
HOGCNN_EFFICIENTNETB3_ADAPTED_3CLASS,PyTorch/torchvision,faithful three-class task-adapted reimplementation,3407,S000364,ODIR,AMD_DRY,AMD_DRY,1,0.9999933242797852,5.642156338581117e-06,1.0276895636707195e-06,4
HOGCNN_EFFICIENTNETB3_ADAPTED_3CLASS,PyTorch/torchvision,faithful three-class task-adapted reimplementation,3407,S000365,ODIR,AMD_DRY,AMD_DRY,1,0.9998563528060913,0.00010924063826678321,3.4370357752777636e-05,4
HOGCNN_EFFICIENTNETB3_ADAPTED_3CLASS,PyTorch/torchvision,faithful three-class task-adapted reimplementation,3407,S000371,ODIR,AMD_DRY,AMD_DRY,1,0.9997606873512268,0.00017211775411851704,6.718107761116698e-05,4
HOGCNN_EFFICIENTNETB3_ADAPTED_3CLASS,PyTorch/torchvision,faithful three-class task-adapted reimplementation,3407,S000372,ODIR,AMD_DRY,AMD_DRY,1,0.9696707129478455,0.029298411682248116,0.0010308577911928296,4
HOGCNN_EFFICIENTNETB3_ADAPTED_3CLASS,PyTorch/torchvision,faithful three-class task-adapted reimplementation,3407,S000391,ODIR,AMD_DRY,AMD_DRY,1,0.998396098613739,0.0014328237157315016,0.0001710715441731736,4
HOGCNN_EFFICIENTNETB3_ADAPTED_3CLASS,PyTorch/torchvision,faithful three-class task-adapted reimplementation,3407,S000392,ODIR,AMD_DRY,AMD_DRY,1,0.99970942735672,0.00026821435312740505,2.231385042250622e-05,4
HOGCNN_EFFICIENTNETB3_ADAPTED_3CLASS,PyTorch/torchvision,faithful three-class task-adapted reimplementation,3407,S000395,ODIR,AMD_DRY,AMD_WET,0,0.0794566348195076,0.9196416735649109,0.0009017392876558006,4
HOGCNN_EFFICIENTNETB3_ADAPTED_3CLASS,PyTorch/torchvision,faithful three-class task-adapted reimplementation,3407,S000396,ODIR,AMD_DRY,AMD_DRY,1,0.99998939037323,9.048113497556187e-06,1.5261574617397855e-06,4
HOGCNN_EFFICIENTNETB3_ADAPTED_3CLASS,PyTorch/torchvision,faithful three-class task-adapted reimplementation,3407,S000398,ODIR,AMD_DRY,AMD_DRY,1,0.9999984502792358,1.140077188210853e-06,3.8133472912704747e-07,4
HOGCNN_EFFICIENTNETB3_ADAPTED_3CLASS,PyTorch/torchvision,faithful three-class task-adapted reimplementation,3407,S000404,ODIR,AMD_DRY,AMD_DRY,1,0.9905995726585388,0.009381415322422981,1.9055692973779514e-05,4
HOGCNN_EFFICIENTNETB3_ADAPTED_3CLASS,PyTorch/torchvision,faithful three-class task-adapted reimplementation,3407,S000406,ODIR,AMD_DRY,AMD_WET,0,0.017896628007292747,0.9812672138214111,0.000836131745018065,4
HOGCNN_EFFICIENTNETB3_ADAPTED_3CLASS,PyTorch/torchvision,faithful three-class task-adapted reimplementation,3407,S000407,ODIR,AMD_DRY,AMD_DRY,1,0.9992269277572632,0.0006763263954780996,9.67746163951233e-05,4
HOGCNN_EFFICIENTNETB3_ADAPTED_3CLASS,PyTorch/torchvision,faithful three-class task-adapted reimplementation,3407,S000409,ODIR,AMD_DRY,AMD_DRY,1,0.9999693632125854,2.8237160222488455e-05,2.4187661438190844e-06,4
HOGCNN_EFFICIENTNETB3_ADAPTED_3CLASS,PyTorch/torchvision,faithful three-class task-adapted reimplementation,3407,S000424,ODIR,AMD_DRY,AMD_WET,0,0.055206235498189926,0.9370057582855225,0.007787963375449181,4
HOGCNN_EFFICIENTNETB3_ADAPTED_3CLASS,PyTorch/torchvision,faithful three-class task-adapted reimplementation,3407,S000428,ODIR,AMD_DRY,NORMAL,0,0.08796127140522003,0.022887753322720528,0.8891509771347046,4
HOGCNN_EFFICIENTNETB3_ADAPTED_3CLASS,PyTorch/torchvision,faithful three-class task-adapted reimplementation,3407,S000434,ODIR,AMD_DRY,AMD_DRY,1,0.9932407140731812,0.006125866435468197,0.0006334466161206365,4
HOGCNN_EFFICIENTNETB3_ADAPTED_3CLASS,PyTorch/torchvision,faithful three-class task-adapted reimplementation,3407,S000445,ODIR,AMD_WET,AMD_DRY,0,0.9089676737785339,0.09068445861339569,0.0003478886792436242,4
HOGCNN_EFFICIENTNETB3_ADAPTED_3CLASS,PyTorch/torchvision,faithful three-class task-adapted reimplementation,3407,S000456,ODIR,AMD_WET,AMD_WET,1,0.0001221059646923095,0.9998766183853149,1.2156415323261172e-06,4
HOGCNN_EFFICIENTNETB3_ADAPTED_3CLASS,PyTorch/torchvision,faithful three-class task-adapted reimplementation,3407,S000463,ODIR,AMD_WET,AMD_WET,1,0.0002732003922574222,0.9997217059135437,5.100848738948116e-06,4
HOGCNN_EFFICIENTNETB3_ADAPTED_3CLASS,PyTorch/torchvision,faithful three-class task-adapted reimplementation,3407,S000466,ODIR,AMD_WET,AMD_WET,1,0.0005018216907046735,0.9994261264801025,7.208584429463372e-05,4
HOGCNN_EFFICIENTNETB3_ADAPTED_3CLASS,PyTorch/torchvision,faithful three-class task-adapted reimplementation,3407,S000468,ODIR,AMD_WET,AMD_WET,1,1.3759772627963684e-06,0.9999963045120239,2.3650402454222785e-06,4
HOGCNN_EFFICIENTNETB3_ADAPTED_3CLASS,PyTorch/torchvision,faithful three-class task-adapted reimplementation,3407,S000470,ODIR,AMD_WET,AMD_WET,1,0.00047496974002569914,0.9994874000549316,3.76039715774823e-05,4
HOGCNN_EFFICIENTNETB3_ADAPTED_3CLASS,PyTorch/torchvision,faithful three-class task-adapted reimplementation,3407,S000476,RFMID,NORMAL,NORMAL,1,3.8388639950426295e-05,1.1905517567356583e-06,0.9999604225158691,4
HOGCNN_EFFICIENTNETB3_ADAPTED_3CLASS,PyTorch/torchvision,faithful three-class task-adapted reimplementation,3407,S000486,RFMID,NORMAL,NORMAL,1,9.531060527478985e-07,6.987630918331433e-09,0.9999990463256836,4
HOGCNN_EFFICIENTNETB3_ADAPTED_3CLASS,PyTorch/torchvision,faithful three-class task-adapted reimplementation,3407,S000488,RFMID,NORMAL,NORMAL,1,0.0009132665582001209,2.948901237687096e-05,0.9990572333335876,4
HOGCNN_EFFICIENTNETB3_ADAPTED_3CLASS,PyTorch/torchvision,faithful three-class task-adapted reimplementation,3407,S000492,RFMID,NORMAL,NORMAL,1,0.000105649494798854,2.752985665210872e-06,0.9998916387557983,4
HOGCNN_EFFICIENTNETB3_ADAPTED_3CLASS,PyTorch/torchvision,faithful three-class task-adapted reimplementation,3407,S000501,RFMID,NORMAL,NORMAL,1,0.00040292873745784163,1.6466401575598866e-05,0.9995806813240051,4
HOGCNN_EFFICIENTNETB3_ADAPTED_3CLASS,PyTorch/torchvision,faithful three-class task-adapted reimplementation,3407,S000511,RFMID,NORMAL,NORMAL,1,0.0001869758707471192,4.816015007236274e-06,0.9998082518577576,4
HOGCNN_EFFICIENTNETB3_ADAPTED_3CLASS,PyTorch/torchvision,faithful three-class task-adapted reimplementation,3407,S000520,RFMID,NORMAL,NORMAL,1,1.4399771544049145e-06,1.1097955443517549e-08,0.9999985694885254,4
HOGCNN_EFFICIENTNETB3_ADAPTED_3CLASS,PyTorch/torchvision,faithful three-class task-adapted reimplementation,3407,S000528,RFMID,NORMAL,NORMAL,1,1.1219667612749618e-05,1.4530228042985982e-07,0.9999886751174927,4
HOGCNN_EFFICIENTNETB3_ADAPTED_3CLASS,PyTorch/torchvision,faithful three-class task-adapted reimplementation,3407,S000531,RFMID,NORMAL,NORMAL,1,0.0022891550324857235,0.0001300765434280038,0.9975807666778564,4
HOGCNN_EFFICIENTNETB3_ADAPTED_3CLASS,PyTorch/torchvision,faithful three-class task-adapted reimplementation,3407,S000532,RFMID,NORMAL,NORMAL,1,0.02314060926437378,0.016083793714642525,0.9607755541801453,4
HOGCNN_EFFICIENTNETB3_ADAPTED_3CLASS,PyTorch/torchvision,faithful three-class task-adapted reimplementation,3407,S000533,RFMID,NORMAL,NORMAL,1,0.00011519570398377255,5.0479929996072315e-06,0.9998798370361328,4
HOGCNN_EFFICIENTNETB3_ADAPTED_3CLASS,PyTorch/torchvision,faithful three-class task-adapted reimplementation,3407,S000535,RFMID,NORMAL,NORMAL,1,0.03903510794043541,0.041435301303863525,0.9195295572280884,4
HOGCNN_EFFICIENTNETB3_ADAPTED_3CLASS,PyTorch/torchvision,faithful three-class task-adapted reimplementation,3407,S000539,RFMID,AMD_DRY,AMD_WET,0,0.0009768164018169045,0.9918220639228821,0.007201054133474827,4
HOGCNN_EFFICIENTNETB3_ADAPTED_3CLASS,PyTorch/torchvision,faithful three-class task-adapted reimplementation,3407,S000543,RFMID,AMD_DRY,AMD_DRY,1,0.5031259655952454,0.4943349361419678,0.0025390731170773506,4
HOGCNN_EFFICIENTNETB3_ADAPTED_3CLASS,PyTorch/torchvision,faithful three-class task-adapted reimplementation,3407,S000548,RFMID,AMD_WET,AMD_WET,1,0.02264399640262127,0.965844452381134,0.011511639691889286,4
HOGCNN_EFFICIENTNETB3_ADAPTED_3CLASS,PyTorch/torchvision,faithful three-class task-adapted reimplementation,3407,S000550,RFMID,AMD_WET,AMD_WET,1,0.0038955355994403362,0.9959327578544617,0.00017176642722915858,4
HOGCNN_EFFICIENTNETB3_ADAPTED_3CLASS,PyTorch/torchvision,faithful three-class task-adapted reimplementation,3407,S000551,RFMID,AMD_WET,AMD_WET,1,3.24089555192586e-08,1.0,5.6871320985862894e-09,4
HOGCNN_EFFICIENTNETB3_ADAPTED_3CLASS,PyTorch/torchvision,faithful three-class task-adapted reimplementation,3407,S000558,RFMID,AMD_WET,AMD_WET,1,0.0003322300617583096,0.9994639754295349,0.00020385834795888513,4
HOGCNN_EFFICIENTNETB3_ADAPTED_3CLASS,PyTorch/torchvision,faithful three-class task-adapted reimplementation,3407,S000566,RFMID,AMD_WET,AMD_WET,1,4.655170116052432e-08,0.9999996423721313,3.176338623234187e-07,4
HOGCNN_EFFICIENTNETB3_ADAPTED_3CLASS,PyTorch/torchvision,faithful three-class task-adapted reimplementation,3407,S000575,RFMID,AMD_WET,AMD_WET,1,0.0018003550358116627,0.9978341460227966,0.00036546168848872185,4
HOGCNN_EFFICIENTNETB3_ADAPTED_3CLASS,PyTorch/torchvision,faithful three-class task-adapted reimplementation,3407,S000579,RFMID,AMD_WET,AMD_WET,1,0.0018041941802948713,0.9978480339050293,0.00034773320658132434,4
HOGCNN_EFFICIENTNETB3_ADAPTED_3CLASS,PyTorch/torchvision,faithful three-class task-adapted reimplementation,3407,S000582,RFMID,AMD_WET,AMD_WET,1,3.0820952900967313e-08,0.9999995231628418,3.998652573500294e-07,4
HOGCNN_EFFICIENTNETB3_ADAPTED_3CLASS,PyTorch/torchvision,faithful three-class task-adapted reimplementation,3407,S000590,RFMID,AMD_WET,AMD_WET,1,0.008656682446599007,0.9907195568084717,0.000623703352175653,4
HOGCNN_EFFICIENTNETB3_ADAPTED_3CLASS,PyTorch/torchvision,faithful three-class task-adapted reimplementation,3407,S000592,RFMID,AMD_WET,AMD_WET,1,0.16140016913414001,0.8277358412742615,0.010864021256566048,4
HOGCNN_EFFICIENTNETB3_ADAPTED_3CLASS,PyTorch/torchvision,faithful three-class task-adapted reimplementation,3407,S000597,RFMID,AMD_WET,AMD_WET,1,0.0026590819470584393,0.9919283390045166,0.005412556696683168,4
HOGCNN_EFFICIENTNETB3_ADAPTED_3CLASS,PyTorch/torchvision,faithful three-class task-adapted reimplementation,3407,S000004,ADAM,AMD_DRY,AMD_DRY,1,0.9999120235443115,2.659126948856283e-05,6.14312375546433e-05,5
HOGCNN_EFFICIENTNETB3_ADAPTED_3CLASS,PyTorch/torchvision,faithful three-class task-adapted reimplementation,3407,S000007,ADAM,AMD_DRY,AMD_DRY,1,0.9982604384422302,0.0017025346169248223,3.7028672522865236e-05,5
HOGCNN_EFFICIENTNETB3_ADAPTED_3CLASS,PyTorch/torchvision,faithful three-class task-adapted reimplementation,3407,S000008,ADAM,AMD_DRY,AMD_WET,0,0.04543839022517204,0.9530858397483826,0.0014757501194253564,5
HOGCNN_EFFICIENTNETB3_ADAPTED_3CLASS,PyTorch/torchvision,faithful three-class task-adapted reimplementation,3407,S000017,ADAM,AMD_DRY,AMD_DRY,1,0.9999330043792725,6.50492511340417e-05,1.891120405161928e-06,5
HOGCNN_EFFICIENTNETB3_ADAPTED_3CLASS,PyTorch/torchvision,faithful three-class task-adapted reimplementation,3407,S000022,ADAM,AMD_DRY,AMD_DRY,1,0.6612169742584229,0.007961390540003777,0.3308216333389282,5
HOGCNN_EFFICIENTNETB3_ADAPTED_3CLASS,PyTorch/torchvision,faithful three-class task-adapted reimplementation,3407,S000029,ADAM,AMD_DRY,AMD_DRY,1,0.9999771118164062,1.1419829206715804e-05,1.14338317871443e-05,5
HOGCNN_EFFICIENTNETB3_ADAPTED_3CLASS,PyTorch/torchvision,faithful three-class task-adapted reimplementation,3407,S000035,ADAM,AMD_DRY,AMD_WET,0,0.4719056487083435,0.5252286791801453,0.0028656278736889362,5
HOGCNN_EFFICIENTNETB3_ADAPTED_3CLASS,PyTorch/torchvision,faithful three-class task-adapted reimplementation,3407,S000046,ADAM,AMD_WET,AMD_DRY,0,0.557307243347168,0.4406464397907257,0.0020463333930820227,5
HOGCNN_EFFICIENTNETB3_ADAPTED_3CLASS,PyTorch/torchvision,faithful three-class task-adapted reimplementation,3407,S000048,ADAM,AMD_WET,AMD_WET,1,0.006562742870301008,0.9933650493621826,7.219828694360331e-05,5
HOGCNN_EFFICIENTNETB3_ADAPTED_3CLASS,PyTorch/torchvision,faithful three-class task-adapted reimplementation,3407,S000052,ADAM,AMD_WET,AMD_WET,1,0.0020630676299333572,0.9976861476898193,0.0002508091856725514,5
HOGCNN_EFFICIENTNETB3_ADAPTED_3CLASS,PyTorch/torchvision,faithful three-class task-adapted reimplementation,3407,S000055,FIVES,NORMAL,NORMAL,1,0.0016672542551532388,0.004497495014220476,0.9938352108001709,5
HOGCNN_EFFICIENTNETB3_ADAPTED_3CLASS,PyTorch/torchvision,faithful three-class task-adapted reimplementation,3407,S000056,FIVES,NORMAL,NORMAL,1,4.222001734888181e-05,9.719563422549982e-06,0.9999480247497559,5
HOGCNN_EFFICIENTNETB3_ADAPTED_3CLASS,PyTorch/torchvision,faithful three-class task-adapted reimplementation,3407,S000078,FIVES,NORMAL,NORMAL,1,8.9694785856409e-06,4.897634084954916e-07,0.9999905824661255,5
HOGCNN_EFFICIENTNETB3_ADAPTED_3CLASS,PyTorch/torchvision,faithful three-class task-adapted reimplementation,3407,S000079,FIVES,NORMAL,NORMAL,1,8.548846381017938e-05,1.0962028227368137e-06,0.9999134540557861,5
HOGCNN_EFFICIENTNETB3_ADAPTED_3CLASS,PyTorch/torchvision,faithful three-class task-adapted reimplementation,3407,S000088,FIVES,NORMAL,NORMAL,1,0.1943904012441635,0.002103246981278062,0.8035063743591309,5
HOGCNN_EFFICIENTNETB3_ADAPTED_3CLASS,PyTorch/torchvision,faithful three-class task-adapted reimplementation,3407,S000095,FIVES,NORMAL,NORMAL,1,0.17453697323799133,0.020152032375335693,0.8053109645843506,5
HOGCNN_EFFICIENTNETB3_ADAPTED_3CLASS,PyTorch/torchvision,faithful three-class task-adapted reimplementation,3407,S000096,FIVES,NORMAL,NORMAL,1,0.0026260598096996546,8.873853221302852e-05,0.9972852468490601,5
HOGCNN_EFFICIENTNETB3_ADAPTED_3CLASS,PyTorch/torchvision,faithful three-class task-adapted reimplementation,3407,S000097,FIVES,NORMAL,NORMAL,1,0.0007939342758618295,0.0019171525491401553,0.9972889423370361,5
HOGCNN_EFFICIENTNETB3_ADAPTED_3CLASS,PyTorch/torchvision,faithful three-class task-adapted reimplementation,3407,S000103,FIVES,NORMAL,NORMAL,1,0.00010772553650895134,6.168086656543892e-06,0.9998860359191895,5
HOGCNN_EFFICIENTNETB3_ADAPTED_3CLASS,PyTorch/torchvision,faithful three-class task-adapted reimplementation,3407,S000109,FIVES,NORMAL,NORMAL,1,2.8476833904278465e-05,4.7233882582986553e-07,0.9999710321426392,5
HOGCNN_EFFICIENTNETB3_ADAPTED_3CLASS,PyTorch/torchvision,faithful three-class task-adapted reimplementation,3407,S000117,FIVES,NORMAL,NORMAL,1,0.006007848773151636,5.246241926215589e-05,0.9939396381378174,5
HOGCNN_EFFICIENTNETB3_ADAPTED_3CLASS,PyTorch/torchvision,faithful three-class task-adapted reimplementation,3407,S000118,FIVES,NORMAL,NORMAL,1,1.7531563571537845e-05,6.867525144116371e-07,0.9999817609786987,5
HOGCNN_EFFICIENTNETB3_ADAPTED_3CLASS,PyTorch/torchvision,faithful three-class task-adapted reimplementation,3407,S000119,FIVES,NORMAL,NORMAL,1,0.002583560533821583,3.678449502331205e-05,0.997379720211029,5
HOGCNN_EFFICIENTNETB3_ADAPTED_3CLASS,PyTorch/torchvision,faithful three-class task-adapted reimplementation,3407,S000125,FIVES,NORMAL,NORMAL,1,2.892826103106927e-07,1.2592784592868611e-08,0.9999997615814209,5
HOGCNN_EFFICIENTNETB3_ADAPTED_3CLASS,PyTorch/torchvision,faithful three-class task-adapted reimplementation,3407,S000128,FIVES,NORMAL,NORMAL,1,0.0020598999690264463,0.00010034105798695236,0.9978396892547607,5
HOGCNN_EFFICIENTNETB3_ADAPTED_3CLASS,PyTorch/torchvision,faithful three-class task-adapted reimplementation,3407,S000130,FIVES,NORMAL,NORMAL,1,0.0007691780338063836,8.009796147234738e-06,0.9992228746414185,5
HOGCNN_EFFICIENTNETB3_ADAPTED_3CLASS,PyTorch/torchvision,faithful three-class task-adapted reimplementation,3407,S000133,FIVES,NORMAL,NORMAL,1,0.0050637442618608475,9.217823389917612e-05,0.9948440790176392,5
HOGCNN_EFFICIENTNETB3_ADAPTED_3CLASS,PyTorch/torchvision,faithful three-class task-adapted reimplementation,3407,S000141,FIVES,NORMAL,NORMAL,1,2.9456236006808467e-05,2.1917871890764218e-06,0.999968409538269,5
HOGCNN_EFFICIENTNETB3_ADAPTED_3CLASS,PyTorch/torchvision,faithful three-class task-adapted reimplementation,3407,S000145,FIVES,NORMAL,NORMAL,1,6.216021574800834e-05,1.0936973922071047e-05,0.9999269247055054,5
HOGCNN_EFFICIENTNETB3_ADAPTED_3CLASS,PyTorch/torchvision,faithful three-class task-adapted reimplementation,3407,S000151,FIVES,NORMAL,NORMAL,1,0.0008344152593053877,8.490835170960054e-05,0.9990806579589844,5
HOGCNN_EFFICIENTNETB3_ADAPTED_3CLASS,PyTorch/torchvision,faithful three-class task-adapted reimplementation,3407,S000155,FIVES,AMD_DRY,AMD_DRY,1,0.9982720613479614,0.0016998687060549855,2.80316271528136e-05,5
HOGCNN_EFFICIENTNETB3_ADAPTED_3CLASS,PyTorch/torchvision,faithful three-class task-adapted reimplementation,3407,S000163,FIVES,AMD_DRY,AMD_DRY,1,0.9999934434890747,6.355195182550233e-06,2.3459715237095224e-07,5
HOGCNN_EFFICIENTNETB3_ADAPTED_3CLASS,PyTorch/torchvision,faithful three-class task-adapted reimplementation,3407,S000164,FIVES,AMD_DRY,AMD_DRY,1,0.9999322891235352,6.592177669517696e-05,1.7551078599353787e-06,5
HOGCNN_EFFICIENTNETB3_ADAPTED_3CLASS,PyTorch/torchvision,faithful three-class task-adapted reimplementation,3407,S000168,FIVES,AMD_WET,AMD_WET,1,0.03430353105068207,0.9649962186813354,0.0007002986967563629,5
HOGCNN_EFFICIENTNETB3_ADAPTED_3CLASS,PyTorch/torchvision,faithful three-class task-adapted reimplementation,3407,S000169,FIVES,AMD_WET,AMD_WET,1,0.0010596407810226083,0.9988043308258057,0.00013604648120235652,5
HOGCNN_EFFICIENTNETB3_ADAPTED_3CLASS,PyTorch/torchvision,faithful three-class task-adapted reimplementation,3407,S000176,FIVES,AMD_WET,AMD_DRY,0,0.9744827747344971,0.024443207308650017,0.0010739677818492055,5
HOGCNN_EFFICIENTNETB3_ADAPTED_3CLASS,PyTorch/torchvision,faithful three-class task-adapted reimplementation,3407,S000191,FIVES,AMD_WET,AMD_WET,1,0.0024776726495474577,0.9974058270454407,0.00011652583634713665,5
HOGCNN_EFFICIENTNETB3_ADAPTED_3CLASS,PyTorch/torchvision,faithful three-class task-adapted reimplementation,3407,S000194,FIVES,AMD_WET,AMD_WET,1,0.00017020564700942487,0.9998225569725037,7.305734015972121e-06,5
HOGCNN_EFFICIENTNETB3_ADAPTED_3CLASS,PyTorch/torchvision,faithful three-class task-adapted reimplementation,3407,S000195,FIVES,AMD_WET,AMD_WET,1,1.2514579793787561e-05,0.9999866485595703,8.720065238776442e-07,5
HOGCNN_EFFICIENTNETB3_ADAPTED_3CLASS,PyTorch/torchvision,faithful three-class task-adapted reimplementation,3407,S000202,FIVES,AMD_WET,AMD_WET,1,0.0002472441119607538,0.9997420907020569,1.0611970537866e-05,5
HOGCNN_EFFICIENTNETB3_ADAPTED_3CLASS,PyTorch/torchvision,faithful three-class task-adapted reimplementation,3407,S000211,FIVES,AMD_WET,AMD_WET,1,0.003909769933670759,0.9959022402763367,0.0001880126801552251,5
HOGCNN_EFFICIENTNETB3_ADAPTED_3CLASS,PyTorch/torchvision,faithful three-class task-adapted reimplementation,3407,S000215,FIVES,AMD_WET,AMD_WET,1,0.004349313210695982,0.9955453872680664,0.00010531070438446477,5
HOGCNN_EFFICIENTNETB3_ADAPTED_3CLASS,PyTorch/torchvision,faithful three-class task-adapted reimplementation,3407,S000217,FIVES,AMD_WET,AMD_DRY,0,0.6151743531227112,0.38428664207458496,0.0005389932193793356,5
HOGCNN_EFFICIENTNETB3_ADAPTED_3CLASS,PyTorch/torchvision,faithful three-class task-adapted reimplementation,3407,S000229,FIVES,AMD_WET,AMD_WET,1,0.014290885999798775,0.9851979613304138,0.0005111792706884444,5
HOGCNN_EFFICIENTNETB3_ADAPTED_3CLASS,PyTorch/torchvision,faithful three-class task-adapted reimplementation,3407,S000232,FIVES,AMD_WET,AMD_DRY,0,0.9899595975875854,0.00970129482448101,0.0003390939673408866,5
HOGCNN_EFFICIENTNETB3_ADAPTED_3CLASS,PyTorch/torchvision,faithful three-class task-adapted reimplementation,3407,S000235,FIVES,AMD_WET,AMD_WET,1,5.7663495681481436e-05,0.9999388456344604,3.460508878561086e-06,5
HOGCNN_EFFICIENTNETB3_ADAPTED_3CLASS,PyTorch/torchvision,faithful three-class task-adapted reimplementation,3407,S000236,FIVES,AMD_WET,AMD_WET,1,0.12346252799034119,0.8750727772712708,0.0014646333875134587,5
HOGCNN_EFFICIENTNETB3_ADAPTED_3CLASS,PyTorch/torchvision,faithful three-class task-adapted reimplementation,3407,S000254,ODIR,NORMAL,NORMAL,1,8.61818807607051e-06,2.4443417601105466e-07,0.9999911785125732,5
HOGCNN_EFFICIENTNETB3_ADAPTED_3CLASS,PyTorch/torchvision,faithful three-class task-adapted reimplementation,3407,S000262,ODIR,NORMAL,NORMAL,1,0.00021486665355041623,2.8450593163142912e-05,0.9997566342353821,5
HOGCNN_EFFICIENTNETB3_ADAPTED_3CLASS,PyTorch/torchvision,faithful three-class task-adapted reimplementation,3407,S000271,ODIR,NORMAL,NORMAL,1,2.3369248083326966e-05,8.769299597588542e-07,0.9999758005142212,5
HOGCNN_EFFICIENTNETB3_ADAPTED_3CLASS,PyTorch/torchvision,faithful three-class task-adapted reimplementation,3407,S000272,ODIR,NORMAL,NORMAL,1,8.321012501255609e-06,1.2790846426469216e-07,0.9999915361404419,5
HOGCNN_EFFICIENTNETB3_ADAPTED_3CLASS,PyTorch/torchvision,faithful three-class task-adapted reimplementation,3407,S000279,ODIR,NORMAL,NORMAL,1,7.415882282657549e-05,1.5254775007633725e-06,0.9999243021011353,5
HOGCNN_EFFICIENTNETB3_ADAPTED_3CLASS,PyTorch/torchvision,faithful three-class task-adapted reimplementation,3407,S000280,ODIR,NORMAL,NORMAL,1,3.7175411762291333e-06,7.471193441688229e-08,0.9999961853027344,5
HOGCNN_EFFICIENTNETB3_ADAPTED_3CLASS,PyTorch/torchvision,faithful three-class task-adapted reimplementation,3407,S000281,ODIR,NORMAL,NORMAL,1,7.181255205068737e-05,1.1105336852779146e-05,0.9999171495437622,5
HOGCNN_EFFICIENTNETB3_ADAPTED_3CLASS,PyTorch/torchvision,faithful three-class task-adapted reimplementation,3407,S000288,ODIR,NORMAL,NORMAL,1,0.018328091129660606,0.0005459428648464382,0.9811259508132935,5
HOGCNN_EFFICIENTNETB3_ADAPTED_3CLASS,PyTorch/torchvision,faithful three-class task-adapted reimplementation,3407,S000289,ODIR,NORMAL,NORMAL,1,5.793581863144937e-07,1.0660703431142338e-08,0.9999994039535522,5
HOGCNN_EFFICIENTNETB3_ADAPTED_3CLASS,PyTorch/torchvision,faithful three-class task-adapted reimplementation,3407,S000294,ODIR,NORMAL,NORMAL,1,9.42143287829822e-06,3.064754707793327e-07,0.9999902248382568,5
HOGCNN_EFFICIENTNETB3_ADAPTED_3CLASS,PyTorch/torchvision,faithful three-class task-adapted reimplementation,3407,S000303,ODIR,NORMAL,NORMAL,1,5.949658589088358e-05,1.8017821048488258e-06,0.9999387264251709,5
HOGCNN_EFFICIENTNETB3_ADAPTED_3CLASS,PyTorch/torchvision,faithful three-class task-adapted reimplementation,3407,S000304,ODIR,NORMAL,NORMAL,1,0.00018884986639022827,1.4172900591802318e-05,0.9997969269752502,5
HOGCNN_EFFICIENTNETB3_ADAPTED_3CLASS,PyTorch/torchvision,faithful three-class task-adapted reimplementation,3407,S000305,ODIR,NORMAL,NORMAL,1,1.5565912690362893e-05,1.7093080941776861e-06,0.9999827146530151,5
HOGCNN_EFFICIENTNETB3_ADAPTED_3CLASS,PyTorch/torchvision,faithful three-class task-adapted reimplementation,3407,S000311,ODIR,NORMAL,NORMAL,1,0.0004756901762448251,3.435969483689405e-05,0.9994900226593018,5
HOGCNN_EFFICIENTNETB3_ADAPTED_3CLASS,PyTorch/torchvision,faithful three-class task-adapted reimplementation,3407,S000312,ODIR,NORMAL,NORMAL,1,0.00012428720947355032,4.5920992306491826e-06,0.999871015548706,5
HOGCNN_EFFICIENTNETB3_ADAPTED_3CLASS,PyTorch/torchvision,faithful three-class task-adapted reimplementation,3407,S000313,ODIR,NORMAL,NORMAL,1,0.0008661883766762912,3.966730218962766e-05,0.9990941286087036,5
HOGCNN_EFFICIENTNETB3_ADAPTED_3CLASS,PyTorch/torchvision,faithful three-class task-adapted reimplementation,3407,S000315,ODIR,NORMAL,NORMAL,1,9.419763955520466e-06,6.664602381079021e-08,0.9999904632568359,5
HOGCNN_EFFICIENTNETB3_ADAPTED_3CLASS,PyTorch/torchvision,faithful three-class task-adapted reimplementation,3407,S000320,ODIR,NORMAL,NORMAL,1,0.0005049478495493531,1.5589506801916286e-05,0.9994794726371765,5
HOGCNN_EFFICIENTNETB3_ADAPTED_3CLASS,PyTorch/torchvision,faithful three-class task-adapted reimplementation,3407,S000332,ODIR,NORMAL,AMD_DRY,0,0.9611541032791138,0.018061624839901924,0.020784327760338783,5
HOGCNN_EFFICIENTNETB3_ADAPTED_3CLASS,PyTorch/torchvision,faithful three-class task-adapted reimplementation,3407,S000335,ODIR,NORMAL,NORMAL,1,5.932942440267652e-05,3.076413122471422e-06,0.9999375343322754,5
HOGCNN_EFFICIENTNETB3_ADAPTED_3CLASS,PyTorch/torchvision,faithful three-class task-adapted reimplementation,3407,S000341,ODIR,NORMAL,NORMAL,1,2.9331311452551745e-05,1.7553545603732346e-06,0.9999688863754272,5
HOGCNN_EFFICIENTNETB3_ADAPTED_3CLASS,PyTorch/torchvision,faithful three-class task-adapted reimplementation,3407,S000343,ODIR,NORMAL,NORMAL,1,0.0029809647239744663,5.4689393437001854e-05,0.9969643950462341,5
HOGCNN_EFFICIENTNETB3_ADAPTED_3CLASS,PyTorch/torchvision,faithful three-class task-adapted reimplementation,3407,S000346,ODIR,NORMAL,NORMAL,1,0.0041506667621433735,1.3705104720429517e-05,0.9958356618881226,5
HOGCNN_EFFICIENTNETB3_ADAPTED_3CLASS,PyTorch/torchvision,faithful three-class task-adapted reimplementation,3407,S000355,ODIR,NORMAL,NORMAL,1,0.003175385994836688,9.945221245288849e-05,0.9967251420021057,5
HOGCNN_EFFICIENTNETB3_ADAPTED_3CLASS,PyTorch/torchvision,faithful three-class task-adapted reimplementation,3407,S000358,ODIR,NORMAL,AMD_DRY,0,0.8284288644790649,0.006121473386883736,0.1654496192932129,5
HOGCNN_EFFICIENTNETB3_ADAPTED_3CLASS,PyTorch/torchvision,faithful three-class task-adapted reimplementation,3407,S000376,ODIR,AMD_DRY,AMD_DRY,1,0.9998652935028076,0.00011705114593496546,1.7635376934777014e-05,5
HOGCNN_EFFICIENTNETB3_ADAPTED_3CLASS,PyTorch/torchvision,faithful three-class task-adapted reimplementation,3407,S000384,ODIR,AMD_DRY,AMD_DRY,1,0.9962355494499207,0.003605843288823962,0.00015866731700953096,5
HOGCNN_EFFICIENTNETB3_ADAPTED_3CLASS,PyTorch/torchvision,faithful three-class task-adapted reimplementation,3407,S000385,ODIR,AMD_DRY,AMD_DRY,1,0.9999945163726807,5.11165444549988e-06,3.006461497534474e-07,5
HOGCNN_EFFICIENTNETB3_ADAPTED_3CLASS,PyTorch/torchvision,faithful three-class task-adapted reimplementation,3407,S000386,ODIR,AMD_DRY,AMD_DRY,1,0.9999939203262329,5.88656712352531e-06,1.8486014141672058e-07,5
HOGCNN_EFFICIENTNETB3_ADAPTED_3CLASS,PyTorch/torchvision,faithful three-class task-adapted reimplementation,3407,S000393,ODIR,AMD_DRY,AMD_DRY,1,0.9973927736282349,0.002513722749426961,9.350561595056206e-05,5
HOGCNN_EFFICIENTNETB3_ADAPTED_3CLASS,PyTorch/torchvision,faithful three-class task-adapted reimplementation,3407,S000400,ODIR,AMD_DRY,AMD_WET,0,0.15279214084148407,0.8443318009376526,0.0028760330751538277,5
HOGCNN_EFFICIENTNETB3_ADAPTED_3CLASS,PyTorch/torchvision,faithful three-class task-adapted reimplementation,3407,S000401,ODIR,AMD_DRY,AMD_DRY,1,0.9980150461196899,0.0018671833677217364,0.00011776189057854936,5
HOGCNN_EFFICIENTNETB3_ADAPTED_3CLASS,PyTorch/torchvision,faithful three-class task-adapted reimplementation,3407,S000403,ODIR,AMD_DRY,AMD_DRY,1,0.9999935626983643,6.1555274442071095e-06,2.0469698824854277e-07,5
HOGCNN_EFFICIENTNETB3_ADAPTED_3CLASS,PyTorch/torchvision,faithful three-class task-adapted reimplementation,3407,S000410,ODIR,AMD_DRY,AMD_DRY,1,0.9999518394470215,4.633801290765405e-05,1.8012111695497879e-06,5
HOGCNN_EFFICIENTNETB3_ADAPTED_3CLASS,PyTorch/torchvision,faithful three-class task-adapted reimplementation,3407,S000419,ODIR,AMD_DRY,AMD_DRY,1,0.9603880047798157,0.03909426927566528,0.0005177062121219933,5
HOGCNN_EFFICIENTNETB3_ADAPTED_3CLASS,PyTorch/torchvision,faithful three-class task-adapted reimplementation,3407,S000420,ODIR,AMD_DRY,AMD_DRY,1,0.9883578419685364,0.011423332616686821,0.00021874060621485114,5
HOGCNN_EFFICIENTNETB3_ADAPTED_3CLASS,PyTorch/torchvision,faithful three-class task-adapted reimplementation,3407,S000425,ODIR,AMD_DRY,NORMAL,0,0.009473448619246483,4.784893826581538e-05,0.9904787540435791,5
HOGCNN_EFFICIENTNETB3_ADAPTED_3CLASS,PyTorch/torchvision,faithful three-class task-adapted reimplementation,3407,S000427,ODIR,AMD_DRY,AMD_DRY,1,0.9997783303260803,0.00018303561955690384,3.860455399262719e-05,5
HOGCNN_EFFICIENTNETB3_ADAPTED_3CLASS,PyTorch/torchvision,faithful three-class task-adapted reimplementation,3407,S000430,ODIR,AMD_DRY,AMD_DRY,1,0.9990622401237488,0.0008976098615676165,4.0133836591849104e-05,5
HOGCNN_EFFICIENTNETB3_ADAPTED_3CLASS,PyTorch/torchvision,faithful three-class task-adapted reimplementation,3407,S000438,ODIR,AMD_DRY,AMD_DRY,1,0.9990432858467102,0.0009402661817148328,1.648293255129829e-05,5
HOGCNN_EFFICIENTNETB3_ADAPTED_3CLASS,PyTorch/torchvision,faithful three-class task-adapted reimplementation,3407,S000443,ODIR,AMD_DRY,AMD_DRY,1,0.9924418926239014,0.007469969801604748,8.808510028757155e-05,5
HOGCNN_EFFICIENTNETB3_ADAPTED_3CLASS,PyTorch/torchvision,faithful three-class task-adapted reimplementation,3407,S000449,ODIR,AMD_WET,AMD_WET,1,8.042832632781938e-06,0.9999912977218628,6.403716383829305e-07,5
HOGCNN_EFFICIENTNETB3_ADAPTED_3CLASS,PyTorch/torchvision,faithful three-class task-adapted reimplementation,3407,S000451,ODIR,AMD_WET,AMD_WET,1,0.021895460784435272,0.9780736565589905,3.086403739871457e-05,5
HOGCNN_EFFICIENTNETB3_ADAPTED_3CLASS,PyTorch/torchvision,faithful three-class task-adapted reimplementation,3407,S000462,ODIR,AMD_WET,AMD_DRY,0,0.7832289934158325,0.21497024595737457,0.001800820929929614,5
HOGCNN_EFFICIENTNETB3_ADAPTED_3CLASS,PyTorch/torchvision,faithful three-class task-adapted reimplementation,3407,S000469,ODIR,AMD_WET,AMD_DRY,0,0.5886602997779846,0.4046109914779663,0.006728702690452337,5
HOGCNN_EFFICIENTNETB3_ADAPTED_3CLASS,PyTorch/torchvision,faithful three-class task-adapted reimplementation,3407,S000471,ODIR,AMD_WET,AMD_DRY,0,0.9942395687103271,0.005626929923892021,0.00013347819913178682,5
HOGCNN_EFFICIENTNETB3_ADAPTED_3CLASS,PyTorch/torchvision,faithful three-class task-adapted reimplementation,3407,S000474,RFMID,NORMAL,NORMAL,1,0.056166600435972214,0.0037695132195949554,0.9400638341903687,5
HOGCNN_EFFICIENTNETB3_ADAPTED_3CLASS,PyTorch/torchvision,faithful three-class task-adapted reimplementation,3407,S000475,RFMID,NORMAL,NORMAL,1,0.000421450735302642,0.00011057257506763563,0.9994680285453796,5
HOGCNN_EFFICIENTNETB3_ADAPTED_3CLASS,PyTorch/torchvision,faithful three-class task-adapted reimplementation,3407,S000479,RFMID,NORMAL,NORMAL,1,0.03274546563625336,0.000581525731831789,0.9666730761528015,5
HOGCNN_EFFICIENTNETB3_ADAPTED_3CLASS,PyTorch/torchvision,faithful three-class task-adapted reimplementation,3407,S000483,RFMID,NORMAL,NORMAL,1,0.00044425975647754967,5.168778807274066e-05,0.9995039701461792,5
HOGCNN_EFFICIENTNETB3_ADAPTED_3CLASS,PyTorch/torchvision,faithful three-class task-adapted reimplementation,3407,S000487,RFMID,NORMAL,NORMAL,1,0.007260168436914682,8.753534348215908e-05,0.9926522374153137,5
HOGCNN_EFFICIENTNETB3_ADAPTED_3CLASS,PyTorch/torchvision,faithful three-class task-adapted reimplementation,3407,S000489,RFMID,NORMAL,NORMAL,1,0.0002246578224003315,1.823010461521335e-05,0.9997571110725403,5
HOGCNN_EFFICIENTNETB3_ADAPTED_3CLASS,PyTorch/torchvision,faithful three-class task-adapted reimplementation,3407,S000495,RFMID,NORMAL,NORMAL,1,0.00766835967078805,0.0002772579900920391,0.9920544624328613,5
HOGCNN_EFFICIENTNETB3_ADAPTED_3CLASS,PyTorch/torchvision,faithful three-class task-adapted reimplementation,3407,S000496,RFMID,NORMAL,NORMAL,1,0.014676081016659737,0.01812351681292057,0.9672003388404846,5
HOGCNN_EFFICIENTNETB3_ADAPTED_3CLASS,PyTorch/torchvision,faithful three-class task-adapted reimplementation,3407,S000503,RFMID,NORMAL,NORMAL,1,0.0009525095811113715,6.555482832482085e-05,0.9989820122718811,5
HOGCNN_EFFICIENTNETB3_ADAPTED_3CLASS,PyTorch/torchvision,faithful three-class task-adapted reimplementation,3407,S000513,RFMID,NORMAL,NORMAL,1,0.015050370246171951,0.00024821580154821277,0.98470139503479,5
HOGCNN_EFFICIENTNETB3_ADAPTED_3CLASS,PyTorch/torchvision,faithful three-class task-adapted reimplementation,3407,S000519,RFMID,NORMAL,NORMAL,1,0.001311961910687387,4.219147012918256e-05,0.9986459612846375,5
HOGCNN_EFFICIENTNETB3_ADAPTED_3CLASS,PyTorch/torchvision,faithful three-class task-adapted reimplementation,3407,S000525,RFMID,NORMAL,AMD_DRY,0,0.9083693027496338,0.0015997379086911678,0.09003093838691711,5
HOGCNN_EFFICIENTNETB3_ADAPTED_3CLASS,PyTorch/torchvision,faithful three-class task-adapted reimplementation,3407,S000526,RFMID,NORMAL,NORMAL,1,0.0018122378969565034,0.00013038227916695178,0.9980573058128357,5
HOGCNN_EFFICIENTNETB3_ADAPTED_3CLASS,PyTorch/torchvision,faithful three-class task-adapted reimplementation,3407,S000536,RFMID,AMD_DRY,AMD_DRY,1,0.8701186180114746,0.12785308063030243,0.0020283919293433428,5
HOGCNN_EFFICIENTNETB3_ADAPTED_3CLASS,PyTorch/torchvision,faithful three-class task-adapted reimplementation,3407,S000538,RFMID,AMD_DRY,AMD_WET,0,0.016023611649870872,0.9827608466148376,0.0012154807336628437,5
HOGCNN_EFFICIENTNETB3_ADAPTED_3CLASS,PyTorch/torchvision,faithful three-class task-adapted reimplementation,3407,S000547,RFMID,AMD_WET,AMD_DRY,0,0.8135360479354858,0.1770458072423935,0.009418163448572159,5
HOGCNN_EFFICIENTNETB3_ADAPTED_3CLASS,PyTorch/torchvision,faithful three-class task-adapted reimplementation,3407,S000554,RFMID,AMD_WET,AMD_WET,1,8.725291081645992e-06,0.9999901056289673,1.1248368991800817e-06,5
HOGCNN_EFFICIENTNETB3_ADAPTED_3CLASS,PyTorch/torchvision,faithful three-class task-adapted reimplementation,3407,S000556,RFMID,AMD_WET,AMD_WET,1,0.0008400468504987657,0.9990604519844055,9.954102279152721e-05,5
HOGCNN_EFFICIENTNETB3_ADAPTED_3CLASS,PyTorch/torchvision,faithful three-class task-adapted reimplementation,3407,S000567,RFMID,AMD_WET,AMD_WET,1,0.4007663428783417,0.5976012945175171,0.0016323656309396029,5
HOGCNN_EFFICIENTNETB3_ADAPTED_3CLASS,PyTorch/torchvision,faithful three-class task-adapted reimplementation,3407,S000570,RFMID,AMD_WET,AMD_WET,1,0.002004146808758378,0.9978398084640503,0.0001559908560011536,5
HOGCNN_EFFICIENTNETB3_ADAPTED_3CLASS,PyTorch/torchvision,faithful three-class task-adapted reimplementation,3407,S000574,RFMID,AMD_WET,AMD_WET,1,0.15434981882572174,0.844753623008728,0.0008964873268269002,5
HOGCNN_EFFICIENTNETB3_ADAPTED_3CLASS,PyTorch/torchvision,faithful three-class task-adapted reimplementation,3407,S000577,RFMID,AMD_WET,AMD_WET,1,0.0023268871009349823,0.9974787831306458,0.0001943436946021393,5
HOGCNN_EFFICIENTNETB3_ADAPTED_3CLASS,PyTorch/torchvision,faithful three-class task-adapted reimplementation,3407,S000581,RFMID,AMD_WET,AMD_WET,1,4.839901521336287e-05,0.9999477863311768,3.784668933803914e-06,5
HOGCNN_EFFICIENTNETB3_ADAPTED_3CLASS,PyTorch/torchvision,faithful three-class task-adapted reimplementation,3407,S000585,RFMID,AMD_WET,AMD_WET,1,0.08896149694919586,0.9105759263038635,0.0004625844885595143,5
HOGCNN_EFFICIENTNETB3_ADAPTED_3CLASS,PyTorch/torchvision,faithful three-class task-adapted reimplementation,3407,S000588,RFMID,AMD_WET,AMD_WET,1,0.01716988906264305,0.9822616577148438,0.0005684313946403563,5
HOGCNN_EFFICIENTNETB3_ADAPTED_3CLASS,PyTorch/torchvision,faithful three-class task-adapted reimplementation,7777,S000002,ADAM,AMD_DRY,NORMAL,0,0.032009053975343704,8.625584450783208e-05,0.9679046273231506,1
HOGCNN_EFFICIENTNETB3_ADAPTED_3CLASS,PyTorch/torchvision,faithful three-class task-adapted reimplementation,7777,S000003,ADAM,AMD_DRY,AMD_DRY,1,0.8837394118309021,0.00010790616943268105,0.11615268886089325,1
HOGCNN_EFFICIENTNETB3_ADAPTED_3CLASS,PyTorch/torchvision,faithful three-class task-adapted reimplementation,7777,S000010,ADAM,AMD_DRY,AMD_WET,0,0.005813357885926962,0.9939334988594055,0.00025316988467238843,1
HOGCNN_EFFICIENTNETB3_ADAPTED_3CLASS,PyTorch/torchvision,faithful three-class task-adapted reimplementation,7777,S000013,ADAM,AMD_DRY,AMD_WET,0,0.1343666911125183,0.8642826080322266,0.0013507152907550335,1
HOGCNN_EFFICIENTNETB3_ADAPTED_3CLASS,PyTorch/torchvision,faithful three-class task-adapted reimplementation,7777,S000019,ADAM,AMD_DRY,AMD_DRY,1,0.5342560410499573,0.020122118294239044,0.4456218183040619,1
HOGCNN_EFFICIENTNETB3_ADAPTED_3CLASS,PyTorch/torchvision,faithful three-class task-adapted reimplementation,7777,S000026,ADAM,AMD_DRY,AMD_DRY,1,0.9947397112846375,0.005012339446693659,0.0002479920512996614,1
HOGCNN_EFFICIENTNETB3_ADAPTED_3CLASS,PyTorch/torchvision,faithful three-class task-adapted reimplementation,7777,S000032,ADAM,AMD_DRY,AMD_DRY,1,0.9964286684989929,0.0028727685566991568,0.0006985720247030258,1
HOGCNN_EFFICIENTNETB3_ADAPTED_3CLASS,PyTorch/torchvision,faithful three-class task-adapted reimplementation,7777,S000040,ADAM,AMD_WET,AMD_WET,1,6.254020991036668e-05,0.9999370574951172,4.089453398137266e-07,1
HOGCNN_EFFICIENTNETB3_ADAPTED_3CLASS,PyTorch/torchvision,faithful three-class task-adapted reimplementation,7777,S000045,ADAM,AMD_WET,AMD_WET,1,0.0051343622617423534,0.9947053790092468,0.0001603178243385628,1
HOGCNN_EFFICIENTNETB3_ADAPTED_3CLASS,PyTorch/torchvision,faithful three-class task-adapted reimplementation,7777,S000047,ADAM,AMD_WET,AMD_WET,1,0.0012274758191779256,0.9987564086914062,1.6144478649948724e-05,1
HOGCNN_EFFICIENTNETB3_ADAPTED_3CLASS,PyTorch/torchvision,faithful three-class task-adapted reimplementation,7777,S000051,ADAM,AMD_WET,AMD_WET,1,2.61049649452616e-07,0.9999997615814209,7.217933473135929e-10,1
HOGCNN_EFFICIENTNETB3_ADAPTED_3CLASS,PyTorch/torchvision,faithful three-class task-adapted reimplementation,7777,S000062,FIVES,NORMAL,NORMAL,1,0.0023412646260112524,5.043219061917625e-06,0.9976537823677063,1
HOGCNN_EFFICIENTNETB3_ADAPTED_3CLASS,PyTorch/torchvision,faithful three-class task-adapted reimplementation,7777,S000064,FIVES,NORMAL,NORMAL,1,0.11202328652143478,0.008322341367602348,0.8796543478965759,1
HOGCNN_EFFICIENTNETB3_ADAPTED_3CLASS,PyTorch/torchvision,faithful three-class task-adapted reimplementation,7777,S000071,FIVES,NORMAL,NORMAL,1,0.018000412732362747,0.00023880923981778324,0.9817607998847961,1
HOGCNN_EFFICIENTNETB3_ADAPTED_3CLASS,PyTorch/torchvision,faithful three-class task-adapted reimplementation,7777,S000072,FIVES,NORMAL,NORMAL,1,0.015810593962669373,0.0009544724598526955,0.9832350015640259,1
HOGCNN_EFFICIENTNETB3_ADAPTED_3CLASS,PyTorch/torchvision,faithful three-class task-adapted reimplementation,7777,S000083,FIVES,NORMAL,NORMAL,1,0.004498542286455631,1.2659149433602579e-05,0.995488703250885,1
HOGCNN_EFFICIENTNETB3_ADAPTED_3CLASS,PyTorch/torchvision,faithful three-class task-adapted reimplementation,7777,S000085,FIVES,NORMAL,NORMAL,1,0.001580102602019906,1.1484296919661574e-05,0.9984084963798523,1
HOGCNN_EFFICIENTNETB3_ADAPTED_3CLASS,PyTorch/torchvision,faithful three-class task-adapted reimplementation,7777,S000090,FIVES,NORMAL,NORMAL,1,0.003267601365223527,4.335000994615257e-06,0.9967280626296997,1
HOGCNN_EFFICIENTNETB3_ADAPTED_3CLASS,PyTorch/torchvision,faithful three-class task-adapted reimplementation,7777,S000093,FIVES,NORMAL,NORMAL,1,0.000989925698377192,1.050789478540537e-06,0.9990090131759644,1
HOGCNN_EFFICIENTNETB3_ADAPTED_3CLASS,PyTorch/torchvision,faithful three-class task-adapted reimplementation,7777,S000101,FIVES,NORMAL,NORMAL,1,0.0026374266017228365,8.85916051629465e-06,0.9973536729812622,1
HOGCNN_EFFICIENTNETB3_ADAPTED_3CLASS,PyTorch/torchvision,faithful three-class task-adapted reimplementation,7777,S000105,FIVES,NORMAL,NORMAL,1,0.0007379151647910476,2.856716889709787e-07,0.9992617964744568,1
HOGCNN_EFFICIENTNETB3_ADAPTED_3CLASS,PyTorch/torchvision,faithful three-class task-adapted reimplementation,7777,S000106,FIVES,NORMAL,NORMAL,1,0.005495404824614525,2.671080073923804e-05,0.9944778680801392,1
HOGCNN_EFFICIENTNETB3_ADAPTED_3CLASS,PyTorch/torchvision,faithful three-class task-adapted reimplementation,7777,S000107,FIVES,NORMAL,NORMAL,1,0.008628444746136665,3.4867953218054026e-05,0.9913367033004761,1
HOGCNN_EFFICIENTNETB3_ADAPTED_3CLASS,PyTorch/torchvision,faithful three-class task-adapted reimplementation,7777,S000111,FIVES,NORMAL,NORMAL,1,0.007120924070477486,6.033797762938775e-05,0.9928186535835266,1
HOGCNN_EFFICIENTNETB3_ADAPTED_3CLASS,PyTorch/torchvision,faithful three-class task-adapted reimplementation,7777,S000114,FIVES,NORMAL,NORMAL,1,0.04374994710087776,6.914936966495588e-05,0.9561808705329895,1
HOGCNN_EFFICIENTNETB3_ADAPTED_3CLASS,PyTorch/torchvision,faithful three-class task-adapted reimplementation,7777,S000123,FIVES,NORMAL,NORMAL,1,0.0036709452979266644,4.941725819662679e-06,0.9963240623474121,1
HOGCNN_EFFICIENTNETB3_ADAPTED_3CLASS,PyTorch/torchvision,faithful three-class task-adapted reimplementation,7777,S000124,FIVES,NORMAL,NORMAL,1,0.0015397293027490377,3.0690857784065884e-06,0.9984571933746338,1
HOGCNN_EFFICIENTNETB3_ADAPTED_3CLASS,PyTorch/torchvision,faithful three-class task-adapted reimplementation,7777,S000126,FIVES,NORMAL,NORMAL,1,0.006021672394126654,5.830112786497921e-05,0.993920087814331,1
HOGCNN_EFFICIENTNETB3_ADAPTED_3CLASS,PyTorch/torchvision,faithful three-class task-adapted reimplementation,7777,S000136,FIVES,NORMAL,NORMAL,1,0.00277303927578032,7.434819053742103e-06,0.997219443321228,1
HOGCNN_EFFICIENTNETB3_ADAPTED_3CLASS,PyTorch/torchvision,faithful three-class task-adapted reimplementation,7777,S000142,FIVES,NORMAL,NORMAL,1,0.0028487765230238438,1.6761441656854004e-05,0.9971344470977783,1
HOGCNN_EFFICIENTNETB3_ADAPTED_3CLASS,PyTorch/torchvision,faithful three-class task-adapted reimplementation,7777,S000143,FIVES,NORMAL,NORMAL,1,0.0017480236710980535,2.026475613092771e-06,0.9982499480247498,1
HOGCNN_EFFICIENTNETB3_ADAPTED_3CLASS,PyTorch/torchvision,faithful three-class task-adapted reimplementation,7777,S000157,FIVES,AMD_DRY,AMD_WET,0,0.042384885251522064,0.9574838876724243,0.00013126675912644714,1
HOGCNN_EFFICIENTNETB3_ADAPTED_3CLASS,PyTorch/torchvision,faithful three-class task-adapted reimplementation,7777,S000165,FIVES,AMD_DRY,AMD_DRY,1,0.9950507283210754,0.0038958939258009195,0.001053288346156478,1
HOGCNN_EFFICIENTNETB3_ADAPTED_3CLASS,PyTorch/torchvision,faithful three-class task-adapted reimplementation,7777,S000166,FIVES,AMD_DRY,AMD_WET,0,0.12218547612428665,0.8768165111541748,0.0009980060858651996,1
HOGCNN_EFFICIENTNETB3_ADAPTED_3CLASS,PyTorch/torchvision,faithful three-class task-adapted reimplementation,7777,S000171,FIVES,AMD_WET,AMD_WET,1,3.5942455269832863e-06,0.9999964237213135,1.8403342849637738e-08,1
HOGCNN_EFFICIENTNETB3_ADAPTED_3CLASS,PyTorch/torchvision,faithful three-class task-adapted reimplementation,7777,S000175,FIVES,AMD_WET,AMD_WET,1,0.0006094605196267366,0.9993836879730225,6.83660437061917e-06,1
HOGCNN_EFFICIENTNETB3_ADAPTED_3CLASS,PyTorch/torchvision,faithful three-class task-adapted reimplementation,7777,S000181,FIVES,AMD_WET,AMD_WET,1,7.956705303513445e-06,0.9999920129776001,4.9341636554345314e-08,1
HOGCNN_EFFICIENTNETB3_ADAPTED_3CLASS,PyTorch/torchvision,faithful three-class task-adapted reimplementation,7777,S000196,FIVES,AMD_WET,AMD_WET,1,2.706153967579894e-09,1.0,1.1101082076150903e-12,1
HOGCNN_EFFICIENTNETB3_ADAPTED_3CLASS,PyTorch/torchvision,faithful three-class task-adapted reimplementation,7777,S000197,FIVES,AMD_WET,AMD_WET,1,3.6987617932027206e-05,0.9999629259109497,1.0822041929259285e-07,1
HOGCNN_EFFICIENTNETB3_ADAPTED_3CLASS,PyTorch/torchvision,faithful three-class task-adapted reimplementation,7777,S000198,FIVES,AMD_WET,AMD_WET,1,5.5755731409590226e-06,0.9999943971633911,3.030195472319974e-08,1
HOGCNN_EFFICIENTNETB3_ADAPTED_3CLASS,PyTorch/torchvision,faithful three-class task-adapted reimplementation,7777,S000199,FIVES,AMD_WET,AMD_WET,1,3.0982308089733124e-05,0.9999687671661377,2.9276864665916946e-07,1
HOGCNN_EFFICIENTNETB3_ADAPTED_3CLASS,PyTorch/torchvision,faithful three-class task-adapted reimplementation,7777,S000209,FIVES,AMD_WET,AMD_WET,1,6.06740613875445e-05,0.99993896484375,3.6957464999431977e-07,1
HOGCNN_EFFICIENTNETB3_ADAPTED_3CLASS,PyTorch/torchvision,faithful three-class task-adapted reimplementation,7777,S000214,FIVES,AMD_WET,AMD_WET,1,0.0005617846618406475,0.9994290471076965,9.181772838928737e-06,1
HOGCNN_EFFICIENTNETB3_ADAPTED_3CLASS,PyTorch/torchvision,faithful three-class task-adapted reimplementation,7777,S000221,FIVES,AMD_WET,AMD_WET,1,5.126249251474757e-12,1.0,3.5638421564802055e-16,1
HOGCNN_EFFICIENTNETB3_ADAPTED_3CLASS,PyTorch/torchvision,faithful three-class task-adapted reimplementation,7777,S000223,FIVES,AMD_WET,AMD_DRY,0,0.6392448544502258,0.35872161388397217,0.0020336024463176727,1
HOGCNN_EFFICIENTNETB3_ADAPTED_3CLASS,PyTorch/torchvision,faithful three-class task-adapted reimplementation,7777,S000228,FIVES,AMD_WET,AMD_WET,1,4.759625426231651e-06,0.999995231628418,1.5590241986274123e-08,1
HOGCNN_EFFICIENTNETB3_ADAPTED_3CLASS,PyTorch/torchvision,faithful three-class task-adapted reimplementation,7777,S000231,FIVES,AMD_WET,AMD_WET,1,0.00019342302402947098,0.9998041987419128,2.3721702291368274e-06,1
HOGCNN_EFFICIENTNETB3_ADAPTED_3CLASS,PyTorch/torchvision,faithful three-class task-adapted reimplementation,7777,S000240,ODIR,NORMAL,NORMAL,1,0.004304945003241301,8.23433856567135e-06,0.9956868290901184,1
HOGCNN_EFFICIENTNETB3_ADAPTED_3CLASS,PyTorch/torchvision,faithful three-class task-adapted reimplementation,7777,S000252,ODIR,NORMAL,NORMAL,1,0.0008072132477536798,4.6185056135072955e-07,0.9991922974586487,1
HOGCNN_EFFICIENTNETB3_ADAPTED_3CLASS,PyTorch/torchvision,faithful three-class task-adapted reimplementation,7777,S000255,ODIR,NORMAL,NORMAL,1,0.0015764428535476327,6.608308922295691e-07,0.9984228610992432,1
HOGCNN_EFFICIENTNETB3_ADAPTED_3CLASS,PyTorch/torchvision,faithful three-class task-adapted reimplementation,7777,S000256,ODIR,NORMAL,NORMAL,1,0.014003844931721687,3.429110438446514e-05,0.9859618544578552,1
HOGCNN_EFFICIENTNETB3_ADAPTED_3CLASS,PyTorch/torchvision,faithful three-class task-adapted reimplementation,7777,S000258,ODIR,NORMAL,NORMAL,1,0.00427434965968132,3.7380737012426835e-06,0.9957219362258911,1
HOGCNN_EFFICIENTNETB3_ADAPTED_3CLASS,PyTorch/torchvision,faithful three-class task-adapted reimplementation,7777,S000264,ODIR,NORMAL,NORMAL,1,0.003851276356726885,7.125768661353504e-06,0.9961416125297546,1
HOGCNN_EFFICIENTNETB3_ADAPTED_3CLASS,PyTorch/torchvision,faithful three-class task-adapted reimplementation,7777,S000265,ODIR,NORMAL,NORMAL,1,0.019824193790555,0.00015021790750324726,0.9800255298614502,1
HOGCNN_EFFICIENTNETB3_ADAPTED_3CLASS,PyTorch/torchvision,faithful three-class task-adapted reimplementation,7777,S000267,ODIR,NORMAL,NORMAL,1,0.0037177172489464283,4.150960648985347e-06,0.9962781071662903,1
HOGCNN_EFFICIENTNETB3_ADAPTED_3CLASS,PyTorch/torchvision,faithful three-class task-adapted reimplementation,7777,S000268,ODIR,NORMAL,NORMAL,1,0.006964895874261856,1.7644004401518032e-05,0.9930174350738525,1
HOGCNN_EFFICIENTNETB3_ADAPTED_3CLASS,PyTorch/torchvision,faithful three-class task-adapted reimplementation,7777,S000274,ODIR,NORMAL,NORMAL,1,0.007915932685136795,2.331587347725872e-05,0.9920607805252075,1
HOGCNN_EFFICIENTNETB3_ADAPTED_3CLASS,PyTorch/torchvision,faithful three-class task-adapted reimplementation,7777,S000275,ODIR,NORMAL,NORMAL,1,0.011562203988432884,4.414134309627116e-05,0.9883936047554016,1
HOGCNN_EFFICIENTNETB3_ADAPTED_3CLASS,PyTorch/torchvision,faithful three-class task-adapted reimplementation,7777,S000282,ODIR,NORMAL,NORMAL,1,0.0013782840687781572,7.242037440846616e-07,0.9986209869384766,1
HOGCNN_EFFICIENTNETB3_ADAPTED_3CLASS,PyTorch/torchvision,faithful three-class task-adapted reimplementation,7777,S000291,ODIR,NORMAL,NORMAL,1,0.020855853334069252,0.0002252388367196545,0.9789189696311951,1
HOGCNN_EFFICIENTNETB3_ADAPTED_3CLASS,PyTorch/torchvision,faithful three-class task-adapted reimplementation,7777,S000298,ODIR,NORMAL,NORMAL,1,0.0005092963110655546,4.979061074550373e-08,0.9994907379150391,1
HOGCNN_EFFICIENTNETB3_ADAPTED_3CLASS,PyTorch/torchvision,faithful three-class task-adapted reimplementation,7777,S000307,ODIR,NORMAL,NORMAL,1,0.0017648594221100211,9.636557933845324e-07,0.9982341527938843,1
HOGCNN_EFFICIENTNETB3_ADAPTED_3CLASS,PyTorch/torchvision,faithful three-class task-adapted reimplementation,7777,S000317,ODIR,NORMAL,NORMAL,1,0.0017447022255510092,8.754195732763037e-07,0.9982544779777527,1
HOGCNN_EFFICIENTNETB3_ADAPTED_3CLASS,PyTorch/torchvision,faithful three-class task-adapted reimplementation,7777,S000318,ODIR,NORMAL,NORMAL,1,0.002373406430706382,9.786496093511232e-07,0.9976256489753723,1
HOGCNN_EFFICIENTNETB3_ADAPTED_3CLASS,PyTorch/torchvision,faithful three-class task-adapted reimplementation,7777,S000321,ODIR,NORMAL,NORMAL,1,0.007855306379497051,4.2900952394120395e-05,0.9921017289161682,1
HOGCNN_EFFICIENTNETB3_ADAPTED_3CLASS,PyTorch/torchvision,faithful three-class task-adapted reimplementation,7777,S000326,ODIR,NORMAL,NORMAL,1,0.05873747542500496,0.000651286041829735,0.9406112432479858,1
HOGCNN_EFFICIENTNETB3_ADAPTED_3CLASS,PyTorch/torchvision,faithful three-class task-adapted reimplementation,7777,S000327,ODIR,NORMAL,NORMAL,1,0.006397832650691271,5.486499503604136e-06,0.9935966730117798,1
HOGCNN_EFFICIENTNETB3_ADAPTED_3CLASS,PyTorch/torchvision,faithful three-class task-adapted reimplementation,7777,S000329,ODIR,NORMAL,NORMAL,1,0.08511456102132797,0.001830005319789052,0.913055419921875,1
HOGCNN_EFFICIENTNETB3_ADAPTED_3CLASS,PyTorch/torchvision,faithful three-class task-adapted reimplementation,7777,S000333,ODIR,NORMAL,NORMAL,1,0.02768930234014988,0.0022767444606870413,0.9700339436531067,1
HOGCNN_EFFICIENTNETB3_ADAPTED_3CLASS,PyTorch/torchvision,faithful three-class task-adapted reimplementation,7777,S000349,ODIR,NORMAL,NORMAL,1,0.007440782617777586,2.0041916286572814e-05,0.9925392270088196,1
HOGCNN_EFFICIENTNETB3_ADAPTED_3CLASS,PyTorch/torchvision,faithful three-class task-adapted reimplementation,7777,S000351,ODIR,NORMAL,NORMAL,1,0.0023042995017021894,1.2952312999914284e-06,0.9976943135261536,1
HOGCNN_EFFICIENTNETB3_ADAPTED_3CLASS,PyTorch/torchvision,faithful three-class task-adapted reimplementation,7777,S000356,ODIR,NORMAL,NORMAL,1,0.0043425848707556725,5.476607384480303e-06,0.9956520199775696,1
HOGCNN_EFFICIENTNETB3_ADAPTED_3CLASS,PyTorch/torchvision,faithful three-class task-adapted reimplementation,7777,S000382,ODIR,AMD_DRY,AMD_DRY,1,0.6529974937438965,0.34644201397895813,0.0005604364559985697,1
HOGCNN_EFFICIENTNETB3_ADAPTED_3CLASS,PyTorch/torchvision,faithful three-class task-adapted reimplementation,7777,S000387,ODIR,AMD_DRY,AMD_DRY,1,0.5689268112182617,0.43090248107910156,0.0001707065966911614,1
HOGCNN_EFFICIENTNETB3_ADAPTED_3CLASS,PyTorch/torchvision,faithful three-class task-adapted reimplementation,7777,S000388,ODIR,AMD_DRY,AMD_WET,0,0.2084926962852478,0.7891801595687866,0.0023271669633686543,1
HOGCNN_EFFICIENTNETB3_ADAPTED_3CLASS,PyTorch/torchvision,faithful three-class task-adapted reimplementation,7777,S000397,ODIR,AMD_DRY,AMD_DRY,1,0.9849222302436829,0.010978780686855316,0.004098931793123484,1
HOGCNN_EFFICIENTNETB3_ADAPTED_3CLASS,PyTorch/torchvision,faithful three-class task-adapted reimplementation,7777,S000405,ODIR,AMD_DRY,AMD_DRY,1,0.9902628660202026,0.008909051306545734,0.0008281537448056042,1
HOGCNN_EFFICIENTNETB3_ADAPTED_3CLASS,PyTorch/torchvision,faithful three-class task-adapted reimplementation,7777,S000408,ODIR,AMD_DRY,AMD_WET,0,0.3124629259109497,0.6305685043334961,0.05696859583258629,1
HOGCNN_EFFICIENTNETB3_ADAPTED_3CLASS,PyTorch/torchvision,faithful three-class task-adapted reimplementation,7777,S000413,ODIR,AMD_DRY,AMD_DRY,1,0.9713976979255676,0.01941501721739769,0.009187361225485802,1
HOGCNN_EFFICIENTNETB3_ADAPTED_3CLASS,PyTorch/torchvision,faithful three-class task-adapted reimplementation,7777,S000414,ODIR,AMD_DRY,AMD_DRY,1,0.9708031415939331,0.02636018767952919,0.0028365717735141516,1
HOGCNN_EFFICIENTNETB3_ADAPTED_3CLASS,PyTorch/torchvision,faithful three-class task-adapted reimplementation,7777,S000415,ODIR,AMD_DRY,AMD_DRY,1,0.9918135404586792,0.006271721795201302,0.0019148276187479496,1
HOGCNN_EFFICIENTNETB3_ADAPTED_3CLASS,PyTorch/torchvision,faithful three-class task-adapted reimplementation,7777,S000421,ODIR,AMD_DRY,AMD_DRY,1,0.8887115716934204,0.10960926115512848,0.0016791407251730561,1
HOGCNN_EFFICIENTNETB3_ADAPTED_3CLASS,PyTorch/torchvision,faithful three-class task-adapted reimplementation,7777,S000422,ODIR,AMD_DRY,AMD_DRY,1,0.9921982884407043,0.007123274728655815,0.0006784292636439204,1
HOGCNN_EFFICIENTNETB3_ADAPTED_3CLASS,PyTorch/torchvision,faithful three-class task-adapted reimplementation,7777,S000429,ODIR,AMD_DRY,AMD_DRY,1,0.9956907629966736,0.003378487890586257,0.0009308171574957669,1
HOGCNN_EFFICIENTNETB3_ADAPTED_3CLASS,PyTorch/torchvision,faithful three-class task-adapted reimplementation,7777,S000431,ODIR,AMD_DRY,AMD_DRY,1,0.9744248390197754,0.02206043154001236,0.0035147820599377155,1
HOGCNN_EFFICIENTNETB3_ADAPTED_3CLASS,PyTorch/torchvision,faithful three-class task-adapted reimplementation,7777,S000432,ODIR,AMD_DRY,AMD_DRY,1,0.997171938419342,0.0011853273026645184,0.0016427943482995033,1
HOGCNN_EFFICIENTNETB3_ADAPTED_3CLASS,PyTorch/torchvision,faithful three-class task-adapted reimplementation,7777,S000433,ODIR,AMD_DRY,AMD_DRY,1,0.9801676273345947,0.017967896535992622,0.0018645209493115544,1
HOGCNN_EFFICIENTNETB3_ADAPTED_3CLASS,PyTorch/torchvision,faithful three-class task-adapted reimplementation,7777,S000436,ODIR,AMD_DRY,AMD_DRY,1,0.987694501876831,0.011194837279617786,0.0011106773745268583,1
HOGCNN_EFFICIENTNETB3_ADAPTED_3CLASS,PyTorch/torchvision,faithful three-class task-adapted reimplementation,7777,S000437,ODIR,AMD_DRY,AMD_DRY,1,0.9676197171211243,0.027417125180363655,0.004963081330060959,1
HOGCNN_EFFICIENTNETB3_ADAPTED_3CLASS,PyTorch/torchvision,faithful three-class task-adapted reimplementation,7777,S000446,ODIR,AMD_WET,AMD_WET,1,0.004050447139889002,0.995890736579895,5.8834251831285655e-05,1
HOGCNN_EFFICIENTNETB3_ADAPTED_3CLASS,PyTorch/torchvision,faithful three-class task-adapted reimplementation,7777,S000450,ODIR,AMD_WET,AMD_WET,1,0.0013362446334213018,0.9986364245414734,2.7375188437872566e-05,1
HOGCNN_EFFICIENTNETB3_ADAPTED_3CLASS,PyTorch/torchvision,faithful three-class task-adapted reimplementation,7777,S000452,ODIR,AMD_WET,AMD_WET,1,0.45378679037094116,0.546160876750946,5.232364128460176e-05,1
HOGCNN_EFFICIENTNETB3_ADAPTED_3CLASS,PyTorch/torchvision,faithful three-class task-adapted reimplementation,7777,S000454,ODIR,AMD_WET,AMD_WET,1,0.0010708660120144486,0.9989060163497925,2.3067703295964748e-05,1
HOGCNN_EFFICIENTNETB3_ADAPTED_3CLASS,PyTorch/torchvision,faithful three-class task-adapted reimplementation,7777,S000467,ODIR,AMD_WET,AMD_WET,1,0.007264991756528616,0.9924499988555908,0.0002850716409739107,1
HOGCNN_EFFICIENTNETB3_ADAPTED_3CLASS,PyTorch/torchvision,faithful three-class task-adapted reimplementation,7777,S000477,RFMID,NORMAL,NORMAL,1,0.008591978810727596,0.0001317209971603006,0.9912762641906738,1
HOGCNN_EFFICIENTNETB3_ADAPTED_3CLASS,PyTorch/torchvision,faithful three-class task-adapted reimplementation,7777,S000480,RFMID,NORMAL,NORMAL,1,0.018413854762911797,0.0005736362654715776,0.9810125827789307,1
HOGCNN_EFFICIENTNETB3_ADAPTED_3CLASS,PyTorch/torchvision,faithful three-class task-adapted reimplementation,7777,S000484,RFMID,NORMAL,NORMAL,1,0.028479354456067085,0.1138298287987709,0.8576908111572266,1
HOGCNN_EFFICIENTNETB3_ADAPTED_3CLASS,PyTorch/torchvision,faithful three-class task-adapted reimplementation,7777,S000485,RFMID,NORMAL,NORMAL,1,0.008901895023882389,6.251347804209217e-05,0.9910355806350708,1
HOGCNN_EFFICIENTNETB3_ADAPTED_3CLASS,PyTorch/torchvision,faithful three-class task-adapted reimplementation,7777,S000491,RFMID,NORMAL,NORMAL,1,0.04285982623696327,0.0005489666946232319,0.9565912485122681,1
HOGCNN_EFFICIENTNETB3_ADAPTED_3CLASS,PyTorch/torchvision,faithful three-class task-adapted reimplementation,7777,S000493,RFMID,NORMAL,NORMAL,1,0.03819786384701729,0.0007859972538426518,0.9610161185264587,1
HOGCNN_EFFICIENTNETB3_ADAPTED_3CLASS,PyTorch/torchvision,faithful three-class task-adapted reimplementation,7777,S000504,RFMID,NORMAL,NORMAL,1,0.03524554893374443,0.0007058064802549779,0.9640485644340515,1
HOGCNN_EFFICIENTNETB3_ADAPTED_3CLASS,PyTorch/torchvision,faithful three-class task-adapted reimplementation,7777,S000506,RFMID,NORMAL,NORMAL,1,0.0019506626995280385,3.662077006083564e-06,0.9980456829071045,1
HOGCNN_EFFICIENTNETB3_ADAPTED_3CLASS,PyTorch/torchvision,faithful three-class task-adapted reimplementation,7777,S000507,RFMID,NORMAL,NORMAL,1,0.023822316899895668,0.00019434711430221796,0.9759833216667175,1
HOGCNN_EFFICIENTNETB3_ADAPTED_3CLASS,PyTorch/torchvision,faithful three-class task-adapted reimplementation,7777,S000515,RFMID,NORMAL,NORMAL,1,0.0026395467575639486,1.8561365777713945e-06,0.997358500957489,1
HOGCNN_EFFICIENTNETB3_ADAPTED_3CLASS,PyTorch/torchvision,faithful three-class task-adapted reimplementation,7777,S000522,RFMID,NORMAL,NORMAL,1,0.014140189625322819,0.00022715458180755377,0.9856326580047607,1
HOGCNN_EFFICIENTNETB3_ADAPTED_3CLASS,PyTorch/torchvision,faithful three-class task-adapted reimplementation,7777,S000527,RFMID,NORMAL,NORMAL,1,0.014724292792379856,0.00012812574277631938,0.9851476550102234,1
HOGCNN_EFFICIENTNETB3_ADAPTED_3CLASS,PyTorch/torchvision,faithful three-class task-adapted reimplementation,7777,S000529,RFMID,NORMAL,NORMAL,1,0.02638506516814232,0.0009201392531394958,0.9726948738098145,1
HOGCNN_EFFICIENTNETB3_ADAPTED_3CLASS,PyTorch/torchvision,faithful three-class task-adapted reimplementation,7777,S000542,RFMID,AMD_DRY,AMD_WET,0,0.02725978009402752,0.9715157151222229,0.0012244813842698932,1
HOGCNN_EFFICIENTNETB3_ADAPTED_3CLASS,PyTorch/torchvision,faithful three-class task-adapted reimplementation,7777,S000545,RFMID,AMD_WET,AMD_WET,1,0.004742593504488468,0.9951474070549011,0.00010995554475812241,1
HOGCNN_EFFICIENTNETB3_ADAPTED_3CLASS,PyTorch/torchvision,faithful three-class task-adapted reimplementation,7777,S000552,RFMID,AMD_WET,AMD_WET,1,0.00039306090911850333,0.9995672106742859,3.975961226387881e-05,1
HOGCNN_EFFICIENTNETB3_ADAPTED_3CLASS,PyTorch/torchvision,faithful three-class task-adapted reimplementation,7777,S000553,RFMID,AMD_WET,AMD_WET,1,2.2478265236713924e-05,0.9999773502349854,1.7884151759517408e-07,1
HOGCNN_EFFICIENTNETB3_ADAPTED_3CLASS,PyTorch/torchvision,faithful three-class task-adapted reimplementation,7777,S000565,RFMID,AMD_WET,AMD_WET,1,0.03848463296890259,0.9595462679862976,0.001969121163710952,1
HOGCNN_EFFICIENTNETB3_ADAPTED_3CLASS,PyTorch/torchvision,faithful three-class task-adapted reimplementation,7777,S000576,RFMID,AMD_WET,AMD_WET,1,0.003005923004820943,0.9963786005973816,0.0006154867587611079,1
HOGCNN_EFFICIENTNETB3_ADAPTED_3CLASS,PyTorch/torchvision,faithful three-class task-adapted reimplementation,7777,S000578,RFMID,AMD_WET,AMD_WET,1,0.005194035358726978,0.9947249293327332,8.105493907351047e-05,1
HOGCNN_EFFICIENTNETB3_ADAPTED_3CLASS,PyTorch/torchvision,faithful three-class task-adapted reimplementation,7777,S000580,RFMID,AMD_WET,AMD_WET,1,1.9045863497435533e-10,1.0,3.363784335168145e-14,1
HOGCNN_EFFICIENTNETB3_ADAPTED_3CLASS,PyTorch/torchvision,faithful three-class task-adapted reimplementation,7777,S000583,RFMID,AMD_WET,AMD_WET,1,0.02915264666080475,0.9699320793151855,0.0009152456768788397,1
HOGCNN_EFFICIENTNETB3_ADAPTED_3CLASS,PyTorch/torchvision,faithful three-class task-adapted reimplementation,7777,S000584,RFMID,AMD_WET,AMD_WET,1,9.923216566676274e-06,0.9999898672103882,2.2857412318444403e-07,1
HOGCNN_EFFICIENTNETB3_ADAPTED_3CLASS,PyTorch/torchvision,faithful three-class task-adapted reimplementation,7777,S000589,RFMID,AMD_WET,AMD_WET,1,1.1049603472201852e-06,0.999998927116394,4.72358774317172e-09,1
HOGCNN_EFFICIENTNETB3_ADAPTED_3CLASS,PyTorch/torchvision,faithful three-class task-adapted reimplementation,7777,S000591,RFMID,AMD_WET,AMD_WET,1,4.229355754503672e-10,1.0,1.0190184470976887e-13,1
HOGCNN_EFFICIENTNETB3_ADAPTED_3CLASS,PyTorch/torchvision,faithful three-class task-adapted reimplementation,7777,S000005,ADAM,AMD_DRY,AMD_DRY,1,0.9416356086730957,0.004270121920853853,0.05409422516822815,2
HOGCNN_EFFICIENTNETB3_ADAPTED_3CLASS,PyTorch/torchvision,faithful three-class task-adapted reimplementation,7777,S000006,ADAM,AMD_DRY,AMD_DRY,1,0.9703537225723267,0.029332753270864487,0.00031347363255918026,2
HOGCNN_EFFICIENTNETB3_ADAPTED_3CLASS,PyTorch/torchvision,faithful three-class task-adapted reimplementation,7777,S000009,ADAM,AMD_DRY,AMD_DRY,1,0.9977473616600037,0.002089320681989193,0.00016331381630152464,2
HOGCNN_EFFICIENTNETB3_ADAPTED_3CLASS,PyTorch/torchvision,faithful three-class task-adapted reimplementation,7777,S000011,ADAM,AMD_DRY,AMD_DRY,1,0.9959086179733276,0.0036698838230222464,0.00042144450708292425,2
HOGCNN_EFFICIENTNETB3_ADAPTED_3CLASS,PyTorch/torchvision,faithful three-class task-adapted reimplementation,7777,S000025,ADAM,AMD_DRY,AMD_DRY,1,0.7663300633430481,0.21800829470157623,0.01566162519156933,2
HOGCNN_EFFICIENTNETB3_ADAPTED_3CLASS,PyTorch/torchvision,faithful three-class task-adapted reimplementation,7777,S000027,ADAM,AMD_DRY,AMD_DRY,1,0.9551550149917603,0.0012243693927302957,0.04362058266997337,2
HOGCNN_EFFICIENTNETB3_ADAPTED_3CLASS,PyTorch/torchvision,faithful three-class task-adapted reimplementation,7777,S000033,ADAM,AMD_DRY,AMD_DRY,1,0.9991142153739929,0.0003689415752887726,0.0005167359486222267,2
HOGCNN_EFFICIENTNETB3_ADAPTED_3CLASS,PyTorch/torchvision,faithful three-class task-adapted reimplementation,7777,S000037,ADAM,AMD_WET,AMD_DRY,0,0.8730629682540894,0.12325379252433777,0.003683338174596429,2
HOGCNN_EFFICIENTNETB3_ADAPTED_3CLASS,PyTorch/torchvision,faithful three-class task-adapted reimplementation,7777,S000039,ADAM,AMD_WET,AMD_WET,1,0.0010841564508154988,0.9989094734191895,6.408606623153901e-06,2
HOGCNN_EFFICIENTNETB3_ADAPTED_3CLASS,PyTorch/torchvision,faithful three-class task-adapted reimplementation,7777,S000044,ADAM,AMD_WET,AMD_DRY,0,0.8817053437232971,0.11702770739793777,0.001266994047909975,2
HOGCNN_EFFICIENTNETB3_ADAPTED_3CLASS,PyTorch/torchvision,faithful three-class task-adapted reimplementation,7777,S000049,ADAM,AMD_WET,AMD_WET,1,0.037923894822597504,0.9536439776420593,0.008432121947407722,2
HOGCNN_EFFICIENTNETB3_ADAPTED_3CLASS,PyTorch/torchvision,faithful three-class task-adapted reimplementation,7777,S000054,FIVES,NORMAL,NORMAL,1,0.016051996499300003,5.1594601245597005e-05,0.9838963747024536,2
HOGCNN_EFFICIENTNETB3_ADAPTED_3CLASS,PyTorch/torchvision,faithful three-class task-adapted reimplementation,7777,S000059,FIVES,NORMAL,NORMAL,1,0.00712825870141387,3.415294486330822e-06,0.9928682446479797,2
HOGCNN_EFFICIENTNETB3_ADAPTED_3CLASS,PyTorch/torchvision,faithful three-class task-adapted reimplementation,7777,S000060,FIVES,NORMAL,NORMAL,1,0.008060634136199951,7.208222541521536e-06,0.991932213306427,2
HOGCNN_EFFICIENTNETB3_ADAPTED_3CLASS,PyTorch/torchvision,faithful three-class task-adapted reimplementation,7777,S000063,FIVES,NORMAL,NORMAL,1,0.008370954543352127,3.905926496372558e-05,0.9915900826454163,2
HOGCNN_EFFICIENTNETB3_ADAPTED_3CLASS,PyTorch/torchvision,faithful three-class task-adapted reimplementation,7777,S000068,FIVES,NORMAL,NORMAL,1,0.024918612092733383,0.0004198209790047258,0.9746615886688232,2
HOGCNN_EFFICIENTNETB3_ADAPTED_3CLASS,PyTorch/torchvision,faithful three-class task-adapted reimplementation,7777,S000069,FIVES,NORMAL,NORMAL,1,0.0018099091248586774,2.499973845715431e-07,0.9981898665428162,2
HOGCNN_EFFICIENTNETB3_ADAPTED_3CLASS,PyTorch/torchvision,faithful three-class task-adapted reimplementation,7777,S000091,FIVES,NORMAL,NORMAL,1,0.0012612442951649427,4.532215314156929e-07,0.9987383484840393,2
HOGCNN_EFFICIENTNETB3_ADAPTED_3CLASS,PyTorch/torchvision,faithful three-class task-adapted reimplementation,7777,S000092,FIVES,NORMAL,NORMAL,1,0.0016277971444651484,9.422398647984664e-07,0.9983713030815125,2
HOGCNN_EFFICIENTNETB3_ADAPTED_3CLASS,PyTorch/torchvision,faithful three-class task-adapted reimplementation,7777,S000098,FIVES,NORMAL,NORMAL,1,0.0007421759655699134,2.0254097421457118e-07,0.9992576241493225,2
HOGCNN_EFFICIENTNETB3_ADAPTED_3CLASS,PyTorch/torchvision,faithful three-class task-adapted reimplementation,7777,S000099,FIVES,NORMAL,AMD_WET,0,0.10509853810071945,0.7471320629119873,0.14776939153671265,2
HOGCNN_EFFICIENTNETB3_ADAPTED_3CLASS,PyTorch/torchvision,faithful three-class task-adapted reimplementation,7777,S000102,FIVES,NORMAL,NORMAL,1,0.0009530098759569228,1.7051249301403004e-07,0.9990468621253967,2
HOGCNN_EFFICIENTNETB3_ADAPTED_3CLASS,PyTorch/torchvision,faithful three-class task-adapted reimplementation,7777,S000112,FIVES,NORMAL,NORMAL,1,0.002379022305831313,7.119306246750057e-06,0.9976139068603516,2
HOGCNN_EFFICIENTNETB3_ADAPTED_3CLASS,PyTorch/torchvision,faithful three-class task-adapted reimplementation,7777,S000113,FIVES,NORMAL,NORMAL,1,0.0022916519083082676,7.528752576035913e-06,0.9977008700370789,2
HOGCNN_EFFICIENTNETB3_ADAPTED_3CLASS,PyTorch/torchvision,faithful three-class task-adapted reimplementation,7777,S000121,FIVES,NORMAL,NORMAL,1,0.002723223064094782,3.4437255180819193e-06,0.9972732663154602,2
HOGCNN_EFFICIENTNETB3_ADAPTED_3CLASS,PyTorch/torchvision,faithful three-class task-adapted reimplementation,7777,S000134,FIVES,NORMAL,NORMAL,1,0.0013387930812314153,5.698210543414461e-07,0.9986605644226074,2
HOGCNN_EFFICIENTNETB3_ADAPTED_3CLASS,PyTorch/torchvision,faithful three-class task-adapted reimplementation,7777,S000137,FIVES,NORMAL,NORMAL,1,0.013019763864576817,8.640591113362461e-05,0.986893892288208,2
HOGCNN_EFFICIENTNETB3_ADAPTED_3CLASS,PyTorch/torchvision,faithful three-class task-adapted reimplementation,7777,S000138,FIVES,NORMAL,NORMAL,1,0.0018886206671595573,1.0081917025672738e-06,0.9981104135513306,2
HOGCNN_EFFICIENTNETB3_ADAPTED_3CLASS,PyTorch/torchvision,faithful three-class task-adapted reimplementation,7777,S000147,FIVES,NORMAL,NORMAL,1,0.04324476048350334,0.0002294010337209329,0.9565258026123047,2
HOGCNN_EFFICIENTNETB3_ADAPTED_3CLASS,PyTorch/torchvision,faithful three-class task-adapted reimplementation,7777,S000150,FIVES,NORMAL,NORMAL,1,0.008654468692839146,3.733139965333976e-05,0.9913081526756287,2
HOGCNN_EFFICIENTNETB3_ADAPTED_3CLASS,PyTorch/torchvision,faithful three-class task-adapted reimplementation,7777,S000153,FIVES,AMD_DRY,AMD_DRY,1,0.8644589781761169,0.1291678100824356,0.00637322710826993,2
HOGCNN_EFFICIENTNETB3_ADAPTED_3CLASS,PyTorch/torchvision,faithful three-class task-adapted reimplementation,7777,S000154,FIVES,AMD_DRY,AMD_WET,0,0.18072344362735748,0.8191837072372437,9.287117427447811e-05,2
HOGCNN_EFFICIENTNETB3_ADAPTED_3CLASS,PyTorch/torchvision,faithful three-class task-adapted reimplementation,7777,S000160,FIVES,AMD_DRY,AMD_WET,0,0.0006545415380969644,0.9993425011634827,2.9227255708974553e-06,2
HOGCNN_EFFICIENTNETB3_ADAPTED_3CLASS,PyTorch/torchvision,faithful three-class task-adapted reimplementation,7777,S000167,FIVES,AMD_WET,AMD_WET,1,6.096603101468645e-05,0.9999387264251709,2.646192172051087e-07,2
HOGCNN_EFFICIENTNETB3_ADAPTED_3CLASS,PyTorch/torchvision,faithful three-class task-adapted reimplementation,7777,S000178,FIVES,AMD_WET,AMD_WET,1,3.9198173908516765e-05,0.9999606609344482,1.9538964579624007e-07,2
HOGCNN_EFFICIENTNETB3_ADAPTED_3CLASS,PyTorch/torchvision,faithful three-class task-adapted reimplementation,7777,S000180,FIVES,AMD_WET,AMD_WET,1,6.908582577125344e-07,0.9999992847442627,1.2115570768855832e-09,2
HOGCNN_EFFICIENTNETB3_ADAPTED_3CLASS,PyTorch/torchvision,faithful three-class task-adapted reimplementation,7777,S000183,FIVES,AMD_WET,AMD_WET,1,8.151523616106715e-06,0.9999918937683105,1.0040088760376875e-08,2
HOGCNN_EFFICIENTNETB3_ADAPTED_3CLASS,PyTorch/torchvision,faithful three-class task-adapted reimplementation,7777,S000184,FIVES,AMD_WET,AMD_WET,1,2.819162716605206e-07,0.9999997615814209,2.444221769426491e-10,2
HOGCNN_EFFICIENTNETB3_ADAPTED_3CLASS,PyTorch/torchvision,faithful three-class task-adapted reimplementation,7777,S000186,FIVES,AMD_WET,AMD_WET,1,0.00011678947339532897,0.999882698059082,4.871918690696475e-07,2
HOGCNN_EFFICIENTNETB3_ADAPTED_3CLASS,PyTorch/torchvision,faithful three-class task-adapted reimplementation,7777,S000188,FIVES,AMD_WET,AMD_WET,1,0.05237739533185959,0.947251558303833,0.0003710082673933357,2
HOGCNN_EFFICIENTNETB3_ADAPTED_3CLASS,PyTorch/torchvision,faithful three-class task-adapted reimplementation,7777,S000205,FIVES,AMD_WET,AMD_WET,1,3.139474938507192e-05,0.999968409538269,1.608401447583674e-07,2
HOGCNN_EFFICIENTNETB3_ADAPTED_3CLASS,PyTorch/torchvision,faithful three-class task-adapted reimplementation,7777,S000210,FIVES,AMD_WET,AMD_WET,1,0.0008214707486331463,0.9991666078567505,1.1902108781214338e-05,2
HOGCNN_EFFICIENTNETB3_ADAPTED_3CLASS,PyTorch/torchvision,faithful three-class task-adapted reimplementation,7777,S000222,FIVES,AMD_WET,AMD_WET,1,4.3332545374141773e-07,0.9999995231628418,8.059852230068998e-10,2
HOGCNN_EFFICIENTNETB3_ADAPTED_3CLASS,PyTorch/torchvision,faithful three-class task-adapted reimplementation,7777,S000226,FIVES,AMD_WET,AMD_WET,1,1.885027955950136e-07,0.9999997615814209,5.425160667926754e-11,2
HOGCNN_EFFICIENTNETB3_ADAPTED_3CLASS,PyTorch/torchvision,faithful three-class task-adapted reimplementation,7777,S000230,FIVES,AMD_WET,AMD_WET,1,4.399579034419787e-10,1.0,5.970322570743661e-14,2
HOGCNN_EFFICIENTNETB3_ADAPTED_3CLASS,PyTorch/torchvision,faithful three-class task-adapted reimplementation,7777,S000233,FIVES,AMD_WET,AMD_WET,1,0.00047195886145345867,0.999526858329773,1.149692479884834e-06,2
HOGCNN_EFFICIENTNETB3_ADAPTED_3CLASS,PyTorch/torchvision,faithful three-class task-adapted reimplementation,7777,S000238,FIVES,AMD_WET,AMD_WET,1,7.531209433864205e-09,1.0,1.5672820680157074e-11,2
HOGCNN_EFFICIENTNETB3_ADAPTED_3CLASS,PyTorch/torchvision,faithful three-class task-adapted reimplementation,7777,S000241,ODIR,NORMAL,NORMAL,1,0.0020304827485233545,9.700021337266662e-07,0.9979684948921204,2
HOGCNN_EFFICIENTNETB3_ADAPTED_3CLASS,PyTorch/torchvision,faithful three-class task-adapted reimplementation,7777,S000244,ODIR,NORMAL,NORMAL,1,0.011796699836850166,3.800063268499798e-06,0.9881994724273682,2
HOGCNN_EFFICIENTNETB3_ADAPTED_3CLASS,PyTorch/torchvision,faithful three-class task-adapted reimplementation,7777,S000250,ODIR,NORMAL,NORMAL,1,0.014928717166185379,3.68592145605362e-06,0.98506760597229,2
HOGCNN_EFFICIENTNETB3_ADAPTED_3CLASS,PyTorch/torchvision,faithful three-class task-adapted reimplementation,7777,S000259,ODIR,NORMAL,NORMAL,1,0.00819504726678133,6.398980531230336e-06,0.9917985200881958,2
HOGCNN_EFFICIENTNETB3_ADAPTED_3CLASS,PyTorch/torchvision,faithful three-class task-adapted reimplementation,7777,S000260,ODIR,NORMAL,NORMAL,1,0.0058159856125712395,2.631035158628947e-06,0.9941813349723816,2
HOGCNN_EFFICIENTNETB3_ADAPTED_3CLASS,PyTorch/torchvision,faithful three-class task-adapted reimplementation,7777,S000261,ODIR,NORMAL,NORMAL,1,0.0022597028873860836,1.0350730690333876e-06,0.9977391958236694,2
HOGCNN_EFFICIENTNETB3_ADAPTED_3CLASS,PyTorch/torchvision,faithful three-class task-adapted reimplementation,7777,S000266,ODIR,NORMAL,NORMAL,1,0.0016970429569482803,3.7097112226547324e-07,0.9983025789260864,2
HOGCNN_EFFICIENTNETB3_ADAPTED_3CLASS,PyTorch/torchvision,faithful three-class task-adapted reimplementation,7777,S000276,ODIR,NORMAL,NORMAL,1,0.011660820804536343,5.3281250984582584e-06,0.9883338212966919,2
HOGCNN_EFFICIENTNETB3_ADAPTED_3CLASS,PyTorch/torchvision,faithful three-class task-adapted reimplementation,7777,S000284,ODIR,NORMAL,NORMAL,1,0.0032720821909606457,2.382009597567958e-06,0.9967255592346191,2
HOGCNN_EFFICIENTNETB3_ADAPTED_3CLASS,PyTorch/torchvision,faithful three-class task-adapted reimplementation,7777,S000287,ODIR,NORMAL,NORMAL,1,0.0017169445054605603,1.3700237389002723e-07,0.9982829093933105,2
HOGCNN_EFFICIENTNETB3_ADAPTED_3CLASS,PyTorch/torchvision,faithful three-class task-adapted reimplementation,7777,S000290,ODIR,NORMAL,NORMAL,1,0.005270885303616524,5.216574209043756e-06,0.994723916053772,2
HOGCNN_EFFICIENTNETB3_ADAPTED_3CLASS,PyTorch/torchvision,faithful three-class task-adapted reimplementation,7777,S000293,ODIR,NORMAL,NORMAL,1,0.04302502050995827,0.0005225911154411733,0.9564524292945862,2
HOGCNN_EFFICIENTNETB3_ADAPTED_3CLASS,PyTorch/torchvision,faithful three-class task-adapted reimplementation,7777,S000295,ODIR,NORMAL,NORMAL,1,0.0832378938794136,0.0003140000917483121,0.9164481163024902,2
HOGCNN_EFFICIENTNETB3_ADAPTED_3CLASS,PyTorch/torchvision,faithful three-class task-adapted reimplementation,7777,S000297,ODIR,NORMAL,NORMAL,1,0.004781900439411402,6.095831395214191e-07,0.9952175617218018,2
HOGCNN_EFFICIENTNETB3_ADAPTED_3CLASS,PyTorch/torchvision,faithful three-class task-adapted reimplementation,7777,S000300,ODIR,NORMAL,NORMAL,1,0.015228619799017906,4.2336832848377526e-05,0.984728991985321,2
HOGCNN_EFFICIENTNETB3_ADAPTED_3CLASS,PyTorch/torchvision,faithful three-class task-adapted reimplementation,7777,S000310,ODIR,NORMAL,NORMAL,1,0.011348421685397625,1.1434323823777959e-05,0.9886401891708374,2
HOGCNN_EFFICIENTNETB3_ADAPTED_3CLASS,PyTorch/torchvision,faithful three-class task-adapted reimplementation,7777,S000322,ODIR,NORMAL,NORMAL,1,0.03561744466423988,6.515333370771259e-05,0.9643173217773438,2
HOGCNN_EFFICIENTNETB3_ADAPTED_3CLASS,PyTorch/torchvision,faithful three-class task-adapted reimplementation,7777,S000340,ODIR,NORMAL,NORMAL,1,0.0014205077895894647,1.698910097047701e-07,0.9985793828964233,2
HOGCNN_EFFICIENTNETB3_ADAPTED_3CLASS,PyTorch/torchvision,faithful three-class task-adapted reimplementation,7777,S000344,ODIR,NORMAL,NORMAL,1,0.006269572768360376,4.298244220990455e-06,0.9937261939048767,2
HOGCNN_EFFICIENTNETB3_ADAPTED_3CLASS,PyTorch/torchvision,faithful three-class task-adapted reimplementation,7777,S000345,ODIR,NORMAL,NORMAL,1,0.0009648777777329087,2.2166719304550497e-07,0.9990348815917969,2
HOGCNN_EFFICIENTNETB3_ADAPTED_3CLASS,PyTorch/torchvision,faithful three-class task-adapted reimplementation,7777,S000347,ODIR,NORMAL,NORMAL,1,0.013399907387793064,5.330917247192701e-06,0.9865947961807251,2
HOGCNN_EFFICIENTNETB3_ADAPTED_3CLASS,PyTorch/torchvision,faithful three-class task-adapted reimplementation,7777,S000350,ODIR,NORMAL,NORMAL,1,0.032121386379003525,4.6059434680501e-05,0.967832624912262,2
HOGCNN_EFFICIENTNETB3_ADAPTED_3CLASS,PyTorch/torchvision,faithful three-class task-adapted reimplementation,7777,S000352,ODIR,NORMAL,NORMAL,1,0.4914233684539795,0.008425368927419186,0.5001512765884399,2
HOGCNN_EFFICIENTNETB3_ADAPTED_3CLASS,PyTorch/torchvision,faithful three-class task-adapted reimplementation,7777,S000359,ODIR,NORMAL,NORMAL,1,0.05174655839800835,0.0005697343731299043,0.9476836919784546,2
HOGCNN_EFFICIENTNETB3_ADAPTED_3CLASS,PyTorch/torchvision,faithful three-class task-adapted reimplementation,7777,S000361,ODIR,NORMAL,NORMAL,1,0.050484661012887955,0.00025025432114489377,0.94926518201828,2
HOGCNN_EFFICIENTNETB3_ADAPTED_3CLASS,PyTorch/torchvision,faithful three-class task-adapted reimplementation,7777,S000366,ODIR,AMD_DRY,AMD_DRY,1,0.9019638895988464,0.09629599004983902,0.0017401615623384714,2
HOGCNN_EFFICIENTNETB3_ADAPTED_3CLASS,PyTorch/torchvision,faithful three-class task-adapted reimplementation,7777,S000368,ODIR,AMD_DRY,AMD_DRY,1,0.9937638640403748,0.0015671484870836139,0.0046690357849001884,2
HOGCNN_EFFICIENTNETB3_ADAPTED_3CLASS,PyTorch/torchvision,faithful three-class task-adapted reimplementation,7777,S000369,ODIR,AMD_DRY,AMD_DRY,1,0.9895602464675903,0.008413014002144337,0.0020267630461603403,2
HOGCNN_EFFICIENTNETB3_ADAPTED_3CLASS,PyTorch/torchvision,faithful three-class task-adapted reimplementation,7777,S000370,ODIR,AMD_DRY,AMD_DRY,1,0.9954220652580261,0.004170497413724661,0.00040734256617724895,2
HOGCNN_EFFICIENTNETB3_ADAPTED_3CLASS,PyTorch/torchvision,faithful three-class task-adapted reimplementation,7777,S000374,ODIR,AMD_DRY,AMD_DRY,1,0.9932330250740051,0.006567283067852259,0.00019967764092143625,2
HOGCNN_EFFICIENTNETB3_ADAPTED_3CLASS,PyTorch/torchvision,faithful three-class task-adapted reimplementation,7777,S000377,ODIR,AMD_DRY,AMD_WET,0,0.14955992996692657,0.850097119808197,0.00034294117358513176,2
HOGCNN_EFFICIENTNETB3_ADAPTED_3CLASS,PyTorch/torchvision,faithful three-class task-adapted reimplementation,7777,S000378,ODIR,AMD_DRY,AMD_DRY,1,0.9503306150436401,0.004327153321355581,0.04534226283431053,2
HOGCNN_EFFICIENTNETB3_ADAPTED_3CLASS,PyTorch/torchvision,faithful three-class task-adapted reimplementation,7777,S000379,ODIR,AMD_DRY,AMD_DRY,1,0.9755998849868774,0.020916802808642387,0.0034833375830203295,2
HOGCNN_EFFICIENTNETB3_ADAPTED_3CLASS,PyTorch/torchvision,faithful three-class task-adapted reimplementation,7777,S000380,ODIR,AMD_DRY,AMD_DRY,1,0.8939737677574158,0.10060115903615952,0.005425053648650646,2
HOGCNN_EFFICIENTNETB3_ADAPTED_3CLASS,PyTorch/torchvision,faithful three-class task-adapted reimplementation,7777,S000383,ODIR,AMD_DRY,AMD_DRY,1,0.9954444169998169,0.004041766282171011,0.0005138495471328497,2
HOGCNN_EFFICIENTNETB3_ADAPTED_3CLASS,PyTorch/torchvision,faithful three-class task-adapted reimplementation,7777,S000390,ODIR,AMD_DRY,AMD_DRY,1,0.9733855128288269,0.02529207617044449,0.0013224190333858132,2
HOGCNN_EFFICIENTNETB3_ADAPTED_3CLASS,PyTorch/torchvision,faithful three-class task-adapted reimplementation,7777,S000402,ODIR,AMD_DRY,AMD_DRY,1,0.9996820688247681,0.0001875744783319533,0.00013040064368396997,2
HOGCNN_EFFICIENTNETB3_ADAPTED_3CLASS,PyTorch/torchvision,faithful three-class task-adapted reimplementation,7777,S000416,ODIR,AMD_DRY,AMD_WET,0,0.09923801571130753,0.9002261757850647,0.0005357978516258299,2
HOGCNN_EFFICIENTNETB3_ADAPTED_3CLASS,PyTorch/torchvision,faithful three-class task-adapted reimplementation,7777,S000439,ODIR,AMD_DRY,AMD_DRY,1,0.9573861360549927,0.04191848635673523,0.0006953968550078571,2
HOGCNN_EFFICIENTNETB3_ADAPTED_3CLASS,PyTorch/torchvision,faithful three-class task-adapted reimplementation,7777,S000441,ODIR,AMD_DRY,AMD_DRY,1,0.9939858913421631,0.005379679147154093,0.0006343730492517352,2
HOGCNN_EFFICIENTNETB3_ADAPTED_3CLASS,PyTorch/torchvision,faithful three-class task-adapted reimplementation,7777,S000444,ODIR,AMD_DRY,AMD_DRY,1,0.9869931936264038,0.004145054146647453,0.008861827664077282,2
HOGCNN_EFFICIENTNETB3_ADAPTED_3CLASS,PyTorch/torchvision,faithful three-class task-adapted reimplementation,7777,S000447,ODIR,AMD_WET,AMD_WET,1,0.0004921499057672918,0.9995043277740479,3.572074547264492e-06,2
HOGCNN_EFFICIENTNETB3_ADAPTED_3CLASS,PyTorch/torchvision,faithful three-class task-adapted reimplementation,7777,S000455,ODIR,AMD_WET,AMD_WET,1,0.00032180719426833093,0.9996770620346069,1.1554142247405252e-06,2
HOGCNN_EFFICIENTNETB3_ADAPTED_3CLASS,PyTorch/torchvision,faithful three-class task-adapted reimplementation,7777,S000459,ODIR,AMD_WET,AMD_WET,1,0.00872248038649559,0.9912505149841309,2.706665691221133e-05,2
HOGCNN_EFFICIENTNETB3_ADAPTED_3CLASS,PyTorch/torchvision,faithful three-class task-adapted reimplementation,7777,S000460,ODIR,AMD_WET,AMD_DRY,0,0.9552159309387207,0.04252387583255768,0.002260188339278102,2
HOGCNN_EFFICIENTNETB3_ADAPTED_3CLASS,PyTorch/torchvision,faithful three-class task-adapted reimplementation,7777,S000465,ODIR,AMD_WET,AMD_WET,1,0.0019469946855679154,0.9978799819946289,0.0001730111544020474,2
HOGCNN_EFFICIENTNETB3_ADAPTED_3CLASS,PyTorch/torchvision,faithful three-class task-adapted reimplementation,7777,S000472,ODIR,AMD_WET,AMD_DRY,0,0.9947423934936523,0.004334821365773678,0.0009227747214026749,2
HOGCNN_EFFICIENTNETB3_ADAPTED_3CLASS,PyTorch/torchvision,faithful three-class task-adapted reimplementation,7777,S000478,RFMID,NORMAL,NORMAL,1,0.06876577436923981,0.0009482773602940142,0.9302859306335449,2
HOGCNN_EFFICIENTNETB3_ADAPTED_3CLASS,PyTorch/torchvision,faithful three-class task-adapted reimplementation,7777,S000481,RFMID,NORMAL,NORMAL,1,0.027364498004317284,0.0002984675520565361,0.972337007522583,2
HOGCNN_EFFICIENTNETB3_ADAPTED_3CLASS,PyTorch/torchvision,faithful three-class task-adapted reimplementation,7777,S000490,RFMID,NORMAL,AMD_DRY,0,0.5842968821525574,0.013090892694890499,0.40261226892471313,2
HOGCNN_EFFICIENTNETB3_ADAPTED_3CLASS,PyTorch/torchvision,faithful three-class task-adapted reimplementation,7777,S000494,RFMID,NORMAL,AMD_DRY,0,0.9648472666740417,0.029868343845009804,0.005284391343593597,2
HOGCNN_EFFICIENTNETB3_ADAPTED_3CLASS,PyTorch/torchvision,faithful three-class task-adapted reimplementation,7777,S000498,RFMID,NORMAL,NORMAL,1,0.36591821908950806,0.06849732995033264,0.5655844807624817,2
HOGCNN_EFFICIENTNETB3_ADAPTED_3CLASS,PyTorch/torchvision,faithful three-class task-adapted reimplementation,7777,S000502,RFMID,NORMAL,NORMAL,1,0.0013968853745609522,3.0527806416102976e-07,0.9986028075218201,2
HOGCNN_EFFICIENTNETB3_ADAPTED_3CLASS,PyTorch/torchvision,faithful three-class task-adapted reimplementation,7777,S000508,RFMID,NORMAL,NORMAL,1,0.00809253565967083,6.234439297259087e-06,0.9919012188911438,2
HOGCNN_EFFICIENTNETB3_ADAPTED_3CLASS,PyTorch/torchvision,faithful three-class task-adapted reimplementation,7777,S000509,RFMID,NORMAL,NORMAL,1,0.011242376640439034,1.4135047422314528e-05,0.9887434244155884,2
HOGCNN_EFFICIENTNETB3_ADAPTED_3CLASS,PyTorch/torchvision,faithful three-class task-adapted reimplementation,7777,S000510,RFMID,NORMAL,NORMAL,1,0.0017424223478883505,3.785037847592321e-07,0.9982572197914124,2
HOGCNN_EFFICIENTNETB3_ADAPTED_3CLASS,PyTorch/torchvision,faithful three-class task-adapted reimplementation,7777,S000516,RFMID,NORMAL,NORMAL,1,0.012695307843387127,4.868852920481004e-05,0.9872559309005737,2
HOGCNN_EFFICIENTNETB3_ADAPTED_3CLASS,PyTorch/torchvision,faithful three-class task-adapted reimplementation,7777,S000517,RFMID,NORMAL,NORMAL,1,0.0007646918529644608,1.1021779044995128e-07,0.9992351531982422,2
HOGCNN_EFFICIENTNETB3_ADAPTED_3CLASS,PyTorch/torchvision,faithful three-class task-adapted reimplementation,7777,S000518,RFMID,NORMAL,NORMAL,1,0.008872443810105324,1.0956266123685054e-05,0.9911165237426758,2
HOGCNN_EFFICIENTNETB3_ADAPTED_3CLASS,PyTorch/torchvision,faithful three-class task-adapted reimplementation,7777,S000523,RFMID,NORMAL,NORMAL,1,0.006341872736811638,6.003619546390837e-06,0.9936521053314209,2
HOGCNN_EFFICIENTNETB3_ADAPTED_3CLASS,PyTorch/torchvision,faithful three-class task-adapted reimplementation,7777,S000537,RFMID,AMD_DRY,AMD_DRY,1,0.996882438659668,0.0030262316577136517,9.140493784798309e-05,2
HOGCNN_EFFICIENTNETB3_ADAPTED_3CLASS,PyTorch/torchvision,faithful three-class task-adapted reimplementation,7777,S000555,RFMID,AMD_WET,AMD_WET,1,1.0136030141438823e-05,0.9999897480010986,7.654652023347808e-08,2
HOGCNN_EFFICIENTNETB3_ADAPTED_3CLASS,PyTorch/torchvision,faithful three-class task-adapted reimplementation,7777,S000557,RFMID,AMD_WET,AMD_WET,1,5.443513146019541e-05,0.9999452829360962,2.542981292208424e-07,2
HOGCNN_EFFICIENTNETB3_ADAPTED_3CLASS,PyTorch/torchvision,faithful three-class task-adapted reimplementation,7777,S000559,RFMID,AMD_WET,AMD_WET,1,0.012907876633107662,0.9868218302726746,0.0002703006030060351,2
HOGCNN_EFFICIENTNETB3_ADAPTED_3CLASS,PyTorch/torchvision,faithful three-class task-adapted reimplementation,7777,S000568,RFMID,AMD_WET,AMD_WET,1,9.14267948246561e-05,0.9999071359634399,1.4417800002775039e-06,2
HOGCNN_EFFICIENTNETB3_ADAPTED_3CLASS,PyTorch/torchvision,faithful three-class task-adapted reimplementation,7777,S000571,RFMID,AMD_WET,AMD_WET,1,1.6526931858606986e-06,0.9999983310699463,2.4600983472566895e-09,2
HOGCNN_EFFICIENTNETB3_ADAPTED_3CLASS,PyTorch/torchvision,faithful three-class task-adapted reimplementation,7777,S000572,RFMID,AMD_WET,AMD_WET,1,8.010556662441104e-09,1.0,3.8212575464990906e-12,2
HOGCNN_EFFICIENTNETB3_ADAPTED_3CLASS,PyTorch/torchvision,faithful three-class task-adapted reimplementation,7777,S000573,RFMID,AMD_WET,AMD_DRY,0,0.6498270630836487,0.34819817543029785,0.001974755432456732,2
HOGCNN_EFFICIENTNETB3_ADAPTED_3CLASS,PyTorch/torchvision,faithful three-class task-adapted reimplementation,7777,S000586,RFMID,AMD_WET,AMD_DRY,0,0.9886696338653564,0.010076050646603107,0.001254281378351152,2
HOGCNN_EFFICIENTNETB3_ADAPTED_3CLASS,PyTorch/torchvision,faithful three-class task-adapted reimplementation,7777,S000587,RFMID,AMD_WET,AMD_WET,1,0.00023955943470355123,0.9997597336769104,7.202048664112226e-07,2
HOGCNN_EFFICIENTNETB3_ADAPTED_3CLASS,PyTorch/torchvision,faithful three-class task-adapted reimplementation,7777,S000594,RFMID,AMD_WET,AMD_WET,1,1.9108532796963118e-05,0.9999808073043823,8.636652637505904e-08,2
HOGCNN_EFFICIENTNETB3_ADAPTED_3CLASS,PyTorch/torchvision,faithful three-class task-adapted reimplementation,7777,S000595,RFMID,AMD_WET,AMD_DRY,0,0.9688772559165955,0.030256718397140503,0.0008660208550281823,2
HOGCNN_EFFICIENTNETB3_ADAPTED_3CLASS,PyTorch/torchvision,faithful three-class task-adapted reimplementation,7777,S000012,ADAM,AMD_DRY,AMD_DRY,1,0.9747394919395447,0.016783999279141426,0.008476488292217255,3
HOGCNN_EFFICIENTNETB3_ADAPTED_3CLASS,PyTorch/torchvision,faithful three-class task-adapted reimplementation,7777,S000014,ADAM,AMD_DRY,AMD_DRY,1,0.9848204255104065,0.011854180134832859,0.0033253685105592012,3
HOGCNN_EFFICIENTNETB3_ADAPTED_3CLASS,PyTorch/torchvision,faithful three-class task-adapted reimplementation,7777,S000016,ADAM,AMD_DRY,AMD_DRY,1,0.9184412360191345,0.04571717604994774,0.03584154322743416,3
HOGCNN_EFFICIENTNETB3_ADAPTED_3CLASS,PyTorch/torchvision,faithful three-class task-adapted reimplementation,7777,S000020,ADAM,AMD_DRY,AMD_DRY,1,0.8659374713897705,0.037477392703294754,0.09658513963222504,3
HOGCNN_EFFICIENTNETB3_ADAPTED_3CLASS,PyTorch/torchvision,faithful three-class task-adapted reimplementation,7777,S000028,ADAM,AMD_DRY,AMD_DRY,1,0.8914899230003357,0.010928988456726074,0.09758106619119644,3
HOGCNN_EFFICIENTNETB3_ADAPTED_3CLASS,PyTorch/torchvision,faithful three-class task-adapted reimplementation,7777,S000031,ADAM,AMD_DRY,NORMAL,0,0.02522296831011772,0.0005201041349209845,0.9742569923400879,3
HOGCNN_EFFICIENTNETB3_ADAPTED_3CLASS,PyTorch/torchvision,faithful three-class task-adapted reimplementation,7777,S000034,ADAM,AMD_DRY,AMD_DRY,1,0.7730758786201477,0.11205149441957474,0.11487264931201935,3
HOGCNN_EFFICIENTNETB3_ADAPTED_3CLASS,PyTorch/torchvision,faithful three-class task-adapted reimplementation,7777,S000036,ADAM,AMD_WET,AMD_DRY,0,0.8352742791175842,0.1337919533252716,0.03093378245830536,3
HOGCNN_EFFICIENTNETB3_ADAPTED_3CLASS,PyTorch/torchvision,faithful three-class task-adapted reimplementation,7777,S000038,ADAM,AMD_WET,AMD_WET,1,0.03737923502922058,0.9619935750961304,0.0006271908641792834,3
HOGCNN_EFFICIENTNETB3_ADAPTED_3CLASS,PyTorch/torchvision,faithful three-class task-adapted reimplementation,7777,S000050,ADAM,AMD_WET,AMD_WET,1,0.20169247686862946,0.7974851727485657,0.0008222803589887917,3
HOGCNN_EFFICIENTNETB3_ADAPTED_3CLASS,PyTorch/torchvision,faithful three-class task-adapted reimplementation,7777,S000058,FIVES,NORMAL,NORMAL,1,0.0009054369875229895,3.411477791814832e-06,0.9990911483764648,3
HOGCNN_EFFICIENTNETB3_ADAPTED_3CLASS,PyTorch/torchvision,faithful three-class task-adapted reimplementation,7777,S000061,FIVES,NORMAL,NORMAL,1,0.0014714535791426897,5.211220923229121e-06,0.9985232949256897,3
HOGCNN_EFFICIENTNETB3_ADAPTED_3CLASS,PyTorch/torchvision,faithful three-class task-adapted reimplementation,7777,S000070,FIVES,NORMAL,NORMAL,1,0.0012027635239064693,3.266955218350631e-06,0.9987939596176147,3
HOGCNN_EFFICIENTNETB3_ADAPTED_3CLASS,PyTorch/torchvision,faithful three-class task-adapted reimplementation,7777,S000073,FIVES,NORMAL,NORMAL,1,0.0031471014954149723,2.644442065502517e-05,0.9968264102935791,3
HOGCNN_EFFICIENTNETB3_ADAPTED_3CLASS,PyTorch/torchvision,faithful three-class task-adapted reimplementation,7777,S000075,FIVES,NORMAL,NORMAL,1,0.0006745656719431281,1.3065762232145062e-06,0.9993242025375366,3
HOGCNN_EFFICIENTNETB3_ADAPTED_3CLASS,PyTorch/torchvision,faithful three-class task-adapted reimplementation,7777,S000076,FIVES,NORMAL,NORMAL,1,0.003216678509488702,3.2349089451599866e-05,0.996751070022583,3
HOGCNN_EFFICIENTNETB3_ADAPTED_3CLASS,PyTorch/torchvision,faithful three-class task-adapted reimplementation,7777,S000080,FIVES,NORMAL,NORMAL,1,0.0005073507782071829,2.746889776972239e-06,0.9994899034500122,3
HOGCNN_EFFICIENTNETB3_ADAPTED_3CLASS,PyTorch/torchvision,faithful three-class task-adapted reimplementation,7777,S000082,FIVES,NORMAL,NORMAL,1,0.006943258456885815,0.00018045672914013267,0.9928762912750244,3
HOGCNN_EFFICIENTNETB3_ADAPTED_3CLASS,PyTorch/torchvision,faithful three-class task-adapted reimplementation,7777,S000086,FIVES,NORMAL,NORMAL,1,0.07828884571790695,0.0008340240456163883,0.9208771586418152,3
HOGCNN_EFFICIENTNETB3_ADAPTED_3CLASS,PyTorch/torchvision,faithful three-class task-adapted reimplementation,7777,S000087,FIVES,NORMAL,NORMAL,1,0.0013359879376366735,1.0959969586110674e-05,0.9986530542373657,3
HOGCNN_EFFICIENTNETB3_ADAPTED_3CLASS,PyTorch/torchvision,faithful three-class task-adapted reimplementation,7777,S000104,FIVES,NORMAL,NORMAL,1,0.0029161509592086077,4.5848137233406305e-06,0.9970792531967163,3
HOGCNN_EFFICIENTNETB3_ADAPTED_3CLASS,PyTorch/torchvision,faithful three-class task-adapted reimplementation,7777,S000115,FIVES,NORMAL,NORMAL,1,0.02034810371696949,0.0001229075569426641,0.9795289039611816,3
HOGCNN_EFFICIENTNETB3_ADAPTED_3CLASS,PyTorch/torchvision,faithful three-class task-adapted reimplementation,7777,S000116,FIVES,NORMAL,AMD_DRY,0,0.919170081615448,0.020949263125658035,0.05988060683012009,3
HOGCNN_EFFICIENTNETB3_ADAPTED_3CLASS,PyTorch/torchvision,faithful three-class task-adapted reimplementation,7777,S000127,FIVES,NORMAL,NORMAL,1,0.00539863295853138,2.008613955695182e-05,0.9945812821388245,3
HOGCNN_EFFICIENTNETB3_ADAPTED_3CLASS,PyTorch/torchvision,faithful three-class task-adapted reimplementation,7777,S000129,FIVES,NORMAL,NORMAL,1,0.00953229982405901,4.289629214326851e-05,0.9904248118400574,3
HOGCNN_EFFICIENTNETB3_ADAPTED_3CLASS,PyTorch/torchvision,faithful three-class task-adapted reimplementation,7777,S000132,FIVES,NORMAL,NORMAL,1,0.0008004287956282496,1.7691018001642078e-06,0.999197781085968,3
HOGCNN_EFFICIENTNETB3_ADAPTED_3CLASS,PyTorch/torchvision,faithful three-class task-adapted reimplementation,7777,S000139,FIVES,NORMAL,NORMAL,1,0.003898817580193281,2.822695932991337e-05,0.9960728883743286,3
HOGCNN_EFFICIENTNETB3_ADAPTED_3CLASS,PyTorch/torchvision,faithful three-class task-adapted reimplementation,7777,S000140,FIVES,NORMAL,NORMAL,1,0.0019637797959148884,2.1032576114521362e-05,0.9980151653289795,3
HOGCNN_EFFICIENTNETB3_ADAPTED_3CLASS,PyTorch/torchvision,faithful three-class task-adapted reimplementation,7777,S000144,FIVES,NORMAL,NORMAL,1,0.0012978854356333613,8.184169018932153e-06,0.9986938834190369,3
HOGCNN_EFFICIENTNETB3_ADAPTED_3CLASS,PyTorch/torchvision,faithful three-class task-adapted reimplementation,7777,S000148,FIVES,NORMAL,NORMAL,1,0.002657600212842226,2.0212903109495528e-05,0.9973222613334656,3
HOGCNN_EFFICIENTNETB3_ADAPTED_3CLASS,PyTorch/torchvision,faithful three-class task-adapted reimplementation,7777,S000152,FIVES,AMD_DRY,AMD_DRY,1,0.8054265975952148,0.18977229297161102,0.0048010945320129395,3
HOGCNN_EFFICIENTNETB3_ADAPTED_3CLASS,PyTorch/torchvision,faithful three-class task-adapted reimplementation,7777,S000156,FIVES,AMD_DRY,AMD_WET,0,0.23184117674827576,0.7676846385002136,0.00047416865709237754,3
HOGCNN_EFFICIENTNETB3_ADAPTED_3CLASS,PyTorch/torchvision,faithful three-class task-adapted reimplementation,7777,S000161,FIVES,AMD_DRY,AMD_WET,0,0.003237386466935277,0.9967047572135925,5.784233508165926e-05,3
HOGCNN_EFFICIENTNETB3_ADAPTED_3CLASS,PyTorch/torchvision,faithful three-class task-adapted reimplementation,7777,S000170,FIVES,AMD_WET,AMD_WET,1,0.008202653378248215,0.991162896156311,0.000634415540844202,3
HOGCNN_EFFICIENTNETB3_ADAPTED_3CLASS,PyTorch/torchvision,faithful three-class task-adapted reimplementation,7777,S000172,FIVES,AMD_WET,AMD_WET,1,0.12689901888370514,0.8717869520187378,0.001314031658694148,3
HOGCNN_EFFICIENTNETB3_ADAPTED_3CLASS,PyTorch/torchvision,faithful three-class task-adapted reimplementation,7777,S000173,FIVES,AMD_WET,AMD_WET,1,0.00025718618417158723,0.9997325539588928,1.0191377441515215e-05,3
HOGCNN_EFFICIENTNETB3_ADAPTED_3CLASS,PyTorch/torchvision,faithful three-class task-adapted reimplementation,7777,S000174,FIVES,AMD_WET,AMD_WET,1,0.005866921041160822,0.9939889907836914,0.00014415400801226497,3
HOGCNN_EFFICIENTNETB3_ADAPTED_3CLASS,PyTorch/torchvision,faithful three-class task-adapted reimplementation,7777,S000190,FIVES,AMD_WET,AMD_WET,1,0.4545133411884308,0.5437750816345215,0.0017116222297772765,3
HOGCNN_EFFICIENTNETB3_ADAPTED_3CLASS,PyTorch/torchvision,faithful three-class task-adapted reimplementation,7777,S000193,FIVES,AMD_WET,AMD_WET,1,0.029934905469417572,0.9684715270996094,0.0015934976981952786,3
HOGCNN_EFFICIENTNETB3_ADAPTED_3CLASS,PyTorch/torchvision,faithful three-class task-adapted reimplementation,7777,S000200,FIVES,AMD_WET,AMD_DRY,0,0.876304030418396,0.12283021211624146,0.0008657383732497692,3
HOGCNN_EFFICIENTNETB3_ADAPTED_3CLASS,PyTorch/torchvision,faithful three-class task-adapted reimplementation,7777,S000201,FIVES,AMD_WET,AMD_WET,1,0.3678376376628876,0.63037109375,0.0017912164330482483,3
HOGCNN_EFFICIENTNETB3_ADAPTED_3CLASS,PyTorch/torchvision,faithful three-class task-adapted reimplementation,7777,S000204,FIVES,AMD_WET,AMD_WET,1,0.37874895334243774,0.6116253733634949,0.009625686332583427,3
HOGCNN_EFFICIENTNETB3_ADAPTED_3CLASS,PyTorch/torchvision,faithful three-class task-adapted reimplementation,7777,S000207,FIVES,AMD_WET,AMD_WET,1,0.3303915560245514,0.666872501373291,0.002735923044383526,3
HOGCNN_EFFICIENTNETB3_ADAPTED_3CLASS,PyTorch/torchvision,faithful three-class task-adapted reimplementation,7777,S000208,FIVES,AMD_WET,AMD_DRY,0,0.9082836508750916,0.06322657316923141,0.02848971076309681,3
HOGCNN_EFFICIENTNETB3_ADAPTED_3CLASS,PyTorch/torchvision,faithful three-class task-adapted reimplementation,7777,S000213,FIVES,AMD_WET,AMD_WET,1,0.003099672496318817,0.996709942817688,0.0001903252850752324,3
HOGCNN_EFFICIENTNETB3_ADAPTED_3CLASS,PyTorch/torchvision,faithful three-class task-adapted reimplementation,7777,S000216,FIVES,AMD_WET,AMD_WET,1,0.00012398605758789927,0.9998672008514404,8.807825906842481e-06,3
HOGCNN_EFFICIENTNETB3_ADAPTED_3CLASS,PyTorch/torchvision,faithful three-class task-adapted reimplementation,7777,S000220,FIVES,AMD_WET,AMD_WET,1,0.06718887388706207,0.9319014549255371,0.0009096860303543508,3
HOGCNN_EFFICIENTNETB3_ADAPTED_3CLASS,PyTorch/torchvision,faithful three-class task-adapted reimplementation,7777,S000239,ODIR,NORMAL,NORMAL,1,0.004597778897732496,8.135732969094533e-06,0.9953941106796265,3
HOGCNN_EFFICIENTNETB3_ADAPTED_3CLASS,PyTorch/torchvision,faithful three-class task-adapted reimplementation,7777,S000251,ODIR,NORMAL,NORMAL,1,0.009524264372885227,2.3320155378314666e-05,0.9904524087905884,3
HOGCNN_EFFICIENTNETB3_ADAPTED_3CLASS,PyTorch/torchvision,faithful three-class task-adapted reimplementation,7777,S000257,ODIR,NORMAL,NORMAL,1,0.001205800916068256,2.521258238630253e-06,0.9987917542457581,3
HOGCNN_EFFICIENTNETB3_ADAPTED_3CLASS,PyTorch/torchvision,faithful three-class task-adapted reimplementation,7777,S000263,ODIR,NORMAL,NORMAL,1,0.004177658818662167,4.3150943383807316e-05,0.9957791566848755,3
HOGCNN_EFFICIENTNETB3_ADAPTED_3CLASS,PyTorch/torchvision,faithful three-class task-adapted reimplementation,7777,S000270,ODIR,NORMAL,NORMAL,1,0.0046936385333538055,8.976900062407367e-06,0.995297372341156,3
HOGCNN_EFFICIENTNETB3_ADAPTED_3CLASS,PyTorch/torchvision,faithful three-class task-adapted reimplementation,7777,S000273,ODIR,NORMAL,NORMAL,1,0.0023285478819161654,5.1550432544900104e-06,0.9976663589477539,3
HOGCNN_EFFICIENTNETB3_ADAPTED_3CLASS,PyTorch/torchvision,faithful three-class task-adapted reimplementation,7777,S000277,ODIR,NORMAL,NORMAL,1,0.008239975199103355,4.100449223187752e-05,0.9917190074920654,3
HOGCNN_EFFICIENTNETB3_ADAPTED_3CLASS,PyTorch/torchvision,faithful three-class task-adapted reimplementation,7777,S000278,ODIR,NORMAL,NORMAL,1,0.0034226912539452314,6.263523391680792e-05,0.9965147376060486,3
HOGCNN_EFFICIENTNETB3_ADAPTED_3CLASS,PyTorch/torchvision,faithful three-class task-adapted reimplementation,7777,S000296,ODIR,NORMAL,NORMAL,1,0.053317517042160034,0.00024377416411880404,0.946438729763031,3
HOGCNN_EFFICIENTNETB3_ADAPTED_3CLASS,PyTorch/torchvision,faithful three-class task-adapted reimplementation,7777,S000301,ODIR,NORMAL,NORMAL,1,0.022488197311758995,0.0003314827918075025,0.9771803021430969,3
HOGCNN_EFFICIENTNETB3_ADAPTED_3CLASS,PyTorch/torchvision,faithful three-class task-adapted reimplementation,7777,S000306,ODIR,NORMAL,NORMAL,1,0.05909375846385956,0.0001623200805624947,0.9407439231872559,3
HOGCNN_EFFICIENTNETB3_ADAPTED_3CLASS,PyTorch/torchvision,faithful three-class task-adapted reimplementation,7777,S000308,ODIR,NORMAL,NORMAL,1,0.006555802654474974,7.296952389879152e-05,0.9933712482452393,3
HOGCNN_EFFICIENTNETB3_ADAPTED_3CLASS,PyTorch/torchvision,faithful three-class task-adapted reimplementation,7777,S000319,ODIR,NORMAL,NORMAL,1,0.012046819552779198,7.438773172907531e-05,0.9878787398338318,3
HOGCNN_EFFICIENTNETB3_ADAPTED_3CLASS,PyTorch/torchvision,faithful three-class task-adapted reimplementation,7777,S000324,ODIR,NORMAL,AMD_DRY,0,0.5722337365150452,0.004100616089999676,0.4236656427383423,3
HOGCNN_EFFICIENTNETB3_ADAPTED_3CLASS,PyTorch/torchvision,faithful three-class task-adapted reimplementation,7777,S000325,ODIR,NORMAL,NORMAL,1,0.0057509467005729675,4.884390000370331e-05,0.9942002296447754,3
HOGCNN_EFFICIENTNETB3_ADAPTED_3CLASS,PyTorch/torchvision,faithful three-class task-adapted reimplementation,7777,S000328,ODIR,NORMAL,NORMAL,1,0.005987764801830053,7.4478994065430015e-06,0.9940047860145569,3
HOGCNN_EFFICIENTNETB3_ADAPTED_3CLASS,PyTorch/torchvision,faithful three-class task-adapted reimplementation,7777,S000331,ODIR,NORMAL,NORMAL,1,0.022609133273363113,0.0011801514774560928,0.9762107133865356,3
HOGCNN_EFFICIENTNETB3_ADAPTED_3CLASS,PyTorch/torchvision,faithful three-class task-adapted reimplementation,7777,S000334,ODIR,NORMAL,NORMAL,1,0.001380718662403524,1.8726390408119187e-05,0.9986005425453186,3
HOGCNN_EFFICIENTNETB3_ADAPTED_3CLASS,PyTorch/torchvision,faithful three-class task-adapted reimplementation,7777,S000338,ODIR,NORMAL,NORMAL,1,0.002575936494395137,8.578432243666612e-06,0.9974154233932495,3
HOGCNN_EFFICIENTNETB3_ADAPTED_3CLASS,PyTorch/torchvision,faithful three-class task-adapted reimplementation,7777,S000339,ODIR,NORMAL,NORMAL,1,0.00046943119377829134,2.2609401639783755e-06,0.9995282888412476,3
HOGCNN_EFFICIENTNETB3_ADAPTED_3CLASS,PyTorch/torchvision,faithful three-class task-adapted reimplementation,7777,S000342,ODIR,NORMAL,NORMAL,1,0.002328814473003149,1.3870204384147655e-05,0.997657299041748,3
HOGCNN_EFFICIENTNETB3_ADAPTED_3CLASS,PyTorch/torchvision,faithful three-class task-adapted reimplementation,7777,S000348,ODIR,NORMAL,NORMAL,1,0.019233619794249535,0.0004142618563491851,0.9803520441055298,3
HOGCNN_EFFICIENTNETB3_ADAPTED_3CLASS,PyTorch/torchvision,faithful three-class task-adapted reimplementation,7777,S000354,ODIR,NORMAL,NORMAL,1,0.04429151490330696,0.000626616645604372,0.9550818204879761,3
HOGCNN_EFFICIENTNETB3_ADAPTED_3CLASS,PyTorch/torchvision,faithful three-class task-adapted reimplementation,7777,S000357,ODIR,NORMAL,NORMAL,1,0.0023224821779876947,3.5993627989228116e-06,0.9976739287376404,3
HOGCNN_EFFICIENTNETB3_ADAPTED_3CLASS,PyTorch/torchvision,faithful three-class task-adapted reimplementation,7777,S000362,ODIR,NORMAL,NORMAL,1,0.004923421423882246,4.179704774287529e-05,0.9950348138809204,3
HOGCNN_EFFICIENTNETB3_ADAPTED_3CLASS,PyTorch/torchvision,faithful three-class task-adapted reimplementation,7777,S000367,ODIR,AMD_DRY,AMD_WET,0,0.15891756117343903,0.8365347981452942,0.004547614138573408,3
HOGCNN_EFFICIENTNETB3_ADAPTED_3CLASS,PyTorch/torchvision,faithful three-class task-adapted reimplementation,7777,S000373,ODIR,AMD_DRY,AMD_DRY,1,0.779892086982727,0.21495981514453888,0.0051481169648468494,3
HOGCNN_EFFICIENTNETB3_ADAPTED_3CLASS,PyTorch/torchvision,faithful three-class task-adapted reimplementation,7777,S000375,ODIR,AMD_DRY,AMD_DRY,1,0.9856917262077332,0.011701198294758797,0.002607095753774047,3
HOGCNN_EFFICIENTNETB3_ADAPTED_3CLASS,PyTorch/torchvision,faithful three-class task-adapted reimplementation,7777,S000381,ODIR,AMD_DRY,AMD_DRY,1,0.8303530812263489,0.1664368361234665,0.0032100887037813663,3
HOGCNN_EFFICIENTNETB3_ADAPTED_3CLASS,PyTorch/torchvision,faithful three-class task-adapted reimplementation,7777,S000389,ODIR,AMD_DRY,AMD_DRY,1,0.9651052355766296,0.027949245646595955,0.006945540197193623,3
HOGCNN_EFFICIENTNETB3_ADAPTED_3CLASS,PyTorch/torchvision,faithful three-class task-adapted reimplementation,7777,S000394,ODIR,AMD_DRY,AMD_DRY,1,0.966463565826416,0.029102765023708344,0.004433715716004372,3
HOGCNN_EFFICIENTNETB3_ADAPTED_3CLASS,PyTorch/torchvision,faithful three-class task-adapted reimplementation,7777,S000399,ODIR,AMD_DRY,AMD_WET,0,0.08463460206985474,0.9147100448608398,0.0006553466664627194,3
HOGCNN_EFFICIENTNETB3_ADAPTED_3CLASS,PyTorch/torchvision,faithful three-class task-adapted reimplementation,7777,S000411,ODIR,AMD_DRY,AMD_DRY,1,0.9814250469207764,0.01591191068291664,0.002663037506863475,3
HOGCNN_EFFICIENTNETB3_ADAPTED_3CLASS,PyTorch/torchvision,faithful three-class task-adapted reimplementation,7777,S000412,ODIR,AMD_DRY,AMD_DRY,1,0.9645932912826538,0.02617199905216694,0.009234701283276081,3
HOGCNN_EFFICIENTNETB3_ADAPTED_3CLASS,PyTorch/torchvision,faithful three-class task-adapted reimplementation,7777,S000417,ODIR,AMD_DRY,AMD_DRY,1,0.9882895946502686,0.003973794169723988,0.00773652782663703,3
HOGCNN_EFFICIENTNETB3_ADAPTED_3CLASS,PyTorch/torchvision,faithful three-class task-adapted reimplementation,7777,S000418,ODIR,AMD_DRY,AMD_WET,0,0.0032100153621286154,0.9967407584190369,4.9244459660258144e-05,3
HOGCNN_EFFICIENTNETB3_ADAPTED_3CLASS,PyTorch/torchvision,faithful three-class task-adapted reimplementation,7777,S000423,ODIR,AMD_DRY,AMD_DRY,1,0.7783735394477844,0.05368959158658981,0.16793681681156158,3
HOGCNN_EFFICIENTNETB3_ADAPTED_3CLASS,PyTorch/torchvision,faithful three-class task-adapted reimplementation,7777,S000426,ODIR,AMD_DRY,AMD_DRY,1,0.6959799528121948,0.003436093684285879,0.30058392882347107,3
HOGCNN_EFFICIENTNETB3_ADAPTED_3CLASS,PyTorch/torchvision,faithful three-class task-adapted reimplementation,7777,S000435,ODIR,AMD_DRY,AMD_DRY,1,0.9872542023658752,0.007346906699240208,0.005398950073868036,3
HOGCNN_EFFICIENTNETB3_ADAPTED_3CLASS,PyTorch/torchvision,faithful three-class task-adapted reimplementation,7777,S000440,ODIR,AMD_DRY,NORMAL,0,0.011964519508183002,0.00010092969023389742,0.9879345893859863,3
HOGCNN_EFFICIENTNETB3_ADAPTED_3CLASS,PyTorch/torchvision,faithful three-class task-adapted reimplementation,7777,S000442,ODIR,AMD_DRY,AMD_DRY,1,0.9755873084068298,0.011764573864638805,0.012648060917854309,3
HOGCNN_EFFICIENTNETB3_ADAPTED_3CLASS,PyTorch/torchvision,faithful three-class task-adapted reimplementation,7777,S000448,ODIR,AMD_WET,AMD_DRY,0,0.9321790933609009,0.05476275831460953,0.013058129698038101,3
HOGCNN_EFFICIENTNETB3_ADAPTED_3CLASS,PyTorch/torchvision,faithful three-class task-adapted reimplementation,7777,S000453,ODIR,AMD_WET,AMD_DRY,0,0.9626631140708923,0.02703869342803955,0.010298212990164757,3
HOGCNN_EFFICIENTNETB3_ADAPTED_3CLASS,PyTorch/torchvision,faithful three-class task-adapted reimplementation,7777,S000457,ODIR,AMD_WET,AMD_WET,1,0.0773904100060463,0.9216257333755493,0.000983811100013554,3
HOGCNN_EFFICIENTNETB3_ADAPTED_3CLASS,PyTorch/torchvision,faithful three-class task-adapted reimplementation,7777,S000458,ODIR,AMD_WET,AMD_DRY,0,0.5865809321403503,0.4105464816093445,0.0028725271113216877,3
HOGCNN_EFFICIENTNETB3_ADAPTED_3CLASS,PyTorch/torchvision,faithful three-class task-adapted reimplementation,7777,S000461,ODIR,AMD_WET,AMD_WET,1,0.04146962612867355,0.9576650857925415,0.0008653317345306277,3
HOGCNN_EFFICIENTNETB3_ADAPTED_3CLASS,PyTorch/torchvision,faithful three-class task-adapted reimplementation,7777,S000464,ODIR,AMD_WET,AMD_WET,1,0.001778571866452694,0.9981828331947327,3.858851778204553e-05,3
HOGCNN_EFFICIENTNETB3_ADAPTED_3CLASS,PyTorch/torchvision,faithful three-class task-adapted reimplementation,7777,S000473,RFMID,NORMAL,NORMAL,1,0.0003958109300583601,1.9320734736538725e-06,0.9996022582054138,3
HOGCNN_EFFICIENTNETB3_ADAPTED_3CLASS,PyTorch/torchvision,faithful three-class task-adapted reimplementation,7777,S000482,RFMID,NORMAL,NORMAL,1,0.019379334524273872,0.0005626729689538479,0.980057954788208,3
HOGCNN_EFFICIENTNETB3_ADAPTED_3CLASS,PyTorch/torchvision,faithful three-class task-adapted reimplementation,7777,S000497,RFMID,NORMAL,NORMAL,1,0.017105761915445328,0.00012284722470212728,0.9827713370323181,3
HOGCNN_EFFICIENTNETB3_ADAPTED_3CLASS,PyTorch/torchvision,faithful three-class task-adapted reimplementation,7777,S000499,RFMID,NORMAL,NORMAL,1,0.04650801047682762,0.0011445455020293593,0.9523473978042603,3
HOGCNN_EFFICIENTNETB3_ADAPTED_3CLASS,PyTorch/torchvision,faithful three-class task-adapted reimplementation,7777,S000500,RFMID,NORMAL,NORMAL,1,0.09474087506532669,0.002588693518191576,0.9026703834533691,3
HOGCNN_EFFICIENTNETB3_ADAPTED_3CLASS,PyTorch/torchvision,faithful three-class task-adapted reimplementation,7777,S000505,RFMID,NORMAL,NORMAL,1,0.01040404662489891,0.00021763508266303688,0.9893783926963806,3
HOGCNN_EFFICIENTNETB3_ADAPTED_3CLASS,PyTorch/torchvision,faithful three-class task-adapted reimplementation,7777,S000512,RFMID,NORMAL,NORMAL,1,0.00027815595967695117,4.5347425725594803e-07,0.999721348285675,3
HOGCNN_EFFICIENTNETB3_ADAPTED_3CLASS,PyTorch/torchvision,faithful three-class task-adapted reimplementation,7777,S000514,RFMID,NORMAL,NORMAL,1,0.004869130905717611,9.932177636073902e-05,0.9950315952301025,3
HOGCNN_EFFICIENTNETB3_ADAPTED_3CLASS,PyTorch/torchvision,faithful three-class task-adapted reimplementation,7777,S000521,RFMID,NORMAL,NORMAL,1,0.12131419777870178,0.002540495013818145,0.8761453628540039,3
HOGCNN_EFFICIENTNETB3_ADAPTED_3CLASS,PyTorch/torchvision,faithful three-class task-adapted reimplementation,7777,S000524,RFMID,NORMAL,NORMAL,1,0.0017733443528413773,6.133465831226204e-06,0.9982205033302307,3
HOGCNN_EFFICIENTNETB3_ADAPTED_3CLASS,PyTorch/torchvision,faithful three-class task-adapted reimplementation,7777,S000530,RFMID,NORMAL,NORMAL,1,0.09438620507717133,0.001835075905546546,0.9037786722183228,3
HOGCNN_EFFICIENTNETB3_ADAPTED_3CLASS,PyTorch/torchvision,faithful three-class task-adapted reimplementation,7777,S000534,RFMID,NORMAL,NORMAL,1,0.0010870806872844696,6.282609319896437e-06,0.9989066123962402,3
HOGCNN_EFFICIENTNETB3_ADAPTED_3CLASS,PyTorch/torchvision,faithful three-class task-adapted reimplementation,7777,S000540,RFMID,AMD_DRY,AMD_DRY,1,0.6904124021530151,0.30559125542640686,0.003996371757239103,3
HOGCNN_EFFICIENTNETB3_ADAPTED_3CLASS,PyTorch/torchvision,faithful three-class task-adapted reimplementation,7777,S000541,RFMID,AMD_DRY,AMD_WET,0,0.43424248695373535,0.5626240968704224,0.0031334790401160717,3
HOGCNN_EFFICIENTNETB3_ADAPTED_3CLASS,PyTorch/torchvision,faithful three-class task-adapted reimplementation,7777,S000544,RFMID,AMD_WET,AMD_WET,1,0.026574071496725082,0.9722045660018921,0.0012213526060804725,3
HOGCNN_EFFICIENTNETB3_ADAPTED_3CLASS,PyTorch/torchvision,faithful three-class task-adapted reimplementation,7777,S000546,RFMID,AMD_WET,AMD_WET,1,0.0004100476508028805,0.9995829463005066,7.040207947284216e-06,3
HOGCNN_EFFICIENTNETB3_ADAPTED_3CLASS,PyTorch/torchvision,faithful three-class task-adapted reimplementation,7777,S000549,RFMID,AMD_WET,AMD_WET,1,0.0002866951690521091,0.9997054934501648,7.774505320412572e-06,3
HOGCNN_EFFICIENTNETB3_ADAPTED_3CLASS,PyTorch/torchvision,faithful three-class task-adapted reimplementation,7777,S000560,RFMID,AMD_WET,AMD_WET,1,0.003071489743888378,0.996887743473053,4.081125371158123e-05,3
HOGCNN_EFFICIENTNETB3_ADAPTED_3CLASS,PyTorch/torchvision,faithful three-class task-adapted reimplementation,7777,S000561,RFMID,AMD_WET,AMD_WET,1,2.2261310732574202e-05,0.999976634979248,1.1406842759242863e-06,3
HOGCNN_EFFICIENTNETB3_ADAPTED_3CLASS,PyTorch/torchvision,faithful three-class task-adapted reimplementation,7777,S000562,RFMID,AMD_WET,AMD_DRY,0,0.7337127923965454,0.2578751742839813,0.008412078954279423,3
HOGCNN_EFFICIENTNETB3_ADAPTED_3CLASS,PyTorch/torchvision,faithful three-class task-adapted reimplementation,7777,S000563,RFMID,AMD_WET,AMD_WET,1,0.013301764614880085,0.9854507446289062,0.0012475423282012343,3
HOGCNN_EFFICIENTNETB3_ADAPTED_3CLASS,PyTorch/torchvision,faithful three-class task-adapted reimplementation,7777,S000564,RFMID,AMD_WET,AMD_DRY,0,0.9150684475898743,0.06425784528255463,0.02067377232015133,3
HOGCNN_EFFICIENTNETB3_ADAPTED_3CLASS,PyTorch/torchvision,faithful three-class task-adapted reimplementation,7777,S000569,RFMID,AMD_WET,AMD_WET,1,0.017343424260616302,0.981431245803833,0.0012252648593857884,3
HOGCNN_EFFICIENTNETB3_ADAPTED_3CLASS,PyTorch/torchvision,faithful three-class task-adapted reimplementation,7777,S000593,RFMID,AMD_WET,AMD_WET,1,5.8161782362731174e-05,0.9999408721923828,9.875795967673184e-07,3
HOGCNN_EFFICIENTNETB3_ADAPTED_3CLASS,PyTorch/torchvision,faithful three-class task-adapted reimplementation,7777,S000596,RFMID,AMD_WET,AMD_WET,1,0.0001450668351026252,0.9998540878295898,8.206357620110794e-07,3
HOGCNN_EFFICIENTNETB3_ADAPTED_3CLASS,PyTorch/torchvision,faithful three-class task-adapted reimplementation,7777,S000001,ADAM,AMD_DRY,AMD_DRY,1,0.9379414916038513,0.05985582247376442,0.0022026977967470884,4
HOGCNN_EFFICIENTNETB3_ADAPTED_3CLASS,PyTorch/torchvision,faithful three-class task-adapted reimplementation,7777,S000015,ADAM,AMD_DRY,AMD_DRY,1,0.9999829530715942,1.6071460777311586e-05,9.462510774937982e-07,4
HOGCNN_EFFICIENTNETB3_ADAPTED_3CLASS,PyTorch/torchvision,faithful three-class task-adapted reimplementation,7777,S000018,ADAM,AMD_DRY,AMD_DRY,1,0.9996905326843262,0.0002442261902615428,6.531728286063299e-05,4
HOGCNN_EFFICIENTNETB3_ADAPTED_3CLASS,PyTorch/torchvision,faithful three-class task-adapted reimplementation,7777,S000021,ADAM,AMD_DRY,AMD_DRY,1,0.9999222755432129,2.4371260224143043e-05,5.344959572539665e-05,4
HOGCNN_EFFICIENTNETB3_ADAPTED_3CLASS,PyTorch/torchvision,faithful three-class task-adapted reimplementation,7777,S000023,ADAM,AMD_DRY,AMD_DRY,1,0.9079622626304626,0.09173526614904404,0.00030241141212172806,4
HOGCNN_EFFICIENTNETB3_ADAPTED_3CLASS,PyTorch/torchvision,faithful three-class task-adapted reimplementation,7777,S000024,ADAM,AMD_DRY,AMD_DRY,1,0.9999610185623169,3.0320299629238434e-05,8.667761903780047e-06,4
HOGCNN_EFFICIENTNETB3_ADAPTED_3CLASS,PyTorch/torchvision,faithful three-class task-adapted reimplementation,7777,S000030,ADAM,AMD_DRY,NORMAL,0,0.009303674101829529,6.053551260265522e-06,0.9906903505325317,4
HOGCNN_EFFICIENTNETB3_ADAPTED_3CLASS,PyTorch/torchvision,faithful three-class task-adapted reimplementation,7777,S000041,ADAM,AMD_WET,AMD_WET,1,3.58449714354947e-09,1.0,6.024276910654436e-11,4
HOGCNN_EFFICIENTNETB3_ADAPTED_3CLASS,PyTorch/torchvision,faithful three-class task-adapted reimplementation,7777,S000042,ADAM,AMD_WET,AMD_WET,1,8.38790674606571e-06,0.9999897480010986,1.866954789875308e-06,4
HOGCNN_EFFICIENTNETB3_ADAPTED_3CLASS,PyTorch/torchvision,faithful three-class task-adapted reimplementation,7777,S000043,ADAM,AMD_WET,AMD_WET,1,1.0410759188062002e-07,0.9999998807907104,1.3661304310019773e-09,4
HOGCNN_EFFICIENTNETB3_ADAPTED_3CLASS,PyTorch/torchvision,faithful three-class task-adapted reimplementation,7777,S000053,FIVES,NORMAL,NORMAL,1,6.73677291729291e-08,9.234228832977198e-12,0.9999998807907104,4
HOGCNN_EFFICIENTNETB3_ADAPTED_3CLASS,PyTorch/torchvision,faithful three-class task-adapted reimplementation,7777,S000057,FIVES,NORMAL,NORMAL,1,7.678222755203024e-05,2.131511678271636e-08,0.9999232292175293,4
HOGCNN_EFFICIENTNETB3_ADAPTED_3CLASS,PyTorch/torchvision,faithful three-class task-adapted reimplementation,7777,S000065,FIVES,NORMAL,NORMAL,1,0.00019719416741281748,2.092254760555079e-07,0.9998025298118591,4
HOGCNN_EFFICIENTNETB3_ADAPTED_3CLASS,PyTorch/torchvision,faithful three-class task-adapted reimplementation,7777,S000066,FIVES,NORMAL,NORMAL,1,1.435690592188621e-05,5.788620249802534e-09,0.9999856948852539,4
HOGCNN_EFFICIENTNETB3_ADAPTED_3CLASS,PyTorch/torchvision,faithful three-class task-adapted reimplementation,7777,S000067,FIVES,NORMAL,NORMAL,1,1.6499263438163325e-05,1.5382706664013313e-08,0.999983549118042,4
HOGCNN_EFFICIENTNETB3_ADAPTED_3CLASS,PyTorch/torchvision,faithful three-class task-adapted reimplementation,7777,S000074,FIVES,NORMAL,NORMAL,1,2.5228739104932174e-05,3.100542933509587e-09,0.9999747276306152,4
HOGCNN_EFFICIENTNETB3_ADAPTED_3CLASS,PyTorch/torchvision,faithful three-class task-adapted reimplementation,7777,S000077,FIVES,NORMAL,NORMAL,1,1.358294230158208e-05,1.9694624597832444e-08,0.9999864101409912,4
HOGCNN_EFFICIENTNETB3_ADAPTED_3CLASS,PyTorch/torchvision,faithful three-class task-adapted reimplementation,7777,S000081,FIVES,NORMAL,NORMAL,1,8.031723837120808e-07,2.2344071037849744e-10,0.9999991655349731,4
HOGCNN_EFFICIENTNETB3_ADAPTED_3CLASS,PyTorch/torchvision,faithful three-class task-adapted reimplementation,7777,S000084,FIVES,NORMAL,NORMAL,1,2.3712577501555643e-07,7.720346584250137e-11,0.9999997615814209,4
HOGCNN_EFFICIENTNETB3_ADAPTED_3CLASS,PyTorch/torchvision,faithful three-class task-adapted reimplementation,7777,S000089,FIVES,NORMAL,NORMAL,1,0.0007142952526919544,3.660341860722838e-07,0.9992853999137878,4
HOGCNN_EFFICIENTNETB3_ADAPTED_3CLASS,PyTorch/torchvision,faithful three-class task-adapted reimplementation,7777,S000094,FIVES,NORMAL,NORMAL,1,1.1782620276790112e-05,2.6457009028035827e-08,0.9999881982803345,4
HOGCNN_EFFICIENTNETB3_ADAPTED_3CLASS,PyTorch/torchvision,faithful three-class task-adapted reimplementation,7777,S000100,FIVES,NORMAL,NORMAL,1,6.100933660491137e-07,2.502599238951575e-10,0.9999994039535522,4
HOGCNN_EFFICIENTNETB3_ADAPTED_3CLASS,PyTorch/torchvision,faithful three-class task-adapted reimplementation,7777,S000108,FIVES,NORMAL,NORMAL,1,4.842764838031144e-07,1.3054930747546933e-10,0.9999995231628418,4
HOGCNN_EFFICIENTNETB3_ADAPTED_3CLASS,PyTorch/torchvision,faithful three-class task-adapted reimplementation,7777,S000110,FIVES,NORMAL,NORMAL,1,0.0011807852424681187,1.4069757980905706e-06,0.9988177418708801,4
HOGCNN_EFFICIENTNETB3_ADAPTED_3CLASS,PyTorch/torchvision,faithful three-class task-adapted reimplementation,7777,S000120,FIVES,NORMAL,NORMAL,1,2.778617272269912e-05,3.171323044171004e-07,0.999971866607666,4
HOGCNN_EFFICIENTNETB3_ADAPTED_3CLASS,PyTorch/torchvision,faithful three-class task-adapted reimplementation,7777,S000122,FIVES,NORMAL,NORMAL,1,3.494062184472568e-05,2.9155984293538495e-08,0.9999650716781616,4
HOGCNN_EFFICIENTNETB3_ADAPTED_3CLASS,PyTorch/torchvision,faithful three-class task-adapted reimplementation,7777,S000131,FIVES,NORMAL,NORMAL,1,2.085201776935719e-05,2.5650216173289664e-08,0.9999791383743286,4
HOGCNN_EFFICIENTNETB3_ADAPTED_3CLASS,PyTorch/torchvision,faithful three-class task-adapted reimplementation,7777,S000135,FIVES,NORMAL,NORMAL,1,4.434495713212527e-05,2.454193293033313e-07,0.999955415725708,4
HOGCNN_EFFICIENTNETB3_ADAPTED_3CLASS,PyTorch/torchvision,faithful three-class task-adapted reimplementation,7777,S000146,FIVES,NORMAL,NORMAL,1,0.0013475388986989856,7.046092378004687e-06,0.9986454844474792,4
HOGCNN_EFFICIENTNETB3_ADAPTED_3CLASS,PyTorch/torchvision,faithful three-class task-adapted reimplementation,7777,S000149,FIVES,NORMAL,NORMAL,1,4.777120011567604e-06,4.187198143768001e-09,0.999995231628418,4
HOGCNN_EFFICIENTNETB3_ADAPTED_3CLASS,PyTorch/torchvision,faithful three-class task-adapted reimplementation,7777,S000158,FIVES,AMD_DRY,AMD_DRY,1,0.999617338180542,0.0003237962955608964,5.8849149354500696e-05,4
HOGCNN_EFFICIENTNETB3_ADAPTED_3CLASS,PyTorch/torchvision,faithful three-class task-adapted reimplementation,7777,S000159,FIVES,AMD_DRY,AMD_DRY,1,0.9999971389770508,2.5718504730321e-06,2.2322419113152137e-07,4
HOGCNN_EFFICIENTNETB3_ADAPTED_3CLASS,PyTorch/torchvision,faithful three-class task-adapted reimplementation,7777,S000162,FIVES,AMD_DRY,AMD_DRY,1,0.9998321533203125,0.00015048154455143958,1.7261540051549673e-05,4
HOGCNN_EFFICIENTNETB3_ADAPTED_3CLASS,PyTorch/torchvision,faithful three-class task-adapted reimplementation,7777,S000177,FIVES,AMD_WET,AMD_WET,1,3.531633410602808e-05,0.9999631643295288,1.4611852066082065e-06,4
HOGCNN_EFFICIENTNETB3_ADAPTED_3CLASS,PyTorch/torchvision,faithful three-class task-adapted reimplementation,7777,S000179,FIVES,AMD_WET,AMD_DRY,0,0.6575021743774414,0.004353551659733057,0.3381442725658417,4
HOGCNN_EFFICIENTNETB3_ADAPTED_3CLASS,PyTorch/torchvision,faithful three-class task-adapted reimplementation,7777,S000182,FIVES,AMD_WET,AMD_WET,1,0.0035336001310497522,0.9963955283164978,7.089692371664569e-05,4
HOGCNN_EFFICIENTNETB3_ADAPTED_3CLASS,PyTorch/torchvision,faithful three-class task-adapted reimplementation,7777,S000185,FIVES,AMD_WET,AMD_WET,1,6.251347334453562e-17,1.0,1.221652965415851e-19,4
HOGCNN_EFFICIENTNETB3_ADAPTED_3CLASS,PyTorch/torchvision,faithful three-class task-adapted reimplementation,7777,S000187,FIVES,AMD_WET,AMD_WET,1,0.00033854294451884925,0.9996566772460938,4.776504738401854e-06,4
HOGCNN_EFFICIENTNETB3_ADAPTED_3CLASS,PyTorch/torchvision,faithful three-class task-adapted reimplementation,7777,S000189,FIVES,AMD_WET,AMD_WET,1,3.5659923014463857e-07,0.9999996423721313,2.1721999754475974e-09,4
HOGCNN_EFFICIENTNETB3_ADAPTED_3CLASS,PyTorch/torchvision,faithful three-class task-adapted reimplementation,7777,S000192,FIVES,AMD_WET,NORMAL,0,0.09524267911911011,0.0006881325389258564,0.9040692448616028,4
HOGCNN_EFFICIENTNETB3_ADAPTED_3CLASS,PyTorch/torchvision,faithful three-class task-adapted reimplementation,7777,S000203,FIVES,AMD_WET,AMD_WET,1,0.005887478590011597,0.9939765930175781,0.00013586034765467048,4
HOGCNN_EFFICIENTNETB3_ADAPTED_3CLASS,PyTorch/torchvision,faithful three-class task-adapted reimplementation,7777,S000212,FIVES,AMD_WET,AMD_WET,1,4.106784079471737e-10,1.0,7.647972533053604e-12,4
HOGCNN_EFFICIENTNETB3_ADAPTED_3CLASS,PyTorch/torchvision,faithful three-class task-adapted reimplementation,7777,S000218,FIVES,AMD_WET,AMD_WET,1,0.2493985891342163,0.7499363422393799,0.0006650774739682674,4
HOGCNN_EFFICIENTNETB3_ADAPTED_3CLASS,PyTorch/torchvision,faithful three-class task-adapted reimplementation,7777,S000224,FIVES,AMD_WET,AMD_WET,1,1.3498338375939056e-06,0.9999986886978149,8.2071762719238e-09,4
HOGCNN_EFFICIENTNETB3_ADAPTED_3CLASS,PyTorch/torchvision,faithful three-class task-adapted reimplementation,7777,S000225,FIVES,AMD_WET,AMD_WET,1,1.3708970527659403e-06,0.9999985694885254,5.1464141392898455e-08,4
HOGCNN_EFFICIENTNETB3_ADAPTED_3CLASS,PyTorch/torchvision,faithful three-class task-adapted reimplementation,7777,S000227,FIVES,AMD_WET,AMD_WET,1,0.00017524183203931898,0.9998138546943665,1.0978915270243306e-05,4
HOGCNN_EFFICIENTNETB3_ADAPTED_3CLASS,PyTorch/torchvision,faithful three-class task-adapted reimplementation,7777,S000234,FIVES,AMD_WET,AMD_WET,1,5.1997785703861155e-06,0.9999946355819702,1.0597364763498263e-07,4
HOGCNN_EFFICIENTNETB3_ADAPTED_3CLASS,PyTorch/torchvision,faithful three-class task-adapted reimplementation,7777,S000242,ODIR,NORMAL,NORMAL,1,0.00021184755314607173,9.24815353187114e-08,0.9997881054878235,4
HOGCNN_EFFICIENTNETB3_ADAPTED_3CLASS,PyTorch/torchvision,faithful three-class task-adapted reimplementation,7777,S000243,ODIR,NORMAL,NORMAL,1,8.577406333643012e-06,2.2407327104900787e-09,0.9999914169311523,4
HOGCNN_EFFICIENTNETB3_ADAPTED_3CLASS,PyTorch/torchvision,faithful three-class task-adapted reimplementation,7777,S000245,ODIR,NORMAL,NORMAL,1,1.684059861872811e-05,1.1425544954590805e-08,0.9999831914901733,4
HOGCNN_EFFICIENTNETB3_ADAPTED_3CLASS,PyTorch/torchvision,faithful three-class task-adapted reimplementation,7777,S000246,ODIR,NORMAL,NORMAL,1,1.0290426871506497e-05,3.5640490558819238e-09,0.9999897480010986,4
HOGCNN_EFFICIENTNETB3_ADAPTED_3CLASS,PyTorch/torchvision,faithful three-class task-adapted reimplementation,7777,S000247,ODIR,NORMAL,NORMAL,1,6.568236858583987e-05,1.557975650712251e-07,0.999934196472168,4
HOGCNN_EFFICIENTNETB3_ADAPTED_3CLASS,PyTorch/torchvision,faithful three-class task-adapted reimplementation,7777,S000248,ODIR,NORMAL,NORMAL,1,9.593293361831456e-05,2.9484816366220912e-08,0.9999040365219116,4
HOGCNN_EFFICIENTNETB3_ADAPTED_3CLASS,PyTorch/torchvision,faithful three-class task-adapted reimplementation,7777,S000249,ODIR,NORMAL,NORMAL,1,1.474444979976397e-05,1.3453291813902979e-08,0.9999852180480957,4
HOGCNN_EFFICIENTNETB3_ADAPTED_3CLASS,PyTorch/torchvision,faithful three-class task-adapted reimplementation,7777,S000253,ODIR,NORMAL,NORMAL,1,0.0002621255407575518,2.604014639473462e-07,0.9997376799583435,4
HOGCNN_EFFICIENTNETB3_ADAPTED_3CLASS,PyTorch/torchvision,faithful three-class task-adapted reimplementation,7777,S000269,ODIR,NORMAL,NORMAL,1,0.0004629702016245574,4.7913022171997e-07,0.9995366334915161,4
HOGCNN_EFFICIENTNETB3_ADAPTED_3CLASS,PyTorch/torchvision,faithful three-class task-adapted reimplementation,7777,S000283,ODIR,NORMAL,NORMAL,1,0.010732736438512802,4.373652700451203e-06,0.9892628788948059,4
HOGCNN_EFFICIENTNETB3_ADAPTED_3CLASS,PyTorch/torchvision,faithful three-class task-adapted reimplementation,7777,S000285,ODIR,NORMAL,NORMAL,1,4.4417421918296895e-07,8.697354642039912e-11,0.9999995231628418,4
HOGCNN_EFFICIENTNETB3_ADAPTED_3CLASS,PyTorch/torchvision,faithful three-class task-adapted reimplementation,7777,S000286,ODIR,NORMAL,NORMAL,1,0.0002525057061575353,1.1724102932930691e-07,0.9997473359107971,4
HOGCNN_EFFICIENTNETB3_ADAPTED_3CLASS,PyTorch/torchvision,faithful three-class task-adapted reimplementation,7777,S000292,ODIR,NORMAL,NORMAL,1,1.422430045749934e-06,6.813073993860996e-10,0.9999985694885254,4
HOGCNN_EFFICIENTNETB3_ADAPTED_3CLASS,PyTorch/torchvision,faithful three-class task-adapted reimplementation,7777,S000299,ODIR,NORMAL,NORMAL,1,1.3735033462580759e-05,3.958855288033192e-08,0.9999862909317017,4
HOGCNN_EFFICIENTNETB3_ADAPTED_3CLASS,PyTorch/torchvision,faithful three-class task-adapted reimplementation,7777,S000302,ODIR,NORMAL,NORMAL,1,0.00010338062566006556,8.650794569575737e-08,0.9998965263366699,4
HOGCNN_EFFICIENTNETB3_ADAPTED_3CLASS,PyTorch/torchvision,faithful three-class task-adapted reimplementation,7777,S000309,ODIR,NORMAL,NORMAL,1,3.0497203624690883e-06,4.580519519237214e-09,0.9999969005584717,4
HOGCNN_EFFICIENTNETB3_ADAPTED_3CLASS,PyTorch/torchvision,faithful three-class task-adapted reimplementation,7777,S000314,ODIR,NORMAL,NORMAL,1,9.20564925763756e-05,5.583417532761814e-07,0.999907374382019,4
HOGCNN_EFFICIENTNETB3_ADAPTED_3CLASS,PyTorch/torchvision,faithful three-class task-adapted reimplementation,7777,S000316,ODIR,NORMAL,NORMAL,1,1.077335218724329e-05,4.3642893743367495e-09,0.9999892711639404,4
HOGCNN_EFFICIENTNETB3_ADAPTED_3CLASS,PyTorch/torchvision,faithful three-class task-adapted reimplementation,7777,S000323,ODIR,NORMAL,NORMAL,1,0.0002610305673442781,6.452640946008614e-07,0.9997383952140808,4
HOGCNN_EFFICIENTNETB3_ADAPTED_3CLASS,PyTorch/torchvision,faithful three-class task-adapted reimplementation,7777,S000330,ODIR,NORMAL,NORMAL,1,0.038217831403017044,2.736242777245934e-06,0.9617793560028076,4
HOGCNN_EFFICIENTNETB3_ADAPTED_3CLASS,PyTorch/torchvision,faithful three-class task-adapted reimplementation,7777,S000336,ODIR,NORMAL,NORMAL,1,1.4549485058523715e-05,3.165290962670042e-08,0.9999854564666748,4
HOGCNN_EFFICIENTNETB3_ADAPTED_3CLASS,PyTorch/torchvision,faithful three-class task-adapted reimplementation,7777,S000337,ODIR,NORMAL,NORMAL,1,0.06625320017337799,1.2783646525349468e-05,0.9337339401245117,4
HOGCNN_EFFICIENTNETB3_ADAPTED_3CLASS,PyTorch/torchvision,faithful three-class task-adapted reimplementation,7777,S000353,ODIR,NORMAL,NORMAL,1,0.019577234983444214,3.498775413390831e-06,0.9804192185401917,4
HOGCNN_EFFICIENTNETB3_ADAPTED_3CLASS,PyTorch/torchvision,faithful three-class task-adapted reimplementation,7777,S000360,ODIR,NORMAL,NORMAL,1,2.80535841739038e-05,1.0255811311310481e-08,0.9999719858169556,4
HOGCNN_EFFICIENTNETB3_ADAPTED_3CLASS,PyTorch/torchvision,faithful three-class task-adapted reimplementation,7777,S000363,ODIR,NORMAL,NORMAL,1,6.010109791532159e-05,3.2392112103707404e-08,0.9999399185180664,4
HOGCNN_EFFICIENTNETB3_ADAPTED_3CLASS,PyTorch/torchvision,faithful three-class task-adapted reimplementation,7777,S000364,ODIR,AMD_DRY,AMD_DRY,1,0.9999927282333374,6.608800504182e-06,7.183954835454642e-07,4
HOGCNN_EFFICIENTNETB3_ADAPTED_3CLASS,PyTorch/torchvision,faithful three-class task-adapted reimplementation,7777,S000365,ODIR,AMD_DRY,AMD_DRY,1,0.9985087513923645,0.0013311500661075115,0.00016013045387808233,4
HOGCNN_EFFICIENTNETB3_ADAPTED_3CLASS,PyTorch/torchvision,faithful three-class task-adapted reimplementation,7777,S000371,ODIR,AMD_DRY,AMD_DRY,1,0.9999216794967651,7.140891102608293e-05,6.907674560352461e-06,4
HOGCNN_EFFICIENTNETB3_ADAPTED_3CLASS,PyTorch/torchvision,faithful three-class task-adapted reimplementation,7777,S000372,ODIR,AMD_DRY,AMD_WET,0,0.004853539168834686,0.9951334595680237,1.2972184777026996e-05,4
HOGCNN_EFFICIENTNETB3_ADAPTED_3CLASS,PyTorch/torchvision,faithful three-class task-adapted reimplementation,7777,S000391,ODIR,AMD_DRY,AMD_DRY,1,0.9993883371353149,0.0005663950578309596,4.5327487896429375e-05,4
HOGCNN_EFFICIENTNETB3_ADAPTED_3CLASS,PyTorch/torchvision,faithful three-class task-adapted reimplementation,7777,S000392,ODIR,AMD_DRY,AMD_DRY,1,0.956876814365387,0.042963311076164246,0.00015987729420885444,4
HOGCNN_EFFICIENTNETB3_ADAPTED_3CLASS,PyTorch/torchvision,faithful three-class task-adapted reimplementation,7777,S000395,ODIR,AMD_DRY,AMD_DRY,1,0.8427959084510803,0.1570458561182022,0.0001582048716954887,4
HOGCNN_EFFICIENTNETB3_ADAPTED_3CLASS,PyTorch/torchvision,faithful three-class task-adapted reimplementation,7777,S000396,ODIR,AMD_DRY,AMD_DRY,1,0.9998962879180908,8.670984243508428e-05,1.7025724446284585e-05,4
HOGCNN_EFFICIENTNETB3_ADAPTED_3CLASS,PyTorch/torchvision,faithful three-class task-adapted reimplementation,7777,S000398,ODIR,AMD_DRY,AMD_DRY,1,0.9999685287475586,2.4876255338313058e-05,6.610821401409339e-06,4
HOGCNN_EFFICIENTNETB3_ADAPTED_3CLASS,PyTorch/torchvision,faithful three-class task-adapted reimplementation,7777,S000404,ODIR,AMD_DRY,AMD_DRY,1,0.5218667387962341,0.47810229659080505,3.095669308095239e-05,4
HOGCNN_EFFICIENTNETB3_ADAPTED_3CLASS,PyTorch/torchvision,faithful three-class task-adapted reimplementation,7777,S000406,ODIR,AMD_DRY,AMD_WET,0,0.0018828363390639424,0.9981114864349365,5.6611388572491705e-06,4
HOGCNN_EFFICIENTNETB3_ADAPTED_3CLASS,PyTorch/torchvision,faithful three-class task-adapted reimplementation,7777,S000407,ODIR,AMD_DRY,AMD_DRY,1,0.9958639144897461,0.003946423530578613,0.00018975143029820174,4
HOGCNN_EFFICIENTNETB3_ADAPTED_3CLASS,PyTorch/torchvision,faithful three-class task-adapted reimplementation,7777,S000409,ODIR,AMD_DRY,AMD_DRY,1,0.9999728202819824,2.4372306143050082e-05,2.883822389776469e-06,4
HOGCNN_EFFICIENTNETB3_ADAPTED_3CLASS,PyTorch/torchvision,faithful three-class task-adapted reimplementation,7777,S000424,ODIR,AMD_DRY,AMD_DRY,1,0.6883143186569214,0.31017258763313293,0.0015130557585507631,4
HOGCNN_EFFICIENTNETB3_ADAPTED_3CLASS,PyTorch/torchvision,faithful three-class task-adapted reimplementation,7777,S000428,ODIR,AMD_DRY,AMD_DRY,1,0.9453286528587341,0.0013121140655130148,0.05335933715105057,4
HOGCNN_EFFICIENTNETB3_ADAPTED_3CLASS,PyTorch/torchvision,faithful three-class task-adapted reimplementation,7777,S000434,ODIR,AMD_DRY,AMD_DRY,1,0.6124258637428284,0.38470521569252014,0.0028689452446997166,4
HOGCNN_EFFICIENTNETB3_ADAPTED_3CLASS,PyTorch/torchvision,faithful three-class task-adapted reimplementation,7777,S000445,ODIR,AMD_WET,AMD_WET,1,0.095349982380867,0.9042860865592957,0.0003639715432655066,4
HOGCNN_EFFICIENTNETB3_ADAPTED_3CLASS,PyTorch/torchvision,faithful three-class task-adapted reimplementation,7777,S000456,ODIR,AMD_WET,AMD_WET,1,1.0899785518603267e-09,1.0,1.3512000546223035e-11,4
HOGCNN_EFFICIENTNETB3_ADAPTED_3CLASS,PyTorch/torchvision,faithful three-class task-adapted reimplementation,7777,S000463,ODIR,AMD_WET,AMD_WET,1,1.8986147765076566e-08,1.0,2.0962602487184512e-10,4
HOGCNN_EFFICIENTNETB3_ADAPTED_3CLASS,PyTorch/torchvision,faithful three-class task-adapted reimplementation,7777,S000466,ODIR,AMD_WET,AMD_WET,1,8.474781907352735e-07,0.9999991655349731,1.6353803644619802e-08,4
HOGCNN_EFFICIENTNETB3_ADAPTED_3CLASS,PyTorch/torchvision,faithful three-class task-adapted reimplementation,7777,S000468,ODIR,AMD_WET,AMD_WET,1,1.0710408254732684e-10,1.0,2.2272327211692033e-12,4
HOGCNN_EFFICIENTNETB3_ADAPTED_3CLASS,PyTorch/torchvision,faithful three-class task-adapted reimplementation,7777,S000470,ODIR,AMD_WET,AMD_WET,1,4.877862238572561e-07,0.9999995231628418,1.0602303923690215e-08,4
HOGCNN_EFFICIENTNETB3_ADAPTED_3CLASS,PyTorch/torchvision,faithful three-class task-adapted reimplementation,7777,S000476,RFMID,NORMAL,NORMAL,1,1.8400973203824833e-05,8.10864051459248e-08,0.9999815225601196,4
HOGCNN_EFFICIENTNETB3_ADAPTED_3CLASS,PyTorch/torchvision,faithful three-class task-adapted reimplementation,7777,S000486,RFMID,NORMAL,NORMAL,1,3.60871126758866e-07,1.231658219857934e-09,0.9999996423721313,4
HOGCNN_EFFICIENTNETB3_ADAPTED_3CLASS,PyTorch/torchvision,faithful three-class task-adapted reimplementation,7777,S000488,RFMID,NORMAL,NORMAL,1,9.725087875267491e-05,1.2713340424852504e-07,0.999902606010437,4
HOGCNN_EFFICIENTNETB3_ADAPTED_3CLASS,PyTorch/torchvision,faithful three-class task-adapted reimplementation,7777,S000492,RFMID,NORMAL,NORMAL,1,2.0866398699581623e-05,1.1580928571675031e-07,0.9999790191650391,4
HOGCNN_EFFICIENTNETB3_ADAPTED_3CLASS,PyTorch/torchvision,faithful three-class task-adapted reimplementation,7777,S000501,RFMID,NORMAL,NORMAL,1,0.0007468429976142943,1.5863957969486364e-06,0.9992515444755554,4
HOGCNN_EFFICIENTNETB3_ADAPTED_3CLASS,PyTorch/torchvision,faithful three-class task-adapted reimplementation,7777,S000511,RFMID,NORMAL,NORMAL,1,0.0001934335014084354,7.177292218329967e-07,0.9998058676719666,4
HOGCNN_EFFICIENTNETB3_ADAPTED_3CLASS,PyTorch/torchvision,faithful three-class task-adapted reimplementation,7777,S000520,RFMID,NORMAL,NORMAL,1,3.6571573218679987e-06,7.644193722455839e-09,0.9999963045120239,4
HOGCNN_EFFICIENTNETB3_ADAPTED_3CLASS,PyTorch/torchvision,faithful three-class task-adapted reimplementation,7777,S000528,RFMID,NORMAL,NORMAL,1,2.3181355572887696e-05,4.645060158736669e-08,0.9999768733978271,4
HOGCNN_EFFICIENTNETB3_ADAPTED_3CLASS,PyTorch/torchvision,faithful three-class task-adapted reimplementation,7777,S000531,RFMID,NORMAL,NORMAL,1,0.00778048625215888,5.233491538092494e-05,0.9921671748161316,4
HOGCNN_EFFICIENTNETB3_ADAPTED_3CLASS,PyTorch/torchvision,faithful three-class task-adapted reimplementation,7777,S000532,RFMID,NORMAL,NORMAL,1,0.02313976176083088,0.011396841146051884,0.9654633402824402,4
HOGCNN_EFFICIENTNETB3_ADAPTED_3CLASS,PyTorch/torchvision,faithful three-class task-adapted reimplementation,7777,S000533,RFMID,NORMAL,NORMAL,1,7.022923819022253e-05,7.221310056593211e-07,0.9999290704727173,4
HOGCNN_EFFICIENTNETB3_ADAPTED_3CLASS,PyTorch/torchvision,faithful three-class task-adapted reimplementation,7777,S000535,RFMID,NORMAL,NORMAL,1,0.05651099234819412,0.04385604336857796,0.8996328711509705,4
HOGCNN_EFFICIENTNETB3_ADAPTED_3CLASS,PyTorch/torchvision,faithful three-class task-adapted reimplementation,7777,S000539,RFMID,AMD_DRY,AMD_WET,0,0.00016526014951523393,0.9997416138648987,9.313080227002501e-05,4
HOGCNN_EFFICIENTNETB3_ADAPTED_3CLASS,PyTorch/torchvision,faithful three-class task-adapted reimplementation,7777,S000543,RFMID,AMD_DRY,AMD_WET,0,0.001192233175970614,0.9987945556640625,1.3228829629952088e-05,4
HOGCNN_EFFICIENTNETB3_ADAPTED_3CLASS,PyTorch/torchvision,faithful three-class task-adapted reimplementation,7777,S000548,RFMID,AMD_WET,AMD_WET,1,0.0003773753414861858,0.9995529055595398,6.970267713768408e-05,4
HOGCNN_EFFICIENTNETB3_ADAPTED_3CLASS,PyTorch/torchvision,faithful three-class task-adapted reimplementation,7777,S000550,RFMID,AMD_WET,AMD_WET,1,9.030490218719933e-06,0.9999909400939941,8.047747712680575e-08,4
HOGCNN_EFFICIENTNETB3_ADAPTED_3CLASS,PyTorch/torchvision,faithful three-class task-adapted reimplementation,7777,S000551,RFMID,AMD_WET,AMD_WET,1,4.067876406815135e-13,1.0,2.078224558725106e-15,4
HOGCNN_EFFICIENTNETB3_ADAPTED_3CLASS,PyTorch/torchvision,faithful three-class task-adapted reimplementation,7777,S000558,RFMID,AMD_WET,AMD_WET,1,1.3295590406414703e-07,0.9999998807907104,5.6953273208648625e-09,4
HOGCNN_EFFICIENTNETB3_ADAPTED_3CLASS,PyTorch/torchvision,faithful three-class task-adapted reimplementation,7777,S000566,RFMID,AMD_WET,AMD_WET,1,1.0186268934123262e-15,1.0,6.268967770426044e-18,4
HOGCNN_EFFICIENTNETB3_ADAPTED_3CLASS,PyTorch/torchvision,faithful three-class task-adapted reimplementation,7777,S000575,RFMID,AMD_WET,AMD_WET,1,2.6112406885658856e-06,0.9999972581863403,1.2096705859221402e-07,4
HOGCNN_EFFICIENTNETB3_ADAPTED_3CLASS,PyTorch/torchvision,faithful three-class task-adapted reimplementation,7777,S000579,RFMID,AMD_WET,AMD_WET,1,1.3887332897866145e-05,0.9999853372573853,7.701558502049011e-07,4
HOGCNN_EFFICIENTNETB3_ADAPTED_3CLASS,PyTorch/torchvision,faithful three-class task-adapted reimplementation,7777,S000582,RFMID,AMD_WET,AMD_WET,1,6.295245086936768e-14,1.0,3.830015325072614e-15,4
HOGCNN_EFFICIENTNETB3_ADAPTED_3CLASS,PyTorch/torchvision,faithful three-class task-adapted reimplementation,7777,S000590,RFMID,AMD_WET,AMD_WET,1,0.0012597970198839903,0.9987322688102722,7.921697033452801e-06,4
HOGCNN_EFFICIENTNETB3_ADAPTED_3CLASS,PyTorch/torchvision,faithful three-class task-adapted reimplementation,7777,S000592,RFMID,AMD_WET,AMD_WET,1,0.0019403917249292135,0.9979926347732544,6.7006258177571e-05,4
HOGCNN_EFFICIENTNETB3_ADAPTED_3CLASS,PyTorch/torchvision,faithful three-class task-adapted reimplementation,7777,S000597,RFMID,AMD_WET,AMD_WET,1,0.0004889646079391241,0.999479353427887,3.16552868753206e-05,4
HOGCNN_EFFICIENTNETB3_ADAPTED_3CLASS,PyTorch/torchvision,faithful three-class task-adapted reimplementation,7777,S000004,ADAM,AMD_DRY,AMD_DRY,1,0.9989437460899353,4.417792752064997e-06,0.0010518410708755255,5
HOGCNN_EFFICIENTNETB3_ADAPTED_3CLASS,PyTorch/torchvision,faithful three-class task-adapted reimplementation,7777,S000007,ADAM,AMD_DRY,AMD_DRY,1,0.9801849722862244,0.019037233665585518,0.0007777996943332255,5
HOGCNN_EFFICIENTNETB3_ADAPTED_3CLASS,PyTorch/torchvision,faithful three-class task-adapted reimplementation,7777,S000008,ADAM,AMD_DRY,AMD_WET,0,0.293681263923645,0.6732190847396851,0.03309965506196022,5
HOGCNN_EFFICIENTNETB3_ADAPTED_3CLASS,PyTorch/torchvision,faithful three-class task-adapted reimplementation,7777,S000017,ADAM,AMD_DRY,AMD_DRY,1,0.9996845722198486,0.00026475326740182936,5.0636233936529607e-05,5
HOGCNN_EFFICIENTNETB3_ADAPTED_3CLASS,PyTorch/torchvision,faithful three-class task-adapted reimplementation,7777,S000022,ADAM,AMD_DRY,AMD_DRY,1,0.9559730291366577,0.00408325856551528,0.03994376212358475,5
HOGCNN_EFFICIENTNETB3_ADAPTED_3CLASS,PyTorch/torchvision,faithful three-class task-adapted reimplementation,7777,S000029,ADAM,AMD_DRY,AMD_DRY,1,0.9990271329879761,3.596462920540944e-05,0.0009369528852403164,5
HOGCNN_EFFICIENTNETB3_ADAPTED_3CLASS,PyTorch/torchvision,faithful three-class task-adapted reimplementation,7777,S000035,ADAM,AMD_DRY,AMD_DRY,1,0.7753984928131104,0.1799333244562149,0.04466827213764191,5
HOGCNN_EFFICIENTNETB3_ADAPTED_3CLASS,PyTorch/torchvision,faithful three-class task-adapted reimplementation,7777,S000046,ADAM,AMD_WET,AMD_WET,1,0.245939239859581,0.7526207566261292,0.0014399911742657423,5
HOGCNN_EFFICIENTNETB3_ADAPTED_3CLASS,PyTorch/torchvision,faithful three-class task-adapted reimplementation,7777,S000048,ADAM,AMD_WET,AMD_WET,1,0.011111993342638016,0.9888523817062378,3.559681499609724e-05,5
HOGCNN_EFFICIENTNETB3_ADAPTED_3CLASS,PyTorch/torchvision,faithful three-class task-adapted reimplementation,7777,S000052,ADAM,AMD_WET,AMD_WET,1,0.012677833437919617,0.9862580299377441,0.0010640955297276378,5
HOGCNN_EFFICIENTNETB3_ADAPTED_3CLASS,PyTorch/torchvision,faithful three-class task-adapted reimplementation,7777,S000055,FIVES,NORMAL,NORMAL,1,0.012792390771210194,6.366711750160903e-05,0.9871439337730408,5
HOGCNN_EFFICIENTNETB3_ADAPTED_3CLASS,PyTorch/torchvision,faithful three-class task-adapted reimplementation,7777,S000056,FIVES,NORMAL,NORMAL,1,0.0037642838433384895,1.8446185094944667e-06,0.9962338805198669,5
HOGCNN_EFFICIENTNETB3_ADAPTED_3CLASS,PyTorch/torchvision,faithful three-class task-adapted reimplementation,7777,S000078,FIVES,NORMAL,NORMAL,1,0.0017566814785823226,2.099342566452833e-07,0.9982430934906006,5
HOGCNN_EFFICIENTNETB3_ADAPTED_3CLASS,PyTorch/torchvision,faithful three-class task-adapted reimplementation,7777,S000079,FIVES,NORMAL,NORMAL,1,0.00404487457126379,2.3205130617043324e-07,0.9959548711776733,5
HOGCNN_EFFICIENTNETB3_ADAPTED_3CLASS,PyTorch/torchvision,faithful three-class task-adapted reimplementation,7777,S000088,FIVES,NORMAL,NORMAL,1,0.02202148176729679,2.3168693587649614e-05,0.9779552817344666,5
HOGCNN_EFFICIENTNETB3_ADAPTED_3CLASS,PyTorch/torchvision,faithful three-class task-adapted reimplementation,7777,S000095,FIVES,NORMAL,NORMAL,1,0.014598039910197258,2.66332681349013e-05,0.9853752851486206,5
HOGCNN_EFFICIENTNETB3_ADAPTED_3CLASS,PyTorch/torchvision,faithful three-class task-adapted reimplementation,7777,S000096,FIVES,NORMAL,NORMAL,1,0.010050167329609394,1.8406065009912709e-06,0.9899479150772095,5
HOGCNN_EFFICIENTNETB3_ADAPTED_3CLASS,PyTorch/torchvision,faithful three-class task-adapted reimplementation,7777,S000097,FIVES,NORMAL,NORMAL,1,0.013506283983588219,0.00013418874004855752,0.9863595366477966,5
HOGCNN_EFFICIENTNETB3_ADAPTED_3CLASS,PyTorch/torchvision,faithful three-class task-adapted reimplementation,7777,S000103,FIVES,NORMAL,NORMAL,1,0.0046283346600830555,8.493557857036649e-07,0.9953708052635193,5
HOGCNN_EFFICIENTNETB3_ADAPTED_3CLASS,PyTorch/torchvision,faithful three-class task-adapted reimplementation,7777,S000109,FIVES,NORMAL,NORMAL,1,0.001452737022191286,3.292144157285293e-08,0.9985472559928894,5
HOGCNN_EFFICIENTNETB3_ADAPTED_3CLASS,PyTorch/torchvision,faithful three-class task-adapted reimplementation,7777,S000117,FIVES,NORMAL,NORMAL,1,0.012418731115758419,6.645387657044921e-06,0.9875746369361877,5
HOGCNN_EFFICIENTNETB3_ADAPTED_3CLASS,PyTorch/torchvision,faithful three-class task-adapted reimplementation,7777,S000118,FIVES,NORMAL,NORMAL,1,0.0032525816932320595,2.524219269162131e-07,0.9967471361160278,5
HOGCNN_EFFICIENTNETB3_ADAPTED_3CLASS,PyTorch/torchvision,faithful three-class task-adapted reimplementation,7777,S000119,FIVES,NORMAL,NORMAL,1,0.009402680210769176,1.888946940198366e-06,0.9905954599380493,5
HOGCNN_EFFICIENTNETB3_ADAPTED_3CLASS,PyTorch/torchvision,faithful three-class task-adapted reimplementation,7777,S000125,FIVES,NORMAL,NORMAL,1,0.0011498266831040382,1.8696242776172767e-08,0.9988501071929932,5
HOGCNN_EFFICIENTNETB3_ADAPTED_3CLASS,PyTorch/torchvision,faithful three-class task-adapted reimplementation,7777,S000128,FIVES,NORMAL,NORMAL,1,0.013460064306855202,1.8535070921643637e-05,0.9865213632583618,5
HOGCNN_EFFICIENTNETB3_ADAPTED_3CLASS,PyTorch/torchvision,faithful three-class task-adapted reimplementation,7777,S000130,FIVES,NORMAL,NORMAL,1,0.01415550522506237,3.0868347948853625e-06,0.9858415126800537,5
HOGCNN_EFFICIENTNETB3_ADAPTED_3CLASS,PyTorch/torchvision,faithful three-class task-adapted reimplementation,7777,S000133,FIVES,NORMAL,NORMAL,1,0.013035690411925316,3.3305768738500774e-06,0.9869610071182251,5
HOGCNN_EFFICIENTNETB3_ADAPTED_3CLASS,PyTorch/torchvision,faithful three-class task-adapted reimplementation,7777,S000141,FIVES,NORMAL,NORMAL,1,0.005776844918727875,6.933618692528398e-07,0.9942224621772766,5
HOGCNN_EFFICIENTNETB3_ADAPTED_3CLASS,PyTorch/torchvision,faithful three-class task-adapted reimplementation,7777,S000145,FIVES,NORMAL,NORMAL,1,0.002586169634014368,2.535739724862651e-07,0.9974135756492615,5
HOGCNN_EFFICIENTNETB3_ADAPTED_3CLASS,PyTorch/torchvision,faithful three-class task-adapted reimplementation,7777,S000151,FIVES,NORMAL,NORMAL,1,0.0199463851749897,3.2224663300439715e-05,0.9800214171409607,5
HOGCNN_EFFICIENTNETB3_ADAPTED_3CLASS,PyTorch/torchvision,faithful three-class task-adapted reimplementation,7777,S000155,FIVES,AMD_DRY,AMD_DRY,1,0.9979121088981628,0.001986064715310931,0.00010177570948144421,5
HOGCNN_EFFICIENTNETB3_ADAPTED_3CLASS,PyTorch/torchvision,faithful three-class task-adapted reimplementation,7777,S000163,FIVES,AMD_DRY,AMD_DRY,1,0.9996956586837769,0.0002510941412765533,5.329289706423879e-05,5
HOGCNN_EFFICIENTNETB3_ADAPTED_3CLASS,PyTorch/torchvision,faithful three-class task-adapted reimplementation,7777,S000164,FIVES,AMD_DRY,AMD_DRY,1,0.9994378685951233,0.0004101920931134373,0.00015196575259324163,5
HOGCNN_EFFICIENTNETB3_ADAPTED_3CLASS,PyTorch/torchvision,faithful three-class task-adapted reimplementation,7777,S000168,FIVES,AMD_WET,AMD_WET,1,0.03694934770464897,0.962683916091919,0.00036676001036539674,5
HOGCNN_EFFICIENTNETB3_ADAPTED_3CLASS,PyTorch/torchvision,faithful three-class task-adapted reimplementation,7777,S000169,FIVES,AMD_WET,AMD_WET,1,0.002578793792054057,0.9972658157348633,0.00015540191088803113,5
HOGCNN_EFFICIENTNETB3_ADAPTED_3CLASS,PyTorch/torchvision,faithful three-class task-adapted reimplementation,7777,S000176,FIVES,AMD_WET,AMD_DRY,0,0.9231128692626953,0.07496959716081619,0.0019175073830410838,5
HOGCNN_EFFICIENTNETB3_ADAPTED_3CLASS,PyTorch/torchvision,faithful three-class task-adapted reimplementation,7777,S000191,FIVES,AMD_WET,AMD_WET,1,0.0022069683764129877,0.9977501034736633,4.297601117286831e-05,5
HOGCNN_EFFICIENTNETB3_ADAPTED_3CLASS,PyTorch/torchvision,faithful three-class task-adapted reimplementation,7777,S000194,FIVES,AMD_WET,AMD_WET,1,0.00011035933130187914,0.9998873472213745,2.2722290395904565e-06,5
HOGCNN_EFFICIENTNETB3_ADAPTED_3CLASS,PyTorch/torchvision,faithful three-class task-adapted reimplementation,7777,S000195,FIVES,AMD_WET,AMD_WET,1,8.452715701423585e-05,0.9999134540557861,1.976870180442347e-06,5
HOGCNN_EFFICIENTNETB3_ADAPTED_3CLASS,PyTorch/torchvision,faithful three-class task-adapted reimplementation,7777,S000202,FIVES,AMD_WET,AMD_WET,1,0.0006639973144046962,0.999327540397644,8.534044354746584e-06,5
HOGCNN_EFFICIENTNETB3_ADAPTED_3CLASS,PyTorch/torchvision,faithful three-class task-adapted reimplementation,7777,S000211,FIVES,AMD_WET,AMD_WET,1,0.008417799137532711,0.9911367893218994,0.0004454357549548149,5
HOGCNN_EFFICIENTNETB3_ADAPTED_3CLASS,PyTorch/torchvision,faithful three-class task-adapted reimplementation,7777,S000215,FIVES,AMD_WET,AMD_WET,1,0.0010863731149584055,0.9988824725151062,3.115689833066426e-05,5
HOGCNN_EFFICIENTNETB3_ADAPTED_3CLASS,PyTorch/torchvision,faithful three-class task-adapted reimplementation,7777,S000217,FIVES,AMD_WET,AMD_DRY,0,0.8430310487747192,0.15594518184661865,0.0010237343376502395,5
HOGCNN_EFFICIENTNETB3_ADAPTED_3CLASS,PyTorch/torchvision,faithful three-class task-adapted reimplementation,7777,S000229,FIVES,AMD_WET,AMD_WET,1,0.03557799383997917,0.9625664949417114,0.0018554793205112219,5
HOGCNN_EFFICIENTNETB3_ADAPTED_3CLASS,PyTorch/torchvision,faithful three-class task-adapted reimplementation,7777,S000232,FIVES,AMD_WET,AMD_DRY,0,0.9736247658729553,0.024745624512434006,0.0016295553650707006,5
HOGCNN_EFFICIENTNETB3_ADAPTED_3CLASS,PyTorch/torchvision,faithful three-class task-adapted reimplementation,7777,S000235,FIVES,AMD_WET,AMD_WET,1,0.0005464571877382696,0.9994483590126038,5.222723757469794e-06,5
HOGCNN_EFFICIENTNETB3_ADAPTED_3CLASS,PyTorch/torchvision,faithful three-class task-adapted reimplementation,7777,S000236,FIVES,AMD_WET,AMD_WET,1,0.2796078324317932,0.7145864963531494,0.005805725697427988,5
HOGCNN_EFFICIENTNETB3_ADAPTED_3CLASS,PyTorch/torchvision,faithful three-class task-adapted reimplementation,7777,S000254,ODIR,NORMAL,NORMAL,1,0.0016903653740882874,4.756005012040987e-08,0.9983096122741699,5
HOGCNN_EFFICIENTNETB3_ADAPTED_3CLASS,PyTorch/torchvision,faithful three-class task-adapted reimplementation,7777,S000262,ODIR,NORMAL,NORMAL,1,0.008913817815482616,7.589747383462964e-06,0.9910785555839539,5
HOGCNN_EFFICIENTNETB3_ADAPTED_3CLASS,PyTorch/torchvision,faithful three-class task-adapted reimplementation,7777,S000271,ODIR,NORMAL,NORMAL,1,0.04007590189576149,1.5584747643515584e-06,0.9599224925041199,5
HOGCNN_EFFICIENTNETB3_ADAPTED_3CLASS,PyTorch/torchvision,faithful three-class task-adapted reimplementation,7777,S000272,ODIR,NORMAL,NORMAL,1,0.01875082403421402,1.4666811694041826e-06,0.9812476634979248,5
HOGCNN_EFFICIENTNETB3_ADAPTED_3CLASS,PyTorch/torchvision,faithful three-class task-adapted reimplementation,7777,S000279,ODIR,NORMAL,NORMAL,1,0.1598445326089859,9.792754099180456e-06,0.8401456475257874,5
HOGCNN_EFFICIENTNETB3_ADAPTED_3CLASS,PyTorch/torchvision,faithful three-class task-adapted reimplementation,7777,S000280,ODIR,NORMAL,NORMAL,1,0.0038986108265817165,1.0503164560304867e-07,0.9961012601852417,5
HOGCNN_EFFICIENTNETB3_ADAPTED_3CLASS,PyTorch/torchvision,faithful three-class task-adapted reimplementation,7777,S000281,ODIR,NORMAL,NORMAL,1,0.006409965921193361,5.600577878794866e-06,0.9935844540596008,5
HOGCNN_EFFICIENTNETB3_ADAPTED_3CLASS,PyTorch/torchvision,faithful three-class task-adapted reimplementation,7777,S000288,ODIR,NORMAL,NORMAL,1,0.07773596048355103,0.00011121438728878275,0.9221527576446533,5
HOGCNN_EFFICIENTNETB3_ADAPTED_3CLASS,PyTorch/torchvision,faithful three-class task-adapted reimplementation,7777,S000289,ODIR,NORMAL,NORMAL,1,0.0012300238013267517,1.5595839286675073e-08,0.9987699389457703,5
HOGCNN_EFFICIENTNETB3_ADAPTED_3CLASS,PyTorch/torchvision,faithful three-class task-adapted reimplementation,7777,S000294,ODIR,NORMAL,NORMAL,1,0.004059038124978542,2.477640919096302e-07,0.9959408044815063,5
HOGCNN_EFFICIENTNETB3_ADAPTED_3CLASS,PyTorch/torchvision,faithful three-class task-adapted reimplementation,7777,S000303,ODIR,NORMAL,NORMAL,1,0.005424045026302338,6.519902626678231e-07,0.9945753812789917,5
HOGCNN_EFFICIENTNETB3_ADAPTED_3CLASS,PyTorch/torchvision,faithful three-class task-adapted reimplementation,7777,S000304,ODIR,NORMAL,NORMAL,1,0.03966345265507698,8.030776371015236e-06,0.9603285193443298,5
HOGCNN_EFFICIENTNETB3_ADAPTED_3CLASS,PyTorch/torchvision,faithful three-class task-adapted reimplementation,7777,S000305,ODIR,NORMAL,NORMAL,1,0.003670325968414545,8.578592201047286e-07,0.9963288903236389,5
HOGCNN_EFFICIENTNETB3_ADAPTED_3CLASS,PyTorch/torchvision,faithful three-class task-adapted reimplementation,7777,S000311,ODIR,NORMAL,NORMAL,1,0.0326053649187088,1.123642323364038e-05,0.9673835039138794,5
HOGCNN_EFFICIENTNETB3_ADAPTED_3CLASS,PyTorch/torchvision,faithful three-class task-adapted reimplementation,7777,S000312,ODIR,NORMAL,NORMAL,1,0.011326240375638008,1.1637780517048668e-06,0.9886725544929504,5
HOGCNN_EFFICIENTNETB3_ADAPTED_3CLASS,PyTorch/torchvision,faithful three-class task-adapted reimplementation,7777,S000313,ODIR,NORMAL,NORMAL,1,0.01646612212061882,3.140776016152813e-06,0.9835307002067566,5
HOGCNN_EFFICIENTNETB3_ADAPTED_3CLASS,PyTorch/torchvision,faithful three-class task-adapted reimplementation,7777,S000315,ODIR,NORMAL,NORMAL,1,0.014267392456531525,1.1401314026215914e-07,0.9857324957847595,5
HOGCNN_EFFICIENTNETB3_ADAPTED_3CLASS,PyTorch/torchvision,faithful three-class task-adapted reimplementation,7777,S000320,ODIR,NORMAL,NORMAL,1,0.030172014608979225,6.673787083855132e-06,0.9698212742805481,5
HOGCNN_EFFICIENTNETB3_ADAPTED_3CLASS,PyTorch/torchvision,faithful three-class task-adapted reimplementation,7777,S000332,ODIR,NORMAL,NORMAL,1,0.19784393906593323,0.0006394741940312088,0.8015165328979492,5
HOGCNN_EFFICIENTNETB3_ADAPTED_3CLASS,PyTorch/torchvision,faithful three-class task-adapted reimplementation,7777,S000335,ODIR,NORMAL,NORMAL,1,0.005258181132376194,1.3631687352244626e-06,0.9947405457496643,5
HOGCNN_EFFICIENTNETB3_ADAPTED_3CLASS,PyTorch/torchvision,faithful three-class task-adapted reimplementation,7777,S000341,ODIR,NORMAL,NORMAL,1,0.002361627295613289,2.0069761319518875e-07,0.9976381063461304,5
HOGCNN_EFFICIENTNETB3_ADAPTED_3CLASS,PyTorch/torchvision,faithful three-class task-adapted reimplementation,7777,S000343,ODIR,NORMAL,NORMAL,1,0.02002914994955063,9.35465232032584e-06,0.9799615144729614,5
HOGCNN_EFFICIENTNETB3_ADAPTED_3CLASS,PyTorch/torchvision,faithful three-class task-adapted reimplementation,7777,S000346,ODIR,NORMAL,NORMAL,1,0.00883728638291359,1.5920755913612084e-07,0.9911625385284424,5
HOGCNN_EFFICIENTNETB3_ADAPTED_3CLASS,PyTorch/torchvision,faithful three-class task-adapted reimplementation,7777,S000355,ODIR,NORMAL,NORMAL,1,0.05422143638134003,3.825821113423444e-05,0.9457403421401978,5
HOGCNN_EFFICIENTNETB3_ADAPTED_3CLASS,PyTorch/torchvision,faithful three-class task-adapted reimplementation,7777,S000358,ODIR,NORMAL,NORMAL,1,0.060731928795576096,0.0002552131190896034,0.9390128254890442,5
HOGCNN_EFFICIENTNETB3_ADAPTED_3CLASS,PyTorch/torchvision,faithful three-class task-adapted reimplementation,7777,S000376,ODIR,AMD_DRY,AMD_DRY,1,0.9986097812652588,0.0008684106287546456,0.0005217590951360762,5
HOGCNN_EFFICIENTNETB3_ADAPTED_3CLASS,PyTorch/torchvision,faithful three-class task-adapted reimplementation,7777,S000384,ODIR,AMD_DRY,AMD_DRY,1,0.97807776927948,0.016714610159397125,0.005207591224461794,5
HOGCNN_EFFICIENTNETB3_ADAPTED_3CLASS,PyTorch/torchvision,faithful three-class task-adapted reimplementation,7777,S000385,ODIR,AMD_DRY,AMD_DRY,1,0.999874472618103,9.898119606077671e-05,2.662640872586053e-05,5
HOGCNN_EFFICIENTNETB3_ADAPTED_3CLASS,PyTorch/torchvision,faithful three-class task-adapted reimplementation,7777,S000386,ODIR,AMD_DRY,AMD_DRY,1,0.9999122619628906,7.464311056537554e-05,1.3116493391862605e-05,5
HOGCNN_EFFICIENTNETB3_ADAPTED_3CLASS,PyTorch/torchvision,faithful three-class task-adapted reimplementation,7777,S000393,ODIR,AMD_DRY,AMD_DRY,1,0.9953304529190063,0.00426638824865222,0.0004031714634038508,5
HOGCNN_EFFICIENTNETB3_ADAPTED_3CLASS,PyTorch/torchvision,faithful three-class task-adapted reimplementation,7777,S000400,ODIR,AMD_DRY,AMD_WET,0,0.46706607937812805,0.52965247631073,0.0032814089208841324,5
HOGCNN_EFFICIENTNETB3_ADAPTED_3CLASS,PyTorch/torchvision,faithful three-class task-adapted reimplementation,7777,S000401,ODIR,AMD_DRY,AMD_DRY,1,0.9978723526000977,0.0015896938275545835,0.0005379639915190637,5
HOGCNN_EFFICIENTNETB3_ADAPTED_3CLASS,PyTorch/torchvision,faithful three-class task-adapted reimplementation,7777,S000403,ODIR,AMD_DRY,AMD_DRY,1,0.9999582767486572,2.840681918314658e-05,1.337936737400014e-05,5
HOGCNN_EFFICIENTNETB3_ADAPTED_3CLASS,PyTorch/torchvision,faithful three-class task-adapted reimplementation,7777,S000410,ODIR,AMD_DRY,AMD_DRY,1,0.9998905658721924,9.298358781961724e-05,1.642747338337358e-05,5
HOGCNN_EFFICIENTNETB3_ADAPTED_3CLASS,PyTorch/torchvision,faithful three-class task-adapted reimplementation,7777,S000419,ODIR,AMD_DRY,AMD_DRY,1,0.9713093042373657,0.02474910579621792,0.003941630478948355,5
HOGCNN_EFFICIENTNETB3_ADAPTED_3CLASS,PyTorch/torchvision,faithful three-class task-adapted reimplementation,7777,S000420,ODIR,AMD_DRY,AMD_DRY,1,0.9964752793312073,0.0014607179909944534,0.0020639090798795223,5
HOGCNN_EFFICIENTNETB3_ADAPTED_3CLASS,PyTorch/torchvision,faithful three-class task-adapted reimplementation,7777,S000425,ODIR,AMD_DRY,AMD_DRY,1,0.9107760190963745,7.181993714766577e-05,0.08915217965841293,5
HOGCNN_EFFICIENTNETB3_ADAPTED_3CLASS,PyTorch/torchvision,faithful three-class task-adapted reimplementation,7777,S000427,ODIR,AMD_DRY,AMD_DRY,1,0.993213415145874,0.00033930386416614056,0.006447264458984137,5
HOGCNN_EFFICIENTNETB3_ADAPTED_3CLASS,PyTorch/torchvision,faithful three-class task-adapted reimplementation,7777,S000430,ODIR,AMD_DRY,AMD_DRY,1,0.9985195994377136,0.0012306005228310823,0.0002498345565982163,5
HOGCNN_EFFICIENTNETB3_ADAPTED_3CLASS,PyTorch/torchvision,faithful three-class task-adapted reimplementation,7777,S000438,ODIR,AMD_DRY,AMD_DRY,1,0.9989676475524902,0.0009079089504666626,0.00012444450112525374,5
HOGCNN_EFFICIENTNETB3_ADAPTED_3CLASS,PyTorch/torchvision,faithful three-class task-adapted reimplementation,7777,S000443,ODIR,AMD_DRY,AMD_DRY,1,0.9975941777229309,0.0022807742934674025,0.00012501825403887779,5
HOGCNN_EFFICIENTNETB3_ADAPTED_3CLASS,PyTorch/torchvision,faithful three-class task-adapted reimplementation,7777,S000449,ODIR,AMD_WET,AMD_WET,1,0.00010691414354369044,0.999890923500061,2.0946529275533976e-06,5
HOGCNN_EFFICIENTNETB3_ADAPTED_3CLASS,PyTorch/torchvision,faithful three-class task-adapted reimplementation,7777,S000451,ODIR,AMD_WET,AMD_WET,1,0.015455571003258228,0.9845290780067444,1.541824167361483e-05,5
HOGCNN_EFFICIENTNETB3_ADAPTED_3CLASS,PyTorch/torchvision,faithful three-class task-adapted reimplementation,7777,S000462,ODIR,AMD_WET,AMD_DRY,0,0.5520997047424316,0.44435304403305054,0.0035472449380904436,5
HOGCNN_EFFICIENTNETB3_ADAPTED_3CLASS,PyTorch/torchvision,faithful three-class task-adapted reimplementation,7777,S000469,ODIR,AMD_WET,AMD_DRY,0,0.5875529646873474,0.39943012595176697,0.013016910292208195,5
HOGCNN_EFFICIENTNETB3_ADAPTED_3CLASS,PyTorch/torchvision,faithful three-class task-adapted reimplementation,7777,S000471,ODIR,AMD_WET,AMD_DRY,0,0.9902364611625671,0.008660850115120411,0.0011026618303731084,5
HOGCNN_EFFICIENTNETB3_ADAPTED_3CLASS,PyTorch/torchvision,faithful three-class task-adapted reimplementation,7777,S000474,RFMID,NORMAL,NORMAL,1,0.009133399464190006,1.879333285614848e-05,0.9908478260040283,5
HOGCNN_EFFICIENTNETB3_ADAPTED_3CLASS,PyTorch/torchvision,faithful three-class task-adapted reimplementation,7777,S000475,RFMID,NORMAL,NORMAL,1,0.01897803321480751,2.8593160095624626e-05,0.9809932708740234,5
HOGCNN_EFFICIENTNETB3_ADAPTED_3CLASS,PyTorch/torchvision,faithful three-class task-adapted reimplementation,7777,S000479,RFMID,NORMAL,NORMAL,1,0.01690058968961239,1.4517269846692216e-05,0.9830848574638367,5
HOGCNN_EFFICIENTNETB3_ADAPTED_3CLASS,PyTorch/torchvision,faithful three-class task-adapted reimplementation,7777,S000483,RFMID,NORMAL,NORMAL,1,0.01271934062242508,1.4718909369548783e-05,0.987265944480896,5
HOGCNN_EFFICIENTNETB3_ADAPTED_3CLASS,PyTorch/torchvision,faithful three-class task-adapted reimplementation,7777,S000487,RFMID,NORMAL,NORMAL,1,0.040309689939022064,6.582376045116689e-06,0.9596835970878601,5
HOGCNN_EFFICIENTNETB3_ADAPTED_3CLASS,PyTorch/torchvision,faithful three-class task-adapted reimplementation,7777,S000489,RFMID,NORMAL,NORMAL,1,0.005900817457586527,3.66476569979568e-06,0.9940954446792603,5
HOGCNN_EFFICIENTNETB3_ADAPTED_3CLASS,PyTorch/torchvision,faithful three-class task-adapted reimplementation,7777,S000495,RFMID,NORMAL,NORMAL,1,0.01853398233652115,2.1582884073723108e-05,0.9814444780349731,5
HOGCNN_EFFICIENTNETB3_ADAPTED_3CLASS,PyTorch/torchvision,faithful three-class task-adapted reimplementation,7777,S000496,RFMID,NORMAL,NORMAL,1,0.010856004431843758,3.715508501045406e-05,0.9891068339347839,5
HOGCNN_EFFICIENTNETB3_ADAPTED_3CLASS,PyTorch/torchvision,faithful three-class task-adapted reimplementation,7777,S000503,RFMID,NORMAL,NORMAL,1,0.0072135841473937035,3.346149469507509e-06,0.9927830696105957,5
HOGCNN_EFFICIENTNETB3_ADAPTED_3CLASS,PyTorch/torchvision,faithful three-class task-adapted reimplementation,7777,S000513,RFMID,NORMAL,NORMAL,1,0.005415025632828474,6.950172632969043e-07,0.9945842623710632,5
HOGCNN_EFFICIENTNETB3_ADAPTED_3CLASS,PyTorch/torchvision,faithful three-class task-adapted reimplementation,7777,S000519,RFMID,NORMAL,NORMAL,1,0.005753305274993181,5.56564657472336e-07,0.9942460656166077,5
HOGCNN_EFFICIENTNETB3_ADAPTED_3CLASS,PyTorch/torchvision,faithful three-class task-adapted reimplementation,7777,S000525,RFMID,NORMAL,NORMAL,1,0.07408317923545837,0.00012201135541545227,0.925794780254364,5
HOGCNN_EFFICIENTNETB3_ADAPTED_3CLASS,PyTorch/torchvision,faithful three-class task-adapted reimplementation,7777,S000526,RFMID,NORMAL,NORMAL,1,0.017324136570096016,3.576688322937116e-05,0.9826400876045227,5
HOGCNN_EFFICIENTNETB3_ADAPTED_3CLASS,PyTorch/torchvision,faithful three-class task-adapted reimplementation,7777,S000536,RFMID,AMD_DRY,AMD_DRY,1,0.7135593295097351,0.2640930414199829,0.02234766259789467,5
HOGCNN_EFFICIENTNETB3_ADAPTED_3CLASS,PyTorch/torchvision,faithful three-class task-adapted reimplementation,7777,S000538,RFMID,AMD_DRY,AMD_WET,0,0.02011871337890625,0.9776720404624939,0.0022092130966484547,5
HOGCNN_EFFICIENTNETB3_ADAPTED_3CLASS,PyTorch/torchvision,faithful three-class task-adapted reimplementation,7777,S000547,RFMID,AMD_WET,AMD_DRY,0,0.7462791800498962,0.2138451337814331,0.03987572714686394,5
HOGCNN_EFFICIENTNETB3_ADAPTED_3CLASS,PyTorch/torchvision,faithful three-class task-adapted reimplementation,7777,S000554,RFMID,AMD_WET,AMD_WET,1,0.000115706461656373,0.9998779296875,6.334247245831648e-06,5
HOGCNN_EFFICIENTNETB3_ADAPTED_3CLASS,PyTorch/torchvision,faithful three-class task-adapted reimplementation,7777,S000556,RFMID,AMD_WET,AMD_WET,1,0.003288400825113058,0.9964560866355896,0.0002554673992563039,5
HOGCNN_EFFICIENTNETB3_ADAPTED_3CLASS,PyTorch/torchvision,faithful three-class task-adapted reimplementation,7777,S000567,RFMID,AMD_WET,AMD_DRY,0,0.8766527771949768,0.11831866949796677,0.005028618033975363,5
HOGCNN_EFFICIENTNETB3_ADAPTED_3CLASS,PyTorch/torchvision,faithful three-class task-adapted reimplementation,7777,S000570,RFMID,AMD_WET,AMD_WET,1,0.02086734212934971,0.9778977036476135,0.001234963070601225,5
HOGCNN_EFFICIENTNETB3_ADAPTED_3CLASS,PyTorch/torchvision,faithful three-class task-adapted reimplementation,7777,S000574,RFMID,AMD_WET,AMD_WET,1,0.2670800983905792,0.7325976490974426,0.00032228900818154216,5
HOGCNN_EFFICIENTNETB3_ADAPTED_3CLASS,PyTorch/torchvision,faithful three-class task-adapted reimplementation,7777,S000577,RFMID,AMD_WET,AMD_WET,1,0.0027556491550058126,0.997032642364502,0.0002117159019690007,5
HOGCNN_EFFICIENTNETB3_ADAPTED_3CLASS,PyTorch/torchvision,faithful three-class task-adapted reimplementation,7777,S000581,RFMID,AMD_WET,AMD_WET,1,0.00032597329118289053,0.9996672868728638,6.742667665093904e-06,5
HOGCNN_EFFICIENTNETB3_ADAPTED_3CLASS,PyTorch/torchvision,faithful three-class task-adapted reimplementation,7777,S000585,RFMID,AMD_WET,AMD_WET,1,0.09230590611696243,0.9075426459312439,0.000151506916154176,5
HOGCNN_EFFICIENTNETB3_ADAPTED_3CLASS,PyTorch/torchvision,faithful three-class task-adapted reimplementation,7777,S000588,RFMID,AMD_WET,AMD_WET,1,0.06545060127973557,0.9324390888214111,0.002110338071361184,5
