sample_id,source_dataset,class_label,source_class_stratum,outer_fold,outer_role,inner_fold,inner_role_definition
S000001,ADAM,AMD_DRY,ADAM__AMD_DRY,1,train,3,"For a selected inner_fold k, samples with inner_fold=k are inner validation; all others are inner training."
S000004,ADAM,AMD_DRY,ADAM__AMD_DRY,1,train,2,"For a selected inner_fold k, samples with inner_fold=k are inner validation; all others are inner training."
S000005,ADAM,AMD_DRY,ADAM__AMD_DRY,1,train,3,"For a selected inner_fold k, samples with inner_fold=k are inner validation; all others are inner training."
S000006,ADAM,AMD_DRY,ADAM__AMD_DRY,1,train,4,"For a selected inner_fold k, samples with inner_fold=k are inner validation; all others are inner training."
S000007,ADAM,AMD_DRY,ADAM__AMD_DRY,1,train,3,"For a selected inner_fold k, samples with inner_fold=k are inner validation; all others are inner training."
S000008,ADAM,AMD_DRY,ADAM__AMD_DRY,1,train,2,"For a selected inner_fold k, samples with inner_fold=k are inner validation; all others are inner training."
S000009,ADAM,AMD_DRY,ADAM__AMD_DRY,1,train,4,"For a selected inner_fold k, samples with inner_fold=k are inner validation; all others are inner training."
S000011,ADAM,AMD_DRY,ADAM__AMD_DRY,1,train,1,"For a selected inner_fold k, samples with inner_fold=k are inner validation; all others are inner training."
S000012,ADAM,AMD_DRY,ADAM__AMD_DRY,1,train,2,"For a selected inner_fold k, samples with inner_fold=k are inner validation; all others are inner training."
S000014,ADAM,AMD_DRY,ADAM__AMD_DRY,1,train,3,"For a selected inner_fold k, samples with inner_fold=k are inner validation; all others are inner training."
S000015,ADAM,AMD_DRY,ADAM__AMD_DRY,1,train,3,"For a selected inner_fold k, samples with inner_fold=k are inner validation; all others are inner training."
S000016,ADAM,AMD_DRY,ADAM__AMD_DRY,1,train,1,"For a selected inner_fold k, samples with inner_fold=k are inner validation; all others are inner training."
S000017,ADAM,AMD_DRY,ADAM__AMD_DRY,1,train,3,"For a selected inner_fold k, samples with inner_fold=k are inner validation; all others are inner training."
S000018,ADAM,AMD_DRY,ADAM__AMD_DRY,1,train,1,"For a selected inner_fold k, samples with inner_fold=k are inner validation; all others are inner training."
S000020,ADAM,AMD_DRY,ADAM__AMD_DRY,1,train,3,"For a selected inner_fold k, samples with inner_fold=k are inner validation; all others are inner training."
S000021,ADAM,AMD_DRY,ADAM__AMD_DRY,1,train,2,"For a selected inner_fold k, samples with inner_fold=k are inner validation; all others are inner training."
S000022,ADAM,AMD_DRY,ADAM__AMD_DRY,1,train,1,"For a selected inner_fold k, samples with inner_fold=k are inner validation; all others are inner training."
S000023,ADAM,AMD_DRY,ADAM__AMD_DRY,1,train,4,"For a selected inner_fold k, samples with inner_fold=k are inner validation; all others are inner training."
S000024,ADAM,AMD_DRY,ADAM__AMD_DRY,1,train,4,"For a selected inner_fold k, samples with inner_fold=k are inner validation; all others are inner training."
S000025,ADAM,AMD_DRY,ADAM__AMD_DRY,1,train,1,"For a selected inner_fold k, samples with inner_fold=k are inner validation; all others are inner training."
S000027,ADAM,AMD_DRY,ADAM__AMD_DRY,1,train,2,"For a selected inner_fold k, samples with inner_fold=k are inner validation; all others are inner training."
S000028,ADAM,AMD_DRY,ADAM__AMD_DRY,1,train,1,"For a selected inner_fold k, samples with inner_fold=k are inner validation; all others are inner training."
S000029,ADAM,AMD_DRY,ADAM__AMD_DRY,1,train,4,"For a selected inner_fold k, samples with inner_fold=k are inner validation; all others are inner training."
S000030,ADAM,AMD_DRY,ADAM__AMD_DRY,1,train,4,"For a selected inner_fold k, samples with inner_fold=k are inner validation; all others are inner training."
S000031,ADAM,AMD_DRY,ADAM__AMD_DRY,1,train,4,"For a selected inner_fold k, samples with inner_fold=k are inner validation; all others are inner training."
S000033,ADAM,AMD_DRY,ADAM__AMD_DRY,1,train,1,"For a selected inner_fold k, samples with inner_fold=k are inner validation; all others are inner training."
S000034,ADAM,AMD_DRY,ADAM__AMD_DRY,1,train,2,"For a selected inner_fold k, samples with inner_fold=k are inner validation; all others are inner training."
S000035,ADAM,AMD_DRY,ADAM__AMD_DRY,1,train,2,"For a selected inner_fold k, samples with inner_fold=k are inner validation; all others are inner training."
S000036,ADAM,AMD_WET,ADAM__AMD_WET,1,train,2,"For a selected inner_fold k, samples with inner_fold=k are inner validation; all others are inner training."
S000037,ADAM,AMD_WET,ADAM__AMD_WET,1,train,2,"For a selected inner_fold k, samples with inner_fold=k are inner validation; all others are inner training."
S000038,ADAM,AMD_WET,ADAM__AMD_WET,1,train,1,"For a selected inner_fold k, samples with inner_fold=k are inner validation; all others are inner training."
S000039,ADAM,AMD_WET,ADAM__AMD_WET,1,train,4,"For a selected inner_fold k, samples with inner_fold=k are inner validation; all others are inner training."
S000041,ADAM,AMD_WET,ADAM__AMD_WET,1,train,1,"For a selected inner_fold k, samples with inner_fold=k are inner validation; all others are inner training."
S000042,ADAM,AMD_WET,ADAM__AMD_WET,1,train,1,"For a selected inner_fold k, samples with inner_fold=k are inner validation; all others are inner training."
S000043,ADAM,AMD_WET,ADAM__AMD_WET,1,train,3,"For a selected inner_fold k, samples with inner_fold=k are inner validation; all others are inner training."
S000044,ADAM,AMD_WET,ADAM__AMD_WET,1,train,2,"For a selected inner_fold k, samples with inner_fold=k are inner validation; all others are inner training."
S000046,ADAM,AMD_WET,ADAM__AMD_WET,1,train,3,"For a selected inner_fold k, samples with inner_fold=k are inner validation; all others are inner training."
S000048,ADAM,AMD_WET,ADAM__AMD_WET,1,train,3,"For a selected inner_fold k, samples with inner_fold=k are inner validation; all others are inner training."
S000049,ADAM,AMD_WET,ADAM__AMD_WET,1,train,1,"For a selected inner_fold k, samples with inner_fold=k are inner validation; all others are inner training."
S000050,ADAM,AMD_WET,ADAM__AMD_WET,1,train,4,"For a selected inner_fold k, samples with inner_fold=k are inner validation; all others are inner training."
S000052,ADAM,AMD_WET,ADAM__AMD_WET,1,train,4,"For a selected inner_fold k, samples with inner_fold=k are inner validation; all others are inner training."
S000053,FIVES,NORMAL,FIVES__NORMAL,1,train,1,"For a selected inner_fold k, samples with inner_fold=k are inner validation; all others are inner training."
S000054,FIVES,NORMAL,FIVES__NORMAL,1,train,3,"For a selected inner_fold k, samples with inner_fold=k are inner validation; all others are inner training."
S000055,FIVES,NORMAL,FIVES__NORMAL,1,train,1,"For a selected inner_fold k, samples with inner_fold=k are inner validation; all others are inner training."
S000056,FIVES,NORMAL,FIVES__NORMAL,1,train,4,"For a selected inner_fold k, samples with inner_fold=k are inner validation; all others are inner training."
S000057,FIVES,NORMAL,FIVES__NORMAL,1,train,3,"For a selected inner_fold k, samples with inner_fold=k are inner validation; all others are inner training."
S000058,FIVES,NORMAL,FIVES__NORMAL,1,train,1,"For a selected inner_fold k, samples with inner_fold=k are inner validation; all others are inner training."
S000059,FIVES,NORMAL,FIVES__NORMAL,1,train,2,"For a selected inner_fold k, samples with inner_fold=k are inner validation; all others are inner training."
S000060,FIVES,NORMAL,FIVES__NORMAL,1,train,4,"For a selected inner_fold k, samples with inner_fold=k are inner validation; all others are inner training."
S000061,FIVES,NORMAL,FIVES__NORMAL,1,train,1,"For a selected inner_fold k, samples with inner_fold=k are inner validation; all others are inner training."
S000063,FIVES,NORMAL,FIVES__NORMAL,1,train,4,"For a selected inner_fold k, samples with inner_fold=k are inner validation; all others are inner training."
S000065,FIVES,NORMAL,FIVES__NORMAL,1,train,4,"For a selected inner_fold k, samples with inner_fold=k are inner validation; all others are inner training."
S000066,FIVES,NORMAL,FIVES__NORMAL,1,train,4,"For a selected inner_fold k, samples with inner_fold=k are inner validation; all others are inner training."
S000067,FIVES,NORMAL,FIVES__NORMAL,1,train,1,"For a selected inner_fold k, samples with inner_fold=k are inner validation; all others are inner training."
S000068,FIVES,NORMAL,FIVES__NORMAL,1,train,3,"For a selected inner_fold k, samples with inner_fold=k are inner validation; all others are inner training."
S000069,FIVES,NORMAL,FIVES__NORMAL,1,train,4,"For a selected inner_fold k, samples with inner_fold=k are inner validation; all others are inner training."
S000070,FIVES,NORMAL,FIVES__NORMAL,1,train,2,"For a selected inner_fold k, samples with inner_fold=k are inner validation; all others are inner training."
S000073,FIVES,NORMAL,FIVES__NORMAL,1,train,3,"For a selected inner_fold k, samples with inner_fold=k are inner validation; all others are inner training."
S000074,FIVES,NORMAL,FIVES__NORMAL,1,train,4,"For a selected inner_fold k, samples with inner_fold=k are inner validation; all others are inner training."
S000075,FIVES,NORMAL,FIVES__NORMAL,1,train,2,"For a selected inner_fold k, samples with inner_fold=k are inner validation; all others are inner training."
S000076,FIVES,NORMAL,FIVES__NORMAL,1,train,2,"For a selected inner_fold k, samples with inner_fold=k are inner validation; all others are inner training."
S000077,FIVES,NORMAL,FIVES__NORMAL,1,train,4,"For a selected inner_fold k, samples with inner_fold=k are inner validation; all others are inner training."
S000078,FIVES,NORMAL,FIVES__NORMAL,1,train,3,"For a selected inner_fold k, samples with inner_fold=k are inner validation; all others are inner training."
S000079,FIVES,NORMAL,FIVES__NORMAL,1,train,4,"For a selected inner_fold k, samples with inner_fold=k are inner validation; all others are inner training."
S000080,FIVES,NORMAL,FIVES__NORMAL,1,train,4,"For a selected inner_fold k, samples with inner_fold=k are inner validation; all others are inner training."
S000081,FIVES,NORMAL,FIVES__NORMAL,1,train,1,"For a selected inner_fold k, samples with inner_fold=k are inner validation; all others are inner training."
S000082,FIVES,NORMAL,FIVES__NORMAL,1,train,1,"For a selected inner_fold k, samples with inner_fold=k are inner validation; all others are inner training."
S000084,FIVES,NORMAL,FIVES__NORMAL,1,train,2,"For a selected inner_fold k, samples with inner_fold=k are inner validation; all others are inner training."
S000086,FIVES,NORMAL,FIVES__NORMAL,1,train,2,"For a selected inner_fold k, samples with inner_fold=k are inner validation; all others are inner training."
S000087,FIVES,NORMAL,FIVES__NORMAL,1,train,3,"For a selected inner_fold k, samples with inner_fold=k are inner validation; all others are inner training."
S000088,FIVES,NORMAL,FIVES__NORMAL,1,train,3,"For a selected inner_fold k, samples with inner_fold=k are inner validation; all others are inner training."
S000089,FIVES,NORMAL,FIVES__NORMAL,1,train,3,"For a selected inner_fold k, samples with inner_fold=k are inner validation; all others are inner training."
S000091,FIVES,NORMAL,FIVES__NORMAL,1,train,4,"For a selected inner_fold k, samples with inner_fold=k are inner validation; all others are inner training."
S000092,FIVES,NORMAL,FIVES__NORMAL,1,train,3,"For a selected inner_fold k, samples with inner_fold=k are inner validation; all others are inner training."
S000094,FIVES,NORMAL,FIVES__NORMAL,1,train,1,"For a selected inner_fold k, samples with inner_fold=k are inner validation; all others are inner training."
S000095,FIVES,NORMAL,FIVES__NORMAL,1,train,4,"For a selected inner_fold k, samples with inner_fold=k are inner validation; all others are inner training."
S000096,FIVES,NORMAL,FIVES__NORMAL,1,train,3,"For a selected inner_fold k, samples with inner_fold=k are inner validation; all others are inner training."
S000097,FIVES,NORMAL,FIVES__NORMAL,1,train,2,"For a selected inner_fold k, samples with inner_fold=k are inner validation; all others are inner training."
S000098,FIVES,NORMAL,FIVES__NORMAL,1,train,3,"For a selected inner_fold k, samples with inner_fold=k are inner validation; all others are inner training."
S000099,FIVES,NORMAL,FIVES__NORMAL,1,train,2,"For a selected inner_fold k, samples with inner_fold=k are inner validation; all others are inner training."
S000100,FIVES,NORMAL,FIVES__NORMAL,1,train,2,"For a selected inner_fold k, samples with inner_fold=k are inner validation; all others are inner training."
S000102,FIVES,NORMAL,FIVES__NORMAL,1,train,1,"For a selected inner_fold k, samples with inner_fold=k are inner validation; all others are inner training."
S000103,FIVES,NORMAL,FIVES__NORMAL,1,train,3,"For a selected inner_fold k, samples with inner_fold=k are inner validation; all others are inner training."
S000104,FIVES,NORMAL,FIVES__NORMAL,1,train,1,"For a selected inner_fold k, samples with inner_fold=k are inner validation; all others are inner training."
S000108,FIVES,NORMAL,FIVES__NORMAL,1,train,4,"For a selected inner_fold k, samples with inner_fold=k are inner validation; all others are inner training."
S000109,FIVES,NORMAL,FIVES__NORMAL,1,train,4,"For a selected inner_fold k, samples with inner_fold=k are inner validation; all others are inner training."
S000110,FIVES,NORMAL,FIVES__NORMAL,1,train,2,"For a selected inner_fold k, samples with inner_fold=k are inner validation; all others are inner training."
S000112,FIVES,NORMAL,FIVES__NORMAL,1,train,2,"For a selected inner_fold k, samples with inner_fold=k are inner validation; all others are inner training."
S000113,FIVES,NORMAL,FIVES__NORMAL,1,train,3,"For a selected inner_fold k, samples with inner_fold=k are inner validation; all others are inner training."
S000115,FIVES,NORMAL,FIVES__NORMAL,1,train,3,"For a selected inner_fold k, samples with inner_fold=k are inner validation; all others are inner training."
S000116,FIVES,NORMAL,FIVES__NORMAL,1,train,2,"For a selected inner_fold k, samples with inner_fold=k are inner validation; all others are inner training."
S000117,FIVES,NORMAL,FIVES__NORMAL,1,train,2,"For a selected inner_fold k, samples with inner_fold=k are inner validation; all others are inner training."
S000118,FIVES,NORMAL,FIVES__NORMAL,1,train,2,"For a selected inner_fold k, samples with inner_fold=k are inner validation; all others are inner training."
S000119,FIVES,NORMAL,FIVES__NORMAL,1,train,1,"For a selected inner_fold k, samples with inner_fold=k are inner validation; all others are inner training."
S000120,FIVES,NORMAL,FIVES__NORMAL,1,train,1,"For a selected inner_fold k, samples with inner_fold=k are inner validation; all others are inner training."
S000121,FIVES,NORMAL,FIVES__NORMAL,1,train,2,"For a selected inner_fold k, samples with inner_fold=k are inner validation; all others are inner training."
S000122,FIVES,NORMAL,FIVES__NORMAL,1,train,4,"For a selected inner_fold k, samples with inner_fold=k are inner validation; all others are inner training."
S000125,FIVES,NORMAL,FIVES__NORMAL,1,train,3,"For a selected inner_fold k, samples with inner_fold=k are inner validation; all others are inner training."
S000127,FIVES,NORMAL,FIVES__NORMAL,1,train,2,"For a selected inner_fold k, samples with inner_fold=k are inner validation; all others are inner training."
S000128,FIVES,NORMAL,FIVES__NORMAL,1,train,1,"For a selected inner_fold k, samples with inner_fold=k are inner validation; all others are inner training."
S000129,FIVES,NORMAL,FIVES__NORMAL,1,train,4,"For a selected inner_fold k, samples with inner_fold=k are inner validation; all others are inner training."
S000130,FIVES,NORMAL,FIVES__NORMAL,1,train,4,"For a selected inner_fold k, samples with inner_fold=k are inner validation; all others are inner training."
S000131,FIVES,NORMAL,FIVES__NORMAL,1,train,2,"For a selected inner_fold k, samples with inner_fold=k are inner validation; all others are inner training."
S000132,FIVES,NORMAL,FIVES__NORMAL,1,train,1,"For a selected inner_fold k, samples with inner_fold=k are inner validation; all others are inner training."
S000133,FIVES,NORMAL,FIVES__NORMAL,1,train,1,"For a selected inner_fold k, samples with inner_fold=k are inner validation; all others are inner training."
S000134,FIVES,NORMAL,FIVES__NORMAL,1,train,3,"For a selected inner_fold k, samples with inner_fold=k are inner validation; all others are inner training."
S000135,FIVES,NORMAL,FIVES__NORMAL,1,train,3,"For a selected inner_fold k, samples with inner_fold=k are inner validation; all others are inner training."
S000137,FIVES,NORMAL,FIVES__NORMAL,1,train,1,"For a selected inner_fold k, samples with inner_fold=k are inner validation; all others are inner training."
S000138,FIVES,NORMAL,FIVES__NORMAL,1,train,1,"For a selected inner_fold k, samples with inner_fold=k are inner validation; all others are inner training."
S000139,FIVES,NORMAL,FIVES__NORMAL,1,train,3,"For a selected inner_fold k, samples with inner_fold=k are inner validation; all others are inner training."
S000140,FIVES,NORMAL,FIVES__NORMAL,1,train,1,"For a selected inner_fold k, samples with inner_fold=k are inner validation; all others are inner training."
S000141,FIVES,NORMAL,FIVES__NORMAL,1,train,1,"For a selected inner_fold k, samples with inner_fold=k are inner validation; all others are inner training."
S000144,FIVES,NORMAL,FIVES__NORMAL,1,train,2,"For a selected inner_fold k, samples with inner_fold=k are inner validation; all others are inner training."
S000145,FIVES,NORMAL,FIVES__NORMAL,1,train,4,"For a selected inner_fold k, samples with inner_fold=k are inner validation; all others are inner training."
S000146,FIVES,NORMAL,FIVES__NORMAL,1,train,4,"For a selected inner_fold k, samples with inner_fold=k are inner validation; all others are inner training."
S000147,FIVES,NORMAL,FIVES__NORMAL,1,train,3,"For a selected inner_fold k, samples with inner_fold=k are inner validation; all others are inner training."
S000148,FIVES,NORMAL,FIVES__NORMAL,1,train,4,"For a selected inner_fold k, samples with inner_fold=k are inner validation; all others are inner training."
S000149,FIVES,NORMAL,FIVES__NORMAL,1,train,3,"For a selected inner_fold k, samples with inner_fold=k are inner validation; all others are inner training."
S000150,FIVES,NORMAL,FIVES__NORMAL,1,train,2,"For a selected inner_fold k, samples with inner_fold=k are inner validation; all others are inner training."
S000151,FIVES,NORMAL,FIVES__NORMAL,1,train,2,"For a selected inner_fold k, samples with inner_fold=k are inner validation; all others are inner training."
S000152,FIVES,AMD_DRY,FIVES__AMD_DRY,1,train,4,"For a selected inner_fold k, samples with inner_fold=k are inner validation; all others are inner training."
S000153,FIVES,AMD_DRY,FIVES__AMD_DRY,1,train,3,"For a selected inner_fold k, samples with inner_fold=k are inner validation; all others are inner training."
S000154,FIVES,AMD_DRY,FIVES__AMD_DRY,1,train,2,"For a selected inner_fold k, samples with inner_fold=k are inner validation; all others are inner training."
S000155,FIVES,AMD_DRY,FIVES__AMD_DRY,1,train,2,"For a selected inner_fold k, samples with inner_fold=k are inner validation; all others are inner training."
S000156,FIVES,AMD_DRY,FIVES__AMD_DRY,1,train,3,"For a selected inner_fold k, samples with inner_fold=k are inner validation; all others are inner training."
S000158,FIVES,AMD_DRY,FIVES__AMD_DRY,1,train,1,"For a selected inner_fold k, samples with inner_fold=k are inner validation; all others are inner training."
S000159,FIVES,AMD_DRY,FIVES__AMD_DRY,1,train,4,"For a selected inner_fold k, samples with inner_fold=k are inner validation; all others are inner training."
S000160,FIVES,AMD_DRY,FIVES__AMD_DRY,1,train,2,"For a selected inner_fold k, samples with inner_fold=k are inner validation; all others are inner training."
S000161,FIVES,AMD_DRY,FIVES__AMD_DRY,1,train,1,"For a selected inner_fold k, samples with inner_fold=k are inner validation; all others are inner training."
S000162,FIVES,AMD_DRY,FIVES__AMD_DRY,1,train,1,"For a selected inner_fold k, samples with inner_fold=k are inner validation; all others are inner training."
S000163,FIVES,AMD_DRY,FIVES__AMD_DRY,1,train,3,"For a selected inner_fold k, samples with inner_fold=k are inner validation; all others are inner training."
S000164,FIVES,AMD_DRY,FIVES__AMD_DRY,1,train,4,"For a selected inner_fold k, samples with inner_fold=k are inner validation; all others are inner training."
S000167,FIVES,AMD_WET,FIVES__AMD_WET,1,train,1,"For a selected inner_fold k, samples with inner_fold=k are inner validation; all others are inner training."
S000168,FIVES,AMD_WET,FIVES__AMD_WET,1,train,4,"For a selected inner_fold k, samples with inner_fold=k are inner validation; all others are inner training."
S000169,FIVES,AMD_WET,FIVES__AMD_WET,1,train,1,"For a selected inner_fold k, samples with inner_fold=k are inner validation; all others are inner training."
S000170,FIVES,AMD_WET,FIVES__AMD_WET,1,train,2,"For a selected inner_fold k, samples with inner_fold=k are inner validation; all others are inner training."
S000172,FIVES,AMD_WET,FIVES__AMD_WET,1,train,4,"For a selected inner_fold k, samples with inner_fold=k are inner validation; all others are inner training."
S000173,FIVES,AMD_WET,FIVES__AMD_WET,1,train,2,"For a selected inner_fold k, samples with inner_fold=k are inner validation; all others are inner training."
S000174,FIVES,AMD_WET,FIVES__AMD_WET,1,train,3,"For a selected inner_fold k, samples with inner_fold=k are inner validation; all others are inner training."
S000176,FIVES,AMD_WET,FIVES__AMD_WET,1,train,3,"For a selected inner_fold k, samples with inner_fold=k are inner validation; all others are inner training."
S000177,FIVES,AMD_WET,FIVES__AMD_WET,1,train,2,"For a selected inner_fold k, samples with inner_fold=k are inner validation; all others are inner training."
S000178,FIVES,AMD_WET,FIVES__AMD_WET,1,train,3,"For a selected inner_fold k, samples with inner_fold=k are inner validation; all others are inner training."
S000179,FIVES,AMD_WET,FIVES__AMD_WET,1,train,4,"For a selected inner_fold k, samples with inner_fold=k are inner validation; all others are inner training."
S000180,FIVES,AMD_WET,FIVES__AMD_WET,1,train,1,"For a selected inner_fold k, samples with inner_fold=k are inner validation; all others are inner training."
S000182,FIVES,AMD_WET,FIVES__AMD_WET,1,train,3,"For a selected inner_fold k, samples with inner_fold=k are inner validation; all others are inner training."
S000183,FIVES,AMD_WET,FIVES__AMD_WET,1,train,3,"For a selected inner_fold k, samples with inner_fold=k are inner validation; all others are inner training."
S000184,FIVES,AMD_WET,FIVES__AMD_WET,1,train,1,"For a selected inner_fold k, samples with inner_fold=k are inner validation; all others are inner training."
S000185,FIVES,AMD_WET,FIVES__AMD_WET,1,train,1,"For a selected inner_fold k, samples with inner_fold=k are inner validation; all others are inner training."
S000186,FIVES,AMD_WET,FIVES__AMD_WET,1,train,3,"For a selected inner_fold k, samples with inner_fold=k are inner validation; all others are inner training."
S000187,FIVES,AMD_WET,FIVES__AMD_WET,1,train,4,"For a selected inner_fold k, samples with inner_fold=k are inner validation; all others are inner training."
S000188,FIVES,AMD_WET,FIVES__AMD_WET,1,train,1,"For a selected inner_fold k, samples with inner_fold=k are inner validation; all others are inner training."
S000189,FIVES,AMD_WET,FIVES__AMD_WET,1,train,2,"For a selected inner_fold k, samples with inner_fold=k are inner validation; all others are inner training."
S000190,FIVES,AMD_WET,FIVES__AMD_WET,1,train,4,"For a selected inner_fold k, samples with inner_fold=k are inner validation; all others are inner training."
S000191,FIVES,AMD_WET,FIVES__AMD_WET,1,train,4,"For a selected inner_fold k, samples with inner_fold=k are inner validation; all others are inner training."
S000192,FIVES,AMD_WET,FIVES__AMD_WET,1,train,4,"For a selected inner_fold k, samples with inner_fold=k are inner validation; all others are inner training."
S000193,FIVES,AMD_WET,FIVES__AMD_WET,1,train,1,"For a selected inner_fold k, samples with inner_fold=k are inner validation; all others are inner training."
S000194,FIVES,AMD_WET,FIVES__AMD_WET,1,train,2,"For a selected inner_fold k, samples with inner_fold=k are inner validation; all others are inner training."
S000195,FIVES,AMD_WET,FIVES__AMD_WET,1,train,2,"For a selected inner_fold k, samples with inner_fold=k are inner validation; all others are inner training."
S000200,FIVES,AMD_WET,FIVES__AMD_WET,1,train,1,"For a selected inner_fold k, samples with inner_fold=k are inner validation; all others are inner training."
S000201,FIVES,AMD_WET,FIVES__AMD_WET,1,train,2,"For a selected inner_fold k, samples with inner_fold=k are inner validation; all others are inner training."
S000202,FIVES,AMD_WET,FIVES__AMD_WET,1,train,4,"For a selected inner_fold k, samples with inner_fold=k are inner validation; all others are inner training."
S000203,FIVES,AMD_WET,FIVES__AMD_WET,1,train,3,"For a selected inner_fold k, samples with inner_fold=k are inner validation; all others are inner training."
S000204,FIVES,AMD_WET,FIVES__AMD_WET,1,train,1,"For a selected inner_fold k, samples with inner_fold=k are inner validation; all others are inner training."
S000205,FIVES,AMD_WET,FIVES__AMD_WET,1,train,1,"For a selected inner_fold k, samples with inner_fold=k are inner validation; all others are inner training."
S000207,FIVES,AMD_WET,FIVES__AMD_WET,1,train,4,"For a selected inner_fold k, samples with inner_fold=k are inner validation; all others are inner training."
S000208,FIVES,AMD_WET,FIVES__AMD_WET,1,train,3,"For a selected inner_fold k, samples with inner_fold=k are inner validation; all others are inner training."
S000210,FIVES,AMD_WET,FIVES__AMD_WET,1,train,2,"For a selected inner_fold k, samples with inner_fold=k are inner validation; all others are inner training."
S000211,FIVES,AMD_WET,FIVES__AMD_WET,1,train,2,"For a selected inner_fold k, samples with inner_fold=k are inner validation; all others are inner training."
S000212,FIVES,AMD_WET,FIVES__AMD_WET,1,train,3,"For a selected inner_fold k, samples with inner_fold=k are inner validation; all others are inner training."
S000213,FIVES,AMD_WET,FIVES__AMD_WET,1,train,2,"For a selected inner_fold k, samples with inner_fold=k are inner validation; all others are inner training."
S000215,FIVES,AMD_WET,FIVES__AMD_WET,1,train,4,"For a selected inner_fold k, samples with inner_fold=k are inner validation; all others are inner training."
S000216,FIVES,AMD_WET,FIVES__AMD_WET,1,train,2,"For a selected inner_fold k, samples with inner_fold=k are inner validation; all others are inner training."
S000217,FIVES,AMD_WET,FIVES__AMD_WET,1,train,4,"For a selected inner_fold k, samples with inner_fold=k are inner validation; all others are inner training."
S000218,FIVES,AMD_WET,FIVES__AMD_WET,1,train,1,"For a selected inner_fold k, samples with inner_fold=k are inner validation; all others are inner training."
S000220,FIVES,AMD_WET,FIVES__AMD_WET,1,train,2,"For a selected inner_fold k, samples with inner_fold=k are inner validation; all others are inner training."
S000222,FIVES,AMD_WET,FIVES__AMD_WET,1,train,3,"For a selected inner_fold k, samples with inner_fold=k are inner validation; all others are inner training."
S000224,FIVES,AMD_WET,FIVES__AMD_WET,1,train,3,"For a selected inner_fold k, samples with inner_fold=k are inner validation; all others are inner training."
S000225,FIVES,AMD_WET,FIVES__AMD_WET,1,train,2,"For a selected inner_fold k, samples with inner_fold=k are inner validation; all others are inner training."
S000226,FIVES,AMD_WET,FIVES__AMD_WET,1,train,1,"For a selected inner_fold k, samples with inner_fold=k are inner validation; all others are inner training."
S000227,FIVES,AMD_WET,FIVES__AMD_WET,1,train,2,"For a selected inner_fold k, samples with inner_fold=k are inner validation; all others are inner training."
S000229,FIVES,AMD_WET,FIVES__AMD_WET,1,train,4,"For a selected inner_fold k, samples with inner_fold=k are inner validation; all others are inner training."
S000230,FIVES,AMD_WET,FIVES__AMD_WET,1,train,1,"For a selected inner_fold k, samples with inner_fold=k are inner validation; all others are inner training."
S000232,FIVES,AMD_WET,FIVES__AMD_WET,1,train,3,"For a selected inner_fold k, samples with inner_fold=k are inner validation; all others are inner training."
S000233,FIVES,AMD_WET,FIVES__AMD_WET,1,train,3,"For a selected inner_fold k, samples with inner_fold=k are inner validation; all others are inner training."
S000234,FIVES,AMD_WET,FIVES__AMD_WET,1,train,1,"For a selected inner_fold k, samples with inner_fold=k are inner validation; all others are inner training."
S000235,FIVES,AMD_WET,FIVES__AMD_WET,1,train,3,"For a selected inner_fold k, samples with inner_fold=k are inner validation; all others are inner training."
S000236,FIVES,AMD_WET,FIVES__AMD_WET,1,train,4,"For a selected inner_fold k, samples with inner_fold=k are inner validation; all others are inner training."
S000238,FIVES,AMD_WET,FIVES__AMD_WET,1,train,4,"For a selected inner_fold k, samples with inner_fold=k are inner validation; all others are inner training."
S000239,ODIR,NORMAL,ODIR__NORMAL,1,train,1,"For a selected inner_fold k, samples with inner_fold=k are inner validation; all others are inner training."
S000241,ODIR,NORMAL,ODIR__NORMAL,1,train,1,"For a selected inner_fold k, samples with inner_fold=k are inner validation; all others are inner training."
S000242,ODIR,NORMAL,ODIR__NORMAL,1,train,2,"For a selected inner_fold k, samples with inner_fold=k are inner validation; all others are inner training."
S000243,ODIR,NORMAL,ODIR__NORMAL,1,train,3,"For a selected inner_fold k, samples with inner_fold=k are inner validation; all others are inner training."
S000244,ODIR,NORMAL,ODIR__NORMAL,1,train,3,"For a selected inner_fold k, samples with inner_fold=k are inner validation; all others are inner training."
S000245,ODIR,NORMAL,ODIR__NORMAL,1,train,4,"For a selected inner_fold k, samples with inner_fold=k are inner validation; all others are inner training."
S000246,ODIR,NORMAL,ODIR__NORMAL,1,train,2,"For a selected inner_fold k, samples with inner_fold=k are inner validation; all others are inner training."
S000247,ODIR,NORMAL,ODIR__NORMAL,1,train,1,"For a selected inner_fold k, samples with inner_fold=k are inner validation; all others are inner training."
S000248,ODIR,NORMAL,ODIR__NORMAL,1,train,2,"For a selected inner_fold k, samples with inner_fold=k are inner validation; all others are inner training."
S000249,ODIR,NORMAL,ODIR__NORMAL,1,train,3,"For a selected inner_fold k, samples with inner_fold=k are inner validation; all others are inner training."
S000250,ODIR,NORMAL,ODIR__NORMAL,1,train,3,"For a selected inner_fold k, samples with inner_fold=k are inner validation; all others are inner training."
S000251,ODIR,NORMAL,ODIR__NORMAL,1,train,1,"For a selected inner_fold k, samples with inner_fold=k are inner validation; all others are inner training."
S000253,ODIR,NORMAL,ODIR__NORMAL,1,train,1,"For a selected inner_fold k, samples with inner_fold=k are inner validation; all others are inner training."
S000254,ODIR,NORMAL,ODIR__NORMAL,1,train,3,"For a selected inner_fold k, samples with inner_fold=k are inner validation; all others are inner training."
S000257,ODIR,NORMAL,ODIR__NORMAL,1,train,4,"For a selected inner_fold k, samples with inner_fold=k are inner validation; all others are inner training."
S000259,ODIR,NORMAL,ODIR__NORMAL,1,train,1,"For a selected inner_fold k, samples with inner_fold=k are inner validation; all others are inner training."
S000260,ODIR,NORMAL,ODIR__NORMAL,1,train,3,"For a selected inner_fold k, samples with inner_fold=k are inner validation; all others are inner training."
S000261,ODIR,NORMAL,ODIR__NORMAL,1,train,1,"For a selected inner_fold k, samples with inner_fold=k are inner validation; all others are inner training."
S000262,ODIR,NORMAL,ODIR__NORMAL,1,train,4,"For a selected inner_fold k, samples with inner_fold=k are inner validation; all others are inner training."
S000263,ODIR,NORMAL,ODIR__NORMAL,1,train,4,"For a selected inner_fold k, samples with inner_fold=k are inner validation; all others are inner training."
S000266,ODIR,NORMAL,ODIR__NORMAL,1,train,1,"For a selected inner_fold k, samples with inner_fold=k are inner validation; all others are inner training."
S000269,ODIR,NORMAL,ODIR__NORMAL,1,train,1,"For a selected inner_fold k, samples with inner_fold=k are inner validation; all others are inner training."
S000270,ODIR,NORMAL,ODIR__NORMAL,1,train,4,"For a selected inner_fold k, samples with inner_fold=k are inner validation; all others are inner training."
S000271,ODIR,NORMAL,ODIR__NORMAL,1,train,1,"For a selected inner_fold k, samples with inner_fold=k are inner validation; all others are inner training."
S000272,ODIR,NORMAL,ODIR__NORMAL,1,train,3,"For a selected inner_fold k, samples with inner_fold=k are inner validation; all others are inner training."
S000273,ODIR,NORMAL,ODIR__NORMAL,1,train,4,"For a selected inner_fold k, samples with inner_fold=k are inner validation; all others are inner training."
S000276,ODIR,NORMAL,ODIR__NORMAL,1,train,3,"For a selected inner_fold k, samples with inner_fold=k are inner validation; all others are inner training."
S000277,ODIR,NORMAL,ODIR__NORMAL,1,train,3,"For a selected inner_fold k, samples with inner_fold=k are inner validation; all others are inner training."
S000278,ODIR,NORMAL,ODIR__NORMAL,1,train,1,"For a selected inner_fold k, samples with inner_fold=k are inner validation; all others are inner training."
S000279,ODIR,NORMAL,ODIR__NORMAL,1,train,1,"For a selected inner_fold k, samples with inner_fold=k are inner validation; all others are inner training."
S000280,ODIR,NORMAL,ODIR__NORMAL,1,train,3,"For a selected inner_fold k, samples with inner_fold=k are inner validation; all others are inner training."
S000281,ODIR,NORMAL,ODIR__NORMAL,1,train,3,"For a selected inner_fold k, samples with inner_fold=k are inner validation; all others are inner training."
S000283,ODIR,NORMAL,ODIR__NORMAL,1,train,1,"For a selected inner_fold k, samples with inner_fold=k are inner validation; all others are inner training."
S000284,ODIR,NORMAL,ODIR__NORMAL,1,train,1,"For a selected inner_fold k, samples with inner_fold=k are inner validation; all others are inner training."
S000285,ODIR,NORMAL,ODIR__NORMAL,1,train,1,"For a selected inner_fold k, samples with inner_fold=k are inner validation; all others are inner training."
S000286,ODIR,NORMAL,ODIR__NORMAL,1,train,4,"For a selected inner_fold k, samples with inner_fold=k are inner validation; all others are inner training."
S000287,ODIR,NORMAL,ODIR__NORMAL,1,train,2,"For a selected inner_fold k, samples with inner_fold=k are inner validation; all others are inner training."
S000288,ODIR,NORMAL,ODIR__NORMAL,1,train,2,"For a selected inner_fold k, samples with inner_fold=k are inner validation; all others are inner training."
S000289,ODIR,NORMAL,ODIR__NORMAL,1,train,4,"For a selected inner_fold k, samples with inner_fold=k are inner validation; all others are inner training."
S000290,ODIR,NORMAL,ODIR__NORMAL,1,train,2,"For a selected inner_fold k, samples with inner_fold=k are inner validation; all others are inner training."
S000292,ODIR,NORMAL,ODIR__NORMAL,1,train,4,"For a selected inner_fold k, samples with inner_fold=k are inner validation; all others are inner training."
S000293,ODIR,NORMAL,ODIR__NORMAL,1,train,3,"For a selected inner_fold k, samples with inner_fold=k are inner validation; all others are inner training."
S000294,ODIR,NORMAL,ODIR__NORMAL,1,train,2,"For a selected inner_fold k, samples with inner_fold=k are inner validation; all others are inner training."
S000295,ODIR,NORMAL,ODIR__NORMAL,1,train,2,"For a selected inner_fold k, samples with inner_fold=k are inner validation; all others are inner training."
S000296,ODIR,NORMAL,ODIR__NORMAL,1,train,2,"For a selected inner_fold k, samples with inner_fold=k are inner validation; all others are inner training."
S000297,ODIR,NORMAL,ODIR__NORMAL,1,train,3,"For a selected inner_fold k, samples with inner_fold=k are inner validation; all others are inner training."
S000299,ODIR,NORMAL,ODIR__NORMAL,1,train,1,"For a selected inner_fold k, samples with inner_fold=k are inner validation; all others are inner training."
S000300,ODIR,NORMAL,ODIR__NORMAL,1,train,4,"For a selected inner_fold k, samples with inner_fold=k are inner validation; all others are inner training."
S000301,ODIR,NORMAL,ODIR__NORMAL,1,train,4,"For a selected inner_fold k, samples with inner_fold=k are inner validation; all others are inner training."
S000302,ODIR,NORMAL,ODIR__NORMAL,1,train,3,"For a selected inner_fold k, samples with inner_fold=k are inner validation; all others are inner training."
S000303,ODIR,NORMAL,ODIR__NORMAL,1,train,4,"For a selected inner_fold k, samples with inner_fold=k are inner validation; all others are inner training."
S000304,ODIR,NORMAL,ODIR__NORMAL,1,train,3,"For a selected inner_fold k, samples with inner_fold=k are inner validation; all others are inner training."
S000305,ODIR,NORMAL,ODIR__NORMAL,1,train,2,"For a selected inner_fold k, samples with inner_fold=k are inner validation; all others are inner training."
S000306,ODIR,NORMAL,ODIR__NORMAL,1,train,3,"For a selected inner_fold k, samples with inner_fold=k are inner validation; all others are inner training."
S000308,ODIR,NORMAL,ODIR__NORMAL,1,train,4,"For a selected inner_fold k, samples with inner_fold=k are inner validation; all others are inner training."
S000309,ODIR,NORMAL,ODIR__NORMAL,1,train,1,"For a selected inner_fold k, samples with inner_fold=k are inner validation; all others are inner training."
S000310,ODIR,NORMAL,ODIR__NORMAL,1,train,1,"For a selected inner_fold k, samples with inner_fold=k are inner validation; all others are inner training."
S000311,ODIR,NORMAL,ODIR__NORMAL,1,train,2,"For a selected inner_fold k, samples with inner_fold=k are inner validation; all others are inner training."
S000312,ODIR,NORMAL,ODIR__NORMAL,1,train,2,"For a selected inner_fold k, samples with inner_fold=k are inner validation; all others are inner training."
S000313,ODIR,NORMAL,ODIR__NORMAL,1,train,4,"For a selected inner_fold k, samples with inner_fold=k are inner validation; all others are inner training."
S000314,ODIR,NORMAL,ODIR__NORMAL,1,train,3,"For a selected inner_fold k, samples with inner_fold=k are inner validation; all others are inner training."
S000315,ODIR,NORMAL,ODIR__NORMAL,1,train,4,"For a selected inner_fold k, samples with inner_fold=k are inner validation; all others are inner training."
S000316,ODIR,NORMAL,ODIR__NORMAL,1,train,4,"For a selected inner_fold k, samples with inner_fold=k are inner validation; all others are inner training."
S000319,ODIR,NORMAL,ODIR__NORMAL,1,train,2,"For a selected inner_fold k, samples with inner_fold=k are inner validation; all others are inner training."
S000320,ODIR,NORMAL,ODIR__NORMAL,1,train,1,"For a selected inner_fold k, samples with inner_fold=k are inner validation; all others are inner training."
S000322,ODIR,NORMAL,ODIR__NORMAL,1,train,3,"For a selected inner_fold k, samples with inner_fold=k are inner validation; all others are inner training."
S000323,ODIR,NORMAL,ODIR__NORMAL,1,train,1,"For a selected inner_fold k, samples with inner_fold=k are inner validation; all others are inner training."
S000324,ODIR,NORMAL,ODIR__NORMAL,1,train,2,"For a selected inner_fold k, samples with inner_fold=k are inner validation; all others are inner training."
S000325,ODIR,NORMAL,ODIR__NORMAL,1,train,2,"For a selected inner_fold k, samples with inner_fold=k are inner validation; all others are inner training."
S000328,ODIR,NORMAL,ODIR__NORMAL,1,train,3,"For a selected inner_fold k, samples with inner_fold=k are inner validation; all others are inner training."
S000330,ODIR,NORMAL,ODIR__NORMAL,1,train,2,"For a selected inner_fold k, samples with inner_fold=k are inner validation; all others are inner training."
S000331,ODIR,NORMAL,ODIR__NORMAL,1,train,2,"For a selected inner_fold k, samples with inner_fold=k are inner validation; all others are inner training."
S000332,ODIR,NORMAL,ODIR__NORMAL,1,train,2,"For a selected inner_fold k, samples with inner_fold=k are inner validation; all others are inner training."
S000334,ODIR,NORMAL,ODIR__NORMAL,1,train,4,"For a selected inner_fold k, samples with inner_fold=k are inner validation; all others are inner training."
S000335,ODIR,NORMAL,ODIR__NORMAL,1,train,4,"For a selected inner_fold k, samples with inner_fold=k are inner validation; all others are inner training."
S000336,ODIR,NORMAL,ODIR__NORMAL,1,train,2,"For a selected inner_fold k, samples with inner_fold=k are inner validation; all others are inner training."
S000337,ODIR,NORMAL,ODIR__NORMAL,1,train,4,"For a selected inner_fold k, samples with inner_fold=k are inner validation; all others are inner training."
S000338,ODIR,NORMAL,ODIR__NORMAL,1,train,1,"For a selected inner_fold k, samples with inner_fold=k are inner validation; all others are inner training."
S000339,ODIR,NORMAL,ODIR__NORMAL,1,train,1,"For a selected inner_fold k, samples with inner_fold=k are inner validation; all others are inner training."
S000340,ODIR,NORMAL,ODIR__NORMAL,1,train,2,"For a selected inner_fold k, samples with inner_fold=k are inner validation; all others are inner training."
S000341,ODIR,NORMAL,ODIR__NORMAL,1,train,2,"For a selected inner_fold k, samples with inner_fold=k are inner validation; all others are inner training."
S000342,ODIR,NORMAL,ODIR__NORMAL,1,train,2,"For a selected inner_fold k, samples with inner_fold=k are inner validation; all others are inner training."
S000343,ODIR,NORMAL,ODIR__NORMAL,1,train,3,"For a selected inner_fold k, samples with inner_fold=k are inner validation; all others are inner training."
S000344,ODIR,NORMAL,ODIR__NORMAL,1,train,3,"For a selected inner_fold k, samples with inner_fold=k are inner validation; all others are inner training."
S000345,ODIR,NORMAL,ODIR__NORMAL,1,train,1,"For a selected inner_fold k, samples with inner_fold=k are inner validation; all others are inner training."
S000346,ODIR,NORMAL,ODIR__NORMAL,1,train,4,"For a selected inner_fold k, samples with inner_fold=k are inner validation; all others are inner training."
S000347,ODIR,NORMAL,ODIR__NORMAL,1,train,3,"For a selected inner_fold k, samples with inner_fold=k are inner validation; all others are inner training."
S000348,ODIR,NORMAL,ODIR__NORMAL,1,train,4,"For a selected inner_fold k, samples with inner_fold=k are inner validation; all others are inner training."
S000350,ODIR,NORMAL,ODIR__NORMAL,1,train,4,"For a selected inner_fold k, samples with inner_fold=k are inner validation; all others are inner training."
S000352,ODIR,NORMAL,ODIR__NORMAL,1,train,4,"For a selected inner_fold k, samples with inner_fold=k are inner validation; all others are inner training."
S000353,ODIR,NORMAL,ODIR__NORMAL,1,train,2,"For a selected inner_fold k, samples with inner_fold=k are inner validation; all others are inner training."
S000354,ODIR,NORMAL,ODIR__NORMAL,1,train,2,"For a selected inner_fold k, samples with inner_fold=k are inner validation; all others are inner training."
S000355,ODIR,NORMAL,ODIR__NORMAL,1,train,1,"For a selected inner_fold k, samples with inner_fold=k are inner validation; all others are inner training."
S000357,ODIR,NORMAL,ODIR__NORMAL,1,train,3,"For a selected inner_fold k, samples with inner_fold=k are inner validation; all others are inner training."
S000358,ODIR,NORMAL,ODIR__NORMAL,1,train,3,"For a selected inner_fold k, samples with inner_fold=k are inner validation; all others are inner training."
S000359,ODIR,NORMAL,ODIR__NORMAL,1,train,4,"For a selected inner_fold k, samples with inner_fold=k are inner validation; all others are inner training."
S000360,ODIR,NORMAL,ODIR__NORMAL,1,train,3,"For a selected inner_fold k, samples with inner_fold=k are inner validation; all others are inner training."
S000361,ODIR,NORMAL,ODIR__NORMAL,1,train,1,"For a selected inner_fold k, samples with inner_fold=k are inner validation; all others are inner training."
S000362,ODIR,NORMAL,ODIR__NORMAL,1,train,2,"For a selected inner_fold k, samples with inner_fold=k are inner validation; all others are inner training."
S000363,ODIR,NORMAL,ODIR__NORMAL,1,train,4,"For a selected inner_fold k, samples with inner_fold=k are inner validation; all others are inner training."
S000364,ODIR,AMD_DRY,ODIR__AMD_DRY,1,train,1,"For a selected inner_fold k, samples with inner_fold=k are inner validation; all others are inner training."
S000365,ODIR,AMD_DRY,ODIR__AMD_DRY,1,train,4,"For a selected inner_fold k, samples with inner_fold=k are inner validation; all others are inner training."
S000366,ODIR,AMD_DRY,ODIR__AMD_DRY,1,train,4,"For a selected inner_fold k, samples with inner_fold=k are inner validation; all others are inner training."
S000367,ODIR,AMD_DRY,ODIR__AMD_DRY,1,train,1,"For a selected inner_fold k, samples with inner_fold=k are inner validation; all others are inner training."
S000368,ODIR,AMD_DRY,ODIR__AMD_DRY,1,train,3,"For a selected inner_fold k, samples with inner_fold=k are inner validation; all others are inner training."
S000369,ODIR,AMD_DRY,ODIR__AMD_DRY,1,train,2,"For a selected inner_fold k, samples with inner_fold=k are inner validation; all others are inner training."
S000370,ODIR,AMD_DRY,ODIR__AMD_DRY,1,train,4,"For a selected inner_fold k, samples with inner_fold=k are inner validation; all others are inner training."
S000371,ODIR,AMD_DRY,ODIR__AMD_DRY,1,train,2,"For a selected inner_fold k, samples with inner_fold=k are inner validation; all others are inner training."
S000372,ODIR,AMD_DRY,ODIR__AMD_DRY,1,train,4,"For a selected inner_fold k, samples with inner_fold=k are inner validation; all others are inner training."
S000373,ODIR,AMD_DRY,ODIR__AMD_DRY,1,train,1,"For a selected inner_fold k, samples with inner_fold=k are inner validation; all others are inner training."
S000374,ODIR,AMD_DRY,ODIR__AMD_DRY,1,train,1,"For a selected inner_fold k, samples with inner_fold=k are inner validation; all others are inner training."
S000375,ODIR,AMD_DRY,ODIR__AMD_DRY,1,train,2,"For a selected inner_fold k, samples with inner_fold=k are inner validation; all others are inner training."
S000376,ODIR,AMD_DRY,ODIR__AMD_DRY,1,train,4,"For a selected inner_fold k, samples with inner_fold=k are inner validation; all others are inner training."
S000377,ODIR,AMD_DRY,ODIR__AMD_DRY,1,train,2,"For a selected inner_fold k, samples with inner_fold=k are inner validation; all others are inner training."
S000378,ODIR,AMD_DRY,ODIR__AMD_DRY,1,train,4,"For a selected inner_fold k, samples with inner_fold=k are inner validation; all others are inner training."
S000379,ODIR,AMD_DRY,ODIR__AMD_DRY,1,train,1,"For a selected inner_fold k, samples with inner_fold=k are inner validation; all others are inner training."
S000380,ODIR,AMD_DRY,ODIR__AMD_DRY,1,train,2,"For a selected inner_fold k, samples with inner_fold=k are inner validation; all others are inner training."
S000381,ODIR,AMD_DRY,ODIR__AMD_DRY,1,train,4,"For a selected inner_fold k, samples with inner_fold=k are inner validation; all others are inner training."
S000383,ODIR,AMD_DRY,ODIR__AMD_DRY,1,train,2,"For a selected inner_fold k, samples with inner_fold=k are inner validation; all others are inner training."
S000384,ODIR,AMD_DRY,ODIR__AMD_DRY,1,train,2,"For a selected inner_fold k, samples with inner_fold=k are inner validation; all others are inner training."
S000385,ODIR,AMD_DRY,ODIR__AMD_DRY,1,train,4,"For a selected inner_fold k, samples with inner_fold=k are inner validation; all others are inner training."
S000386,ODIR,AMD_DRY,ODIR__AMD_DRY,1,train,3,"For a selected inner_fold k, samples with inner_fold=k are inner validation; all others are inner training."
S000389,ODIR,AMD_DRY,ODIR__AMD_DRY,1,train,1,"For a selected inner_fold k, samples with inner_fold=k are inner validation; all others are inner training."
S000390,ODIR,AMD_DRY,ODIR__AMD_DRY,1,train,3,"For a selected inner_fold k, samples with inner_fold=k are inner validation; all others are inner training."
S000391,ODIR,AMD_DRY,ODIR__AMD_DRY,1,train,1,"For a selected inner_fold k, samples with inner_fold=k are inner validation; all others are inner training."
S000392,ODIR,AMD_DRY,ODIR__AMD_DRY,1,train,1,"For a selected inner_fold k, samples with inner_fold=k are inner validation; all others are inner training."
S000393,ODIR,AMD_DRY,ODIR__AMD_DRY,1,train,4,"For a selected inner_fold k, samples with inner_fold=k are inner validation; all others are inner training."
S000394,ODIR,AMD_DRY,ODIR__AMD_DRY,1,train,1,"For a selected inner_fold k, samples with inner_fold=k are inner validation; all others are inner training."
S000395,ODIR,AMD_DRY,ODIR__AMD_DRY,1,train,1,"For a selected inner_fold k, samples with inner_fold=k are inner validation; all others are inner training."
S000396,ODIR,AMD_DRY,ODIR__AMD_DRY,1,train,3,"For a selected inner_fold k, samples with inner_fold=k are inner validation; all others are inner training."
S000398,ODIR,AMD_DRY,ODIR__AMD_DRY,1,train,4,"For a selected inner_fold k, samples with inner_fold=k are inner validation; all others are inner training."
S000399,ODIR,AMD_DRY,ODIR__AMD_DRY,1,train,2,"For a selected inner_fold k, samples with inner_fold=k are inner validation; all others are inner training."
S000400,ODIR,AMD_DRY,ODIR__AMD_DRY,1,train,3,"For a selected inner_fold k, samples with inner_fold=k are inner validation; all others are inner training."
S000401,ODIR,AMD_DRY,ODIR__AMD_DRY,1,train,3,"For a selected inner_fold k, samples with inner_fold=k are inner validation; all others are inner training."
S000402,ODIR,AMD_DRY,ODIR__AMD_DRY,1,train,2,"For a selected inner_fold k, samples with inner_fold=k are inner validation; all others are inner training."
S000403,ODIR,AMD_DRY,ODIR__AMD_DRY,1,train,1,"For a selected inner_fold k, samples with inner_fold=k are inner validation; all others are inner training."
S000404,ODIR,AMD_DRY,ODIR__AMD_DRY,1,train,3,"For a selected inner_fold k, samples with inner_fold=k are inner validation; all others are inner training."
S000406,ODIR,AMD_DRY,ODIR__AMD_DRY,1,train,1,"For a selected inner_fold k, samples with inner_fold=k are inner validation; all others are inner training."
S000407,ODIR,AMD_DRY,ODIR__AMD_DRY,1,train,3,"For a selected inner_fold k, samples with inner_fold=k are inner validation; all others are inner training."
S000409,ODIR,AMD_DRY,ODIR__AMD_DRY,1,train,2,"For a selected inner_fold k, samples with inner_fold=k are inner validation; all others are inner training."
S000410,ODIR,AMD_DRY,ODIR__AMD_DRY,1,train,1,"For a selected inner_fold k, samples with inner_fold=k are inner validation; all others are inner training."
S000411,ODIR,AMD_DRY,ODIR__AMD_DRY,1,train,1,"For a selected inner_fold k, samples with inner_fold=k are inner validation; all others are inner training."
S000412,ODIR,AMD_DRY,ODIR__AMD_DRY,1,train,3,"For a selected inner_fold k, samples with inner_fold=k are inner validation; all others are inner training."
S000416,ODIR,AMD_DRY,ODIR__AMD_DRY,1,train,1,"For a selected inner_fold k, samples with inner_fold=k are inner validation; all others are inner training."
S000417,ODIR,AMD_DRY,ODIR__AMD_DRY,1,train,2,"For a selected inner_fold k, samples with inner_fold=k are inner validation; all others are inner training."
S000418,ODIR,AMD_DRY,ODIR__AMD_DRY,1,train,4,"For a selected inner_fold k, samples with inner_fold=k are inner validation; all others are inner training."
S000419,ODIR,AMD_DRY,ODIR__AMD_DRY,1,train,3,"For a selected inner_fold k, samples with inner_fold=k are inner validation; all others are inner training."
S000420,ODIR,AMD_DRY,ODIR__AMD_DRY,1,train,2,"For a selected inner_fold k, samples with inner_fold=k are inner validation; all others are inner training."
S000423,ODIR,AMD_DRY,ODIR__AMD_DRY,1,train,4,"For a selected inner_fold k, samples with inner_fold=k are inner validation; all others are inner training."
S000424,ODIR,AMD_DRY,ODIR__AMD_DRY,1,train,3,"For a selected inner_fold k, samples with inner_fold=k are inner validation; all others are inner training."
S000425,ODIR,AMD_DRY,ODIR__AMD_DRY,1,train,4,"For a selected inner_fold k, samples with inner_fold=k are inner validation; all others are inner training."
S000426,ODIR,AMD_DRY,ODIR__AMD_DRY,1,train,2,"For a selected inner_fold k, samples with inner_fold=k are inner validation; all others are inner training."
S000427,ODIR,AMD_DRY,ODIR__AMD_DRY,1,train,4,"For a selected inner_fold k, samples with inner_fold=k are inner validation; all others are inner training."
S000428,ODIR,AMD_DRY,ODIR__AMD_DRY,1,train,4,"For a selected inner_fold k, samples with inner_fold=k are inner validation; all others are inner training."
S000430,ODIR,AMD_DRY,ODIR__AMD_DRY,1,train,3,"For a selected inner_fold k, samples with inner_fold=k are inner validation; all others are inner training."
S000434,ODIR,AMD_DRY,ODIR__AMD_DRY,1,train,4,"For a selected inner_fold k, samples with inner_fold=k are inner validation; all others are inner training."
S000435,ODIR,AMD_DRY,ODIR__AMD_DRY,1,train,3,"For a selected inner_fold k, samples with inner_fold=k are inner validation; all others are inner training."
S000438,ODIR,AMD_DRY,ODIR__AMD_DRY,1,train,3,"For a selected inner_fold k, samples with inner_fold=k are inner validation; all others are inner training."
S000439,ODIR,AMD_DRY,ODIR__AMD_DRY,1,train,2,"For a selected inner_fold k, samples with inner_fold=k are inner validation; all others are inner training."
S000440,ODIR,AMD_DRY,ODIR__AMD_DRY,1,train,1,"For a selected inner_fold k, samples with inner_fold=k are inner validation; all others are inner training."
S000441,ODIR,AMD_DRY,ODIR__AMD_DRY,1,train,3,"For a selected inner_fold k, samples with inner_fold=k are inner validation; all others are inner training."
S000442,ODIR,AMD_DRY,ODIR__AMD_DRY,1,train,2,"For a selected inner_fold k, samples with inner_fold=k are inner validation; all others are inner training."
S000443,ODIR,AMD_DRY,ODIR__AMD_DRY,1,train,2,"For a selected inner_fold k, samples with inner_fold=k are inner validation; all others are inner training."
S000444,ODIR,AMD_DRY,ODIR__AMD_DRY,1,train,3,"For a selected inner_fold k, samples with inner_fold=k are inner validation; all others are inner training."
S000445,ODIR,AMD_WET,ODIR__AMD_WET,1,train,2,"For a selected inner_fold k, samples with inner_fold=k are inner validation; all others are inner training."
S000447,ODIR,AMD_WET,ODIR__AMD_WET,1,train,1,"For a selected inner_fold k, samples with inner_fold=k are inner validation; all others are inner training."
S000448,ODIR,AMD_WET,ODIR__AMD_WET,1,train,1,"For a selected inner_fold k, samples with inner_fold=k are inner validation; all others are inner training."
S000449,ODIR,AMD_WET,ODIR__AMD_WET,1,train,1,"For a selected inner_fold k, samples with inner_fold=k are inner validation; all others are inner training."
S000451,ODIR,AMD_WET,ODIR__AMD_WET,1,train,3,"For a selected inner_fold k, samples with inner_fold=k are inner validation; all others are inner training."
S000453,ODIR,AMD_WET,ODIR__AMD_WET,1,train,2,"For a selected inner_fold k, samples with inner_fold=k are inner validation; all others are inner training."
S000455,ODIR,AMD_WET,ODIR__AMD_WET,1,train,3,"For a selected inner_fold k, samples with inner_fold=k are inner validation; all others are inner training."
S000456,ODIR,AMD_WET,ODIR__AMD_WET,1,train,4,"For a selected inner_fold k, samples with inner_fold=k are inner validation; all others are inner training."
S000457,ODIR,AMD_WET,ODIR__AMD_WET,1,train,2,"For a selected inner_fold k, samples with inner_fold=k are inner validation; all others are inner training."
S000458,ODIR,AMD_WET,ODIR__AMD_WET,1,train,3,"For a selected inner_fold k, samples with inner_fold=k are inner validation; all others are inner training."
S000459,ODIR,AMD_WET,ODIR__AMD_WET,1,train,1,"For a selected inner_fold k, samples with inner_fold=k are inner validation; all others are inner training."
S000460,ODIR,AMD_WET,ODIR__AMD_WET,1,train,4,"For a selected inner_fold k, samples with inner_fold=k are inner validation; all others are inner training."
S000461,ODIR,AMD_WET,ODIR__AMD_WET,1,train,4,"For a selected inner_fold k, samples with inner_fold=k are inner validation; all others are inner training."
S000462,ODIR,AMD_WET,ODIR__AMD_WET,1,train,1,"For a selected inner_fold k, samples with inner_fold=k are inner validation; all others are inner training."
S000463,ODIR,AMD_WET,ODIR__AMD_WET,1,train,3,"For a selected inner_fold k, samples with inner_fold=k are inner validation; all others are inner training."
S000464,ODIR,AMD_WET,ODIR__AMD_WET,1,train,3,"For a selected inner_fold k, samples with inner_fold=k are inner validation; all others are inner training."
S000465,ODIR,AMD_WET,ODIR__AMD_WET,1,train,4,"For a selected inner_fold k, samples with inner_fold=k are inner validation; all others are inner training."
S000466,ODIR,AMD_WET,ODIR__AMD_WET,1,train,2,"For a selected inner_fold k, samples with inner_fold=k are inner validation; all others are inner training."
S000468,ODIR,AMD_WET,ODIR__AMD_WET,1,train,3,"For a selected inner_fold k, samples with inner_fold=k are inner validation; all others are inner training."
S000469,ODIR,AMD_WET,ODIR__AMD_WET,1,train,4,"For a selected inner_fold k, samples with inner_fold=k are inner validation; all others are inner training."
S000470,ODIR,AMD_WET,ODIR__AMD_WET,1,train,2,"For a selected inner_fold k, samples with inner_fold=k are inner validation; all others are inner training."
S000471,ODIR,AMD_WET,ODIR__AMD_WET,1,train,1,"For a selected inner_fold k, samples with inner_fold=k are inner validation; all others are inner training."
S000472,ODIR,AMD_WET,ODIR__AMD_WET,1,train,2,"For a selected inner_fold k, samples with inner_fold=k are inner validation; all others are inner training."
S000473,RFMID,NORMAL,RFMID__NORMAL,1,train,3,"For a selected inner_fold k, samples with inner_fold=k are inner validation; all others are inner training."
S000474,RFMID,NORMAL,RFMID__NORMAL,1,train,3,"For a selected inner_fold k, samples with inner_fold=k are inner validation; all others are inner training."
S000475,RFMID,NORMAL,RFMID__NORMAL,1,train,2,"For a selected inner_fold k, samples with inner_fold=k are inner validation; all others are inner training."
S000476,RFMID,NORMAL,RFMID__NORMAL,1,train,4,"For a selected inner_fold k, samples with inner_fold=k are inner validation; all others are inner training."
S000478,RFMID,NORMAL,RFMID__NORMAL,1,train,1,"For a selected inner_fold k, samples with inner_fold=k are inner validation; all others are inner training."
S000479,RFMID,NORMAL,RFMID__NORMAL,1,train,2,"For a selected inner_fold k, samples with inner_fold=k are inner validation; all others are inner training."
S000481,RFMID,NORMAL,RFMID__NORMAL,1,train,3,"For a selected inner_fold k, samples with inner_fold=k are inner validation; all others are inner training."
S000482,RFMID,NORMAL,RFMID__NORMAL,1,train,1,"For a selected inner_fold k, samples with inner_fold=k are inner validation; all others are inner training."
S000483,RFMID,NORMAL,RFMID__NORMAL,1,train,1,"For a selected inner_fold k, samples with inner_fold=k are inner validation; all others are inner training."
S000486,RFMID,NORMAL,RFMID__NORMAL,1,train,3,"For a selected inner_fold k, samples with inner_fold=k are inner validation; all others are inner training."
S000487,RFMID,NORMAL,RFMID__NORMAL,1,train,1,"For a selected inner_fold k, samples with inner_fold=k are inner validation; all others are inner training."
S000488,RFMID,NORMAL,RFMID__NORMAL,1,train,4,"For a selected inner_fold k, samples with inner_fold=k are inner validation; all others are inner training."
S000489,RFMID,NORMAL,RFMID__NORMAL,1,train,2,"For a selected inner_fold k, samples with inner_fold=k are inner validation; all others are inner training."
S000490,RFMID,NORMAL,RFMID__NORMAL,1,train,3,"For a selected inner_fold k, samples with inner_fold=k are inner validation; all others are inner training."
S000492,RFMID,NORMAL,RFMID__NORMAL,1,train,4,"For a selected inner_fold k, samples with inner_fold=k are inner validation; all others are inner training."
S000494,RFMID,NORMAL,RFMID__NORMAL,1,train,3,"For a selected inner_fold k, samples with inner_fold=k are inner validation; all others are inner training."
S000495,RFMID,NORMAL,RFMID__NORMAL,1,train,1,"For a selected inner_fold k, samples with inner_fold=k are inner validation; all others are inner training."
S000496,RFMID,NORMAL,RFMID__NORMAL,1,train,2,"For a selected inner_fold k, samples with inner_fold=k are inner validation; all others are inner training."
S000497,RFMID,NORMAL,RFMID__NORMAL,1,train,1,"For a selected inner_fold k, samples with inner_fold=k are inner validation; all others are inner training."
S000498,RFMID,NORMAL,RFMID__NORMAL,1,train,4,"For a selected inner_fold k, samples with inner_fold=k are inner validation; all others are inner training."
S000499,RFMID,NORMAL,RFMID__NORMAL,1,train,4,"For a selected inner_fold k, samples with inner_fold=k are inner validation; all others are inner training."
S000500,RFMID,NORMAL,RFMID__NORMAL,1,train,4,"For a selected inner_fold k, samples with inner_fold=k are inner validation; all others are inner training."
S000501,RFMID,NORMAL,RFMID__NORMAL,1,train,4,"For a selected inner_fold k, samples with inner_fold=k are inner validation; all others are inner training."
S000502,RFMID,NORMAL,RFMID__NORMAL,1,train,2,"For a selected inner_fold k, samples with inner_fold=k are inner validation; all others are inner training."
S000503,RFMID,NORMAL,RFMID__NORMAL,1,train,4,"For a selected inner_fold k, samples with inner_fold=k are inner validation; all others are inner training."
S000505,RFMID,NORMAL,RFMID__NORMAL,1,train,2,"For a selected inner_fold k, samples with inner_fold=k are inner validation; all others are inner training."
S000508,RFMID,NORMAL,RFMID__NORMAL,1,train,4,"For a selected inner_fold k, samples with inner_fold=k are inner validation; all others are inner training."
S000509,RFMID,NORMAL,RFMID__NORMAL,1,train,1,"For a selected inner_fold k, samples with inner_fold=k are inner validation; all others are inner training."
S000510,RFMID,NORMAL,RFMID__NORMAL,1,train,1,"For a selected inner_fold k, samples with inner_fold=k are inner validation; all others are inner training."
S000511,RFMID,NORMAL,RFMID__NORMAL,1,train,3,"For a selected inner_fold k, samples with inner_fold=k are inner validation; all others are inner training."
S000512,RFMID,NORMAL,RFMID__NORMAL,1,train,1,"For a selected inner_fold k, samples with inner_fold=k are inner validation; all others are inner training."
S000513,RFMID,NORMAL,RFMID__NORMAL,1,train,2,"For a selected inner_fold k, samples with inner_fold=k are inner validation; all others are inner training."
S000514,RFMID,NORMAL,RFMID__NORMAL,1,train,3,"For a selected inner_fold k, samples with inner_fold=k are inner validation; all others are inner training."
S000516,RFMID,NORMAL,RFMID__NORMAL,1,train,4,"For a selected inner_fold k, samples with inner_fold=k are inner validation; all others are inner training."
S000517,RFMID,NORMAL,RFMID__NORMAL,1,train,3,"For a selected inner_fold k, samples with inner_fold=k are inner validation; all others are inner training."
S000518,RFMID,NORMAL,RFMID__NORMAL,1,train,1,"For a selected inner_fold k, samples with inner_fold=k are inner validation; all others are inner training."
S000519,RFMID,NORMAL,RFMID__NORMAL,1,train,2,"For a selected inner_fold k, samples with inner_fold=k are inner validation; all others are inner training."
S000520,RFMID,NORMAL,RFMID__NORMAL,1,train,1,"For a selected inner_fold k, samples with inner_fold=k are inner validation; all others are inner training."
S000521,RFMID,NORMAL,RFMID__NORMAL,1,train,2,"For a selected inner_fold k, samples with inner_fold=k are inner validation; all others are inner training."
S000523,RFMID,NORMAL,RFMID__NORMAL,1,train,4,"For a selected inner_fold k, samples with inner_fold=k are inner validation; all others are inner training."
S000524,RFMID,NORMAL,RFMID__NORMAL,1,train,2,"For a selected inner_fold k, samples with inner_fold=k are inner validation; all others are inner training."
S000525,RFMID,NORMAL,RFMID__NORMAL,1,train,1,"For a selected inner_fold k, samples with inner_fold=k are inner validation; all others are inner training."
S000526,RFMID,NORMAL,RFMID__NORMAL,1,train,2,"For a selected inner_fold k, samples with inner_fold=k are inner validation; all others are inner training."
S000528,RFMID,NORMAL,RFMID__NORMAL,1,train,3,"For a selected inner_fold k, samples with inner_fold=k are inner validation; all others are inner training."
S000530,RFMID,NORMAL,RFMID__NORMAL,1,train,2,"For a selected inner_fold k, samples with inner_fold=k are inner validation; all others are inner training."
S000531,RFMID,NORMAL,RFMID__NORMAL,1,train,4,"For a selected inner_fold k, samples with inner_fold=k are inner validation; all others are inner training."
S000532,RFMID,NORMAL,RFMID__NORMAL,1,train,1,"For a selected inner_fold k, samples with inner_fold=k are inner validation; all others are inner training."
S000533,RFMID,NORMAL,RFMID__NORMAL,1,train,4,"For a selected inner_fold k, samples with inner_fold=k are inner validation; all others are inner training."
S000534,RFMID,NORMAL,RFMID__NORMAL,1,train,3,"For a selected inner_fold k, samples with inner_fold=k are inner validation; all others are inner training."
S000535,RFMID,NORMAL,RFMID__NORMAL,1,train,3,"For a selected inner_fold k, samples with inner_fold=k are inner validation; all others are inner training."
S000536,RFMID,AMD_DRY,RFMID__AMD_DRY,1,train,1,"For a selected inner_fold k, samples with inner_fold=k are inner validation; all others are inner training."
S000537,RFMID,AMD_DRY,RFMID__AMD_DRY,1,train,3,"For a selected inner_fold k, samples with inner_fold=k are inner validation; all others are inner training."
S000538,RFMID,AMD_DRY,RFMID__AMD_DRY,1,train,4,"For a selected inner_fold k, samples with inner_fold=k are inner validation; all others are inner training."
S000539,RFMID,AMD_DRY,RFMID__AMD_DRY,1,train,2,"For a selected inner_fold k, samples with inner_fold=k are inner validation; all others are inner training."
S000540,RFMID,AMD_DRY,RFMID__AMD_DRY,1,train,2,"For a selected inner_fold k, samples with inner_fold=k are inner validation; all others are inner training."
S000541,RFMID,AMD_DRY,RFMID__AMD_DRY,1,train,3,"For a selected inner_fold k, samples with inner_fold=k are inner validation; all others are inner training."
S000543,RFMID,AMD_DRY,RFMID__AMD_DRY,1,train,4,"For a selected inner_fold k, samples with inner_fold=k are inner validation; all others are inner training."
S000544,RFMID,AMD_WET,RFMID__AMD_WET,1,train,2,"For a selected inner_fold k, samples with inner_fold=k are inner validation; all others are inner training."
S000546,RFMID,AMD_WET,RFMID__AMD_WET,1,train,1,"For a selected inner_fold k, samples with inner_fold=k are inner validation; all others are inner training."
S000547,RFMID,AMD_WET,RFMID__AMD_WET,1,train,1,"For a selected inner_fold k, samples with inner_fold=k are inner validation; all others are inner training."
S000548,RFMID,AMD_WET,RFMID__AMD_WET,1,train,4,"For a selected inner_fold k, samples with inner_fold=k are inner validation; all others are inner training."
S000549,RFMID,AMD_WET,RFMID__AMD_WET,1,train,4,"For a selected inner_fold k, samples with inner_fold=k are inner validation; all others are inner training."
S000550,RFMID,AMD_WET,RFMID__AMD_WET,1,train,4,"For a selected inner_fold k, samples with inner_fold=k are inner validation; all others are inner training."
S000551,RFMID,AMD_WET,RFMID__AMD_WET,1,train,1,"For a selected inner_fold k, samples with inner_fold=k are inner validation; all others are inner training."
S000554,RFMID,AMD_WET,RFMID__AMD_WET,1,train,3,"For a selected inner_fold k, samples with inner_fold=k are inner validation; all others are inner training."
S000555,RFMID,AMD_WET,RFMID__AMD_WET,1,train,2,"For a selected inner_fold k, samples with inner_fold=k are inner validation; all others are inner training."
S000556,RFMID,AMD_WET,RFMID__AMD_WET,1,train,2,"For a selected inner_fold k, samples with inner_fold=k are inner validation; all others are inner training."
S000557,RFMID,AMD_WET,RFMID__AMD_WET,1,train,2,"For a selected inner_fold k, samples with inner_fold=k are inner validation; all others are inner training."
S000558,RFMID,AMD_WET,RFMID__AMD_WET,1,train,4,"For a selected inner_fold k, samples with inner_fold=k are inner validation; all others are inner training."
S000559,RFMID,AMD_WET,RFMID__AMD_WET,1,train,1,"For a selected inner_fold k, samples with inner_fold=k are inner validation; all others are inner training."
S000560,RFMID,AMD_WET,RFMID__AMD_WET,1,train,2,"For a selected inner_fold k, samples with inner_fold=k are inner validation; all others are inner training."
S000561,RFMID,AMD_WET,RFMID__AMD_WET,1,train,3,"For a selected inner_fold k, samples with inner_fold=k are inner validation; all others are inner training."
S000562,RFMID,AMD_WET,RFMID__AMD_WET,1,train,3,"For a selected inner_fold k, samples with inner_fold=k are inner validation; all others are inner training."
S000563,RFMID,AMD_WET,RFMID__AMD_WET,1,train,1,"For a selected inner_fold k, samples with inner_fold=k are inner validation; all others are inner training."
S000564,RFMID,AMD_WET,RFMID__AMD_WET,1,train,2,"For a selected inner_fold k, samples with inner_fold=k are inner validation; all others are inner training."
S000566,RFMID,AMD_WET,RFMID__AMD_WET,1,train,3,"For a selected inner_fold k, samples with inner_fold=k are inner validation; all others are inner training."
S000567,RFMID,AMD_WET,RFMID__AMD_WET,1,train,4,"For a selected inner_fold k, samples with inner_fold=k are inner validation; all others are inner training."
S000568,RFMID,AMD_WET,RFMID__AMD_WET,1,train,4,"For a selected inner_fold k, samples with inner_fold=k are inner validation; all others are inner training."
S000569,RFMID,AMD_WET,RFMID__AMD_WET,1,train,2,"For a selected inner_fold k, samples with inner_fold=k are inner validation; all others are inner training."
S000570,RFMID,AMD_WET,RFMID__AMD_WET,1,train,1,"For a selected inner_fold k, samples with inner_fold=k are inner validation; all others are inner training."
S000571,RFMID,AMD_WET,RFMID__AMD_WET,1,train,1,"For a selected inner_fold k, samples with inner_fold=k are inner validation; all others are inner training."
S000572,RFMID,AMD_WET,RFMID__AMD_WET,1,train,4,"For a selected inner_fold k, samples with inner_fold=k are inner validation; all others are inner training."
S000573,RFMID,AMD_WET,RFMID__AMD_WET,1,train,2,"For a selected inner_fold k, samples with inner_fold=k are inner validation; all others are inner training."
S000574,RFMID,AMD_WET,RFMID__AMD_WET,1,train,4,"For a selected inner_fold k, samples with inner_fold=k are inner validation; all others are inner training."
S000575,RFMID,AMD_WET,RFMID__AMD_WET,1,train,4,"For a selected inner_fold k, samples with inner_fold=k are inner validation; all others are inner training."
S000577,RFMID,AMD_WET,RFMID__AMD_WET,1,train,3,"For a selected inner_fold k, samples with inner_fold=k are inner validation; all others are inner training."
S000579,RFMID,AMD_WET,RFMID__AMD_WET,1,train,3,"For a selected inner_fold k, samples with inner_fold=k are inner validation; all others are inner training."
S000581,RFMID,AMD_WET,RFMID__AMD_WET,1,train,2,"For a selected inner_fold k, samples with inner_fold=k are inner validation; all others are inner training."
S000582,RFMID,AMD_WET,RFMID__AMD_WET,1,train,2,"For a selected inner_fold k, samples with inner_fold=k are inner validation; all others are inner training."
S000585,RFMID,AMD_WET,RFMID__AMD_WET,1,train,3,"For a selected inner_fold k, samples with inner_fold=k are inner validation; all others are inner training."
S000586,RFMID,AMD_WET,RFMID__AMD_WET,1,train,1,"For a selected inner_fold k, samples with inner_fold=k are inner validation; all others are inner training."
S000587,RFMID,AMD_WET,RFMID__AMD_WET,1,train,3,"For a selected inner_fold k, samples with inner_fold=k are inner validation; all others are inner training."
S000588,RFMID,AMD_WET,RFMID__AMD_WET,1,train,1,"For a selected inner_fold k, samples with inner_fold=k are inner validation; all others are inner training."
S000590,RFMID,AMD_WET,RFMID__AMD_WET,1,train,1,"For a selected inner_fold k, samples with inner_fold=k are inner validation; all others are inner training."
S000592,RFMID,AMD_WET,RFMID__AMD_WET,1,train,4,"For a selected inner_fold k, samples with inner_fold=k are inner validation; all others are inner training."
S000593,RFMID,AMD_WET,RFMID__AMD_WET,1,train,2,"For a selected inner_fold k, samples with inner_fold=k are inner validation; all others are inner training."
S000594,RFMID,AMD_WET,RFMID__AMD_WET,1,train,3,"For a selected inner_fold k, samples with inner_fold=k are inner validation; all others are inner training."
S000595,RFMID,AMD_WET,RFMID__AMD_WET,1,train,3,"For a selected inner_fold k, samples with inner_fold=k are inner validation; all others are inner training."
S000596,RFMID,AMD_WET,RFMID__AMD_WET,1,train,3,"For a selected inner_fold k, samples with inner_fold=k are inner validation; all others are inner training."
S000597,RFMID,AMD_WET,RFMID__AMD_WET,1,train,1,"For a selected inner_fold k, samples with inner_fold=k are inner validation; all others are inner training."
S000002,ADAM,AMD_DRY,ADAM__AMD_DRY,1,validation,,Outer validation sample; never used in inner tuning.
S000003,ADAM,AMD_DRY,ADAM__AMD_DRY,1,validation,,Outer validation sample; never used in inner tuning.
S000010,ADAM,AMD_DRY,ADAM__AMD_DRY,1,validation,,Outer validation sample; never used in inner tuning.
S000013,ADAM,AMD_DRY,ADAM__AMD_DRY,1,validation,,Outer validation sample; never used in inner tuning.
S000019,ADAM,AMD_DRY,ADAM__AMD_DRY,1,validation,,Outer validation sample; never used in inner tuning.
S000026,ADAM,AMD_DRY,ADAM__AMD_DRY,1,validation,,Outer validation sample; never used in inner tuning.
S000032,ADAM,AMD_DRY,ADAM__AMD_DRY,1,validation,,Outer validation sample; never used in inner tuning.
S000040,ADAM,AMD_WET,ADAM__AMD_WET,1,validation,,Outer validation sample; never used in inner tuning.
S000045,ADAM,AMD_WET,ADAM__AMD_WET,1,validation,,Outer validation sample; never used in inner tuning.
S000047,ADAM,AMD_WET,ADAM__AMD_WET,1,validation,,Outer validation sample; never used in inner tuning.
S000051,ADAM,AMD_WET,ADAM__AMD_WET,1,validation,,Outer validation sample; never used in inner tuning.
S000062,FIVES,NORMAL,FIVES__NORMAL,1,validation,,Outer validation sample; never used in inner tuning.
S000064,FIVES,NORMAL,FIVES__NORMAL,1,validation,,Outer validation sample; never used in inner tuning.
S000071,FIVES,NORMAL,FIVES__NORMAL,1,validation,,Outer validation sample; never used in inner tuning.
S000072,FIVES,NORMAL,FIVES__NORMAL,1,validation,,Outer validation sample; never used in inner tuning.
S000083,FIVES,NORMAL,FIVES__NORMAL,1,validation,,Outer validation sample; never used in inner tuning.
S000085,FIVES,NORMAL,FIVES__NORMAL,1,validation,,Outer validation sample; never used in inner tuning.
S000090,FIVES,NORMAL,FIVES__NORMAL,1,validation,,Outer validation sample; never used in inner tuning.
S000093,FIVES,NORMAL,FIVES__NORMAL,1,validation,,Outer validation sample; never used in inner tuning.
S000101,FIVES,NORMAL,FIVES__NORMAL,1,validation,,Outer validation sample; never used in inner tuning.
S000105,FIVES,NORMAL,FIVES__NORMAL,1,validation,,Outer validation sample; never used in inner tuning.
S000106,FIVES,NORMAL,FIVES__NORMAL,1,validation,,Outer validation sample; never used in inner tuning.
S000107,FIVES,NORMAL,FIVES__NORMAL,1,validation,,Outer validation sample; never used in inner tuning.
S000111,FIVES,NORMAL,FIVES__NORMAL,1,validation,,Outer validation sample; never used in inner tuning.
S000114,FIVES,NORMAL,FIVES__NORMAL,1,validation,,Outer validation sample; never used in inner tuning.
S000123,FIVES,NORMAL,FIVES__NORMAL,1,validation,,Outer validation sample; never used in inner tuning.
S000124,FIVES,NORMAL,FIVES__NORMAL,1,validation,,Outer validation sample; never used in inner tuning.
S000126,FIVES,NORMAL,FIVES__NORMAL,1,validation,,Outer validation sample; never used in inner tuning.
S000136,FIVES,NORMAL,FIVES__NORMAL,1,validation,,Outer validation sample; never used in inner tuning.
S000142,FIVES,NORMAL,FIVES__NORMAL,1,validation,,Outer validation sample; never used in inner tuning.
S000143,FIVES,NORMAL,FIVES__NORMAL,1,validation,,Outer validation sample; never used in inner tuning.
S000157,FIVES,AMD_DRY,FIVES__AMD_DRY,1,validation,,Outer validation sample; never used in inner tuning.
S000165,FIVES,AMD_DRY,FIVES__AMD_DRY,1,validation,,Outer validation sample; never used in inner tuning.
S000166,FIVES,AMD_DRY,FIVES__AMD_DRY,1,validation,,Outer validation sample; never used in inner tuning.
S000171,FIVES,AMD_WET,FIVES__AMD_WET,1,validation,,Outer validation sample; never used in inner tuning.
S000175,FIVES,AMD_WET,FIVES__AMD_WET,1,validation,,Outer validation sample; never used in inner tuning.
S000181,FIVES,AMD_WET,FIVES__AMD_WET,1,validation,,Outer validation sample; never used in inner tuning.
S000196,FIVES,AMD_WET,FIVES__AMD_WET,1,validation,,Outer validation sample; never used in inner tuning.
S000197,FIVES,AMD_WET,FIVES__AMD_WET,1,validation,,Outer validation sample; never used in inner tuning.
S000198,FIVES,AMD_WET,FIVES__AMD_WET,1,validation,,Outer validation sample; never used in inner tuning.
S000199,FIVES,AMD_WET,FIVES__AMD_WET,1,validation,,Outer validation sample; never used in inner tuning.
S000209,FIVES,AMD_WET,FIVES__AMD_WET,1,validation,,Outer validation sample; never used in inner tuning.
S000214,FIVES,AMD_WET,FIVES__AMD_WET,1,validation,,Outer validation sample; never used in inner tuning.
S000221,FIVES,AMD_WET,FIVES__AMD_WET,1,validation,,Outer validation sample; never used in inner tuning.
S000223,FIVES,AMD_WET,FIVES__AMD_WET,1,validation,,Outer validation sample; never used in inner tuning.
S000228,FIVES,AMD_WET,FIVES__AMD_WET,1,validation,,Outer validation sample; never used in inner tuning.
S000231,FIVES,AMD_WET,FIVES__AMD_WET,1,validation,,Outer validation sample; never used in inner tuning.
S000240,ODIR,NORMAL,ODIR__NORMAL,1,validation,,Outer validation sample; never used in inner tuning.
S000252,ODIR,NORMAL,ODIR__NORMAL,1,validation,,Outer validation sample; never used in inner tuning.
S000255,ODIR,NORMAL,ODIR__NORMAL,1,validation,,Outer validation sample; never used in inner tuning.
S000256,ODIR,NORMAL,ODIR__NORMAL,1,validation,,Outer validation sample; never used in inner tuning.
S000258,ODIR,NORMAL,ODIR__NORMAL,1,validation,,Outer validation sample; never used in inner tuning.
S000264,ODIR,NORMAL,ODIR__NORMAL,1,validation,,Outer validation sample; never used in inner tuning.
S000265,ODIR,NORMAL,ODIR__NORMAL,1,validation,,Outer validation sample; never used in inner tuning.
S000267,ODIR,NORMAL,ODIR__NORMAL,1,validation,,Outer validation sample; never used in inner tuning.
S000268,ODIR,NORMAL,ODIR__NORMAL,1,validation,,Outer validation sample; never used in inner tuning.
S000274,ODIR,NORMAL,ODIR__NORMAL,1,validation,,Outer validation sample; never used in inner tuning.
S000275,ODIR,NORMAL,ODIR__NORMAL,1,validation,,Outer validation sample; never used in inner tuning.
S000282,ODIR,NORMAL,ODIR__NORMAL,1,validation,,Outer validation sample; never used in inner tuning.
S000291,ODIR,NORMAL,ODIR__NORMAL,1,validation,,Outer validation sample; never used in inner tuning.
S000298,ODIR,NORMAL,ODIR__NORMAL,1,validation,,Outer validation sample; never used in inner tuning.
S000307,ODIR,NORMAL,ODIR__NORMAL,1,validation,,Outer validation sample; never used in inner tuning.
S000317,ODIR,NORMAL,ODIR__NORMAL,1,validation,,Outer validation sample; never used in inner tuning.
S000318,ODIR,NORMAL,ODIR__NORMAL,1,validation,,Outer validation sample; never used in inner tuning.
S000321,ODIR,NORMAL,ODIR__NORMAL,1,validation,,Outer validation sample; never used in inner tuning.
S000326,ODIR,NORMAL,ODIR__NORMAL,1,validation,,Outer validation sample; never used in inner tuning.
S000327,ODIR,NORMAL,ODIR__NORMAL,1,validation,,Outer validation sample; never used in inner tuning.
S000329,ODIR,NORMAL,ODIR__NORMAL,1,validation,,Outer validation sample; never used in inner tuning.
S000333,ODIR,NORMAL,ODIR__NORMAL,1,validation,,Outer validation sample; never used in inner tuning.
S000349,ODIR,NORMAL,ODIR__NORMAL,1,validation,,Outer validation sample; never used in inner tuning.
S000351,ODIR,NORMAL,ODIR__NORMAL,1,validation,,Outer validation sample; never used in inner tuning.
S000356,ODIR,NORMAL,ODIR__NORMAL,1,validation,,Outer validation sample; never used in inner tuning.
S000382,ODIR,AMD_DRY,ODIR__AMD_DRY,1,validation,,Outer validation sample; never used in inner tuning.
S000387,ODIR,AMD_DRY,ODIR__AMD_DRY,1,validation,,Outer validation sample; never used in inner tuning.
S000388,ODIR,AMD_DRY,ODIR__AMD_DRY,1,validation,,Outer validation sample; never used in inner tuning.
S000397,ODIR,AMD_DRY,ODIR__AMD_DRY,1,validation,,Outer validation sample; never used in inner tuning.
S000405,ODIR,AMD_DRY,ODIR__AMD_DRY,1,validation,,Outer validation sample; never used in inner tuning.
S000408,ODIR,AMD_DRY,ODIR__AMD_DRY,1,validation,,Outer validation sample; never used in inner tuning.
S000413,ODIR,AMD_DRY,ODIR__AMD_DRY,1,validation,,Outer validation sample; never used in inner tuning.
S000414,ODIR,AMD_DRY,ODIR__AMD_DRY,1,validation,,Outer validation sample; never used in inner tuning.
S000415,ODIR,AMD_DRY,ODIR__AMD_DRY,1,validation,,Outer validation sample; never used in inner tuning.
S000421,ODIR,AMD_DRY,ODIR__AMD_DRY,1,validation,,Outer validation sample; never used in inner tuning.
S000422,ODIR,AMD_DRY,ODIR__AMD_DRY,1,validation,,Outer validation sample; never used in inner tuning.
S000429,ODIR,AMD_DRY,ODIR__AMD_DRY,1,validation,,Outer validation sample; never used in inner tuning.
S000431,ODIR,AMD_DRY,ODIR__AMD_DRY,1,validation,,Outer validation sample; never used in inner tuning.
S000432,ODIR,AMD_DRY,ODIR__AMD_DRY,1,validation,,Outer validation sample; never used in inner tuning.
S000433,ODIR,AMD_DRY,ODIR__AMD_DRY,1,validation,,Outer validation sample; never used in inner tuning.
S000436,ODIR,AMD_DRY,ODIR__AMD_DRY,1,validation,,Outer validation sample; never used in inner tuning.
S000437,ODIR,AMD_DRY,ODIR__AMD_DRY,1,validation,,Outer validation sample; never used in inner tuning.
S000446,ODIR,AMD_WET,ODIR__AMD_WET,1,validation,,Outer validation sample; never used in inner tuning.
S000450,ODIR,AMD_WET,ODIR__AMD_WET,1,validation,,Outer validation sample; never used in inner tuning.
S000452,ODIR,AMD_WET,ODIR__AMD_WET,1,validation,,Outer validation sample; never used in inner tuning.
S000454,ODIR,AMD_WET,ODIR__AMD_WET,1,validation,,Outer validation sample; never used in inner tuning.
S000467,ODIR,AMD_WET,ODIR__AMD_WET,1,validation,,Outer validation sample; never used in inner tuning.
S000477,RFMID,NORMAL,RFMID__NORMAL,1,validation,,Outer validation sample; never used in inner tuning.
S000480,RFMID,NORMAL,RFMID__NORMAL,1,validation,,Outer validation sample; never used in inner tuning.
S000484,RFMID,NORMAL,RFMID__NORMAL,1,validation,,Outer validation sample; never used in inner tuning.
S000485,RFMID,NORMAL,RFMID__NORMAL,1,validation,,Outer validation sample; never used in inner tuning.
S000491,RFMID,NORMAL,RFMID__NORMAL,1,validation,,Outer validation sample; never used in inner tuning.
S000493,RFMID,NORMAL,RFMID__NORMAL,1,validation,,Outer validation sample; never used in inner tuning.
S000504,RFMID,NORMAL,RFMID__NORMAL,1,validation,,Outer validation sample; never used in inner tuning.
S000506,RFMID,NORMAL,RFMID__NORMAL,1,validation,,Outer validation sample; never used in inner tuning.
S000507,RFMID,NORMAL,RFMID__NORMAL,1,validation,,Outer validation sample; never used in inner tuning.
S000515,RFMID,NORMAL,RFMID__NORMAL,1,validation,,Outer validation sample; never used in inner tuning.
S000522,RFMID,NORMAL,RFMID__NORMAL,1,validation,,Outer validation sample; never used in inner tuning.
S000527,RFMID,NORMAL,RFMID__NORMAL,1,validation,,Outer validation sample; never used in inner tuning.
S000529,RFMID,NORMAL,RFMID__NORMAL,1,validation,,Outer validation sample; never used in inner tuning.
S000542,RFMID,AMD_DRY,RFMID__AMD_DRY,1,validation,,Outer validation sample; never used in inner tuning.
S000545,RFMID,AMD_WET,RFMID__AMD_WET,1,validation,,Outer validation sample; never used in inner tuning.
S000552,RFMID,AMD_WET,RFMID__AMD_WET,1,validation,,Outer validation sample; never used in inner tuning.
S000553,RFMID,AMD_WET,RFMID__AMD_WET,1,validation,,Outer validation sample; never used in inner tuning.
S000565,RFMID,AMD_WET,RFMID__AMD_WET,1,validation,,Outer validation sample; never used in inner tuning.
S000576,RFMID,AMD_WET,RFMID__AMD_WET,1,validation,,Outer validation sample; never used in inner tuning.
S000578,RFMID,AMD_WET,RFMID__AMD_WET,1,validation,,Outer validation sample; never used in inner tuning.
S000580,RFMID,AMD_WET,RFMID__AMD_WET,1,validation,,Outer validation sample; never used in inner tuning.
S000583,RFMID,AMD_WET,RFMID__AMD_WET,1,validation,,Outer validation sample; never used in inner tuning.
S000584,RFMID,AMD_WET,RFMID__AMD_WET,1,validation,,Outer validation sample; never used in inner tuning.
S000589,RFMID,AMD_WET,RFMID__AMD_WET,1,validation,,Outer validation sample; never used in inner tuning.
S000591,RFMID,AMD_WET,RFMID__AMD_WET,1,validation,,Outer validation sample; never used in inner tuning.
S000001,ADAM,AMD_DRY,ADAM__AMD_DRY,2,train,1,"For a selected inner_fold k, samples with inner_fold=k are inner validation; all others are inner training."
S000002,ADAM,AMD_DRY,ADAM__AMD_DRY,2,train,2,"For a selected inner_fold k, samples with inner_fold=k are inner validation; all others are inner training."
S000003,ADAM,AMD_DRY,ADAM__AMD_DRY,2,train,4,"For a selected inner_fold k, samples with inner_fold=k are inner validation; all others are inner training."
S000004,ADAM,AMD_DRY,ADAM__AMD_DRY,2,train,2,"For a selected inner_fold k, samples with inner_fold=k are inner validation; all others are inner training."
S000007,ADAM,AMD_DRY,ADAM__AMD_DRY,2,train,2,"For a selected inner_fold k, samples with inner_fold=k are inner validation; all others are inner training."
S000008,ADAM,AMD_DRY,ADAM__AMD_DRY,2,train,4,"For a selected inner_fold k, samples with inner_fold=k are inner validation; all others are inner training."
S000010,ADAM,AMD_DRY,ADAM__AMD_DRY,2,train,3,"For a selected inner_fold k, samples with inner_fold=k are inner validation; all others are inner training."
S000012,ADAM,AMD_DRY,ADAM__AMD_DRY,2,train,2,"For a selected inner_fold k, samples with inner_fold=k are inner validation; all others are inner training."
S000013,ADAM,AMD_DRY,ADAM__AMD_DRY,2,train,1,"For a selected inner_fold k, samples with inner_fold=k are inner validation; all others are inner training."
S000014,ADAM,AMD_DRY,ADAM__AMD_DRY,2,train,2,"For a selected inner_fold k, samples with inner_fold=k are inner validation; all others are inner training."
S000015,ADAM,AMD_DRY,ADAM__AMD_DRY,2,train,4,"For a selected inner_fold k, samples with inner_fold=k are inner validation; all others are inner training."
S000016,ADAM,AMD_DRY,ADAM__AMD_DRY,2,train,3,"For a selected inner_fold k, samples with inner_fold=k are inner validation; all others are inner training."
S000017,ADAM,AMD_DRY,ADAM__AMD_DRY,2,train,3,"For a selected inner_fold k, samples with inner_fold=k are inner validation; all others are inner training."
S000018,ADAM,AMD_DRY,ADAM__AMD_DRY,2,train,3,"For a selected inner_fold k, samples with inner_fold=k are inner validation; all others are inner training."
S000019,ADAM,AMD_DRY,ADAM__AMD_DRY,2,train,4,"For a selected inner_fold k, samples with inner_fold=k are inner validation; all others are inner training."
S000020,ADAM,AMD_DRY,ADAM__AMD_DRY,2,train,2,"For a selected inner_fold k, samples with inner_fold=k are inner validation; all others are inner training."
S000021,ADAM,AMD_DRY,ADAM__AMD_DRY,2,train,1,"For a selected inner_fold k, samples with inner_fold=k are inner validation; all others are inner training."
S000022,ADAM,AMD_DRY,ADAM__AMD_DRY,2,train,4,"For a selected inner_fold k, samples with inner_fold=k are inner validation; all others are inner training."
S000023,ADAM,AMD_DRY,ADAM__AMD_DRY,2,train,1,"For a selected inner_fold k, samples with inner_fold=k are inner validation; all others are inner training."
S000024,ADAM,AMD_DRY,ADAM__AMD_DRY,2,train,1,"For a selected inner_fold k, samples with inner_fold=k are inner validation; all others are inner training."
S000026,ADAM,AMD_DRY,ADAM__AMD_DRY,2,train,4,"For a selected inner_fold k, samples with inner_fold=k are inner validation; all others are inner training."
S000028,ADAM,AMD_DRY,ADAM__AMD_DRY,2,train,1,"For a selected inner_fold k, samples with inner_fold=k are inner validation; all others are inner training."
S000029,ADAM,AMD_DRY,ADAM__AMD_DRY,2,train,3,"For a selected inner_fold k, samples with inner_fold=k are inner validation; all others are inner training."
S000030,ADAM,AMD_DRY,ADAM__AMD_DRY,2,train,2,"For a selected inner_fold k, samples with inner_fold=k are inner validation; all others are inner training."
S000031,ADAM,AMD_DRY,ADAM__AMD_DRY,2,train,4,"For a selected inner_fold k, samples with inner_fold=k are inner validation; all others are inner training."
S000032,ADAM,AMD_DRY,ADAM__AMD_DRY,2,train,3,"For a selected inner_fold k, samples with inner_fold=k are inner validation; all others are inner training."
S000034,ADAM,AMD_DRY,ADAM__AMD_DRY,2,train,1,"For a selected inner_fold k, samples with inner_fold=k are inner validation; all others are inner training."
S000035,ADAM,AMD_DRY,ADAM__AMD_DRY,2,train,3,"For a selected inner_fold k, samples with inner_fold=k are inner validation; all others are inner training."
S000036,ADAM,AMD_WET,ADAM__AMD_WET,2,train,3,"For a selected inner_fold k, samples with inner_fold=k are inner validation; all others are inner training."
S000038,ADAM,AMD_WET,ADAM__AMD_WET,2,train,4,"For a selected inner_fold k, samples with inner_fold=k are inner validation; all others are inner training."
S000040,ADAM,AMD_WET,ADAM__AMD_WET,2,train,1,"For a selected inner_fold k, samples with inner_fold=k are inner validation; all others are inner training."
S000041,ADAM,AMD_WET,ADAM__AMD_WET,2,train,1,"For a selected inner_fold k, samples with inner_fold=k are inner validation; all others are inner training."
S000042,ADAM,AMD_WET,ADAM__AMD_WET,2,train,1,"For a selected inner_fold k, samples with inner_fold=k are inner validation; all others are inner training."
S000043,ADAM,AMD_WET,ADAM__AMD_WET,2,train,2,"For a selected inner_fold k, samples with inner_fold=k are inner validation; all others are inner training."
S000045,ADAM,AMD_WET,ADAM__AMD_WET,2,train,3,"For a selected inner_fold k, samples with inner_fold=k are inner validation; all others are inner training."
S000046,ADAM,AMD_WET,ADAM__AMD_WET,2,train,2,"For a selected inner_fold k, samples with inner_fold=k are inner validation; all others are inner training."
S000047,ADAM,AMD_WET,ADAM__AMD_WET,2,train,4,"For a selected inner_fold k, samples with inner_fold=k are inner validation; all others are inner training."
S000048,ADAM,AMD_WET,ADAM__AMD_WET,2,train,2,"For a selected inner_fold k, samples with inner_fold=k are inner validation; all others are inner training."
S000050,ADAM,AMD_WET,ADAM__AMD_WET,2,train,3,"For a selected inner_fold k, samples with inner_fold=k are inner validation; all others are inner training."
S000051,ADAM,AMD_WET,ADAM__AMD_WET,2,train,4,"For a selected inner_fold k, samples with inner_fold=k are inner validation; all others are inner training."
S000052,ADAM,AMD_WET,ADAM__AMD_WET,2,train,1,"For a selected inner_fold k, samples with inner_fold=k are inner validation; all others are inner training."
S000053,FIVES,NORMAL,FIVES__NORMAL,2,train,1,"For a selected inner_fold k, samples with inner_fold=k are inner validation; all others are inner training."
S000055,FIVES,NORMAL,FIVES__NORMAL,2,train,3,"For a selected inner_fold k, samples with inner_fold=k are inner validation; all others are inner training."
S000056,FIVES,NORMAL,FIVES__NORMAL,2,train,1,"For a selected inner_fold k, samples with inner_fold=k are inner validation; all others are inner training."
S000057,FIVES,NORMAL,FIVES__NORMAL,2,train,1,"For a selected inner_fold k, samples with inner_fold=k are inner validation; all others are inner training."
S000058,FIVES,NORMAL,FIVES__NORMAL,2,train,4,"For a selected inner_fold k, samples with inner_fold=k are inner validation; all others are inner training."
S000061,FIVES,NORMAL,FIVES__NORMAL,2,train,1,"For a selected inner_fold k, samples with inner_fold=k are inner validation; all others are inner training."
S000062,FIVES,NORMAL,FIVES__NORMAL,2,train,3,"For a selected inner_fold k, samples with inner_fold=k are inner validation; all others are inner training."
S000064,FIVES,NORMAL,FIVES__NORMAL,2,train,3,"For a selected inner_fold k, samples with inner_fold=k are inner validation; all others are inner training."
S000065,FIVES,NORMAL,FIVES__NORMAL,2,train,4,"For a selected inner_fold k, samples with inner_fold=k are inner validation; all others are inner training."
S000066,FIVES,NORMAL,FIVES__NORMAL,2,train,1,"For a selected inner_fold k, samples with inner_fold=k are inner validation; all others are inner training."
S000067,FIVES,NORMAL,FIVES__NORMAL,2,train,4,"For a selected inner_fold k, samples with inner_fold=k are inner validation; all others are inner training."
S000070,FIVES,NORMAL,FIVES__NORMAL,2,train,4,"For a selected inner_fold k, samples with inner_fold=k are inner validation; all others are inner training."
S000071,FIVES,NORMAL,FIVES__NORMAL,2,train,1,"For a selected inner_fold k, samples with inner_fold=k are inner validation; all others are inner training."
S000072,FIVES,NORMAL,FIVES__NORMAL,2,train,3,"For a selected inner_fold k, samples with inner_fold=k are inner validation; all others are inner training."
S000073,FIVES,NORMAL,FIVES__NORMAL,2,train,1,"For a selected inner_fold k, samples with inner_fold=k are inner validation; all others are inner training."
S000074,FIVES,NORMAL,FIVES__NORMAL,2,train,4,"For a selected inner_fold k, samples with inner_fold=k are inner validation; all others are inner training."
S000075,FIVES,NORMAL,FIVES__NORMAL,2,train,4,"For a selected inner_fold k, samples with inner_fold=k are inner validation; all others are inner training."
S000076,FIVES,NORMAL,FIVES__NORMAL,2,train,3,"For a selected inner_fold k, samples with inner_fold=k are inner validation; all others are inner training."
S000077,FIVES,NORMAL,FIVES__NORMAL,2,train,1,"For a selected inner_fold k, samples with inner_fold=k are inner validation; all others are inner training."
S000078,FIVES,NORMAL,FIVES__NORMAL,2,train,1,"For a selected inner_fold k, samples with inner_fold=k are inner validation; all others are inner training."
S000079,FIVES,NORMAL,FIVES__NORMAL,2,train,4,"For a selected inner_fold k, samples with inner_fold=k are inner validation; all others are inner training."
S000080,FIVES,NORMAL,FIVES__NORMAL,2,train,3,"For a selected inner_fold k, samples with inner_fold=k are inner validation; all others are inner training."
S000081,FIVES,NORMAL,FIVES__NORMAL,2,train,1,"For a selected inner_fold k, samples with inner_fold=k are inner validation; all others are inner training."
S000082,FIVES,NORMAL,FIVES__NORMAL,2,train,3,"For a selected inner_fold k, samples with inner_fold=k are inner validation; all others are inner training."
S000083,FIVES,NORMAL,FIVES__NORMAL,2,train,1,"For a selected inner_fold k, samples with inner_fold=k are inner validation; all others are inner training."
S000084,FIVES,NORMAL,FIVES__NORMAL,2,train,3,"For a selected inner_fold k, samples with inner_fold=k are inner validation; all others are inner training."
S000085,FIVES,NORMAL,FIVES__NORMAL,2,train,3,"For a selected inner_fold k, samples with inner_fold=k are inner validation; all others are inner training."
S000086,FIVES,NORMAL,FIVES__NORMAL,2,train,1,"For a selected inner_fold k, samples with inner_fold=k are inner validation; all others are inner training."
S000087,FIVES,NORMAL,FIVES__NORMAL,2,train,3,"For a selected inner_fold k, samples with inner_fold=k are inner validation; all others are inner training."
S000088,FIVES,NORMAL,FIVES__NORMAL,2,train,4,"For a selected inner_fold k, samples with inner_fold=k are inner validation; all others are inner training."
S000089,FIVES,NORMAL,FIVES__NORMAL,2,train,3,"For a selected inner_fold k, samples with inner_fold=k are inner validation; all others are inner training."
S000090,FIVES,NORMAL,FIVES__NORMAL,2,train,3,"For a selected inner_fold k, samples with inner_fold=k are inner validation; all others are inner training."
S000093,FIVES,NORMAL,FIVES__NORMAL,2,train,3,"For a selected inner_fold k, samples with inner_fold=k are inner validation; all others are inner training."
S000094,FIVES,NORMAL,FIVES__NORMAL,2,train,3,"For a selected inner_fold k, samples with inner_fold=k are inner validation; all others are inner training."
S000095,FIVES,NORMAL,FIVES__NORMAL,2,train,2,"For a selected inner_fold k, samples with inner_fold=k are inner validation; all others are inner training."
S000096,FIVES,NORMAL,FIVES__NORMAL,2,train,4,"For a selected inner_fold k, samples with inner_fold=k are inner validation; all others are inner training."
S000097,FIVES,NORMAL,FIVES__NORMAL,2,train,2,"For a selected inner_fold k, samples with inner_fold=k are inner validation; all others are inner training."
S000100,FIVES,NORMAL,FIVES__NORMAL,2,train,4,"For a selected inner_fold k, samples with inner_fold=k are inner validation; all others are inner training."
S000101,FIVES,NORMAL,FIVES__NORMAL,2,train,2,"For a selected inner_fold k, samples with inner_fold=k are inner validation; all others are inner training."
S000103,FIVES,NORMAL,FIVES__NORMAL,2,train,1,"For a selected inner_fold k, samples with inner_fold=k are inner validation; all others are inner training."
S000104,FIVES,NORMAL,FIVES__NORMAL,2,train,3,"For a selected inner_fold k, samples with inner_fold=k are inner validation; all others are inner training."
S000105,FIVES,NORMAL,FIVES__NORMAL,2,train,1,"For a selected inner_fold k, samples with inner_fold=k are inner validation; all others are inner training."
S000106,FIVES,NORMAL,FIVES__NORMAL,2,train,2,"For a selected inner_fold k, samples with inner_fold=k are inner validation; all others are inner training."
S000107,FIVES,NORMAL,FIVES__NORMAL,2,train,2,"For a selected inner_fold k, samples with inner_fold=k are inner validation; all others are inner training."
S000108,FIVES,NORMAL,FIVES__NORMAL,2,train,3,"For a selected inner_fold k, samples with inner_fold=k are inner validation; all others are inner training."
S000109,FIVES,NORMAL,FIVES__NORMAL,2,train,4,"For a selected inner_fold k, samples with inner_fold=k are inner validation; all others are inner training."
S000110,FIVES,NORMAL,FIVES__NORMAL,2,train,4,"For a selected inner_fold k, samples with inner_fold=k are inner validation; all others are inner training."
S000111,FIVES,NORMAL,FIVES__NORMAL,2,train,4,"For a selected inner_fold k, samples with inner_fold=k are inner validation; all others are inner training."
S000114,FIVES,NORMAL,FIVES__NORMAL,2,train,2,"For a selected inner_fold k, samples with inner_fold=k are inner validation; all others are inner training."
S000115,FIVES,NORMAL,FIVES__NORMAL,2,train,2,"For a selected inner_fold k, samples with inner_fold=k are inner validation; all others are inner training."
S000116,FIVES,NORMAL,FIVES__NORMAL,2,train,1,"For a selected inner_fold k, samples with inner_fold=k are inner validation; all others are inner training."
S000117,FIVES,NORMAL,FIVES__NORMAL,2,train,2,"For a selected inner_fold k, samples with inner_fold=k are inner validation; all others are inner training."
S000118,FIVES,NORMAL,FIVES__NORMAL,2,train,4,"For a selected inner_fold k, samples with inner_fold=k are inner validation; all others are inner training."
S000119,FIVES,NORMAL,FIVES__NORMAL,2,train,3,"For a selected inner_fold k, samples with inner_fold=k are inner validation; all others are inner training."
S000120,FIVES,NORMAL,FIVES__NORMAL,2,train,1,"For a selected inner_fold k, samples with inner_fold=k are inner validation; all others are inner training."
S000122,FIVES,NORMAL,FIVES__NORMAL,2,train,2,"For a selected inner_fold k, samples with inner_fold=k are inner validation; all others are inner training."
S000123,FIVES,NORMAL,FIVES__NORMAL,2,train,2,"For a selected inner_fold k, samples with inner_fold=k are inner validation; all others are inner training."
S000124,FIVES,NORMAL,FIVES__NORMAL,2,train,2,"For a selected inner_fold k, samples with inner_fold=k are inner validation; all others are inner training."
S000125,FIVES,NORMAL,FIVES__NORMAL,2,train,4,"For a selected inner_fold k, samples with inner_fold=k are inner validation; all others are inner training."
S000126,FIVES,NORMAL,FIVES__NORMAL,2,train,2,"For a selected inner_fold k, samples with inner_fold=k are inner validation; all others are inner training."
S000127,FIVES,NORMAL,FIVES__NORMAL,2,train,3,"For a selected inner_fold k, samples with inner_fold=k are inner validation; all others are inner training."
S000128,FIVES,NORMAL,FIVES__NORMAL,2,train,3,"For a selected inner_fold k, samples with inner_fold=k are inner validation; all others are inner training."
S000129,FIVES,NORMAL,FIVES__NORMAL,2,train,2,"For a selected inner_fold k, samples with inner_fold=k are inner validation; all others are inner training."
S000130,FIVES,NORMAL,FIVES__NORMAL,2,train,4,"For a selected inner_fold k, samples with inner_fold=k are inner validation; all others are inner training."
S000131,FIVES,NORMAL,FIVES__NORMAL,2,train,2,"For a selected inner_fold k, samples with inner_fold=k are inner validation; all others are inner training."
S000132,FIVES,NORMAL,FIVES__NORMAL,2,train,2,"For a selected inner_fold k, samples with inner_fold=k are inner validation; all others are inner training."
S000133,FIVES,NORMAL,FIVES__NORMAL,2,train,2,"For a selected inner_fold k, samples with inner_fold=k are inner validation; all others are inner training."
S000135,FIVES,NORMAL,FIVES__NORMAL,2,train,2,"For a selected inner_fold k, samples with inner_fold=k are inner validation; all others are inner training."
S000136,FIVES,NORMAL,FIVES__NORMAL,2,train,2,"For a selected inner_fold k, samples with inner_fold=k are inner validation; all others are inner training."
S000139,FIVES,NORMAL,FIVES__NORMAL,2,train,2,"For a selected inner_fold k, samples with inner_fold=k are inner validation; all others are inner training."
S000140,FIVES,NORMAL,FIVES__NORMAL,2,train,1,"For a selected inner_fold k, samples with inner_fold=k are inner validation; all others are inner training."
S000141,FIVES,NORMAL,FIVES__NORMAL,2,train,4,"For a selected inner_fold k, samples with inner_fold=k are inner validation; all others are inner training."
S000142,FIVES,NORMAL,FIVES__NORMAL,2,train,1,"For a selected inner_fold k, samples with inner_fold=k are inner validation; all others are inner training."
S000143,FIVES,NORMAL,FIVES__NORMAL,2,train,1,"For a selected inner_fold k, samples with inner_fold=k are inner validation; all others are inner training."
S000144,FIVES,NORMAL,FIVES__NORMAL,2,train,4,"For a selected inner_fold k, samples with inner_fold=k are inner validation; all others are inner training."
S000145,FIVES,NORMAL,FIVES__NORMAL,2,train,1,"For a selected inner_fold k, samples with inner_fold=k are inner validation; all others are inner training."
S000146,FIVES,NORMAL,FIVES__NORMAL,2,train,3,"For a selected inner_fold k, samples with inner_fold=k are inner validation; all others are inner training."
S000148,FIVES,NORMAL,FIVES__NORMAL,2,train,4,"For a selected inner_fold k, samples with inner_fold=k are inner validation; all others are inner training."
S000149,FIVES,NORMAL,FIVES__NORMAL,2,train,2,"For a selected inner_fold k, samples with inner_fold=k are inner validation; all others are inner training."
S000151,FIVES,NORMAL,FIVES__NORMAL,2,train,4,"For a selected inner_fold k, samples with inner_fold=k are inner validation; all others are inner training."
S000152,FIVES,AMD_DRY,FIVES__AMD_DRY,2,train,4,"For a selected inner_fold k, samples with inner_fold=k are inner validation; all others are inner training."
S000155,FIVES,AMD_DRY,FIVES__AMD_DRY,2,train,3,"For a selected inner_fold k, samples with inner_fold=k are inner validation; all others are inner training."
S000156,FIVES,AMD_DRY,FIVES__AMD_DRY,2,train,1,"For a selected inner_fold k, samples with inner_fold=k are inner validation; all others are inner training."
S000157,FIVES,AMD_DRY,FIVES__AMD_DRY,2,train,2,"For a selected inner_fold k, samples with inner_fold=k are inner validation; all others are inner training."
S000158,FIVES,AMD_DRY,FIVES__AMD_DRY,2,train,4,"For a selected inner_fold k, samples with inner_fold=k are inner validation; all others are inner training."
S000159,FIVES,AMD_DRY,FIVES__AMD_DRY,2,train,4,"For a selected inner_fold k, samples with inner_fold=k are inner validation; all others are inner training."
S000161,FIVES,AMD_DRY,FIVES__AMD_DRY,2,train,3,"For a selected inner_fold k, samples with inner_fold=k are inner validation; all others are inner training."
S000162,FIVES,AMD_DRY,FIVES__AMD_DRY,2,train,1,"For a selected inner_fold k, samples with inner_fold=k are inner validation; all others are inner training."
S000163,FIVES,AMD_DRY,FIVES__AMD_DRY,2,train,3,"For a selected inner_fold k, samples with inner_fold=k are inner validation; all others are inner training."
S000164,FIVES,AMD_DRY,FIVES__AMD_DRY,2,train,2,"For a selected inner_fold k, samples with inner_fold=k are inner validation; all others are inner training."
S000165,FIVES,AMD_DRY,FIVES__AMD_DRY,2,train,2,"For a selected inner_fold k, samples with inner_fold=k are inner validation; all others are inner training."
S000166,FIVES,AMD_DRY,FIVES__AMD_DRY,2,train,1,"For a selected inner_fold k, samples with inner_fold=k are inner validation; all others are inner training."
S000168,FIVES,AMD_WET,FIVES__AMD_WET,2,train,3,"For a selected inner_fold k, samples with inner_fold=k are inner validation; all others are inner training."
S000169,FIVES,AMD_WET,FIVES__AMD_WET,2,train,3,"For a selected inner_fold k, samples with inner_fold=k are inner validation; all others are inner training."
S000170,FIVES,AMD_WET,FIVES__AMD_WET,2,train,2,"For a selected inner_fold k, samples with inner_fold=k are inner validation; all others are inner training."
S000171,FIVES,AMD_WET,FIVES__AMD_WET,2,train,4,"For a selected inner_fold k, samples with inner_fold=k are inner validation; all others are inner training."
S000172,FIVES,AMD_WET,FIVES__AMD_WET,2,train,3,"For a selected inner_fold k, samples with inner_fold=k are inner validation; all others are inner training."
S000173,FIVES,AMD_WET,FIVES__AMD_WET,2,train,2,"For a selected inner_fold k, samples with inner_fold=k are inner validation; all others are inner training."
S000174,FIVES,AMD_WET,FIVES__AMD_WET,2,train,3,"For a selected inner_fold k, samples with inner_fold=k are inner validation; all others are inner training."
S000175,FIVES,AMD_WET,FIVES__AMD_WET,2,train,3,"For a selected inner_fold k, samples with inner_fold=k are inner validation; all others are inner training."
S000176,FIVES,AMD_WET,FIVES__AMD_WET,2,train,1,"For a selected inner_fold k, samples with inner_fold=k are inner validation; all others are inner training."
S000177,FIVES,AMD_WET,FIVES__AMD_WET,2,train,3,"For a selected inner_fold k, samples with inner_fold=k are inner validation; all others are inner training."
S000179,FIVES,AMD_WET,FIVES__AMD_WET,2,train,3,"For a selected inner_fold k, samples with inner_fold=k are inner validation; all others are inner training."
S000181,FIVES,AMD_WET,FIVES__AMD_WET,2,train,1,"For a selected inner_fold k, samples with inner_fold=k are inner validation; all others are inner training."
S000182,FIVES,AMD_WET,FIVES__AMD_WET,2,train,4,"For a selected inner_fold k, samples with inner_fold=k are inner validation; all others are inner training."
S000185,FIVES,AMD_WET,FIVES__AMD_WET,2,train,4,"For a selected inner_fold k, samples with inner_fold=k are inner validation; all others are inner training."
S000187,FIVES,AMD_WET,FIVES__AMD_WET,2,train,2,"For a selected inner_fold k, samples with inner_fold=k are inner validation; all others are inner training."
S000189,FIVES,AMD_WET,FIVES__AMD_WET,2,train,2,"For a selected inner_fold k, samples with inner_fold=k are inner validation; all others are inner training."
S000190,FIVES,AMD_WET,FIVES__AMD_WET,2,train,2,"For a selected inner_fold k, samples with inner_fold=k are inner validation; all others are inner training."
S000191,FIVES,AMD_WET,FIVES__AMD_WET,2,train,2,"For a selected inner_fold k, samples with inner_fold=k are inner validation; all others are inner training."
S000192,FIVES,AMD_WET,FIVES__AMD_WET,2,train,2,"For a selected inner_fold k, samples with inner_fold=k are inner validation; all others are inner training."
S000193,FIVES,AMD_WET,FIVES__AMD_WET,2,train,2,"For a selected inner_fold k, samples with inner_fold=k are inner validation; all others are inner training."
S000194,FIVES,AMD_WET,FIVES__AMD_WET,2,train,4,"For a selected inner_fold k, samples with inner_fold=k are inner validation; all others are inner training."
S000195,FIVES,AMD_WET,FIVES__AMD_WET,2,train,1,"For a selected inner_fold k, samples with inner_fold=k are inner validation; all others are inner training."
S000196,FIVES,AMD_WET,FIVES__AMD_WET,2,train,1,"For a selected inner_fold k, samples with inner_fold=k are inner validation; all others are inner training."
S000197,FIVES,AMD_WET,FIVES__AMD_WET,2,train,4,"For a selected inner_fold k, samples with inner_fold=k are inner validation; all others are inner training."
S000198,FIVES,AMD_WET,FIVES__AMD_WET,2,train,1,"For a selected inner_fold k, samples with inner_fold=k are inner validation; all others are inner training."
S000199,FIVES,AMD_WET,FIVES__AMD_WET,2,train,4,"For a selected inner_fold k, samples with inner_fold=k are inner validation; all others are inner training."
S000200,FIVES,AMD_WET,FIVES__AMD_WET,2,train,4,"For a selected inner_fold k, samples with inner_fold=k are inner validation; all others are inner training."
S000201,FIVES,AMD_WET,FIVES__AMD_WET,2,train,1,"For a selected inner_fold k, samples with inner_fold=k are inner validation; all others are inner training."
S000202,FIVES,AMD_WET,FIVES__AMD_WET,2,train,1,"For a selected inner_fold k, samples with inner_fold=k are inner validation; all others are inner training."
S000203,FIVES,AMD_WET,FIVES__AMD_WET,2,train,2,"For a selected inner_fold k, samples with inner_fold=k are inner validation; all others are inner training."
S000204,FIVES,AMD_WET,FIVES__AMD_WET,2,train,3,"For a selected inner_fold k, samples with inner_fold=k are inner validation; all others are inner training."
S000207,FIVES,AMD_WET,FIVES__AMD_WET,2,train,4,"For a selected inner_fold k, samples with inner_fold=k are inner validation; all others are inner training."
S000208,FIVES,AMD_WET,FIVES__AMD_WET,2,train,2,"For a selected inner_fold k, samples with inner_fold=k are inner validation; all others are inner training."
S000209,FIVES,AMD_WET,FIVES__AMD_WET,2,train,3,"For a selected inner_fold k, samples with inner_fold=k are inner validation; all others are inner training."
S000211,FIVES,AMD_WET,FIVES__AMD_WET,2,train,1,"For a selected inner_fold k, samples with inner_fold=k are inner validation; all others are inner training."
S000212,FIVES,AMD_WET,FIVES__AMD_WET,2,train,1,"For a selected inner_fold k, samples with inner_fold=k are inner validation; all others are inner training."
S000213,FIVES,AMD_WET,FIVES__AMD_WET,2,train,2,"For a selected inner_fold k, samples with inner_fold=k are inner validation; all others are inner training."
S000214,FIVES,AMD_WET,FIVES__AMD_WET,2,train,2,"For a selected inner_fold k, samples with inner_fold=k are inner validation; all others are inner training."
S000215,FIVES,AMD_WET,FIVES__AMD_WET,2,train,2,"For a selected inner_fold k, samples with inner_fold=k are inner validation; all others are inner training."
S000216,FIVES,AMD_WET,FIVES__AMD_WET,2,train,4,"For a selected inner_fold k, samples with inner_fold=k are inner validation; all others are inner training."
S000217,FIVES,AMD_WET,FIVES__AMD_WET,2,train,3,"For a selected inner_fold k, samples with inner_fold=k are inner validation; all others are inner training."
S000218,FIVES,AMD_WET,FIVES__AMD_WET,2,train,1,"For a selected inner_fold k, samples with inner_fold=k are inner validation; all others are inner training."
S000220,FIVES,AMD_WET,FIVES__AMD_WET,2,train,4,"For a selected inner_fold k, samples with inner_fold=k are inner validation; all others are inner training."
S000221,FIVES,AMD_WET,FIVES__AMD_WET,2,train,1,"For a selected inner_fold k, samples with inner_fold=k are inner validation; all others are inner training."
S000223,FIVES,AMD_WET,FIVES__AMD_WET,2,train,2,"For a selected inner_fold k, samples with inner_fold=k are inner validation; all others are inner training."
S000224,FIVES,AMD_WET,FIVES__AMD_WET,2,train,4,"For a selected inner_fold k, samples with inner_fold=k are inner validation; all others are inner training."
S000225,FIVES,AMD_WET,FIVES__AMD_WET,2,train,3,"For a selected inner_fold k, samples with inner_fold=k are inner validation; all others are inner training."
S000227,FIVES,AMD_WET,FIVES__AMD_WET,2,train,3,"For a selected inner_fold k, samples with inner_fold=k are inner validation; all others are inner training."
S000228,FIVES,AMD_WET,FIVES__AMD_WET,2,train,4,"For a selected inner_fold k, samples with inner_fold=k are inner validation; all others are inner training."
S000229,FIVES,AMD_WET,FIVES__AMD_WET,2,train,1,"For a selected inner_fold k, samples with inner_fold=k are inner validation; all others are inner training."
S000231,FIVES,AMD_WET,FIVES__AMD_WET,2,train,3,"For a selected inner_fold k, samples with inner_fold=k are inner validation; all others are inner training."
S000232,FIVES,AMD_WET,FIVES__AMD_WET,2,train,1,"For a selected inner_fold k, samples with inner_fold=k are inner validation; all others are inner training."
S000234,FIVES,AMD_WET,FIVES__AMD_WET,2,train,4,"For a selected inner_fold k, samples with inner_fold=k are inner validation; all others are inner training."
S000235,FIVES,AMD_WET,FIVES__AMD_WET,2,train,3,"For a selected inner_fold k, samples with inner_fold=k are inner validation; all others are inner training."
S000236,FIVES,AMD_WET,FIVES__AMD_WET,2,train,4,"For a selected inner_fold k, samples with inner_fold=k are inner validation; all others are inner training."
S000239,ODIR,NORMAL,ODIR__NORMAL,2,train,2,"For a selected inner_fold k, samples with inner_fold=k are inner validation; all others are inner training."
S000240,ODIR,NORMAL,ODIR__NORMAL,2,train,2,"For a selected inner_fold k, samples with inner_fold=k are inner validation; all others are inner training."
S000242,ODIR,NORMAL,ODIR__NORMAL,2,train,4,"For a selected inner_fold k, samples with inner_fold=k are inner validation; all others are inner training."
S000243,ODIR,NORMAL,ODIR__NORMAL,2,train,4,"For a selected inner_fold k, samples with inner_fold=k are inner validation; all others are inner training."
S000245,ODIR,NORMAL,ODIR__NORMAL,2,train,4,"For a selected inner_fold k, samples with inner_fold=k are inner validation; all others are inner training."
S000246,ODIR,NORMAL,ODIR__NORMAL,2,train,2,"For a selected inner_fold k, samples with inner_fold=k are inner validation; all others are inner training."
S000247,ODIR,NORMAL,ODIR__NORMAL,2,train,1,"For a selected inner_fold k, samples with inner_fold=k are inner validation; all others are inner training."
S000248,ODIR,NORMAL,ODIR__NORMAL,2,train,2,"For a selected inner_fold k, samples with inner_fold=k are inner validation; all others are inner training."
S000249,ODIR,NORMAL,ODIR__NORMAL,2,train,4,"For a selected inner_fold k, samples with inner_fold=k are inner validation; all others are inner training."
S000251,ODIR,NORMAL,ODIR__NORMAL,2,train,1,"For a selected inner_fold k, samples with inner_fold=k are inner validation; all others are inner training."
S000252,ODIR,NORMAL,ODIR__NORMAL,2,train,1,"For a selected inner_fold k, samples with inner_fold=k are inner validation; all others are inner training."
S000253,ODIR,NORMAL,ODIR__NORMAL,2,train,2,"For a selected inner_fold k, samples with inner_fold=k are inner validation; all others are inner training."
S000254,ODIR,NORMAL,ODIR__NORMAL,2,train,3,"For a selected inner_fold k, samples with inner_fold=k are inner validation; all others are inner training."
S000255,ODIR,NORMAL,ODIR__NORMAL,2,train,4,"For a selected inner_fold k, samples with inner_fold=k are inner validation; all others are inner training."
S000256,ODIR,NORMAL,ODIR__NORMAL,2,train,4,"For a selected inner_fold k, samples with inner_fold=k are inner validation; all others are inner training."
S000257,ODIR,NORMAL,ODIR__NORMAL,2,train,3,"For a selected inner_fold k, samples with inner_fold=k are inner validation; all others are inner training."
S000258,ODIR,NORMAL,ODIR__NORMAL,2,train,4,"For a selected inner_fold k, samples with inner_fold=k are inner validation; all others are inner training."
S000262,ODIR,NORMAL,ODIR__NORMAL,2,train,2,"For a selected inner_fold k, samples with inner_fold=k are inner validation; all others are inner training."
S000263,ODIR,NORMAL,ODIR__NORMAL,2,train,1,"For a selected inner_fold k, samples with inner_fold=k are inner validation; all others are inner training."
S000264,ODIR,NORMAL,ODIR__NORMAL,2,train,2,"For a selected inner_fold k, samples with inner_fold=k are inner validation; all others are inner training."
S000265,ODIR,NORMAL,ODIR__NORMAL,2,train,4,"For a selected inner_fold k, samples with inner_fold=k are inner validation; all others are inner training."
S000267,ODIR,NORMAL,ODIR__NORMAL,2,train,4,"For a selected inner_fold k, samples with inner_fold=k are inner validation; all others are inner training."
S000268,ODIR,NORMAL,ODIR__NORMAL,2,train,4,"For a selected inner_fold k, samples with inner_fold=k are inner validation; all others are inner training."
S000269,ODIR,NORMAL,ODIR__NORMAL,2,train,1,"For a selected inner_fold k, samples with inner_fold=k are inner validation; all others are inner training."
S000270,ODIR,NORMAL,ODIR__NORMAL,2,train,2,"For a selected inner_fold k, samples with inner_fold=k are inner validation; all others are inner training."
S000271,ODIR,NORMAL,ODIR__NORMAL,2,train,2,"For a selected inner_fold k, samples with inner_fold=k are inner validation; all others are inner training."
S000272,ODIR,NORMAL,ODIR__NORMAL,2,train,2,"For a selected inner_fold k, samples with inner_fold=k are inner validation; all others are inner training."
S000273,ODIR,NORMAL,ODIR__NORMAL,2,train,1,"For a selected inner_fold k, samples with inner_fold=k are inner validation; all others are inner training."
S000274,ODIR,NORMAL,ODIR__NORMAL,2,train,2,"For a selected inner_fold k, samples with inner_fold=k are inner validation; all others are inner training."
S000275,ODIR,NORMAL,ODIR__NORMAL,2,train,1,"For a selected inner_fold k, samples with inner_fold=k are inner validation; all others are inner training."
S000277,ODIR,NORMAL,ODIR__NORMAL,2,train,1,"For a selected inner_fold k, samples with inner_fold=k are inner validation; all others are inner training."
S000278,ODIR,NORMAL,ODIR__NORMAL,2,train,4,"For a selected inner_fold k, samples with inner_fold=k are inner validation; all others are inner training."
S000279,ODIR,NORMAL,ODIR__NORMAL,2,train,2,"For a selected inner_fold k, samples with inner_fold=k are inner validation; all others are inner training."
S000280,ODIR,NORMAL,ODIR__NORMAL,2,train,3,"For a selected inner_fold k, samples with inner_fold=k are inner validation; all others are inner training."
S000281,ODIR,NORMAL,ODIR__NORMAL,2,train,3,"For a selected inner_fold k, samples with inner_fold=k are inner validation; all others are inner training."
S000282,ODIR,NORMAL,ODIR__NORMAL,2,train,3,"For a selected inner_fold k, samples with inner_fold=k are inner validation; all others are inner training."
S000283,ODIR,NORMAL,ODIR__NORMAL,2,train,1,"For a selected inner_fold k, samples with inner_fold=k are inner validation; all others are inner training."
S000285,ODIR,NORMAL,ODIR__NORMAL,2,train,3,"For a selected inner_fold k, samples with inner_fold=k are inner validation; all others are inner training."
S000286,ODIR,NORMAL,ODIR__NORMAL,2,train,4,"For a selected inner_fold k, samples with inner_fold=k are inner validation; all others are inner training."
S000288,ODIR,NORMAL,ODIR__NORMAL,2,train,1,"For a selected inner_fold k, samples with inner_fold=k are inner validation; all others are inner training."
S000289,ODIR,NORMAL,ODIR__NORMAL,2,train,3,"For a selected inner_fold k, samples with inner_fold=k are inner validation; all others are inner training."
S000291,ODIR,NORMAL,ODIR__NORMAL,2,train,3,"For a selected inner_fold k, samples with inner_fold=k are inner validation; all others are inner training."
S000292,ODIR,NORMAL,ODIR__NORMAL,2,train,1,"For a selected inner_fold k, samples with inner_fold=k are inner validation; all others are inner training."
S000294,ODIR,NORMAL,ODIR__NORMAL,2,train,2,"For a selected inner_fold k, samples with inner_fold=k are inner validation; all others are inner training."
S000296,ODIR,NORMAL,ODIR__NORMAL,2,train,4,"For a selected inner_fold k, samples with inner_fold=k are inner validation; all others are inner training."
S000298,ODIR,NORMAL,ODIR__NORMAL,2,train,3,"For a selected inner_fold k, samples with inner_fold=k are inner validation; all others are inner training."
S000299,ODIR,NORMAL,ODIR__NORMAL,2,train,2,"For a selected inner_fold k, samples with inner_fold=k are inner validation; all others are inner training."
S000301,ODIR,NORMAL,ODIR__NORMAL,2,train,2,"For a selected inner_fold k, samples with inner_fold=k are inner validation; all others are inner training."
S000302,ODIR,NORMAL,ODIR__NORMAL,2,train,3,"For a selected inner_fold k, samples with inner_fold=k are inner validation; all others are inner training."
S000303,ODIR,NORMAL,ODIR__NORMAL,2,train,3,"For a selected inner_fold k, samples with inner_fold=k are inner validation; all others are inner training."
S000304,ODIR,NORMAL,ODIR__NORMAL,2,train,3,"For a selected inner_fold k, samples with inner_fold=k are inner validation; all others are inner training."
S000305,ODIR,NORMAL,ODIR__NORMAL,2,train,1,"For a selected inner_fold k, samples with inner_fold=k are inner validation; all others are inner training."
S000306,ODIR,NORMAL,ODIR__NORMAL,2,train,4,"For a selected inner_fold k, samples with inner_fold=k are inner validation; all others are inner training."
S000307,ODIR,NORMAL,ODIR__NORMAL,2,train,1,"For a selected inner_fold k, samples with inner_fold=k are inner validation; all others are inner training."
S000308,ODIR,NORMAL,ODIR__NORMAL,2,train,3,"For a selected inner_fold k, samples with inner_fold=k are inner validation; all others are inner training."
S000309,ODIR,NORMAL,ODIR__NORMAL,2,train,1,"For a selected inner_fold k, samples with inner_fold=k are inner validation; all others are inner training."
S000311,ODIR,NORMAL,ODIR__NORMAL,2,train,3,"For a selected inner_fold k, samples with inner_fold=k are inner validation; all others are inner training."
S000312,ODIR,NORMAL,ODIR__NORMAL,2,train,2,"For a selected inner_fold k, samples with inner_fold=k are inner validation; all others are inner training."
S000313,ODIR,NORMAL,ODIR__NORMAL,2,train,4,"For a selected inner_fold k, samples with inner_fold=k are inner validation; all others are inner training."
S000314,ODIR,NORMAL,ODIR__NORMAL,2,train,2,"For a selected inner_fold k, samples with inner_fold=k are inner validation; all others are inner training."
S000315,ODIR,NORMAL,ODIR__NORMAL,2,train,1,"For a selected inner_fold k, samples with inner_fold=k are inner validation; all others are inner training."
S000316,ODIR,NORMAL,ODIR__NORMAL,2,train,3,"For a selected inner_fold k, samples with inner_fold=k are inner validation; all others are inner training."
S000317,ODIR,NORMAL,ODIR__NORMAL,2,train,2,"For a selected inner_fold k, samples with inner_fold=k are inner validation; all others are inner training."
S000318,ODIR,NORMAL,ODIR__NORMAL,2,train,3,"For a selected inner_fold k, samples with inner_fold=k are inner validation; all others are inner training."
S000319,ODIR,NORMAL,ODIR__NORMAL,2,train,3,"For a selected inner_fold k, samples with inner_fold=k are inner validation; all others are inner training."
S000320,ODIR,NORMAL,ODIR__NORMAL,2,train,4,"For a selected inner_fold k, samples with inner_fold=k are inner validation; all others are inner training."
S000321,ODIR,NORMAL,ODIR__NORMAL,2,train,2,"For a selected inner_fold k, samples with inner_fold=k are inner validation; all others are inner training."
S000323,ODIR,NORMAL,ODIR__NORMAL,2,train,4,"For a selected inner_fold k, samples with inner_fold=k are inner validation; all others are inner training."
S000324,ODIR,NORMAL,ODIR__NORMAL,2,train,1,"For a selected inner_fold k, samples with inner_fold=k are inner validation; all others are inner training."
S000325,ODIR,NORMAL,ODIR__NORMAL,2,train,1,"For a selected inner_fold k, samples with inner_fold=k are inner validation; all others are inner training."
S000326,ODIR,NORMAL,ODIR__NORMAL,2,train,1,"For a selected inner_fold k, samples with inner_fold=k are inner validation; all others are inner training."
S000327,ODIR,NORMAL,ODIR__NORMAL,2,train,3,"For a selected inner_fold k, samples with inner_fold=k are inner validation; all others are inner training."
S000328,ODIR,NORMAL,ODIR__NORMAL,2,train,1,"For a selected inner_fold k, samples with inner_fold=k are inner validation; all others are inner training."
S000329,ODIR,NORMAL,ODIR__NORMAL,2,train,4,"For a selected inner_fold k, samples with inner_fold=k are inner validation; all others are inner training."
S000330,ODIR,NORMAL,ODIR__NORMAL,2,train,2,"For a selected inner_fold k, samples with inner_fold=k are inner validation; all others are inner training."
S000331,ODIR,NORMAL,ODIR__NORMAL,2,train,2,"For a selected inner_fold k, samples with inner_fold=k are inner validation; all others are inner training."
S000332,ODIR,NORMAL,ODIR__NORMAL,2,train,3,"For a selected inner_fold k, samples with inner_fold=k are inner validation; all others are inner training."
S000333,ODIR,NORMAL,ODIR__NORMAL,2,train,1,"For a selected inner_fold k, samples with inner_fold=k are inner validation; all others are inner training."
S000334,ODIR,NORMAL,ODIR__NORMAL,2,train,4,"For a selected inner_fold k, samples with inner_fold=k are inner validation; all others are inner training."
S000335,ODIR,NORMAL,ODIR__NORMAL,2,train,2,"For a selected inner_fold k, samples with inner_fold=k are inner validation; all others are inner training."
S000336,ODIR,NORMAL,ODIR__NORMAL,2,train,4,"For a selected inner_fold k, samples with inner_fold=k are inner validation; all others are inner training."
S000337,ODIR,NORMAL,ODIR__NORMAL,2,train,2,"For a selected inner_fold k, samples with inner_fold=k are inner validation; all others are inner training."
S000338,ODIR,NORMAL,ODIR__NORMAL,2,train,1,"For a selected inner_fold k, samples with inner_fold=k are inner validation; all others are inner training."
S000339,ODIR,NORMAL,ODIR__NORMAL,2,train,3,"For a selected inner_fold k, samples with inner_fold=k are inner validation; all others are inner training."
S000341,ODIR,NORMAL,ODIR__NORMAL,2,train,3,"For a selected inner_fold k, samples with inner_fold=k are inner validation; all others are inner training."
S000342,ODIR,NORMAL,ODIR__NORMAL,2,train,2,"For a selected inner_fold k, samples with inner_fold=k are inner validation; all others are inner training."
S000343,ODIR,NORMAL,ODIR__NORMAL,2,train,4,"For a selected inner_fold k, samples with inner_fold=k are inner validation; all others are inner training."
S000346,ODIR,NORMAL,ODIR__NORMAL,2,train,2,"For a selected inner_fold k, samples with inner_fold=k are inner validation; all others are inner training."
S000348,ODIR,NORMAL,ODIR__NORMAL,2,train,3,"For a selected inner_fold k, samples with inner_fold=k are inner validation; all others are inner training."
S000349,ODIR,NORMAL,ODIR__NORMAL,2,train,1,"For a selected inner_fold k, samples with inner_fold=k are inner validation; all others are inner training."
S000351,ODIR,NORMAL,ODIR__NORMAL,2,train,4,"For a selected inner_fold k, samples with inner_fold=k are inner validation; all others are inner training."
S000353,ODIR,NORMAL,ODIR__NORMAL,2,train,3,"For a selected inner_fold k, samples with inner_fold=k are inner validation; all others are inner training."
S000354,ODIR,NORMAL,ODIR__NORMAL,2,train,1,"For a selected inner_fold k, samples with inner_fold=k are inner validation; all others are inner training."
S000355,ODIR,NORMAL,ODIR__NORMAL,2,train,1,"For a selected inner_fold k, samples with inner_fold=k are inner validation; all others are inner training."
S000356,ODIR,NORMAL,ODIR__NORMAL,2,train,1,"For a selected inner_fold k, samples with inner_fold=k are inner validation; all others are inner training."
S000357,ODIR,NORMAL,ODIR__NORMAL,2,train,4,"For a selected inner_fold k, samples with inner_fold=k are inner validation; all others are inner training."
S000358,ODIR,NORMAL,ODIR__NORMAL,2,train,4,"For a selected inner_fold k, samples with inner_fold=k are inner validation; all others are inner training."
S000360,ODIR,NORMAL,ODIR__NORMAL,2,train,3,"For a selected inner_fold k, samples with inner_fold=k are inner validation; all others are inner training."
S000362,ODIR,NORMAL,ODIR__NORMAL,2,train,3,"For a selected inner_fold k, samples with inner_fold=k are inner validation; all others are inner training."
S000363,ODIR,NORMAL,ODIR__NORMAL,2,train,4,"For a selected inner_fold k, samples with inner_fold=k are inner validation; all others are inner training."
S000364,ODIR,AMD_DRY,ODIR__AMD_DRY,2,train,1,"For a selected inner_fold k, samples with inner_fold=k are inner validation; all others are inner training."
S000365,ODIR,AMD_DRY,ODIR__AMD_DRY,2,train,1,"For a selected inner_fold k, samples with inner_fold=k are inner validation; all others are inner training."
S000367,ODIR,AMD_DRY,ODIR__AMD_DRY,2,train,3,"For a selected inner_fold k, samples with inner_fold=k are inner validation; all others are inner training."
S000371,ODIR,AMD_DRY,ODIR__AMD_DRY,2,train,4,"For a selected inner_fold k, samples with inner_fold=k are inner validation; all others are inner training."
S000372,ODIR,AMD_DRY,ODIR__AMD_DRY,2,train,1,"For a selected inner_fold k, samples with inner_fold=k are inner validation; all others are inner training."
S000373,ODIR,AMD_DRY,ODIR__AMD_DRY,2,train,2,"For a selected inner_fold k, samples with inner_fold=k are inner validation; all others are inner training."
S000375,ODIR,AMD_DRY,ODIR__AMD_DRY,2,train,3,"For a selected inner_fold k, samples with inner_fold=k are inner validation; all others are inner training."
S000376,ODIR,AMD_DRY,ODIR__AMD_DRY,2,train,4,"For a selected inner_fold k, samples with inner_fold=k are inner validation; all others are inner training."
S000381,ODIR,AMD_DRY,ODIR__AMD_DRY,2,train,4,"For a selected inner_fold k, samples with inner_fold=k are inner validation; all others are inner training."
S000382,ODIR,AMD_DRY,ODIR__AMD_DRY,2,train,4,"For a selected inner_fold k, samples with inner_fold=k are inner validation; all others are inner training."
S000384,ODIR,AMD_DRY,ODIR__AMD_DRY,2,train,2,"For a selected inner_fold k, samples with inner_fold=k are inner validation; all others are inner training."
S000385,ODIR,AMD_DRY,ODIR__AMD_DRY,2,train,1,"For a selected inner_fold k, samples with inner_fold=k are inner validation; all others are inner training."
S000386,ODIR,AMD_DRY,ODIR__AMD_DRY,2,train,3,"For a selected inner_fold k, samples with inner_fold=k are inner validation; all others are inner training."
S000387,ODIR,AMD_DRY,ODIR__AMD_DRY,2,train,4,"For a selected inner_fold k, samples with inner_fold=k are inner validation; all others are inner training."
S000388,ODIR,AMD_DRY,ODIR__AMD_DRY,2,train,1,"For a selected inner_fold k, samples with inner_fold=k are inner validation; all others are inner training."
S000389,ODIR,AMD_DRY,ODIR__AMD_DRY,2,train,2,"For a selected inner_fold k, samples with inner_fold=k are inner validation; all others are inner training."
S000391,ODIR,AMD_DRY,ODIR__AMD_DRY,2,train,1,"For a selected inner_fold k, samples with inner_fold=k are inner validation; all others are inner training."
S000392,ODIR,AMD_DRY,ODIR__AMD_DRY,2,train,2,"For a selected inner_fold k, samples with inner_fold=k are inner validation; all others are inner training."
S000393,ODIR,AMD_DRY,ODIR__AMD_DRY,2,train,1,"For a selected inner_fold k, samples with inner_fold=k are inner validation; all others are inner training."
S000394,ODIR,AMD_DRY,ODIR__AMD_DRY,2,train,3,"For a selected inner_fold k, samples with inner_fold=k are inner validation; all others are inner training."
S000395,ODIR,AMD_DRY,ODIR__AMD_DRY,2,train,1,"For a selected inner_fold k, samples with inner_fold=k are inner validation; all others are inner training."
S000396,ODIR,AMD_DRY,ODIR__AMD_DRY,2,train,3,"For a selected inner_fold k, samples with inner_fold=k are inner validation; all others are inner training."
S000397,ODIR,AMD_DRY,ODIR__AMD_DRY,2,train,1,"For a selected inner_fold k, samples with inner_fold=k are inner validation; all others are inner training."
S000398,ODIR,AMD_DRY,ODIR__AMD_DRY,2,train,4,"For a selected inner_fold k, samples with inner_fold=k are inner validation; all others are inner training."
S000399,ODIR,AMD_DRY,ODIR__AMD_DRY,2,train,2,"For a selected inner_fold k, samples with inner_fold=k are inner validation; all others are inner training."
S000400,ODIR,AMD_DRY,ODIR__AMD_DRY,2,train,3,"For a selected inner_fold k, samples with inner_fold=k are inner validation; all others are inner training."
S000401,ODIR,AMD_DRY,ODIR__AMD_DRY,2,train,2,"For a selected inner_fold k, samples with inner_fold=k are inner validation; all others are inner training."
S000403,ODIR,AMD_DRY,ODIR__AMD_DRY,2,train,4,"For a selected inner_fold k, samples with inner_fold=k are inner validation; all others are inner training."
S000404,ODIR,AMD_DRY,ODIR__AMD_DRY,2,train,3,"For a selected inner_fold k, samples with inner_fold=k are inner validation; all others are inner training."
S000405,ODIR,AMD_DRY,ODIR__AMD_DRY,2,train,4,"For a selected inner_fold k, samples with inner_fold=k are inner validation; all others are inner training."
S000406,ODIR,AMD_DRY,ODIR__AMD_DRY,2,train,1,"For a selected inner_fold k, samples with inner_fold=k are inner validation; all others are inner training."
S000407,ODIR,AMD_DRY,ODIR__AMD_DRY,2,train,4,"For a selected inner_fold k, samples with inner_fold=k are inner validation; all others are inner training."
S000408,ODIR,AMD_DRY,ODIR__AMD_DRY,2,train,2,"For a selected inner_fold k, samples with inner_fold=k are inner validation; all others are inner training."
S000409,ODIR,AMD_DRY,ODIR__AMD_DRY,2,train,2,"For a selected inner_fold k, samples with inner_fold=k are inner validation; all others are inner training."
S000410,ODIR,AMD_DRY,ODIR__AMD_DRY,2,train,3,"For a selected inner_fold k, samples with inner_fold=k are inner validation; all others are inner training."
S000411,ODIR,AMD_DRY,ODIR__AMD_DRY,2,train,3,"For a selected inner_fold k, samples with inner_fold=k are inner validation; all others are inner training."
S000412,ODIR,AMD_DRY,ODIR__AMD_DRY,2,train,2,"For a selected inner_fold k, samples with inner_fold=k are inner validation; all others are inner training."
S000413,ODIR,AMD_DRY,ODIR__AMD_DRY,2,train,1,"For a selected inner_fold k, samples with inner_fold=k are inner validation; all others are inner training."
S000414,ODIR,AMD_DRY,ODIR__AMD_DRY,2,train,3,"For a selected inner_fold k, samples with inner_fold=k are inner validation; all others are inner training."
S000415,ODIR,AMD_DRY,ODIR__AMD_DRY,2,train,2,"For a selected inner_fold k, samples with inner_fold=k are inner validation; all others are inner training."
S000417,ODIR,AMD_DRY,ODIR__AMD_DRY,2,train,4,"For a selected inner_fold k, samples with inner_fold=k are inner validation; all others are inner training."
S000418,ODIR,AMD_DRY,ODIR__AMD_DRY,2,train,1,"For a selected inner_fold k, samples with inner_fold=k are inner validation; all others are inner training."
S000419,ODIR,AMD_DRY,ODIR__AMD_DRY,2,train,1,"For a selected inner_fold k, samples with inner_fold=k are inner validation; all others are inner training."
S000420,ODIR,AMD_DRY,ODIR__AMD_DRY,2,train,1,"For a selected inner_fold k, samples with inner_fold=k are inner validation; all others are inner training."
S000421,ODIR,AMD_DRY,ODIR__AMD_DRY,2,train,1,"For a selected inner_fold k, samples with inner_fold=k are inner validation; all others are inner training."
S000422,ODIR,AMD_DRY,ODIR__AMD_DRY,2,train,2,"For a selected inner_fold k, samples with inner_fold=k are inner validation; all others are inner training."
S000423,ODIR,AMD_DRY,ODIR__AMD_DRY,2,train,2,"For a selected inner_fold k, samples with inner_fold=k are inner validation; all others are inner training."
S000424,ODIR,AMD_DRY,ODIR__AMD_DRY,2,train,4,"For a selected inner_fold k, samples with inner_fold=k are inner validation; all others are inner training."
S000425,ODIR,AMD_DRY,ODIR__AMD_DRY,2,train,4,"For a selected inner_fold k, samples with inner_fold=k are inner validation; all others are inner training."
S000426,ODIR,AMD_DRY,ODIR__AMD_DRY,2,train,2,"For a selected inner_fold k, samples with inner_fold=k are inner validation; all others are inner training."
S000427,ODIR,AMD_DRY,ODIR__AMD_DRY,2,train,1,"For a selected inner_fold k, samples with inner_fold=k are inner validation; all others are inner training."
S000428,ODIR,AMD_DRY,ODIR__AMD_DRY,2,train,4,"For a selected inner_fold k, samples with inner_fold=k are inner validation; all others are inner training."
S000429,ODIR,AMD_DRY,ODIR__AMD_DRY,2,train,2,"For a selected inner_fold k, samples with inner_fold=k are inner validation; all others are inner training."
S000430,ODIR,AMD_DRY,ODIR__AMD_DRY,2,train,3,"For a selected inner_fold k, samples with inner_fold=k are inner validation; all others are inner training."
S000431,ODIR,AMD_DRY,ODIR__AMD_DRY,2,train,3,"For a selected inner_fold k, samples with inner_fold=k are inner validation; all others are inner training."
S000432,ODIR,AMD_DRY,ODIR__AMD_DRY,2,train,4,"For a selected inner_fold k, samples with inner_fold=k are inner validation; all others are inner training."
S000433,ODIR,AMD_DRY,ODIR__AMD_DRY,2,train,4,"For a selected inner_fold k, samples with inner_fold=k are inner validation; all others are inner training."
S000434,ODIR,AMD_DRY,ODIR__AMD_DRY,2,train,2,"For a selected inner_fold k, samples with inner_fold=k are inner validation; all others are inner training."
S000435,ODIR,AMD_DRY,ODIR__AMD_DRY,2,train,3,"For a selected inner_fold k, samples with inner_fold=k are inner validation; all others are inner training."
S000436,ODIR,AMD_DRY,ODIR__AMD_DRY,2,train,4,"For a selected inner_fold k, samples with inner_fold=k are inner validation; all others are inner training."
S000437,ODIR,AMD_DRY,ODIR__AMD_DRY,2,train,2,"For a selected inner_fold k, samples with inner_fold=k are inner validation; all others are inner training."
S000438,ODIR,AMD_DRY,ODIR__AMD_DRY,2,train,1,"For a selected inner_fold k, samples with inner_fold=k are inner validation; all others are inner training."
S000440,ODIR,AMD_DRY,ODIR__AMD_DRY,2,train,3,"For a selected inner_fold k, samples with inner_fold=k are inner validation; all others are inner training."
S000442,ODIR,AMD_DRY,ODIR__AMD_DRY,2,train,3,"For a selected inner_fold k, samples with inner_fold=k are inner validation; all others are inner training."
S000443,ODIR,AMD_DRY,ODIR__AMD_DRY,2,train,3,"For a selected inner_fold k, samples with inner_fold=k are inner validation; all others are inner training."
S000445,ODIR,AMD_WET,ODIR__AMD_WET,2,train,1,"For a selected inner_fold k, samples with inner_fold=k are inner validation; all others are inner training."
S000446,ODIR,AMD_WET,ODIR__AMD_WET,2,train,1,"For a selected inner_fold k, samples with inner_fold=k are inner validation; all others are inner training."
S000448,ODIR,AMD_WET,ODIR__AMD_WET,2,train,4,"For a selected inner_fold k, samples with inner_fold=k are inner validation; all others are inner training."
S000449,ODIR,AMD_WET,ODIR__AMD_WET,2,train,2,"For a selected inner_fold k, samples with inner_fold=k are inner validation; all others are inner training."
S000450,ODIR,AMD_WET,ODIR__AMD_WET,2,train,3,"For a selected inner_fold k, samples with inner_fold=k are inner validation; all others are inner training."
S000451,ODIR,AMD_WET,ODIR__AMD_WET,2,train,2,"For a selected inner_fold k, samples with inner_fold=k are inner validation; all others are inner training."
S000452,ODIR,AMD_WET,ODIR__AMD_WET,2,train,4,"For a selected inner_fold k, samples with inner_fold=k are inner validation; all others are inner training."
S000453,ODIR,AMD_WET,ODIR__AMD_WET,2,train,3,"For a selected inner_fold k, samples with inner_fold=k are inner validation; all others are inner training."
S000454,ODIR,AMD_WET,ODIR__AMD_WET,2,train,3,"For a selected inner_fold k, samples with inner_fold=k are inner validation; all others are inner training."
S000456,ODIR,AMD_WET,ODIR__AMD_WET,2,train,4,"For a selected inner_fold k, samples with inner_fold=k are inner validation; all others are inner training."
S000457,ODIR,AMD_WET,ODIR__AMD_WET,2,train,2,"For a selected inner_fold k, samples with inner_fold=k are inner validation; all others are inner training."
S000458,ODIR,AMD_WET,ODIR__AMD_WET,2,train,2,"For a selected inner_fold k, samples with inner_fold=k are inner validation; all others are inner training."
S000461,ODIR,AMD_WET,ODIR__AMD_WET,2,train,1,"For a selected inner_fold k, samples with inner_fold=k are inner validation; all others are inner training."
S000462,ODIR,AMD_WET,ODIR__AMD_WET,2,train,1,"For a selected inner_fold k, samples with inner_fold=k are inner validation; all others are inner training."
S000463,ODIR,AMD_WET,ODIR__AMD_WET,2,train,4,"For a selected inner_fold k, samples with inner_fold=k are inner validation; all others are inner training."
S000464,ODIR,AMD_WET,ODIR__AMD_WET,2,train,1,"For a selected inner_fold k, samples with inner_fold=k are inner validation; all others are inner training."
S000466,ODIR,AMD_WET,ODIR__AMD_WET,2,train,3,"For a selected inner_fold k, samples with inner_fold=k are inner validation; all others are inner training."
S000467,ODIR,AMD_WET,ODIR__AMD_WET,2,train,4,"For a selected inner_fold k, samples with inner_fold=k are inner validation; all others are inner training."
S000468,ODIR,AMD_WET,ODIR__AMD_WET,2,train,3,"For a selected inner_fold k, samples with inner_fold=k are inner validation; all others are inner training."
S000469,ODIR,AMD_WET,ODIR__AMD_WET,2,train,2,"For a selected inner_fold k, samples with inner_fold=k are inner validation; all others are inner training."
S000470,ODIR,AMD_WET,ODIR__AMD_WET,2,train,2,"For a selected inner_fold k, samples with inner_fold=k are inner validation; all others are inner training."
S000471,ODIR,AMD_WET,ODIR__AMD_WET,2,train,3,"For a selected inner_fold k, samples with inner_fold=k are inner validation; all others are inner training."
S000473,RFMID,NORMAL,RFMID__NORMAL,2,train,3,"For a selected inner_fold k, samples with inner_fold=k are inner validation; all others are inner training."
S000474,RFMID,NORMAL,RFMID__NORMAL,2,train,4,"For a selected inner_fold k, samples with inner_fold=k are inner validation; all others are inner training."
S000475,RFMID,NORMAL,RFMID__NORMAL,2,train,2,"For a selected inner_fold k, samples with inner_fold=k are inner validation; all others are inner training."
S000476,RFMID,NORMAL,RFMID__NORMAL,2,train,1,"For a selected inner_fold k, samples with inner_fold=k are inner validation; all others are inner training."
S000477,RFMID,NORMAL,RFMID__NORMAL,2,train,4,"For a selected inner_fold k, samples with inner_fold=k are inner validation; all others are inner training."
S000479,RFMID,NORMAL,RFMID__NORMAL,2,train,2,"For a selected inner_fold k, samples with inner_fold=k are inner validation; all others are inner training."
S000480,RFMID,NORMAL,RFMID__NORMAL,2,train,3,"For a selected inner_fold k, samples with inner_fold=k are inner validation; all others are inner training."
S000482,RFMID,NORMAL,RFMID__NORMAL,2,train,2,"For a selected inner_fold k, samples with inner_fold=k are inner validation; all others are inner training."
S000483,RFMID,NORMAL,RFMID__NORMAL,2,train,3,"For a selected inner_fold k, samples with inner_fold=k are inner validation; all others are inner training."
S000484,RFMID,NORMAL,RFMID__NORMAL,2,train,2,"For a selected inner_fold k, samples with inner_fold=k are inner validation; all others are inner training."
S000485,RFMID,NORMAL,RFMID__NORMAL,2,train,2,"For a selected inner_fold k, samples with inner_fold=k are inner validation; all others are inner training."
S000486,RFMID,NORMAL,RFMID__NORMAL,2,train,4,"For a selected inner_fold k, samples with inner_fold=k are inner validation; all others are inner training."
S000487,RFMID,NORMAL,RFMID__NORMAL,2,train,2,"For a selected inner_fold k, samples with inner_fold=k are inner validation; all others are inner training."
S000488,RFMID,NORMAL,RFMID__NORMAL,2,train,1,"For a selected inner_fold k, samples with inner_fold=k are inner validation; all others are inner training."
S000489,RFMID,NORMAL,RFMID__NORMAL,2,train,1,"For a selected inner_fold k, samples with inner_fold=k are inner validation; all others are inner training."
S000491,RFMID,NORMAL,RFMID__NORMAL,2,train,3,"For a selected inner_fold k, samples with inner_fold=k are inner validation; all others are inner training."
S000492,RFMID,NORMAL,RFMID__NORMAL,2,train,1,"For a selected inner_fold k, samples with inner_fold=k are inner validation; all others are inner training."
S000493,RFMID,NORMAL,RFMID__NORMAL,2,train,3,"For a selected inner_fold k, samples with inner_fold=k are inner validation; all others are inner training."
S000495,RFMID,NORMAL,RFMID__NORMAL,2,train,4,"For a selected inner_fold k, samples with inner_fold=k are inner validation; all others are inner training."
S000496,RFMID,NORMAL,RFMID__NORMAL,2,train,2,"For a selected inner_fold k, samples with inner_fold=k are inner validation; all others are inner training."
S000497,RFMID,NORMAL,RFMID__NORMAL,2,train,2,"For a selected inner_fold k, samples with inner_fold=k are inner validation; all others are inner training."
S000499,RFMID,NORMAL,RFMID__NORMAL,2,train,4,"For a selected inner_fold k, samples with inner_fold=k are inner validation; all others are inner training."
S000500,RFMID,NORMAL,RFMID__NORMAL,2,train,3,"For a selected inner_fold k, samples with inner_fold=k are inner validation; all others are inner training."
S000501,RFMID,NORMAL,RFMID__NORMAL,2,train,1,"For a selected inner_fold k, samples with inner_fold=k are inner validation; all others are inner training."
S000503,RFMID,NORMAL,RFMID__NORMAL,2,train,1,"For a selected inner_fold k, samples with inner_fold=k are inner validation; all others are inner training."
S000504,RFMID,NORMAL,RFMID__NORMAL,2,train,1,"For a selected inner_fold k, samples with inner_fold=k are inner validation; all others are inner training."
S000505,RFMID,NORMAL,RFMID__NORMAL,2,train,4,"For a selected inner_fold k, samples with inner_fold=k are inner validation; all others are inner training."
S000506,RFMID,NORMAL,RFMID__NORMAL,2,train,4,"For a selected inner_fold k, samples with inner_fold=k are inner validation; all others are inner training."
S000507,RFMID,NORMAL,RFMID__NORMAL,2,train,1,"For a selected inner_fold k, samples with inner_fold=k are inner validation; all others are inner training."
S000511,RFMID,NORMAL,RFMID__NORMAL,2,train,3,"For a selected inner_fold k, samples with inner_fold=k are inner validation; all others are inner training."
S000512,RFMID,NORMAL,RFMID__NORMAL,2,train,3,"For a selected inner_fold k, samples with inner_fold=k are inner validation; all others are inner training."
S000513,RFMID,NORMAL,RFMID__NORMAL,2,train,4,"For a selected inner_fold k, samples with inner_fold=k are inner validation; all others are inner training."
S000514,RFMID,NORMAL,RFMID__NORMAL,2,train,3,"For a selected inner_fold k, samples with inner_fold=k are inner validation; all others are inner training."
S000515,RFMID,NORMAL,RFMID__NORMAL,2,train,4,"For a selected inner_fold k, samples with inner_fold=k are inner validation; all others are inner training."
S000519,RFMID,NORMAL,RFMID__NORMAL,2,train,3,"For a selected inner_fold k, samples with inner_fold=k are inner validation; all others are inner training."
S000520,RFMID,NORMAL,RFMID__NORMAL,2,train,1,"For a selected inner_fold k, samples with inner_fold=k are inner validation; all others are inner training."
S000521,RFMID,NORMAL,RFMID__NORMAL,2,train,1,"For a selected inner_fold k, samples with inner_fold=k are inner validation; all others are inner training."
S000522,RFMID,NORMAL,RFMID__NORMAL,2,train,2,"For a selected inner_fold k, samples with inner_fold=k are inner validation; all others are inner training."
S000524,RFMID,NORMAL,RFMID__NORMAL,2,train,1,"For a selected inner_fold k, samples with inner_fold=k are inner validation; all others are inner training."
S000525,RFMID,NORMAL,RFMID__NORMAL,2,train,3,"For a selected inner_fold k, samples with inner_fold=k are inner validation; all others are inner training."
S000526,RFMID,NORMAL,RFMID__NORMAL,2,train,4,"For a selected inner_fold k, samples with inner_fold=k are inner validation; all others are inner training."
S000527,RFMID,NORMAL,RFMID__NORMAL,2,train,2,"For a selected inner_fold k, samples with inner_fold=k are inner validation; all others are inner training."
S000528,RFMID,NORMAL,RFMID__NORMAL,2,train,3,"For a selected inner_fold k, samples with inner_fold=k are inner validation; all others are inner training."
S000529,RFMID,NORMAL,RFMID__NORMAL,2,train,2,"For a selected inner_fold k, samples with inner_fold=k are inner validation; all others are inner training."
S000530,RFMID,NORMAL,RFMID__NORMAL,2,train,4,"For a selected inner_fold k, samples with inner_fold=k are inner validation; all others are inner training."
S000531,RFMID,NORMAL,RFMID__NORMAL,2,train,1,"For a selected inner_fold k, samples with inner_fold=k are inner validation; all others are inner training."
S000532,RFMID,NORMAL,RFMID__NORMAL,2,train,1,"For a selected inner_fold k, samples with inner_fold=k are inner validation; all others are inner training."
S000533,RFMID,NORMAL,RFMID__NORMAL,2,train,4,"For a selected inner_fold k, samples with inner_fold=k are inner validation; all others are inner training."
S000534,RFMID,NORMAL,RFMID__NORMAL,2,train,2,"For a selected inner_fold k, samples with inner_fold=k are inner validation; all others are inner training."
S000535,RFMID,NORMAL,RFMID__NORMAL,2,train,4,"For a selected inner_fold k, samples with inner_fold=k are inner validation; all others are inner training."
S000536,RFMID,AMD_DRY,RFMID__AMD_DRY,2,train,2,"For a selected inner_fold k, samples with inner_fold=k are inner validation; all others are inner training."
S000538,RFMID,AMD_DRY,RFMID__AMD_DRY,2,train,4,"For a selected inner_fold k, samples with inner_fold=k are inner validation; all others are inner training."
S000539,RFMID,AMD_DRY,RFMID__AMD_DRY,2,train,1,"For a selected inner_fold k, samples with inner_fold=k are inner validation; all others are inner training."
S000540,RFMID,AMD_DRY,RFMID__AMD_DRY,2,train,2,"For a selected inner_fold k, samples with inner_fold=k are inner validation; all others are inner training."
S000541,RFMID,AMD_DRY,RFMID__AMD_DRY,2,train,3,"For a selected inner_fold k, samples with inner_fold=k are inner validation; all others are inner training."
S000542,RFMID,AMD_DRY,RFMID__AMD_DRY,2,train,4,"For a selected inner_fold k, samples with inner_fold=k are inner validation; all others are inner training."
S000543,RFMID,AMD_DRY,RFMID__AMD_DRY,2,train,3,"For a selected inner_fold k, samples with inner_fold=k are inner validation; all others are inner training."
S000544,RFMID,AMD_WET,RFMID__AMD_WET,2,train,3,"For a selected inner_fold k, samples with inner_fold=k are inner validation; all others are inner training."
S000545,RFMID,AMD_WET,RFMID__AMD_WET,2,train,3,"For a selected inner_fold k, samples with inner_fold=k are inner validation; all others are inner training."
S000546,RFMID,AMD_WET,RFMID__AMD_WET,2,train,3,"For a selected inner_fold k, samples with inner_fold=k are inner validation; all others are inner training."
S000547,RFMID,AMD_WET,RFMID__AMD_WET,2,train,3,"For a selected inner_fold k, samples with inner_fold=k are inner validation; all others are inner training."
S000548,RFMID,AMD_WET,RFMID__AMD_WET,2,train,2,"For a selected inner_fold k, samples with inner_fold=k are inner validation; all others are inner training."
S000549,RFMID,AMD_WET,RFMID__AMD_WET,2,train,3,"For a selected inner_fold k, samples with inner_fold=k are inner validation; all others are inner training."
S000550,RFMID,AMD_WET,RFMID__AMD_WET,2,train,3,"For a selected inner_fold k, samples with inner_fold=k are inner validation; all others are inner training."
S000551,RFMID,AMD_WET,RFMID__AMD_WET,2,train,4,"For a selected inner_fold k, samples with inner_fold=k are inner validation; all others are inner training."
S000552,RFMID,AMD_WET,RFMID__AMD_WET,2,train,4,"For a selected inner_fold k, samples with inner_fold=k are inner validation; all others are inner training."
S000553,RFMID,AMD_WET,RFMID__AMD_WET,2,train,2,"For a selected inner_fold k, samples with inner_fold=k are inner validation; all others are inner training."
S000554,RFMID,AMD_WET,RFMID__AMD_WET,2,train,1,"For a selected inner_fold k, samples with inner_fold=k are inner validation; all others are inner training."
S000556,RFMID,AMD_WET,RFMID__AMD_WET,2,train,4,"For a selected inner_fold k, samples with inner_fold=k are inner validation; all others are inner training."
S000558,RFMID,AMD_WET,RFMID__AMD_WET,2,train,4,"For a selected inner_fold k, samples with inner_fold=k are inner validation; all others are inner training."
S000560,RFMID,AMD_WET,RFMID__AMD_WET,2,train,1,"For a selected inner_fold k, samples with inner_fold=k are inner validation; all others are inner training."
S000561,RFMID,AMD_WET,RFMID__AMD_WET,2,train,2,"For a selected inner_fold k, samples with inner_fold=k are inner validation; all others are inner training."
S000562,RFMID,AMD_WET,RFMID__AMD_WET,2,train,2,"For a selected inner_fold k, samples with inner_fold=k are inner validation; all others are inner training."
S000563,RFMID,AMD_WET,RFMID__AMD_WET,2,train,1,"For a selected inner_fold k, samples with inner_fold=k are inner validation; all others are inner training."
S000564,RFMID,AMD_WET,RFMID__AMD_WET,2,train,1,"For a selected inner_fold k, samples with inner_fold=k are inner validation; all others are inner training."
S000565,RFMID,AMD_WET,RFMID__AMD_WET,2,train,1,"For a selected inner_fold k, samples with inner_fold=k are inner validation; all others are inner training."
S000566,RFMID,AMD_WET,RFMID__AMD_WET,2,train,2,"For a selected inner_fold k, samples with inner_fold=k are inner validation; all others are inner training."
S000567,RFMID,AMD_WET,RFMID__AMD_WET,2,train,2,"For a selected inner_fold k, samples with inner_fold=k are inner validation; all others are inner training."
S000569,RFMID,AMD_WET,RFMID__AMD_WET,2,train,4,"For a selected inner_fold k, samples with inner_fold=k are inner validation; all others are inner training."
S000570,RFMID,AMD_WET,RFMID__AMD_WET,2,train,1,"For a selected inner_fold k, samples with inner_fold=k are inner validation; all others are inner training."
S000574,RFMID,AMD_WET,RFMID__AMD_WET,2,train,2,"For a selected inner_fold k, samples with inner_fold=k are inner validation; all others are inner training."
S000575,RFMID,AMD_WET,RFMID__AMD_WET,2,train,4,"For a selected inner_fold k, samples with inner_fold=k are inner validation; all others are inner training."
S000576,RFMID,AMD_WET,RFMID__AMD_WET,2,train,4,"For a selected inner_fold k, samples with inner_fold=k are inner validation; all others are inner training."
S000577,RFMID,AMD_WET,RFMID__AMD_WET,2,train,2,"For a selected inner_fold k, samples with inner_fold=k are inner validation; all others are inner training."
S000578,RFMID,AMD_WET,RFMID__AMD_WET,2,train,1,"For a selected inner_fold k, samples with inner_fold=k are inner validation; all others are inner training."
S000579,RFMID,AMD_WET,RFMID__AMD_WET,2,train,4,"For a selected inner_fold k, samples with inner_fold=k are inner validation; all others are inner training."
S000580,RFMID,AMD_WET,RFMID__AMD_WET,2,train,2,"For a selected inner_fold k, samples with inner_fold=k are inner validation; all others are inner training."
S000581,RFMID,AMD_WET,RFMID__AMD_WET,2,train,1,"For a selected inner_fold k, samples with inner_fold=k are inner validation; all others are inner training."
S000582,RFMID,AMD_WET,RFMID__AMD_WET,2,train,3,"For a selected inner_fold k, samples with inner_fold=k are inner validation; all others are inner training."
S000583,RFMID,AMD_WET,RFMID__AMD_WET,2,train,3,"For a selected inner_fold k, samples with inner_fold=k are inner validation; all others are inner training."
S000584,RFMID,AMD_WET,RFMID__AMD_WET,2,train,1,"For a selected inner_fold k, samples with inner_fold=k are inner validation; all others are inner training."
S000585,RFMID,AMD_WET,RFMID__AMD_WET,2,train,2,"For a selected inner_fold k, samples with inner_fold=k are inner validation; all others are inner training."
S000588,RFMID,AMD_WET,RFMID__AMD_WET,2,train,2,"For a selected inner_fold k, samples with inner_fold=k are inner validation; all others are inner training."
S000589,RFMID,AMD_WET,RFMID__AMD_WET,2,train,3,"For a selected inner_fold k, samples with inner_fold=k are inner validation; all others are inner training."
S000590,RFMID,AMD_WET,RFMID__AMD_WET,2,train,3,"For a selected inner_fold k, samples with inner_fold=k are inner validation; all others are inner training."
S000591,RFMID,AMD_WET,RFMID__AMD_WET,2,train,3,"For a selected inner_fold k, samples with inner_fold=k are inner validation; all others are inner training."
S000592,RFMID,AMD_WET,RFMID__AMD_WET,2,train,1,"For a selected inner_fold k, samples with inner_fold=k are inner validation; all others are inner training."
S000593,RFMID,AMD_WET,RFMID__AMD_WET,2,train,1,"For a selected inner_fold k, samples with inner_fold=k are inner validation; all others are inner training."
S000596,RFMID,AMD_WET,RFMID__AMD_WET,2,train,4,"For a selected inner_fold k, samples with inner_fold=k are inner validation; all others are inner training."
S000597,RFMID,AMD_WET,RFMID__AMD_WET,2,train,4,"For a selected inner_fold k, samples with inner_fold=k are inner validation; all others are inner training."
S000005,ADAM,AMD_DRY,ADAM__AMD_DRY,2,validation,,Outer validation sample; never used in inner tuning.
S000006,ADAM,AMD_DRY,ADAM__AMD_DRY,2,validation,,Outer validation sample; never used in inner tuning.
S000009,ADAM,AMD_DRY,ADAM__AMD_DRY,2,validation,,Outer validation sample; never used in inner tuning.
S000011,ADAM,AMD_DRY,ADAM__AMD_DRY,2,validation,,Outer validation sample; never used in inner tuning.
S000025,ADAM,AMD_DRY,ADAM__AMD_DRY,2,validation,,Outer validation sample; never used in inner tuning.
S000027,ADAM,AMD_DRY,ADAM__AMD_DRY,2,validation,,Outer validation sample; never used in inner tuning.
S000033,ADAM,AMD_DRY,ADAM__AMD_DRY,2,validation,,Outer validation sample; never used in inner tuning.
S000037,ADAM,AMD_WET,ADAM__AMD_WET,2,validation,,Outer validation sample; never used in inner tuning.
S000039,ADAM,AMD_WET,ADAM__AMD_WET,2,validation,,Outer validation sample; never used in inner tuning.
S000044,ADAM,AMD_WET,ADAM__AMD_WET,2,validation,,Outer validation sample; never used in inner tuning.
S000049,ADAM,AMD_WET,ADAM__AMD_WET,2,validation,,Outer validation sample; never used in inner tuning.
S000054,FIVES,NORMAL,FIVES__NORMAL,2,validation,,Outer validation sample; never used in inner tuning.
S000059,FIVES,NORMAL,FIVES__NORMAL,2,validation,,Outer validation sample; never used in inner tuning.
S000060,FIVES,NORMAL,FIVES__NORMAL,2,validation,,Outer validation sample; never used in inner tuning.
S000063,FIVES,NORMAL,FIVES__NORMAL,2,validation,,Outer validation sample; never used in inner tuning.
S000068,FIVES,NORMAL,FIVES__NORMAL,2,validation,,Outer validation sample; never used in inner tuning.
S000069,FIVES,NORMAL,FIVES__NORMAL,2,validation,,Outer validation sample; never used in inner tuning.
S000091,FIVES,NORMAL,FIVES__NORMAL,2,validation,,Outer validation sample; never used in inner tuning.
S000092,FIVES,NORMAL,FIVES__NORMAL,2,validation,,Outer validation sample; never used in inner tuning.
S000098,FIVES,NORMAL,FIVES__NORMAL,2,validation,,Outer validation sample; never used in inner tuning.
S000099,FIVES,NORMAL,FIVES__NORMAL,2,validation,,Outer validation sample; never used in inner tuning.
S000102,FIVES,NORMAL,FIVES__NORMAL,2,validation,,Outer validation sample; never used in inner tuning.
S000112,FIVES,NORMAL,FIVES__NORMAL,2,validation,,Outer validation sample; never used in inner tuning.
S000113,FIVES,NORMAL,FIVES__NORMAL,2,validation,,Outer validation sample; never used in inner tuning.
S000121,FIVES,NORMAL,FIVES__NORMAL,2,validation,,Outer validation sample; never used in inner tuning.
S000134,FIVES,NORMAL,FIVES__NORMAL,2,validation,,Outer validation sample; never used in inner tuning.
S000137,FIVES,NORMAL,FIVES__NORMAL,2,validation,,Outer validation sample; never used in inner tuning.
S000138,FIVES,NORMAL,FIVES__NORMAL,2,validation,,Outer validation sample; never used in inner tuning.
S000147,FIVES,NORMAL,FIVES__NORMAL,2,validation,,Outer validation sample; never used in inner tuning.
S000150,FIVES,NORMAL,FIVES__NORMAL,2,validation,,Outer validation sample; never used in inner tuning.
S000153,FIVES,AMD_DRY,FIVES__AMD_DRY,2,validation,,Outer validation sample; never used in inner tuning.
S000154,FIVES,AMD_DRY,FIVES__AMD_DRY,2,validation,,Outer validation sample; never used in inner tuning.
S000160,FIVES,AMD_DRY,FIVES__AMD_DRY,2,validation,,Outer validation sample; never used in inner tuning.
S000167,FIVES,AMD_WET,FIVES__AMD_WET,2,validation,,Outer validation sample; never used in inner tuning.
S000178,FIVES,AMD_WET,FIVES__AMD_WET,2,validation,,Outer validation sample; never used in inner tuning.
S000180,FIVES,AMD_WET,FIVES__AMD_WET,2,validation,,Outer validation sample; never used in inner tuning.
S000183,FIVES,AMD_WET,FIVES__AMD_WET,2,validation,,Outer validation sample; never used in inner tuning.
S000184,FIVES,AMD_WET,FIVES__AMD_WET,2,validation,,Outer validation sample; never used in inner tuning.
S000186,FIVES,AMD_WET,FIVES__AMD_WET,2,validation,,Outer validation sample; never used in inner tuning.
S000188,FIVES,AMD_WET,FIVES__AMD_WET,2,validation,,Outer validation sample; never used in inner tuning.
S000205,FIVES,AMD_WET,FIVES__AMD_WET,2,validation,,Outer validation sample; never used in inner tuning.
S000210,FIVES,AMD_WET,FIVES__AMD_WET,2,validation,,Outer validation sample; never used in inner tuning.
S000222,FIVES,AMD_WET,FIVES__AMD_WET,2,validation,,Outer validation sample; never used in inner tuning.
S000226,FIVES,AMD_WET,FIVES__AMD_WET,2,validation,,Outer validation sample; never used in inner tuning.
S000230,FIVES,AMD_WET,FIVES__AMD_WET,2,validation,,Outer validation sample; never used in inner tuning.
S000233,FIVES,AMD_WET,FIVES__AMD_WET,2,validation,,Outer validation sample; never used in inner tuning.
S000238,FIVES,AMD_WET,FIVES__AMD_WET,2,validation,,Outer validation sample; never used in inner tuning.
S000241,ODIR,NORMAL,ODIR__NORMAL,2,validation,,Outer validation sample; never used in inner tuning.
S000244,ODIR,NORMAL,ODIR__NORMAL,2,validation,,Outer validation sample; never used in inner tuning.
S000250,ODIR,NORMAL,ODIR__NORMAL,2,validation,,Outer validation sample; never used in inner tuning.
S000259,ODIR,NORMAL,ODIR__NORMAL,2,validation,,Outer validation sample; never used in inner tuning.
S000260,ODIR,NORMAL,ODIR__NORMAL,2,validation,,Outer validation sample; never used in inner tuning.
S000261,ODIR,NORMAL,ODIR__NORMAL,2,validation,,Outer validation sample; never used in inner tuning.
S000266,ODIR,NORMAL,ODIR__NORMAL,2,validation,,Outer validation sample; never used in inner tuning.
S000276,ODIR,NORMAL,ODIR__NORMAL,2,validation,,Outer validation sample; never used in inner tuning.
S000284,ODIR,NORMAL,ODIR__NORMAL,2,validation,,Outer validation sample; never used in inner tuning.
S000287,ODIR,NORMAL,ODIR__NORMAL,2,validation,,Outer validation sample; never used in inner tuning.
S000290,ODIR,NORMAL,ODIR__NORMAL,2,validation,,Outer validation sample; never used in inner tuning.
S000293,ODIR,NORMAL,ODIR__NORMAL,2,validation,,Outer validation sample; never used in inner tuning.
S000295,ODIR,NORMAL,ODIR__NORMAL,2,validation,,Outer validation sample; never used in inner tuning.
S000297,ODIR,NORMAL,ODIR__NORMAL,2,validation,,Outer validation sample; never used in inner tuning.
S000300,ODIR,NORMAL,ODIR__NORMAL,2,validation,,Outer validation sample; never used in inner tuning.
S000310,ODIR,NORMAL,ODIR__NORMAL,2,validation,,Outer validation sample; never used in inner tuning.
S000322,ODIR,NORMAL,ODIR__NORMAL,2,validation,,Outer validation sample; never used in inner tuning.
S000340,ODIR,NORMAL,ODIR__NORMAL,2,validation,,Outer validation sample; never used in inner tuning.
S000344,ODIR,NORMAL,ODIR__NORMAL,2,validation,,Outer validation sample; never used in inner tuning.
S000345,ODIR,NORMAL,ODIR__NORMAL,2,validation,,Outer validation sample; never used in inner tuning.
S000347,ODIR,NORMAL,ODIR__NORMAL,2,validation,,Outer validation sample; never used in inner tuning.
S000350,ODIR,NORMAL,ODIR__NORMAL,2,validation,,Outer validation sample; never used in inner tuning.
S000352,ODIR,NORMAL,ODIR__NORMAL,2,validation,,Outer validation sample; never used in inner tuning.
S000359,ODIR,NORMAL,ODIR__NORMAL,2,validation,,Outer validation sample; never used in inner tuning.
S000361,ODIR,NORMAL,ODIR__NORMAL,2,validation,,Outer validation sample; never used in inner tuning.
S000366,ODIR,AMD_DRY,ODIR__AMD_DRY,2,validation,,Outer validation sample; never used in inner tuning.
S000368,ODIR,AMD_DRY,ODIR__AMD_DRY,2,validation,,Outer validation sample; never used in inner tuning.
S000369,ODIR,AMD_DRY,ODIR__AMD_DRY,2,validation,,Outer validation sample; never used in inner tuning.
S000370,ODIR,AMD_DRY,ODIR__AMD_DRY,2,validation,,Outer validation sample; never used in inner tuning.
S000374,ODIR,AMD_DRY,ODIR__AMD_DRY,2,validation,,Outer validation sample; never used in inner tuning.
S000377,ODIR,AMD_DRY,ODIR__AMD_DRY,2,validation,,Outer validation sample; never used in inner tuning.
S000378,ODIR,AMD_DRY,ODIR__AMD_DRY,2,validation,,Outer validation sample; never used in inner tuning.
S000379,ODIR,AMD_DRY,ODIR__AMD_DRY,2,validation,,Outer validation sample; never used in inner tuning.
S000380,ODIR,AMD_DRY,ODIR__AMD_DRY,2,validation,,Outer validation sample; never used in inner tuning.
S000383,ODIR,AMD_DRY,ODIR__AMD_DRY,2,validation,,Outer validation sample; never used in inner tuning.
S000390,ODIR,AMD_DRY,ODIR__AMD_DRY,2,validation,,Outer validation sample; never used in inner tuning.
S000402,ODIR,AMD_DRY,ODIR__AMD_DRY,2,validation,,Outer validation sample; never used in inner tuning.
S000416,ODIR,AMD_DRY,ODIR__AMD_DRY,2,validation,,Outer validation sample; never used in inner tuning.
S000439,ODIR,AMD_DRY,ODIR__AMD_DRY,2,validation,,Outer validation sample; never used in inner tuning.
S000441,ODIR,AMD_DRY,ODIR__AMD_DRY,2,validation,,Outer validation sample; never used in inner tuning.
S000444,ODIR,AMD_DRY,ODIR__AMD_DRY,2,validation,,Outer validation sample; never used in inner tuning.
S000447,ODIR,AMD_WET,ODIR__AMD_WET,2,validation,,Outer validation sample; never used in inner tuning.
S000455,ODIR,AMD_WET,ODIR__AMD_WET,2,validation,,Outer validation sample; never used in inner tuning.
S000459,ODIR,AMD_WET,ODIR__AMD_WET,2,validation,,Outer validation sample; never used in inner tuning.
S000460,ODIR,AMD_WET,ODIR__AMD_WET,2,validation,,Outer validation sample; never used in inner tuning.
S000465,ODIR,AMD_WET,ODIR__AMD_WET,2,validation,,Outer validation sample; never used in inner tuning.
S000472,ODIR,AMD_WET,ODIR__AMD_WET,2,validation,,Outer validation sample; never used in inner tuning.
S000478,RFMID,NORMAL,RFMID__NORMAL,2,validation,,Outer validation sample; never used in inner tuning.
S000481,RFMID,NORMAL,RFMID__NORMAL,2,validation,,Outer validation sample; never used in inner tuning.
S000490,RFMID,NORMAL,RFMID__NORMAL,2,validation,,Outer validation sample; never used in inner tuning.
S000494,RFMID,NORMAL,RFMID__NORMAL,2,validation,,Outer validation sample; never used in inner tuning.
S000498,RFMID,NORMAL,RFMID__NORMAL,2,validation,,Outer validation sample; never used in inner tuning.
S000502,RFMID,NORMAL,RFMID__NORMAL,2,validation,,Outer validation sample; never used in inner tuning.
S000508,RFMID,NORMAL,RFMID__NORMAL,2,validation,,Outer validation sample; never used in inner tuning.
S000509,RFMID,NORMAL,RFMID__NORMAL,2,validation,,Outer validation sample; never used in inner tuning.
S000510,RFMID,NORMAL,RFMID__NORMAL,2,validation,,Outer validation sample; never used in inner tuning.
S000516,RFMID,NORMAL,RFMID__NORMAL,2,validation,,Outer validation sample; never used in inner tuning.
S000517,RFMID,NORMAL,RFMID__NORMAL,2,validation,,Outer validation sample; never used in inner tuning.
S000518,RFMID,NORMAL,RFMID__NORMAL,2,validation,,Outer validation sample; never used in inner tuning.
S000523,RFMID,NORMAL,RFMID__NORMAL,2,validation,,Outer validation sample; never used in inner tuning.
S000537,RFMID,AMD_DRY,RFMID__AMD_DRY,2,validation,,Outer validation sample; never used in inner tuning.
S000555,RFMID,AMD_WET,RFMID__AMD_WET,2,validation,,Outer validation sample; never used in inner tuning.
S000557,RFMID,AMD_WET,RFMID__AMD_WET,2,validation,,Outer validation sample; never used in inner tuning.
S000559,RFMID,AMD_WET,RFMID__AMD_WET,2,validation,,Outer validation sample; never used in inner tuning.
S000568,RFMID,AMD_WET,RFMID__AMD_WET,2,validation,,Outer validation sample; never used in inner tuning.
S000571,RFMID,AMD_WET,RFMID__AMD_WET,2,validation,,Outer validation sample; never used in inner tuning.
S000572,RFMID,AMD_WET,RFMID__AMD_WET,2,validation,,Outer validation sample; never used in inner tuning.
S000573,RFMID,AMD_WET,RFMID__AMD_WET,2,validation,,Outer validation sample; never used in inner tuning.
S000586,RFMID,AMD_WET,RFMID__AMD_WET,2,validation,,Outer validation sample; never used in inner tuning.
S000587,RFMID,AMD_WET,RFMID__AMD_WET,2,validation,,Outer validation sample; never used in inner tuning.
S000594,RFMID,AMD_WET,RFMID__AMD_WET,2,validation,,Outer validation sample; never used in inner tuning.
S000595,RFMID,AMD_WET,RFMID__AMD_WET,2,validation,,Outer validation sample; never used in inner tuning.
S000001,ADAM,AMD_DRY,ADAM__AMD_DRY,3,train,2,"For a selected inner_fold k, samples with inner_fold=k are inner validation; all others are inner training."
S000002,ADAM,AMD_DRY,ADAM__AMD_DRY,3,train,2,"For a selected inner_fold k, samples with inner_fold=k are inner validation; all others are inner training."
S000003,ADAM,AMD_DRY,ADAM__AMD_DRY,3,train,1,"For a selected inner_fold k, samples with inner_fold=k are inner validation; all others are inner training."
S000004,ADAM,AMD_DRY,ADAM__AMD_DRY,3,train,2,"For a selected inner_fold k, samples with inner_fold=k are inner validation; all others are inner training."
S000005,ADAM,AMD_DRY,ADAM__AMD_DRY,3,train,3,"For a selected inner_fold k, samples with inner_fold=k are inner validation; all others are inner training."
S000006,ADAM,AMD_DRY,ADAM__AMD_DRY,3,train,3,"For a selected inner_fold k, samples with inner_fold=k are inner validation; all others are inner training."
S000007,ADAM,AMD_DRY,ADAM__AMD_DRY,3,train,4,"For a selected inner_fold k, samples with inner_fold=k are inner validation; all others are inner training."
S000008,ADAM,AMD_DRY,ADAM__AMD_DRY,3,train,1,"For a selected inner_fold k, samples with inner_fold=k are inner validation; all others are inner training."
S000009,ADAM,AMD_DRY,ADAM__AMD_DRY,3,train,1,"For a selected inner_fold k, samples with inner_fold=k are inner validation; all others are inner training."
S000010,ADAM,AMD_DRY,ADAM__AMD_DRY,3,train,3,"For a selected inner_fold k, samples with inner_fold=k are inner validation; all others are inner training."
S000011,ADAM,AMD_DRY,ADAM__AMD_DRY,3,train,3,"For a selected inner_fold k, samples with inner_fold=k are inner validation; all others are inner training."
S000013,ADAM,AMD_DRY,ADAM__AMD_DRY,3,train,4,"For a selected inner_fold k, samples with inner_fold=k are inner validation; all others are inner training."
S000015,ADAM,AMD_DRY,ADAM__AMD_DRY,3,train,2,"For a selected inner_fold k, samples with inner_fold=k are inner validation; all others are inner training."
S000017,ADAM,AMD_DRY,ADAM__AMD_DRY,3,train,1,"For a selected inner_fold k, samples with inner_fold=k are inner validation; all others are inner training."
S000018,ADAM,AMD_DRY,ADAM__AMD_DRY,3,train,4,"For a selected inner_fold k, samples with inner_fold=k are inner validation; all others are inner training."
S000019,ADAM,AMD_DRY,ADAM__AMD_DRY,3,train,4,"For a selected inner_fold k, samples with inner_fold=k are inner validation; all others are inner training."
S000021,ADAM,AMD_DRY,ADAM__AMD_DRY,3,train,1,"For a selected inner_fold k, samples with inner_fold=k are inner validation; all others are inner training."
S000022,ADAM,AMD_DRY,ADAM__AMD_DRY,3,train,2,"For a selected inner_fold k, samples with inner_fold=k are inner validation; all others are inner training."
S000023,ADAM,AMD_DRY,ADAM__AMD_DRY,3,train,3,"For a selected inner_fold k, samples with inner_fold=k are inner validation; all others are inner training."
S000024,ADAM,AMD_DRY,ADAM__AMD_DRY,3,train,1,"For a selected inner_fold k, samples with inner_fold=k are inner validation; all others are inner training."
S000025,ADAM,AMD_DRY,ADAM__AMD_DRY,3,train,4,"For a selected inner_fold k, samples with inner_fold=k are inner validation; all others are inner training."
S000026,ADAM,AMD_DRY,ADAM__AMD_DRY,3,train,1,"For a selected inner_fold k, samples with inner_fold=k are inner validation; all others are inner training."
S000027,ADAM,AMD_DRY,ADAM__AMD_DRY,3,train,3,"For a selected inner_fold k, samples with inner_fold=k are inner validation; all others are inner training."
S000029,ADAM,AMD_DRY,ADAM__AMD_DRY,3,train,2,"For a selected inner_fold k, samples with inner_fold=k are inner validation; all others are inner training."
S000030,ADAM,AMD_DRY,ADAM__AMD_DRY,3,train,4,"For a selected inner_fold k, samples with inner_fold=k are inner validation; all others are inner training."
S000032,ADAM,AMD_DRY,ADAM__AMD_DRY,3,train,2,"For a selected inner_fold k, samples with inner_fold=k are inner validation; all others are inner training."
S000033,ADAM,AMD_DRY,ADAM__AMD_DRY,3,train,4,"For a selected inner_fold k, samples with inner_fold=k are inner validation; all others are inner training."
S000035,ADAM,AMD_DRY,ADAM__AMD_DRY,3,train,3,"For a selected inner_fold k, samples with inner_fold=k are inner validation; all others are inner training."
S000037,ADAM,AMD_WET,ADAM__AMD_WET,3,train,4,"For a selected inner_fold k, samples with inner_fold=k are inner validation; all others are inner training."
S000039,ADAM,AMD_WET,ADAM__AMD_WET,3,train,2,"For a selected inner_fold k, samples with inner_fold=k are inner validation; all others are inner training."
S000040,ADAM,AMD_WET,ADAM__AMD_WET,3,train,1,"For a selected inner_fold k, samples with inner_fold=k are inner validation; all others are inner training."
S000041,ADAM,AMD_WET,ADAM__AMD_WET,3,train,3,"For a selected inner_fold k, samples with inner_fold=k are inner validation; all others are inner training."
S000042,ADAM,AMD_WET,ADAM__AMD_WET,3,train,2,"For a selected inner_fold k, samples with inner_fold=k are inner validation; all others are inner training."
S000043,ADAM,AMD_WET,ADAM__AMD_WET,3,train,2,"For a selected inner_fold k, samples with inner_fold=k are inner validation; all others are inner training."
S000044,ADAM,AMD_WET,ADAM__AMD_WET,3,train,1,"For a selected inner_fold k, samples with inner_fold=k are inner validation; all others are inner training."
S000045,ADAM,AMD_WET,ADAM__AMD_WET,3,train,2,"For a selected inner_fold k, samples with inner_fold=k are inner validation; all others are inner training."
S000046,ADAM,AMD_WET,ADAM__AMD_WET,3,train,1,"For a selected inner_fold k, samples with inner_fold=k are inner validation; all others are inner training."
S000047,ADAM,AMD_WET,ADAM__AMD_WET,3,train,4,"For a selected inner_fold k, samples with inner_fold=k are inner validation; all others are inner training."
S000048,ADAM,AMD_WET,ADAM__AMD_WET,3,train,4,"For a selected inner_fold k, samples with inner_fold=k are inner validation; all others are inner training."
S000049,ADAM,AMD_WET,ADAM__AMD_WET,3,train,3,"For a selected inner_fold k, samples with inner_fold=k are inner validation; all others are inner training."
S000051,ADAM,AMD_WET,ADAM__AMD_WET,3,train,3,"For a selected inner_fold k, samples with inner_fold=k are inner validation; all others are inner training."
S000052,ADAM,AMD_WET,ADAM__AMD_WET,3,train,1,"For a selected inner_fold k, samples with inner_fold=k are inner validation; all others are inner training."
S000053,FIVES,NORMAL,FIVES__NORMAL,3,train,1,"For a selected inner_fold k, samples with inner_fold=k are inner validation; all others are inner training."
S000054,FIVES,NORMAL,FIVES__NORMAL,3,train,4,"For a selected inner_fold k, samples with inner_fold=k are inner validation; all others are inner training."
S000055,FIVES,NORMAL,FIVES__NORMAL,3,train,1,"For a selected inner_fold k, samples with inner_fold=k are inner validation; all others are inner training."
S000056,FIVES,NORMAL,FIVES__NORMAL,3,train,2,"For a selected inner_fold k, samples with inner_fold=k are inner validation; all others are inner training."
S000057,FIVES,NORMAL,FIVES__NORMAL,3,train,3,"For a selected inner_fold k, samples with inner_fold=k are inner validation; all others are inner training."
S000059,FIVES,NORMAL,FIVES__NORMAL,3,train,1,"For a selected inner_fold k, samples with inner_fold=k are inner validation; all others are inner training."
S000060,FIVES,NORMAL,FIVES__NORMAL,3,train,3,"For a selected inner_fold k, samples with inner_fold=k are inner validation; all others are inner training."
S000062,FIVES,NORMAL,FIVES__NORMAL,3,train,4,"For a selected inner_fold k, samples with inner_fold=k are inner validation; all others are inner training."
S000063,FIVES,NORMAL,FIVES__NORMAL,3,train,2,"For a selected inner_fold k, samples with inner_fold=k are inner validation; all others are inner training."
S000064,FIVES,NORMAL,FIVES__NORMAL,3,train,3,"For a selected inner_fold k, samples with inner_fold=k are inner validation; all others are inner training."
S000065,FIVES,NORMAL,FIVES__NORMAL,3,train,1,"For a selected inner_fold k, samples with inner_fold=k are inner validation; all others are inner training."
S000066,FIVES,NORMAL,FIVES__NORMAL,3,train,4,"For a selected inner_fold k, samples with inner_fold=k are inner validation; all others are inner training."
S000067,FIVES,NORMAL,FIVES__NORMAL,3,train,1,"For a selected inner_fold k, samples with inner_fold=k are inner validation; all others are inner training."
S000068,FIVES,NORMAL,FIVES__NORMAL,3,train,2,"For a selected inner_fold k, samples with inner_fold=k are inner validation; all others are inner training."
S000069,FIVES,NORMAL,FIVES__NORMAL,3,train,4,"For a selected inner_fold k, samples with inner_fold=k are inner validation; all others are inner training."
S000071,FIVES,NORMAL,FIVES__NORMAL,3,train,3,"For a selected inner_fold k, samples with inner_fold=k are inner validation; all others are inner training."
S000072,FIVES,NORMAL,FIVES__NORMAL,3,train,4,"For a selected inner_fold k, samples with inner_fold=k are inner validation; all others are inner training."
S000074,FIVES,NORMAL,FIVES__NORMAL,3,train,2,"For a selected inner_fold k, samples with inner_fold=k are inner validation; all others are inner training."
S000077,FIVES,NORMAL,FIVES__NORMAL,3,train,4,"For a selected inner_fold k, samples with inner_fold=k are inner validation; all others are inner training."
S000078,FIVES,NORMAL,FIVES__NORMAL,3,train,2,"For a selected inner_fold k, samples with inner_fold=k are inner validation; all others are inner training."
S000079,FIVES,NORMAL,FIVES__NORMAL,3,train,2,"For a selected inner_fold k, samples with inner_fold=k are inner validation; all others are inner training."
S000081,FIVES,NORMAL,FIVES__NORMAL,3,train,3,"For a selected inner_fold k, samples with inner_fold=k are inner validation; all others are inner training."
S000083,FIVES,NORMAL,FIVES__NORMAL,3,train,1,"For a selected inner_fold k, samples with inner_fold=k are inner validation; all others are inner training."
S000084,FIVES,NORMAL,FIVES__NORMAL,3,train,4,"For a selected inner_fold k, samples with inner_fold=k are inner validation; all others are inner training."
S000085,FIVES,NORMAL,FIVES__NORMAL,3,train,1,"For a selected inner_fold k, samples with inner_fold=k are inner validation; all others are inner training."
S000088,FIVES,NORMAL,FIVES__NORMAL,3,train,3,"For a selected inner_fold k, samples with inner_fold=k are inner validation; all others are inner training."
S000089,FIVES,NORMAL,FIVES__NORMAL,3,train,2,"For a selected inner_fold k, samples with inner_fold=k are inner validation; all others are inner training."
S000090,FIVES,NORMAL,FIVES__NORMAL,3,train,3,"For a selected inner_fold k, samples with inner_fold=k are inner validation; all others are inner training."
S000091,FIVES,NORMAL,FIVES__NORMAL,3,train,3,"For a selected inner_fold k, samples with inner_fold=k are inner validation; all others are inner training."
S000092,FIVES,NORMAL,FIVES__NORMAL,3,train,4,"For a selected inner_fold k, samples with inner_fold=k are inner validation; all others are inner training."
S000093,FIVES,NORMAL,FIVES__NORMAL,3,train,3,"For a selected inner_fold k, samples with inner_fold=k are inner validation; all others are inner training."
S000094,FIVES,NORMAL,FIVES__NORMAL,3,train,1,"For a selected inner_fold k, samples with inner_fold=k are inner validation; all others are inner training."
S000095,FIVES,NORMAL,FIVES__NORMAL,3,train,1,"For a selected inner_fold k, samples with inner_fold=k are inner validation; all others are inner training."
S000096,FIVES,NORMAL,FIVES__NORMAL,3,train,3,"For a selected inner_fold k, samples with inner_fold=k are inner validation; all others are inner training."
S000097,FIVES,NORMAL,FIVES__NORMAL,3,train,2,"For a selected inner_fold k, samples with inner_fold=k are inner validation; all others are inner training."
S000098,FIVES,NORMAL,FIVES__NORMAL,3,train,4,"For a selected inner_fold k, samples with inner_fold=k are inner validation; all others are inner training."
S000099,FIVES,NORMAL,FIVES__NORMAL,3,train,2,"For a selected inner_fold k, samples with inner_fold=k are inner validation; all others are inner training."
S000100,FIVES,NORMAL,FIVES__NORMAL,3,train,3,"For a selected inner_fold k, samples with inner_fold=k are inner validation; all others are inner training."
S000101,FIVES,NORMAL,FIVES__NORMAL,3,train,2,"For a selected inner_fold k, samples with inner_fold=k are inner validation; all others are inner training."
S000102,FIVES,NORMAL,FIVES__NORMAL,3,train,1,"For a selected inner_fold k, samples with inner_fold=k are inner validation; all others are inner training."
S000103,FIVES,NORMAL,FIVES__NORMAL,3,train,4,"For a selected inner_fold k, samples with inner_fold=k are inner validation; all others are inner training."
S000105,FIVES,NORMAL,FIVES__NORMAL,3,train,2,"For a selected inner_fold k, samples with inner_fold=k are inner validation; all others are inner training."
S000106,FIVES,NORMAL,FIVES__NORMAL,3,train,3,"For a selected inner_fold k, samples with inner_fold=k are inner validation; all others are inner training."
S000107,FIVES,NORMAL,FIVES__NORMAL,3,train,1,"For a selected inner_fold k, samples with inner_fold=k are inner validation; all others are inner training."
S000108,FIVES,NORMAL,FIVES__NORMAL,3,train,4,"For a selected inner_fold k, samples with inner_fold=k are inner validation; all others are inner training."
S000109,FIVES,NORMAL,FIVES__NORMAL,3,train,4,"For a selected inner_fold k, samples with inner_fold=k are inner validation; all others are inner training."
S000110,FIVES,NORMAL,FIVES__NORMAL,3,train,1,"For a selected inner_fold k, samples with inner_fold=k are inner validation; all others are inner training."
S000111,FIVES,NORMAL,FIVES__NORMAL,3,train,3,"For a selected inner_fold k, samples with inner_fold=k are inner validation; all others are inner training."
S000112,FIVES,NORMAL,FIVES__NORMAL,3,train,4,"For a selected inner_fold k, samples with inner_fold=k are inner validation; all others are inner training."
S000113,FIVES,NORMAL,FIVES__NORMAL,3,train,2,"For a selected inner_fold k, samples with inner_fold=k are inner validation; all others are inner training."
S000114,FIVES,NORMAL,FIVES__NORMAL,3,train,2,"For a selected inner_fold k, samples with inner_fold=k are inner validation; all others are inner training."
S000117,FIVES,NORMAL,FIVES__NORMAL,3,train,1,"For a selected inner_fold k, samples with inner_fold=k are inner validation; all others are inner training."
S000118,FIVES,NORMAL,FIVES__NORMAL,3,train,1,"For a selected inner_fold k, samples with inner_fold=k are inner validation; all others are inner training."
S000119,FIVES,NORMAL,FIVES__NORMAL,3,train,3,"For a selected inner_fold k, samples with inner_fold=k are inner validation; all others are inner training."
S000120,FIVES,NORMAL,FIVES__NORMAL,3,train,2,"For a selected inner_fold k, samples with inner_fold=k are inner validation; all others are inner training."
S000121,FIVES,NORMAL,FIVES__NORMAL,3,train,2,"For a selected inner_fold k, samples with inner_fold=k are inner validation; all others are inner training."
S000122,FIVES,NORMAL,FIVES__NORMAL,3,train,4,"For a selected inner_fold k, samples with inner_fold=k are inner validation; all others are inner training."
S000123,FIVES,NORMAL,FIVES__NORMAL,3,train,1,"For a selected inner_fold k, samples with inner_fold=k are inner validation; all others are inner training."
S000124,FIVES,NORMAL,FIVES__NORMAL,3,train,2,"For a selected inner_fold k, samples with inner_fold=k are inner validation; all others are inner training."
S000125,FIVES,NORMAL,FIVES__NORMAL,3,train,4,"For a selected inner_fold k, samples with inner_fold=k are inner validation; all others are inner training."
S000126,FIVES,NORMAL,FIVES__NORMAL,3,train,1,"For a selected inner_fold k, samples with inner_fold=k are inner validation; all others are inner training."
S000128,FIVES,NORMAL,FIVES__NORMAL,3,train,3,"For a selected inner_fold k, samples with inner_fold=k are inner validation; all others are inner training."
S000130,FIVES,NORMAL,FIVES__NORMAL,3,train,2,"For a selected inner_fold k, samples with inner_fold=k are inner validation; all others are inner training."
S000131,FIVES,NORMAL,FIVES__NORMAL,3,train,1,"For a selected inner_fold k, samples with inner_fold=k are inner validation; all others are inner training."
S000133,FIVES,NORMAL,FIVES__NORMAL,3,train,4,"For a selected inner_fold k, samples with inner_fold=k are inner validation; all others are inner training."
S000134,FIVES,NORMAL,FIVES__NORMAL,3,train,2,"For a selected inner_fold k, samples with inner_fold=k are inner validation; all others are inner training."
S000135,FIVES,NORMAL,FIVES__NORMAL,3,train,4,"For a selected inner_fold k, samples with inner_fold=k are inner validation; all others are inner training."
S000136,FIVES,NORMAL,FIVES__NORMAL,3,train,4,"For a selected inner_fold k, samples with inner_fold=k are inner validation; all others are inner training."
S000137,FIVES,NORMAL,FIVES__NORMAL,3,train,3,"For a selected inner_fold k, samples with inner_fold=k are inner validation; all others are inner training."
S000138,FIVES,NORMAL,FIVES__NORMAL,3,train,3,"For a selected inner_fold k, samples with inner_fold=k are inner validation; all others are inner training."
S000141,FIVES,NORMAL,FIVES__NORMAL,3,train,4,"For a selected inner_fold k, samples with inner_fold=k are inner validation; all others are inner training."
S000142,FIVES,NORMAL,FIVES__NORMAL,3,train,1,"For a selected inner_fold k, samples with inner_fold=k are inner validation; all others are inner training."
S000143,FIVES,NORMAL,FIVES__NORMAL,3,train,2,"For a selected inner_fold k, samples with inner_fold=k are inner validation; all others are inner training."
S000145,FIVES,NORMAL,FIVES__NORMAL,3,train,3,"For a selected inner_fold k, samples with inner_fold=k are inner validation; all others are inner training."
S000146,FIVES,NORMAL,FIVES__NORMAL,3,train,1,"For a selected inner_fold k, samples with inner_fold=k are inner validation; all others are inner training."
S000147,FIVES,NORMAL,FIVES__NORMAL,3,train,1,"For a selected inner_fold k, samples with inner_fold=k are inner validation; all others are inner training."
S000149,FIVES,NORMAL,FIVES__NORMAL,3,train,3,"For a selected inner_fold k, samples with inner_fold=k are inner validation; all others are inner training."
S000150,FIVES,NORMAL,FIVES__NORMAL,3,train,3,"For a selected inner_fold k, samples with inner_fold=k are inner validation; all others are inner training."
S000151,FIVES,NORMAL,FIVES__NORMAL,3,train,4,"For a selected inner_fold k, samples with inner_fold=k are inner validation; all others are inner training."
S000153,FIVES,AMD_DRY,FIVES__AMD_DRY,3,train,4,"For a selected inner_fold k, samples with inner_fold=k are inner validation; all others are inner training."
S000154,FIVES,AMD_DRY,FIVES__AMD_DRY,3,train,3,"For a selected inner_fold k, samples with inner_fold=k are inner validation; all others are inner training."
S000155,FIVES,AMD_DRY,FIVES__AMD_DRY,3,train,1,"For a selected inner_fold k, samples with inner_fold=k are inner validation; all others are inner training."
S000157,FIVES,AMD_DRY,FIVES__AMD_DRY,3,train,1,"For a selected inner_fold k, samples with inner_fold=k are inner validation; all others are inner training."
S000158,FIVES,AMD_DRY,FIVES__AMD_DRY,3,train,4,"For a selected inner_fold k, samples with inner_fold=k are inner validation; all others are inner training."
S000159,FIVES,AMD_DRY,FIVES__AMD_DRY,3,train,2,"For a selected inner_fold k, samples with inner_fold=k are inner validation; all others are inner training."
S000160,FIVES,AMD_DRY,FIVES__AMD_DRY,3,train,2,"For a selected inner_fold k, samples with inner_fold=k are inner validation; all others are inner training."
S000162,FIVES,AMD_DRY,FIVES__AMD_DRY,3,train,3,"For a selected inner_fold k, samples with inner_fold=k are inner validation; all others are inner training."
S000163,FIVES,AMD_DRY,FIVES__AMD_DRY,3,train,3,"For a selected inner_fold k, samples with inner_fold=k are inner validation; all others are inner training."
S000164,FIVES,AMD_DRY,FIVES__AMD_DRY,3,train,4,"For a selected inner_fold k, samples with inner_fold=k are inner validation; all others are inner training."
S000165,FIVES,AMD_DRY,FIVES__AMD_DRY,3,train,2,"For a selected inner_fold k, samples with inner_fold=k are inner validation; all others are inner training."
S000166,FIVES,AMD_DRY,FIVES__AMD_DRY,3,train,1,"For a selected inner_fold k, samples with inner_fold=k are inner validation; all others are inner training."
S000167,FIVES,AMD_WET,FIVES__AMD_WET,3,train,3,"For a selected inner_fold k, samples with inner_fold=k are inner validation; all others are inner training."
S000168,FIVES,AMD_WET,FIVES__AMD_WET,3,train,3,"For a selected inner_fold k, samples with inner_fold=k are inner validation; all others are inner training."
S000169,FIVES,AMD_WET,FIVES__AMD_WET,3,train,1,"For a selected inner_fold k, samples with inner_fold=k are inner validation; all others are inner training."
S000171,FIVES,AMD_WET,FIVES__AMD_WET,3,train,3,"For a selected inner_fold k, samples with inner_fold=k are inner validation; all others are inner training."
S000175,FIVES,AMD_WET,FIVES__AMD_WET,3,train,2,"For a selected inner_fold k, samples with inner_fold=k are inner validation; all others are inner training."
S000176,FIVES,AMD_WET,FIVES__AMD_WET,3,train,3,"For a selected inner_fold k, samples with inner_fold=k are inner validation; all others are inner training."
S000177,FIVES,AMD_WET,FIVES__AMD_WET,3,train,3,"For a selected inner_fold k, samples with inner_fold=k are inner validation; all others are inner training."
S000178,FIVES,AMD_WET,FIVES__AMD_WET,3,train,3,"For a selected inner_fold k, samples with inner_fold=k are inner validation; all others are inner training."
S000179,FIVES,AMD_WET,FIVES__AMD_WET,3,train,1,"For a selected inner_fold k, samples with inner_fold=k are inner validation; all others are inner training."
S000180,FIVES,AMD_WET,FIVES__AMD_WET,3,train,2,"For a selected inner_fold k, samples with inner_fold=k are inner validation; all others are inner training."
S000181,FIVES,AMD_WET,FIVES__AMD_WET,3,train,2,"For a selected inner_fold k, samples with inner_fold=k are inner validation; all others are inner training."
S000182,FIVES,AMD_WET,FIVES__AMD_WET,3,train,4,"For a selected inner_fold k, samples with inner_fold=k are inner validation; all others are inner training."
S000183,FIVES,AMD_WET,FIVES__AMD_WET,3,train,3,"For a selected inner_fold k, samples with inner_fold=k are inner validation; all others are inner training."
S000184,FIVES,AMD_WET,FIVES__AMD_WET,3,train,4,"For a selected inner_fold k, samples with inner_fold=k are inner validation; all others are inner training."
S000185,FIVES,AMD_WET,FIVES__AMD_WET,3,train,1,"For a selected inner_fold k, samples with inner_fold=k are inner validation; all others are inner training."
S000186,FIVES,AMD_WET,FIVES__AMD_WET,3,train,3,"For a selected inner_fold k, samples with inner_fold=k are inner validation; all others are inner training."
S000187,FIVES,AMD_WET,FIVES__AMD_WET,3,train,4,"For a selected inner_fold k, samples with inner_fold=k are inner validation; all others are inner training."
S000188,FIVES,AMD_WET,FIVES__AMD_WET,3,train,4,"For a selected inner_fold k, samples with inner_fold=k are inner validation; all others are inner training."
S000189,FIVES,AMD_WET,FIVES__AMD_WET,3,train,3,"For a selected inner_fold k, samples with inner_fold=k are inner validation; all others are inner training."
S000191,FIVES,AMD_WET,FIVES__AMD_WET,3,train,2,"For a selected inner_fold k, samples with inner_fold=k are inner validation; all others are inner training."
S000192,FIVES,AMD_WET,FIVES__AMD_WET,3,train,3,"For a selected inner_fold k, samples with inner_fold=k are inner validation; all others are inner training."
S000194,FIVES,AMD_WET,FIVES__AMD_WET,3,train,1,"For a selected inner_fold k, samples with inner_fold=k are inner validation; all others are inner training."
S000195,FIVES,AMD_WET,FIVES__AMD_WET,3,train,4,"For a selected inner_fold k, samples with inner_fold=k are inner validation; all others are inner training."
S000196,FIVES,AMD_WET,FIVES__AMD_WET,3,train,2,"For a selected inner_fold k, samples with inner_fold=k are inner validation; all others are inner training."
S000197,FIVES,AMD_WET,FIVES__AMD_WET,3,train,4,"For a selected inner_fold k, samples with inner_fold=k are inner validation; all others are inner training."
S000198,FIVES,AMD_WET,FIVES__AMD_WET,3,train,3,"For a selected inner_fold k, samples with inner_fold=k are inner validation; all others are inner training."
S000199,FIVES,AMD_WET,FIVES__AMD_WET,3,train,4,"For a selected inner_fold k, samples with inner_fold=k are inner validation; all others are inner training."
S000202,FIVES,AMD_WET,FIVES__AMD_WET,3,train,2,"For a selected inner_fold k, samples with inner_fold=k are inner validation; all others are inner training."
S000203,FIVES,AMD_WET,FIVES__AMD_WET,3,train,3,"For a selected inner_fold k, samples with inner_fold=k are inner validation; all others are inner training."
S000205,FIVES,AMD_WET,FIVES__AMD_WET,3,train,1,"For a selected inner_fold k, samples with inner_fold=k are inner validation; all others are inner training."
S000209,FIVES,AMD_WET,FIVES__AMD_WET,3,train,1,"For a selected inner_fold k, samples with inner_fold=k are inner validation; all others are inner training."
S000210,FIVES,AMD_WET,FIVES__AMD_WET,3,train,3,"For a selected inner_fold k, samples with inner_fold=k are inner validation; all others are inner training."
S000211,FIVES,AMD_WET,FIVES__AMD_WET,3,train,2,"For a selected inner_fold k, samples with inner_fold=k are inner validation; all others are inner training."
S000212,FIVES,AMD_WET,FIVES__AMD_WET,3,train,4,"For a selected inner_fold k, samples with inner_fold=k are inner validation; all others are inner training."
S000214,FIVES,AMD_WET,FIVES__AMD_WET,3,train,4,"For a selected inner_fold k, samples with inner_fold=k are inner validation; all others are inner training."
S000215,FIVES,AMD_WET,FIVES__AMD_WET,3,train,3,"For a selected inner_fold k, samples with inner_fold=k are inner validation; all others are inner training."
S000217,FIVES,AMD_WET,FIVES__AMD_WET,3,train,4,"For a selected inner_fold k, samples with inner_fold=k are inner validation; all others are inner training."
S000218,FIVES,AMD_WET,FIVES__AMD_WET,3,train,2,"For a selected inner_fold k, samples with inner_fold=k are inner validation; all others are inner training."
S000221,FIVES,AMD_WET,FIVES__AMD_WET,3,train,1,"For a selected inner_fold k, samples with inner_fold=k are inner validation; all others are inner training."
S000222,FIVES,AMD_WET,FIVES__AMD_WET,3,train,4,"For a selected inner_fold k, samples with inner_fold=k are inner validation; all others are inner training."
S000223,FIVES,AMD_WET,FIVES__AMD_WET,3,train,4,"For a selected inner_fold k, samples with inner_fold=k are inner validation; all others are inner training."
S000224,FIVES,AMD_WET,FIVES__AMD_WET,3,train,2,"For a selected inner_fold k, samples with inner_fold=k are inner validation; all others are inner training."
S000225,FIVES,AMD_WET,FIVES__AMD_WET,3,train,1,"For a selected inner_fold k, samples with inner_fold=k are inner validation; all others are inner training."
S000226,FIVES,AMD_WET,FIVES__AMD_WET,3,train,2,"For a selected inner_fold k, samples with inner_fold=k are inner validation; all others are inner training."
S000227,FIVES,AMD_WET,FIVES__AMD_WET,3,train,2,"For a selected inner_fold k, samples with inner_fold=k are inner validation; all others are inner training."
S000228,FIVES,AMD_WET,FIVES__AMD_WET,3,train,2,"For a selected inner_fold k, samples with inner_fold=k are inner validation; all others are inner training."
S000229,FIVES,AMD_WET,FIVES__AMD_WET,3,train,2,"For a selected inner_fold k, samples with inner_fold=k are inner validation; all others are inner training."
S000230,FIVES,AMD_WET,FIVES__AMD_WET,3,train,2,"For a selected inner_fold k, samples with inner_fold=k are inner validation; all others are inner training."
S000231,FIVES,AMD_WET,FIVES__AMD_WET,3,train,1,"For a selected inner_fold k, samples with inner_fold=k are inner validation; all others are inner training."
S000232,FIVES,AMD_WET,FIVES__AMD_WET,3,train,4,"For a selected inner_fold k, samples with inner_fold=k are inner validation; all others are inner training."
S000233,FIVES,AMD_WET,FIVES__AMD_WET,3,train,4,"For a selected inner_fold k, samples with inner_fold=k are inner validation; all others are inner training."
S000234,FIVES,AMD_WET,FIVES__AMD_WET,3,train,1,"For a selected inner_fold k, samples with inner_fold=k are inner validation; all others are inner training."
S000235,FIVES,AMD_WET,FIVES__AMD_WET,3,train,1,"For a selected inner_fold k, samples with inner_fold=k are inner validation; all others are inner training."
S000236,FIVES,AMD_WET,FIVES__AMD_WET,3,train,1,"For a selected inner_fold k, samples with inner_fold=k are inner validation; all others are inner training."
S000238,FIVES,AMD_WET,FIVES__AMD_WET,3,train,1,"For a selected inner_fold k, samples with inner_fold=k are inner validation; all others are inner training."
S000240,ODIR,NORMAL,ODIR__NORMAL,3,train,2,"For a selected inner_fold k, samples with inner_fold=k are inner validation; all others are inner training."
S000241,ODIR,NORMAL,ODIR__NORMAL,3,train,2,"For a selected inner_fold k, samples with inner_fold=k are inner validation; all others are inner training."
S000242,ODIR,NORMAL,ODIR__NORMAL,3,train,3,"For a selected inner_fold k, samples with inner_fold=k are inner validation; all others are inner training."
S000243,ODIR,NORMAL,ODIR__NORMAL,3,train,4,"For a selected inner_fold k, samples with inner_fold=k are inner validation; all others are inner training."
S000244,ODIR,NORMAL,ODIR__NORMAL,3,train,2,"For a selected inner_fold k, samples with inner_fold=k are inner validation; all others are inner training."
S000245,ODIR,NORMAL,ODIR__NORMAL,3,train,3,"For a selected inner_fold k, samples with inner_fold=k are inner validation; all others are inner training."
S000246,ODIR,NORMAL,ODIR__NORMAL,3,train,1,"For a selected inner_fold k, samples with inner_fold=k are inner validation; all others are inner training."
S000247,ODIR,NORMAL,ODIR__NORMAL,3,train,4,"For a selected inner_fold k, samples with inner_fold=k are inner validation; all others are inner training."
S000248,ODIR,NORMAL,ODIR__NORMAL,3,train,1,"For a selected inner_fold k, samples with inner_fold=k are inner validation; all others are inner training."
S000249,ODIR,NORMAL,ODIR__NORMAL,3,train,4,"For a selected inner_fold k, samples with inner_fold=k are inner validation; all others are inner training."
S000250,ODIR,NORMAL,ODIR__NORMAL,3,train,3,"For a selected inner_fold k, samples with inner_fold=k are inner validation; all others are inner training."
S000252,ODIR,NORMAL,ODIR__NORMAL,3,train,3,"For a selected inner_fold k, samples with inner_fold=k are inner validation; all others are inner training."
S000253,ODIR,NORMAL,ODIR__NORMAL,3,train,1,"For a selected inner_fold k, samples with inner_fold=k are inner validation; all others are inner training."
S000254,ODIR,NORMAL,ODIR__NORMAL,3,train,2,"For a selected inner_fold k, samples with inner_fold=k are inner validation; all others are inner training."
S000255,ODIR,NORMAL,ODIR__NORMAL,3,train,3,"For a selected inner_fold k, samples with inner_fold=k are inner validation; all others are inner training."
S000256,ODIR,NORMAL,ODIR__NORMAL,3,train,2,"For a selected inner_fold k, samples with inner_fold=k are inner validation; all others are inner training."
S000258,ODIR,NORMAL,ODIR__NORMAL,3,train,2,"For a selected inner_fold k, samples with inner_fold=k are inner validation; all others are inner training."
S000259,ODIR,NORMAL,ODIR__NORMAL,3,train,4,"For a selected inner_fold k, samples with inner_fold=k are inner validation; all others are inner training."
S000260,ODIR,NORMAL,ODIR__NORMAL,3,train,2,"For a selected inner_fold k, samples with inner_fold=k are inner validation; all others are inner training."
S000261,ODIR,NORMAL,ODIR__NORMAL,3,train,1,"For a selected inner_fold k, samples with inner_fold=k are inner validation; all others are inner training."
S000262,ODIR,NORMAL,ODIR__NORMAL,3,train,3,"For a selected inner_fold k, samples with inner_fold=k are inner validation; all others are inner training."
S000264,ODIR,NORMAL,ODIR__NORMAL,3,train,3,"For a selected inner_fold k, samples with inner_fold=k are inner validation; all others are inner training."
S000265,ODIR,NORMAL,ODIR__NORMAL,3,train,1,"For a selected inner_fold k, samples with inner_fold=k are inner validation; all others are inner training."
S000266,ODIR,NORMAL,ODIR__NORMAL,3,train,3,"For a selected inner_fold k, samples with inner_fold=k are inner validation; all others are inner training."
S000267,ODIR,NORMAL,ODIR__NORMAL,3,train,3,"For a selected inner_fold k, samples with inner_fold=k are inner validation; all others are inner training."
S000268,ODIR,NORMAL,ODIR__NORMAL,3,train,3,"For a selected inner_fold k, samples with inner_fold=k are inner validation; all others are inner training."
S000269,ODIR,NORMAL,ODIR__NORMAL,3,train,1,"For a selected inner_fold k, samples with inner_fold=k are inner validation; all others are inner training."
S000271,ODIR,NORMAL,ODIR__NORMAL,3,train,3,"For a selected inner_fold k, samples with inner_fold=k are inner validation; all others are inner training."
S000272,ODIR,NORMAL,ODIR__NORMAL,3,train,3,"For a selected inner_fold k, samples with inner_fold=k are inner validation; all others are inner training."
S000274,ODIR,NORMAL,ODIR__NORMAL,3,train,1,"For a selected inner_fold k, samples with inner_fold=k are inner validation; all others are inner training."
S000275,ODIR,NORMAL,ODIR__NORMAL,3,train,1,"For a selected inner_fold k, samples with inner_fold=k are inner validation; all others are inner training."
S000276,ODIR,NORMAL,ODIR__NORMAL,3,train,1,"For a selected inner_fold k, samples with inner_fold=k are inner validation; all others are inner training."
S000279,ODIR,NORMAL,ODIR__NORMAL,3,train,2,"For a selected inner_fold k, samples with inner_fold=k are inner validation; all others are inner training."
S000280,ODIR,NORMAL,ODIR__NORMAL,3,train,2,"For a selected inner_fold k, samples with inner_fold=k are inner validation; all others are inner training."
S000281,ODIR,NORMAL,ODIR__NORMAL,3,train,2,"For a selected inner_fold k, samples with inner_fold=k are inner validation; all others are inner training."
S000282,ODIR,NORMAL,ODIR__NORMAL,3,train,1,"For a selected inner_fold k, samples with inner_fold=k are inner validation; all others are inner training."
S000283,ODIR,NORMAL,ODIR__NORMAL,3,train,2,"For a selected inner_fold k, samples with inner_fold=k are inner validation; all others are inner training."
S000284,ODIR,NORMAL,ODIR__NORMAL,3,train,1,"For a selected inner_fold k, samples with inner_fold=k are inner validation; all others are inner training."
S000285,ODIR,NORMAL,ODIR__NORMAL,3,train,4,"For a selected inner_fold k, samples with inner_fold=k are inner validation; all others are inner training."
S000286,ODIR,NORMAL,ODIR__NORMAL,3,train,2,"For a selected inner_fold k, samples with inner_fold=k are inner validation; all others are inner training."
S000287,ODIR,NORMAL,ODIR__NORMAL,3,train,3,"For a selected inner_fold k, samples with inner_fold=k are inner validation; all others are inner training."
S000288,ODIR,NORMAL,ODIR__NORMAL,3,train,3,"For a selected inner_fold k, samples with inner_fold=k are inner validation; all others are inner training."
S000289,ODIR,NORMAL,ODIR__NORMAL,3,train,2,"For a selected inner_fold k, samples with inner_fold=k are inner validation; all others are inner training."
S000290,ODIR,NORMAL,ODIR__NORMAL,3,train,4,"For a selected inner_fold k, samples with inner_fold=k are inner validation; all others are inner training."
S000291,ODIR,NORMAL,ODIR__NORMAL,3,train,4,"For a selected inner_fold k, samples with inner_fold=k are inner validation; all others are inner training."
S000292,ODIR,NORMAL,ODIR__NORMAL,3,train,4,"For a selected inner_fold k, samples with inner_fold=k are inner validation; all others are inner training."
S000293,ODIR,NORMAL,ODIR__NORMAL,3,train,2,"For a selected inner_fold k, samples with inner_fold=k are inner validation; all others are inner training."
S000294,ODIR,NORMAL,ODIR__NORMAL,3,train,4,"For a selected inner_fold k, samples with inner_fold=k are inner validation; all others are inner training."
S000295,ODIR,NORMAL,ODIR__NORMAL,3,train,3,"For a selected inner_fold k, samples with inner_fold=k are inner validation; all others are inner training."
S000297,ODIR,NORMAL,ODIR__NORMAL,3,train,4,"For a selected inner_fold k, samples with inner_fold=k are inner validation; all others are inner training."
S000298,ODIR,NORMAL,ODIR__NORMAL,3,train,4,"For a selected inner_fold k, samples with inner_fold=k are inner validation; all others are inner training."
S000299,ODIR,NORMAL,ODIR__NORMAL,3,train,4,"For a selected inner_fold k, samples with inner_fold=k are inner validation; all others are inner training."
S000300,ODIR,NORMAL,ODIR__NORMAL,3,train,3,"For a selected inner_fold k, samples with inner_fold=k are inner validation; all others are inner training."
S000302,ODIR,NORMAL,ODIR__NORMAL,3,train,1,"For a selected inner_fold k, samples with inner_fold=k are inner validation; all others are inner training."
S000303,ODIR,NORMAL,ODIR__NORMAL,3,train,1,"For a selected inner_fold k, samples with inner_fold=k are inner validation; all others are inner training."
S000304,ODIR,NORMAL,ODIR__NORMAL,3,train,3,"For a selected inner_fold k, samples with inner_fold=k are inner validation; all others are inner training."
S000305,ODIR,NORMAL,ODIR__NORMAL,3,train,3,"For a selected inner_fold k, samples with inner_fold=k are inner validation; all others are inner training."
S000307,ODIR,NORMAL,ODIR__NORMAL,3,train,4,"For a selected inner_fold k, samples with inner_fold=k are inner validation; all others are inner training."
S000309,ODIR,NORMAL,ODIR__NORMAL,3,train,4,"For a selected inner_fold k, samples with inner_fold=k are inner validation; all others are inner training."
S000310,ODIR,NORMAL,ODIR__NORMAL,3,train,2,"For a selected inner_fold k, samples with inner_fold=k are inner validation; all others are inner training."
S000311,ODIR,NORMAL,ODIR__NORMAL,3,train,4,"For a selected inner_fold k, samples with inner_fold=k are inner validation; all others are inner training."
S000312,ODIR,NORMAL,ODIR__NORMAL,3,train,2,"For a selected inner_fold k, samples with inner_fold=k are inner validation; all others are inner training."
S000313,ODIR,NORMAL,ODIR__NORMAL,3,train,1,"For a selected inner_fold k, samples with inner_fold=k are inner validation; all others are inner training."
S000314,ODIR,NORMAL,ODIR__NORMAL,3,train,3,"For a selected inner_fold k, samples with inner_fold=k are inner validation; all others are inner training."
S000315,ODIR,NORMAL,ODIR__NORMAL,3,train,4,"For a selected inner_fold k, samples with inner_fold=k are inner validation; all others are inner training."
S000316,ODIR,NORMAL,ODIR__NORMAL,3,train,2,"For a selected inner_fold k, samples with inner_fold=k are inner validation; all others are inner training."
S000317,ODIR,NORMAL,ODIR__NORMAL,3,train,2,"For a selected inner_fold k, samples with inner_fold=k are inner validation; all others are inner training."
S000318,ODIR,NORMAL,ODIR__NORMAL,3,train,1,"For a selected inner_fold k, samples with inner_fold=k are inner validation; all others are inner training."
S000320,ODIR,NORMAL,ODIR__NORMAL,3,train,3,"For a selected inner_fold k, samples with inner_fold=k are inner validation; all others are inner training."
S000321,ODIR,NORMAL,ODIR__NORMAL,3,train,2,"For a selected inner_fold k, samples with inner_fold=k are inner validation; all others are inner training."
S000322,ODIR,NORMAL,ODIR__NORMAL,3,train,4,"For a selected inner_fold k, samples with inner_fold=k are inner validation; all others are inner training."
S000323,ODIR,NORMAL,ODIR__NORMAL,3,train,1,"For a selected inner_fold k, samples with inner_fold=k are inner validation; all others are inner training."
S000326,ODIR,NORMAL,ODIR__NORMAL,3,train,2,"For a selected inner_fold k, samples with inner_fold=k are inner validation; all others are inner training."
S000327,ODIR,NORMAL,ODIR__NORMAL,3,train,4,"For a selected inner_fold k, samples with inner_fold=k are inner validation; all others are inner training."
S000329,ODIR,NORMAL,ODIR__NORMAL,3,train,4,"For a selected inner_fold k, samples with inner_fold=k are inner validation; all others are inner training."
S000330,ODIR,NORMAL,ODIR__NORMAL,3,train,4,"For a selected inner_fold k, samples with inner_fold=k are inner validation; all others are inner training."
S000332,ODIR,NORMAL,ODIR__NORMAL,3,train,4,"For a selected inner_fold k, samples with inner_fold=k are inner validation; all others are inner training."
S000333,ODIR,NORMAL,ODIR__NORMAL,3,train,1,"For a selected inner_fold k, samples with inner_fold=k are inner validation; all others are inner training."
S000335,ODIR,NORMAL,ODIR__NORMAL,3,train,1,"For a selected inner_fold k, samples with inner_fold=k are inner validation; all others are inner training."
S000336,ODIR,NORMAL,ODIR__NORMAL,3,train,3,"For a selected inner_fold k, samples with inner_fold=k are inner validation; all others are inner training."
S000337,ODIR,NORMAL,ODIR__NORMAL,3,train,1,"For a selected inner_fold k, samples with inner_fold=k are inner validation; all others are inner training."
S000340,ODIR,NORMAL,ODIR__NORMAL,3,train,1,"For a selected inner_fold k, samples with inner_fold=k are inner validation; all others are inner training."
S000341,ODIR,NORMAL,ODIR__NORMAL,3,train,2,"For a selected inner_fold k, samples with inner_fold=k are inner validation; all others are inner training."
S000343,ODIR,NORMAL,ODIR__NORMAL,3,train,2,"For a selected inner_fold k, samples with inner_fold=k are inner validation; all others are inner training."
S000344,ODIR,NORMAL,ODIR__NORMAL,3,train,3,"For a selected inner_fold k, samples with inner_fold=k are inner validation; all others are inner training."
S000345,ODIR,NORMAL,ODIR__NORMAL,3,train,4,"For a selected inner_fold k, samples with inner_fold=k are inner validation; all others are inner training."
S000346,ODIR,NORMAL,ODIR__NORMAL,3,train,1,"For a selected inner_fold k, samples with inner_fold=k are inner validation; all others are inner training."
S000347,ODIR,NORMAL,ODIR__NORMAL,3,train,1,"For a selected inner_fold k, samples with inner_fold=k are inner validation; all others are inner training."
S000349,ODIR,NORMAL,ODIR__NORMAL,3,train,1,"For a selected inner_fold k, samples with inner_fold=k are inner validation; all others are inner training."
S000350,ODIR,NORMAL,ODIR__NORMAL,3,train,2,"For a selected inner_fold k, samples with inner_fold=k are inner validation; all others are inner training."
S000351,ODIR,NORMAL,ODIR__NORMAL,3,train,4,"For a selected inner_fold k, samples with inner_fold=k are inner validation; all others are inner training."
S000352,ODIR,NORMAL,ODIR__NORMAL,3,train,2,"For a selected inner_fold k, samples with inner_fold=k are inner validation; all others are inner training."
S000353,ODIR,NORMAL,ODIR__NORMAL,3,train,3,"For a selected inner_fold k, samples with inner_fold=k are inner validation; all others are inner training."
S000355,ODIR,NORMAL,ODIR__NORMAL,3,train,1,"For a selected inner_fold k, samples with inner_fold=k are inner validation; all others are inner training."
S000356,ODIR,NORMAL,ODIR__NORMAL,3,train,2,"For a selected inner_fold k, samples with inner_fold=k are inner validation; all others are inner training."
S000358,ODIR,NORMAL,ODIR__NORMAL,3,train,3,"For a selected inner_fold k, samples with inner_fold=k are inner validation; all others are inner training."
S000359,ODIR,NORMAL,ODIR__NORMAL,3,train,4,"For a selected inner_fold k, samples with inner_fold=k are inner validation; all others are inner training."
S000360,ODIR,NORMAL,ODIR__NORMAL,3,train,1,"For a selected inner_fold k, samples with inner_fold=k are inner validation; all others are inner training."
S000361,ODIR,NORMAL,ODIR__NORMAL,3,train,4,"For a selected inner_fold k, samples with inner_fold=k are inner validation; all others are inner training."
S000363,ODIR,NORMAL,ODIR__NORMAL,3,train,3,"For a selected inner_fold k, samples with inner_fold=k are inner validation; all others are inner training."
S000364,ODIR,AMD_DRY,ODIR__AMD_DRY,3,train,2,"For a selected inner_fold k, samples with inner_fold=k are inner validation; all others are inner training."
S000365,ODIR,AMD_DRY,ODIR__AMD_DRY,3,train,1,"For a selected inner_fold k, samples with inner_fold=k are inner validation; all others are inner training."
S000366,ODIR,AMD_DRY,ODIR__AMD_DRY,3,train,2,"For a selected inner_fold k, samples with inner_fold=k are inner validation; all others are inner training."
S000368,ODIR,AMD_DRY,ODIR__AMD_DRY,3,train,3,"For a selected inner_fold k, samples with inner_fold=k are inner validation; all others are inner training."
S000369,ODIR,AMD_DRY,ODIR__AMD_DRY,3,train,1,"For a selected inner_fold k, samples with inner_fold=k are inner validation; all others are inner training."
S000370,ODIR,AMD_DRY,ODIR__AMD_DRY,3,train,3,"For a selected inner_fold k, samples with inner_fold=k are inner validation; all others are inner training."
S000371,ODIR,AMD_DRY,ODIR__AMD_DRY,3,train,2,"For a selected inner_fold k, samples with inner_fold=k are inner validation; all others are inner training."
S000372,ODIR,AMD_DRY,ODIR__AMD_DRY,3,train,4,"For a selected inner_fold k, samples with inner_fold=k are inner validation; all others are inner training."
S000374,ODIR,AMD_DRY,ODIR__AMD_DRY,3,train,3,"For a selected inner_fold k, samples with inner_fold=k are inner validation; all others are inner training."
S000376,ODIR,AMD_DRY,ODIR__AMD_DRY,3,train,4,"For a selected inner_fold k, samples with inner_fold=k are inner validation; all others are inner training."
S000377,ODIR,AMD_DRY,ODIR__AMD_DRY,3,train,1,"For a selected inner_fold k, samples with inner_fold=k are inner validation; all others are inner training."
S000378,ODIR,AMD_DRY,ODIR__AMD_DRY,3,train,1,"For a selected inner_fold k, samples with inner_fold=k are inner validation; all others are inner training."
S000379,ODIR,AMD_DRY,ODIR__AMD_DRY,3,train,1,"For a selected inner_fold k, samples with inner_fold=k are inner validation; all others are inner training."
S000380,ODIR,AMD_DRY,ODIR__AMD_DRY,3,train,2,"For a selected inner_fold k, samples with inner_fold=k are inner validation; all others are inner training."
S000382,ODIR,AMD_DRY,ODIR__AMD_DRY,3,train,3,"For a selected inner_fold k, samples with inner_fold=k are inner validation; all others are inner training."
S000383,ODIR,AMD_DRY,ODIR__AMD_DRY,3,train,2,"For a selected inner_fold k, samples with inner_fold=k are inner validation; all others are inner training."
S000384,ODIR,AMD_DRY,ODIR__AMD_DRY,3,train,1,"For a selected inner_fold k, samples with inner_fold=k are inner validation; all others are inner training."
S000385,ODIR,AMD_DRY,ODIR__AMD_DRY,3,train,4,"For a selected inner_fold k, samples with inner_fold=k are inner validation; all others are inner training."
S000386,ODIR,AMD_DRY,ODIR__AMD_DRY,3,train,2,"For a selected inner_fold k, samples with inner_fold=k are inner validation; all others are inner training."
S000387,ODIR,AMD_DRY,ODIR__AMD_DRY,3,train,4,"For a selected inner_fold k, samples with inner_fold=k are inner validation; all others are inner training."
S000388,ODIR,AMD_DRY,ODIR__AMD_DRY,3,train,3,"For a selected inner_fold k, samples with inner_fold=k are inner validation; all others are inner training."
S000390,ODIR,AMD_DRY,ODIR__AMD_DRY,3,train,3,"For a selected inner_fold k, samples with inner_fold=k are inner validation; all others are inner training."
S000391,ODIR,AMD_DRY,ODIR__AMD_DRY,3,train,2,"For a selected inner_fold k, samples with inner_fold=k are inner validation; all others are inner training."
S000392,ODIR,AMD_DRY,ODIR__AMD_DRY,3,train,4,"For a selected inner_fold k, samples with inner_fold=k are inner validation; all others are inner training."
S000393,ODIR,AMD_DRY,ODIR__AMD_DRY,3,train,1,"For a selected inner_fold k, samples with inner_fold=k are inner validation; all others are inner training."
S000395,ODIR,AMD_DRY,ODIR__AMD_DRY,3,train,2,"For a selected inner_fold k, samples with inner_fold=k are inner validation; all others are inner training."
S000396,ODIR,AMD_DRY,ODIR__AMD_DRY,3,train,2,"For a selected inner_fold k, samples with inner_fold=k are inner validation; all others are inner training."
S000397,ODIR,AMD_DRY,ODIR__AMD_DRY,3,train,2,"For a selected inner_fold k, samples with inner_fold=k are inner validation; all others are inner training."
S000398,ODIR,AMD_DRY,ODIR__AMD_DRY,3,train,3,"For a selected inner_fold k, samples with inner_fold=k are inner validation; all others are inner training."
S000400,ODIR,AMD_DRY,ODIR__AMD_DRY,3,train,3,"For a selected inner_fold k, samples with inner_fold=k are inner validation; all others are inner training."
S000401,ODIR,AMD_DRY,ODIR__AMD_DRY,3,train,4,"For a selected inner_fold k, samples with inner_fold=k are inner validation; all others are inner training."
S000402,ODIR,AMD_DRY,ODIR__AMD_DRY,3,train,1,"For a selected inner_fold k, samples with inner_fold=k are inner validation; all others are inner training."
S000403,ODIR,AMD_DRY,ODIR__AMD_DRY,3,train,3,"For a selected inner_fold k, samples with inner_fold=k are inner validation; all others are inner training."
S000404,ODIR,AMD_DRY,ODIR__AMD_DRY,3,train,2,"For a selected inner_fold k, samples with inner_fold=k are inner validation; all others are inner training."
S000405,ODIR,AMD_DRY,ODIR__AMD_DRY,3,train,3,"For a selected inner_fold k, samples with inner_fold=k are inner validation; all others are inner training."
S000406,ODIR,AMD_DRY,ODIR__AMD_DRY,3,train,1,"For a selected inner_fold k, samples with inner_fold=k are inner validation; all others are inner training."
S000407,ODIR,AMD_DRY,ODIR__AMD_DRY,3,train,1,"For a selected inner_fold k, samples with inner_fold=k are inner validation; all others are inner training."
S000408,ODIR,AMD_DRY,ODIR__AMD_DRY,3,train,1,"For a selected inner_fold k, samples with inner_fold=k are inner validation; all others are inner training."
S000409,ODIR,AMD_DRY,ODIR__AMD_DRY,3,train,3,"For a selected inner_fold k, samples with inner_fold=k are inner validation; all others are inner training."
S000410,ODIR,AMD_DRY,ODIR__AMD_DRY,3,train,1,"For a selected inner_fold k, samples with inner_fold=k are inner validation; all others are inner training."
S000413,ODIR,AMD_DRY,ODIR__AMD_DRY,3,train,3,"For a selected inner_fold k, samples with inner_fold=k are inner validation; all others are inner training."
S000414,ODIR,AMD_DRY,ODIR__AMD_DRY,3,train,3,"For a selected inner_fold k, samples with inner_fold=k are inner validation; all others are inner training."
S000415,ODIR,AMD_DRY,ODIR__AMD_DRY,3,train,1,"For a selected inner_fold k, samples with inner_fold=k are inner validation; all others are inner training."
S000416,ODIR,AMD_DRY,ODIR__AMD_DRY,3,train,4,"For a selected inner_fold k, samples with inner_fold=k are inner validation; all others are inner training."
S000419,ODIR,AMD_DRY,ODIR__AMD_DRY,3,train,4,"For a selected inner_fold k, samples with inner_fold=k are inner validation; all others are inner training."
S000420,ODIR,AMD_DRY,ODIR__AMD_DRY,3,train,3,"For a selected inner_fold k, samples with inner_fold=k are inner validation; all others are inner training."
S000421,ODIR,AMD_DRY,ODIR__AMD_DRY,3,train,3,"For a selected inner_fold k, samples with inner_fold=k are inner validation; all others are inner training."
S000422,ODIR,AMD_DRY,ODIR__AMD_DRY,3,train,4,"For a selected inner_fold k, samples with inner_fold=k are inner validation; all others are inner training."
S000424,ODIR,AMD_DRY,ODIR__AMD_DRY,3,train,1,"For a selected inner_fold k, samples with inner_fold=k are inner validation; all others are inner training."
S000425,ODIR,AMD_DRY,ODIR__AMD_DRY,3,train,3,"For a selected inner_fold k, samples with inner_fold=k are inner validation; all others are inner training."
S000427,ODIR,AMD_DRY,ODIR__AMD_DRY,3,train,1,"For a selected inner_fold k, samples with inner_fold=k are inner validation; all others are inner training."
S000428,ODIR,AMD_DRY,ODIR__AMD_DRY,3,train,2,"For a selected inner_fold k, samples with inner_fold=k are inner validation; all others are inner training."
S000429,ODIR,AMD_DRY,ODIR__AMD_DRY,3,train,1,"For a selected inner_fold k, samples with inner_fold=k are inner validation; all others are inner training."
S000430,ODIR,AMD_DRY,ODIR__AMD_DRY,3,train,4,"For a selected inner_fold k, samples with inner_fold=k are inner validation; all others are inner training."
S000431,ODIR,AMD_DRY,ODIR__AMD_DRY,3,train,4,"For a selected inner_fold k, samples with inner_fold=k are inner validation; all others are inner training."
S000432,ODIR,AMD_DRY,ODIR__AMD_DRY,3,train,4,"For a selected inner_fold k, samples with inner_fold=k are inner validation; all others are inner training."
S000433,ODIR,AMD_DRY,ODIR__AMD_DRY,3,train,2,"For a selected inner_fold k, samples with inner_fold=k are inner validation; all others are inner training."
S000434,ODIR,AMD_DRY,ODIR__AMD_DRY,3,train,2,"For a selected inner_fold k, samples with inner_fold=k are inner validation; all others are inner training."
S000436,ODIR,AMD_DRY,ODIR__AMD_DRY,3,train,2,"For a selected inner_fold k, samples with inner_fold=k are inner validation; all others are inner training."
S000437,ODIR,AMD_DRY,ODIR__AMD_DRY,3,train,4,"For a selected inner_fold k, samples with inner_fold=k are inner validation; all others are inner training."
S000438,ODIR,AMD_DRY,ODIR__AMD_DRY,3,train,1,"For a selected inner_fold k, samples with inner_fold=k are inner validation; all others are inner training."
S000439,ODIR,AMD_DRY,ODIR__AMD_DRY,3,train,4,"For a selected inner_fold k, samples with inner_fold=k are inner validation; all others are inner training."
S000441,ODIR,AMD_DRY,ODIR__AMD_DRY,3,train,2,"For a selected inner_fold k, samples with inner_fold=k are inner validation; all others are inner training."
S000443,ODIR,AMD_DRY,ODIR__AMD_DRY,3,train,4,"For a selected inner_fold k, samples with inner_fold=k are inner validation; all others are inner training."
S000444,ODIR,AMD_DRY,ODIR__AMD_DRY,3,train,4,"For a selected inner_fold k, samples with inner_fold=k are inner validation; all others are inner training."
S000445,ODIR,AMD_WET,ODIR__AMD_WET,3,train,2,"For a selected inner_fold k, samples with inner_fold=k are inner validation; all others are inner training."
S000446,ODIR,AMD_WET,ODIR__AMD_WET,3,train,4,"For a selected inner_fold k, samples with inner_fold=k are inner validation; all others are inner training."
S000447,ODIR,AMD_WET,ODIR__AMD_WET,3,train,3,"For a selected inner_fold k, samples with inner_fold=k are inner validation; all others are inner training."
S000449,ODIR,AMD_WET,ODIR__AMD_WET,3,train,2,"For a selected inner_fold k, samples with inner_fold=k are inner validation; all others are inner training."
S000450,ODIR,AMD_WET,ODIR__AMD_WET,3,train,4,"For a selected inner_fold k, samples with inner_fold=k are inner validation; all others are inner training."
S000451,ODIR,AMD_WET,ODIR__AMD_WET,3,train,1,"For a selected inner_fold k, samples with inner_fold=k are inner validation; all others are inner training."
S000452,ODIR,AMD_WET,ODIR__AMD_WET,3,train,1,"For a selected inner_fold k, samples with inner_fold=k are inner validation; all others are inner training."
S000454,ODIR,AMD_WET,ODIR__AMD_WET,3,train,2,"For a selected inner_fold k, samples with inner_fold=k are inner validation; all others are inner training."
S000455,ODIR,AMD_WET,ODIR__AMD_WET,3,train,3,"For a selected inner_fold k, samples with inner_fold=k are inner validation; all others are inner training."
S000456,ODIR,AMD_WET,ODIR__AMD_WET,3,train,1,"For a selected inner_fold k, samples with inner_fold=k are inner validation; all others are inner training."
S000459,ODIR,AMD_WET,ODIR__AMD_WET,3,train,2,"For a selected inner_fold k, samples with inner_fold=k are inner validation; all others are inner training."
S000460,ODIR,AMD_WET,ODIR__AMD_WET,3,train,3,"For a selected inner_fold k, samples with inner_fold=k are inner validation; all others are inner training."
S000462,ODIR,AMD_WET,ODIR__AMD_WET,3,train,2,"For a selected inner_fold k, samples with inner_fold=k are inner validation; all others are inner training."
S000463,ODIR,AMD_WET,ODIR__AMD_WET,3,train,1,"For a selected inner_fold k, samples with inner_fold=k are inner validation; all others are inner training."
S000465,ODIR,AMD_WET,ODIR__AMD_WET,3,train,4,"For a selected inner_fold k, samples with inner_fold=k are inner validation; all others are inner training."
S000466,ODIR,AMD_WET,ODIR__AMD_WET,3,train,4,"For a selected inner_fold k, samples with inner_fold=k are inner validation; all others are inner training."
S000467,ODIR,AMD_WET,ODIR__AMD_WET,3,train,3,"For a selected inner_fold k, samples with inner_fold=k are inner validation; all others are inner training."
S000468,ODIR,AMD_WET,ODIR__AMD_WET,3,train,2,"For a selected inner_fold k, samples with inner_fold=k are inner validation; all others are inner training."
S000469,ODIR,AMD_WET,ODIR__AMD_WET,3,train,3,"For a selected inner_fold k, samples with inner_fold=k are inner validation; all others are inner training."
S000470,ODIR,AMD_WET,ODIR__AMD_WET,3,train,3,"For a selected inner_fold k, samples with inner_fold=k are inner validation; all others are inner training."
S000471,ODIR,AMD_WET,ODIR__AMD_WET,3,train,4,"For a selected inner_fold k, samples with inner_fold=k are inner validation; all others are inner training."
S000472,ODIR,AMD_WET,ODIR__AMD_WET,3,train,1,"For a selected inner_fold k, samples with inner_fold=k are inner validation; all others are inner training."
S000474,RFMID,NORMAL,RFMID__NORMAL,3,train,3,"For a selected inner_fold k, samples with inner_fold=k are inner validation; all others are inner training."
S000475,RFMID,NORMAL,RFMID__NORMAL,3,train,4,"For a selected inner_fold k, samples with inner_fold=k are inner validation; all others are inner training."
S000476,RFMID,NORMAL,RFMID__NORMAL,3,train,3,"For a selected inner_fold k, samples with inner_fold=k are inner validation; all others are inner training."
S000477,RFMID,NORMAL,RFMID__NORMAL,3,train,2,"For a selected inner_fold k, samples with inner_fold=k are inner validation; all others are inner training."
S000478,RFMID,NORMAL,RFMID__NORMAL,3,train,4,"For a selected inner_fold k, samples with inner_fold=k are inner validation; all others are inner training."
S000479,RFMID,NORMAL,RFMID__NORMAL,3,train,4,"For a selected inner_fold k, samples with inner_fold=k are inner validation; all others are inner training."
S000480,RFMID,NORMAL,RFMID__NORMAL,3,train,2,"For a selected inner_fold k, samples with inner_fold=k are inner validation; all others are inner training."
S000481,RFMID,NORMAL,RFMID__NORMAL,3,train,4,"For a selected inner_fold k, samples with inner_fold=k are inner validation; all others are inner training."
S000483,RFMID,NORMAL,RFMID__NORMAL,3,train,4,"For a selected inner_fold k, samples with inner_fold=k are inner validation; all others are inner training."
S000484,RFMID,NORMAL,RFMID__NORMAL,3,train,1,"For a selected inner_fold k, samples with inner_fold=k are inner validation; all others are inner training."
S000485,RFMID,NORMAL,RFMID__NORMAL,3,train,4,"For a selected inner_fold k, samples with inner_fold=k are inner validation; all others are inner training."
S000486,RFMID,NORMAL,RFMID__NORMAL,3,train,2,"For a selected inner_fold k, samples with inner_fold=k are inner validation; all others are inner training."
S000487,RFMID,NORMAL,RFMID__NORMAL,3,train,3,"For a selected inner_fold k, samples with inner_fold=k are inner validation; all others are inner training."
S000488,RFMID,NORMAL,RFMID__NORMAL,3,train,1,"For a selected inner_fold k, samples with inner_fold=k are inner validation; all others are inner training."
S000489,RFMID,NORMAL,RFMID__NORMAL,3,train,4,"For a selected inner_fold k, samples with inner_fold=k are inner validation; all others are inner training."
S000490,RFMID,NORMAL,RFMID__NORMAL,3,train,1,"For a selected inner_fold k, samples with inner_fold=k are inner validation; all others are inner training."
S000491,RFMID,NORMAL,RFMID__NORMAL,3,train,3,"For a selected inner_fold k, samples with inner_fold=k are inner validation; all others are inner training."
S000492,RFMID,NORMAL,RFMID__NORMAL,3,train,3,"For a selected inner_fold k, samples with inner_fold=k are inner validation; all others are inner training."
S000493,RFMID,NORMAL,RFMID__NORMAL,3,train,3,"For a selected inner_fold k, samples with inner_fold=k are inner validation; all others are inner training."
S000494,RFMID,NORMAL,RFMID__NORMAL,3,train,1,"For a selected inner_fold k, samples with inner_fold=k are inner validation; all others are inner training."
S000495,RFMID,NORMAL,RFMID__NORMAL,3,train,4,"For a selected inner_fold k, samples with inner_fold=k are inner validation; all others are inner training."
S000496,RFMID,NORMAL,RFMID__NORMAL,3,train,4,"For a selected inner_fold k, samples with inner_fold=k are inner validation; all others are inner training."
S000498,RFMID,NORMAL,RFMID__NORMAL,3,train,1,"For a selected inner_fold k, samples with inner_fold=k are inner validation; all others are inner training."
S000501,RFMID,NORMAL,RFMID__NORMAL,3,train,1,"For a selected inner_fold k, samples with inner_fold=k are inner validation; all others are inner training."
S000502,RFMID,NORMAL,RFMID__NORMAL,3,train,2,"For a selected inner_fold k, samples with inner_fold=k are inner validation; all others are inner training."
S000503,RFMID,NORMAL,RFMID__NORMAL,3,train,2,"For a selected inner_fold k, samples with inner_fold=k are inner validation; all others are inner training."
S000504,RFMID,NORMAL,RFMID__NORMAL,3,train,2,"For a selected inner_fold k, samples with inner_fold=k are inner validation; all others are inner training."
S000506,RFMID,NORMAL,RFMID__NORMAL,3,train,4,"For a selected inner_fold k, samples with inner_fold=k are inner validation; all others are inner training."
S000507,RFMID,NORMAL,RFMID__NORMAL,3,train,3,"For a selected inner_fold k, samples with inner_fold=k are inner validation; all others are inner training."
S000508,RFMID,NORMAL,RFMID__NORMAL,3,train,3,"For a selected inner_fold k, samples with inner_fold=k are inner validation; all others are inner training."
S000509,RFMID,NORMAL,RFMID__NORMAL,3,train,4,"For a selected inner_fold k, samples with inner_fold=k are inner validation; all others are inner training."
S000510,RFMID,NORMAL,RFMID__NORMAL,3,train,2,"For a selected inner_fold k, samples with inner_fold=k are inner validation; all others are inner training."
S000511,RFMID,NORMAL,RFMID__NORMAL,3,train,1,"For a selected inner_fold k, samples with inner_fold=k are inner validation; all others are inner training."
S000513,RFMID,NORMAL,RFMID__NORMAL,3,train,1,"For a selected inner_fold k, samples with inner_fold=k are inner validation; all others are inner training."
S000515,RFMID,NORMAL,RFMID__NORMAL,3,train,1,"For a selected inner_fold k, samples with inner_fold=k are inner validation; all others are inner training."
S000516,RFMID,NORMAL,RFMID__NORMAL,3,train,1,"For a selected inner_fold k, samples with inner_fold=k are inner validation; all others are inner training."
S000517,RFMID,NORMAL,RFMID__NORMAL,3,train,4,"For a selected inner_fold k, samples with inner_fold=k are inner validation; all others are inner training."
S000518,RFMID,NORMAL,RFMID__NORMAL,3,train,2,"For a selected inner_fold k, samples with inner_fold=k are inner validation; all others are inner training."
S000519,RFMID,NORMAL,RFMID__NORMAL,3,train,3,"For a selected inner_fold k, samples with inner_fold=k are inner validation; all others are inner training."
S000520,RFMID,NORMAL,RFMID__NORMAL,3,train,2,"For a selected inner_fold k, samples with inner_fold=k are inner validation; all others are inner training."
S000522,RFMID,NORMAL,RFMID__NORMAL,3,train,2,"For a selected inner_fold k, samples with inner_fold=k are inner validation; all others are inner training."
S000523,RFMID,NORMAL,RFMID__NORMAL,3,train,3,"For a selected inner_fold k, samples with inner_fold=k are inner validation; all others are inner training."
S000525,RFMID,NORMAL,RFMID__NORMAL,3,train,2,"For a selected inner_fold k, samples with inner_fold=k are inner validation; all others are inner training."
S000526,RFMID,NORMAL,RFMID__NORMAL,3,train,2,"For a selected inner_fold k, samples with inner_fold=k are inner validation; all others are inner training."
S000527,RFMID,NORMAL,RFMID__NORMAL,3,train,2,"For a selected inner_fold k, samples with inner_fold=k are inner validation; all others are inner training."
S000528,RFMID,NORMAL,RFMID__NORMAL,3,train,4,"For a selected inner_fold k, samples with inner_fold=k are inner validation; all others are inner training."
S000529,RFMID,NORMAL,RFMID__NORMAL,3,train,3,"For a selected inner_fold k, samples with inner_fold=k are inner validation; all others are inner training."
S000531,RFMID,NORMAL,RFMID__NORMAL,3,train,1,"For a selected inner_fold k, samples with inner_fold=k are inner validation; all others are inner training."
S000532,RFMID,NORMAL,RFMID__NORMAL,3,train,3,"For a selected inner_fold k, samples with inner_fold=k are inner validation; all others are inner training."
S000533,RFMID,NORMAL,RFMID__NORMAL,3,train,1,"For a selected inner_fold k, samples with inner_fold=k are inner validation; all others are inner training."
S000535,RFMID,NORMAL,RFMID__NORMAL,3,train,1,"For a selected inner_fold k, samples with inner_fold=k are inner validation; all others are inner training."
S000536,RFMID,AMD_DRY,RFMID__AMD_DRY,3,train,4,"For a selected inner_fold k, samples with inner_fold=k are inner validation; all others are inner training."
S000537,RFMID,AMD_DRY,RFMID__AMD_DRY,3,train,3,"For a selected inner_fold k, samples with inner_fold=k are inner validation; all others are inner training."
S000538,RFMID,AMD_DRY,RFMID__AMD_DRY,3,train,1,"For a selected inner_fold k, samples with inner_fold=k are inner validation; all others are inner training."
S000539,RFMID,AMD_DRY,RFMID__AMD_DRY,3,train,3,"For a selected inner_fold k, samples with inner_fold=k are inner validation; all others are inner training."
S000542,RFMID,AMD_DRY,RFMID__AMD_DRY,3,train,4,"For a selected inner_fold k, samples with inner_fold=k are inner validation; all others are inner training."
S000543,RFMID,AMD_DRY,RFMID__AMD_DRY,3,train,2,"For a selected inner_fold k, samples with inner_fold=k are inner validation; all others are inner training."
S000545,RFMID,AMD_WET,RFMID__AMD_WET,3,train,2,"For a selected inner_fold k, samples with inner_fold=k are inner validation; all others are inner training."
S000547,RFMID,AMD_WET,RFMID__AMD_WET,3,train,2,"For a selected inner_fold k, samples with inner_fold=k are inner validation; all others are inner training."
S000548,RFMID,AMD_WET,RFMID__AMD_WET,3,train,2,"For a selected inner_fold k, samples with inner_fold=k are inner validation; all others are inner training."
S000550,RFMID,AMD_WET,RFMID__AMD_WET,3,train,2,"For a selected inner_fold k, samples with inner_fold=k are inner validation; all others are inner training."
S000551,RFMID,AMD_WET,RFMID__AMD_WET,3,train,4,"For a selected inner_fold k, samples with inner_fold=k are inner validation; all others are inner training."
S000552,RFMID,AMD_WET,RFMID__AMD_WET,3,train,3,"For a selected inner_fold k, samples with inner_fold=k are inner validation; all others are inner training."
S000553,RFMID,AMD_WET,RFMID__AMD_WET,3,train,1,"For a selected inner_fold k, samples with inner_fold=k are inner validation; all others are inner training."
S000554,RFMID,AMD_WET,RFMID__AMD_WET,3,train,3,"For a selected inner_fold k, samples with inner_fold=k are inner validation; all others are inner training."
S000555,RFMID,AMD_WET,RFMID__AMD_WET,3,train,3,"For a selected inner_fold k, samples with inner_fold=k are inner validation; all others are inner training."
S000556,RFMID,AMD_WET,RFMID__AMD_WET,3,train,3,"For a selected inner_fold k, samples with inner_fold=k are inner validation; all others are inner training."
S000557,RFMID,AMD_WET,RFMID__AMD_WET,3,train,1,"For a selected inner_fold k, samples with inner_fold=k are inner validation; all others are inner training."
S000558,RFMID,AMD_WET,RFMID__AMD_WET,3,train,1,"For a selected inner_fold k, samples with inner_fold=k are inner validation; all others are inner training."
S000559,RFMID,AMD_WET,RFMID__AMD_WET,3,train,1,"For a selected inner_fold k, samples with inner_fold=k are inner validation; all others are inner training."
S000565,RFMID,AMD_WET,RFMID__AMD_WET,3,train,4,"For a selected inner_fold k, samples with inner_fold=k are inner validation; all others are inner training."
S000566,RFMID,AMD_WET,RFMID__AMD_WET,3,train,4,"For a selected inner_fold k, samples with inner_fold=k are inner validation; all others are inner training."
S000567,RFMID,AMD_WET,RFMID__AMD_WET,3,train,1,"For a selected inner_fold k, samples with inner_fold=k are inner validation; all others are inner training."
S000568,RFMID,AMD_WET,RFMID__AMD_WET,3,train,4,"For a selected inner_fold k, samples with inner_fold=k are inner validation; all others are inner training."
S000570,RFMID,AMD_WET,RFMID__AMD_WET,3,train,3,"For a selected inner_fold k, samples with inner_fold=k are inner validation; all others are inner training."
S000571,RFMID,AMD_WET,RFMID__AMD_WET,3,train,1,"For a selected inner_fold k, samples with inner_fold=k are inner validation; all others are inner training."
S000572,RFMID,AMD_WET,RFMID__AMD_WET,3,train,4,"For a selected inner_fold k, samples with inner_fold=k are inner validation; all others are inner training."
S000573,RFMID,AMD_WET,RFMID__AMD_WET,3,train,4,"For a selected inner_fold k, samples with inner_fold=k are inner validation; all others are inner training."
S000574,RFMID,AMD_WET,RFMID__AMD_WET,3,train,2,"For a selected inner_fold k, samples with inner_fold=k are inner validation; all others are inner training."
S000575,RFMID,AMD_WET,RFMID__AMD_WET,3,train,1,"For a selected inner_fold k, samples with inner_fold=k are inner validation; all others are inner training."
S000576,RFMID,AMD_WET,RFMID__AMD_WET,3,train,1,"For a selected inner_fold k, samples with inner_fold=k are inner validation; all others are inner training."
S000577,RFMID,AMD_WET,RFMID__AMD_WET,3,train,4,"For a selected inner_fold k, samples with inner_fold=k are inner validation; all others are inner training."
S000578,RFMID,AMD_WET,RFMID__AMD_WET,3,train,1,"For a selected inner_fold k, samples with inner_fold=k are inner validation; all others are inner training."
S000579,RFMID,AMD_WET,RFMID__AMD_WET,3,train,3,"For a selected inner_fold k, samples with inner_fold=k are inner validation; all others are inner training."
S000580,RFMID,AMD_WET,RFMID__AMD_WET,3,train,1,"For a selected inner_fold k, samples with inner_fold=k are inner validation; all others are inner training."
S000581,RFMID,AMD_WET,RFMID__AMD_WET,3,train,2,"For a selected inner_fold k, samples with inner_fold=k are inner validation; all others are inner training."
S000582,RFMID,AMD_WET,RFMID__AMD_WET,3,train,4,"For a selected inner_fold k, samples with inner_fold=k are inner validation; all others are inner training."
S000583,RFMID,AMD_WET,RFMID__AMD_WET,3,train,3,"For a selected inner_fold k, samples with inner_fold=k are inner validation; all others are inner training."
S000584,RFMID,AMD_WET,RFMID__AMD_WET,3,train,3,"For a selected inner_fold k, samples with inner_fold=k are inner validation; all others are inner training."
S000585,RFMID,AMD_WET,RFMID__AMD_WET,3,train,2,"For a selected inner_fold k, samples with inner_fold=k are inner validation; all others are inner training."
S000586,RFMID,AMD_WET,RFMID__AMD_WET,3,train,3,"For a selected inner_fold k, samples with inner_fold=k are inner validation; all others are inner training."
S000587,RFMID,AMD_WET,RFMID__AMD_WET,3,train,2,"For a selected inner_fold k, samples with inner_fold=k are inner validation; all others are inner training."
S000588,RFMID,AMD_WET,RFMID__AMD_WET,3,train,2,"For a selected inner_fold k, samples with inner_fold=k are inner validation; all others are inner training."
S000589,RFMID,AMD_WET,RFMID__AMD_WET,3,train,4,"For a selected inner_fold k, samples with inner_fold=k are inner validation; all others are inner training."
S000590,RFMID,AMD_WET,RFMID__AMD_WET,3,train,2,"For a selected inner_fold k, samples with inner_fold=k are inner validation; all others are inner training."
S000591,RFMID,AMD_WET,RFMID__AMD_WET,3,train,4,"For a selected inner_fold k, samples with inner_fold=k are inner validation; all others are inner training."
S000592,RFMID,AMD_WET,RFMID__AMD_WET,3,train,1,"For a selected inner_fold k, samples with inner_fold=k are inner validation; all others are inner training."
S000594,RFMID,AMD_WET,RFMID__AMD_WET,3,train,2,"For a selected inner_fold k, samples with inner_fold=k are inner validation; all others are inner training."
S000595,RFMID,AMD_WET,RFMID__AMD_WET,3,train,3,"For a selected inner_fold k, samples with inner_fold=k are inner validation; all others are inner training."
S000597,RFMID,AMD_WET,RFMID__AMD_WET,3,train,3,"For a selected inner_fold k, samples with inner_fold=k are inner validation; all others are inner training."
S000012,ADAM,AMD_DRY,ADAM__AMD_DRY,3,validation,,Outer validation sample; never used in inner tuning.
S000014,ADAM,AMD_DRY,ADAM__AMD_DRY,3,validation,,Outer validation sample; never used in inner tuning.
S000016,ADAM,AMD_DRY,ADAM__AMD_DRY,3,validation,,Outer validation sample; never used in inner tuning.
S000020,ADAM,AMD_DRY,ADAM__AMD_DRY,3,validation,,Outer validation sample; never used in inner tuning.
S000028,ADAM,AMD_DRY,ADAM__AMD_DRY,3,validation,,Outer validation sample; never used in inner tuning.
S000031,ADAM,AMD_DRY,ADAM__AMD_DRY,3,validation,,Outer validation sample; never used in inner tuning.
S000034,ADAM,AMD_DRY,ADAM__AMD_DRY,3,validation,,Outer validation sample; never used in inner tuning.
S000036,ADAM,AMD_WET,ADAM__AMD_WET,3,validation,,Outer validation sample; never used in inner tuning.
S000038,ADAM,AMD_WET,ADAM__AMD_WET,3,validation,,Outer validation sample; never used in inner tuning.
S000050,ADAM,AMD_WET,ADAM__AMD_WET,3,validation,,Outer validation sample; never used in inner tuning.
S000058,FIVES,NORMAL,FIVES__NORMAL,3,validation,,Outer validation sample; never used in inner tuning.
S000061,FIVES,NORMAL,FIVES__NORMAL,3,validation,,Outer validation sample; never used in inner tuning.
S000070,FIVES,NORMAL,FIVES__NORMAL,3,validation,,Outer validation sample; never used in inner tuning.
S000073,FIVES,NORMAL,FIVES__NORMAL,3,validation,,Outer validation sample; never used in inner tuning.
S000075,FIVES,NORMAL,FIVES__NORMAL,3,validation,,Outer validation sample; never used in inner tuning.
S000076,FIVES,NORMAL,FIVES__NORMAL,3,validation,,Outer validation sample; never used in inner tuning.
S000080,FIVES,NORMAL,FIVES__NORMAL,3,validation,,Outer validation sample; never used in inner tuning.
S000082,FIVES,NORMAL,FIVES__NORMAL,3,validation,,Outer validation sample; never used in inner tuning.
S000086,FIVES,NORMAL,FIVES__NORMAL,3,validation,,Outer validation sample; never used in inner tuning.
S000087,FIVES,NORMAL,FIVES__NORMAL,3,validation,,Outer validation sample; never used in inner tuning.
S000104,FIVES,NORMAL,FIVES__NORMAL,3,validation,,Outer validation sample; never used in inner tuning.
S000115,FIVES,NORMAL,FIVES__NORMAL,3,validation,,Outer validation sample; never used in inner tuning.
S000116,FIVES,NORMAL,FIVES__NORMAL,3,validation,,Outer validation sample; never used in inner tuning.
S000127,FIVES,NORMAL,FIVES__NORMAL,3,validation,,Outer validation sample; never used in inner tuning.
S000129,FIVES,NORMAL,FIVES__NORMAL,3,validation,,Outer validation sample; never used in inner tuning.
S000132,FIVES,NORMAL,FIVES__NORMAL,3,validation,,Outer validation sample; never used in inner tuning.
S000139,FIVES,NORMAL,FIVES__NORMAL,3,validation,,Outer validation sample; never used in inner tuning.
S000140,FIVES,NORMAL,FIVES__NORMAL,3,validation,,Outer validation sample; never used in inner tuning.
S000144,FIVES,NORMAL,FIVES__NORMAL,3,validation,,Outer validation sample; never used in inner tuning.
S000148,FIVES,NORMAL,FIVES__NORMAL,3,validation,,Outer validation sample; never used in inner tuning.
S000152,FIVES,AMD_DRY,FIVES__AMD_DRY,3,validation,,Outer validation sample; never used in inner tuning.
S000156,FIVES,AMD_DRY,FIVES__AMD_DRY,3,validation,,Outer validation sample; never used in inner tuning.
S000161,FIVES,AMD_DRY,FIVES__AMD_DRY,3,validation,,Outer validation sample; never used in inner tuning.
S000170,FIVES,AMD_WET,FIVES__AMD_WET,3,validation,,Outer validation sample; never used in inner tuning.
S000172,FIVES,AMD_WET,FIVES__AMD_WET,3,validation,,Outer validation sample; never used in inner tuning.
S000173,FIVES,AMD_WET,FIVES__AMD_WET,3,validation,,Outer validation sample; never used in inner tuning.
S000174,FIVES,AMD_WET,FIVES__AMD_WET,3,validation,,Outer validation sample; never used in inner tuning.
S000190,FIVES,AMD_WET,FIVES__AMD_WET,3,validation,,Outer validation sample; never used in inner tuning.
S000193,FIVES,AMD_WET,FIVES__AMD_WET,3,validation,,Outer validation sample; never used in inner tuning.
S000200,FIVES,AMD_WET,FIVES__AMD_WET,3,validation,,Outer validation sample; never used in inner tuning.
S000201,FIVES,AMD_WET,FIVES__AMD_WET,3,validation,,Outer validation sample; never used in inner tuning.
S000204,FIVES,AMD_WET,FIVES__AMD_WET,3,validation,,Outer validation sample; never used in inner tuning.
S000207,FIVES,AMD_WET,FIVES__AMD_WET,3,validation,,Outer validation sample; never used in inner tuning.
S000208,FIVES,AMD_WET,FIVES__AMD_WET,3,validation,,Outer validation sample; never used in inner tuning.
S000213,FIVES,AMD_WET,FIVES__AMD_WET,3,validation,,Outer validation sample; never used in inner tuning.
S000216,FIVES,AMD_WET,FIVES__AMD_WET,3,validation,,Outer validation sample; never used in inner tuning.
S000220,FIVES,AMD_WET,FIVES__AMD_WET,3,validation,,Outer validation sample; never used in inner tuning.
S000239,ODIR,NORMAL,ODIR__NORMAL,3,validation,,Outer validation sample; never used in inner tuning.
S000251,ODIR,NORMAL,ODIR__NORMAL,3,validation,,Outer validation sample; never used in inner tuning.
S000257,ODIR,NORMAL,ODIR__NORMAL,3,validation,,Outer validation sample; never used in inner tuning.
S000263,ODIR,NORMAL,ODIR__NORMAL,3,validation,,Outer validation sample; never used in inner tuning.
S000270,ODIR,NORMAL,ODIR__NORMAL,3,validation,,Outer validation sample; never used in inner tuning.
S000273,ODIR,NORMAL,ODIR__NORMAL,3,validation,,Outer validation sample; never used in inner tuning.
S000277,ODIR,NORMAL,ODIR__NORMAL,3,validation,,Outer validation sample; never used in inner tuning.
S000278,ODIR,NORMAL,ODIR__NORMAL,3,validation,,Outer validation sample; never used in inner tuning.
S000296,ODIR,NORMAL,ODIR__NORMAL,3,validation,,Outer validation sample; never used in inner tuning.
S000301,ODIR,NORMAL,ODIR__NORMAL,3,validation,,Outer validation sample; never used in inner tuning.
S000306,ODIR,NORMAL,ODIR__NORMAL,3,validation,,Outer validation sample; never used in inner tuning.
S000308,ODIR,NORMAL,ODIR__NORMAL,3,validation,,Outer validation sample; never used in inner tuning.
S000319,ODIR,NORMAL,ODIR__NORMAL,3,validation,,Outer validation sample; never used in inner tuning.
S000324,ODIR,NORMAL,ODIR__NORMAL,3,validation,,Outer validation sample; never used in inner tuning.
S000325,ODIR,NORMAL,ODIR__NORMAL,3,validation,,Outer validation sample; never used in inner tuning.
S000328,ODIR,NORMAL,ODIR__NORMAL,3,validation,,Outer validation sample; never used in inner tuning.
S000331,ODIR,NORMAL,ODIR__NORMAL,3,validation,,Outer validation sample; never used in inner tuning.
S000334,ODIR,NORMAL,ODIR__NORMAL,3,validation,,Outer validation sample; never used in inner tuning.
S000338,ODIR,NORMAL,ODIR__NORMAL,3,validation,,Outer validation sample; never used in inner tuning.
S000339,ODIR,NORMAL,ODIR__NORMAL,3,validation,,Outer validation sample; never used in inner tuning.
S000342,ODIR,NORMAL,ODIR__NORMAL,3,validation,,Outer validation sample; never used in inner tuning.
S000348,ODIR,NORMAL,ODIR__NORMAL,3,validation,,Outer validation sample; never used in inner tuning.
S000354,ODIR,NORMAL,ODIR__NORMAL,3,validation,,Outer validation sample; never used in inner tuning.
S000357,ODIR,NORMAL,ODIR__NORMAL,3,validation,,Outer validation sample; never used in inner tuning.
S000362,ODIR,NORMAL,ODIR__NORMAL,3,validation,,Outer validation sample; never used in inner tuning.
S000367,ODIR,AMD_DRY,ODIR__AMD_DRY,3,validation,,Outer validation sample; never used in inner tuning.
S000373,ODIR,AMD_DRY,ODIR__AMD_DRY,3,validation,,Outer validation sample; never used in inner tuning.
S000375,ODIR,AMD_DRY,ODIR__AMD_DRY,3,validation,,Outer validation sample; never used in inner tuning.
S000381,ODIR,AMD_DRY,ODIR__AMD_DRY,3,validation,,Outer validation sample; never used in inner tuning.
S000389,ODIR,AMD_DRY,ODIR__AMD_DRY,3,validation,,Outer validation sample; never used in inner tuning.
S000394,ODIR,AMD_DRY,ODIR__AMD_DRY,3,validation,,Outer validation sample; never used in inner tuning.
S000399,ODIR,AMD_DRY,ODIR__AMD_DRY,3,validation,,Outer validation sample; never used in inner tuning.
S000411,ODIR,AMD_DRY,ODIR__AMD_DRY,3,validation,,Outer validation sample; never used in inner tuning.
S000412,ODIR,AMD_DRY,ODIR__AMD_DRY,3,validation,,Outer validation sample; never used in inner tuning.
S000417,ODIR,AMD_DRY,ODIR__AMD_DRY,3,validation,,Outer validation sample; never used in inner tuning.
S000418,ODIR,AMD_DRY,ODIR__AMD_DRY,3,validation,,Outer validation sample; never used in inner tuning.
S000423,ODIR,AMD_DRY,ODIR__AMD_DRY,3,validation,,Outer validation sample; never used in inner tuning.
S000426,ODIR,AMD_DRY,ODIR__AMD_DRY,3,validation,,Outer validation sample; never used in inner tuning.
S000435,ODIR,AMD_DRY,ODIR__AMD_DRY,3,validation,,Outer validation sample; never used in inner tuning.
S000440,ODIR,AMD_DRY,ODIR__AMD_DRY,3,validation,,Outer validation sample; never used in inner tuning.
S000442,ODIR,AMD_DRY,ODIR__AMD_DRY,3,validation,,Outer validation sample; never used in inner tuning.
S000448,ODIR,AMD_WET,ODIR__AMD_WET,3,validation,,Outer validation sample; never used in inner tuning.
S000453,ODIR,AMD_WET,ODIR__AMD_WET,3,validation,,Outer validation sample; never used in inner tuning.
S000457,ODIR,AMD_WET,ODIR__AMD_WET,3,validation,,Outer validation sample; never used in inner tuning.
S000458,ODIR,AMD_WET,ODIR__AMD_WET,3,validation,,Outer validation sample; never used in inner tuning.
S000461,ODIR,AMD_WET,ODIR__AMD_WET,3,validation,,Outer validation sample; never used in inner tuning.
S000464,ODIR,AMD_WET,ODIR__AMD_WET,3,validation,,Outer validation sample; never used in inner tuning.
S000473,RFMID,NORMAL,RFMID__NORMAL,3,validation,,Outer validation sample; never used in inner tuning.
S000482,RFMID,NORMAL,RFMID__NORMAL,3,validation,,Outer validation sample; never used in inner tuning.
S000497,RFMID,NORMAL,RFMID__NORMAL,3,validation,,Outer validation sample; never used in inner tuning.
S000499,RFMID,NORMAL,RFMID__NORMAL,3,validation,,Outer validation sample; never used in inner tuning.
S000500,RFMID,NORMAL,RFMID__NORMAL,3,validation,,Outer validation sample; never used in inner tuning.
S000505,RFMID,NORMAL,RFMID__NORMAL,3,validation,,Outer validation sample; never used in inner tuning.
S000512,RFMID,NORMAL,RFMID__NORMAL,3,validation,,Outer validation sample; never used in inner tuning.
S000514,RFMID,NORMAL,RFMID__NORMAL,3,validation,,Outer validation sample; never used in inner tuning.
S000521,RFMID,NORMAL,RFMID__NORMAL,3,validation,,Outer validation sample; never used in inner tuning.
S000524,RFMID,NORMAL,RFMID__NORMAL,3,validation,,Outer validation sample; never used in inner tuning.
S000530,RFMID,NORMAL,RFMID__NORMAL,3,validation,,Outer validation sample; never used in inner tuning.
S000534,RFMID,NORMAL,RFMID__NORMAL,3,validation,,Outer validation sample; never used in inner tuning.
S000540,RFMID,AMD_DRY,RFMID__AMD_DRY,3,validation,,Outer validation sample; never used in inner tuning.
S000541,RFMID,AMD_DRY,RFMID__AMD_DRY,3,validation,,Outer validation sample; never used in inner tuning.
S000544,RFMID,AMD_WET,RFMID__AMD_WET,3,validation,,Outer validation sample; never used in inner tuning.
S000546,RFMID,AMD_WET,RFMID__AMD_WET,3,validation,,Outer validation sample; never used in inner tuning.
S000549,RFMID,AMD_WET,RFMID__AMD_WET,3,validation,,Outer validation sample; never used in inner tuning.
S000560,RFMID,AMD_WET,RFMID__AMD_WET,3,validation,,Outer validation sample; never used in inner tuning.
S000561,RFMID,AMD_WET,RFMID__AMD_WET,3,validation,,Outer validation sample; never used in inner tuning.
S000562,RFMID,AMD_WET,RFMID__AMD_WET,3,validation,,Outer validation sample; never used in inner tuning.
S000563,RFMID,AMD_WET,RFMID__AMD_WET,3,validation,,Outer validation sample; never used in inner tuning.
S000564,RFMID,AMD_WET,RFMID__AMD_WET,3,validation,,Outer validation sample; never used in inner tuning.
S000569,RFMID,AMD_WET,RFMID__AMD_WET,3,validation,,Outer validation sample; never used in inner tuning.
S000593,RFMID,AMD_WET,RFMID__AMD_WET,3,validation,,Outer validation sample; never used in inner tuning.
S000596,RFMID,AMD_WET,RFMID__AMD_WET,3,validation,,Outer validation sample; never used in inner tuning.
S000002,ADAM,AMD_DRY,ADAM__AMD_DRY,4,train,3,"For a selected inner_fold k, samples with inner_fold=k are inner validation; all others are inner training."
S000003,ADAM,AMD_DRY,ADAM__AMD_DRY,4,train,1,"For a selected inner_fold k, samples with inner_fold=k are inner validation; all others are inner training."
S000004,ADAM,AMD_DRY,ADAM__AMD_DRY,4,train,4,"For a selected inner_fold k, samples with inner_fold=k are inner validation; all others are inner training."
S000005,ADAM,AMD_DRY,ADAM__AMD_DRY,4,train,1,"For a selected inner_fold k, samples with inner_fold=k are inner validation; all others are inner training."
S000006,ADAM,AMD_DRY,ADAM__AMD_DRY,4,train,2,"For a selected inner_fold k, samples with inner_fold=k are inner validation; all others are inner training."
S000007,ADAM,AMD_DRY,ADAM__AMD_DRY,4,train,3,"For a selected inner_fold k, samples with inner_fold=k are inner validation; all others are inner training."
S000008,ADAM,AMD_DRY,ADAM__AMD_DRY,4,train,4,"For a selected inner_fold k, samples with inner_fold=k are inner validation; all others are inner training."
S000009,ADAM,AMD_DRY,ADAM__AMD_DRY,4,train,1,"For a selected inner_fold k, samples with inner_fold=k are inner validation; all others are inner training."
S000010,ADAM,AMD_DRY,ADAM__AMD_DRY,4,train,3,"For a selected inner_fold k, samples with inner_fold=k are inner validation; all others are inner training."
S000011,ADAM,AMD_DRY,ADAM__AMD_DRY,4,train,2,"For a selected inner_fold k, samples with inner_fold=k are inner validation; all others are inner training."
S000012,ADAM,AMD_DRY,ADAM__AMD_DRY,4,train,2,"For a selected inner_fold k, samples with inner_fold=k are inner validation; all others are inner training."
S000013,ADAM,AMD_DRY,ADAM__AMD_DRY,4,train,1,"For a selected inner_fold k, samples with inner_fold=k are inner validation; all others are inner training."
S000014,ADAM,AMD_DRY,ADAM__AMD_DRY,4,train,2,"For a selected inner_fold k, samples with inner_fold=k are inner validation; all others are inner training."
S000016,ADAM,AMD_DRY,ADAM__AMD_DRY,4,train,2,"For a selected inner_fold k, samples with inner_fold=k are inner validation; all others are inner training."
S000017,ADAM,AMD_DRY,ADAM__AMD_DRY,4,train,2,"For a selected inner_fold k, samples with inner_fold=k are inner validation; all others are inner training."
S000019,ADAM,AMD_DRY,ADAM__AMD_DRY,4,train,1,"For a selected inner_fold k, samples with inner_fold=k are inner validation; all others are inner training."
S000020,ADAM,AMD_DRY,ADAM__AMD_DRY,4,train,3,"For a selected inner_fold k, samples with inner_fold=k are inner validation; all others are inner training."
S000022,ADAM,AMD_DRY,ADAM__AMD_DRY,4,train,4,"For a selected inner_fold k, samples with inner_fold=k are inner validation; all others are inner training."
S000025,ADAM,AMD_DRY,ADAM__AMD_DRY,4,train,4,"For a selected inner_fold k, samples with inner_fold=k are inner validation; all others are inner training."
S000026,ADAM,AMD_DRY,ADAM__AMD_DRY,4,train,3,"For a selected inner_fold k, samples with inner_fold=k are inner validation; all others are inner training."
S000027,ADAM,AMD_DRY,ADAM__AMD_DRY,4,train,4,"For a selected inner_fold k, samples with inner_fold=k are inner validation; all others are inner training."
S000028,ADAM,AMD_DRY,ADAM__AMD_DRY,4,train,4,"For a selected inner_fold k, samples with inner_fold=k are inner validation; all others are inner training."
S000029,ADAM,AMD_DRY,ADAM__AMD_DRY,4,train,2,"For a selected inner_fold k, samples with inner_fold=k are inner validation; all others are inner training."
S000031,ADAM,AMD_DRY,ADAM__AMD_DRY,4,train,3,"For a selected inner_fold k, samples with inner_fold=k are inner validation; all others are inner training."
S000032,ADAM,AMD_DRY,ADAM__AMD_DRY,4,train,3,"For a selected inner_fold k, samples with inner_fold=k are inner validation; all others are inner training."
S000033,ADAM,AMD_DRY,ADAM__AMD_DRY,4,train,1,"For a selected inner_fold k, samples with inner_fold=k are inner validation; all others are inner training."
S000034,ADAM,AMD_DRY,ADAM__AMD_DRY,4,train,4,"For a selected inner_fold k, samples with inner_fold=k are inner validation; all others are inner training."
S000035,ADAM,AMD_DRY,ADAM__AMD_DRY,4,train,1,"For a selected inner_fold k, samples with inner_fold=k are inner validation; all others are inner training."
S000036,ADAM,AMD_WET,ADAM__AMD_WET,4,train,4,"For a selected inner_fold k, samples with inner_fold=k are inner validation; all others are inner training."
S000037,ADAM,AMD_WET,ADAM__AMD_WET,4,train,1,"For a selected inner_fold k, samples with inner_fold=k are inner validation; all others are inner training."
S000038,ADAM,AMD_WET,ADAM__AMD_WET,4,train,2,"For a selected inner_fold k, samples with inner_fold=k are inner validation; all others are inner training."
S000039,ADAM,AMD_WET,ADAM__AMD_WET,4,train,4,"For a selected inner_fold k, samples with inner_fold=k are inner validation; all others are inner training."
S000040,ADAM,AMD_WET,ADAM__AMD_WET,4,train,3,"For a selected inner_fold k, samples with inner_fold=k are inner validation; all others are inner training."
S000044,ADAM,AMD_WET,ADAM__AMD_WET,4,train,3,"For a selected inner_fold k, samples with inner_fold=k are inner validation; all others are inner training."
S000045,ADAM,AMD_WET,ADAM__AMD_WET,4,train,2,"For a selected inner_fold k, samples with inner_fold=k are inner validation; all others are inner training."
S000046,ADAM,AMD_WET,ADAM__AMD_WET,4,train,4,"For a selected inner_fold k, samples with inner_fold=k are inner validation; all others are inner training."
S000047,ADAM,AMD_WET,ADAM__AMD_WET,4,train,1,"For a selected inner_fold k, samples with inner_fold=k are inner validation; all others are inner training."
S000048,ADAM,AMD_WET,ADAM__AMD_WET,4,train,1,"For a selected inner_fold k, samples with inner_fold=k are inner validation; all others are inner training."
S000049,ADAM,AMD_WET,ADAM__AMD_WET,4,train,3,"For a selected inner_fold k, samples with inner_fold=k are inner validation; all others are inner training."
S000050,ADAM,AMD_WET,ADAM__AMD_WET,4,train,1,"For a selected inner_fold k, samples with inner_fold=k are inner validation; all others are inner training."
S000051,ADAM,AMD_WET,ADAM__AMD_WET,4,train,2,"For a selected inner_fold k, samples with inner_fold=k are inner validation; all others are inner training."
S000052,ADAM,AMD_WET,ADAM__AMD_WET,4,train,2,"For a selected inner_fold k, samples with inner_fold=k are inner validation; all others are inner training."
S000054,FIVES,NORMAL,FIVES__NORMAL,4,train,1,"For a selected inner_fold k, samples with inner_fold=k are inner validation; all others are inner training."
S000055,FIVES,NORMAL,FIVES__NORMAL,4,train,3,"For a selected inner_fold k, samples with inner_fold=k are inner validation; all others are inner training."
S000056,FIVES,NORMAL,FIVES__NORMAL,4,train,1,"For a selected inner_fold k, samples with inner_fold=k are inner validation; all others are inner training."
S000058,FIVES,NORMAL,FIVES__NORMAL,4,train,4,"For a selected inner_fold k, samples with inner_fold=k are inner validation; all others are inner training."
S000059,FIVES,NORMAL,FIVES__NORMAL,4,train,1,"For a selected inner_fold k, samples with inner_fold=k are inner validation; all others are inner training."
S000060,FIVES,NORMAL,FIVES__NORMAL,4,train,3,"For a selected inner_fold k, samples with inner_fold=k are inner validation; all others are inner training."
S000061,FIVES,NORMAL,FIVES__NORMAL,4,train,4,"For a selected inner_fold k, samples with inner_fold=k are inner validation; all others are inner training."
S000062,FIVES,NORMAL,FIVES__NORMAL,4,train,4,"For a selected inner_fold k, samples with inner_fold=k are inner validation; all others are inner training."
S000063,FIVES,NORMAL,FIVES__NORMAL,4,train,2,"For a selected inner_fold k, samples with inner_fold=k are inner validation; all others are inner training."
S000064,FIVES,NORMAL,FIVES__NORMAL,4,train,4,"For a selected inner_fold k, samples with inner_fold=k are inner validation; all others are inner training."
S000068,FIVES,NORMAL,FIVES__NORMAL,4,train,4,"For a selected inner_fold k, samples with inner_fold=k are inner validation; all others are inner training."
S000069,FIVES,NORMAL,FIVES__NORMAL,4,train,2,"For a selected inner_fold k, samples with inner_fold=k are inner validation; all others are inner training."
S000070,FIVES,NORMAL,FIVES__NORMAL,4,train,4,"For a selected inner_fold k, samples with inner_fold=k are inner validation; all others are inner training."
S000071,FIVES,NORMAL,FIVES__NORMAL,4,train,2,"For a selected inner_fold k, samples with inner_fold=k are inner validation; all others are inner training."
S000072,FIVES,NORMAL,FIVES__NORMAL,4,train,3,"For a selected inner_fold k, samples with inner_fold=k are inner validation; all others are inner training."
S000073,FIVES,NORMAL,FIVES__NORMAL,4,train,4,"For a selected inner_fold k, samples with inner_fold=k are inner validation; all others are inner training."
S000075,FIVES,NORMAL,FIVES__NORMAL,4,train,4,"For a selected inner_fold k, samples with inner_fold=k are inner validation; all others are inner training."
S000076,FIVES,NORMAL,FIVES__NORMAL,4,train,1,"For a selected inner_fold k, samples with inner_fold=k are inner validation; all others are inner training."
S000078,FIVES,NORMAL,FIVES__NORMAL,4,train,4,"For a selected inner_fold k, samples with inner_fold=k are inner validation; all others are inner training."
S000079,FIVES,NORMAL,FIVES__NORMAL,4,train,2,"For a selected inner_fold k, samples with inner_fold=k are inner validation; all others are inner training."
S000080,FIVES,NORMAL,FIVES__NORMAL,4,train,3,"For a selected inner_fold k, samples with inner_fold=k are inner validation; all others are inner training."
S000082,FIVES,NORMAL,FIVES__NORMAL,4,train,1,"For a selected inner_fold k, samples with inner_fold=k are inner validation; all others are inner training."
S000083,FIVES,NORMAL,FIVES__NORMAL,4,train,1,"For a selected inner_fold k, samples with inner_fold=k are inner validation; all others are inner training."
S000085,FIVES,NORMAL,FIVES__NORMAL,4,train,4,"For a selected inner_fold k, samples with inner_fold=k are inner validation; all others are inner training."
S000086,FIVES,NORMAL,FIVES__NORMAL,4,train,3,"For a selected inner_fold k, samples with inner_fold=k are inner validation; all others are inner training."
S000087,FIVES,NORMAL,FIVES__NORMAL,4,train,4,"For a selected inner_fold k, samples with inner_fold=k are inner validation; all others are inner training."
S000088,FIVES,NORMAL,FIVES__NORMAL,4,train,1,"For a selected inner_fold k, samples with inner_fold=k are inner validation; all others are inner training."
S000090,FIVES,NORMAL,FIVES__NORMAL,4,train,2,"For a selected inner_fold k, samples with inner_fold=k are inner validation; all others are inner training."
S000091,FIVES,NORMAL,FIVES__NORMAL,4,train,1,"For a selected inner_fold k, samples with inner_fold=k are inner validation; all others are inner training."
S000092,FIVES,NORMAL,FIVES__NORMAL,4,train,3,"For a selected inner_fold k, samples with inner_fold=k are inner validation; all others are inner training."
S000093,FIVES,NORMAL,FIVES__NORMAL,4,train,2,"For a selected inner_fold k, samples with inner_fold=k are inner validation; all others are inner training."
S000095,FIVES,NORMAL,FIVES__NORMAL,4,train,3,"For a selected inner_fold k, samples with inner_fold=k are inner validation; all others are inner training."
S000096,FIVES,NORMAL,FIVES__NORMAL,4,train,2,"For a selected inner_fold k, samples with inner_fold=k are inner validation; all others are inner training."
S000097,FIVES,NORMAL,FIVES__NORMAL,4,train,2,"For a selected inner_fold k, samples with inner_fold=k are inner validation; all others are inner training."
S000098,FIVES,NORMAL,FIVES__NORMAL,4,train,3,"For a selected inner_fold k, samples with inner_fold=k are inner validation; all others are inner training."
S000099,FIVES,NORMAL,FIVES__NORMAL,4,train,3,"For a selected inner_fold k, samples with inner_fold=k are inner validation; all others are inner training."
S000101,FIVES,NORMAL,FIVES__NORMAL,4,train,1,"For a selected inner_fold k, samples with inner_fold=k are inner validation; all others are inner training."
S000102,FIVES,NORMAL,FIVES__NORMAL,4,train,2,"For a selected inner_fold k, samples with inner_fold=k are inner validation; all others are inner training."
S000103,FIVES,NORMAL,FIVES__NORMAL,4,train,3,"For a selected inner_fold k, samples with inner_fold=k are inner validation; all others are inner training."
S000104,FIVES,NORMAL,FIVES__NORMAL,4,train,2,"For a selected inner_fold k, samples with inner_fold=k are inner validation; all others are inner training."
S000105,FIVES,NORMAL,FIVES__NORMAL,4,train,4,"For a selected inner_fold k, samples with inner_fold=k are inner validation; all others are inner training."
S000106,FIVES,NORMAL,FIVES__NORMAL,4,train,1,"For a selected inner_fold k, samples with inner_fold=k are inner validation; all others are inner training."
S000107,FIVES,NORMAL,FIVES__NORMAL,4,train,2,"For a selected inner_fold k, samples with inner_fold=k are inner validation; all others are inner training."
S000109,FIVES,NORMAL,FIVES__NORMAL,4,train,4,"For a selected inner_fold k, samples with inner_fold=k are inner validation; all others are inner training."
S000111,FIVES,NORMAL,FIVES__NORMAL,4,train,3,"For a selected inner_fold k, samples with inner_fold=k are inner validation; all others are inner training."
S000112,FIVES,NORMAL,FIVES__NORMAL,4,train,3,"For a selected inner_fold k, samples with inner_fold=k are inner validation; all others are inner training."
S000113,FIVES,NORMAL,FIVES__NORMAL,4,train,3,"For a selected inner_fold k, samples with inner_fold=k are inner validation; all others are inner training."
S000114,FIVES,NORMAL,FIVES__NORMAL,4,train,3,"For a selected inner_fold k, samples with inner_fold=k are inner validation; all others are inner training."
S000115,FIVES,NORMAL,FIVES__NORMAL,4,train,2,"For a selected inner_fold k, samples with inner_fold=k are inner validation; all others are inner training."
S000116,FIVES,NORMAL,FIVES__NORMAL,4,train,3,"For a selected inner_fold k, samples with inner_fold=k are inner validation; all others are inner training."
S000117,FIVES,NORMAL,FIVES__NORMAL,4,train,1,"For a selected inner_fold k, samples with inner_fold=k are inner validation; all others are inner training."
S000118,FIVES,NORMAL,FIVES__NORMAL,4,train,4,"For a selected inner_fold k, samples with inner_fold=k are inner validation; all others are inner training."
S000119,FIVES,NORMAL,FIVES__NORMAL,4,train,3,"For a selected inner_fold k, samples with inner_fold=k are inner validation; all others are inner training."
S000121,FIVES,NORMAL,FIVES__NORMAL,4,train,4,"For a selected inner_fold k, samples with inner_fold=k are inner validation; all others are inner training."
S000123,FIVES,NORMAL,FIVES__NORMAL,4,train,2,"For a selected inner_fold k, samples with inner_fold=k are inner validation; all others are inner training."
S000124,FIVES,NORMAL,FIVES__NORMAL,4,train,4,"For a selected inner_fold k, samples with inner_fold=k are inner validation; all others are inner training."
S000125,FIVES,NORMAL,FIVES__NORMAL,4,train,3,"For a selected inner_fold k, samples with inner_fold=k are inner validation; all others are inner training."
S000126,FIVES,NORMAL,FIVES__NORMAL,4,train,2,"For a selected inner_fold k, samples with inner_fold=k are inner validation; all others are inner training."
S000127,FIVES,NORMAL,FIVES__NORMAL,4,train,2,"For a selected inner_fold k, samples with inner_fold=k are inner validation; all others are inner training."
S000128,FIVES,NORMAL,FIVES__NORMAL,4,train,4,"For a selected inner_fold k, samples with inner_fold=k are inner validation; all others are inner training."
S000129,FIVES,NORMAL,FIVES__NORMAL,4,train,2,"For a selected inner_fold k, samples with inner_fold=k are inner validation; all others are inner training."
S000130,FIVES,NORMAL,FIVES__NORMAL,4,train,3,"For a selected inner_fold k, samples with inner_fold=k are inner validation; all others are inner training."
S000132,FIVES,NORMAL,FIVES__NORMAL,4,train,4,"For a selected inner_fold k, samples with inner_fold=k are inner validation; all others are inner training."
S000133,FIVES,NORMAL,FIVES__NORMAL,4,train,3,"For a selected inner_fold k, samples with inner_fold=k are inner validation; all others are inner training."
S000134,FIVES,NORMAL,FIVES__NORMAL,4,train,2,"For a selected inner_fold k, samples with inner_fold=k are inner validation; all others are inner training."
S000136,FIVES,NORMAL,FIVES__NORMAL,4,train,1,"For a selected inner_fold k, samples with inner_fold=k are inner validation; all others are inner training."
S000137,FIVES,NORMAL,FIVES__NORMAL,4,train,1,"For a selected inner_fold k, samples with inner_fold=k are inner validation; all others are inner training."
S000138,FIVES,NORMAL,FIVES__NORMAL,4,train,3,"For a selected inner_fold k, samples with inner_fold=k are inner validation; all others are inner training."
S000139,FIVES,NORMAL,FIVES__NORMAL,4,train,4,"For a selected inner_fold k, samples with inner_fold=k are inner validation; all others are inner training."
S000140,FIVES,NORMAL,FIVES__NORMAL,4,train,1,"For a selected inner_fold k, samples with inner_fold=k are inner validation; all others are inner training."
S000141,FIVES,NORMAL,FIVES__NORMAL,4,train,1,"For a selected inner_fold k, samples with inner_fold=k are inner validation; all others are inner training."
S000142,FIVES,NORMAL,FIVES__NORMAL,4,train,1,"For a selected inner_fold k, samples with inner_fold=k are inner validation; all others are inner training."
S000143,FIVES,NORMAL,FIVES__NORMAL,4,train,2,"For a selected inner_fold k, samples with inner_fold=k are inner validation; all others are inner training."
S000144,FIVES,NORMAL,FIVES__NORMAL,4,train,1,"For a selected inner_fold k, samples with inner_fold=k are inner validation; all others are inner training."
S000145,FIVES,NORMAL,FIVES__NORMAL,4,train,1,"For a selected inner_fold k, samples with inner_fold=k are inner validation; all others are inner training."
S000147,FIVES,NORMAL,FIVES__NORMAL,4,train,1,"For a selected inner_fold k, samples with inner_fold=k are inner validation; all others are inner training."
S000148,FIVES,NORMAL,FIVES__NORMAL,4,train,4,"For a selected inner_fold k, samples with inner_fold=k are inner validation; all others are inner training."
S000150,FIVES,NORMAL,FIVES__NORMAL,4,train,1,"For a selected inner_fold k, samples with inner_fold=k are inner validation; all others are inner training."
S000151,FIVES,NORMAL,FIVES__NORMAL,4,train,2,"For a selected inner_fold k, samples with inner_fold=k are inner validation; all others are inner training."
S000152,FIVES,AMD_DRY,FIVES__AMD_DRY,4,train,3,"For a selected inner_fold k, samples with inner_fold=k are inner validation; all others are inner training."
S000153,FIVES,AMD_DRY,FIVES__AMD_DRY,4,train,1,"For a selected inner_fold k, samples with inner_fold=k are inner validation; all others are inner training."
S000154,FIVES,AMD_DRY,FIVES__AMD_DRY,4,train,1,"For a selected inner_fold k, samples with inner_fold=k are inner validation; all others are inner training."
S000155,FIVES,AMD_DRY,FIVES__AMD_DRY,4,train,2,"For a selected inner_fold k, samples with inner_fold=k are inner validation; all others are inner training."
S000156,FIVES,AMD_DRY,FIVES__AMD_DRY,4,train,3,"For a selected inner_fold k, samples with inner_fold=k are inner validation; all others are inner training."
S000157,FIVES,AMD_DRY,FIVES__AMD_DRY,4,train,4,"For a selected inner_fold k, samples with inner_fold=k are inner validation; all others are inner training."
S000160,FIVES,AMD_DRY,FIVES__AMD_DRY,4,train,1,"For a selected inner_fold k, samples with inner_fold=k are inner validation; all others are inner training."
S000161,FIVES,AMD_DRY,FIVES__AMD_DRY,4,train,2,"For a selected inner_fold k, samples with inner_fold=k are inner validation; all others are inner training."
S000163,FIVES,AMD_DRY,FIVES__AMD_DRY,4,train,2,"For a selected inner_fold k, samples with inner_fold=k are inner validation; all others are inner training."
S000164,FIVES,AMD_DRY,FIVES__AMD_DRY,4,train,4,"For a selected inner_fold k, samples with inner_fold=k are inner validation; all others are inner training."
S000165,FIVES,AMD_DRY,FIVES__AMD_DRY,4,train,3,"For a selected inner_fold k, samples with inner_fold=k are inner validation; all others are inner training."
S000166,FIVES,AMD_DRY,FIVES__AMD_DRY,4,train,4,"For a selected inner_fold k, samples with inner_fold=k are inner validation; all others are inner training."
S000167,FIVES,AMD_WET,FIVES__AMD_WET,4,train,2,"For a selected inner_fold k, samples with inner_fold=k are inner validation; all others are inner training."
S000168,FIVES,AMD_WET,FIVES__AMD_WET,4,train,3,"For a selected inner_fold k, samples with inner_fold=k are inner validation; all others are inner training."
S000169,FIVES,AMD_WET,FIVES__AMD_WET,4,train,1,"For a selected inner_fold k, samples with inner_fold=k are inner validation; all others are inner training."
S000170,FIVES,AMD_WET,FIVES__AMD_WET,4,train,2,"For a selected inner_fold k, samples with inner_fold=k are inner validation; all others are inner training."
S000171,FIVES,AMD_WET,FIVES__AMD_WET,4,train,3,"For a selected inner_fold k, samples with inner_fold=k are inner validation; all others are inner training."
S000172,FIVES,AMD_WET,FIVES__AMD_WET,4,train,4,"For a selected inner_fold k, samples with inner_fold=k are inner validation; all others are inner training."
S000173,FIVES,AMD_WET,FIVES__AMD_WET,4,train,3,"For a selected inner_fold k, samples with inner_fold=k are inner validation; all others are inner training."
S000174,FIVES,AMD_WET,FIVES__AMD_WET,4,train,2,"For a selected inner_fold k, samples with inner_fold=k are inner validation; all others are inner training."
S000175,FIVES,AMD_WET,FIVES__AMD_WET,4,train,3,"For a selected inner_fold k, samples with inner_fold=k are inner validation; all others are inner training."
S000176,FIVES,AMD_WET,FIVES__AMD_WET,4,train,4,"For a selected inner_fold k, samples with inner_fold=k are inner validation; all others are inner training."
S000178,FIVES,AMD_WET,FIVES__AMD_WET,4,train,3,"For a selected inner_fold k, samples with inner_fold=k are inner validation; all others are inner training."
S000180,FIVES,AMD_WET,FIVES__AMD_WET,4,train,2,"For a selected inner_fold k, samples with inner_fold=k are inner validation; all others are inner training."
S000181,FIVES,AMD_WET,FIVES__AMD_WET,4,train,1,"For a selected inner_fold k, samples with inner_fold=k are inner validation; all others are inner training."
S000183,FIVES,AMD_WET,FIVES__AMD_WET,4,train,1,"For a selected inner_fold k, samples with inner_fold=k are inner validation; all others are inner training."
S000184,FIVES,AMD_WET,FIVES__AMD_WET,4,train,3,"For a selected inner_fold k, samples with inner_fold=k are inner validation; all others are inner training."
S000186,FIVES,AMD_WET,FIVES__AMD_WET,4,train,3,"For a selected inner_fold k, samples with inner_fold=k are inner validation; all others are inner training."
S000188,FIVES,AMD_WET,FIVES__AMD_WET,4,train,4,"For a selected inner_fold k, samples with inner_fold=k are inner validation; all others are inner training."
S000190,FIVES,AMD_WET,FIVES__AMD_WET,4,train,2,"For a selected inner_fold k, samples with inner_fold=k are inner validation; all others are inner training."
S000191,FIVES,AMD_WET,FIVES__AMD_WET,4,train,2,"For a selected inner_fold k, samples with inner_fold=k are inner validation; all others are inner training."
S000193,FIVES,AMD_WET,FIVES__AMD_WET,4,train,2,"For a selected inner_fold k, samples with inner_fold=k are inner validation; all others are inner training."
S000194,FIVES,AMD_WET,FIVES__AMD_WET,4,train,2,"For a selected inner_fold k, samples with inner_fold=k are inner validation; all others are inner training."
S000195,FIVES,AMD_WET,FIVES__AMD_WET,4,train,1,"For a selected inner_fold k, samples with inner_fold=k are inner validation; all others are inner training."
S000196,FIVES,AMD_WET,FIVES__AMD_WET,4,train,3,"For a selected inner_fold k, samples with inner_fold=k are inner validation; all others are inner training."
S000197,FIVES,AMD_WET,FIVES__AMD_WET,4,train,1,"For a selected inner_fold k, samples with inner_fold=k are inner validation; all others are inner training."
S000198,FIVES,AMD_WET,FIVES__AMD_WET,4,train,3,"For a selected inner_fold k, samples with inner_fold=k are inner validation; all others are inner training."
S000199,FIVES,AMD_WET,FIVES__AMD_WET,4,train,2,"For a selected inner_fold k, samples with inner_fold=k are inner validation; all others are inner training."
S000200,FIVES,AMD_WET,FIVES__AMD_WET,4,train,3,"For a selected inner_fold k, samples with inner_fold=k are inner validation; all others are inner training."
S000201,FIVES,AMD_WET,FIVES__AMD_WET,4,train,1,"For a selected inner_fold k, samples with inner_fold=k are inner validation; all others are inner training."
S000202,FIVES,AMD_WET,FIVES__AMD_WET,4,train,4,"For a selected inner_fold k, samples with inner_fold=k are inner validation; all others are inner training."
S000204,FIVES,AMD_WET,FIVES__AMD_WET,4,train,2,"For a selected inner_fold k, samples with inner_fold=k are inner validation; all others are inner training."
S000205,FIVES,AMD_WET,FIVES__AMD_WET,4,train,1,"For a selected inner_fold k, samples with inner_fold=k are inner validation; all others are inner training."
S000207,FIVES,AMD_WET,FIVES__AMD_WET,4,train,4,"For a selected inner_fold k, samples with inner_fold=k are inner validation; all others are inner training."
S000208,FIVES,AMD_WET,FIVES__AMD_WET,4,train,2,"For a selected inner_fold k, samples with inner_fold=k are inner validation; all others are inner training."
S000209,FIVES,AMD_WET,FIVES__AMD_WET,4,train,4,"For a selected inner_fold k, samples with inner_fold=k are inner validation; all others are inner training."
S000210,FIVES,AMD_WET,FIVES__AMD_WET,4,train,3,"For a selected inner_fold k, samples with inner_fold=k are inner validation; all others are inner training."
S000211,FIVES,AMD_WET,FIVES__AMD_WET,4,train,2,"For a selected inner_fold k, samples with inner_fold=k are inner validation; all others are inner training."
S000213,FIVES,AMD_WET,FIVES__AMD_WET,4,train,1,"For a selected inner_fold k, samples with inner_fold=k are inner validation; all others are inner training."
S000214,FIVES,AMD_WET,FIVES__AMD_WET,4,train,4,"For a selected inner_fold k, samples with inner_fold=k are inner validation; all others are inner training."
S000215,FIVES,AMD_WET,FIVES__AMD_WET,4,train,4,"For a selected inner_fold k, samples with inner_fold=k are inner validation; all others are inner training."
S000216,FIVES,AMD_WET,FIVES__AMD_WET,4,train,3,"For a selected inner_fold k, samples with inner_fold=k are inner validation; all others are inner training."
S000217,FIVES,AMD_WET,FIVES__AMD_WET,4,train,1,"For a selected inner_fold k, samples with inner_fold=k are inner validation; all others are inner training."
S000220,FIVES,AMD_WET,FIVES__AMD_WET,4,train,1,"For a selected inner_fold k, samples with inner_fold=k are inner validation; all others are inner training."
S000221,FIVES,AMD_WET,FIVES__AMD_WET,4,train,4,"For a selected inner_fold k, samples with inner_fold=k are inner validation; all others are inner training."
S000222,FIVES,AMD_WET,FIVES__AMD_WET,4,train,3,"For a selected inner_fold k, samples with inner_fold=k are inner validation; all others are inner training."
S000223,FIVES,AMD_WET,FIVES__AMD_WET,4,train,4,"For a selected inner_fold k, samples with inner_fold=k are inner validation; all others are inner training."
S000226,FIVES,AMD_WET,FIVES__AMD_WET,4,train,2,"For a selected inner_fold k, samples with inner_fold=k are inner validation; all others are inner training."
S000228,FIVES,AMD_WET,FIVES__AMD_WET,4,train,1,"For a selected inner_fold k, samples with inner_fold=k are inner validation; all others are inner training."
S000229,FIVES,AMD_WET,FIVES__AMD_WET,4,train,1,"For a selected inner_fold k, samples with inner_fold=k are inner validation; all others are inner training."
S000230,FIVES,AMD_WET,FIVES__AMD_WET,4,train,4,"For a selected inner_fold k, samples with inner_fold=k are inner validation; all others are inner training."
S000231,FIVES,AMD_WET,FIVES__AMD_WET,4,train,2,"For a selected inner_fold k, samples with inner_fold=k are inner validation; all others are inner training."
S000232,FIVES,AMD_WET,FIVES__AMD_WET,4,train,4,"For a selected inner_fold k, samples with inner_fold=k are inner validation; all others are inner training."
S000233,FIVES,AMD_WET,FIVES__AMD_WET,4,train,1,"For a selected inner_fold k, samples with inner_fold=k are inner validation; all others are inner training."
S000235,FIVES,AMD_WET,FIVES__AMD_WET,4,train,4,"For a selected inner_fold k, samples with inner_fold=k are inner validation; all others are inner training."
S000236,FIVES,AMD_WET,FIVES__AMD_WET,4,train,3,"For a selected inner_fold k, samples with inner_fold=k are inner validation; all others are inner training."
S000238,FIVES,AMD_WET,FIVES__AMD_WET,4,train,4,"For a selected inner_fold k, samples with inner_fold=k are inner validation; all others are inner training."
S000239,ODIR,NORMAL,ODIR__NORMAL,4,train,3,"For a selected inner_fold k, samples with inner_fold=k are inner validation; all others are inner training."
S000240,ODIR,NORMAL,ODIR__NORMAL,4,train,2,"For a selected inner_fold k, samples with inner_fold=k are inner validation; all others are inner training."
S000241,ODIR,NORMAL,ODIR__NORMAL,4,train,3,"For a selected inner_fold k, samples with inner_fold=k are inner validation; all others are inner training."
S000244,ODIR,NORMAL,ODIR__NORMAL,4,train,1,"For a selected inner_fold k, samples with inner_fold=k are inner validation; all others are inner training."
S000250,ODIR,NORMAL,ODIR__NORMAL,4,train,2,"For a selected inner_fold k, samples with inner_fold=k are inner validation; all others are inner training."
S000251,ODIR,NORMAL,ODIR__NORMAL,4,train,2,"For a selected inner_fold k, samples with inner_fold=k are inner validation; all others are inner training."
S000252,ODIR,NORMAL,ODIR__NORMAL,4,train,1,"For a selected inner_fold k, samples with inner_fold=k are inner validation; all others are inner training."
S000254,ODIR,NORMAL,ODIR__NORMAL,4,train,2,"For a selected inner_fold k, samples with inner_fold=k are inner validation; all others are inner training."
S000255,ODIR,NORMAL,ODIR__NORMAL,4,train,1,"For a selected inner_fold k, samples with inner_fold=k are inner validation; all others are inner training."
S000256,ODIR,NORMAL,ODIR__NORMAL,4,train,1,"For a selected inner_fold k, samples with inner_fold=k are inner validation; all others are inner training."
S000257,ODIR,NORMAL,ODIR__NORMAL,4,train,2,"For a selected inner_fold k, samples with inner_fold=k are inner validation; all others are inner training."
S000258,ODIR,NORMAL,ODIR__NORMAL,4,train,1,"For a selected inner_fold k, samples with inner_fold=k are inner validation; all others are inner training."
S000259,ODIR,NORMAL,ODIR__NORMAL,4,train,1,"For a selected inner_fold k, samples with inner_fold=k are inner validation; all others are inner training."
S000260,ODIR,NORMAL,ODIR__NORMAL,4,train,4,"For a selected inner_fold k, samples with inner_fold=k are inner validation; all others are inner training."
S000261,ODIR,NORMAL,ODIR__NORMAL,4,train,3,"For a selected inner_fold k, samples with inner_fold=k are inner validation; all others are inner training."
S000262,ODIR,NORMAL,ODIR__NORMAL,4,train,4,"For a selected inner_fold k, samples with inner_fold=k are inner validation; all others are inner training."
S000263,ODIR,NORMAL,ODIR__NORMAL,4,train,2,"For a selected inner_fold k, samples with inner_fold=k are inner validation; all others are inner training."
S000264,ODIR,NORMAL,ODIR__NORMAL,4,train,3,"For a selected inner_fold k, samples with inner_fold=k are inner validation; all others are inner training."
S000265,ODIR,NORMAL,ODIR__NORMAL,4,train,3,"For a selected inner_fold k, samples with inner_fold=k are inner validation; all others are inner training."
S000266,ODIR,NORMAL,ODIR__NORMAL,4,train,3,"For a selected inner_fold k, samples with inner_fold=k are inner validation; all others are inner training."
S000267,ODIR,NORMAL,ODIR__NORMAL,4,train,4,"For a selected inner_fold k, samples with inner_fold=k are inner validation; all others are inner training."
S000268,ODIR,NORMAL,ODIR__NORMAL,4,train,3,"For a selected inner_fold k, samples with inner_fold=k are inner validation; all others are inner training."
S000270,ODIR,NORMAL,ODIR__NORMAL,4,train,3,"For a selected inner_fold k, samples with inner_fold=k are inner validation; all others are inner training."
S000271,ODIR,NORMAL,ODIR__NORMAL,4,train,3,"For a selected inner_fold k, samples with inner_fold=k are inner validation; all others are inner training."
S000272,ODIR,NORMAL,ODIR__NORMAL,4,train,1,"For a selected inner_fold k, samples with inner_fold=k are inner validation; all others are inner training."
S000273,ODIR,NORMAL,ODIR__NORMAL,4,train,4,"For a selected inner_fold k, samples with inner_fold=k are inner validation; all others are inner training."
S000274,ODIR,NORMAL,ODIR__NORMAL,4,train,3,"For a selected inner_fold k, samples with inner_fold=k are inner validation; all others are inner training."
S000275,ODIR,NORMAL,ODIR__NORMAL,4,train,1,"For a selected inner_fold k, samples with inner_fold=k are inner validation; all others are inner training."
S000276,ODIR,NORMAL,ODIR__NORMAL,4,train,2,"For a selected inner_fold k, samples with inner_fold=k are inner validation; all others are inner training."
S000277,ODIR,NORMAL,ODIR__NORMAL,4,train,2,"For a selected inner_fold k, samples with inner_fold=k are inner validation; all others are inner training."
S000278,ODIR,NORMAL,ODIR__NORMAL,4,train,1,"For a selected inner_fold k, samples with inner_fold=k are inner validation; all others are inner training."
S000279,ODIR,NORMAL,ODIR__NORMAL,4,train,1,"For a selected inner_fold k, samples with inner_fold=k are inner validation; all others are inner training."
S000280,ODIR,NORMAL,ODIR__NORMAL,4,train,4,"For a selected inner_fold k, samples with inner_fold=k are inner validation; all others are inner training."
S000281,ODIR,NORMAL,ODIR__NORMAL,4,train,4,"For a selected inner_fold k, samples with inner_fold=k are inner validation; all others are inner training."
S000282,ODIR,NORMAL,ODIR__NORMAL,4,train,4,"For a selected inner_fold k, samples with inner_fold=k are inner validation; all others are inner training."
S000284,ODIR,NORMAL,ODIR__NORMAL,4,train,2,"For a selected inner_fold k, samples with inner_fold=k are inner validation; all others are inner training."
S000287,ODIR,NORMAL,ODIR__NORMAL,4,train,3,"For a selected inner_fold k, samples with inner_fold=k are inner validation; all others are inner training."
S000288,ODIR,NORMAL,ODIR__NORMAL,4,train,3,"For a selected inner_fold k, samples with inner_fold=k are inner validation; all others are inner training."
S000289,ODIR,NORMAL,ODIR__NORMAL,4,train,2,"For a selected inner_fold k, samples with inner_fold=k are inner validation; all others are inner training."
S000290,ODIR,NORMAL,ODIR__NORMAL,4,train,2,"For a selected inner_fold k, samples with inner_fold=k are inner validation; all others are inner training."
S000291,ODIR,NORMAL,ODIR__NORMAL,4,train,1,"For a selected inner_fold k, samples with inner_fold=k are inner validation; all others are inner training."
S000293,ODIR,NORMAL,ODIR__NORMAL,4,train,4,"For a selected inner_fold k, samples with inner_fold=k are inner validation; all others are inner training."
S000294,ODIR,NORMAL,ODIR__NORMAL,4,train,1,"For a selected inner_fold k, samples with inner_fold=k are inner validation; all others are inner training."
S000295,ODIR,NORMAL,ODIR__NORMAL,4,train,1,"For a selected inner_fold k, samples with inner_fold=k are inner validation; all others are inner training."
S000296,ODIR,NORMAL,ODIR__NORMAL,4,train,2,"For a selected inner_fold k, samples with inner_fold=k are inner validation; all others are inner training."
S000297,ODIR,NORMAL,ODIR__NORMAL,4,train,4,"For a selected inner_fold k, samples with inner_fold=k are inner validation; all others are inner training."
S000298,ODIR,NORMAL,ODIR__NORMAL,4,train,3,"For a selected inner_fold k, samples with inner_fold=k are inner validation; all others are inner training."
S000300,ODIR,NORMAL,ODIR__NORMAL,4,train,1,"For a selected inner_fold k, samples with inner_fold=k are inner validation; all others are inner training."
S000301,ODIR,NORMAL,ODIR__NORMAL,4,train,4,"For a selected inner_fold k, samples with inner_fold=k are inner validation; all others are inner training."
S000303,ODIR,NORMAL,ODIR__NORMAL,4,train,3,"For a selected inner_fold k, samples with inner_fold=k are inner validation; all others are inner training."
S000304,ODIR,NORMAL,ODIR__NORMAL,4,train,2,"For a selected inner_fold k, samples with inner_fold=k are inner validation; all others are inner training."
S000305,ODIR,NORMAL,ODIR__NORMAL,4,train,3,"For a selected inner_fold k, samples with inner_fold=k are inner validation; all others are inner training."
S000306,ODIR,NORMAL,ODIR__NORMAL,4,train,4,"For a selected inner_fold k, samples with inner_fold=k are inner validation; all others are inner training."
S000307,ODIR,NORMAL,ODIR__NORMAL,4,train,2,"For a selected inner_fold k, samples with inner_fold=k are inner validation; all others are inner training."
S000308,ODIR,NORMAL,ODIR__NORMAL,4,train,2,"For a selected inner_fold k, samples with inner_fold=k are inner validation; all others are inner training."
S000310,ODIR,NORMAL,ODIR__NORMAL,4,train,4,"For a selected inner_fold k, samples with inner_fold=k are inner validation; all others are inner training."
S000311,ODIR,NORMAL,ODIR__NORMAL,4,train,3,"For a selected inner_fold k, samples with inner_fold=k are inner validation; all others are inner training."
S000312,ODIR,NORMAL,ODIR__NORMAL,4,train,2,"For a selected inner_fold k, samples with inner_fold=k are inner validation; all others are inner training."
S000313,ODIR,NORMAL,ODIR__NORMAL,4,train,2,"For a selected inner_fold k, samples with inner_fold=k are inner validation; all others are inner training."
S000315,ODIR,NORMAL,ODIR__NORMAL,4,train,4,"For a selected inner_fold k, samples with inner_fold=k are inner validation; all others are inner training."
S000317,ODIR,NORMAL,ODIR__NORMAL,4,train,4,"For a selected inner_fold k, samples with inner_fold=k are inner validation; all others are inner training."
S000318,ODIR,NORMAL,ODIR__NORMAL,4,train,3,"For a selected inner_fold k, samples with inner_fold=k are inner validation; all others are inner training."
S000319,ODIR,NORMAL,ODIR__NORMAL,4,train,2,"For a selected inner_fold k, samples with inner_fold=k are inner validation; all others are inner training."
S000320,ODIR,NORMAL,ODIR__NORMAL,4,train,4,"For a selected inner_fold k, samples with inner_fold=k are inner validation; all others are inner training."
S000321,ODIR,NORMAL,ODIR__NORMAL,4,train,4,"For a selected inner_fold k, samples with inner_fold=k are inner validation; all others are inner training."
S000322,ODIR,NORMAL,ODIR__NORMAL,4,train,3,"For a selected inner_fold k, samples with inner_fold=k are inner validation; all others are inner training."
S000324,ODIR,NORMAL,ODIR__NORMAL,4,train,4,"For a selected inner_fold k, samples with inner_fold=k are inner validation; all others are inner training."
S000325,ODIR,NORMAL,ODIR__NORMAL,4,train,2,"For a selected inner_fold k, samples with inner_fold=k are inner validation; all others are inner training."
S000326,ODIR,NORMAL,ODIR__NORMAL,4,train,2,"For a selected inner_fold k, samples with inner_fold=k are inner validation; all others are inner training."
S000327,ODIR,NORMAL,ODIR__NORMAL,4,train,1,"For a selected inner_fold k, samples with inner_fold=k are inner validation; all others are inner training."
S000328,ODIR,NORMAL,ODIR__NORMAL,4,train,4,"For a selected inner_fold k, samples with inner_fold=k are inner validation; all others are inner training."
S000329,ODIR,NORMAL,ODIR__NORMAL,4,train,2,"For a selected inner_fold k, samples with inner_fold=k are inner validation; all others are inner training."
S000331,ODIR,NORMAL,ODIR__NORMAL,4,train,1,"For a selected inner_fold k, samples with inner_fold=k are inner validation; all others are inner training."
S000332,ODIR,NORMAL,ODIR__NORMAL,4,train,1,"For a selected inner_fold k, samples with inner_fold=k are inner validation; all others are inner training."
S000333,ODIR,NORMAL,ODIR__NORMAL,4,train,4,"For a selected inner_fold k, samples with inner_fold=k are inner validation; all others are inner training."
S000334,ODIR,NORMAL,ODIR__NORMAL,4,train,1,"For a selected inner_fold k, samples with inner_fold=k are inner validation; all others are inner training."
S000335,ODIR,NORMAL,ODIR__NORMAL,4,train,2,"For a selected inner_fold k, samples with inner_fold=k are inner validation; all others are inner training."
S000338,ODIR,NORMAL,ODIR__NORMAL,4,train,1,"For a selected inner_fold k, samples with inner_fold=k are inner validation; all others are inner training."
S000339,ODIR,NORMAL,ODIR__NORMAL,4,train,2,"For a selected inner_fold k, samples with inner_fold=k are inner validation; all others are inner training."
S000340,ODIR,NORMAL,ODIR__NORMAL,4,train,4,"For a selected inner_fold k, samples with inner_fold=k are inner validation; all others are inner training."
S000341,ODIR,NORMAL,ODIR__NORMAL,4,train,1,"For a selected inner_fold k, samples with inner_fold=k are inner validation; all others are inner training."
S000342,ODIR,NORMAL,ODIR__NORMAL,4,train,2,"For a selected inner_fold k, samples with inner_fold=k are inner validation; all others are inner training."
S000343,ODIR,NORMAL,ODIR__NORMAL,4,train,4,"For a selected inner_fold k, samples with inner_fold=k are inner validation; all others are inner training."
S000344,ODIR,NORMAL,ODIR__NORMAL,4,train,1,"For a selected inner_fold k, samples with inner_fold=k are inner validation; all others are inner training."
S000345,ODIR,NORMAL,ODIR__NORMAL,4,train,4,"For a selected inner_fold k, samples with inner_fold=k are inner validation; all others are inner training."
S000346,ODIR,NORMAL,ODIR__NORMAL,4,train,3,"For a selected inner_fold k, samples with inner_fold=k are inner validation; all others are inner training."
S000347,ODIR,NORMAL,ODIR__NORMAL,4,train,3,"For a selected inner_fold k, samples with inner_fold=k are inner validation; all others are inner training."
S000348,ODIR,NORMAL,ODIR__NORMAL,4,train,1,"For a selected inner_fold k, samples with inner_fold=k are inner validation; all others are inner training."
S000349,ODIR,NORMAL,ODIR__NORMAL,4,train,4,"For a selected inner_fold k, samples with inner_fold=k are inner validation; all others are inner training."
S000350,ODIR,NORMAL,ODIR__NORMAL,4,train,4,"For a selected inner_fold k, samples with inner_fold=k are inner validation; all others are inner training."
S000351,ODIR,NORMAL,ODIR__NORMAL,4,train,3,"For a selected inner_fold k, samples with inner_fold=k are inner validation; all others are inner training."
S000352,ODIR,NORMAL,ODIR__NORMAL,4,train,3,"For a selected inner_fold k, samples with inner_fold=k are inner validation; all others are inner training."
S000354,ODIR,NORMAL,ODIR__NORMAL,4,train,1,"For a selected inner_fold k, samples with inner_fold=k are inner validation; all others are inner training."
S000355,ODIR,NORMAL,ODIR__NORMAL,4,train,3,"For a selected inner_fold k, samples with inner_fold=k are inner validation; all others are inner training."
S000356,ODIR,NORMAL,ODIR__NORMAL,4,train,4,"For a selected inner_fold k, samples with inner_fold=k are inner validation; all others are inner training."
S000357,ODIR,NORMAL,ODIR__NORMAL,4,train,3,"For a selected inner_fold k, samples with inner_fold=k are inner validation; all others are inner training."
S000358,ODIR,NORMAL,ODIR__NORMAL,4,train,3,"For a selected inner_fold k, samples with inner_fold=k are inner validation; all others are inner training."
S000359,ODIR,NORMAL,ODIR__NORMAL,4,train,1,"For a selected inner_fold k, samples with inner_fold=k are inner validation; all others are inner training."
S000361,ODIR,NORMAL,ODIR__NORMAL,4,train,1,"For a selected inner_fold k, samples with inner_fold=k are inner validation; all others are inner training."
S000362,ODIR,NORMAL,ODIR__NORMAL,4,train,2,"For a selected inner_fold k, samples with inner_fold=k are inner validation; all others are inner training."
S000366,ODIR,AMD_DRY,ODIR__AMD_DRY,4,train,1,"For a selected inner_fold k, samples with inner_fold=k are inner validation; all others are inner training."
S000367,ODIR,AMD_DRY,ODIR__AMD_DRY,4,train,2,"For a selected inner_fold k, samples with inner_fold=k are inner validation; all others are inner training."
S000368,ODIR,AMD_DRY,ODIR__AMD_DRY,4,train,3,"For a selected inner_fold k, samples with inner_fold=k are inner validation; all others are inner training."
S000369,ODIR,AMD_DRY,ODIR__AMD_DRY,4,train,4,"For a selected inner_fold k, samples with inner_fold=k are inner validation; all others are inner training."
S000370,ODIR,AMD_DRY,ODIR__AMD_DRY,4,train,2,"For a selected inner_fold k, samples with inner_fold=k are inner validation; all others are inner training."
S000373,ODIR,AMD_DRY,ODIR__AMD_DRY,4,train,4,"For a selected inner_fold k, samples with inner_fold=k are inner validation; all others are inner training."
S000374,ODIR,AMD_DRY,ODIR__AMD_DRY,4,train,1,"For a selected inner_fold k, samples with inner_fold=k are inner validation; all others are inner training."
S000375,ODIR,AMD_DRY,ODIR__AMD_DRY,4,train,2,"For a selected inner_fold k, samples with inner_fold=k are inner validation; all others are inner training."
S000376,ODIR,AMD_DRY,ODIR__AMD_DRY,4,train,2,"For a selected inner_fold k, samples with inner_fold=k are inner validation; all others are inner training."
S000377,ODIR,AMD_DRY,ODIR__AMD_DRY,4,train,3,"For a selected inner_fold k, samples with inner_fold=k are inner validation; all others are inner training."
S000378,ODIR,AMD_DRY,ODIR__AMD_DRY,4,train,4,"For a selected inner_fold k, samples with inner_fold=k are inner validation; all others are inner training."
S000379,ODIR,AMD_DRY,ODIR__AMD_DRY,4,train,1,"For a selected inner_fold k, samples with inner_fold=k are inner validation; all others are inner training."
S000380,ODIR,AMD_DRY,ODIR__AMD_DRY,4,train,1,"For a selected inner_fold k, samples with inner_fold=k are inner validation; all others are inner training."
S000381,ODIR,AMD_DRY,ODIR__AMD_DRY,4,train,3,"For a selected inner_fold k, samples with inner_fold=k are inner validation; all others are inner training."
S000382,ODIR,AMD_DRY,ODIR__AMD_DRY,4,train,3,"For a selected inner_fold k, samples with inner_fold=k are inner validation; all others are inner training."
S000383,ODIR,AMD_DRY,ODIR__AMD_DRY,4,train,4,"For a selected inner_fold k, samples with inner_fold=k are inner validation; all others are inner training."
S000384,ODIR,AMD_DRY,ODIR__AMD_DRY,4,train,2,"For a selected inner_fold k, samples with inner_fold=k are inner validation; all others are inner training."
S000385,ODIR,AMD_DRY,ODIR__AMD_DRY,4,train,1,"For a selected inner_fold k, samples with inner_fold=k are inner validation; all others are inner training."
S000386,ODIR,AMD_DRY,ODIR__AMD_DRY,4,train,3,"For a selected inner_fold k, samples with inner_fold=k are inner validation; all others are inner training."
S000387,ODIR,AMD_DRY,ODIR__AMD_DRY,4,train,1,"For a selected inner_fold k, samples with inner_fold=k are inner validation; all others are inner training."
S000388,ODIR,AMD_DRY,ODIR__AMD_DRY,4,train,4,"For a selected inner_fold k, samples with inner_fold=k are inner validation; all others are inner training."
S000389,ODIR,AMD_DRY,ODIR__AMD_DRY,4,train,4,"For a selected inner_fold k, samples with inner_fold=k are inner validation; all others are inner training."
S000390,ODIR,AMD_DRY,ODIR__AMD_DRY,4,train,4,"For a selected inner_fold k, samples with inner_fold=k are inner validation; all others are inner training."
S000393,ODIR,AMD_DRY,ODIR__AMD_DRY,4,train,4,"For a selected inner_fold k, samples with inner_fold=k are inner validation; all others are inner training."
S000394,ODIR,AMD_DRY,ODIR__AMD_DRY,4,train,1,"For a selected inner_fold k, samples with inner_fold=k are inner validation; all others are inner training."
S000397,ODIR,AMD_DRY,ODIR__AMD_DRY,4,train,2,"For a selected inner_fold k, samples with inner_fold=k are inner validation; all others are inner training."
S000399,ODIR,AMD_DRY,ODIR__AMD_DRY,4,train,3,"For a selected inner_fold k, samples with inner_fold=k are inner validation; all others are inner training."
S000400,ODIR,AMD_DRY,ODIR__AMD_DRY,4,train,1,"For a selected inner_fold k, samples with inner_fold=k are inner validation; all others are inner training."
S000401,ODIR,AMD_DRY,ODIR__AMD_DRY,4,train,3,"For a selected inner_fold k, samples with inner_fold=k are inner validation; all others are inner training."
S000402,ODIR,AMD_DRY,ODIR__AMD_DRY,4,train,4,"For a selected inner_fold k, samples with inner_fold=k are inner validation; all others are inner training."
S000403,ODIR,AMD_DRY,ODIR__AMD_DRY,4,train,4,"For a selected inner_fold k, samples with inner_fold=k are inner validation; all others are inner training."
S000405,ODIR,AMD_DRY,ODIR__AMD_DRY,4,train,2,"For a selected inner_fold k, samples with inner_fold=k are inner validation; all others are inner training."
S000408,ODIR,AMD_DRY,ODIR__AMD_DRY,4,train,4,"For a selected inner_fold k, samples with inner_fold=k are inner validation; all others are inner training."
S000410,ODIR,AMD_DRY,ODIR__AMD_DRY,4,train,1,"For a selected inner_fold k, samples with inner_fold=k are inner validation; all others are inner training."
S000411,ODIR,AMD_DRY,ODIR__AMD_DRY,4,train,2,"For a selected inner_fold k, samples with inner_fold=k are inner validation; all others are inner training."
S000412,ODIR,AMD_DRY,ODIR__AMD_DRY,4,train,1,"For a selected inner_fold k, samples with inner_fold=k are inner validation; all others are inner training."
S000413,ODIR,AMD_DRY,ODIR__AMD_DRY,4,train,3,"For a selected inner_fold k, samples with inner_fold=k are inner validation; all others are inner training."
S000414,ODIR,AMD_DRY,ODIR__AMD_DRY,4,train,2,"For a selected inner_fold k, samples with inner_fold=k are inner validation; all others are inner training."
S000415,ODIR,AMD_DRY,ODIR__AMD_DRY,4,train,1,"For a selected inner_fold k, samples with inner_fold=k are inner validation; all others are inner training."
S000416,ODIR,AMD_DRY,ODIR__AMD_DRY,4,train,1,"For a selected inner_fold k, samples with inner_fold=k are inner validation; all others are inner training."
S000417,ODIR,AMD_DRY,ODIR__AMD_DRY,4,train,3,"For a selected inner_fold k, samples with inner_fold=k are inner validation; all others are inner training."
S000418,ODIR,AMD_DRY,ODIR__AMD_DRY,4,train,4,"For a selected inner_fold k, samples with inner_fold=k are inner validation; all others are inner training."
S000419,ODIR,AMD_DRY,ODIR__AMD_DRY,4,train,2,"For a selected inner_fold k, samples with inner_fold=k are inner validation; all others are inner training."
S000420,ODIR,AMD_DRY,ODIR__AMD_DRY,4,train,1,"For a selected inner_fold k, samples with inner_fold=k are inner validation; all others are inner training."
S000421,ODIR,AMD_DRY,ODIR__AMD_DRY,4,train,3,"For a selected inner_fold k, samples with inner_fold=k are inner validation; all others are inner training."
S000422,ODIR,AMD_DRY,ODIR__AMD_DRY,4,train,2,"For a selected inner_fold k, samples with inner_fold=k are inner validation; all others are inner training."
S000423,ODIR,AMD_DRY,ODIR__AMD_DRY,4,train,2,"For a selected inner_fold k, samples with inner_fold=k are inner validation; all others are inner training."
S000425,ODIR,AMD_DRY,ODIR__AMD_DRY,4,train,1,"For a selected inner_fold k, samples with inner_fold=k are inner validation; all others are inner training."
S000426,ODIR,AMD_DRY,ODIR__AMD_DRY,4,train,4,"For a selected inner_fold k, samples with inner_fold=k are inner validation; all others are inner training."
S000427,ODIR,AMD_DRY,ODIR__AMD_DRY,4,train,1,"For a selected inner_fold k, samples with inner_fold=k are inner validation; all others are inner training."
S000429,ODIR,AMD_DRY,ODIR__AMD_DRY,4,train,4,"For a selected inner_fold k, samples with inner_fold=k are inner validation; all others are inner training."
S000430,ODIR,AMD_DRY,ODIR__AMD_DRY,4,train,4,"For a selected inner_fold k, samples with inner_fold=k are inner validation; all others are inner training."
S000431,ODIR,AMD_DRY,ODIR__AMD_DRY,4,train,1,"For a selected inner_fold k, samples with inner_fold=k are inner validation; all others are inner training."
S000432,ODIR,AMD_DRY,ODIR__AMD_DRY,4,train,3,"For a selected inner_fold k, samples with inner_fold=k are inner validation; all others are inner training."
S000433,ODIR,AMD_DRY,ODIR__AMD_DRY,4,train,3,"For a selected inner_fold k, samples with inner_fold=k are inner validation; all others are inner training."
S000435,ODIR,AMD_DRY,ODIR__AMD_DRY,4,train,2,"For a selected inner_fold k, samples with inner_fold=k are inner validation; all others are inner training."
S000436,ODIR,AMD_DRY,ODIR__AMD_DRY,4,train,1,"For a selected inner_fold k, samples with inner_fold=k are inner validation; all others are inner training."
S000437,ODIR,AMD_DRY,ODIR__AMD_DRY,4,train,3,"For a selected inner_fold k, samples with inner_fold=k are inner validation; all others are inner training."
S000438,ODIR,AMD_DRY,ODIR__AMD_DRY,4,train,3,"For a selected inner_fold k, samples with inner_fold=k are inner validation; all others are inner training."
S000439,ODIR,AMD_DRY,ODIR__AMD_DRY,4,train,4,"For a selected inner_fold k, samples with inner_fold=k are inner validation; all others are inner training."
S000440,ODIR,AMD_DRY,ODIR__AMD_DRY,4,train,3,"For a selected inner_fold k, samples with inner_fold=k are inner validation; all others are inner training."
S000441,ODIR,AMD_DRY,ODIR__AMD_DRY,4,train,3,"For a selected inner_fold k, samples with inner_fold=k are inner validation; all others are inner training."
S000442,ODIR,AMD_DRY,ODIR__AMD_DRY,4,train,2,"For a selected inner_fold k, samples with inner_fold=k are inner validation; all others are inner training."
S000443,ODIR,AMD_DRY,ODIR__AMD_DRY,4,train,2,"For a selected inner_fold k, samples with inner_fold=k are inner validation; all others are inner training."
S000444,ODIR,AMD_DRY,ODIR__AMD_DRY,4,train,2,"For a selected inner_fold k, samples with inner_fold=k are inner validation; all others are inner training."
S000446,ODIR,AMD_WET,ODIR__AMD_WET,4,train,1,"For a selected inner_fold k, samples with inner_fold=k are inner validation; all others are inner training."
S000447,ODIR,AMD_WET,ODIR__AMD_WET,4,train,3,"For a selected inner_fold k, samples with inner_fold=k are inner validation; all others are inner training."
S000448,ODIR,AMD_WET,ODIR__AMD_WET,4,train,2,"For a selected inner_fold k, samples with inner_fold=k are inner validation; all others are inner training."
S000449,ODIR,AMD_WET,ODIR__AMD_WET,4,train,1,"For a selected inner_fold k, samples with inner_fold=k are inner validation; all others are inner training."
S000450,ODIR,AMD_WET,ODIR__AMD_WET,4,train,3,"For a selected inner_fold k, samples with inner_fold=k are inner validation; all others are inner training."
S000451,ODIR,AMD_WET,ODIR__AMD_WET,4,train,2,"For a selected inner_fold k, samples with inner_fold=k are inner validation; all others are inner training."
S000452,ODIR,AMD_WET,ODIR__AMD_WET,4,train,2,"For a selected inner_fold k, samples with inner_fold=k are inner validation; all others are inner training."
S000453,ODIR,AMD_WET,ODIR__AMD_WET,4,train,2,"For a selected inner_fold k, samples with inner_fold=k are inner validation; all others are inner training."
S000454,ODIR,AMD_WET,ODIR__AMD_WET,4,train,4,"For a selected inner_fold k, samples with inner_fold=k are inner validation; all others are inner training."
S000455,ODIR,AMD_WET,ODIR__AMD_WET,4,train,4,"For a selected inner_fold k, samples with inner_fold=k are inner validation; all others are inner training."
S000457,ODIR,AMD_WET,ODIR__AMD_WET,4,train,3,"For a selected inner_fold k, samples with inner_fold=k are inner validation; all others are inner training."
S000458,ODIR,AMD_WET,ODIR__AMD_WET,4,train,1,"For a selected inner_fold k, samples with inner_fold=k are inner validation; all others are inner training."
S000459,ODIR,AMD_WET,ODIR__AMD_WET,4,train,4,"For a selected inner_fold k, samples with inner_fold=k are inner validation; all others are inner training."
S000460,ODIR,AMD_WET,ODIR__AMD_WET,4,train,2,"For a selected inner_fold k, samples with inner_fold=k are inner validation; all others are inner training."
S000461,ODIR,AMD_WET,ODIR__AMD_WET,4,train,1,"For a selected inner_fold k, samples with inner_fold=k are inner validation; all others are inner training."
S000462,ODIR,AMD_WET,ODIR__AMD_WET,4,train,4,"For a selected inner_fold k, samples with inner_fold=k are inner validation; all others are inner training."
S000464,ODIR,AMD_WET,ODIR__AMD_WET,4,train,3,"For a selected inner_fold k, samples with inner_fold=k are inner validation; all others are inner training."
S000465,ODIR,AMD_WET,ODIR__AMD_WET,4,train,4,"For a selected inner_fold k, samples with inner_fold=k are inner validation; all others are inner training."
S000467,ODIR,AMD_WET,ODIR__AMD_WET,4,train,3,"For a selected inner_fold k, samples with inner_fold=k are inner validation; all others are inner training."
S000469,ODIR,AMD_WET,ODIR__AMD_WET,4,train,1,"For a selected inner_fold k, samples with inner_fold=k are inner validation; all others are inner training."
S000471,ODIR,AMD_WET,ODIR__AMD_WET,4,train,3,"For a selected inner_fold k, samples with inner_fold=k are inner validation; all others are inner training."
S000472,ODIR,AMD_WET,ODIR__AMD_WET,4,train,2,"For a selected inner_fold k, samples with inner_fold=k are inner validation; all others are inner training."
S000473,RFMID,NORMAL,RFMID__NORMAL,4,train,3,"For a selected inner_fold k, samples with inner_fold=k are inner validation; all others are inner training."
S000474,RFMID,NORMAL,RFMID__NORMAL,4,train,2,"For a selected inner_fold k, samples with inner_fold=k are inner validation; all others are inner training."
S000475,RFMID,NORMAL,RFMID__NORMAL,4,train,3,"For a selected inner_fold k, samples with inner_fold=k are inner validation; all others are inner training."
S000477,RFMID,NORMAL,RFMID__NORMAL,4,train,1,"For a selected inner_fold k, samples with inner_fold=k are inner validation; all others are inner training."
S000478,RFMID,NORMAL,RFMID__NORMAL,4,train,2,"For a selected inner_fold k, samples with inner_fold=k are inner validation; all others are inner training."
S000479,RFMID,NORMAL,RFMID__NORMAL,4,train,3,"For a selected inner_fold k, samples with inner_fold=k are inner validation; all others are inner training."
S000480,RFMID,NORMAL,RFMID__NORMAL,4,train,4,"For a selected inner_fold k, samples with inner_fold=k are inner validation; all others are inner training."
S000481,RFMID,NORMAL,RFMID__NORMAL,4,train,1,"For a selected inner_fold k, samples with inner_fold=k are inner validation; all others are inner training."
S000482,RFMID,NORMAL,RFMID__NORMAL,4,train,4,"For a selected inner_fold k, samples with inner_fold=k are inner validation; all others are inner training."
S000483,RFMID,NORMAL,RFMID__NORMAL,4,train,2,"For a selected inner_fold k, samples with inner_fold=k are inner validation; all others are inner training."
S000484,RFMID,NORMAL,RFMID__NORMAL,4,train,1,"For a selected inner_fold k, samples with inner_fold=k are inner validation; all others are inner training."
S000485,RFMID,NORMAL,RFMID__NORMAL,4,train,4,"For a selected inner_fold k, samples with inner_fold=k are inner validation; all others are inner training."
S000487,RFMID,NORMAL,RFMID__NORMAL,4,train,3,"For a selected inner_fold k, samples with inner_fold=k are inner validation; all others are inner training."
S000489,RFMID,NORMAL,RFMID__NORMAL,4,train,3,"For a selected inner_fold k, samples with inner_fold=k are inner validation; all others are inner training."
S000490,RFMID,NORMAL,RFMID__NORMAL,4,train,3,"For a selected inner_fold k, samples with inner_fold=k are inner validation; all others are inner training."
S000491,RFMID,NORMAL,RFMID__NORMAL,4,train,4,"For a selected inner_fold k, samples with inner_fold=k are inner validation; all others are inner training."
S000493,RFMID,NORMAL,RFMID__NORMAL,4,train,2,"For a selected inner_fold k, samples with inner_fold=k are inner validation; all others are inner training."
S000494,RFMID,NORMAL,RFMID__NORMAL,4,train,4,"For a selected inner_fold k, samples with inner_fold=k are inner validation; all others are inner training."
S000495,RFMID,NORMAL,RFMID__NORMAL,4,train,2,"For a selected inner_fold k, samples with inner_fold=k are inner validation; all others are inner training."
S000496,RFMID,NORMAL,RFMID__NORMAL,4,train,2,"For a selected inner_fold k, samples with inner_fold=k are inner validation; all others are inner training."
S000497,RFMID,NORMAL,RFMID__NORMAL,4,train,2,"For a selected inner_fold k, samples with inner_fold=k are inner validation; all others are inner training."
S000498,RFMID,NORMAL,RFMID__NORMAL,4,train,3,"For a selected inner_fold k, samples with inner_fold=k are inner validation; all others are inner training."
S000499,RFMID,NORMAL,RFMID__NORMAL,4,train,4,"For a selected inner_fold k, samples with inner_fold=k are inner validation; all others are inner training."
S000500,RFMID,NORMAL,RFMID__NORMAL,4,train,3,"For a selected inner_fold k, samples with inner_fold=k are inner validation; all others are inner training."
S000502,RFMID,NORMAL,RFMID__NORMAL,4,train,2,"For a selected inner_fold k, samples with inner_fold=k are inner validation; all others are inner training."
S000503,RFMID,NORMAL,RFMID__NORMAL,4,train,3,"For a selected inner_fold k, samples with inner_fold=k are inner validation; all others are inner training."
S000504,RFMID,NORMAL,RFMID__NORMAL,4,train,1,"For a selected inner_fold k, samples with inner_fold=k are inner validation; all others are inner training."
S000505,RFMID,NORMAL,RFMID__NORMAL,4,train,2,"For a selected inner_fold k, samples with inner_fold=k are inner validation; all others are inner training."
S000506,RFMID,NORMAL,RFMID__NORMAL,4,train,3,"For a selected inner_fold k, samples with inner_fold=k are inner validation; all others are inner training."
S000507,RFMID,NORMAL,RFMID__NORMAL,4,train,2,"For a selected inner_fold k, samples with inner_fold=k are inner validation; all others are inner training."
S000508,RFMID,NORMAL,RFMID__NORMAL,4,train,4,"For a selected inner_fold k, samples with inner_fold=k are inner validation; all others are inner training."
S000509,RFMID,NORMAL,RFMID__NORMAL,4,train,1,"For a selected inner_fold k, samples with inner_fold=k are inner validation; all others are inner training."
S000510,RFMID,NORMAL,RFMID__NORMAL,4,train,1,"For a selected inner_fold k, samples with inner_fold=k are inner validation; all others are inner training."
S000512,RFMID,NORMAL,RFMID__NORMAL,4,train,1,"For a selected inner_fold k, samples with inner_fold=k are inner validation; all others are inner training."
S000513,RFMID,NORMAL,RFMID__NORMAL,4,train,3,"For a selected inner_fold k, samples with inner_fold=k are inner validation; all others are inner training."
S000514,RFMID,NORMAL,RFMID__NORMAL,4,train,2,"For a selected inner_fold k, samples with inner_fold=k are inner validation; all others are inner training."
S000515,RFMID,NORMAL,RFMID__NORMAL,4,train,2,"For a selected inner_fold k, samples with inner_fold=k are inner validation; all others are inner training."
S000516,RFMID,NORMAL,RFMID__NORMAL,4,train,4,"For a selected inner_fold k, samples with inner_fold=k are inner validation; all others are inner training."
S000517,RFMID,NORMAL,RFMID__NORMAL,4,train,1,"For a selected inner_fold k, samples with inner_fold=k are inner validation; all others are inner training."
S000518,RFMID,NORMAL,RFMID__NORMAL,4,train,3,"For a selected inner_fold k, samples with inner_fold=k are inner validation; all others are inner training."
S000519,RFMID,NORMAL,RFMID__NORMAL,4,train,2,"For a selected inner_fold k, samples with inner_fold=k are inner validation; all others are inner training."
S000521,RFMID,NORMAL,RFMID__NORMAL,4,train,1,"For a selected inner_fold k, samples with inner_fold=k are inner validation; all others are inner training."
S000522,RFMID,NORMAL,RFMID__NORMAL,4,train,4,"For a selected inner_fold k, samples with inner_fold=k are inner validation; all others are inner training."
S000523,RFMID,NORMAL,RFMID__NORMAL,4,train,4,"For a selected inner_fold k, samples with inner_fold=k are inner validation; all others are inner training."
S000524,RFMID,NORMAL,RFMID__NORMAL,4,train,4,"For a selected inner_fold k, samples with inner_fold=k are inner validation; all others are inner training."
S000525,RFMID,NORMAL,RFMID__NORMAL,4,train,4,"For a selected inner_fold k, samples with inner_fold=k are inner validation; all others are inner training."
S000526,RFMID,NORMAL,RFMID__NORMAL,4,train,1,"For a selected inner_fold k, samples with inner_fold=k are inner validation; all others are inner training."
S000527,RFMID,NORMAL,RFMID__NORMAL,4,train,1,"For a selected inner_fold k, samples with inner_fold=k are inner validation; all others are inner training."
S000529,RFMID,NORMAL,RFMID__NORMAL,4,train,1,"For a selected inner_fold k, samples with inner_fold=k are inner validation; all others are inner training."
S000530,RFMID,NORMAL,RFMID__NORMAL,4,train,1,"For a selected inner_fold k, samples with inner_fold=k are inner validation; all others are inner training."
S000534,RFMID,NORMAL,RFMID__NORMAL,4,train,4,"For a selected inner_fold k, samples with inner_fold=k are inner validation; all others are inner training."
S000536,RFMID,AMD_DRY,RFMID__AMD_DRY,4,train,4,"For a selected inner_fold k, samples with inner_fold=k are inner validation; all others are inner training."
S000537,RFMID,AMD_DRY,RFMID__AMD_DRY,4,train,2,"For a selected inner_fold k, samples with inner_fold=k are inner validation; all others are inner training."
S000538,RFMID,AMD_DRY,RFMID__AMD_DRY,4,train,3,"For a selected inner_fold k, samples with inner_fold=k are inner validation; all others are inner training."
S000540,RFMID,AMD_DRY,RFMID__AMD_DRY,4,train,1,"For a selected inner_fold k, samples with inner_fold=k are inner validation; all others are inner training."
S000541,RFMID,AMD_DRY,RFMID__AMD_DRY,4,train,4,"For a selected inner_fold k, samples with inner_fold=k are inner validation; all others are inner training."
S000542,RFMID,AMD_DRY,RFMID__AMD_DRY,4,train,3,"For a selected inner_fold k, samples with inner_fold=k are inner validation; all others are inner training."
S000544,RFMID,AMD_WET,RFMID__AMD_WET,4,train,4,"For a selected inner_fold k, samples with inner_fold=k are inner validation; all others are inner training."
S000545,RFMID,AMD_WET,RFMID__AMD_WET,4,train,3,"For a selected inner_fold k, samples with inner_fold=k are inner validation; all others are inner training."
S000546,RFMID,AMD_WET,RFMID__AMD_WET,4,train,2,"For a selected inner_fold k, samples with inner_fold=k are inner validation; all others are inner training."
S000547,RFMID,AMD_WET,RFMID__AMD_WET,4,train,4,"For a selected inner_fold k, samples with inner_fold=k are inner validation; all others are inner training."
S000549,RFMID,AMD_WET,RFMID__AMD_WET,4,train,4,"For a selected inner_fold k, samples with inner_fold=k are inner validation; all others are inner training."
S000552,RFMID,AMD_WET,RFMID__AMD_WET,4,train,3,"For a selected inner_fold k, samples with inner_fold=k are inner validation; all others are inner training."
S000553,RFMID,AMD_WET,RFMID__AMD_WET,4,train,4,"For a selected inner_fold k, samples with inner_fold=k are inner validation; all others are inner training."
S000554,RFMID,AMD_WET,RFMID__AMD_WET,4,train,2,"For a selected inner_fold k, samples with inner_fold=k are inner validation; all others are inner training."
S000555,RFMID,AMD_WET,RFMID__AMD_WET,4,train,1,"For a selected inner_fold k, samples with inner_fold=k are inner validation; all others are inner training."
S000556,RFMID,AMD_WET,RFMID__AMD_WET,4,train,2,"For a selected inner_fold k, samples with inner_fold=k are inner validation; all others are inner training."
S000557,RFMID,AMD_WET,RFMID__AMD_WET,4,train,3,"For a selected inner_fold k, samples with inner_fold=k are inner validation; all others are inner training."
S000559,RFMID,AMD_WET,RFMID__AMD_WET,4,train,4,"For a selected inner_fold k, samples with inner_fold=k are inner validation; all others are inner training."
S000560,RFMID,AMD_WET,RFMID__AMD_WET,4,train,1,"For a selected inner_fold k, samples with inner_fold=k are inner validation; all others are inner training."
S000561,RFMID,AMD_WET,RFMID__AMD_WET,4,train,1,"For a selected inner_fold k, samples with inner_fold=k are inner validation; all others are inner training."
S000562,RFMID,AMD_WET,RFMID__AMD_WET,4,train,2,"For a selected inner_fold k, samples with inner_fold=k are inner validation; all others are inner training."
S000563,RFMID,AMD_WET,RFMID__AMD_WET,4,train,2,"For a selected inner_fold k, samples with inner_fold=k are inner validation; all others are inner training."
S000564,RFMID,AMD_WET,RFMID__AMD_WET,4,train,1,"For a selected inner_fold k, samples with inner_fold=k are inner validation; all others are inner training."
S000565,RFMID,AMD_WET,RFMID__AMD_WET,4,train,2,"For a selected inner_fold k, samples with inner_fold=k are inner validation; all others are inner training."
S000567,RFMID,AMD_WET,RFMID__AMD_WET,4,train,4,"For a selected inner_fold k, samples with inner_fold=k are inner validation; all others are inner training."
S000568,RFMID,AMD_WET,RFMID__AMD_WET,4,train,4,"For a selected inner_fold k, samples with inner_fold=k are inner validation; all others are inner training."
S000569,RFMID,AMD_WET,RFMID__AMD_WET,4,train,3,"For a selected inner_fold k, samples with inner_fold=k are inner validation; all others are inner training."
S000570,RFMID,AMD_WET,RFMID__AMD_WET,4,train,2,"For a selected inner_fold k, samples with inner_fold=k are inner validation; all others are inner training."
S000571,RFMID,AMD_WET,RFMID__AMD_WET,4,train,2,"For a selected inner_fold k, samples with inner_fold=k are inner validation; all others are inner training."
S000572,RFMID,AMD_WET,RFMID__AMD_WET,4,train,1,"For a selected inner_fold k, samples with inner_fold=k are inner validation; all others are inner training."
S000573,RFMID,AMD_WET,RFMID__AMD_WET,4,train,1,"For a selected inner_fold k, samples with inner_fold=k are inner validation; all others are inner training."
S000574,RFMID,AMD_WET,RFMID__AMD_WET,4,train,3,"For a selected inner_fold k, samples with inner_fold=k are inner validation; all others are inner training."
S000576,RFMID,AMD_WET,RFMID__AMD_WET,4,train,3,"For a selected inner_fold k, samples with inner_fold=k are inner validation; all others are inner training."
S000577,RFMID,AMD_WET,RFMID__AMD_WET,4,train,1,"For a selected inner_fold k, samples with inner_fold=k are inner validation; all others are inner training."
S000578,RFMID,AMD_WET,RFMID__AMD_WET,4,train,3,"For a selected inner_fold k, samples with inner_fold=k are inner validation; all others are inner training."
S000580,RFMID,AMD_WET,RFMID__AMD_WET,4,train,4,"For a selected inner_fold k, samples with inner_fold=k are inner validation; all others are inner training."
S000581,RFMID,AMD_WET,RFMID__AMD_WET,4,train,3,"For a selected inner_fold k, samples with inner_fold=k are inner validation; all others are inner training."
S000583,RFMID,AMD_WET,RFMID__AMD_WET,4,train,2,"For a selected inner_fold k, samples with inner_fold=k are inner validation; all others are inner training."
S000584,RFMID,AMD_WET,RFMID__AMD_WET,4,train,3,"For a selected inner_fold k, samples with inner_fold=k are inner validation; all others are inner training."
S000585,RFMID,AMD_WET,RFMID__AMD_WET,4,train,1,"For a selected inner_fold k, samples with inner_fold=k are inner validation; all others are inner training."
S000586,RFMID,AMD_WET,RFMID__AMD_WET,4,train,1,"For a selected inner_fold k, samples with inner_fold=k are inner validation; all others are inner training."
S000587,RFMID,AMD_WET,RFMID__AMD_WET,4,train,4,"For a selected inner_fold k, samples with inner_fold=k are inner validation; all others are inner training."
S000588,RFMID,AMD_WET,RFMID__AMD_WET,4,train,4,"For a selected inner_fold k, samples with inner_fold=k are inner validation; all others are inner training."
S000589,RFMID,AMD_WET,RFMID__AMD_WET,4,train,2,"For a selected inner_fold k, samples with inner_fold=k are inner validation; all others are inner training."
S000591,RFMID,AMD_WET,RFMID__AMD_WET,4,train,1,"For a selected inner_fold k, samples with inner_fold=k are inner validation; all others are inner training."
S000593,RFMID,AMD_WET,RFMID__AMD_WET,4,train,3,"For a selected inner_fold k, samples with inner_fold=k are inner validation; all others are inner training."
S000594,RFMID,AMD_WET,RFMID__AMD_WET,4,train,1,"For a selected inner_fold k, samples with inner_fold=k are inner validation; all others are inner training."
S000595,RFMID,AMD_WET,RFMID__AMD_WET,4,train,3,"For a selected inner_fold k, samples with inner_fold=k are inner validation; all others are inner training."
S000596,RFMID,AMD_WET,RFMID__AMD_WET,4,train,2,"For a selected inner_fold k, samples with inner_fold=k are inner validation; all others are inner training."
S000001,ADAM,AMD_DRY,ADAM__AMD_DRY,4,validation,,Outer validation sample; never used in inner tuning.
S000015,ADAM,AMD_DRY,ADAM__AMD_DRY,4,validation,,Outer validation sample; never used in inner tuning.
S000018,ADAM,AMD_DRY,ADAM__AMD_DRY,4,validation,,Outer validation sample; never used in inner tuning.
S000021,ADAM,AMD_DRY,ADAM__AMD_DRY,4,validation,,Outer validation sample; never used in inner tuning.
S000023,ADAM,AMD_DRY,ADAM__AMD_DRY,4,validation,,Outer validation sample; never used in inner tuning.
S000024,ADAM,AMD_DRY,ADAM__AMD_DRY,4,validation,,Outer validation sample; never used in inner tuning.
S000030,ADAM,AMD_DRY,ADAM__AMD_DRY,4,validation,,Outer validation sample; never used in inner tuning.
S000041,ADAM,AMD_WET,ADAM__AMD_WET,4,validation,,Outer validation sample; never used in inner tuning.
S000042,ADAM,AMD_WET,ADAM__AMD_WET,4,validation,,Outer validation sample; never used in inner tuning.
S000043,ADAM,AMD_WET,ADAM__AMD_WET,4,validation,,Outer validation sample; never used in inner tuning.
S000053,FIVES,NORMAL,FIVES__NORMAL,4,validation,,Outer validation sample; never used in inner tuning.
S000057,FIVES,NORMAL,FIVES__NORMAL,4,validation,,Outer validation sample; never used in inner tuning.
S000065,FIVES,NORMAL,FIVES__NORMAL,4,validation,,Outer validation sample; never used in inner tuning.
S000066,FIVES,NORMAL,FIVES__NORMAL,4,validation,,Outer validation sample; never used in inner tuning.
S000067,FIVES,NORMAL,FIVES__NORMAL,4,validation,,Outer validation sample; never used in inner tuning.
S000074,FIVES,NORMAL,FIVES__NORMAL,4,validation,,Outer validation sample; never used in inner tuning.
S000077,FIVES,NORMAL,FIVES__NORMAL,4,validation,,Outer validation sample; never used in inner tuning.
S000081,FIVES,NORMAL,FIVES__NORMAL,4,validation,,Outer validation sample; never used in inner tuning.
S000084,FIVES,NORMAL,FIVES__NORMAL,4,validation,,Outer validation sample; never used in inner tuning.
S000089,FIVES,NORMAL,FIVES__NORMAL,4,validation,,Outer validation sample; never used in inner tuning.
S000094,FIVES,NORMAL,FIVES__NORMAL,4,validation,,Outer validation sample; never used in inner tuning.
S000100,FIVES,NORMAL,FIVES__NORMAL,4,validation,,Outer validation sample; never used in inner tuning.
S000108,FIVES,NORMAL,FIVES__NORMAL,4,validation,,Outer validation sample; never used in inner tuning.
S000110,FIVES,NORMAL,FIVES__NORMAL,4,validation,,Outer validation sample; never used in inner tuning.
S000120,FIVES,NORMAL,FIVES__NORMAL,4,validation,,Outer validation sample; never used in inner tuning.
S000122,FIVES,NORMAL,FIVES__NORMAL,4,validation,,Outer validation sample; never used in inner tuning.
S000131,FIVES,NORMAL,FIVES__NORMAL,4,validation,,Outer validation sample; never used in inner tuning.
S000135,FIVES,NORMAL,FIVES__NORMAL,4,validation,,Outer validation sample; never used in inner tuning.
S000146,FIVES,NORMAL,FIVES__NORMAL,4,validation,,Outer validation sample; never used in inner tuning.
S000149,FIVES,NORMAL,FIVES__NORMAL,4,validation,,Outer validation sample; never used in inner tuning.
S000158,FIVES,AMD_DRY,FIVES__AMD_DRY,4,validation,,Outer validation sample; never used in inner tuning.
S000159,FIVES,AMD_DRY,FIVES__AMD_DRY,4,validation,,Outer validation sample; never used in inner tuning.
S000162,FIVES,AMD_DRY,FIVES__AMD_DRY,4,validation,,Outer validation sample; never used in inner tuning.
S000177,FIVES,AMD_WET,FIVES__AMD_WET,4,validation,,Outer validation sample; never used in inner tuning.
S000179,FIVES,AMD_WET,FIVES__AMD_WET,4,validation,,Outer validation sample; never used in inner tuning.
S000182,FIVES,AMD_WET,FIVES__AMD_WET,4,validation,,Outer validation sample; never used in inner tuning.
S000185,FIVES,AMD_WET,FIVES__AMD_WET,4,validation,,Outer validation sample; never used in inner tuning.
S000187,FIVES,AMD_WET,FIVES__AMD_WET,4,validation,,Outer validation sample; never used in inner tuning.
S000189,FIVES,AMD_WET,FIVES__AMD_WET,4,validation,,Outer validation sample; never used in inner tuning.
S000192,FIVES,AMD_WET,FIVES__AMD_WET,4,validation,,Outer validation sample; never used in inner tuning.
S000203,FIVES,AMD_WET,FIVES__AMD_WET,4,validation,,Outer validation sample; never used in inner tuning.
S000212,FIVES,AMD_WET,FIVES__AMD_WET,4,validation,,Outer validation sample; never used in inner tuning.
S000218,FIVES,AMD_WET,FIVES__AMD_WET,4,validation,,Outer validation sample; never used in inner tuning.
S000224,FIVES,AMD_WET,FIVES__AMD_WET,4,validation,,Outer validation sample; never used in inner tuning.
S000225,FIVES,AMD_WET,FIVES__AMD_WET,4,validation,,Outer validation sample; never used in inner tuning.
S000227,FIVES,AMD_WET,FIVES__AMD_WET,4,validation,,Outer validation sample; never used in inner tuning.
S000234,FIVES,AMD_WET,FIVES__AMD_WET,4,validation,,Outer validation sample; never used in inner tuning.
S000242,ODIR,NORMAL,ODIR__NORMAL,4,validation,,Outer validation sample; never used in inner tuning.
S000243,ODIR,NORMAL,ODIR__NORMAL,4,validation,,Outer validation sample; never used in inner tuning.
S000245,ODIR,NORMAL,ODIR__NORMAL,4,validation,,Outer validation sample; never used in inner tuning.
S000246,ODIR,NORMAL,ODIR__NORMAL,4,validation,,Outer validation sample; never used in inner tuning.
S000247,ODIR,NORMAL,ODIR__NORMAL,4,validation,,Outer validation sample; never used in inner tuning.
S000248,ODIR,NORMAL,ODIR__NORMAL,4,validation,,Outer validation sample; never used in inner tuning.
S000249,ODIR,NORMAL,ODIR__NORMAL,4,validation,,Outer validation sample; never used in inner tuning.
S000253,ODIR,NORMAL,ODIR__NORMAL,4,validation,,Outer validation sample; never used in inner tuning.
S000269,ODIR,NORMAL,ODIR__NORMAL,4,validation,,Outer validation sample; never used in inner tuning.
S000283,ODIR,NORMAL,ODIR__NORMAL,4,validation,,Outer validation sample; never used in inner tuning.
S000285,ODIR,NORMAL,ODIR__NORMAL,4,validation,,Outer validation sample; never used in inner tuning.
S000286,ODIR,NORMAL,ODIR__NORMAL,4,validation,,Outer validation sample; never used in inner tuning.
S000292,ODIR,NORMAL,ODIR__NORMAL,4,validation,,Outer validation sample; never used in inner tuning.
S000299,ODIR,NORMAL,ODIR__NORMAL,4,validation,,Outer validation sample; never used in inner tuning.
S000302,ODIR,NORMAL,ODIR__NORMAL,4,validation,,Outer validation sample; never used in inner tuning.
S000309,ODIR,NORMAL,ODIR__NORMAL,4,validation,,Outer validation sample; never used in inner tuning.
S000314,ODIR,NORMAL,ODIR__NORMAL,4,validation,,Outer validation sample; never used in inner tuning.
S000316,ODIR,NORMAL,ODIR__NORMAL,4,validation,,Outer validation sample; never used in inner tuning.
S000323,ODIR,NORMAL,ODIR__NORMAL,4,validation,,Outer validation sample; never used in inner tuning.
S000330,ODIR,NORMAL,ODIR__NORMAL,4,validation,,Outer validation sample; never used in inner tuning.
S000336,ODIR,NORMAL,ODIR__NORMAL,4,validation,,Outer validation sample; never used in inner tuning.
S000337,ODIR,NORMAL,ODIR__NORMAL,4,validation,,Outer validation sample; never used in inner tuning.
S000353,ODIR,NORMAL,ODIR__NORMAL,4,validation,,Outer validation sample; never used in inner tuning.
S000360,ODIR,NORMAL,ODIR__NORMAL,4,validation,,Outer validation sample; never used in inner tuning.
S000363,ODIR,NORMAL,ODIR__NORMAL,4,validation,,Outer validation sample; never used in inner tuning.
S000364,ODIR,AMD_DRY,ODIR__AMD_DRY,4,validation,,Outer validation sample; never used in inner tuning.
S000365,ODIR,AMD_DRY,ODIR__AMD_DRY,4,validation,,Outer validation sample; never used in inner tuning.
S000371,ODIR,AMD_DRY,ODIR__AMD_DRY,4,validation,,Outer validation sample; never used in inner tuning.
S000372,ODIR,AMD_DRY,ODIR__AMD_DRY,4,validation,,Outer validation sample; never used in inner tuning.
S000391,ODIR,AMD_DRY,ODIR__AMD_DRY,4,validation,,Outer validation sample; never used in inner tuning.
S000392,ODIR,AMD_DRY,ODIR__AMD_DRY,4,validation,,Outer validation sample; never used in inner tuning.
S000395,ODIR,AMD_DRY,ODIR__AMD_DRY,4,validation,,Outer validation sample; never used in inner tuning.
S000396,ODIR,AMD_DRY,ODIR__AMD_DRY,4,validation,,Outer validation sample; never used in inner tuning.
S000398,ODIR,AMD_DRY,ODIR__AMD_DRY,4,validation,,Outer validation sample; never used in inner tuning.
S000404,ODIR,AMD_DRY,ODIR__AMD_DRY,4,validation,,Outer validation sample; never used in inner tuning.
S000406,ODIR,AMD_DRY,ODIR__AMD_DRY,4,validation,,Outer validation sample; never used in inner tuning.
S000407,ODIR,AMD_DRY,ODIR__AMD_DRY,4,validation,,Outer validation sample; never used in inner tuning.
S000409,ODIR,AMD_DRY,ODIR__AMD_DRY,4,validation,,Outer validation sample; never used in inner tuning.
S000424,ODIR,AMD_DRY,ODIR__AMD_DRY,4,validation,,Outer validation sample; never used in inner tuning.
S000428,ODIR,AMD_DRY,ODIR__AMD_DRY,4,validation,,Outer validation sample; never used in inner tuning.
S000434,ODIR,AMD_DRY,ODIR__AMD_DRY,4,validation,,Outer validation sample; never used in inner tuning.
S000445,ODIR,AMD_WET,ODIR__AMD_WET,4,validation,,Outer validation sample; never used in inner tuning.
S000456,ODIR,AMD_WET,ODIR__AMD_WET,4,validation,,Outer validation sample; never used in inner tuning.
S000463,ODIR,AMD_WET,ODIR__AMD_WET,4,validation,,Outer validation sample; never used in inner tuning.
S000466,ODIR,AMD_WET,ODIR__AMD_WET,4,validation,,Outer validation sample; never used in inner tuning.
S000468,ODIR,AMD_WET,ODIR__AMD_WET,4,validation,,Outer validation sample; never used in inner tuning.
S000470,ODIR,AMD_WET,ODIR__AMD_WET,4,validation,,Outer validation sample; never used in inner tuning.
S000476,RFMID,NORMAL,RFMID__NORMAL,4,validation,,Outer validation sample; never used in inner tuning.
S000486,RFMID,NORMAL,RFMID__NORMAL,4,validation,,Outer validation sample; never used in inner tuning.
S000488,RFMID,NORMAL,RFMID__NORMAL,4,validation,,Outer validation sample; never used in inner tuning.
S000492,RFMID,NORMAL,RFMID__NORMAL,4,validation,,Outer validation sample; never used in inner tuning.
S000501,RFMID,NORMAL,RFMID__NORMAL,4,validation,,Outer validation sample; never used in inner tuning.
S000511,RFMID,NORMAL,RFMID__NORMAL,4,validation,,Outer validation sample; never used in inner tuning.
S000520,RFMID,NORMAL,RFMID__NORMAL,4,validation,,Outer validation sample; never used in inner tuning.
S000528,RFMID,NORMAL,RFMID__NORMAL,4,validation,,Outer validation sample; never used in inner tuning.
S000531,RFMID,NORMAL,RFMID__NORMAL,4,validation,,Outer validation sample; never used in inner tuning.
S000532,RFMID,NORMAL,RFMID__NORMAL,4,validation,,Outer validation sample; never used in inner tuning.
S000533,RFMID,NORMAL,RFMID__NORMAL,4,validation,,Outer validation sample; never used in inner tuning.
S000535,RFMID,NORMAL,RFMID__NORMAL,4,validation,,Outer validation sample; never used in inner tuning.
S000539,RFMID,AMD_DRY,RFMID__AMD_DRY,4,validation,,Outer validation sample; never used in inner tuning.
S000543,RFMID,AMD_DRY,RFMID__AMD_DRY,4,validation,,Outer validation sample; never used in inner tuning.
S000548,RFMID,AMD_WET,RFMID__AMD_WET,4,validation,,Outer validation sample; never used in inner tuning.
S000550,RFMID,AMD_WET,RFMID__AMD_WET,4,validation,,Outer validation sample; never used in inner tuning.
S000551,RFMID,AMD_WET,RFMID__AMD_WET,4,validation,,Outer validation sample; never used in inner tuning.
S000558,RFMID,AMD_WET,RFMID__AMD_WET,4,validation,,Outer validation sample; never used in inner tuning.
S000566,RFMID,AMD_WET,RFMID__AMD_WET,4,validation,,Outer validation sample; never used in inner tuning.
S000575,RFMID,AMD_WET,RFMID__AMD_WET,4,validation,,Outer validation sample; never used in inner tuning.
S000579,RFMID,AMD_WET,RFMID__AMD_WET,4,validation,,Outer validation sample; never used in inner tuning.
S000582,RFMID,AMD_WET,RFMID__AMD_WET,4,validation,,Outer validation sample; never used in inner tuning.
S000590,RFMID,AMD_WET,RFMID__AMD_WET,4,validation,,Outer validation sample; never used in inner tuning.
S000592,RFMID,AMD_WET,RFMID__AMD_WET,4,validation,,Outer validation sample; never used in inner tuning.
S000597,RFMID,AMD_WET,RFMID__AMD_WET,4,validation,,Outer validation sample; never used in inner tuning.
S000001,ADAM,AMD_DRY,ADAM__AMD_DRY,5,train,4,"For a selected inner_fold k, samples with inner_fold=k are inner validation; all others are inner training."
S000002,ADAM,AMD_DRY,ADAM__AMD_DRY,5,train,4,"For a selected inner_fold k, samples with inner_fold=k are inner validation; all others are inner training."
S000003,ADAM,AMD_DRY,ADAM__AMD_DRY,5,train,3,"For a selected inner_fold k, samples with inner_fold=k are inner validation; all others are inner training."
S000005,ADAM,AMD_DRY,ADAM__AMD_DRY,5,train,4,"For a selected inner_fold k, samples with inner_fold=k are inner validation; all others are inner training."
S000006,ADAM,AMD_DRY,ADAM__AMD_DRY,5,train,3,"For a selected inner_fold k, samples with inner_fold=k are inner validation; all others are inner training."
S000009,ADAM,AMD_DRY,ADAM__AMD_DRY,5,train,2,"For a selected inner_fold k, samples with inner_fold=k are inner validation; all others are inner training."
S000010,ADAM,AMD_DRY,ADAM__AMD_DRY,5,train,2,"For a selected inner_fold k, samples with inner_fold=k are inner validation; all others are inner training."
S000011,ADAM,AMD_DRY,ADAM__AMD_DRY,5,train,1,"For a selected inner_fold k, samples with inner_fold=k are inner validation; all others are inner training."
S000012,ADAM,AMD_DRY,ADAM__AMD_DRY,5,train,2,"For a selected inner_fold k, samples with inner_fold=k are inner validation; all others are inner training."
S000013,ADAM,AMD_DRY,ADAM__AMD_DRY,5,train,2,"For a selected inner_fold k, samples with inner_fold=k are inner validation; all others are inner training."
S000014,ADAM,AMD_DRY,ADAM__AMD_DRY,5,train,1,"For a selected inner_fold k, samples with inner_fold=k are inner validation; all others are inner training."
S000015,ADAM,AMD_DRY,ADAM__AMD_DRY,5,train,1,"For a selected inner_fold k, samples with inner_fold=k are inner validation; all others are inner training."
S000016,ADAM,AMD_DRY,ADAM__AMD_DRY,5,train,2,"For a selected inner_fold k, samples with inner_fold=k are inner validation; all others are inner training."
S000018,ADAM,AMD_DRY,ADAM__AMD_DRY,5,train,4,"For a selected inner_fold k, samples with inner_fold=k are inner validation; all others are inner training."
S000019,ADAM,AMD_DRY,ADAM__AMD_DRY,5,train,1,"For a selected inner_fold k, samples with inner_fold=k are inner validation; all others are inner training."
S000020,ADAM,AMD_DRY,ADAM__AMD_DRY,5,train,1,"For a selected inner_fold k, samples with inner_fold=k are inner validation; all others are inner training."
S000021,ADAM,AMD_DRY,ADAM__AMD_DRY,5,train,3,"For a selected inner_fold k, samples with inner_fold=k are inner validation; all others are inner training."
S000023,ADAM,AMD_DRY,ADAM__AMD_DRY,5,train,3,"For a selected inner_fold k, samples with inner_fold=k are inner validation; all others are inner training."
S000024,ADAM,AMD_DRY,ADAM__AMD_DRY,5,train,1,"For a selected inner_fold k, samples with inner_fold=k are inner validation; all others are inner training."
S000025,ADAM,AMD_DRY,ADAM__AMD_DRY,5,train,3,"For a selected inner_fold k, samples with inner_fold=k are inner validation; all others are inner training."
S000026,ADAM,AMD_DRY,ADAM__AMD_DRY,5,train,1,"For a selected inner_fold k, samples with inner_fold=k are inner validation; all others are inner training."
S000027,ADAM,AMD_DRY,ADAM__AMD_DRY,5,train,3,"For a selected inner_fold k, samples with inner_fold=k are inner validation; all others are inner training."
S000028,ADAM,AMD_DRY,ADAM__AMD_DRY,5,train,2,"For a selected inner_fold k, samples with inner_fold=k are inner validation; all others are inner training."
S000030,ADAM,AMD_DRY,ADAM__AMD_DRY,5,train,3,"For a selected inner_fold k, samples with inner_fold=k are inner validation; all others are inner training."
S000031,ADAM,AMD_DRY,ADAM__AMD_DRY,5,train,2,"For a selected inner_fold k, samples with inner_fold=k are inner validation; all others are inner training."
S000032,ADAM,AMD_DRY,ADAM__AMD_DRY,5,train,4,"For a selected inner_fold k, samples with inner_fold=k are inner validation; all others are inner training."
S000033,ADAM,AMD_DRY,ADAM__AMD_DRY,5,train,4,"For a selected inner_fold k, samples with inner_fold=k are inner validation; all others are inner training."
S000034,ADAM,AMD_DRY,ADAM__AMD_DRY,5,train,4,"For a selected inner_fold k, samples with inner_fold=k are inner validation; all others are inner training."
S000036,ADAM,AMD_WET,ADAM__AMD_WET,5,train,2,"For a selected inner_fold k, samples with inner_fold=k are inner validation; all others are inner training."
S000037,ADAM,AMD_WET,ADAM__AMD_WET,5,train,1,"For a selected inner_fold k, samples with inner_fold=k are inner validation; all others are inner training."
S000038,ADAM,AMD_WET,ADAM__AMD_WET,5,train,3,"For a selected inner_fold k, samples with inner_fold=k are inner validation; all others are inner training."
S000039,ADAM,AMD_WET,ADAM__AMD_WET,5,train,3,"For a selected inner_fold k, samples with inner_fold=k are inner validation; all others are inner training."
S000040,ADAM,AMD_WET,ADAM__AMD_WET,5,train,3,"For a selected inner_fold k, samples with inner_fold=k are inner validation; all others are inner training."
S000041,ADAM,AMD_WET,ADAM__AMD_WET,5,train,2,"For a selected inner_fold k, samples with inner_fold=k are inner validation; all others are inner training."
S000042,ADAM,AMD_WET,ADAM__AMD_WET,5,train,4,"For a selected inner_fold k, samples with inner_fold=k are inner validation; all others are inner training."
S000043,ADAM,AMD_WET,ADAM__AMD_WET,5,train,2,"For a selected inner_fold k, samples with inner_fold=k are inner validation; all others are inner training."
S000044,ADAM,AMD_WET,ADAM__AMD_WET,5,train,1,"For a selected inner_fold k, samples with inner_fold=k are inner validation; all others are inner training."
S000045,ADAM,AMD_WET,ADAM__AMD_WET,5,train,4,"For a selected inner_fold k, samples with inner_fold=k are inner validation; all others are inner training."
S000047,ADAM,AMD_WET,ADAM__AMD_WET,5,train,1,"For a selected inner_fold k, samples with inner_fold=k are inner validation; all others are inner training."
S000049,ADAM,AMD_WET,ADAM__AMD_WET,5,train,2,"For a selected inner_fold k, samples with inner_fold=k are inner validation; all others are inner training."
S000050,ADAM,AMD_WET,ADAM__AMD_WET,5,train,1,"For a selected inner_fold k, samples with inner_fold=k are inner validation; all others are inner training."
S000051,ADAM,AMD_WET,ADAM__AMD_WET,5,train,4,"For a selected inner_fold k, samples with inner_fold=k are inner validation; all others are inner training."
S000053,FIVES,NORMAL,FIVES__NORMAL,5,train,3,"For a selected inner_fold k, samples with inner_fold=k are inner validation; all others are inner training."
S000054,FIVES,NORMAL,FIVES__NORMAL,5,train,1,"For a selected inner_fold k, samples with inner_fold=k are inner validation; all others are inner training."
S000057,FIVES,NORMAL,FIVES__NORMAL,5,train,1,"For a selected inner_fold k, samples with inner_fold=k are inner validation; all others are inner training."
S000058,FIVES,NORMAL,FIVES__NORMAL,5,train,2,"For a selected inner_fold k, samples with inner_fold=k are inner validation; all others are inner training."
S000059,FIVES,NORMAL,FIVES__NORMAL,5,train,2,"For a selected inner_fold k, samples with inner_fold=k are inner validation; all others are inner training."
S000060,FIVES,NORMAL,FIVES__NORMAL,5,train,2,"For a selected inner_fold k, samples with inner_fold=k are inner validation; all others are inner training."
S000061,FIVES,NORMAL,FIVES__NORMAL,5,train,1,"For a selected inner_fold k, samples with inner_fold=k are inner validation; all others are inner training."
S000062,FIVES,NORMAL,FIVES__NORMAL,5,train,3,"For a selected inner_fold k, samples with inner_fold=k are inner validation; all others are inner training."
S000063,FIVES,NORMAL,FIVES__NORMAL,5,train,1,"For a selected inner_fold k, samples with inner_fold=k are inner validation; all others are inner training."
S000064,FIVES,NORMAL,FIVES__NORMAL,5,train,4,"For a selected inner_fold k, samples with inner_fold=k are inner validation; all others are inner training."
S000065,FIVES,NORMAL,FIVES__NORMAL,5,train,4,"For a selected inner_fold k, samples with inner_fold=k are inner validation; all others are inner training."
S000066,FIVES,NORMAL,FIVES__NORMAL,5,train,3,"For a selected inner_fold k, samples with inner_fold=k are inner validation; all others are inner training."
S000067,FIVES,NORMAL,FIVES__NORMAL,5,train,4,"For a selected inner_fold k, samples with inner_fold=k are inner validation; all others are inner training."
S000068,FIVES,NORMAL,FIVES__NORMAL,5,train,2,"For a selected inner_fold k, samples with inner_fold=k are inner validation; all others are inner training."
S000069,FIVES,NORMAL,FIVES__NORMAL,5,train,3,"For a selected inner_fold k, samples with inner_fold=k are inner validation; all others are inner training."
S000070,FIVES,NORMAL,FIVES__NORMAL,5,train,2,"For a selected inner_fold k, samples with inner_fold=k are inner validation; all others are inner training."
S000071,FIVES,NORMAL,FIVES__NORMAL,5,train,1,"For a selected inner_fold k, samples with inner_fold=k are inner validation; all others are inner training."
S000072,FIVES,NORMAL,FIVES__NORMAL,5,train,4,"For a selected inner_fold k, samples with inner_fold=k are inner validation; all others are inner training."
S000073,FIVES,NORMAL,FIVES__NORMAL,5,train,4,"For a selected inner_fold k, samples with inner_fold=k are inner validation; all others are inner training."
S000074,FIVES,NORMAL,FIVES__NORMAL,5,train,4,"For a selected inner_fold k, samples with inner_fold=k are inner validation; all others are inner training."
S000075,FIVES,NORMAL,FIVES__NORMAL,5,train,2,"For a selected inner_fold k, samples with inner_fold=k are inner validation; all others are inner training."
S000076,FIVES,NORMAL,FIVES__NORMAL,5,train,3,"For a selected inner_fold k, samples with inner_fold=k are inner validation; all others are inner training."
S000077,FIVES,NORMAL,FIVES__NORMAL,5,train,4,"For a selected inner_fold k, samples with inner_fold=k are inner validation; all others are inner training."
S000080,FIVES,NORMAL,FIVES__NORMAL,5,train,2,"For a selected inner_fold k, samples with inner_fold=k are inner validation; all others are inner training."
S000081,FIVES,NORMAL,FIVES__NORMAL,5,train,2,"For a selected inner_fold k, samples with inner_fold=k are inner validation; all others are inner training."
S000082,FIVES,NORMAL,FIVES__NORMAL,5,train,4,"For a selected inner_fold k, samples with inner_fold=k are inner validation; all others are inner training."
S000083,FIVES,NORMAL,FIVES__NORMAL,5,train,3,"For a selected inner_fold k, samples with inner_fold=k are inner validation; all others are inner training."
S000084,FIVES,NORMAL,FIVES__NORMAL,5,train,4,"For a selected inner_fold k, samples with inner_fold=k are inner validation; all others are inner training."
S000085,FIVES,NORMAL,FIVES__NORMAL,5,train,1,"For a selected inner_fold k, samples with inner_fold=k are inner validation; all others are inner training."
S000086,FIVES,NORMAL,FIVES__NORMAL,5,train,4,"For a selected inner_fold k, samples with inner_fold=k are inner validation; all others are inner training."
S000087,FIVES,NORMAL,FIVES__NORMAL,5,train,4,"For a selected inner_fold k, samples with inner_fold=k are inner validation; all others are inner training."
S000089,FIVES,NORMAL,FIVES__NORMAL,5,train,3,"For a selected inner_fold k, samples with inner_fold=k are inner validation; all others are inner training."
S000090,FIVES,NORMAL,FIVES__NORMAL,5,train,2,"For a selected inner_fold k, samples with inner_fold=k are inner validation; all others are inner training."
S000091,FIVES,NORMAL,FIVES__NORMAL,5,train,2,"For a selected inner_fold k, samples with inner_fold=k are inner validation; all others are inner training."
S000092,FIVES,NORMAL,FIVES__NORMAL,5,train,3,"For a selected inner_fold k, samples with inner_fold=k are inner validation; all others are inner training."
S000093,FIVES,NORMAL,FIVES__NORMAL,5,train,3,"For a selected inner_fold k, samples with inner_fold=k are inner validation; all others are inner training."
S000094,FIVES,NORMAL,FIVES__NORMAL,5,train,4,"For a selected inner_fold k, samples with inner_fold=k are inner validation; all others are inner training."
S000098,FIVES,NORMAL,FIVES__NORMAL,5,train,1,"For a selected inner_fold k, samples with inner_fold=k are inner validation; all others are inner training."
S000099,FIVES,NORMAL,FIVES__NORMAL,5,train,3,"For a selected inner_fold k, samples with inner_fold=k are inner validation; all others are inner training."
S000100,FIVES,NORMAL,FIVES__NORMAL,5,train,1,"For a selected inner_fold k, samples with inner_fold=k are inner validation; all others are inner training."
S000101,FIVES,NORMAL,FIVES__NORMAL,5,train,4,"For a selected inner_fold k, samples with inner_fold=k are inner validation; all others are inner training."
S000102,FIVES,NORMAL,FIVES__NORMAL,5,train,1,"For a selected inner_fold k, samples with inner_fold=k are inner validation; all others are inner training."
S000104,FIVES,NORMAL,FIVES__NORMAL,5,train,2,"For a selected inner_fold k, samples with inner_fold=k are inner validation; all others are inner training."
S000105,FIVES,NORMAL,FIVES__NORMAL,5,train,1,"For a selected inner_fold k, samples with inner_fold=k are inner validation; all others are inner training."
S000106,FIVES,NORMAL,FIVES__NORMAL,5,train,3,"For a selected inner_fold k, samples with inner_fold=k are inner validation; all others are inner training."
S000107,FIVES,NORMAL,FIVES__NORMAL,5,train,3,"For a selected inner_fold k, samples with inner_fold=k are inner validation; all others are inner training."
S000108,FIVES,NORMAL,FIVES__NORMAL,5,train,1,"For a selected inner_fold k, samples with inner_fold=k are inner validation; all others are inner training."
S000110,FIVES,NORMAL,FIVES__NORMAL,5,train,3,"For a selected inner_fold k, samples with inner_fold=k are inner validation; all others are inner training."
S000111,FIVES,NORMAL,FIVES__NORMAL,5,train,4,"For a selected inner_fold k, samples with inner_fold=k are inner validation; all others are inner training."
S000112,FIVES,NORMAL,FIVES__NORMAL,5,train,2,"For a selected inner_fold k, samples with inner_fold=k are inner validation; all others are inner training."
S000113,FIVES,NORMAL,FIVES__NORMAL,5,train,1,"For a selected inner_fold k, samples with inner_fold=k are inner validation; all others are inner training."
S000114,FIVES,NORMAL,FIVES__NORMAL,5,train,1,"For a selected inner_fold k, samples with inner_fold=k are inner validation; all others are inner training."
S000115,FIVES,NORMAL,FIVES__NORMAL,5,train,2,"For a selected inner_fold k, samples with inner_fold=k are inner validation; all others are inner training."
S000116,FIVES,NORMAL,FIVES__NORMAL,5,train,2,"For a selected inner_fold k, samples with inner_fold=k are inner validation; all others are inner training."
S000120,FIVES,NORMAL,FIVES__NORMAL,5,train,1,"For a selected inner_fold k, samples with inner_fold=k are inner validation; all others are inner training."
S000121,FIVES,NORMAL,FIVES__NORMAL,5,train,4,"For a selected inner_fold k, samples with inner_fold=k are inner validation; all others are inner training."
S000122,FIVES,NORMAL,FIVES__NORMAL,5,train,1,"For a selected inner_fold k, samples with inner_fold=k are inner validation; all others are inner training."
S000123,FIVES,NORMAL,FIVES__NORMAL,5,train,4,"For a selected inner_fold k, samples with inner_fold=k are inner validation; all others are inner training."
S000124,FIVES,NORMAL,FIVES__NORMAL,5,train,3,"For a selected inner_fold k, samples with inner_fold=k are inner validation; all others are inner training."
S000126,FIVES,NORMAL,FIVES__NORMAL,5,train,2,"For a selected inner_fold k, samples with inner_fold=k are inner validation; all others are inner training."
S000127,FIVES,NORMAL,FIVES__NORMAL,5,train,4,"For a selected inner_fold k, samples with inner_fold=k are inner validation; all others are inner training."
S000129,FIVES,NORMAL,FIVES__NORMAL,5,train,4,"For a selected inner_fold k, samples with inner_fold=k are inner validation; all others are inner training."
S000131,FIVES,NORMAL,FIVES__NORMAL,5,train,1,"For a selected inner_fold k, samples with inner_fold=k are inner validation; all others are inner training."
S000132,FIVES,NORMAL,FIVES__NORMAL,5,train,3,"For a selected inner_fold k, samples with inner_fold=k are inner validation; all others are inner training."
S000134,FIVES,NORMAL,FIVES__NORMAL,5,train,1,"For a selected inner_fold k, samples with inner_fold=k are inner validation; all others are inner training."
S000135,FIVES,NORMAL,FIVES__NORMAL,5,train,4,"For a selected inner_fold k, samples with inner_fold=k are inner validation; all others are inner training."
S000136,FIVES,NORMAL,FIVES__NORMAL,5,train,3,"For a selected inner_fold k, samples with inner_fold=k are inner validation; all others are inner training."
S000137,FIVES,NORMAL,FIVES__NORMAL,5,train,1,"For a selected inner_fold k, samples with inner_fold=k are inner validation; all others are inner training."
S000138,FIVES,NORMAL,FIVES__NORMAL,5,train,3,"For a selected inner_fold k, samples with inner_fold=k are inner validation; all others are inner training."
S000139,FIVES,NORMAL,FIVES__NORMAL,5,train,4,"For a selected inner_fold k, samples with inner_fold=k are inner validation; all others are inner training."
S000140,FIVES,NORMAL,FIVES__NORMAL,5,train,3,"For a selected inner_fold k, samples with inner_fold=k are inner validation; all others are inner training."
S000142,FIVES,NORMAL,FIVES__NORMAL,5,train,1,"For a selected inner_fold k, samples with inner_fold=k are inner validation; all others are inner training."
S000143,FIVES,NORMAL,FIVES__NORMAL,5,train,2,"For a selected inner_fold k, samples with inner_fold=k are inner validation; all others are inner training."
S000144,FIVES,NORMAL,FIVES__NORMAL,5,train,1,"For a selected inner_fold k, samples with inner_fold=k are inner validation; all others are inner training."
S000146,FIVES,NORMAL,FIVES__NORMAL,5,train,3,"For a selected inner_fold k, samples with inner_fold=k are inner validation; all others are inner training."
S000147,FIVES,NORMAL,FIVES__NORMAL,5,train,2,"For a selected inner_fold k, samples with inner_fold=k are inner validation; all others are inner training."
S000148,FIVES,NORMAL,FIVES__NORMAL,5,train,2,"For a selected inner_fold k, samples with inner_fold=k are inner validation; all others are inner training."
S000149,FIVES,NORMAL,FIVES__NORMAL,5,train,3,"For a selected inner_fold k, samples with inner_fold=k are inner validation; all others are inner training."
S000150,FIVES,NORMAL,FIVES__NORMAL,5,train,2,"For a selected inner_fold k, samples with inner_fold=k are inner validation; all others are inner training."
S000152,FIVES,AMD_DRY,FIVES__AMD_DRY,5,train,1,"For a selected inner_fold k, samples with inner_fold=k are inner validation; all others are inner training."
S000153,FIVES,AMD_DRY,FIVES__AMD_DRY,5,train,1,"For a selected inner_fold k, samples with inner_fold=k are inner validation; all others are inner training."
S000154,FIVES,AMD_DRY,FIVES__AMD_DRY,5,train,2,"For a selected inner_fold k, samples with inner_fold=k are inner validation; all others are inner training."
S000156,FIVES,AMD_DRY,FIVES__AMD_DRY,5,train,3,"For a selected inner_fold k, samples with inner_fold=k are inner validation; all others are inner training."
S000157,FIVES,AMD_DRY,FIVES__AMD_DRY,5,train,4,"For a selected inner_fold k, samples with inner_fold=k are inner validation; all others are inner training."
S000158,FIVES,AMD_DRY,FIVES__AMD_DRY,5,train,3,"For a selected inner_fold k, samples with inner_fold=k are inner validation; all others are inner training."
S000159,FIVES,AMD_DRY,FIVES__AMD_DRY,5,train,2,"For a selected inner_fold k, samples with inner_fold=k are inner validation; all others are inner training."
S000160,FIVES,AMD_DRY,FIVES__AMD_DRY,5,train,4,"For a selected inner_fold k, samples with inner_fold=k are inner validation; all others are inner training."
S000161,FIVES,AMD_DRY,FIVES__AMD_DRY,5,train,2,"For a selected inner_fold k, samples with inner_fold=k are inner validation; all others are inner training."
S000162,FIVES,AMD_DRY,FIVES__AMD_DRY,5,train,4,"For a selected inner_fold k, samples with inner_fold=k are inner validation; all others are inner training."
S000165,FIVES,AMD_DRY,FIVES__AMD_DRY,5,train,3,"For a selected inner_fold k, samples with inner_fold=k are inner validation; all others are inner training."
S000166,FIVES,AMD_DRY,FIVES__AMD_DRY,5,train,1,"For a selected inner_fold k, samples with inner_fold=k are inner validation; all others are inner training."
S000167,FIVES,AMD_WET,FIVES__AMD_WET,5,train,2,"For a selected inner_fold k, samples with inner_fold=k are inner validation; all others are inner training."
S000170,FIVES,AMD_WET,FIVES__AMD_WET,5,train,2,"For a selected inner_fold k, samples with inner_fold=k are inner validation; all others are inner training."
S000171,FIVES,AMD_WET,FIVES__AMD_WET,5,train,2,"For a selected inner_fold k, samples with inner_fold=k are inner validation; all others are inner training."
S000172,FIVES,AMD_WET,FIVES__AMD_WET,5,train,1,"For a selected inner_fold k, samples with inner_fold=k are inner validation; all others are inner training."
S000173,FIVES,AMD_WET,FIVES__AMD_WET,5,train,3,"For a selected inner_fold k, samples with inner_fold=k are inner validation; all others are inner training."
S000174,FIVES,AMD_WET,FIVES__AMD_WET,5,train,4,"For a selected inner_fold k, samples with inner_fold=k are inner validation; all others are inner training."
S000175,FIVES,AMD_WET,FIVES__AMD_WET,5,train,3,"For a selected inner_fold k, samples with inner_fold=k are inner validation; all others are inner training."
S000177,FIVES,AMD_WET,FIVES__AMD_WET,5,train,4,"For a selected inner_fold k, samples with inner_fold=k are inner validation; all others are inner training."
S000178,FIVES,AMD_WET,FIVES__AMD_WET,5,train,4,"For a selected inner_fold k, samples with inner_fold=k are inner validation; all others are inner training."
S000179,FIVES,AMD_WET,FIVES__AMD_WET,5,train,3,"For a selected inner_fold k, samples with inner_fold=k are inner validation; all others are inner training."
S000180,FIVES,AMD_WET,FIVES__AMD_WET,5,train,2,"For a selected inner_fold k, samples with inner_fold=k are inner validation; all others are inner training."
S000181,FIVES,AMD_WET,FIVES__AMD_WET,5,train,2,"For a selected inner_fold k, samples with inner_fold=k are inner validation; all others are inner training."
S000182,FIVES,AMD_WET,FIVES__AMD_WET,5,train,1,"For a selected inner_fold k, samples with inner_fold=k are inner validation; all others are inner training."
S000183,FIVES,AMD_WET,FIVES__AMD_WET,5,train,2,"For a selected inner_fold k, samples with inner_fold=k are inner validation; all others are inner training."
S000184,FIVES,AMD_WET,FIVES__AMD_WET,5,train,4,"For a selected inner_fold k, samples with inner_fold=k are inner validation; all others are inner training."
S000185,FIVES,AMD_WET,FIVES__AMD_WET,5,train,2,"For a selected inner_fold k, samples with inner_fold=k are inner validation; all others are inner training."
S000186,FIVES,AMD_WET,FIVES__AMD_WET,5,train,3,"For a selected inner_fold k, samples with inner_fold=k are inner validation; all others are inner training."
S000187,FIVES,AMD_WET,FIVES__AMD_WET,5,train,1,"For a selected inner_fold k, samples with inner_fold=k are inner validation; all others are inner training."
S000188,FIVES,AMD_WET,FIVES__AMD_WET,5,train,3,"For a selected inner_fold k, samples with inner_fold=k are inner validation; all others are inner training."
S000189,FIVES,AMD_WET,FIVES__AMD_WET,5,train,4,"For a selected inner_fold k, samples with inner_fold=k are inner validation; all others are inner training."
S000190,FIVES,AMD_WET,FIVES__AMD_WET,5,train,4,"For a selected inner_fold k, samples with inner_fold=k are inner validation; all others are inner training."
S000192,FIVES,AMD_WET,FIVES__AMD_WET,5,train,1,"For a selected inner_fold k, samples with inner_fold=k are inner validation; all others are inner training."
S000193,FIVES,AMD_WET,FIVES__AMD_WET,5,train,4,"For a selected inner_fold k, samples with inner_fold=k are inner validation; all others are inner training."
S000196,FIVES,AMD_WET,FIVES__AMD_WET,5,train,4,"For a selected inner_fold k, samples with inner_fold=k are inner validation; all others are inner training."
S000197,FIVES,AMD_WET,FIVES__AMD_WET,5,train,1,"For a selected inner_fold k, samples with inner_fold=k are inner validation; all others are inner training."
S000198,FIVES,AMD_WET,FIVES__AMD_WET,5,train,3,"For a selected inner_fold k, samples with inner_fold=k are inner validation; all others are inner training."
S000199,FIVES,AMD_WET,FIVES__AMD_WET,5,train,3,"For a selected inner_fold k, samples with inner_fold=k are inner validation; all others are inner training."
S000200,FIVES,AMD_WET,FIVES__AMD_WET,5,train,3,"For a selected inner_fold k, samples with inner_fold=k are inner validation; all others are inner training."
S000201,FIVES,AMD_WET,FIVES__AMD_WET,5,train,1,"For a selected inner_fold k, samples with inner_fold=k are inner validation; all others are inner training."
S000203,FIVES,AMD_WET,FIVES__AMD_WET,5,train,1,"For a selected inner_fold k, samples with inner_fold=k are inner validation; all others are inner training."
S000204,FIVES,AMD_WET,FIVES__AMD_WET,5,train,2,"For a selected inner_fold k, samples with inner_fold=k are inner validation; all others are inner training."
S000205,FIVES,AMD_WET,FIVES__AMD_WET,5,train,3,"For a selected inner_fold k, samples with inner_fold=k are inner validation; all others are inner training."
S000207,FIVES,AMD_WET,FIVES__AMD_WET,5,train,2,"For a selected inner_fold k, samples with inner_fold=k are inner validation; all others are inner training."
S000208,FIVES,AMD_WET,FIVES__AMD_WET,5,train,4,"For a selected inner_fold k, samples with inner_fold=k are inner validation; all others are inner training."
S000209,FIVES,AMD_WET,FIVES__AMD_WET,5,train,3,"For a selected inner_fold k, samples with inner_fold=k are inner validation; all others are inner training."
S000210,FIVES,AMD_WET,FIVES__AMD_WET,5,train,3,"For a selected inner_fold k, samples with inner_fold=k are inner validation; all others are inner training."
S000212,FIVES,AMD_WET,FIVES__AMD_WET,5,train,1,"For a selected inner_fold k, samples with inner_fold=k are inner validation; all others are inner training."
S000213,FIVES,AMD_WET,FIVES__AMD_WET,5,train,1,"For a selected inner_fold k, samples with inner_fold=k are inner validation; all others are inner training."
S000214,FIVES,AMD_WET,FIVES__AMD_WET,5,train,4,"For a selected inner_fold k, samples with inner_fold=k are inner validation; all others are inner training."
S000216,FIVES,AMD_WET,FIVES__AMD_WET,5,train,1,"For a selected inner_fold k, samples with inner_fold=k are inner validation; all others are inner training."
S000218,FIVES,AMD_WET,FIVES__AMD_WET,5,train,2,"For a selected inner_fold k, samples with inner_fold=k are inner validation; all others are inner training."
S000220,FIVES,AMD_WET,FIVES__AMD_WET,5,train,4,"For a selected inner_fold k, samples with inner_fold=k are inner validation; all others are inner training."
S000221,FIVES,AMD_WET,FIVES__AMD_WET,5,train,4,"For a selected inner_fold k, samples with inner_fold=k are inner validation; all others are inner training."
S000222,FIVES,AMD_WET,FIVES__AMD_WET,5,train,2,"For a selected inner_fold k, samples with inner_fold=k are inner validation; all others are inner training."
S000223,FIVES,AMD_WET,FIVES__AMD_WET,5,train,1,"For a selected inner_fold k, samples with inner_fold=k are inner validation; all others are inner training."
S000224,FIVES,AMD_WET,FIVES__AMD_WET,5,train,3,"For a selected inner_fold k, samples with inner_fold=k are inner validation; all others are inner training."
S000225,FIVES,AMD_WET,FIVES__AMD_WET,5,train,4,"For a selected inner_fold k, samples with inner_fold=k are inner validation; all others are inner training."
S000226,FIVES,AMD_WET,FIVES__AMD_WET,5,train,4,"For a selected inner_fold k, samples with inner_fold=k are inner validation; all others are inner training."
S000227,FIVES,AMD_WET,FIVES__AMD_WET,5,train,1,"For a selected inner_fold k, samples with inner_fold=k are inner validation; all others are inner training."
S000228,FIVES,AMD_WET,FIVES__AMD_WET,5,train,1,"For a selected inner_fold k, samples with inner_fold=k are inner validation; all others are inner training."
S000230,FIVES,AMD_WET,FIVES__AMD_WET,5,train,2,"For a selected inner_fold k, samples with inner_fold=k are inner validation; all others are inner training."
S000231,FIVES,AMD_WET,FIVES__AMD_WET,5,train,3,"For a selected inner_fold k, samples with inner_fold=k are inner validation; all others are inner training."
S000233,FIVES,AMD_WET,FIVES__AMD_WET,5,train,3,"For a selected inner_fold k, samples with inner_fold=k are inner validation; all others are inner training."
S000234,FIVES,AMD_WET,FIVES__AMD_WET,5,train,2,"For a selected inner_fold k, samples with inner_fold=k are inner validation; all others are inner training."
S000238,FIVES,AMD_WET,FIVES__AMD_WET,5,train,2,"For a selected inner_fold k, samples with inner_fold=k are inner validation; all others are inner training."
S000239,ODIR,NORMAL,ODIR__NORMAL,5,train,4,"For a selected inner_fold k, samples with inner_fold=k are inner validation; all others are inner training."
S000240,ODIR,NORMAL,ODIR__NORMAL,5,train,1,"For a selected inner_fold k, samples with inner_fold=k are inner validation; all others are inner training."
S000241,ODIR,NORMAL,ODIR__NORMAL,5,train,2,"For a selected inner_fold k, samples with inner_fold=k are inner validation; all others are inner training."
S000242,ODIR,NORMAL,ODIR__NORMAL,5,train,2,"For a selected inner_fold k, samples with inner_fold=k are inner validation; all others are inner training."
S000243,ODIR,NORMAL,ODIR__NORMAL,5,train,4,"For a selected inner_fold k, samples with inner_fold=k are inner validation; all others are inner training."
S000244,ODIR,NORMAL,ODIR__NORMAL,5,train,2,"For a selected inner_fold k, samples with inner_fold=k are inner validation; all others are inner training."
S000245,ODIR,NORMAL,ODIR__NORMAL,5,train,3,"For a selected inner_fold k, samples with inner_fold=k are inner validation; all others are inner training."
S000246,ODIR,NORMAL,ODIR__NORMAL,5,train,3,"For a selected inner_fold k, samples with inner_fold=k are inner validation; all others are inner training."
S000247,ODIR,NORMAL,ODIR__NORMAL,5,train,3,"For a selected inner_fold k, samples with inner_fold=k are inner validation; all others are inner training."
S000248,ODIR,NORMAL,ODIR__NORMAL,5,train,1,"For a selected inner_fold k, samples with inner_fold=k are inner validation; all others are inner training."
S000249,ODIR,NORMAL,ODIR__NORMAL,5,train,4,"For a selected inner_fold k, samples with inner_fold=k are inner validation; all others are inner training."
S000250,ODIR,NORMAL,ODIR__NORMAL,5,train,4,"For a selected inner_fold k, samples with inner_fold=k are inner validation; all others are inner training."
S000251,ODIR,NORMAL,ODIR__NORMAL,5,train,2,"For a selected inner_fold k, samples with inner_fold=k are inner validation; all others are inner training."
S000252,ODIR,NORMAL,ODIR__NORMAL,5,train,3,"For a selected inner_fold k, samples with inner_fold=k are inner validation; all others are inner training."
S000253,ODIR,NORMAL,ODIR__NORMAL,5,train,3,"For a selected inner_fold k, samples with inner_fold=k are inner validation; all others are inner training."
S000255,ODIR,NORMAL,ODIR__NORMAL,5,train,3,"For a selected inner_fold k, samples with inner_fold=k are inner validation; all others are inner training."
S000256,ODIR,NORMAL,ODIR__NORMAL,5,train,2,"For a selected inner_fold k, samples with inner_fold=k are inner validation; all others are inner training."
S000257,ODIR,NORMAL,ODIR__NORMAL,5,train,3,"For a selected inner_fold k, samples with inner_fold=k are inner validation; all others are inner training."
S000258,ODIR,NORMAL,ODIR__NORMAL,5,train,4,"For a selected inner_fold k, samples with inner_fold=k are inner validation; all others are inner training."
S000259,ODIR,NORMAL,ODIR__NORMAL,5,train,1,"For a selected inner_fold k, samples with inner_fold=k are inner validation; all others are inner training."
S000260,ODIR,NORMAL,ODIR__NORMAL,5,train,2,"For a selected inner_fold k, samples with inner_fold=k are inner validation; all others are inner training."
S000261,ODIR,NORMAL,ODIR__NORMAL,5,train,1,"For a selected inner_fold k, samples with inner_fold=k are inner validation; all others are inner training."
S000263,ODIR,NORMAL,ODIR__NORMAL,5,train,1,"For a selected inner_fold k, samples with inner_fold=k are inner validation; all others are inner training."
S000264,ODIR,NORMAL,ODIR__NORMAL,5,train,4,"For a selected inner_fold k, samples with inner_fold=k are inner validation; all others are inner training."
S000265,ODIR,NORMAL,ODIR__NORMAL,5,train,4,"For a selected inner_fold k, samples with inner_fold=k are inner validation; all others are inner training."
S000266,ODIR,NORMAL,ODIR__NORMAL,5,train,1,"For a selected inner_fold k, samples with inner_fold=k are inner validation; all others are inner training."
S000267,ODIR,NORMAL,ODIR__NORMAL,5,train,3,"For a selected inner_fold k, samples with inner_fold=k are inner validation; all others are inner training."
S000268,ODIR,NORMAL,ODIR__NORMAL,5,train,4,"For a selected inner_fold k, samples with inner_fold=k are inner validation; all others are inner training."
S000269,ODIR,NORMAL,ODIR__NORMAL,5,train,1,"For a selected inner_fold k, samples with inner_fold=k are inner validation; all others are inner training."
S000270,ODIR,NORMAL,ODIR__NORMAL,5,train,4,"For a selected inner_fold k, samples with inner_fold=k are inner validation; all others are inner training."
S000273,ODIR,NORMAL,ODIR__NORMAL,5,train,3,"For a selected inner_fold k, samples with inner_fold=k are inner validation; all others are inner training."
S000274,ODIR,NORMAL,ODIR__NORMAL,5,train,4,"For a selected inner_fold k, samples with inner_fold=k are inner validation; all others are inner training."
S000275,ODIR,NORMAL,ODIR__NORMAL,5,train,1,"For a selected inner_fold k, samples with inner_fold=k are inner validation; all others are inner training."
S000276,ODIR,NORMAL,ODIR__NORMAL,5,train,2,"For a selected inner_fold k, samples with inner_fold=k are inner validation; all others are inner training."
S000277,ODIR,NORMAL,ODIR__NORMAL,5,train,4,"For a selected inner_fold k, samples with inner_fold=k are inner validation; all others are inner training."
S000278,ODIR,NORMAL,ODIR__NORMAL,5,train,1,"For a selected inner_fold k, samples with inner_fold=k are inner validation; all others are inner training."
S000282,ODIR,NORMAL,ODIR__NORMAL,5,train,2,"For a selected inner_fold k, samples with inner_fold=k are inner validation; all others are inner training."
S000283,ODIR,NORMAL,ODIR__NORMAL,5,train,4,"For a selected inner_fold k, samples with inner_fold=k are inner validation; all others are inner training."
S000284,ODIR,NORMAL,ODIR__NORMAL,5,train,1,"For a selected inner_fold k, samples with inner_fold=k are inner validation; all others are inner training."
S000285,ODIR,NORMAL,ODIR__NORMAL,5,train,4,"For a selected inner_fold k, samples with inner_fold=k are inner validation; all others are inner training."
S000286,ODIR,NORMAL,ODIR__NORMAL,5,train,1,"For a selected inner_fold k, samples with inner_fold=k are inner validation; all others are inner training."
S000287,ODIR,NORMAL,ODIR__NORMAL,5,train,2,"For a selected inner_fold k, samples with inner_fold=k are inner validation; all others are inner training."
S000290,ODIR,NORMAL,ODIR__NORMAL,5,train,3,"For a selected inner_fold k, samples with inner_fold=k are inner validation; all others are inner training."
S000291,ODIR,NORMAL,ODIR__NORMAL,5,train,1,"For a selected inner_fold k, samples with inner_fold=k are inner validation; all others are inner training."
S000292,ODIR,NORMAL,ODIR__NORMAL,5,train,3,"For a selected inner_fold k, samples with inner_fold=k are inner validation; all others are inner training."
S000293,ODIR,NORMAL,ODIR__NORMAL,5,train,1,"For a selected inner_fold k, samples with inner_fold=k are inner validation; all others are inner training."
S000295,ODIR,NORMAL,ODIR__NORMAL,5,train,3,"For a selected inner_fold k, samples with inner_fold=k are inner validation; all others are inner training."
S000296,ODIR,NORMAL,ODIR__NORMAL,5,train,3,"For a selected inner_fold k, samples with inner_fold=k are inner validation; all others are inner training."
S000297,ODIR,NORMAL,ODIR__NORMAL,5,train,4,"For a selected inner_fold k, samples with inner_fold=k are inner validation; all others are inner training."
S000298,ODIR,NORMAL,ODIR__NORMAL,5,train,1,"For a selected inner_fold k, samples with inner_fold=k are inner validation; all others are inner training."
S000299,ODIR,NORMAL,ODIR__NORMAL,5,train,1,"For a selected inner_fold k, samples with inner_fold=k are inner validation; all others are inner training."
S000300,ODIR,NORMAL,ODIR__NORMAL,5,train,1,"For a selected inner_fold k, samples with inner_fold=k are inner validation; all others are inner training."
S000301,ODIR,NORMAL,ODIR__NORMAL,5,train,2,"For a selected inner_fold k, samples with inner_fold=k are inner validation; all others are inner training."
S000302,ODIR,NORMAL,ODIR__NORMAL,5,train,4,"For a selected inner_fold k, samples with inner_fold=k are inner validation; all others are inner training."
S000306,ODIR,NORMAL,ODIR__NORMAL,5,train,2,"For a selected inner_fold k, samples with inner_fold=k are inner validation; all others are inner training."
S000307,ODIR,NORMAL,ODIR__NORMAL,5,train,3,"For a selected inner_fold k, samples with inner_fold=k are inner validation; all others are inner training."
S000308,ODIR,NORMAL,ODIR__NORMAL,5,train,2,"For a selected inner_fold k, samples with inner_fold=k are inner validation; all others are inner training."
S000309,ODIR,NORMAL,ODIR__NORMAL,5,train,3,"For a selected inner_fold k, samples with inner_fold=k are inner validation; all others are inner training."
S000310,ODIR,NORMAL,ODIR__NORMAL,5,train,4,"For a selected inner_fold k, samples with inner_fold=k are inner validation; all others are inner training."
S000314,ODIR,NORMAL,ODIR__NORMAL,5,train,2,"For a selected inner_fold k, samples with inner_fold=k are inner validation; all others are inner training."
S000316,ODIR,NORMAL,ODIR__NORMAL,5,train,1,"For a selected inner_fold k, samples with inner_fold=k are inner validation; all others are inner training."
S000317,ODIR,NORMAL,ODIR__NORMAL,5,train,2,"For a selected inner_fold k, samples with inner_fold=k are inner validation; all others are inner training."
S000318,ODIR,NORMAL,ODIR__NORMAL,5,train,4,"For a selected inner_fold k, samples with inner_fold=k are inner validation; all others are inner training."
S000319,ODIR,NORMAL,ODIR__NORMAL,5,train,2,"For a selected inner_fold k, samples with inner_fold=k are inner validation; all others are inner training."
S000321,ODIR,NORMAL,ODIR__NORMAL,5,train,3,"For a selected inner_fold k, samples with inner_fold=k are inner validation; all others are inner training."
S000322,ODIR,NORMAL,ODIR__NORMAL,5,train,4,"For a selected inner_fold k, samples with inner_fold=k are inner validation; all others are inner training."
S000323,ODIR,NORMAL,ODIR__NORMAL,5,train,1,"For a selected inner_fold k, samples with inner_fold=k are inner validation; all others are inner training."
S000324,ODIR,NORMAL,ODIR__NORMAL,5,train,3,"For a selected inner_fold k, samples with inner_fold=k are inner validation; all others are inner training."
S000325,ODIR,NORMAL,ODIR__NORMAL,5,train,1,"For a selected inner_fold k, samples with inner_fold=k are inner validation; all others are inner training."
S000326,ODIR,NORMAL,ODIR__NORMAL,5,train,4,"For a selected inner_fold k, samples with inner_fold=k are inner validation; all others are inner training."
S000327,ODIR,NORMAL,ODIR__NORMAL,5,train,2,"For a selected inner_fold k, samples with inner_fold=k are inner validation; all others are inner training."
S000328,ODIR,NORMAL,ODIR__NORMAL,5,train,2,"For a selected inner_fold k, samples with inner_fold=k are inner validation; all others are inner training."
S000329,ODIR,NORMAL,ODIR__NORMAL,5,train,3,"For a selected inner_fold k, samples with inner_fold=k are inner validation; all others are inner training."
S000330,ODIR,NORMAL,ODIR__NORMAL,5,train,2,"For a selected inner_fold k, samples with inner_fold=k are inner validation; all others are inner training."
S000331,ODIR,NORMAL,ODIR__NORMAL,5,train,3,"For a selected inner_fold k, samples with inner_fold=k are inner validation; all others are inner training."
S000333,ODIR,NORMAL,ODIR__NORMAL,5,train,3,"For a selected inner_fold k, samples with inner_fold=k are inner validation; all others are inner training."
S000334,ODIR,NORMAL,ODIR__NORMAL,5,train,1,"For a selected inner_fold k, samples with inner_fold=k are inner validation; all others are inner training."
S000336,ODIR,NORMAL,ODIR__NORMAL,5,train,3,"For a selected inner_fold k, samples with inner_fold=k are inner validation; all others are inner training."
S000337,ODIR,NORMAL,ODIR__NORMAL,5,train,4,"For a selected inner_fold k, samples with inner_fold=k are inner validation; all others are inner training."
S000338,ODIR,NORMAL,ODIR__NORMAL,5,train,3,"For a selected inner_fold k, samples with inner_fold=k are inner validation; all others are inner training."
S000339,ODIR,NORMAL,ODIR__NORMAL,5,train,1,"For a selected inner_fold k, samples with inner_fold=k are inner validation; all others are inner training."
S000340,ODIR,NORMAL,ODIR__NORMAL,5,train,2,"For a selected inner_fold k, samples with inner_fold=k are inner validation; all others are inner training."
S000342,ODIR,NORMAL,ODIR__NORMAL,5,train,1,"For a selected inner_fold k, samples with inner_fold=k are inner validation; all others are inner training."
S000344,ODIR,NORMAL,ODIR__NORMAL,5,train,4,"For a selected inner_fold k, samples with inner_fold=k are inner validation; all others are inner training."
S000345,ODIR,NORMAL,ODIR__NORMAL,5,train,4,"For a selected inner_fold k, samples with inner_fold=k are inner validation; all others are inner training."
S000347,ODIR,NORMAL,ODIR__NORMAL,5,train,2,"For a selected inner_fold k, samples with inner_fold=k are inner validation; all others are inner training."
S000348,ODIR,NORMAL,ODIR__NORMAL,5,train,2,"For a selected inner_fold k, samples with inner_fold=k are inner validation; all others are inner training."
S000349,ODIR,NORMAL,ODIR__NORMAL,5,train,1,"For a selected inner_fold k, samples with inner_fold=k are inner validation; all others are inner training."
S000350,ODIR,NORMAL,ODIR__NORMAL,5,train,2,"For a selected inner_fold k, samples with inner_fold=k are inner validation; all others are inner training."
S000351,ODIR,NORMAL,ODIR__NORMAL,5,train,2,"For a selected inner_fold k, samples with inner_fold=k are inner validation; all others are inner training."
S000352,ODIR,NORMAL,ODIR__NORMAL,5,train,4,"For a selected inner_fold k, samples with inner_fold=k are inner validation; all others are inner training."
S000353,ODIR,NORMAL,ODIR__NORMAL,5,train,3,"For a selected inner_fold k, samples with inner_fold=k are inner validation; all others are inner training."
S000354,ODIR,NORMAL,ODIR__NORMAL,5,train,2,"For a selected inner_fold k, samples with inner_fold=k are inner validation; all others are inner training."
S000356,ODIR,NORMAL,ODIR__NORMAL,5,train,1,"For a selected inner_fold k, samples with inner_fold=k are inner validation; all others are inner training."
S000357,ODIR,NORMAL,ODIR__NORMAL,5,train,3,"For a selected inner_fold k, samples with inner_fold=k are inner validation; all others are inner training."
S000359,ODIR,NORMAL,ODIR__NORMAL,5,train,3,"For a selected inner_fold k, samples with inner_fold=k are inner validation; all others are inner training."
S000360,ODIR,NORMAL,ODIR__NORMAL,5,train,4,"For a selected inner_fold k, samples with inner_fold=k are inner validation; all others are inner training."
S000361,ODIR,NORMAL,ODIR__NORMAL,5,train,2,"For a selected inner_fold k, samples with inner_fold=k are inner validation; all others are inner training."
S000362,ODIR,NORMAL,ODIR__NORMAL,5,train,1,"For a selected inner_fold k, samples with inner_fold=k are inner validation; all others are inner training."
S000363,ODIR,NORMAL,ODIR__NORMAL,5,train,4,"For a selected inner_fold k, samples with inner_fold=k are inner validation; all others are inner training."
S000364,ODIR,AMD_DRY,ODIR__AMD_DRY,5,train,2,"For a selected inner_fold k, samples with inner_fold=k are inner validation; all others are inner training."
S000365,ODIR,AMD_DRY,ODIR__AMD_DRY,5,train,1,"For a selected inner_fold k, samples with inner_fold=k are inner validation; all others are inner training."
S000366,ODIR,AMD_DRY,ODIR__AMD_DRY,5,train,4,"For a selected inner_fold k, samples with inner_fold=k are inner validation; all others are inner training."
S000367,ODIR,AMD_DRY,ODIR__AMD_DRY,5,train,1,"For a selected inner_fold k, samples with inner_fold=k are inner validation; all others are inner training."
S000368,ODIR,AMD_DRY,ODIR__AMD_DRY,5,train,1,"For a selected inner_fold k, samples with inner_fold=k are inner validation; all others are inner training."
S000369,ODIR,AMD_DRY,ODIR__AMD_DRY,5,train,1,"For a selected inner_fold k, samples with inner_fold=k are inner validation; all others are inner training."
S000370,ODIR,AMD_DRY,ODIR__AMD_DRY,5,train,3,"For a selected inner_fold k, samples with inner_fold=k are inner validation; all others are inner training."
S000371,ODIR,AMD_DRY,ODIR__AMD_DRY,5,train,1,"For a selected inner_fold k, samples with inner_fold=k are inner validation; all others are inner training."
S000372,ODIR,AMD_DRY,ODIR__AMD_DRY,5,train,4,"For a selected inner_fold k, samples with inner_fold=k are inner validation; all others are inner training."
S000373,ODIR,AMD_DRY,ODIR__AMD_DRY,5,train,4,"For a selected inner_fold k, samples with inner_fold=k are inner validation; all others are inner training."
S000374,ODIR,AMD_DRY,ODIR__AMD_DRY,5,train,2,"For a selected inner_fold k, samples with inner_fold=k are inner validation; all others are inner training."
S000375,ODIR,AMD_DRY,ODIR__AMD_DRY,5,train,4,"For a selected inner_fold k, samples with inner_fold=k are inner validation; all others are inner training."
S000377,ODIR,AMD_DRY,ODIR__AMD_DRY,5,train,4,"For a selected inner_fold k, samples with inner_fold=k are inner validation; all others are inner training."
S000378,ODIR,AMD_DRY,ODIR__AMD_DRY,5,train,3,"For a selected inner_fold k, samples with inner_fold=k are inner validation; all others are inner training."
S000379,ODIR,AMD_DRY,ODIR__AMD_DRY,5,train,2,"For a selected inner_fold k, samples with inner_fold=k are inner validation; all others are inner training."
S000380,ODIR,AMD_DRY,ODIR__AMD_DRY,5,train,4,"For a selected inner_fold k, samples with inner_fold=k are inner validation; all others are inner training."
S000381,ODIR,AMD_DRY,ODIR__AMD_DRY,5,train,3,"For a selected inner_fold k, samples with inner_fold=k are inner validation; all others are inner training."
S000382,ODIR,AMD_DRY,ODIR__AMD_DRY,5,train,2,"For a selected inner_fold k, samples with inner_fold=k are inner validation; all others are inner training."
S000383,ODIR,AMD_DRY,ODIR__AMD_DRY,5,train,4,"For a selected inner_fold k, samples with inner_fold=k are inner validation; all others are inner training."
S000387,ODIR,AMD_DRY,ODIR__AMD_DRY,5,train,2,"For a selected inner_fold k, samples with inner_fold=k are inner validation; all others are inner training."
S000388,ODIR,AMD_DRY,ODIR__AMD_DRY,5,train,3,"For a selected inner_fold k, samples with inner_fold=k are inner validation; all others are inner training."
S000389,ODIR,AMD_DRY,ODIR__AMD_DRY,5,train,2,"For a selected inner_fold k, samples with inner_fold=k are inner validation; all others are inner training."
S000390,ODIR,AMD_DRY,ODIR__AMD_DRY,5,train,4,"For a selected inner_fold k, samples with inner_fold=k are inner validation; all others are inner training."
S000391,ODIR,AMD_DRY,ODIR__AMD_DRY,5,train,1,"For a selected inner_fold k, samples with inner_fold=k are inner validation; all others are inner training."
S000392,ODIR,AMD_DRY,ODIR__AMD_DRY,5,train,1,"For a selected inner_fold k, samples with inner_fold=k are inner validation; all others are inner training."
S000394,ODIR,AMD_DRY,ODIR__AMD_DRY,5,train,4,"For a selected inner_fold k, samples with inner_fold=k are inner validation; all others are inner training."
S000395,ODIR,AMD_DRY,ODIR__AMD_DRY,5,train,2,"For a selected inner_fold k, samples with inner_fold=k are inner validation; all others are inner training."
S000396,ODIR,AMD_DRY,ODIR__AMD_DRY,5,train,1,"For a selected inner_fold k, samples with inner_fold=k are inner validation; all others are inner training."
S000397,ODIR,AMD_DRY,ODIR__AMD_DRY,5,train,4,"For a selected inner_fold k, samples with inner_fold=k are inner validation; all others are inner training."
S000398,ODIR,AMD_DRY,ODIR__AMD_DRY,5,train,3,"For a selected inner_fold k, samples with inner_fold=k are inner validation; all others are inner training."
S000399,ODIR,AMD_DRY,ODIR__AMD_DRY,5,train,3,"For a selected inner_fold k, samples with inner_fold=k are inner validation; all others are inner training."
S000402,ODIR,AMD_DRY,ODIR__AMD_DRY,5,train,1,"For a selected inner_fold k, samples with inner_fold=k are inner validation; all others are inner training."
S000404,ODIR,AMD_DRY,ODIR__AMD_DRY,5,train,2,"For a selected inner_fold k, samples with inner_fold=k are inner validation; all others are inner training."
S000405,ODIR,AMD_DRY,ODIR__AMD_DRY,5,train,1,"For a selected inner_fold k, samples with inner_fold=k are inner validation; all others are inner training."
S000406,ODIR,AMD_DRY,ODIR__AMD_DRY,5,train,2,"For a selected inner_fold k, samples with inner_fold=k are inner validation; all others are inner training."
S000407,ODIR,AMD_DRY,ODIR__AMD_DRY,5,train,3,"For a selected inner_fold k, samples with inner_fold=k are inner validation; all others are inner training."
S000408,ODIR,AMD_DRY,ODIR__AMD_DRY,5,train,1,"For a selected inner_fold k, samples with inner_fold=k are inner validation; all others are inner training."
S000409,ODIR,AMD_DRY,ODIR__AMD_DRY,5,train,3,"For a selected inner_fold k, samples with inner_fold=k are inner validation; all others are inner training."
S000411,ODIR,AMD_DRY,ODIR__AMD_DRY,5,train,1,"For a selected inner_fold k, samples with inner_fold=k are inner validation; all others are inner training."
S000412,ODIR,AMD_DRY,ODIR__AMD_DRY,5,train,3,"For a selected inner_fold k, samples with inner_fold=k are inner validation; all others are inner training."
S000413,ODIR,AMD_DRY,ODIR__AMD_DRY,5,train,4,"For a selected inner_fold k, samples with inner_fold=k are inner validation; all others are inner training."
S000414,ODIR,AMD_DRY,ODIR__AMD_DRY,5,train,3,"For a selected inner_fold k, samples with inner_fold=k are inner validation; all others are inner training."
S000415,ODIR,AMD_DRY,ODIR__AMD_DRY,5,train,1,"For a selected inner_fold k, samples with inner_fold=k are inner validation; all others are inner training."
S000416,ODIR,AMD_DRY,ODIR__AMD_DRY,5,train,1,"For a selected inner_fold k, samples with inner_fold=k are inner validation; all others are inner training."
S000417,ODIR,AMD_DRY,ODIR__AMD_DRY,5,train,2,"For a selected inner_fold k, samples with inner_fold=k are inner validation; all others are inner training."
S000418,ODIR,AMD_DRY,ODIR__AMD_DRY,5,train,3,"For a selected inner_fold k, samples with inner_fold=k are inner validation; all others are inner training."
S000421,ODIR,AMD_DRY,ODIR__AMD_DRY,5,train,1,"For a selected inner_fold k, samples with inner_fold=k are inner validation; all others are inner training."
S000422,ODIR,AMD_DRY,ODIR__AMD_DRY,5,train,2,"For a selected inner_fold k, samples with inner_fold=k are inner validation; all others are inner training."
S000423,ODIR,AMD_DRY,ODIR__AMD_DRY,5,train,3,"For a selected inner_fold k, samples with inner_fold=k are inner validation; all others are inner training."
S000424,ODIR,AMD_DRY,ODIR__AMD_DRY,5,train,4,"For a selected inner_fold k, samples with inner_fold=k are inner validation; all others are inner training."
S000426,ODIR,AMD_DRY,ODIR__AMD_DRY,5,train,4,"For a selected inner_fold k, samples with inner_fold=k are inner validation; all others are inner training."
S000428,ODIR,AMD_DRY,ODIR__AMD_DRY,5,train,2,"For a selected inner_fold k, samples with inner_fold=k are inner validation; all others are inner training."
S000429,ODIR,AMD_DRY,ODIR__AMD_DRY,5,train,3,"For a selected inner_fold k, samples with inner_fold=k are inner validation; all others are inner training."
S000431,ODIR,AMD_DRY,ODIR__AMD_DRY,5,train,4,"For a selected inner_fold k, samples with inner_fold=k are inner validation; all others are inner training."
S000432,ODIR,AMD_DRY,ODIR__AMD_DRY,5,train,4,"For a selected inner_fold k, samples with inner_fold=k are inner validation; all others are inner training."
S000433,ODIR,AMD_DRY,ODIR__AMD_DRY,5,train,1,"For a selected inner_fold k, samples with inner_fold=k are inner validation; all others are inner training."
S000434,ODIR,AMD_DRY,ODIR__AMD_DRY,5,train,2,"For a selected inner_fold k, samples with inner_fold=k are inner validation; all others are inner training."
S000435,ODIR,AMD_DRY,ODIR__AMD_DRY,5,train,2,"For a selected inner_fold k, samples with inner_fold=k are inner validation; all others are inner training."
S000436,ODIR,AMD_DRY,ODIR__AMD_DRY,5,train,1,"For a selected inner_fold k, samples with inner_fold=k are inner validation; all others are inner training."
S000437,ODIR,AMD_DRY,ODIR__AMD_DRY,5,train,3,"For a selected inner_fold k, samples with inner_fold=k are inner validation; all others are inner training."
S000439,ODIR,AMD_DRY,ODIR__AMD_DRY,5,train,3,"For a selected inner_fold k, samples with inner_fold=k are inner validation; all others are inner training."
S000440,ODIR,AMD_DRY,ODIR__AMD_DRY,5,train,4,"For a selected inner_fold k, samples with inner_fold=k are inner validation; all others are inner training."
S000441,ODIR,AMD_DRY,ODIR__AMD_DRY,5,train,2,"For a selected inner_fold k, samples with inner_fold=k are inner validation; all others are inner training."
S000442,ODIR,AMD_DRY,ODIR__AMD_DRY,5,train,3,"For a selected inner_fold k, samples with inner_fold=k are inner validation; all others are inner training."
S000444,ODIR,AMD_DRY,ODIR__AMD_DRY,5,train,2,"For a selected inner_fold k, samples with inner_fold=k are inner validation; all others are inner training."
S000445,ODIR,AMD_WET,ODIR__AMD_WET,5,train,2,"For a selected inner_fold k, samples with inner_fold=k are inner validation; all others are inner training."
S000446,ODIR,AMD_WET,ODIR__AMD_WET,5,train,4,"For a selected inner_fold k, samples with inner_fold=k are inner validation; all others are inner training."
S000447,ODIR,AMD_WET,ODIR__AMD_WET,5,train,3,"For a selected inner_fold k, samples with inner_fold=k are inner validation; all others are inner training."
S000448,ODIR,AMD_WET,ODIR__AMD_WET,5,train,1,"For a selected inner_fold k, samples with inner_fold=k are inner validation; all others are inner training."
S000450,ODIR,AMD_WET,ODIR__AMD_WET,5,train,3,"For a selected inner_fold k, samples with inner_fold=k are inner validation; all others are inner training."
S000452,ODIR,AMD_WET,ODIR__AMD_WET,5,train,1,"For a selected inner_fold k, samples with inner_fold=k are inner validation; all others are inner training."
S000453,ODIR,AMD_WET,ODIR__AMD_WET,5,train,3,"For a selected inner_fold k, samples with inner_fold=k are inner validation; all others are inner training."
S000454,ODIR,AMD_WET,ODIR__AMD_WET,5,train,1,"For a selected inner_fold k, samples with inner_fold=k are inner validation; all others are inner training."
S000455,ODIR,AMD_WET,ODIR__AMD_WET,5,train,4,"For a selected inner_fold k, samples with inner_fold=k are inner validation; all others are inner training."
S000456,ODIR,AMD_WET,ODIR__AMD_WET,5,train,3,"For a selected inner_fold k, samples with inner_fold=k are inner validation; all others are inner training."
S000457,ODIR,AMD_WET,ODIR__AMD_WET,5,train,4,"For a selected inner_fold k, samples with inner_fold=k are inner validation; all others are inner training."
S000458,ODIR,AMD_WET,ODIR__AMD_WET,5,train,1,"For a selected inner_fold k, samples with inner_fold=k are inner validation; all others are inner training."
S000459,ODIR,AMD_WET,ODIR__AMD_WET,5,train,2,"For a selected inner_fold k, samples with inner_fold=k are inner validation; all others are inner training."
S000460,ODIR,AMD_WET,ODIR__AMD_WET,5,train,2,"For a selected inner_fold k, samples with inner_fold=k are inner validation; all others are inner training."
S000461,ODIR,AMD_WET,ODIR__AMD_WET,5,train,3,"For a selected inner_fold k, samples with inner_fold=k are inner validation; all others are inner training."
S000463,ODIR,AMD_WET,ODIR__AMD_WET,5,train,4,"For a selected inner_fold k, samples with inner_fold=k are inner validation; all others are inner training."
S000464,ODIR,AMD_WET,ODIR__AMD_WET,5,train,3,"For a selected inner_fold k, samples with inner_fold=k are inner validation; all others are inner training."
S000465,ODIR,AMD_WET,ODIR__AMD_WET,5,train,2,"For a selected inner_fold k, samples with inner_fold=k are inner validation; all others are inner training."
S000466,ODIR,AMD_WET,ODIR__AMD_WET,5,train,2,"For a selected inner_fold k, samples with inner_fold=k are inner validation; all others are inner training."
S000467,ODIR,AMD_WET,ODIR__AMD_WET,5,train,4,"For a selected inner_fold k, samples with inner_fold=k are inner validation; all others are inner training."
S000468,ODIR,AMD_WET,ODIR__AMD_WET,5,train,4,"For a selected inner_fold k, samples with inner_fold=k are inner validation; all others are inner training."
S000470,ODIR,AMD_WET,ODIR__AMD_WET,5,train,1,"For a selected inner_fold k, samples with inner_fold=k are inner validation; all others are inner training."
S000472,ODIR,AMD_WET,ODIR__AMD_WET,5,train,2,"For a selected inner_fold k, samples with inner_fold=k are inner validation; all others are inner training."
S000473,RFMID,NORMAL,RFMID__NORMAL,5,train,3,"For a selected inner_fold k, samples with inner_fold=k are inner validation; all others are inner training."
S000476,RFMID,NORMAL,RFMID__NORMAL,5,train,1,"For a selected inner_fold k, samples with inner_fold=k are inner validation; all others are inner training."
S000477,RFMID,NORMAL,RFMID__NORMAL,5,train,2,"For a selected inner_fold k, samples with inner_fold=k are inner validation; all others are inner training."
S000478,RFMID,NORMAL,RFMID__NORMAL,5,train,1,"For a selected inner_fold k, samples with inner_fold=k are inner validation; all others are inner training."
S000480,RFMID,NORMAL,RFMID__NORMAL,5,train,3,"For a selected inner_fold k, samples with inner_fold=k are inner validation; all others are inner training."
S000481,RFMID,NORMAL,RFMID__NORMAL,5,train,2,"For a selected inner_fold k, samples with inner_fold=k are inner validation; all others are inner training."
S000482,RFMID,NORMAL,RFMID__NORMAL,5,train,2,"For a selected inner_fold k, samples with inner_fold=k are inner validation; all others are inner training."
S000484,RFMID,NORMAL,RFMID__NORMAL,5,train,1,"For a selected inner_fold k, samples with inner_fold=k are inner validation; all others are inner training."
S000485,RFMID,NORMAL,RFMID__NORMAL,5,train,2,"For a selected inner_fold k, samples with inner_fold=k are inner validation; all others are inner training."
S000486,RFMID,NORMAL,RFMID__NORMAL,5,train,1,"For a selected inner_fold k, samples with inner_fold=k are inner validation; all others are inner training."
S000488,RFMID,NORMAL,RFMID__NORMAL,5,train,2,"For a selected inner_fold k, samples with inner_fold=k are inner validation; all others are inner training."
S000490,RFMID,NORMAL,RFMID__NORMAL,5,train,2,"For a selected inner_fold k, samples with inner_fold=k are inner validation; all others are inner training."
S000491,RFMID,NORMAL,RFMID__NORMAL,5,train,4,"For a selected inner_fold k, samples with inner_fold=k are inner validation; all others are inner training."
S000492,RFMID,NORMAL,RFMID__NORMAL,5,train,2,"For a selected inner_fold k, samples with inner_fold=k are inner validation; all others are inner training."
S000493,RFMID,NORMAL,RFMID__NORMAL,5,train,4,"For a selected inner_fold k, samples with inner_fold=k are inner validation; all others are inner training."
S000494,RFMID,NORMAL,RFMID__NORMAL,5,train,4,"For a selected inner_fold k, samples with inner_fold=k are inner validation; all others are inner training."
S000497,RFMID,NORMAL,RFMID__NORMAL,5,train,4,"For a selected inner_fold k, samples with inner_fold=k are inner validation; all others are inner training."
S000498,RFMID,NORMAL,RFMID__NORMAL,5,train,3,"For a selected inner_fold k, samples with inner_fold=k are inner validation; all others are inner training."
S000499,RFMID,NORMAL,RFMID__NORMAL,5,train,1,"For a selected inner_fold k, samples with inner_fold=k are inner validation; all others are inner training."
S000500,RFMID,NORMAL,RFMID__NORMAL,5,train,4,"For a selected inner_fold k, samples with inner_fold=k are inner validation; all others are inner training."
S000501,RFMID,NORMAL,RFMID__NORMAL,5,train,1,"For a selected inner_fold k, samples with inner_fold=k are inner validation; all others are inner training."
S000502,RFMID,NORMAL,RFMID__NORMAL,5,train,1,"For a selected inner_fold k, samples with inner_fold=k are inner validation; all others are inner training."
S000504,RFMID,NORMAL,RFMID__NORMAL,5,train,3,"For a selected inner_fold k, samples with inner_fold=k are inner validation; all others are inner training."
S000505,RFMID,NORMAL,RFMID__NORMAL,5,train,2,"For a selected inner_fold k, samples with inner_fold=k are inner validation; all others are inner training."
S000506,RFMID,NORMAL,RFMID__NORMAL,5,train,3,"For a selected inner_fold k, samples with inner_fold=k are inner validation; all others are inner training."
S000507,RFMID,NORMAL,RFMID__NORMAL,5,train,1,"For a selected inner_fold k, samples with inner_fold=k are inner validation; all others are inner training."
S000508,RFMID,NORMAL,RFMID__NORMAL,5,train,3,"For a selected inner_fold k, samples with inner_fold=k are inner validation; all others are inner training."
S000509,RFMID,NORMAL,RFMID__NORMAL,5,train,1,"For a selected inner_fold k, samples with inner_fold=k are inner validation; all others are inner training."
S000510,RFMID,NORMAL,RFMID__NORMAL,5,train,4,"For a selected inner_fold k, samples with inner_fold=k are inner validation; all others are inner training."
S000511,RFMID,NORMAL,RFMID__NORMAL,5,train,3,"For a selected inner_fold k, samples with inner_fold=k are inner validation; all others are inner training."
S000512,RFMID,NORMAL,RFMID__NORMAL,5,train,3,"For a selected inner_fold k, samples with inner_fold=k are inner validation; all others are inner training."
S000514,RFMID,NORMAL,RFMID__NORMAL,5,train,3,"For a selected inner_fold k, samples with inner_fold=k are inner validation; all others are inner training."
S000515,RFMID,NORMAL,RFMID__NORMAL,5,train,3,"For a selected inner_fold k, samples with inner_fold=k are inner validation; all others are inner training."
S000516,RFMID,NORMAL,RFMID__NORMAL,5,train,3,"For a selected inner_fold k, samples with inner_fold=k are inner validation; all others are inner training."
S000517,RFMID,NORMAL,RFMID__NORMAL,5,train,4,"For a selected inner_fold k, samples with inner_fold=k are inner validation; all others are inner training."
S000518,RFMID,NORMAL,RFMID__NORMAL,5,train,1,"For a selected inner_fold k, samples with inner_fold=k are inner validation; all others are inner training."
S000520,RFMID,NORMAL,RFMID__NORMAL,5,train,4,"For a selected inner_fold k, samples with inner_fold=k are inner validation; all others are inner training."
S000521,RFMID,NORMAL,RFMID__NORMAL,5,train,4,"For a selected inner_fold k, samples with inner_fold=k are inner validation; all others are inner training."
S000522,RFMID,NORMAL,RFMID__NORMAL,5,train,1,"For a selected inner_fold k, samples with inner_fold=k are inner validation; all others are inner training."
S000523,RFMID,NORMAL,RFMID__NORMAL,5,train,1,"For a selected inner_fold k, samples with inner_fold=k are inner validation; all others are inner training."
S000524,RFMID,NORMAL,RFMID__NORMAL,5,train,2,"For a selected inner_fold k, samples with inner_fold=k are inner validation; all others are inner training."
S000527,RFMID,NORMAL,RFMID__NORMAL,5,train,4,"For a selected inner_fold k, samples with inner_fold=k are inner validation; all others are inner training."
S000528,RFMID,NORMAL,RFMID__NORMAL,5,train,2,"For a selected inner_fold k, samples with inner_fold=k are inner validation; all others are inner training."
S000529,RFMID,NORMAL,RFMID__NORMAL,5,train,4,"For a selected inner_fold k, samples with inner_fold=k are inner validation; all others are inner training."
S000530,RFMID,NORMAL,RFMID__NORMAL,5,train,2,"For a selected inner_fold k, samples with inner_fold=k are inner validation; all others are inner training."
S000531,RFMID,NORMAL,RFMID__NORMAL,5,train,2,"For a selected inner_fold k, samples with inner_fold=k are inner validation; all others are inner training."
S000532,RFMID,NORMAL,RFMID__NORMAL,5,train,2,"For a selected inner_fold k, samples with inner_fold=k are inner validation; all others are inner training."
S000533,RFMID,NORMAL,RFMID__NORMAL,5,train,1,"For a selected inner_fold k, samples with inner_fold=k are inner validation; all others are inner training."
S000534,RFMID,NORMAL,RFMID__NORMAL,5,train,3,"For a selected inner_fold k, samples with inner_fold=k are inner validation; all others are inner training."
S000535,RFMID,NORMAL,RFMID__NORMAL,5,train,4,"For a selected inner_fold k, samples with inner_fold=k are inner validation; all others are inner training."
S000537,RFMID,AMD_DRY,RFMID__AMD_DRY,5,train,4,"For a selected inner_fold k, samples with inner_fold=k are inner validation; all others are inner training."
S000539,RFMID,AMD_DRY,RFMID__AMD_DRY,5,train,3,"For a selected inner_fold k, samples with inner_fold=k are inner validation; all others are inner training."
S000540,RFMID,AMD_DRY,RFMID__AMD_DRY,5,train,3,"For a selected inner_fold k, samples with inner_fold=k are inner validation; all others are inner training."
S000541,RFMID,AMD_DRY,RFMID__AMD_DRY,5,train,4,"For a selected inner_fold k, samples with inner_fold=k are inner validation; all others are inner training."
S000542,RFMID,AMD_DRY,RFMID__AMD_DRY,5,train,2,"For a selected inner_fold k, samples with inner_fold=k are inner validation; all others are inner training."
S000543,RFMID,AMD_DRY,RFMID__AMD_DRY,5,train,1,"For a selected inner_fold k, samples with inner_fold=k are inner validation; all others are inner training."
S000544,RFMID,AMD_WET,RFMID__AMD_WET,5,train,2,"For a selected inner_fold k, samples with inner_fold=k are inner validation; all others are inner training."
S000545,RFMID,AMD_WET,RFMID__AMD_WET,5,train,4,"For a selected inner_fold k, samples with inner_fold=k are inner validation; all others are inner training."
S000546,RFMID,AMD_WET,RFMID__AMD_WET,5,train,1,"For a selected inner_fold k, samples with inner_fold=k are inner validation; all others are inner training."
S000548,RFMID,AMD_WET,RFMID__AMD_WET,5,train,2,"For a selected inner_fold k, samples with inner_fold=k are inner validation; all others are inner training."
S000549,RFMID,AMD_WET,RFMID__AMD_WET,5,train,1,"For a selected inner_fold k, samples with inner_fold=k are inner validation; all others are inner training."
S000550,RFMID,AMD_WET,RFMID__AMD_WET,5,train,1,"For a selected inner_fold k, samples with inner_fold=k are inner validation; all others are inner training."
S000551,RFMID,AMD_WET,RFMID__AMD_WET,5,train,4,"For a selected inner_fold k, samples with inner_fold=k are inner validation; all others are inner training."
S000552,RFMID,AMD_WET,RFMID__AMD_WET,5,train,4,"For a selected inner_fold k, samples with inner_fold=k are inner validation; all others are inner training."
S000553,RFMID,AMD_WET,RFMID__AMD_WET,5,train,1,"For a selected inner_fold k, samples with inner_fold=k are inner validation; all others are inner training."
S000555,RFMID,AMD_WET,RFMID__AMD_WET,5,train,4,"For a selected inner_fold k, samples with inner_fold=k are inner validation; all others are inner training."
S000557,RFMID,AMD_WET,RFMID__AMD_WET,5,train,3,"For a selected inner_fold k, samples with inner_fold=k are inner validation; all others are inner training."
S000558,RFMID,AMD_WET,RFMID__AMD_WET,5,train,1,"For a selected inner_fold k, samples with inner_fold=k are inner validation; all others are inner training."
S000559,RFMID,AMD_WET,RFMID__AMD_WET,5,train,4,"For a selected inner_fold k, samples with inner_fold=k are inner validation; all others are inner training."
S000560,RFMID,AMD_WET,RFMID__AMD_WET,5,train,2,"For a selected inner_fold k, samples with inner_fold=k are inner validation; all others are inner training."
S000561,RFMID,AMD_WET,RFMID__AMD_WET,5,train,2,"For a selected inner_fold k, samples with inner_fold=k are inner validation; all others are inner training."
S000562,RFMID,AMD_WET,RFMID__AMD_WET,5,train,3,"For a selected inner_fold k, samples with inner_fold=k are inner validation; all others are inner training."
S000563,RFMID,AMD_WET,RFMID__AMD_WET,5,train,3,"For a selected inner_fold k, samples with inner_fold=k are inner validation; all others are inner training."
S000564,RFMID,AMD_WET,RFMID__AMD_WET,5,train,3,"For a selected inner_fold k, samples with inner_fold=k are inner validation; all others are inner training."
S000565,RFMID,AMD_WET,RFMID__AMD_WET,5,train,2,"For a selected inner_fold k, samples with inner_fold=k are inner validation; all others are inner training."
S000566,RFMID,AMD_WET,RFMID__AMD_WET,5,train,3,"For a selected inner_fold k, samples with inner_fold=k are inner validation; all others are inner training."
S000568,RFMID,AMD_WET,RFMID__AMD_WET,5,train,2,"For a selected inner_fold k, samples with inner_fold=k are inner validation; all others are inner training."
S000569,RFMID,AMD_WET,RFMID__AMD_WET,5,train,4,"For a selected inner_fold k, samples with inner_fold=k are inner validation; all others are inner training."
S000571,RFMID,AMD_WET,RFMID__AMD_WET,5,train,4,"For a selected inner_fold k, samples with inner_fold=k are inner validation; all others are inner training."
S000572,RFMID,AMD_WET,RFMID__AMD_WET,5,train,2,"For a selected inner_fold k, samples with inner_fold=k are inner validation; all others are inner training."
S000573,RFMID,AMD_WET,RFMID__AMD_WET,5,train,2,"For a selected inner_fold k, samples with inner_fold=k are inner validation; all others are inner training."
S000575,RFMID,AMD_WET,RFMID__AMD_WET,5,train,2,"For a selected inner_fold k, samples with inner_fold=k are inner validation; all others are inner training."
S000576,RFMID,AMD_WET,RFMID__AMD_WET,5,train,4,"For a selected inner_fold k, samples with inner_fold=k are inner validation; all others are inner training."
S000578,RFMID,AMD_WET,RFMID__AMD_WET,5,train,1,"For a selected inner_fold k, samples with inner_fold=k are inner validation; all others are inner training."
S000579,RFMID,AMD_WET,RFMID__AMD_WET,5,train,3,"For a selected inner_fold k, samples with inner_fold=k are inner validation; all others are inner training."
S000580,RFMID,AMD_WET,RFMID__AMD_WET,5,train,3,"For a selected inner_fold k, samples with inner_fold=k are inner validation; all others are inner training."
S000582,RFMID,AMD_WET,RFMID__AMD_WET,5,train,1,"For a selected inner_fold k, samples with inner_fold=k are inner validation; all others are inner training."
S000583,RFMID,AMD_WET,RFMID__AMD_WET,5,train,1,"For a selected inner_fold k, samples with inner_fold=k are inner validation; all others are inner training."
S000584,RFMID,AMD_WET,RFMID__AMD_WET,5,train,1,"For a selected inner_fold k, samples with inner_fold=k are inner validation; all others are inner training."
S000586,RFMID,AMD_WET,RFMID__AMD_WET,5,train,2,"For a selected inner_fold k, samples with inner_fold=k are inner validation; all others are inner training."
S000587,RFMID,AMD_WET,RFMID__AMD_WET,5,train,3,"For a selected inner_fold k, samples with inner_fold=k are inner validation; all others are inner training."
S000589,RFMID,AMD_WET,RFMID__AMD_WET,5,train,3,"For a selected inner_fold k, samples with inner_fold=k are inner validation; all others are inner training."
S000590,RFMID,AMD_WET,RFMID__AMD_WET,5,train,1,"For a selected inner_fold k, samples with inner_fold=k are inner validation; all others are inner training."
S000591,RFMID,AMD_WET,RFMID__AMD_WET,5,train,1,"For a selected inner_fold k, samples with inner_fold=k are inner validation; all others are inner training."
S000592,RFMID,AMD_WET,RFMID__AMD_WET,5,train,4,"For a selected inner_fold k, samples with inner_fold=k are inner validation; all others are inner training."
S000593,RFMID,AMD_WET,RFMID__AMD_WET,5,train,3,"For a selected inner_fold k, samples with inner_fold=k are inner validation; all others are inner training."
S000594,RFMID,AMD_WET,RFMID__AMD_WET,5,train,2,"For a selected inner_fold k, samples with inner_fold=k are inner validation; all others are inner training."
S000595,RFMID,AMD_WET,RFMID__AMD_WET,5,train,3,"For a selected inner_fold k, samples with inner_fold=k are inner validation; all others are inner training."
S000596,RFMID,AMD_WET,RFMID__AMD_WET,5,train,4,"For a selected inner_fold k, samples with inner_fold=k are inner validation; all others are inner training."
S000597,RFMID,AMD_WET,RFMID__AMD_WET,5,train,4,"For a selected inner_fold k, samples with inner_fold=k are inner validation; all others are inner training."
S000004,ADAM,AMD_DRY,ADAM__AMD_DRY,5,validation,,Outer validation sample; never used in inner tuning.
S000007,ADAM,AMD_DRY,ADAM__AMD_DRY,5,validation,,Outer validation sample; never used in inner tuning.
S000008,ADAM,AMD_DRY,ADAM__AMD_DRY,5,validation,,Outer validation sample; never used in inner tuning.
S000017,ADAM,AMD_DRY,ADAM__AMD_DRY,5,validation,,Outer validation sample; never used in inner tuning.
S000022,ADAM,AMD_DRY,ADAM__AMD_DRY,5,validation,,Outer validation sample; never used in inner tuning.
S000029,ADAM,AMD_DRY,ADAM__AMD_DRY,5,validation,,Outer validation sample; never used in inner tuning.
S000035,ADAM,AMD_DRY,ADAM__AMD_DRY,5,validation,,Outer validation sample; never used in inner tuning.
S000046,ADAM,AMD_WET,ADAM__AMD_WET,5,validation,,Outer validation sample; never used in inner tuning.
S000048,ADAM,AMD_WET,ADAM__AMD_WET,5,validation,,Outer validation sample; never used in inner tuning.
S000052,ADAM,AMD_WET,ADAM__AMD_WET,5,validation,,Outer validation sample; never used in inner tuning.
S000055,FIVES,NORMAL,FIVES__NORMAL,5,validation,,Outer validation sample; never used in inner tuning.
S000056,FIVES,NORMAL,FIVES__NORMAL,5,validation,,Outer validation sample; never used in inner tuning.
S000078,FIVES,NORMAL,FIVES__NORMAL,5,validation,,Outer validation sample; never used in inner tuning.
S000079,FIVES,NORMAL,FIVES__NORMAL,5,validation,,Outer validation sample; never used in inner tuning.
S000088,FIVES,NORMAL,FIVES__NORMAL,5,validation,,Outer validation sample; never used in inner tuning.
S000095,FIVES,NORMAL,FIVES__NORMAL,5,validation,,Outer validation sample; never used in inner tuning.
S000096,FIVES,NORMAL,FIVES__NORMAL,5,validation,,Outer validation sample; never used in inner tuning.
S000097,FIVES,NORMAL,FIVES__NORMAL,5,validation,,Outer validation sample; never used in inner tuning.
S000103,FIVES,NORMAL,FIVES__NORMAL,5,validation,,Outer validation sample; never used in inner tuning.
S000109,FIVES,NORMAL,FIVES__NORMAL,5,validation,,Outer validation sample; never used in inner tuning.
S000117,FIVES,NORMAL,FIVES__NORMAL,5,validation,,Outer validation sample; never used in inner tuning.
S000118,FIVES,NORMAL,FIVES__NORMAL,5,validation,,Outer validation sample; never used in inner tuning.
S000119,FIVES,NORMAL,FIVES__NORMAL,5,validation,,Outer validation sample; never used in inner tuning.
S000125,FIVES,NORMAL,FIVES__NORMAL,5,validation,,Outer validation sample; never used in inner tuning.
S000128,FIVES,NORMAL,FIVES__NORMAL,5,validation,,Outer validation sample; never used in inner tuning.
S000130,FIVES,NORMAL,FIVES__NORMAL,5,validation,,Outer validation sample; never used in inner tuning.
S000133,FIVES,NORMAL,FIVES__NORMAL,5,validation,,Outer validation sample; never used in inner tuning.
S000141,FIVES,NORMAL,FIVES__NORMAL,5,validation,,Outer validation sample; never used in inner tuning.
S000145,FIVES,NORMAL,FIVES__NORMAL,5,validation,,Outer validation sample; never used in inner tuning.
S000151,FIVES,NORMAL,FIVES__NORMAL,5,validation,,Outer validation sample; never used in inner tuning.
S000155,FIVES,AMD_DRY,FIVES__AMD_DRY,5,validation,,Outer validation sample; never used in inner tuning.
S000163,FIVES,AMD_DRY,FIVES__AMD_DRY,5,validation,,Outer validation sample; never used in inner tuning.
S000164,FIVES,AMD_DRY,FIVES__AMD_DRY,5,validation,,Outer validation sample; never used in inner tuning.
S000168,FIVES,AMD_WET,FIVES__AMD_WET,5,validation,,Outer validation sample; never used in inner tuning.
S000169,FIVES,AMD_WET,FIVES__AMD_WET,5,validation,,Outer validation sample; never used in inner tuning.
S000176,FIVES,AMD_WET,FIVES__AMD_WET,5,validation,,Outer validation sample; never used in inner tuning.
S000191,FIVES,AMD_WET,FIVES__AMD_WET,5,validation,,Outer validation sample; never used in inner tuning.
S000194,FIVES,AMD_WET,FIVES__AMD_WET,5,validation,,Outer validation sample; never used in inner tuning.
S000195,FIVES,AMD_WET,FIVES__AMD_WET,5,validation,,Outer validation sample; never used in inner tuning.
S000202,FIVES,AMD_WET,FIVES__AMD_WET,5,validation,,Outer validation sample; never used in inner tuning.
S000211,FIVES,AMD_WET,FIVES__AMD_WET,5,validation,,Outer validation sample; never used in inner tuning.
S000215,FIVES,AMD_WET,FIVES__AMD_WET,5,validation,,Outer validation sample; never used in inner tuning.
S000217,FIVES,AMD_WET,FIVES__AMD_WET,5,validation,,Outer validation sample; never used in inner tuning.
S000229,FIVES,AMD_WET,FIVES__AMD_WET,5,validation,,Outer validation sample; never used in inner tuning.
S000232,FIVES,AMD_WET,FIVES__AMD_WET,5,validation,,Outer validation sample; never used in inner tuning.
S000235,FIVES,AMD_WET,FIVES__AMD_WET,5,validation,,Outer validation sample; never used in inner tuning.
S000236,FIVES,AMD_WET,FIVES__AMD_WET,5,validation,,Outer validation sample; never used in inner tuning.
S000254,ODIR,NORMAL,ODIR__NORMAL,5,validation,,Outer validation sample; never used in inner tuning.
S000262,ODIR,NORMAL,ODIR__NORMAL,5,validation,,Outer validation sample; never used in inner tuning.
S000271,ODIR,NORMAL,ODIR__NORMAL,5,validation,,Outer validation sample; never used in inner tuning.
S000272,ODIR,NORMAL,ODIR__NORMAL,5,validation,,Outer validation sample; never used in inner tuning.
S000279,ODIR,NORMAL,ODIR__NORMAL,5,validation,,Outer validation sample; never used in inner tuning.
S000280,ODIR,NORMAL,ODIR__NORMAL,5,validation,,Outer validation sample; never used in inner tuning.
S000281,ODIR,NORMAL,ODIR__NORMAL,5,validation,,Outer validation sample; never used in inner tuning.
S000288,ODIR,NORMAL,ODIR__NORMAL,5,validation,,Outer validation sample; never used in inner tuning.
S000289,ODIR,NORMAL,ODIR__NORMAL,5,validation,,Outer validation sample; never used in inner tuning.
S000294,ODIR,NORMAL,ODIR__NORMAL,5,validation,,Outer validation sample; never used in inner tuning.
S000303,ODIR,NORMAL,ODIR__NORMAL,5,validation,,Outer validation sample; never used in inner tuning.
S000304,ODIR,NORMAL,ODIR__NORMAL,5,validation,,Outer validation sample; never used in inner tuning.
S000305,ODIR,NORMAL,ODIR__NORMAL,5,validation,,Outer validation sample; never used in inner tuning.
S000311,ODIR,NORMAL,ODIR__NORMAL,5,validation,,Outer validation sample; never used in inner tuning.
S000312,ODIR,NORMAL,ODIR__NORMAL,5,validation,,Outer validation sample; never used in inner tuning.
S000313,ODIR,NORMAL,ODIR__NORMAL,5,validation,,Outer validation sample; never used in inner tuning.
S000315,ODIR,NORMAL,ODIR__NORMAL,5,validation,,Outer validation sample; never used in inner tuning.
S000320,ODIR,NORMAL,ODIR__NORMAL,5,validation,,Outer validation sample; never used in inner tuning.
S000332,ODIR,NORMAL,ODIR__NORMAL,5,validation,,Outer validation sample; never used in inner tuning.
S000335,ODIR,NORMAL,ODIR__NORMAL,5,validation,,Outer validation sample; never used in inner tuning.
S000341,ODIR,NORMAL,ODIR__NORMAL,5,validation,,Outer validation sample; never used in inner tuning.
S000343,ODIR,NORMAL,ODIR__NORMAL,5,validation,,Outer validation sample; never used in inner tuning.
S000346,ODIR,NORMAL,ODIR__NORMAL,5,validation,,Outer validation sample; never used in inner tuning.
S000355,ODIR,NORMAL,ODIR__NORMAL,5,validation,,Outer validation sample; never used in inner tuning.
S000358,ODIR,NORMAL,ODIR__NORMAL,5,validation,,Outer validation sample; never used in inner tuning.
S000376,ODIR,AMD_DRY,ODIR__AMD_DRY,5,validation,,Outer validation sample; never used in inner tuning.
S000384,ODIR,AMD_DRY,ODIR__AMD_DRY,5,validation,,Outer validation sample; never used in inner tuning.
S000385,ODIR,AMD_DRY,ODIR__AMD_DRY,5,validation,,Outer validation sample; never used in inner tuning.
S000386,ODIR,AMD_DRY,ODIR__AMD_DRY,5,validation,,Outer validation sample; never used in inner tuning.
S000393,ODIR,AMD_DRY,ODIR__AMD_DRY,5,validation,,Outer validation sample; never used in inner tuning.
S000400,ODIR,AMD_DRY,ODIR__AMD_DRY,5,validation,,Outer validation sample; never used in inner tuning.
S000401,ODIR,AMD_DRY,ODIR__AMD_DRY,5,validation,,Outer validation sample; never used in inner tuning.
S000403,ODIR,AMD_DRY,ODIR__AMD_DRY,5,validation,,Outer validation sample; never used in inner tuning.
S000410,ODIR,AMD_DRY,ODIR__AMD_DRY,5,validation,,Outer validation sample; never used in inner tuning.
S000419,ODIR,AMD_DRY,ODIR__AMD_DRY,5,validation,,Outer validation sample; never used in inner tuning.
S000420,ODIR,AMD_DRY,ODIR__AMD_DRY,5,validation,,Outer validation sample; never used in inner tuning.
S000425,ODIR,AMD_DRY,ODIR__AMD_DRY,5,validation,,Outer validation sample; never used in inner tuning.
S000427,ODIR,AMD_DRY,ODIR__AMD_DRY,5,validation,,Outer validation sample; never used in inner tuning.
S000430,ODIR,AMD_DRY,ODIR__AMD_DRY,5,validation,,Outer validation sample; never used in inner tuning.
S000438,ODIR,AMD_DRY,ODIR__AMD_DRY,5,validation,,Outer validation sample; never used in inner tuning.
S000443,ODIR,AMD_DRY,ODIR__AMD_DRY,5,validation,,Outer validation sample; never used in inner tuning.
S000449,ODIR,AMD_WET,ODIR__AMD_WET,5,validation,,Outer validation sample; never used in inner tuning.
S000451,ODIR,AMD_WET,ODIR__AMD_WET,5,validation,,Outer validation sample; never used in inner tuning.
S000462,ODIR,AMD_WET,ODIR__AMD_WET,5,validation,,Outer validation sample; never used in inner tuning.
S000469,ODIR,AMD_WET,ODIR__AMD_WET,5,validation,,Outer validation sample; never used in inner tuning.
S000471,ODIR,AMD_WET,ODIR__AMD_WET,5,validation,,Outer validation sample; never used in inner tuning.
S000474,RFMID,NORMAL,RFMID__NORMAL,5,validation,,Outer validation sample; never used in inner tuning.
S000475,RFMID,NORMAL,RFMID__NORMAL,5,validation,,Outer validation sample; never used in inner tuning.
S000479,RFMID,NORMAL,RFMID__NORMAL,5,validation,,Outer validation sample; never used in inner tuning.
S000483,RFMID,NORMAL,RFMID__NORMAL,5,validation,,Outer validation sample; never used in inner tuning.
S000487,RFMID,NORMAL,RFMID__NORMAL,5,validation,,Outer validation sample; never used in inner tuning.
S000489,RFMID,NORMAL,RFMID__NORMAL,5,validation,,Outer validation sample; never used in inner tuning.
S000495,RFMID,NORMAL,RFMID__NORMAL,5,validation,,Outer validation sample; never used in inner tuning.
S000496,RFMID,NORMAL,RFMID__NORMAL,5,validation,,Outer validation sample; never used in inner tuning.
S000503,RFMID,NORMAL,RFMID__NORMAL,5,validation,,Outer validation sample; never used in inner tuning.
S000513,RFMID,NORMAL,RFMID__NORMAL,5,validation,,Outer validation sample; never used in inner tuning.
S000519,RFMID,NORMAL,RFMID__NORMAL,5,validation,,Outer validation sample; never used in inner tuning.
S000525,RFMID,NORMAL,RFMID__NORMAL,5,validation,,Outer validation sample; never used in inner tuning.
S000526,RFMID,NORMAL,RFMID__NORMAL,5,validation,,Outer validation sample; never used in inner tuning.
S000536,RFMID,AMD_DRY,RFMID__AMD_DRY,5,validation,,Outer validation sample; never used in inner tuning.
S000538,RFMID,AMD_DRY,RFMID__AMD_DRY,5,validation,,Outer validation sample; never used in inner tuning.
S000547,RFMID,AMD_WET,RFMID__AMD_WET,5,validation,,Outer validation sample; never used in inner tuning.
S000554,RFMID,AMD_WET,RFMID__AMD_WET,5,validation,,Outer validation sample; never used in inner tuning.
S000556,RFMID,AMD_WET,RFMID__AMD_WET,5,validation,,Outer validation sample; never used in inner tuning.
S000567,RFMID,AMD_WET,RFMID__AMD_WET,5,validation,,Outer validation sample; never used in inner tuning.
S000570,RFMID,AMD_WET,RFMID__AMD_WET,5,validation,,Outer validation sample; never used in inner tuning.
S000574,RFMID,AMD_WET,RFMID__AMD_WET,5,validation,,Outer validation sample; never used in inner tuning.
S000577,RFMID,AMD_WET,RFMID__AMD_WET,5,validation,,Outer validation sample; never used in inner tuning.
S000581,RFMID,AMD_WET,RFMID__AMD_WET,5,validation,,Outer validation sample; never used in inner tuning.
S000585,RFMID,AMD_WET,RFMID__AMD_WET,5,validation,,Outer validation sample; never used in inner tuning.
S000588,RFMID,AMD_WET,RFMID__AMD_WET,5,validation,,Outer validation sample; never used in inner tuning.
