sample_id,preprocessed_source,preprocessed_destination,preprocessed_sha256,roi_source,roi_destination,roi_sha256
S000001,Preprocess_597\AMD_DRY\101.jpg,FINAL_normal_provenance_production_v3\Preprocessed_594\S000001.jpg,82a17e39b21469eb61a190754eb883af7fd58583eeea6a96edaa4e9a159d9452,ROI_597\AMD_DRY\101.jpg,FINAL_normal_provenance_production_v3\ROI_594\S000001.jpg,3a4858ec6278ab7f0686e50e77c933bbd1d45fa2f56a26a7a867fe31080bedbf
S000002,Preprocess_597\AMD_DRY\104.jpg,FINAL_normal_provenance_production_v3\Preprocessed_594\S000002.jpg,3d63ea864f81d13c998baa654289dfc1ea31ae1cdb6dcda0b21dae9adf01a780,ROI_597\AMD_DRY\104.jpg,FINAL_normal_provenance_production_v3\ROI_594\S000002.jpg,c97cce9d04819ccd16a94f00b1150574333879a04eae8813e3d38a328bf5511f
S000003,Preprocess_597\AMD_DRY\111.jpg,FINAL_normal_provenance_production_v3\Preprocessed_594\S000003.jpg,73975d03bf2722deec6a784201647581e95318dbe34479c011431a1b83336aae,ROI_597\AMD_DRY\111.jpg,FINAL_normal_provenance_production_v3\ROI_594\S000003.jpg,54c4c01c286e761b9c1ccf967d2aa576707980b564ddd67c38ffdb899d0917e7
S000004,Preprocess_597\AMD_DRY\112.jpg,FINAL_normal_provenance_production_v3\Preprocessed_594\S000004.jpg,e97d8bbf15ad749fccc3ecb386bd5e83414added73e245f6651b7d10da41babd,ROI_597\AMD_DRY\112.jpg,FINAL_normal_provenance_production_v3\ROI_594\S000004.jpg,07322cc26a7587dd3787cd7fe393bc67d4694aa7834cc12f581c1753ecd25027
S000005,Preprocess_597\AMD_DRY\113.jpg,FINAL_normal_provenance_production_v3\Preprocessed_594\S000005.jpg,588130e29200b82335a154e2d7b4be698912a0f1bfafe6d260abc651abd5d004,ROI_597\AMD_DRY\113.jpg,FINAL_normal_provenance_production_v3\ROI_594\S000005.jpg,90618010e096c54cb168ca709a912c198fcebe19d5c2287213cafc082d6b368f
S000006,Preprocess_597\AMD_DRY\114.jpg,FINAL_normal_provenance_production_v3\Preprocessed_594\S000006.jpg,6b664c283d10af27398e42afdadd85ef2d4cf55af53ae848b76ed24ac45595bb,ROI_597\AMD_DRY\114.jpg,FINAL_normal_provenance_production_v3\ROI_594\S000006.jpg,7a590602bd1ada0fec4bb6bde45681f7dfd2cfbbdf463f6926bf84e6b36e6356
S000007,Preprocess_597\AMD_DRY\115.jpg,FINAL_normal_provenance_production_v3\Preprocessed_594\S000007.jpg,33727be225cd51ea4ff1d9619a96bd99ceacf95bae8432f70e66c4f97f291892,ROI_597\AMD_DRY\115.jpg,FINAL_normal_provenance_production_v3\ROI_594\S000007.jpg,4c8bbb31f0dcf19601450d2dd03600c0536a4cf22903d115ae716fde73f9af70
S000008,Preprocess_597\AMD_DRY\116.jpg,FINAL_normal_provenance_production_v3\Preprocessed_594\S000008.jpg,b2daf54fd37f0da83c7aab3195a6b1cb835eb511f55c0cbd36a0c08c7c4ad914,ROI_597\AMD_DRY\116.jpg,FINAL_normal_provenance_production_v3\ROI_594\S000008.jpg,3117746c2868a1ab31a26333b0c191bdda1a7b1daa80f94a3190cafce0302746
S000009,Preprocess_597\AMD_DRY\117.jpg,FINAL_normal_provenance_production_v3\Preprocessed_594\S000009.jpg,4ab34b943809a121a6f0e44a45b49963eebd73af2cc11e5d3033b6bde7b5d97b,ROI_597\AMD_DRY\117.jpg,FINAL_normal_provenance_production_v3\ROI_594\S000009.jpg,3ad102729e31b21d9038d48cf71cc92c27d6b15e682c5322d682acf86bd75bb9
S000010,Preprocess_597\AMD_DRY\120.jpg,FINAL_normal_provenance_production_v3\Preprocessed_594\S000010.jpg,b825110a84b7d1e44957906bf2d4aa84892b6cc7867bcc7b910d6a484677856c,ROI_597\AMD_DRY\120.jpg,FINAL_normal_provenance_production_v3\ROI_594\S000010.jpg,b5650071faf0a5d9559eaf44c69de9803600aaeec86aa7b3af05db1219eeef1d
S000011,Preprocess_597\AMD_DRY\121.jpg,FINAL_normal_provenance_production_v3\Preprocessed_594\S000011.jpg,f8528dbd829e1fcffc1b8bae55e096dbd9a326e8940b28caff98528b15ce30f1,ROI_597\AMD_DRY\121.jpg,FINAL_normal_provenance_production_v3\ROI_594\S000011.jpg,e2ce059d3ebf5559258a3f491d58c365645c8fcf5140338c5adcf0d0a2821d06
S000012,Preprocess_597\AMD_DRY\122.jpg,FINAL_normal_provenance_production_v3\Preprocessed_594\S000012.jpg,462568603829165e243b8ce479c9d87d5f4ff7e830e5a741953c463d55b362c8,ROI_597\AMD_DRY\122.jpg,FINAL_normal_provenance_production_v3\ROI_594\S000012.jpg,98f24f7189e7b58419d29553078a31b7fe3e9166e3a827488a0698e4a8512b96
S000013,Preprocess_597\AMD_DRY\123.jpg,FINAL_normal_provenance_production_v3\Preprocessed_594\S000013.jpg,47d97aa4987cc8694da7db0a35995a754078f3a98721e30744fe280e1e1c4780,ROI_597\AMD_DRY\123.jpg,FINAL_normal_provenance_production_v3\ROI_594\S000013.jpg,931e033cea403dd5da5b78ea754da44d9aa37ccb0568d215bff86d696dc857b4
S000014,Preprocess_597\AMD_DRY\125.jpg,FINAL_normal_provenance_production_v3\Preprocessed_594\S000014.jpg,02d0d98f27309fb0cf5a8cfa913428a301b2497eb957912f8467732bd0c43552,ROI_597\AMD_DRY\125.jpg,FINAL_normal_provenance_production_v3\ROI_594\S000014.jpg,b2b8799fac73678cdec9c94e7441fe471ccd976244205fa3d5fdd96bebf27a8e
S000015,Preprocess_597\AMD_DRY\127.jpg,FINAL_normal_provenance_production_v3\Preprocessed_594\S000015.jpg,47e9890d7bf88dfd511ba3716b6ab0fe7ce39ebf4ba111a23fe25a0e2eaed481,ROI_597\AMD_DRY\127.jpg,FINAL_normal_provenance_production_v3\ROI_594\S000015.jpg,15084df4314ac776a002c3e2947c15dfc1feaee7fb58c1aaa44b5ba1ec705829
S000016,Preprocess_597\AMD_DRY\131.jpg,FINAL_normal_provenance_production_v3\Preprocessed_594\S000016.jpg,ccff8ccd2f7d854b139d9550dd66aaa0bf8a4787f5a3eb54fcdb73a537d2ae47,ROI_597\AMD_DRY\131.jpg,FINAL_normal_provenance_production_v3\ROI_594\S000016.jpg,a17ca9808f054b3792df3dd41b3babb8556c7893e498e4374d55a76a33b01a99
S000017,Preprocess_597\AMD_DRY\132.jpg,FINAL_normal_provenance_production_v3\Preprocessed_594\S000017.jpg,37b75192c67499685a9d05cc77218f6852281613cde9ac590406c5b5be55f18e,ROI_597\AMD_DRY\132.jpg,FINAL_normal_provenance_production_v3\ROI_594\S000017.jpg,2a5de18ad0700bd3d335c7bb856d68a30e9e2980013fe84e82502b55af2d0933
S000018,Preprocess_597\AMD_DRY\133.jpg,FINAL_normal_provenance_production_v3\Preprocessed_594\S000018.jpg,29874efb8fee55f5c3ae5890fcad9552e003d5260bcfad85bbe2d370e1ddab8f,ROI_597\AMD_DRY\133.jpg,FINAL_normal_provenance_production_v3\ROI_594\S000018.jpg,fdc1b540a75f5a05ba97a9a4f74a32251580d9dc03e2ed3717ecab4d478b1fb3
S000019,Preprocess_597\AMD_DRY\134.jpg,FINAL_normal_provenance_production_v3\Preprocessed_594\S000019.jpg,dae08c5818ccfe81b14ba8e37ccf5ef7a60a3f565a02b5ddfb045de4f234912e,ROI_597\AMD_DRY\134.jpg,FINAL_normal_provenance_production_v3\ROI_594\S000019.jpg,a6657eb968c297b0e644fcccfc932be9f26c57b1aed8b80332e8045c4bc9fb47
S000020,Preprocess_597\AMD_DRY\136.jpg,FINAL_normal_provenance_production_v3\Preprocessed_594\S000020.jpg,5496c7d8b30f1f4754f71d19f15ff82c9c6d782e85423937ae14c95e0a2aee74,ROI_597\AMD_DRY\136.jpg,FINAL_normal_provenance_production_v3\ROI_594\S000020.jpg,bf99616a007291f54eff357992179d4a54fd1bad9f88dadda89839ccd688b335
S000021,Preprocess_597\AMD_DRY\137.jpg,FINAL_normal_provenance_production_v3\Preprocessed_594\S000021.jpg,2bed1fcee303a192cb211073e006d599384c47ba4b7932027b627064eee1f9a4,ROI_597\AMD_DRY\137.jpg,FINAL_normal_provenance_production_v3\ROI_594\S000021.jpg,26fd9eca248fd0222dce93b2795291d9166393e5e533a16185b8e20acaf2d046
S000022,Preprocess_597\AMD_DRY\72.jpg,FINAL_normal_provenance_production_v3\Preprocessed_594\S000022.jpg,b8f75a4e86a74e72beeb118b7982ef166dae462638b4e454e5da4398ea26ec0c,ROI_597\AMD_DRY\72.jpg,FINAL_normal_provenance_production_v3\ROI_594\S000022.jpg,caaa75897e894d7aca0e74cf5ee36a00ba243da4d331665f560b744ca171aec9
S000023,Preprocess_597\AMD_DRY\74.jpg,FINAL_normal_provenance_production_v3\Preprocessed_594\S000023.jpg,ca53c4df8a73d934afb104983517b4dd34c9837eb83442dcaed410031626688b,ROI_597\AMD_DRY\74.jpg,FINAL_normal_provenance_production_v3\ROI_594\S000023.jpg,a95386159e29a3e5b13c27073e0aa324c5d67e097b79a307e28888d795841447
S000024,Preprocess_597\AMD_DRY\75.jpg,FINAL_normal_provenance_production_v3\Preprocessed_594\S000024.jpg,dd0ccee66d120c4621e5579772f1ff0c2b7148e690acbfe5a8f234cae7875de3,ROI_597\AMD_DRY\75.jpg,FINAL_normal_provenance_production_v3\ROI_594\S000024.jpg,d0a4ab9e0935e0f30752c933ab0c0f80d53aed8c4a9327b6e26722784e33b2d8
S000025,Preprocess_597\AMD_DRY\76.jpg,FINAL_normal_provenance_production_v3\Preprocessed_594\S000025.jpg,9fdaad162fcf6b71045a6f37596a97441cf96ec296d6ed682e63a48ba66fb674,ROI_597\AMD_DRY\76.jpg,FINAL_normal_provenance_production_v3\ROI_594\S000025.jpg,dede4c4f9dd4604bfa309e99559cc784791923488e06e3c445795e38e2077570
S000026,Preprocess_597\AMD_DRY\78.jpg,FINAL_normal_provenance_production_v3\Preprocessed_594\S000026.jpg,7e566276e9d659e2386be5199bfdb6afcc1b9bea3beced67a905dd5c47a025fe,ROI_597\AMD_DRY\78.jpg,FINAL_normal_provenance_production_v3\ROI_594\S000026.jpg,199fa5e43cd9c8311a8db6cff12e3c5a0822732241b298be3bd117d080b5bff5
S000027,Preprocess_597\AMD_DRY\81.jpg,FINAL_normal_provenance_production_v3\Preprocessed_594\S000027.jpg,ca874c2d95b80465d8c1e6718b0e010f709406f7753a6152ba976997f3c9489d,ROI_597\AMD_DRY\81.jpg,FINAL_normal_provenance_production_v3\ROI_594\S000027.jpg,f2347003dbc2b54a0d6dcfd88e05e923c04d76e36f392fb9d1c0d14793838f47
S000028,Preprocess_597\AMD_DRY\83.jpg,FINAL_normal_provenance_production_v3\Preprocessed_594\S000028.jpg,9d49434ec95cea00790d18c3d0191feedad10d569022d39f5430b9f9155f1de6,ROI_597\AMD_DRY\83.jpg,FINAL_normal_provenance_production_v3\ROI_594\S000028.jpg,ddd656fe465d9fb0172a3c85980ccfc98ba1eab5275dbe64b10fb668a9d2c04b
S000029,Preprocess_597\AMD_DRY\87.jpg,FINAL_normal_provenance_production_v3\Preprocessed_594\S000029.jpg,b35dea53fe787a3b4b4a3a0e0c6a3750ac4e536cfac7cf5ccc30e47d3934d425,ROI_597\AMD_DRY\87.jpg,FINAL_normal_provenance_production_v3\ROI_594\S000029.jpg,c354b35597a200bee2e8320439ecdf93de3b663ca1a126fb227ff32834fd406a
S000030,Preprocess_597\AMD_DRY\89.jpg,FINAL_normal_provenance_production_v3\Preprocessed_594\S000030.jpg,b9eadeac6f29dab810924add227c88278134c343f98ae4294c96ecfde9615538,ROI_597\AMD_DRY\89.jpg,FINAL_normal_provenance_production_v3\ROI_594\S000030.jpg,e5d721195d28b2dfd05902124784f3daa8cffa1b6fc23128e0a6b0c159c37947
S000031,Preprocess_597\AMD_DRY\90.jpg,FINAL_normal_provenance_production_v3\Preprocessed_594\S000031.jpg,66d672cc7cea99f3b400e6d62262be0ac6c601495bfbcdcb218c3fa10a7f0044,ROI_597\AMD_DRY\90.jpg,FINAL_normal_provenance_production_v3\ROI_594\S000031.jpg,fad6949697a76d283b0dd5dd0878d686f2b06d5f55218137bdf2dec73854c0a5
S000032,Preprocess_597\AMD_DRY\92.jpg,FINAL_normal_provenance_production_v3\Preprocessed_594\S000032.jpg,57e3bb7d4c8fe80ec2fa391157ae5231968bcd08ac7de239974c1ccb7c475b13,ROI_597\AMD_DRY\92.jpg,FINAL_normal_provenance_production_v3\ROI_594\S000032.jpg,02c8f3e5d36bfd1eba93fa8be7bbbbab0c398cae44595fc60bfb87bb12418f8b
S000033,Preprocess_597\AMD_DRY\94.jpg,FINAL_normal_provenance_production_v3\Preprocessed_594\S000033.jpg,07486391a2fdfe4bd02c5e25ea38211ad9e5658796614a6fac3f6d50fbe5a4d0,ROI_597\AMD_DRY\94.jpg,FINAL_normal_provenance_production_v3\ROI_594\S000033.jpg,5ff3cc56a4bc1dd8b2b72e95d6764c31560423f71bc28480d6a66bffd9054716
S000034,Preprocess_597\AMD_DRY\95.jpg,FINAL_normal_provenance_production_v3\Preprocessed_594\S000034.jpg,66beef3f8a2fb6164e7d8cd497cb82844ed9678aa857c78be5ff5a2f14864983,ROI_597\AMD_DRY\95.jpg,FINAL_normal_provenance_production_v3\ROI_594\S000034.jpg,92fcee22bb8b8da7641dda546895cada76a355963c3f4736ec690174c9ca67e9
S000035,Preprocess_597\AMD_DRY\98.jpg,FINAL_normal_provenance_production_v3\Preprocessed_594\S000035.jpg,b07ab1515ba651abc9e4039d9b8760ae9869b750b7d1aaf52277807092b3ab6e,ROI_597\AMD_DRY\98.jpg,FINAL_normal_provenance_production_v3\ROI_594\S000035.jpg,d0d3cc3f883516fedb4d33c9f966335b59bf8776b2fdcd983d7f8ea9a6a1d8ed
S000036,Preprocess_597\AMD_WET\119.jpg,FINAL_normal_provenance_production_v3\Preprocessed_594\S000036.jpg,f708696d5d89a70fb1d51890cc51222724168d95644747e83d1c8db87f18b1ec,ROI_597\AMD_WET\119.jpg,FINAL_normal_provenance_production_v3\ROI_594\S000036.jpg,e264d8ece0411dffec3178684f5cd254303c063e35c6c234a20dde1894951a1e
S000037,Preprocess_597\AMD_WET\126.jpg,FINAL_normal_provenance_production_v3\Preprocessed_594\S000037.jpg,c7ddba6794de8059ddb226841a8b71eae9a80653b6c768d5a0c1d002d480b0fb,ROI_597\AMD_WET\126.jpg,FINAL_normal_provenance_production_v3\ROI_594\S000037.jpg,04cdc244830ee9c02bc803a577aa6dc4b0b0fd9caecdc3c4dbc5502bbd76e8dd
S000038,Preprocess_597\AMD_WET\128.jpg,FINAL_normal_provenance_production_v3\Preprocessed_594\S000038.jpg,547676e468bb478f5cf5293109bd39384ceed4c8bbab0435ef11d818fdcc97bd,ROI_597\AMD_WET\128.jpg,FINAL_normal_provenance_production_v3\ROI_594\S000038.jpg,9e06b9a9d47d534229d5407bb2d400cd4b6b0bf48fe77b23affe321654ea964f
S000039,Preprocess_597\AMD_WET\130.jpg,FINAL_normal_provenance_production_v3\Preprocessed_594\S000039.jpg,ac9b92b059189664e1af9092cdaab081ffc789548a11919a5e94004a880343c9,ROI_597\AMD_WET\130.jpg,FINAL_normal_provenance_production_v3\ROI_594\S000039.jpg,b58ecbeb64b6aed2544e20a53ad0ba3b0ac7dfffca0a8ba6fb78b11b834075a0
S000040,Preprocess_597\AMD_WET\66.jpg,FINAL_normal_provenance_production_v3\Preprocessed_594\S000040.jpg,d5d6318148952375f3b150958998b8898c607970df0277d6404db92e4325b3e8,ROI_597\AMD_WET\66.jpg,FINAL_normal_provenance_production_v3\ROI_594\S000040.jpg,4f49ae1893205145f577a9544f068d20ea3defe602fd71906ed623d52767e2b4
S000041,Preprocess_597\AMD_WET\67.jpg,FINAL_normal_provenance_production_v3\Preprocessed_594\S000041.jpg,7ba58ee50062e44e3aa6f368801d80601ef5c4c5f9219592d82514cc6208472b,ROI_597\AMD_WET\67.jpg,FINAL_normal_provenance_production_v3\ROI_594\S000041.jpg,0de8eb00887c3e5e31f75bff27948803ca01034620b6ffec5214842342f000c2
S000042,Preprocess_597\AMD_WET\68.jpg,FINAL_normal_provenance_production_v3\Preprocessed_594\S000042.jpg,b2b902f6129a25a581d97bce334f3b24983d896749ab840f76f10429be2033af,ROI_597\AMD_WET\68.jpg,FINAL_normal_provenance_production_v3\ROI_594\S000042.jpg,04ee6116c5dcca18f8af8ee853bbac3d97d3f12444d81bcb2eb19fda0b2900ae
S000043,Preprocess_597\AMD_WET\73.jpg,FINAL_normal_provenance_production_v3\Preprocessed_594\S000043.jpg,3266e62a6227311145186b31c4bb1526dc26536709f0db8d7a4f26ad1d1e8c81,ROI_597\AMD_WET\73.jpg,FINAL_normal_provenance_production_v3\ROI_594\S000043.jpg,3a8976f16e15765bc667b6fe63f4398f9a2e30103b041356518463d117a60464
S000044,Preprocess_597\AMD_WET\79.jpg,FINAL_normal_provenance_production_v3\Preprocessed_594\S000044.jpg,f91b6a9ec04e4c9311a51dcf62324fb9556770d64106d3e236b210c50a739e50,ROI_597\AMD_WET\79.jpg,FINAL_normal_provenance_production_v3\ROI_594\S000044.jpg,1991ca639062e9a66157c8870da82ac39cd688f9f75151a00de5a30e8b24fbb9
S000045,Preprocess_597\AMD_WET\80.jpg,FINAL_normal_provenance_production_v3\Preprocessed_594\S000045.jpg,f8142878663b6adaadf9a7363340f448ab2e989e7454873dedb3f58d88e703e9,ROI_597\AMD_WET\80.jpg,FINAL_normal_provenance_production_v3\ROI_594\S000045.jpg,7352dac8522b323642e93f6d43cf234146094dfbe790b3e7fa135134eac3b348
S000046,Preprocess_597\AMD_WET\82.jpg,FINAL_normal_provenance_production_v3\Preprocessed_594\S000046.jpg,431be9718eb8875b82794837f8ade6e947daae34d5f3056f9dac767f0acf7b86,ROI_597\AMD_WET\82.jpg,FINAL_normal_provenance_production_v3\ROI_594\S000046.jpg,267f226e335eb1076ccc9c7e3b68d9d4fd9ae049f82a19dec6961f90e78b784e
S000047,Preprocess_597\AMD_WET\84.jpg,FINAL_normal_provenance_production_v3\Preprocessed_594\S000047.jpg,148de554b6ad72faff99859319838e68219c15d42df6ff6400f2ac2cf7fec8e5,ROI_597\AMD_WET\84.jpg,FINAL_normal_provenance_production_v3\ROI_594\S000047.jpg,969ecb96f81a97bd8ce998b7c1cf8ec7901272871cdc765f8e6174f47c65b4c8
S000048,Preprocess_597\AMD_WET\85.jpg,FINAL_normal_provenance_production_v3\Preprocessed_594\S000048.jpg,e1d3e13b62215e159cd6f0636e5a4f9e131480056b11795b95e474416805d57e,ROI_597\AMD_WET\85.jpg,FINAL_normal_provenance_production_v3\ROI_594\S000048.jpg,38a1f51dafcf0fdfe8c2ebf9c8528613b4bedc4e6c010e5700d0e5fbcde47752
S000049,Preprocess_597\AMD_WET\88.jpg,FINAL_normal_provenance_production_v3\Preprocessed_594\S000049.jpg,9a019c570957229f25d27dbb5e8931e6a98ccee93992f9dc6181a2ea0bbf6185,ROI_597\AMD_WET\88.jpg,FINAL_normal_provenance_production_v3\ROI_594\S000049.jpg,8dcbf6f0006bf924cc86f05be4c1c331f9d176f5b330ef59f8ff016b5ae4a556
S000050,Preprocess_597\AMD_WET\91.jpg,FINAL_normal_provenance_production_v3\Preprocessed_594\S000050.jpg,f68c22f4f310ff7051c02d41e464e8987777aef5bed3eb2c521b243be5daef16,ROI_597\AMD_WET\91.jpg,FINAL_normal_provenance_production_v3\ROI_594\S000050.jpg,6eef6e53d3f1168153bb964d58f2afa7262c25f2ba23b865a83d2d8d651a4acf
S000051,Preprocess_597\AMD_WET\93.jpg,FINAL_normal_provenance_production_v3\Preprocessed_594\S000051.jpg,51c15af60afe131b684febaae124288ba460fed2ae1f679ca01b41d59f1ccbf4,ROI_597\AMD_WET\93.jpg,FINAL_normal_provenance_production_v3\ROI_594\S000051.jpg,da3c2fb1099b781f295d6c3d290f6b29d94173536f3027ecf1593467de467e88
S000052,Preprocess_597\AMD_WET\97.jpg,FINAL_normal_provenance_production_v3\Preprocessed_594\S000052.jpg,d47859d8d2788585eec61ead929acbcab77a0d9cadc2fd0c911ca33a4b5b56aa,ROI_597\AMD_WET\97.jpg,FINAL_normal_provenance_production_v3\ROI_594\S000052.jpg,8c009dc4990a0b3c26310354fd3c89841f63f2cc0b5fed87c20998e589276805
S000053,Preprocess_597\NORMAL\716.png,FINAL_normal_provenance_production_v3\Preprocessed_594\S000053.png,a7b603207dc08ca6baa2f4e2eb85b2427efcf4a7e97d246907cd540976d1fe15,ROI_597\NORMAL\716.png,FINAL_normal_provenance_production_v3\ROI_594\S000053.png,637e6e70c0dfebccdc0c92e24482b83b5ba9ba6b1a7d3ac0185da70f066fd539
S000054,Preprocess_597\NORMAL\718.png,FINAL_normal_provenance_production_v3\Preprocessed_594\S000054.png,595c4b28c02ab2e84f9ef8b83f905590cc13bc35e3e10c386a5bd61642bf16bf,ROI_597\NORMAL\718.png,FINAL_normal_provenance_production_v3\ROI_594\S000054.png,e56ab8ee15849d0cec4ecc6f0a532b196d73ae1146ca24d5a356c32bbc0ae814
S000055,Preprocess_597\NORMAL\719.png,FINAL_normal_provenance_production_v3\Preprocessed_594\S000055.png,f2fa7eaa6bd803c0dba49aea7f0fd873638aadc6723de435252742142206743b,ROI_597\NORMAL\719.png,FINAL_normal_provenance_production_v3\ROI_594\S000055.png,e351a376f05ff8d0a77d011e85de89b8592b7b154bebcae6beb11faba0d9820c
S000056,Preprocess_597\NORMAL\720.png,FINAL_normal_provenance_production_v3\Preprocessed_594\S000056.png,555d654299a04fe65e8ca00b8ebdc63f811d4b9c8c1729549d169e01ec2aeab8,ROI_597\NORMAL\720.png,FINAL_normal_provenance_production_v3\ROI_594\S000056.png,92111d6615e0f2ba22321cb1e283934301348b128639e45a0dbea0677dcec062
S000057,Preprocess_597\NORMAL\721.png,FINAL_normal_provenance_production_v3\Preprocessed_594\S000057.png,76f525b8585efd2855434ff38e153515c63e6d7bf19e43ed289ca7108c8a89a4,ROI_597\NORMAL\721.png,FINAL_normal_provenance_production_v3\ROI_594\S000057.png,02a1685abafa9cf35b5123d1dcdb78b5dbc0f029d875d806ce8c94e032aec741
S000058,Preprocess_597\NORMAL\723.png,FINAL_normal_provenance_production_v3\Preprocessed_594\S000058.png,b3b3a3df9a2cac1341c2444194035132bf11e0f2ced3963318f7e24ab690d52a,ROI_597\NORMAL\723.png,FINAL_normal_provenance_production_v3\ROI_594\S000058.png,a4719b8a0fdedacc669cc1c69ee0ca432394f11b76bbf4ffe362f13f21c40761
S000059,Preprocess_597\NORMAL\724.png,FINAL_normal_provenance_production_v3\Preprocessed_594\S000059.png,06b10e9d0b982a0663826113117abe33c2c4092458b9009084ef9441c1cf1c04,ROI_597\NORMAL\724.png,FINAL_normal_provenance_production_v3\ROI_594\S000059.png,92bb34233d65474ef4f2229fc383adb7d3f677b054a883c1d098e6cbdc83f50d
S000060,Preprocess_597\NORMAL\725.png,FINAL_normal_provenance_production_v3\Preprocessed_594\S000060.png,0ac022650737fcf0e8035d73389eb8d2d3bbc2a97c8e67efc48bff1e1a311988,ROI_597\NORMAL\725.png,FINAL_normal_provenance_production_v3\ROI_594\S000060.png,9b6b68636c876e6a0db3bd8d6f30058f7f5e8b612124d53c6477e0c8209c7a1c
S000061,Preprocess_597\NORMAL\726.png,FINAL_normal_provenance_production_v3\Preprocessed_594\S000061.png,011a891eff2ed24283c457a08fefc34bcb144073989b6c3a123e7c4b097539ee,ROI_597\NORMAL\726.png,FINAL_normal_provenance_production_v3\ROI_594\S000061.png,564c63def30a5e449a71c4cc587d0ea333cf5f861b954e6703cb7b60feea691e
S000062,Preprocess_597\NORMAL\728.png,FINAL_normal_provenance_production_v3\Preprocessed_594\S000062.png,c2cccbd2b6dca1c92e9d4191e79a7423df5d42d718520af842345d878c618452,ROI_597\NORMAL\728.png,FINAL_normal_provenance_production_v3\ROI_594\S000062.png,9050ceca5a4f98f24db10d10825b779a76f7b18424f9e7d8fa15ecb75ffa093f
S000063,Preprocess_597\NORMAL\729.png,FINAL_normal_provenance_production_v3\Preprocessed_594\S000063.png,509ea018c716221442f209923eda02fd56e0cedf827d212cb8c84e468c6fc6e6,ROI_597\NORMAL\729.png,FINAL_normal_provenance_production_v3\ROI_594\S000063.png,d0393b1a9ade24bade753234e0afeac9c59a6ff14660b2fc6d41e7eaa2fefed9
S000064,Preprocess_597\NORMAL\730.png,FINAL_normal_provenance_production_v3\Preprocessed_594\S000064.png,e893506a5880de0693ef87bb27404b5b3514058131117f09882f3475165857a5,ROI_597\NORMAL\730.png,FINAL_normal_provenance_production_v3\ROI_594\S000064.png,4d5ef7c41d6ff5b00138cfc14caae06621fb50d7e94b70e79354d30f2b35b607
S000065,Preprocess_597\NORMAL\731.png,FINAL_normal_provenance_production_v3\Preprocessed_594\S000065.png,f904832532e570560aa7cc6fad91ce11a1fd3ddf339030bf4cb78caf1ab3e371,ROI_597\NORMAL\731.png,FINAL_normal_provenance_production_v3\ROI_594\S000065.png,dc1dd7cce92a3c524bf8f5f9b3aa3542d272cf9f553de1fd2fcfda141d29c4f5
S000066,Preprocess_597\NORMAL\732.png,FINAL_normal_provenance_production_v3\Preprocessed_594\S000066.png,fbc4c46f61ff7ff0b79c6134be3c9ee8c54e5e7186552dc1bbb80938a4eea213,ROI_597\NORMAL\732.png,FINAL_normal_provenance_production_v3\ROI_594\S000066.png,45f66a42c66a3365d1601b6f46545a7ca7dc19f33407e3032aa72a355a7658bb
S000067,Preprocess_597\NORMAL\733.png,FINAL_normal_provenance_production_v3\Preprocessed_594\S000067.png,7edc0f117c370f867ddaf3fbc3bae90847f1547aa91840a9ff95738c7a1bffd2,ROI_597\NORMAL\733.png,FINAL_normal_provenance_production_v3\ROI_594\S000067.png,1998f80b2eecce7cde43625b9a1e140a0ea264257ec498427fceda6e4b282364
S000068,Preprocess_597\NORMAL\735.png,FINAL_normal_provenance_production_v3\Preprocessed_594\S000068.png,86606605c8f8a831b5d68a178fee1b2c2baa7efcc15714ba8107c9d05b75a7bd,ROI_597\NORMAL\735.png,FINAL_normal_provenance_production_v3\ROI_594\S000068.png,6c573ed2a618713a28830293a58022e920c79eb8e607df19b9c3f161d5a5bdec
S000069,Preprocess_597\NORMAL\736.png,FINAL_normal_provenance_production_v3\Preprocessed_594\S000069.png,c421d2d54193f9347c69acc0e2bc79c4dc0122d12b65335a711132f03afdede9,ROI_597\NORMAL\736.png,FINAL_normal_provenance_production_v3\ROI_594\S000069.png,f01c0cf095e6bf2d410379ffaf99c7e37e27757faf0d6c860b783383cb073f47
S000070,Preprocess_597\NORMAL\737.png,FINAL_normal_provenance_production_v3\Preprocessed_594\S000070.png,82e25a05bc08029ebf832f3fa4da30975549d02ebcfc7cdea87eb86658a63702,ROI_597\NORMAL\737.png,FINAL_normal_provenance_production_v3\ROI_594\S000070.png,8c351a1048dd791b9ea4ca09bdf086566ea3bfeef65eafaa613aa803fe2ec3a7
S000071,Preprocess_597\NORMAL\738.png,FINAL_normal_provenance_production_v3\Preprocessed_594\S000071.png,9d84f38b0fce2cfc3270e30503964b6fc538e4a828e5253c5f77b4bdf6d12b3e,ROI_597\NORMAL\738.png,FINAL_normal_provenance_production_v3\ROI_594\S000071.png,16131d35cef0570de27230f2eac51ea81fb14a867a78514f024d4d7877dcd411
S000072,Preprocess_597\NORMAL\739.png,FINAL_normal_provenance_production_v3\Preprocessed_594\S000072.png,a5971a6a853abfa7cd22785760482a752075a61787360824e7d5ceb66d8450e8,ROI_597\NORMAL\739.png,FINAL_normal_provenance_production_v3\ROI_594\S000072.png,41f97defaa8c62e6ecbe031d36c50d9d2ea53343c110364f0d359ba016e890e4
S000073,Preprocess_597\NORMAL\740.png,FINAL_normal_provenance_production_v3\Preprocessed_594\S000073.png,2653dd82033f052710da4492ae3786d72f252b8d53a9fcf662835226a673b59a,ROI_597\NORMAL\740.png,FINAL_normal_provenance_production_v3\ROI_594\S000073.png,09547bbede17caef86dc7194d2f7d722f4033810a5bb96bad611acd89d153d13
S000074,Preprocess_597\NORMAL\741.png,FINAL_normal_provenance_production_v3\Preprocessed_594\S000074.png,f27b797e303f4bdb2ae12d72c6aeb4d6f85bc47ff3d16f78ca97acb10dacce5c,ROI_597\NORMAL\741.png,FINAL_normal_provenance_production_v3\ROI_594\S000074.png,da535e0441f1535c5dd48725b64cec2324baf2c629fe061110be77363c8ebaf3
S000075,Preprocess_597\NORMAL\742.png,FINAL_normal_provenance_production_v3\Preprocessed_594\S000075.png,07a0dc26f55c25a81b2a727a185dafb7511cf4f849e63c4d2fb3e52d91f16019,ROI_597\NORMAL\742.png,FINAL_normal_provenance_production_v3\ROI_594\S000075.png,8d8bf5ed696eb03bac08cb697e7cb838b37545e29635f9ab125436d421c0e78e
S000076,Preprocess_597\NORMAL\743.png,FINAL_normal_provenance_production_v3\Preprocessed_594\S000076.png,6a24d054c40b2e3598a42fb16c8d9210810d650d3a92caa090227a88f2ebf005,ROI_597\NORMAL\743.png,FINAL_normal_provenance_production_v3\ROI_594\S000076.png,7b6ffa210580e65c010642ea5f0c09a1bfff5a669e101b0e20a67fec4b3817f7
S000077,Preprocess_597\NORMAL\744.png,FINAL_normal_provenance_production_v3\Preprocessed_594\S000077.png,ba2ab4089af90adc3f690f9a0d756e1abcc1883af3647c6bdf53ea418b61e307,ROI_597\NORMAL\744.png,FINAL_normal_provenance_production_v3\ROI_594\S000077.png,998c8a8ef701bb11eded3470984466104a21dc9cd27963a7503a943057b888da
S000078,Preprocess_597\NORMAL\745.png,FINAL_normal_provenance_production_v3\Preprocessed_594\S000078.png,124fa971ec5fa346ce30e7890ba0054deecc1e6d2c6be910c60c117645637511,ROI_597\NORMAL\745.png,FINAL_normal_provenance_production_v3\ROI_594\S000078.png,9b5f84cc46225ed17a3ef06fde4dacf9f4376502e94adf05e2da4d3705c5ca3c
S000079,Preprocess_597\NORMAL\746.png,FINAL_normal_provenance_production_v3\Preprocessed_594\S000079.png,06e1f5000851c5f424c57019040f1ef2ec0e6119f8ca690e52fb87bd2d944aa9,ROI_597\NORMAL\746.png,FINAL_normal_provenance_production_v3\ROI_594\S000079.png,35962b7897b275056d55c316fe74c504646faccafd09f285a48147d9a401bba6
S000080,Preprocess_597\NORMAL\747.png,FINAL_normal_provenance_production_v3\Preprocessed_594\S000080.png,fde716b83f74491671ed6124440345d4e1ca011c2648a0ec0f5413572923da2b,ROI_597\NORMAL\747.png,FINAL_normal_provenance_production_v3\ROI_594\S000080.png,e04bfe65a18c89a15e0ded7b6a945fe61f3246bdb8ece4c3273fbbd94461fb6b
S000081,Preprocess_597\NORMAL\748.png,FINAL_normal_provenance_production_v3\Preprocessed_594\S000081.png,8086292081d1b3124beadfa8dc4fe9892ea8ff16ff981ac3d0c4cf5e39fd6945,ROI_597\NORMAL\748.png,FINAL_normal_provenance_production_v3\ROI_594\S000081.png,74888da266190867ea3333419ea594b09e0f01849f89ff15fa47eacb75ddcada
S000082,Preprocess_597\NORMAL\749.png,FINAL_normal_provenance_production_v3\Preprocessed_594\S000082.png,06f97730b3d27c852fb8c37a71ff856ef80264f90b8600fe6e662630ad5ad146,ROI_597\NORMAL\749.png,FINAL_normal_provenance_production_v3\ROI_594\S000082.png,2e8ab19f5330f159386e48a994a6412602aa34e6011efb9dcaa34ba98ee460ea
S000083,Preprocess_597\NORMAL\750.png,FINAL_normal_provenance_production_v3\Preprocessed_594\S000083.png,71b23c159a207634c34814675f11589b28ea929e671b1155de02cd7b0d88ffe5,ROI_597\NORMAL\750.png,FINAL_normal_provenance_production_v3\ROI_594\S000083.png,cd089cc86cf49ac3cc9df228e0db533225f78f1627bb2c7875bfe8e612369e2e
S000084,Preprocess_597\NORMAL\751.png,FINAL_normal_provenance_production_v3\Preprocessed_594\S000084.png,63f9d8530ee122fbe42917d2e83ecf3bb0ece9d771d46197e39c99545ce162ab,ROI_597\NORMAL\751.png,FINAL_normal_provenance_production_v3\ROI_594\S000084.png,0023ebca8a3347d33b3122aa6917db69ffe5ea89dd020bf459b542fdad5c5764
S000085,Preprocess_597\NORMAL\752.png,FINAL_normal_provenance_production_v3\Preprocessed_594\S000085.png,bbbb0b0555778da53fcf27fad076feaf53cd3cc1c0179fd4ac0ad2e7ab825f7c,ROI_597\NORMAL\752.png,FINAL_normal_provenance_production_v3\ROI_594\S000085.png,44c8c5b53e5c122573509b69fefe758fd5dadbdfeee3a2139ce9ecd0ce0f64f4
S000086,Preprocess_597\NORMAL\753.png,FINAL_normal_provenance_production_v3\Preprocessed_594\S000086.png,d01e7b263389c3d6e1ea66dc6c7b980aa261867f96a5a76b84a440a0f14483d2,ROI_597\NORMAL\753.png,FINAL_normal_provenance_production_v3\ROI_594\S000086.png,bf045d54b2d1d32b09b7dd7a912a33d8d5b340cebca12cbb10aada25f39b7f66
S000087,Preprocess_597\NORMAL\754.png,FINAL_normal_provenance_production_v3\Preprocessed_594\S000087.png,0f0536db065eb5e399b9456f4a7e05b170afbbfc68088d146bdb67749ae25d78,ROI_597\NORMAL\754.png,FINAL_normal_provenance_production_v3\ROI_594\S000087.png,e5003f9ab6b2bd1d61c788db4ea76f180f00688e7d569b16062534257198dea7
S000088,Preprocess_597\NORMAL\755.png,FINAL_normal_provenance_production_v3\Preprocessed_594\S000088.png,54adbf117ae94f388618b95fc2ab5405ca1c99c9eb3716905b045cc5352dc553,ROI_597\NORMAL\755.png,FINAL_normal_provenance_production_v3\ROI_594\S000088.png,1aa55d690b1fa3282ffc3a27d52c561ef5d3df961e9bb873db2db4331c350e4d
S000089,Preprocess_597\NORMAL\756.png,FINAL_normal_provenance_production_v3\Preprocessed_594\S000089.png,7b099a2cd41470f1605fb110dcb3f633d62d39a5f9954b0823861cb1ad7bc383,ROI_597\NORMAL\756.png,FINAL_normal_provenance_production_v3\ROI_594\S000089.png,7475d77fb3f8d5f9732890078579c2a0cb28fb42d45d18fbebb70d1452ee6386
S000090,Preprocess_597\NORMAL\757.png,FINAL_normal_provenance_production_v3\Preprocessed_594\S000090.png,be6c73581608a355f6aa4f2e078f980268501055d7c57e0b8fdaf1e68c4c57ab,ROI_597\NORMAL\757.png,FINAL_normal_provenance_production_v3\ROI_594\S000090.png,f4cb59008d7a86fc6f1c18f8ca786dc8691e28662eee14e37832befedc255f01
S000091,Preprocess_597\NORMAL\758.png,FINAL_normal_provenance_production_v3\Preprocessed_594\S000091.png,a13237530d928caec27c92eaedd248eb6a9d255d67cdd4a8c9e6df051aedc428,ROI_597\NORMAL\758.png,FINAL_normal_provenance_production_v3\ROI_594\S000091.png,bd3233bf6b9ecb55564afac5af194b87a5819a064c9f711977feb6e30b5e2f21
S000092,Preprocess_597\NORMAL\759.png,FINAL_normal_provenance_production_v3\Preprocessed_594\S000092.png,f0a0141b0e9bd20df6ac1ff345c6df192ec1ee0ba4de7eb00daa397dd6c2c000,ROI_597\NORMAL\759.png,FINAL_normal_provenance_production_v3\ROI_594\S000092.png,a8657506d8c800acacdf935ed025338867c4554f4c9fd0c63882abc5e31b4687
S000093,Preprocess_597\NORMAL\760.png,FINAL_normal_provenance_production_v3\Preprocessed_594\S000093.png,f9057c2bb2bfd00d072590399ee8ccbe6551f677fdc3e8348ffe2961331f9828,ROI_597\NORMAL\760.png,FINAL_normal_provenance_production_v3\ROI_594\S000093.png,cbed28ce21088f974e2508f71390b14e69130719aa90524893623dc6506f4067
S000094,Preprocess_597\NORMAL\761.png,FINAL_normal_provenance_production_v3\Preprocessed_594\S000094.png,45ac658d17441f954520ef5ba98c02e1fa644d676470eeb95c3630a65aba2e07,ROI_597\NORMAL\761.png,FINAL_normal_provenance_production_v3\ROI_594\S000094.png,522744304330ca4686dad0c326698dec707728ca9856b3130c359e71b275fbaa
S000095,Preprocess_597\NORMAL\762.png,FINAL_normal_provenance_production_v3\Preprocessed_594\S000095.png,51264bcdeee83b244ae8c51f5e6b6f9697c898e80d7867ca3c2204a856884fe3,ROI_597\NORMAL\762.png,FINAL_normal_provenance_production_v3\ROI_594\S000095.png,561cc505bffddbeb3c42ac8759782e8a3028653df0251378b320987e5e83c327
S000096,Preprocess_597\NORMAL\763.png,FINAL_normal_provenance_production_v3\Preprocessed_594\S000096.png,c1161b77a3ad5cceb62ee60b42b3dae892abbc4463384a4a7dfc61720a00ddad,ROI_597\NORMAL\763.png,FINAL_normal_provenance_production_v3\ROI_594\S000096.png,6e49fa9047652abf0921ff7d60f1bf135e1611bfab8606a30edea8d93a43af64
S000097,Preprocess_597\NORMAL\764.png,FINAL_normal_provenance_production_v3\Preprocessed_594\S000097.png,ceff1969ee0575aaa427264916a58e16ae734fa49b8a196c811092717492a3b9,ROI_597\NORMAL\764.png,FINAL_normal_provenance_production_v3\ROI_594\S000097.png,10b836d754619438bb6bf637ea00b512be18d0fc4fb149ddadc8431c94877976
S000098,Preprocess_597\NORMAL\765.png,FINAL_normal_provenance_production_v3\Preprocessed_594\S000098.png,e088c0b16e44b73a15a574e13003a0888bc6ec421475b5428917e970c90fae45,ROI_597\NORMAL\765.png,FINAL_normal_provenance_production_v3\ROI_594\S000098.png,e8505bc24ec6c0c381a2366c63a156731503dadf53b009534949a3fe43812ca2
S000099,Preprocess_597\NORMAL\768.png,FINAL_normal_provenance_production_v3\Preprocessed_594\S000099.png,1559ac23e197c7760c7fab3d5bc17cd1b885b265409a8b82d0986cddf321ddf7,ROI_597\NORMAL\768.png,FINAL_normal_provenance_production_v3\ROI_594\S000099.png,e0bae63c87940bacb65ce7335d8bd75d8a5b830ae27f23c12aca30118186f132
S000100,Preprocess_597\NORMAL\770.png,FINAL_normal_provenance_production_v3\Preprocessed_594\S000100.png,baa33f53e0d2d556d5d71472358532b8728088e8ca73da3f8c431ab5449bf53c,ROI_597\NORMAL\770.png,FINAL_normal_provenance_production_v3\ROI_594\S000100.png,2fc8732e620ecfdde8a42d2bf5a7ead2bc82cefbd280db80b03219a4126e51d9
S000101,Preprocess_597\NORMAL\771.png,FINAL_normal_provenance_production_v3\Preprocessed_594\S000101.png,8cb38356b0e34ef493563d430f527e09031864ad20ed9d7a0b0c1cb1c5014b40,ROI_597\NORMAL\771.png,FINAL_normal_provenance_production_v3\ROI_594\S000101.png,8f7806702017da8ee619a718665c3360bbb2b4f04c92ae30e30305d897a42ba5
S000102,Preprocess_597\NORMAL\772.png,FINAL_normal_provenance_production_v3\Preprocessed_594\S000102.png,87469bcf9126197620116796ee53763fde935d054aaa0540b06c129dec6f50c2,ROI_597\NORMAL\772.png,FINAL_normal_provenance_production_v3\ROI_594\S000102.png,12ddb76f5602aad86ce91ae387d72e635c640f6044e31423c5d8d28a3ee0ab2b
S000103,Preprocess_597\NORMAL\773.png,FINAL_normal_provenance_production_v3\Preprocessed_594\S000103.png,938eb70542cdb6ca0a7356c7d431998d827738747b03d6aa24033a5e08e68792,ROI_597\NORMAL\773.png,FINAL_normal_provenance_production_v3\ROI_594\S000103.png,2719b3163170ac8919bce1473e0bee4e53321026832a41586f8f7fd7f06a1399
S000104,Preprocess_597\NORMAL\774.png,FINAL_normal_provenance_production_v3\Preprocessed_594\S000104.png,7ce9d564dc743dabda235cb0f112703758ddbd268351d73ef356370243bacac3,ROI_597\NORMAL\774.png,FINAL_normal_provenance_production_v3\ROI_594\S000104.png,161283a766f01695c3d6a66343adabdf4ca156543a2a1be84270b76c5e4b7277
S000105,Preprocess_597\NORMAL\775.png,FINAL_normal_provenance_production_v3\Preprocessed_594\S000105.png,c01f1a0e4e4c1e4a93464ac1cca073e2c1e8d20cbded7f32cb9d019d8de16999,ROI_597\NORMAL\775.png,FINAL_normal_provenance_production_v3\ROI_594\S000105.png,7aa555c3909f3d83869615847912226a7b5adce1bd6368cb0c35ee10d18687b7
S000106,Preprocess_597\NORMAL\776.png,FINAL_normal_provenance_production_v3\Preprocessed_594\S000106.png,a76b83050e2ea849c86606a7d417652b0a423766e730999b01ca22728c562165,ROI_597\NORMAL\776.png,FINAL_normal_provenance_production_v3\ROI_594\S000106.png,9b1f59002466639a0567c4a64210fb51d6f4b0ea7048c085338bd251146350c9
S000107,Preprocess_597\NORMAL\777.png,FINAL_normal_provenance_production_v3\Preprocessed_594\S000107.png,799158fb703634c4551fa1619419baee4ecdcc9dcd7251c6fa0bd179691b9a34,ROI_597\NORMAL\777.png,FINAL_normal_provenance_production_v3\ROI_594\S000107.png,90db98b7ea0994cfcda94a98a294212ad584ef4c2fea5777926427dea5639182
S000108,Preprocess_597\NORMAL\778.png,FINAL_normal_provenance_production_v3\Preprocessed_594\S000108.png,63bf9b0458a88a72143554ccc6adb98184c23d043f36cc3cd64703bf3f2679a0,ROI_597\NORMAL\778.png,FINAL_normal_provenance_production_v3\ROI_594\S000108.png,cb61dc10372b1913431fcfa82680f7ad1a7dc3730c766e3ba46aa799ed2501f9
S000109,Preprocess_597\NORMAL\779.png,FINAL_normal_provenance_production_v3\Preprocessed_594\S000109.png,47f515024c71552a50dc46e13c1925bce48728231efc35a06b735005d15fef36,ROI_597\NORMAL\779.png,FINAL_normal_provenance_production_v3\ROI_594\S000109.png,b45898777d217b1ef56319c27c284db6bb89b94d5c2186586783117c7a530edb
S000110,Preprocess_597\NORMAL\780.png,FINAL_normal_provenance_production_v3\Preprocessed_594\S000110.png,1d9d3eb9f18410e9208d5665cefce8673f51b2db695bd773ac5aeb58ef4e6da3,ROI_597\NORMAL\780.png,FINAL_normal_provenance_production_v3\ROI_594\S000110.png,2886be8a4509925273b1e37c08e4f9c898678414759c8d03778473ba972522e3
S000111,Preprocess_597\NORMAL\781.png,FINAL_normal_provenance_production_v3\Preprocessed_594\S000111.png,4b919e72072aca9e4dabf071231215ea3aa13ba11992083a2da877490fa86664,ROI_597\NORMAL\781.png,FINAL_normal_provenance_production_v3\ROI_594\S000111.png,3707b90d3343d1505a5137993d6ade445863fb7b3858cd3033b1181b9baf97e7
S000112,Preprocess_597\NORMAL\782.png,FINAL_normal_provenance_production_v3\Preprocessed_594\S000112.png,85ab2db57e3d814becaa83e252f7f8279cdf6a972752a3059013e57206b83211,ROI_597\NORMAL\782.png,FINAL_normal_provenance_production_v3\ROI_594\S000112.png,e62c7f5e5569fd5bea84eb4132459154d8df131b11392cf1198fca6039d27554
S000113,Preprocess_597\NORMAL\783.png,FINAL_normal_provenance_production_v3\Preprocessed_594\S000113.png,15b0c74b36ba1700a02605308f5a29dfd5e0151bd6557953d8984cdc0f686d64,ROI_597\NORMAL\783.png,FINAL_normal_provenance_production_v3\ROI_594\S000113.png,7dabf3d6b788d65c45a34598d8615a4a5d7a39e7ee86f65abc2481c1f96b51a4
S000114,Preprocess_597\NORMAL\784.png,FINAL_normal_provenance_production_v3\Preprocessed_594\S000114.png,a99535c82f62997f38978e8be18e439ed533a77fac9f43d621fc03bbf7c214ac,ROI_597\NORMAL\784.png,FINAL_normal_provenance_production_v3\ROI_594\S000114.png,3c80d784c778941365b465414aca22be7babd0fd101e9cefb01b604fc173a777
S000115,Preprocess_597\NORMAL\785.png,FINAL_normal_provenance_production_v3\Preprocessed_594\S000115.png,ee35f1695350bc70bafd3ff6091b4fffe210b6b48b5ab67e28a2353e33033607,ROI_597\NORMAL\785.png,FINAL_normal_provenance_production_v3\ROI_594\S000115.png,7da44d9282197a60370765b477da2ed637accaf031a05b0798bce1e9dce69f87
S000116,Preprocess_597\NORMAL\786.png,FINAL_normal_provenance_production_v3\Preprocessed_594\S000116.png,cd9993ae0e971693bc22e5dce44715f81b2ce1cff02aad22d821f7d99bc56dd0,ROI_597\NORMAL\786.png,FINAL_normal_provenance_production_v3\ROI_594\S000116.png,44378706ce27ea4c2fb26943c5ec244d156133aedea4e83f74649f9909123353
S000117,Preprocess_597\NORMAL\787.png,FINAL_normal_provenance_production_v3\Preprocessed_594\S000117.png,3ad50dba19a16afe7fd4938d82ec323d62b733bf13bc92ba6ba16b2b90c319a8,ROI_597\NORMAL\787.png,FINAL_normal_provenance_production_v3\ROI_594\S000117.png,136f7aa7c9e8a746bf8ae39d86a36c693ebc0394884cfaf7c48271b96db14faa
S000118,Preprocess_597\NORMAL\788.png,FINAL_normal_provenance_production_v3\Preprocessed_594\S000118.png,cbaab1af371d7a16aa7cf83295efb8cc9a991b5b95acaba04322845b3b401031,ROI_597\NORMAL\788.png,FINAL_normal_provenance_production_v3\ROI_594\S000118.png,25860760dca0bbb75328b1836608feea06cb522db0b88513b18b19b20bb362a1
S000119,Preprocess_597\NORMAL\789.png,FINAL_normal_provenance_production_v3\Preprocessed_594\S000119.png,c93dff634047302b01368d0d4deffee8ee70b784807ab5495245b17805da23ac,ROI_597\NORMAL\789.png,FINAL_normal_provenance_production_v3\ROI_594\S000119.png,acef8faa25f7845dd40a3fb87161486982041a5196499e4f809e87dc6aa03090
S000120,Preprocess_597\NORMAL\790.png,FINAL_normal_provenance_production_v3\Preprocessed_594\S000120.png,601145123cfbc33da40d297b31a63207d8e50e556f04b1866b1e5691083071d1,ROI_597\NORMAL\790.png,FINAL_normal_provenance_production_v3\ROI_594\S000120.png,6052e57a122af0c66c7ca83793cfeeba04578df07c32b9fef0a7e4eb5f8e6256
S000121,Preprocess_597\NORMAL\791.png,FINAL_normal_provenance_production_v3\Preprocessed_594\S000121.png,7993db3bccc7bf191d85e663768aad9d053247a40fa68cb677e8a71cb9a1adf5,ROI_597\NORMAL\791.png,FINAL_normal_provenance_production_v3\ROI_594\S000121.png,7312b93f67281eea58968ef9c4f3a15f03a4ca6bddd701ca0dac0c88ca6ab0a8
S000122,Preprocess_597\NORMAL\792.png,FINAL_normal_provenance_production_v3\Preprocessed_594\S000122.png,f51a5d637e243190fa88e7ac10d837286ccf1ba06ee17e28b9ba52fdb528deb2,ROI_597\NORMAL\792.png,FINAL_normal_provenance_production_v3\ROI_594\S000122.png,7042527d23f7eb131bcaabbbbf5eb6e7b1c9849cd8c70a95ba78ab3880907c32
S000123,Preprocess_597\NORMAL\793.png,FINAL_normal_provenance_production_v3\Preprocessed_594\S000123.png,ed94b7d4ca2640bd3c44118bbb575cea5803e69020cc677701145766e8e56d7b,ROI_597\NORMAL\793.png,FINAL_normal_provenance_production_v3\ROI_594\S000123.png,250cc8ed70dc6947001d564d7846b8098953744e2d1c8096d2375da0a98fe0e7
S000124,Preprocess_597\NORMAL\794.png,FINAL_normal_provenance_production_v3\Preprocessed_594\S000124.png,08b716b8245f0f08ed5844801e176783293694e9ee47b4fd0b75fdf46b562433,ROI_597\NORMAL\794.png,FINAL_normal_provenance_production_v3\ROI_594\S000124.png,9c97a23ef3a9433d5306d987b1dc45b2294ae6cd1abae513f30323dcd5460f88
S000125,Preprocess_597\NORMAL\795.png,FINAL_normal_provenance_production_v3\Preprocessed_594\S000125.png,47545e51d13e2ae544036426800fa1313ffbe22081e5cb8c9bd8696e7ad8efeb,ROI_597\NORMAL\795.png,FINAL_normal_provenance_production_v3\ROI_594\S000125.png,5c0d19d5844efa789fb9b8f1018c4b7c6c273fa1ee8d3108065b6b5619a8cf6c
S000126,Preprocess_597\NORMAL\796.png,FINAL_normal_provenance_production_v3\Preprocessed_594\S000126.png,3ac77827cb29aaf112240cdd0f8fe2b9c8bef8a6541f130ce511ed3376ca6d87,ROI_597\NORMAL\796.png,FINAL_normal_provenance_production_v3\ROI_594\S000126.png,2393fad113ec7161e5b16f8fbb3d48371cfb43aeda8883da11f7621a549a2785
S000127,Preprocess_597\NORMAL\797.png,FINAL_normal_provenance_production_v3\Preprocessed_594\S000127.png,7ff3292f124d672e3bea217a478d64635f03fddf950014dd54379be9f3d84efc,ROI_597\NORMAL\797.png,FINAL_normal_provenance_production_v3\ROI_594\S000127.png,5a2923a82ce6e40273ec5ddc86ff6eda8574a7b225287eb7a4c32d19bce62037
S000128,Preprocess_597\NORMAL\798.png,FINAL_normal_provenance_production_v3\Preprocessed_594\S000128.png,b85acea7dc96782a182211c652d18ea3276f04162cca194d45887904787724e0,ROI_597\NORMAL\798.png,FINAL_normal_provenance_production_v3\ROI_594\S000128.png,a0d6f6fec9d3913bcee2e945c701dc3f85d8acad105024ad0f5730bce2035fa5
S000129,Preprocess_597\NORMAL\799.png,FINAL_normal_provenance_production_v3\Preprocessed_594\S000129.png,8eedc91d998470c2811ff8d99e8e9f22998d0b6ba0eb09b53c9998ee4a3ad641,ROI_597\NORMAL\799.png,FINAL_normal_provenance_production_v3\ROI_594\S000129.png,e3750504491809a1ae2d3cee57b1b8b8e0287f1a109d7bb89366b0cceb0fe136
S000130,Preprocess_597\NORMAL\801.png,FINAL_normal_provenance_production_v3\Preprocessed_594\S000130.png,8e9e55f3818d3a4521eeab65bfc98004a2602ffdf72a9c0c19a39299555562ba,ROI_597\NORMAL\801.png,FINAL_normal_provenance_production_v3\ROI_594\S000130.png,8ef3321350e92c0bef3714762115028c96c2d3197724ce6aca29bdc4d3d82b69
S000131,Preprocess_597\NORMAL\802.png,FINAL_normal_provenance_production_v3\Preprocessed_594\S000131.png,fc6e558fd5ded6b0e328031a2c0eef8a42dbfc76d953d205419aba07e30231a9,ROI_597\NORMAL\802.png,FINAL_normal_provenance_production_v3\ROI_594\S000131.png,e7cd05b299f2758da03cf5c0940a35864800a545d76d6e432495bd130a5286da
S000132,Preprocess_597\NORMAL\803.png,FINAL_normal_provenance_production_v3\Preprocessed_594\S000132.png,b11d1e5592f12cb4975870dc3461f90545b94e403259a6e2e0ecda6840ea203d,ROI_597\NORMAL\803.png,FINAL_normal_provenance_production_v3\ROI_594\S000132.png,bd4e22c5837e4b161e1d6e3e5bc29f07dd443ab5b6914f9497f6b1c9649ce2d2
S000133,Preprocess_597\NORMAL\805.png,FINAL_normal_provenance_production_v3\Preprocessed_594\S000133.png,7d8b3325c8179dee8e9f74f60833f4b1bc2bb05efa8eb024bd7832094e1a9cff,ROI_597\NORMAL\805.png,FINAL_normal_provenance_production_v3\ROI_594\S000133.png,3433f0ec7e893a476336ec0f019c1224d34e3a72c71555df35bfece1ca7afb87
S000134,Preprocess_597\NORMAL\806.png,FINAL_normal_provenance_production_v3\Preprocessed_594\S000134.png,1d8dc70e8d7332155f9fdddf870e030ed793f5d9ddc6bd8e656f5a21a8cb281f,ROI_597\NORMAL\806.png,FINAL_normal_provenance_production_v3\ROI_594\S000134.png,eefa20bc69f41cd80a3b62aa8bf2d7fdd0095234d8600267b397cc0f0ec259d2
S000135,Preprocess_597\NORMAL\807.png,FINAL_normal_provenance_production_v3\Preprocessed_594\S000135.png,a8f0905373c164f62c178642a27d8cab090d7809a4d60a8ee93ea20c72155619,ROI_597\NORMAL\807.png,FINAL_normal_provenance_production_v3\ROI_594\S000135.png,2c5a51e09897e1dc0ff2280f570f5ec836b249c9575eda2c7100a5093b2ed589
S000136,Preprocess_597\NORMAL\808.png,FINAL_normal_provenance_production_v3\Preprocessed_594\S000136.png,13691da878620f06700321c2fb23e30fb220da3439b4a3ed762c412a731a8706,ROI_597\NORMAL\808.png,FINAL_normal_provenance_production_v3\ROI_594\S000136.png,bd5cde3828c62b8855c14897aa97885698381ee4953e44ea3c458f06c05c6137
S000137,Preprocess_597\NORMAL\809.png,FINAL_normal_provenance_production_v3\Preprocessed_594\S000137.png,72f4e91898b8eb4280c7f461917bd36b5cbe5f671f131781051a427cccf25470,ROI_597\NORMAL\809.png,FINAL_normal_provenance_production_v3\ROI_594\S000137.png,85fd62538eac437e33868aa5c955881a7b38397c3e39432512f2dd77cf58da24
S000138,Preprocess_597\NORMAL\810.png,FINAL_normal_provenance_production_v3\Preprocessed_594\S000138.png,55782bec00a29603a9dc386792258ea8a7f91da20c23374f2456e91b22172562,ROI_597\NORMAL\810.png,FINAL_normal_provenance_production_v3\ROI_594\S000138.png,0e643080fa05d512be79d7f6dc5705f393f5953fc8958e666f397647936c27fa
S000139,Preprocess_597\NORMAL\811.png,FINAL_normal_provenance_production_v3\Preprocessed_594\S000139.png,0468335c1cd9c2fd736b90b74db8bb5924a58f3bfcc260a3df1d574a04be201c,ROI_597\NORMAL\811.png,FINAL_normal_provenance_production_v3\ROI_594\S000139.png,e137544f6c52c86e4b26da28685aeb10b11c84f12a9b261828653db8b4ffeca0
S000140,Preprocess_597\NORMAL\812.png,FINAL_normal_provenance_production_v3\Preprocessed_594\S000140.png,0bed6b2e1b8a63228a375849f5a16c50e95f3a21458ebd6fba7668e497b92c1a,ROI_597\NORMAL\812.png,FINAL_normal_provenance_production_v3\ROI_594\S000140.png,2435ae86d1b40de70c359a4f84065a4243907ac6a0e3b33d10ba4f150b491ae3
S000141,Preprocess_597\NORMAL\813.png,FINAL_normal_provenance_production_v3\Preprocessed_594\S000141.png,3ab1625cf6ed2102aab7dcb67ecd67a2a838e7ba423df909233dc1276583237e,ROI_597\NORMAL\813.png,FINAL_normal_provenance_production_v3\ROI_594\S000141.png,fbda236cd0eb8e886db84eb90399230d1c5898b22a69047755dd39bf8bdd3602
S000142,Preprocess_597\NORMAL\814.png,FINAL_normal_provenance_production_v3\Preprocessed_594\S000142.png,035592c26d986258d4a856e2b2e9ca290151a93887632124dd10909dfab6281e,ROI_597\NORMAL\814.png,FINAL_normal_provenance_production_v3\ROI_594\S000142.png,d3a41778928c6fa3559d974da28e339e893d6a0acbbf988ce83cb13f2cd679c5
S000143,Preprocess_597\NORMAL\815.png,FINAL_normal_provenance_production_v3\Preprocessed_594\S000143.png,cae6c0287fc8b05b9c3456355ebd72bcf6588b02aa16f5af9d4a4989bbdc2792,ROI_597\NORMAL\815.png,FINAL_normal_provenance_production_v3\ROI_594\S000143.png,f06a33e4dda1897358355ba79d747bd236827189635d58e5bf08cf9a8e296e1f
S000144,Preprocess_597\NORMAL\817.png,FINAL_normal_provenance_production_v3\Preprocessed_594\S000144.png,7168f903d9cdba95720aa10d1569123f68f3ce1696723f8421d5097a8b3591cb,ROI_597\NORMAL\817.png,FINAL_normal_provenance_production_v3\ROI_594\S000144.png,56ad1939f4c9393c6e4e0cd35683e55724a843834f89e5ae14cf29e6696fae0c
S000145,Preprocess_597\NORMAL\819.png,FINAL_normal_provenance_production_v3\Preprocessed_594\S000145.png,05f56ffd3a24022411b33dc956b111d25113d77d84ebb714af19352c8ce29399,ROI_597\NORMAL\819.png,FINAL_normal_provenance_production_v3\ROI_594\S000145.png,e5358be10a4bdac0581ddd4d7500a0f428a7442ac3fd47170ee79b12d6ea4de7
S000146,Preprocess_597\NORMAL\820.png,FINAL_normal_provenance_production_v3\Preprocessed_594\S000146.png,2eec3c4894eafe6e22a9f437f0a7d0743f9c3af4ca0b07aa75d5cf09f1546eee,ROI_597\NORMAL\820.png,FINAL_normal_provenance_production_v3\ROI_594\S000146.png,61faf32c609f2529923730aebedf93f7a035e86fea258c7aa43d80284e36e797
S000147,Preprocess_597\NORMAL\821.png,FINAL_normal_provenance_production_v3\Preprocessed_594\S000147.png,f419323e225786ac401b0cd8911fcca8bf2ec43ba707ec10121e548d46bce9ce,ROI_597\NORMAL\821.png,FINAL_normal_provenance_production_v3\ROI_594\S000147.png,5fba1088e1ed41323e1c001e992bbd270b6ca5fc40b974285c26f50bbf17a5f1
S000148,Preprocess_597\NORMAL\822.png,FINAL_normal_provenance_production_v3\Preprocessed_594\S000148.png,df2afee4860847efca87ea7e8a556d0d9a20cd395014d4b2b5cfa50461988c52,ROI_597\NORMAL\822.png,FINAL_normal_provenance_production_v3\ROI_594\S000148.png,ae7df09c3ff8b3926befd2c9467a51d3026deade7da320274c0af1a4ffd10ff5
S000149,Preprocess_597\NORMAL\824.png,FINAL_normal_provenance_production_v3\Preprocessed_594\S000149.png,5037263181a63182e85b6ac31dddb80f0d55927a725ca8a8fcff63dff2b4d727,ROI_597\NORMAL\824.png,FINAL_normal_provenance_production_v3\ROI_594\S000149.png,6d335f7859fbcc1f0b040ca777c3a7c755c6d93ea8cc5f6828d1e63f554529fc
S000150,Preprocess_597\NORMAL\825.png,FINAL_normal_provenance_production_v3\Preprocessed_594\S000150.png,d6f1f3fe460d75a50480963a47122d8df682b8ded537a72ad1a446ab97b4f323,ROI_597\NORMAL\825.png,FINAL_normal_provenance_production_v3\ROI_594\S000150.png,c14a8f4e30c61da831843abb292be68573dd84fc9006f233c14825c2b82b8394
S000151,Preprocess_597\NORMAL\826.png,FINAL_normal_provenance_production_v3\Preprocessed_594\S000151.png,6a8fdd9e7903190528a9511eb4c1a3e0c9673dc19a66142f0270a8758b9a640b,ROI_597\NORMAL\826.png,FINAL_normal_provenance_production_v3\ROI_594\S000151.png,f87fad9c407ffc1411f8b1f0a5266fceccf61fa7f705a4e2cf5957e0d838439e
S000152,Preprocess_597\AMD_DRY\143.png,FINAL_normal_provenance_production_v3\Preprocessed_594\S000152.png,e227f42e5e051bdeee8f470b3fcf714d13ba328ef0f8701e8d7f98e955aa768e,ROI_597\AMD_DRY\143.png,FINAL_normal_provenance_production_v3\ROI_594\S000152.png,e405837ba08b1b357eed2cc4f6c46d44697501fe3bd965b766005066ece7ffad
S000153,Preprocess_597\AMD_DRY\144.png,FINAL_normal_provenance_production_v3\Preprocessed_594\S000153.png,cec054036ef76a8dc9fe680870985a8f521521cb3e87e0ce465bdada59b1f92a,ROI_597\AMD_DRY\144.png,FINAL_normal_provenance_production_v3\ROI_594\S000153.png,8c4a0cef2812f9776939c1a1949ee1f498f8fcb56a99de7a256eb39152c42c3a
S000154,Preprocess_597\AMD_DRY\156.png,FINAL_normal_provenance_production_v3\Preprocessed_594\S000154.png,fd0aeeeb4b766ade739faadfd0bae5d2ca083550b42c14993ceab3d03cb7fc34,ROI_597\AMD_DRY\156.png,FINAL_normal_provenance_production_v3\ROI_594\S000154.png,a787b76c5577fc374857a8d8809a30447171c344106546aa79840ede57525e6e
S000155,Preprocess_597\AMD_DRY\166.png,FINAL_normal_provenance_production_v3\Preprocessed_594\S000155.png,a31f93912e0224dc8959b357ee70013f19df4c67e81db0d3f2a00b542dc8db0f,ROI_597\AMD_DRY\166.png,FINAL_normal_provenance_production_v3\ROI_594\S000155.png,6df23a0308e73e1a6b76ccfae00dea8ce9e556ac6dca563ecea0b3f23346f8c4
S000156,Preprocess_597\AMD_DRY\168.png,FINAL_normal_provenance_production_v3\Preprocessed_594\S000156.png,bbee49190c4f44a8185a5572df4b3480de5a4c78cc70152aa5f7f88a4fd7bc12,ROI_597\AMD_DRY\168.png,FINAL_normal_provenance_production_v3\ROI_594\S000156.png,a48bf6c14d5d9ad38507ddbdda3209b6c6b1a4edb662690c972c2be41508de4b
S000157,Preprocess_597\AMD_DRY\171.png,FINAL_normal_provenance_production_v3\Preprocessed_594\S000157.png,136e6c7779db7feeca69885421f7fe75c8ceac3d3780b177a40980683a32afec,ROI_597\AMD_DRY\171.png,FINAL_normal_provenance_production_v3\ROI_594\S000157.png,131c6c46bf29de7b466839ca3e3e9cca3493c706e003b5009a5ff9142ccb2d22
S000158,Preprocess_597\AMD_DRY\180.png,FINAL_normal_provenance_production_v3\Preprocessed_594\S000158.png,cf1c4e8c10650a2b5fc5e3bc1d875d21ef6ea9fc87f82b48b8eef6ba529de907,ROI_597\AMD_DRY\180.png,FINAL_normal_provenance_production_v3\ROI_594\S000158.png,f24adf8fc7fa4d9def16c99e0a9994d6dd202a806dec26318c726a6824da60f1
S000159,Preprocess_597\AMD_DRY\190.png,FINAL_normal_provenance_production_v3\Preprocessed_594\S000159.png,e5cf25f2bb53cdd923bad5da4c470ad9ff369c49cc4b2174523de5a15ae9a6a6,ROI_597\AMD_DRY\190.png,FINAL_normal_provenance_production_v3\ROI_594\S000159.png,c2dc9a7315676b0252a46ace0a9ddcde1f7f4f014c2636dd203744b627c7ca7c
S000160,Preprocess_597\AMD_DRY\202.png,FINAL_normal_provenance_production_v3\Preprocessed_594\S000160.png,57ae2981d4455a6b9f5c3c7fa114916a27b8f60c07d8b9b67a4024142bf9cae7,ROI_597\AMD_DRY\202.png,FINAL_normal_provenance_production_v3\ROI_594\S000160.png,0fef23d3946d8a39139d22d32542cf2ddd7ef0a86db24c21f2900c38f04bd024
S000161,Preprocess_597\AMD_DRY\204.png,FINAL_normal_provenance_production_v3\Preprocessed_594\S000161.png,8c35d85ec5e3395209ee6e42e16d88f48fa9454daa5005115a267d6f1c3b577f,ROI_597\AMD_DRY\204.png,FINAL_normal_provenance_production_v3\ROI_594\S000161.png,f2c8b1b433fcefafafe58dad3ee7a35988e49b154041a11d5df37c436342db0e
S000162,Preprocess_597\AMD_DRY\212.png,FINAL_normal_provenance_production_v3\Preprocessed_594\S000162.png,1b1d1542b532fd36c50ce8251bdf987ee8d0dd171f5bd0778896774e7f85ce82,ROI_597\AMD_DRY\212.png,FINAL_normal_provenance_production_v3\ROI_594\S000162.png,5e1f68f3e7362f8e03274313729e1b7d58c7ecadfc5cff9197dc625b1c48e964
S000163,Preprocess_597\AMD_DRY\213.png,FINAL_normal_provenance_production_v3\Preprocessed_594\S000163.png,5e2f549730b99575e11e412d6875ee1bc0eb2b9b81b72de767893a17efe80889,ROI_597\AMD_DRY\213.png,FINAL_normal_provenance_production_v3\ROI_594\S000163.png,ccfba6cc09f1b5a0009bc6172a61a58af979825950d246964fbb2dc89184831c
S000164,Preprocess_597\AMD_DRY\216.png,FINAL_normal_provenance_production_v3\Preprocessed_594\S000164.png,6dae7cc0940a6f4a37e185e452e24282dcd2e1dcbae6aaca9cfee11fd52c7be5,ROI_597\AMD_DRY\216.png,FINAL_normal_provenance_production_v3\ROI_594\S000164.png,cdd8f16284f9b47abcbfa588bbc81ebad9521e0bc5f019cad0d27eb1d54fb2da
S000165,Preprocess_597\AMD_DRY\235.png,FINAL_normal_provenance_production_v3\Preprocessed_594\S000165.png,5934d23edf3bf5f28130d1a2ac951330e3b77fb1787b3044fb5429910ca6fb5a,ROI_597\AMD_DRY\235.png,FINAL_normal_provenance_production_v3\ROI_594\S000165.png,0aa7b9f46d689a71bf8beced26e674cce45db21835595690337f5c7f9465918a
S000166,Preprocess_597\AMD_DRY\242.png,FINAL_normal_provenance_production_v3\Preprocessed_594\S000166.png,5bf2e41307d58b1d2cb633d936058abadb0ade86bf3e0166a39d39aa3a11cc68,ROI_597\AMD_DRY\242.png,FINAL_normal_provenance_production_v3\ROI_594\S000166.png,13c869115c8203f094a8bbfcd620475298aa279fa45f01ee82c66188c296c809
S000167,Preprocess_597\AMD_WET\139.png,FINAL_normal_provenance_production_v3\Preprocessed_594\S000167.png,852eafb904e03d080e1d155be3f1dcaab34cf2a0ce7104c0db6072b830dbd9bd,ROI_597\AMD_WET\139.png,FINAL_normal_provenance_production_v3\ROI_594\S000167.png,1921de4e8dab986b670204bb39c0c622de0664dee0ed1a9b48950ceb8fdb9cec
S000168,Preprocess_597\AMD_WET\140.png,FINAL_normal_provenance_production_v3\Preprocessed_594\S000168.png,dd219a6be92408cfdd0adc96b8da50781c6736a2f7b18bdba79c1b6e26b862ec,ROI_597\AMD_WET\140.png,FINAL_normal_provenance_production_v3\ROI_594\S000168.png,48180238d85623b942690bdca562ab826f817725c79f9f96ee67c6398bffda31
S000169,Preprocess_597\AMD_WET\141.png,FINAL_normal_provenance_production_v3\Preprocessed_594\S000169.png,a5e638272c899eaf7747fe243800da4195c7a7dbb28a1ee9dfa6a2b0836099be,ROI_597\AMD_WET\141.png,FINAL_normal_provenance_production_v3\ROI_594\S000169.png,5891a792113d99b3b0dbb15444efe9a3bcee1c0f7127a188b02b720fc86d067c
S000170,Preprocess_597\AMD_WET\142.png,FINAL_normal_provenance_production_v3\Preprocessed_594\S000170.png,487141c7a4d550a59127c081ba0523bac9710e7222cb78954d955cd9d16968a5,ROI_597\AMD_WET\142.png,FINAL_normal_provenance_production_v3\ROI_594\S000170.png,d1d4795a6f8b87d272eef60525227aa50d325fa3cdfc762a0206ff38d9a0b86d
S000171,Preprocess_597\AMD_WET\145.png,FINAL_normal_provenance_production_v3\Preprocessed_594\S000171.png,0a321bf4d80bb8854498e35a130cb6acbc9b008b2db21bcf22136a10cfabaec3,ROI_597\AMD_WET\145.png,FINAL_normal_provenance_production_v3\ROI_594\S000171.png,0e9503cc176da1e3a9a4da3f469bd221f1f873dab279ea857d660deac5d5e8f9
S000172,Preprocess_597\AMD_WET\147.png,FINAL_normal_provenance_production_v3\Preprocessed_594\S000172.png,4ce8a84b4e030b6ea31a62af444ce52b4ca1aaa586e1bc0ed154d7f53081d831,ROI_597\AMD_WET\147.png,FINAL_normal_provenance_production_v3\ROI_594\S000172.png,12d0e9ccfe8ea4a1838b95d4224e915bb9e58580d395da3877393246a41bc940
S000173,Preprocess_597\AMD_WET\148.png,FINAL_normal_provenance_production_v3\Preprocessed_594\S000173.png,e54ac4cfa8ded2e18b9a0ce5559a2b15e3329afb00fe359b5bf32e62ce965618,ROI_597\AMD_WET\148.png,FINAL_normal_provenance_production_v3\ROI_594\S000173.png,4ee02feddf76df2467148f384c5b8e49ad6952bb6007a16c02b404204525b0e1
S000174,Preprocess_597\AMD_WET\149.png,FINAL_normal_provenance_production_v3\Preprocessed_594\S000174.png,8ad0d3f00bea8e2f0b3ba0b431e2868b5758d1e753ed2cbc634684296b6e6ca9,ROI_597\AMD_WET\149.png,FINAL_normal_provenance_production_v3\ROI_594\S000174.png,21ae69a1f9b076e7934e126002a583baca1891c1a48cff63be0d0d0cd283ba0b
S000175,Preprocess_597\AMD_WET\151.png,FINAL_normal_provenance_production_v3\Preprocessed_594\S000175.png,8e901ed706e8cba01b3d507caa51089b2dea5e47ba52bd78fde1589b24ddbce8,ROI_597\AMD_WET\151.png,FINAL_normal_provenance_production_v3\ROI_594\S000175.png,36c7e946db320312b114cb1e1142b2fe380b122b40de0ba62ab94efa5e26d3e7
S000176,Preprocess_597\AMD_WET\152.png,FINAL_normal_provenance_production_v3\Preprocessed_594\S000176.png,5b6e626b63a3ba50fb25edc7f3c61811e38d83919748062db9397e20946e7c9f,ROI_597\AMD_WET\152.png,FINAL_normal_provenance_production_v3\ROI_594\S000176.png,71ec00a3503c0c957b23c943402f446438c40734c74deae5c58bbcbfd9bf2efb
S000177,Preprocess_597\AMD_WET\153.png,FINAL_normal_provenance_production_v3\Preprocessed_594\S000177.png,c7dcba12f5f64d7d24f202d569f39b8874b529df880faf92ae4498dadb877faf,ROI_597\AMD_WET\153.png,FINAL_normal_provenance_production_v3\ROI_594\S000177.png,63149a7d72c189d6720b7c97be70f090b877a304aa5eb21fbb5534bc66d08f33
S000178,Preprocess_597\AMD_WET\154.png,FINAL_normal_provenance_production_v3\Preprocessed_594\S000178.png,d3ee9bd2c7a338dedca7fd7e5430a1a42e6f49919b856df81d8a4571a5c26900,ROI_597\AMD_WET\154.png,FINAL_normal_provenance_production_v3\ROI_594\S000178.png,c9b60f5b19e7c33671d9e31e7d545aa53dde85fa377ad5df26d354ea9ce9be8f
S000179,Preprocess_597\AMD_WET\155.png,FINAL_normal_provenance_production_v3\Preprocessed_594\S000179.png,348e17556474932600783dc2a759a960bbdc4bfdc6d6328cce0ed94bc64df3a1,ROI_597\AMD_WET\155.png,FINAL_normal_provenance_production_v3\ROI_594\S000179.png,8c11e7ce63d401c96018bf72e6a41c7f76a9c6469c71ae7177924f39fd8df5f1
S000180,Preprocess_597\AMD_WET\158.png,FINAL_normal_provenance_production_v3\Preprocessed_594\S000180.png,16f9665dd183cc3bb097150f01876f38c7fc31eeecd80b06afc4794a40327631,ROI_597\AMD_WET\158.png,FINAL_normal_provenance_production_v3\ROI_594\S000180.png,5bb6c44818adbe9300dda8481cfc805f467835e50bdeb49797b7021e0b51e9bf
S000181,Preprocess_597\AMD_WET\160.png,FINAL_normal_provenance_production_v3\Preprocessed_594\S000181.png,e0c5da844a65f63d1ac73f40136d1e6e562df4c58ea51689ebd5c9b654b9588a,ROI_597\AMD_WET\160.png,FINAL_normal_provenance_production_v3\ROI_594\S000181.png,c3ca1afcc5566f3ba775c0e8aa689b289badde5140af4e8aff3b0317432ba206
S000182,Preprocess_597\AMD_WET\161.png,FINAL_normal_provenance_production_v3\Preprocessed_594\S000182.png,cf5057b3acecb1202499917df68a8aacae1af81a8e357a8ab320a24a2e8b2441,ROI_597\AMD_WET\161.png,FINAL_normal_provenance_production_v3\ROI_594\S000182.png,376c8f6d8146d16efb2630410379e400a1fdc427e13b22ae609825bb61589467
S000183,Preprocess_597\AMD_WET\162.png,FINAL_normal_provenance_production_v3\Preprocessed_594\S000183.png,eb9b599f0fc8fd2caddbbdc41801626bbadf976487fc03588ae95c736911cbf0,ROI_597\AMD_WET\162.png,FINAL_normal_provenance_production_v3\ROI_594\S000183.png,ea60171981cb403d88d63eb49f62ec67e55e3fc2a5e584925045afa9fce014ca
S000184,Preprocess_597\AMD_WET\163.png,FINAL_normal_provenance_production_v3\Preprocessed_594\S000184.png,3a34291f6e06bf11c6f9cc0a5829b263e77c4daf07dcc0bf70c52c8b7c5589b3,ROI_597\AMD_WET\163.png,FINAL_normal_provenance_production_v3\ROI_594\S000184.png,141b52ca6bce856d28fdd4b71b8c4ab4300d7c321b8bf4129cc4a410afec51af
S000185,Preprocess_597\AMD_WET\164.png,FINAL_normal_provenance_production_v3\Preprocessed_594\S000185.png,80ef9639e1fdd100a89f8431e5bea3c36673b963302b913f15fec983723b16a4,ROI_597\AMD_WET\164.png,FINAL_normal_provenance_production_v3\ROI_594\S000185.png,70663640f3cbc51011862fd290f22b4207e76c3ed8ab8d121bb1dd5caca8af9e
S000186,Preprocess_597\AMD_WET\165.png,FINAL_normal_provenance_production_v3\Preprocessed_594\S000186.png,7a9c3d44d3eda403da00ee2f3bbaacfb649f9b46029ed0ba774d2e65b6c46bfc,ROI_597\AMD_WET\165.png,FINAL_normal_provenance_production_v3\ROI_594\S000186.png,6d75c7a2c632454269e60a5666735de08307e6cc07144ef5d459d1b35458542f
S000187,Preprocess_597\AMD_WET\167.png,FINAL_normal_provenance_production_v3\Preprocessed_594\S000187.png,6ae7d2214a6883af6e5dd8ae73c5ef526b70770bb05cfb232274d273fdac65c0,ROI_597\AMD_WET\167.png,FINAL_normal_provenance_production_v3\ROI_594\S000187.png,c0daa0363c7f91c92c9cb614da9ad2fd5038840387a1c81741af23a231145937
S000188,Preprocess_597\AMD_WET\170.png,FINAL_normal_provenance_production_v3\Preprocessed_594\S000188.png,03356b05d2ae47a4f57e3eb0012f472c3bf14f58e8e661c75cc8f8c3f42550e5,ROI_597\AMD_WET\170.png,FINAL_normal_provenance_production_v3\ROI_594\S000188.png,1b98bd581ea6c666f6a2f936c270016f331777dd64ee8ea0b3730b2a50333677
S000189,Preprocess_597\AMD_WET\172.png,FINAL_normal_provenance_production_v3\Preprocessed_594\S000189.png,8f85ae8f3c335ed3865e4f46d0fa2fecf8de2b87b06cd7811dac5c6a431cf2bd,ROI_597\AMD_WET\172.png,FINAL_normal_provenance_production_v3\ROI_594\S000189.png,c854c0443fae8f8fd15400f6eaa720bb636fde98aee63cc99d6dc911faa6c6a2
S000190,Preprocess_597\AMD_WET\173.png,FINAL_normal_provenance_production_v3\Preprocessed_594\S000190.png,d837a21a9cb0dd7bf721806e1546a9dc0b5a753318e0d95948269823972dacbd,ROI_597\AMD_WET\173.png,FINAL_normal_provenance_production_v3\ROI_594\S000190.png,315f90bcd8237b7c81078e6b678638decbe93c21c56751ba8f27d3d3b726f3a9
S000191,Preprocess_597\AMD_WET\174.png,FINAL_normal_provenance_production_v3\Preprocessed_594\S000191.png,c0374dc3c2fc54ed14c211604a6e284eafc9d359606f6d52de96d3c609ffe445,ROI_597\AMD_WET\174.png,FINAL_normal_provenance_production_v3\ROI_594\S000191.png,3d76d1560e8754f6f2dd31b352feb42e2c692f6c2afe943f80d2c28b126ff17f
S000192,Preprocess_597\AMD_WET\175.png,FINAL_normal_provenance_production_v3\Preprocessed_594\S000192.png,ea4daca2a4a21eb3caed6cb77b67b6a4a77674c75476edf702967507e5b61862,ROI_597\AMD_WET\175.png,FINAL_normal_provenance_production_v3\ROI_594\S000192.png,785ba0611b66420acc452f3cde2dcc0fcb1a085ae2cf6ce5e58304186b5a435e
S000193,Preprocess_597\AMD_WET\176.png,FINAL_normal_provenance_production_v3\Preprocessed_594\S000193.png,f4b71b3ecdbf669ffc76246bf8b19b3348673a511d3245607c9303058eecaa63,ROI_597\AMD_WET\176.png,FINAL_normal_provenance_production_v3\ROI_594\S000193.png,97903906a8d1f477f74c01793230318ded5ed4ecf440fc7d8a6d0303a3812cb7
S000194,Preprocess_597\AMD_WET\178.png,FINAL_normal_provenance_production_v3\Preprocessed_594\S000194.png,07a5117559703ae1fcbe359040921cafb318c0d67336ce70fddc3eddbc234beb,ROI_597\AMD_WET\178.png,FINAL_normal_provenance_production_v3\ROI_594\S000194.png,ef9eed09dbed5fdd946c4e6b27fd35540b8b7d10d1281f36c1691d234839a0f2
S000195,Preprocess_597\AMD_WET\179.png,FINAL_normal_provenance_production_v3\Preprocessed_594\S000195.png,12ac10c4dcacc82d2a514633ceb7644c1cfb948b0abd7bf7564d7416d2944508,ROI_597\AMD_WET\179.png,FINAL_normal_provenance_production_v3\ROI_594\S000195.png,c8baf34497bd6fca585c23890fdbbf651bb3d2b002c1157a2cf35ea003d1f35b
S000196,Preprocess_597\AMD_WET\181.png,FINAL_normal_provenance_production_v3\Preprocessed_594\S000196.png,db4f02948c80da886b958d193177613f3ae3300c08cce6d48eb881e3557e3df4,ROI_597\AMD_WET\181.png,FINAL_normal_provenance_production_v3\ROI_594\S000196.png,daa24e0d137b00ee1dc8c8835a78f64eadb42af7d66ba6440a8b3389d54afadb
S000197,Preprocess_597\AMD_WET\183.png,FINAL_normal_provenance_production_v3\Preprocessed_594\S000197.png,31c3c7935ca248defcb57a2b0ac316a2ed3d6e3f4e90856ab7a2653e7259b61b,ROI_597\AMD_WET\183.png,FINAL_normal_provenance_production_v3\ROI_594\S000197.png,ce144e107e6aac1ddf19e47e3f1fd157f40b1d2f66936fbc408ba79533427b36
S000198,Preprocess_597\AMD_WET\185.png,FINAL_normal_provenance_production_v3\Preprocessed_594\S000198.png,9a3409a558d1ca44fec1b90f3f02171dfd0d0c112184ea3de0cf30ff65e36f11,ROI_597\AMD_WET\185.png,FINAL_normal_provenance_production_v3\ROI_594\S000198.png,9fa1c1c82de1c8da1ac8d5951f4242866f026f004beb9aa4f1b4768d1fd67c9d
S000199,Preprocess_597\AMD_WET\186.png,FINAL_normal_provenance_production_v3\Preprocessed_594\S000199.png,c853be1fee3e085f0622bc93154dba971bf444cc083e083ea1c6d738b24e8bdb,ROI_597\AMD_WET\186.png,FINAL_normal_provenance_production_v3\ROI_594\S000199.png,5bed420a327020a5faa7e3ffc8a1fde265dda42e096ee15c2c1ef8a48c8c213d
S000200,Preprocess_597\AMD_WET\188.png,FINAL_normal_provenance_production_v3\Preprocessed_594\S000200.png,dc67d7948d1187ea671bd57d8bd32e1dd2bc280a4bae9bba2beb1505ec13f5ec,ROI_597\AMD_WET\188.png,FINAL_normal_provenance_production_v3\ROI_594\S000200.png,03ec91d44613fc463879432e26c230f29822c47e6fd066f5c7d27fa446a1df0b
S000201,Preprocess_597\AMD_WET\189.png,FINAL_normal_provenance_production_v3\Preprocessed_594\S000201.png,46cd32f99cf7012ebaea093571c7d75a6cf1d5eef9f97eaa911b4950bd83be19,ROI_597\AMD_WET\189.png,FINAL_normal_provenance_production_v3\ROI_594\S000201.png,fdab24ab4cffa6c24de02bf5e79fc2eb9280470ad1d9decd9dd6aa19a1a2b439
S000202,Preprocess_597\AMD_WET\191.png,FINAL_normal_provenance_production_v3\Preprocessed_594\S000202.png,53e4f3cf7048aa0a5e1d59323c89f4dc81e6d2a3a1a836563fa96e2b60fa6f23,ROI_597\AMD_WET\191.png,FINAL_normal_provenance_production_v3\ROI_594\S000202.png,42134a8520d89ba07d25041b85cd96bb1c03fb8dd4f67301ffb783eac4038fdc
S000203,Preprocess_597\AMD_WET\195.png,FINAL_normal_provenance_production_v3\Preprocessed_594\S000203.png,e12a5c061340731a6a659eff9145a134a3aa2bf5ff3073e119c8d683d3c074c1,ROI_597\AMD_WET\195.png,FINAL_normal_provenance_production_v3\ROI_594\S000203.png,fbc060dcc08d550dc962016dfd90f5dfaba0db3cafa6aa78f45c0d90c347003c
S000204,Preprocess_597\AMD_WET\196.png,FINAL_normal_provenance_production_v3\Preprocessed_594\S000204.png,4cb0237411def64e1daadb212bf94ee96a9cc6bf083aa58e30fb9e2f7e03368b,ROI_597\AMD_WET\196.png,FINAL_normal_provenance_production_v3\ROI_594\S000204.png,fe977bd1a1a7bf57be35380cc4dd4d09e844e0887650e3847c5f570db7afb093
S000205,Preprocess_597\AMD_WET\197.png,FINAL_normal_provenance_production_v3\Preprocessed_594\S000205.png,841827713c567197fec70a41b8e879597b1394b9b6426b65a6abab0cfe1abeef,ROI_597\AMD_WET\197.png,FINAL_normal_provenance_production_v3\ROI_594\S000205.png,659cacba2b627a56733832a803ddbfc16135bffcd5926a71233ca95ebb2d2843
S000207,Preprocess_597\AMD_WET\199.png,FINAL_normal_provenance_production_v3\Preprocessed_594\S000207.png,63de1e1d7ee213e898a18e4ffb0081c8e5e718f3ddaee4a6966640c6e4bf41c8,ROI_597\AMD_WET\199.png,FINAL_normal_provenance_production_v3\ROI_594\S000207.png,9280e633224271f6aa4f4d12e731d2b1d1da832de54d2390af1ac20d391c8d6f
S000208,Preprocess_597\AMD_WET\200.png,FINAL_normal_provenance_production_v3\Preprocessed_594\S000208.png,b338d837026b3720b66a6df6560411178e84fcd157b77671338f3d8afb8597e7,ROI_597\AMD_WET\200.png,FINAL_normal_provenance_production_v3\ROI_594\S000208.png,49bc04469ed8e9f552b87facc08560741b9a710b7a67b994c1d6d8bb6405a52b
S000209,Preprocess_597\AMD_WET\205.png,FINAL_normal_provenance_production_v3\Preprocessed_594\S000209.png,633dfca18568995c8a4e27070de9566696ca606064c277556f726850c331c848,ROI_597\AMD_WET\205.png,FINAL_normal_provenance_production_v3\ROI_594\S000209.png,7d93c35df947a70bbed95f786b51397b051a33441a62fb01319bd0103ab580f4
S000210,Preprocess_597\AMD_WET\206.png,FINAL_normal_provenance_production_v3\Preprocessed_594\S000210.png,c5d0f19d3f3186f6e60768f8393fd0429302e27afa745e48af205fc638217294,ROI_597\AMD_WET\206.png,FINAL_normal_provenance_production_v3\ROI_594\S000210.png,baea3d63a5234e0a490a71488a915ce78e08c7aadbcd650339d3542d7e94e521
S000211,Preprocess_597\AMD_WET\207.png,FINAL_normal_provenance_production_v3\Preprocessed_594\S000211.png,90e35fca43d1fb47fa6424059c54f06079a09e01d387d14a7cb2572e8dda8eef,ROI_597\AMD_WET\207.png,FINAL_normal_provenance_production_v3\ROI_594\S000211.png,0aee854ed3dc303c163cdf5222c659d17e96b38a450ac405457014b58b1dade1
S000212,Preprocess_597\AMD_WET\208.png,FINAL_normal_provenance_production_v3\Preprocessed_594\S000212.png,3829b53c60832ed59200c46674eaa1549cfde7647ea86ec14d26f23b1fc035d9,ROI_597\AMD_WET\208.png,FINAL_normal_provenance_production_v3\ROI_594\S000212.png,3643f8581b15315fa2d44bbda86b00144bd57dfd73117ab853ae17923acdbff5
S000213,Preprocess_597\AMD_WET\209.png,FINAL_normal_provenance_production_v3\Preprocessed_594\S000213.png,db49f8b969f71f47c22e520d94bbcd95ffd9aeeb5d2d5e7d83885401344c840e,ROI_597\AMD_WET\209.png,FINAL_normal_provenance_production_v3\ROI_594\S000213.png,630e6b07200f9be0a62ab669304bcfdce38a0ce0fbad4efa2dbd8199e26ab6cf
S000214,Preprocess_597\AMD_WET\210.png,FINAL_normal_provenance_production_v3\Preprocessed_594\S000214.png,42e63b17c4a329f592743a58a3cb8c7cc52ef2daedba4851539e74e5c3b7059b,ROI_597\AMD_WET\210.png,FINAL_normal_provenance_production_v3\ROI_594\S000214.png,d489e5db15c3acc63444e4f6ed1efd28787cc671e0120ed1312c471cf674c6c9
S000215,Preprocess_597\AMD_WET\214.png,FINAL_normal_provenance_production_v3\Preprocessed_594\S000215.png,d37baeba0428a7cdc66168f4039e8fbf8ab5583f7631ec3b4c36f93c517414f0,ROI_597\AMD_WET\214.png,FINAL_normal_provenance_production_v3\ROI_594\S000215.png,06e1b1ed41c0c4e79030dcc0d9fe5c3806bcd2327a20c3bb102211ef9c8031a7
S000216,Preprocess_597\AMD_WET\215.png,FINAL_normal_provenance_production_v3\Preprocessed_594\S000216.png,9d09a9f78371d3980bc03c355fbf1e9da74c213c2c28b61253b4ca339aeeea6b,ROI_597\AMD_WET\215.png,FINAL_normal_provenance_production_v3\ROI_594\S000216.png,ae2c21d5b7233abc529dec86ec380b795f77c37545ad2b1696ec9e8cdce401f3
S000217,Preprocess_597\AMD_WET\218.png,FINAL_normal_provenance_production_v3\Preprocessed_594\S000217.png,da15ddde11be65b8768d3575259fd97e5571327103467aff544031f5e86eb020,ROI_597\AMD_WET\218.png,FINAL_normal_provenance_production_v3\ROI_594\S000217.png,7d1d49846c2679e12428c10a848f231b13c2e0b827be029a583f80e94cdd4b25
S000218,Preprocess_597\AMD_WET\220.png,FINAL_normal_provenance_production_v3\Preprocessed_594\S000218.png,12e14e7fef50307737877273679487a1b23c7c934eda2b17fddf1d314dc1fbab,ROI_597\AMD_WET\220.png,FINAL_normal_provenance_production_v3\ROI_594\S000218.png,8ee366280f4ad9bc3d951ecf0e44d0a3896b58bf535dc98661e43ee5ffb21f56
S000220,Preprocess_597\AMD_WET\223.png,FINAL_normal_provenance_production_v3\Preprocessed_594\S000220.png,6ba0c41a880dff930ae26d75fc93fa0d6b5a6cda839d8cade7463ae38ed37cf8,ROI_597\AMD_WET\223.png,FINAL_normal_provenance_production_v3\ROI_594\S000220.png,6b9bbbb73a1c1d7845e50e1b8023a5aa7ec111bed953307397017ad0e3695eae
S000221,Preprocess_597\AMD_WET\224.png,FINAL_normal_provenance_production_v3\Preprocessed_594\S000221.png,40b2778117786f67b3c39e543861bfaacc59c0745591e362aff6877d3e7747df,ROI_597\AMD_WET\224.png,FINAL_normal_provenance_production_v3\ROI_594\S000221.png,9b183c0e52ed7ab8e66ea4b331f281cb725781c4c988233022f8d1d6030f0574
S000222,Preprocess_597\AMD_WET\225.png,FINAL_normal_provenance_production_v3\Preprocessed_594\S000222.png,ddf1a6e6e0cd15b21e778ba3a58d910f69952c3d60826b90202d437dd1dc3e30,ROI_597\AMD_WET\225.png,FINAL_normal_provenance_production_v3\ROI_594\S000222.png,9cefb11dbcf36bb17bbe3dc45c55795533b2a47b00057e60e452c57b904c2002
S000223,Preprocess_597\AMD_WET\226.png,FINAL_normal_provenance_production_v3\Preprocessed_594\S000223.png,fb795152ab80f1dd8763d38df7041878b143d5985d046336fc3f3ea4c38307a5,ROI_597\AMD_WET\226.png,FINAL_normal_provenance_production_v3\ROI_594\S000223.png,600d8713511fcea3922ee05e1eb17697c27106c03a86bea5a17ee1210be66e79
S000224,Preprocess_597\AMD_WET\227.png,FINAL_normal_provenance_production_v3\Preprocessed_594\S000224.png,5e683a1a0bdd7328ed33c17a2f414605613c7577818cfbe4f339ab8657a9fb24,ROI_597\AMD_WET\227.png,FINAL_normal_provenance_production_v3\ROI_594\S000224.png,e14c8b8bcc07c0329e1ff11cac4139a90082478a38e6439df739c87c588eaac1
S000225,Preprocess_597\AMD_WET\228.png,FINAL_normal_provenance_production_v3\Preprocessed_594\S000225.png,8a23751e162901f3fff8303348b4334628b78514fada202c195a319123777e6f,ROI_597\AMD_WET\228.png,FINAL_normal_provenance_production_v3\ROI_594\S000225.png,4533f149daeb8845a2096e3669607e4e8eb31a920742c2ed741ce792bbc3005d
S000226,Preprocess_597\AMD_WET\229.png,FINAL_normal_provenance_production_v3\Preprocessed_594\S000226.png,ff00e3e1bdf1ec56184efda029ee9919a60b42f6174b59fe169623f56d74a7fb,ROI_597\AMD_WET\229.png,FINAL_normal_provenance_production_v3\ROI_594\S000226.png,09790255c4c7788cce6ea834f9723e9a30c88cc9faa463bc005631a4a4cb2092
S000227,Preprocess_597\AMD_WET\230.png,FINAL_normal_provenance_production_v3\Preprocessed_594\S000227.png,88a4bcad74ea8cdd7a58826b77557a3970fc7c30fb27fb63d3b4327b27a64760,ROI_597\AMD_WET\230.png,FINAL_normal_provenance_production_v3\ROI_594\S000227.png,c121a968098a73333147002fdac6fa8662d666463adbf1259f2023c238236f2b
S000228,Preprocess_597\AMD_WET\231.png,FINAL_normal_provenance_production_v3\Preprocessed_594\S000228.png,7cbd1a54f134893603196483cd6e98415e6e562e54b2456289a9d2245a7d2a0e,ROI_597\AMD_WET\231.png,FINAL_normal_provenance_production_v3\ROI_594\S000228.png,8e037e48c3672912e2253401de13720226fdf7656eabf992b58c47e2d70454aa
S000229,Preprocess_597\AMD_WET\233.png,FINAL_normal_provenance_production_v3\Preprocessed_594\S000229.png,ad5179a3cd7513e51d8e2af14bc793ee5855b30f47fcb4aff7fb084dd2cd6312,ROI_597\AMD_WET\233.png,FINAL_normal_provenance_production_v3\ROI_594\S000229.png,a5531e80f60f4cb8ad08caa93e0a3bae6cfe3e22971771f8135886e43995d935
S000230,Preprocess_597\AMD_WET\236.png,FINAL_normal_provenance_production_v3\Preprocessed_594\S000230.png,993105713f8a971e263ba67274ce8562441e01de23ca550a039ebc389d9f6154,ROI_597\AMD_WET\236.png,FINAL_normal_provenance_production_v3\ROI_594\S000230.png,04cdc08a0bc1f8c036d290fcab07dbafc59c024a9c0b8a96151de4db4b99f887
S000231,Preprocess_597\AMD_WET\237.png,FINAL_normal_provenance_production_v3\Preprocessed_594\S000231.png,424f74bcf47bdab1a3cd6f3c17a82fe1c138e1b835712a49c634021dcf129971,ROI_597\AMD_WET\237.png,FINAL_normal_provenance_production_v3\ROI_594\S000231.png,9dd949284316d90a511cf4ae75a5ca9c99e71730aad9c45fae3ab6f6dd281696
S000232,Preprocess_597\AMD_WET\238.png,FINAL_normal_provenance_production_v3\Preprocessed_594\S000232.png,45573255da84d29d50bdc187edaea7ad568ca36fa089b1721f497e029addf91a,ROI_597\AMD_WET\238.png,FINAL_normal_provenance_production_v3\ROI_594\S000232.png,7bbe439ff23b8c45519a69f976124ac5861db8d363b5de06873e2039e0b381ab
S000233,Preprocess_597\AMD_WET\239.png,FINAL_normal_provenance_production_v3\Preprocessed_594\S000233.png,0bc4d704c1b96e3c3bcc6eaccfdf61101477b93d988addd9c2521da8105081d0,ROI_597\AMD_WET\239.png,FINAL_normal_provenance_production_v3\ROI_594\S000233.png,3b2fc01d8dac9ecf6e70c1a28c037a074f1d01723d3b9235f4db85fb6567be68
S000234,Preprocess_597\AMD_WET\240.png,FINAL_normal_provenance_production_v3\Preprocessed_594\S000234.png,ea761658eb012b0615e60e56f65ef349f973628851adc49a96b7e2608634bc24,ROI_597\AMD_WET\240.png,FINAL_normal_provenance_production_v3\ROI_594\S000234.png,727ef7374f7eeb29f50848d2b1763d52615b3090cb561c0f6f55767c32a8e8b8
S000235,Preprocess_597\AMD_WET\243.png,FINAL_normal_provenance_production_v3\Preprocessed_594\S000235.png,d773f582ecbfdb45e5facc4e83d22647c3745bbc7e8cd5721a3f8ef7c3b0b174,ROI_597\AMD_WET\243.png,FINAL_normal_provenance_production_v3\ROI_594\S000235.png,52242ecea1a4dac4f8d714b9d52253ab42c93697faf8e7901c35aa02531046a9
S000236,Preprocess_597\AMD_WET\244.png,FINAL_normal_provenance_production_v3\Preprocessed_594\S000236.png,0b82019ba4ff62309358cf83754e9ffafd8946f8c5f4ea5f20003a0586767e3d,ROI_597\AMD_WET\244.png,FINAL_normal_provenance_production_v3\ROI_594\S000236.png,b73f3b2129970e1542db4393c70b0f4d900dd227e26e83c18066cd5a7a13f8a7
S000238,Preprocess_597\AMD_WET\247.png,FINAL_normal_provenance_production_v3\Preprocessed_594\S000238.png,65b025bd7ec701aaf1664967c82bfd6118baf821e71b25851e9f44e763ce9979,ROI_597\AMD_WET\247.png,FINAL_normal_provenance_production_v3\ROI_594\S000238.png,cb1959628335e548330bf1ed5f0939bed9ea547a93842662a0187020210b4f2f
S000239,Preprocess_597\NORMAL\582.jpg,FINAL_normal_provenance_production_v3\Preprocessed_594\S000239.jpg,28a6ceae622784406f812691af541e5fcc76b9a7e322803ce55daec269f87b2d,ROI_597\NORMAL\582.jpg,FINAL_normal_provenance_production_v3\ROI_594\S000239.jpg,1a5d0e1941cee2701a7b087576fec31462493b0190d1b0ebfca35d507016175d
S000240,Preprocess_597\NORMAL\583.jpg,FINAL_normal_provenance_production_v3\Preprocessed_594\S000240.jpg,13c5becc6661bd45165574e9831e1a28646972d748a0b114be5acd9e76231e79,ROI_597\NORMAL\583.jpg,FINAL_normal_provenance_production_v3\ROI_594\S000240.jpg,01ec559d5234bc3d5c693c9029e9e62565652f0a2281709b2b71d5009cf214b1
S000241,Preprocess_597\NORMAL\584.jpg,FINAL_normal_provenance_production_v3\Preprocessed_594\S000241.jpg,8ff30d6f8d89d842998d5425e0692d4f07b367cc28c00e71b276cc8260e32f4f,ROI_597\NORMAL\584.jpg,FINAL_normal_provenance_production_v3\ROI_594\S000241.jpg,39a92a9231a83115a73c85b3a825fa0d1a752f64cc57d80f51a2dcd49e04756d
S000242,Preprocess_597\NORMAL\585.jpg,FINAL_normal_provenance_production_v3\Preprocessed_594\S000242.jpg,504d5e0ca444aed5653cad9ab64e2795939ec1ca8f3ca2e1003d1239fc9a7383,ROI_597\NORMAL\585.jpg,FINAL_normal_provenance_production_v3\ROI_594\S000242.jpg,dd76455b941c908b2612502228a86445880265ec0e56f36719bd69c875f4323f
S000243,Preprocess_597\NORMAL\586.jpg,FINAL_normal_provenance_production_v3\Preprocessed_594\S000243.jpg,b2a14935d3fec74f8b5d522f62c61296dd57eecad7d97c3e3c2dddf55051cd92,ROI_597\NORMAL\586.jpg,FINAL_normal_provenance_production_v3\ROI_594\S000243.jpg,0c566f0ca3652a2de7989ede33a5d50c7e1193be48faeffc2804a90868ebbebe
S000244,Preprocess_597\NORMAL\587.jpg,FINAL_normal_provenance_production_v3\Preprocessed_594\S000244.jpg,be7cd869a08cf4de522058451b0bdeff0f47175bae111b4dd60e771dda2af65b,ROI_597\NORMAL\587.jpg,FINAL_normal_provenance_production_v3\ROI_594\S000244.jpg,5e66e664f46d2e9935a90a3fedfd58380b955e3f76156abe703f8c48743f11d1
S000245,Preprocess_597\NORMAL\588.jpg,FINAL_normal_provenance_production_v3\Preprocessed_594\S000245.jpg,c948d4133f23eadb4c063b6fcaf3833662b997a431068612fa6ae7c2f6d286bc,ROI_597\NORMAL\588.jpg,FINAL_normal_provenance_production_v3\ROI_594\S000245.jpg,ef69d7977d4454c02a06bbc0404649292162c543b092f827931ae28b54d8d09d
S000246,Preprocess_597\NORMAL\589.jpg,FINAL_normal_provenance_production_v3\Preprocessed_594\S000246.jpg,9839c439f3c30928153d713e3ffb8bdf673b4023693bb1116c62d0473def7c67,ROI_597\NORMAL\589.jpg,FINAL_normal_provenance_production_v3\ROI_594\S000246.jpg,4ecaccf5d91fe67acdac29d6886cfd606ba68cf030019eff2b87c4eed1ebc89f
S000247,Preprocess_597\NORMAL\590.jpg,FINAL_normal_provenance_production_v3\Preprocessed_594\S000247.jpg,70c270e87a3333319d94733e308ad674402e127ccbc3dcd4deca76a6b0cf5f12,ROI_597\NORMAL\590.jpg,FINAL_normal_provenance_production_v3\ROI_594\S000247.jpg,80b27ee732ad350db03169a07b6df4fb716bcf58d55364f5c8f83a136cc330fa
S000248,Preprocess_597\NORMAL\591.jpg,FINAL_normal_provenance_production_v3\Preprocessed_594\S000248.jpg,3725678122ac170c54b2905aa95d7dcbb4250fc45062d74d35e25640a27f4199,ROI_597\NORMAL\591.jpg,FINAL_normal_provenance_production_v3\ROI_594\S000248.jpg,089679f45d9adf61be86976a8de51ac8506fb38a47a19725fec82e5a22deb04e
S000249,Preprocess_597\NORMAL\592.jpg,FINAL_normal_provenance_production_v3\Preprocessed_594\S000249.jpg,161eb47ab47044f72acb7edfe5a3425c613673c88c3982634d57177f71b240e5,ROI_597\NORMAL\592.jpg,FINAL_normal_provenance_production_v3\ROI_594\S000249.jpg,64a8d68823b6af091162a3d43acfebe52cb5a81de2975cec74c77d3082ce74a1
S000250,Preprocess_597\NORMAL\593.jpg,FINAL_normal_provenance_production_v3\Preprocessed_594\S000250.jpg,f84f991689bd333be097fd76a4d414de08de4c20aa8407c12a7074cc0d697dfc,ROI_597\NORMAL\593.jpg,FINAL_normal_provenance_production_v3\ROI_594\S000250.jpg,490548a0f14f69776c668ea0e13565ca3c3846663a77863c4e9ca8d68605aa3a
S000251,Preprocess_597\NORMAL\594.jpg,FINAL_normal_provenance_production_v3\Preprocessed_594\S000251.jpg,5be37c938a82a2fa7004be0fecd4eda95f482a1f671d0ff2f5029ecca9604b95,ROI_597\NORMAL\594.jpg,FINAL_normal_provenance_production_v3\ROI_594\S000251.jpg,b4b79dd01d1e1e1513e3872a3b5d51986aa77663f1a3d11b0dfbd1b4771b9bfb
S000252,Preprocess_597\NORMAL\595.jpg,FINAL_normal_provenance_production_v3\Preprocessed_594\S000252.jpg,5495c5239ffdfa4e9d71783508b386157f1bf85b819fa34b9de92c3acbe221b7,ROI_597\NORMAL\595.jpg,FINAL_normal_provenance_production_v3\ROI_594\S000252.jpg,22fe4e1fb3e3aff87e76a0959bb14725a9525d1387ca28a7f71a2b8617fd9a57
S000253,Preprocess_597\NORMAL\596.jpg,FINAL_normal_provenance_production_v3\Preprocessed_594\S000253.jpg,5092c3f52ac70fef3520d983562ed802790044622581e6886b3874d43baf8f7e,ROI_597\NORMAL\596.jpg,FINAL_normal_provenance_production_v3\ROI_594\S000253.jpg,63a0c2cece3be33c3b3c67368d9a7b5b2ac7059efbfdc904b5e1c516c73f1cf8
S000254,Preprocess_597\NORMAL\597.jpg,FINAL_normal_provenance_production_v3\Preprocessed_594\S000254.jpg,8df8a3ff327aa5f51920f66661a43e0ffaaa9eb594cbf3c30b48fd613bbc555f,ROI_597\NORMAL\597.jpg,FINAL_normal_provenance_production_v3\ROI_594\S000254.jpg,8e523b4e3b16083f16b3d461bdeb22f16999aafa75b50a96f050c89c4befc015
S000255,Preprocess_597\NORMAL\598.jpg,FINAL_normal_provenance_production_v3\Preprocessed_594\S000255.jpg,b46866fb4818d9538c24fc3df4b688f45a1b92f59728ff5c0874929c66529673,ROI_597\NORMAL\598.jpg,FINAL_normal_provenance_production_v3\ROI_594\S000255.jpg,35896d6d1bfb726efa1603bdfde79dd7408b74f92a5679c1ca9bef83d07f68b9
S000256,Preprocess_597\NORMAL\599.jpg,FINAL_normal_provenance_production_v3\Preprocessed_594\S000256.jpg,dfad74a27761111d937c920ba8ccfae50e33044b5d9d0c50ed0093fcab6e4202,ROI_597\NORMAL\599.jpg,FINAL_normal_provenance_production_v3\ROI_594\S000256.jpg,101e2dde81d02bf0e5c94e1b9efb7d8fe81f88a834329c29fc20f4d78067c6ba
S000257,Preprocess_597\NORMAL\600.jpg,FINAL_normal_provenance_production_v3\Preprocessed_594\S000257.jpg,0ee8729aa3e028267e18fa383ca8d493b48373110aa06df728219b86ae31da85,ROI_597\NORMAL\600.jpg,FINAL_normal_provenance_production_v3\ROI_594\S000257.jpg,e6c47488a1cd0c4110b2b4f21f19fc69964f45073604aabf637173e4d564788e
S000258,Preprocess_597\NORMAL\601.jpg,FINAL_normal_provenance_production_v3\Preprocessed_594\S000258.jpg,3ad62ae4fac7b3598d078e4f69d9b87f84019add294cc60704a2e98d7ef50f36,ROI_597\NORMAL\601.jpg,FINAL_normal_provenance_production_v3\ROI_594\S000258.jpg,0b8ec99247dd704809f23d317db15b089b35c94f46f46d3e46ffbd08d7b5787a
S000259,Preprocess_597\NORMAL\602.jpg,FINAL_normal_provenance_production_v3\Preprocessed_594\S000259.jpg,78c5bd3511bb698cf320a03c2d573ec6865be94c77b88721862dcb0fd72e56e0,ROI_597\NORMAL\602.jpg,FINAL_normal_provenance_production_v3\ROI_594\S000259.jpg,79b8945181c85e4bdcb0ba71c99430ea8be4fbf130bedd02e808d667d4c1fedd
S000260,Preprocess_597\NORMAL\603.jpg,FINAL_normal_provenance_production_v3\Preprocessed_594\S000260.jpg,275596d8867f3193a23ba200ea06b4b4da9a5a17678e12682449d96f076310bb,ROI_597\NORMAL\603.jpg,FINAL_normal_provenance_production_v3\ROI_594\S000260.jpg,b7efaac4261a99981734caf007b32b3deacc4bd0398570a591b69492ded0a372
S000261,Preprocess_597\NORMAL\604.jpg,FINAL_normal_provenance_production_v3\Preprocessed_594\S000261.jpg,c4d7d5c0408e3821e1e6c6218a7ed59b9da978e97fa63c2e4807d52da2257ca6,ROI_597\NORMAL\604.jpg,FINAL_normal_provenance_production_v3\ROI_594\S000261.jpg,62de3af2b5d1e0518df7b162947449b4a55020e23ff27e35c8a4215d10b6f446
S000262,Preprocess_597\NORMAL\605.jpg,FINAL_normal_provenance_production_v3\Preprocessed_594\S000262.jpg,ec2a918ff5d8f485f2b79f267360b61760794ec1435102d1ac319b497b53f74c,ROI_597\NORMAL\605.jpg,FINAL_normal_provenance_production_v3\ROI_594\S000262.jpg,dbf5a441598d47296feb7ee7a1ae239cd472de5d118436effc62da953dd32c68
S000263,Preprocess_597\NORMAL\606.jpg,FINAL_normal_provenance_production_v3\Preprocessed_594\S000263.jpg,fa4428d3dbbc4553de15ba77b3c2165a03e24f4e71483ab26354706c6d2bc0ea,ROI_597\NORMAL\606.jpg,FINAL_normal_provenance_production_v3\ROI_594\S000263.jpg,a4653ac3b7d76cefbe1ebaf42b84d8bc69b2e4a88b186d7042ee9f511eb14ebf
S000264,Preprocess_597\NORMAL\607.jpg,FINAL_normal_provenance_production_v3\Preprocessed_594\S000264.jpg,af5566be9ce1aa9cce992e5fd3e550a8f28976d34de0f1059c650681991dcf24,ROI_597\NORMAL\607.jpg,FINAL_normal_provenance_production_v3\ROI_594\S000264.jpg,bf3140b28c24efe6ff345253691f78fa6f38d89c3b95866d4fc6a5d0b4c2cc4c
S000265,Preprocess_597\NORMAL\608.jpg,FINAL_normal_provenance_production_v3\Preprocessed_594\S000265.jpg,4c900e884fc4563b8d9749e30c950126b8297ce9697f2a309383a03d70420214,ROI_597\NORMAL\608.jpg,FINAL_normal_provenance_production_v3\ROI_594\S000265.jpg,792427fe7cd8338dc3a6e35c7e373a42bb4148f0653706eff86f623f88aa2011
S000266,Preprocess_597\NORMAL\609.jpg,FINAL_normal_provenance_production_v3\Preprocessed_594\S000266.jpg,ce500acfc91f17e6d760ca40192c236daaf7aa81749bd92c994d1c1147be0a75,ROI_597\NORMAL\609.jpg,FINAL_normal_provenance_production_v3\ROI_594\S000266.jpg,0f157b46d78aebdf4b8f0caf2ef7b1f47ff1743dc7210f4b9d56fcdf4caa3254
S000267,Preprocess_597\NORMAL\610.jpg,FINAL_normal_provenance_production_v3\Preprocessed_594\S000267.jpg,0d4f825a38821ad18b416cf944d4d6bf5ab3a4334f5585c1c45d072954014386,ROI_597\NORMAL\610.jpg,FINAL_normal_provenance_production_v3\ROI_594\S000267.jpg,525e7bd45bbe6308622b346e7cdcff46dfdd8c80528986dac737a5eb51213b88
S000268,Preprocess_597\NORMAL\611.jpg,FINAL_normal_provenance_production_v3\Preprocessed_594\S000268.jpg,b088a28d6b880acfc03d17bcda159cb57b60ffd116a488bd16665abb3adbb319,ROI_597\NORMAL\611.jpg,FINAL_normal_provenance_production_v3\ROI_594\S000268.jpg,80aa608c4c040b834fa5771c45fd76cab2c93677236efd36754a1c59f7dd921d
S000269,Preprocess_597\NORMAL\612.jpg,FINAL_normal_provenance_production_v3\Preprocessed_594\S000269.jpg,390d56fab9311b4c819a25d81a6eae4ed4236a97edeff66f53141f704aa8c69a,ROI_597\NORMAL\612.jpg,FINAL_normal_provenance_production_v3\ROI_594\S000269.jpg,8b00ab09774769e9a929bd383532972dc5e1e2decb56b004a0e00b77ea8daf53
S000270,Preprocess_597\NORMAL\613.jpg,FINAL_normal_provenance_production_v3\Preprocessed_594\S000270.jpg,23af04b267c11117a4b7ea1b90a3ddac162e72c1ed86ccea9396f1e6abe184cc,ROI_597\NORMAL\613.jpg,FINAL_normal_provenance_production_v3\ROI_594\S000270.jpg,acd3b9becca7be05a4d26f75558097c2815835f7acfcea1621b5ed6bec9f67c7
S000271,Preprocess_597\NORMAL\614.jpg,FINAL_normal_provenance_production_v3\Preprocessed_594\S000271.jpg,28798d84b3be61a77c43a3f5ae99f799d972525580e9befe19bc54d7593a88ca,ROI_597\NORMAL\614.jpg,FINAL_normal_provenance_production_v3\ROI_594\S000271.jpg,8e67705f08afb614ae4fbc5952db2d941aa08aec57488856d2e2565c82eae544
S000272,Preprocess_597\NORMAL\615.jpg,FINAL_normal_provenance_production_v3\Preprocessed_594\S000272.jpg,c2c9b2fecaabd7b6aa8e1f3235616aab3617edacdbbd8ab92b427af2db9e3098,ROI_597\NORMAL\615.jpg,FINAL_normal_provenance_production_v3\ROI_594\S000272.jpg,ab45c07e4db92916082a9972c0384089c9e85f64c17b88a598fb78507ba8e545
S000273,Preprocess_597\NORMAL\616.jpg,FINAL_normal_provenance_production_v3\Preprocessed_594\S000273.jpg,5336fe832082aec9e66be5e0a5e1a3dc0c8fadd010dbcc42d8752b8f05b8b206,ROI_597\NORMAL\616.jpg,FINAL_normal_provenance_production_v3\ROI_594\S000273.jpg,06a3a834d5f55dc51c693ba58edf197109a95c90e1f4ce8295d7f8b1de331b08
S000274,Preprocess_597\NORMAL\617.jpg,FINAL_normal_provenance_production_v3\Preprocessed_594\S000274.jpg,6b123ae269bdebdf38573c5a1761ae75d62938b16122f092799fd3657ef9c0cb,ROI_597\NORMAL\617.jpg,FINAL_normal_provenance_production_v3\ROI_594\S000274.jpg,085b52df47a5fa8f5979d3392d569c294b76e192d3f603fb582c891cc9d7cfc2
S000275,Preprocess_597\NORMAL\618.jpg,FINAL_normal_provenance_production_v3\Preprocessed_594\S000275.jpg,e11447a15a71b438b4a80a734c13b1b3756462ed4eb9579b8e8407faf368a786,ROI_597\NORMAL\618.jpg,FINAL_normal_provenance_production_v3\ROI_594\S000275.jpg,5ecdb00bd62229509f231a94111fb33769ccf99afc225826ac7ea1000bd70a10
S000276,Preprocess_597\NORMAL\619.jpg,FINAL_normal_provenance_production_v3\Preprocessed_594\S000276.jpg,85632928ef572d621d5f46db9cf1702a155f895239fd31056de8937deaca5ff8,ROI_597\NORMAL\619.jpg,FINAL_normal_provenance_production_v3\ROI_594\S000276.jpg,e65e388f354f4481d2733c80309db634c588ce38113af6d77abbd9c0a8e8f677
S000277,Preprocess_597\NORMAL\620.jpg,FINAL_normal_provenance_production_v3\Preprocessed_594\S000277.jpg,e11f8935520180d8480391968caaa0dc07995b5da4a54f27168b9dd7e6fe2d12,ROI_597\NORMAL\620.jpg,FINAL_normal_provenance_production_v3\ROI_594\S000277.jpg,72febd317ec3f570eb0b9654aded33dc0f7efb016cc1cc7f4fc4bf979952c142
S000278,Preprocess_597\NORMAL\621.jpg,FINAL_normal_provenance_production_v3\Preprocessed_594\S000278.jpg,d4c93a6766de69b3489ad95f66557015a840c6f7fc8b509d14bbf18601eea24d,ROI_597\NORMAL\621.jpg,FINAL_normal_provenance_production_v3\ROI_594\S000278.jpg,9e9a17b00fa85fd2aa848ef70276aad2eed3576968ad86dbdbe4a459db17f918
S000279,Preprocess_597\NORMAL\623.jpg,FINAL_normal_provenance_production_v3\Preprocessed_594\S000279.jpg,368b9e594a93396146f4c6774869b41461c3093e52ac0b040b5a8388421d8eb9,ROI_597\NORMAL\623.jpg,FINAL_normal_provenance_production_v3\ROI_594\S000279.jpg,d29321b1137ea3b46b3796a90e252d1d10161d887e5321861c2c9efbbac54095
S000280,Preprocess_597\NORMAL\624.jpg,FINAL_normal_provenance_production_v3\Preprocessed_594\S000280.jpg,023b46b25416873cde2b9289bd8d96474ba1ac7c9d6e649f887f4322d07f3866,ROI_597\NORMAL\624.jpg,FINAL_normal_provenance_production_v3\ROI_594\S000280.jpg,d0584a17b95bb03e78b819f4ca26a6dff48e3f7a975ed6b2e04b4376a486986b
S000281,Preprocess_597\NORMAL\625.jpg,FINAL_normal_provenance_production_v3\Preprocessed_594\S000281.jpg,0675faba3eb34d53e77957466d2eaed07a3e95a6c50f71697bff7bf5efce9517,ROI_597\NORMAL\625.jpg,FINAL_normal_provenance_production_v3\ROI_594\S000281.jpg,c50ebc1683e2695cc7c7dd978362f889ec602a2231edb3b03eccbaaf1f54073d
S000282,Preprocess_597\NORMAL\626.jpg,FINAL_normal_provenance_production_v3\Preprocessed_594\S000282.jpg,b02f406bc34c7a02de4da8e79ae39f0c3eecb5ff4d736789c057d9dc215fa346,ROI_597\NORMAL\626.jpg,FINAL_normal_provenance_production_v3\ROI_594\S000282.jpg,1f21afcd8bff923d442636ef988e74ac0da5e378a9b3b36d09462a9285f7b6b1
S000283,Preprocess_597\NORMAL\627.jpg,FINAL_normal_provenance_production_v3\Preprocessed_594\S000283.jpg,05cd95623e48d898424e8c71c523895189ff2deebdfac022c8a0807e1ca7ba6e,ROI_597\NORMAL\627.jpg,FINAL_normal_provenance_production_v3\ROI_594\S000283.jpg,cb26a4e16e521754f6f5264333ad9076391c91b7e044e9e67215745dad78c4fd
S000284,Preprocess_597\NORMAL\628.jpg,FINAL_normal_provenance_production_v3\Preprocessed_594\S000284.jpg,bb70a836c40f1856741b751ee1c1eb96e09b6c1bf3fa63600f6e185086a20baf,ROI_597\NORMAL\628.jpg,FINAL_normal_provenance_production_v3\ROI_594\S000284.jpg,2f69dc0288877d74533f5536b5629129d669a4e258fc28a8eef6868d157c4dd2
S000285,Preprocess_597\NORMAL\629.jpg,FINAL_normal_provenance_production_v3\Preprocessed_594\S000285.jpg,2a6a8d31212876e0c0786f82236f31a261d1b050355d5e74d5feb284086bce66,ROI_597\NORMAL\629.jpg,FINAL_normal_provenance_production_v3\ROI_594\S000285.jpg,d76df093904070d85b29adba27231eb4c4a9ea3ae1aec05692f09857b0e9072e
S000286,Preprocess_597\NORMAL\630.jpg,FINAL_normal_provenance_production_v3\Preprocessed_594\S000286.jpg,5d22943dff0eaf514754e68611d14c1b91ad5c8a4d45fb6b4c45a9d3c4ff57eb,ROI_597\NORMAL\630.jpg,FINAL_normal_provenance_production_v3\ROI_594\S000286.jpg,6cd888bae0b879d668b33a15517f324edc876314a7121bbb3a875c51a67e3cc7
S000287,Preprocess_597\NORMAL\631.jpg,FINAL_normal_provenance_production_v3\Preprocessed_594\S000287.jpg,3db27980d8e7bfa12f71afecf0cc2245258ba329d436e961e12b616ce9c12163,ROI_597\NORMAL\631.jpg,FINAL_normal_provenance_production_v3\ROI_594\S000287.jpg,d4683ce0e174ccd532d8fdd3a1ea35e7b1215f22620a341868007b1c52beb608
S000288,Preprocess_597\NORMAL\632.jpg,FINAL_normal_provenance_production_v3\Preprocessed_594\S000288.jpg,0b0a9cd2dc85075100448b8176cf8de6aef9a4dcf6572869f7025ae7376025a1,ROI_597\NORMAL\632.jpg,FINAL_normal_provenance_production_v3\ROI_594\S000288.jpg,6165551cd8343e5ef0965a3744aa7bab86dc4f290fd9a6ed2452782879860d03
S000289,Preprocess_597\NORMAL\633.jpg,FINAL_normal_provenance_production_v3\Preprocessed_594\S000289.jpg,66d236f3b32eac1c4b1dddc55b4bf0eea68cdece5fb699e5f3e1e3f60c6edca8,ROI_597\NORMAL\633.jpg,FINAL_normal_provenance_production_v3\ROI_594\S000289.jpg,f7009714a413eb4a81608b43231efa66da01a046cac09a65f0a51150aa7dbbf2
S000290,Preprocess_597\NORMAL\634.jpg,FINAL_normal_provenance_production_v3\Preprocessed_594\S000290.jpg,688fbb0b8cde4bf76bd897b166d15ca0b8d835e872db12f69a12ead18a6ea8fc,ROI_597\NORMAL\634.jpg,FINAL_normal_provenance_production_v3\ROI_594\S000290.jpg,13c890fc5ac4650d69587fa822ce300ff705d97dddb81bb2a069422f986b7e92
S000291,Preprocess_597\NORMAL\635.jpg,FINAL_normal_provenance_production_v3\Preprocessed_594\S000291.jpg,3d28a5206c06e02e610b1ea425961c6a784767d10c24c0c8947f6e6ba3d5402c,ROI_597\NORMAL\635.jpg,FINAL_normal_provenance_production_v3\ROI_594\S000291.jpg,bfb5d9701059df2270d93e13a6e91d7d06f0eb3530c0f4907225777c08e3b238
S000292,Preprocess_597\NORMAL\636.jpg,FINAL_normal_provenance_production_v3\Preprocessed_594\S000292.jpg,944fbca497f15a917e5da0e74217870f4e81def69a4abc62bd10922e04249191,ROI_597\NORMAL\636.jpg,FINAL_normal_provenance_production_v3\ROI_594\S000292.jpg,7d5b7db870a0197668775616b1d9d88fd71ecfb2510f3a930de6c7641a186c75
S000293,Preprocess_597\NORMAL\637.jpg,FINAL_normal_provenance_production_v3\Preprocessed_594\S000293.jpg,c3621970e26d5050041aada33de6362fbfbf48d2955fb8cf975cadef5a7a09f3,ROI_597\NORMAL\637.jpg,FINAL_normal_provenance_production_v3\ROI_594\S000293.jpg,1bb25f5851843b8fdacd7ff76f8629f9a830e9db125c6a4ba3abc29a51b8d047
S000294,Preprocess_597\NORMAL\638.jpg,FINAL_normal_provenance_production_v3\Preprocessed_594\S000294.jpg,a054dd520fcec1292fef5c31c0c2ba863a3a3c128dbffea316e203ac196d7ca7,ROI_597\NORMAL\638.jpg,FINAL_normal_provenance_production_v3\ROI_594\S000294.jpg,7aceeb63f0a5de9b6c914731bed01ae8316ba252b6eb29bc4912b540ab89efb9
S000295,Preprocess_597\NORMAL\639.jpg,FINAL_normal_provenance_production_v3\Preprocessed_594\S000295.jpg,127561cf4001ccfb7d264593591b51fb99d8c0d614598c96b3e4acad41ad8737,ROI_597\NORMAL\639.jpg,FINAL_normal_provenance_production_v3\ROI_594\S000295.jpg,57ae70a002cd65d3e56e76d69eb269b8f85a60853399766b86c0c8845064ed04
S000296,Preprocess_597\NORMAL\640.jpg,FINAL_normal_provenance_production_v3\Preprocessed_594\S000296.jpg,9d2de547eb6ed552d023f94de8ec9cb377a0bb051d3f03abfc5184b736292571,ROI_597\NORMAL\640.jpg,FINAL_normal_provenance_production_v3\ROI_594\S000296.jpg,97d49c5aaa03807bbe24be304ecab08daa59bc67d8b3163c5035ea38c3d4a4d7
S000297,Preprocess_597\NORMAL\641.jpg,FINAL_normal_provenance_production_v3\Preprocessed_594\S000297.jpg,1ca905a5492531d37bbac0af33ac1a4bb8dfc5fa5aacb3fe03d4b693483f0b9b,ROI_597\NORMAL\641.jpg,FINAL_normal_provenance_production_v3\ROI_594\S000297.jpg,28d69c7792f8c423844045dcc91a32cebb0483aa922e2f8042b940f3d7d38a69
S000298,Preprocess_597\NORMAL\642.jpg,FINAL_normal_provenance_production_v3\Preprocessed_594\S000298.jpg,08a1076d2fb4ee8f75130177b492dfe8d88de64b6ca182a57e3268cb171ca7a2,ROI_597\NORMAL\642.jpg,FINAL_normal_provenance_production_v3\ROI_594\S000298.jpg,d5e2fb99e983f2f9cf81a5777ac6972f9e8f3f2144955c2ac36e1fbab9e94ff1
S000299,Preprocess_597\NORMAL\643.jpg,FINAL_normal_provenance_production_v3\Preprocessed_594\S000299.jpg,ae368c2ce6b25dcf2649989d4a8e1d71e87155b475eed3d7c7ab850317559d91,ROI_597\NORMAL\643.jpg,FINAL_normal_provenance_production_v3\ROI_594\S000299.jpg,fb7dcc9ea3d00c71e61d4d2cad910b3af5b65c74bd2467a69de2bf96f023be9b
S000300,Preprocess_597\NORMAL\644.jpg,FINAL_normal_provenance_production_v3\Preprocessed_594\S000300.jpg,c5a48ceed6cb8a21ecd0a9567b2e4ded337dedc3103df5bf041430fe7c6a1368,ROI_597\NORMAL\644.jpg,FINAL_normal_provenance_production_v3\ROI_594\S000300.jpg,a1c11155cfa246cec9006f4290f60403e73a577908d46eb663f532cd445ae93d
S000301,Preprocess_597\NORMAL\645.jpg,FINAL_normal_provenance_production_v3\Preprocessed_594\S000301.jpg,d3fe77a471349368b8ff98488182467e88c82b80090e068a5bfc3b99935a978e,ROI_597\NORMAL\645.jpg,FINAL_normal_provenance_production_v3\ROI_594\S000301.jpg,c9c3a5e1e30effdf8d73d503e493d29885bd9a5135a6867c1f5c3be489252ee1
S000302,Preprocess_597\NORMAL\646.jpg,FINAL_normal_provenance_production_v3\Preprocessed_594\S000302.jpg,0f9b54c35b1e7aeb269b943d960992fc9b1e6f79cf40429d23e6d7dfb23cb1fe,ROI_597\NORMAL\646.jpg,FINAL_normal_provenance_production_v3\ROI_594\S000302.jpg,2953eaf7656f36190df6e06de64932afeb5c528ec52650e9c83137cd81e285f8
S000303,Preprocess_597\NORMAL\647.jpg,FINAL_normal_provenance_production_v3\Preprocessed_594\S000303.jpg,5154043eaa7ae1058efa55a1903015b53cda21d261a55e764c468992a39019d2,ROI_597\NORMAL\647.jpg,FINAL_normal_provenance_production_v3\ROI_594\S000303.jpg,73e9e607b9624af91463c7926079e229b6a2686ffefcdb5316a4c7a23620b6d9
S000304,Preprocess_597\NORMAL\648.jpg,FINAL_normal_provenance_production_v3\Preprocessed_594\S000304.jpg,9456fde816bae8a4b44be7ed98c0f66cfc8302b6bc536661bb4a041623acc9f1,ROI_597\NORMAL\648.jpg,FINAL_normal_provenance_production_v3\ROI_594\S000304.jpg,64d6f4e70d1dd3e017d3e12d0350ae659f486ebc89531e7c3608c8b761723666
S000305,Preprocess_597\NORMAL\649.jpg,FINAL_normal_provenance_production_v3\Preprocessed_594\S000305.jpg,9db17e281a46607b9a3bbbc2f10aeaa11d7841e0db5519a1ed1c8cc660106781,ROI_597\NORMAL\649.jpg,FINAL_normal_provenance_production_v3\ROI_594\S000305.jpg,b073f59585afa4e8b15588e0c21c2604f1bf6b9bd5694a6aa39254265d9ea700
S000306,Preprocess_597\NORMAL\650.jpg,FINAL_normal_provenance_production_v3\Preprocessed_594\S000306.jpg,6ec7db7964f19770a7741f1c818417bf138ea55b5ff2d83235f6e3ca3ba45bb4,ROI_597\NORMAL\650.jpg,FINAL_normal_provenance_production_v3\ROI_594\S000306.jpg,88f70aa8c946670a75adb41b0f6fa12af36e44b19b118bb6256b17dc5bf94543
S000307,Preprocess_597\NORMAL\651.jpg,FINAL_normal_provenance_production_v3\Preprocessed_594\S000307.jpg,f7e13170f6b9a77ad6f4595ca8b5698f7d9bd4ffa73eb669ad1bacaef506d313,ROI_597\NORMAL\651.jpg,FINAL_normal_provenance_production_v3\ROI_594\S000307.jpg,e3d2123ee5b3d556d5110725724a92ec71829d26a217b3022581131728d52833
S000308,Preprocess_597\NORMAL\652.jpg,FINAL_normal_provenance_production_v3\Preprocessed_594\S000308.jpg,c52ae0e4cf75892c9c9c4b513b582655b2cc0337edfe4be8262ed66f9121227b,ROI_597\NORMAL\652.jpg,FINAL_normal_provenance_production_v3\ROI_594\S000308.jpg,cbcb7e22a7fcadfe9f04951179c3615cb754265e906aa62c21f6671813c399d5
S000309,Preprocess_597\NORMAL\653.jpg,FINAL_normal_provenance_production_v3\Preprocessed_594\S000309.jpg,d73373f27cebfd10a37f265c14b372fa88b1a6acce4e9fdf603e172edc4dd127,ROI_597\NORMAL\653.jpg,FINAL_normal_provenance_production_v3\ROI_594\S000309.jpg,50bd4f985f4a1aecfe488799cb25362aa9894d877816f03f3fbfdef65ef91ac8
S000310,Preprocess_597\NORMAL\654.jpg,FINAL_normal_provenance_production_v3\Preprocessed_594\S000310.jpg,72c34991e00cbee87176f50fb2ce31b0b33a92ac4379d418060aeb1a3a7bf147,ROI_597\NORMAL\654.jpg,FINAL_normal_provenance_production_v3\ROI_594\S000310.jpg,6551288e6d6fe4ba5dae25f7a29a0700052362e99fa64f1efe71a57b60b91aec
S000311,Preprocess_597\NORMAL\655.jpg,FINAL_normal_provenance_production_v3\Preprocessed_594\S000311.jpg,a62876bad9cb6ff43d0087aba957d62739ea2434400be79a0bf3c9bb295b374e,ROI_597\NORMAL\655.jpg,FINAL_normal_provenance_production_v3\ROI_594\S000311.jpg,38b043dcf63a35e2d679e17a6e42603ad65ff8aa68e5ec6c1ccb945b368e9ff0
S000312,Preprocess_597\NORMAL\656.jpg,FINAL_normal_provenance_production_v3\Preprocessed_594\S000312.jpg,ef28355315302fa67c37b78a906e15568b21576c47e182d7be5e5df6339917f9,ROI_597\NORMAL\656.jpg,FINAL_normal_provenance_production_v3\ROI_594\S000312.jpg,c50455fbbbf080b54a277c5571b2f7a67024dd4fd359b13429586899342809e5
S000313,Preprocess_597\NORMAL\657.jpg,FINAL_normal_provenance_production_v3\Preprocessed_594\S000313.jpg,88ebe5bdc9a2a7abf6f09b2d77ada8688d3050ee0bb540b7306cc7c01b4a9386,ROI_597\NORMAL\657.jpg,FINAL_normal_provenance_production_v3\ROI_594\S000313.jpg,c1146dc220ad6c549902d125dcc37d446de70bc7d0cb90c14d8ca53326471773
S000314,Preprocess_597\NORMAL\658.jpg,FINAL_normal_provenance_production_v3\Preprocessed_594\S000314.jpg,32983a06e1435de330c0cccc0375d4655f001ea662be893b7cd9b966d7db3e8d,ROI_597\NORMAL\658.jpg,FINAL_normal_provenance_production_v3\ROI_594\S000314.jpg,8f9393445c6cd198b0f24e722d0b98b566a2e5dbf3c1e68c293d4e6cd2872eac
S000315,Preprocess_597\NORMAL\659.jpg,FINAL_normal_provenance_production_v3\Preprocessed_594\S000315.jpg,af35dba11f2ceef39efe5fb658262127577053c6dcecc9150ca5dcd246fe68d2,ROI_597\NORMAL\659.jpg,FINAL_normal_provenance_production_v3\ROI_594\S000315.jpg,665b102d863cb0c73ad21eb90cbd76ad96f7001b637b78c753fb03c36bd93a2e
S000316,Preprocess_597\NORMAL\660.jpg,FINAL_normal_provenance_production_v3\Preprocessed_594\S000316.jpg,0cad115b1f64b04a5a09213d6f58cfcdf72811a1c3f16f4579fb326026bcb2a2,ROI_597\NORMAL\660.jpg,FINAL_normal_provenance_production_v3\ROI_594\S000316.jpg,c3eb0a7ca75de8109027c275d194aa59e5a99d71bce1c897ff97cde1cde7276c
S000317,Preprocess_597\NORMAL\661.jpg,FINAL_normal_provenance_production_v3\Preprocessed_594\S000317.jpg,7004e1972e1c21bb12b6c6d5c9c29f80244994961be58be2c86f258105dfe945,ROI_597\NORMAL\661.jpg,FINAL_normal_provenance_production_v3\ROI_594\S000317.jpg,bd966007d74b576c42249fe86b8da2acbf01123974a8e147bc47f03557e1b201
S000318,Preprocess_597\NORMAL\662.jpg,FINAL_normal_provenance_production_v3\Preprocessed_594\S000318.jpg,2b30bc856879af3814abf7cf28f673e667492e23e6f8d266f7d96b607bfc21d9,ROI_597\NORMAL\662.jpg,FINAL_normal_provenance_production_v3\ROI_594\S000318.jpg,ea6635ade56417bd9493cb051e55f4473c305b3d4a9d29b58318148901243fb7
S000319,Preprocess_597\NORMAL\663.jpg,FINAL_normal_provenance_production_v3\Preprocessed_594\S000319.jpg,13924baa24223cfaeb7b641e7b44f5b9692c9e697745121e54755254d71d060a,ROI_597\NORMAL\663.jpg,FINAL_normal_provenance_production_v3\ROI_594\S000319.jpg,af7db37408475270902507603a754207fc34e42e484c202eb172f7a4293d2434
S000320,Preprocess_597\NORMAL\664.jpg,FINAL_normal_provenance_production_v3\Preprocessed_594\S000320.jpg,a7db7d6f6164ab78d0c0a7c365e3ed982cb68bb7a5700891d4c2568265cfc710,ROI_597\NORMAL\664.jpg,FINAL_normal_provenance_production_v3\ROI_594\S000320.jpg,4e647e1d5ec197923c7ae8824cad438cdd430b8bc0b7cc0d2053223ad7175fd4
S000321,Preprocess_597\NORMAL\665.jpg,FINAL_normal_provenance_production_v3\Preprocessed_594\S000321.jpg,d17b87d1f4445e5ec77393142f140a7ed9431f00a73dc14d91adf3b70a4a9d84,ROI_597\NORMAL\665.jpg,FINAL_normal_provenance_production_v3\ROI_594\S000321.jpg,c2273d695308525ef62abbbcc0c0e1a414b30ff432396e09501f14c1e443d7bf
S000322,Preprocess_597\NORMAL\666.jpg,FINAL_normal_provenance_production_v3\Preprocessed_594\S000322.jpg,2905f1746a76b3dd309c5b0cd587c5835829415c0bed27f2f166b25262b8d681,ROI_597\NORMAL\666.jpg,FINAL_normal_provenance_production_v3\ROI_594\S000322.jpg,d047cfae9d69f6b66b2f7eeedbc57c414ce9d6108e246159c08e881378fe0de1
S000323,Preprocess_597\NORMAL\668.jpg,FINAL_normal_provenance_production_v3\Preprocessed_594\S000323.jpg,8a9e48b6a1ad1532a1ac52ec182013e4de2151c5a7df59b49ddb6e55cb446c16,ROI_597\NORMAL\668.jpg,FINAL_normal_provenance_production_v3\ROI_594\S000323.jpg,f0e63cf21a4ee4b307539a803b89c2f58042ec1e9d51bbaf71d7ee0000be226f
S000324,Preprocess_597\NORMAL\669.jpg,FINAL_normal_provenance_production_v3\Preprocessed_594\S000324.jpg,4eb806d9dffeb514d96441f3fa4ec579c98f2f25e441ab141b7fed035629d66c,ROI_597\NORMAL\669.jpg,FINAL_normal_provenance_production_v3\ROI_594\S000324.jpg,66e4ad58ea97b890da00453b65adb89ccfb926aed8eea5258904ec05deecbbaf
S000325,Preprocess_597\NORMAL\670.jpg,FINAL_normal_provenance_production_v3\Preprocessed_594\S000325.jpg,f4c1e0d442564e8a060f633debbe04cc2aa2a82ad817df5dedc8258234472817,ROI_597\NORMAL\670.jpg,FINAL_normal_provenance_production_v3\ROI_594\S000325.jpg,2958fac6ff7b42290f8e9808b770d9442b9fae0a08226e285ed9559c27cf2040
S000326,Preprocess_597\NORMAL\671.jpg,FINAL_normal_provenance_production_v3\Preprocessed_594\S000326.jpg,56c8b891fb9d1a8d592328e0b61b17b7ccd91b10dfbf9b6deba746ac5c7e242a,ROI_597\NORMAL\671.jpg,FINAL_normal_provenance_production_v3\ROI_594\S000326.jpg,1aef8ed8391f77ab6bfe0d6446d3cc16eacea73bc596c562ee8ed6ddb9ad6a90
S000327,Preprocess_597\NORMAL\672.jpg,FINAL_normal_provenance_production_v3\Preprocessed_594\S000327.jpg,085eab8ff7834fa1b9a81d8d0dd567d49511e1acea6c97878e9b369612bda1ef,ROI_597\NORMAL\672.jpg,FINAL_normal_provenance_production_v3\ROI_594\S000327.jpg,73d2c1d8c0a65f72b9a610252470f629f39ec6dfbacafa3b53673208770c6729
S000328,Preprocess_597\NORMAL\673.jpg,FINAL_normal_provenance_production_v3\Preprocessed_594\S000328.jpg,a1120c8779dccdfc4d88c14c36ff2a1ce4808f84c44d6460718ebb3d6fc2f037,ROI_597\NORMAL\673.jpg,FINAL_normal_provenance_production_v3\ROI_594\S000328.jpg,99750a6b33be2eb854b59b37801d363fdad92b49ad4a06a0d0e1736206b85400
S000329,Preprocess_597\NORMAL\674.jpg,FINAL_normal_provenance_production_v3\Preprocessed_594\S000329.jpg,a78e3f7d295a19723574b89421dc2a2127d83252a6bdd94bb2881073fd2fb14a,ROI_597\NORMAL\674.jpg,FINAL_normal_provenance_production_v3\ROI_594\S000329.jpg,204a4e33d3434b0192e26a91007b241a6065822c7a886e448f56917b9a72cc08
S000330,Preprocess_597\NORMAL\675.jpg,FINAL_normal_provenance_production_v3\Preprocessed_594\S000330.jpg,d6f234344f13ba6b6e57458729dc7ebf734eb87015339458a227788f94656952,ROI_597\NORMAL\675.jpg,FINAL_normal_provenance_production_v3\ROI_594\S000330.jpg,524e669365467dd9efbddd86168014d3516b43a49442c8b382eb504f02027e69
S000331,Preprocess_597\NORMAL\676.jpg,FINAL_normal_provenance_production_v3\Preprocessed_594\S000331.jpg,b483b4cc42fe1f5ad1da0098debf527af7e38e9e3f418c146ed853d5f45d21b6,ROI_597\NORMAL\676.jpg,FINAL_normal_provenance_production_v3\ROI_594\S000331.jpg,b61bec2131f910f9951834a9a755cf0f1ea3dcc21d2d8ce12676d6ac4aeac210
S000332,Preprocess_597\NORMAL\677.jpg,FINAL_normal_provenance_production_v3\Preprocessed_594\S000332.jpg,90bf58b7575e859f77ac38ccb09c01d3dd4faaf194745a4fb1db832bb5324b1b,ROI_597\NORMAL\677.jpg,FINAL_normal_provenance_production_v3\ROI_594\S000332.jpg,2984f38a04a1356c9dfc94066abb803b6ad73f9a855037e94e0042308dd7dcfc
S000333,Preprocess_597\NORMAL\678.jpg,FINAL_normal_provenance_production_v3\Preprocessed_594\S000333.jpg,e9d63ff9c375c642caf3a2041ba302630ca06cbeee8f229f8e4f0d76db075d24,ROI_597\NORMAL\678.jpg,FINAL_normal_provenance_production_v3\ROI_594\S000333.jpg,aa3e621bafbe0114f17eca72460fb987cb540c203d164429aaf2758db6d8dbe5
S000334,Preprocess_597\NORMAL\679.jpg,FINAL_normal_provenance_production_v3\Preprocessed_594\S000334.jpg,a48eb036353c86967f84d632f4940941dc4001361e8b0a17230d7cab38a9c4b3,ROI_597\NORMAL\679.jpg,FINAL_normal_provenance_production_v3\ROI_594\S000334.jpg,b2f662e08d32cfe300bc5bcd1dc3c7cfb4a9dd8433e3f997d42cb9687d1fb0cc
S000335,Preprocess_597\NORMAL\680.jpg,FINAL_normal_provenance_production_v3\Preprocessed_594\S000335.jpg,606bbf52256f830c4107b7ed2e036bcf3663119a07dcf8c15cf84a54b59453a3,ROI_597\NORMAL\680.jpg,FINAL_normal_provenance_production_v3\ROI_594\S000335.jpg,243c81011db2f2925a0065a0995fa987a9da566c87030b7e4a07df916f89ea63
S000336,Preprocess_597\NORMAL\681.jpg,FINAL_normal_provenance_production_v3\Preprocessed_594\S000336.jpg,89d2ad236345beccfea4958b04e138a208ae53597ff1694183f72b6cd1341218,ROI_597\NORMAL\681.jpg,FINAL_normal_provenance_production_v3\ROI_594\S000336.jpg,95ebe8a01289013543824cb4969b836e803d53f9feb8c40e15e2758b985a376f
S000337,Preprocess_597\NORMAL\682.jpg,FINAL_normal_provenance_production_v3\Preprocessed_594\S000337.jpg,61254c82e03ce11d5c9e390a940114f20132d104e5972cbed9b6b04b65636b55,ROI_597\NORMAL\682.jpg,FINAL_normal_provenance_production_v3\ROI_594\S000337.jpg,59b087718db2d453af030f4206c7569f8bbb665dab67b921fbdf5484630f5672
S000338,Preprocess_597\NORMAL\683.jpg,FINAL_normal_provenance_production_v3\Preprocessed_594\S000338.jpg,9abf4d37e8b90c78cb8ff1a4a95f669e63fc7ec859b9d6e1e64716fdd91bcbac,ROI_597\NORMAL\683.jpg,FINAL_normal_provenance_production_v3\ROI_594\S000338.jpg,e1aa03fdbb7bb3468261a451174dcb5913fafddfc6643f41b1d9a9cec69d0329
S000339,Preprocess_597\NORMAL\684.jpg,FINAL_normal_provenance_production_v3\Preprocessed_594\S000339.jpg,253f89f31b9c4197ab064527845733bb16d9e36a176fcb0705d5395699173ede,ROI_597\NORMAL\684.jpg,FINAL_normal_provenance_production_v3\ROI_594\S000339.jpg,612dfaf08e11e0c5db06f27dcb4c51711da79e28a7bf3e1c477203db6115445f
S000340,Preprocess_597\NORMAL\685.jpg,FINAL_normal_provenance_production_v3\Preprocessed_594\S000340.jpg,8bc2ce088f42a120bb24460c87caf08a8b0f6ce1f6df26dc26d6e357fe97dd87,ROI_597\NORMAL\685.jpg,FINAL_normal_provenance_production_v3\ROI_594\S000340.jpg,e26ede57e863cf290f22d9190c33d3dd9147380fc79bfd045d60014116d381c1
S000341,Preprocess_597\NORMAL\686.jpg,FINAL_normal_provenance_production_v3\Preprocessed_594\S000341.jpg,d87121187ce7c870de461c455a56bd9998d3bd8420840d3151d6a927dc56aa2e,ROI_597\NORMAL\686.jpg,FINAL_normal_provenance_production_v3\ROI_594\S000341.jpg,bc263bcafa757d063e62c4b44a9fbe9dbe20f712005687d02f1eb2cb23cfcb5b
S000342,Preprocess_597\NORMAL\687.jpg,FINAL_normal_provenance_production_v3\Preprocessed_594\S000342.jpg,e7b23e7664500d540dc3d4c3d117c1397cc35b222432e88b0e9a8a7f89efab77,ROI_597\NORMAL\687.jpg,FINAL_normal_provenance_production_v3\ROI_594\S000342.jpg,b057a4e1072597f17577d6eb8152145babc0632feb31a910c4e192d80d33b15d
S000343,Preprocess_597\NORMAL\688.jpg,FINAL_normal_provenance_production_v3\Preprocessed_594\S000343.jpg,3a10a35322a09f365cc853f30c048c41a75b2d3ab9c57da4744315295705198a,ROI_597\NORMAL\688.jpg,FINAL_normal_provenance_production_v3\ROI_594\S000343.jpg,6c90491528de44420289b525ca74b8d2b1d91160ca38468170cd5137ffabcd7d
S000344,Preprocess_597\NORMAL\689.jpg,FINAL_normal_provenance_production_v3\Preprocessed_594\S000344.jpg,3f498eff66f3fed6b09b1aa6345874b0e4236d5df582aacf446b553b2b601c3d,ROI_597\NORMAL\689.jpg,FINAL_normal_provenance_production_v3\ROI_594\S000344.jpg,6d10fe982962a7c0c019a3e368b358972581d87cacef179326fb9aa6c594e2d4
S000345,Preprocess_597\NORMAL\690.jpg,FINAL_normal_provenance_production_v3\Preprocessed_594\S000345.jpg,c5e9821fbfbe1e036734aaffc47aa799218a75e6f6f36e857d003969c25e2190,ROI_597\NORMAL\690.jpg,FINAL_normal_provenance_production_v3\ROI_594\S000345.jpg,1977097ec869eb1a548aa17056f18184bcd45bb8cd67dc79ff82f18a7cd6681c
S000346,Preprocess_597\NORMAL\691.jpg,FINAL_normal_provenance_production_v3\Preprocessed_594\S000346.jpg,b0d44ddb1fa6272ca9cf606f3df92396467ac338f696565b699cdd04410957ed,ROI_597\NORMAL\691.jpg,FINAL_normal_provenance_production_v3\ROI_594\S000346.jpg,89283c308a6a2e14e756da89c08664f95f7de5f90d33c0f2264179ee01b886e7
S000347,Preprocess_597\NORMAL\692.jpg,FINAL_normal_provenance_production_v3\Preprocessed_594\S000347.jpg,33ccaad764559babd2e44b69affcf42c3d7d358db589a482da6300e0b5377169,ROI_597\NORMAL\692.jpg,FINAL_normal_provenance_production_v3\ROI_594\S000347.jpg,4e896000fb5461d17ea7140f61c4433577968efa63d374487b3ac75794cc8932
S000348,Preprocess_597\NORMAL\693.jpg,FINAL_normal_provenance_production_v3\Preprocessed_594\S000348.jpg,dd7dcb7c8829c7a04c73da1e0815179ab7e801e8124432477d2de96a01fd7325,ROI_597\NORMAL\693.jpg,FINAL_normal_provenance_production_v3\ROI_594\S000348.jpg,d2d79df2cd78493692f5518ac9d6026093512211483fcb22760249673a2c25f9
S000349,Preprocess_597\NORMAL\694.jpg,FINAL_normal_provenance_production_v3\Preprocessed_594\S000349.jpg,d27def36d60e2f512fef76221c0ecb4850dfeb971585ac933ae85f35e27203f2,ROI_597\NORMAL\694.jpg,FINAL_normal_provenance_production_v3\ROI_594\S000349.jpg,46abddc77d76e6bc6fe01a243e24fd011a730eaa9fcc9caf62429ce48efb82dd
S000350,Preprocess_597\NORMAL\695.jpg,FINAL_normal_provenance_production_v3\Preprocessed_594\S000350.jpg,23696b82aa079a0bf183d061c3a8547ae7595c4a5f3806157ec8cd7a2745b912,ROI_597\NORMAL\695.jpg,FINAL_normal_provenance_production_v3\ROI_594\S000350.jpg,d468364c8164a8efc5d5c59a302a12362ccf19a583b53c3f5d62ed0d86a73d4d
S000351,Preprocess_597\NORMAL\696.jpg,FINAL_normal_provenance_production_v3\Preprocessed_594\S000351.jpg,af5b335235fb2b40ad13c46f8638b7e62555a22da43814e5fd8aaf66a41191b2,ROI_597\NORMAL\696.jpg,FINAL_normal_provenance_production_v3\ROI_594\S000351.jpg,8acd235ff46f3ac54b11eee85f451f909f8fa9224d216535269235b4c40f6125
S000352,Preprocess_597\NORMAL\697.jpg,FINAL_normal_provenance_production_v3\Preprocessed_594\S000352.jpg,7b887542af4a5f983c9f9d23809bef683f7ea2fc798406aea769796b4f9aa576,ROI_597\NORMAL\697.jpg,FINAL_normal_provenance_production_v3\ROI_594\S000352.jpg,6c09207dd51cc4948ebd19d53ae26443dfd1551d400dcad5431fdbb0a67abf3c
S000353,Preprocess_597\NORMAL\698.jpg,FINAL_normal_provenance_production_v3\Preprocessed_594\S000353.jpg,15ea7e156420f4769d8ce9a77aa2c647eb2a31b4fbdbec32fce7dcc50bfa355d,ROI_597\NORMAL\698.jpg,FINAL_normal_provenance_production_v3\ROI_594\S000353.jpg,c33103a5b3cfd111c0710512fa43eefbb65f506bef6be3028146d1823c307e4f
S000354,Preprocess_597\NORMAL\699.jpg,FINAL_normal_provenance_production_v3\Preprocessed_594\S000354.jpg,1f562d84e6c3bf2ee0bb4bd064ffd2228b275fe3df847684df0c18a99b0a40d5,ROI_597\NORMAL\699.jpg,FINAL_normal_provenance_production_v3\ROI_594\S000354.jpg,9d4736ca46a304b226eedd35a5c66a6010c2095a73a1b5c95ebcde8adda5d945
S000355,Preprocess_597\NORMAL\700.jpg,FINAL_normal_provenance_production_v3\Preprocessed_594\S000355.jpg,497424ecbd2d7573a0ea9acf9c5fa7e7f174cb607a36db9bf5ec9434efbd67ee,ROI_597\NORMAL\700.jpg,FINAL_normal_provenance_production_v3\ROI_594\S000355.jpg,76399f0e1930948815e9c19d54a06b82660310ee03884dc4a77d2f42aac286dd
S000356,Preprocess_597\NORMAL\701.jpg,FINAL_normal_provenance_production_v3\Preprocessed_594\S000356.jpg,83ff2418e8839f3d80f8ed858caf3477df949c9786f02fe75b49e43cff40c5ce,ROI_597\NORMAL\701.jpg,FINAL_normal_provenance_production_v3\ROI_594\S000356.jpg,56ad76f72bf4ad78df47c611cfc68417a9e9361be55f389a6bc18a5c6c209e62
S000357,Preprocess_597\NORMAL\702.jpg,FINAL_normal_provenance_production_v3\Preprocessed_594\S000357.jpg,fe50874879c07c7a1de31618919079ba39a0a00f4c39012fccc4e881bcf3feb8,ROI_597\NORMAL\702.jpg,FINAL_normal_provenance_production_v3\ROI_594\S000357.jpg,fe0584372aafe94573ba1d45da6f76aaac943ae9d8ac3c709d63c0c3e42d3eca
S000358,Preprocess_597\NORMAL\703.jpg,FINAL_normal_provenance_production_v3\Preprocessed_594\S000358.jpg,c88a2da163612eee7b82c5d86ca96bdd2ee456e664e65d9a1bce5b22902019df,ROI_597\NORMAL\703.jpg,FINAL_normal_provenance_production_v3\ROI_594\S000358.jpg,c7be18a689af53d902f96fb264688e1e6bfe81ced3126f4a441d3c97b666ddf7
S000359,Preprocess_597\NORMAL\704.jpg,FINAL_normal_provenance_production_v3\Preprocessed_594\S000359.jpg,5b59b801a280ae72a9fbe6f2125f9da6f0f553599c9fc6af068ca2f11c0942c3,ROI_597\NORMAL\704.jpg,FINAL_normal_provenance_production_v3\ROI_594\S000359.jpg,4fcbb4463aac1bac4e43c170429ea038b0d30ab23610e3768ca3f618e27217e3
S000360,Preprocess_597\NORMAL\710.jpg,FINAL_normal_provenance_production_v3\Preprocessed_594\S000360.jpg,0dd56d8f962d3602fe85fb449efe2f20d12659ad125e746cf091b6271c3e02c3,ROI_597\NORMAL\710.jpg,FINAL_normal_provenance_production_v3\ROI_594\S000360.jpg,59c4271151821491ed9a439aa46c58ffddab834992b6b8200a627b0fc97d5da2
S000361,Preprocess_597\NORMAL\711.jpg,FINAL_normal_provenance_production_v3\Preprocessed_594\S000361.jpg,c8c8300089be4a40e5acb30e3504569ed45f7358b0fd6cc077bf0358983fd635,ROI_597\NORMAL\711.jpg,FINAL_normal_provenance_production_v3\ROI_594\S000361.jpg,37a98e423d0b1048cb6854bbf61ee458a4f72d6b743313a5d8757453f3535499
S000362,Preprocess_597\NORMAL\714.jpg,FINAL_normal_provenance_production_v3\Preprocessed_594\S000362.jpg,a2350e52c0c1c85e6336b303d16313f8318fe899b5f16722e465ab8e44faff6a,ROI_597\NORMAL\714.jpg,FINAL_normal_provenance_production_v3\ROI_594\S000362.jpg,570e316ac2d06b8a0adefe5a5a22a7acd81dafeb6942d4c477a0d5b0e19d7023
S000363,Preprocess_597\NORMAL\715.jpg,FINAL_normal_provenance_production_v3\Preprocessed_594\S000363.jpg,09ffa271f233bf45fc3c39e712c3a0b4d3a50e3ed21c95a58cb1e829743e22c5,ROI_597\NORMAL\715.jpg,FINAL_normal_provenance_production_v3\ROI_594\S000363.jpg,5cefc3ef37e46db3f6fc48a384d57ecdfd7bcabf60acfd8ac37e2e187dc259d2
S000364,Preprocess_597\AMD_DRY\328.jpg,FINAL_normal_provenance_production_v3\Preprocessed_594\S000364.jpg,2a9100d5d370e17bd9fd9bf4674f3f01b9648dc5078bf974fa541aab54896ffd,ROI_597\AMD_DRY\328.jpg,FINAL_normal_provenance_production_v3\ROI_594\S000364.jpg,e0b3c4c8a4a458d6306ede81095bf878a5c78b121295b1096e80f61b5bc7915e
S000365,Preprocess_597\AMD_DRY\329.jpg,FINAL_normal_provenance_production_v3\Preprocessed_594\S000365.jpg,ba29eeec03153d38a388983f6c726412ef0477e5123be02081afc0db73a63708,ROI_597\AMD_DRY\329.jpg,FINAL_normal_provenance_production_v3\ROI_594\S000365.jpg,d6b9d95f9b77b3e80ec437539bd278ef10e0cb01c58a5d88397bacf5212ceb7b
S000366,Preprocess_597\AMD_DRY\331.jpg,FINAL_normal_provenance_production_v3\Preprocessed_594\S000366.jpg,57f6d1d983a787042a5e58150cc793065d6f005dacb64dc196a030282cebe5cf,ROI_597\AMD_DRY\331.jpg,FINAL_normal_provenance_production_v3\ROI_594\S000366.jpg,5dd3d7a3ee8cc77d44410d34b0bf35037f6a1cb085bf748746f9a120cd03fc4a
S000367,Preprocess_597\AMD_DRY\332.jpg,FINAL_normal_provenance_production_v3\Preprocessed_594\S000367.jpg,e851823129b5a26a83bd1c2c4fc350eef2330aa77e8817afb582de61335a79b6,ROI_597\AMD_DRY\332.jpg,FINAL_normal_provenance_production_v3\ROI_594\S000367.jpg,1f1253c4a7ccb6bd89bbb2fbb97435b53429ef7fbb82e95b5d732b715ed0a5a0
S000368,Preprocess_597\AMD_DRY\334.jpg,FINAL_normal_provenance_production_v3\Preprocessed_594\S000368.jpg,6ac097e82ca2d545323014e20dfe418206402a1a414579a3e894ff0532011d54,ROI_597\AMD_DRY\334.jpg,FINAL_normal_provenance_production_v3\ROI_594\S000368.jpg,196b80e3cdb5040cdf3e7cb0b417eab72d569adbd719f0e29126b1ee44ade8c9
S000369,Preprocess_597\AMD_DRY\335.jpg,FINAL_normal_provenance_production_v3\Preprocessed_594\S000369.jpg,834f3139487d3067cb59d9dcfe694f55a35ee3fbe73d9f5cd0a0285529e782ab,ROI_597\AMD_DRY\335.jpg,FINAL_normal_provenance_production_v3\ROI_594\S000369.jpg,f517d192d1988a82e97cfb1ac082ab0bc1cc5ed9aca0c56337799b44e6b28c77
S000370,Preprocess_597\AMD_DRY\336.jpg,FINAL_normal_provenance_production_v3\Preprocessed_594\S000370.jpg,ea55e3dda3c95f4ef3b579207168ef0978c4cd305a56306138017ee98a6713aa,ROI_597\AMD_DRY\336.jpg,FINAL_normal_provenance_production_v3\ROI_594\S000370.jpg,4d39e5c9f3b4ad314ab0260d38ad778b67a20164d2a51b4c9e67415516954720
S000371,Preprocess_597\AMD_DRY\337.jpg,FINAL_normal_provenance_production_v3\Preprocessed_594\S000371.jpg,66bfbc3077df43ca2fc511fe7b3a973a78f2a7ff7cee98434e6b0c41062e15cf,ROI_597\AMD_DRY\337.jpg,FINAL_normal_provenance_production_v3\ROI_594\S000371.jpg,c3d02f66878bfb5b21e435b1905bda0727809b81e1edc5846c05db13b966fb81
S000372,Preprocess_597\AMD_DRY\339.jpg,FINAL_normal_provenance_production_v3\Preprocessed_594\S000372.jpg,14850e56f7fa948a44920a2efcf2e751df3a62a55c468b3c020ecf198632704c,ROI_597\AMD_DRY\339.jpg,FINAL_normal_provenance_production_v3\ROI_594\S000372.jpg,1b7e0d4f848c3dfd388d390cb2bbcb55c07ef70cd0b81d39549a5e719805ddec
S000373,Preprocess_597\AMD_DRY\340.jpg,FINAL_normal_provenance_production_v3\Preprocessed_594\S000373.jpg,1ddac8fe0de2b0e1a3678076e66ac3beaebad974dee6fede0e4548868384749c,ROI_597\AMD_DRY\340.jpg,FINAL_normal_provenance_production_v3\ROI_594\S000373.jpg,8b9c726cc6c378e473335301bb031a7132db052e553e71eff0400e7c77a60b7d
S000374,Preprocess_597\AMD_DRY\341.jpg,FINAL_normal_provenance_production_v3\Preprocessed_594\S000374.jpg,86bc176b82d42050aa64339e13e2bfeb82ee7a077d0da2ea5c16424512329b7d,ROI_597\AMD_DRY\341.jpg,FINAL_normal_provenance_production_v3\ROI_594\S000374.jpg,8c3e5ad42082270d153fde1ef9a3948ef9d005b49ab04aa082d6df0d7b59dc0e
S000375,Preprocess_597\AMD_DRY\342.jpg,FINAL_normal_provenance_production_v3\Preprocessed_594\S000375.jpg,80a4d02a8311f00a451821ef5b1955dad8099eefbd9b53040fcf4b7ae8f844a4,ROI_597\AMD_DRY\342.jpg,FINAL_normal_provenance_production_v3\ROI_594\S000375.jpg,abf79f831be3a6873dce29694a021e5cccef57b4283532e8920468da1862ff5e
S000376,Preprocess_597\AMD_DRY\344.jpg,FINAL_normal_provenance_production_v3\Preprocessed_594\S000376.jpg,ab27bb04180ca26920f59dc6feba3e3b10a93e1a2ee0de6b84f6c248bebe1736,ROI_597\AMD_DRY\344.jpg,FINAL_normal_provenance_production_v3\ROI_594\S000376.jpg,797f766e6f2cc9113d835b230e7af7284319dfcce72b36adc3ec3c4e85961d1f
S000377,Preprocess_597\AMD_DRY\345.jpg,FINAL_normal_provenance_production_v3\Preprocessed_594\S000377.jpg,2a49a685a8516a05bf86eb3ac0088aee54afbd7ec1e911cb5cd400500e77f61a,ROI_597\AMD_DRY\345.jpg,FINAL_normal_provenance_production_v3\ROI_594\S000377.jpg,951e0fe8f96937ad0bf1491387dbb591b1d537c4f47a585c66ee4b6bbc159341
S000378,Preprocess_597\AMD_DRY\348.jpg,FINAL_normal_provenance_production_v3\Preprocessed_594\S000378.jpg,9064f02871a89d17c7460e7911ffa407dcf1b2312d46505ec6ccb3a4685ff723,ROI_597\AMD_DRY\348.jpg,FINAL_normal_provenance_production_v3\ROI_594\S000378.jpg,795f80243fb315bb1139c47676452db3a8e31900d01f279f57189b0e009928ac
S000379,Preprocess_597\AMD_DRY\349.jpg,FINAL_normal_provenance_production_v3\Preprocessed_594\S000379.jpg,11686d4446c0fad7e982b1b197d590df43d74a49d809e8496c3a9eabbaf5e6ac,ROI_597\AMD_DRY\349.jpg,FINAL_normal_provenance_production_v3\ROI_594\S000379.jpg,c81d90a3c56d5d653e972b5b3a9e8e88fc09001769adb1e2c90d6aec41274e63
S000380,Preprocess_597\AMD_DRY\350.jpg,FINAL_normal_provenance_production_v3\Preprocessed_594\S000380.jpg,6274b16d6e1a088b25aec1b5fde7538ed36ad33bea61ba7d71d960159782bb86,ROI_597\AMD_DRY\350.jpg,FINAL_normal_provenance_production_v3\ROI_594\S000380.jpg,0416bbe5ca81fdc5bdb6d296b2fe2a8b1c45bcb5555585fe150a2398aa26a316
S000381,Preprocess_597\AMD_DRY\351.jpg,FINAL_normal_provenance_production_v3\Preprocessed_594\S000381.jpg,68c7508e3f56c52788acfdeff94be266a5c28cb31243e13bfe60fa6a4d2f873a,ROI_597\AMD_DRY\351.jpg,FINAL_normal_provenance_production_v3\ROI_594\S000381.jpg,c5244752c911e3bd7858d293c057f4bc8f3171b83a10c0a2a3bae1d1498d0f04
S000382,Preprocess_597\AMD_DRY\352.jpg,FINAL_normal_provenance_production_v3\Preprocessed_594\S000382.jpg,39795ae9f1a2f08752816ee9d05827121b48bde783e780a1085cc0e4cbd2d330,ROI_597\AMD_DRY\352.jpg,FINAL_normal_provenance_production_v3\ROI_594\S000382.jpg,7ea317323b950a4b923515651c7d7308b978032a27610e1b904d0a3a4ee00fe2
S000383,Preprocess_597\AMD_DRY\353.jpg,FINAL_normal_provenance_production_v3\Preprocessed_594\S000383.jpg,85717ae58d039e077ab6cc8f349e32ca574859c078ebd3664e7e4f287e64e434,ROI_597\AMD_DRY\353.jpg,FINAL_normal_provenance_production_v3\ROI_594\S000383.jpg,6b4ab61aa8fad3dbc7c9dab5a16c237858f6615a8c3f36033f0af2f014106baf
S000384,Preprocess_597\AMD_DRY\354.jpg,FINAL_normal_provenance_production_v3\Preprocessed_594\S000384.jpg,968a75b0318b7b1bc06673d171576c02fb1fbc63d0c1dc95243e7192a62be688,ROI_597\AMD_DRY\354.jpg,FINAL_normal_provenance_production_v3\ROI_594\S000384.jpg,305b35ea31b3eaa122d3fd285c9004b6354a79cfe846411b2d56bc1890b9a3f9
S000385,Preprocess_597\AMD_DRY\355.jpg,FINAL_normal_provenance_production_v3\Preprocessed_594\S000385.jpg,86cb8b939f037f0f57ff1ac73e354ed3e92511b9db92d2c24d25da55f8c38a4b,ROI_597\AMD_DRY\355.jpg,FINAL_normal_provenance_production_v3\ROI_594\S000385.jpg,69e36760e5882e1c1333650cbf7f5f7b6e24e59ed3d375068336bf5b590c0174
S000386,Preprocess_597\AMD_DRY\356.jpg,FINAL_normal_provenance_production_v3\Preprocessed_594\S000386.jpg,cde6a654396bfa2bc50869571d03322efa6a21605be6279b69e2cb983a199e0a,ROI_597\AMD_DRY\356.jpg,FINAL_normal_provenance_production_v3\ROI_594\S000386.jpg,09fa95fe63a5ebd4564cd2b974a34d8f5061db140a64db3d9e65ebb7280ceaff
S000387,Preprocess_597\AMD_DRY\357.jpg,FINAL_normal_provenance_production_v3\Preprocessed_594\S000387.jpg,496482f3f0a49a3d759ca9d7826aa0f280a480cfaab6727d9e3f2db22b713b85,ROI_597\AMD_DRY\357.jpg,FINAL_normal_provenance_production_v3\ROI_594\S000387.jpg,1ea73ebf5a6c0b9669fd9a61a1acdf4e985aebdea0c651bbee2c436f0a761adb
S000388,Preprocess_597\AMD_DRY\358.jpg,FINAL_normal_provenance_production_v3\Preprocessed_594\S000388.jpg,69f5a2bdb6d97f748906e2227bf1c800ecf90187f673ed7f5bb58dcee5d35e59,ROI_597\AMD_DRY\358.jpg,FINAL_normal_provenance_production_v3\ROI_594\S000388.jpg,f69de2995febcafc5dce88a2dea9616651f820321f113163e2fa42cb627d5f56
S000389,Preprocess_597\AMD_DRY\359.jpg,FINAL_normal_provenance_production_v3\Preprocessed_594\S000389.jpg,7c372d1d8e53629a5e662815af706b3e4df3887c2f737f19fcc1f0bc00d2dae3,ROI_597\AMD_DRY\359.jpg,FINAL_normal_provenance_production_v3\ROI_594\S000389.jpg,7f423489d70aac7bb44788f82eae8d1a5ae15ad0ee0fefea4240a6a190f35816
S000390,Preprocess_597\AMD_DRY\361.jpg,FINAL_normal_provenance_production_v3\Preprocessed_594\S000390.jpg,ad37a85e0a41b81455eb284201c3d1b848404171159bfec4015e1af285b22bae,ROI_597\AMD_DRY\361.jpg,FINAL_normal_provenance_production_v3\ROI_594\S000390.jpg,627097d60bc194df1ea2a5e640de1e2bc548e74206ea6b9a611870b2841565b7
S000391,Preprocess_597\AMD_DRY\362.jpg,FINAL_normal_provenance_production_v3\Preprocessed_594\S000391.jpg,66743d0913c2c24870c0020a59c328f27a8c23b6f437e19e49ede27cb639e2cb,ROI_597\AMD_DRY\362.jpg,FINAL_normal_provenance_production_v3\ROI_594\S000391.jpg,3e09008b698aebd58a1163d86785e3c51c8427fb961669c92fac8242b0b7c3f6
S000392,Preprocess_597\AMD_DRY\363.jpg,FINAL_normal_provenance_production_v3\Preprocessed_594\S000392.jpg,ef2430cb61fa0d8eb5cc8fe7e1ad00cb2c65e8b2a6c6b41ca9950f64193ae387,ROI_597\AMD_DRY\363.jpg,FINAL_normal_provenance_production_v3\ROI_594\S000392.jpg,9ba775e219e66b935b75472b3ac126c982958fdffdd21a31ad4648c2d6bde3c7
S000393,Preprocess_597\AMD_DRY\364.jpg,FINAL_normal_provenance_production_v3\Preprocessed_594\S000393.jpg,0722505b87c24e8b5253d61e061e8e8b3889c6d303a37c7ce98cb60f9388b44d,ROI_597\AMD_DRY\364.jpg,FINAL_normal_provenance_production_v3\ROI_594\S000393.jpg,227705d672b27eaf0e3c033ff1a60d17ce172db255d9fb53499344459a60979c
S000394,Preprocess_597\AMD_DRY\366.jpg,FINAL_normal_provenance_production_v3\Preprocessed_594\S000394.jpg,eb94f8b6cf66a5a1930a045bd438fa517d4d6fdd27f2f8626c8f6a99c211e298,ROI_597\AMD_DRY\366.jpg,FINAL_normal_provenance_production_v3\ROI_594\S000394.jpg,7170ab3e9d94f0c37ce6fee8411b4347805784c4bb16aa85575f83d5bcee5c6f
S000395,Preprocess_597\AMD_DRY\367.jpg,FINAL_normal_provenance_production_v3\Preprocessed_594\S000395.jpg,00f0056c57a2175faf300564b3a5dd6f9c1cc0c70bea6c5ba251d1e0429fcbb8,ROI_597\AMD_DRY\367.jpg,FINAL_normal_provenance_production_v3\ROI_594\S000395.jpg,430ddfe722a2ca5133377420bedbebe6c351d6bb343cfbdc4b0f691ed67ea366
S000396,Preprocess_597\AMD_DRY\368.jpg,FINAL_normal_provenance_production_v3\Preprocessed_594\S000396.jpg,d7cd3a6ee1f4e5dbd2ad8492875d4eb069df5d9ed3fdc903787c8c332a04116a,ROI_597\AMD_DRY\368.jpg,FINAL_normal_provenance_production_v3\ROI_594\S000396.jpg,1e0f6c3e45b590a0bd7da7b9d330acc078d79a524a27a81d3405bfdc4826e42f
S000397,Preprocess_597\AMD_DRY\369.jpg,FINAL_normal_provenance_production_v3\Preprocessed_594\S000397.jpg,9229dcf8611bc947e71f0058fc208583af4b822b1c66ab19d59a8af4b0ed7cec,ROI_597\AMD_DRY\369.jpg,FINAL_normal_provenance_production_v3\ROI_594\S000397.jpg,650349abc7b354d056ef440fd9814448c17b483158204b07ef3e412402d384bc
S000398,Preprocess_597\AMD_DRY\370.jpg,FINAL_normal_provenance_production_v3\Preprocessed_594\S000398.jpg,66705b01672d590f36ae453d5cbab0da1438d3edd06baa5e0f58d54a4d45fbf5,ROI_597\AMD_DRY\370.jpg,FINAL_normal_provenance_production_v3\ROI_594\S000398.jpg,06aca3aaa78cfe5abdcd6c27d0f36c418da48c2a7a9019e2e6f1d18024cfa4ef
S000399,Preprocess_597\AMD_DRY\371.jpg,FINAL_normal_provenance_production_v3\Preprocessed_594\S000399.jpg,dea77ec0ee102e4662de5bf8d3185fd26dea992ebeb2f62a3aab6a5689bb8202,ROI_597\AMD_DRY\371.jpg,FINAL_normal_provenance_production_v3\ROI_594\S000399.jpg,bc9e6eef5b8a4694f37386eb2dde0fcaccd316334cb8a3173d8483e2d261edbc
S000400,Preprocess_597\AMD_DRY\372.jpg,FINAL_normal_provenance_production_v3\Preprocessed_594\S000400.jpg,77367166d8b9907f0b8cd1de572dcf1e6d57b8567365f00a28f17c22011e02ac,ROI_597\AMD_DRY\372.jpg,FINAL_normal_provenance_production_v3\ROI_594\S000400.jpg,7c66f47b920b3dd7930d0df2dbc74edad06f58f53c39c1ed18096197731ae2ed
S000401,Preprocess_597\AMD_DRY\373.jpg,FINAL_normal_provenance_production_v3\Preprocessed_594\S000401.jpg,46ad3e70ba46eee9ad292c91812cd5c12f249df42b78d871d5da183d2df26592,ROI_597\AMD_DRY\373.jpg,FINAL_normal_provenance_production_v3\ROI_594\S000401.jpg,463e65298679ce5da08b0b84a164e7b0e0e057bda64f3fece360cd50e6d731d9
S000402,Preprocess_597\AMD_DRY\374.jpg,FINAL_normal_provenance_production_v3\Preprocessed_594\S000402.jpg,dba5b9ef63a4ba3d61c476f474544cbbb50476cdda277403d03d9d145737b724,ROI_597\AMD_DRY\374.jpg,FINAL_normal_provenance_production_v3\ROI_594\S000402.jpg,2dde13ced07140ba1884cf1602be9d8b44db2c0054d3eb6e9517cc7ba01db43f
S000403,Preprocess_597\AMD_DRY\375.jpg,FINAL_normal_provenance_production_v3\Preprocessed_594\S000403.jpg,d7ac54041a22fe48ba6d4dd23ebb6efdfc1975ff844671d440fa4e983454ab20,ROI_597\AMD_DRY\375.jpg,FINAL_normal_provenance_production_v3\ROI_594\S000403.jpg,cd010869de61d3d6365ce18634989fac18f3e406255b8a65d2e702cad08c8cae
S000404,Preprocess_597\AMD_DRY\376.jpg,FINAL_normal_provenance_production_v3\Preprocessed_594\S000404.jpg,884b4da9d8b3543d3e44a83818410c4af464829f4e0eb8c4342cc51701a2a6e8,ROI_597\AMD_DRY\376.jpg,FINAL_normal_provenance_production_v3\ROI_594\S000404.jpg,1b02cfe49fb6e3a08ea0328f5db298189dc9f6850db5508c1a089cdce0ab77e2
S000405,Preprocess_597\AMD_DRY\377.jpg,FINAL_normal_provenance_production_v3\Preprocessed_594\S000405.jpg,7ca788e45bbfdfe3652a329a0941348a9997233e36dca5ef58b9c74c48fc05f4,ROI_597\AMD_DRY\377.jpg,FINAL_normal_provenance_production_v3\ROI_594\S000405.jpg,8f872bf02dfc9b958b83bf8c1f734b96d1cbfd6fc57fcd620c9fd601c19b3f6f
S000406,Preprocess_597\AMD_DRY\378.jpg,FINAL_normal_provenance_production_v3\Preprocessed_594\S000406.jpg,1f378c4ffd81ab408d3cc49b78fb2558c48af63e04c5638738a247bfb680f750,ROI_597\AMD_DRY\378.jpg,FINAL_normal_provenance_production_v3\ROI_594\S000406.jpg,951005add86c9c034ff2fc00f8fb8b7918b04311b63c4cada5db526e0d815d0c
S000407,Preprocess_597\AMD_DRY\380.jpg,FINAL_normal_provenance_production_v3\Preprocessed_594\S000407.jpg,cf371060033c9df9cf29900be2bc0f1f3fc353a6cbef222c748f36b7f3e97f4b,ROI_597\AMD_DRY\380.jpg,FINAL_normal_provenance_production_v3\ROI_594\S000407.jpg,8fac9b8edd5bec8116fb027dcb618187c7ae162707da7f922179c5dc96d09c55
S000408,Preprocess_597\AMD_DRY\385.jpg,FINAL_normal_provenance_production_v3\Preprocessed_594\S000408.jpg,a45e53fe03b4f733a9985bccbc1b545b5c979dd0da9ec8b673d455c2fbb24b5f,ROI_597\AMD_DRY\385.jpg,FINAL_normal_provenance_production_v3\ROI_594\S000408.jpg,74153d6c1e61e81fdeb408dddedfd06bd9f5c8d390e5eaf582b6a4699d4c5357
S000409,Preprocess_597\AMD_DRY\386.jpg,FINAL_normal_provenance_production_v3\Preprocessed_594\S000409.jpg,c407c0931e12bcc32bdf8c95146b875abc6b201ecfdecef8affee4094c0b1628,ROI_597\AMD_DRY\386.jpg,FINAL_normal_provenance_production_v3\ROI_594\S000409.jpg,7d818210637edb8e6d73f8e60fea8608aed97bf4e262bed9821c33a542ff6295
S000410,Preprocess_597\AMD_DRY\387.jpg,FINAL_normal_provenance_production_v3\Preprocessed_594\S000410.jpg,cdb8d986cffbbdba54f610151ed9b694d0752b6d74142b4934b82371488372d8,ROI_597\AMD_DRY\387.jpg,FINAL_normal_provenance_production_v3\ROI_594\S000410.jpg,b12aabf77ceaf771428fad1b48cc1671faab026c4791f6c1fd3c478856cc6de4
S000411,Preprocess_597\AMD_DRY\388.jpg,FINAL_normal_provenance_production_v3\Preprocessed_594\S000411.jpg,e59baeba100086c2606e72c1082c79d823e250589aa297a25ff34efae557de31,ROI_597\AMD_DRY\388.jpg,FINAL_normal_provenance_production_v3\ROI_594\S000411.jpg,b5e129cedfb02ea04a035a1220f3a8307d1374b0637962c5518a365465e37e2a
S000412,Preprocess_597\AMD_DRY\389.jpg,FINAL_normal_provenance_production_v3\Preprocessed_594\S000412.jpg,94645b6da9261a68bf4be2c2654c02d449ef1438d1c7bc1f35071319452da4a6,ROI_597\AMD_DRY\389.jpg,FINAL_normal_provenance_production_v3\ROI_594\S000412.jpg,f28872b869dc5b0207a550fcfb422e16efd8d05ce9d176914d1fac2ead8d9dfd
S000413,Preprocess_597\AMD_DRY\390.jpg,FINAL_normal_provenance_production_v3\Preprocessed_594\S000413.jpg,b97dd821be9401fe4968df6a86b06a8bcdea5a88af6b0f0e3abc7fa81c85aff5,ROI_597\AMD_DRY\390.jpg,FINAL_normal_provenance_production_v3\ROI_594\S000413.jpg,c112764c76bcba69898263e265f8c43b287d349c2bd2e7deaaad95a6d88d08f3
S000414,Preprocess_597\AMD_DRY\394.jpg,FINAL_normal_provenance_production_v3\Preprocessed_594\S000414.jpg,d55d13697bf41816f97fb9ac9319ce6799444df783d20833206004363ccd3cb2,ROI_597\AMD_DRY\394.jpg,FINAL_normal_provenance_production_v3\ROI_594\S000414.jpg,630332099229c2cd872789d162d0efc9190030fec7adc448651d5326305e3882
S000415,Preprocess_597\AMD_DRY\395.jpg,FINAL_normal_provenance_production_v3\Preprocessed_594\S000415.jpg,6ab6b19e2a2be3def2feed54baa9033292053afe1aa69533bf9eda68149ce4ab,ROI_597\AMD_DRY\395.jpg,FINAL_normal_provenance_production_v3\ROI_594\S000415.jpg,e1aeb99b8ec0e2fb88408ae6cfb487c584c01c56bab90d9f7c07a2cbd0a01f69
S000416,Preprocess_597\AMD_DRY\396.jpg,FINAL_normal_provenance_production_v3\Preprocessed_594\S000416.jpg,520a04d0aaa5767022cc2f184e2c040ccd9fbbbdc3e308d16e5594d9408d1c24,ROI_597\AMD_DRY\396.jpg,FINAL_normal_provenance_production_v3\ROI_594\S000416.jpg,acd8634b74fb2593122474ba3839c44736f6365b9eecb8648c13078634972cd9
S000417,Preprocess_597\AMD_DRY\397.jpg,FINAL_normal_provenance_production_v3\Preprocessed_594\S000417.jpg,c146c626a807edc3f198817909576a0881aa60eec7ec8855f0c74bc84b7cc7df,ROI_597\AMD_DRY\397.jpg,FINAL_normal_provenance_production_v3\ROI_594\S000417.jpg,626fce37b29579f470051ae0d1e089d009ccca69637315ce30f4607355f60f80
S000418,Preprocess_597\AMD_DRY\400.jpg,FINAL_normal_provenance_production_v3\Preprocessed_594\S000418.jpg,2eaa98923be07cadd83ef28e19fd29fe54619050b818db01d8150263a90beed4,ROI_597\AMD_DRY\400.jpg,FINAL_normal_provenance_production_v3\ROI_594\S000418.jpg,72686a476e66d4ee1b459e2c644b72be13423adbb96b0fe295f936aa98d0ad12
S000419,Preprocess_597\AMD_DRY\401.jpg,FINAL_normal_provenance_production_v3\Preprocessed_594\S000419.jpg,f677fe976bba9081446a325425a7f79394dc22520116bd6654a6209c26b83316,ROI_597\AMD_DRY\401.jpg,FINAL_normal_provenance_production_v3\ROI_594\S000419.jpg,ec649c04dd6e0593e99bb95c6d2b53447570581d8227e1dd276eba589be79d04
S000420,Preprocess_597\AMD_DRY\402.jpg,FINAL_normal_provenance_production_v3\Preprocessed_594\S000420.jpg,ca12f48b82c7bc3c41f791ba2e4ec99e423f8891bde792ba219468acbc9d66dc,ROI_597\AMD_DRY\402.jpg,FINAL_normal_provenance_production_v3\ROI_594\S000420.jpg,048d56c073f39cb2cf741ac00e7c6eb5d841742b0437998ef7fdc7a7e18e4819
S000421,Preprocess_597\AMD_DRY\403.jpg,FINAL_normal_provenance_production_v3\Preprocessed_594\S000421.jpg,3b6d480f31351d0ac5ec3ce9c9b296ec64a63afe4b4df2e38de4820cd14d4a59,ROI_597\AMD_DRY\403.jpg,FINAL_normal_provenance_production_v3\ROI_594\S000421.jpg,c8f406755fb701221ffc1cb0b04c560980f8d39fadec18d2432df02f2e99afa5
S000422,Preprocess_597\AMD_DRY\404.jpg,FINAL_normal_provenance_production_v3\Preprocessed_594\S000422.jpg,0ad651fd0357c33537fe227950197c4c059b887744966237f141dada5f6842e3,ROI_597\AMD_DRY\404.jpg,FINAL_normal_provenance_production_v3\ROI_594\S000422.jpg,efd24750dcf3d5b569fe310fd82f58c0e41cfa2dc5606f2919a7619cae1d67eb
S000423,Preprocess_597\AMD_DRY\407.jpg,FINAL_normal_provenance_production_v3\Preprocessed_594\S000423.jpg,a7d07c429689d16f30cabc71d4a68a0fa01cf722640d7ea9554eb31ad649efba,ROI_597\AMD_DRY\407.jpg,FINAL_normal_provenance_production_v3\ROI_594\S000423.jpg,b70f0eb2adcd1b671539081fc49c64e9701df4e5d111d2231035e70f36df0597
S000424,Preprocess_597\AMD_DRY\413.jpg,FINAL_normal_provenance_production_v3\Preprocessed_594\S000424.jpg,9743159c054b03016bf83248d62e6a5e325dd7f805410de29ed54cc3231e1a5f,ROI_597\AMD_DRY\413.jpg,FINAL_normal_provenance_production_v3\ROI_594\S000424.jpg,a60e097ecc44ea8c52bc2c6c240b9648861f2885aee5f5b743458c54bf09f5be
S000425,Preprocess_597\AMD_DRY\421.jpg,FINAL_normal_provenance_production_v3\Preprocessed_594\S000425.jpg,13e93eea631ae47a7dfe0b24c469b88b23642da560cf890fa81bb9cd09162f72,ROI_597\AMD_DRY\421.jpg,FINAL_normal_provenance_production_v3\ROI_594\S000425.jpg,b285b03889bb239e4627d39886039616b2353fead335c538efb769acdb3b125b
S000426,Preprocess_597\AMD_DRY\422.jpg,FINAL_normal_provenance_production_v3\Preprocessed_594\S000426.jpg,438858621b50358c3c359f0b9239b0a0e06b973390d54ece0184028aacdfaa6d,ROI_597\AMD_DRY\422.jpg,FINAL_normal_provenance_production_v3\ROI_594\S000426.jpg,69dcc7e42d30eb8bd49422fe62ee0695e70bc0116f7c9e3b54145ebfec5107a0
S000427,Preprocess_597\AMD_DRY\423.jpg,FINAL_normal_provenance_production_v3\Preprocessed_594\S000427.jpg,28f864474f40ee05133612e6c176e0a43dae1e47acc51c0d6a3ea5a171714e4e,ROI_597\AMD_DRY\423.jpg,FINAL_normal_provenance_production_v3\ROI_594\S000427.jpg,33327dd5f1548c9871f3115b8c071cbc9be82fa57ca39a90a21db62cf2600938
S000428,Preprocess_597\AMD_DRY\424.jpg,FINAL_normal_provenance_production_v3\Preprocessed_594\S000428.jpg,39cdfae35ef7d2db9aa6bcf07de5496d6ee159d6486e2910173522020c09dfc5,ROI_597\AMD_DRY\424.jpg,FINAL_normal_provenance_production_v3\ROI_594\S000428.jpg,c446e54f98dc7022b94c3f9e84e424b05ceb7d844f978715b9abdcaa2f692c80
S000429,Preprocess_597\AMD_DRY\428.jpg,FINAL_normal_provenance_production_v3\Preprocessed_594\S000429.jpg,f326f46fac44644a1691bbf20034b9a6ea33aa20e68d1f6b7740bd5cb9ed036a,ROI_597\AMD_DRY\428.jpg,FINAL_normal_provenance_production_v3\ROI_594\S000429.jpg,6e75f2f5f6ee23ca5338af4c10377f080e12232c9067978ca22d43497d38c930
S000430,Preprocess_597\AMD_DRY\429.jpg,FINAL_normal_provenance_production_v3\Preprocessed_594\S000430.jpg,37371e4fcf10ede63bfcb5dd10bacd174e6db6b9bbb76ec964d6c55ba56a0ef0,ROI_597\AMD_DRY\429.jpg,FINAL_normal_provenance_production_v3\ROI_594\S000430.jpg,5733b2362522a4e66dee8771afdddf5152e38ed00a891b8a499e04fc73cda5cc
S000431,Preprocess_597\AMD_DRY\430.jpg,FINAL_normal_provenance_production_v3\Preprocessed_594\S000431.jpg,59cd7004df3304b95f3ac2e8bfe25c3eb5123dc83ce19df5c8de743073e85849,ROI_597\AMD_DRY\430.jpg,FINAL_normal_provenance_production_v3\ROI_594\S000431.jpg,02aec398bebff11367fb39ef240a72680e35789487177de9dd1b246ed9db6263
S000432,Preprocess_597\AMD_DRY\431.jpg,FINAL_normal_provenance_production_v3\Preprocessed_594\S000432.jpg,1985e92c4763be2117da2ec2571c8828861ed54c2cd46647a598c32d12ea93dc,ROI_597\AMD_DRY\431.jpg,FINAL_normal_provenance_production_v3\ROI_594\S000432.jpg,16876fd9dedb1e47c338cfe6f5b2231663e4e5476267c79f7dd798bd6f2b6c87
S000433,Preprocess_597\AMD_DRY\433.jpg,FINAL_normal_provenance_production_v3\Preprocessed_594\S000433.jpg,f8bc7ba576b2823d36e8e6c81a19af14f399e68b14df990ca3269050c9853f10,ROI_597\AMD_DRY\433.jpg,FINAL_normal_provenance_production_v3\ROI_594\S000433.jpg,ec93088d33497f8bdbbd212e0f5499d5892d21cb67c80a4f417501b33b760e95
S000434,Preprocess_597\AMD_DRY\434.jpg,FINAL_normal_provenance_production_v3\Preprocessed_594\S000434.jpg,dcce43340557ad3811fddeeec25e3772ac0aff94fdfcb268a71869022a330893,ROI_597\AMD_DRY\434.jpg,FINAL_normal_provenance_production_v3\ROI_594\S000434.jpg,278616e5a66d2abb13f37c5fb20025967da00d7eadab59d2c2a393698b5d3904
S000435,Preprocess_597\AMD_DRY\435.jpg,FINAL_normal_provenance_production_v3\Preprocessed_594\S000435.jpg,f39b4e4c459a58ccdbe07e5086ff7b1386b2778848887b68b861c48fbc639b1f,ROI_597\AMD_DRY\435.jpg,FINAL_normal_provenance_production_v3\ROI_594\S000435.jpg,ee8329a61524a9cabdc5dc5f9055083387a8e859bceba54f0553b0224845e9f2
S000436,Preprocess_597\AMD_DRY\436.jpg,FINAL_normal_provenance_production_v3\Preprocessed_594\S000436.jpg,69afb2041bedfbd33ec92adc1e9c1a9b043f08db103b951e42607f07a531880c,ROI_597\AMD_DRY\436.jpg,FINAL_normal_provenance_production_v3\ROI_594\S000436.jpg,d38ab954f808ee4bea6141058c8dd9e75d0f97fb1f974f0bfdca354be18db490
S000437,Preprocess_597\AMD_DRY\437.jpg,FINAL_normal_provenance_production_v3\Preprocessed_594\S000437.jpg,0c6372da8531eddbd1abb34aaa328fb2f5819cc5a5f4c719802439fe6257107c,ROI_597\AMD_DRY\437.jpg,FINAL_normal_provenance_production_v3\ROI_594\S000437.jpg,c3cc457ca29291f30ff7960eca0135a074115ad602c7558ebffcb7dcdfc5e1ea
S000438,Preprocess_597\AMD_DRY\446.jpg,FINAL_normal_provenance_production_v3\Preprocessed_594\S000438.jpg,c70612f43408d120462efecfeefdd4bc830474db884fb47e960ebd5b9ff9b954,ROI_597\AMD_DRY\446.jpg,FINAL_normal_provenance_production_v3\ROI_594\S000438.jpg,d1a4688422c21a24b76eaf78174f23f0aa70043b401410e0c397d8bf877d98c3
S000439,Preprocess_597\AMD_DRY\447.jpg,FINAL_normal_provenance_production_v3\Preprocessed_594\S000439.jpg,ef19cf2d65bdae11009ac287708877692b0fe1ea60f3d0445d296a9daa8de632,ROI_597\AMD_DRY\447.jpg,FINAL_normal_provenance_production_v3\ROI_594\S000439.jpg,a4c5afbab389bf91d3eb130ec333e907f53bd79559d12ad0479ac4d34fca8601
S000440,Preprocess_597\AMD_DRY\448.jpg,FINAL_normal_provenance_production_v3\Preprocessed_594\S000440.jpg,e6877ee4eea3aa527b52f5b34f214fe6769187daec007a659fd45fcd5b5afa2f,ROI_597\AMD_DRY\448.jpg,FINAL_normal_provenance_production_v3\ROI_594\S000440.jpg,d2a440503259d5be5666ea0e70101e2d2c54d4e8d44afa13537d8a5882710a90
S000441,Preprocess_597\AMD_DRY\450.jpg,FINAL_normal_provenance_production_v3\Preprocessed_594\S000441.jpg,4052a27d90d6fcfc7b8fea56678a46b4830c40c0e660609b048c966ac29a5221,ROI_597\AMD_DRY\450.jpg,FINAL_normal_provenance_production_v3\ROI_594\S000441.jpg,8b4a6f6699dbed7aa3219ae0fe86622064ba3994151d7f87ebcc954cb3fc28d3
S000442,Preprocess_597\AMD_DRY\451.jpg,FINAL_normal_provenance_production_v3\Preprocessed_594\S000442.jpg,10c259e2913633c963367964515f3c91c89775935398490d086f5693cbfe9bbb,ROI_597\AMD_DRY\451.jpg,FINAL_normal_provenance_production_v3\ROI_594\S000442.jpg,b9757f3b599e7ad99de29730e89f8573fbb6111e7c0cc2b47a754704a01987cb
S000443,Preprocess_597\AMD_DRY\452.jpg,FINAL_normal_provenance_production_v3\Preprocessed_594\S000443.jpg,e7055708f01e8b669645c01080a90ebd02d7724e882d9a4ac733a8b6d843a34c,ROI_597\AMD_DRY\452.jpg,FINAL_normal_provenance_production_v3\ROI_594\S000443.jpg,09eeadd8f8f8df7ae5df5428b19fa1646c4fa48e1de898cce9a26617702777c6
S000444,Preprocess_597\AMD_DRY\453.jpg,FINAL_normal_provenance_production_v3\Preprocessed_594\S000444.jpg,df3a9a9172b60936b4af370410a3108acd328230e93256ca5e1ff3542ce3695c,ROI_597\AMD_DRY\453.jpg,FINAL_normal_provenance_production_v3\ROI_594\S000444.jpg,b067957a513cdd97521dbd7ca579ed38d5087e9150f37ecbaa0f30479c1ee259
S000445,Preprocess_597\AMD_WET\346.jpg,FINAL_normal_provenance_production_v3\Preprocessed_594\S000445.jpg,e541c630588e601d814b906c6cff0fbf20970e432d926f307c698bbdcfb9e444,ROI_597\AMD_WET\346.jpg,FINAL_normal_provenance_production_v3\ROI_594\S000445.jpg,432edd4596f1d6e36cdd489c1cf2a6733692c4d6b5f96b676b1afcb684bfcb94
S000446,Preprocess_597\AMD_WET\360.jpg,FINAL_normal_provenance_production_v3\Preprocessed_594\S000446.jpg,3e1e87aee296781baeabca8643254ff08270012c9b497336721407d740b210c3,ROI_597\AMD_WET\360.jpg,FINAL_normal_provenance_production_v3\ROI_594\S000446.jpg,1475d5762a2ed735d4bb894eaa5a124a901c30eee0c4bcc7423715ea92d79234
S000447,Preprocess_597\AMD_WET\365.jpg,FINAL_normal_provenance_production_v3\Preprocessed_594\S000447.jpg,1cb1c573775437791c76c0be8aab136ba3e9ab3dae9bc476d9c40c18c9014af4,ROI_597\AMD_WET\365.jpg,FINAL_normal_provenance_production_v3\ROI_594\S000447.jpg,e642157280892e98dceae46b790634a9c01cec798986f2cd65661986c49c27b5
S000448,Preprocess_597\AMD_WET\379.jpg,FINAL_normal_provenance_production_v3\Preprocessed_594\S000448.jpg,b11bade4851e7b45e8108b1e3d4db432e72fa2b7f0c1436f2ff4ee0cc46fa75c,ROI_597\AMD_WET\379.jpg,FINAL_normal_provenance_production_v3\ROI_594\S000448.jpg,a645b3aaa41fee9f17b4e61fef20fa48e3774df7781870b25aa2654333cfb7bf
S000449,Preprocess_597\AMD_WET\381.jpg,FINAL_normal_provenance_production_v3\Preprocessed_594\S000449.jpg,d7847646550419a57937d85608afe72c84f21ab65e2c2f2fc4e9eb1e513fe073,ROI_597\AMD_WET\381.jpg,FINAL_normal_provenance_production_v3\ROI_594\S000449.jpg,47815385443d781602d5d3c27627be06dbcc724cb05d4884c984f1a33c9938b3
S000450,Preprocess_597\AMD_WET\382.jpg,FINAL_normal_provenance_production_v3\Preprocessed_594\S000450.jpg,3e95c56eae2772eade80d6e1915b8dbad1932b06522a0078f4b9fd0e4adcbfbb,ROI_597\AMD_WET\382.jpg,FINAL_normal_provenance_production_v3\ROI_594\S000450.jpg,5d6b04249d2078cc9523443aa84cc4b7b487408422714bc439c5a0a3f92e9f86
S000451,Preprocess_597\AMD_WET\384.jpg,FINAL_normal_provenance_production_v3\Preprocessed_594\S000451.jpg,573e01d34a20b3223678c404dfbef42350d5c68a7f50514beda84b6f82179b33,ROI_597\AMD_WET\384.jpg,FINAL_normal_provenance_production_v3\ROI_594\S000451.jpg,282695642a9a52cd206090171dadb5be4e6fafc85b554f5441014741cdcbadde
S000452,Preprocess_597\AMD_WET\391.jpg,FINAL_normal_provenance_production_v3\Preprocessed_594\S000452.jpg,4342fcc3bb5674a272d1dd36d886f1cedd46f3fc1d96771c75370976698d5b21,ROI_597\AMD_WET\391.jpg,FINAL_normal_provenance_production_v3\ROI_594\S000452.jpg,171a9ecda9a6280c3a23cbdc1cfabad3c1ece7034865d09e65de9225a4f6bcbd
S000453,Preprocess_597\AMD_WET\392.jpg,FINAL_normal_provenance_production_v3\Preprocessed_594\S000453.jpg,62025af7ee67c855acb387e47f7c88c3ee720ea863c12dcfdf0bcb026ea6f5fa,ROI_597\AMD_WET\392.jpg,FINAL_normal_provenance_production_v3\ROI_594\S000453.jpg,5a270300aac2c46a6cfbe52e885a1605480a9cd90a07c08fe87df6aca08ef439
S000454,Preprocess_597\AMD_WET\398.jpg,FINAL_normal_provenance_production_v3\Preprocessed_594\S000454.jpg,3bf580e5e74a4b9ee9d2317b40974b98a62640b3385d6f683092c6da87f88932,ROI_597\AMD_WET\398.jpg,FINAL_normal_provenance_production_v3\ROI_594\S000454.jpg,0f5c7a38b59fc5e0dab0b9076747f9539e6db5576095759ede194ffe147c18bf
S000455,Preprocess_597\AMD_WET\399.jpg,FINAL_normal_provenance_production_v3\Preprocessed_594\S000455.jpg,1f1ccdc855a75971b4abf177ce64d28b1a5ced0a2bff515ca907403a1fd9bc8f,ROI_597\AMD_WET\399.jpg,FINAL_normal_provenance_production_v3\ROI_594\S000455.jpg,520ca89337ffa923dde801b9cd8239e025c9b200e0a61bd44ee8df27c8f340e9
S000456,Preprocess_597\AMD_WET\405.jpg,FINAL_normal_provenance_production_v3\Preprocessed_594\S000456.jpg,f6eb74ab6b06cf918affe714536896101480b13ce795afe4ed516ab91d33b3fb,ROI_597\AMD_WET\405.jpg,FINAL_normal_provenance_production_v3\ROI_594\S000456.jpg,46a920ae23b54626ab884befd10b390f881bb849d44dbe97ed5035e8bdfa2fbe
S000457,Preprocess_597\AMD_WET\406.jpg,FINAL_normal_provenance_production_v3\Preprocessed_594\S000457.jpg,4ffa976031a6a7bfb08b7c6ab1c6bcb889e53238e86d35bccb190fcfd91e7248,ROI_597\AMD_WET\406.jpg,FINAL_normal_provenance_production_v3\ROI_594\S000457.jpg,17658ee4eefd33696dd3146a449c0ca1bb630d79a666aa94595a5428b2f66619
S000458,Preprocess_597\AMD_WET\408.jpg,FINAL_normal_provenance_production_v3\Preprocessed_594\S000458.jpg,8c2302490771ceceb6c1a8e2fde099f4fd3fdbf06b37f5cafb16c4985fa3aa32,ROI_597\AMD_WET\408.jpg,FINAL_normal_provenance_production_v3\ROI_594\S000458.jpg,25d401b801baa48776ee0d66098e13db56743c0fcca218183277f8bb2ae824f3
S000459,Preprocess_597\AMD_WET\415.jpg,FINAL_normal_provenance_production_v3\Preprocessed_594\S000459.jpg,050b00a755fd54d2582709d4b510d93aeb8558ff87cb52377ccf31b73aca75f2,ROI_597\AMD_WET\415.jpg,FINAL_normal_provenance_production_v3\ROI_594\S000459.jpg,477f83e371846d91b80d51bb1f2d8262794f788fed976f348d33b7c9d651ebd9
S000460,Preprocess_597\AMD_WET\416.jpg,FINAL_normal_provenance_production_v3\Preprocessed_594\S000460.jpg,9b577959037c3fb2ab3b8b8c377f93375f97307bdc526b5e1ab6965d3271592e,ROI_597\AMD_WET\416.jpg,FINAL_normal_provenance_production_v3\ROI_594\S000460.jpg,1b708b2e1864f8d4ba853cb38f413ffaa7ea39f0fa9fb631ab01ecd804383cd3
S000461,Preprocess_597\AMD_WET\417.jpg,FINAL_normal_provenance_production_v3\Preprocessed_594\S000461.jpg,c63b0949325fb2c255809814dfd7942e9ecbd520fac568a4eb7e913a874a2b89,ROI_597\AMD_WET\417.jpg,FINAL_normal_provenance_production_v3\ROI_594\S000461.jpg,79136b76663a7d2b7fd09f35246f7453fdde6445d9a4b512d4442cd90c97101a
S000462,Preprocess_597\AMD_WET\418.jpg,FINAL_normal_provenance_production_v3\Preprocessed_594\S000462.jpg,f6837f2e6674a006e7a32b6344fe0ea3acd6282f9c9b8f08a01d4fe5ac9f886f,ROI_597\AMD_WET\418.jpg,FINAL_normal_provenance_production_v3\ROI_594\S000462.jpg,d0b3cb0f44288e1fb0b28e9f7b5c2c1b2f908d7dc352b463957abdb0ab801d9e
S000463,Preprocess_597\AMD_WET\420.jpg,FINAL_normal_provenance_production_v3\Preprocessed_594\S000463.jpg,d3b9fd675931fdf24feba0d1dc97f12b8476ecdc4c1afa9b700fc96646d263d9,ROI_597\AMD_WET\420.jpg,FINAL_normal_provenance_production_v3\ROI_594\S000463.jpg,43e35a34712d34c2bcd968680da1c780b211f457bd5614a5daaa69a1ec129bc3
S000464,Preprocess_597\AMD_WET\425.jpg,FINAL_normal_provenance_production_v3\Preprocessed_594\S000464.jpg,9acf8f8dcb6932473aa6910453cd0511b26f50a573c2af033d7536c3db51bd02,ROI_597\AMD_WET\425.jpg,FINAL_normal_provenance_production_v3\ROI_594\S000464.jpg,773fb10611cfeb906b67a157848f580828a96e0f1a6ac44c640d152fbc19e100
S000465,Preprocess_597\AMD_WET\432.jpg,FINAL_normal_provenance_production_v3\Preprocessed_594\S000465.jpg,83e5b4be6c60bb29b3afaca0141f1b6eff1dd79f45d235ab5621ae4d0b2b0973,ROI_597\AMD_WET\432.jpg,FINAL_normal_provenance_production_v3\ROI_594\S000465.jpg,0790bb72e0a6a6d6af658ca81ddca730776f19ffd45fea4e79bcde2f9ab31a09
S000466,Preprocess_597\AMD_WET\438.jpg,FINAL_normal_provenance_production_v3\Preprocessed_594\S000466.jpg,a07c7281e70383fd97e55f2f38554adcd04336899ad8776e2c249dc03d624cca,ROI_597\AMD_WET\438.jpg,FINAL_normal_provenance_production_v3\ROI_594\S000466.jpg,a0fc09e112eba8c667706644ea112082a4f45df61af58f4c4159c72aa88aa7a3
S000467,Preprocess_597\AMD_WET\441.jpg,FINAL_normal_provenance_production_v3\Preprocessed_594\S000467.jpg,dd0238a9bf42c6887bd7001b414a08e747668e55841ec697424e76a6dd98c083,ROI_597\AMD_WET\441.jpg,FINAL_normal_provenance_production_v3\ROI_594\S000467.jpg,57295f926b4774f414aadf985fd0b861f9792b47a68f263a5e26a27a8829c77e
S000468,Preprocess_597\AMD_WET\442.jpg,FINAL_normal_provenance_production_v3\Preprocessed_594\S000468.jpg,60f746646b5640847b1bf8691620473623c4b75608b53c91bfbbc1204995cf63,ROI_597\AMD_WET\442.jpg,FINAL_normal_provenance_production_v3\ROI_594\S000468.jpg,ffd9f4dd4b06cfa10eddac56c0fd5647df452388d3b2711e8ff55aec9d110d65
S000469,Preprocess_597\AMD_WET\443.jpg,FINAL_normal_provenance_production_v3\Preprocessed_594\S000469.jpg,570b20590065892f0e9333cdd221a92bc9a4c19a0a0b98d8dae016a9f8703b80,ROI_597\AMD_WET\443.jpg,FINAL_normal_provenance_production_v3\ROI_594\S000469.jpg,5ddb539477375b4774e159804e14a04fb891901afeafeccc470d8d942fcc1761
S000470,Preprocess_597\AMD_WET\444.jpg,FINAL_normal_provenance_production_v3\Preprocessed_594\S000470.jpg,a3935d38b842ff18e456790675df032b8eb40a7b180af7d49b5067838517b3c1,ROI_597\AMD_WET\444.jpg,FINAL_normal_provenance_production_v3\ROI_594\S000470.jpg,5faaf935c860299c6db91c91cdebaf3759be252c1444635b227fc34d74024aee
S000471,Preprocess_597\AMD_WET\449.jpg,FINAL_normal_provenance_production_v3\Preprocessed_594\S000471.jpg,5317c7194eb5c9648f1f518e7c077c413815e999ce0a5d1a5d7d16a1bbfbafe6,ROI_597\AMD_WET\449.jpg,FINAL_normal_provenance_production_v3\ROI_594\S000471.jpg,6773edcc99af27de55260458e419b9ca3e41fb9d30f53636f6e0f6c80d70528d
S000472,Preprocess_597\AMD_WET\456.jpg,FINAL_normal_provenance_production_v3\Preprocessed_594\S000472.jpg,048551e374e401f95c314cd7779a084612402d6f84b893a55f39f597494d7ed8,ROI_597\AMD_WET\456.jpg,FINAL_normal_provenance_production_v3\ROI_594\S000472.jpg,03801c1bbefc8e62031fb91fed53ed56847690cf4de0221bd81511cad2c411e9
S000473,Preprocess_597\NORMAL\550.png,FINAL_normal_provenance_production_v3\Preprocessed_594\S000473.png,98bfbac267182b0983a308ee01a8b0624668fe1d71e9e66887aa30e58771db1f,ROI_597\NORMAL\550.png,FINAL_normal_provenance_production_v3\ROI_594\S000473.png,25c0dda5cadfd586054e8b46927ef1780b08139718f6409255f5e60a72092478
S000474,Preprocess_597\NORMAL\551.png,FINAL_normal_provenance_production_v3\Preprocessed_594\S000474.png,0e95f70100af7881f4c0be05310cfe62c910aaf729b33d3dfabb4e68672422a2,ROI_597\NORMAL\551.png,FINAL_normal_provenance_production_v3\ROI_594\S000474.png,8476b4fa4912f0fe46465d5259d9a851b17efe1f2895df577addccff39e53f45
S000475,Preprocess_597\NORMAL\552.png,FINAL_normal_provenance_production_v3\Preprocessed_594\S000475.png,23e13117d481b46c5915fcaabe850130ac2a616ce1dbd002f62a368b6e7f3ead,ROI_597\NORMAL\552.png,FINAL_normal_provenance_production_v3\ROI_594\S000475.png,acfb996f07c2cc252bc670bef2a81684175eea2ddd59ea1db9c7c0e1186bb37d
S000476,Preprocess_597\NORMAL\553.png,FINAL_normal_provenance_production_v3\Preprocessed_594\S000476.png,76a3beef6dc355cc9bfb3950662e45735e382769eef5abab622339f0a95d24cc,ROI_597\NORMAL\553.png,FINAL_normal_provenance_production_v3\ROI_594\S000476.png,747e9861e50688592bf570eb98a16c17620dc3b8a5532907618a3c80994a75c6
S000477,Preprocess_597\NORMAL\554.png,FINAL_normal_provenance_production_v3\Preprocessed_594\S000477.png,1c0b60ed5642af5c17890617756f852abc41339b00f281994fda396f6aca3bda,ROI_597\NORMAL\554.png,FINAL_normal_provenance_production_v3\ROI_594\S000477.png,b4d2c95ee45d6c6d63be0c3ce20038355fd84fddd79ca0cf1c4e545a2d28f71e
S000478,Preprocess_597\NORMAL\555.png,FINAL_normal_provenance_production_v3\Preprocessed_594\S000478.png,a2648783f5a05a0cef4be5667ed0a989a81ec3f94f9d71c8308b8f6336417f51,ROI_597\NORMAL\555.png,FINAL_normal_provenance_production_v3\ROI_594\S000478.png,af318603d8ab813e2a177e010813aab1af35294669fd49346dc67716ee5dbed5
S000479,Preprocess_597\NORMAL\556.png,FINAL_normal_provenance_production_v3\Preprocessed_594\S000479.png,ea2e127015278ff6ae4e7a30c2c13c80a2d99507add38456c5bad2b08e0f92d6,ROI_597\NORMAL\556.png,FINAL_normal_provenance_production_v3\ROI_594\S000479.png,7f04649c2e8ee9aec66e658ed13e4c6b158c1ffbace757bcbbcac646913c0bd4
S000480,Preprocess_597\NORMAL\557.png,FINAL_normal_provenance_production_v3\Preprocessed_594\S000480.png,312f87c926ef7b394867414021cd6a8849d12ce831f999a607f98c2a8bd328a2,ROI_597\NORMAL\557.png,FINAL_normal_provenance_production_v3\ROI_594\S000480.png,39a1660847d7093008e6f86092c3b204975a970c0d300f1f838d386a61014bdc
S000481,Preprocess_597\NORMAL\558.png,FINAL_normal_provenance_production_v3\Preprocessed_594\S000481.png,70bb38c8aa5ef751f595333d3b94e3c4959e23ceba9297520a3410e7dfa4bdff,ROI_597\NORMAL\558.png,FINAL_normal_provenance_production_v3\ROI_594\S000481.png,d950b5cbb426f76a5630e939d914740c806eb2924aaed0e0784fe87df6fd35be
S000482,Preprocess_597\NORMAL\559.png,FINAL_normal_provenance_production_v3\Preprocessed_594\S000482.png,d9b5e3de211fa533d3c6f806b8c983c2502cf937f80d036379fd09ca238f72ee,ROI_597\NORMAL\559.png,FINAL_normal_provenance_production_v3\ROI_594\S000482.png,115b3484702ab0029d576e940d1927b40bae907f9f19ec91ef7e0accdcffacf1
S000483,Preprocess_597\NORMAL\560.png,FINAL_normal_provenance_production_v3\Preprocessed_594\S000483.png,890021efd52248f96ebcaa9f50a85597245d6d5a61b81aaed0b2c615e3c2b462,ROI_597\NORMAL\560.png,FINAL_normal_provenance_production_v3\ROI_594\S000483.png,e43847e438ade9aa4a6eae0544d31de04273ed1dda4208bfa34b7404675c076b
S000484,Preprocess_597\NORMAL\561.png,FINAL_normal_provenance_production_v3\Preprocessed_594\S000484.png,43e1430bc586ce7a53cc7e841b0b6d02127e817f092c7e05703049650b1e37f5,ROI_597\NORMAL\561.png,FINAL_normal_provenance_production_v3\ROI_594\S000484.png,a62a548c527422cdc5b7a18cee7f4dbc951d06739c0ade1e6452918a5b9ee9fb
S000485,Preprocess_597\NORMAL\562.png,FINAL_normal_provenance_production_v3\Preprocessed_594\S000485.png,4f3102893157781c5793da803b63d89ceac23b1db34282acd7f0d7442106cd8e,ROI_597\NORMAL\562.png,FINAL_normal_provenance_production_v3\ROI_594\S000485.png,c447f319330a352f548d60af35dd31a0dbcad1f951cbfaf4d51337868f9a8d80
S000486,Preprocess_597\NORMAL\563.png,FINAL_normal_provenance_production_v3\Preprocessed_594\S000486.png,ee8317a1c27b1a6c0cdab356a30cb1efb4f74ff4d07991169aa286faead3a5c4,ROI_597\NORMAL\563.png,FINAL_normal_provenance_production_v3\ROI_594\S000486.png,80012e68337cb16def39f2b1598f91b8a2d9bc403ef40b1e11b3c70b07dd0684
S000487,Preprocess_597\NORMAL\564.png,FINAL_normal_provenance_production_v3\Preprocessed_594\S000487.png,255b76f79ac4a9d080fb6ee3c62fb4836cacd2a92f69f9695a21cbe27a3e869d,ROI_597\NORMAL\564.png,FINAL_normal_provenance_production_v3\ROI_594\S000487.png,4dfa4645ce7cfe5dfa1158d0d76ecca55af6420f6d2489381eb36def304ec524
S000488,Preprocess_597\NORMAL\565.png,FINAL_normal_provenance_production_v3\Preprocessed_594\S000488.png,0669d6b5a15482e6f608e4faa99f8c04bf28d81288427e553974df154d7d1491,ROI_597\NORMAL\565.png,FINAL_normal_provenance_production_v3\ROI_594\S000488.png,c5afa417ebeaf4e4066ecbcb9af61e7623edeed2b5996e2ae19ebcabcd9cad4b
S000489,Preprocess_597\NORMAL\566.png,FINAL_normal_provenance_production_v3\Preprocessed_594\S000489.png,4a7f046b006bf4afe25c7930d42e6b7e59a8addf0181229cb7405b74498ee80d,ROI_597\NORMAL\566.png,FINAL_normal_provenance_production_v3\ROI_594\S000489.png,70d78eb2f8943cb8efd79d2015787fbd882961fb80a332597aa1fc6598f2000c
S000490,Preprocess_597\NORMAL\567.png,FINAL_normal_provenance_production_v3\Preprocessed_594\S000490.png,d3045aeb0ae6582ca1610a909e0f1eea957299290bf761f2af8df5dea10dd10d,ROI_597\NORMAL\567.png,FINAL_normal_provenance_production_v3\ROI_594\S000490.png,62e68b34f2260fc0905cd68b9c58660ae833d639079144833d30f7878e53f60a
S000491,Preprocess_597\NORMAL\568.png,FINAL_normal_provenance_production_v3\Preprocessed_594\S000491.png,06ea93fe56e9fa0175ea0fb62d0349012fa77c6a8eeb2753f456a35a5bdde8d5,ROI_597\NORMAL\568.png,FINAL_normal_provenance_production_v3\ROI_594\S000491.png,f5b142394611f63186dd33b50caed25de51715d86ed233f62fde3710d5af8cb4
S000492,Preprocess_597\NORMAL\569.png,FINAL_normal_provenance_production_v3\Preprocessed_594\S000492.png,a68b992875e2856ba88fdaadf9780879a220379c12e0146c59430eb422c2d14a,ROI_597\NORMAL\569.png,FINAL_normal_provenance_production_v3\ROI_594\S000492.png,b9c02173af6947bd555fab7b8dd499cd00657030001f319aacd8537b61d7f2c9
S000493,Preprocess_597\NORMAL\570.png,FINAL_normal_provenance_production_v3\Preprocessed_594\S000493.png,19fbb6bb3b1b3d3c825f80b78ce31d8ededd7c2d8883744434f88e4593def291,ROI_597\NORMAL\570.png,FINAL_normal_provenance_production_v3\ROI_594\S000493.png,83df40bf3453aea6555c113527a618a842db62062c5a8f108ee12ce81df41617
S000494,Preprocess_597\NORMAL\571.png,FINAL_normal_provenance_production_v3\Preprocessed_594\S000494.png,44d0442330130aa521d57498294a17ef83353082f5e00d3eb68fc50d7ff603e4,ROI_597\NORMAL\571.png,FINAL_normal_provenance_production_v3\ROI_594\S000494.png,2ef43b338889a90c296b101d07b5167102052ff23b04be3c85cbdef7ebdfa503
S000495,Preprocess_597\NORMAL\572.png,FINAL_normal_provenance_production_v3\Preprocessed_594\S000495.png,2d50e5ee4abd5a741b4bfe07bd4bb6fb6532e1731c942f89b9d0fb1ef0212538,ROI_597\NORMAL\572.png,FINAL_normal_provenance_production_v3\ROI_594\S000495.png,45b3bdfdc1ccd2feb4aafbcb1ac08c1e84025b98373613a1d40c4382b17918dc
S000496,Preprocess_597\NORMAL\573.png,FINAL_normal_provenance_production_v3\Preprocessed_594\S000496.png,7c36aaf937a88966818b5dd544029a3a5cb104526c8c55a1128f61080eb83045,ROI_597\NORMAL\573.png,FINAL_normal_provenance_production_v3\ROI_594\S000496.png,759b9effbe4c25cb8ce8ddab299c2f9f3a036dbcd6f99a7fad1f1a36c8deab6d
S000497,Preprocess_597\NORMAL\574.png,FINAL_normal_provenance_production_v3\Preprocessed_594\S000497.png,08266a24a8d8f44eb20bba630f7d7a7508d2fbbaa14884725c489977b7c1b53d,ROI_597\NORMAL\574.png,FINAL_normal_provenance_production_v3\ROI_594\S000497.png,83e4294bee3c3bb54339a81d733930c5b0e1afb2153b2cdfae490b12caae8753
S000498,Preprocess_597\NORMAL\575.png,FINAL_normal_provenance_production_v3\Preprocessed_594\S000498.png,457329c844be20dd441ffaa81a16ac5cbb46f3c08ed280a0316f9e5e61e176f8,ROI_597\NORMAL\575.png,FINAL_normal_provenance_production_v3\ROI_594\S000498.png,41a98bb3f251cb5cdb43bd5df91d49e9f8a66b94bf0e6e9db55d14263ad9e6a4
S000499,Preprocess_597\NORMAL\576.png,FINAL_normal_provenance_production_v3\Preprocessed_594\S000499.png,cfad3567663c76d9630e6602e53c2befbe858144031a3165957f0a03eb9379e8,ROI_597\NORMAL\576.png,FINAL_normal_provenance_production_v3\ROI_594\S000499.png,76f5cdfb7c587d5ae91535ff858ba3b06423e24d2b3f6b220e7046f6a259f7c0
S000500,Preprocess_597\NORMAL\577.png,FINAL_normal_provenance_production_v3\Preprocessed_594\S000500.png,cec3ca8ba1b80d02d5594934d3f3f3522ace8b729ba3aceefea7d8518957e06a,ROI_597\NORMAL\577.png,FINAL_normal_provenance_production_v3\ROI_594\S000500.png,34ff04e95596c75a3ce2d01228b4ba8e7515cf7d59961c2b845c06bd9d03f770
S000501,Preprocess_597\NORMAL\578.png,FINAL_normal_provenance_production_v3\Preprocessed_594\S000501.png,7f05b1a4a3c4f30e3e80e68a3bfc6146f1c97d4a8b89eb0f7d886d2dc2bf3739,ROI_597\NORMAL\578.png,FINAL_normal_provenance_production_v3\ROI_594\S000501.png,5c2a464755f60b30ff3cce9c44a6afaf9c9261f9b76c1e82840d02d80d020a2e
S000502,Preprocess_597\NORMAL\579.png,FINAL_normal_provenance_production_v3\Preprocessed_594\S000502.png,dc7074ab788b5f71c066dbde81e896bc6a9e2fe7e52a1e421ba1b8227251aa34,ROI_597\NORMAL\579.png,FINAL_normal_provenance_production_v3\ROI_594\S000502.png,5e4741697d9323e3d0bfab116ccf4b052e7bcf5c2f4eb3daab599584c5ed4122
S000503,Preprocess_597\NORMAL\580.png,FINAL_normal_provenance_production_v3\Preprocessed_594\S000503.png,f1f75afec5c0231ecb38b54638c8cb6d01f4581c7eef6307e3b1d34d30aec3f4,ROI_597\NORMAL\580.png,FINAL_normal_provenance_production_v3\ROI_594\S000503.png,4860580dfcef006d7067918278b9bb8974bdaf2336901557b3755875603c89dc
S000504,Preprocess_597\NORMAL\581.png,FINAL_normal_provenance_production_v3\Preprocessed_594\S000504.png,f1db89a49707b726c02cfd8e30526d5d5cb94eba20a08d044e21ae4050fe6d5e,ROI_597\NORMAL\581.png,FINAL_normal_provenance_production_v3\ROI_594\S000504.png,932e8d614fb41aa6ad3b4757dc6a4f42278844f0d9bf78613282f3e3277c7f7c
S000505,Preprocess_597\NORMAL\622.png,FINAL_normal_provenance_production_v3\Preprocessed_594\S000505.png,a9076022fe69e40412746cd7f2415cfca06742b2531efe7775d48231f5ec9e9a,ROI_597\NORMAL\622.png,FINAL_normal_provenance_production_v3\ROI_594\S000505.png,170a8e79d4dd93e2b7b855f3cf86578eb4d91cd91dbc6ef9dd3156129e14d0e0
S000506,Preprocess_597\NORMAL\667.png,FINAL_normal_provenance_production_v3\Preprocessed_594\S000506.png,909125a4b1dd52f09320c0ab33e88c76eea0bce00f240f3ecc8ae41271610cc3,ROI_597\NORMAL\667.png,FINAL_normal_provenance_production_v3\ROI_594\S000506.png,ac97b15788eccdcb9f66bc714ce38be6da2091fb423b001cee939114485d1a49
S000507,Preprocess_597\NORMAL\705.png,FINAL_normal_provenance_production_v3\Preprocessed_594\S000507.png,2104bb8cde8fbdd372fcb1557ea1844784041f0f9c5bca9bb1e7a031f9d26b2f,ROI_597\NORMAL\705.png,FINAL_normal_provenance_production_v3\ROI_594\S000507.png,6a0cbff03b8cc5ca0cb94004dfc323ec1223c6e4a87f4e62836823183a794af8
S000508,Preprocess_597\NORMAL\706.png,FINAL_normal_provenance_production_v3\Preprocessed_594\S000508.png,e826311178fc1e9957db6eb105752fc0431653838ad8b23fdc2b8e0e87f784dc,ROI_597\NORMAL\706.png,FINAL_normal_provenance_production_v3\ROI_594\S000508.png,fd7cb39cd3b300b0841972d62f863f845203bfeae7823b78371022e73b94fd39
S000509,Preprocess_597\NORMAL\707.png,FINAL_normal_provenance_production_v3\Preprocessed_594\S000509.png,d093c2e4d182fc9327bd52e8ae17c97bfe693e9ca527a1836ebb15a4efdb0e5d,ROI_597\NORMAL\707.png,FINAL_normal_provenance_production_v3\ROI_594\S000509.png,a19da168063e368a610dc77ca3ebd69eef069d4aa700f146da49d53aa9910a2a
S000510,Preprocess_597\NORMAL\708.png,FINAL_normal_provenance_production_v3\Preprocessed_594\S000510.png,67f264915635c4bc46d8a10dc8af9a9b15b00d20f74114f2fb1ff7f58110b40f,ROI_597\NORMAL\708.png,FINAL_normal_provenance_production_v3\ROI_594\S000510.png,f2bef7fec92c8fd63b44bbc9e5b7374e978c4afa43f358b87107e45f322ede54
S000511,Preprocess_597\NORMAL\709.png,FINAL_normal_provenance_production_v3\Preprocessed_594\S000511.png,7f405cc8bfd3cb143e8a3a56b295bc482b81562d974021e989da5b11cd135021,ROI_597\NORMAL\709.png,FINAL_normal_provenance_production_v3\ROI_594\S000511.png,a4675f1be2e729d6231909012fc4c076beb9758b6a428f6faa159c128d978bf3
S000512,Preprocess_597\NORMAL\712.png,FINAL_normal_provenance_production_v3\Preprocessed_594\S000512.png,e49a00f63d31ac307d5e26111ce4a3ebe70ef9699bc83f6e79e3fa6e5a97afb9,ROI_597\NORMAL\712.png,FINAL_normal_provenance_production_v3\ROI_594\S000512.png,c26a0a6335ef5608723d3da2bea9439f74af63e10e2a6023787bf62d2e8cb277
S000513,Preprocess_597\NORMAL\713.png,FINAL_normal_provenance_production_v3\Preprocessed_594\S000513.png,a2bc255c28631913ad19554c5626774562aa3314bee05d3106395cbb7779318c,ROI_597\NORMAL\713.png,FINAL_normal_provenance_production_v3\ROI_594\S000513.png,81a05eb4b17de03409e506cc409083138668387c9b59644a35d5900b776fc2fe
S000514,Preprocess_597\NORMAL\717.png,FINAL_normal_provenance_production_v3\Preprocessed_594\S000514.png,90c7df930d7004036ce9a830064e766a696036c12dd402f3f8a508017e4619f3,ROI_597\NORMAL\717.png,FINAL_normal_provenance_production_v3\ROI_594\S000514.png,769cdbd24e8ac7521ec109848941c9eccd2901b05d625a8eeca06994b85ca4f8
S000515,Preprocess_597\NORMAL\722.png,FINAL_normal_provenance_production_v3\Preprocessed_594\S000515.png,d171fba64543a4efad01ac0d7ea37b73bf2957994d4afcda205a9682571356d4,ROI_597\NORMAL\722.png,FINAL_normal_provenance_production_v3\ROI_594\S000515.png,807cb2d7ebcc4581a4bda259b963d6f2d2bf6e149b45a7d4bd7907a4519c2412
S000516,Preprocess_597\NORMAL\727.png,FINAL_normal_provenance_production_v3\Preprocessed_594\S000516.png,9f51cce100f8cfabd9b9655da59ba59b4311296c7041afdaf7cb7347d52c5e49,ROI_597\NORMAL\727.png,FINAL_normal_provenance_production_v3\ROI_594\S000516.png,4e5309dde6347c44b361e1d7efc9ed0b140a56502d0a769938fd25b474c9a1a3
S000517,Preprocess_597\NORMAL\734.png,FINAL_normal_provenance_production_v3\Preprocessed_594\S000517.png,c910316e434c891fc8cf6b8c9d99cf51933972bf7961bb3be031fb60ec8bfcc0,ROI_597\NORMAL\734.png,FINAL_normal_provenance_production_v3\ROI_594\S000517.png,a8bc7533b2455fe375c29bc081528286ad375c5a12a49dd3a23d2f57cd532ea1
S000518,Preprocess_597\NORMAL\766.png,FINAL_normal_provenance_production_v3\Preprocessed_594\S000518.png,25c1de6729c5c54d139fc5c058798153a526570b0857d388c9d4fe2d4a0a8f91,ROI_597\NORMAL\766.png,FINAL_normal_provenance_production_v3\ROI_594\S000518.png,d8c1cff1725912f800034a8e29079fd012a251faff815c16cd1283f03b03da50
S000519,Preprocess_597\NORMAL\767.png,FINAL_normal_provenance_production_v3\Preprocessed_594\S000519.png,5b77cd1f64d772ecb7fdb83b3603f979998d3e4a471a82a9784a3d08f95e8d95,ROI_597\NORMAL\767.png,FINAL_normal_provenance_production_v3\ROI_594\S000519.png,ae047aa7f01f97da1c135bfaf664711e9183eceec26d59396a341f9ad50bac96
S000520,Preprocess_597\NORMAL\800.png,FINAL_normal_provenance_production_v3\Preprocessed_594\S000520.png,bebe99bb76e2e69d7337960060012d91482f0e87a8855630587185064d3cf42f,ROI_597\NORMAL\800.png,FINAL_normal_provenance_production_v3\ROI_594\S000520.png,797cf88225ef5d0281091975d2cb6fe2cd0c68becd58aee07f8688eed47882c2
S000521,Preprocess_597\NORMAL\804.png,FINAL_normal_provenance_production_v3\Preprocessed_594\S000521.png,b17cd5061d862afd7596d24d039c162a71e1b29a161196e1c91076c54df6e0f4,ROI_597\NORMAL\804.png,FINAL_normal_provenance_production_v3\ROI_594\S000521.png,b20ac18b9c20f681ce4fe965ab52e6ce4b95b0c0c2b0ac3d23617fc02107b7c2
S000522,Preprocess_597\NORMAL\818.png,FINAL_normal_provenance_production_v3\Preprocessed_594\S000522.png,7b2a43ff77737ea91bd44583cb2317f11cbf60fcea8cece36d9c378ff0381a52,ROI_597\NORMAL\818.png,FINAL_normal_provenance_production_v3\ROI_594\S000522.png,37ce883bbd1203faaf34a894ef4a71089b0aecedf31df1166d5d8fcd29531fe1
S000523,Preprocess_597\NORMAL\827.png,FINAL_normal_provenance_production_v3\Preprocessed_594\S000523.png,bc7361ba3d8805658c01632d197fc553aaea47b8d345bedffd5a8d57bef1ea3a,ROI_597\NORMAL\827.png,FINAL_normal_provenance_production_v3\ROI_594\S000523.png,9465f4e78437d9402879e1aafa27091df898557b2098e4908594f1a6765d9f46
S000524,Preprocess_597\NORMAL\828.png,FINAL_normal_provenance_production_v3\Preprocessed_594\S000524.png,b6f92e75cf0156450f475f32a0dd513e637b8b78bcdb205b7286c3436cdb55c2,ROI_597\NORMAL\828.png,FINAL_normal_provenance_production_v3\ROI_594\S000524.png,39d5aa2dd74585a80343f84dd487873c70f3c72acf0c0d371e6f477e091bfd41
S000525,Preprocess_597\NORMAL\829.png,FINAL_normal_provenance_production_v3\Preprocessed_594\S000525.png,64bf9feae66dc576d15eb5576bf67df90316739874c6c22d1cdff5f414d87b38,ROI_597\NORMAL\829.png,FINAL_normal_provenance_production_v3\ROI_594\S000525.png,ebe866f505d8100796133514457ea53ad5484949f63964ae4dc2ed1ae33a2534
S000526,Preprocess_597\NORMAL\830.png,FINAL_normal_provenance_production_v3\Preprocessed_594\S000526.png,dec18f8b45dad16715a12d48047ec53d830c4a7b585b5d161287a3ba389d6284,ROI_597\NORMAL\830.png,FINAL_normal_provenance_production_v3\ROI_594\S000526.png,53cc6154b4c79199a9ed1decb47ce47751fe98c7d4a19a608c16cfa3c659bec4
S000527,Preprocess_597\NORMAL\831.png,FINAL_normal_provenance_production_v3\Preprocessed_594\S000527.png,9cd073c22dc5d5ad3844a4d057fcb2253d1c1303be56c973e49eb56475857bbf,ROI_597\NORMAL\831.png,FINAL_normal_provenance_production_v3\ROI_594\S000527.png,18122b057bda8ab01aff4e847e7051f2d5efd28c51cbd69766cd506998222b16
S000528,Preprocess_597\NORMAL\832.png,FINAL_normal_provenance_production_v3\Preprocessed_594\S000528.png,8569eca1fd7d50927bf8569a4728e8d3c01a532187463b7e99376a788ce5483a,ROI_597\NORMAL\832.png,FINAL_normal_provenance_production_v3\ROI_594\S000528.png,e7ec797fdaec3fcbf31fed1b1c6f6bc970c86088f8b1f96164000c1a5cd1438c
S000529,Preprocess_597\NORMAL\833.png,FINAL_normal_provenance_production_v3\Preprocessed_594\S000529.png,87493250d9ce998525ed00892c5dad9fd1ae8d2705a4d7ec4d0368cfdc25f517,ROI_597\NORMAL\833.png,FINAL_normal_provenance_production_v3\ROI_594\S000529.png,376f5ed992fc81ca5b48871db3a24a426cccac2e31b182a67731348f70089c9d
S000530,Preprocess_597\NORMAL\834.png,FINAL_normal_provenance_production_v3\Preprocessed_594\S000530.png,d69c1c95233b86dc78c20ecc478896a92b1d9e250dcb2e6508269cab2217b93b,ROI_597\NORMAL\834.png,FINAL_normal_provenance_production_v3\ROI_594\S000530.png,1ae80de2d3aacf7700b61423d1f75f7149e2e4afbd13f0165d541f8b6f0446d7
S000531,Preprocess_597\NORMAL\835.png,FINAL_normal_provenance_production_v3\Preprocessed_594\S000531.png,82df8c311514561b9f9970cd57e241022c6da3ffd4876fcd305c9a7610c3d8ad,ROI_597\NORMAL\835.png,FINAL_normal_provenance_production_v3\ROI_594\S000531.png,0994279e8f0a9f2c2f1af34cb652704f7ea1d03ed7f5ebeabc2477fa3ea2f4b7
S000532,Preprocess_597\NORMAL\836.png,FINAL_normal_provenance_production_v3\Preprocessed_594\S000532.png,42270955645460d04440266134549bab65af0fbde7aa3ec0300fd64cf0866bb0,ROI_597\NORMAL\836.png,FINAL_normal_provenance_production_v3\ROI_594\S000532.png,6cbc1a757e7ed8deb777c34811041847ff82beebfa77af67c86bea07151ed13f
S000533,Preprocess_597\NORMAL\837.png,FINAL_normal_provenance_production_v3\Preprocessed_594\S000533.png,775e5ae8d0524dff0e4ba3e432bd87bd051b4a6544f86eb1d3a23ad19f34353c,ROI_597\NORMAL\837.png,FINAL_normal_provenance_production_v3\ROI_594\S000533.png,990fd71ab4a3d298ca88ad02e5995fe8572b1573ae22409309574d49d45d4c0b
S000534,Preprocess_597\NORMAL\838.png,FINAL_normal_provenance_production_v3\Preprocessed_594\S000534.png,96188eddc3074afd93bd55a66e5abcf6fbc0afdf693f339fa41a80157bab5179,ROI_597\NORMAL\838.png,FINAL_normal_provenance_production_v3\ROI_594\S000534.png,1b3f05ed9d403e9667d0f298992be4833e50b35d5a58c22737d59370b60dd587
S000535,Preprocess_597\NORMAL\839.png,FINAL_normal_provenance_production_v3\Preprocessed_594\S000535.png,c2ae58d4a635f1ffbb17a69522f93b74f0c9c1d061244369a2113a0a2570d015,ROI_597\NORMAL\839.png,FINAL_normal_provenance_production_v3\ROI_594\S000535.png,57d47a32fbbc4566030116e190a513a5450bf986e05340c793d4b080a764062a
S000536,Preprocess_597\AMD_DRY\250.png,FINAL_normal_provenance_production_v3\Preprocessed_594\S000536.png,7e36fb3659b404381695698fc6018c6c91e79022c2b7fe1a435cf71945a85209,ROI_597\AMD_DRY\250.png,FINAL_normal_provenance_production_v3\ROI_594\S000536.png,934a469ef0d198e85bafb324de98d04bf2d2d573481c3bc6d85d57409623372a
S000537,Preprocess_597\AMD_DRY\251.png,FINAL_normal_provenance_production_v3\Preprocessed_594\S000537.png,9767e7a3e31ac7e6cf24074b935fcbdc806fb670bdb44eb023ef4c06b8bc9fbb,ROI_597\AMD_DRY\251.png,FINAL_normal_provenance_production_v3\ROI_594\S000537.png,6e801d6831d5e0f23956ea411079d97eaf6be4b331b4d92dcd90ae8c047fca27
S000538,Preprocess_597\AMD_DRY\253.png,FINAL_normal_provenance_production_v3\Preprocessed_594\S000538.png,027a456dc782867a7765a8019a4392141365510fa137ccfb3f73ffdac68d6242,ROI_597\AMD_DRY\253.png,FINAL_normal_provenance_production_v3\ROI_594\S000538.png,d8305d1042cfe0ac71258b904c9c71ab193badeb39d4b4db93692a385842475d
S000539,Preprocess_597\AMD_DRY\257.png,FINAL_normal_provenance_production_v3\Preprocessed_594\S000539.png,5ff66d574b83134a55f6aa5e7fbf5f595d9d823df6f04da93c079a198de360fe,ROI_597\AMD_DRY\257.png,FINAL_normal_provenance_production_v3\ROI_594\S000539.png,dd2eef27d8a59999b5f5f26a58b4ae05c2edd2c98c155441c9365898bd4e4aef
S000540,Preprocess_597\AMD_DRY\284.png,FINAL_normal_provenance_production_v3\Preprocessed_594\S000540.png,264f1a99c681e38d7191289abaf8241ac3b8819c06625f6d6ce6eec6e8cf229e,ROI_597\AMD_DRY\284.png,FINAL_normal_provenance_production_v3\ROI_594\S000540.png,5eb2aa4eaa37593f1f6eabe12b60996bdff75836a53473fab51076f31c68e9b5
S000541,Preprocess_597\AMD_DRY\307.png,FINAL_normal_provenance_production_v3\Preprocessed_594\S000541.png,9d23220a6fa86635012a41fe8768f53bc4f490cb45730fdcbe9c1900b375119f,ROI_597\AMD_DRY\307.png,FINAL_normal_provenance_production_v3\ROI_594\S000541.png,596a9d2a854a32ea7ad06e3f5c401b04e66773c7885b6a4300edea3d709e9a54
S000542,Preprocess_597\AMD_DRY\310.png,FINAL_normal_provenance_production_v3\Preprocessed_594\S000542.png,e36fbe1e21503c95aa289e088e6abdb11b5b4d386ae48f5736af057b58b6b8b0,ROI_597\AMD_DRY\310.png,FINAL_normal_provenance_production_v3\ROI_594\S000542.png,e286840d97badb68c829a21f17fbd2fab67a78e25dbe295fe967eb4eb4849880
S000543,Preprocess_597\AMD_DRY\315.png,FINAL_normal_provenance_production_v3\Preprocessed_594\S000543.png,b606c507ed5032a9917653581140cf9557901a020b048e102e24696a44bcb227,ROI_597\AMD_DRY\315.png,FINAL_normal_provenance_production_v3\ROI_594\S000543.png,9a685b6d61a746f17bd409937b12973ea8090ea4ada8853ba0a0f9db5a9995b2
S000544,Preprocess_597\AMD_WET\248.png,FINAL_normal_provenance_production_v3\Preprocessed_594\S000544.png,76f1f85f462f51bdb540be88416c39a90dca9df9ca11377935dc3d40e856f7f7,ROI_597\AMD_WET\248.png,FINAL_normal_provenance_production_v3\ROI_594\S000544.png,696663f51517acf902f5ae560a4645463cec5b26c8e8834b9f5d337b827cec32
S000545,Preprocess_597\AMD_WET\249.png,FINAL_normal_provenance_production_v3\Preprocessed_594\S000545.png,8af90b2f8c980bc1d4b6243c9bc9188fe68a15fd691eaedd0afcb78bc933fdc2,ROI_597\AMD_WET\249.png,FINAL_normal_provenance_production_v3\ROI_594\S000545.png,e2f6d9249a8dde9ca6ed1ab88b2e279280ab0c8b2e5355c74f2a0adff24170ec
S000546,Preprocess_597\AMD_WET\252.png,FINAL_normal_provenance_production_v3\Preprocessed_594\S000546.png,551b35d74fbe84a4ed629cbf80b90d7b2f138e0b2343273957a6a7604ea7b0f4,ROI_597\AMD_WET\252.png,FINAL_normal_provenance_production_v3\ROI_594\S000546.png,0fb9d350eef95213ab854d06630e0da79f30441da510d6c851817bc39233253b
S000547,Preprocess_597\AMD_WET\255.png,FINAL_normal_provenance_production_v3\Preprocessed_594\S000547.png,e3a169bee4f57a49a80c9b3317ee6422857449087dbb16d8223688142464e2d4,ROI_597\AMD_WET\255.png,FINAL_normal_provenance_production_v3\ROI_594\S000547.png,27529237d51d73e8d5ee925f473c41642f70b75f5e0066c46563707cbed27148
S000548,Preprocess_597\AMD_WET\256.png,FINAL_normal_provenance_production_v3\Preprocessed_594\S000548.png,500ce3f318935cacd94833031d32f7dfca24f9d5a54aee5ee226f70f4205e541,ROI_597\AMD_WET\256.png,FINAL_normal_provenance_production_v3\ROI_594\S000548.png,73c31c44bcc2cecf1b55ecb437756a13a1124ae2f70ef4d88524f1736192309e
S000549,Preprocess_597\AMD_WET\258.png,FINAL_normal_provenance_production_v3\Preprocessed_594\S000549.png,aa75c274d05c5dafc9e1a3b88e594331b31b891bb243a7ea4fd62f7d74f96d0d,ROI_597\AMD_WET\258.png,FINAL_normal_provenance_production_v3\ROI_594\S000549.png,a1c9e3b9f2956b5702bb8ee645c8dd6870f9f32008a316affee04a3d1c3efccb
S000550,Preprocess_597\AMD_WET\259.png,FINAL_normal_provenance_production_v3\Preprocessed_594\S000550.png,d30cdcdb95faec8fee012423d4b394612a0c43e55b4904423d29dff4b0f1554c,ROI_597\AMD_WET\259.png,FINAL_normal_provenance_production_v3\ROI_594\S000550.png,b0eb6d7ed35de2ad806020b5986fcc285746afcb72ae4b4912373911d027afc2
S000551,Preprocess_597\AMD_WET\260.png,FINAL_normal_provenance_production_v3\Preprocessed_594\S000551.png,4037e843c818794eff141284d67c0689b3dd09bd5df7ec3fbf97386f08174cbb,ROI_597\AMD_WET\260.png,FINAL_normal_provenance_production_v3\ROI_594\S000551.png,d64696268739ace10a88f6cb5f51511a47281f6861e2ef4ca8ffec9784b65d99
S000552,Preprocess_597\AMD_WET\261.png,FINAL_normal_provenance_production_v3\Preprocessed_594\S000552.png,1056b2bb5af3d688db3148c655c6f541b01bcb82082a7e8f582f8091aa1aeadf,ROI_597\AMD_WET\261.png,FINAL_normal_provenance_production_v3\ROI_594\S000552.png,70f70c857fb8cf83d8ebe1ef5e540d336b33113e372ce2369782e748c1550556
S000553,Preprocess_597\AMD_WET\263.png,FINAL_normal_provenance_production_v3\Preprocessed_594\S000553.png,1f66c231b1c753d79e20ad5667083f0a784070f41df149614e76b523cb2489b1,ROI_597\AMD_WET\263.png,FINAL_normal_provenance_production_v3\ROI_594\S000553.png,31b146b33f58c7463cc039da84045952a2843cd08ec6ec31d401f92fa937cbc3
S000554,Preprocess_597\AMD_WET\264.png,FINAL_normal_provenance_production_v3\Preprocessed_594\S000554.png,6380c1adf2dae44f0f51f573ff05bf921d3773f68916dda5d81a6f097a95087b,ROI_597\AMD_WET\264.png,FINAL_normal_provenance_production_v3\ROI_594\S000554.png,f54b295fc95d376d01cd84fac7185ef4b8fa7970f33649f96132ba21286af2ed
S000555,Preprocess_597\AMD_WET\265.png,FINAL_normal_provenance_production_v3\Preprocessed_594\S000555.png,f3dde83b9fac47a3a3dc4e35a1e447a5fb9960245348ebbbd3ed74861404fdce,ROI_597\AMD_WET\265.png,FINAL_normal_provenance_production_v3\ROI_594\S000555.png,2a93b44586344dbb52ff2ca14f695a2eab48a662df458248f332fe69722a23a5
S000556,Preprocess_597\AMD_WET\266.png,FINAL_normal_provenance_production_v3\Preprocessed_594\S000556.png,4767e18626fda5ab1bac68003b35f71f2737185b6a9dfe9ebcdcea08b4792d7e,ROI_597\AMD_WET\266.png,FINAL_normal_provenance_production_v3\ROI_594\S000556.png,67b5a1ed4c4c34bca7e17aceca00da01abead5a5aa2a6429d8ad0b9cd3b53f34
S000557,Preprocess_597\AMD_WET\267.png,FINAL_normal_provenance_production_v3\Preprocessed_594\S000557.png,de5315a88c12ea94b4c9463b66f49006768f09a7e49b3833b87eb4bb29a95798,ROI_597\AMD_WET\267.png,FINAL_normal_provenance_production_v3\ROI_594\S000557.png,ae1b10f5e15951c6cf98e782cfe7fc8f0ac823f1e4f1e84db7d49cd6d138ceba
S000558,Preprocess_597\AMD_WET\268.png,FINAL_normal_provenance_production_v3\Preprocessed_594\S000558.png,09d177ed181e4cf06abeabc37b7bc2834bff99ad5a16225141349631708f9814,ROI_597\AMD_WET\268.png,FINAL_normal_provenance_production_v3\ROI_594\S000558.png,64ce333dc4bdcdddf4d1bfaa4a7ccbe186170e9f962ab1b65e385df7ccb89158
S000559,Preprocess_597\AMD_WET\269.png,FINAL_normal_provenance_production_v3\Preprocessed_594\S000559.png,a2aa4b0d26d7f4e4b1126ba42e7370aafd6bc19e4a4456120c8ccd034184a090,ROI_597\AMD_WET\269.png,FINAL_normal_provenance_production_v3\ROI_594\S000559.png,ceabc3ec7772c529915fa86baa2e5225bdf02d1bfae1523af8ade93793650bd8
S000560,Preprocess_597\AMD_WET\270.png,FINAL_normal_provenance_production_v3\Preprocessed_594\S000560.png,131058798bbc356d6c98480607cb301072a22b49c44196e7afd211505e37af5f,ROI_597\AMD_WET\270.png,FINAL_normal_provenance_production_v3\ROI_594\S000560.png,a57a4f40096b0e1dde403497b80d2a90caf54f51a90cd72cae5506a09392c4c5
S000561,Preprocess_597\AMD_WET\271.png,FINAL_normal_provenance_production_v3\Preprocessed_594\S000561.png,358994f81255f5d69a2a00d789d579ae7777fba1d93265a28f59e22afcbb433c,ROI_597\AMD_WET\271.png,FINAL_normal_provenance_production_v3\ROI_594\S000561.png,f9396a09a65a8e3a82968561da5095eb913dc90edca1134546f19d133ba133ce
S000562,Preprocess_597\AMD_WET\272.png,FINAL_normal_provenance_production_v3\Preprocessed_594\S000562.png,73896b3a0a8fe78321e884c73dd145cc391c5c8e67a95a74cb238c3960635011,ROI_597\AMD_WET\272.png,FINAL_normal_provenance_production_v3\ROI_594\S000562.png,63cb46da06b8ea21f475814b17dd6a0e2c7db2a44c092c223d557bf3da607d8e
S000563,Preprocess_597\AMD_WET\273.png,FINAL_normal_provenance_production_v3\Preprocessed_594\S000563.png,2c000d464ebdcde85aebeb89413bd928d5cb8f8a76abd10b15e212a7ce3e35b0,ROI_597\AMD_WET\273.png,FINAL_normal_provenance_production_v3\ROI_594\S000563.png,23e43cd609458bbb5d6f7629eb8c731ba5b67d6f4967c75f63ae0a06c8c68fba
S000564,Preprocess_597\AMD_WET\274.png,FINAL_normal_provenance_production_v3\Preprocessed_594\S000564.png,80ac611efc9a8e2ff2ce5659d8e9c3fe09966e00e9d4cee85ac019f48320ff44,ROI_597\AMD_WET\274.png,FINAL_normal_provenance_production_v3\ROI_594\S000564.png,656474aed5373ddc95973eda36d1d72e2c607430bd2cd7acb84682db16c1e1ce
S000565,Preprocess_597\AMD_WET\275.png,FINAL_normal_provenance_production_v3\Preprocessed_594\S000565.png,ffef9d673b2964c7856d99bbd221677a83f32c86b08f1615dc0f16e5fd820015,ROI_597\AMD_WET\275.png,FINAL_normal_provenance_production_v3\ROI_594\S000565.png,dcdcbe0b0fcf97c11f4c82c24ada32c343813d7daf192f89b15817d08758f6d8
S000566,Preprocess_597\AMD_WET\276.png,FINAL_normal_provenance_production_v3\Preprocessed_594\S000566.png,525a0cf2afd58b2080ec9286ba67812850710e64fd68bbd2d524963827ba0a4a,ROI_597\AMD_WET\276.png,FINAL_normal_provenance_production_v3\ROI_594\S000566.png,a758e76b3ea448484de4c9b7013bdfd69a41686d8cf87826a277a86c6e9c8095
S000567,Preprocess_597\AMD_WET\277.png,FINAL_normal_provenance_production_v3\Preprocessed_594\S000567.png,74b910132314f58b2dd7fbd4b36999e3f53a168b196a35bf7d1bddc318eaac2c,ROI_597\AMD_WET\277.png,FINAL_normal_provenance_production_v3\ROI_594\S000567.png,68de9558ecfdbddeb0b425e3179fe4b443ef46130edc4f4f6887ca1f91b0f8cd
S000568,Preprocess_597\AMD_WET\278.png,FINAL_normal_provenance_production_v3\Preprocessed_594\S000568.png,39d95f27982ed687b76ea524fa4abe7ceebf1bc054040c2a0e26ee177394cc45,ROI_597\AMD_WET\278.png,FINAL_normal_provenance_production_v3\ROI_594\S000568.png,11bf74960b6866f958cfd45ebc9b3af70d5b124cb6e933bcc5f616fe31efdf91
S000569,Preprocess_597\AMD_WET\279.png,FINAL_normal_provenance_production_v3\Preprocessed_594\S000569.png,cc5272d8f179a8059069aa1259cd4fce0ff24327e4cc474c7f7a986802a25f87,ROI_597\AMD_WET\279.png,FINAL_normal_provenance_production_v3\ROI_594\S000569.png,51d10b22d4a11d9a230834f079a6ed6671651da8b0f59c988de388093c92fa04
S000570,Preprocess_597\AMD_WET\280.png,FINAL_normal_provenance_production_v3\Preprocessed_594\S000570.png,d21b4207370ff30ea0545d11451e54e0fa14430404d23121e8b5ddf2768da9de,ROI_597\AMD_WET\280.png,FINAL_normal_provenance_production_v3\ROI_594\S000570.png,3718dbb4e0a9dd530f11bdfa1d87d52616f235e79d6e2cb329ce92578af61fd8
S000571,Preprocess_597\AMD_WET\281.png,FINAL_normal_provenance_production_v3\Preprocessed_594\S000571.png,9a90819a2e2f20d79bae0ff63ad633d93f35cf707ac0e3de7a48d2228b029665,ROI_597\AMD_WET\281.png,FINAL_normal_provenance_production_v3\ROI_594\S000571.png,ae62a5182c7d6ab13dec847aae845d5ef3bb590aa0e4fd7673c500019c282a77
S000572,Preprocess_597\AMD_WET\283.png,FINAL_normal_provenance_production_v3\Preprocessed_594\S000572.png,af33a3d71d2f8ac3e9703be002167d1799e2cdeaa76afb8acf418da0c55adc7c,ROI_597\AMD_WET\283.png,FINAL_normal_provenance_production_v3\ROI_594\S000572.png,8ba91753cd4d8cc90ab00b49e15c3ed4e0860d3bd3ca5ab82dfd17d74d63b2f3
S000573,Preprocess_597\AMD_WET\287.png,FINAL_normal_provenance_production_v3\Preprocessed_594\S000573.png,27c7cf18ae10cce1edd9398e792401f9adb4fcc7fe390858ea52d22d7884efe7,ROI_597\AMD_WET\287.png,FINAL_normal_provenance_production_v3\ROI_594\S000573.png,da85dc709cf660052a13401ad0517e92a3a8a81cc1d2d1dcb61a04bafcff5c79
S000574,Preprocess_597\AMD_WET\288.png,FINAL_normal_provenance_production_v3\Preprocessed_594\S000574.png,de8ca38fb866c01006ab5cb5a0807a96534684cc11015a45da05557379f3fca6,ROI_597\AMD_WET\288.png,FINAL_normal_provenance_production_v3\ROI_594\S000574.png,fdc4001786d748819ac1baf3035a59ca1868ece56361a7ce58ba922a97105ac3
S000575,Preprocess_597\AMD_WET\289.png,FINAL_normal_provenance_production_v3\Preprocessed_594\S000575.png,77e4ecb814cc6b2042202700b346553b3708cb3fc428a10cfbfbef2f98d77fb9,ROI_597\AMD_WET\289.png,FINAL_normal_provenance_production_v3\ROI_594\S000575.png,efee09fdec542049d314ce5c7e5114e6d8c547a39d3bac52281d5b7aa057334e
S000576,Preprocess_597\AMD_WET\290.png,FINAL_normal_provenance_production_v3\Preprocessed_594\S000576.png,5fce2b57df1761006d5ffd0229c6718847e4396baeb7be46ed9c5ff9aafdc8fd,ROI_597\AMD_WET\290.png,FINAL_normal_provenance_production_v3\ROI_594\S000576.png,45215c362900af7eaa8ff631d520813d4b61d354dfbd64b325c699395044a1af
S000577,Preprocess_597\AMD_WET\292.png,FINAL_normal_provenance_production_v3\Preprocessed_594\S000577.png,5edf2bd0c7e5b26d52d06740b5377c63ef908ca15f7fe88575855b47a6ad1960,ROI_597\AMD_WET\292.png,FINAL_normal_provenance_production_v3\ROI_594\S000577.png,1587fedf05addee41870ac04ccd714edae784385992419f53b648e97e39a92ca
S000578,Preprocess_597\AMD_WET\293.png,FINAL_normal_provenance_production_v3\Preprocessed_594\S000578.png,d047643a8e023328616a524f861fc0b9d12172afada9cd1914fd85e81f2126b0,ROI_597\AMD_WET\293.png,FINAL_normal_provenance_production_v3\ROI_594\S000578.png,45d1e41fbbb70ce5347ea379115a4c98a7b7e903074be7c36939031ccfe2e9e4
S000579,Preprocess_597\AMD_WET\294.png,FINAL_normal_provenance_production_v3\Preprocessed_594\S000579.png,627450aa0c004a84bebd26df71928531b1cf160311efbf8c6c211580f9c8230f,ROI_597\AMD_WET\294.png,FINAL_normal_provenance_production_v3\ROI_594\S000579.png,23806e7c3f8149dd64c9009de29fc99cf247c22a5d7c250be282df828e59f63c
S000580,Preprocess_597\AMD_WET\295.png,FINAL_normal_provenance_production_v3\Preprocessed_594\S000580.png,1444c5501dfa4ad96a1446256d225a415701ec0b371a6fc95e04c803d56b1687,ROI_597\AMD_WET\295.png,FINAL_normal_provenance_production_v3\ROI_594\S000580.png,cf536bce3822709b386e1c05cc4086e8d0cc36ec6722c1fc9537652c422ef371
S000581,Preprocess_597\AMD_WET\296.png,FINAL_normal_provenance_production_v3\Preprocessed_594\S000581.png,d8630ef307743d2f4019891a055e429f74ed461149bed36ecda254f4fd2098cc,ROI_597\AMD_WET\296.png,FINAL_normal_provenance_production_v3\ROI_594\S000581.png,27caae250d98680a469da5c085c9c009bcc63bf0a14717de5ae384f08a008bca
S000582,Preprocess_597\AMD_WET\297.png,FINAL_normal_provenance_production_v3\Preprocessed_594\S000582.png,4fd101f772e075f75070026475e20eb4b6a2b49e36849922a9467089d3b03022,ROI_597\AMD_WET\297.png,FINAL_normal_provenance_production_v3\ROI_594\S000582.png,b79973787dbb209e8abba933d6e411ed884a3956b1d29b9267440100130c4c67
S000583,Preprocess_597\AMD_WET\298.png,FINAL_normal_provenance_production_v3\Preprocessed_594\S000583.png,c7418ff465a003fe754391c69bc4e48dff0c156a2c40ecb2cc1fca0052251510,ROI_597\AMD_WET\298.png,FINAL_normal_provenance_production_v3\ROI_594\S000583.png,de05aed264e66f77a61b8798716e9f5951e110ab3e5812c7bff60f799e7c0fc5
S000584,Preprocess_597\AMD_WET\299.png,FINAL_normal_provenance_production_v3\Preprocessed_594\S000584.png,563b08674923331b65dd31212253713184a3416875d1b788953c57e500257bb6,ROI_597\AMD_WET\299.png,FINAL_normal_provenance_production_v3\ROI_594\S000584.png,7ea20ce3ee8bf4fdc72c3e8744043ae32589c1ce8052e8d600c2ded36389f519
S000585,Preprocess_597\AMD_WET\300.png,FINAL_normal_provenance_production_v3\Preprocessed_594\S000585.png,49679c70c9ab9494f6a5687c31f449fb36f15875d5f64b33d7073beae5de43b3,ROI_597\AMD_WET\300.png,FINAL_normal_provenance_production_v3\ROI_594\S000585.png,c451d88abc896f3eb5bdbc103e6a981c1c3cb15565a11d7fe65818166f1eb730
S000586,Preprocess_597\AMD_WET\304.png,FINAL_normal_provenance_production_v3\Preprocessed_594\S000586.png,3f2496769e906bf9149d4c7635fc215a81404bab2eba6a31c9eec220736362d4,ROI_597\AMD_WET\304.png,FINAL_normal_provenance_production_v3\ROI_594\S000586.png,dd93f0afe6678dce3c59c2cea153238e69433c93a4d8465609f5e0e6a30355ee
S000587,Preprocess_597\AMD_WET\305.png,FINAL_normal_provenance_production_v3\Preprocessed_594\S000587.png,02bc0acfbab8fa1c0338a5e8396f1969c24d6ebfe1595e65ed4c52ddfc5a1634,ROI_597\AMD_WET\305.png,FINAL_normal_provenance_production_v3\ROI_594\S000587.png,4f60ce0653a72a567ea6d48879ca17e690887d1a92b77c1670376d7034bdbdf5
S000588,Preprocess_597\AMD_WET\306.png,FINAL_normal_provenance_production_v3\Preprocessed_594\S000588.png,c26b820bf9089ee44b3d64a1552d0d980b08c1a990170d1ed301c89f0a552d5f,ROI_597\AMD_WET\306.png,FINAL_normal_provenance_production_v3\ROI_594\S000588.png,e87a1d92d190d6cae7d4ab097979db7219cd05404e50e201c9d593a3a1056e1e
S000589,Preprocess_597\AMD_WET\308.png,FINAL_normal_provenance_production_v3\Preprocessed_594\S000589.png,4eb2763cf17b1380001e3ccff9e0466deab0c50bbb65da1d1e0d306ea04e0d31,ROI_597\AMD_WET\308.png,FINAL_normal_provenance_production_v3\ROI_594\S000589.png,d817981eccc96aa85b238c09a4a4e37c44da14bbff3c02ffa766b752b989b5a2
S000590,Preprocess_597\AMD_WET\309.png,FINAL_normal_provenance_production_v3\Preprocessed_594\S000590.png,efa913928f10f6cfe87d622bbfe7fe609fd985061c4d52db7e57a2529d978f8b,ROI_597\AMD_WET\309.png,FINAL_normal_provenance_production_v3\ROI_594\S000590.png,8145bc0ebe1bef77cedd905c34c4ef81e8d226b182a349bdc7f380ffa169ce8c
S000591,Preprocess_597\AMD_WET\313.png,FINAL_normal_provenance_production_v3\Preprocessed_594\S000591.png,25f173e2804ba97e1e4c441e4bec942a50c1151d5acd59810e4a0f5ab5f66215,ROI_597\AMD_WET\313.png,FINAL_normal_provenance_production_v3\ROI_594\S000591.png,8392b502a5b2eb58cef349dd49aa8f03b391acb054dad38eaee0213c97d86eb5
S000592,Preprocess_597\AMD_WET\314.png,FINAL_normal_provenance_production_v3\Preprocessed_594\S000592.png,21daad95a57f88653f6282c10076e5a2d819050d9aeb1dbc65f695d41780d1c4,ROI_597\AMD_WET\314.png,FINAL_normal_provenance_production_v3\ROI_594\S000592.png,c057de11bd578bd3616e72213346fe2a37eb1b9fd02824ff7f0a0b69dd0d4d7f
S000593,Preprocess_597\AMD_WET\316.png,FINAL_normal_provenance_production_v3\Preprocessed_594\S000593.png,8fd726fede4e2491126b012c857009cc0dc39c4b72cd897caf7be1392fe53e38,ROI_597\AMD_WET\316.png,FINAL_normal_provenance_production_v3\ROI_594\S000593.png,2f55705abc773816ce52f64fbfee9f9b6966ea0137b46f33ef16b8eccdb394ee
S000594,Preprocess_597\AMD_WET\322.png,FINAL_normal_provenance_production_v3\Preprocessed_594\S000594.png,e2f771db6446d09aab9c22d2e9f68ea5d41be3359cde52919ffd60b4def6a00d,ROI_597\AMD_WET\322.png,FINAL_normal_provenance_production_v3\ROI_594\S000594.png,2e241b52f07e613b95c8f077709d3226c9885dd4ccaef9c0cb0395ada21f8558
S000595,Preprocess_597\AMD_WET\323.png,FINAL_normal_provenance_production_v3\Preprocessed_594\S000595.png,8e96e103c45631699b1c4f505eded0ae99ecaf8e7a12069f7088246ab03477ac,ROI_597\AMD_WET\323.png,FINAL_normal_provenance_production_v3\ROI_594\S000595.png,f9303b5bfb0506e2e26734ebb6039f982d1322c3246c84785488a2185349b25f
S000596,Preprocess_597\AMD_WET\324.png,FINAL_normal_provenance_production_v3\Preprocessed_594\S000596.png,33a1df00130dda24914269fd9f13dbeacf27a2d927f3b5cd1b88a6e5d85fbd00,ROI_597\AMD_WET\324.png,FINAL_normal_provenance_production_v3\ROI_594\S000596.png,51e610d42370cb65489457542c6f718f458d623cfcd965da981b469a3e4ab9b7
S000597,Preprocess_597\AMD_WET\327.png,FINAL_normal_provenance_production_v3\Preprocessed_594\S000597.png,f1b5b18faaf2d085cf173bf42c7e0f80399e7df4bb1357c12e8777a1b7fd8ce2,ROI_597\AMD_WET\327.png,FINAL_normal_provenance_production_v3\ROI_594\S000597.png,4a0274ba38392db18898183e138def2906ee31740ec4f2f84e66114fe5e50b7d
