sample_id,source_dataset,class_label,original_filename,outer_fold,mapping_status,raw_release_path,raw_sha256,raw_size_bytes,preprocessed_release_path,preprocessed_sha256,preprocessed_size_bytes,roi_release_path,roi_sha256,roi_size_bytes
S000001,ADAM,AMD_DRY,101.jpg,4,CONFIRMED,RAW_594\AMD_DRY\S000001.jpg,8b0951ef46e997778e113ac531948294a73bd7a37e9c7c67f2bbe3e84025e701,1790745,PREPROCESSED_594\AMD_DRY\S000001.jpg,82a17e39b21469eb61a190754eb883af7fd58583eeea6a96edaa4e9a159d9452,82853,ROI_594\AMD_DRY\S000001.jpg,3a4858ec6278ab7f0686e50e77c933bbd1d45fa2f56a26a7a867fe31080bedbf,17867
S000002,ADAM,AMD_DRY,104.jpg,1,CONFIRMED,RAW_594\AMD_DRY\S000002.jpg,eb0e973fb593aa3d20168da1a583e209ed1b5a194b594c70d20f4f5e4c8e5472,1796728,PREPROCESSED_594\AMD_DRY\S000002.jpg,3d63ea864f81d13c998baa654289dfc1ea31ae1cdb6dcda0b21dae9adf01a780,89974,ROI_594\AMD_DRY\S000002.jpg,c97cce9d04819ccd16a94f00b1150574333879a04eae8813e3d38a328bf5511f,19737
S000003,ADAM,AMD_DRY,111.jpg,1,CONFIRMED,RAW_594\AMD_DRY\S000003.jpg,a81bd8821ed863d66bd273eb7ebbe78cd47e2ed2f9a8b96c5ebd12b0357611d4,1738833,PREPROCESSED_594\AMD_DRY\S000003.jpg,73975d03bf2722deec6a784201647581e95318dbe34479c011431a1b83336aae,84085,ROI_594\AMD_DRY\S000003.jpg,54c4c01c286e761b9c1ccf967d2aa576707980b564ddd67c38ffdb899d0917e7,20045
S000004,ADAM,AMD_DRY,112.jpg,5,CONFIRMED,RAW_594\AMD_DRY\S000004.jpg,7fe1d5576c6d2ea38a0ead3193515db4609e0c9dc95dd4d106d2e70014e6e04c,1835139,PREPROCESSED_594\AMD_DRY\S000004.jpg,e97d8bbf15ad749fccc3ecb386bd5e83414added73e245f6651b7d10da41babd,96334,ROI_594\AMD_DRY\S000004.jpg,07322cc26a7587dd3787cd7fe393bc67d4694aa7834cc12f581c1753ecd25027,22508
S000005,ADAM,AMD_DRY,113.jpg,2,CONFIRMED,RAW_594\AMD_DRY\S000005.jpg,8083ce9854189c2a06b128c1d50aec8f53ffe9a12473e398a508e50e69b0bd2d,1737067,PREPROCESSED_594\AMD_DRY\S000005.jpg,588130e29200b82335a154e2d7b4be698912a0f1bfafe6d260abc651abd5d004,85001,ROI_594\AMD_DRY\S000005.jpg,90618010e096c54cb168ca709a912c198fcebe19d5c2287213cafc082d6b368f,21368
S000006,ADAM,AMD_DRY,114.jpg,2,CONFIRMED,RAW_594\AMD_DRY\S000006.jpg,c6444684b74935575c53aed4a34c80455e61bfc6d375cea850fda03e69563bf7,1742141,PREPROCESSED_594\AMD_DRY\S000006.jpg,6b664c283d10af27398e42afdadd85ef2d4cf55af53ae848b76ed24ac45595bb,86159,ROI_594\AMD_DRY\S000006.jpg,7a590602bd1ada0fec4bb6bde45681f7dfd2cfbbdf463f6926bf84e6b36e6356,22691
S000007,ADAM,AMD_DRY,115.jpg,5,CONFIRMED,RAW_594\AMD_DRY\S000007.jpg,da439c2277306b2e857e2c49e120ffd9aa494efc122871388e8dd08663aadb24,1802143,PREPROCESSED_594\AMD_DRY\S000007.jpg,33727be225cd51ea4ff1d9619a96bd99ceacf95bae8432f70e66c4f97f291892,93522,ROI_594\AMD_DRY\S000007.jpg,4c8bbb31f0dcf19601450d2dd03600c0536a4cf22903d115ae716fde73f9af70,25015
S000008,ADAM,AMD_DRY,116.jpg,5,CONFIRMED,RAW_594\AMD_DRY\S000008.jpg,713d0b1f82494fc7c4ed12bc7965c04d27fce3701be5bf08e84da85d9ee015d6,1652211,PREPROCESSED_594\AMD_DRY\S000008.jpg,b2daf54fd37f0da83c7aab3195a6b1cb835eb511f55c0cbd36a0c08c7c4ad914,74712,ROI_594\AMD_DRY\S000008.jpg,3117746c2868a1ab31a26333b0c191bdda1a7b1daa80f94a3190cafce0302746,19183
S000009,ADAM,AMD_DRY,117.jpg,2,CONFIRMED,RAW_594\AMD_DRY\S000009.jpg,6e39fa64296d410054eafb112b071e373f1a971e0319e7972006b133cf523e7a,1714654,PREPROCESSED_594\AMD_DRY\S000009.jpg,4ab34b943809a121a6f0e44a45b49963eebd73af2cc11e5d3033b6bde7b5d97b,79878,ROI_594\AMD_DRY\S000009.jpg,3ad102729e31b21d9038d48cf71cc92c27d6b15e682c5322d682acf86bd75bb9,20184
S000010,ADAM,AMD_DRY,120.jpg,1,CONFIRMED,RAW_594\AMD_DRY\S000010.jpg,a52c274c11b746b65483c61ef4d96476fed7bc71f8d17433bd755eb2760baffb,1728879,PREPROCESSED_594\AMD_DRY\S000010.jpg,b825110a84b7d1e44957906bf2d4aa84892b6cc7867bcc7b910d6a484677856c,86781,ROI_594\AMD_DRY\S000010.jpg,b5650071faf0a5d9559eaf44c69de9803600aaeec86aa7b3af05db1219eeef1d,22560
S000011,ADAM,AMD_DRY,121.jpg,2,CONFIRMED,RAW_594\AMD_DRY\S000011.jpg,3f1dd61bf5656ba5279227472b859201f60d24e0c6c8d8eb47e673e250930f42,1640507,PREPROCESSED_594\AMD_DRY\S000011.jpg,f8528dbd829e1fcffc1b8bae55e096dbd9a326e8940b28caff98528b15ce30f1,61883,ROI_594\AMD_DRY\S000011.jpg,e2ce059d3ebf5559258a3f491d58c365645c8fcf5140338c5adcf0d0a2821d06,15713
S000012,ADAM,AMD_DRY,122.jpg,3,CONFIRMED,RAW_594\AMD_DRY\S000012.jpg,ac6c587bd9041d4714fb7d963168b8e0a39b46d1e89f69da545953b2a3da39e4,1724727,PREPROCESSED_594\AMD_DRY\S000012.jpg,462568603829165e243b8ce479c9d87d5f4ff7e830e5a741953c463d55b362c8,70035,ROI_594\AMD_DRY\S000012.jpg,98f24f7189e7b58419d29553078a31b7fe3e9166e3a827488a0698e4a8512b96,17563
S000013,ADAM,AMD_DRY,123.jpg,1,CONFIRMED,RAW_594\AMD_DRY\S000013.jpg,24bb5de2473c80beab5b5d4861101c9a2a043e8ace8f3146f7f608043203b884,838001,PREPROCESSED_594\AMD_DRY\S000013.jpg,47d97aa4987cc8694da7db0a35995a754078f3a98721e30744fe280e1e1c4780,80064,ROI_594\AMD_DRY\S000013.jpg,931e033cea403dd5da5b78ea754da44d9aa37ccb0568d215bff86d696dc857b4,19111
S000014,ADAM,AMD_DRY,125.jpg,3,CONFIRMED,RAW_594\AMD_DRY\S000014.jpg,03ea07b5653ff0a4b2d45d230f7de69495d106d2dd00c26006d3eb79a4dfd87b,1812910,PREPROCESSED_594\AMD_DRY\S000014.jpg,02d0d98f27309fb0cf5a8cfa913428a301b2497eb957912f8467732bd0c43552,89961,ROI_594\AMD_DRY\S000014.jpg,b2b8799fac73678cdec9c94e7441fe471ccd976244205fa3d5fdd96bebf27a8e,22446
S000015,ADAM,AMD_DRY,127.jpg,4,CONFIRMED,RAW_594\AMD_DRY\S000015.jpg,cb693eaedbc94801ccabaf96acc7188d85059b85b5032ea43a05cf663122c6e9,1708772,PREPROCESSED_594\AMD_DRY\S000015.jpg,47e9890d7bf88dfd511ba3716b6ab0fe7ce39ebf4ba111a23fe25a0e2eaed481,76618,ROI_594\AMD_DRY\S000015.jpg,15084df4314ac776a002c3e2947c15dfc1feaee7fb58c1aaa44b5ba1ec705829,20216
S000016,ADAM,AMD_DRY,131.jpg,3,CONFIRMED,RAW_594\AMD_DRY\S000016.jpg,d9cef45a687d85204f3931a97c5a7b28b41389274e2012a1e8a1bf4d5961e5d4,1680834,PREPROCESSED_594\AMD_DRY\S000016.jpg,ccff8ccd2f7d854b139d9550dd66aaa0bf8a4787f5a3eb54fcdb73a537d2ae47,70320,ROI_594\AMD_DRY\S000016.jpg,a17ca9808f054b3792df3dd41b3babb8556c7893e498e4374d55a76a33b01a99,16710
S000017,ADAM,AMD_DRY,132.jpg,5,CONFIRMED,RAW_594\AMD_DRY\S000017.jpg,bbcaeab40c293c0be89336d048933470cc09b682fca3a0d4f3c1af16d6369a58,1603550,PREPROCESSED_594\AMD_DRY\S000017.jpg,37b75192c67499685a9d05cc77218f6852281613cde9ac590406c5b5be55f18e,65946,ROI_594\AMD_DRY\S000017.jpg,2a5de18ad0700bd3d335c7bb856d68a30e9e2980013fe84e82502b55af2d0933,15201
S000018,ADAM,AMD_DRY,133.jpg,4,CONFIRMED,RAW_594\AMD_DRY\S000018.jpg,ab7f44f49a78beb6c1f4803ce5eb33a0ab136288035df32dda51b36406aa6a36,1678041,PREPROCESSED_594\AMD_DRY\S000018.jpg,29874efb8fee55f5c3ae5890fcad9552e003d5260bcfad85bbe2d370e1ddab8f,68643,ROI_594\AMD_DRY\S000018.jpg,fdc1b540a75f5a05ba97a9a4f74a32251580d9dc03e2ed3717ecab4d478b1fb3,18265
S000019,ADAM,AMD_DRY,134.jpg,1,CONFIRMED,RAW_594\AMD_DRY\S000019.jpg,0d57ebbc32098bf85be72575a7ba7edbfa3c1efb7c51b584b26bec1693283d06,1745238,PREPROCESSED_594\AMD_DRY\S000019.jpg,dae08c5818ccfe81b14ba8e37ccf5ef7a60a3f565a02b5ddfb045de4f234912e,84419,ROI_594\AMD_DRY\S000019.jpg,a6657eb968c297b0e644fcccfc932be9f26c57b1aed8b80332e8045c4bc9fb47,20928
S000020,ADAM,AMD_DRY,136.jpg,3,CONFIRMED,RAW_594\AMD_DRY\S000020.jpg,1d3d3e9c51ca56c08bf0f8a96a505f9545359b0354124c357f44749d47dd3caf,1724861,PREPROCESSED_594\AMD_DRY\S000020.jpg,5496c7d8b30f1f4754f71d19f15ff82c9c6d782e85423937ae14c95e0a2aee74,81121,ROI_594\AMD_DRY\S000020.jpg,bf99616a007291f54eff357992179d4a54fd1bad9f88dadda89839ccd688b335,19236
S000021,ADAM,AMD_DRY,137.jpg,4,CONFIRMED,RAW_594\AMD_DRY\S000021.jpg,4b6a8eb181fe294b2e6cbcf8710bc4f8a06c112b12418643b8b93f44a0cffc08,1768639,PREPROCESSED_594\AMD_DRY\S000021.jpg,2bed1fcee303a192cb211073e006d599384c47ba4b7932027b627064eee1f9a4,88498,ROI_594\AMD_DRY\S000021.jpg,26fd9eca248fd0222dce93b2795291d9166393e5e533a16185b8e20acaf2d046,21346
S000022,ADAM,AMD_DRY,72.jpg,5,CONFIRMED,RAW_594\AMD_DRY\S000022.jpg,bdfa57f3d1a29b5e61ee67b78564856fb6217b732b2fab887d584f2f9c95f866,917125,PREPROCESSED_594\AMD_DRY\S000022.jpg,b8f75a4e86a74e72beeb118b7982ef166dae462638b4e454e5da4398ea26ec0c,94804,ROI_594\AMD_DRY\S000022.jpg,caaa75897e894d7aca0e74cf5ee36a00ba243da4d331665f560b744ca171aec9,19789
S000023,ADAM,AMD_DRY,74.jpg,4,CONFIRMED,RAW_594\AMD_DRY\S000023.jpg,cd3518bbfb88a288c6ad58b191845ae4c51878b6dd9ed3388ad502d6d360cf0b,1717913,PREPROCESSED_594\AMD_DRY\S000023.jpg,ca53c4df8a73d934afb104983517b4dd34c9837eb83442dcaed410031626688b,77924,ROI_594\AMD_DRY\S000023.jpg,a95386159e29a3e5b13c27073e0aa324c5d67e097b79a307e28888d795841447,19942
S000024,ADAM,AMD_DRY,75.jpg,4,CONFIRMED,RAW_594\AMD_DRY\S000024.jpg,71f00652726e2980880e9ccc9ce4c7395de0c38ade4b62171dbe42a8b214ea57,1740487,PREPROCESSED_594\AMD_DRY\S000024.jpg,dd0ccee66d120c4621e5579772f1ff0c2b7148e690acbfe5a8f234cae7875de3,75735,ROI_594\AMD_DRY\S000024.jpg,d0a4ab9e0935e0f30752c933ab0c0f80d53aed8c4a9327b6e26722784e33b2d8,17305
S000025,ADAM,AMD_DRY,76.jpg,2,CONFIRMED,RAW_594\AMD_DRY\S000025.jpg,c744c03dac8f1a70136d302605f9fc501f3c0c35c8b3ad98c07111eee87a3bdd,1749567,PREPROCESSED_594\AMD_DRY\S000025.jpg,9fdaad162fcf6b71045a6f37596a97441cf96ec296d6ed682e63a48ba66fb674,72915,ROI_594\AMD_DRY\S000025.jpg,dede4c4f9dd4604bfa309e99559cc784791923488e06e3c445795e38e2077570,16963
S000026,ADAM,AMD_DRY,78.jpg,1,CONFIRMED,RAW_594\AMD_DRY\S000026.jpg,6dcd18461bd04be374be742b68624b69e7ba307efb843d0fef260d2096d65bfa,1814987,PREPROCESSED_594\AMD_DRY\S000026.jpg,7e566276e9d659e2386be5199bfdb6afcc1b9bea3beced67a905dd5c47a025fe,92192,ROI_594\AMD_DRY\S000026.jpg,199fa5e43cd9c8311a8db6cff12e3c5a0822732241b298be3bd117d080b5bff5,26635
S000027,ADAM,AMD_DRY,81.jpg,2,CONFIRMED,RAW_594\AMD_DRY\S000027.jpg,659411113a07decfb7a83bae4789b68365008579de368f723c346e5302a11ffa,1882594,PREPROCESSED_594\AMD_DRY\S000027.jpg,ca874c2d95b80465d8c1e6718b0e010f709406f7753a6152ba976997f3c9489d,84516,ROI_594\AMD_DRY\S000027.jpg,f2347003dbc2b54a0d6dcfd88e05e923c04d76e36f392fb9d1c0d14793838f47,19521
S000028,ADAM,AMD_DRY,83.jpg,3,CONFIRMED,RAW_594\AMD_DRY\S000028.jpg,ecc21c4fb1aa6bb94ea4c5826e40772fb94afeafa3cc4dd50ff41c594fd1f3cf,1751763,PREPROCESSED_594\AMD_DRY\S000028.jpg,9d49434ec95cea00790d18c3d0191feedad10d569022d39f5430b9f9155f1de6,77720,ROI_594\AMD_DRY\S000028.jpg,ddd656fe465d9fb0172a3c85980ccfc98ba1eab5275dbe64b10fb668a9d2c04b,18745
S000029,ADAM,AMD_DRY,87.jpg,5,CONFIRMED,RAW_594\AMD_DRY\S000029.jpg,0d77421cda47e7080c1dc0705a2eecb56148bc16aacc6c3f29d3463cf5095efc,1915646,PREPROCESSED_594\AMD_DRY\S000029.jpg,b35dea53fe787a3b4b4a3a0e0c6a3750ac4e536cfac7cf5ccc30e47d3934d425,86393,ROI_594\AMD_DRY\S000029.jpg,c354b35597a200bee2e8320439ecdf93de3b663ca1a126fb227ff32834fd406a,21317
S000030,ADAM,AMD_DRY,89.jpg,4,CONFIRMED,RAW_594\AMD_DRY\S000030.jpg,410054412af037746a8ac4b81d85532820db04aa085f8333fa9e23b4b6db614c,1666481,PREPROCESSED_594\AMD_DRY\S000030.jpg,b9eadeac6f29dab810924add227c88278134c343f98ae4294c96ecfde9615538,71689,ROI_594\AMD_DRY\S000030.jpg,e5d721195d28b2dfd05902124784f3daa8cffa1b6fc23128e0a6b0c159c37947,17068
S000031,ADAM,AMD_DRY,90.jpg,3,CONFIRMED,RAW_594\AMD_DRY\S000031.jpg,6c2e0417a0dca9e52c70ee19b91087d9a8299433e6d47542a11256e5b234e2b9,2134884,PREPROCESSED_594\AMD_DRY\S000031.jpg,66d672cc7cea99f3b400e6d62262be0ac6c601495bfbcdcb218c3fa10a7f0044,102106,ROI_594\AMD_DRY\S000031.jpg,fad6949697a76d283b0dd5dd0878d686f2b06d5f55218137bdf2dec73854c0a5,24029
S000032,ADAM,AMD_DRY,92.jpg,1,CONFIRMED,RAW_594\AMD_DRY\S000032.jpg,047996070f12a17860efc29849896549560b1826821e2f4438b52ec73293e4bf,1719662,PREPROCESSED_594\AMD_DRY\S000032.jpg,57e3bb7d4c8fe80ec2fa391157ae5231968bcd08ac7de239974c1ccb7c475b13,83566,ROI_594\AMD_DRY\S000032.jpg,02c8f3e5d36bfd1eba93fa8be7bbbbab0c398cae44595fc60bfb87bb12418f8b,20708
S000033,ADAM,AMD_DRY,94.jpg,2,CONFIRMED,RAW_594\AMD_DRY\S000033.jpg,ff6f91962ce7e7095b690bebcdd51c7c16d8025b9a8efe92165eb8168532ca49,1754948,PREPROCESSED_594\AMD_DRY\S000033.jpg,07486391a2fdfe4bd02c5e25ea38211ad9e5658796614a6fac3f6d50fbe5a4d0,89544,ROI_594\AMD_DRY\S000033.jpg,5ff3cc56a4bc1dd8b2b72e95d6764c31560423f71bc28480d6a66bffd9054716,24083
S000034,ADAM,AMD_DRY,95.jpg,3,CONFIRMED,RAW_594\AMD_DRY\S000034.jpg,2ef541b52a1b5fdd41c1663ebc6ef6b14330f927f715f065ee33f7cf072ea75a,1675735,PREPROCESSED_594\AMD_DRY\S000034.jpg,66beef3f8a2fb6164e7d8cd497cb82844ed9678aa857c78be5ff5a2f14864983,79574,ROI_594\AMD_DRY\S000034.jpg,92fcee22bb8b8da7641dda546895cada76a355963c3f4736ec690174c9ca67e9,19678
S000035,ADAM,AMD_DRY,98.jpg,5,CONFIRMED,RAW_594\AMD_DRY\S000035.jpg,d9223940d7e6033c748b5f66d445c973a77b82f390cfd21bae9e9375c9180b97,1719424,PREPROCESSED_594\AMD_DRY\S000035.jpg,b07ab1515ba651abc9e4039d9b8760ae9869b750b7d1aaf52277807092b3ab6e,76597,ROI_594\AMD_DRY\S000035.jpg,d0d3cc3f883516fedb4d33c9f966335b59bf8776b2fdcd983d7f8ea9a6a1d8ed,19734
S000036,ADAM,AMD_WET,119.jpg,3,CONFIRMED,RAW_594\AMD_WET\S000036.jpg,789b615fa9e9e82b80bb90d70c40817fca1be20dac2443feb3af7d9fa289d1d4,1675922,PREPROCESSED_594\AMD_WET\S000036.jpg,f708696d5d89a70fb1d51890cc51222724168d95644747e83d1c8db87f18b1ec,80188,ROI_594\AMD_WET\S000036.jpg,e264d8ece0411dffec3178684f5cd254303c063e35c6c234a20dde1894951a1e,19322
S000037,ADAM,AMD_WET,126.jpg,2,CONFIRMED,RAW_594\AMD_WET\S000037.jpg,42f9e8472e4c2552170c125d5247bc4bfb644fa25f4393a106a52114c3186758,1656602,PREPROCESSED_594\AMD_WET\S000037.jpg,c7ddba6794de8059ddb226841a8b71eae9a80653b6c768d5a0c1d002d480b0fb,69644,ROI_594\AMD_WET\S000037.jpg,04cdc244830ee9c02bc803a577aa6dc4b0b0fd9caecdc3c4dbc5502bbd76e8dd,18177
S000038,ADAM,AMD_WET,128.jpg,3,CONFIRMED,RAW_594\AMD_WET\S000038.jpg,3677c4fb43bec525652afa433c3c7f6a7c9a6893941ed1ffb8b7c893c15eb199,1726938,PREPROCESSED_594\AMD_WET\S000038.jpg,547676e468bb478f5cf5293109bd39384ceed4c8bbab0435ef11d818fdcc97bd,83346,ROI_594\AMD_WET\S000038.jpg,9e06b9a9d47d534229d5407bb2d400cd4b6b0bf48fe77b23affe321654ea964f,22816
S000039,ADAM,AMD_WET,130.jpg,2,CONFIRMED,RAW_594\AMD_WET\S000039.jpg,398277376695a556ef5d009182f86fe6b4d6b462dd7c6e2244b86727e3b7a24a,815212,PREPROCESSED_594\AMD_WET\S000039.jpg,ac9b92b059189664e1af9092cdaab081ffc789548a11919a5e94004a880343c9,78568,ROI_594\AMD_WET\S000039.jpg,b58ecbeb64b6aed2544e20a53ad0ba3b0ac7dfffca0a8ba6fb78b11b834075a0,19073
S000040,ADAM,AMD_WET,66.jpg,1,CONFIRMED,RAW_594\AMD_WET\S000040.jpg,b23fd6e4eaefecae6b5b189791fae6ceae2dbf53ed9d46ddfcb14a1bcd6d75ee,1835302,PREPROCESSED_594\AMD_WET\S000040.jpg,d5d6318148952375f3b150958998b8898c607970df0277d6404db92e4325b3e8,78883,ROI_594\AMD_WET\S000040.jpg,4f49ae1893205145f577a9544f068d20ea3defe602fd71906ed623d52767e2b4,19353
S000041,ADAM,AMD_WET,67.jpg,4,CONFIRMED,RAW_594\AMD_WET\S000041.jpg,5d47042d441ec552c46db02908e21293b4058ee036e85300cd4824424946167c,1786611,PREPROCESSED_594\AMD_WET\S000041.jpg,7ba58ee50062e44e3aa6f368801d80601ef5c4c5f9219592d82514cc6208472b,83758,ROI_594\AMD_WET\S000041.jpg,0de8eb00887c3e5e31f75bff27948803ca01034620b6ffec5214842342f000c2,22095
S000042,ADAM,AMD_WET,68.jpg,4,CONFIRMED,RAW_594\AMD_WET\S000042.jpg,5214148de50c433b5c78b25a9bbebe953f02b8a09907e858da8ac7940a81a6c7,1764495,PREPROCESSED_594\AMD_WET\S000042.jpg,b2b902f6129a25a581d97bce334f3b24983d896749ab840f76f10429be2033af,90208,ROI_594\AMD_WET\S000042.jpg,04ee6116c5dcca18f8af8ee853bbac3d97d3f12444d81bcb2eb19fda0b2900ae,24120
S000043,ADAM,AMD_WET,73.jpg,4,CONFIRMED,RAW_594\AMD_WET\S000043.jpg,ac7de74affb9ceca34da2f910d241f78e2feebfeec7a428dd14257420eba08d0,1799829,PREPROCESSED_594\AMD_WET\S000043.jpg,3266e62a6227311145186b31c4bb1526dc26536709f0db8d7a4f26ad1d1e8c81,80130,ROI_594\AMD_WET\S000043.jpg,3a8976f16e15765bc667b6fe63f4398f9a2e30103b041356518463d117a60464,19385
S000044,ADAM,AMD_WET,79.jpg,2,CONFIRMED,RAW_594\AMD_WET\S000044.jpg,50c0764f124ad142858677d7c0e9efcfbb0c0d66ad12bda4e5b5aa4cf1501373,1831750,PREPROCESSED_594\AMD_WET\S000044.jpg,f91b6a9ec04e4c9311a51dcf62324fb9556770d64106d3e236b210c50a739e50,94098,ROI_594\AMD_WET\S000044.jpg,1991ca639062e9a66157c8870da82ac39cd688f9f75151a00de5a30e8b24fbb9,25368
S000045,ADAM,AMD_WET,80.jpg,1,CONFIRMED,RAW_594\AMD_WET\S000045.jpg,915389e676e1b62a365454deaec377e8011989a41b2ff21031c24ecb7dc6409e,1839204,PREPROCESSED_594\AMD_WET\S000045.jpg,f8142878663b6adaadf9a7363340f448ab2e989e7454873dedb3f58d88e703e9,85500,ROI_594\AMD_WET\S000045.jpg,7352dac8522b323642e93f6d43cf234146094dfbe790b3e7fa135134eac3b348,20318
S000046,ADAM,AMD_WET,82.jpg,5,CONFIRMED,RAW_594\AMD_WET\S000046.jpg,57308fb57013f54acfc483421646ac08fa98d6765b485b16d722b0e3058ffa3f,974642,PREPROCESSED_594\AMD_WET\S000046.jpg,431be9718eb8875b82794837f8ade6e947daae34d5f3056f9dac767f0acf7b86,101455,ROI_594\AMD_WET\S000046.jpg,267f226e335eb1076ccc9c7e3b68d9d4fd9ae049f82a19dec6961f90e78b784e,24046
S000047,ADAM,AMD_WET,84.jpg,1,CONFIRMED,RAW_594\AMD_WET\S000047.jpg,29622de7a565327e821ba60e5ae31a6ad8cf93f228083764e79c689539b00597,1680577,PREPROCESSED_594\AMD_WET\S000047.jpg,148de554b6ad72faff99859319838e68219c15d42df6ff6400f2ac2cf7fec8e5,75919,ROI_594\AMD_WET\S000047.jpg,969ecb96f81a97bd8ce998b7c1cf8ec7901272871cdc765f8e6174f47c65b4c8,17512
S000048,ADAM,AMD_WET,85.jpg,5,CONFIRMED,RAW_594\AMD_WET\S000048.jpg,0ecf5dafe37209a3a85b2892b057bec4ec650c9714202b6a7c2a6f848fd4bed0,1801383,PREPROCESSED_594\AMD_WET\S000048.jpg,e1d3e13b62215e159cd6f0636e5a4f9e131480056b11795b95e474416805d57e,79438,ROI_594\AMD_WET\S000048.jpg,38a1f51dafcf0fdfe8c2ebf9c8528613b4bedc4e6c010e5700d0e5fbcde47752,19424
S000049,ADAM,AMD_WET,88.jpg,2,CONFIRMED,RAW_594\AMD_WET\S000049.jpg,b22df491c5cfd00069346324b5664f29ac54db79dc34f6656d7d50fa537dde99,1921817,PREPROCESSED_594\AMD_WET\S000049.jpg,9a019c570957229f25d27dbb5e8931e6a98ccee93992f9dc6181a2ea0bbf6185,94635,ROI_594\AMD_WET\S000049.jpg,8dcbf6f0006bf924cc86f05be4c1c331f9d176f5b330ef59f8ff016b5ae4a556,22314
S000050,ADAM,AMD_WET,91.jpg,3,CONFIRMED,RAW_594\AMD_WET\S000050.jpg,4384f0296e2f1eb69effa1b64ca1f6fea00c3a806e3eff06dc8209269b451ae4,1989149,PREPROCESSED_594\AMD_WET\S000050.jpg,f68c22f4f310ff7051c02d41e464e8987777aef5bed3eb2c521b243be5daef16,97439,ROI_594\AMD_WET\S000050.jpg,6eef6e53d3f1168153bb964d58f2afa7262c25f2ba23b865a83d2d8d651a4acf,26248
S000051,ADAM,AMD_WET,93.jpg,1,CONFIRMED,RAW_594\AMD_WET\S000051.jpg,8a7a5c3e8aac1f9dbfbec5a5bdb715ef310d3e8ec074cea7f9b75378b7b9fff6,1756098,PREPROCESSED_594\AMD_WET\S000051.jpg,51c15af60afe131b684febaae124288ba460fed2ae1f679ca01b41d59f1ccbf4,81816,ROI_594\AMD_WET\S000051.jpg,da3c2fb1099b781f295d6c3d290f6b29d94173536f3027ecf1593467de467e88,20876
S000052,ADAM,AMD_WET,97.jpg,5,CONFIRMED,RAW_594\AMD_WET\S000052.jpg,5e74e90a9987f8b44f2c73086348ffb77622258b360037cbbbbce836c46ca0d9,1687436,PREPROCESSED_594\AMD_WET\S000052.jpg,d47859d8d2788585eec61ead929acbcab77a0d9cadc2fd0c911ca33a4b5b56aa,66678,ROI_594\AMD_WET\S000052.jpg,8c009dc4990a0b3c26310354fd3c89841f63f2cc0b5fed87c20998e589276805,15746
S000053,FIVES,NORMAL,465_N.png,4,MANUALLY_VERIFIED,RAW_594\NORMAL\S000053.png,65d5aa8f4a99faa7e7a4d1b36fc891e49461960cfe7706f0843b6e705fc145c7,2145551,PREPROCESSED_594\NORMAL\S000053.png,a7b603207dc08ca6baa2f4e2eb85b2427efcf4a7e97d246907cd540976d1fe15,373872,ROI_594\NORMAL\S000053.png,637e6e70c0dfebccdc0c92e24482b83b5ba9ba6b1a7d3ac0185da70f066fd539,84037
S000054,FIVES,NORMAL,466_N.png,2,MANUALLY_VERIFIED,RAW_594\NORMAL\S000054.png,c7546f631b3a73c9df543e1b17d1351dc5e6b6eccf0be8e1010a284b12068891,2215905,PREPROCESSED_594\NORMAL\S000054.png,595c4b28c02ab2e84f9ef8b83f905590cc13bc35e3e10c386a5bd61642bf16bf,386516,ROI_594\NORMAL\S000054.png,e56ab8ee15849d0cec4ecc6f0a532b196d73ae1146ca24d5a356c32bbc0ae814,87330
S000055,FIVES,NORMAL,467_N.png,5,MANUALLY_VERIFIED,RAW_594\NORMAL\S000055.png,81a5046b1bf1f311a06b75c0b220c4c3cec59bbe4a99ec2043a7d5416af683cd,1908058,PREPROCESSED_594\NORMAL\S000055.png,f2fa7eaa6bd803c0dba49aea7f0fd873638aadc6723de435252742142206743b,359848,ROI_594\NORMAL\S000055.png,e351a376f05ff8d0a77d011e85de89b8592b7b154bebcae6beb11faba0d9820c,79515
S000056,FIVES,NORMAL,468_N.png,5,AUTO_CONFIRMED,RAW_594\NORMAL\S000056.png,69075733578db2bcf94ac82f46af42c47c5daa0ec53f29a5c9661e8111ad833b,1871319,PREPROCESSED_594\NORMAL\S000056.png,555d654299a04fe65e8ca00b8ebdc63f811d4b9c8c1729549d169e01ec2aeab8,355373,ROI_594\NORMAL\S000056.png,92111d6615e0f2ba22321cb1e283934301348b128639e45a0dbea0677dcec062,79310
S000057,FIVES,NORMAL,469_N.png,4,MANUALLY_VERIFIED,RAW_594\NORMAL\S000057.png,ca9b343c8f2011f2f815730fd9032b20b88e4b7cf78dfaa13ac6f101c2e54550,2163831,PREPROCESSED_594\NORMAL\S000057.png,76f525b8585efd2855434ff38e153515c63e6d7bf19e43ed289ca7108c8a89a4,380227,ROI_594\NORMAL\S000057.png,02a1685abafa9cf35b5123d1dcdb78b5dbc0f029d875d806ce8c94e032aec741,84967
S000058,FIVES,NORMAL,470_N.png,3,AUTO_CONFIRMED,RAW_594\NORMAL\S000058.png,09e04bed6ab229feaf243bec3c535513b9becfe993813de07fdfdae566d074f1,1978269,PREPROCESSED_594\NORMAL\S000058.png,b3b3a3df9a2cac1341c2444194035132bf11e0f2ced3963318f7e24ab690d52a,369401,ROI_594\NORMAL\S000058.png,a4719b8a0fdedacc669cc1c69ee0ca432394f11b76bbf4ffe362f13f21c40761,83132
S000059,FIVES,NORMAL,472_N.png,2,MANUALLY_VERIFIED,RAW_594\NORMAL\S000059.png,6f2d4a7374d2b36a0e8d21893ad73d65a8d570b56445764b718fe20e3ed57779,2321765,PREPROCESSED_594\NORMAL\S000059.png,06b10e9d0b982a0663826113117abe33c2c4092458b9009084ef9441c1cf1c04,394176,ROI_594\NORMAL\S000059.png,92bb34233d65474ef4f2229fc383adb7d3f677b054a883c1d098e6cbdc83f50d,88934
S000060,FIVES,NORMAL,476_N.png,2,AUTO_CONFIRMED,RAW_594\NORMAL\S000060.png,0f3d4484cfbe9bd0ef6d85c3cc9deb5c718a4bd1d79c4510958d402f77211b31,2490195,PREPROCESSED_594\NORMAL\S000060.png,0ac022650737fcf0e8035d73389eb8d2d3bbc2a97c8e67efc48bff1e1a311988,412650,ROI_594\NORMAL\S000060.png,9b6b68636c876e6a0db3bd8d6f30058f7f5e8b612124d53c6477e0c8209c7a1c,91550
S000061,FIVES,NORMAL,481_N.png,3,AUTO_CONFIRMED,RAW_594\NORMAL\S000061.png,14be11e9b019cfebb77d0cc8fbb1c9b13b705fb9d0594a4353e033532756d2eb,2030716,PREPROCESSED_594\NORMAL\S000061.png,011a891eff2ed24283c457a08fefc34bcb144073989b6c3a123e7c4b097539ee,368246,ROI_594\NORMAL\S000061.png,564c63def30a5e449a71c4cc587d0ea333cf5f861b954e6703cb7b60feea691e,82829
S000062,FIVES,NORMAL,482_N.png,1,AUTO_CONFIRMED,RAW_594\NORMAL\S000062.png,247bb19c728df2cca59263470a17d6e0e37f262c6cd5b3736910b3cd636bc665,2241256,PREPROCESSED_594\NORMAL\S000062.png,c2cccbd2b6dca1c92e9d4191e79a7423df5d42d718520af842345d878c618452,386023,ROI_594\NORMAL\S000062.png,9050ceca5a4f98f24db10d10825b779a76f7b18424f9e7d8fa15ecb75ffa093f,84283
S000063,FIVES,NORMAL,483_N.png,2,AUTO_CONFIRMED,RAW_594\NORMAL\S000063.png,2bb0eb34e6b6019ea126dc24e9751cb9116d8d99a83912ba892945af7372b309,2315454,PREPROCESSED_594\NORMAL\S000063.png,509ea018c716221442f209923eda02fd56e0cedf827d212cb8c84e468c6fc6e6,392617,ROI_594\NORMAL\S000063.png,d0393b1a9ade24bade753234e0afeac9c59a6ff14660b2fc6d41e7eaa2fefed9,84617
S000064,FIVES,NORMAL,485_N.png,1,MANUALLY_VERIFIED,RAW_594\NORMAL\S000064.png,b66b08ae0b9d29ebedf8b8cf3afa8a5708ccf53be05867215126740c89d28137,2322711,PREPROCESSED_594\NORMAL\S000064.png,e893506a5880de0693ef87bb27404b5b3514058131117f09882f3475165857a5,395103,ROI_594\NORMAL\S000064.png,4d5ef7c41d6ff5b00138cfc14caae06621fb50d7e94b70e79354d30f2b35b607,89287
S000065,FIVES,NORMAL,486_N.png,4,AUTO_CONFIRMED,RAW_594\NORMAL\S000065.png,8afdb1bb1451d496b8792d1b5b191683e445415253d2bf31bed43de75474c591,2317762,PREPROCESSED_594\NORMAL\S000065.png,f904832532e570560aa7cc6fad91ce11a1fd3ddf339030bf4cb78caf1ab3e371,381405,ROI_594\NORMAL\S000065.png,dc1dd7cce92a3c524bf8f5f9b3aa3542d272cf9f553de1fd2fcfda141d29c4f5,84398
S000066,FIVES,NORMAL,487_N.png,4,AUTO_CONFIRMED,RAW_594\NORMAL\S000066.png,d28ed189b707e72206fb292ee1d8b01b5c48004de33e829db62d3cd528607a8a,2237324,PREPROCESSED_594\NORMAL\S000066.png,fbc4c46f61ff7ff0b79c6134be3c9ee8c54e5e7186552dc1bbb80938a4eea213,376755,ROI_594\NORMAL\S000066.png,45f66a42c66a3365d1601b6f46545a7ca7dc19f33407e3032aa72a355a7658bb,83627
S000067,FIVES,NORMAL,488_N.png,4,AUTO_CONFIRMED,RAW_594\NORMAL\S000067.png,f41812390362e3800e209c47f45e7b8d3e55b4e6dd364c0cd9418062a9769402,2473223,PREPROCESSED_594\NORMAL\S000067.png,7edc0f117c370f867ddaf3fbc3bae90847f1547aa91840a9ff95738c7a1bffd2,401753,ROI_594\NORMAL\S000067.png,1998f80b2eecce7cde43625b9a1e140a0ea264257ec498427fceda6e4b282364,89812
S000068,FIVES,NORMAL,489_N.png,2,AUTO_CONFIRMED,RAW_594\NORMAL\S000068.png,afd39431928a5162f11f65867b59a5b7760ebc384fb2e02c6cf30069cab229af,2298839,PREPROCESSED_594\NORMAL\S000068.png,86606605c8f8a831b5d68a178fee1b2c2baa7efcc15714ba8107c9d05b75a7bd,393658,ROI_594\NORMAL\S000068.png,6c573ed2a618713a28830293a58022e920c79eb8e607df19b9c3f161d5a5bdec,85793
S000069,FIVES,NORMAL,490_N.png,2,AUTO_CONFIRMED,RAW_594\NORMAL\S000069.png,ce0e4b7f5e9e96c66343b48c39fdca1cb551891ca7884c9f1d340427cf47a01d,2335368,PREPROCESSED_594\NORMAL\S000069.png,c421d2d54193f9347c69acc0e2bc79c4dc0122d12b65335a711132f03afdede9,400657,ROI_594\NORMAL\S000069.png,f01c0cf095e6bf2d410379ffaf99c7e37e27757faf0d6c860b783383cb073f47,87541
S000070,FIVES,NORMAL,491_N.png,3,AUTO_CONFIRMED,RAW_594\NORMAL\S000070.png,5576b9f4452a940d6b088dc92a2fb9ba87922991bcc8a72faf81ac349b01cd7a,2273647,PREPROCESSED_594\NORMAL\S000070.png,82e25a05bc08029ebf832f3fa4da30975549d02ebcfc7cdea87eb86658a63702,389983,ROI_594\NORMAL\S000070.png,8c351a1048dd791b9ea4ca09bdf086566ea3bfeef65eafaa613aa803fe2ec3a7,88558
S000071,FIVES,NORMAL,492_N.png,1,AUTO_CONFIRMED,RAW_594\NORMAL\S000071.png,2a3a987589ee046c26b049638074a3e3b5201226dd89f9c1b76536bcb78c0037,2149645,PREPROCESSED_594\NORMAL\S000071.png,9d84f38b0fce2cfc3270e30503964b6fc538e4a828e5253c5f77b4bdf6d12b3e,375474,ROI_594\NORMAL\S000071.png,16131d35cef0570de27230f2eac51ea81fb14a867a78514f024d4d7877dcd411,84374
S000072,FIVES,NORMAL,493_N.png,1,AUTO_CONFIRMED,RAW_594\NORMAL\S000072.png,70593699d68328731254424e6806943cec2919515c397f3692520a2ea3fd609e,1759404,PREPROCESSED_594\NORMAL\S000072.png,a5971a6a853abfa7cd22785760482a752075a61787360824e7d5ceb66d8450e8,347059,ROI_594\NORMAL\S000072.png,41f97defaa8c62e6ecbe031d36c50d9d2ea53343c110364f0d359ba016e890e4,72235
S000073,FIVES,NORMAL,494_N.png,3,AUTO_CONFIRMED,RAW_594\NORMAL\S000073.png,7dda9de181c4b201db7e186f8a4669f373bd6946f5cae6f590b9b84be0e84fa9,2061477,PREPROCESSED_594\NORMAL\S000073.png,2653dd82033f052710da4492ae3786d72f252b8d53a9fcf662835226a673b59a,369473,ROI_594\NORMAL\S000073.png,09547bbede17caef86dc7194d2f7d722f4033810a5bb96bad611acd89d153d13,81971
S000074,FIVES,NORMAL,495_N.png,4,AUTO_CONFIRMED,RAW_594\NORMAL\S000074.png,48d08569eb97046b480cd04d6ea7f5a5108a6c4d0d4e0ef46d927a1d0481b6ed,2280531,PREPROCESSED_594\NORMAL\S000074.png,f27b797e303f4bdb2ae12d72c6aeb4d6f85bc47ff3d16f78ca97acb10dacce5c,388958,ROI_594\NORMAL\S000074.png,da535e0441f1535c5dd48725b64cec2324baf2c629fe061110be77363c8ebaf3,87878
S000075,FIVES,NORMAL,496_N.png,3,MANUALLY_VERIFIED,RAW_594\NORMAL\S000075.png,fbfa5c53a47d14d6b0c56cba8ee2926a6b0ba982c7d03e255feb832aa3c7ad91,2682909,PREPROCESSED_594\NORMAL\S000075.png,07a0dc26f55c25a81b2a727a185dafb7511cf4f849e63c4d2fb3e52d91f16019,410321,ROI_594\NORMAL\S000075.png,8d8bf5ed696eb03bac08cb697e7cb838b37545e29635f9ab125436d421c0e78e,92994
S000076,FIVES,NORMAL,497_N.png,3,AUTO_CONFIRMED,RAW_594\NORMAL\S000076.png,d69de1454153e8acc2a6999b93df686ebc77044cf027adb1666bc788fed72540,2491690,PREPROCESSED_594\NORMAL\S000076.png,6a24d054c40b2e3598a42fb16c8d9210810d650d3a92caa090227a88f2ebf005,383623,ROI_594\NORMAL\S000076.png,7b6ffa210580e65c010642ea5f0c09a1bfff5a669e101b0e20a67fec4b3817f7,86550
S000077,FIVES,NORMAL,498_N.png,4,AUTO_CONFIRMED,RAW_594\NORMAL\S000077.png,1c54da16b8b1055278715f9786e481fc74149780e8c34681681a892d4b86788c,2633585,PREPROCESSED_594\NORMAL\S000077.png,ba2ab4089af90adc3f690f9a0d756e1abcc1883af3647c6bdf53ea418b61e307,403574,ROI_594\NORMAL\S000077.png,998c8a8ef701bb11eded3470984466104a21dc9cd27963a7503a943057b888da,86897
S000078,FIVES,NORMAL,501_N.png,5,MANUALLY_VERIFIED,RAW_594\NORMAL\S000078.png,b53098f8f9213cc3169c7f33dec1a3833cfb0d58125e9fa43d74d577cf52f11c,2474199,PREPROCESSED_594\NORMAL\S000078.png,124fa971ec5fa346ce30e7890ba0054deecc1e6d2c6be910c60c117645637511,390694,ROI_594\NORMAL\S000078.png,9b5f84cc46225ed17a3ef06fde4dacf9f4376502e94adf05e2da4d3705c5ca3c,87991
S000079,FIVES,NORMAL,503_N.png,5,AUTO_CONFIRMED,RAW_594\NORMAL\S000079.png,4db01ca4bed192816684bf5e2f61d2f30a95b5473ceb3f2ae2f5aed8a0924c30,2504809,PREPROCESSED_594\NORMAL\S000079.png,06e1f5000851c5f424c57019040f1ef2ec0e6119f8ca690e52fb87bd2d944aa9,397339,ROI_594\NORMAL\S000079.png,35962b7897b275056d55c316fe74c504646faccafd09f285a48147d9a401bba6,88060
S000080,FIVES,NORMAL,504_N.png,3,AUTO_CONFIRMED,RAW_594\NORMAL\S000080.png,de7e39818bdad09e4327108b344ee1691e60aacd38465a7f563f72146a111d28,2646755,PREPROCESSED_594\NORMAL\S000080.png,fde716b83f74491671ed6124440345d4e1ca011c2648a0ec0f5413572923da2b,399781,ROI_594\NORMAL\S000080.png,e04bfe65a18c89a15e0ded7b6a945fe61f3246bdb8ece4c3273fbbd94461fb6b,87375
S000081,FIVES,NORMAL,505_N.png,4,AUTO_CONFIRMED,RAW_594\NORMAL\S000081.png,00037027c3044e63cf5f8c1d1141b0c8bd81f80b22f3e37a4831c9172609a824,2721132,PREPROCESSED_594\NORMAL\S000081.png,8086292081d1b3124beadfa8dc4fe9892ea8ff16ff981ac3d0c4cf5e39fd6945,406943,ROI_594\NORMAL\S000081.png,74888da266190867ea3333419ea594b09e0f01849f89ff15fa47eacb75ddcada,91764
S000082,FIVES,NORMAL,506_N.png,3,MANUALLY_VERIFIED,RAW_594\NORMAL\S000082.png,11b79328dbac001dcf19ca732e3242913b8ea5a12630259dae32c2230b3baea0,2439336,PREPROCESSED_594\NORMAL\S000082.png,06f97730b3d27c852fb8c37a71ff856ef80264f90b8600fe6e662630ad5ad146,389601,ROI_594\NORMAL\S000082.png,2e8ab19f5330f159386e48a994a6412602aa34e6011efb9dcaa34ba98ee460ea,85682
S000083,FIVES,NORMAL,507_N.png,1,MANUALLY_VERIFIED,RAW_594\NORMAL\S000083.png,2c87d8394614e0fd050634a68155595cff22a87d572001fda1bd9a15f74b0526,2247619,PREPROCESSED_594\NORMAL\S000083.png,71b23c159a207634c34814675f11589b28ea929e671b1155de02cd7b0d88ffe5,372936,ROI_594\NORMAL\S000083.png,cd089cc86cf49ac3cc9df228e0db533225f78f1627bb2c7875bfe8e612369e2e,86377
S000084,FIVES,NORMAL,508_N.png,4,AUTO_CONFIRMED,RAW_594\NORMAL\S000084.png,35cf941cd4e3602de1ef6a65225a9cde2cfbb1e1a50a792aae3e1ad3e9a8f7b4,2387966,PREPROCESSED_594\NORMAL\S000084.png,63f9d8530ee122fbe42917d2e83ecf3bb0ece9d771d46197e39c99545ce162ab,385167,ROI_594\NORMAL\S000084.png,0023ebca8a3347d33b3122aa6917db69ffe5ea89dd020bf459b542fdad5c5764,86973
S000085,FIVES,NORMAL,509_N.png,1,AUTO_CONFIRMED,RAW_594\NORMAL\S000085.png,5d447939e11a55760fb3b92851c792aa58e573ae3d8e943e21bf4b8e97c90e4c,2496818,PREPROCESSED_594\NORMAL\S000085.png,bbbb0b0555778da53fcf27fad076feaf53cd3cc1c0179fd4ac0ad2e7ab825f7c,393025,ROI_594\NORMAL\S000085.png,44c8c5b53e5c122573509b69fefe758fd5dadbdfeee3a2139ce9ecd0ce0f64f4,86992
S000086,FIVES,NORMAL,510_N.png,3,AUTO_CONFIRMED,RAW_594\NORMAL\S000086.png,b0d94a77fa9ea47cb9db4d211253b8b1bb62de3d47b8ba5f9614bb08a9fc3d9d,2045828,PREPROCESSED_594\NORMAL\S000086.png,d01e7b263389c3d6e1ea66dc6c7b980aa261867f96a5a76b84a440a0f14483d2,360152,ROI_594\NORMAL\S000086.png,bf045d54b2d1d32b09b7dd7a912a33d8d5b340cebca12cbb10aada25f39b7f66,79421
S000087,FIVES,NORMAL,511_N.png,3,MANUALLY_VERIFIED,RAW_594\NORMAL\S000087.png,be98b1fcf41ecf07b0e549aa71a95d82c50d705072fd73b7ce74f1a6a280d186,2501621,PREPROCESSED_594\NORMAL\S000087.png,0f0536db065eb5e399b9456f4a7e05b170afbbfc68088d146bdb67749ae25d78,390833,ROI_594\NORMAL\S000087.png,e5003f9ab6b2bd1d61c788db4ea76f180f00688e7d569b16062534257198dea7,88756
S000088,FIVES,NORMAL,512_N.png,5,AUTO_CONFIRMED,RAW_594\NORMAL\S000088.png,742bf21ca5acf0755c7816db8431e2130df12f5422c99e15f3a48c0ebd426068,2659187,PREPROCESSED_594\NORMAL\S000088.png,54adbf117ae94f388618b95fc2ab5405ca1c99c9eb3716905b045cc5352dc553,395711,ROI_594\NORMAL\S000088.png,1aa55d690b1fa3282ffc3a27d52c561ef5d3df961e9bb873db2db4331c350e4d,88433
S000089,FIVES,NORMAL,513_N.png,4,AUTO_CONFIRMED,RAW_594\NORMAL\S000089.png,c03c44a3d651002c80745f40984a687bed2d236391b91ecd1404b4aa68e81bdf,2608843,PREPROCESSED_594\NORMAL\S000089.png,7b099a2cd41470f1605fb110dcb3f633d62d39a5f9954b0823861cb1ad7bc383,390153,ROI_594\NORMAL\S000089.png,7475d77fb3f8d5f9732890078579c2a0cb28fb42d45d18fbebb70d1452ee6386,87465
S000090,FIVES,NORMAL,514_N.png,1,MANUALLY_VERIFIED,RAW_594\NORMAL\S000090.png,87b164b2580d9f6708da37cdce5aeeb64e0d535665e6b2a99deba238b793ab55,2396729,PREPROCESSED_594\NORMAL\S000090.png,be6c73581608a355f6aa4f2e078f980268501055d7c57e0b8fdaf1e68c4c57ab,387946,ROI_594\NORMAL\S000090.png,f4cb59008d7a86fc6f1c18f8ca786dc8691e28662eee14e37832befedc255f01,85821
S000091,FIVES,NORMAL,515_N.png,2,MANUALLY_VERIFIED,RAW_594\NORMAL\S000091.png,0c33e932fb5b7b0a7044b881093ec249c8e2af2578a549dfb647064b3ba52960,2537743,PREPROCESSED_594\NORMAL\S000091.png,a13237530d928caec27c92eaedd248eb6a9d255d67cdd4a8c9e6df051aedc428,393644,ROI_594\NORMAL\S000091.png,bd3233bf6b9ecb55564afac5af194b87a5819a064c9f711977feb6e30b5e2f21,88042
S000092,FIVES,NORMAL,516_N.png,2,AUTO_CONFIRMED,RAW_594\NORMAL\S000092.png,7dead22c317ab7fdd2d07ae62be85381871db8efebae1c3edab8b80c5ec405ad,2533314,PREPROCESSED_594\NORMAL\S000092.png,f0a0141b0e9bd20df6ac1ff345c6df192ec1ee0ba4de7eb00daa397dd6c2c000,394944,ROI_594\NORMAL\S000092.png,a8657506d8c800acacdf935ed025338867c4554f4c9fd0c63882abc5e31b4687,88239
S000093,FIVES,NORMAL,517_N.png,1,AUTO_CONFIRMED,RAW_594\NORMAL\S000093.png,ec6a60d38f37dc4711d1839e498519fd4df667f51d2690b61b25cf2ef1b556cc,2426557,PREPROCESSED_594\NORMAL\S000093.png,f9057c2bb2bfd00d072590399ee8ccbe6551f677fdc3e8348ffe2961331f9828,390923,ROI_594\NORMAL\S000093.png,cbed28ce21088f974e2508f71390b14e69130719aa90524893623dc6506f4067,87099
S000094,FIVES,NORMAL,521_N.png,4,AUTO_CONFIRMED,RAW_594\NORMAL\S000094.png,e14247e94a5554bfac030fe243313133b9d96d4f7a233c08bd9c618369af0700,2418018,PREPROCESSED_594\NORMAL\S000094.png,45ac658d17441f954520ef5ba98c02e1fa644d676470eeb95c3630a65aba2e07,387389,ROI_594\NORMAL\S000094.png,522744304330ca4686dad0c326698dec707728ca9856b3130c359e71b275fbaa,84585
S000095,FIVES,NORMAL,524_N.png,5,AUTO_CONFIRMED,RAW_594\NORMAL\S000095.png,5d467c4661eaf7c339209c14df03ce93d3527bb2725848357a654ebe92eb7487,2048916,PREPROCESSED_594\NORMAL\S000095.png,51264bcdeee83b244ae8c51f5e6b6f9697c898e80d7867ca3c2204a856884fe3,369016,ROI_594\NORMAL\S000095.png,561cc505bffddbeb3c42ac8759782e8a3028653df0251378b320987e5e83c327,83156
S000096,FIVES,NORMAL,525_N.png,5,AUTO_CONFIRMED,RAW_594\NORMAL\S000096.png,7722ff576c99b05e45e3e017223a4f254c9ace2b2b868c6d20c57d61d2a5cb99,2108333,PREPROCESSED_594\NORMAL\S000096.png,c1161b77a3ad5cceb62ee60b42b3dae892abbc4463384a4a7dfc61720a00ddad,366419,ROI_594\NORMAL\S000096.png,6e49fa9047652abf0921ff7d60f1bf135e1611bfab8606a30edea8d93a43af64,79737
S000097,FIVES,NORMAL,527_N.png,5,MANUALLY_VERIFIED,RAW_594\NORMAL\S000097.png,a372b654f01df92015b4dad427eb8b250426c0e92daba2d3089cbabc7a436b4f,2167584,PREPROCESSED_594\NORMAL\S000097.png,ceff1969ee0575aaa427264916a58e16ae734fa49b8a196c811092717492a3b9,369568,ROI_594\NORMAL\S000097.png,10b836d754619438bb6bf637ea00b512be18d0fc4fb149ddadc8431c94877976,78985
S000098,FIVES,NORMAL,528_N.png,2,AUTO_CONFIRMED,RAW_594\NORMAL\S000098.png,6427eaa625f66d602ed6797bb3e5216637e32f94730b76f936011abec4d3e21d,2493039,PREPROCESSED_594\NORMAL\S000098.png,e088c0b16e44b73a15a574e13003a0888bc6ec421475b5428917e970c90fae45,389180,ROI_594\NORMAL\S000098.png,e8505bc24ec6c0c381a2366c63a156731503dadf53b009534949a3fe43812ca2,87072
S000099,FIVES,NORMAL,535_N.png,2,MANUALLY_VERIFIED,RAW_594\NORMAL\S000099.png,74fd6328203baaf368475b02f03f2d70747c04d85e3231def36ebbf3ed69a270,2268339,PREPROCESSED_594\NORMAL\S000099.png,1559ac23e197c7760c7fab3d5bc17cd1b885b265409a8b82d0986cddf321ddf7,375732,ROI_594\NORMAL\S000099.png,e0bae63c87940bacb65ce7335d8bd75d8a5b830ae27f23c12aca30118186f132,83072
S000100,FIVES,NORMAL,540_N.png,4,AUTO_CONFIRMED,RAW_594\NORMAL\S000100.png,8b79b3559cacbaa47bf2e81555fd743fd5d28636e3c7c2b7ba09f6e708bc8431,2316187,PREPROCESSED_594\NORMAL\S000100.png,baa33f53e0d2d556d5d71472358532b8728088e8ca73da3f8c431ab5449bf53c,378200,ROI_594\NORMAL\S000100.png,2fc8732e620ecfdde8a42d2bf5a7ead2bc82cefbd280db80b03219a4126e51d9,82529
S000101,FIVES,NORMAL,541_N.png,1,AUTO_CONFIRMED,RAW_594\NORMAL\S000101.png,ffd96d08c252650a9b4790b94747285490fdae2dabcb236f25131285b02aa056,2417190,PREPROCESSED_594\NORMAL\S000101.png,8cb38356b0e34ef493563d430f527e09031864ad20ed9d7a0b0c1cb1c5014b40,387552,ROI_594\NORMAL\S000101.png,8f7806702017da8ee619a718665c3360bbb2b4f04c92ae30e30305d897a42ba5,83960
S000102,FIVES,NORMAL,542_N.png,2,AUTO_CONFIRMED,RAW_594\NORMAL\S000102.png,c4e0405955690c6e0821b60f91716e375321213891ea59d9a79685f220c25b0d,2464383,PREPROCESSED_594\NORMAL\S000102.png,87469bcf9126197620116796ee53763fde935d054aaa0540b06c129dec6f50c2,391333,ROI_594\NORMAL\S000102.png,12ddb76f5602aad86ce91ae387d72e635c640f6044e31423c5d8d28a3ee0ab2b,85977
S000103,FIVES,NORMAL,543_N.png,5,AUTO_CONFIRMED,RAW_594\NORMAL\S000103.png,bd36f0584060602330eaebef65c3a312bc33cb5e7e822c42f5d034574e67f0b1,2478324,PREPROCESSED_594\NORMAL\S000103.png,938eb70542cdb6ca0a7356c7d431998d827738747b03d6aa24033a5e08e68792,390327,ROI_594\NORMAL\S000103.png,2719b3163170ac8919bce1473e0bee4e53321026832a41586f8f7fd7f06a1399,85028
S000104,FIVES,NORMAL,544_N.png,3,MANUALLY_VERIFIED,RAW_594\NORMAL\S000104.png,3a5e0b08095f9dab4d9f9c56f707d9441ab949a27c24b1fbf809691d7ddbdac0,2316108,PREPROCESSED_594\NORMAL\S000104.png,7ce9d564dc743dabda235cb0f112703758ddbd268351d73ef356370243bacac3,381865,ROI_594\NORMAL\S000104.png,161283a766f01695c3d6a66343adabdf4ca156543a2a1be84270b76c5e4b7277,85101
S000105,FIVES,NORMAL,549_N.png,1,AUTO_CONFIRMED,RAW_594\NORMAL\S000105.png,83629590a9577bdfb7935ab03a1452c4798225179293d96cb62f45b5a58dd626,2092810,PREPROCESSED_594\NORMAL\S000105.png,c01f1a0e4e4c1e4a93464ac1cca073e2c1e8d20cbded7f32cb9d019d8de16999,365138,ROI_594\NORMAL\S000105.png,7aa555c3909f3d83869615847912226a7b5adce1bd6368cb0c35ee10d18687b7,79371
S000106,FIVES,NORMAL,550_N.png,1,MANUALLY_VERIFIED,RAW_594\NORMAL\S000106.png,12fee77c4e9f64c8688cea12cbe9fc8fa002209f1359d1a1f3b7d2b65e989559,2017324,PREPROCESSED_594\NORMAL\S000106.png,a76b83050e2ea849c86606a7d417652b0a423766e730999b01ca22728c562165,358915,ROI_594\NORMAL\S000106.png,9b1f59002466639a0567c4a64210fb51d6f4b0ea7048c085338bd251146350c9,79984
S000107,FIVES,NORMAL,551_N.png,1,MANUALLY_VERIFIED,RAW_594\NORMAL\S000107.png,f4870bac33c60b52cd5bcc9d84cfb6cd20237d6cbb066904f783d37f7ad34394,2229285,PREPROCESSED_594\NORMAL\S000107.png,799158fb703634c4551fa1619419baee4ecdcc9dcd7251c6fa0bd179691b9a34,367380,ROI_594\NORMAL\S000107.png,90db98b7ea0994cfcda94a98a294212ad584ef4c2fea5777926427dea5639182,83026
S000108,FIVES,NORMAL,557_N.png,4,MANUALLY_VERIFIED,RAW_594\NORMAL\S000108.png,0cd898da3deb2f7dfb9e03736fd5e8c1a489dd95454796c6356a9534e20c4bec,2405169,PREPROCESSED_594\NORMAL\S000108.png,63bf9b0458a88a72143554ccc6adb98184c23d043f36cc3cd64703bf3f2679a0,389485,ROI_594\NORMAL\S000108.png,cb61dc10372b1913431fcfa82680f7ad1a7dc3730c766e3ba46aa799ed2501f9,85001
S000109,FIVES,NORMAL,558_N.png,5,MANUALLY_VERIFIED,RAW_594\NORMAL\S000109.png,7aeadda4f3f32fbcaf6d20cb22f60107101dd6d90a90709e63517e2defd0cdb9,2424196,PREPROCESSED_594\NORMAL\S000109.png,47f515024c71552a50dc46e13c1925bce48728231efc35a06b735005d15fef36,390595,ROI_594\NORMAL\S000109.png,b45898777d217b1ef56319c27c284db6bb89b94d5c2186586783117c7a530edb,86633
S000110,FIVES,NORMAL,559_N.png,4,AUTO_CONFIRMED,RAW_594\NORMAL\S000110.png,52558c184e09ff06bf183f03b082947f2ce9ba1b7f53d56b9f8a31a248e58d57,2497402,PREPROCESSED_594\NORMAL\S000110.png,1d9d3eb9f18410e9208d5665cefce8673f51b2db695bd773ac5aeb58ef4e6da3,398600,ROI_594\NORMAL\S000110.png,2886be8a4509925273b1e37c08e4f9c898678414759c8d03778473ba972522e3,87061
S000111,FIVES,NORMAL,560_N.png,1,AUTO_CONFIRMED,RAW_594\NORMAL\S000111.png,2141a2b589434ec9f96c317199eb911150fd91f6ba4608ff044f2b62920e4147,2087136,PREPROCESSED_594\NORMAL\S000111.png,4b919e72072aca9e4dabf071231215ea3aa13ba11992083a2da877490fa86664,364363,ROI_594\NORMAL\S000111.png,3707b90d3343d1505a5137993d6ade445863fb7b3858cd3033b1181b9baf97e7,78493
S000112,FIVES,NORMAL,561_N.png,2,MANUALLY_VERIFIED,RAW_594\NORMAL\S000112.png,d656eebc82326b5a93776d2a1999d128f8a0af8d0e8837275cdfd6b7e857919f,2214704,PREPROCESSED_594\NORMAL\S000112.png,85ab2db57e3d814becaa83e252f7f8279cdf6a972752a3059013e57206b83211,369119,ROI_594\NORMAL\S000112.png,e62c7f5e5569fd5bea84eb4132459154d8df131b11392cf1198fca6039d27554,83229
S000113,FIVES,NORMAL,562_N.png,2,MANUALLY_VERIFIED,RAW_594\NORMAL\S000113.png,fdf24ccbf595c7872eec5b22599abde00d7c1f9a8ab8686a045e5439825bdbc9,2004546,PREPROCESSED_594\NORMAL\S000113.png,15b0c74b36ba1700a02605308f5a29dfd5e0151bd6557953d8984cdc0f686d64,353866,ROI_594\NORMAL\S000113.png,7dabf3d6b788d65c45a34598d8615a4a5d7a39e7ee86f65abc2481c1f96b51a4,80506
S000114,FIVES,NORMAL,563_N.png,1,MANUALLY_VERIFIED,RAW_594\NORMAL\S000114.png,ee4d4b8a1907581bff9f9d222210caf0f4849c683fbb4cab6728b84601824287,2365860,PREPROCESSED_594\NORMAL\S000114.png,a99535c82f62997f38978e8be18e439ed533a77fac9f43d621fc03bbf7c214ac,380843,ROI_594\NORMAL\S000114.png,3c80d784c778941365b465414aca22be7babd0fd101e9cefb01b604fc173a777,89246
S000115,FIVES,NORMAL,564_N.png,3,MANUALLY_VERIFIED,RAW_594\NORMAL\S000115.png,fb1d85b7001632565b3b25d40fd7156abb65654fd616e00d8de562632aa0371d,2378333,PREPROCESSED_594\NORMAL\S000115.png,ee35f1695350bc70bafd3ff6091b4fffe210b6b48b5ab67e28a2353e33033607,384325,ROI_594\NORMAL\S000115.png,7da44d9282197a60370765b477da2ed637accaf031a05b0798bce1e9dce69f87,88919
S000116,FIVES,NORMAL,565_N.png,3,MANUALLY_VERIFIED,RAW_594\NORMAL\S000116.png,3404fd1a110ff1b2e2d3138062731742c1b8c0eb216138de200f77807acab61c,2423804,PREPROCESSED_594\NORMAL\S000116.png,cd9993ae0e971693bc22e5dce44715f81b2ce1cff02aad22d821f7d99bc56dd0,387010,ROI_594\NORMAL\S000116.png,44378706ce27ea4c2fb26943c5ec244d156133aedea4e83f74649f9909123353,85467
S000117,FIVES,NORMAL,566_N.png,5,MANUALLY_VERIFIED,RAW_594\NORMAL\S000117.png,bd99b9dca6345d7e04d121f4b457b8658488825f06d84b8cc369bc85906d68c5,2335567,PREPROCESSED_594\NORMAL\S000117.png,3ad50dba19a16afe7fd4938d82ec323d62b733bf13bc92ba6ba16b2b90c319a8,381334,ROI_594\NORMAL\S000117.png,136f7aa7c9e8a746bf8ae39d86a36c693ebc0394884cfaf7c48271b96db14faa,85080
S000118,FIVES,NORMAL,567_N.png,5,MANUALLY_VERIFIED,RAW_594\NORMAL\S000118.png,d4b465d0f7f7e49adc59ab1930814484dbe07b66df61b00ea4b6afeadfb2cecb,2215564,PREPROCESSED_594\NORMAL\S000118.png,cbaab1af371d7a16aa7cf83295efb8cc9a991b5b95acaba04322845b3b401031,371458,ROI_594\NORMAL\S000118.png,25860760dca0bbb75328b1836608feea06cb522db0b88513b18b19b20bb362a1,83566
S000119,FIVES,NORMAL,568_N.png,5,MANUALLY_VERIFIED,RAW_594\NORMAL\S000119.png,6c8ddb849415ad7a73cee6eb94a35febdb4ee2fdd4a00b2a8555248af352b99b,2038247,PREPROCESSED_594\NORMAL\S000119.png,c93dff634047302b01368d0d4deffee8ee70b784807ab5495245b17805da23ac,354914,ROI_594\NORMAL\S000119.png,acef8faa25f7845dd40a3fb87161486982041a5196499e4f809e87dc6aa03090,80601
S000120,FIVES,NORMAL,569_N.png,4,AUTO_CONFIRMED,RAW_594\NORMAL\S000120.png,c09a2614e0f10b7ac68bdefed2ad245a26234a33d06c55174c9729b0edef9657,2310673,PREPROCESSED_594\NORMAL\S000120.png,601145123cfbc33da40d297b31a63207d8e50e556f04b1866b1e5691083071d1,376106,ROI_594\NORMAL\S000120.png,6052e57a122af0c66c7ca83793cfeeba04578df07c32b9fef0a7e4eb5f8e6256,83957
S000121,FIVES,NORMAL,570_N.png,2,MANUALLY_VERIFIED,RAW_594\NORMAL\S000121.png,ced3bc56c867623861c8040cf2363e9f855bf575c86e256e402433935155b684,2273795,PREPROCESSED_594\NORMAL\S000121.png,7993db3bccc7bf191d85e663768aad9d053247a40fa68cb677e8a71cb9a1adf5,376522,ROI_594\NORMAL\S000121.png,7312b93f67281eea58968ef9c4f3a15f03a4ca6bddd701ca0dac0c88ca6ab0a8,83308
S000122,FIVES,NORMAL,571_N.png,4,MANUALLY_VERIFIED,RAW_594\NORMAL\S000122.png,6581f6efe718fd0e66118dbf9d2803dc4159c8c65b53a241ccd3cd859fb8ab46,2437983,PREPROCESSED_594\NORMAL\S000122.png,f51a5d637e243190fa88e7ac10d837286ccf1ba06ee17e28b9ba52fdb528deb2,392697,ROI_594\NORMAL\S000122.png,7042527d23f7eb131bcaabbbbf5eb6e7b1c9849cd8c70a95ba78ab3880907c32,88257
S000123,FIVES,NORMAL,572_N.png,1,AUTO_CONFIRMED,RAW_594\NORMAL\S000123.png,bd1a1d8bdc6f43bed2e187c43b42d08ac4cdcf34828254911084c51f07a8cc17,2363626,PREPROCESSED_594\NORMAL\S000123.png,ed94b7d4ca2640bd3c44118bbb575cea5803e69020cc677701145766e8e56d7b,383326,ROI_594\NORMAL\S000123.png,250cc8ed70dc6947001d564d7846b8098953744e2d1c8096d2375da0a98fe0e7,86143
S000124,FIVES,NORMAL,573_N.png,1,AUTO_CONFIRMED,RAW_594\NORMAL\S000124.png,626286aef33eeab7d27358ca63ca57de0c8514d19111700bd4d5c68a7f0299db,2316999,PREPROCESSED_594\NORMAL\S000124.png,08b716b8245f0f08ed5844801e176783293694e9ee47b4fd0b75fdf46b562433,377814,ROI_594\NORMAL\S000124.png,9c97a23ef3a9433d5306d987b1dc45b2294ae6cd1abae513f30323dcd5460f88,86648
S000125,FIVES,NORMAL,574_N.png,5,AUTO_CONFIRMED,RAW_594\NORMAL\S000125.png,075c07804cd49c178b9ed4685c257437a160f1923bc1825fc9ba78861c8e5ad4,2469486,PREPROCESSED_594\NORMAL\S000125.png,47545e51d13e2ae544036426800fa1313ffbe22081e5cb8c9bd8696e7ad8efeb,391887,ROI_594\NORMAL\S000125.png,5c0d19d5844efa789fb9b8f1018c4b7c6c273fa1ee8d3108065b6b5619a8cf6c,88038
S000126,FIVES,NORMAL,575_N.png,1,MANUALLY_VERIFIED,RAW_594\NORMAL\S000126.png,d648d606b31ab95d5f14dcda78f8f3ac72450bd0a83f0612984aa42b00d2625b,2141058,PREPROCESSED_594\NORMAL\S000126.png,3ac77827cb29aaf112240cdd0f8fe2b9c8bef8a6541f130ce511ed3376ca6d87,362412,ROI_594\NORMAL\S000126.png,2393fad113ec7161e5b16f8fbb3d48371cfb43aeda8883da11f7621a549a2785,79951
S000127,FIVES,NORMAL,576_N.png,3,MANUALLY_VERIFIED,RAW_594\NORMAL\S000127.png,f1d469c05879c767a913e713049c45790ab308a92f4124d5a9da29835f8d065d,2240929,PREPROCESSED_594\NORMAL\S000127.png,7ff3292f124d672e3bea217a478d64635f03fddf950014dd54379be9f3d84efc,371692,ROI_594\NORMAL\S000127.png,5a2923a82ce6e40273ec5ddc86ff6eda8574a7b225287eb7a4c32d19bce62037,82233
S000128,FIVES,NORMAL,577_N.png,5,AUTO_CONFIRMED,RAW_594\NORMAL\S000128.png,22e0879554680e63550c8f9610ef62dc64345040612b66e1d7bda6c88107afbc,2391068,PREPROCESSED_594\NORMAL\S000128.png,b85acea7dc96782a182211c652d18ea3276f04162cca194d45887904787724e0,385658,ROI_594\NORMAL\S000128.png,a0d6f6fec9d3913bcee2e945c701dc3f85d8acad105024ad0f5730bce2035fa5,86520
S000129,FIVES,NORMAL,578_N.png,3,MANUALLY_VERIFIED,RAW_594\NORMAL\S000129.png,d77f5dc7ee0e6c7d7845eefd74d34b38ef4d9f2d55cd2d4c5f3fc739c95f8570,2530169,PREPROCESSED_594\NORMAL\S000129.png,8eedc91d998470c2811ff8d99e8e9f22998d0b6ba0eb09b53c9998ee4a3ad641,397744,ROI_594\NORMAL\S000129.png,e3750504491809a1ae2d3cee57b1b8b8e0287f1a109d7bb89366b0cceb0fe136,87924
S000130,FIVES,NORMAL,579_N.png,5,MANUALLY_VERIFIED,RAW_594\NORMAL\S000130.png,07f69c263b4a5164e22bad3920a7de3b7f42dc6d3fe9bcb2b4b35a8e3945a251,2318049,PREPROCESSED_594\NORMAL\S000130.png,8e9e55f3818d3a4521eeab65bfc98004a2602ffdf72a9c0c19a39299555562ba,377783,ROI_594\NORMAL\S000130.png,8ef3321350e92c0bef3714762115028c96c2d3197724ce6aca29bdc4d3d82b69,84264
S000131,FIVES,NORMAL,580_N.png,4,AUTO_CONFIRMED,RAW_594\NORMAL\S000131.png,e77b45298230724d1adee459fe01451702820c466340587d9f168dd7917b6d78,2397878,PREPROCESSED_594\NORMAL\S000131.png,fc6e558fd5ded6b0e328031a2c0eef8a42dbfc76d953d205419aba07e30231a9,365001,ROI_594\NORMAL\S000131.png,e7cd05b299f2758da03cf5c0940a35864800a545d76d6e432495bd130a5286da,77560
S000132,FIVES,NORMAL,581_N.png,3,MANUALLY_VERIFIED,RAW_594\NORMAL\S000132.png,2ba29a04cd2cbde450de64607f5527f8294c234844ee12bf1fa03efd24135ea9,2690595,PREPROCESSED_594\NORMAL\S000132.png,b11d1e5592f12cb4975870dc3461f90545b94e403259a6e2e0ecda6840ea203d,377960,ROI_594\NORMAL\S000132.png,bd4e22c5837e4b161e1d6e3e5bc29f07dd443ab5b6914f9497f6b1c9649ce2d2,84773
S000133,FIVES,NORMAL,582_N.png,5,AUTO_CONFIRMED,RAW_594\NORMAL\S000133.png,0ad1ef7c1e007cdb42348537d288f651b41b67abbfb711c7db72ba03c63a3132,2687538,PREPROCESSED_594\NORMAL\S000133.png,7d8b3325c8179dee8e9f74f60833f4b1bc2bb05efa8eb024bd7832094e1a9cff,391012,ROI_594\NORMAL\S000133.png,3433f0ec7e893a476336ec0f019c1224d34e3a72c71555df35bfece1ca7afb87,86734
S000134,FIVES,NORMAL,583_N.png,2,AUTO_CONFIRMED,RAW_594\NORMAL\S000134.png,85f7580a8de3cc18ac076c9c29c5ff4c50581fa1684467e3c1595bf20b12af39,2736946,PREPROCESSED_594\NORMAL\S000134.png,1d8dc70e8d7332155f9fdddf870e030ed793f5d9ddc6bd8e656f5a21a8cb281f,386039,ROI_594\NORMAL\S000134.png,eefa20bc69f41cd80a3b62aa8bf2d7fdd0095234d8600267b397cc0f0ec259d2,84726
S000135,FIVES,NORMAL,584_N.png,4,AUTO_CONFIRMED,RAW_594\NORMAL\S000135.png,820111c791afa50f159cc99ca65f3917c7352df9cdcba2fe701bff378036e4a2,2772762,PREPROCESSED_594\NORMAL\S000135.png,a8f0905373c164f62c178642a27d8cab090d7809a4d60a8ee93ea20c72155619,395149,ROI_594\NORMAL\S000135.png,2c5a51e09897e1dc0ff2280f570f5ec836b249c9575eda2c7100a5093b2ed589,84616
S000136,FIVES,NORMAL,585_N.png,1,AUTO_CONFIRMED,RAW_594\NORMAL\S000136.png,ce1024d7139a6ac5a348f19312786fcbe008488909c14925b3bbadbaf00cbee2,2707048,PREPROCESSED_594\NORMAL\S000136.png,13691da878620f06700321c2fb23e30fb220da3439b4a3ed762c412a731a8706,386398,ROI_594\NORMAL\S000136.png,bd5cde3828c62b8855c14897aa97885698381ee4953e44ea3c458f06c05c6137,85655
S000137,FIVES,NORMAL,586_N.png,2,MANUALLY_VERIFIED,RAW_594\NORMAL\S000137.png,8acbe3e57161b998575e93d9ce02942344c019311b9b279ed0a713369f3e1a0e,2697714,PREPROCESSED_594\NORMAL\S000137.png,72f4e91898b8eb4280c7f461917bd36b5cbe5f671f131781051a427cccf25470,378911,ROI_594\NORMAL\S000137.png,85fd62538eac437e33868aa5c955881a7b38397c3e39432512f2dd77cf58da24,83585
S000138,FIVES,NORMAL,587_N.png,2,AUTO_CONFIRMED,RAW_594\NORMAL\S000138.png,99ecbb5381e7560985b94052961e1a627c63d1df4cb11839917f9d7f5e10bbb4,2674523,PREPROCESSED_594\NORMAL\S000138.png,55782bec00a29603a9dc386792258ea8a7f91da20c23374f2456e91b22172562,374083,ROI_594\NORMAL\S000138.png,0e643080fa05d512be79d7f6dc5705f393f5953fc8958e666f397647936c27fa,85702
S000139,FIVES,NORMAL,588_N.png,3,AUTO_CONFIRMED,RAW_594\NORMAL\S000139.png,21a0628b393b860852917c962e274654c48dea302b1c24175aa8e2a2aa1f4e3a,2654876,PREPROCESSED_594\NORMAL\S000139.png,0468335c1cd9c2fd736b90b74db8bb5924a58f3bfcc260a3df1d574a04be201c,373054,ROI_594\NORMAL\S000139.png,e137544f6c52c86e4b26da28685aeb10b11c84f12a9b261828653db8b4ffeca0,84716
S000140,FIVES,NORMAL,589_N.png,3,AUTO_CONFIRMED,RAW_594\NORMAL\S000140.png,f9177b29e25b9bd852608e05fa9df7e821544ff05ac14cdaff01e8e54238e8f5,2386054,PREPROCESSED_594\NORMAL\S000140.png,0bed6b2e1b8a63228a375849f5a16c50e95f3a21458ebd6fba7668e497b92c1a,366742,ROI_594\NORMAL\S000140.png,2435ae86d1b40de70c359a4f84065a4243907ac6a0e3b33d10ba4f150b491ae3,78416
S000141,FIVES,NORMAL,590_N.png,5,AUTO_CONFIRMED,RAW_594\NORMAL\S000141.png,b91ae30276444d31b864fd249a71b472c4f0e3e854df6ea55ed03f584d238617,2638480,PREPROCESSED_594\NORMAL\S000141.png,3ab1625cf6ed2102aab7dcb67ecd67a2a838e7ba423df909233dc1276583237e,385303,ROI_594\NORMAL\S000141.png,fbda236cd0eb8e886db84eb90399230d1c5898b22a69047755dd39bf8bdd3602,81553
S000142,FIVES,NORMAL,591_N.png,1,AUTO_CONFIRMED,RAW_594\NORMAL\S000142.png,0a1174fcce01da0c570b018445979d2c215793a9940d843b16e5acdc721a62b3,2890383,PREPROCESSED_594\NORMAL\S000142.png,035592c26d986258d4a856e2b2e9ca290151a93887632124dd10909dfab6281e,399343,ROI_594\NORMAL\S000142.png,d3a41778928c6fa3559d974da28e339e893d6a0acbbf988ce83cb13f2cd679c5,88843
S000143,FIVES,NORMAL,592_N.png,1,MANUALLY_VERIFIED,RAW_594\NORMAL\S000143.png,d99e6f3830271e45a31e3d1f80e1dc4c4f39208194620a4b832193be637f1fa5,2871176,PREPROCESSED_594\NORMAL\S000143.png,cae6c0287fc8b05b9c3456355ebd72bcf6588b02aa16f5af9d4a4989bbdc2792,392684,ROI_594\NORMAL\S000143.png,f06a33e4dda1897358355ba79d747bd236827189635d58e5bf08cf9a8e296e1f,87040
S000144,FIVES,NORMAL,593_N.png,3,AUTO_CONFIRMED,RAW_594\NORMAL\S000144.png,eedcfcb592665edc20744aae34d819b0b8d24231d03ab041a5bc718fa8d6870e,2820451,PREPROCESSED_594\NORMAL\S000144.png,7168f903d9cdba95720aa10d1569123f68f3ce1696723f8421d5097a8b3591cb,390100,ROI_594\NORMAL\S000144.png,56ad1939f4c9393c6e4e0cd35683e55724a843834f89e5ae14cf29e6696fae0c,86005
S000145,FIVES,NORMAL,594_N.png,5,AUTO_CONFIRMED,RAW_594\NORMAL\S000145.png,9c4b0528a121a2d00cc1a2d2f027c67a4b27417e91516ae9d9ee6ab793652fcd,2851367,PREPROCESSED_594\NORMAL\S000145.png,05f56ffd3a24022411b33dc956b111d25113d77d84ebb714af19352c8ce29399,393691,ROI_594\NORMAL\S000145.png,e5358be10a4bdac0581ddd4d7500a0f428a7442ac3fd47170ee79b12d6ea4de7,87320
S000146,FIVES,NORMAL,595_N.png,4,AUTO_CONFIRMED,RAW_594\NORMAL\S000146.png,0613f492e7c1bd29b4e08a85ee9620b2b7f3ac3fb5417b0fdc102bb6ad8c4109,2738127,PREPROCESSED_594\NORMAL\S000146.png,2eec3c4894eafe6e22a9f437f0a7d0743f9c3af4ca0b07aa75d5cf09f1546eee,369577,ROI_594\NORMAL\S000146.png,61faf32c609f2529923730aebedf93f7a035e86fea258c7aa43d80284e36e797,80421
S000147,FIVES,NORMAL,596_N.png,2,MANUALLY_VERIFIED,RAW_594\NORMAL\S000147.png,d9a36841bcbf32f4fd87e87c222a5e9f6a91fb9b619de2118b8d8e922b56bc01,2572664,PREPROCESSED_594\NORMAL\S000147.png,f419323e225786ac401b0cd8911fcca8bf2ec43ba707ec10121e548d46bce9ce,363282,ROI_594\NORMAL\S000147.png,5fba1088e1ed41323e1c001e992bbd270b6ca5fc40b974285c26f50bbf17a5f1,81217
S000148,FIVES,NORMAL,597_N.png,3,AUTO_CONFIRMED,RAW_594\NORMAL\S000148.png,4abde995482673ed25e558810d9c95e83a65192939a4b00219b796d30bc4e70c,2777685,PREPROCESSED_594\NORMAL\S000148.png,df2afee4860847efca87ea7e8a556d0d9a20cd395014d4b2b5cfa50461988c52,384047,ROI_594\NORMAL\S000148.png,ae7df09c3ff8b3926befd2c9467a51d3026deade7da320274c0af1a4ffd10ff5,84944
S000149,FIVES,NORMAL,598_N.png,4,AUTO_CONFIRMED,RAW_594\NORMAL\S000149.png,7cfa33bb6b162895bc1f9415ce53a9403e1ca6407fed25c4758ebe0d2ccc84c2,2829289,PREPROCESSED_594\NORMAL\S000149.png,5037263181a63182e85b6ac31dddb80f0d55927a725ca8a8fcff63dff2b4d727,380867,ROI_594\NORMAL\S000149.png,6d335f7859fbcc1f0b040ca777c3a7c755c6d93ea8cc5f6828d1e63f554529fc,84388
S000150,FIVES,NORMAL,599_N.png,2,AUTO_CONFIRMED,RAW_594\NORMAL\S000150.png,c4c9f0bd73cec4601d2c86afa28274090be87e5c1f35a23111dd8b3eaf26a947,2930103,PREPROCESSED_594\NORMAL\S000150.png,d6f1f3fe460d75a50480963a47122d8df682b8ded537a72ad1a446ab97b4f323,401799,ROI_594\NORMAL\S000150.png,c14a8f4e30c61da831843abb292be68573dd84fc9006f233c14825c2b82b8394,91253
S000151,FIVES,NORMAL,600_N.png,5,AUTO_CONFIRMED,RAW_594\NORMAL\S000151.png,78df54275cee7fe24a2a5d2cc49323a24930bcc61d0d91dd3756836d55e478ed,2748974,PREPROCESSED_594\NORMAL\S000151.png,6a8fdd9e7903190528a9511eb4c1a3e0c9673dc19a66142f0270a8758b9a640b,387914,ROI_594\NORMAL\S000151.png,f87fad9c407ffc1411f8b1f0a5266fceccf61fa7f705a4e2cf5957e0d838439e,86134
S000152,FIVES,AMD_DRY,143.png,3,CONFIRMED,RAW_594\AMD_DRY\S000152.png,ef17d492d81004f3ff10fc3566caa7aba516841295da88cf6d26f934b67157d8,2524356,PREPROCESSED_594\AMD_DRY\S000152.png,e227f42e5e051bdeee8f470b3fcf714d13ba328ef0f8701e8d7f98e955aa768e,404981,ROI_594\AMD_DRY\S000152.png,e405837ba08b1b357eed2cc4f6c46d44697501fe3bd965b766005066ece7ffad,105353
S000153,FIVES,AMD_DRY,144.png,2,CONFIRMED,RAW_594\AMD_DRY\S000153.png,30a6d3a03efc1738d90f18faca61d6dd71e666fea2294da0f71b2c87348f4140,2649589,PREPROCESSED_594\AMD_DRY\S000153.png,cec054036ef76a8dc9fe680870985a8f521521cb3e87e0ce465bdada59b1f92a,396778,ROI_594\AMD_DRY\S000153.png,8c4a0cef2812f9776939c1a1949ee1f498f8fcb56a99de7a256eb39152c42c3a,100994
S000154,FIVES,AMD_DRY,156.png,2,CONFIRMED,RAW_594\AMD_DRY\S000154.png,9ddbbb4b12f73f74e2deb7dd9750acf0960cdb019ed2435a64d9f4a21b6ea4c1,2517823,PREPROCESSED_594\AMD_DRY\S000154.png,fd0aeeeb4b766ade739faadfd0bae5d2ca083550b42c14993ceab3d03cb7fc34,376565,ROI_594\AMD_DRY\S000154.png,a787b76c5577fc374857a8d8809a30447171c344106546aa79840ede57525e6e,91166
S000155,FIVES,AMD_DRY,166.png,5,CONFIRMED,RAW_594\AMD_DRY\S000155.png,077b6c82c0a67e6d7402623d7445f81d203f0cf9ea4fd27c2c71494e6913ebcb,2701609,PREPROCESSED_594\AMD_DRY\S000155.png,a31f93912e0224dc8959b357ee70013f19df4c67e81db0d3f2a00b542dc8db0f,407114,ROI_594\AMD_DRY\S000155.png,6df23a0308e73e1a6b76ccfae00dea8ce9e556ac6dca563ecea0b3f23346f8c4,97226
S000156,FIVES,AMD_DRY,168.png,3,CONFIRMED,RAW_594\AMD_DRY\S000156.png,fe5df1e5949e73ac10c7949a29f5a3955ec3c2f5b0c5f0daa5488ed5b1b59a13,2098649,PREPROCESSED_594\AMD_DRY\S000156.png,bbee49190c4f44a8185a5572df4b3480de5a4c78cc70152aa5f7f88a4fd7bc12,351778,ROI_594\AMD_DRY\S000156.png,a48bf6c14d5d9ad38507ddbdda3209b6c6b1a4edb662690c972c2be41508de4b,83159
S000157,FIVES,AMD_DRY,171.png,1,CONFIRMED,RAW_594\AMD_DRY\S000157.png,83f4b054d9416bd5991bbc37d80e81b64caf9f425dd7da41e15a3ba6015a5616,2635062,PREPROCESSED_594\AMD_DRY\S000157.png,136e6c7779db7feeca69885421f7fe75c8ceac3d3780b177a40980683a32afec,387932,ROI_594\AMD_DRY\S000157.png,131c6c46bf29de7b466839ca3e3e9cca3493c706e003b5009a5ff9142ccb2d22,91554
S000158,FIVES,AMD_DRY,180.png,4,CONFIRMED,RAW_594\AMD_DRY\S000158.png,57c177de102c1bad88d19d4d065b5f633591fe3577128d3103337b45cec82da2,2226450,PREPROCESSED_594\AMD_DRY\S000158.png,cf1c4e8c10650a2b5fc5e3bc1d875d21ef6ea9fc87f82b48b8eef6ba529de907,378931,ROI_594\AMD_DRY\S000158.png,f24adf8fc7fa4d9def16c99e0a9994d6dd202a806dec26318c726a6824da60f1,91865
S000159,FIVES,AMD_DRY,190.png,4,CONFIRMED,RAW_594\AMD_DRY\S000159.png,03a016e139edd8a526a61830de832ca6f6979fbcd89ac2a7136adb67772db817,2525549,PREPROCESSED_594\AMD_DRY\S000159.png,e5cf25f2bb53cdd923bad5da4c470ad9ff369c49cc4b2174523de5a15ae9a6a6,391654,ROI_594\AMD_DRY\S000159.png,c2dc9a7315676b0252a46ace0a9ddcde1f7f4f014c2636dd203744b627c7ca7c,90524
S000160,FIVES,AMD_DRY,202.png,2,CONFIRMED,RAW_594\AMD_DRY\S000160.png,dce41500fad8c1d8fcd417231af1256a268be77b205ef9846a1a9f98743e2f3e,3252577,PREPROCESSED_594\AMD_DRY\S000160.png,57ae2981d4455a6b9f5c3c7fa114916a27b8f60c07d8b9b67a4024142bf9cae7,441101,ROI_594\AMD_DRY\S000160.png,0fef23d3946d8a39139d22d32542cf2ddd7ef0a86db24c21f2900c38f04bd024,99750
S000161,FIVES,AMD_DRY,204.png,3,CONFIRMED,RAW_594\AMD_DRY\S000161.png,a239c0b570c289b20e919678e58495e4daeedacda6c419363aa8b4466a72858f,2691930,PREPROCESSED_594\AMD_DRY\S000161.png,8c35d85ec5e3395209ee6e42e16d88f48fa9454daa5005115a267d6f1c3b577f,393100,ROI_594\AMD_DRY\S000161.png,f2c8b1b433fcefafafe58dad3ee7a35988e49b154041a11d5df37c436342db0e,94935
S000162,FIVES,AMD_DRY,212.png,4,CONFIRMED,RAW_594\AMD_DRY\S000162.png,0396db1a2ca0821794385f395be68599d30db6152d9578fb57dd57fe5ef8f4f4,2417412,PREPROCESSED_594\AMD_DRY\S000162.png,1b1d1542b532fd36c50ce8251bdf987ee8d0dd171f5bd0778896774e7f85ce82,387938,ROI_594\AMD_DRY\S000162.png,5e1f68f3e7362f8e03274313729e1b7d58c7ecadfc5cff9197dc625b1c48e964,90981
S000163,FIVES,AMD_DRY,213.png,5,CONFIRMED,RAW_594\AMD_DRY\S000163.png,abd0461a05754cddb82ac58a91376a11ce1db039a5c89bc962056d7af9d33537,2087791,PREPROCESSED_594\AMD_DRY\S000163.png,5e2f549730b99575e11e412d6875ee1bc0eb2b9b81b72de767893a17efe80889,359309,ROI_594\AMD_DRY\S000163.png,ccfba6cc09f1b5a0009bc6172a61a58af979825950d246964fbb2dc89184831c,84623
S000164,FIVES,AMD_DRY,216.png,5,CONFIRMED,RAW_594\AMD_DRY\S000164.png,45c83316de9ac25ec4716351690652988dad3ca45400feb5828765118088a2c5,2563070,PREPROCESSED_594\AMD_DRY\S000164.png,6dae7cc0940a6f4a37e185e452e24282dcd2e1dcbae6aaca9cfee11fd52c7be5,395538,ROI_594\AMD_DRY\S000164.png,cdd8f16284f9b47abcbfa588bbc81ebad9521e0bc5f019cad0d27eb1d54fb2da,99112
S000165,FIVES,AMD_DRY,235.png,1,CONFIRMED,RAW_594\AMD_DRY\S000165.png,9d4f536fb2fa883d32c60deac97e157302c4eff183e6f2725c150ef53f645b52,2253423,PREPROCESSED_594\AMD_DRY\S000165.png,5934d23edf3bf5f28130d1a2ac951330e3b77fb1787b3044fb5429910ca6fb5a,380512,ROI_594\AMD_DRY\S000165.png,0aa7b9f46d689a71bf8beced26e674cce45db21835595690337f5c7f9465918a,92414
S000166,FIVES,AMD_DRY,242.png,1,CONFIRMED,RAW_594\AMD_DRY\S000166.png,fe0f5903d6a135a1c7ed09012280168e96792f8167ede63c5e49ca0640ddda73,2190768,PREPROCESSED_594\AMD_DRY\S000166.png,5bf2e41307d58b1d2cb633d936058abadb0ade86bf3e0166a39d39aa3a11cc68,361384,ROI_594\AMD_DRY\S000166.png,13c869115c8203f094a8bbfcd620475298aa279fa45f01ee82c66188c296c809,86435
S000167,FIVES,AMD_WET,139.png,2,CONFIRMED,RAW_594\AMD_WET\S000167.png,d8a745093df648b4262abe128cce4ed733a478b8ddd6f660ac9f311ee1979860,2365543,PREPROCESSED_594\AMD_WET\S000167.png,852eafb904e03d080e1d155be3f1dcaab34cf2a0ce7104c0db6072b830dbd9bd,375235,ROI_594\AMD_WET\S000167.png,1921de4e8dab986b670204bb39c0c622de0664dee0ed1a9b48950ceb8fdb9cec,84603
S000168,FIVES,AMD_WET,140.png,5,CONFIRMED,RAW_594\AMD_WET\S000168.png,8a730913aa92b8671d8c0e2a0c06dc91cee4a7269d56fb31bd305fd9b1dd2f06,1991194,PREPROCESSED_594\AMD_WET\S000168.png,dd219a6be92408cfdd0adc96b8da50781c6736a2f7b18bdba79c1b6e26b862ec,341461,ROI_594\AMD_WET\S000168.png,48180238d85623b942690bdca562ab826f817725c79f9f96ee67c6398bffda31,78401
S000169,FIVES,AMD_WET,141.png,5,CONFIRMED,RAW_594\AMD_WET\S000169.png,7103299a9ad22df1efe611a46630f305fcaf37b471fd92e0cf7a1ac42f6c3526,2015430,PREPROCESSED_594\AMD_WET\S000169.png,a5e638272c899eaf7747fe243800da4195c7a7dbb28a1ee9dfa6a2b0836099be,353649,ROI_594\AMD_WET\S000169.png,5891a792113d99b3b0dbb15444efe9a3bcee1c0f7127a188b02b720fc86d067c,80198
S000170,FIVES,AMD_WET,142.png,3,CONFIRMED,RAW_594\AMD_WET\S000170.png,2ffc7556512e3a213c4d6db42daf2bbdd286a8cdcf3b67289b856a969d23b2b3,2295251,PREPROCESSED_594\AMD_WET\S000170.png,487141c7a4d550a59127c081ba0523bac9710e7222cb78954d955cd9d16968a5,366756,ROI_594\AMD_WET\S000170.png,d1d4795a6f8b87d272eef60525227aa50d325fa3cdfc762a0206ff38d9a0b86d,82299
S000171,FIVES,AMD_WET,145.png,1,CONFIRMED,RAW_594\AMD_WET\S000171.png,1cb90661e3774f47869456af7572b004aecbf70ed7e216cfdcaf2c090dbdef07,2314024,PREPROCESSED_594\AMD_WET\S000171.png,0a321bf4d80bb8854498e35a130cb6acbc9b008b2db21bcf22136a10cfabaec3,379074,ROI_594\AMD_WET\S000171.png,0e9503cc176da1e3a9a4da3f469bd221f1f873dab279ea857d660deac5d5e8f9,88759
S000172,FIVES,AMD_WET,147.png,3,CONFIRMED,RAW_594\AMD_WET\S000172.png,e70acff8beff19eb7713562b86e17fb3906c5bf70c494977166515993e63a598,2319486,PREPROCESSED_594\AMD_WET\S000172.png,4ce8a84b4e030b6ea31a62af444ce52b4ca1aaa586e1bc0ed154d7f53081d831,380990,ROI_594\AMD_WET\S000172.png,12d0e9ccfe8ea4a1838b95d4224e915bb9e58580d395da3877393246a41bc940,82729
S000173,FIVES,AMD_WET,148.png,3,CONFIRMED,RAW_594\AMD_WET\S000173.png,c2f71a60dc7a64ec11efd50ebdf8934ada3980473e7bfa1f0b8d5d768eead4b6,2549577,PREPROCESSED_594\AMD_WET\S000173.png,e54ac4cfa8ded2e18b9a0ce5559a2b15e3329afb00fe359b5bf32e62ce965618,398935,ROI_594\AMD_WET\S000173.png,4ee02feddf76df2467148f384c5b8e49ad6952bb6007a16c02b404204525b0e1,90395
S000174,FIVES,AMD_WET,149.png,3,CONFIRMED,RAW_594\AMD_WET\S000174.png,3bc9f353590dc0af1b0e252f5e13f0bbae8a150dcc91ff52edef5d58ab670ef6,2033762,PREPROCESSED_594\AMD_WET\S000174.png,8ad0d3f00bea8e2f0b3ba0b431e2868b5758d1e753ed2cbc634684296b6e6ca9,354752,ROI_594\AMD_WET\S000174.png,21ae69a1f9b076e7934e126002a583baca1891c1a48cff63be0d0d0cd283ba0b,82298
S000175,FIVES,AMD_WET,151.png,1,CONFIRMED,RAW_594\AMD_WET\S000175.png,e041ee04c026a23bb6da2b27a13679c363ddae3f5f727bb0f5234a2ba860b989,2121856,PREPROCESSED_594\AMD_WET\S000175.png,8e901ed706e8cba01b3d507caa51089b2dea5e47ba52bd78fde1589b24ddbce8,360320,ROI_594\AMD_WET\S000175.png,36c7e946db320312b114cb1e1142b2fe380b122b40de0ba62ab94efa5e26d3e7,81906
S000176,FIVES,AMD_WET,152.png,5,CONFIRMED,RAW_594\AMD_WET\S000176.png,786feb688eef4b9e6de4c69ce6fd66b85b30191bb07f4d9cf44960dbdba1b910,2046067,PREPROCESSED_594\AMD_WET\S000176.png,5b6e626b63a3ba50fb25edc7f3c61811e38d83919748062db9397e20946e7c9f,352197,ROI_594\AMD_WET\S000176.png,71ec00a3503c0c957b23c943402f446438c40734c74deae5c58bbcbfd9bf2efb,79431
S000177,FIVES,AMD_WET,153.png,4,CONFIRMED,RAW_594\AMD_WET\S000177.png,55417d749fa1f565e5cdb4e26fc8ae1d8b2dd7ed4ff7e08a45d491358824ca59,2437955,PREPROCESSED_594\AMD_WET\S000177.png,c7dcba12f5f64d7d24f202d569f39b8874b529df880faf92ae4498dadb877faf,384258,ROI_594\AMD_WET\S000177.png,63149a7d72c189d6720b7c97be70f090b877a304aa5eb21fbb5534bc66d08f33,86554
S000178,FIVES,AMD_WET,154.png,2,CONFIRMED,RAW_594\AMD_WET\S000178.png,465f75b4445fb66c5fca1bbf99049f58facaf290bd52c5a2fe262918ab541f80,2256544,PREPROCESSED_594\AMD_WET\S000178.png,d3ee9bd2c7a338dedca7fd7e5430a1a42e6f49919b856df81d8a4571a5c26900,378103,ROI_594\AMD_WET\S000178.png,c9b60f5b19e7c33671d9e31e7d545aa53dde85fa377ad5df26d354ea9ce9be8f,79144
S000179,FIVES,AMD_WET,155.png,4,CONFIRMED,RAW_594\AMD_WET\S000179.png,4a2816a01b472694c287986890567f374204c20dc78dd8ea86909260c9300675,2146615,PREPROCESSED_594\AMD_WET\S000179.png,348e17556474932600783dc2a759a960bbdc4bfdc6d6328cce0ed94bc64df3a1,369277,ROI_594\AMD_WET\S000179.png,8c11e7ce63d401c96018bf72e6a41c7f76a9c6469c71ae7177924f39fd8df5f1,79590
S000180,FIVES,AMD_WET,158.png,2,CONFIRMED,RAW_594\AMD_WET\S000180.png,e308f6eb9afe631466eebaf6f431835d7cdefc8e582e23e6698f2906c946f506,2161839,PREPROCESSED_594\AMD_WET\S000180.png,16f9665dd183cc3bb097150f01876f38c7fc31eeecd80b06afc4794a40327631,364422,ROI_594\AMD_WET\S000180.png,5bb6c44818adbe9300dda8481cfc805f467835e50bdeb49797b7021e0b51e9bf,86036
S000181,FIVES,AMD_WET,160.png,1,CONFIRMED,RAW_594\AMD_WET\S000181.png,e330d9640df1b7725bc4d8d06e0bbf62585b474e32e4b04e18f17b021ad6b590,2391227,PREPROCESSED_594\AMD_WET\S000181.png,e0c5da844a65f63d1ac73f40136d1e6e562df4c58ea51689ebd5c9b654b9588a,394332,ROI_594\AMD_WET\S000181.png,c3ca1afcc5566f3ba775c0e8aa689b289badde5140af4e8aff3b0317432ba206,92756
S000182,FIVES,AMD_WET,161.png,4,CONFIRMED,RAW_594\AMD_WET\S000182.png,100d0e73eb8168bfe0336c37cc0f03f0f21e1abd10eb38f0990ad47fe43e158e,2430832,PREPROCESSED_594\AMD_WET\S000182.png,cf5057b3acecb1202499917df68a8aacae1af81a8e357a8ab320a24a2e8b2441,383263,ROI_594\AMD_WET\S000182.png,376c8f6d8146d16efb2630410379e400a1fdc427e13b22ae609825bb61589467,88663
S000183,FIVES,AMD_WET,162.png,2,CONFIRMED,RAW_594\AMD_WET\S000183.png,7cb56b7edd96f68b287beeff3548519e70fa372ca27395e9cc65396172f0f98a,2310981,PREPROCESSED_594\AMD_WET\S000183.png,eb9b599f0fc8fd2caddbbdc41801626bbadf976487fc03588ae95c736911cbf0,381411,ROI_594\AMD_WET\S000183.png,ea60171981cb403d88d63eb49f62ec67e55e3fc2a5e584925045afa9fce014ca,84405
S000184,FIVES,AMD_WET,163.png,2,CONFIRMED,RAW_594\AMD_WET\S000184.png,534f8e89587f89e72314f844311877cead6b3908abc2bb976f53df593dada192,2521518,PREPROCESSED_594\AMD_WET\S000184.png,3a34291f6e06bf11c6f9cc0a5829b263e77c4daf07dcc0bf70c52c8b7c5589b3,391223,ROI_594\AMD_WET\S000184.png,141b52ca6bce856d28fdd4b71b8c4ab4300d7c321b8bf4129cc4a410afec51af,93927
S000185,FIVES,AMD_WET,164.png,4,CONFIRMED,RAW_594\AMD_WET\S000185.png,92c8a52756bc01c50183a8670f4d0ee258e04911774271ceb6f608c5418bae42,2261871,PREPROCESSED_594\AMD_WET\S000185.png,80ef9639e1fdd100a89f8431e5bea3c36673b963302b913f15fec983723b16a4,381725,ROI_594\AMD_WET\S000185.png,70663640f3cbc51011862fd290f22b4207e76c3ed8ab8d121bb1dd5caca8af9e,86952
S000186,FIVES,AMD_WET,165.png,2,CONFIRMED,RAW_594\AMD_WET\S000186.png,66605324cb1eadd99a8ee35aa19a4ba95b25c2569026973471c81c40dc01d89e,1903369,PREPROCESSED_594\AMD_WET\S000186.png,7a9c3d44d3eda403da00ee2f3bbaacfb649f9b46029ed0ba774d2e65b6c46bfc,346315,ROI_594\AMD_WET\S000186.png,6d75c7a2c632454269e60a5666735de08307e6cc07144ef5d459d1b35458542f,80669
S000187,FIVES,AMD_WET,167.png,4,CONFIRMED,RAW_594\AMD_WET\S000187.png,1d4097e84cd274d09cff90aee3f6c3fe2cc726ad33f45fe2ed2a7847c26c2390,2110078,PREPROCESSED_594\AMD_WET\S000187.png,6ae7d2214a6883af6e5dd8ae73c5ef526b70770bb05cfb232274d273fdac65c0,357239,ROI_594\AMD_WET\S000187.png,c0daa0363c7f91c92c9cb614da9ad2fd5038840387a1c81741af23a231145937,82760
S000188,FIVES,AMD_WET,170.png,2,CONFIRMED,RAW_594\AMD_WET\S000188.png,80e6a96d8962d43c96520fc11636e7fff4457e1080a7ab43e3d523a35790fb95,2378136,PREPROCESSED_594\AMD_WET\S000188.png,03356b05d2ae47a4f57e3eb0012f472c3bf14f58e8e661c75cc8f8c3f42550e5,373065,ROI_594\AMD_WET\S000188.png,1b98bd581ea6c666f6a2f936c270016f331777dd64ee8ea0b3730b2a50333677,86902
S000189,FIVES,AMD_WET,172.png,4,CONFIRMED,RAW_594\AMD_WET\S000189.png,430e6200643c411f2e18766cd8bdd90f26769720e1fa1ad2a045db07d396ef16,2291122,PREPROCESSED_594\AMD_WET\S000189.png,8f85ae8f3c335ed3865e4f46d0fa2fecf8de2b87b06cd7811dac5c6a431cf2bd,382007,ROI_594\AMD_WET\S000189.png,c854c0443fae8f8fd15400f6eaa720bb636fde98aee63cc99d6dc911faa6c6a2,84167
S000190,FIVES,AMD_WET,173.png,3,CONFIRMED,RAW_594\AMD_WET\S000190.png,9b12309db277825cee0ef67d2f2f91470647a9b9132bda1bd68107e47145e695,1918332,PREPROCESSED_594\AMD_WET\S000190.png,d837a21a9cb0dd7bf721806e1546a9dc0b5a753318e0d95948269823972dacbd,353370,ROI_594\AMD_WET\S000190.png,315f90bcd8237b7c81078e6b678638decbe93c21c56751ba8f27d3d3b726f3a9,83897
S000191,FIVES,AMD_WET,174.png,5,CONFIRMED,RAW_594\AMD_WET\S000191.png,000f6422e3ca6cc3c271941b1dda450b85a3a1a449f479ecf0270642ca8c89d3,2390865,PREPROCESSED_594\AMD_WET\S000191.png,c0374dc3c2fc54ed14c211604a6e284eafc9d359606f6d52de96d3c609ffe445,379273,ROI_594\AMD_WET\S000191.png,3d76d1560e8754f6f2dd31b352feb42e2c692f6c2afe943f80d2c28b126ff17f,89079
S000192,FIVES,AMD_WET,175.png,4,CONFIRMED,RAW_594\AMD_WET\S000192.png,b7e5913e1c2d0023dfe8cef3ce933ec1701ce81ce41e1c619a4f13d1a870da7f,2138849,PREPROCESSED_594\AMD_WET\S000192.png,ea4daca2a4a21eb3caed6cb77b67b6a4a77674c75476edf702967507e5b61862,371957,ROI_594\AMD_WET\S000192.png,785ba0611b66420acc452f3cde2dcc0fcb1a085ae2cf6ce5e58304186b5a435e,83489
S000193,FIVES,AMD_WET,176.png,3,CONFIRMED,RAW_594\AMD_WET\S000193.png,db56a380cfb9a0792026429e03f32efaccff457326ce5300474fee4d18f85dcc,1869233,PREPROCESSED_594\AMD_WET\S000193.png,f4b71b3ecdbf669ffc76246bf8b19b3348673a511d3245607c9303058eecaa63,335803,ROI_594\AMD_WET\S000193.png,97903906a8d1f477f74c01793230318ded5ed4ecf440fc7d8a6d0303a3812cb7,77621
S000194,FIVES,AMD_WET,178.png,5,CONFIRMED,RAW_594\AMD_WET\S000194.png,79a49718fdb300f94880ad119641b9dbb5c2d2b589804b16ccd9cb433fb2fcaa,2055810,PREPROCESSED_594\AMD_WET\S000194.png,07a5117559703ae1fcbe359040921cafb318c0d67336ce70fddc3eddbc234beb,381164,ROI_594\AMD_WET\S000194.png,ef9eed09dbed5fdd946c4e6b27fd35540b8b7d10d1281f36c1691d234839a0f2,87967
S000195,FIVES,AMD_WET,179.png,5,CONFIRMED,RAW_594\AMD_WET\S000195.png,766795107f7c9d4960559d3a0532ac4f9c1bb62e8249dfe4deab9cb3262255c7,2530840,PREPROCESSED_594\AMD_WET\S000195.png,12ac10c4dcacc82d2a514633ceb7644c1cfb948b0abd7bf7564d7416d2944508,393614,ROI_594\AMD_WET\S000195.png,c8baf34497bd6fca585c23890fdbbf651bb3d2b002c1157a2cf35ea003d1f35b,91652
S000196,FIVES,AMD_WET,181.png,1,CONFIRMED,RAW_594\AMD_WET\S000196.png,0970f87fe066c8234c8ae9c8ad32b29d3a4557cfe7e4829034c944f23f324193,2311262,PREPROCESSED_594\AMD_WET\S000196.png,db4f02948c80da886b958d193177613f3ae3300c08cce6d48eb881e3557e3df4,371764,ROI_594\AMD_WET\S000196.png,daa24e0d137b00ee1dc8c8835a78f64eadb42af7d66ba6440a8b3389d54afadb,84323
S000197,FIVES,AMD_WET,183.png,1,CONFIRMED,RAW_594\AMD_WET\S000197.png,f8195e1663d5701cb4ec1b1ce946d5415c277fd7362990f89034fec02b8bfb02,2321383,PREPROCESSED_594\AMD_WET\S000197.png,31c3c7935ca248defcb57a2b0ac316a2ed3d6e3f4e90856ab7a2653e7259b61b,384208,ROI_594\AMD_WET\S000197.png,ce144e107e6aac1ddf19e47e3f1fd157f40b1d2f66936fbc408ba79533427b36,88811
S000198,FIVES,AMD_WET,185.png,1,CONFIRMED,RAW_594\AMD_WET\S000198.png,a20d51edcbfaa759de7a30db8a7295c127ce85bbace98917277ac4d818963e44,1689231,PREPROCESSED_594\AMD_WET\S000198.png,9a3409a558d1ca44fec1b90f3f02171dfd0d0c112184ea3de0cf30ff65e36f11,322961,ROI_594\AMD_WET\S000198.png,9fa1c1c82de1c8da1ac8d5951f4242866f026f004beb9aa4f1b4768d1fd67c9d,76529
S000199,FIVES,AMD_WET,186.png,1,CONFIRMED,RAW_594\AMD_WET\S000199.png,b5188bd9d56f06b928354581fff386d0ad8b6dc2d14e4b9c9e8f60a727663383,2649431,PREPROCESSED_594\AMD_WET\S000199.png,c853be1fee3e085f0622bc93154dba971bf444cc083e083ea1c6d738b24e8bdb,399022,ROI_594\AMD_WET\S000199.png,5bed420a327020a5faa7e3ffc8a1fde265dda42e096ee15c2c1ef8a48c8c213d,88320
S000200,FIVES,AMD_WET,188.png,3,CONFIRMED,RAW_594\AMD_WET\S000200.png,ae8c55ff444338b8610d436ad32322b65282caa92d17c791537e9da14775dd28,2398230,PREPROCESSED_594\AMD_WET\S000200.png,dc67d7948d1187ea671bd57d8bd32e1dd2bc280a4bae9bba2beb1505ec13f5ec,385026,ROI_594\AMD_WET\S000200.png,03ec91d44613fc463879432e26c230f29822c47e6fd066f5c7d27fa446a1df0b,87286
S000201,FIVES,AMD_WET,189.png,3,CONFIRMED,RAW_594\AMD_WET\S000201.png,260049931efe7f2f41d57c3d026883bdbd0976b3b89bf78d029bf0e285de7a91,2452615,PREPROCESSED_594\AMD_WET\S000201.png,46cd32f99cf7012ebaea093571c7d75a6cf1d5eef9f97eaa911b4950bd83be19,385121,ROI_594\AMD_WET\S000201.png,fdab24ab4cffa6c24de02bf5e79fc2eb9280470ad1d9decd9dd6aa19a1a2b439,86140
S000202,FIVES,AMD_WET,191.png,5,CONFIRMED,RAW_594\AMD_WET\S000202.png,a455a8952c22cb07b75a97d354d96d6e32ab80505bd866cc9b27c2a319e0fb6e,2041335,PREPROCESSED_594\AMD_WET\S000202.png,53e4f3cf7048aa0a5e1d59323c89f4dc81e6d2a3a1a836563fa96e2b60fa6f23,349520,ROI_594\AMD_WET\S000202.png,42134a8520d89ba07d25041b85cd96bb1c03fb8dd4f67301ffb783eac4038fdc,78879
S000203,FIVES,AMD_WET,195.png,4,CONFIRMED,RAW_594\AMD_WET\S000203.png,e616b4f67b6425777321e8eaaa5ad1bd9d59485201a2cb1260d31f0fa8432bfe,2350014,PREPROCESSED_594\AMD_WET\S000203.png,e12a5c061340731a6a659eff9145a134a3aa2bf5ff3073e119c8d683d3c074c1,379808,ROI_594\AMD_WET\S000203.png,fbc060dcc08d550dc962016dfd90f5dfaba0db3cafa6aa78f45c0d90c347003c,87363
S000204,FIVES,AMD_WET,196.png,3,CONFIRMED,RAW_594\AMD_WET\S000204.png,090e70ba123d22d4d51da1d58f26bff561d728048edc44d126ab36031d790bcf,1974449,PREPROCESSED_594\AMD_WET\S000204.png,4cb0237411def64e1daadb212bf94ee96a9cc6bf083aa58e30fb9e2f7e03368b,346241,ROI_594\AMD_WET\S000204.png,fe977bd1a1a7bf57be35380cc4dd4d09e844e0887650e3847c5f570db7afb093,77864
S000205,FIVES,AMD_WET,197.png,2,CONFIRMED,RAW_594\AMD_WET\S000205.png,8b648ee1d4ed996e6bef7215cc7dbbbdf3d290771f062322c6c4bef5fa277425,2659437,PREPROCESSED_594\AMD_WET\S000205.png,841827713c567197fec70a41b8e879597b1394b9b6426b65a6abab0cfe1abeef,388731,ROI_594\AMD_WET\S000205.png,659cacba2b627a56733832a803ddbfc16135bffcd5926a71233ca95ebb2d2843,87416
S000207,FIVES,AMD_WET,199.png,3,CONFIRMED,RAW_594\AMD_WET\S000207.png,2137b5e60a97974c4628bb3206f67019baf734c32884a9f34023c92b5b3f2cb9,2290733,PREPROCESSED_594\AMD_WET\S000207.png,63de1e1d7ee213e898a18e4ffb0081c8e5e718f3ddaee4a6966640c6e4bf41c8,375651,ROI_594\AMD_WET\S000207.png,9280e633224271f6aa4f4d12e731d2b1d1da832de54d2390af1ac20d391c8d6f,86132
S000208,FIVES,AMD_WET,200.png,3,CONFIRMED,RAW_594\AMD_WET\S000208.png,066fc4ed9230f31fd97218bf9ef9c64c0acf304fc4df6dd52019ba5f65542a2e,2278166,PREPROCESSED_594\AMD_WET\S000208.png,b338d837026b3720b66a6df6560411178e84fcd157b77671338f3d8afb8597e7,367078,ROI_594\AMD_WET\S000208.png,49bc04469ed8e9f552b87facc08560741b9a710b7a67b994c1d6d8bb6405a52b,84848
S000209,FIVES,AMD_WET,205.png,1,CONFIRMED,RAW_594\AMD_WET\S000209.png,7a043e62cbe06ab7b3513506ba645e3bbe66d5345bd8248bbd3dbaccdcc21256,2319969,PREPROCESSED_594\AMD_WET\S000209.png,633dfca18568995c8a4e27070de9566696ca606064c277556f726850c331c848,375538,ROI_594\AMD_WET\S000209.png,7d93c35df947a70bbed95f786b51397b051a33441a62fb01319bd0103ab580f4,84677
S000210,FIVES,AMD_WET,206.png,2,CONFIRMED,RAW_594\AMD_WET\S000210.png,662605f3054b7a82da2335eb5c341f72b70bddeeabc9b9ed652e69f5442ce95e,2332848,PREPROCESSED_594\AMD_WET\S000210.png,c5d0f19d3f3186f6e60768f8393fd0429302e27afa745e48af205fc638217294,377588,ROI_594\AMD_WET\S000210.png,baea3d63a5234e0a490a71488a915ce78e08c7aadbcd650339d3542d7e94e521,85837
S000211,FIVES,AMD_WET,207.png,5,CONFIRMED,RAW_594\AMD_WET\S000211.png,a40e3cbd6d4839f03a790f56b57080a9bfba75a9bb49a1ee2cb67a7956230329,2098308,PREPROCESSED_594\AMD_WET\S000211.png,90e35fca43d1fb47fa6424059c54f06079a09e01d387d14a7cb2572e8dda8eef,340868,ROI_594\AMD_WET\S000211.png,0aee854ed3dc303c163cdf5222c659d17e96b38a450ac405457014b58b1dade1,78136
S000212,FIVES,AMD_WET,208.png,4,CONFIRMED,RAW_594\AMD_WET\S000212.png,569e0f6a5f34dee89eb52f03c3217e041461b8665a9bf7d799559da166869899,2153568,PREPROCESSED_594\AMD_WET\S000212.png,3829b53c60832ed59200c46674eaa1549cfde7647ea86ec14d26f23b1fc035d9,366201,ROI_594\AMD_WET\S000212.png,3643f8581b15315fa2d44bbda86b00144bd57dfd73117ab853ae17923acdbff5,83879
S000213,FIVES,AMD_WET,209.png,3,CONFIRMED,RAW_594\AMD_WET\S000213.png,8ae9b71022ffb1447d6ee7a947d379104230efda236e5d981c5eff39d5880203,2320427,PREPROCESSED_594\AMD_WET\S000213.png,db49f8b969f71f47c22e520d94bbcd95ffd9aeeb5d2d5e7d83885401344c840e,380007,ROI_594\AMD_WET\S000213.png,630e6b07200f9be0a62ab669304bcfdce38a0ce0fbad4efa2dbd8199e26ab6cf,85626
S000214,FIVES,AMD_WET,210.png,1,CONFIRMED,RAW_594\AMD_WET\S000214.png,6eceb5e3dd2fd99bbf6b5301e412160cadd7c98e1f53765ee738342d61fdd1db,2063162,PREPROCESSED_594\AMD_WET\S000214.png,42e63b17c4a329f592743a58a3cb8c7cc52ef2daedba4851539e74e5c3b7059b,353813,ROI_594\AMD_WET\S000214.png,d489e5db15c3acc63444e4f6ed1efd28787cc671e0120ed1312c471cf674c6c9,82024
S000215,FIVES,AMD_WET,214.png,5,CONFIRMED,RAW_594\AMD_WET\S000215.png,ba42d357f0ecebd230aad1e7d6af69a4be19302012bb7195dafddd1689a0cdeb,2552651,PREPROCESSED_594\AMD_WET\S000215.png,d37baeba0428a7cdc66168f4039e8fbf8ab5583f7631ec3b4c36f93c517414f0,396656,ROI_594\AMD_WET\S000215.png,06e1b1ed41c0c4e79030dcc0d9fe5c3806bcd2327a20c3bb102211ef9c8031a7,89805
S000216,FIVES,AMD_WET,215.png,3,CONFIRMED,RAW_594\AMD_WET\S000216.png,5ee508d7f178b7fc77a510e3fde99b2c1a10f14d449e136cbcf4e512754aadd9,2319103,PREPROCESSED_594\AMD_WET\S000216.png,9d09a9f78371d3980bc03c355fbf1e9da74c213c2c28b61253b4ca339aeeea6b,372875,ROI_594\AMD_WET\S000216.png,ae2c21d5b7233abc529dec86ec380b795f77c37545ad2b1696ec9e8cdce401f3,84027
S000217,FIVES,AMD_WET,218.png,5,CONFIRMED,RAW_594\AMD_WET\S000217.png,ad5ed5501debc08822f812c9e2ce4bb30930c48cbdc827ecaa8a66f4abb58a70,2190972,PREPROCESSED_594\AMD_WET\S000217.png,da15ddde11be65b8768d3575259fd97e5571327103467aff544031f5e86eb020,363853,ROI_594\AMD_WET\S000217.png,7d1d49846c2679e12428c10a848f231b13c2e0b827be029a583f80e94cdd4b25,84892
S000218,FIVES,AMD_WET,220.png,4,CONFIRMED,RAW_594\AMD_WET\S000218.png,2e02375acf23c873bb9aec8e0a83b9d1ac97cf96301f1d9215c73f09a25b185d,2251763,PREPROCESSED_594\AMD_WET\S000218.png,12e14e7fef50307737877273679487a1b23c7c934eda2b17fddf1d314dc1fbab,373223,ROI_594\AMD_WET\S000218.png,8ee366280f4ad9bc3d951ecf0e44d0a3896b58bf535dc98661e43ee5ffb21f56,84437
S000220,FIVES,AMD_WET,223.png,3,CONFIRMED,RAW_594\AMD_WET\S000220.png,34fcfb192c1fa1d8f0ca048a932b149bc85c92c3cd9dc414a7b823a51c77cef8,2297692,PREPROCESSED_594\AMD_WET\S000220.png,6ba0c41a880dff930ae26d75fc93fa0d6b5a6cda839d8cade7463ae38ed37cf8,365987,ROI_594\AMD_WET\S000220.png,6b9bbbb73a1c1d7845e50e1b8023a5aa7ec111bed953307397017ad0e3695eae,89432
S000221,FIVES,AMD_WET,224.png,1,CONFIRMED,RAW_594\AMD_WET\S000221.png,ae55b0e9add4b7b6c54d0347d466c058ffbeedc33544f3b98edad646fbf9830a,2330417,PREPROCESSED_594\AMD_WET\S000221.png,40b2778117786f67b3c39e543861bfaacc59c0745591e362aff6877d3e7747df,383121,ROI_594\AMD_WET\S000221.png,9b183c0e52ed7ab8e66ea4b331f281cb725781c4c988233022f8d1d6030f0574,90564
S000222,FIVES,AMD_WET,225.png,2,CONFIRMED,RAW_594\AMD_WET\S000222.png,9a42164f9983269a6e897d09c2c33f1393f00ecc0b27c4c7518c2286e841ad97,2330621,PREPROCESSED_594\AMD_WET\S000222.png,ddf1a6e6e0cd15b21e778ba3a58d910f69952c3d60826b90202d437dd1dc3e30,379699,ROI_594\AMD_WET\S000222.png,9cefb11dbcf36bb17bbe3dc45c55795533b2a47b00057e60e452c57b904c2002,85005
S000223,FIVES,AMD_WET,226.png,1,CONFIRMED,RAW_594\AMD_WET\S000223.png,6596ef5400aa9755d09a0eda029fde9c39e55cab6fcf1d1321b56c16a69be097,2270523,PREPROCESSED_594\AMD_WET\S000223.png,fb795152ab80f1dd8763d38df7041878b143d5985d046336fc3f3ea4c38307a5,378342,ROI_594\AMD_WET\S000223.png,600d8713511fcea3922ee05e1eb17697c27106c03a86bea5a17ee1210be66e79,88461
S000224,FIVES,AMD_WET,227.png,4,CONFIRMED,RAW_594\AMD_WET\S000224.png,0c8a7ed5f414818ae0c96d72bb3a6b9989d3c3244a0120196118921790122a48,2313558,PREPROCESSED_594\AMD_WET\S000224.png,5e683a1a0bdd7328ed33c17a2f414605613c7577818cfbe4f339ab8657a9fb24,376137,ROI_594\AMD_WET\S000224.png,e14c8b8bcc07c0329e1ff11cac4139a90082478a38e6439df739c87c588eaac1,86180
S000225,FIVES,AMD_WET,228.png,4,CONFIRMED,RAW_594\AMD_WET\S000225.png,47736a32a899da04fbffde3751fe39c8e08b8dc1dd0d26ef5fa92b2261660de4,2442731,PREPROCESSED_594\AMD_WET\S000225.png,8a23751e162901f3fff8303348b4334628b78514fada202c195a319123777e6f,389124,ROI_594\AMD_WET\S000225.png,4533f149daeb8845a2096e3669607e4e8eb31a920742c2ed741ce792bbc3005d,88618
S000226,FIVES,AMD_WET,229.png,2,CONFIRMED,RAW_594\AMD_WET\S000226.png,134a41a488ffbac4ae3d80ac4e79f5e51a82d252f6d5365b6a05713757716f0b,2664257,PREPROCESSED_594\AMD_WET\S000226.png,ff00e3e1bdf1ec56184efda029ee9919a60b42f6174b59fe169623f56d74a7fb,407814,ROI_594\AMD_WET\S000226.png,09790255c4c7788cce6ea834f9723e9a30c88cc9faa463bc005631a4a4cb2092,102632
S000227,FIVES,AMD_WET,230.png,4,CONFIRMED,RAW_594\AMD_WET\S000227.png,df6a5e39e26be7eea9f0572b557865fa442c6f8ccbad4ab564949cef2986359f,1978083,PREPROCESSED_594\AMD_WET\S000227.png,88a4bcad74ea8cdd7a58826b77557a3970fc7c30fb27fb63d3b4327b27a64760,345884,ROI_594\AMD_WET\S000227.png,c121a968098a73333147002fdac6fa8662d666463adbf1259f2023c238236f2b,79027
S000228,FIVES,AMD_WET,231.png,1,CONFIRMED,RAW_594\AMD_WET\S000228.png,167f254af63fc65a5f486feb217c8e5730555ff29886044c003153c1df63d508,2510562,PREPROCESSED_594\AMD_WET\S000228.png,7cbd1a54f134893603196483cd6e98415e6e562e54b2456289a9d2245a7d2a0e,385962,ROI_594\AMD_WET\S000228.png,8e037e48c3672912e2253401de13720226fdf7656eabf992b58c47e2d70454aa,84916
S000229,FIVES,AMD_WET,233.png,5,CONFIRMED,RAW_594\AMD_WET\S000229.png,bb94b0052fbd20c90b477c342570ce34e341ae3006bba3caf455918845bfc09e,2469896,PREPROCESSED_594\AMD_WET\S000229.png,ad5179a3cd7513e51d8e2af14bc793ee5855b30f47fcb4aff7fb084dd2cd6312,382803,ROI_594\AMD_WET\S000229.png,a5531e80f60f4cb8ad08caa93e0a3bae6cfe3e22971771f8135886e43995d935,91345
S000230,FIVES,AMD_WET,236.png,2,CONFIRMED,RAW_594\AMD_WET\S000230.png,a8198ae684c6d7dab91953198de1cd09b9334dc3e9b05204b25054991c40cd0a,2363326,PREPROCESSED_594\AMD_WET\S000230.png,993105713f8a971e263ba67274ce8562441e01de23ca550a039ebc389d9f6154,381327,ROI_594\AMD_WET\S000230.png,04cdc08a0bc1f8c036d290fcab07dbafc59c024a9c0b8a96151de4db4b99f887,87473
S000231,FIVES,AMD_WET,237.png,1,CONFIRMED,RAW_594\AMD_WET\S000231.png,fb68d916ecd42d55333068d6580bda3f1ca952dd3e662df5a0cff5f0b21e1bfe,2414963,PREPROCESSED_594\AMD_WET\S000231.png,424f74bcf47bdab1a3cd6f3c17a82fe1c138e1b835712a49c634021dcf129971,368299,ROI_594\AMD_WET\S000231.png,9dd949284316d90a511cf4ae75a5ca9c99e71730aad9c45fae3ab6f6dd281696,81418
S000232,FIVES,AMD_WET,238.png,5,CONFIRMED,RAW_594\AMD_WET\S000232.png,97274823585b52b52062db836eec7ba0f1ed9d46373b973c7648d04e007e233a,1888659,PREPROCESSED_594\AMD_WET\S000232.png,45573255da84d29d50bdc187edaea7ad568ca36fa089b1721f497e029addf91a,343621,ROI_594\AMD_WET\S000232.png,7bbe439ff23b8c45519a69f976124ac5861db8d363b5de06873e2039e0b381ab,83387
S000233,FIVES,AMD_WET,239.png,2,CONFIRMED,RAW_594\AMD_WET\S000233.png,1f5a1cdce160fbdc683f33a0114d0437a38492590ab45afddff7843ace80bb0b,2445286,PREPROCESSED_594\AMD_WET\S000233.png,0bc4d704c1b96e3c3bcc6eaccfdf61101477b93d988addd9c2521da8105081d0,386573,ROI_594\AMD_WET\S000233.png,3b2fc01d8dac9ecf6e70c1a28c037a074f1d01723d3b9235f4db85fb6567be68,88778
S000234,FIVES,AMD_WET,240.png,4,CONFIRMED,RAW_594\AMD_WET\S000234.png,3b5954427910c70c8296b9b6689d6593dd6189c5a36a3aee1437262610a9bd02,2180490,PREPROCESSED_594\AMD_WET\S000234.png,ea761658eb012b0615e60e56f65ef349f973628851adc49a96b7e2608634bc24,378227,ROI_594\AMD_WET\S000234.png,727ef7374f7eeb29f50848d2b1763d52615b3090cb561c0f6f55767c32a8e8b8,85892
S000235,FIVES,AMD_WET,243.png,5,CONFIRMED,RAW_594\AMD_WET\S000235.png,57e27810f204ebab239fbd7416364c05be8ea985b367a75c8dd07c0c297a3ded,2328874,PREPROCESSED_594\AMD_WET\S000235.png,d773f582ecbfdb45e5facc4e83d22647c3745bbc7e8cd5721a3f8ef7c3b0b174,380854,ROI_594\AMD_WET\S000235.png,52242ecea1a4dac4f8d714b9d52253ab42c93697faf8e7901c35aa02531046a9,88993
S000236,FIVES,AMD_WET,244.png,5,CONFIRMED,RAW_594\AMD_WET\S000236.png,7ddc199d345569cf4207800c89fcd1e65533e58c460087af2342797fb2cadb71,2184681,PREPROCESSED_594\AMD_WET\S000236.png,0b82019ba4ff62309358cf83754e9ffafd8946f8c5f4ea5f20003a0586767e3d,361502,ROI_594\AMD_WET\S000236.png,b73f3b2129970e1542db4393c70b0f4d900dd227e26e83c18066cd5a7a13f8a7,80896
S000238,FIVES,AMD_WET,247.png,2,CONFIRMED,RAW_594\AMD_WET\S000238.png,61e1e79dfbf3542c37885db81b98c345bb8cbd56eafb82b8111df0e67c26974d,1680197,PREPROCESSED_594\AMD_WET\S000238.png,65b025bd7ec701aaf1664967c82bfd6118baf821e71b25851e9f44e763ce9979,321097,ROI_594\AMD_WET\S000238.png,cb1959628335e548330bf1ed5f0939bed9ea547a93842662a0187020210b4f2f,73598
S000239,ODIR,NORMAL,2827_left.jpg,3,AUTO_CONFIRMED,RAW_594\NORMAL\S000239.jpg,bce189547fc84272e933cf798b6ffa1136a94c029a548b42688c4719c1d36ffa,216549,PREPROCESSED_594\NORMAL\S000239.jpg,28a6ceae622784406f812691af541e5fcc76b9a7e322803ce55daec269f87b2d,94294,ROI_594\NORMAL\S000239.jpg,1a5d0e1941cee2701a7b087576fec31462493b0190d1b0ebfca35d507016175d,21433
S000240,ODIR,NORMAL,2882_left.jpg,1,AUTO_CONFIRMED,RAW_594\NORMAL\S000240.jpg,1ecc0cc3f6676348d2e82a1a53d6d504f9af95fb366dcc70717c76663f245017,170292,PREPROCESSED_594\NORMAL\S000240.jpg,13c5becc6661bd45165574e9831e1a28646972d748a0b114be5acd9e76231e79,95140,ROI_594\NORMAL\S000240.jpg,01ec559d5234bc3d5c693c9029e9e62565652f0a2281709b2b71d5009cf214b1,22145
S000241,ODIR,NORMAL,2890_right.jpg,2,AUTO_CONFIRMED,RAW_594\NORMAL\S000241.jpg,58ab259f34bb203c6fe9b0c5edfb85e7f62b9621f20bec6ad574d14f27ae44f8,215734,PREPROCESSED_594\NORMAL\S000241.jpg,8ff30d6f8d89d842998d5425e0692d4f07b367cc28c00e71b276cc8260e32f4f,100873,ROI_594\NORMAL\S000241.jpg,39a92a9231a83115a73c85b3a825fa0d1a752f64cc57d80f51a2dcd49e04756d,23696
S000242,ODIR,NORMAL,2894_left.jpg,4,AUTO_CONFIRMED,RAW_594\NORMAL\S000242.jpg,58dc7d1f2aa02602c67be67e3fc849b9be0e23bf3d65fd128d62c2e06affbd6b,212517,PREPROCESSED_594\NORMAL\S000242.jpg,504d5e0ca444aed5653cad9ab64e2795939ec1ca8f3ca2e1003d1239fc9a7383,107501,ROI_594\NORMAL\S000242.jpg,dd76455b941c908b2612502228a86445880265ec0e56f36719bd69c875f4323f,23697
S000243,ODIR,NORMAL,2899_right.jpg,4,AUTO_CONFIRMED,RAW_594\NORMAL\S000243.jpg,2c0e4c89449856f67261b5a06a0fccd153537b405a86a2dc6e1aaa88d893f98f,206843,PREPROCESSED_594\NORMAL\S000243.jpg,b2a14935d3fec74f8b5d522f62c61296dd57eecad7d97c3e3c2dddf55051cd92,91284,ROI_594\NORMAL\S000243.jpg,0c566f0ca3652a2de7989ede33a5d50c7e1193be48faeffc2804a90868ebbebe,20360
S000244,ODIR,NORMAL,2905_right.jpg,2,AUTO_CONFIRMED,RAW_594\NORMAL\S000244.jpg,82d4f382ae176b2eedd3e20aa3b59fb6abf17637a5df1b83a1f35a324792cdf3,371340,PREPROCESSED_594\NORMAL\S000244.jpg,be7cd869a08cf4de522058451b0bdeff0f47175bae111b4dd60e771dda2af65b,96696,ROI_594\NORMAL\S000244.jpg,5e66e664f46d2e9935a90a3fedfd58380b955e3f76156abe703f8c48743f11d1,21818
S000245,ODIR,NORMAL,2914_left.jpg,4,AUTO_CONFIRMED,RAW_594\NORMAL\S000245.jpg,92009af296c594ce35dafc6d8a3630bb17c806a1e98179a3838bc87ddd043e7a,159881,PREPROCESSED_594\NORMAL\S000245.jpg,c948d4133f23eadb4c063b6fcaf3833662b997a431068612fa6ae7c2f6d286bc,93003,ROI_594\NORMAL\S000245.jpg,ef69d7977d4454c02a06bbc0404649292162c543b092f827931ae28b54d8d09d,20322
S000246,ODIR,NORMAL,2919_left.jpg,4,AUTO_CONFIRMED,RAW_594\NORMAL\S000246.jpg,b35298e1ec70c8aab7058d330becb12e538fdf200b7d59af983d89eb5f927d0b,170098,PREPROCESSED_594\NORMAL\S000246.jpg,9839c439f3c30928153d713e3ffb8bdf673b4023693bb1116c62d0473def7c67,96514,ROI_594\NORMAL\S000246.jpg,4ecaccf5d91fe67acdac29d6886cfd606ba68cf030019eff2b87c4eed1ebc89f,19879
S000247,ODIR,NORMAL,2936_right.jpg,4,AUTO_CONFIRMED,RAW_594\NORMAL\S000247.jpg,c3abc3a7cad0eb1f19add4ffff2f253f9995bbcfa3dafcaba3e0e3efedc70859,178689,PREPROCESSED_594\NORMAL\S000247.jpg,70c270e87a3333319d94733e308ad674402e127ccbc3dcd4deca76a6b0cf5f12,100072,ROI_594\NORMAL\S000247.jpg,80b27ee732ad350db03169a07b6df4fb716bcf58d55364f5c8f83a136cc330fa,23054
S000248,ODIR,NORMAL,2948_left.jpg,4,AUTO_CONFIRMED,RAW_594\NORMAL\S000248.jpg,70f6766112b508eb2c411f30f034ffa27374fd8d48ae8644a407aebb1f102c16,202584,PREPROCESSED_594\NORMAL\S000248.jpg,3725678122ac170c54b2905aa95d7dcbb4250fc45062d74d35e25640a27f4199,104998,ROI_594\NORMAL\S000248.jpg,089679f45d9adf61be86976a8de51ac8506fb38a47a19725fec82e5a22deb04e,24355
S000249,ODIR,NORMAL,2948_right.jpg,4,AUTO_CONFIRMED,RAW_594\NORMAL\S000249.jpg,9880fccac9cca2e8441165461141524d7ddece82f081b1e9dda9a8a3197e939a,194231,PREPROCESSED_594\NORMAL\S000249.jpg,161eb47ab47044f72acb7edfe5a3425c613673c88c3982634d57177f71b240e5,101807,ROI_594\NORMAL\S000249.jpg,64a8d68823b6af091162a3d43acfebe52cb5a81de2975cec74c77d3082ce74a1,22831
S000250,ODIR,NORMAL,2955_left.jpg,2,AUTO_CONFIRMED,RAW_594\NORMAL\S000250.jpg,c138be3d4cee4e3e82887e79d948e9104ce397d77dc5ea41a0a30d3f93f37241,204419,PREPROCESSED_594\NORMAL\S000250.jpg,f84f991689bd333be097fd76a4d414de08de4c20aa8407c12a7074cc0d697dfc,93370,ROI_594\NORMAL\S000250.jpg,490548a0f14f69776c668ea0e13565ca3c3846663a77863c4e9ca8d68605aa3a,20868
S000251,ODIR,NORMAL,2955_right.jpg,3,AUTO_CONFIRMED,RAW_594\NORMAL\S000251.jpg,d0e2a232f4e3b8b077c55b138bab63cae19495e9c64c7ae6783de3390db44512,197638,PREPROCESSED_594\NORMAL\S000251.jpg,5be37c938a82a2fa7004be0fecd4eda95f482a1f671d0ff2f5029ecca9604b95,86379,ROI_594\NORMAL\S000251.jpg,b4b79dd01d1e1e1513e3872a3b5d51986aa77663f1a3d11b0dfbd1b4771b9bfb,18537
S000252,ODIR,NORMAL,2975_right.jpg,1,AUTO_CONFIRMED,RAW_594\NORMAL\S000252.jpg,3ec96ca7bee1dda1023f707e1c87edd42f493b2c7257c2adbc8dd4390f2dc398,351333,PREPROCESSED_594\NORMAL\S000252.jpg,5495c5239ffdfa4e9d71783508b386157f1bf85b819fa34b9de92c3acbe221b7,103146,ROI_594\NORMAL\S000252.jpg,22fe4e1fb3e3aff87e76a0959bb14725a9525d1387ca28a7f71a2b8617fd9a57,23870
S000253,ODIR,NORMAL,2979_right.jpg,4,AUTO_CONFIRMED,RAW_594\NORMAL\S000253.jpg,14d488494b3e20c9a62fa710af0e30bfc3a8399c23bc0eb84dbc87acfd6ee913,167724,PREPROCESSED_594\NORMAL\S000253.jpg,5092c3f52ac70fef3520d983562ed802790044622581e6886b3874d43baf8f7e,96799,ROI_594\NORMAL\S000253.jpg,63a0c2cece3be33c3b3c67368d9a7b5b2ac7059efbfdc904b5e1c516c73f1cf8,21501
S000254,ODIR,NORMAL,2990_right.jpg,5,AUTO_CONFIRMED,RAW_594\NORMAL\S000254.jpg,01755e715c87a96d74bfdacc082e462bbb50f67ff4d918dd5d84f63901c219d8,202995,PREPROCESSED_594\NORMAL\S000254.jpg,8df8a3ff327aa5f51920f66661a43e0ffaaa9eb594cbf3c30b48fd613bbc555f,105710,ROI_594\NORMAL\S000254.jpg,8e523b4e3b16083f16b3d461bdeb22f16999aafa75b50a96f050c89c4befc015,23649
S000255,ODIR,NORMAL,2995_right.jpg,1,AUTO_CONFIRMED,RAW_594\NORMAL\S000255.jpg,000035d3d7c7c8fc3ec2d20f83103bf12f682f0018b63603acd3fb2b7f2cad83,171861,PREPROCESSED_594\NORMAL\S000255.jpg,b46866fb4818d9538c24fc3df4b688f45a1b92f59728ff5c0874929c66529673,86999,ROI_594\NORMAL\S000255.jpg,35896d6d1bfb726efa1603bdfde79dd7408b74f92a5679c1ca9bef83d07f68b9,19553
S000256,ODIR,NORMAL,2997_left.jpg,1,AUTO_CONFIRMED,RAW_594\NORMAL\S000256.jpg,2582c57aa68c5ac58cd4dc005787bd7d9041e69232bb2cbe56e60d6f806b4041,216334,PREPROCESSED_594\NORMAL\S000256.jpg,dfad74a27761111d937c920ba8ccfae50e33044b5d9d0c50ed0093fcab6e4202,96996,ROI_594\NORMAL\S000256.jpg,101e2dde81d02bf0e5c94e1b9efb7d8fe81f88a834329c29fc20f4d78067c6ba,22467
S000257,ODIR,NORMAL,3011_right.jpg,3,AUTO_CONFIRMED,RAW_594\NORMAL\S000257.jpg,995b27fccea7eaef7169032912b59c43749a1502532ea138c8f89f1063e83e12,192524,PREPROCESSED_594\NORMAL\S000257.jpg,0ee8729aa3e028267e18fa383ca8d493b48373110aa06df728219b86ae31da85,100907,ROI_594\NORMAL\S000257.jpg,e6c47488a1cd0c4110b2b4f21f19fc69964f45073604aabf637173e4d564788e,22205
S000258,ODIR,NORMAL,3015_right.jpg,1,AUTO_CONFIRMED,RAW_594\NORMAL\S000258.jpg,fcee8e488448df04ac94958d522367ac2e0ea1d9fc612f8a8cb36131a208d7f8,236772,PREPROCESSED_594\NORMAL\S000258.jpg,3ad62ae4fac7b3598d078e4f69d9b87f84019add294cc60704a2e98d7ef50f36,124690,ROI_594\NORMAL\S000258.jpg,0b8ec99247dd704809f23d317db15b089b35c94f46f46d3e46ffbd08d7b5787a,27679
S000259,ODIR,NORMAL,3025_left.jpg,2,AUTO_CONFIRMED,RAW_594\NORMAL\S000259.jpg,aae854f8b74bfd7b95dcad2af380d0ed75706cf0aa13b6f9886feb5f9cbabb80,207999,PREPROCESSED_594\NORMAL\S000259.jpg,78c5bd3511bb698cf320a03c2d573ec6865be94c77b88721862dcb0fd72e56e0,108081,ROI_594\NORMAL\S000259.jpg,79b8945181c85e4bdcb0ba71c99430ea8be4fbf130bedd02e808d667d4c1fedd,24846
S000260,ODIR,NORMAL,3025_right.jpg,2,AUTO_CONFIRMED,RAW_594\NORMAL\S000260.jpg,84a88055a4beca46325390c04fde927031a2860413aa1b91734b2fbb1ed335db,198710,PREPROCESSED_594\NORMAL\S000260.jpg,275596d8867f3193a23ba200ea06b4b4da9a5a17678e12682449d96f076310bb,104333,ROI_594\NORMAL\S000260.jpg,b7efaac4261a99981734caf007b32b3deacc4bd0398570a591b69492ded0a372,23801
S000261,ODIR,NORMAL,3026_left.jpg,2,AUTO_CONFIRMED,RAW_594\NORMAL\S000261.jpg,32db4672565d4c73d632dca2f3ab66aaf04f8c926a2bdd210a479f2a92ed1929,195169,PREPROCESSED_594\NORMAL\S000261.jpg,c4d7d5c0408e3821e1e6c6218a7ed59b9da978e97fa63c2e4807d52da2257ca6,90060,ROI_594\NORMAL\S000261.jpg,62de3af2b5d1e0518df7b162947449b4a55020e23ff27e35c8a4215d10b6f446,20091
S000262,ODIR,NORMAL,3031_left.jpg,5,AUTO_CONFIRMED,RAW_594\NORMAL\S000262.jpg,9fc126bb2f54430aede6a651823a450a5d2d57dc97d4936bd83cf82104d11231,322287,PREPROCESSED_594\NORMAL\S000262.jpg,ec2a918ff5d8f485f2b79f267360b61760794ec1435102d1ac319b497b53f74c,97770,ROI_594\NORMAL\S000262.jpg,dbf5a441598d47296feb7ee7a1ae239cd472de5d118436effc62da953dd32c68,21105
S000263,ODIR,NORMAL,3050_left.jpg,3,AUTO_CONFIRMED,RAW_594\NORMAL\S000263.jpg,3f33849a4afa2d469aebe97319a6e939f3f5f4b77e42990a13bbd0629fa3c8e3,162821,PREPROCESSED_594\NORMAL\S000263.jpg,fa4428d3dbbc4553de15ba77b3c2165a03e24f4e71483ab26354706c6d2bc0ea,92666,ROI_594\NORMAL\S000263.jpg,a4653ac3b7d76cefbe1ebaf42b84d8bc69b2e4a88b186d7042ee9f511eb14ebf,20690
S000264,ODIR,NORMAL,3050_right.jpg,1,AUTO_CONFIRMED,RAW_594\NORMAL\S000264.jpg,6330127e502481d30ed213cf80eb2c7eb770b994b7bc01109b3ce49f0eed35d7,165357,PREPROCESSED_594\NORMAL\S000264.jpg,af5566be9ce1aa9cce992e5fd3e550a8f28976d34de0f1059c650681991dcf24,93872,ROI_594\NORMAL\S000264.jpg,bf3140b28c24efe6ff345253691f78fa6f38d89c3b95866d4fc6a5d0b4c2cc4c,21445
S000265,ODIR,NORMAL,3057_left.jpg,1,AUTO_CONFIRMED,RAW_594\NORMAL\S000265.jpg,0364ccd763a9e26966132a356c808973b95be391ce7a93277c7ab856f5f6468a,151437,PREPROCESSED_594\NORMAL\S000265.jpg,4c900e884fc4563b8d9749e30c950126b8297ce9697f2a309383a03d70420214,80120,ROI_594\NORMAL\S000265.jpg,792427fe7cd8338dc3a6e35c7e373a42bb4148f0653706eff86f623f88aa2011,16796
S000266,ODIR,NORMAL,3057_right.jpg,2,AUTO_CONFIRMED,RAW_594\NORMAL\S000266.jpg,bad4dc2313e2bc9024db27c3b46fb2fef2a282767b921398b021df6f758fd734,154797,PREPROCESSED_594\NORMAL\S000266.jpg,ce500acfc91f17e6d760ca40192c236daaf7aa81749bd92c994d1c1147be0a75,86867,ROI_594\NORMAL\S000266.jpg,0f157b46d78aebdf4b8f0caf2ef7b1f47ff1743dc7210f4b9d56fcdf4caa3254,19684
S000267,ODIR,NORMAL,3059_right.jpg,1,AUTO_CONFIRMED,RAW_594\NORMAL\S000267.jpg,b3dd37c9ac577e2f135b74a7f569565eb8541d8f817c651d5102f2eeef0950f4,420834,PREPROCESSED_594\NORMAL\S000267.jpg,0d4f825a38821ad18b416cf944d4d6bf5ab3a4334f5585c1c45d072954014386,99045,ROI_594\NORMAL\S000267.jpg,525e7bd45bbe6308622b346e7cdcff46dfdd8c80528986dac737a5eb51213b88,22395
S000268,ODIR,NORMAL,3063_right.jpg,1,AUTO_CONFIRMED,RAW_594\NORMAL\S000268.jpg,035c1364f02ccd111f3c736fe696aecaa4727c725e4e976abf6b3cbf295714bf,175515,PREPROCESSED_594\NORMAL\S000268.jpg,b088a28d6b880acfc03d17bcda159cb57b60ffd116a488bd16665abb3adbb319,98565,ROI_594\NORMAL\S000268.jpg,80aa608c4c040b834fa5771c45fd76cab2c93677236efd36754a1c59f7dd921d,21831
S000269,ODIR,NORMAL,3101_left.jpg,4,AUTO_CONFIRMED,RAW_594\NORMAL\S000269.jpg,e054cbde499a00161de06abb849613aea51137d5fcf3198812e836c560a2a6b7,157886,PREPROCESSED_594\NORMAL\S000269.jpg,390d56fab9311b4c819a25d81a6eae4ed4236a97edeff66f53141f704aa8c69a,87013,ROI_594\NORMAL\S000269.jpg,8b00ab09774769e9a929bd383532972dc5e1e2decb56b004a0e00b77ea8daf53,19244
S000270,ODIR,NORMAL,3105_left.jpg,3,AUTO_CONFIRMED,RAW_594\NORMAL\S000270.jpg,2ca5755de36eed5a93217ee6d39905ce2ea62db085b240dfe6f6051d1a71c01b,200299,PREPROCESSED_594\NORMAL\S000270.jpg,23af04b267c11117a4b7ea1b90a3ddac162e72c1ed86ccea9396f1e6abe184cc,105522,ROI_594\NORMAL\S000270.jpg,acd3b9becca7be05a4d26f75558097c2815835f7acfcea1621b5ed6bec9f67c7,24187
S000271,ODIR,NORMAL,3114_left.jpg,5,AUTO_CONFIRMED,RAW_594\NORMAL\S000271.jpg,748dc03da6e15249a3874be5b513338dac04bf5b8a8f8fc9eaa9f5f1add23109,174320,PREPROCESSED_594\NORMAL\S000271.jpg,28798d84b3be61a77c43a3f5ae99f799d972525580e9befe19bc54d7593a88ca,97028,ROI_594\NORMAL\S000271.jpg,8e67705f08afb614ae4fbc5952db2d941aa08aec57488856d2e2565c82eae544,21323
S000272,ODIR,NORMAL,3122_left.jpg,5,AUTO_CONFIRMED,RAW_594\NORMAL\S000272.jpg,336381e9f3b544ba2977a4fa7e253809c4da974731e3e140744666a593ae3be5,197477,PREPROCESSED_594\NORMAL\S000272.jpg,c2c9b2fecaabd7b6aa8e1f3235616aab3617edacdbbd8ab92b427af2db9e3098,89963,ROI_594\NORMAL\S000272.jpg,ab45c07e4db92916082a9972c0384089c9e85f64c17b88a598fb78507ba8e545,19418
S000273,ODIR,NORMAL,3129_right.jpg,3,AUTO_CONFIRMED,RAW_594\NORMAL\S000273.jpg,d85c2b0784ffadc02025293de3874b3cf5266ebb93aaf60d22545b3286f94fba,176634,PREPROCESSED_594\NORMAL\S000273.jpg,5336fe832082aec9e66be5e0a5e1a3dc0c8fadd010dbcc42d8752b8f05b8b206,90990,ROI_594\NORMAL\S000273.jpg,06a3a834d5f55dc51c693ba58edf197109a95c90e1f4ce8295d7f8b1de331b08,20043
S000274,ODIR,NORMAL,3148_left.jpg,1,AUTO_CONFIRMED,RAW_594\NORMAL\S000274.jpg,4b655c2be630f0d17649d1f74dae3f87a3ab19d3bd07369f086cc26c161fa23d,220101,PREPROCESSED_594\NORMAL\S000274.jpg,6b123ae269bdebdf38573c5a1761ae75d62938b16122f092799fd3657ef9c0cb,112005,ROI_594\NORMAL\S000274.jpg,085b52df47a5fa8f5979d3392d569c294b76e192d3f603fb582c891cc9d7cfc2,24395
S000275,ODIR,NORMAL,3163_right.jpg,1,AUTO_CONFIRMED,RAW_594\NORMAL\S000275.jpg,a56d3964d26a5d86fd6f7aa95f0ba547625c63038e0d4000f281e721a97f7397,177838,PREPROCESSED_594\NORMAL\S000275.jpg,e11447a15a71b438b4a80a734c13b1b3756462ed4eb9579b8e8407faf368a786,99500,ROI_594\NORMAL\S000275.jpg,5ecdb00bd62229509f231a94111fb33769ccf99afc225826ac7ea1000bd70a10,23615
S000276,ODIR,NORMAL,3169_left.jpg,2,AUTO_CONFIRMED,RAW_594\NORMAL\S000276.jpg,35c50e670e7993c8639858d961889564c004a89eccbb2888be57e0e2d387035f,191378,PREPROCESSED_594\NORMAL\S000276.jpg,85632928ef572d621d5f46db9cf1702a155f895239fd31056de8937deaca5ff8,102061,ROI_594\NORMAL\S000276.jpg,e65e388f354f4481d2733c80309db634c588ce38113af6d77abbd9c0a8e8f677,22374
S000277,ODIR,NORMAL,3180_left.jpg,3,AUTO_CONFIRMED,RAW_594\NORMAL\S000277.jpg,581ace1f83d84dc704f0dffc367947a4387797644a7b9b9c3cafef78e70cb96b,315082,PREPROCESSED_594\NORMAL\S000277.jpg,e11f8935520180d8480391968caaa0dc07995b5da4a54f27168b9dd7e6fe2d12,94646,ROI_594\NORMAL\S000277.jpg,72febd317ec3f570eb0b9654aded33dc0f7efb016cc1cc7f4fc4bf979952c142,20057
S000278,ODIR,NORMAL,3197_right.jpg,3,AUTO_CONFIRMED,RAW_594\NORMAL\S000278.jpg,724b69f1c7c3424a9b83b7a0b2c986768097fa8f7ab68bb7cacd24a9c4fcfbd4,189317,PREPROCESSED_594\NORMAL\S000278.jpg,d4c93a6766de69b3489ad95f66557015a840c6f7fc8b509d14bbf18601eea24d,105553,ROI_594\NORMAL\S000278.jpg,9e9a17b00fa85fd2aa848ef70276aad2eed3576968ad86dbdbe4a459db17f918,23011
S000279,ODIR,NORMAL,3200_left.jpg,5,AUTO_CONFIRMED,RAW_594\NORMAL\S000279.jpg,da95063937ff3dfa3b2ddedf8e9a95d7959875223977c44c62e5328ecf36ea6b,344537,PREPROCESSED_594\NORMAL\S000279.jpg,368b9e594a93396146f4c6774869b41461c3093e52ac0b040b5a8388421d8eb9,103959,ROI_594\NORMAL\S000279.jpg,d29321b1137ea3b46b3796a90e252d1d10161d887e5321861c2c9efbbac54095,23961
S000280,ODIR,NORMAL,3200_right.jpg,5,AUTO_CONFIRMED,RAW_594\NORMAL\S000280.jpg,fa0165317e125e397987f9f018b636f4c134cbefd93dd244a7b5a81cf384c986,332616,PREPROCESSED_594\NORMAL\S000280.jpg,023b46b25416873cde2b9289bd8d96474ba1ac7c9d6e649f887f4322d07f3866,100715,ROI_594\NORMAL\S000280.jpg,d0584a17b95bb03e78b819f4ca26a6dff48e3f7a975ed6b2e04b4376a486986b,23211
S000281,ODIR,NORMAL,3204_right.jpg,5,AUTO_CONFIRMED,RAW_594\NORMAL\S000281.jpg,e260dbbedbf5cd3e58e1378667021db8c333cf8ff24c6ce35bfe881c016e1c0e,83901,PREPROCESSED_594\NORMAL\S000281.jpg,0675faba3eb34d53e77957466d2eaed07a3e95a6c50f71697bff7bf5efce9517,78017,ROI_594\NORMAL\S000281.jpg,c50ebc1683e2695cc7c7dd978362f889ec602a2231edb3b03eccbaaf1f54073d,16327
S000282,ODIR,NORMAL,3215_right.jpg,1,AUTO_CONFIRMED,RAW_594\NORMAL\S000282.jpg,6073c40d40f2890a62e6ab98d83771bcd3fe7c0e5af11ee4ffa897e20e4a60c2,178820,PREPROCESSED_594\NORMAL\S000282.jpg,b02f406bc34c7a02de4da8e79ae39f0c3eecb5ff4d736789c057d9dc215fa346,79404,ROI_594\NORMAL\S000282.jpg,1f21afcd8bff923d442636ef988e74ac0da5e378a9b3b36d09462a9285f7b6b1,17515
S000283,ODIR,NORMAL,3217_right.jpg,4,AUTO_CONFIRMED,RAW_594\NORMAL\S000283.jpg,b4c53bd5a8ea230210583e2dbb2b5703b3364af1bf27e51c4a1f8dea47bad389,167482,PREPROCESSED_594\NORMAL\S000283.jpg,05cd95623e48d898424e8c71c523895189ff2deebdfac022c8a0807e1ca7ba6e,99890,ROI_594\NORMAL\S000283.jpg,cb26a4e16e521754f6f5264333ad9076391c91b7e044e9e67215745dad78c4fd,22655
S000284,ODIR,NORMAL,3228_left.jpg,2,MANUALLY_VERIFIED,RAW_594\NORMAL\S000284.jpg,357bbab6e6120e03ed49380607d3f48cd209ec5231afbe0be297b0b1f7bddc05,435942,PREPROCESSED_594\NORMAL\S000284.jpg,bb70a836c40f1856741b751ee1c1eb96e09b6c1bf3fa63600f6e185086a20baf,99529,ROI_594\NORMAL\S000284.jpg,2f69dc0288877d74533f5536b5629129d669a4e258fc28a8eef6868d157c4dd2,21430
S000285,ODIR,NORMAL,3231_right.jpg,4,AUTO_CONFIRMED,RAW_594\NORMAL\S000285.jpg,3ddf15b9f3f72074582623be6108c7fb968141230a5e7eb38b7d2fd6af9ca52f,203213,PREPROCESSED_594\NORMAL\S000285.jpg,2a6a8d31212876e0c0786f82236f31a261d1b050355d5e74d5feb284086bce66,105124,ROI_594\NORMAL\S000285.jpg,d76df093904070d85b29adba27231eb4c4a9ea3ae1aec05692f09857b0e9072e,24464
S000286,ODIR,NORMAL,3234_left.jpg,4,AUTO_CONFIRMED,RAW_594\NORMAL\S000286.jpg,6d7d0ece803dc05747f9334e68a977d939a4a7c8f9ea97834b18cc6ce0cc9147,197897,PREPROCESSED_594\NORMAL\S000286.jpg,5d22943dff0eaf514754e68611d14c1b91ad5c8a4d45fb6b4c45a9d3c4ff57eb,105251,ROI_594\NORMAL\S000286.jpg,6cd888bae0b879d668b33a15517f324edc876314a7121bbb3a875c51a67e3cc7,23219
S000287,ODIR,NORMAL,3234_right.jpg,2,AUTO_CONFIRMED,RAW_594\NORMAL\S000287.jpg,83f85ceb432d8a52b0563fcbbb4a843f80027e6d863bf3bf44154caeb18edd40,203754,PREPROCESSED_594\NORMAL\S000287.jpg,3db27980d8e7bfa12f71afecf0cc2245258ba329d436e961e12b616ce9c12163,106719,ROI_594\NORMAL\S000287.jpg,d4683ce0e174ccd532d8fdd3a1ea35e7b1215f22620a341868007b1c52beb608,23463
S000288,ODIR,NORMAL,3236_left.jpg,5,AUTO_CONFIRMED,RAW_594\NORMAL\S000288.jpg,dabe4be5dd6e3eabd755d23c87215a7d088b9ecaa29c3284f532b42668f0b510,84984,PREPROCESSED_594\NORMAL\S000288.jpg,0b0a9cd2dc85075100448b8176cf8de6aef9a4dcf6572869f7025ae7376025a1,80267,ROI_594\NORMAL\S000288.jpg,6165551cd8343e5ef0965a3744aa7bab86dc4f290fd9a6ed2452782879860d03,16092
S000289,ODIR,NORMAL,3240_left.jpg,5,AUTO_CONFIRMED,RAW_594\NORMAL\S000289.jpg,c18c2a7f977e9112ad7a87c4ce87d3a13622eb37c331b1c625da45c32f338be2,433811,PREPROCESSED_594\NORMAL\S000289.jpg,66d236f3b32eac1c4b1dddc55b4bf0eea68cdece5fb699e5f3e1e3f60c6edca8,101467,ROI_594\NORMAL\S000289.jpg,f7009714a413eb4a81608b43231efa66da01a046cac09a65f0a51150aa7dbbf2,22459
S000290,ODIR,NORMAL,3240_right.jpg,2,AUTO_CONFIRMED,RAW_594\NORMAL\S000290.jpg,8d95334cb9a2a921eda95254a8e506d65132d3086f432bb28c5af225a8368cbc,413187,PREPROCESSED_594\NORMAL\S000290.jpg,688fbb0b8cde4bf76bd897b166d15ca0b8d835e872db12f69a12ead18a6ea8fc,96768,ROI_594\NORMAL\S000290.jpg,13c890fc5ac4650d69587fa822ce300ff705d97dddb81bb2a069422f986b7e92,21340
S000291,ODIR,NORMAL,3254_left.jpg,1,AUTO_CONFIRMED,RAW_594\NORMAL\S000291.jpg,10c0316179537e0352847d09351de650e9ec05e04098b3c9ec14e1706b096888,177648,PREPROCESSED_594\NORMAL\S000291.jpg,3d28a5206c06e02e610b1ea425961c6a784767d10c24c0c8947f6e6ba3d5402c,99728,ROI_594\NORMAL\S000291.jpg,bfb5d9701059df2270d93e13a6e91d7d06f0eb3530c0f4907225777c08e3b238,22259
S000292,ODIR,NORMAL,3254_right.jpg,4,AUTO_CONFIRMED,RAW_594\NORMAL\S000292.jpg,27584efb1260e016519a8902b9fedbef6a5e936ef04327ae1372e8c44f1d0bf0,171935,PREPROCESSED_594\NORMAL\S000292.jpg,944fbca497f15a917e5da0e74217870f4e81def69a4abc62bd10922e04249191,97003,ROI_594\NORMAL\S000292.jpg,7d5b7db870a0197668775616b1d9d88fd71ecfb2510f3a930de6c7641a186c75,21455
S000293,ODIR,NORMAL,3259_left.jpg,2,AUTO_CONFIRMED,RAW_594\NORMAL\S000293.jpg,44f7f38f0336e1503f8be70cbc5a1f3d56b908c0ed992c18e2bad68e75e6539e,174480,PREPROCESSED_594\NORMAL\S000293.jpg,c3621970e26d5050041aada33de6362fbfbf48d2955fb8cf975cadef5a7a09f3,97065,ROI_594\NORMAL\S000293.jpg,1bb25f5851843b8fdacd7ff76f8629f9a830e9db125c6a4ba3abc29a51b8d047,22405
S000294,ODIR,NORMAL,3259_right.jpg,5,AUTO_CONFIRMED,RAW_594\NORMAL\S000294.jpg,d1106ec230c7f92679cefb18fa7640de95c05f9612745f22141267cbda999289,166094,PREPROCESSED_594\NORMAL\S000294.jpg,a054dd520fcec1292fef5c31c0c2ba863a3a3c128dbffea316e203ac196d7ca7,93218,ROI_594\NORMAL\S000294.jpg,7aceeb63f0a5de9b6c914731bed01ae8316ba252b6eb29bc4912b540ab89efb9,20508
S000295,ODIR,NORMAL,3260_right.jpg,2,AUTO_CONFIRMED,RAW_594\NORMAL\S000295.jpg,04d7deb4bfd7f723e34b909997f2b4fc0c10bfb3bd3507160ae082a954c3d115,244392,PREPROCESSED_594\NORMAL\S000295.jpg,127561cf4001ccfb7d264593591b51fb99d8c0d614598c96b3e4acad41ad8737,99086,ROI_594\NORMAL\S000295.jpg,57ae70a002cd65d3e56e76d69eb269b8f85a60853399766b86c0c8845064ed04,24432
S000296,ODIR,NORMAL,3262_right.jpg,3,AUTO_CONFIRMED,RAW_594\NORMAL\S000296.jpg,9be54dd2a86fad8c1c2d6573f1c57be93e93d230df74ab6e7dc7ba3f6cbce0b4,261005,PREPROCESSED_594\NORMAL\S000296.jpg,9d2de547eb6ed552d023f94de8ec9cb377a0bb051d3f03abfc5184b736292571,133236,ROI_594\NORMAL\S000296.jpg,97d49c5aaa03807bbe24be304ecab08daa59bc67d8b3163c5035ea38c3d4a4d7,29466
S000297,ODIR,NORMAL,3264_right.jpg,2,AUTO_CONFIRMED,RAW_594\NORMAL\S000297.jpg,8ea62df10a255d07b57bbe1016c8f1f26cc95d46e51e1aeac6687addb0e1a562,157445,PREPROCESSED_594\NORMAL\S000297.jpg,1ca905a5492531d37bbac0af33ac1a4bb8dfc5fa5aacb3fe03d4b693483f0b9b,91003,ROI_594\NORMAL\S000297.jpg,28d69c7792f8c423844045dcc91a32cebb0483aa922e2f8042b940f3d7d38a69,19916
S000298,ODIR,NORMAL,3289_right.jpg,1,AUTO_CONFIRMED,RAW_594\NORMAL\S000298.jpg,41b2ec9791c9921f93e80c7cc7be55eb90e319fb94190bf349bd83ec5c35b54d,206221,PREPROCESSED_594\NORMAL\S000298.jpg,08a1076d2fb4ee8f75130177b492dfe8d88de64b6ca182a57e3268cb171ca7a2,92141,ROI_594\NORMAL\S000298.jpg,d5e2fb99e983f2f9cf81a5777ac6972f9e8f3f2144955c2ac36e1fbab9e94ff1,20806
S000299,ODIR,NORMAL,3295_left.jpg,4,AUTO_CONFIRMED,RAW_594\NORMAL\S000299.jpg,b13bc8ef4dd73e5f9f88acf90008057ceaf710cf1a69283683f5867ea86e3045,180390,PREPROCESSED_594\NORMAL\S000299.jpg,ae368c2ce6b25dcf2649989d4a8e1d71e87155b475eed3d7c7ab850317559d91,99994,ROI_594\NORMAL\S000299.jpg,fb7dcc9ea3d00c71e61d4d2cad910b3af5b65c74bd2467a69de2bf96f023be9b,21716
S000300,ODIR,NORMAL,3318_left.jpg,2,AUTO_CONFIRMED,RAW_594\NORMAL\S000300.jpg,91cbb8b6ee21a9c9b1a362d1a0199002b988f6efc989bf98abe020b1817d1f29,279886,PREPROCESSED_594\NORMAL\S000300.jpg,c5a48ceed6cb8a21ecd0a9567b2e4ded337dedc3103df5bf041430fe7c6a1368,138360,ROI_594\NORMAL\S000300.jpg,a1c11155cfa246cec9006f4290f60403e73a577908d46eb663f532cd445ae93d,30134
S000301,ODIR,NORMAL,3321_left.jpg,3,AUTO_CONFIRMED,RAW_594\NORMAL\S000301.jpg,91d5aaed1c16ea66006252a6ddf1ad3f2f27be012a7c37fe9efba9c5efe94809,141108,PREPROCESSED_594\NORMAL\S000301.jpg,d3fe77a471349368b8ff98488182467e88c82b80090e068a5bfc3b99935a978e,79087,ROI_594\NORMAL\S000301.jpg,c9c3a5e1e30effdf8d73d503e493d29885bd9a5135a6867c1f5c3be489252ee1,16235
S000302,ODIR,NORMAL,3321_right.jpg,4,AUTO_CONFIRMED,RAW_594\NORMAL\S000302.jpg,52df90ac2186e260b691f51ac36fe5e6a96b06e62ceda1edcadbae6bfd3b4ff2,153031,PREPROCESSED_594\NORMAL\S000302.jpg,0f9b54c35b1e7aeb269b943d960992fc9b1e6f79cf40429d23e6d7dfb23cb1fe,84935,ROI_594\NORMAL\S000302.jpg,2953eaf7656f36190df6e06de64932afeb5c528ec52650e9c83137cd81e285f8,18549
S000303,ODIR,NORMAL,3336_left.jpg,5,AUTO_CONFIRMED,RAW_594\NORMAL\S000303.jpg,c085b11649b02337c058d514d6ad89e6833ecf62b1a414c9ea76e6a41a59c7cc,157451,PREPROCESSED_594\NORMAL\S000303.jpg,5154043eaa7ae1058efa55a1903015b53cda21d261a55e764c468992a39019d2,88725,ROI_594\NORMAL\S000303.jpg,73e9e607b9624af91463c7926079e229b6a2686ffefcdb5316a4c7a23620b6d9,19537
S000304,ODIR,NORMAL,3340_left.jpg,5,AUTO_CONFIRMED,RAW_594\NORMAL\S000304.jpg,4d1728ba83e67fb2e280ac4f9cdde7f7280b7fde67647f3202b5f68e5c5f7417,171260,PREPROCESSED_594\NORMAL\S000304.jpg,9456fde816bae8a4b44be7ed98c0f66cfc8302b6bc536661bb4a041623acc9f1,94362,ROI_594\NORMAL\S000304.jpg,64d6f4e70d1dd3e017d3e12d0350ae659f486ebc89531e7c3608c8b761723666,21816
S000305,ODIR,NORMAL,3352_right.jpg,5,AUTO_CONFIRMED,RAW_594\NORMAL\S000305.jpg,8792cce69135ff213a80885082ebe4fb2348972fd29b11a77d77f3f2987b97fb,160642,PREPROCESSED_594\NORMAL\S000305.jpg,9db17e281a46607b9a3bbbc2f10aeaa11d7841e0db5519a1ed1c8cc660106781,89406,ROI_594\NORMAL\S000305.jpg,b073f59585afa4e8b15588e0c21c2604f1bf6b9bd5694a6aa39254265d9ea700,19383
S000306,ODIR,NORMAL,3353_left.jpg,3,AUTO_CONFIRMED,RAW_594\NORMAL\S000306.jpg,b10100279e6c827cfa6f20472aca5625ef2cca577ba5b704dc15cb931a77af7c,351454,PREPROCESSED_594\NORMAL\S000306.jpg,6ec7db7964f19770a7741f1c818417bf138ea55b5ff2d83235f6e3ca3ba45bb4,105747,ROI_594\NORMAL\S000306.jpg,88f70aa8c946670a75adb41b0f6fa12af36e44b19b118bb6256b17dc5bf94543,23805
S000307,ODIR,NORMAL,3353_right.jpg,1,AUTO_CONFIRMED,RAW_594\NORMAL\S000307.jpg,f014e35e327b59e3876f670733c5e921eff3c2645c1e29ddd7d2839edff9a0d1,329984,PREPROCESSED_594\NORMAL\S000307.jpg,f7e13170f6b9a77ad6f4595ca8b5698f7d9bd4ffa73eb669ad1bacaef506d313,97526,ROI_594\NORMAL\S000307.jpg,e3d2123ee5b3d556d5110725724a92ec71829d26a217b3022581131728d52833,22312
S000308,ODIR,NORMAL,3354_left.jpg,3,AUTO_CONFIRMED,RAW_594\NORMAL\S000308.jpg,dd91ac39bc3b7eac5199621ae60ddf2ae588cf04cde0db3ca5385d9386c51388,344533,PREPROCESSED_594\NORMAL\S000308.jpg,c52ae0e4cf75892c9c9c4b513b582655b2cc0337edfe4be8262ed66f9121227b,104866,ROI_594\NORMAL\S000308.jpg,cbcb7e22a7fcadfe9f04951179c3615cb754265e906aa62c21f6671813c399d5,22954
S000309,ODIR,NORMAL,3357_left.jpg,4,AUTO_CONFIRMED,RAW_594\NORMAL\S000309.jpg,1292661d70f2cc763e0550ed5cc3f61b3f38abbe7c5c232e5341ef2e287094c7,338204,PREPROCESSED_594\NORMAL\S000309.jpg,d73373f27cebfd10a37f265c14b372fa88b1a6acce4e9fdf603e172edc4dd127,100081,ROI_594\NORMAL\S000309.jpg,50bd4f985f4a1aecfe488799cb25362aa9894d877816f03f3fbfdef65ef91ac8,22660
S000310,ODIR,NORMAL,3360_right.jpg,2,AUTO_CONFIRMED,RAW_594\NORMAL\S000310.jpg,af867935dcb5886216d9b80d6fe193f6b81a151c175b77963de4dc1beec79263,161850,PREPROCESSED_594\NORMAL\S000310.jpg,72c34991e00cbee87176f50fb2ce31b0b33a92ac4379d418060aeb1a3a7bf147,92705,ROI_594\NORMAL\S000310.jpg,6551288e6d6fe4ba5dae25f7a29a0700052362e99fa64f1efe71a57b60b91aec,20998
S000311,ODIR,NORMAL,3367_left.jpg,5,AUTO_CONFIRMED,RAW_594\NORMAL\S000311.jpg,1a13134182e8e02bc553efac92f5e5ffdb20b01381add706c3d0f6b7fbce8146,613488,PREPROCESSED_594\NORMAL\S000311.jpg,a62876bad9cb6ff43d0087aba957d62739ea2434400be79a0bf3c9bb295b374e,107398,ROI_594\NORMAL\S000311.jpg,38b043dcf63a35e2d679e17a6e42603ad65ff8aa68e5ec6c1ccb945b368e9ff0,24877
S000312,ODIR,NORMAL,3367_right.jpg,5,AUTO_CONFIRMED,RAW_594\NORMAL\S000312.jpg,a89708c2620a95daae9e8fe68a604655c6821c016b65da267b6db82c65790e48,614417,PREPROCESSED_594\NORMAL\S000312.jpg,ef28355315302fa67c37b78a906e15568b21576c47e182d7be5e5df6339917f9,109408,ROI_594\NORMAL\S000312.jpg,c50455fbbbf080b54a277c5571b2f7a67024dd4fd359b13429586899342809e5,25025
S000313,ODIR,NORMAL,3368_left.jpg,5,AUTO_CONFIRMED,RAW_594\NORMAL\S000313.jpg,4834fae776058f455b40a0a2b9a3e45f8853b96274bd4b1496010f486e1f0c45,203535,PREPROCESSED_594\NORMAL\S000313.jpg,88ebe5bdc9a2a7abf6f09b2d77ada8688d3050ee0bb540b7306cc7c01b4a9386,110634,ROI_594\NORMAL\S000313.jpg,c1146dc220ad6c549902d125dcc37d446de70bc7d0cb90c14d8ca53326471773,24810
S000314,ODIR,NORMAL,3368_right.jpg,4,AUTO_CONFIRMED,RAW_594\NORMAL\S000314.jpg,b3bc76365e0c7264559cc7c57c5bff7c7eeef62e26fde2ac1935d8769117cdde,207829,PREPROCESSED_594\NORMAL\S000314.jpg,32983a06e1435de330c0cccc0375d4655f001ea662be893b7cd9b966d7db3e8d,115181,ROI_594\NORMAL\S000314.jpg,8f9393445c6cd198b0f24e722d0b98b566a2e5dbf3c1e68c293d4e6cd2872eac,25185
S000315,ODIR,NORMAL,3380_left.jpg,5,AUTO_CONFIRMED,RAW_594\NORMAL\S000315.jpg,2d00584515b296c0fde5812cac3a894e1b43dd85b54e947302cb00126c5aadf4,212699,PREPROCESSED_594\NORMAL\S000315.jpg,af35dba11f2ceef39efe5fb658262127577053c6dcecc9150ca5dcd246fe68d2,93679,ROI_594\NORMAL\S000315.jpg,665b102d863cb0c73ad21eb90cbd76ad96f7001b637b78c753fb03c36bd93a2e,20321
S000316,ODIR,NORMAL,3380_right.jpg,4,AUTO_CONFIRMED,RAW_594\NORMAL\S000316.jpg,45cb5f3b88a141fe7f768bdb27d130db39190e5c9eea61b5c3f2ec0ed523ea65,195619,PREPROCESSED_594\NORMAL\S000316.jpg,0cad115b1f64b04a5a09213d6f58cfcdf72811a1c3f16f4579fb326026bcb2a2,90073,ROI_594\NORMAL\S000316.jpg,c3eb0a7ca75de8109027c275d194aa59e5a99d71bce1c897ff97cde1cde7276c,21989
S000317,ODIR,NORMAL,3381_left.jpg,1,AUTO_CONFIRMED,RAW_594\NORMAL\S000317.jpg,4430514d654bca0b3df9b42ea9d96ba913bcefe88aa40ee34d9eae958a62b3b5,165957,PREPROCESSED_594\NORMAL\S000317.jpg,7004e1972e1c21bb12b6c6d5c9c29f80244994961be58be2c86f258105dfe945,93493,ROI_594\NORMAL\S000317.jpg,bd966007d74b576c42249fe86b8da2acbf01123974a8e147bc47f03557e1b201,20919
S000318,ODIR,NORMAL,3381_right.jpg,1,AUTO_CONFIRMED,RAW_594\NORMAL\S000318.jpg,d75c62ca613ddfe794890de7eb97abb143c2fc26442bcf02db7c6ada1ca66b78,165753,PREPROCESSED_594\NORMAL\S000318.jpg,2b30bc856879af3814abf7cf28f673e667492e23e6f8d266f7d96b607bfc21d9,93098,ROI_594\NORMAL\S000318.jpg,ea6635ade56417bd9493cb051e55f4473c305b3d4a9d29b58318148901243fb7,20716
S000319,ODIR,NORMAL,3382_left.jpg,3,AUTO_CONFIRMED,RAW_594\NORMAL\S000319.jpg,3f5f807f3f74108dec28c75a7dbfd68195297906366f1d6630061e74bd11b31b,178380,PREPROCESSED_594\NORMAL\S000319.jpg,13924baa24223cfaeb7b641e7b44f5b9692c9e697745121e54755254d71d060a,93297,ROI_594\NORMAL\S000319.jpg,af7db37408475270902507603a754207fc34e42e484c202eb172f7a4293d2434,20327
S000320,ODIR,NORMAL,3382_right.jpg,5,AUTO_CONFIRMED,RAW_594\NORMAL\S000320.jpg,4411dba98c5793c8095163040d55e93256e163c3a78b5b0bb1fabddfbe1e8db1,173997,PREPROCESSED_594\NORMAL\S000320.jpg,a7db7d6f6164ab78d0c0a7c365e3ed982cb68bb7a5700891d4c2568265cfc710,91540,ROI_594\NORMAL\S000320.jpg,4e647e1d5ec197923c7ae8824cad438cdd430b8bc0b7cc0d2053223ad7175fd4,20342
S000321,ODIR,NORMAL,3384_left.jpg,1,AUTO_CONFIRMED,RAW_594\NORMAL\S000321.jpg,b449c2b5922af72c5ff1a96be06dbdd8a85ddcc317b61c7efd61a39271304164,232093,PREPROCESSED_594\NORMAL\S000321.jpg,d17b87d1f4445e5ec77393142f140a7ed9431f00a73dc14d91adf3b70a4a9d84,126856,ROI_594\NORMAL\S000321.jpg,c2273d695308525ef62abbbcc0c0e1a414b30ff432396e09501f14c1e443d7bf,27912
S000322,ODIR,NORMAL,3384_right.jpg,2,AUTO_CONFIRMED,RAW_594\NORMAL\S000322.jpg,051db750891d2b99a9efdb08ac209d78daa522852b62c3e269b805769833e8ff,238127,PREPROCESSED_594\NORMAL\S000322.jpg,2905f1746a76b3dd309c5b0cd587c5835829415c0bed27f2f166b25262b8d681,129073,ROI_594\NORMAL\S000322.jpg,d047cfae9d69f6b66b2f7eeedbc57c414ce9d6108e246159c08e881378fe0de1,28274
S000323,ODIR,NORMAL,3392_left.jpg,4,AUTO_CONFIRMED,RAW_594\NORMAL\S000323.jpg,bc0ce03a2a06adb2e1970e152999b6211d8533fbda9d6e9681693517ede6b4c6,259178,PREPROCESSED_594\NORMAL\S000323.jpg,8a9e48b6a1ad1532a1ac52ec182013e4de2151c5a7df59b49ddb6e55cb446c16,130909,ROI_594\NORMAL\S000323.jpg,f0e63cf21a4ee4b307539a803b89c2f58042ec1e9d51bbaf71d7ee0000be226f,27702
S000324,ODIR,NORMAL,3392_right.jpg,3,AUTO_CONFIRMED,RAW_594\NORMAL\S000324.jpg,5b570ab8ba85d92bd1342bcf0bd849fda24822f9761913ecdb1fac4ee65130eb,294389,PREPROCESSED_594\NORMAL\S000324.jpg,4eb806d9dffeb514d96441f3fa4ec579c98f2f25e441ab141b7fed035629d66c,142263,ROI_594\NORMAL\S000324.jpg,66e4ad58ea97b890da00453b65adb89ccfb926aed8eea5258904ec05deecbbaf,30782
S000325,ODIR,NORMAL,3397_left.jpg,3,AUTO_CONFIRMED,RAW_594\NORMAL\S000325.jpg,54bbfbe61f1227f3409704f955c1e6bcc551c1266ba48d3976b53d8c80f4f4c4,165806,PREPROCESSED_594\NORMAL\S000325.jpg,f4c1e0d442564e8a060f633debbe04cc2aa2a82ad817df5dedc8258234472817,88417,ROI_594\NORMAL\S000325.jpg,2958fac6ff7b42290f8e9808b770d9442b9fae0a08226e285ed9559c27cf2040,19672
S000326,ODIR,NORMAL,3397_right.jpg,1,AUTO_CONFIRMED,RAW_594\NORMAL\S000326.jpg,d09ea8c325d0416940da6c7ae7d214a670a925333b2793fc5a24019410663aaa,163977,PREPROCESSED_594\NORMAL\S000326.jpg,56c8b891fb9d1a8d592328e0b61b17b7ccd91b10dfbf9b6deba746ac5c7e242a,87651,ROI_594\NORMAL\S000326.jpg,1aef8ed8391f77ab6bfe0d6446d3cc16eacea73bc596c562ee8ed6ddb9ad6a90,18892
S000327,ODIR,NORMAL,3399_left.jpg,1,AUTO_CONFIRMED,RAW_594\NORMAL\S000327.jpg,a340972e1c18357925ef08266fc5f9a695fbe3622871b2df920b072d058fa825,183810,PREPROCESSED_594\NORMAL\S000327.jpg,085eab8ff7834fa1b9a81d8d0dd567d49511e1acea6c97878e9b369612bda1ef,95375,ROI_594\NORMAL\S000327.jpg,73d2c1d8c0a65f72b9a610252470f629f39ec6dfbacafa3b53673208770c6729,20684
S000328,ODIR,NORMAL,3399_right.jpg,3,AUTO_CONFIRMED,RAW_594\NORMAL\S000328.jpg,6ec0f4d330790ef7b613c2f230e87288c37af6421f6e4e7493ef5e234c205988,189200,PREPROCESSED_594\NORMAL\S000328.jpg,a1120c8779dccdfc4d88c14c36ff2a1ce4808f84c44d6460718ebb3d6fc2f037,99445,ROI_594\NORMAL\S000328.jpg,99750a6b33be2eb854b59b37801d363fdad92b49ad4a06a0d0e1736206b85400,22441
S000329,ODIR,NORMAL,3405_left.jpg,1,AUTO_CONFIRMED,RAW_594\NORMAL\S000329.jpg,3d84e3b08d9d3a51e30e24dded96b825ec92ed2b60e3c1b84a02747e7c9603b5,144996,PREPROCESSED_594\NORMAL\S000329.jpg,a78e3f7d295a19723574b89421dc2a2127d83252a6bdd94bb2881073fd2fb14a,81768,ROI_594\NORMAL\S000329.jpg,204a4e33d3434b0192e26a91007b241a6065822c7a886e448f56917b9a72cc08,17716
S000330,ODIR,NORMAL,3405_right.jpg,4,AUTO_CONFIRMED,RAW_594\NORMAL\S000330.jpg,8ebda0eb95e0116558863be018c88dd4154b829c8b0fcff6a6bae3724d8bb283,143772,PREPROCESSED_594\NORMAL\S000330.jpg,d6f234344f13ba6b6e57458729dc7ebf734eb87015339458a227788f94656952,81101,ROI_594\NORMAL\S000330.jpg,524e669365467dd9efbddd86168014d3516b43a49442c8b382eb504f02027e69,18196
S000331,ODIR,NORMAL,3412_left.jpg,3,AUTO_CONFIRMED,RAW_594\NORMAL\S000331.jpg,25824e9682f31beef47ec170251e88b2131f4537237deae8bb3c6842deb46317,683081,PREPROCESSED_594\NORMAL\S000331.jpg,b483b4cc42fe1f5ad1da0098debf527af7e38e9e3f418c146ed853d5f45d21b6,99841,ROI_594\NORMAL\S000331.jpg,b61bec2131f910f9951834a9a755cf0f1ea3dcc21d2d8ce12676d6ac4aeac210,22560
S000332,ODIR,NORMAL,3412_right.jpg,5,AUTO_CONFIRMED,RAW_594\NORMAL\S000332.jpg,19ac8001cc3fbb5d6ce2152ff62fae35082fb6cd0ed6404dab12391b552c61bc,663715,PREPROCESSED_594\NORMAL\S000332.jpg,90bf58b7575e859f77ac38ccb09c01d3dd4faaf194745a4fb1db832bb5324b1b,97595,ROI_594\NORMAL\S000332.jpg,2984f38a04a1356c9dfc94066abb803b6ad73f9a855037e94e0042308dd7dcfc,22242
S000333,ODIR,NORMAL,3413_left.jpg,1,AUTO_CONFIRMED,RAW_594\NORMAL\S000333.jpg,b06416d672c09018793ff665832fd24b832138a07d9109af89afbdd46bfcddf9,201793,PREPROCESSED_594\NORMAL\S000333.jpg,e9d63ff9c375c642caf3a2041ba302630ca06cbeee8f229f8e4f0d76db075d24,87839,ROI_594\NORMAL\S000333.jpg,aa3e621bafbe0114f17eca72460fb987cb540c203d164429aaf2758db6d8dbe5,18582
S000334,ODIR,NORMAL,3413_right.jpg,3,AUTO_CONFIRMED,RAW_594\NORMAL\S000334.jpg,6fa6fdb67eb9a49abec0d9f6f05c4414a97371749fd3f0644d9b2cfc9cc2e883,193631,PREPROCESSED_594\NORMAL\S000334.jpg,a48eb036353c86967f84d632f4940941dc4001361e8b0a17230d7cab38a9c4b3,82220,ROI_594\NORMAL\S000334.jpg,b2f662e08d32cfe300bc5bcd1dc3c7cfb4a9dd8433e3f997d42cb9687d1fb0cc,18020
S000335,ODIR,NORMAL,3418_left.jpg,5,AUTO_CONFIRMED,RAW_594\NORMAL\S000335.jpg,94965bebed9b7cff5939fbb1370f2edc7e7d3a3cb0426c005aaff9fc06690ee5,152243,PREPROCESSED_594\NORMAL\S000335.jpg,606bbf52256f830c4107b7ed2e036bcf3663119a07dcf8c15cf84a54b59453a3,104541,ROI_594\NORMAL\S000335.jpg,243c81011db2f2925a0065a0995fa987a9da566c87030b7e4a07df916f89ea63,23682
S000336,ODIR,NORMAL,3418_right.jpg,4,AUTO_CONFIRMED,RAW_594\NORMAL\S000336.jpg,70a713df4592e31183b5b1a55dab03eb3f202aabb02dd39c1e8dfde932cf6132,154810,PREPROCESSED_594\NORMAL\S000336.jpg,89d2ad236345beccfea4958b04e138a208ae53597ff1694183f72b6cd1341218,106278,ROI_594\NORMAL\S000336.jpg,95ebe8a01289013543824cb4969b836e803d53f9feb8c40e15e2758b985a376f,23779
S000337,ODIR,NORMAL,3422_left.jpg,4,AUTO_CONFIRMED,RAW_594\NORMAL\S000337.jpg,1c43ba2827f108ccd01bd94a83b325e698809e5daa0e35165442bc0f91e54db4,177861,PREPROCESSED_594\NORMAL\S000337.jpg,61254c82e03ce11d5c9e390a940114f20132d104e5972cbed9b6b04b65636b55,98182,ROI_594\NORMAL\S000337.jpg,59b087718db2d453af030f4206c7569f8bbb665dab67b921fbdf5484630f5672,25235
S000338,ODIR,NORMAL,3422_right.jpg,3,AUTO_CONFIRMED,RAW_594\NORMAL\S000338.jpg,7d9e3024cbc7744274142e973755014fa68f406537189e7f73a6073384479614,153772,PREPROCESSED_594\NORMAL\S000338.jpg,9abf4d37e8b90c78cb8ff1a4a95f669e63fc7ec859b9d6e1e64716fdd91bcbac,92788,ROI_594\NORMAL\S000338.jpg,e1aa03fdbb7bb3468261a451174dcb5913fafddfc6643f41b1d9a9cec69d0329,21983
S000339,ODIR,NORMAL,3423_left.jpg,3,AUTO_CONFIRMED,RAW_594\NORMAL\S000339.jpg,92bbf74b9a6f7b0bbad40f9f89676b181542bee6b524c7704ab487ca9ff60c99,186580,PREPROCESSED_594\NORMAL\S000339.jpg,253f89f31b9c4197ab064527845733bb16d9e36a176fcb0705d5395699173ede,101459,ROI_594\NORMAL\S000339.jpg,612dfaf08e11e0c5db06f27dcb4c51711da79e28a7bf3e1c477203db6115445f,24398
S000340,ODIR,NORMAL,3423_right.jpg,2,AUTO_CONFIRMED,RAW_594\NORMAL\S000340.jpg,bf157303c6ce92dda0e64ea9953bf3e88efc7598330a865d110e85b83e947a03,195618,PREPROCESSED_594\NORMAL\S000340.jpg,8bc2ce088f42a120bb24460c87caf08a8b0f6ce1f6df26dc26d6e357fe97dd87,103918,ROI_594\NORMAL\S000340.jpg,e26ede57e863cf290f22d9190c33d3dd9147380fc79bfd045d60014116d381c1,25064
S000341,ODIR,NORMAL,3425_left.jpg,5,AUTO_CONFIRMED,RAW_594\NORMAL\S000341.jpg,396e7e01c9af227646758be2c05f2b7172664836869b7610678c5c19d6c1ed31,151643,PREPROCESSED_594\NORMAL\S000341.jpg,d87121187ce7c870de461c455a56bd9998d3bd8420840d3151d6a927dc56aa2e,106277,ROI_594\NORMAL\S000341.jpg,bc263bcafa757d063e62c4b44a9fbe9dbe20f712005687d02f1eb2cb23cfcb5b,23300
S000342,ODIR,NORMAL,3425_right.jpg,3,AUTO_CONFIRMED,RAW_594\NORMAL\S000342.jpg,18cd4174adb44ecc397d5f7abea070c116964f79b5734f29c517acea8a6266ac,150336,PREPROCESSED_594\NORMAL\S000342.jpg,e7b23e7664500d540dc3d4c3d117c1397cc35b222432e88b0e9a8a7f89efab77,106290,ROI_594\NORMAL\S000342.jpg,b057a4e1072597f17577d6eb8152145babc0632feb31a910c4e192d80d33b15d,23519
S000343,ODIR,NORMAL,3433_right.jpg,5,AUTO_CONFIRMED,RAW_594\NORMAL\S000343.jpg,ab1799d14a256da4d6d44c2ac6aab71f522763cceee83b47a78385665b80dc4d,156966,PREPROCESSED_594\NORMAL\S000343.jpg,3a10a35322a09f365cc853f30c048c41a75b2d3ab9c57da4744315295705198a,84086,ROI_594\NORMAL\S000343.jpg,6c90491528de44420289b525ca74b8d2b1d91160ca38468170cd5137ffabcd7d,18863
S000344,ODIR,NORMAL,3434_left.jpg,2,AUTO_CONFIRMED,RAW_594\NORMAL\S000344.jpg,6c526b5d655daecdb69ce266d998c815c381090457d4a732a61415ec400c6dfc,166788,PREPROCESSED_594\NORMAL\S000344.jpg,3f498eff66f3fed6b09b1aa6345874b0e4236d5df582aacf446b553b2b601c3d,93662,ROI_594\NORMAL\S000344.jpg,6d10fe982962a7c0c019a3e368b358972581d87cacef179326fb9aa6c594e2d4,19948
S000345,ODIR,NORMAL,3434_right.jpg,2,AUTO_CONFIRMED,RAW_594\NORMAL\S000345.jpg,de8e3efe89ac8786577356aa227d68f9f3b4b8dbb2171c0f8de002767636e55f,159217,PREPROCESSED_594\NORMAL\S000345.jpg,c5e9821fbfbe1e036734aaffc47aa799218a75e6f6f36e857d003969c25e2190,89862,ROI_594\NORMAL\S000345.jpg,1977097ec869eb1a548aa17056f18184bcd45bb8cd67dc79ff82f18a7cd6681c,19849
S000346,ODIR,NORMAL,3435_left.jpg,5,AUTO_CONFIRMED,RAW_594\NORMAL\S000346.jpg,f41ef75aa016d8beea522faf1d4de6cd5bb90b0fecb6c9b9c7d03fe9f3b5cdac,174769,PREPROCESSED_594\NORMAL\S000346.jpg,b0d44ddb1fa6272ca9cf606f3df92396467ac338f696565b699cdd04410957ed,97387,ROI_594\NORMAL\S000346.jpg,89283c308a6a2e14e756da89c08664f95f7de5f90d33c0f2264179ee01b886e7,22444
S000347,ODIR,NORMAL,3435_right.jpg,2,AUTO_CONFIRMED,RAW_594\NORMAL\S000347.jpg,dad98d792c2b679ff4b12e3295711b8bdba32271ce0aac275ea8ac50c0efad9c,159648,PREPROCESSED_594\NORMAL\S000347.jpg,33ccaad764559babd2e44b69affcf42c3d7d358db589a482da6300e0b5377169,90837,ROI_594\NORMAL\S000347.jpg,4e896000fb5461d17ea7140f61c4433577968efa63d374487b3ac75794cc8932,20309
S000348,ODIR,NORMAL,3439_left.jpg,3,AUTO_CONFIRMED,RAW_594\NORMAL\S000348.jpg,94c05c1c7d63ae71586ba9764ff363bef3b25da3aa2f5b2e4accc5ed79439e40,134840,PREPROCESSED_594\NORMAL\S000348.jpg,dd7dcb7c8829c7a04c73da1e0815179ab7e801e8124432477d2de96a01fd7325,77941,ROI_594\NORMAL\S000348.jpg,d2d79df2cd78493692f5518ac9d6026093512211483fcb22760249673a2c25f9,16350
S000349,ODIR,NORMAL,3439_right.jpg,1,AUTO_CONFIRMED,RAW_594\NORMAL\S000349.jpg,fa3a2725d7044af9227c5be073ca8778df6797300a01a2f8e297bca9461cbd36,135485,PREPROCESSED_594\NORMAL\S000349.jpg,d27def36d60e2f512fef76221c0ecb4850dfeb971585ac933ae85f35e27203f2,77574,ROI_594\NORMAL\S000349.jpg,46abddc77d76e6bc6fe01a243e24fd011a730eaa9fcc9caf62429ce48efb82dd,16239
S000350,ODIR,NORMAL,3440_left.jpg,2,AUTO_CONFIRMED,RAW_594\NORMAL\S000350.jpg,bd42e5f1d82692bddf326f0fc9e37842efe3b4edef7841206e1e84674325cdf6,180216,PREPROCESSED_594\NORMAL\S000350.jpg,23696b82aa079a0bf183d061c3a8547ae7595c4a5f3806157ec8cd7a2745b912,93393,ROI_594\NORMAL\S000350.jpg,d468364c8164a8efc5d5c59a302a12362ccf19a583b53c3f5d62ed0d86a73d4d,20477
S000351,ODIR,NORMAL,3440_right.jpg,1,AUTO_CONFIRMED,RAW_594\NORMAL\S000351.jpg,3e0493d340dd059111487b943a754238ce1063d3de3128ce002e0981cb84109c,181798,PREPROCESSED_594\NORMAL\S000351.jpg,af5b335235fb2b40ad13c46f8638b7e62555a22da43814e5fd8aaf66a41191b2,95250,ROI_594\NORMAL\S000351.jpg,8acd235ff46f3ac54b11eee85f451f909f8fa9224d216535269235b4c40f6125,21299
S000352,ODIR,NORMAL,3444_left.jpg,2,AUTO_CONFIRMED,RAW_594\NORMAL\S000352.jpg,c875c938c4c838727adfa5f1d834cdb88c62389fb8067ba22e75b9af080fb9ce,128473,PREPROCESSED_594\NORMAL\S000352.jpg,7b887542af4a5f983c9f9d23809bef683f7ea2fc798406aea769796b4f9aa576,72069,ROI_594\NORMAL\S000352.jpg,6c09207dd51cc4948ebd19d53ae26443dfd1551d400dcad5431fdbb0a67abf3c,15679
S000353,ODIR,NORMAL,3444_right.jpg,4,AUTO_CONFIRMED,RAW_594\NORMAL\S000353.jpg,9c05a29b07ec25677f9fb6b2a5b150ebd04a0c02313e5b590c43d098d06d5693,142936,PREPROCESSED_594\NORMAL\S000353.jpg,15ea7e156420f4769d8ce9a77aa2c647eb2a31b4fbdbec32fce7dcc50bfa355d,81991,ROI_594\NORMAL\S000353.jpg,c33103a5b3cfd111c0710512fa43eefbb65f506bef6be3028146d1823c307e4f,18067
S000354,ODIR,NORMAL,3446_left.jpg,3,AUTO_CONFIRMED,RAW_594\NORMAL\S000354.jpg,d83f307c52a7ca8ffa958428b0d4decc0dd6f6ea7a722a0aba846bb0a5c54fad,156089,PREPROCESSED_594\NORMAL\S000354.jpg,1f562d84e6c3bf2ee0bb4bd064ffd2228b275fe3df847684df0c18a99b0a40d5,86375,ROI_594\NORMAL\S000354.jpg,9d4736ca46a304b226eedd35a5c66a6010c2095a73a1b5c95ebcde8adda5d945,17059
S000355,ODIR,NORMAL,3446_right.jpg,5,AUTO_CONFIRMED,RAW_594\NORMAL\S000355.jpg,c95a31bc2e3224abbb7072c23b2d8a948db056c215e9772abb0c2c4341f6fc77,151255,PREPROCESSED_594\NORMAL\S000355.jpg,497424ecbd2d7573a0ea9acf9c5fa7e7f174cb607a36db9bf5ec9434efbd67ee,84893,ROI_594\NORMAL\S000355.jpg,76399f0e1930948815e9c19d54a06b82660310ee03884dc4a77d2f42aac286dd,17716
S000356,ODIR,NORMAL,3448_left.jpg,1,AUTO_CONFIRMED,RAW_594\NORMAL\S000356.jpg,10a1002860ddc1e29d8460689948192aa110e9ce1c3458386a0d4c3734c0a15a,205197,PREPROCESSED_594\NORMAL\S000356.jpg,83ff2418e8839f3d80f8ed858caf3477df949c9786f02fe75b49e43cff40c5ce,107207,ROI_594\NORMAL\S000356.jpg,56ad76f72bf4ad78df47c611cfc68417a9e9361be55f389a6bc18a5c6c209e62,22913
S000357,ODIR,NORMAL,3448_right.jpg,3,AUTO_CONFIRMED,RAW_594\NORMAL\S000357.jpg,444956c6d0397894c8f202fe4740d8af5921154c73f303203fe6ed037c44ec64,207878,PREPROCESSED_594\NORMAL\S000357.jpg,fe50874879c07c7a1de31618919079ba39a0a00f4c39012fccc4e881bcf3feb8,108182,ROI_594\NORMAL\S000357.jpg,fe0584372aafe94573ba1d45da6f76aaac943ae9d8ac3c709d63c0c3e42d3eca,24028
S000358,ODIR,NORMAL,3485_left.jpg,5,AUTO_CONFIRMED,RAW_594\NORMAL\S000358.jpg,0bb61f79f204347bbfe3c082bab90c2f8b780c8e027db333488d2e33207bb0ae,169217,PREPROCESSED_594\NORMAL\S000358.jpg,c88a2da163612eee7b82c5d86ca96bdd2ee456e664e65d9a1bce5b22902019df,82795,ROI_594\NORMAL\S000358.jpg,c7be18a689af53d902f96fb264688e1e6bfe81ced3126f4a441d3c97b666ddf7,17704
S000359,ODIR,NORMAL,3485_right.jpg,2,AUTO_CONFIRMED,RAW_594\NORMAL\S000359.jpg,09cd9f74ebce767f751d856f7804ad25f8391042274e205cceac9d9edf1b457b,168918,PREPROCESSED_594\NORMAL\S000359.jpg,5b59b801a280ae72a9fbe6f2125f9da6f0f553599c9fc6af068ca2f11c0942c3,81985,ROI_594\NORMAL\S000359.jpg,4fcbb4463aac1bac4e43c170429ea038b0d30ab23610e3768ca3f618e27217e3,17573
S000360,ODIR,NORMAL,4571_left.jpg,4,AUTO_CONFIRMED,RAW_594\NORMAL\S000360.jpg,129c0160c4d33f7d8fd3d26b19e749b2de22d8e8001326b79ed5320e164e7e69,328187,PREPROCESSED_594\NORMAL\S000360.jpg,0dd56d8f962d3602fe85fb449efe2f20d12659ad125e746cf091b6271c3e02c3,88233,ROI_594\NORMAL\S000360.jpg,59c4271151821491ed9a439aa46c58ffddab834992b6b8200a627b0fc97d5da2,20800
S000361,ODIR,NORMAL,4571_right.jpg,2,AUTO_CONFIRMED,RAW_594\NORMAL\S000361.jpg,be4fd078f8b1be817efe02c4479faded4cc8694ef87b64e2124387edbdd4f706,335581,PREPROCESSED_594\NORMAL\S000361.jpg,c8c8300089be4a40e5acb30e3504569ed45f7358b0fd6cc077bf0358983fd635,92903,ROI_594\NORMAL\S000361.jpg,37a98e423d0b1048cb6854bbf61ee458a4f72d6b743313a5d8757453f3535499,22512
S000362,ODIR,NORMAL,4637_left.jpg,3,AUTO_CONFIRMED,RAW_594\NORMAL\S000362.jpg,0d19daabc20f04fd7339d2ee74409d3716c5203d05c27a0b6e9fd14d281e6388,167353,PREPROCESSED_594\NORMAL\S000362.jpg,a2350e52c0c1c85e6336b303d16313f8318fe899b5f16722e465ab8e44faff6a,95582,ROI_594\NORMAL\S000362.jpg,570e316ac2d06b8a0adefe5a5a22a7acd81dafeb6942d4c477a0d5b0e19d7023,20953
S000363,ODIR,NORMAL,4637_right.jpg,4,AUTO_CONFIRMED,RAW_594\NORMAL\S000363.jpg,f0dc58cbb9e48a3bc097a7db1384ce507dfb232538f44df3600b247e5ed455fb,166322,PREPROCESSED_594\NORMAL\S000363.jpg,09ffa271f233bf45fc3c39e712c3a0b4d3a50e3ed21c95a58cb1e829743e22c5,95139,ROI_594\NORMAL\S000363.jpg,5cefc3ef37e46db3f6fc48a384d57ecdfd7bcabf60acfd8ac37e2e187dc259d2,21826
S000364,ODIR,AMD_DRY,328.jpg,4,CONFIRMED,RAW_594\AMD_DRY\S000364.jpg,4f14aecac3bac792a9cf78e3c02e7a3ff6303fb1e9f88c87a644c8334fae8485,123189,PREPROCESSED_594\AMD_DRY\S000364.jpg,2a9100d5d370e17bd9fd9bf4674f3f01b9648dc5078bf974fa541aab54896ffd,97317,ROI_594\AMD_DRY\S000364.jpg,e0b3c4c8a4a458d6306ede81095bf878a5c78b121295b1096e80f61b5bc7915e,22412
S000365,ODIR,AMD_DRY,329.jpg,4,CONFIRMED,RAW_594\AMD_DRY\S000365.jpg,fc94a6b7e43a3853cd82fad156fb64ed4eb4011e03c662016c58ec2f74fbb4b5,133036,PREPROCESSED_594\AMD_DRY\S000365.jpg,ba29eeec03153d38a388983f6c726412ef0477e5123be02081afc0db73a63708,103581,ROI_594\AMD_DRY\S000365.jpg,d6b9d95f9b77b3e80ec437539bd278ef10e0cb01c58a5d88397bacf5212ceb7b,24971
S000366,ODIR,AMD_DRY,331.jpg,2,CONFIRMED,RAW_594\AMD_DRY\S000366.jpg,652f53ae53539bf6d6dee1bdea9a9f137e175afcbbb8fcf32cf3bbc4b65afab0,179204,PREPROCESSED_594\AMD_DRY\S000366.jpg,57f6d1d983a787042a5e58150cc793065d6f005dacb64dc196a030282cebe5cf,94098,ROI_594\AMD_DRY\S000366.jpg,5dd3d7a3ee8cc77d44410d34b0bf35037f6a1cb085bf748746f9a120cd03fc4a,20329
S000367,ODIR,AMD_DRY,332.jpg,3,CONFIRMED,RAW_594\AMD_DRY\S000367.jpg,6302ca5e70f70c684653cbdf14271d92fe8099273ca8ce441a5df547c27c11d3,279306,PREPROCESSED_594\AMD_DRY\S000367.jpg,e851823129b5a26a83bd1c2c4fc350eef2330aa77e8817afb582de61335a79b6,112343,ROI_594\AMD_DRY\S000367.jpg,1f1253c4a7ccb6bd89bbb2fbb97435b53429ef7fbb82e95b5d732b715ed0a5a0,28857
S000368,ODIR,AMD_DRY,334.jpg,2,CONFIRMED,RAW_594\AMD_DRY\S000368.jpg,9fba56ef8de85e1f1b3451d9f45635667b31ed48b6ed9eb29f68addc12a46d88,177979,PREPROCESSED_594\AMD_DRY\S000368.jpg,6ac097e82ca2d545323014e20dfe418206402a1a414579a3e894ff0532011d54,100557,ROI_594\AMD_DRY\S000368.jpg,196b80e3cdb5040cdf3e7cb0b417eab72d569adbd719f0e29126b1ee44ade8c9,23663
S000369,ODIR,AMD_DRY,335.jpg,2,CONFIRMED,RAW_594\AMD_DRY\S000369.jpg,064e5b0531583a3a98f658ed007acf92403e15ed4bdcf6b3c190866f1dc8ea16,307007,PREPROCESSED_594\AMD_DRY\S000369.jpg,834f3139487d3067cb59d9dcfe694f55a35ee3fbe73d9f5cd0a0285529e782ab,90663,ROI_594\AMD_DRY\S000369.jpg,f517d192d1988a82e97cfb1ac082ab0bc1cc5ed9aca0c56337799b44e6b28c77,20771
S000370,ODIR,AMD_DRY,336.jpg,2,CONFIRMED,RAW_594\AMD_DRY\S000370.jpg,a56ce6a01a899b172f857e840a54825b674ece953e8686c7efbb56c53a46e278,123669,PREPROCESSED_594\AMD_DRY\S000370.jpg,ea55e3dda3c95f4ef3b579207168ef0978c4cd305a56306138017ee98a6713aa,108205,ROI_594\AMD_DRY\S000370.jpg,4d39e5c9f3b4ad314ab0260d38ad778b67a20164d2a51b4c9e67415516954720,23146
S000371,ODIR,AMD_DRY,337.jpg,4,CONFIRMED,RAW_594\AMD_DRY\S000371.jpg,b25d30d283428ee2f5aec6eb984eb9ea0dd6d336c0a2f51f688d870251f5ae82,152710,PREPROCESSED_594\AMD_DRY\S000371.jpg,66bfbc3077df43ca2fc511fe7b3a973a78f2a7ff7cee98434e6b0c41062e15cf,83397,ROI_594\AMD_DRY\S000371.jpg,c3d02f66878bfb5b21e435b1905bda0727809b81e1edc5846c05db13b966fb81,20013
S000372,ODIR,AMD_DRY,339.jpg,4,CONFIRMED,RAW_594\AMD_DRY\S000372.jpg,74cf00c4db09cd6d445ad0717bfa7a753286da2e7e9bff73a2e5f7dd89a17f3e,223988,PREPROCESSED_594\AMD_DRY\S000372.jpg,14850e56f7fa948a44920a2efcf2e751df3a62a55c468b3c020ecf198632704c,96722,ROI_594\AMD_DRY\S000372.jpg,1b7e0d4f848c3dfd388d390cb2bbcb55c07ef70cd0b81d39549a5e719805ddec,20784
S000373,ODIR,AMD_DRY,340.jpg,3,CONFIRMED,RAW_594\AMD_DRY\S000373.jpg,b1d0e8021fda5f68baea22aa92aeeb3ae52cd22e944cd0c7d9fac9d1d44de423,270037,PREPROCESSED_594\AMD_DRY\S000373.jpg,1ddac8fe0de2b0e1a3678076e66ac3beaebad974dee6fede0e4548868384749c,87645,ROI_594\AMD_DRY\S000373.jpg,8b9c726cc6c378e473335301bb031a7132db052e553e71eff0400e7c77a60b7d,20272
S000374,ODIR,AMD_DRY,341.jpg,2,CONFIRMED,RAW_594\AMD_DRY\S000374.jpg,0a37bb6f9c4bcae88be9c7a63b53b3171be60a03a5a5c318fc08ba3710d5bcfa,363640,PREPROCESSED_594\AMD_DRY\S000374.jpg,86bc176b82d42050aa64339e13e2bfeb82ee7a077d0da2ea5c16424512329b7d,108753,ROI_594\AMD_DRY\S000374.jpg,8c3e5ad42082270d153fde1ef9a3948ef9d005b49ab04aa082d6df0d7b59dc0e,24493
S000375,ODIR,AMD_DRY,342.jpg,3,CONFIRMED,RAW_594\AMD_DRY\S000375.jpg,45d18f323c30f1204744abebbf40db5e4c97fa60f61a4269af7974fa56e979f6,352695,PREPROCESSED_594\AMD_DRY\S000375.jpg,80a4d02a8311f00a451821ef5b1955dad8099eefbd9b53040fcf4b7ae8f844a4,108003,ROI_594\AMD_DRY\S000375.jpg,abf79f831be3a6873dce29694a021e5cccef57b4283532e8920468da1862ff5e,24736
S000376,ODIR,AMD_DRY,344.jpg,5,CONFIRMED,RAW_594\AMD_DRY\S000376.jpg,be4a3dc7a4006700a1a1fbb2e0cbf31940f15073ebe30dadf840ec357de3bae9,159759,PREPROCESSED_594\AMD_DRY\S000376.jpg,ab27bb04180ca26920f59dc6feba3e3b10a93e1a2ee0de6b84f6c248bebe1736,90839,ROI_594\AMD_DRY\S000376.jpg,797f766e6f2cc9113d835b230e7af7284319dfcce72b36adc3ec3c4e85961d1f,19438
S000377,ODIR,AMD_DRY,345.jpg,2,CONFIRMED,RAW_594\AMD_DRY\S000377.jpg,4c044bb8c7bb4f05525a0d002fcdcbb0832ecd7f240e16eb8cf594db5ac8be91,153589,PREPROCESSED_594\AMD_DRY\S000377.jpg,2a49a685a8516a05bf86eb3ac0088aee54afbd7ec1e911cb5cd400500e77f61a,86933,ROI_594\AMD_DRY\S000377.jpg,951e0fe8f96937ad0bf1491387dbb591b1d537c4f47a585c66ee4b6bbc159341,18799
S000378,ODIR,AMD_DRY,348.jpg,2,CONFIRMED,RAW_594\AMD_DRY\S000378.jpg,555adbf61d370d9da0326fc2b1921b4dc9ee1891f9653be16a9465ed66cffaf2,80083,PREPROCESSED_594\AMD_DRY\S000378.jpg,9064f02871a89d17c7460e7911ffa407dcf1b2312d46505ec6ccb3a4685ff723,77070,ROI_594\AMD_DRY\S000378.jpg,795f80243fb315bb1139c47676452db3a8e31900d01f279f57189b0e009928ac,16143
S000379,ODIR,AMD_DRY,349.jpg,2,CONFIRMED,RAW_594\AMD_DRY\S000379.jpg,f10604919b78683edc97203d2979c1eaec4cb92f796c4399d9ab295963acdda2,80136,PREPROCESSED_594\AMD_DRY\S000379.jpg,11686d4446c0fad7e982b1b197d590df43d74a49d809e8496c3a9eabbaf5e6ac,77306,ROI_594\AMD_DRY\S000379.jpg,c81d90a3c56d5d653e972b5b3a9e8e88fc09001769adb1e2c90d6aec41274e63,16369
S000380,ODIR,AMD_DRY,350.jpg,2,CONFIRMED,RAW_594\AMD_DRY\S000380.jpg,b637d6cb41cc6bef888f001533c9712a41132d70513ef9041db3ac3183abda95,140216,PREPROCESSED_594\AMD_DRY\S000380.jpg,6274b16d6e1a088b25aec1b5fde7538ed36ad33bea61ba7d71d960159782bb86,82219,ROI_594\AMD_DRY\S000380.jpg,0416bbe5ca81fdc5bdb6d296b2fe2a8b1c45bcb5555585fe150a2398aa26a316,19849
S000381,ODIR,AMD_DRY,351.jpg,3,CONFIRMED,RAW_594\AMD_DRY\S000381.jpg,f54e7a546e58b4fe5d60c5078b4eecbb98129dc8c90230f63079e77336af5e58,193264,PREPROCESSED_594\AMD_DRY\S000381.jpg,68c7508e3f56c52788acfdeff94be266a5c28cb31243e13bfe60fa6a4d2f873a,85716,ROI_594\AMD_DRY\S000381.jpg,c5244752c911e3bd7858d293c057f4bc8f3171b83a10c0a2a3bae1d1498d0f04,20186
S000382,ODIR,AMD_DRY,352.jpg,1,CONFIRMED,RAW_594\AMD_DRY\S000382.jpg,f324e3835d63e64ef99a5447282a93533cce19dda2beab77b85526a9204d06a6,202227,PREPROCESSED_594\AMD_DRY\S000382.jpg,39795ae9f1a2f08752816ee9d05827121b48bde783e780a1085cc0e4cbd2d330,89993,ROI_594\AMD_DRY\S000382.jpg,7ea317323b950a4b923515651c7d7308b978032a27610e1b904d0a3a4ee00fe2,21770
S000383,ODIR,AMD_DRY,353.jpg,2,CONFIRMED,RAW_594\AMD_DRY\S000383.jpg,97370a827c943c8c6a7e4d1df60e9c849add2cd5292f8f0838aeb97e7e96dcab,322675,PREPROCESSED_594\AMD_DRY\S000383.jpg,85717ae58d039e077ab6cc8f349e32ca574859c078ebd3664e7e4f287e64e434,92725,ROI_594\AMD_DRY\S000383.jpg,6b4ab61aa8fad3dbc7c9dab5a16c237858f6615a8c3f36033f0af2f014106baf,19912
S000384,ODIR,AMD_DRY,354.jpg,5,CONFIRMED,RAW_594\AMD_DRY\S000384.jpg,0f75f5b8b410bfd3aac2023110ed0e66d08006c7f8b52ae5f58a5f4bbfbca233,317946,PREPROCESSED_594\AMD_DRY\S000384.jpg,968a75b0318b7b1bc06673d171576c02fb1fbc63d0c1dc95243e7192a62be688,89319,ROI_594\AMD_DRY\S000384.jpg,305b35ea31b3eaa122d3fd285c9004b6354a79cfe846411b2d56bc1890b9a3f9,19951
S000385,ODIR,AMD_DRY,355.jpg,5,CONFIRMED,RAW_594\AMD_DRY\S000385.jpg,4e050b234e4739142a10148e11823df1f24bdf8c546560898ed99dba52d07aab,152162,PREPROCESSED_594\AMD_DRY\S000385.jpg,86cb8b939f037f0f57ff1ac73e354ed3e92511b9db92d2c24d25da55f8c38a4b,89305,ROI_594\AMD_DRY\S000385.jpg,69e36760e5882e1c1333650cbf7f5f7b6e24e59ed3d375068336bf5b590c0174,19671
S000386,ODIR,AMD_DRY,356.jpg,5,CONFIRMED,RAW_594\AMD_DRY\S000386.jpg,2e79d5c239deb94792edd45d60350fb4d4aae1eba0ffc639ea632cb939ca30d6,141255,PREPROCESSED_594\AMD_DRY\S000386.jpg,cde6a654396bfa2bc50869571d03322efa6a21605be6279b69e2cb983a199e0a,82588,ROI_594\AMD_DRY\S000386.jpg,09fa95fe63a5ebd4564cd2b974a34d8f5061db140a64db3d9e65ebb7280ceaff,19515
S000387,ODIR,AMD_DRY,357.jpg,1,CONFIRMED,RAW_594\AMD_DRY\S000387.jpg,9620712725024bbf6c3a6bb0a366e17d2406486fb81d93d6235155f1395c8efb,276193,PREPROCESSED_594\AMD_DRY\S000387.jpg,496482f3f0a49a3d759ca9d7826aa0f280a480cfaab6727d9e3f2db22b713b85,108676,ROI_594\AMD_DRY\S000387.jpg,1ea73ebf5a6c0b9669fd9a61a1acdf4e985aebdea0c651bbee2c436f0a761adb,25745
S000388,ODIR,AMD_DRY,358.jpg,1,CONFIRMED,RAW_594\AMD_DRY\S000388.jpg,4aafaa18c3ae7845ceb385f7ce08352394b16345fc70ef2135b0820ffd8508f1,269484,PREPROCESSED_594\AMD_DRY\S000388.jpg,69f5a2bdb6d97f748906e2227bf1c800ecf90187f673ed7f5bb58dcee5d35e59,103523,ROI_594\AMD_DRY\S000388.jpg,f69de2995febcafc5dce88a2dea9616651f820321f113163e2fa42cb627d5f56,24765
S000389,ODIR,AMD_DRY,359.jpg,3,CONFIRMED,RAW_594\AMD_DRY\S000389.jpg,f1af77825a5870a7eea68db082df0e889fda00c69fdc947d26853f20678fc18d,185240,PREPROCESSED_594\AMD_DRY\S000389.jpg,7c372d1d8e53629a5e662815af706b3e4df3887c2f737f19fcc1f0bc00d2dae3,106603,ROI_594\AMD_DRY\S000389.jpg,7f423489d70aac7bb44788f82eae8d1a5ae15ad0ee0fefea4240a6a190f35816,24729
S000390,ODIR,AMD_DRY,361.jpg,2,CONFIRMED,RAW_594\AMD_DRY\S000390.jpg,fb9bf95b0f541c4aa7d7f019f767266500acb1805f044eb4757ea4d01e0bbddc,152745,PREPROCESSED_594\AMD_DRY\S000390.jpg,ad37a85e0a41b81455eb284201c3d1b848404171159bfec4015e1af285b22bae,86929,ROI_594\AMD_DRY\S000390.jpg,627097d60bc194df1ea2a5e640de1e2bc548e74206ea6b9a611870b2841565b7,21807
S000391,ODIR,AMD_DRY,362.jpg,4,CONFIRMED,RAW_594\AMD_DRY\S000391.jpg,28c5c6952ed8e843f870ba30aa06e8959ea5cffb028d3d62b37f56210175272c,215741,PREPROCESSED_594\AMD_DRY\S000391.jpg,66743d0913c2c24870c0020a59c328f27a8c23b6f437e19e49ede27cb639e2cb,98549,ROI_594\AMD_DRY\S000391.jpg,3e09008b698aebd58a1163d86785e3c51c8427fb961669c92fac8242b0b7c3f6,23784
S000392,ODIR,AMD_DRY,363.jpg,4,CONFIRMED,RAW_594\AMD_DRY\S000392.jpg,f308534233da817b43ad95395d23ddd25421347469ba940021b6a6e970c62f86,113655,PREPROCESSED_594\AMD_DRY\S000392.jpg,ef2430cb61fa0d8eb5cc8fe7e1ad00cb2c65e8b2a6c6b41ca9950f64193ae387,110434,ROI_594\AMD_DRY\S000392.jpg,9ba775e219e66b935b75472b3ac126c982958fdffdd21a31ad4648c2d6bde3c7,25824
S000393,ODIR,AMD_DRY,364.jpg,5,CONFIRMED,RAW_594\AMD_DRY\S000393.jpg,454b208b8de14032a70bf3cc526fcb7787ba78c571ed013067aff1e141d4ecc5,95079,PREPROCESSED_594\AMD_DRY\S000393.jpg,0722505b87c24e8b5253d61e061e8e8b3889c6d303a37c7ce98cb60f9388b44d,98815,ROI_594\AMD_DRY\S000393.jpg,227705d672b27eaf0e3c033ff1a60d17ce172db255d9fb53499344459a60979c,24948
S000394,ODIR,AMD_DRY,366.jpg,3,CONFIRMED,RAW_594\AMD_DRY\S000394.jpg,a1218fb222c8f4eaf3aece2cc18e06f90759c483728cf463236ee51842c71e57,251134,PREPROCESSED_594\AMD_DRY\S000394.jpg,eb94f8b6cf66a5a1930a045bd438fa517d4d6fdd27f2f8626c8f6a99c211e298,106579,ROI_594\AMD_DRY\S000394.jpg,7170ab3e9d94f0c37ce6fee8411b4347805784c4bb16aa85575f83d5bcee5c6f,22917
S000395,ODIR,AMD_DRY,367.jpg,4,CONFIRMED,RAW_594\AMD_DRY\S000395.jpg,b0a34b95a0d0f9cd9fc48431860a731c490a4bc7c6a827406973b6506c84eb2b,247823,PREPROCESSED_594\AMD_DRY\S000395.jpg,00f0056c57a2175faf300564b3a5dd6f9c1cc0c70bea6c5ba251d1e0429fcbb8,99528,ROI_594\AMD_DRY\S000395.jpg,430ddfe722a2ca5133377420bedbebe6c351d6bb343cfbdc4b0f691ed67ea366,22528
S000396,ODIR,AMD_DRY,368.jpg,4,CONFIRMED,RAW_594\AMD_DRY\S000396.jpg,f58e0157db1b55f748efb47dc4db7e346d5d68f1289326c03370b9b45b62e0f9,706905,PREPROCESSED_594\AMD_DRY\S000396.jpg,d7cd3a6ee1f4e5dbd2ad8492875d4eb069df5d9ed3fdc903787c8c332a04116a,120078,ROI_594\AMD_DRY\S000396.jpg,1e0f6c3e45b590a0bd7da7b9d330acc078d79a524a27a81d3405bfdc4826e42f,29010
S000397,ODIR,AMD_DRY,369.jpg,1,CONFIRMED,RAW_594\AMD_DRY\S000397.jpg,7b3614d675e948277f6e22f589cf77598e3928847e7fc7a200b2cccee304621c,736509,PREPROCESSED_594\AMD_DRY\S000397.jpg,9229dcf8611bc947e71f0058fc208583af4b822b1c66ab19d59a8af4b0ed7cec,115924,ROI_594\AMD_DRY\S000397.jpg,650349abc7b354d056ef440fd9814448c17b483158204b07ef3e412402d384bc,29523
S000398,ODIR,AMD_DRY,370.jpg,4,CONFIRMED,RAW_594\AMD_DRY\S000398.jpg,750a203c4736e7ecdcfd9d3430f306dad3f5cabc5c36fb489698659e11d10e6b,66476,PREPROCESSED_594\AMD_DRY\S000398.jpg,66705b01672d590f36ae453d5cbab0da1438d3edd06baa5e0f58d54a4d45fbf5,82631,ROI_594\AMD_DRY\S000398.jpg,06aca3aaa78cfe5abdcd6c27d0f36c418da48c2a7a9019e2e6f1d18024cfa4ef,18188
S000399,ODIR,AMD_DRY,371.jpg,3,CONFIRMED,RAW_594\AMD_DRY\S000399.jpg,5b57561a743fe6d04740582385a11c2f35c40e47f9aedb5fc39fcf17a147ce35,87401,PREPROCESSED_594\AMD_DRY\S000399.jpg,dea77ec0ee102e4662de5bf8d3185fd26dea992ebeb2f62a3aab6a5689bb8202,80498,ROI_594\AMD_DRY\S000399.jpg,bc9e6eef5b8a4694f37386eb2dde0fcaccd316334cb8a3173d8483e2d261edbc,17893
S000400,ODIR,AMD_DRY,372.jpg,5,CONFIRMED,RAW_594\AMD_DRY\S000400.jpg,a8e63c1e9b9b3350d80fdd252087fda56a08fee7c5304b9013c1f1fdd0a3c1b9,75991,PREPROCESSED_594\AMD_DRY\S000400.jpg,77367166d8b9907f0b8cd1de572dcf1e6d57b8567365f00a28f17c22011e02ac,70919,ROI_594\AMD_DRY\S000400.jpg,7c66f47b920b3dd7930d0df2dbc74edad06f58f53c39c1ed18096197731ae2ed,15704
S000401,ODIR,AMD_DRY,373.jpg,5,CONFIRMED,RAW_594\AMD_DRY\S000401.jpg,efaa65fecbca17aa9a95e3aeaaebda8fffb5ee96155bfe7a013a6bb51c372e9f,141388,PREPROCESSED_594\AMD_DRY\S000401.jpg,46ad3e70ba46eee9ad292c91812cd5c12f249df42b78d871d5da183d2df26592,78944,ROI_594\AMD_DRY\S000401.jpg,463e65298679ce5da08b0b84a164e7b0e0e057bda64f3fece360cd50e6d731d9,18565
S000402,ODIR,AMD_DRY,374.jpg,2,CONFIRMED,RAW_594\AMD_DRY\S000402.jpg,2b83f67c0b731a076df6a6cb55638cc40cc638c3f1d0c157f758c516ae335393,221751,PREPROCESSED_594\AMD_DRY\S000402.jpg,dba5b9ef63a4ba3d61c476f474544cbbb50476cdda277403d03d9d145737b724,109205,ROI_594\AMD_DRY\S000402.jpg,2dde13ced07140ba1884cf1602be9d8b44db2c0054d3eb6e9517cc7ba01db43f,28325
S000403,ODIR,AMD_DRY,375.jpg,5,CONFIRMED,RAW_594\AMD_DRY\S000403.jpg,284be6b56cd237fed93ce6c0ad3c005344d60eeed76b8b40db8d4fcb2f2b407e,214731,PREPROCESSED_594\AMD_DRY\S000403.jpg,d7ac54041a22fe48ba6d4dd23ebb6efdfc1975ff844671d440fa4e983454ab20,105513,ROI_594\AMD_DRY\S000403.jpg,cd010869de61d3d6365ce18634989fac18f3e406255b8a65d2e702cad08c8cae,27335
S000404,ODIR,AMD_DRY,376.jpg,4,CONFIRMED,RAW_594\AMD_DRY\S000404.jpg,284b7e3ff1be5942c90d51713c09868177417b47d2b5a51a157cc68bd99d00af,179329,PREPROCESSED_594\AMD_DRY\S000404.jpg,884b4da9d8b3543d3e44a83818410c4af464829f4e0eb8c4342cc51701a2a6e8,97494,ROI_594\AMD_DRY\S000404.jpg,1b02cfe49fb6e3a08ea0328f5db298189dc9f6850db5508c1a089cdce0ab77e2,23239
S000405,ODIR,AMD_DRY,377.jpg,1,CONFIRMED,RAW_594\AMD_DRY\S000405.jpg,c93381ef5632d2724533927b9a3397e5d33c65160d911cb42a397601799448e6,189248,PREPROCESSED_594\AMD_DRY\S000405.jpg,7ca788e45bbfdfe3652a329a0941348a9997233e36dca5ef58b9c74c48fc05f4,102776,ROI_594\AMD_DRY\S000405.jpg,8f872bf02dfc9b958b83bf8c1f734b96d1cbfd6fc57fcd620c9fd601c19b3f6f,26211
S000406,ODIR,AMD_DRY,378.jpg,4,CONFIRMED,RAW_594\AMD_DRY\S000406.jpg,393dd726be0cfe00c7f7b1ac7b6b7eb2604e2683e2cce6b3e4a939de18a7a6d9,175917,PREPROCESSED_594\AMD_DRY\S000406.jpg,1f378c4ffd81ab408d3cc49b78fb2558c48af63e04c5638738a247bfb680f750,97313,ROI_594\AMD_DRY\S000406.jpg,951005add86c9c034ff2fc00f8fb8b7918b04311b63c4cada5db526e0d815d0c,22592
S000407,ODIR,AMD_DRY,380.jpg,4,CONFIRMED,RAW_594\AMD_DRY\S000407.jpg,61dea790020c091ec444c71f2eeb5c1fdc2b3251d946eac89a651dd1383bac13,300231,PREPROCESSED_594\AMD_DRY\S000407.jpg,cf371060033c9df9cf29900be2bc0f1f3fc353a6cbef222c748f36b7f3e97f4b,104996,ROI_594\AMD_DRY\S000407.jpg,8fac9b8edd5bec8116fb027dcb618187c7ae162707da7f922179c5dc96d09c55,22229
S000408,ODIR,AMD_DRY,385.jpg,1,CONFIRMED,RAW_594\AMD_DRY\S000408.jpg,887b3759d43b18621cad6be87637f0696943c12765753bfded732aa9c2688480,204881,PREPROCESSED_594\AMD_DRY\S000408.jpg,a45e53fe03b4f733a9985bccbc1b545b5c979dd0da9ec8b673d455c2fbb24b5f,94595,ROI_594\AMD_DRY\S000408.jpg,74153d6c1e61e81fdeb408dddedfd06bd9f5c8d390e5eaf582b6a4699d4c5357,20177
S000409,ODIR,AMD_DRY,386.jpg,4,CONFIRMED,RAW_594\AMD_DRY\S000409.jpg,73ae86077252a6a75eab0c76c9ace48c7273729260e0a96b1380f6cfaa123261,244664,PREPROCESSED_594\AMD_DRY\S000409.jpg,c407c0931e12bcc32bdf8c95146b875abc6b201ecfdecef8affee4094c0b1628,125668,ROI_594\AMD_DRY\S000409.jpg,7d818210637edb8e6d73f8e60fea8608aed97bf4e262bed9821c33a542ff6295,31049
S000410,ODIR,AMD_DRY,387.jpg,5,CONFIRMED,RAW_594\AMD_DRY\S000410.jpg,14f75f94ba8b76ac22d53c16d1718ad6b0ffac4f26005f38dfbf032f918e1211,237480,PREPROCESSED_594\AMD_DRY\S000410.jpg,cdb8d986cffbbdba54f610151ed9b694d0752b6d74142b4934b82371488372d8,123803,ROI_594\AMD_DRY\S000410.jpg,b12aabf77ceaf771428fad1b48cc1671faab026c4791f6c1fd3c478856cc6de4,32144
S000411,ODIR,AMD_DRY,388.jpg,3,CONFIRMED,RAW_594\AMD_DRY\S000411.jpg,49712a3c4198ae5afeb7d360fccede3e9b0db745c1772affbb72ee03d065f1ef,487438,PREPROCESSED_594\AMD_DRY\S000411.jpg,e59baeba100086c2606e72c1082c79d823e250589aa297a25ff34efae557de31,113741,ROI_594\AMD_DRY\S000411.jpg,b5e129cedfb02ea04a035a1220f3a8307d1374b0637962c5518a365465e37e2a,26105
S000412,ODIR,AMD_DRY,389.jpg,3,CONFIRMED,RAW_594\AMD_DRY\S000412.jpg,1907deb9326782d3344d98ca730365cef9d6150a6f4ebd8be985b6faf8f83faf,541854,PREPROCESSED_594\AMD_DRY\S000412.jpg,94645b6da9261a68bf4be2c2654c02d449ef1438d1c7bc1f35071319452da4a6,100836,ROI_594\AMD_DRY\S000412.jpg,f28872b869dc5b0207a550fcfb422e16efd8d05ce9d176914d1fac2ead8d9dfd,24016
S000413,ODIR,AMD_DRY,390.jpg,1,CONFIRMED,RAW_594\AMD_DRY\S000413.jpg,b4b41786bea5a1ab42333b652b90965405b88a6846340a72b47b8745b5f244b5,594143,PREPROCESSED_594\AMD_DRY\S000413.jpg,b97dd821be9401fe4968df6a86b06a8bcdea5a88af6b0f0e3abc7fa81c85aff5,101216,ROI_594\AMD_DRY\S000413.jpg,c112764c76bcba69898263e265f8c43b287d349c2bd2e7deaaad95a6d88d08f3,23844
S000414,ODIR,AMD_DRY,394.jpg,1,CONFIRMED,RAW_594\AMD_DRY\S000414.jpg,a9ab2862eed11fb5c6fdfe0ab5c14c18e830a80bb3b6ce0c6c9b1a5e32b0bcb7,80692,PREPROCESSED_594\AMD_DRY\S000414.jpg,d55d13697bf41816f97fb9ac9319ce6799444df783d20833206004363ccd3cb2,77078,ROI_594\AMD_DRY\S000414.jpg,630332099229c2cd872789d162d0efc9190030fec7adc448651d5326305e3882,17596
S000415,ODIR,AMD_DRY,395.jpg,1,CONFIRMED,RAW_594\AMD_DRY\S000415.jpg,cd90c378341820dc528665e9f3843792cb3b7fdcd13e625b799613704f68ca6c,90350,PREPROCESSED_594\AMD_DRY\S000415.jpg,6ab6b19e2a2be3def2feed54baa9033292053afe1aa69533bf9eda68149ce4ab,85810,ROI_594\AMD_DRY\S000415.jpg,e1aeb99b8ec0e2fb88408ae6cfb487c584c01c56bab90d9f7c07a2cbd0a01f69,18814
S000416,ODIR,AMD_DRY,396.jpg,2,CONFIRMED,RAW_594\AMD_DRY\S000416.jpg,3b7c7fe83d2510fdace3e11150c2c504bc3d61e0065797eebc56ee8fe6750429,231377,PREPROCESSED_594\AMD_DRY\S000416.jpg,520a04d0aaa5767022cc2f184e2c040ccd9fbbbdc3e308d16e5594d9408d1c24,97674,ROI_594\AMD_DRY\S000416.jpg,acd8634b74fb2593122474ba3839c44736f6365b9eecb8648c13078634972cd9,22684
S000417,ODIR,AMD_DRY,397.jpg,3,CONFIRMED,RAW_594\AMD_DRY\S000417.jpg,7501ba81a44d5b9dee3f137478aec8fe21f62ba56555af0098a6aca78a601fb5,149012,PREPROCESSED_594\AMD_DRY\S000417.jpg,c146c626a807edc3f198817909576a0881aa60eec7ec8855f0c74bc84b7cc7df,87801,ROI_594\AMD_DRY\S000417.jpg,626fce37b29579f470051ae0d1e089d009ccca69637315ce30f4607355f60f80,21091
S000418,ODIR,AMD_DRY,400.jpg,3,CONFIRMED,RAW_594\AMD_DRY\S000418.jpg,bda9fe4da3bcb8ed8f6efdf1b2cffda329e5baeb8af039d051ed35070ba37c98,115361,PREPROCESSED_594\AMD_DRY\S000418.jpg,2eaa98923be07cadd83ef28e19fd29fe54619050b818db01d8150263a90beed4,110203,ROI_594\AMD_DRY\S000418.jpg,72686a476e66d4ee1b459e2c644b72be13423adbb96b0fe295f936aa98d0ad12,24252
S000419,ODIR,AMD_DRY,401.jpg,5,CONFIRMED,RAW_594\AMD_DRY\S000419.jpg,5d3e685ca55d53eb38b548622a11313c1a90fad864f9cb2f15aa5df353b4c2e9,717385,PREPROCESSED_594\AMD_DRY\S000419.jpg,f677fe976bba9081446a325425a7f79394dc22520116bd6654a6209c26b83316,113906,ROI_594\AMD_DRY\S000419.jpg,ec649c04dd6e0593e99bb95c6d2b53447570581d8227e1dd276eba589be79d04,26390
S000420,ODIR,AMD_DRY,402.jpg,5,CONFIRMED,RAW_594\AMD_DRY\S000420.jpg,b0335a173a23a513fb349a7a53f6a62b866d88615143b4dd237bdf863bcc7153,591330,PREPROCESSED_594\AMD_DRY\S000420.jpg,ca12f48b82c7bc3c41f791ba2e4ec99e423f8891bde792ba219468acbc9d66dc,102049,ROI_594\AMD_DRY\S000420.jpg,048d56c073f39cb2cf741ac00e7c6eb5d841742b0437998ef7fdc7a7e18e4819,24295
S000421,ODIR,AMD_DRY,403.jpg,1,CONFIRMED,RAW_594\AMD_DRY\S000421.jpg,625b536f42411a16594f79c29ded3a20b91fee811ca37d7eb4359ef5af01a834,224933,PREPROCESSED_594\AMD_DRY\S000421.jpg,3b6d480f31351d0ac5ec3ce9c9b296ec64a63afe4b4df2e38de4820cd14d4a59,113102,ROI_594\AMD_DRY\S000421.jpg,c8f406755fb701221ffc1cb0b04c560980f8d39fadec18d2432df02f2e99afa5,26399
S000422,ODIR,AMD_DRY,404.jpg,1,CONFIRMED,RAW_594\AMD_DRY\S000422.jpg,819608368029208531a9c3197f65bde7fa3dfd5f7a9bb2c05b0cf50e409c7303,195947,PREPROCESSED_594\AMD_DRY\S000422.jpg,0ad651fd0357c33537fe227950197c4c059b887744966237f141dada5f6842e3,104342,ROI_594\AMD_DRY\S000422.jpg,efd24750dcf3d5b569fe310fd82f58c0e41cfa2dc5606f2919a7619cae1d67eb,24679
S000423,ODIR,AMD_DRY,407.jpg,3,CONFIRMED,RAW_594\AMD_DRY\S000423.jpg,2f5afef8c26355038fe62acdfb76847a000cbdf36102763fd5e5f30ee211197c,162403,PREPROCESSED_594\AMD_DRY\S000423.jpg,a7d07c429689d16f30cabc71d4a68a0fa01cf722640d7ea9554eb31ad649efba,83268,ROI_594\AMD_DRY\S000423.jpg,b70f0eb2adcd1b671539081fc49c64e9701df4e5d111d2231035e70f36df0597,22098
S000424,ODIR,AMD_DRY,413.jpg,4,CONFIRMED,RAW_594\AMD_DRY\S000424.jpg,1288471f19333d3ab4505a654078190184e237c50ae0f21865089f69d5c450d8,184917,PREPROCESSED_594\AMD_DRY\S000424.jpg,9743159c054b03016bf83248d62e6a5e325dd7f805410de29ed54cc3231e1a5f,97034,ROI_594\AMD_DRY\S000424.jpg,a60e097ecc44ea8c52bc2c6c240b9648861f2885aee5f5b743458c54bf09f5be,21884
S000425,ODIR,AMD_DRY,421.jpg,5,CONFIRMED,RAW_594\AMD_DRY\S000425.jpg,35d43c6163255434bf8acbfe784d087fcb8d62c671865433d50c8084dc5b780b,213797,PREPROCESSED_594\AMD_DRY\S000425.jpg,13e93eea631ae47a7dfe0b24c469b88b23642da560cf890fa81bb9cd09162f72,97130,ROI_594\AMD_DRY\S000425.jpg,b285b03889bb239e4627d39886039616b2353fead335c538efb769acdb3b125b,20986
S000426,ODIR,AMD_DRY,422.jpg,3,CONFIRMED,RAW_594\AMD_DRY\S000426.jpg,ebff2aa83be1f80e78eb5604c19f88e3a5b979b8670af931b521e3ed30f6cd90,147823,PREPROCESSED_594\AMD_DRY\S000426.jpg,438858621b50358c3c359f0b9239b0a0e06b973390d54ece0184028aacdfaa6d,101742,ROI_594\AMD_DRY\S000426.jpg,69dcc7e42d30eb8bd49422fe62ee0695e70bc0116f7c9e3b54145ebfec5107a0,24234
S000427,ODIR,AMD_DRY,423.jpg,5,CONFIRMED,RAW_594\AMD_DRY\S000427.jpg,ff405603d373dc3c749463ce070c2020f22c92f8f69952cde9115f883cb5118c,150178,PREPROCESSED_594\AMD_DRY\S000427.jpg,28f864474f40ee05133612e6c176e0a43dae1e47acc51c0d6a3ea5a171714e4e,105075,ROI_594\AMD_DRY\S000427.jpg,33327dd5f1548c9871f3115b8c071cbc9be82fa57ca39a90a21db62cf2600938,23717
S000428,ODIR,AMD_DRY,424.jpg,4,CONFIRMED,RAW_594\AMD_DRY\S000428.jpg,d06512a72448fb51960cc9eb88be70b2b0d59e7906858074a3bce20f9f50573b,149498,PREPROCESSED_594\AMD_DRY\S000428.jpg,39cdfae35ef7d2db9aa6bcf07de5496d6ee159d6486e2910173522020c09dfc5,86034,ROI_594\AMD_DRY\S000428.jpg,c446e54f98dc7022b94c3f9e84e424b05ceb7d844f978715b9abdcaa2f692c80,18928
S000429,ODIR,AMD_DRY,428.jpg,1,CONFIRMED,RAW_594\AMD_DRY\S000429.jpg,a54addeed5785e9cbba2decdf58fa809f158f497d8d48c7055b04b7382648d0c,110034,PREPROCESSED_594\AMD_DRY\S000429.jpg,f326f46fac44644a1691bbf20034b9a6ea33aa20e68d1f6b7740bd5cb9ed036a,90579,ROI_594\AMD_DRY\S000429.jpg,6e75f2f5f6ee23ca5338af4c10377f080e12232c9067978ca22d43497d38c930,23144
S000430,ODIR,AMD_DRY,429.jpg,5,CONFIRMED,RAW_594\AMD_DRY\S000430.jpg,5900e71383e8e73e2bb7ce5cee2f25040ead08354b1ebb4b1c8b257418338290,122331,PREPROCESSED_594\AMD_DRY\S000430.jpg,37371e4fcf10ede63bfcb5dd10bacd174e6db6b9bbb76ec964d6c55ba56a0ef0,99244,ROI_594\AMD_DRY\S000430.jpg,5733b2362522a4e66dee8771afdddf5152e38ed00a891b8a499e04fc73cda5cc,23861
S000431,ODIR,AMD_DRY,430.jpg,1,CONFIRMED,RAW_594\AMD_DRY\S000431.jpg,b13295d696a81aee7ecb150813fb8ce59c5617bb479686b7bf3fa2a5122705bb,139135,PREPROCESSED_594\AMD_DRY\S000431.jpg,59cd7004df3304b95f3ac2e8bfe25c3eb5123dc83ce19df5c8de743073e85849,80709,ROI_594\AMD_DRY\S000431.jpg,02aec398bebff11367fb39ef240a72680e35789487177de9dd1b246ed9db6263,19239
S000432,ODIR,AMD_DRY,431.jpg,1,CONFIRMED,RAW_594\AMD_DRY\S000432.jpg,9c3204c6d6efbe2a6e6582e203586721e9710690fe13306282db330c535e3c4d,143897,PREPROCESSED_594\AMD_DRY\S000432.jpg,1985e92c4763be2117da2ec2571c8828861ed54c2cd46647a598c32d12ea93dc,83590,ROI_594\AMD_DRY\S000432.jpg,16876fd9dedb1e47c338cfe6f5b2231663e4e5476267c79f7dd798bd6f2b6c87,19015
S000433,ODIR,AMD_DRY,433.jpg,1,CONFIRMED,RAW_594\AMD_DRY\S000433.jpg,847580c55eb7d662d5555abebde82cde67a4557cebcdeb4dbe90d7233ad9c364,157308,PREPROCESSED_594\AMD_DRY\S000433.jpg,f8bc7ba576b2823d36e8e6c81a19af14f399e68b14df990ca3269050c9853f10,97935,ROI_594\AMD_DRY\S000433.jpg,ec93088d33497f8bdbbd212e0f5499d5892d21cb67c80a4f417501b33b760e95,21872
S000434,ODIR,AMD_DRY,434.jpg,4,CONFIRMED,RAW_594\AMD_DRY\S000434.jpg,14d7c121ad4a08d9329e03d3e26dd3a07999d9422bcc7a3ce4be904b94f145bc,146172,PREPROCESSED_594\AMD_DRY\S000434.jpg,dcce43340557ad3811fddeeec25e3772ac0aff94fdfcb268a71869022a330893,97910,ROI_594\AMD_DRY\S000434.jpg,278616e5a66d2abb13f37c5fb20025967da00d7eadab59d2c2a393698b5d3904,20672
S000435,ODIR,AMD_DRY,435.jpg,3,CONFIRMED,RAW_594\AMD_DRY\S000435.jpg,864bfe9b607183dc1a2131c7658dc4762597a62ff273cd5c13604bae0db45bc9,207195,PREPROCESSED_594\AMD_DRY\S000435.jpg,f39b4e4c459a58ccdbe07e5086ff7b1386b2778848887b68b861c48fbc639b1f,112341,ROI_594\AMD_DRY\S000435.jpg,ee8329a61524a9cabdc5dc5f9055083387a8e859bceba54f0553b0224845e9f2,26912
S000436,ODIR,AMD_DRY,436.jpg,1,CONFIRMED,RAW_594\AMD_DRY\S000436.jpg,3dbe778a01fbe8376da2eee181c7ba4ca69400bb1ae65249bee03ae0e9aff427,195138,PREPROCESSED_594\AMD_DRY\S000436.jpg,69afb2041bedfbd33ec92adc1e9c1a9b043f08db103b951e42607f07a531880c,105087,ROI_594\AMD_DRY\S000436.jpg,d38ab954f808ee4bea6141058c8dd9e75d0f97fb1f974f0bfdca354be18db490,23885
S000437,ODIR,AMD_DRY,437.jpg,1,CONFIRMED,RAW_594\AMD_DRY\S000437.jpg,7bc1a768f7f48bcadbbcb59122bf5ae68887ad5b0a7dd1a36ad92fba0cfb0673,292054,PREPROCESSED_594\AMD_DRY\S000437.jpg,0c6372da8531eddbd1abb34aaa328fb2f5819cc5a5f4c719802439fe6257107c,114410,ROI_594\AMD_DRY\S000437.jpg,c3cc457ca29291f30ff7960eca0135a074115ad602c7558ebffcb7dcdfc5e1ea,24514
S000438,ODIR,AMD_DRY,446.jpg,5,CONFIRMED,RAW_594\AMD_DRY\S000438.jpg,8c82e84d9ce8d58565b62065b5f5d9e3f5d5b5ff5e5b407151342f6e45581499,214102,PREPROCESSED_594\AMD_DRY\S000438.jpg,c70612f43408d120462efecfeefdd4bc830474db884fb47e960ebd5b9ff9b954,115131,ROI_594\AMD_DRY\S000438.jpg,d1a4688422c21a24b76eaf78174f23f0aa70043b401410e0c397d8bf877d98c3,26486
S000439,ODIR,AMD_DRY,447.jpg,2,CONFIRMED,RAW_594\AMD_DRY\S000439.jpg,92229f1d33ed9193d78234803c32eb3687d05b1e104ea30594ccca7c6dabf21e,201207,PREPROCESSED_594\AMD_DRY\S000439.jpg,ef19cf2d65bdae11009ac287708877692b0fe1ea60f3d0445d296a9daa8de632,112544,ROI_594\AMD_DRY\S000439.jpg,a4c5afbab389bf91d3eb130ec333e907f53bd79559d12ad0479ac4d34fca8601,26580
S000440,ODIR,AMD_DRY,448.jpg,3,CONFIRMED,RAW_594\AMD_DRY\S000440.jpg,023dfdfeb187bb309ecd265ee751ba93aa09a38367f9403f1861e7663af3ab93,234598,PREPROCESSED_594\AMD_DRY\S000440.jpg,e6877ee4eea3aa527b52f5b34f214fe6769187daec007a659fd45fcd5b5afa2f,114960,ROI_594\AMD_DRY\S000440.jpg,d2a440503259d5be5666ea0e70101e2d2c54d4e8d44afa13537d8a5882710a90,26375
S000441,ODIR,AMD_DRY,450.jpg,2,CONFIRMED,RAW_594\AMD_DRY\S000441.jpg,b5f9b737953cb82873a4c8a639a4363b586090db5eb1cd9dbc45af1ea9c6012c,192813,PREPROCESSED_594\AMD_DRY\S000441.jpg,4052a27d90d6fcfc7b8fea56678a46b4830c40c0e660609b048c966ac29a5221,102659,ROI_594\AMD_DRY\S000441.jpg,8b4a6f6699dbed7aa3219ae0fe86622064ba3994151d7f87ebcc954cb3fc28d3,28517
S000442,ODIR,AMD_DRY,451.jpg,3,CONFIRMED,RAW_594\AMD_DRY\S000442.jpg,eccfa3f45da11f632c5db69cfb8165b61bc32b7aa1f1e2e18ba9c8614d3c14a2,191678,PREPROCESSED_594\AMD_DRY\S000442.jpg,10c259e2913633c963367964515f3c91c89775935398490d086f5693cbfe9bbb,113894,ROI_594\AMD_DRY\S000442.jpg,b9757f3b599e7ad99de29730e89f8573fbb6111e7c0cc2b47a754704a01987cb,26443
S000443,ODIR,AMD_DRY,452.jpg,5,CONFIRMED,RAW_594\AMD_DRY\S000443.jpg,094f524cded65deda2c5af08cd73cc2aed21e1b658648ca52a1382aae40aff54,137376,PREPROCESSED_594\AMD_DRY\S000443.jpg,e7055708f01e8b669645c01080a90ebd02d7724e882d9a4ac733a8b6d843a34c,105680,ROI_594\AMD_DRY\S000443.jpg,09eeadd8f8f8df7ae5df5428b19fa1646c4fa48e1de898cce9a26617702777c6,23841
S000444,ODIR,AMD_DRY,453.jpg,2,CONFIRMED,RAW_594\AMD_DRY\S000444.jpg,5028790a3b1d2ce67e5348a216405faee67796b8a9d15075f0a4557074d54cc8,159631,PREPROCESSED_594\AMD_DRY\S000444.jpg,df3a9a9172b60936b4af370410a3108acd328230e93256ca5e1ff3542ce3695c,92026,ROI_594\AMD_DRY\S000444.jpg,b067957a513cdd97521dbd7ca579ed38d5087e9150f37ecbaa0f30479c1ee259,20216
S000445,ODIR,AMD_WET,346.jpg,4,CONFIRMED,RAW_594\AMD_WET\S000445.jpg,5bc3938fad260988152e0d725ca69f31633488ce51e628b4968b5c62f5dc8d23,337133,PREPROCESSED_594\AMD_WET\S000445.jpg,e541c630588e601d814b906c6cff0fbf20970e432d926f307c698bbdcfb9e444,90193,ROI_594\AMD_WET\S000445.jpg,432edd4596f1d6e36cdd489c1cf2a6733692c4d6b5f96b676b1afcb684bfcb94,21502
S000446,ODIR,AMD_WET,360.jpg,1,CONFIRMED,RAW_594\AMD_WET\S000446.jpg,07dab9f4403e30adc32e6248251778a0c94d8da15f044d4aebe3d116587d8813,158537,PREPROCESSED_594\AMD_WET\S000446.jpg,3e1e87aee296781baeabca8643254ff08270012c9b497336721407d740b210c3,91944,ROI_594\AMD_WET\S000446.jpg,1475d5762a2ed735d4bb894eaa5a124a901c30eee0c4bcc7423715ea92d79234,22022
S000447,ODIR,AMD_WET,365.jpg,2,CONFIRMED,RAW_594\AMD_WET\S000447.jpg,36ab867fd72b21315417b7fb7c0e5358a25d3c654f6114a0f8691fe037a51c89,187221,PREPROCESSED_594\AMD_WET\S000447.jpg,1cb1c573775437791c76c0be8aab136ba3e9ab3dae9bc476d9c40c18c9014af4,91527,ROI_594\AMD_WET\S000447.jpg,e642157280892e98dceae46b790634a9c01cec798986f2cd65661986c49c27b5,24992
S000448,ODIR,AMD_WET,379.jpg,3,CONFIRMED,RAW_594\AMD_WET\S000448.jpg,a798c058781acb5129206991b70cc7e93ccdac4571419a9de6bf666839fa4a3e,141116,PREPROCESSED_594\AMD_WET\S000448.jpg,b11bade4851e7b45e8108b1e3d4db432e72fa2b7f0c1436f2ff4ee0cc46fa75c,76102,ROI_594\AMD_WET\S000448.jpg,a645b3aaa41fee9f17b4e61fef20fa48e3774df7781870b25aa2654333cfb7bf,16998
S000449,ODIR,AMD_WET,381.jpg,5,CONFIRMED,RAW_594\AMD_WET\S000449.jpg,34763a574055c4610c3d529ada571b228a24aaae395e49bc2b656da584cb1242,282012,PREPROCESSED_594\AMD_WET\S000449.jpg,d7847646550419a57937d85608afe72c84f21ab65e2c2f2fc4e9eb1e513fe073,100969,ROI_594\AMD_WET\S000449.jpg,47815385443d781602d5d3c27627be06dbcc724cb05d4884c984f1a33c9938b3,21929
S000450,ODIR,AMD_WET,382.jpg,1,CONFIRMED,RAW_594\AMD_WET\S000450.jpg,d5594b3db1d1181eb759fb6d6666479cb7e0c5cc25c9b30171a67bd484d24d2e,183282,PREPROCESSED_594\AMD_WET\S000450.jpg,3e95c56eae2772eade80d6e1915b8dbad1932b06522a0078f4b9fd0e4adcbfbb,89883,ROI_594\AMD_WET\S000450.jpg,5d6b04249d2078cc9523443aa84cc4b7b487408422714bc439c5a0a3f92e9f86,20177
S000451,ODIR,AMD_WET,384.jpg,5,CONFIRMED,RAW_594\AMD_WET\S000451.jpg,e300badb92766e87a23d2dd5e07354464054cce544b91b43720216a274ac0885,212107,PREPROCESSED_594\AMD_WET\S000451.jpg,573e01d34a20b3223678c404dfbef42350d5c68a7f50514beda84b6f82179b33,97608,ROI_594\AMD_WET\S000451.jpg,282695642a9a52cd206090171dadb5be4e6fafc85b554f5441014741cdcbadde,20689
S000452,ODIR,AMD_WET,391.jpg,1,CONFIRMED,RAW_594\AMD_WET\S000452.jpg,38c481f903986c97f25cb881e4b72c1324886fcb3fc436044f705e8ca977c1ba,153759,PREPROCESSED_594\AMD_WET\S000452.jpg,4342fcc3bb5674a272d1dd36d886f1cedd46f3fc1d96771c75370976698d5b21,82074,ROI_594\AMD_WET\S000452.jpg,171a9ecda9a6280c3a23cbdc1cfabad3c1ece7034865d09e65de9225a4f6bcbd,19813
S000453,ODIR,AMD_WET,392.jpg,3,CONFIRMED,RAW_594\AMD_WET\S000453.jpg,73c92f0a0a63416d0f6a87f1885cf6845be59a8261a91976a89887c49e13d99d,331319,PREPROCESSED_594\AMD_WET\S000453.jpg,62025af7ee67c855acb387e47f7c88c3ee720ea863c12dcfdf0bcb026ea6f5fa,97339,ROI_594\AMD_WET\S000453.jpg,5a270300aac2c46a6cfbe52e885a1605480a9cd90a07c08fe87df6aca08ef439,23914
S000454,ODIR,AMD_WET,398.jpg,1,CONFIRMED,RAW_594\AMD_WET\S000454.jpg,20da0841a46c1d67485c7c7c66122fd65a0cc5aeb3b08ea6a0a330c450380d98,138998,PREPROCESSED_594\AMD_WET\S000454.jpg,3bf580e5e74a4b9ee9d2317b40974b98a62640b3385d6f683092c6da87f88932,69816,ROI_594\AMD_WET\S000454.jpg,0f5c7a38b59fc5e0dab0b9076747f9539e6db5576095759ede194ffe147c18bf,17478
S000455,ODIR,AMD_WET,399.jpg,2,CONFIRMED,RAW_594\AMD_WET\S000455.jpg,49f65868393202451c33e6eaa2785c98b88558dcd46e3c467a4a802bbaea5807,117051,PREPROCESSED_594\AMD_WET\S000455.jpg,1f1ccdc855a75971b4abf177ce64d28b1a5ced0a2bff515ca907403a1fd9bc8f,111928,ROI_594\AMD_WET\S000455.jpg,520ca89337ffa923dde801b9cd8239e025c9b200e0a61bd44ee8df27c8f340e9,23775
S000456,ODIR,AMD_WET,405.jpg,4,CONFIRMED,RAW_594\AMD_WET\S000456.jpg,51ca99084f4dc1a686c7a15835c1246a253ebb02d749bdbe29f5ee58c73fda00,375582,PREPROCESSED_594\AMD_WET\S000456.jpg,f6eb74ab6b06cf918affe714536896101480b13ce795afe4ed516ab91d33b3fb,98039,ROI_594\AMD_WET\S000456.jpg,46a920ae23b54626ab884befd10b390f881bb849d44dbe97ed5035e8bdfa2fbe,21915
S000457,ODIR,AMD_WET,406.jpg,3,CONFIRMED,RAW_594\AMD_WET\S000457.jpg,3afc93abcbb527159e9a745bc0217b85d0e2ca143a11520283d6d7aaae4a81c2,194761,PREPROCESSED_594\AMD_WET\S000457.jpg,4ffa976031a6a7bfb08b7c6ab1c6bcb889e53238e86d35bccb190fcfd91e7248,85737,ROI_594\AMD_WET\S000457.jpg,17658ee4eefd33696dd3146a449c0ca1bb630d79a666aa94595a5428b2f66619,18013
S000458,ODIR,AMD_WET,408.jpg,3,CONFIRMED,RAW_594\AMD_WET\S000458.jpg,2a849847912dec6c3b048585d9c0eb9c4cf807dd4584d7f0f1c03e90a33015fb,170377,PREPROCESSED_594\AMD_WET\S000458.jpg,8c2302490771ceceb6c1a8e2fde099f4fd3fdbf06b37f5cafb16c4985fa3aa32,90111,ROI_594\AMD_WET\S000458.jpg,25d401b801baa48776ee0d66098e13db56743c0fcca218183277f8bb2ae824f3,23389
S000459,ODIR,AMD_WET,415.jpg,2,CONFIRMED,RAW_594\AMD_WET\S000459.jpg,b1f842fc984e81be26eed6f24db2219b71555b4cf1b419f693340a4742b17bea,344473,PREPROCESSED_594\AMD_WET\S000459.jpg,050b00a755fd54d2582709d4b510d93aeb8558ff87cb52377ccf31b73aca75f2,115910,ROI_594\AMD_WET\S000459.jpg,477f83e371846d91b80d51bb1f2d8262794f788fed976f348d33b7c9d651ebd9,26758
S000460,ODIR,AMD_WET,416.jpg,2,CONFIRMED,RAW_594\AMD_WET\S000460.jpg,90333afa2318b3a815b160d05e13e16ea283671512ce5b4178e20a67ac2f46b9,336163,PREPROCESSED_594\AMD_WET\S000460.jpg,9b577959037c3fb2ab3b8b8c377f93375f97307bdc526b5e1ab6965d3271592e,118085,ROI_594\AMD_WET\S000460.jpg,1b708b2e1864f8d4ba853cb38f413ffaa7ea39f0fa9fb631ab01ecd804383cd3,27468
S000461,ODIR,AMD_WET,417.jpg,3,CONFIRMED,RAW_594\AMD_WET\S000461.jpg,3bf66ca3d7a65f4db697e58e62f394828435a4e0aeea2ce56173d3a20bba4ada,161781,PREPROCESSED_594\AMD_WET\S000461.jpg,c63b0949325fb2c255809814dfd7942e9ecbd520fac568a4eb7e913a874a2b89,89663,ROI_594\AMD_WET\S000461.jpg,79136b76663a7d2b7fd09f35246f7453fdde6445d9a4b512d4442cd90c97101a,24982
S000462,ODIR,AMD_WET,418.jpg,5,CONFIRMED,RAW_594\AMD_WET\S000462.jpg,e5fb8f344b0406ef5e22e8d6a9928b2812d9c040f9482c39d8bdfa259b60547e,154909,PREPROCESSED_594\AMD_WET\S000462.jpg,f6837f2e6674a006e7a32b6344fe0ea3acd6282f9c9b8f08a01d4fe5ac9f886f,87638,ROI_594\AMD_WET\S000462.jpg,d0b3cb0f44288e1fb0b28e9f7b5c2c1b2f908d7dc352b463957abdb0ab801d9e,21740
S000463,ODIR,AMD_WET,420.jpg,4,CONFIRMED,RAW_594\AMD_WET\S000463.jpg,2102b252e314e3cf35f69f10f2bf08ab8928edd171f76be39ff211e86d64ebd9,184190,PREPROCESSED_594\AMD_WET\S000463.jpg,d3b9fd675931fdf24feba0d1dc97f12b8476ecdc4c1afa9b700fc96646d263d9,96411,ROI_594\AMD_WET\S000463.jpg,43e35a34712d34c2bcd968680da1c780b211f457bd5614a5daaa69a1ec129bc3,22218
S000464,ODIR,AMD_WET,425.jpg,3,CONFIRMED,RAW_594\AMD_WET\S000464.jpg,8bafcf9cff7b03ae7ebd38cc45891d5d833c2cbc94a2e7a9d0559f06243d07a6,312341,PREPROCESSED_594\AMD_WET\S000464.jpg,9acf8f8dcb6932473aa6910453cd0511b26f50a573c2af033d7536c3db51bd02,94773,ROI_594\AMD_WET\S000464.jpg,773fb10611cfeb906b67a157848f580828a96e0f1a6ac44c640d152fbc19e100,22047
S000465,ODIR,AMD_WET,432.jpg,2,CONFIRMED,RAW_594\AMD_WET\S000465.jpg,7667afe2c9cd79373538be055b206fc93ae8c4ba9cfe6966ab9a5a4d11efcc47,154587,PREPROCESSED_594\AMD_WET\S000465.jpg,83e5b4be6c60bb29b3afaca0141f1b6eff1dd79f45d235ab5621ae4d0b2b0973,107031,ROI_594\AMD_WET\S000465.jpg,0790bb72e0a6a6d6af658ca81ddca730776f19ffd45fea4e79bcde2f9ab31a09,24239
S000466,ODIR,AMD_WET,438.jpg,4,CONFIRMED,RAW_594\AMD_WET\S000466.jpg,4151e202900c12dcb13fe9568c6eaacd3bba762b4cbb47cba8149818ac7f11c9,147542,PREPROCESSED_594\AMD_WET\S000466.jpg,a07c7281e70383fd97e55f2f38554adcd04336899ad8776e2c249dc03d624cca,85004,ROI_594\AMD_WET\S000466.jpg,a0fc09e112eba8c667706644ea112082a4f45df61af58f4c4159c72aa88aa7a3,17914
S000467,ODIR,AMD_WET,441.jpg,1,CONFIRMED,RAW_594\AMD_WET\S000467.jpg,cbe9cd93b783ad5c2421984d50598d81ae078bc644599a36a87d7f9b823a074d,82248,PREPROCESSED_594\AMD_WET\S000467.jpg,dd0238a9bf42c6887bd7001b414a08e747668e55841ec697424e76a6dd98c083,79898,ROI_594\AMD_WET\S000467.jpg,57295f926b4774f414aadf985fd0b861f9792b47a68f263a5e26a27a8829c77e,16223
S000468,ODIR,AMD_WET,442.jpg,4,CONFIRMED,RAW_594\AMD_WET\S000468.jpg,37ea83bb8c84e5345516cfdfe5c3be4648b7b4e94e233a3708c88e35e672ae88,159625,PREPROCESSED_594\AMD_WET\S000468.jpg,60f746646b5640847b1bf8691620473623c4b75608b53c91bfbbc1204995cf63,88596,ROI_594\AMD_WET\S000468.jpg,ffd9f4dd4b06cfa10eddac56c0fd5647df452388d3b2711e8ff55aec9d110d65,20405
S000469,ODIR,AMD_WET,443.jpg,5,CONFIRMED,RAW_594\AMD_WET\S000469.jpg,6f3721941ad94a56f71c65160e135c557159fdab6e1a3cd9e191a8b9bada4516,167808,PREPROCESSED_594\AMD_WET\S000469.jpg,570b20590065892f0e9333cdd221a92bc9a4c19a0a0b98d8dae016a9f8703b80,76291,ROI_594\AMD_WET\S000469.jpg,5ddb539477375b4774e159804e14a04fb891901afeafeccc470d8d942fcc1761,18013
S000470,ODIR,AMD_WET,444.jpg,4,CONFIRMED,RAW_594\AMD_WET\S000470.jpg,724a9f40701559d0e34845c67dbe5dc0e6657488f9cfaaf9619950eb03ba05e3,81851,PREPROCESSED_594\AMD_WET\S000470.jpg,a3935d38b842ff18e456790675df032b8eb40a7b180af7d49b5067838517b3c1,75943,ROI_594\AMD_WET\S000470.jpg,5faaf935c860299c6db91c91cdebaf3759be252c1444635b227fc34d74024aee,16401
S000471,ODIR,AMD_WET,449.jpg,5,CONFIRMED,RAW_594\AMD_WET\S000471.jpg,85db946ebe5514429a56e69018c81714aed98b92a0e9cd9c0a1e916f1baa2808,168235,PREPROCESSED_594\AMD_WET\S000471.jpg,5317c7194eb5c9648f1f518e7c077c413815e999ce0a5d1a5d7d16a1bbfbafe6,118978,ROI_594\AMD_WET\S000471.jpg,6773edcc99af27de55260458e419b9ca3e41fb9d30f53636f6e0f6c80d70528d,25503
S000472,ODIR,AMD_WET,456.jpg,2,CONFIRMED,RAW_594\AMD_WET\S000472.jpg,2509ea3cfa1812f810b0370fe318875559205cf60b885c97326c805e3ef075c0,324514,PREPROCESSED_594\AMD_WET\S000472.jpg,048551e374e401f95c314cd7779a084612402d6f84b893a55f39f597494d7ed8,110684,ROI_594\AMD_WET\S000472.jpg,03801c1bbefc8e62031fb91fed53ed56847690cf4de0221bd81511cad2c411e9,28881
S000473,RFMID,NORMAL,1010.png,3,AUTO_CONFIRMED,RAW_594\NORMAL\S000473.png,0b0fa9e2b3a6e6aa25a028ae2eedcc0620cc5c77e19dde9b1c88b29a8135dc30,1620836,PREPROCESSED_594\NORMAL\S000473.png,98bfbac267182b0983a308ee01a8b0624668fe1d71e9e66887aa30e58771db1f,383882,ROI_594\NORMAL\S000473.png,25c0dda5cadfd586054e8b46927ef1780b08139718f6409255f5e60a72092478,83398
S000474,RFMID,NORMAL,1024.png,5,AUTO_CONFIRMED,RAW_594\NORMAL\S000474.png,e885bb18a81eda00c03026ec72678b6860ae5ab481aa69b9e53a488e33c47f60,1662092,PREPROCESSED_594\NORMAL\S000474.png,0e95f70100af7881f4c0be05310cfe62c910aaf729b33d3dfabb4e68672422a2,393215,ROI_594\NORMAL\S000474.png,8476b4fa4912f0fe46465d5259d9a851b17efe1f2895df577addccff39e53f45,87683
S000475,RFMID,NORMAL,1035.png,5,AUTO_CONFIRMED,RAW_594\NORMAL\S000475.png,d41880a4a8494da24f3a601e794777a208799daad9eb403aedb61e2b26d77be9,1756720,PREPROCESSED_594\NORMAL\S000475.png,23e13117d481b46c5915fcaabe850130ac2a616ce1dbd002f62a368b6e7f3ead,402644,ROI_594\NORMAL\S000475.png,acfb996f07c2cc252bc670bef2a81684175eea2ddd59ea1db9c7c0e1186bb37d,90481
S000476,RFMID,NORMAL,1041.png,4,AUTO_CONFIRMED,RAW_594\NORMAL\S000476.png,8c3b2d9240791265355c989bf66fc9b48cfd3394fdb7124ce95bd44cf0baf20c,1710419,PREPROCESSED_594\NORMAL\S000476.png,76a3beef6dc355cc9bfb3950662e45735e382769eef5abab622339f0a95d24cc,389781,ROI_594\NORMAL\S000476.png,747e9861e50688592bf570eb98a16c17620dc3b8a5532907618a3c80994a75c6,88252
S000477,RFMID,NORMAL,1045.png,1,AUTO_CONFIRMED,RAW_594\NORMAL\S000477.png,aae7a34568ca7add123b2d1e00a6e18e0e333f0a4921e57b679deff781be8ac3,1729393,PREPROCESSED_594\NORMAL\S000477.png,1c0b60ed5642af5c17890617756f852abc41339b00f281994fda396f6aca3bda,393043,ROI_594\NORMAL\S000477.png,b4d2c95ee45d6c6d63be0c3ce20038355fd84fddd79ca0cf1c4e545a2d28f71e,88248
S000478,RFMID,NORMAL,1046.png,2,MANUALLY_VERIFIED,RAW_594\NORMAL\S000478.png,8a5a7b3b582561849d569527d44ef34d660dd813e78a2af2d35cf2cbf4b81d63,1633325,PREPROCESSED_594\NORMAL\S000478.png,a2648783f5a05a0cef4be5667ed0a989a81ec3f94f9d71c8308b8f6336417f51,386218,ROI_594\NORMAL\S000478.png,af318603d8ab813e2a177e010813aab1af35294669fd49346dc67716ee5dbed5,87641
S000479,RFMID,NORMAL,1077.png,5,AUTO_CONFIRMED,RAW_594\NORMAL\S000479.png,964973a210459e1b697d84a631d3e0d8bdbd604b2c248e61e64ec7de62be490b,1705429,PREPROCESSED_594\NORMAL\S000479.png,ea2e127015278ff6ae4e7a30c2c13c80a2d99507add38456c5bad2b08e0f92d6,388653,ROI_594\NORMAL\S000479.png,7f04649c2e8ee9aec66e658ed13e4c6b158c1ffbace757bcbbcac646913c0bd4,87462
S000480,RFMID,NORMAL,1082.png,1,AUTO_CONFIRMED,RAW_594\NORMAL\S000480.png,3fd61a8d36cea4969e024b512621ab6559a456cb108393ed704dec0cd73886d2,1704794,PREPROCESSED_594\NORMAL\S000480.png,312f87c926ef7b394867414021cd6a8849d12ce831f999a607f98c2a8bd328a2,381080,ROI_594\NORMAL\S000480.png,39a1660847d7093008e6f86092c3b204975a970c0d300f1f838d386a61014bdc,85962
S000481,RFMID,NORMAL,1101.png,2,AUTO_CONFIRMED,RAW_594\NORMAL\S000481.png,e20fef347fbdc46a47553d71df45ed753724ce993c2be667185933ae82408565,1556264,PREPROCESSED_594\NORMAL\S000481.png,70bb38c8aa5ef751f595333d3b94e3c4959e23ceba9297520a3410e7dfa4bdff,380019,ROI_594\NORMAL\S000481.png,d950b5cbb426f76a5630e939d914740c806eb2924aaed0e0784fe87df6fd35be,84757
S000482,RFMID,NORMAL,1102.png,3,AUTO_CONFIRMED,RAW_594\NORMAL\S000482.png,c324b838d59e03a6ada7d201a9733d7e25a6397b05cfb58e7af84176207c237a,1487286,PREPROCESSED_594\NORMAL\S000482.png,d9b5e3de211fa533d3c6f806b8c983c2502cf937f80d036379fd09ca238f72ee,369840,ROI_594\NORMAL\S000482.png,115b3484702ab0029d576e940d1927b40bae907f9f19ec91ef7e0accdcffacf1,83047
S000483,RFMID,NORMAL,1109.png,5,AUTO_CONFIRMED,RAW_594\NORMAL\S000483.png,94dd71b8e519b0a36eb910b2cc4e1c8dbdd3d22bdcc7022781dabfa73c70b0db,1784018,PREPROCESSED_594\NORMAL\S000483.png,890021efd52248f96ebcaa9f50a85597245d6d5a61b81aaed0b2c615e3c2b462,400880,ROI_594\NORMAL\S000483.png,e43847e438ade9aa4a6eae0544d31de04273ed1dda4208bfa34b7404675c076b,88289
S000484,RFMID,NORMAL,1137.png,1,AUTO_CONFIRMED,RAW_594\NORMAL\S000484.png,0c20e165209dd7364cfff8b23e3e3cc1b07d946ab006c4f8f16d254276a71c74,1556611,PREPROCESSED_594\NORMAL\S000484.png,43e1430bc586ce7a53cc7e841b0b6d02127e817f092c7e05703049650b1e37f5,375058,ROI_594\NORMAL\S000484.png,a62a548c527422cdc5b7a18cee7f4dbc951d06739c0ade1e6452918a5b9ee9fb,86180
S000485,RFMID,NORMAL,1145.png,1,AUTO_CONFIRMED,RAW_594\NORMAL\S000485.png,f230c1ca83393139dc27761013745d7b0114c6dc4582e821532c8a341f3fdc10,1695020,PREPROCESSED_594\NORMAL\S000485.png,4f3102893157781c5793da803b63d89ceac23b1db34282acd7f0d7442106cd8e,390863,ROI_594\NORMAL\S000485.png,c447f319330a352f548d60af35dd31a0dbcad1f951cbfaf4d51337868f9a8d80,89489
S000486,RFMID,NORMAL,1147.png,4,MANUALLY_VERIFIED,RAW_594\NORMAL\S000486.png,6c5b9e8b487dac8da3eccab5a5fe0d2ec3b357a9be43341158500feabb4b5566,1676454,PREPROCESSED_594\NORMAL\S000486.png,ee8317a1c27b1a6c0cdab356a30cb1efb4f74ff4d07991169aa286faead3a5c4,404020,ROI_594\NORMAL\S000486.png,80012e68337cb16def39f2b1598f91b8a2d9bc403ef40b1e11b3c70b07dd0684,91962
S000487,RFMID,NORMAL,1193.png,5,AUTO_CONFIRMED,RAW_594\NORMAL\S000487.png,89fe4ae54aef0183f6aa3bea43900e48bebaf4796fb2d4efdb4dd46b2bf2695e,1711823,PREPROCESSED_594\NORMAL\S000487.png,255b76f79ac4a9d080fb6ee3c62fb4836cacd2a92f69f9695a21cbe27a3e869d,392026,ROI_594\NORMAL\S000487.png,4dfa4645ce7cfe5dfa1158d0d76ecca55af6420f6d2489381eb36def304ec524,87038
S000488,RFMID,NORMAL,1194.png,4,AUTO_CONFIRMED,RAW_594\NORMAL\S000488.png,0f2754ba085cca6ba3c4f9bba602418716036f1a125ac55c5de4fbf5aa898030,1645058,PREPROCESSED_594\NORMAL\S000488.png,0669d6b5a15482e6f608e4faa99f8c04bf28d81288427e553974df154d7d1491,389670,ROI_594\NORMAL\S000488.png,c5afa417ebeaf4e4066ecbcb9af61e7623edeed2b5996e2ae19ebcabcd9cad4b,87071
S000489,RFMID,NORMAL,1209.png,5,MANUALLY_VERIFIED,RAW_594\NORMAL\S000489.png,ee470fcf6023c44ccad7a424deaa49d07bd9b2616b0ef0314dd28895d2c81306,1698642,PREPROCESSED_594\NORMAL\S000489.png,4a7f046b006bf4afe25c7930d42e6b7e59a8addf0181229cb7405b74498ee80d,386605,ROI_594\NORMAL\S000489.png,70d78eb2f8943cb8efd79d2015787fbd882961fb80a332597aa1fc6598f2000c,88108
S000490,RFMID,NORMAL,1225.png,2,AUTO_CONFIRMED,RAW_594\NORMAL\S000490.png,e69659ba2bd899e854fe4dff7e13c7addb10f438de0d6ad41ba27159f97894ca,1739230,PREPROCESSED_594\NORMAL\S000490.png,d3045aeb0ae6582ca1610a909e0f1eea957299290bf761f2af8df5dea10dd10d,405574,ROI_594\NORMAL\S000490.png,62e68b34f2260fc0905cd68b9c58660ae833d639079144833d30f7878e53f60a,92661
S000491,RFMID,NORMAL,1231.png,1,AUTO_CONFIRMED,RAW_594\NORMAL\S000491.png,08f5778820c7a0478a61121bd4a371ff0f02bfb7b53f6e8a10993b938f1d4ab4,1670708,PREPROCESSED_594\NORMAL\S000491.png,06ea93fe56e9fa0175ea0fb62d0349012fa77c6a8eeb2753f456a35a5bdde8d5,374020,ROI_594\NORMAL\S000491.png,f5b142394611f63186dd33b50caed25de51715d86ed233f62fde3710d5af8cb4,85555
S000492,RFMID,NORMAL,1244.png,4,AUTO_CONFIRMED,RAW_594\NORMAL\S000492.png,b548c595266a6896cdb6345ca8d303b66687ae38be04e11b1e977328bf10c001,1690288,PREPROCESSED_594\NORMAL\S000492.png,a68b992875e2856ba88fdaadf9780879a220379c12e0146c59430eb422c2d14a,391270,ROI_594\NORMAL\S000492.png,b9c02173af6947bd555fab7b8dd499cd00657030001f319aacd8537b61d7f2c9,88285
S000493,RFMID,NORMAL,1245.png,1,MANUALLY_VERIFIED,RAW_594\NORMAL\S000493.png,6f049d0d598eb95a02426b6d602c65745a226888341aa13e59f4c779b37ff691,1673873,PREPROCESSED_594\NORMAL\S000493.png,19fbb6bb3b1b3d3c825f80b78ce31d8ededd7c2d8883744434f88e4593def291,385322,ROI_594\NORMAL\S000493.png,83df40bf3453aea6555c113527a618a842db62062c5a8f108ee12ce81df41617,86433
S000494,RFMID,NORMAL,1284.png,2,AUTO_CONFIRMED,RAW_594\NORMAL\S000494.png,6cce7f1e9f57eb2d145705db8bc6380437255a14784203498378b88cea32ec01,1669196,PREPROCESSED_594\NORMAL\S000494.png,44d0442330130aa521d57498294a17ef83353082f5e00d3eb68fc50d7ff603e4,371213,ROI_594\NORMAL\S000494.png,2ef43b338889a90c296b101d07b5167102052ff23b04be3c85cbdef7ebdfa503,81001
S000495,RFMID,NORMAL,1303.png,5,AUTO_CONFIRMED,RAW_594\NORMAL\S000495.png,613f77e2e10cb21599adac2c0021327ce00eadce98a84fb1d73fd2cce73e1831,1691059,PREPROCESSED_594\NORMAL\S000495.png,2d50e5ee4abd5a741b4bfe07bd4bb6fb6532e1731c942f89b9d0fb1ef0212538,399661,ROI_594\NORMAL\S000495.png,45b3bdfdc1ccd2feb4aafbcb1ac08c1e84025b98373613a1d40c4382b17918dc,88823
S000496,RFMID,NORMAL,1314.png,5,AUTO_CONFIRMED,RAW_594\NORMAL\S000496.png,2b7ce61c8c15921da4c0134b97bec61dd63eefb42b44a33f4552ced21c37b0ba,1714730,PREPROCESSED_594\NORMAL\S000496.png,7c36aaf937a88966818b5dd544029a3a5cb104526c8c55a1128f61080eb83045,400098,ROI_594\NORMAL\S000496.png,759b9effbe4c25cb8ce8ddab299c2f9f3a036dbcd6f99a7fad1f1a36c8deab6d,88360
S000497,RFMID,NORMAL,1382.png,3,AUTO_CONFIRMED,RAW_594\NORMAL\S000497.png,855524273c26d828ae50acdbb9f3037f749b14e130e64631d1735654724969d0,1752149,PREPROCESSED_594\NORMAL\S000497.png,08266a24a8d8f44eb20bba630f7d7a7508d2fbbaa14884725c489977b7c1b53d,409879,ROI_594\NORMAL\S000497.png,83e4294bee3c3bb54339a81d733930c5b0e1afb2153b2cdfae490b12caae8753,89699
S000498,RFMID,NORMAL,1404.png,2,AUTO_CONFIRMED,RAW_594\NORMAL\S000498.png,80356e8442296a8e6a01adcbd26cae14cfa89b5aab58a876deeca9518747c0ee,1769470,PREPROCESSED_594\NORMAL\S000498.png,457329c844be20dd441ffaa81a16ac5cbb46f3c08ed280a0316f9e5e61e176f8,402504,ROI_594\NORMAL\S000498.png,41a98bb3f251cb5cdb43bd5df91d49e9f8a66b94bf0e6e9db55d14263ad9e6a4,89479
S000499,RFMID,NORMAL,206.png,3,AUTO_CONFIRMED,RAW_594\NORMAL\S000499.png,0c5e0273bac8bb1e07bbf48aff9616f9ba328fbc88c3fe60651ae7132536f949,1709766,PREPROCESSED_594\NORMAL\S000499.png,cfad3567663c76d9630e6602e53c2befbe858144031a3165957f0a03eb9379e8,410459,ROI_594\NORMAL\S000499.png,76f5cdfb7c587d5ae91535ff858ba3b06423e24d2b3f6b220e7046f6a259f7c0,93555
S000500,RFMID,NORMAL,230.png,3,AUTO_CONFIRMED,RAW_594\NORMAL\S000500.png,c0d628c82c2b9cceb7e0771eb00a5c84235ab7bf2c96191252a21b5249abc243,1801674,PREPROCESSED_594\NORMAL\S000500.png,cec3ca8ba1b80d02d5594934d3f3f3522ace8b729ba3aceefea7d8518957e06a,401770,ROI_594\NORMAL\S000500.png,34ff04e95596c75a3ce2d01228b4ba8e7515cf7d59961c2b845c06bd9d03f770,88661
S000501,RFMID,NORMAL,257.png,4,AUTO_CONFIRMED,RAW_594\NORMAL\S000501.png,c23ac6c99625d07bb19d6953de6d81b6e31f19e16411acd1eb4b805a36e8651a,1708466,PREPROCESSED_594\NORMAL\S000501.png,7f05b1a4a3c4f30e3e80e68a3bfc6146f1c97d4a8b89eb0f7d886d2dc2bf3739,397842,ROI_594\NORMAL\S000501.png,5c2a464755f60b30ff3cce9c44a6afaf9c9261f9b76c1e82840d02d80d020a2e,90524
S000502,RFMID,NORMAL,258.png,2,AUTO_CONFIRMED,RAW_594\NORMAL\S000502.png,82c7a548dbef222ab44fd8ada5d3bc977c8fdf0776aa4d241102661464bb5e57,1851475,PREPROCESSED_594\NORMAL\S000502.png,dc7074ab788b5f71c066dbde81e896bc6a9e2fe7e52a1e421ba1b8227251aa34,414368,ROI_594\NORMAL\S000502.png,5e4741697d9323e3d0bfab116ccf4b052e7bcf5c2f4eb3daab599584c5ed4122,92663
S000503,RFMID,NORMAL,266.png,5,AUTO_CONFIRMED,RAW_594\NORMAL\S000503.png,e0cf4e22e998d6b549c7d6117894944fd21e0911dcbf20543faca07623085eea,1646942,PREPROCESSED_594\NORMAL\S000503.png,f1f75afec5c0231ecb38b54638c8cb6d01f4581c7eef6307e3b1d34d30aec3f4,380103,ROI_594\NORMAL\S000503.png,4860580dfcef006d7067918278b9bb8974bdaf2336901557b3755875603c89dc,85017
S000504,RFMID,NORMAL,270.png,1,AUTO_CONFIRMED,RAW_594\NORMAL\S000504.png,36fa7820e3693b148ad5b9ab313509f7c0c27bafd49abc8e8b4e10d132ad11d1,1779338,PREPROCESSED_594\NORMAL\S000504.png,f1db89a49707b726c02cfd8e30526d5d5cb94eba20a08d044e21ae4050fe6d5e,401995,ROI_594\NORMAL\S000504.png,932e8d614fb41aa6ad3b4757dc6a4f42278844f0d9bf78613282f3e3277c7f7c,91743
S000505,RFMID,NORMAL,320.png,3,AUTO_CONFIRMED,RAW_594\NORMAL\S000505.png,43a4b9f43670fa4fc8ada921f5608cb47b045435fa9530fd19a3a106a24d8c4f,1694536,PREPROCESSED_594\NORMAL\S000505.png,a9076022fe69e40412746cd7f2415cfca06742b2531efe7775d48231f5ec9e9a,393470,ROI_594\NORMAL\S000505.png,170a8e79d4dd93e2b7b855f3cf86578eb4d91cd91dbc6ef9dd3156129e14d0e0,87683
S000506,RFMID,NORMAL,339.png,1,AUTO_CONFIRMED,RAW_594\NORMAL\S000506.png,346400e02eed845cd78aecaf4391e558be82b444b75f25aeacd1b5fa4bf8bb55,1900306,PREPROCESSED_594\NORMAL\S000506.png,909125a4b1dd52f09320c0ab33e88c76eea0bce00f240f3ecc8ae41271610cc3,418485,ROI_594\NORMAL\S000506.png,ac97b15788eccdcb9f66bc714ce38be6da2091fb423b001cee939114485d1a49,96261
S000507,RFMID,NORMAL,375.png,1,AUTO_CONFIRMED,RAW_594\NORMAL\S000507.png,38864dab2698fcabeb8aeb68ee622f361a6498e8c9a1bc5d019f364f0f9a1c50,1828120,PREPROCESSED_594\NORMAL\S000507.png,2104bb8cde8fbdd372fcb1557ea1844784041f0f9c5bca9bb1e7a031f9d26b2f,399795,ROI_594\NORMAL\S000507.png,6a0cbff03b8cc5ca0cb94004dfc323ec1223c6e4a87f4e62836823183a794af8,90944
S000508,RFMID,NORMAL,406.png,2,AUTO_CONFIRMED,RAW_594\NORMAL\S000508.png,502ddd23acf25584307985c30d1a7d4918c9720ab233a1815f1e4657abb00a14,1829834,PREPROCESSED_594\NORMAL\S000508.png,e826311178fc1e9957db6eb105752fc0431653838ad8b23fdc2b8e0e87f784dc,428643,ROI_594\NORMAL\S000508.png,fd7cb39cd3b300b0841972d62f863f845203bfeae7823b78371022e73b94fd39,100659
S000509,RFMID,NORMAL,414.png,2,AUTO_CONFIRMED,RAW_594\NORMAL\S000509.png,86e75a539328effaf0d70ad3442e34961d0e7a3cff734949cbb4692d647408e5,1720514,PREPROCESSED_594\NORMAL\S000509.png,d093c2e4d182fc9327bd52e8ae17c97bfe693e9ca527a1836ebb15a4efdb0e5d,382360,ROI_594\NORMAL\S000509.png,a19da168063e368a610dc77ca3ebd69eef069d4aa700f146da49d53aa9910a2a,87251
S000510,RFMID,NORMAL,435.png,2,AUTO_CONFIRMED,RAW_594\NORMAL\S000510.png,278428a03436325b5a8e8dc96045978845052f7b62bf298653f50a0677147791,1880802,PREPROCESSED_594\NORMAL\S000510.png,67f264915635c4bc46d8a10dc8af9a9b15b00d20f74114f2fb1ff7f58110b40f,433882,ROI_594\NORMAL\S000510.png,f2bef7fec92c8fd63b44bbc9e5b7374e978c4afa43f358b87107e45f322ede54,100776
S000511,RFMID,NORMAL,443.png,4,AUTO_CONFIRMED,RAW_594\NORMAL\S000511.png,f24ac8621e5a698cea9fec8481132afbba854a49a666dbcef0ea9f41932fb5fa,1754219,PREPROCESSED_594\NORMAL\S000511.png,7f405cc8bfd3cb143e8a3a56b295bc482b81562d974021e989da5b11cd135021,412905,ROI_594\NORMAL\S000511.png,a4675f1be2e729d6231909012fc4c076beb9758b6a428f6faa159c128d978bf3,94717
S000512,RFMID,NORMAL,458.png,3,AUTO_CONFIRMED,RAW_594\NORMAL\S000512.png,051731f4c98a892882c4511bd7cc7c98f3c906f58e673ed33a09beb4ceb6d320,1711002,PREPROCESSED_594\NORMAL\S000512.png,e49a00f63d31ac307d5e26111ce4a3ebe70ef9699bc83f6e79e3fa6e5a97afb9,398452,ROI_594\NORMAL\S000512.png,c26a0a6335ef5608723d3da2bea9439f74af63e10e2a6023787bf62d2e8cb277,87654
S000513,RFMID,NORMAL,462.png,5,AUTO_CONFIRMED,RAW_594\NORMAL\S000513.png,000b03eea78086cc6618131ba51558614b6b6c48e25825ae9015a29c19dab432,1828478,PREPROCESSED_594\NORMAL\S000513.png,a2bc255c28631913ad19554c5626774562aa3314bee05d3106395cbb7779318c,428277,ROI_594\NORMAL\S000513.png,81a05eb4b17de03409e506cc409083138668387c9b59644a35d5900b776fc2fe,99954
S000514,RFMID,NORMAL,466.png,3,AUTO_CONFIRMED,RAW_594\NORMAL\S000514.png,7cba25039b140160025a5d783f03c910772575104acd95cde5a8addb2ede21fb,1785272,PREPROCESSED_594\NORMAL\S000514.png,90c7df930d7004036ce9a830064e766a696036c12dd402f3f8a508017e4619f3,414483,ROI_594\NORMAL\S000514.png,769cdbd24e8ac7521ec109848941c9eccd2901b05d625a8eeca06994b85ca4f8,93246
S000515,RFMID,NORMAL,470.png,1,AUTO_CONFIRMED,RAW_594\NORMAL\S000515.png,0be7672d52d3e8aae895c0dcf843ad3a8808e41f164fa9857c4b32d281c6bcce,1800638,PREPROCESSED_594\NORMAL\S000515.png,d171fba64543a4efad01ac0d7ea37b73bf2957994d4afcda205a9682571356d4,419316,ROI_594\NORMAL\S000515.png,807cb2d7ebcc4581a4bda259b963d6f2d2bf6e149b45a7d4bd7907a4519c2412,98288
S000516,RFMID,NORMAL,482.png,2,AUTO_CONFIRMED,RAW_594\NORMAL\S000516.png,529bf0a8608c29c1e146048e8166c9b19ec23dd57c6dd773fac4dab9f985d7bd,1829726,PREPROCESSED_594\NORMAL\S000516.png,9f51cce100f8cfabd9b9655da59ba59b4311296c7041afdaf7cb7347d52c5e49,424165,ROI_594\NORMAL\S000516.png,4e5309dde6347c44b361e1d7efc9ed0b140a56502d0a769938fd25b474c9a1a3,98930
S000517,RFMID,NORMAL,489.png,2,AUTO_CONFIRMED,RAW_594\NORMAL\S000517.png,8e6f9b275006cd5ab7e2a164b4fb8447f8448d6b7584c9883e683bc63e221b4d,1791784,PREPROCESSED_594\NORMAL\S000517.png,c910316e434c891fc8cf6b8c9d99cf51933972bf7961bb3be031fb60ec8bfcc0,413455,ROI_594\NORMAL\S000517.png,a8bc7533b2455fe375c29bc081528286ad375c5a12a49dd3a23d2f57cd532ea1,96320
S000518,RFMID,NORMAL,529.png,2,AUTO_CONFIRMED,RAW_594\NORMAL\S000518.png,af75454ca773d900839168f3df092e12f0dad2f4046a6476f2ee960284880921,1725008,PREPROCESSED_594\NORMAL\S000518.png,25c1de6729c5c54d139fc5c058798153a526570b0857d388c9d4fe2d4a0a8f91,378433,ROI_594\NORMAL\S000518.png,d8c1cff1725912f800034a8e29079fd012a251faff815c16cd1283f03b03da50,85136
S000519,RFMID,NORMAL,530.png,5,AUTO_CONFIRMED,RAW_594\NORMAL\S000519.png,c56a187e43e33e39fdbddbe3360441ef672e90eaa084ac774fdea40f29a094a5,1734909,PREPROCESSED_594\NORMAL\S000519.png,5b77cd1f64d772ecb7fdb83b3603f979998d3e4a471a82a9784a3d08f95e8d95,400687,ROI_594\NORMAL\S000519.png,ae047aa7f01f97da1c135bfaf664711e9183eceec26d59396a341f9ad50bac96,91151
S000520,RFMID,NORMAL,579.png,4,AUTO_CONFIRMED,RAW_594\NORMAL\S000520.png,0e271c0f490c7af7606973d2e9f5f4c84f771fbeb1ff4309ef68ab847357e239,1590458,PREPROCESSED_594\NORMAL\S000520.png,bebe99bb76e2e69d7337960060012d91482f0e87a8855630587185064d3cf42f,383820,ROI_594\NORMAL\S000520.png,797cf88225ef5d0281091975d2cb6fe2cd0c68becd58aee07f8688eed47882c2,85291
S000521,RFMID,NORMAL,582.png,3,AUTO_CONFIRMED,RAW_594\NORMAL\S000521.png,dbc3b48ab7d3d47ccbfc01341f49e325064468cb9f7f9159e7b840d0a612ccc3,1753429,PREPROCESSED_594\NORMAL\S000521.png,b17cd5061d862afd7596d24d039c162a71e1b29a161196e1c91076c54df6e0f4,378993,ROI_594\NORMAL\S000521.png,b20ac18b9c20f681ce4fe965ab52e6ce4b95b0c0c2b0ac3d23617fc02107b7c2,84012
S000522,RFMID,NORMAL,594.png,1,AUTO_CONFIRMED,RAW_594\NORMAL\S000522.png,e91e402958105ec1bf4446cbe04f2188348ef26c8d75d660ce5259993da70f1d,1589285,PREPROCESSED_594\NORMAL\S000522.png,7b2a43ff77737ea91bd44583cb2317f11cbf60fcea8cece36d9c378ff0381a52,381428,ROI_594\NORMAL\S000522.png,37ce883bbd1203faaf34a894ef4a71089b0aecedf31df1166d5d8fcd29531fe1,84578
S000523,RFMID,NORMAL,641.png,2,AUTO_CONFIRMED,RAW_594\NORMAL\S000523.png,8f023ba193ca02abf1b898dbdfa8df0c931a094a465036d0275156da4fae4f23,1627735,PREPROCESSED_594\NORMAL\S000523.png,bc7361ba3d8805658c01632d197fc553aaea47b8d345bedffd5a8d57bef1ea3a,387335,ROI_594\NORMAL\S000523.png,9465f4e78437d9402879e1aafa27091df898557b2098e4908594f1a6765d9f46,85015
S000524,RFMID,NORMAL,642.png,3,AUTO_CONFIRMED,RAW_594\NORMAL\S000524.png,5679d435f41f5a797479e55d161b935aaf8d93efa1e88e46fbcbf15ccb78631a,1832067,PREPROCESSED_594\NORMAL\S000524.png,b6f92e75cf0156450f475f32a0dd513e637b8b78bcdb205b7286c3436cdb55c2,411347,ROI_594\NORMAL\S000524.png,39d5aa2dd74585a80343f84dd487873c70f3c72acf0c0d371e6f477e091bfd41,91891
S000525,RFMID,NORMAL,649.png,5,AUTO_CONFIRMED,RAW_594\NORMAL\S000525.png,33fe310631c5f6989d25feb93bd542571465205331ca2a37c770a8882df41498,1676713,PREPROCESSED_594\NORMAL\S000525.png,64bf9feae66dc576d15eb5576bf67df90316739874c6c22d1cdff5f414d87b38,395913,ROI_594\NORMAL\S000525.png,ebe866f505d8100796133514457ea53ad5484949f63964ae4dc2ed1ae33a2534,89546
S000526,RFMID,NORMAL,651.png,5,AUTO_CONFIRMED,RAW_594\NORMAL\S000526.png,6989a28ef90484f21aa22f116c1ff3e89001ccd93a4b4ff24aab74c971eadadc,1755042,PREPROCESSED_594\NORMAL\S000526.png,dec18f8b45dad16715a12d48047ec53d830c4a7b585b5d161287a3ba389d6284,391240,ROI_594\NORMAL\S000526.png,53cc6154b4c79199a9ed1decb47ce47751fe98c7d4a19a608c16cfa3c659bec4,89503
S000527,RFMID,NORMAL,666.png,1,AUTO_CONFIRMED,RAW_594\NORMAL\S000527.png,4f6255d787780b6ffa7e5827e77abb133e06d253278b1481fa4d7ea86823c111,1814617,PREPROCESSED_594\NORMAL\S000527.png,9cd073c22dc5d5ad3844a4d057fcb2253d1c1303be56c973e49eb56475857bbf,403530,ROI_594\NORMAL\S000527.png,18122b057bda8ab01aff4e847e7051f2d5efd28c51cbd69766cd506998222b16,90802
S000528,RFMID,NORMAL,684.png,4,AUTO_CONFIRMED,RAW_594\NORMAL\S000528.png,1449ef27585ed925131acd5bfad2b619dbf160ff6ef5474cf00524f6f0b34909,1816813,PREPROCESSED_594\NORMAL\S000528.png,8569eca1fd7d50927bf8569a4728e8d3c01a532187463b7e99376a788ce5483a,414553,ROI_594\NORMAL\S000528.png,e7ec797fdaec3fcbf31fed1b1c6f6bc970c86088f8b1f96164000c1a5cd1438c,92286
S000529,RFMID,NORMAL,690.png,1,AUTO_CONFIRMED,RAW_594\NORMAL\S000529.png,b66267fb50fb4e2e74247c2b84acb07d72e9af311d185b87125901384a84b51f,1631071,PREPROCESSED_594\NORMAL\S000529.png,87493250d9ce998525ed00892c5dad9fd1ae8d2705a4d7ec4d0368cfdc25f517,380130,ROI_594\NORMAL\S000529.png,376f5ed992fc81ca5b48871db3a24a426cccac2e31b182a67731348f70089c9d,83299
S000530,RFMID,NORMAL,692.png,3,AUTO_CONFIRMED,RAW_594\NORMAL\S000530.png,905d7516467c59e18dbb497beecf690ad3d455ad84e67b48849eef97418b269a,1707110,PREPROCESSED_594\NORMAL\S000530.png,d69c1c95233b86dc78c20ecc478896a92b1d9e250dcb2e6508269cab2217b93b,385492,ROI_594\NORMAL\S000530.png,1ae80de2d3aacf7700b61423d1f75f7149e2e4afbd13f0165d541f8b6f0446d7,86260
S000531,RFMID,NORMAL,701.png,4,AUTO_CONFIRMED,RAW_594\NORMAL\S000531.png,53bd1c15f1755e06fa0dab4480d2cc0836683852a9a3d606ac7f3338db6d309b,1763338,PREPROCESSED_594\NORMAL\S000531.png,82df8c311514561b9f9970cd57e241022c6da3ffd4876fcd305c9a7610c3d8ad,398617,ROI_594\NORMAL\S000531.png,0994279e8f0a9f2c2f1af34cb652704f7ea1d03ed7f5ebeabc2477fa3ea2f4b7,89279
S000532,RFMID,NORMAL,889.png,4,AUTO_CONFIRMED,RAW_594\NORMAL\S000532.png,8874cd04f950beb539385221364512bc31a07edcb673fd832fbc7d0865323a76,1572242,PREPROCESSED_594\NORMAL\S000532.png,42270955645460d04440266134549bab65af0fbde7aa3ec0300fd64cf0866bb0,355035,ROI_594\NORMAL\S000532.png,6cbc1a757e7ed8deb777c34811041847ff82beebfa77af67c86bea07151ed13f,78824
S000533,RFMID,NORMAL,910.png,4,AUTO_CONFIRMED,RAW_594\NORMAL\S000533.png,5f18f65b5250474cdbb391dbfb9e6bbd502eaaaa9d21854959861fa1d4d774a5,1770951,PREPROCESSED_594\NORMAL\S000533.png,775e5ae8d0524dff0e4ba3e432bd87bd051b4a6544f86eb1d3a23ad19f34353c,402707,ROI_594\NORMAL\S000533.png,990fd71ab4a3d298ca88ad02e5995fe8572b1573ae22409309574d49d45d4c0b,91368
S000534,RFMID,NORMAL,956.png,3,MANUALLY_VERIFIED,RAW_594\NORMAL\S000534.png,8ebaab08227aaf76e0fdf240e7f8e77414f8d6fe9640e33df07a41936eed1a39,1646727,PREPROCESSED_594\NORMAL\S000534.png,96188eddc3074afd93bd55a66e5abcf6fbc0afdf693f339fa41a80157bab5179,395616,ROI_594\NORMAL\S000534.png,1b3f05ed9d403e9667d0f298992be4833e50b35d5a58c22737d59370b60dd587,89524
S000535,RFMID,NORMAL,997.png,4,AUTO_CONFIRMED,RAW_594\NORMAL\S000535.png,a508071a52a591bc8c9777a6443a094bfd384099aaaaad70f643da7fb37b06f3,1677487,PREPROCESSED_594\NORMAL\S000535.png,c2ae58d4a635f1ffbb17a69522f93b74f0c9c1d061244369a2113a0a2570d015,377197,ROI_594\NORMAL\S000535.png,57d47a32fbbc4566030116e190a513a5450bf986e05340c793d4b080a764062a,82899
S000536,RFMID,AMD_DRY,250.png,5,CONFIRMED,RAW_594\AMD_DRY\S000536.png,9e6aafcfd74b9861bddc70ec5dbb2dba4fa6a4728315ac0c53b4c1a8e34ffee1,1730467,PREPROCESSED_594\AMD_DRY\S000536.png,7e36fb3659b404381695698fc6018c6c91e79022c2b7fe1a435cf71945a85209,390825,ROI_594\AMD_DRY\S000536.png,934a469ef0d198e85bafb324de98d04bf2d2d573481c3bc6d85d57409623372a,96408
S000537,RFMID,AMD_DRY,251.png,2,CONFIRMED,RAW_594\AMD_DRY\S000537.png,253534910e431717ec3a673dac61769b708a24e5678c3310b541ac7db78271fd,1859639,PREPROCESSED_594\AMD_DRY\S000537.png,9767e7a3e31ac7e6cf24074b935fcbdc806fb670bdb44eb023ef4c06b8bc9fbb,431546,ROI_594\AMD_DRY\S000537.png,6e801d6831d5e0f23956ea411079d97eaf6be4b331b4d92dcd90ae8c047fca27,101884
S000538,RFMID,AMD_DRY,253.png,5,CONFIRMED,RAW_594\AMD_DRY\S000538.png,af7e5aca144caf9d4d9b22c644d78d0d40297381f1d9e811d1d605aa35ddea0f,1854697,PREPROCESSED_594\AMD_DRY\S000538.png,027a456dc782867a7765a8019a4392141365510fa137ccfb3f73ffdac68d6242,398923,ROI_594\AMD_DRY\S000538.png,d8305d1042cfe0ac71258b904c9c71ab193badeb39d4b4db93692a385842475d,88697
S000539,RFMID,AMD_DRY,257.png,4,CONFIRMED,RAW_594\AMD_DRY\S000539.png,cff7bd95a02833413e26179f4e0d233769fae1abea3b32f6cca87e53fbfc5d79,1882919,PREPROCESSED_594\AMD_DRY\S000539.png,5ff66d574b83134a55f6aa5e7fbf5f595d9d823df6f04da93c079a198de360fe,407108,ROI_594\AMD_DRY\S000539.png,dd2eef27d8a59999b5f5f26a58b4ae05c2edd2c98c155441c9365898bd4e4aef,93096
S000540,RFMID,AMD_DRY,284.png,3,CONFIRMED,RAW_594\AMD_DRY\S000540.png,957aa1890954164a280ce00d8cebce3f84eb9af97897dfe2be9a4cf16dcdc13d,1732654,PREPROCESSED_594\AMD_DRY\S000540.png,264f1a99c681e38d7191289abaf8241ac3b8819c06625f6d6ce6eec6e8cf229e,414450,ROI_594\AMD_DRY\S000540.png,5eb2aa4eaa37593f1f6eabe12b60996bdff75836a53473fab51076f31c68e9b5,101068
S000541,RFMID,AMD_DRY,307.png,3,CONFIRMED,RAW_594\AMD_DRY\S000541.png,d5641b77d17b7cae7028d29b588dc109af41920cad2082850c8580979509db1e,1850312,PREPROCESSED_594\AMD_DRY\S000541.png,9d23220a6fa86635012a41fe8768f53bc4f490cb45730fdcbe9c1900b375119f,416255,ROI_594\AMD_DRY\S000541.png,596a9d2a854a32ea7ad06e3f5c401b04e66773c7885b6a4300edea3d709e9a54,96920
S000542,RFMID,AMD_DRY,310.png,1,CONFIRMED,RAW_594\AMD_DRY\S000542.png,2d48744e03552ed9fee351dedec43b123f1a15a2d6e24576a17304744ddaab3d,1793713,PREPROCESSED_594\AMD_DRY\S000542.png,e36fbe1e21503c95aa289e088e6abdb11b5b4d386ae48f5736af057b58b6b8b0,365868,ROI_594\AMD_DRY\S000542.png,e286840d97badb68c829a21f17fbd2fab67a78e25dbe295fe967eb4eb4849880,82864
S000543,RFMID,AMD_DRY,315.png,4,CONFIRMED,RAW_594\AMD_DRY\S000543.png,1a9c73f11bfa6d4dcbe8c80fdb57f45b44a162c5c1934dce5bb51363bb82b9c0,1725586,PREPROCESSED_594\AMD_DRY\S000543.png,b606c507ed5032a9917653581140cf9557901a020b048e102e24696a44bcb227,403394,ROI_594\AMD_DRY\S000543.png,9a685b6d61a746f17bd409937b12973ea8090ea4ada8853ba0a0f9db5a9995b2,94574
S000544,RFMID,AMD_WET,248.png,3,CONFIRMED,RAW_594\AMD_WET\S000544.png,cf476b7145858b9febdaf4b8a06685fd10acbfb4c8e0002b5ccd5d3bdaba318f,1627894,PREPROCESSED_594\AMD_WET\S000544.png,76f1f85f462f51bdb540be88416c39a90dca9df9ca11377935dc3d40e856f7f7,366790,ROI_594\AMD_WET\S000544.png,696663f51517acf902f5ae560a4645463cec5b26c8e8834b9f5d337b827cec32,84699
S000545,RFMID,AMD_WET,249.png,1,CONFIRMED,RAW_594\AMD_WET\S000545.png,f5f03f104740549924944b4aeb7c8451bc5553f31d070cef0786ea093f3c8162,1725801,PREPROCESSED_594\AMD_WET\S000545.png,8af90b2f8c980bc1d4b6243c9bc9188fe68a15fd691eaedd0afcb78bc933fdc2,401222,ROI_594\AMD_WET\S000545.png,e2f6d9249a8dde9ca6ed1ab88b2e279280ab0c8b2e5355c74f2a0adff24170ec,89132
S000546,RFMID,AMD_WET,252.png,3,CONFIRMED,RAW_594\AMD_WET\S000546.png,0495fc9d951a6fcea291fb9b8d2f27635b73842dec01ab99bd83b2853e77bcc0,1939142,PREPROCESSED_594\AMD_WET\S000546.png,551b35d74fbe84a4ed629cbf80b90d7b2f138e0b2343273957a6a7604ea7b0f4,422673,ROI_594\AMD_WET\S000546.png,0fb9d350eef95213ab854d06630e0da79f30441da510d6c851817bc39233253b,95312
S000547,RFMID,AMD_WET,255.png,5,CONFIRMED,RAW_594\AMD_WET\S000547.png,1098b34ff62ea75167a4879cb5e278b9238d57b0274462376331442b6b0e3164,1761433,PREPROCESSED_594\AMD_WET\S000547.png,e3a169bee4f57a49a80c9b3317ee6422857449087dbb16d8223688142464e2d4,373726,ROI_594\AMD_WET\S000547.png,27529237d51d73e8d5ee925f473c41642f70b75f5e0066c46563707cbed27148,85817
S000548,RFMID,AMD_WET,256.png,4,CONFIRMED,RAW_594\AMD_WET\S000548.png,22ca27106c04de0619d4e8767c7382882751643273d070ca6a324276e954231a,1588761,PREPROCESSED_594\AMD_WET\S000548.png,500ce3f318935cacd94833031d32f7dfca24f9d5a54aee5ee226f70f4205e541,359861,ROI_594\AMD_WET\S000548.png,73c31c44bcc2cecf1b55ecb437756a13a1124ae2f70ef4d88524f1736192309e,83755
S000549,RFMID,AMD_WET,258.png,3,CONFIRMED,RAW_594\AMD_WET\S000549.png,cac47072de6078ee3f51bf4c59249d4883b20943692d2da9d98af23063054d49,1700725,PREPROCESSED_594\AMD_WET\S000549.png,aa75c274d05c5dafc9e1a3b88e594331b31b891bb243a7ea4fd62f7d74f96d0d,380268,ROI_594\AMD_WET\S000549.png,a1c9e3b9f2956b5702bb8ee645c8dd6870f9f32008a316affee04a3d1c3efccb,88980
S000550,RFMID,AMD_WET,259.png,4,CONFIRMED,RAW_594\AMD_WET\S000550.png,42285af0165f51f37b8748c7e3a9eb4fe063993995719a4b7174d45f4b63fdae,1762811,PREPROCESSED_594\AMD_WET\S000550.png,d30cdcdb95faec8fee012423d4b394612a0c43e55b4904423d29dff4b0f1554c,399548,ROI_594\AMD_WET\S000550.png,b0eb6d7ed35de2ad806020b5986fcc285746afcb72ae4b4912373911d027afc2,92672
S000551,RFMID,AMD_WET,260.png,4,CONFIRMED,RAW_594\AMD_WET\S000551.png,f5c08fc3ef7dcfad7a501e0af738b60d8095efc05703411585ccde5ccdd8dda8,1691155,PREPROCESSED_594\AMD_WET\S000551.png,4037e843c818794eff141284d67c0689b3dd09bd5df7ec3fbf97386f08174cbb,378288,ROI_594\AMD_WET\S000551.png,d64696268739ace10a88f6cb5f51511a47281f6861e2ef4ca8ffec9784b65d99,87241
S000552,RFMID,AMD_WET,261.png,1,CONFIRMED,RAW_594\AMD_WET\S000552.png,b5e570e6d658180e096cedaaadb59abd971fc6fffc9655e9a26c1495fe834feb,1776001,PREPROCESSED_594\AMD_WET\S000552.png,1056b2bb5af3d688db3148c655c6f541b01bcb82082a7e8f582f8091aa1aeadf,381445,ROI_594\AMD_WET\S000552.png,70f70c857fb8cf83d8ebe1ef5e540d336b33113e372ce2369782e748c1550556,84928
S000553,RFMID,AMD_WET,263.png,1,CONFIRMED,RAW_594\AMD_WET\S000553.png,3ce7b35a7846759608568b6d7acbac0b75a61fec2266659417e619dd2b3ffa31,1835779,PREPROCESSED_594\AMD_WET\S000553.png,1f66c231b1c753d79e20ad5667083f0a784070f41df149614e76b523cb2489b1,378449,ROI_594\AMD_WET\S000553.png,31b146b33f58c7463cc039da84045952a2843cd08ec6ec31d401f92fa937cbc3,86185
S000554,RFMID,AMD_WET,264.png,5,CONFIRMED,RAW_594\AMD_WET\S000554.png,67e815a82dd792258c2319d87f2649db41abcc7d26e1c71df9f5273cbf80ce39,1872498,PREPROCESSED_594\AMD_WET\S000554.png,6380c1adf2dae44f0f51f573ff05bf921d3773f68916dda5d81a6f097a95087b,404941,ROI_594\AMD_WET\S000554.png,f54b295fc95d376d01cd84fac7185ef4b8fa7970f33649f96132ba21286af2ed,93045
S000555,RFMID,AMD_WET,265.png,2,CONFIRMED,RAW_594\AMD_WET\S000555.png,b9f1a75cee70bb0a75ccd4abcd47ac0486440570eb07fc59469084624687fb77,1756044,PREPROCESSED_594\AMD_WET\S000555.png,f3dde83b9fac47a3a3dc4e35a1e447a5fb9960245348ebbbd3ed74861404fdce,420061,ROI_594\AMD_WET\S000555.png,2a93b44586344dbb52ff2ca14f695a2eab48a662df458248f332fe69722a23a5,93992
S000556,RFMID,AMD_WET,266.png,5,CONFIRMED,RAW_594\AMD_WET\S000556.png,188e39c8e31858e39f18c58d0c851ed68f34751e94bd6868146edade8a3ae526,6774707,PREPROCESSED_594\AMD_WET\S000556.png,4767e18626fda5ab1bac68003b35f71f2737185b6a9dfe9ebcdcea08b4792d7e,426137,ROI_594\AMD_WET\S000556.png,67b5a1ed4c4c34bca7e17aceca00da01abead5a5aa2a6429d8ad0b9cd3b53f34,84779
S000557,RFMID,AMD_WET,267.png,2,CONFIRMED,RAW_594\AMD_WET\S000557.png,f3b126fef5c2dcc6f357f1611a6b4ad3b5be0e5b7d5cd85bd2eaaa06cbadc868,1780601,PREPROCESSED_594\AMD_WET\S000557.png,de5315a88c12ea94b4c9463b66f49006768f09a7e49b3833b87eb4bb29a95798,394552,ROI_594\AMD_WET\S000557.png,ae1b10f5e15951c6cf98e782cfe7fc8f0ac823f1e4f1e84db7d49cd6d138ceba,90893
S000558,RFMID,AMD_WET,268.png,4,CONFIRMED,RAW_594\AMD_WET\S000558.png,e5e7c9ebf76c35a582e184b1cd0b7275454e141b1472405c459555bb2ec9a826,7131238,PREPROCESSED_594\AMD_WET\S000558.png,09d177ed181e4cf06abeabc37b7bc2834bff99ad5a16225141349631708f9814,444568,ROI_594\AMD_WET\S000558.png,64ce333dc4bdcdddf4d1bfaa4a7ccbe186170e9f962ab1b65e385df7ccb89158,88103
S000559,RFMID,AMD_WET,269.png,2,CONFIRMED,RAW_594\AMD_WET\S000559.png,2917c8203e14068ced33f70d410431ed4384dc5fbf94b3bc4a4481a0378b6f5b,6829966,PREPROCESSED_594\AMD_WET\S000559.png,a2aa4b0d26d7f4e4b1126ba42e7370aafd6bc19e4a4456120c8ccd034184a090,405283,ROI_594\AMD_WET\S000559.png,ceabc3ec7772c529915fa86baa2e5225bdf02d1bfae1523af8ade93793650bd8,83429
S000560,RFMID,AMD_WET,270.png,3,CONFIRMED,RAW_594\AMD_WET\S000560.png,a57da6f25cc007f7bf130f68a183043ed672a64a0f0aa1a2cf55ded482cb6d71,6680624,PREPROCESSED_594\AMD_WET\S000560.png,131058798bbc356d6c98480607cb301072a22b49c44196e7afd211505e37af5f,460862,ROI_594\AMD_WET\S000560.png,a57a4f40096b0e1dde403497b80d2a90caf54f51a90cd72cae5506a09392c4c5,99370
S000561,RFMID,AMD_WET,271.png,3,CONFIRMED,RAW_594\AMD_WET\S000561.png,94f623e1687962e49f528124705af3e5692738cb25f2426ca37dbcd7c107c00e,7297599,PREPROCESSED_594\AMD_WET\S000561.png,358994f81255f5d69a2a00d789d579ae7777fba1d93265a28f59e22afcbb433c,449784,ROI_594\AMD_WET\S000561.png,f9396a09a65a8e3a82968561da5095eb913dc90edca1134546f19d133ba133ce,88707
S000562,RFMID,AMD_WET,272.png,3,CONFIRMED,RAW_594\AMD_WET\S000562.png,6c4728655e3ebfe57e38e946e3b8064646bb6eef4b02cdb255bce26e3512898a,1908139,PREPROCESSED_594\AMD_WET\S000562.png,73896b3a0a8fe78321e884c73dd145cc391c5c8e67a95a74cb238c3960635011,410865,ROI_594\AMD_WET\S000562.png,63cb46da06b8ea21f475814b17dd6a0e2c7db2a44c092c223d557bf3da607d8e,98005
S000563,RFMID,AMD_WET,273.png,3,CONFIRMED,RAW_594\AMD_WET\S000563.png,8c13925e3536fea4a6e3a2106672b978abf93f253b92badac8ebd37f6aff0dc9,6784901,PREPROCESSED_594\AMD_WET\S000563.png,2c000d464ebdcde85aebeb89413bd928d5cb8f8a76abd10b15e212a7ce3e35b0,430865,ROI_594\AMD_WET\S000563.png,23e43cd609458bbb5d6f7629eb8c731ba5b67d6f4967c75f63ae0a06c8c68fba,86712
S000564,RFMID,AMD_WET,274.png,3,CONFIRMED,RAW_594\AMD_WET\S000564.png,6204cc88ffb3d139ac0acb629bfda03e6ef7fe3fc6f97e790b34fcd5fd8d0d28,6489108,PREPROCESSED_594\AMD_WET\S000564.png,80ac611efc9a8e2ff2ce5659d8e9c3fe09966e00e9d4cee85ac019f48320ff44,438354,ROI_594\AMD_WET\S000564.png,656474aed5373ddc95973eda36d1d72e2c607430bd2cd7acb84682db16c1e1ce,90498
S000565,RFMID,AMD_WET,275.png,1,CONFIRMED,RAW_594\AMD_WET\S000565.png,85b388681961093e54c9a4c885872e0322b1ba46de14f7f2667a527a20faba0e,6628626,PREPROCESSED_594\AMD_WET\S000565.png,ffef9d673b2964c7856d99bbd221677a83f32c86b08f1615dc0f16e5fd820015,427021,ROI_594\AMD_WET\S000565.png,dcdcbe0b0fcf97c11f4c82c24ada32c343813d7daf192f89b15817d08758f6d8,86651
S000566,RFMID,AMD_WET,276.png,4,CONFIRMED,RAW_594\AMD_WET\S000566.png,5a8316c1558cdb7bd5a4e14d4aea58754a2bde4986a9085813362cdf8a6e8397,7057013,PREPROCESSED_594\AMD_WET\S000566.png,525a0cf2afd58b2080ec9286ba67812850710e64fd68bbd2d524963827ba0a4a,452127,ROI_594\AMD_WET\S000566.png,a758e76b3ea448484de4c9b7013bdfd69a41686d8cf87826a277a86c6e9c8095,93738
S000567,RFMID,AMD_WET,277.png,5,CONFIRMED,RAW_594\AMD_WET\S000567.png,c68548fbaeb179090cae8d20aaba1801434db4e6f83a75281f167f5c21058b61,7227439,PREPROCESSED_594\AMD_WET\S000567.png,74b910132314f58b2dd7fbd4b36999e3f53a168b196a35bf7d1bddc318eaac2c,457828,ROI_594\AMD_WET\S000567.png,68de9558ecfdbddeb0b425e3179fe4b443ef46130edc4f4f6887ca1f91b0f8cd,95366
S000568,RFMID,AMD_WET,278.png,2,CONFIRMED,RAW_594\AMD_WET\S000568.png,ca5b6ced22ac2d063111a5e958deb156571d373c40759ce26750c391c2a6cc13,1776985,PREPROCESSED_594\AMD_WET\S000568.png,39d95f27982ed687b76ea524fa4abe7ceebf1bc054040c2a0e26ee177394cc45,384087,ROI_594\AMD_WET\S000568.png,11bf74960b6866f958cfd45ebc9b3af70d5b124cb6e933bcc5f616fe31efdf91,89070
S000569,RFMID,AMD_WET,279.png,3,CONFIRMED,RAW_594\AMD_WET\S000569.png,28742014777f5f68556995fb09b6692449c349bc68a7db60b1ceda5131138021,7291843,PREPROCESSED_594\AMD_WET\S000569.png,cc5272d8f179a8059069aa1259cd4fce0ff24327e4cc474c7f7a986802a25f87,453437,ROI_594\AMD_WET\S000569.png,51d10b22d4a11d9a230834f079a6ed6671651da8b0f59c988de388093c92fa04,95304
S000570,RFMID,AMD_WET,280.png,5,CONFIRMED,RAW_594\AMD_WET\S000570.png,b0e77186e67661c0f04454840aee8aef9b71639445118a8173d1c602e627661a,1831864,PREPROCESSED_594\AMD_WET\S000570.png,d21b4207370ff30ea0545d11451e54e0fa14430404d23121e8b5ddf2768da9de,401427,ROI_594\AMD_WET\S000570.png,3718dbb4e0a9dd530f11bdfa1d87d52616f235e79d6e2cb329ce92578af61fd8,88065
S000571,RFMID,AMD_WET,281.png,2,CONFIRMED,RAW_594\AMD_WET\S000571.png,318b11cbbc408a2e207e45c656f9bb091a8d3aa88d7ce365881ae3873f8dc6a2,1710229,PREPROCESSED_594\AMD_WET\S000571.png,9a90819a2e2f20d79bae0ff63ad633d93f35cf707ac0e3de7a48d2228b029665,397330,ROI_594\AMD_WET\S000571.png,ae62a5182c7d6ab13dec847aae845d5ef3bb590aa0e4fd7673c500019c282a77,91033
S000572,RFMID,AMD_WET,283.png,2,CONFIRMED,RAW_594\AMD_WET\S000572.png,b4ac8f1b9ae2929652d3ed903b5f6d2c17be47936160bfe3c73e5dd6e8a3e99e,1748771,PREPROCESSED_594\AMD_WET\S000572.png,af33a3d71d2f8ac3e9703be002167d1799e2cdeaa76afb8acf418da0c55adc7c,384958,ROI_594\AMD_WET\S000572.png,8ba91753cd4d8cc90ab00b49e15c3ed4e0860d3bd3ca5ab82dfd17d74d63b2f3,88627
S000573,RFMID,AMD_WET,287.png,2,CONFIRMED,RAW_594\AMD_WET\S000573.png,ade56268807bcb3a97f911d64d1b28fcb3faafe341a0032fc07f6bdf7e318bdb,1835285,PREPROCESSED_594\AMD_WET\S000573.png,27c7cf18ae10cce1edd9398e792401f9adb4fcc7fe390858ea52d22d7884efe7,378378,ROI_594\AMD_WET\S000573.png,da85dc709cf660052a13401ad0517e92a3a8a81cc1d2d1dcb61a04bafcff5c79,89381
S000574,RFMID,AMD_WET,288.png,5,CONFIRMED,RAW_594\AMD_WET\S000574.png,493faf6ba8d197c469e4377e69c805a75ee526eb996b6a9e46768201befb9d36,1822474,PREPROCESSED_594\AMD_WET\S000574.png,de8ca38fb866c01006ab5cb5a0807a96534684cc11015a45da05557379f3fca6,420455,ROI_594\AMD_WET\S000574.png,fdc4001786d748819ac1baf3035a59ca1868ece56361a7ce58ba922a97105ac3,97478
S000575,RFMID,AMD_WET,289.png,4,CONFIRMED,RAW_594\AMD_WET\S000575.png,d3926744d278150aa2567ce766f8d38837c1f0ec5400e4636f9a9b019d7c48ca,1853086,PREPROCESSED_594\AMD_WET\S000575.png,77e4ecb814cc6b2042202700b346553b3708cb3fc428a10cfbfbef2f98d77fb9,411089,ROI_594\AMD_WET\S000575.png,efee09fdec542049d314ce5c7e5114e6d8c547a39d3bac52281d5b7aa057334e,97342
S000576,RFMID,AMD_WET,290.png,1,CONFIRMED,RAW_594\AMD_WET\S000576.png,1c02502752bc0786f7deaa886ae52a982d560371c5836bf5fb158057b084cd5b,1672971,PREPROCESSED_594\AMD_WET\S000576.png,5fce2b57df1761006d5ffd0229c6718847e4396baeb7be46ed9c5ff9aafdc8fd,373054,ROI_594\AMD_WET\S000576.png,45215c362900af7eaa8ff631d520813d4b61d354dfbd64b325c699395044a1af,85533
S000577,RFMID,AMD_WET,292.png,5,CONFIRMED,RAW_594\AMD_WET\S000577.png,a747ba89609789d61b2efb8e35fae848a39b102a67ae6e7ffa3cc3624aff57dd,1541957,PREPROCESSED_594\AMD_WET\S000577.png,5edf2bd0c7e5b26d52d06740b5377c63ef908ca15f7fe88575855b47a6ad1960,362630,ROI_594\AMD_WET\S000577.png,1587fedf05addee41870ac04ccd714edae784385992419f53b648e97e39a92ca,82136
S000578,RFMID,AMD_WET,293.png,1,CONFIRMED,RAW_594\AMD_WET\S000578.png,9121ef80c2ad8fe2684ac92972d55f0916ac35fd003e207d2049a49afd7c1319,1558328,PREPROCESSED_594\AMD_WET\S000578.png,d047643a8e023328616a524f861fc0b9d12172afada9cd1914fd85e81f2126b0,369011,ROI_594\AMD_WET\S000578.png,45d1e41fbbb70ce5347ea379115a4c98a7b7e903074be7c36939031ccfe2e9e4,87210
S000579,RFMID,AMD_WET,294.png,4,CONFIRMED,RAW_594\AMD_WET\S000579.png,0a3907e90b1ccd0bcbdbd9f3edc1dcafda23021b164937d8eb9eb63b430a664a,1773506,PREPROCESSED_594\AMD_WET\S000579.png,627450aa0c004a84bebd26df71928531b1cf160311efbf8c6c211580f9c8230f,396186,ROI_594\AMD_WET\S000579.png,23806e7c3f8149dd64c9009de29fc99cf247c22a5d7c250be282df828e59f63c,89565
S000580,RFMID,AMD_WET,295.png,1,CONFIRMED,RAW_594\AMD_WET\S000580.png,33812fdcc535bbc1f646559c1a8df8f75cb8ae5b900deff205a3db3234ef3d02,7004573,PREPROCESSED_594\AMD_WET\S000580.png,1444c5501dfa4ad96a1446256d225a415701ec0b371a6fc95e04c803d56b1687,438229,ROI_594\AMD_WET\S000580.png,cf536bce3822709b386e1c05cc4086e8d0cc36ec6722c1fc9537652c422ef371,90002
S000581,RFMID,AMD_WET,296.png,5,CONFIRMED,RAW_594\AMD_WET\S000581.png,59636ed6edef5703f5b7968afbf1c6b3a01be3aff39cca0158a5a0a0e8ff0470,1764407,PREPROCESSED_594\AMD_WET\S000581.png,d8630ef307743d2f4019891a055e429f74ed461149bed36ecda254f4fd2098cc,416751,ROI_594\AMD_WET\S000581.png,27caae250d98680a469da5c085c9c009bcc63bf0a14717de5ae384f08a008bca,99064
S000582,RFMID,AMD_WET,297.png,4,CONFIRMED,RAW_594\AMD_WET\S000582.png,bb1a1a24705df171449558d29bb15079c567f5ea8a15c6a5dd8b014cd95374f6,6254159,PREPROCESSED_594\AMD_WET\S000582.png,4fd101f772e075f75070026475e20eb4b6a2b49e36849922a9467089d3b03022,413612,ROI_594\AMD_WET\S000582.png,b79973787dbb209e8abba933d6e411ed884a3956b1d29b9267440100130c4c67,83191
S000583,RFMID,AMD_WET,298.png,1,CONFIRMED,RAW_594\AMD_WET\S000583.png,42dc9d952445f71111a270fe98703ceb869867d5dda392acf97546f83514ce57,1715226,PREPROCESSED_594\AMD_WET\S000583.png,c7418ff465a003fe754391c69bc4e48dff0c156a2c40ecb2cc1fca0052251510,380494,ROI_594\AMD_WET\S000583.png,de05aed264e66f77a61b8798716e9f5951e110ab3e5812c7bff60f799e7c0fc5,90523
S000584,RFMID,AMD_WET,299.png,1,CONFIRMED,RAW_594\AMD_WET\S000584.png,abdb008e56a58294b28aac6578baf8f2a69101b5dd00943b6b64408e9fc3a818,6731189,PREPROCESSED_594\AMD_WET\S000584.png,563b08674923331b65dd31212253713184a3416875d1b788953c57e500257bb6,451634,ROI_594\AMD_WET\S000584.png,7ea20ce3ee8bf4fdc72c3e8744043ae32589c1ce8052e8d600c2ded36389f519,92425
S000585,RFMID,AMD_WET,300.png,5,CONFIRMED,RAW_594\AMD_WET\S000585.png,83005e26df886de9d6f559b229c2c5201d81e22acb6ea6ea5359597f42eac9f6,1708800,PREPROCESSED_594\AMD_WET\S000585.png,49679c70c9ab9494f6a5687c31f449fb36f15875d5f64b33d7073beae5de43b3,396890,ROI_594\AMD_WET\S000585.png,c451d88abc896f3eb5bdbc103e6a981c1c3cb15565a11d7fe65818166f1eb730,90457
S000586,RFMID,AMD_WET,304.png,2,CONFIRMED,RAW_594\AMD_WET\S000586.png,d32d53e76e26dfcb7f855ad1fd42660a860edd3aca213c83fa7a6b7ef0a4f303,1724493,PREPROCESSED_594\AMD_WET\S000586.png,3f2496769e906bf9149d4c7635fc215a81404bab2eba6a31c9eec220736362d4,380484,ROI_594\AMD_WET\S000586.png,dd93f0afe6678dce3c59c2cea153238e69433c93a4d8465609f5e0e6a30355ee,85083
S000587,RFMID,AMD_WET,305.png,2,CONFIRMED,RAW_594\AMD_WET\S000587.png,05697d8f588f8b40c411326229d0df6e9cb5c65fe010bdd983dd0ba84f52f84b,1793260,PREPROCESSED_594\AMD_WET\S000587.png,02bc0acfbab8fa1c0338a5e8396f1969c24d6ebfe1595e65ed4c52ddfc5a1634,416886,ROI_594\AMD_WET\S000587.png,4f60ce0653a72a567ea6d48879ca17e690887d1a92b77c1670376d7034bdbdf5,97578
S000588,RFMID,AMD_WET,306.png,5,CONFIRMED,RAW_594\AMD_WET\S000588.png,6dc4abb19fd991e8773f42ac9064bc023c3bfec0ff455acf11eb418c0ff58484,1598919,PREPROCESSED_594\AMD_WET\S000588.png,c26b820bf9089ee44b3d64a1552d0d980b08c1a990170d1ed301c89f0a552d5f,378754,ROI_594\AMD_WET\S000588.png,e87a1d92d190d6cae7d4ab097979db7219cd05404e50e201c9d593a3a1056e1e,85838
S000589,RFMID,AMD_WET,308.png,1,CONFIRMED,RAW_594\AMD_WET\S000589.png,cdb46451627fce08542c85cd15978a4ea71ec8cc13bff9ae2c3d5566593dcb90,1848599,PREPROCESSED_594\AMD_WET\S000589.png,4eb2763cf17b1380001e3ccff9e0466deab0c50bbb65da1d1e0d306ea04e0d31,392707,ROI_594\AMD_WET\S000589.png,d817981eccc96aa85b238c09a4a4e37c44da14bbff3c02ffa766b752b989b5a2,88531
S000590,RFMID,AMD_WET,309.png,4,CONFIRMED,RAW_594\AMD_WET\S000590.png,5a250515b52c55a31db0b824e8abeae8fc0a6f0d9b16f391eee6844655a14d1e,1669344,PREPROCESSED_594\AMD_WET\S000590.png,efa913928f10f6cfe87d622bbfe7fe609fd985061c4d52db7e57a2529d978f8b,385009,ROI_594\AMD_WET\S000590.png,8145bc0ebe1bef77cedd905c34c4ef81e8d226b182a349bdc7f380ffa169ce8c,86965
S000591,RFMID,AMD_WET,313.png,1,CONFIRMED,RAW_594\AMD_WET\S000591.png,1763db6ca64ab7e4abd89d35ca9ddb4116b3c3246e9299b0009dba3b414edb08,1722760,PREPROCESSED_594\AMD_WET\S000591.png,25f173e2804ba97e1e4c441e4bec942a50c1151d5acd59810e4a0f5ab5f66215,395443,ROI_594\AMD_WET\S000591.png,8392b502a5b2eb58cef349dd49aa8f03b391acb054dad38eaee0213c97d86eb5,90270
S000592,RFMID,AMD_WET,314.png,4,CONFIRMED,RAW_594\AMD_WET\S000592.png,0f660b2d38725706f8d3842d82036f29b1b5e36b86928d670ff11d311b13ceb0,1731847,PREPROCESSED_594\AMD_WET\S000592.png,21daad95a57f88653f6282c10076e5a2d819050d9aeb1dbc65f695d41780d1c4,382012,ROI_594\AMD_WET\S000592.png,c057de11bd578bd3616e72213346fe2a37eb1b9fd02824ff7f0a0b69dd0d4d7f,84957
S000593,RFMID,AMD_WET,316.png,3,CONFIRMED,RAW_594\AMD_WET\S000593.png,fc5f994220fadcb0dce52b4ad6563d6a83db10c93d41872a134f2cdc3ce193ab,1709173,PREPROCESSED_594\AMD_WET\S000593.png,8fd726fede4e2491126b012c857009cc0dc39c4b72cd897caf7be1392fe53e38,379893,ROI_594\AMD_WET\S000593.png,2f55705abc773816ce52f64fbfee9f9b6966ea0137b46f33ef16b8eccdb394ee,88443
S000594,RFMID,AMD_WET,322.png,2,CONFIRMED,RAW_594\AMD_WET\S000594.png,c833aa8c5608d9e7a3ef3d67f60b8cb4600f2bf9c9e01de31ca95559f1ea1ef5,1831631,PREPROCESSED_594\AMD_WET\S000594.png,e2f771db6446d09aab9c22d2e9f68ea5d41be3359cde52919ffd60b4def6a00d,379759,ROI_594\AMD_WET\S000594.png,2e241b52f07e613b95c8f077709d3226c9885dd4ccaef9c0cb0395ada21f8558,85913
S000595,RFMID,AMD_WET,323.png,2,CONFIRMED,RAW_594\AMD_WET\S000595.png,97087289ac9e32f2fd129c7463284ddcf06804e7ae1889a870e1c77b3870411d,1790159,PREPROCESSED_594\AMD_WET\S000595.png,8e96e103c45631699b1c4f505eded0ae99ecaf8e7a12069f7088246ab03477ac,384884,ROI_594\AMD_WET\S000595.png,f9303b5bfb0506e2e26734ebb6039f982d1322c3246c84785488a2185349b25f,90557
S000596,RFMID,AMD_WET,324.png,3,CONFIRMED,RAW_594\AMD_WET\S000596.png,f3faf090a06ffaddf0343416f92c6a78534d6aa988a6c60302fc5482ffcb2506,1685950,PREPROCESSED_594\AMD_WET\S000596.png,33a1df00130dda24914269fd9f13dbeacf27a2d927f3b5cd1b88a6e5d85fbd00,395881,ROI_594\AMD_WET\S000596.png,51e610d42370cb65489457542c6f718f458d623cfcd965da981b469a3e4ab9b7,91534
S000597,RFMID,AMD_WET,327.png,4,CONFIRMED,RAW_594\AMD_WET\S000597.png,2e19c93fa09e441859459edff83cc6bebbadf1623fa2b795718a0c4046e61334,1733287,PREPROCESSED_594\AMD_WET\S000597.png,f1b5b18faaf2d085cf173bf42c7e0f80399e7df4bb1357c12e8777a1b7fd8ce2,390155,ROI_594\AMD_WET\S000597.png,4a0274ba38392db18898183e138def2906ee31740ec4f2f84e66114fe5e50b7d,88718
